   ---   401   cards of disk file read into card cache cells  1   onward.
 <===> Done with  "/"-card sorting by data class.    Remember that the source file appears different from interpreted input data.
Alternative Transients Program (ATP),  Intel Visual Fortran.    All rights reserved by Can/Am user group of Portland, Oregon, USA.
 Date (dd-mth-yy) and time of day (hh.mm.ss) = 03-Sep-26  17.54.27    Name of disk plot file is  case.pl4
Consult the 860-page ATP Rule Book of the Can/Am EMTP User Group in Portland,  Oregon, USA.  Source code date is 19 June 2017.
Total size of LABCOM tables = 80605677 INTEGER words.  31 VARDIM  List Sizes follow:  100K  120K  500K  20K  2000K  5K  200K
 2000K  10K  16K  3K  12K 1000K  2K 2000K  3200  360  1016 2000K 2000K  12K 1000K 2000K  36  240K 2000K  100K 2000K84700K  39  100K
--------------------------------------------------+--------------------------------------------------------------------------------
Descriptive interpretation of input data cards.   |  Input data card images are shown below, all 80 columns, character by character
                                                  0         1         2         3         4         5         6         7         8
                                                  012345678901234567890123456789012345678901234567890123456789012345678901234567890
--------------------------------------------------+--------------------------------------------------------------------------------
Comment card.   Card index = 1.                   |C data:case.atp
Marker card preceding new EMTP data case.         |BEGIN NEW DATA CASE
Comment card.   Card index = 3.                   |C ------------------------------------------------------------------------------
Comment card.   Card index = 4.                   |C Generated by ATPDraw September, 3, 2026
Comment card.   Card index = 5.                   |C from project /tmp/tmpdbfw_ydn/case.xml
Comment card.   Card index = 6.                   |C ATPDraw developed by H. K. Høidalen at NTNU - NORWAY 1999-2022
Comment card.   Card index = 7.                   |C ------------------------------------------------------------------------------
Use  SPY  DEPOSIT  on following variable.         |$DEPOSIT, SIGMAX=3.0
Comment card.   Card index = 9.                   |C $DUMMY, XYZ000
Comment card.   Card index = 10.                  |C  dT  >< Tmax >< Xopt >< Copt ><Epsiln>
Misc. data.     1.000E-05   3.000E-01   6.000E+01 |   1.E-5      .3     60.     60.  1.E-16
Misc. data.    500    1  1  1  1  0  0  1 50  0   |     500       1       1       1       1       0       0       1      50
Statistics data.      1    0    0    0    1    0  |       1       0       0       0       1      -1                               0
Comment card.   Card index = 14.                  |C        1         2         3         4         5         6         7         8
Comment card.   Card index = 15.                  |C 345678901234567890123456789012345678901234567890123456789012345678901234567890
Comment card.   Card index = 16.                  |C < n1 >< n2 ><ref1><ref2>< R  >< L  >< C  >
Comment card.   Card index = 17.                  |C < n1 >< n2 ><ref1><ref2>< R  >< A  >< B  ><Leng><><>0
Comment card.   Card index = 18.                  |C bar from: 390 - bar to: 391 - fictional: 1505 1505 - SGOTA3-MG000
Sat. Xformer.    2.456E-02  2.878E+01  0.000E+00  |  TRANSFORMER             .0245628.784X0001A                                   0
    Breakpoint.      2.45605E-02    2.87840E+01   |     0.024560452        28.78395
    Breakpoint.      9.03510E-01    1.08293E+03   |     0.903510298      1082.93048
    Breakpoint.      1.66111E+00    1.13708E+03   |      1.66111143        1137.077
    Breakpoint.      3.75350E+00    1.19122E+03   |      3.75349629      1191.22352
    Breakpoint.      7.42970E+00    1.23454E+03   |      7.42970164      1234.54074
    Breakpoint.      1.75927E+01    1.28869E+03   |      17.5926808      1288.68727
    Breakpoint.      2.79951E+01    1.30601E+03   |      27.9951131      1306.01415
    Breakpoint.      8.30078E+02    1.55942E+03   |       830.07831      1559.41988
Special termination-of-points card.               |            9999
  Winding 1.   1.7190E+00  1.8237E-01  2.8868E+02 | 1390A                     1.719 68.75288.68
  Winding 2.   1.8700E-01 -1.9892E-02  1.9919E+02 | 2391A                      .187-7.499199.19
  Winding 3.   3.2000E-02  1.1247E-03  1.3800E+01 | 3395A  395B                .032  .424  13.8
Transformer copy using reference name  "X0001A"   |  TRANSFORMER X0001A                  X0001B                                   0
  Winding 1.   (No values read, since copy)       | 1390B
  Winding 2.   (No values read, since copy)       | 2391B
  Winding 3.   (No values read, since copy)       | 3395B  395C
Transformer copy using reference name  "X0001A"   |  TRANSFORMER X0001A                  X0001C                                   0
  Winding 1.   (No values read, since copy)       | 1390C
  Winding 2.   (No values read, since copy)       | 2391C
  Winding 3.   (No values read, since copy)       | 3395C  395A
Series R-L-C.   1.000E+06  0.000E+00  0.000E+00   |  395A                      1.E6                                               0
Series R-L-C.   1.000E+06  0.000E+00  0.000E+00   |  395B                      1.E6                                               0
Series R-L-C.   1.000E+06  0.000E+00  0.000E+00   |  395C                      1.E6                                               0
Comment card.   Card index = 43.                  |C bar from: 390 - bar to: 391 - fictional: 393 393 - SGOTA4-MG000
Sat. Xformer.    2.456E-02  2.878E+01  0.000E+00  |  TRANSFORMER             .0245628.784X0002A                                   0
    Breakpoint.      2.45605E-02    2.87840E+01   |     0.024560452        28.78395
    Breakpoint.      9.03510E-01    1.08293E+03   |     0.903510298      1082.93048
    Breakpoint.      1.66111E+00    1.13708E+03   |      1.66111143        1137.077
    Breakpoint.      3.75350E+00    1.19122E+03   |      3.75349629      1191.22352
    Breakpoint.      7.42970E+00    1.23454E+03   |      7.42970164      1234.54074
    Breakpoint.      1.75927E+01    1.28869E+03   |      17.5926808      1288.68727
    Breakpoint.      2.79951E+01    1.30601E+03   |      27.9951131      1306.01415
    Breakpoint.      8.30078E+02    1.55942E+03   |       830.07831      1559.41988
Special termination-of-points card.               |            9999
  Winding 1.   1.5120E+00  1.6048E-01  2.8868E+02 | 1390A                     1.512  60.5288.68
  Winding 2.   5.4000E-02 -5.6818E-03  1.9919E+02 | 2391A                      .054-2.142199.19
  Winding 3.   3.2000E-02  1.1194E-03  1.3800E+01 | 3397A  397B                .032  .422  13.8
Transformer copy using reference name  "X0002A"   |  TRANSFORMER X0002A                  X0002B                                   0
  Winding 1.   (No values read, since copy)       | 1390B
  Winding 2.   (No values read, since copy)       | 2391B
  Winding 3.   (No values read, since copy)       | 3397B  397C
Transformer copy using reference name  "X0002A"   |  TRANSFORMER X0002A                  X0002C                                   0
  Winding 1.   (No values read, since copy)       | 1390C
  Winding 2.   (No values read, since copy)       | 2391C
  Winding 3.   (No values read, since copy)       | 3397C  397A
Series R-L-C.   1.000E+06  0.000E+00  0.000E+00   |  397A                      1.E6                                               0
Series R-L-C.   1.000E+06  0.000E+00  0.000E+00   |  397B                      1.E6                                               0
Series R-L-C.   1.000E+06  0.000E+00  0.000E+00   |  397C                      1.E6                                               0
Comment card.   Card index = 68.                  |C bar from: 391 - bar to: 9098 - fictional: 42076 42076 - SGOTA6-MG000
Sat. Xformer.    6.149E-02  9.864E+00  0.000E+00  |  TRANSFORMER             .061499.8638X0003A                                   0
    Breakpoint.      6.14884E-02    9.86378E+00   |     0.061488436        9.863778
    Breakpoint.      9.82097E-01    7.47225E+02   |     0.982097019      747.225029
    Breakpoint.      1.80559E+00    7.84586E+02   |      1.80559379      784.586281
    Breakpoint.      4.07997E+00    8.21948E+02   |      4.07997288      821.947532
    Breakpoint.      8.07593E+00    8.51837E+02   |      8.07593211      851.836533
    Breakpoint.      1.91229E+01    8.89198E+02   |      19.1228804      889.197785
    Breakpoint.      3.04301E+01    9.01153E+02   |      30.4301093      901.153385
    Breakpoint.      9.02278E+02    1.07600E+03   |      902.277966      1076.00404
Special termination-of-points card.               |            9999
  Winding 1.   7.4000E-01  7.8564E-02  1.9919E+02 | 1391A                       .7429.618199.19
  Winding 2.   9.0000E-03 -9.0453E-04  7.9674E+01 | 29098A                     .009 -.34179.674
  Winding 3.   5.4000E-02  1.8966E-03  1.3800E+01 | 342077A42077B              .054  .715  13.8
Transformer copy using reference name  "X0003A"   |  TRANSFORMER X0003A                  X0003B                                   0
  Winding 1.   (No values read, since copy)       | 1391B
  Winding 2.   (No values read, since copy)       | 29098B
  Winding 3.   (No values read, since copy)       | 342077B42077C
Transformer copy using reference name  "X0003A"   |  TRANSFORMER X0003A                  X0003C                                   0
  Winding 1.   (No values read, since copy)       | 1391C
  Winding 2.   (No values read, since copy)       | 29098C
  Winding 3.   (No values read, since copy)       | 342077C42077A
Series R-L-C.   1.000E+06  0.000E+00  0.000E+00   |  42077A                    1.E6                                               0
Series R-L-C.   1.000E+06  0.000E+00  0.000E+00   |  42077B                    1.E6                                               0
Series R-L-C.   1.000E+06  0.000E+00  0.000E+00   |  42077C                    1.E6                                               0
Comment card.   Card index = 93.                  |C 42077 - SGOTA6-MG013
Comment card.   Card index = 94.                  |C bar from: 9098 - bar to: 9049 - circuit: 7 SGO-DF-MG138 SGOTA2-MG138 300.0
Sat. Xformer.    1.538E-01  8.392E+01  0.000E+00  |  TRANSFORMER             .1538183.924X0004A                                   0
    Breakpoint.      1.53808E-01    8.39241E+01   |      0.15380798       83.924129
    Breakpoint.      2.45543E+00    2.98868E+02   |      2.45542745      298.867504
    Breakpoint.      4.51432E+00    3.13811E+02   |      4.51432442      313.810879
    Breakpoint.      1.02007E+01    3.28754E+02   |      10.2007004      328.754254
    Breakpoint.      2.01914E+01    3.40709E+02   |      20.1913508      340.708954
    Breakpoint.      4.78108E+01    3.55652E+02   |      47.8108014       355.65233
    Breakpoint.      7.60810E+01    3.60434E+02   |      76.0810026       360.43421
    Breakpoint.      2.25586E+03    4.30369E+02   |      2255.86479      430.369205
Special termination-of-points card.               |            9999
  Winding 1.   3.6000E-02  3.8038E-03  7.9674E+01 | 19049A                     .036 1.43479.674
  Winding 2.   3.6000E-02  3.8038E-03  7.9674E+01 | 29098A                     .036 1.43479.674
Transformer copy using reference name  "X0004A"   |  TRANSFORMER X0004A                  X0004B                                   0
  Winding 1.   (No values read, since copy)       | 19049B
  Winding 2.   (No values read, since copy)       | 29098B
Transformer copy using reference name  "X0004A"   |  TRANSFORMER X0004A                  X0004C                                   0
  Winding 1.   (No values read, since copy)       | 19049C
  Winding 2.   (No values read, since copy)       | 29098C
Series R-L-C.   1.000E+06  0.000E+00  0.000E+00   |  9098A                     1.E6                                               0
Series R-L-C.   1.000E+06  0.000E+00  0.000E+00   |  9098B                     1.E6                                               0
Series R-L-C.   1.000E+06  0.000E+00  0.000E+00   |  9098C                     1.E6                                               0
1st of coupled R-L.   1.13780E+01  1.41787E-01    |51X0005AX0008A            11.378     53.4525
2nd coil. 1.373E+00 5.617E-02 0.000E+00 0.000E+00 |52X0005BX0008B            1.3727     21.1765
Zca, Zcc= 3.335E+00 2.854E-02 4.708E+00 8.471E-02 |53X0005CX0008C
1st of coupled R-L.   3.90950E+02  1.44245E+00    |51X0007AX0006A            390.95 543.7895175
2nd coil. 8.644E+00 2.480E-01 0.000E+00 0.000E+00 |52X0007BX0006B            8.6441  93.4941375
Zca, Zcc= 1.274E+02 3.981E-01 1.361E+02 6.461E-01 |53X0007CX0006C
Comment card.   Card index = 122.                 |C < n1 >< n2 ><ref1><ref2>< R  >< L  >< C  >
Comment card.   Card index = 123.                 |C < n1 >< n2 ><ref1><ref2>< R  >< A  >< B  ><Leng><><>0
Comment card.   Card index = 124.                 |C < n1 >< n2 ><ref1><ref2>< R  >< L  >< C  >
Comment card.   Card index = 125.                 |C < n1 >< n2 ><ref1><ref2>< R  >< A  >< B  ><Leng><><>0
1st of coupled R-L.   3.69000E+07  8.17724E+04    |51391A  E001A             3.69E7   30827475.
2nd coil. 2.160E+04 1.538E+02 0.000E+00 0.000E+00 |52391B  E001B             21598.   57981.719
Zca, Zcc= 1.229E+07 2.721E+04 1.231E+07 2.736E+04 |53391C  E001C
Sat. Xformer.    0.000E+00  0.000E+00  1.000E+06  |  TRANSFORMER                         ST001A  1.E6                             0
Special termination-of-points card.               |            9999
  Winding 1.   1.0000E-04  2.6526E-07  1.9919E+02 | 1E001A                    .0001 .0001199.19
  Winding 2.   1.0000E-04  2.6526E-07  7.9674E+01 | 29049A                    .0001 .000179.674
Transformer copy using reference name  "ST001A"   |  TRANSFORMER ST001A                  ST001B                                   0
  Winding 1.   (No values read, since copy)       | 1E001B
  Winding 2.   (No values read, since copy)       | 29049B
Transformer copy using reference name  "ST001A"   |  TRANSFORMER ST001A                  ST001C                                   0
  Winding 1.   (No values read, since copy)       | 1E001C
  Winding 2.   (No values read, since copy)       | 29049C
1st of coupled R-L.   1.58000E+05  4.43667E+02    |51390A  E002A             1.58E5    167258.5
2nd coil. 1.673E+02 3.619E+00 0.000E+00 0.000E+00 |52390B  E002B             167.31    1364.325
Zca, Zcc= 5.261E+04 1.467E+02 5.278E+04 1.503E+02 |53390C  E002C
Sat. Xformer.    0.000E+00  0.000E+00  1.000E+06  |  TRANSFORMER                         ST002A  1.E6                             0
Special termination-of-points card.               |            9999
  Winding 1.   1.0000E-04  2.6526E-07  2.8868E+02 | 1E002A                    .0001 .0001288.68
  Winding 2.   1.0000E-04  2.6526E-07  1.9919E+02 | 2391A                     .0001 .0001199.19
Transformer copy using reference name  "ST002A"   |  TRANSFORMER ST002A                  ST002B                                   0
  Winding 1.   (No values read, since copy)       | 1E002B
  Winding 2.   (No values read, since copy)       | 2391B
Transformer copy using reference name  "ST002A"   |  TRANSFORMER ST002A                  ST002C                                   0
  Winding 1.   (No values read, since copy)       | 1E002C
  Winding 2.   (No values read, since copy)       | 2391C
1st of coupled R-L.   6.29570E+04  3.30096E+02    |51390A  E003A             62957.   124443.25
2nd coil. 1.236E+03 1.123E+01 0.000E+00 0.000E+00 |52390B  E003B             1235.6     4232.25
Zca, Zcc= 2.057E+04 1.063E+02 2.181E+04 1.175E+02 |53390C  E003C
Sat. Xformer.    0.000E+00  0.000E+00  1.000E+06  |  TRANSFORMER                         ST003A  1.E6                             0
Special termination-of-points card.               |            9999
  Winding 1.   1.0000E-04  2.6526E-07  2.8868E+02 | 1E003A                    .0001 .0001288.68
  Winding 2.   1.0000E-04  2.6526E-07  7.9674E+01 | 29049A                    .0001 .000179.674
Transformer copy using reference name  "ST003A"   |  TRANSFORMER ST003A                  ST003B                                   0
  Winding 1.   (No values read, since copy)       | 1E003B
  Winding 2.   (No values read, since copy)       | 29049B
Transformer copy using reference name  "ST003A"   |  TRANSFORMER ST003A                  ST003C                                   0
  Winding 1.   (No values read, since copy)       | 1E003C
  Winding 2.   (No values read, since copy)       | 29049C
Series R-L-C.   1.000E-03  0.000E+00  0.000E+00   |  T_MANCXX0012              .001                                               0
Series R-L-C.   1.000E-03  0.000E+00  0.000E+00   |  XX0013MEASUC              .001                                               4
Series R-L-C.   1.000E-03  0.000E+00  0.000E+00   |  T_MANBXX0014              .001                                               0
Series R-L-C.   1.000E-03  0.000E+00  0.000E+00   |  XX0015MEASUB              .001                                               4
Series R-L-C.   1.000E-03  0.000E+00  0.000E+00   |  T_MANAXX0016              .001                                               0
Series R-L-C.   1.000E-03  0.000E+00  0.000E+00   |  XX0017MEASUA              .001                                               4
Series R-L-C.   1.000E-01  0.000E+00  0.000E+00   |  T_OPOB                      .1                                               1
Series R-L-C.   1.000E-03  0.000E+00  0.000E+00   |  T_MANAPRMANA              .001                                               0
Series R-L-C.   1.000E-03  0.000E+00  0.000E+00   |  T_MANBPRMANB              .001                                               0
Series R-L-C.   1.000E-03  0.000E+00  0.000E+00   |  T_MANCPRMANC              .001                                               0
Series R-L-C.   1.000E-03  0.000E+00  0.000E+00   |  T_OPOAPROPOA              .001                                               0
Series R-L-C.   1.000E-03  0.000E+00  0.000E+00   |  T_OPOBPROPOB              .001                                               0
Series R-L-C.   1.000E-03  0.000E+00  0.000E+00   |  T_OPOCPROPOC              .001                                               0
Comment card.   Card index = 178.                 |C 145 kV, Ur=120, MCOV = 96.kV Classe 3: 8kJ/kVr
Type-92 R(i)   0.0000E+00  0.0000E+00  4.4440E+03 |92      PRMANA                         4444.                                   4
Piecewise-lin.   0.000E+00  1.000E+19  0.000E+00  |                                               -1.
    Breakpoint.      1.00000E-03    1.35764E+05   |                    0.001                  135764.
    Breakpoint.      2.00000E-02    1.76190E+05   |                     0.02                  176190.
    Breakpoint.      2.00000E+00    1.85000E+05   |                       2.                   1.85E5
    Breakpoint.      2.00000E+01    1.95461E+05   |                      20.                  195461.
    Breakpoint.      2.50000E+02    2.16935E+05   |                     250.                  216935.
    Breakpoint.      5.00000E+02    2.26000E+05   |                     500.                   2.26E5
    Breakpoint.      1.00000E+03    2.31000E+05   |                     1.E3                   2.31E5
    Breakpoint.      2.00000E+03    2.43000E+05   |                     2.E3                   2.43E5
Special termination-of-points card.               |            9999
Reference branch.   Copy  (      , PRMANA )       |92      PRMANB      PRMANA             4444.                                   4
Reference branch.   Copy  (      , PRMANA )       |92      PRMANC      PRMANA             4444.                                   4
Comment card.   Card index = 192.                 |C 145 kV, Ur=120, MCOV = 96.kV Classe 3: 8kJ/kVr
Type-92 R(i)   0.0000E+00  0.0000E+00  4.4440E+03 |92      PROPOA                         4444.                                   4
Piecewise-lin.   0.000E+00  1.000E+19  0.000E+00  |                                               -1.
    Breakpoint.      1.00000E-03    1.35764E+05   |                    0.001                  135764.
    Breakpoint.      2.00000E-02    1.76190E+05   |                     0.02                  176190.
    Breakpoint.      2.00000E+00    1.85000E+05   |                       2.                   1.85E5
    Breakpoint.      2.00000E+01    1.95461E+05   |                      20.                  195461.
    Breakpoint.      2.50000E+02    2.16935E+05   |                     250.                  216935.
    Breakpoint.      5.00000E+02    2.26000E+05   |                     500.                   2.26E5
    Breakpoint.      1.00000E+03    2.31000E+05   |                     1.E3                   2.31E5
    Breakpoint.      2.00000E+03    2.43000E+05   |                     2.E3                   2.43E5
Special termination-of-points card.               |            9999
Reference branch.   Copy  (      , PROPOA )       |92      PROPOB      PROPOA             4444.                                   4
Reference branch.   Copy  (      , PROPOA )       |92      PROPOC      PROPOA             4444.                                   4
Comment card.   Card index = 206.                 |C 1/6
Comment card.   Card index = 207.                 |C  <++++++>  Cards punched by support routine on  03-Sep-26  16.18.09  <++++++>
Comment card.   Card index = 208.                 |C    **** UNTRANSPOSED K.C. Lee line calculated at   6.000E+01 HZ. ****
Comment card.   Card index = 209.                 |C LINE CONSTANTS
Comment card.   Card index = 210.                 |C $ERASE
Comment card.   Card index = 211.                 |C BRANCH  IN_001OUT001IN_002OUT002IN_003OUT003
Comment card.   Card index = 212.                 |C METRIC
Comment card.   Card index = 213.                 |C   1   .5   .1899 4           1.828    -3.2   22.04      7.     0.0   0.0
Comment card.   Card index = 214.                 |C   2   .5   .1899 4           1.828     3.2    23.9    8.86     0.0   0.0
Comment card.   Card index = 215.                 |C   3   .5   .1899 4           1.828    -3.2   25.76   10.72     0.0   0.0
Comment card.   Card index = 216.                 |C   0.2742    .667 4            1.24     0.0   29.44    18.6     0.0   0.0
Comment card.   Card index = 217.                 |C BLANK CARD ENDING CONDUCTOR CARDS
Comment card.   Card index = 218.                 |C     1.E3       60.                              13.3                 1
Comment card.   Card index = 219.                 |C    The transformation matrix was calculated at  6.00000000E+01 Hz.
New MOLDAT = 1     (data vintage).                |$VINTAGE, 1
 5.284E-01 8.593E+02 2.210E+05 8.593E+02 6.017E-05|-1T_MANAX0009A             5.28357E-01 8.59331E+02 2.21024E+05-1.33000E+01 1  3
 1.912E-01 3.671E+02 2.934E+05 3.671E+02 4.533E-05|-2T_MANBX0009B             1.91185E-01 3.67062E+02 2.93377E+05-1.33000E+01 1  3
 1.906E-01 4.134E+02 2.936E+05 4.134E+02 4.529E-05|-3T_MANCX0009C             1.90555E-01 4.13371E+02 2.93650E+05-1.33000E+01 1  3
New MOLDAT = 0     (data vintage).                |$VINTAGE, 0
TR(1,1 )...  0.594-0.699 0.402                    |  0.59364229 -0.69928374  0.40193149
TI(1,1 )...  0.000 0.000 0.000                    |  0.00000000  0.00000000  0.00000000
TR(2,1 )...  0.611 0.022-0.814                    |  0.61125068  0.02235166 -0.81448972
TI(2,1 )...  0.000 0.000 0.000                    |  0.00000000  0.00000000  0.00000000
TR(3,1 )...  0.523 0.714 0.418                    |  0.52341326  0.71449469  0.41839881
TI(3,1 )...  0.000 0.000 0.000                    |  0.00000000  0.00000000  0.00000000
Comment card.   Card index = 231.                 |C 1/6
Comment card.   Card index = 232.                 |C  <++++++>  Cards punched by support routine on  03-Sep-26  16.18.10  <++++++>
Comment card.   Card index = 233.                 |C    **** UNTRANSPOSED K.C. Lee line calculated at   6.000E+01 HZ. ****
Comment card.   Card index = 234.                 |C LINE CONSTANTS
Comment card.   Card index = 235.                 |C $ERASE
Comment card.   Card index = 236.                 |C BRANCH  IN_001OUT001IN_002OUT002IN_003OUT003
Comment card.   Card index = 237.                 |C METRIC
Comment card.   Card index = 238.                 |C   1   .5   .1899 4           1.828    -3.2   22.04      7.     0.0   0.0
Comment card.   Card index = 239.                 |C   2   .5   .1899 4           1.828     3.2    23.9    8.86     0.0   0.0
Comment card.   Card index = 240.                 |C   3   .5   .1899 4           1.828    -3.2   25.76   10.72     0.0   0.0
Comment card.   Card index = 241.                 |C   0.2742    .667 4            1.24     0.0   29.44    18.6     0.0   0.0
Comment card.   Card index = 242.                 |C BLANK CARD ENDING CONDUCTOR CARDS
Comment card.   Card index = 243.                 |C     1.E3       60.                              13.3                 1
Comment card.   Card index = 244.                 |C    The transformation matrix was calculated at  6.00000000E+01 Hz.
New MOLDAT = 1     (data vintage).                |$VINTAGE, 1
 5.284E-01 8.593E+02 2.210E+05 8.593E+02 6.017E-05|-1X0010AT_OPOA             5.28357E-01 8.59331E+02 2.21024E+05-1.33000E+01 1  3
 1.912E-01 3.671E+02 2.934E+05 3.671E+02 4.533E-05|-2X0010BT_OPOB             1.91185E-01 3.67062E+02 2.93377E+05-1.33000E+01 1  3
 1.906E-01 4.134E+02 2.936E+05 4.134E+02 4.529E-05|-3X0010CT_OPOC             1.90555E-01 4.13371E+02 2.93650E+05-1.33000E+01 1  3
New MOLDAT = 0     (data vintage).                |$VINTAGE, 0
TR(1,1 )...  0.594-0.699 0.402                    |  0.59364229 -0.69928374  0.40193149
TI(1,1 )...  0.000 0.000 0.000                    |  0.00000000  0.00000000  0.00000000
TR(2,1 )...  0.611 0.022-0.814                    |  0.61125068  0.02235166 -0.81448972
TI(2,1 )...  0.000 0.000 0.000                    |  0.00000000  0.00000000  0.00000000
TR(3,1 )...  0.523 0.714 0.418                    |  0.52341326  0.71449469  0.41839881
TI(3,1 )...  0.000 0.000 0.000                    |  0.00000000  0.00000000  0.00000000
Comment card.   Card index = 256.                 |C 1/3
Comment card.   Card index = 257.                 |C  <++++++>  Cards punched by support routine on  03-Sep-26  16.18.10  <++++++>
Comment card.   Card index = 258.                 |C    **** UNTRANSPOSED K.C. Lee line calculated at   6.000E+01 HZ. ****
Comment card.   Card index = 259.                 |C LINE CONSTANTS
Comment card.   Card index = 260.                 |C $ERASE
Comment card.   Card index = 261.                 |C BRANCH  IN_001OUT001IN_002OUT002IN_003OUT003
Comment card.   Card index = 262.                 |C METRIC
Comment card.   Card index = 263.                 |C   1   .5   .1899 4           1.828    -3.2   22.04      7.     0.0   0.0
Comment card.   Card index = 264.                 |C   2   .5   .1899 4           1.828     3.2    23.9    8.86     0.0   0.0
Comment card.   Card index = 265.                 |C   3   .5   .1899 4           1.828    -3.2   25.76   10.72     0.0   0.0
Comment card.   Card index = 266.                 |C   0.2742    .667 4            1.24     0.0   29.44    18.6     0.0   0.0
Comment card.   Card index = 267.                 |C BLANK CARD ENDING CONDUCTOR CARDS
Comment card.   Card index = 268.                 |C     1.E3       60.                              26.7                 1
Comment card.   Card index = 269.                 |C    The transformation matrix was calculated at  6.00000000E+01 Hz.
New MOLDAT = 1     (data vintage).                |$VINTAGE, 1
 5.284E-01 8.593E+02 2.210E+05 8.593E+02 1.208E-04|-1X0009B1_2LTB             5.28357E-01 8.59331E+02 2.21024E+05-2.67000E+01 1  3
 1.912E-01 3.671E+02 2.934E+05 3.671E+02 9.101E-05|-2X0009C1_2LTC             1.91185E-01 3.67062E+02 2.93377E+05-2.67000E+01 1  3
 1.906E-01 4.134E+02 2.936E+05 4.134E+02 9.092E-05|-3X0009A1_2LTA             1.90555E-01 4.13371E+02 2.93650E+05-2.67000E+01 1  3
New MOLDAT = 0     (data vintage).                |$VINTAGE, 0
TR(1,1 )...  0.594-0.699 0.402                    |  0.59364229 -0.69928374  0.40193149
TI(1,1 )...  0.000 0.000 0.000                    |  0.00000000  0.00000000  0.00000000
TR(2,1 )...  0.611 0.022-0.814                    |  0.61125068  0.02235166 -0.81448972
TI(2,1 )...  0.000 0.000 0.000                    |  0.00000000  0.00000000  0.00000000
TR(3,1 )...  0.523 0.714 0.418                    |  0.52341326  0.71449469  0.41839881
TI(3,1 )...  0.000 0.000 0.000                    |  0.00000000  0.00000000  0.00000000
Comment card.   Card index = 281.                 |C 1/3
Comment card.   Card index = 282.                 |C  <++++++>  Cards punched by support routine on  03-Sep-26  16.18.11  <++++++>
Comment card.   Card index = 283.                 |C    **** UNTRANSPOSED K.C. Lee line calculated at   6.000E+01 HZ. ****
Comment card.   Card index = 284.                 |C LINE CONSTANTS
Comment card.   Card index = 285.                 |C $ERASE
Comment card.   Card index = 286.                 |C BRANCH  IN_001OUT001IN_002OUT002IN_003OUT003
Comment card.   Card index = 287.                 |C METRIC
Comment card.   Card index = 288.                 |C   1   .5   .1899 4           1.828    -3.2   22.04      7.     0.0   0.0
Comment card.   Card index = 289.                 |C   2   .5   .1899 4           1.828     3.2    23.9    8.86     0.0   0.0
Comment card.   Card index = 290.                 |C   3   .5   .1899 4           1.828    -3.2   25.76   10.72     0.0   0.0
Comment card.   Card index = 291.                 |C   0.2742    .667 4            1.24     0.0   29.44    18.6     0.0   0.0
Comment card.   Card index = 292.                 |C BLANK CARD ENDING CONDUCTOR CARDS
Comment card.   Card index = 293.                 |C     1.E3       60.                              26.7                 1
Comment card.   Card index = 294.                 |C    The transformation matrix was calculated at  6.00000000E+01 Hz.
New MOLDAT = 1     (data vintage).                |$VINTAGE, 1
 5.284E-01 8.593E+02 2.210E+05 8.593E+02 1.208E-04|-11_2LTCX0010C             5.28357E-01 8.59331E+02 2.21024E+05-2.67000E+01 1  3
 1.912E-01 3.671E+02 2.934E+05 3.671E+02 9.101E-05|-21_2LTAX0010A             1.91185E-01 3.67062E+02 2.93377E+05-2.67000E+01 1  3
 1.906E-01 4.134E+02 2.936E+05 4.134E+02 9.092E-05|-31_2LTBX0010B             1.90555E-01 4.13371E+02 2.93650E+05-2.67000E+01 1  3
New MOLDAT = 0     (data vintage).                |$VINTAGE, 0
TR(1,1 )...  0.594-0.699 0.402                    |  0.59364229 -0.69928374  0.40193149
TI(1,1 )...  0.000 0.000 0.000                    |  0.00000000  0.00000000  0.00000000
TR(2,1 )...  0.611 0.022-0.814                    |  0.61125068  0.02235166 -0.81448972
TI(2,1 )...  0.000 0.000 0.000                    |  0.00000000  0.00000000  0.00000000
TR(3,1 )...  0.523 0.714 0.418                    |  0.52341326  0.71449469  0.41839881
TI(3,1 )...  0.000 0.000 0.000                    |  0.00000000  0.00000000  0.00000000
Blank card ending branches.  IBR, NTOT = 142  94  |BLANK BRANCH
Comment card.   Card index = 307.                 |C < n 1>< n 2>< Tclose ><Top/Tde ><   Ie   ><Vf/CLOP ><  type  >
Permanently-closed switch used for metering.      |  X0005A390A                                          MEASURING                0
Permanently-closed switch used for metering.      |  X0005B390B                                          MEASURING                0
Permanently-closed switch used for metering.      |  X0005C390C                                          MEASURING                0
Permanently-closed switch used for metering.      |  X0007A391A                                          MEASURING                0
Permanently-closed switch used for metering.      |  X0007B391B                                          MEASURING                0
Permanently-closed switch used for metering.      |  X0007C391C                                          MEASURING                0
Switch.   2.00E-02  8.33E-04  0.00E+00  0.00E+00  |  XX0012XX0013       .02   .000833                    STATISTICS               1
Switch.   2.00E-02  8.33E-04  0.00E+00  0.00E+00  |  XX0014XX0015       .02   .000833                    STATISTICS               1
Switch.   2.00E-02  8.33E-04  0.00E+00  0.00E+00  |  XX0016XX0017       .02   .000833                    STATISTICS               1
Permanently-closed switch used for metering.      |  9049A MEASUA                                        MEASURING                0
Permanently-closed switch used for metering.      |  9049B MEASUB                                        MEASURING                0
Permanently-closed switch used for metering.      |  9049C MEASUC                                        MEASURING                0
Blank card ending switches.   KSWTCH = 12.        |BLANK SWITCH
Comment card.   Card index = 321.                 |C < n 1><>< Ampl.  >< Freq.  ><Phase/T0><   A1   ><   T1   >< TSTART >< TSTOP  >
Comment card.   Card index = 322.                 |C 1 - 390
Source.   4.08E+05  6.00E+01  0.00E+00 -1.00E+00  |14X0008A   408248.29       60.                                     -1.      100.
Source.   4.08E+05  6.00E+01 -1.20E+02 -1.00E+00  |14X0008B   408248.29       60.     -120.                           -1.      100.
Source.   4.08E+05  6.00E+01 -2.40E+02 -1.00E+00  |14X0008C   408248.29       60.     -240.                           -1.      100.
Comment card.   Card index = 326.                 |C 1 - 391
Source.   2.82E+05  6.00E+01  0.00E+00 -1.00E+00  |14X0006A   281691.32       60.                                     -1.      100.
Source.   2.82E+05  6.00E+01 -1.20E+02 -1.00E+00  |14X0006B   281691.32       60.     -120.                           -1.      100.
Source.   2.82E+05  6.00E+01 -2.40E+02 -1.00E+00  |14X0006C   281691.32       60.     -240.                           -1.      100.
Blank card ends electric sources.  KCONST = 6     |BLANK SOURCE

List of input elements that are connected to each node.   Only the physical connections of multi-phase lines are shown (capacitive
and inductive coupling are ignored).   Repeated entries indicate parallel connections.   Switches are included,  although sources
(including rotating machinery) are omitted -- except that U.M. usage produces extra,  internally-defined nodes  "UMXXXX".
--------------+------------------------------
From bus name |  Names of all adjacent busses.
--------------+------------------------------
       X0001A |TERRA *TERRA *TERRA *390A  *
       390A   |X0001A*X0002A*X0005A*E002A *E003A *
       391A   |TERRA *TERRA *TERRA *X0003A*X0007A*E001A *
       395A   |TERRA *395B  *395C  *
       395B   |TERRA *395A  *395C  *
       X0001B |TERRA *TERRA *TERRA *390B  *
       390B   |X0001B*X0002B*X0005B*E002B *E003B *
       391B   |TERRA *TERRA *TERRA *X0003B*X0007B*E001B *
       395C   |TERRA *395A  *395B  *
       X0001C |TERRA *TERRA *TERRA *390C  *
       390C   |X0001C*X0002C*X0005C*E002C *E003C *
       391C   |TERRA *TERRA *TERRA *X0003C*X0007C*E001C *
       X0002A |TERRA *TERRA *TERRA *390A  *
       397A   |TERRA *397B  *397C  *
       397B   |TERRA *397A  *397C  *
       X0002B |TERRA *TERRA *TERRA *390B  *
       397C   |TERRA *397A  *397B  *
       X0002C |TERRA *TERRA *TERRA *390C  *
       X0003A |TERRA *TERRA *TERRA *391A  *
       9098A  |TERRA *TERRA *TERRA *
       42077A |TERRA *42077B*42077C*
       42077B |TERRA *42077A*42077C*
       X0003B |TERRA *TERRA *TERRA *391B  *
       9098B  |TERRA *TERRA *TERRA *
       42077C |TERRA *42077A*42077B*
       X0003C |TERRA *TERRA *TERRA *391C  *
       9098C  |TERRA *TERRA *TERRA *
       X0004A |TERRA *TERRA *9049A *
       9049A  |TERRA *TERRA *X0004A*MEASUA*
       X0004B |TERRA *TERRA *9049B *
       9049B  |TERRA *TERRA *X0004B*MEASUB*
       X0004C |TERRA *TERRA *9049C *
       9049C  |TERRA *TERRA *X0004C*MEASUC*
       X0005A |390A  *X0008A*
       X0008A |X0005A*
       X0005B |390B  *X0008B*
       X0008B |X0005B*
       X0005C |390C  *X0008C*
       X0008C |X0005C*
       X0007A |391A  *X0006A*
       X0006A |X0007A*
       X0007B |391B  *X0006B*
       X0006B |X0007B*
       X0007C |391C  *X0006C*
       X0006C |X0007C*
       E001A  |391A  *ST001A*
       E001B  |391B  *ST001B*
       E001C  |391C  *ST001C*
       ST001A |TERRA *TERRA *E001A *
       ST001B |TERRA *TERRA *E001B *
       ST001C |TERRA *TERRA *E001C *
       E002A  |390A  *ST002A*
       E002B  |390B  *ST002B*
       E002C  |390C  *ST002C*
       ST002A |TERRA *TERRA *E002A *
       ST002B |TERRA *TERRA *E002B *
       ST002C |TERRA *TERRA *E002C *
       E003A  |390A  *ST003A*
       E003B  |390B  *ST003B*
       E003C  |390C  *ST003C*
       ST003A |TERRA *TERRA *E003A *
       ST003B |TERRA *TERRA *E003B *
       ST003C |TERRA *TERRA *E003C *
       T_MANC |XX0012*PRMANC*X0009C*
       XX0012 |T_MANC*XX0013*
       XX0013 |XX0012*MEASUC*
       MEASUC |9049C *XX0013*
       T_MANB |XX0014*PRMANB*X0009B*
       XX0014 |T_MANB*XX0015*
       XX0015 |XX0014*MEASUB*
       MEASUB |9049B *XX0015*
       T_MANA |XX0016*PRMANA*X0009A*
       XX0016 |T_MANA*XX0017*
       XX0017 |XX0016*MEASUA*
       MEASUA |9049A *XX0017*
       T_OPOB |TERRA *PROPOB*X0010B*
       PRMANA |TERRA *T_MANA*
       PRMANB |TERRA *T_MANB*
       PRMANC |TERRA *T_MANC*
       T_OPOA |PROPOA*X0010A*
       PROPOA |TERRA *T_OPOA*
       PROPOB |TERRA *T_OPOB*
       T_OPOC |PROPOC*X0010C*
       PROPOC |TERRA *T_OPOC*
       X0009A |T_MANA*1_2LTA*
       X0009B |T_MANB*1_2LTB*
       X0009C |T_MANC*1_2LTC*
       X0010A |T_OPOA*1_2LTA*
       X0010B |T_OPOB*1_2LTB*
       X0010C |T_OPOC*1_2LTC*
       1_2LTB |X0009B*X0010B*
       1_2LTC |X0009C*X0010C*
       1_2LTA |X0009A*X0010A*
       TERRA  |X0001A*X0001A*X0001A*391A  *391A  *391A  *395A  *395B  *X0001B*X0001B*X0001B*391B  *391B  *391B  *395C  *
              |X0001C*X0001C*X0001C*391C  *391C  *391C  *X0002A*X0002A*X0002A*397A  *397B  *X0002B*X0002B*X0002B*397C  *
              |X0002C*X0002C*X0002C*X0003A*X0003A*X0003A*9098A *9098A *9098A *42077A*42077B*X0003B*X0003B*X0003B*9098B *
              |9098B *9098B *42077C*X0003C*X0003C*X0003C*9098C *9098C *9098C *X0004A*X0004A*9049A *9049A *X0004B*X0004B*
              |9049B *9049B *X0004C*X0004C*9049C *9049C *ST001A*ST001A*ST001B*ST001B*ST001C*ST001C*ST002A*ST002A*ST002B*
              |ST002B*ST002C*ST002C*ST003A*ST003A*ST003B*ST003B*ST003C*ST003C*T_OPOB*PRMANA*PRMANB*PRMANC*PROPOA*PROPOB*
              |PROPOC*
              |-------

Sinusoidal steady-state phasor solution, branch by branch.   All flows are away from a bus,  and the real part,  magnitude,  or  "P"
is printed above the imaginary part,  the angle,  or  "Q".   The first solution frequency  =  6.00000000E+01  Hertz.
  Bus K                        Phasor  node  voltage              Phasor  branch  current               Power flow       Power loss
             Bus M         Rectangular            Polar          Rectangular            Polar            P  and  Q        P  and  Q

 390A                  408158.7974575  408158.79761319       .3878143915569  2.0068485140813      79156.027022052  3.4615855038137
                      -11.27380428059       -0.0015826      -1.969020303646      -78.8577528      401834.29358108      138.4432829

            X0001A    408022.76065868  408022.76212158      -.3878143915569  2.0068485140813      -79152.56543655
                      -34.55129779816       -0.0048518      1.9690203036464      101.1422472      -401695.8502981

 391A                 281548.09347963  281548.09414421       -.561710497888  1.6160238101729      -79088.91614265  -79088.91614265
                      -19.34487050019       -0.0039367      1.5152604632895      110.3398577      -213303.9141737  -213303.9141737

            TERRA                 0.0              0.0      .56171049788804  1.6160238101729                  0.0
                                  0.0              0.0      -1.515260463289      -69.6601423                  0.0

 X0001A               408022.76065868  408022.76212158      .38758180017419  1.1150609073902      79089.160320961  79089.160320961
                      -34.55129779816       -0.0048518      -1.045533918801      -69.6601423      213294.12222866   213294.1222287

            TERRA                 0.0              0.0      -.3875818001742  1.1150609073902                  0.0
                                  0.0              0.0      1.0455339188011      110.3398577                  0.0

 395A                  9752.040825229   11261.23831429      -.0065014093634  .00650140937647       -31.7021651551  -63.40511493614
                      -5631.446360775      -30.0048599      .41211023927E-6      179.9963681      18.304159591802        0.0013590

            395B      -9752.996021733  11261.238318829      .00650140936341  .00650140937647      -31.70294978104
                      -5629.791920979     -150.0048599      -.4121102393E-6       -0.0036319      -18.30280060931

 X0001A               408022.76065868  408022.76212158      .31079205084E-3  .31079205146E-3      63.405115627554  63.405115627554
                      -34.55129779816       -0.0048518      -.1970010999E-7       -0.0036318      -.0013500877197       -0.0013501

            TERRA                 0.0              0.0      -.3107920508E-3  .31079205146E-3                  0.0
                                  0.0              0.0      .19700109988E-7      179.9963682                  0.0

 390B                 -204089.1621277  408158.79761121      -1.899128865632  2.0068485931595      79156.024870838  3.4615857766039
                       -353470.250473     -120.0015826       .6486530872424      161.1422465      401834.31045117      138.4432939

            X0001B    -204041.3026254  408022.76211393      1.8991288656321  2.0068485931595      -79152.56328506
                      -353340.8003982     -120.0048518      -.6486530872424      -18.8577535      -401695.8671573

 391B                 -140790.7998858  281548.09413961      1.5931093632789  1.6160238816608      -79088.91122409  -79088.91122409
                      -243818.1289018     -120.0039367       -.271174745747       -9.6601445      -213303.9267265  -213303.9267265

            TERRA                 0.0              0.0      -1.593109363279  1.6160238816608                  0.0
                                  0.0              0.0      .27117474574698      170.3398555                  0.0

 X0001B               -204041.3026254  408022.76211393       -1.09924987554  1.1150609567252      79089.155402454  79089.155402454
                      -353340.8003982     -120.0048518      .18711132605313      170.3398555      213294.13478243   213294.1347824

            TERRA                 0.0              0.0      1.0992498755404  1.1150609567252                  0.0
                                  0.0              0.0      -.1871113260531       -9.6601445                  0.0

 395B                 -9752.996021733  11261.238318829      .00325158666237  .00650169309501      -31.70479443683  -63.40788185022
                      -5629.791920979     -150.0048599      .00563020401751       59.9924685       18.30280053105       -0.0029566

            395C      .95518836840385  11261.238310361      -.0032515866624  .00650169309501      -31.70308741339
                      11261.238269851       89.9951401      -.0056302040175     -120.0075315      -18.30575712733

 X0001B               -204041.3026254  408022.76211393      -.1554381872E-3  .31080561431E-3      63.407882547195  63.407882547195
                      -353340.8003982     -120.0048518      -.2691451278E-3     -120.0075314      .00296550216435        0.0029655

            TERRA                 0.0              0.0      .15543818722E-3  .31080561431E-3                  0.0
                                  0.0              0.0      .26914512785E-3       59.9924686                  0.0

 390C                 -204069.6353326  408158.79761127      1.5113145191725  2.0068485516737      79156.003202836  3.4615856334858
                      353481.52427346      119.9984174      1.3203671964621       41.1422436      401834.30609045      138.4432881

            X0001C    -203981.4580375  408022.76211565      -1.511314519173  2.0068485516737       -79152.5416172
                      353375.35168906      119.9951482      -1.320367196462     -138.8577564      -401695.8628023

 391C                 -140757.2935963  281548.09414083      -1.031398986801  1.6160238236363      -79088.88720218  -79088.88720218
                      243837.47376843      119.9960633      -1.244085659666     -129.6601502      -213303.9269227  -213303.9269227

            TERRA                 0.0              0.0      1.0313989868009  1.6160238236363                  0.0
                                  0.0              0.0      1.2440856596659       50.3398498                  0.0

 X0001C               -203981.4580375  408022.76211565      .71166815913602  1.1150609166843      79089.131380449  79089.131380449
                      353375.35168906      119.9951482      .85842255281932       50.3398498      213294.13497849   213294.1349785

            TERRA                 0.0              0.0       -.711668159136  1.1150609166843                  0.0
                                  0.0              0.0      -.8584225528193     -129.6601502                  0.0

 395C                 .95518836840385  11261.238310361      .00325063146011   .0065019344499      -31.70465670311  -63.41023571792
                      11261.238269851       89.9951401      -.0056310342479      -60.0034165      18.305757049066        0.0015975

            395A       9752.040825229   11261.23831429      -.0032506314601   .0065019344499       -31.7055790148
                      -5631.446360775      -30.0048599      .00563103424793      119.9965835      -18.30415958391

 X0001C               -203981.4580375  408022.76211565      -.1553925256E-3  .31081715195E-3       63.41023640578   63.41023640578
                      353375.35168906      119.9951482      .26918481558E-3      119.9965836      -.0015886074975       -0.0015886

            TERRA                 0.0              0.0      .15539252558E-3  .31081715195E-3                  0.0
                                  0.0              0.0      -.2691848156E-3      -60.0034164                  0.0

 395A                  9752.040825229   11261.23831429      .00975204082523  .01126123831429      63.407744185612  63.407744185612
                      -5631.446360775      -30.0048599      -.0056314463608      -30.0048599                  0.0              0.0

            TERRA                 0.0              0.0      -.0097520408252  .01126123831429                  0.0
                                  0.0              0.0      .00563144636078      149.9951401                  0.0

 395B                 -9752.996021733  11261.238318829      -.0097529960217  .01126123831883      63.407744236728  63.407744236728
                      -5629.791920979     -150.0048599       -.005629791921     -150.0048599      .7105427358E-14        0.0000000

            TERRA                 0.0              0.0      .00975299602173  .01126123831883                  0.0
                                  0.0              0.0      .00562979192098       29.9951401                  0.0

 395C                 .95518836840385  11261.238310361       .9551883684E-6  .01126123831036      63.407744141369  63.407744141369
                      11261.238269851       89.9951401      .01126123826985       89.9951401                  0.0              0.0

            TERRA                 0.0              0.0      -.9551883684E-6  .01126123831036                  0.0
                                  0.0              0.0      -.0112612382699      -90.0048599                  0.0

 390A                  408158.7974575  408158.79761319      .35702474425087   2.084091968657      72872.969295519  3.2836401363747
                      -11.27380428059       -0.0015826      -2.053283386631      -80.1360354      419030.82644976      131.3890398

            X0002A    408034.03399119  408034.03507714      -.3570247442509   2.084091968657      -72869.68565538
                      -29.76923682718       -0.0041802      2.0532833866306       99.8639646      -418899.4374099

 391A                 281548.09347963  281548.09414421      -.5170722987982  1.7170489803753      -72806.19705699  -72806.19705699
                      -19.34487050019       -0.0039367      1.6373434089473      107.5260929       -230490.456232  -230490.4562320

            TERRA                 0.0              0.0      .51707229879821  1.7170489803753                  0.0
                                  0.0              0.0      -1.637343408947      -72.4739071                  0.0

 X0002A               408034.03399119  408034.03507714      .35678131909845  1.1847685547894      72806.276659736  72806.276659736
                      -29.76923682718       -0.0041802      -1.129771489621      -72.4739071      230487.29864534   230487.2986453

            TERRA                 0.0              0.0      -.3567813190984  1.1847685547894                  0.0
                                  0.0              0.0      1.1297714896209      107.5260929                  0.0

 397A                 9752.3762749752  11261.549440737      -.0065016275944  .00650162760378      -31.70414310606   -63.4089950359
                      -5631.487618513      -30.0041882      .34937693272E-6      179.9969211      18.305214021337        0.0012277

            397B      -9753.199480101   11261.54944418      .00650162759439  .00650162760378      -31.70485192984
                      -5630.061792295     -150.0041882      -.3493769327E-6       -0.0030789      -18.30398632491

 X0002A               408034.03399119  408034.03507714        .310802483E-3  .31080248345E-3      63.408995705059  63.408995705059
                      -29.76923682718       -0.0041802       -.167019607E-7       -0.0030790      -.0012186921608       -0.0012187

            TERRA                 0.0              0.0       -.310802483E-3  .31080248345E-3                  0.0
                                  0.0              0.0      .16701960703E-7      179.9969210                  0.0

 390B                 -204089.1621277  408158.79761121      -1.956708013674  2.0840920485666      72872.967726666  3.2836403881665
                       -353470.250473     -120.0015826      .71744924288963      159.8639640      419030.84327316      131.3890499

            X0002B     -204042.797906  408034.03507018      1.9567080136738  2.0840920485666      -72869.68408628
                      -353352.9544214     -120.0041802      -.7174492428896      -20.1360360      -418899.4542232

 391B                 -140790.7998858  281548.09413961      1.6765172026498  1.7170490603538      -72806.19317029  -72806.19317029
                      -243818.1289018     -120.0039367      -.3708740283182      -12.4739089      -230490.4692628  -230490.4692628

            TERRA                 0.0              0.0       -1.67651720265  1.7170490603538                  0.0
                                  0.0              0.0      .37087402831821      167.5260911                  0.0

 X0002B                -204042.797906  408034.03507018      -1.156801515841  1.1847686099785      72806.272773572  72806.272773572
                      -353352.9544214     -120.0041802      .25590410731093      167.5260911      230487.31167647   230487.3116765

            TERRA                 0.0              0.0      1.1568015158409  1.1847686099785                  0.0
                                  0.0              0.0      -.2559041073109      -12.4739089                  0.0

 397B                 -9753.199480101   11261.54944418      .00325157189945  .00650186510919      -31.70639611557  -63.41131133418
                      -5630.061792295     -150.0041882      .00563041118221       59.9934942      18.303986349533       -0.0025650

            397C      .82319891505161  11261.549443581      -.0032515718995  .00650186510919       -31.7049152186
                      11261.549413494       89.9958118      -.0056304111822     -120.0065058      -18.30655133443

 X0002B                -204042.797906  408034.03507018      -.1554374817E-3  .31081383685E-3      63.411311949626  63.411311949626
                      -353352.9544214     -120.0041802      -.2691550305E-3     -120.0065059      .00257393919547        0.0025739

            TERRA                 0.0              0.0      .15543748168E-3  .31081383685E-3                  0.0
                                  0.0              0.0      .26915503054E-3       59.9934941                  0.0

 390C                 -204069.6353326  408158.79761127      1.5996833034871  2.0840920059617      72872.947697545  3.2836402539397
                      353481.52427346      119.9984174      1.3358341281229       39.8639615      419030.83793117      131.3890446

            X0002C     -203991.236089  408034.03507198      -1.599683303487  2.0840920059617      -72869.66405729
                       353382.7236524      119.9958198      -1.335834128123     -140.1360385      -418899.4488866

 391C                 -140757.2935963  281548.09414083      -1.159445001264  1.7170490032192      -72806.17101517  -72806.17101517
                      243837.47376843      119.9960633      -1.266469331844     -132.4739138      -230490.4678273  -230490.4678273

            TERRA                 0.0              0.0      1.1594450012635  1.7170490032192                  0.0
                                  0.0              0.0      1.2664693318438       47.5260862                  0.0

 X0002C                -203991.236089  408034.03507198      .80002026396687  1.1847685705642       72806.25061723   72806.25061723
                       353382.7236524      119.9958198       .8738673486514       47.5260862      230487.31024348   230487.3102435

            TERRA                 0.0              0.0      -.8000202639669  1.1847685705642                  0.0
                                  0.0              0.0      -.8738673486514     -132.4739138                  0.0

 397C                 .82319891505161  11261.549443581      .00325074867578  .00650208310491      -31.70633270161  -63.41343743877
                      11261.549413494       89.9958118      -.0056311382286      -60.0029800      18.306551195027        0.0013372

            397A      9752.3762749752  11261.549440737      -.0032507486758  .00650208310491      -31.70710473715
                      -5631.487618513      -30.0041882      .00563113822864      119.9970200      -18.30521397175

 X0002C                -203991.236089  408034.03507198      -.1553981281E-3  .31082425833E-3      63.413438148717  63.413438148717
                       353382.7236524      119.9958198      .26918978688E-3      119.9970199      -.0013281905091       -0.0013282

            TERRA                 0.0              0.0      .15539812807E-3  .31082425833E-3                  0.0
                                  0.0              0.0      -.2691897869E-3      -60.0029801                  0.0

 397A                 9752.3762749752  11261.549440737      .00975237627498  .01126154944074      63.411247903081  63.411247903081
                      -5631.487618513      -30.0041882      -.0056314876185      -30.0041882                  0.0              0.0

            TERRA                 0.0              0.0       -.009752376275  .01126154944074                  0.0
                                  0.0              0.0      .00563148761851      149.9958118                  0.0

 397B                 -9753.199480101   11261.54944418      -.0097531994801  .01126154944418      63.411247941854  63.411247941854
                      -5630.061792295     -150.0041882      -.0056300617923     -150.0041882                  0.0              0.0

            TERRA                 0.0              0.0       .0097531994801  .01126154944418                  0.0
                                  0.0              0.0       .0056300617923       29.9958118                  0.0

 397C                 .82319891505161  11261.549443581      .82319891505E-6  .01126154944358      63.411247935115  63.411247935115
                      11261.549413494       89.9958118      .01126154941349       89.9958118                  0.0              0.0

            TERRA                 0.0              0.0      -.8231989151E-6  .01126154944358                  0.0
                                  0.0              0.0      -.0112615494135      -90.0041882                  0.0

 391A                 281548.09347963  281548.09414421      .86458977486249  4.8513858414718      121757.97490167  8.7082994956436
                      -19.34487050019       -0.0039367      -4.773722772013      -79.7341936      672007.90994166      348.5438033

            X0003A    281406.06556213  281406.06861039      -.8645897748625  4.8513858414718      -121749.2666022
                      -41.41973560077       -0.0084333      4.7737227720131      100.2658064      -671659.3661383

 9098A                112559.68391094  112559.68502372      -2.162115436216  2.1829700882848      -121685.8972639  -121685.8972639
                       -15.8274877819       -0.0080566      .30102366488427      172.0738632      -16924.45385672   -16924.4538567

            TERRA                 0.0              0.0      2.1621154362165  2.1829700882848                  0.0
                                  0.0              0.0      -.3010236648843       -7.9261368                  0.0

 X0003A               281406.06556213  281406.06861039      .86482446540913  .87316611683924      121685.91870786  121685.91870786
                      -41.41973560077       -0.0084333      -.1204064434569       -7.9261368      16923.641360417    16923.6413604

            TERRA                 0.0              0.0      -.8648244654091  .87316611683924                  0.0
                                  0.0              0.0      .12040644345689      172.0738632                  0.0

 42077A               9747.1587218596  11256.007622752      -.0064985604056  .00649856046901      -31.67380537716  -63.34789301511
                      -5629.440865159      -30.0084469      .90790854301E-6      179.9919953      18.287205991628        0.0004889

            42077B    -9748.818158144  11256.007621734      .00649856040559  .00649856046901      -31.67408763794
                      -5626.566635168     -150.0084469       -.907908543E-6       -0.0080047        -18.286717095

 X0003A               281406.06556213  281406.06861039      .45022407548E-3  .45022407987E-3      63.347894153583  63.347894153583
                      -41.41973560077       -0.0084333      -.6289997145E-7       -0.0080047      -.4738643384E-3       -0.0004739

            TERRA                 0.0              0.0      -.4502240755E-3  .45022407987E-3                  0.0
                                  0.0              0.0      .62899971454E-7      179.9919953                  0.0

 391B                 -140790.7998858  281548.09413961      -4.566460119289  4.8513858850891      121757.97583374  8.7082996522367
                      -243818.1289018     -120.0039367      1.6381046929241      160.2658064      672007.91600159      348.5438096

            X0003B    -140738.9033205   281406.0686045      4.5664601192895  4.8513858850891      -121749.2675341
                      -243684.0916834     -120.0084333      -1.638104692924      -19.7341936       -671659.372192

 9098B                -56293.54896046  112559.68502139      1.3417519278009    2.18297009791      -121685.8971802  -121685.8971802
                      -97471.63196311     -120.0080566      1.7219350198575       52.0738611      -16924.45837266   -16924.4583727

            TERRA                 0.0              0.0      -1.341751927801    2.18297009791                  0.0
                                  0.0              0.0      -1.721935019857     -127.9261389                  0.0

 X0003B               -140738.9033205   281406.0686045      -.5366872989835  .87316612066364      121685.91862111  121685.91862111
                      -243684.0916834     -120.0084333      -.6887567185768     -127.9261389      16923.645871836    16923.6458718

            TERRA                 0.0              0.0      .53668729898345  .87316612066364                  0.0
                                  0.0              0.0      .68875671857677       52.0738611                  0.0

 42077B               -9748.818158144  11256.007621734      .00325025776328  .00649866488205      -31.67476619996  -63.34891082327
                      -5626.566635168     -150.0084469      .00562747454205       59.9905793      18.286717056733       -0.0010766

            42077C    1.6594377813532   11256.00762138      -.0032502577633  .00649866488205      -31.67414462331
                      11256.007499057       89.9915531      -.0056274745421     -120.0094207      -18.28779365676

 X0003B               -140738.9033205   281406.0686045      -.2251797634E-3  .45023131379E-3      63.348911978431  63.348911978431
                      -243684.0916834     -120.0084333      -.3898747364E-3     -120.0094206      .00109164696237        0.0010916

            TERRA                 0.0              0.0      .22517976345E-3  .45023131379E-3                  0.0
                                  0.0              0.0      .38987473636E-3       59.9905794                  0.0

 391C                 -140757.2935963  281548.09414083      3.7018703133978  4.8513858542114      121757.97521634  8.7082995413512
                      243837.47376843      119.9960633      3.1356181032178       40.2658064      672007.91169893      348.5438052

            X0003C    -140667.1622434  281406.06860664      -3.701870313398  4.8513858542114      -121749.2669168
                      243725.51141609      119.9915667      -3.135618103218     -139.7341936      -671659.3678938

 9098C                 -56266.1349512  112559.68502223      .82036353473086  2.1829700656511      -121685.8957162  -121685.8957162
                      97487.459449706      119.9919434       -2.02295871891      -67.9261378      -16924.45572639   -16924.4557264

            TERRA                 0.0              0.0      -.8203635347309  2.1829700656511                  0.0
                                  0.0              0.0      2.0229587189096      112.0738622                  0.0

 X0003C               -140667.1622434  281406.06860664      -.3281371768971  .87316610777534      121685.91715836  121685.91715836
                      243725.51141609      119.9915667       .8091631756979      112.0738622      16923.643231692    16923.6432317

            TERRA                 0.0              0.0      .32813717689714  .87316610777534                  0.0
                                  0.0              0.0      -.8091631756979      -67.9261378                  0.0

 42077C               1.6594377813532   11256.00762138      .00324859831744  .00649875173845      -31.67470910387  -63.34975750567
                      11256.007499057       89.9915531      -.0056285329465      -60.0079154      18.287793611383        0.0005877

            42077A    9747.1587218596  11256.007622752      -.0032485983174  .00649875173845       -31.6750484018
                      -5629.440865159      -30.0084469       .0056285329465      119.9920846      -18.28720593904

 X0003C               -140667.1622434  281406.06860664      -.2250647965E-3  .45023733106E-3      63.349758634757  63.349758634757
                      243725.51141609      119.9915667      .38994806278E-3      119.9920846      -.5726073865E-3       -0.0005726

            TERRA                 0.0              0.0       .2250647965E-3  .45023733106E-3                  0.0
                                  0.0              0.0      -.3899480628E-3      -60.0079154                  0.0

 42077A               9747.1587218596  11256.007622752      .00974715872186  .01125600762275      63.348853801724  63.348853801724
                      -5629.440865159      -30.0084469      -.0056294408652      -30.0084469                  0.0              0.0

            TERRA                 0.0              0.0      -.0097471587219  .01125600762275                  0.0
                                  0.0              0.0      .00562944086516      149.9915531                  0.0

 42077B               -9748.818158144  11256.007621734      -.0097488181581  .01125600762173       63.34885379027   63.34885379027
                      -5626.566635168     -150.0084469      -.0056265666352     -150.0084469                  0.0              0.0

            TERRA                 0.0              0.0      .00974881815814  .01125600762173                  0.0
                                  0.0              0.0      .00562656663517       29.9915531                  0.0

 42077C               1.6594377813532   11256.00762138      .16594377814E-5  .01125600762138      63.348853786281  63.348853786281
                      11256.007499057       89.9915531      .01125600749906       89.9915531                  0.0              0.0

            TERRA                 0.0              0.0      -.1659437781E-5  .01125600762138                  0.0
                                  0.0              0.0      -.0112560074991      -90.0084469                  0.0

 9049A                112559.45773777  112559.45983023      -2.049646932584   2.064379915305      -115350.9019648  .07670995983062
                      -21.70377116319       -0.0110478      -.2461948140485     -173.1506906      13878.019917571        3.0556134

            X0004A    112559.17848169  112559.18004432      2.0496469325838   2.064379915305      115350.97867476
                      -18.75571444856       -0.0095472      .24619481404852        6.8493094      -13874.96430417

 9098A                112559.68391094  112559.68502372      2.0495557523072  2.0715415757301      115351.05591771  115351.05591771
                       -15.8274877819       -0.0080566      -.3010078373773       -8.3550110      16924.453855635    16924.4538556

            TERRA                 0.0              0.0      -2.049555752307  2.0715415757301                  0.0
                                  0.0              0.0      .30100783737726      171.6449890                  0.0

 X0004A               112559.17848169  112559.18004432      -2.049555752307  2.0715415757301      -115350.9786746  -115350.9786746
                      -18.75571444856       -0.0095472      .30100783737726      171.6449890      -16921.37700465   -16921.3770046

            TERRA                 0.0              0.0      2.0495557523072  2.0715415757301                  0.0
                                  0.0              0.0      -.3010078373773       -8.3550110                  0.0

 9049B                -56298.52488444  112559.45982767       .8116125717995  2.0643799042575      -115350.9018794  .07670995900116
                      -97468.49794951     -120.0110478      1.8981436780178       66.8493072       13878.01540045        3.0556134

            X0004B    -56295.83216446  112559.18004188      -.8116125717995  2.0643799042575      115350.97858933
                      -97469.73013511     -120.0095472      -1.898143678018     -113.1506928      -13874.95978708

 9098B                -56293.54896046  112559.68502139      -1.285458378785  2.0715415859159       115351.0558323   115351.0558323
                      -97471.63196311     -120.0080566      -1.624463387889     -128.3550132      16924.458370106    16924.4583701

            TERRA                 0.0              0.0      1.2854583787848  2.0715415859159                  0.0
                                  0.0              0.0      1.6244633878887       51.6449868                  0.0

 X0004B               -56295.83216446  112559.18004188      1.2854583787848  2.0715415859216      -115350.9785895  -115350.9785895
                      -97469.73013511     -120.0095472       1.624463387896       51.6449868      -16921.38151888   -16921.3815189

            TERRA                 0.0              0.0      -1.285458378785  2.0715415859216                  0.0
                                  0.0              0.0      -1.624463387896     -128.3550132                  0.0

 9049C                -56260.93285395  112559.45982865      1.2380343870271  2.0643798840217      -115350.9004151  .07670995750232
                      97490.201719562      119.9889522      -1.651948898148      -53.1506914      13878.018045092        3.0556133

            X0004C     -56263.3463179  112559.18004279      -1.238034387027  2.0643798840217      115350.97712508
                      97488.485848412      119.9904528      1.6519488981478      126.8493086      -13874.96243178

 9098C                 -56266.1349512  112559.68502223      -.7640973997622  2.0715415533436      115351.05436826  115351.05436826
                      97487.459449706      119.9919434      1.9254712594338      111.6449880      16924.455726504    16924.4557265

            TERRA                 0.0              0.0      .76409739976225  2.0715415533436                  0.0
                                  0.0              0.0      -1.925471259434      -68.3550120                  0.0

 X0004C                -56263.3463179  112559.18004279      .76409739976225  2.0715415533368      -115350.9771248  -115350.9771248
                      97488.485848412      119.9904528      -1.925471259427      -68.3550120      -16921.37887538   -16921.3788754

            TERRA                 0.0              0.0      -.7640973997622  2.0715415533368                  0.0
                                  0.0              0.0      1.9254712594266      111.6449880                  0.0

 9098A                112559.68391094  112559.68502372      .11255968391094  .11255968502372      6334.8413463197  6334.8413463197
                       -15.8274877819       -0.0080566      -.1582748778E-4       -0.0080566      -.111022302E-15       -0.0000000

            TERRA                 0.0              0.0      -.1125596839109  .11255968502372                  0.0
                                  0.0              0.0      .15827487782E-4      179.9919434                  0.0

 9098B                -56293.54896046  112559.68502139      -.0562935489605  .11255968502139      6334.8413460578  6334.8413460578
                      -97471.63196311     -120.0080566      -.0974716319631     -120.0080566                  0.0              0.0

            TERRA                 0.0              0.0      .05629354896046  .11255968502139                  0.0
                                  0.0              0.0      .09747163196311       59.9919434                  0.0

 9098C                 -56266.1349512  112559.68502223      -.0562661349512  .11255968502223      6334.8413461522  6334.8413461522
                      97487.459449706      119.9919434      .09748745944971      119.9919434                  0.0              0.0

            TERRA                 0.0              0.0       .0562661349512  .11255968502223                  0.0
                                  0.0              0.0      -.0974874594497      -60.0080566                  0.0

 X0005A                408158.7974575  408158.79761319      -.8029386261815  4.2505109505557      -163886.7603801  12.400176656374
                      -11.27380428059       -0.0015826      4.1739828585393      100.8888313      -851819.3859883      191.2962556

            X0008A          408248.29        408248.29      .80293862618154  4.2505109505557      163899.16055678
                                  0.0              0.0      -4.173982858539      -79.1111687      852010.68224399

 X0005B               -204089.1621277  408158.79761121      4.0162446427713  4.2505111149319      -163886.7568649    12.4001780978
                       -353470.250473     -120.0015826      -1.391626281575      -19.1111694      -851819.4208214      191.2962669

            X0008B        -204124.145        408248.29      -4.016244642771  4.2505111149319      163899.15704301
                      -353553.3901916     -120.0000000       1.391626281575      160.8888306      852010.71708825

 X0005C               -204069.6353326  408158.79761127      -3.213306095759  4.2505110267545      -163886.7140778  12.400180430326
                      353481.52427346      119.9984174      -2.782356541409     -139.1111721      -851819.4107284      191.2962611

            X0008C        -204124.145        408248.29      3.2133060957591  4.2505110267545      163899.11425828
                      353553.39019156      120.0000000      2.7823565414086       40.8888279      852010.70698951

 X0007A               281548.09347963  281548.09414421      -.3455920725945  1.5392755087171      -48664.90302431  10.240531028147
                      -19.34487050019       -0.0039367      1.4999784035433      102.9744224      -211154.6871722      110.7610606

            X0006A          281691.32        281691.32      .34559207259446  1.5392755087171      48675.143555335
                                  0.0              0.0      -1.499978403543      -77.0255776       211265.4482328

 X0007B               -140790.7998858  281548.09413961      1.4718155032362   1.539275579806      -48664.90356911   10.24053225814
                      -243818.1289018     -120.0039367      -.4506977202299      -17.0255781      -211154.6973128      110.7610691

            X0006B         -140845.66        281691.32      -1.471815503236   1.539275579806      48675.144101371
                      -243951.8391456     -120.0000000      .45069772022989      162.9744219      211265.45838186

 X0007C               -140757.2935963  281548.09414083      -1.126223437489  1.5392755387273      -48664.89405863  10.240533107717
                      243837.47376843      119.9960633        -1.0492806836     -137.0255803      -211154.6935712      110.7610643

            X0006C         -140845.66        281691.32      1.1262234374888  1.5392755387273       48675.13459174
                      243951.83914557      120.0000000      1.0492806835996       42.9744197      211265.45463554

 391A                 281548.09347963  281548.09414421      .00133209714532   .0023694104463      187.54365889149  .06062672934749
                      -19.34487050019       -0.0039367      -.0019594956133      -55.7914940      275.83324242713        0.1627578

            E001A     281405.70792177   281405.7131531      -.0013320971453   .0023694104463      -187.4830321621
                      -54.26096625242       -0.0110478      .00195949561328      124.2085060      -275.6704846734

 391B                 -140790.7998858  281548.09413961      -.0023630215681  .00236941046162      187.54365944431  .06062673040742
                      -243818.1289018     -120.0039367       -.173882157E-3     -175.7914941        275.833244653        0.1627578

            E001B      -140749.845332  281405.71314671      .00236302156806  .00236941046162      -187.4830327139
                       -243677.361342     -120.0110478      .17388215702E-3        4.2085059      -275.6704868962

 391C                 -140757.2935963  281548.09414083      .00103092442271  .00236941044907      187.54365722992  .06062672881558
                      243837.47376843      119.9960633       .0021333777703       64.2085056       275.8332440229        0.1627578

            E001C     -140655.8625913  281405.71314915      -.0010309244227  .00236941044907      -187.4830305011
                      243731.62230551      119.9889522      -.0021333777703     -115.7914944      -275.6704862681

 E001A                281405.70792177   281405.7131531      .00133210910747  .00236944901414      187.48471631503  .28069280233E-9
                      -54.26096625242       -0.0110478      -.0019595341172      -55.7917782       275.6759019588        0.0000000

            ST001A    281405.70792144  281405.71315277      -.0013321091075  .00236944901414      -187.4847163148
                      -54.26096618968       -0.0110478      .00195953411719      124.2082218      -275.6759019585

 ST001A               281405.70792144  281405.71315277      .28140570792144  .28140571315277       39594.58769751   39594.58769751
                      -54.26096618968       -0.0110478      -.5426096619E-4       -0.0110478       -.88817842E-15       -0.0000000

            TERRA                 0.0              0.0      -.2814057079214  .28140571315277                  0.0
                                  0.0              0.0       .5426096619E-4      179.9889522                  0.0

 9049A                112559.45773777  112559.45983023      .70020151138306  .70021771504202      39407.099520143  39407.099520143
                      -21.70377116319       -0.0110478      .00476360321045        0.3897880      -275.6928038086     -275.6928038

            TERRA                 0.0              0.0      -.7002015113831  .70021771504202                  0.0
                                  0.0              0.0      -.0047636032104     -179.6102120                  0.0

 ST001A               281405.70792144  281405.71315277      -.2800735831261  .28008006454939      -39407.10077011  -39407.10077011
                      -54.26096618968       -0.0110478      -.0019054114819     -179.6102083      275.69536507916      275.6953651

            TERRA                 0.0              0.0      .28007358312607  .28008006454939                  0.0
                                  0.0              0.0      .00190541148186        0.3897917                  0.0

 E001B                 -140749.845332  281405.71314671      -.0023629399948  .00236931940344         187.46117406  .28069280233E-9
                       -243677.361342     -120.0110478      -.1737498678E-3     -175.7945398      275.66985795751        0.0000000

            ST001B    -140749.8453318  281405.71314638      .00236293999478  .00236931940344      -187.4611740597
                      -243677.3613418     -120.0110478      .17374986783E-3        4.2054602      -275.6698579572

 ST001B               -140749.8453318  281405.71314638      -.1407498453318  .28140571314638      39594.587695711  39594.587695711
                      -243677.3613418     -120.0110478      -.2436773613418     -120.0110478                  0.0              0.0

            TERRA                 0.0              0.0      .14074984533181  .28140571314638                  0.0
                                  0.0              0.0      .24367736134178       59.9889522                  0.0

 9049B                -56298.52488444  112559.45982767      -.3459753990173  .70021765727023      39407.096301126  39407.096301126
                      -97468.49794951     -120.0110478      -.6087740063667     -119.6102189       -275.688038369     -275.6880384

            TERRA                 0.0              0.0      .34597539901733  .70021765727023                  0.0
                                  0.0              0.0      .60877400636673       60.3897811                  0.0

 ST001B               -140749.8453318  281405.71314638      .13838672637939  .28008004457657      -39407.09804898  -39407.09804898
                      -243677.3613418     -120.0110478      .24350348114967       60.3897730      275.68249035843      275.6824904

            TERRA                 0.0              0.0      -.1383867263794  .28008004457657                  0.0
                                  0.0              0.0      -.2435034811497     -119.6102270                  0.0

 E001C                -140655.8625913  281405.71314915      .00103100319393  .00236951542181      187.48705975026  .28069280233E-9
                      243731.62230551      119.9889522      .00213345629163       64.2076168      275.68560802943        0.0000000

            ST001C    -140655.8625912  281405.71314882      -.0010310031939  .00236951542181        -187.48705975
                       243731.6223052      119.9889522      -.0021334562916     -115.7923832      -275.6856080291

 ST001C               -140655.8625912  281405.71314882      -.1406558625912  .28140571314882      39594.587696397  39594.587696397
                       243731.6223052      119.9889522       .2437316223052      119.9889522      -.363797881E-11       -0.0000000

            TERRA                 0.0              0.0      .14065586259119  .28140571314882                  0.0
                                  0.0              0.0      -.2437316223052      -60.0110478                  0.0

 9049C                -56260.93285395  112559.45982865      -.3542261123657  .70021797308301      39407.114121712  39407.114121712
                      97490.201719562      119.9889522      .60401082038879      120.3897714      -275.6814699596     -275.6814700

            TERRA                 0.0              0.0      .35422611236572  .70021797308301                  0.0
                                  0.0              0.0      -.6040108203888      -59.6102286                  0.0

 ST001C               -140655.8625912  281405.71314882        .141686886549   .2800801447611      -39407.11214698  -39407.11214698
                       243731.6223052      119.9889522      -.2415982484818      -59.6102274       275.6823386187      275.6823386

            TERRA                 0.0              0.0       -.141686886549   .2800801447611                  0.0
                                  0.0              0.0      .24159824848175      120.3897726                  0.0

 390A                  408158.7974575  408158.79761319       .0227057439319  .08794825033871        4634.25351841  .64706259815921
                      -11.27380428059       -0.0015826      -.0849667224867      -75.0383987       17339.82964699        5.2764552

            E002A     408039.07633554  408039.07729871      -.0227057439319  .08794825033871      -4633.606455812
                      -28.03603660444       -0.0039367      .08496672248674      104.9616013      -17334.55319184

 390B                 -204089.1621277  408158.79761121      -.0849362159018  .08794825439129      4634.2536348054  .64706267335077
                       -353470.250473     -120.0015826      .02281961171355      164.9616010      17339.830471869        5.2764556

            E002B     -204043.8180829  408039.07729203      .08493621590181  .08794825439129      -4633.606572132
                      -353358.1878201     -120.0039367      -.0228196117135      -15.0383990      -17334.55401628

 390C                 -204069.6353326  408158.79761127      .06223047197793  .08794825194601      4634.2528615311  .64706266960366
                      353481.52427346      119.9984174      .06214711077567       44.9615988      17339.830161991        5.2764553

            E002C     -203995.2582563  408039.07729381      -.0622304719779  .08794825194601      -4633.605798861
                       353386.2238511      119.9960633      -.0621471107757     -135.0384012      -17334.55370666

 E002A                408039.07633554  408039.07729871      .02270589899211  .08794876545537      4633.6380980196   .3867507985E-6
                      -28.03603660444       -0.0039367      -.0849672142422      -75.0383838      17334.653517393        0.0000004

            ST002A    408039.07632477  408039.07728794      -.0227058989921  .08794876545537      -4633.638097633
                      -28.03603037831       -0.0039367      .08496721424223      104.9616162      -17334.65351701

 ST002A               408039.07632477  408039.07728794      .40803907632477  .40803907728794      83247.944296996  83247.944296996
                      -28.03603037831       -0.0039367      -.2803603038E-4       -0.0039367                  0.0              0.0

            TERRA                 0.0              0.0      -.4080390763248  .40803907728794                  0.0
                                  0.0              0.0      .28036030378E-4      179.9960633                  0.0

 391A                 281548.09347963  281548.09414421      .55845308303833  .57185960486931      78614.509738748  78614.509738748
                      -19.34487050019       -0.0039367      .12309980392456       12.4309153      -17334.65915262   -17334.6591526

            TERRA                 0.0              0.0      -.5584530830383  .57185960486931                  0.0
                                  0.0              0.0      -.1230998039246     -167.5690847                  0.0

 ST002A               408039.07632477  408039.07728794      -.3853342533112  .39458471936062      -78614.52572413  -78614.52572413
                      -28.03603037831       -0.0039367      -.0849388837814     -167.5691328      17334.593462532    17334.5934625

            TERRA                 0.0              0.0      .38533425331116  .39458471936062                  0.0
                                  0.0              0.0      .08493888378143       12.4308672                  0.0

 E002B                -204043.8180829  408039.07729203      -.0849361822475  .08794829069786      4633.5562851025  .38674534153E-6
                      -353358.1878201     -120.0039367      .02281987690367      164.9614284      17334.575125464        0.0000004

            ST002B    -204043.8180721  408039.07728126      .08493618224747  .08794829069786      -4633.556284716
                      -353358.1878138     -120.0039367      -.0228198769037      -15.0385716      -17334.57512508

 ST002B               -204043.8180721  408039.07728126      -.2040438180721  .40803907728126      83247.944294273  83247.944294273
                      -353358.1878138     -120.0039367      -.3533581878138     -120.0039367      -.727595761E-11       -0.0000000

            TERRA                 0.0              0.0      .20404381807215  .40803907728126                  0.0
                                  0.0              0.0      .35335818781385       59.9960633                  0.0

 391B                 -140790.7998858  281548.09413961      -.1726188659668  .57185948832207      78614.491077399  78614.491077399
                      -243818.1289018     -120.0039367      -.5451843738556     -107.5690760       -17334.6675836   -17334.6675836

            TERRA                 0.0              0.0       .1726188659668  .57185948832207                  0.0
                                  0.0              0.0      .54518437385559       72.4309240                  0.0

 ST002B               -204043.8180721  408039.07728126      .11910772323608  .39458454192383      -78614.48490013  -78614.48490013
                      -353358.1878138     -120.0039367      .37617856264114       72.4308853      17334.610480428    17334.6104804

            TERRA                 0.0              0.0      -.1191077232361  .39458454192383                  0.0
                                  0.0              0.0      -.3761785626411     -107.5691147                  0.0

 E002C                -203995.2582563  408039.07729381       .0622303923592  .08794822714529       4633.621805318  .38674534153E-6
                       353386.2238511      119.9960633      .06214715540409       44.9616561       17334.54419057        0.0000004

            ST002C    -203995.2582563  408039.07728304      -.0622303923592  .08794822714529      -4633.621804931
                      353386.22383867      119.9960633      -.0621471554041     -135.0383439      -17334.54419018

 ST002C               -203995.2582563  408039.07728304      -.2039952582563  .40803907728304      83247.944294998  83247.944294998
                      353386.22383867      119.9960633      .35338622383867      119.9960633                  0.0              0.0

            TERRA                 0.0              0.0      .20399525825628  .40803907728304                  0.0
                                  0.0              0.0      -.3533862238387      -60.0039367                  0.0

 391C                 -140757.2935963  281548.09414083      -.3858340978622  .57185936556245      78614.470252753  78614.470252753
                      243837.47376843      119.9960633      .42208433151245      132.4309371      -17334.68177167   -17334.6817717

            TERRA                 0.0              0.0      .38583409786224  .57185936556245                  0.0
                                  0.0              0.0      -.4220843315125      -47.5690629                  0.0

 ST002C               -203995.2582563  408039.07728304      .26622641086578  .39458452608965      -78614.47629652  -78614.47629652
                      353386.22383867      119.9960633      -.2912395000458      -47.5690967      17334.634497857    17334.6344979

            TERRA                 0.0              0.0      -.2662264108658  .39458452608965                  0.0
                                  0.0              0.0      .29123950004578      132.4309033                  0.0

 390A                  408158.7974575  408158.79761319      .03539374644068  .07551998217858         7223.5105439  3.5234787849613
                      -11.27380428059       -0.0015826       -.066712445774      -62.0521769      13614.436310193       12.0688274

            E003A     407832.72119594  407832.72877761      -.0353937464407  .07551998217858      -7219.987065115
                      -78.63908971979       -0.0110479      .06671244577398      117.9478231      -13602.36748282

 390B                 -204089.1621277  408158.79761121      -.0754715475646  .07551998374715      7223.5106328062  3.5234789431443
                       -353470.250473     -120.0015826      .00270433972889      177.9478228      13614.436625317       12.0688279

            E003B     -203984.4640415  407832.72876835      .07547154756464  .07551998374715      -7219.987153863
                      -353154.1774981     -120.0110479      -.0027043397289       -2.0521772      -13602.36779744

 390C                 -204069.6353326  408158.79761127      .04007780112347  .07551998267275       7223.510315958  3.5234788348507
                      353481.52427346      119.9984174      .06400810604916       57.9478219      13614.436545218       12.0688275

            E003C     -203848.2571567  407832.72877188      -.0400778011235  .07551998267275      -7219.986837123
                      353232.81658376      119.9889521      -.0640081060492     -122.0521781      -13602.36771767

 E003A                407832.72119594  407832.72877761      .03539379171968  .07551991069005      7219.9962941184  .28516387829E-6
                      -78.63908971979       -0.0110479      -.0667123408249      -62.0521093      13602.346080202        0.0000003

            ST003A    407832.72118573   407832.7287674      -.0353937917197  .07551991069005      -7219.996293833
                      -78.63908658794       -0.0110479      .06671234082489      117.9478907      -13602.34607992

 ST003A               407832.72118573   407832.7287674      .40783272118573   .4078327287674      83163.767326932  83163.767326932
                      -78.63908658794       -0.0110479      -.7863908659E-4       -0.0110479      .3552713679E-14        0.0000000

            TERRA                 0.0              0.0      -.4078327211857   .4078327287674                  0.0
                                  0.0              0.0      .78639086588E-4      179.9889521                  0.0

 9049A                112559.45773777  112559.45983023      1.3494447469711   1.370872004182      75943.764501509  75943.764501509
                      -21.70377116319       -0.0110478      .24143099784851       10.1435454      -13602.31511945   -13602.3151195

            TERRA                 0.0              0.0      -1.349444746971   1.370872004182                  0.0
                                  0.0              0.0      -.2414309978485     -169.8564546                  0.0

 ST003A               407832.72118573   407832.7287674      -.3724389970303  .37835279409928      -75943.78481642  -75943.78481642
                      -78.63908658794       -0.0110479      -.0666335523129     -169.8564570      13602.315612279    13602.3156123

            TERRA                 0.0              0.0      .37243899703026  .37835279409928                  0.0
                                  0.0              0.0      .06663355231285       10.1435430                  0.0

 E003B                -203984.4640415  407832.72876835      -.0754713255446  .07551975623607      7219.9922890085   .2851611498E-6
                      -353154.1774981     -120.0110479      .00270418240689      177.9479361      13602.312548173        0.0000003

            ST003B    -203984.4640337  407832.72875813      .07547132554464  .07551975623607      -7219.992288723
                      -353154.1774908     -120.0110479      -.0027041824069       -2.0520639      -13602.31254789

 ST003B               -203984.4640337  407832.72875813      -.2039844640337  .40783272875813      83163.767323153  83163.767323153
                      -353154.1774908     -120.0110479      -.3531541774908     -120.0110479      .7275957614E-11        0.0000000

            TERRA                 0.0              0.0      .20398446403369  .40783272875813                  0.0
                                  0.0              0.0      .35315417749078       59.9889521                  0.0

 9049B                -56298.52488444  112559.45982767      -.4656368494034  1.3708719512304      75943.760208689  75943.760208689
                      -97468.49794951     -120.0110478      -1.289368927479     -109.8564489       -13602.3221738   -13602.3221738

            TERRA                 0.0              0.0      .46563684940338  1.3708719512304                  0.0
                                  0.0              0.0      1.2893689274788       70.1435511                  0.0

 ST003B               -203984.4640337  407832.72875813      .12851309776306   .3783527545454      -75943.77541259  -75943.77541259
                      -353154.1774908     -120.0110479       .3558583855629       70.1435492      13602.322356818    13602.3223568

            TERRA                 0.0              0.0      -.1285130977631   .3783527545454                  0.0
                                  0.0              0.0      -.3558583855629     -109.8564508                  0.0

 E003C                -203848.2571567  407832.72877188      .04007772076875  .07551989618834       7219.985891606  .28516387829E-6
                      353232.81658376      119.9889521      .06400805432349       57.9478528      13602.348253619        0.0000003

            ST003C    -203848.2571543  407832.72876167      -.0400777207687  .07551989618834      -7219.985891321
                      353232.81657335      119.9889521      -.0640080543235     -122.0521472      -13602.34825333

 ST003C               -203848.2571543  407832.72876167      -.2038482571543  .40783272876167      83163.767324594  83163.767324594
                      353232.81657335      119.9889521      .35323281657335      119.9889521      -.727595761E-11       -0.0000000

            TERRA                 0.0              0.0       .2038482571543  .40783272876167                  0.0
                                  0.0              0.0      -.3532328165734      -60.0110479                  0.0

 9049C                -56260.93285395  112559.45982865      -.8838077187538  1.3708719353618      75943.760529488  75943.760529488
                      97490.201719562      119.9889522      1.0479378700256      130.1435461        -13602.315321   -13602.3153210

            TERRA                 0.0              0.0      .88380771875381  1.3708719353618                  0.0
                                  0.0              0.0      -1.047937870026      -49.8564539                  0.0

 ST003C               -203848.2571543  407832.72876167      .24392583966255  .37835277113244      -75943.77988099  -75943.77988099
                      353232.81657335      119.9889521        -.28922483325      -49.8564556      13602.316597629    13602.3165976

            TERRA                 0.0              0.0      -.2439258396626  .37835277113244                  0.0
                                  0.0              0.0      .28922483325005      130.1435444                  0.0

 XX0013               -56260.93285395  112559.45982865      .72759576142E-8  .16269535827E-7      -.9140106569E-3  .2168404345E-18
                      97490.201719562      119.9889522      -.1455191523E-7      -63.4349488      -.5468487502E-4              0.0

            MEASUC    -56260.93285395  112559.45982865      -.7275957614E-8  .16269535827E-7       .9140106569E-3
                      97490.201719562      119.9889522      .14551915228E-7      116.5650512      .54684875025E-4

 XX0015               -56298.52488444  112559.45982767      .72759576142E-8  .16269535827E-7      -.9139895002E-3  .1084202172E-18
                      -97468.49794951     -120.0110478      .14551915228E-7       63.4349488      .55037350901E-4              0.0

            MEASUB    -56298.52488444  112559.45982767      -.7275957614E-8  .16269535827E-7       .9139895002E-3
                      -97468.49794951     -120.0110478      -.1455191523E-7     -116.5650512       -.550373509E-4

 XX0017               112559.45773777  112559.45983023      -.1455191523E-7  .14551915662E-7      -.8189778821E-3  .1084202172E-18
                      -21.70377116319       -0.0110478      .3552713679E-11      179.9860118      -.4203004354E-7              0.0

            MEASUA    112559.45773777  112559.45983023      .14551915228E-7  .14551915662E-7      .81897788213E-3
                      -21.70377116319       -0.0110478      -.355271368E-11       -0.0139882       .4203004354E-7

 X0001A               408022.76065868  408022.76212158      -.7820066793E-4  .92348636844993      .1776356839E-14  .1776356839E-14
                      -34.55129779816       -0.0048518      -.9234863651389      -90.0048518      188401.72941828   188401.7294183

            TERRA                 0.0              0.0      .78200667931E-4  .92348636844993                  0.0
                                  0.0              0.0      .92348636513892       89.9951482                  0.0

 X0001B               -204041.3026254  408022.76211393      -.7997235519122  .92348636843261                  0.0              0.0
                      -353340.8003982     -120.0048518      .46181090632189      149.9951482      188401.72941122   188401.7294112

            TERRA                 0.0              0.0      .79972355191216  .92348636843261                  0.0
                                  0.0              0.0      -.4618109063219      -30.0048518                  0.0

 X0001C               -203981.4580375  408022.76211565      .79980175256449   .9234863684365      -.145519152E-10  -.145519152E-10
                      353375.35168906      119.9951482      .46167545882665       29.9951482       188401.7294128   188401.7294128

            TERRA                 0.0              0.0      -.7998017525645   .9234863684365                  0.0
                                  0.0              0.0      -.4616754588266     -150.0048518                  0.0

 X0002A               408034.03399119  408034.03507714      -.6737733029E-4  .92351188276373                  0.0              0.0
                      -29.76923682718       -0.0041802      -.9235118803059      -90.0041802      188412.13998289   188412.1399829

            TERRA                 0.0              0.0      .67377330289E-4  .92351188276373                  0.0
                                  0.0              0.0      .92351188030588       89.9958198                  0.0

 X0002B                -204042.797906  408034.03507018      -.7997510603648  .92351188274797      -.145519152E-10  -.145519152E-10
                      -353352.9544214     -120.0041802      .46181429062134      149.9958198      188412.13997646   188412.1399765

            TERRA                 0.0              0.0      .79975106036479  .92351188274797                  0.0
                                  0.0              0.0      -.4618142906213      -30.0041802                  0.0

 X0002C                -203991.236089  408034.03507198      .79981843768181  .92351188275204      .1455191523E-10  .1455191523E-10
                       353382.7236524      119.9958198      .46169758969313       29.9958198      188412.13997812   188412.1399781

            TERRA                 0.0              0.0      -.7998184376818  .92351188275204                  0.0
                                  0.0              0.0      -.4616975896931     -150.0041802                  0.0

 X0003A               281406.06556213  281406.06861039      -.6849146233E-3  4.6533163160728      -.142108547E-13  -.142108547E-13
                      -41.41973560077       -0.0084333      -4.653316265667      -90.0084333      654735.72525331   654735.7252533

            TERRA                 0.0              0.0      .68491462331E-3  4.6533163160728                  0.0
                                  0.0              0.0      4.6533162656671       89.9915667                  0.0

 X0003B               -140738.9033205   281406.0686045      -4.029547640523  4.6533163159755      -.582076609E-10  -.582076609E-10
                      -243684.0916834     -120.0084333      2.3272512862341      149.9915667      654735.72522592   654735.7252259

            TERRA                 0.0              0.0      4.0295476405231  4.6533163159755                  0.0
                                  0.0              0.0      -2.327251286234      -30.0084333                  0.0

 X0003C               -140667.1622434  281406.06860664      4.0302325550979  4.6533163160108                  0.0              0.0
                      243725.51141609      119.9915667      2.3260649794624       29.9915667      654735.72523586   654735.7252359

            TERRA                 0.0              0.0      -4.030232555098  4.6533163160108                  0.0
                                  0.0              0.0      -2.326064979462     -150.0084333                  0.0

 X0004A               112559.17848169  112559.18004432      -.9118027347E-4  .54720265900526      .8881784197E-15  .8881784197E-15
                      -18.75571444856       -0.0095472      -.5472026514086      -90.0095472      30796.341307852    30796.3413079

            TERRA                 0.0              0.0      .91180273468E-4  .54720265900526                  0.0
                                  0.0              0.0      .54720265140858       89.9904528                  0.0

 X0004B               -56295.83216446  112559.18004188       -.473845806992  .54720265899338                  0.0              0.0
                      -97469.73013511     -120.0095472      .27368029012984      149.9904528      30796.341306516    30796.3413065

            TERRA                 0.0              0.0      .47384580699197  .54720265899338                  0.0
                                  0.0              0.0      -.2736802901298      -30.0095472                  0.0

 X0004C                -56263.3463179  112559.18004279      .47393698725987  .54720265899779       -.18189894E-11   -.18189894E-11
                      97488.485848412      119.9904528      .27352236128202       29.9904528      30796.341307012    30796.3413070

            TERRA                 0.0              0.0      -.4739369872599  .54720265899779                  0.0
                                  0.0              0.0       -.273522361282     -150.0095472                  0.0

     Total network loss  P-loss  by summing injections =   6.377229071944E+05

Output for steady-state phasor switch currents.
      Node-K    Node-M            I-real            I-imag            I-magn          Degrees        Power            Reactive
      X0005A    390A          8.02938626E-01   -4.17398286E+00    4.25051095E+00     -79.1112    1.63886760E+05    8.51819386E+05
      X0005B    390B         -4.01624464E+00    1.39162628E+00    4.25051111E+00     160.8888    1.63886757E+05    8.51819421E+05
      X0005C    390C          3.21330610E+00    2.78235654E+00    4.25051103E+00      40.8888    1.63886714E+05    8.51819411E+05
      X0007A    391A          3.45592073E-01   -1.49997840E+00    1.53927551E+00     -77.0256    4.86649030E+04    2.11154687E+05
      X0007B    391B         -1.47181550E+00    4.50697720E-01    1.53927558E+00     162.9744    4.86649036E+04    2.11154697E+05
      X0007C    391C          1.12622344E+00    1.04928068E+00    1.53927554E+00      42.9744    4.86648941E+04    2.11154694E+05
      XX0012    XX0013            Open              Open              Open             Open          Open              Open
      XX0014    XX0015            Open              Open              Open             Open          Open              Open
      XX0016    XX0017            Open              Open              Open             Open          Open              Open
      9049A     MEASUA        3.11119948E-07    2.38418579E-07    3.91968163E-07      37.4638    1.75071590E-02   -1.34215092E-02
      9049B     MEASUB       -2.38418579E-07   -5.96046448E-07    6.41961671E-07    -111.8014    3.57591831E-02   -5.15911749E-03
      9049C     MEASUC       -4.76837158E-07    1.19209290E-07    4.91512492E-07     165.9638    1.92245205E-02   -1.98900625E-02

Solution at nodes with known voltage.   Nodes that are shorted together by switches are shown as a group of names, with the printed
result applying to the composite group.   The entry "MVA" is  SQRT( P**2 + Q**2 )  in units of power,  while  "P.F."  is the
associated power factor.
              Node                Source  node  voltage             Injected  source  current              Injected  source  power
              name         Rectangular            Polar          Rectangular            Polar            P  and  Q    MVA and P.F.

              X0008A        408248.29        408248.29      .80293862618191  4.2505109505568      163899.16055686  867631.91359554
                                  0.0              0.0       -4.17398285854      -79.1111687      852010.68224419        0.1889040

              X0008B      -204124.145        408248.29      -4.016244642774  4.2505111149348       163899.1570433  867631.94714907
                      -353553.3901916     -120.0000000      1.3916262815751      160.8888306       852010.7170888        0.1889040

              X0008C      -204124.145        408248.29      3.2133060957603  4.2505110267564      163899.11425841  867631.92914973
                      353553.39019156      120.0000000      2.7823565414101       40.8888279      852010.70698988        0.1889040

              X0006A        281691.32        281691.32      .34559207259463  1.5392755087171      48675.143555358   216800.2749471
                                  0.0              0.0      -1.499978403543      -77.0255776       211265.4482328        0.2245161

              X0006B       -140845.66        281691.32      -1.471815503236  1.5392755798055      48675.144101393  216800.28495959
                      -243951.8391456     -120.0000000      .45069772022953      162.9744219      211265.45838179        0.2245161

              X0006C       -140845.66        281691.32       1.126223437489  1.5392755387275      48675.134591719  216800.27917393
                      243951.83914557      120.0000000      1.0492806835996       42.9744197      211265.45463556        0.2245160

  ---- Initial flux of coil  "X0001A"  to  "      "  =  -9.16501639E-02
  ---- Initial flux of coil  "X0001B"  to  "      "  =  -9.37265583E+02
   Warning.  Preceding flux exceeds the 1st segment.  This means that the steady state solution is not really sinusoidal.
  ---- Initial flux of coil  "X0001C"  to  "      "  =  9.37357233E+02
   Warning.  Preceding flux exceeds the 1st segment.  This means that the steady state solution is not really sinusoidal.
  ---- Initial flux of coil  "X0002A"  to  "      "  =  -7.89653532E-02
  ---- Initial flux of coil  "X0002B"  to  "      "  =  -9.37297823E+02
   Warning.  Preceding flux exceeds the 1st segment.  This means that the steady state solution is not really sinusoidal.
  ---- Initial flux of coil  "X0002C"  to  "      "  =  9.37376788E+02
   Warning.  Preceding flux exceeds the 1st segment.  This means that the steady state solution is not really sinusoidal.
  ---- Initial flux of coil  "X0003A"  to  "      "  =  -1.09869261E-01
  ---- Initial flux of coil  "X0003B"  to  "      "  =  -6.46392129E+02
   Warning.  Preceding flux exceeds the 1st segment.  This means that the steady state solution is not really sinusoidal.
  ---- Initial flux of coil  "X0003C"  to  "      "  =  6.46501998E+02
   Warning.  Preceding flux exceeds the 1st segment.  This means that the steady state solution is not really sinusoidal.
  ---- Initial flux of coil  "X0004A"  to  "      "  =  -4.97510778E-02
  ---- Initial flux of coil  "X0004B"  to  "      "  =  -2.58546489E+02
   Warning.  Preceding flux exceeds the 1st segment.  This means that the steady state solution is not really sinusoidal.
  ---- Initial flux of coil  "X0004C"  to  "      "  =  2.58596240E+02
   Warning.  Preceding flux exceeds the 1st segment.  This means that the steady state solution is not really sinusoidal.

Card of names for time-step loop output.          |  9049A 9049B 9049C T_MANAT_MANBT_MANC1_2LTC1_2LTA1_2LTBT_OPOAT_OPOBT_OPOC
Output voltage differences for pairs of A6 names  |-5T_MANAT_MANCT_MANBT_MANAT_MANCT_MANB1_2LTC1_2LTB1_2LTA1_2LTC1_2LTB1_2LTA
Output voltage differences for pairs of A6 names  |-5T_OPOAT_OPOCT_OPOBT_OPOAT_OPOCT_OPOB
Blank card ending requests for output variables.  |BLANK OUTPUT

Column headings for the  43   EMTP output variables follow.  These are divided among the 5 possible classes as follows ....
  First  30     output variables are electric-network voltage differences (upper voltage minus lower voltage);
  Next   13     output variables are branch currents (flowing from the upper node to the lower node);
Branch power  consumption (power  flow, if a switch) is treated like a branch voltage for this grouping (9  variables);
Branch energy consumption (energy flow, if a switch) is treated like a branch current for this grouping (9  variables).
   Step      Time      XX0013     XX0015     XX0017     TERRA      TERRA      TERRA      TERRA      TERRA      TERRA      9049A
                       MEASUC     MEASUB     MEASUA     PRMANA     PRMANB     PRMANC     PROPOA     PROPOB     PROPOC

                       9049B      9049C      T_MANA     T_MANB     T_MANC     1_2LTC     1_2LTA     1_2LTB     T_OPOA     T_OPOB
 

                       T_OPOC     T_MANA     T_MANB     T_MANC     1_2LTC     1_2LTA     1_2LTB     T_OPOA     T_OPOB     T_OPOC
                                  T_MANC     T_MANA     T_MANB     1_2LTB     1_2LTC     1_2LTA     T_OPOC     T_OPOA     T_OPOB

                       XX0012     XX0014     XX0016     TERRA      TERRA      TERRA      TERRA      TERRA      TERRA      XX0013
                       XX0013     XX0015     XX0017     PRMANA     PRMANB     PRMANC     PROPOA     PROPOB     PROPOC     MEASUC

                       XX0015     XX0017     T_OPOB
                       MEASUB     MEASUA     TERRA
 ***      Phasor I(0) =  8.0293863E-01                     Switch  "X0005A"  to  "390A  "  closed in the steady-state.
 ***      Phasor I(0) = -4.0162446E+00                     Switch  "X0005B"  to  "390B  "  closed in the steady-state.
 ***      Phasor I(0) =  3.2133061E+00                     Switch  "X0005C"  to  "390C  "  closed in the steady-state.
 ***      Phasor I(0) =  3.4559207E-01                     Switch  "X0007A"  to  "391A  "  closed in the steady-state.
 ***      Phasor I(0) = -1.4718155E+00                     Switch  "X0007B"  to  "391B  "  closed in the steady-state.
 ***      Phasor I(0) =  1.1262234E+00                     Switch  "X0007C"  to  "391C  "  closed in the steady-state.
 ***      Phasor I(0) =  3.1111995E-07                     Switch  "9049A "  to  "MEASUA"  closed in the steady-state.
 ***      Phasor I(0) = -2.3841858E-07                     Switch  "9049B "  to  "MEASUB"  closed in the steady-state.
 ***      Phasor I(0) = -4.7683716E-07                     Switch  "9049C "  to  "MEASUC"  closed in the steady-state.
      0       0.0   .5294E-19  .5294E-19 .21176E-18        0.0        0.0        0.0        0.0        0.0        0.0 112559.458
                   -56298.525 -56260.933        0.0        0.0        0.0        0.0        0.0        0.0        0.0        0.0
                          0.0        0.0        0.0        0.0        0.0        0.0        0.0        0.0        0.0        0.0
                          0.0        0.0        0.0        0.0        0.0        0.0        0.0        0.0        0.0        0.0
                          0.0        0.0        0.0
    500      .005         0.0        0.0        0.0        0.0        0.0        0.0        0.0        0.0        0.0 -34775.566
                   110076.555 -75283.098        0.0        0.0        0.0        0.0        0.0        0.0        0.0        0.0
                          0.0        0.0        0.0        0.0        0.0        0.0        0.0        0.0        0.0        0.0
                          0.0        0.0        0.0        0.0        0.0        0.0        0.0        0.0        0.0  .2647E-24
                    .2647E-24 .10588E-23        0.0
   1000       .01         0.0        0.0        0.0        0.0        0.0        0.0        0.0        0.0        0.0 -91114.344
                    -11780.74 102896.109        0.0        0.0        0.0        0.0        0.0        0.0        0.0        0.0
                          0.0        0.0        0.0        0.0        0.0        0.0        0.0        0.0        0.0        0.0
                          0.0        0.0        0.0        0.0        0.0        0.0        0.0        0.0        0.0  .2647E-24
                    .2647E-24 .10588E-23        0.0
   1500      .015         0.0        0.0        0.0        0.0        0.0        0.0        0.0        0.0        0.0 91087.1359
                   -102893.64 11807.6919        0.0        0.0        0.0        0.0        0.0        0.0        0.0        0.0
                          0.0        0.0        0.0        0.0        0.0        0.0        0.0        0.0        0.0        0.0
                          0.0        0.0        0.0        0.0        0.0        0.0        0.0        0.0        0.0  .2647E-24
                    .2647E-24 .10588E-23        0.0
   2000       .02         0.0        0.0        0.0        0.0        0.0        0.0        0.0        0.0        0.0 34820.7205
                   75327.4743 -110167.97        0.0        0.0        0.0        0.0        0.0        0.0        0.0        0.0
                          0.0        0.0        0.0        0.0        0.0        0.0        0.0        0.0        0.0        0.0
                          0.0        0.0        0.0        0.0        0.0        0.0        0.0        0.0        0.0  .2647E-24
                    .2647E-24 .10588E-23        0.0
 ***                                                             Close switch  "XX0012"  to  "XX0013"  after  2.00100000E-02  sec.
 ***                                                             Close switch  "XX0014"  to  "XX0015"  after  2.00100000E-02  sec.
 ***                                                             Close switch  "XX0016"  to  "XX0017"  after  2.00100000E-02  sec.
   2500      .025  2.66223476 3039.92006 5.27518749 85.0625632 11.6637846 19.1233653 100.253366 .243732E-3 15.8009087 -107463.78
                   39796.9797 50953.6562 -107463.64 39793.4926  50953.553 32738.6485 -129279.07  297.62342 -116665.32 181.906788
                   46316.2451 -158417.19 147257.132 11160.0605 32441.0251 -162017.71 129576.688 -162981.57 116847.231 46134.3383
                   -51.596848 -1743.5367 72.6304859   .2003168 .299781841 .329781495 213.066419 .501077E-6 11113.1519 .048594438
                   6.71277782 .031962095 1819.06788
   3000       .03   .58240048 .284008834 4.47087891 15.8911068 75.1711661 38.0834342 48.7718779 .711878E-6 64.5768002 46448.3869
                   -101022.43 71905.1627 46448.2532 -101022.46 71905.2109 67815.2318 64407.2845 -54028.912 81372.3861 9.83094187
                   93633.3525 -25456.958 -147470.72 172927.675 121844.144 -3407.9474  -118436.2 -12260.966 -81362.555 93623.5215
                   24.1329749 -16.852562 -66.864631 .405130798 .418228466  .67952666 214.440392 .112425E-5 11114.7433 .058421665
                   15.0269822 .050831049 98.3094187
   3500      .035  1.76182767 1422.85393 .068580246 55.1803129 .894987968 65.8614815 59.6897081 .974269E-4 54.8097193 86553.4683
                   11020.6423 -94560.214 86553.4517  11023.028  -94560.13 -90192.773 79688.5753 5887.44538 90020.6283 -115.00898
                   -86262.313 181113.582 -75530.424 -105583.16 -96080.218 169881.348  -73801.13 176282.942 -90135.637 -86147.304
                   41.9741309 1192.83441 -8.2813192 .734103547 .619130679 .805073139 215.638124 .149037E-5 11114.9211 .069250065
                   19.8818374 .056098216 -1150.0898
   4000       .04  2.98725993 991.158911 1.98530725 61.3923185 73.4911439 .932538022 244.248493 .772498E-4 16.7397577  -91295.58
                   99889.1858 -11251.784 -91295.491 99887.1947 -11251.893 -29969.349 -116731.57 53529.7743 -137418.09 102.409655
                   -47672.387 -80043.598 191182.686 -111139.09 -83499.124 -86762.218 170261.342 -89745.699 137520.496 -47774.796
                   -54.655832 -995.56964 44.5567869 .850690246 .845830491  1.0971144 215.834181 .167041E-5 11116.2883 .076011435
                   22.2774761 .062659462 1024.09655
   4500      .045  .724357E-3 514.592133 .902741123 7.04604807  27.377648 85.8935658   .0584471 .399176E-4 125.820006 -30928.885
                   -60964.941 107987.288 -30928.946 -60966.376 107987.287  120250.54 -8385.4925  -22957.11 2816.91535 73.6163647
                   130697.465 -138916.23  -30037.43 168953.663  143207.65 -128636.03 -14571.618 -127880.55  -2743.299 130623.848
                   -.85109161 -717.35077 -30.045651 1.18308773 .948022589 1.34236371 216.998178 .226596E-5 11116.5877 .079591908
                   30.1805232 .067483787 736.163647
   5000       .05  2.12065704  1842.1922 .227077818 89.8849238 18.7028149 22.9436452 122.970361 .140955E-3 10.6472914 110467.839
                   -50392.882  -55811.57 110467.809 -50390.167 -55811.478 -45324.991 120024.945 -20905.042 129208.932 -138.33539
                    -38019.98 166279.287 -160857.98 -5421.3105  -24419.95 165349.936 -140929.99 167228.912 -129347.27 -37881.645
                   46.0505922 1357.27381 -15.069101 1.37859097 1.22391896 1.49539977 217.695447 .250759E-5 11116.9822 .083343417
                   33.3896851 .071407729 -1383.3539
   5500      .055  1.08678299 29.6992132 1.23347707 8.85583096 69.2625563 39.4620555  43.922432 .176385E-5 86.6110766 -34674.312
                   96971.2769  -73195.06 -34674.242 96970.9322 -73195.126 -87968.007  -55387.17 51074.3122 -77221.014 15.4747205
                   -108437.38 38520.8846 131645.174 -170166.06 -139042.32 32580.8366 106461.482 31216.3694 77236.4891 -108452.86
                   -32.966392  -172.3346 35.1208922 1.57866538 1.34084535 1.84337531 217.921743 .288822E-5 11117.6676 .085662506
                   38.4298933 .074953122 154.747205
   6000       .06   .33205377 1667.45823 .121255239 60.7622897 .364943725 75.7138683 54.1586119 .123716E-3 76.7135982 -90825.809
                    -7036.325 101386.513 -90825.831 -7038.9076 101386.476 100941.306 -87540.031   -2997.39  -85748.41 129.600237
                   102053.638 -192212.31  83786.923 108425.384 103938.696 -188481.34 84542.6408 -187802.05 85878.0101 101924.037
                   -18.222343  -1291.301 -11.011596  1.9074233 1.54148569 1.96846636 218.631035 .336065E-5 11117.8361 .089389793
                   44.7204617 .076596798 1296.00237
   6500      .065  1.29773663 890.908983 .771916729 60.8776303 64.2069005 .939187074 121.567551 .674797E-4 16.4459969 90912.0492
                   -93366.686 11291.8629 90911.9937 -93364.799 11291.9349 28554.5102 110223.668 -47349.783 128469.829 -95.714729
                   47252.2415 79620.0588 -184276.79 104656.734 75904.2928 81669.1576 -157573.45 81217.5878 -128565.54 47347.9562
                   36.0241118  943.87975 -27.783389 2.02346073 1.76592738 2.25873469 218.823113  .35616E-5 11118.4045 .091280461
                   47.3808429 .080491196 -957.14729
   7000       .07   .02024886 474.320732  1.0017563 9.01564099 29.8327011  87.582739 .440113962 .365601E-4 130.372881 34985.6407
                   63639.8579 -109043.94  34985.704 63641.2353 -109043.95 -120832.93 19950.9459 30233.6994 7729.91798 -70.452427
                   -133041.14 144029.654 28655.5313 -172685.19 -151066.63 140783.879 10282.7535 140771.054 -7800.3704 -132970.68
                   -4.4998734 688.709468  31.650534 2.35479491 1.86789083 2.50414577 219.361147 .411506E-5  11118.678 .093661383
                   54.7239168 .082252187 -704.52427
   7500      .075  1.05989327 1897.69626 .006234846 93.3857998 20.5501716  23.215139 129.732105 .142875E-3 9.21754486 -112598.54
                   52822.9549 56140.7824 -112598.53 52820.1997 56140.7172 45143.5822 -123670.01 25294.1267 -132713.79 139.274359
                   35375.2846 -168739.25 165418.733 3320.51749 19849.4555 -168813.59 148964.132 -168089.07 132853.062 35236.0102
                   -32.556002  -1377.569 2.49696739 2.55074561 2.14389577 2.65717764 219.831457 .436314E-5 11119.0043  .09674135
                   58.0307524  .08491053 1392.74359
   8000       .08  .638587613  25.229356 .985711404  8.7758632 69.6134639 41.0399827 40.1373179 .172957E-5 94.2617833  34517.396
                   -97216.583 74644.1201 34517.3332 -97216.266 74644.1706  93091.983 55142.2605 -48945.342  73818.716 -15.323622
                   113125.403 -40126.837  -131733.6 171860.436 142037.325 -37949.723  -104087.6 -39306.687  -73834.04 113140.726
                   25.2702911 158.837514 -31.396041  2.7502625  2.2608614  3.0044857 220.055443 .475362E-5 11119.5216 .098060856
                   63.1958974 .087852981 -153.23622
   8500      .085  .204723817  1639.1067 .313605254 61.4367138 .347373311 77.5246304 56.4286725 .123489E-3 82.3607763 91328.4597
                   6864.81087 -102591.71 91328.4951 6867.37142 -102591.69 -104098.48 88969.0542 3092.71041 87527.0375 -129.48105
                   -105743.22  193920.18 -84461.124 -109459.06 -107191.19  193067.53 -85876.344 193270.257 -87656.519 -105613.74
                    14.308173 1280.27602 17.7089032 3.07916619   2.461198 3.12992601 220.691414 .522065E-5 11119.6908 .101472584
                   69.4136226 .089241837 -1294.8105
   9000       .09  1.03790638 900.153427 .388963974 60.6614225 63.3006409 .925019645 118.892412 .673955E-4 16.5983394 -90750.452
                   92705.4477 -11206.379 -90750.412 92703.5502 -11206.443 -28773.911 -109638.69 46343.2882 -127048.45  95.654988
                    -47470.59 -79543.969 183453.963 -103909.99 -75117.199 -80864.777 155981.976 -79577.863 127144.108 -47566.245
                   -32.216554 -948.76416 19.7221696 3.19520464 2.68564296 3.42000276 220.883663 .542053E-5 11120.2043 .103155195
                   72.0591349 .092833082  956.54988
   9500      .095  .031918092 479.347181 .916125375  9.2445693 30.2148203 88.3468744 .723482299 .367059E-4 134.407815 -35427.044
                   -64046.136 109518.595 -35427.104  -64047.52 109518.606 121874.991 -21866.959 -31610.522 -9910.7442 70.5927844
                   135084.206 -144945.71 -28620.416 173566.126 153485.512 -143741.95 -9743.5626 -144994.95 9981.33699 135013.613
                   5.64960992 -692.34903 -30.267563 3.52621491 2.78772161 3.66546525 221.361829 .597597E-5 11120.4782 .105456512
                   79.4291319 .094343643 705.927844
  10000       0.1  .776711918 1897.17893 .200822E-5 93.5694778 20.7260361 23.4493161 131.382083 .142632E-3  9.4868491 112709.212
                   -53048.486 -56423.215 112709.212 -53045.731  -56423.16 -46190.643 123681.594 -26281.118 133555.071 -139.15563
                   -35888.335 169132.372 -165754.94 -3377.4287 -19909.525 169872.237 -149962.71 169443.406 -133694.23 -35749.179
                   27.8695518 1377.38119 .044813201 3.72230819 3.06361743  3.8185498 221.811252 .622362E-5 11120.7809 .108472943
                   82.7318667 .097005054 -1391.5563
  10500      .105  .500259456 25.2419377  .89879781 8.59884181 69.3264288 41.1557461 38.8018356 .176075E-5 94.9837727 -34167.488
                   97015.9519 -74749.328 -34167.428 97015.6342 -74749.373 -93533.097 -54331.691  48396.072 -72580.248 15.4611271
                   -113557.81 40581.9443 131183.063 -171765.01 -141929.17 39201.4064 102727.763  40977.565 72595.7092 -113573.27
                   -22.366481 -158.87712 29.9799568 3.92171738   3.180617 4.16565849 222.035012 .661365E-5  11121.264 .109689353
                   87.8898867 .099877956 154.611271
  11000       .11   .19225792 1636.84465 .367637425 61.8363052 .343148389 77.6924394  57.951324 .123687E-3 83.1392584 -91624.981
                   -6822.9227 102702.688 -91625.019 -6825.4815  102702.66 104323.487 -89976.436 -3249.6941 -88700.076 129.584957
                   106241.792 -194327.68 84799.5377 109528.141 107573.181 -194299.92 86726.7418 -194941.87 88829.6613 106112.207
                    -13.86571 -1279.3923 -19.173873 4.25065198 3.38094752 4.29120107 222.632177 .708098E-5 11121.4337 .113104976
                   94.1118223 .101243853 1295.84957
  11500      .115  .955503333 900.722351 .314999452 60.6850381 63.3178497  .94155398 119.409047 .672832E-4  16.856034 90768.1109
                   -92718.049 11306.0929 90768.0754  -92716.15 11306.1547 29126.4159 109865.406 -46196.309 127324.192 -95.575266
                   47837.6693 79461.9207 -183484.23 104022.305 75322.7248 80738.9896 -156061.71 79486.5228 -127419.77 47933.2446
                    30.911217 949.063934 -17.748224 4.36670904 3.60537206 4.58124978  222.82455 .728091E-5 11121.9368 .114760981
                    96.758049 .104836668 -955.75266
  12000       .12  .028330394 479.625928 .892041353 9.30956589 30.3101046 88.6251303 .757032692 .366633E-4 143.304498 35551.3665
                   64147.0447 -109690.93 35551.4262 64148.4298 -109690.94  -122377.3 22174.8963 31825.8694  10137.938 -70.551779
                   -135880.25 145242.366 28597.0036 -173839.37 -154203.17 144552.195 9650.97305 146018.191  -10208.49  -135809.7
                   -5.3226303 692.550307 29.8670614 4.69764166 3.70747215 4.82670418 223.316905 .783623E-5  11122.211 .117057019
                   104.126047 .106322996 -705.51779
  12500      .125  .742736658 1897.21454 .921673E-3 93.6399844 20.7561325 23.5240509 131.513879 .142646E-3 9.69222594 -112751.67
                   53086.9857 56513.0551 -112751.67 53084.2309 56513.0006 46544.1397 -123694.86 26480.8771 -133622.04 139.162601
                   36274.7207 -169264.67   165835.9 3428.76977 20063.2626   -170239. 150175.734 -169896.76 133761.205 36135.5581
                   -27.253195 -1377.3941 -.96003821 4.89378289 3.98336717 4.97981888 223.765626 .808389E-5 11122.5166 .120080521
                   107.429311 .108992623 1391.62601
  13000       .13  .482367022 25.1626915 .858439223 8.56731169 69.2510842 41.2087325 38.4481996 .176071E-5 95.0286438 34104.7871
                   -96963.218 74797.4317 34104.7285 -96962.901 74797.4756 93607.7675 54112.6248  -48293.62 72248.7465 -15.460945
                   113584.633 -40692.747 -131067.63 171760.377 141901.388 -39495.143 -102406.24 -41335.886 -72264.207 113600.094
                   21.9628555 158.627524 -29.299133 5.09315844 4.10037223 5.32689903 223.989275 .847397E-5 11122.9954 .121282072
                   112.587931 .111852878 -154.60945
  13500      .135  .182609706 1636.53256 .369389941 61.9417813 .344502262 77.7715481 58.3081441 .123714E-3 83.3677107 91703.0912
                   6836.37449 -102754.96 91703.1297 6838.93303 -102754.93 -104440.06 90205.5125 3296.26878 88972.7311 -129.59908
                   -106387.66 194458.064 -84864.197 -109593.87 -107736.33 194645.569 -86909.244  195360.39  -89102.33 -106258.06
                   13.5133159 1279.27032 19.2195198 5.42208717 4.30069008 5.45246781 224.581064 .894128E-5 11123.1652 .124701963
                    118.80941 .113218769 -1295.9908
  14000       .14  .920249509 901.119435 .302883926 60.6902414  63.306925 .939178249 119.341596 .672718E-4 16.8493094 -90772.001
                   92710.0501 -11291.821 -90771.967 92708.1515 -11291.882 -29140.984 -109883.06  46214.418 -127288.23 95.5672169
                   -47828.126 -79480.085 183480.118 -104000.03 -75355.402  -80742.08 156097.482   -79460.1 127383.793 -47923.693
                   -30.335615 -949.27311 17.4035607 5.53815614 4.52511138 5.74249953 224.773495 .914119E-5 11123.6624 .126353525
                   121.455519 .116816464 955.672169
  14500      .145  .026148278 479.671566 .891980818 9.32290732 30.3016034 88.6912096 .780063909 .366567E-4 151.625863 -35576.831
                   -64138.048 109731.815 -35576.891 -64139.433 109731.825 122459.521 -22296.015 -31869.446 -10290.996 70.5454344
                   136008.317 -145308.72 -28562.542 173871.258 154328.967 -144755.54 -9573.4308 -146299.31 10361.5413 135937.772
                   5.11353868 -692.58326 -29.866048 5.86907455 4.62721864 5.98794777 225.268278 .969653E-5 11123.9372 .128648156
                   128.823867 .118297302 705.454344
  15000       .15  .733009283 1896.87733 .001535084 93.6892724  20.772358 23.5303564 131.754541 .142645E-3 9.71327567 112781.336
                    -53107.73 -56520.628 112781.339 -53104.975 -56520.574 -46601.861  123752.12  -26504.08 133744.247 -139.16185
                    -36314.09 169301.913 -165886.31 -3415.5988 -20097.781 170353.981  -150256.2 170058.337 -133883.41 -36174.929
                   27.0741442  1377.2717 1.23898511 6.06522936 4.90311302 6.14107598 225.715266 .994419E-5 11124.2455 .131673987
                   132.127054 .120970852 -1391.6185
  15500      .155  .475454952 25.1531385 .841068161 8.55659972 69.2384207  41.217881 38.4260484 .176112E-5 95.1026711 -34083.459
                   96954.3524 -74805.734 -34083.401 96954.0352 -74805.778 -93677.637 -54125.937 48254.5377 -72227.931 15.4627682
                   -113628.87 40722.3771 131037.436 -171759.81 -141932.18    39551.7 102380.475 41400.9342 72243.3939 -113644.33
                    -21.80493 -158.59741 29.0011752 6.26459661 5.02011745 6.48814619 225.938885 .103343E-4 11124.7241 .132872309
                   137.285449 .123830154 154.627682
  16000       .16  .182075283 1636.57153 .368758465 61.9557866 .345103281 77.8073385 58.3923846 .123717E-3 83.5137142 -91713.458
                   -6842.3375 102778.602 -91713.496  -6844.896 102778.575 104491.473  -90259.31 -3320.3553 -89036.979 129.600521
                   106480.777 -194492.07 84868.6003 109623.471 107811.828 -194750.78 86938.9543 -195517.76 89166.5799 106351.177
                   -13.493527 -1279.2856 -19.203085 6.59352059  5.2204366 6.61372113 226.530612 .108016E-4  11124.894 .136294683
                   143.507095 .125195357 1296.00521
  16500      .165  .915089427 901.136388 .299503514 60.6887766 63.3227537 .941198412 119.450289 .672645E-4 16.8414549 90770.9059
                   -92721.639 11303.9592 90770.8713 -92719.741 11304.0197 29113.1842 109880.587 -46196.026 127346.178 -95.562007
                    47816.977 79466.8516 -183490.61  104023.76 75309.2105 80767.4029 -156076.61 79529.2011 -127441.74  47912.539
                   30.2504451 949.282038  -17.30617 6.70959326 5.44485544   6.903752  226.72306 .110015E-4 11125.3902 .137945815
                   146.153266 .128794219 -955.62007
  17000       .17  .025450721 479.691045 .886931447 9.33651172 30.3162144 88.6957606 .784587137 .366544E-4 151.892933 35602.7799
                   64153.5096 -109734.63 35602.8395 64154.8948 -109734.64 -122472.14 22332.1507 31862.5072 10320.7891 -70.543223
                   -136012.42  145337.48 28552.0553 -173889.53 -154334.64 144804.287 9530.35647 146333.213 -10391.332 -135941.88
                   -5.0448708 692.597318 29.7813943 7.04050695 5.54696368 7.14919743 227.218946 .115568E-4  11125.665 .140239354
                    153.52145 .130273483 -705.43223
  17500      .175  .733981172 1896.99408  .00159354  93.692917 20.7693402 23.5429642 131.777601 .142648E-3 9.71956108 -112783.53
                   53103.8723 56535.7685 -112783.53 53101.1177 56535.7143 46603.9709 -123782.81 26516.4864 -133755.95 139.163668
                   36325.8378 -169319.25  165884.65 3434.59662 20087.4845 -170386.78 150299.298 -170081.79 133895.114 36186.6741
                   -27.092087 -1377.3141 -1.2623548 7.23666415 5.82285833 7.30232807 227.665205 .118045E-4 11125.9737 .143265679
                   156.824696 .132948332 1391.63668
  18000       .18  .474506967 25.1556758 .843282241 8.56124699 69.2387313 41.2288698 38.4243922 .176075E-5 95.1425104 34092.7132
                    -96954.57 74815.7053 34092.6552 -96954.253 74815.7489 93672.8627 54102.0936 -48264.552 72226.3746 -15.461147
                   113652.663 -40723.094 -131046.91 171770.002 141937.415 -39570.769 -102366.65 -41426.288 -72241.836 113668.124
                   21.7831809 158.605409 -29.039322 7.43602984 5.93986369 7.64939814 227.888822 .121946E-4 11126.4522 .144463385
                   161.983188 .135807406 -154.61147
  18500      .185  .181648233 1636.50448  .36996658 61.9696087 .345344838 77.8116783  58.381173 .123721E-3 83.5279996 91723.6877
                   6844.73267 -102781.47 91723.7262 6847.29119 -102781.44 -104513.75 90258.2507 3314.80536 89028.4312 -129.60252
                   -106489.88 194505.168 -84876.435 -109628.73 -107828.55 194771.998 -86943.445 195518.315 -89158.034 -106360.28
                    13.477694 1279.25935 19.2345153 7.76495551 6.14018102 7.77497431 228.480315 .126619E-4  11126.622 .147886174
                    168.20473 .137172646 -1296.0252
  19000       .19   .91226006  901.14541  .29764052 60.6916189 63.3064916  .93797356 119.334943 .672666E-4 16.8262511 -90773.031
                   92709.7328 -11284.577 -90772.997 92707.8342 -11284.637 -29113.312 -109879.07 46218.6552 -127284.68 95.5635173
                   -47795.388 -79488.359 183480.831 -103992.47 -75331.967 -80765.758 156097.725 -79489.289 127380.241 -47890.952
                   -30.203643 -949.28679 17.2522613 7.88102953 6.36460102 8.06500413 228.672772 .128618E-4 11127.1182 .149537109
                    170.85087 .140771721 955.635173
  19500      .195   .02564324 479.698241 .887753423 9.33050091 30.3007455 88.7052461 .788166736 .366543E-4 153.120897 -35591.318
                    -64137.14 109740.498 -35591.377 -64138.525 109740.508 122476.418 -22340.141 -31873.416 -10344.306 70.5431682
                   136031.301 -145331.88 -28547.148 173879.033 154349.834 -144816.56 -9533.2748 -146375.61 10414.8493 135960.758
                   5.06391545 -692.60251 -29.795191  8.2119413 6.46670929 8.31045047 229.169142 .134171E-4 11127.3931 .151830602
                   178.219162 .142250714 705.431682
  20000       0.2  .729582373 1896.87755 .001647329 93.7064066 20.7751677 23.5356634 131.829893 .142648E-3 9.72246444 112791.649
                   -53111.321 -56527.002 112791.651 -53108.567 -56526.948  -46617.73 123780.974 -26509.347 133782.486 -139.16329
                   -36331.263 169318.599 -165900.22 -3418.3807 -20108.383 170398.705 -150290.32 170113.749 -133921.65   -36192.1
                   27.0107825 1377.27178 1.28348307 8.40809946 6.74260366 8.46358237   229.6152 .136648E-4 11127.7019 .154857234
                   181.522376 .144925811 -1391.6329
  20500      .205  .472337936 25.1539388 .837897504 8.55560928 69.2359973 41.2216772  38.419879   .1761E-5 95.1209258 -34081.486
                   96952.6557 -74809.179 -34081.428 96952.3385 -74809.223 -93689.066 -54123.757 48249.0815 -72222.133 15.4622123
                   -113639.77 40727.7945 131033.767 -171761.56 -141938.15 39565.3092 102372.838 41417.6375 72237.5949 -113655.23
                   -21.733337 -158.59993 28.9464593 8.60746537 6.85960765 8.81064895 229.838816 .140548E-4 11128.1802 .156054612
                   186.680798 .147784976 154.622123
  21000       .21  .182374346 1636.54304 .369055633   61.96403 .345252925 77.8168265   58.41913 .123716E-3 83.5474209 -91719.559
                   -6843.8214 102784.868 -91719.597 -6846.3799 102784.841 104507.101 -90276.965 -3324.7738 -89057.368 129.600333
                   106502.263 -194504.44 84873.2176 109631.221 107831.875 -194784.07  86952.191 -195559.63 89186.9682 106372.663
                   -13.504605 -1279.2744 -19.210821 8.93638885 7.05992672 8.93622567 230.430309 .145222E-4 11128.3501 .159477597
                   192.902407 .149149919 1296.00333
  21500      .215  .913476438 901.139587 .297959363 60.6912348 63.3237962 .940926454 119.463369 .672639E-4 16.8380854 90772.7441
                   -92722.403  11302.326 90772.7096 -92720.504 11302.3864 29108.5973 109885.537 -46197.593  127353.15 -95.561592
                   47812.1933 79470.3232 -183493.21  104022.89 75306.1902 80776.9398 -156083.13 79540.9569 -127448.71 47907.7549
                   30.2237727 949.283723 -17.261499 9.05246297 7.28434595  9.2262568 230.622765 .147221E-4 11128.8463 .161128601
                   195.548572 .152749338 -955.61592
  22000       .22  .025314001 479.703918  .88544672 9.33788756 30.3162224 88.7005064 .785875229 .366544E-4 152.548898 35605.4031
                    64153.518 -109737.57 35605.4626 64154.9033 -109737.58 -122480.24 22338.8131 31862.6499 10329.2577  -70.54322
                   -136022.51 145343.038 28549.4407 -173892.48 -154342.89 144819.055 9523.83688 146351.766 -10399.801 -135951.97
                   -5.0313021 692.606611 29.7564568 9.38337462 7.38645439 9.47170171 231.119142 .152774E-4 11129.1211 .163421896
                   202.916786 .154228152  -705.4322
  22500      .225  .733207664 1896.98603 .001616026 93.6966273 20.7694319 23.5451982 131.791732 .142649E-3 9.72463176 -112785.76
                   53103.9896 56538.4507 -112785.77  53101.235 56538.3966 46611.8877  -123788.2 26517.0124 -133763.12 139.163714
                   36335.3121 -169324.16 165887.001 3437.16158 20094.8753 -170400.09 150305.211 -170098.43 133902.285 36196.1484
                   -27.077808 -1377.3112   -1.27123 9.57953266 7.66234859 9.62483335 231.565232 .155251E-4   11129.43 .166448556
                   206.220021 .156903275 1391.63714
  23000       .23  .473717329 25.1566513 .842320768 8.56088976 69.2379546 41.2289044 38.4212215 .176077E-5 95.1410643 34092.0019
                   -96954.026 74815.7368 34091.9439 -96953.709 74815.7803 93672.5555 54100.0394 -48263.613 72223.3946 -15.461212
                   113651.799 -40723.836 -131045.65 171769.489 141936.169 -39572.516 -102363.65 -41428.405 -72238.856  113667.26
                   21.7650483 158.608484 -29.022763 9.77889816 7.77935398 9.97190249 231.788849 .159151E-4 11129.9083 .167645981
                   211.378496  .15976229 -154.61212
  23500      .235  .181721109 1636.50782 .369891465 61.9721868 .345347423 77.8136206 58.3904467 .123721E-3 83.5338393 91725.5957
                   6844.75829 -102782.75 91725.6342 6847.31682 -102782.72 -104516.35 90264.2046 3315.72239 89035.5019 -129.60269
                   -106493.61 194508.358 -84878.317 -109630.04 -107832.08 194780.558 -86948.482 195529.108 -89165.105   -106364.
                   13.4803973 1279.26066 19.2325626 10.1078235 7.97967152 10.0974791 232.380273 .163825E-4 11130.0782 .171068836
                   217.600056 .161127459 -1296.0269
  24000       .24  .911729366 901.143602 .297325193 60.6927279 63.3068796 .937907454 119.341322 .672663E-4 16.8256888 -90773.861
                   92710.0169 -11284.179 -90773.826 92708.1183  -11284.24 -29112.474 -109881.58 46219.0244 -127288.08 95.5632896
                    -47794.59 -79489.586 183481.944 -103992.36 -75331.499 -80769.109 156100.608  -79493.49 127383.643 -47890.153
                   -30.194857 -949.28584 17.2431202  10.223898 8.20409134  10.387509 232.572731 .165824E-4 11130.5743 .172719751
                   220.246201 .164726728 955.632896
  24500      .245  .025577937 479.697135 .887415053 9.33079034 30.3007932  88.706436  .78839747 .366541E-4 153.298481  -35591.87
                    -64137.19 109741.234 -35591.929 -64138.576 109741.244 122478.634 -22341.325 -31873.345  -10345.82 70.5429803
                    136034.03 -145333.17 -28546.647 173879.819 154351.979 -144819.96 -9532.0195 -146379.85 10416.3631 135963.487
                   5.05746348 -692.60171 -29.789512 10.5548093  8.3061996 10.6329551 233.069182 .171377E-4 11130.8492 .175013183
                   227.614475 .166205602 705.429803
  25000       .25  .729511725 1896.87801 .001654956 93.7074864 20.7751821 23.5362775 131.833948 .142648E-3 9.72388215 112792.299
                    -53111.34 -56527.739 112792.301 -53108.585 -56527.685 -46619.851 123782.618 -26509.369 133784.544 -139.16344
                   -36333.912 169319.986 -165900.89 -3419.0998 -20110.482 170402.469 -150291.99 170118.455 -133923.71 -36194.748
                   27.0094747 1377.27195 1.28645103 10.7509677 8.58209413 10.7860873   233.5152 .173854E-4 11131.1581  .17803991
                   230.917695 .168880755 -1391.6344
  25500      .255  .472178516 25.1535428 .837579509 8.55558295 69.2358565 41.2216626 38.4196221 .176096E-5 95.1205355 -34081.434
                   96952.5571 -74809.166 -34081.376 96952.2399 -74809.209 -93688.958 -54123.628 48248.9237 -72221.891 15.4620639
                   -113639.54 40727.8337 131033.615 -171761.45 -141937.88 39565.3299 102372.551 41417.6458 72237.3533   -113655.
                   -21.729669 -158.59868 28.9409659 10.9503335 8.69909807 11.1331537 233.738817 .177754E-4 11131.6364 .179237216
                   236.076127 .171739919 154.620639
  26000       .26  .182387058 1636.54184 .368989585 61.9646197 .345258345 77.8174149 58.4210677 .123716E-3 83.5494332 -91719.996
                   -6843.8751 102785.257 -91720.034 -6846.4337  102785.23 104508.061 -90278.206 -3324.9667 -89058.845 129.600253
                   106503.546 -194505.26 84873.6003 109631.664 107833.027 -194786.27 86953.2392 -195562.39  89188.445 106373.945
                   -13.505075 -1279.2739 -19.209102 11.2792569 8.89941703 11.2587306 234.330314 .182428E-4 11131.8062 .182660219
                   242.297727 .173104834 1296.00253
  26500      .265  .913323219 901.141504 .297895624 60.6915051 63.3238676  .94088952 119.464663  .67264E-4 16.8375975 90772.9462
                   -92722.455 11302.1042 90772.9117 -92720.556 11302.1646 29107.9901 109886.062 -46197.693  127353.84 -95.561659
                   47811.5005 79470.7471 -183493.47 104022.721  75305.683 80778.0719 -156083.75 79542.3392  -127449.4 47907.0622
                   30.2212379 949.284733 -17.259653 11.3953311 9.12383634 11.5487617  234.52277 .184427E-4 11132.3024 .184311227
                    244.94389 .176704297 -955.61659
  27000       .27  .025293944  479.70486 .885353862 9.33796894 30.3161738 88.7006916 .785967368 .366544E-4 152.568928 35605.5582
                   64153.4666 -109737.68 35605.6178 64154.8519 -109737.69 -122480.51 22339.2655 31862.6138 10329.8632 -70.543279
                   -136022.82 145343.308 28549.2341 -173892.54 -154343.13 144819.778 9523.34831 146352.679 -10400.406 -135952.27
                   -5.0293085 692.607291 29.7548965 11.7262427 9.22594481 11.7942065 235.019165  .18998E-4 11132.5772 .186604495
                   252.312112 .178183079 -705.43279
  27500      .275  .733197591 1896.98379 .001617366 93.6969921 20.7694442  23.545334 131.793304 .142648E-3  9.7248926 -112785.98
                   53104.0053 56538.6138 -112785.99 53101.2507 56538.5597 46612.2837 -123788.83  26516.979 -133763.92  139.16366
                   36335.7994 -169324.54 165887.236 3437.30898 20095.3047 -170401.11 150305.809 -170099.72 133903.083 36196.6357
                   -27.077622 -1377.3103  -1.271757 11.9224008 9.50183893 11.9473383 235.465236 .192457E-4 11132.8862 .189631175
                   255.615344  .18085822  1391.6366
  28000       .28  .473669411 25.1568191 .842239456 8.56091157 69.2379849 41.2289174 38.4214324 .176078E-5 95.1411418 34092.0454
                   -96954.047 74815.7486 34091.9873  -96953.73 74815.7921 93672.6049 54100.1843 -48263.589 72223.5928 -15.461258
                   113651.845 -40723.805 -131045.72 171769.522 141936.194 -39572.421 -102363.77 -41428.253 -72239.054 113667.307
                   21.7639475 158.609013 -29.021362 12.1217663 9.61884434 12.2944073 235.688853 .196357E-4 11133.3645 .190828584
                   260.773813  .18371724 -154.61258
  28500      .285  .181732366  1636.5092 .369872928 61.9723108  .34534814 77.8137986 58.3908254 .123721E-3 83.5345008 91725.6875
                    6844.7654 -102782.87  91725.726 6847.32392 -102782.84 -104516.67 90264.4459 3315.75345 89035.7907 -129.60274
                   -106494.03 194508.568 -84878.402 -109630.17 -107832.42 194781.115 -86948.692 195529.819 -89165.393 -106364.43
                   13.4808148 1279.26119 19.2320807 12.4506916 9.81916194  12.419984 236.280281  .20103E-4 11133.5343 .194251445
                   266.995379 .185082398 -1296.0274
  29000       .29  .911702048  901.14271   .2973062 60.6928056 63.3068758 .937895382  119.34167 .672662E-4 16.8254949 -90773.919
                   92710.0141 -11284.107 -90773.884 92708.1155 -11284.167 -29112.247 -109881.72 46219.0351 -127288.27 95.5632414
                   -47794.314 -79489.717    183482. -103992.28 -75331.283 -80769.468 156100.751 -79493.951 127383.829 -47889.878
                   -30.194404 -949.28537 17.2425694 12.5667661 10.0435817 12.7100139  236.47274  .20303E-4 11134.0305 .195902363
                   269.641525 .188681677 955.632414
  29500      .295  .025573321 479.696651   .8873798 9.33080999 30.3007954 88.7064613 .788417836 .366541E-4  153.30114 -35591.907
                   -64137.193 109741.249 -35591.967 -64138.578 109741.259 122478.675 -22341.424 -31873.337 -10345.954 70.5429408
                   136034.071 -145333.23 -28546.611 173879.837 154352.012  -144820.1 -9531.9127 -146380.02 10416.4967 135963.528
                   5.05700718 -692.60137 -29.788921 12.8976774 10.1456899   12.95546 236.969197 .208583E-4 11134.3053 .198195786
                   277.009794 .190160543 705.429408
  % % % % % %   Final time step,  PLTFIL  dumps plot data to ".PL4" disk file.
  Done dumping plot points to C-like disk file.
  30000       0.3  .729509463 1896.87903 .001654943   93.70758 20.7751905 23.5363135 131.834337 .142648E-3 9.72395535 112792.355
                    -53111.35 -56527.782 112792.357 -53108.596 -56527.728 -46619.964 123782.779 -26509.366 133784.741 -139.16348
                   -36334.048 169320.086 -165900.95 -3419.1324 -20110.598 170402.743 -150292.14 170118.789  -133923.9 -36194.885
                   27.0094329 1377.27232 1.28644566 13.0938358 10.4215845 13.1085922 237.415209  .21106E-4 11134.6143 .201222518
                   280.313016   .1928357 -1391.6348

Extrema of output variables follow.   Order and column positioning are the same as for the preceding time-step loop output.
Variable maxima :  72.0763839 3378.17794 17.6782437 135.263268 351.437352 2438.82229 .2518422E7 .252721E-3 .2872794E8 116295.807
                    139017.41 125558.841 116295.785 139015.207 125558.818 138084.833 141261.818 111233.273 153653.766 185.230774
                   159879.156 209048.111 253257.797 203152.893 199103.181 226492.831 237185.579 235216.517 191628.844 159846.028
                   268.470453 1405.61763 132.959557 13.0938358 10.4215845 13.1085922 237.415209  .21106E-4 11134.6143 .201222518
                   280.313016   .1928357 1852.30774
Times of maxima :      .02047     .02536     .02086     .02404     .02265     .02067     .02383     .02567     .02087     .03283
                       .02265     .02667     .03283     .02265     .02667     .02818     .03271     .02181     .03293     .02567
                       .02945     .02063     .02404     .02924     .02797     .02073     .02394     .03415     .02383     .02945
                       .02047     .28387     .02086        0.3        0.3        0.3        0.3        0.3        0.3        0.3
                          0.3        0.3     .02567
Variable minima :         0.0        0.0        0.0        0.0        0.0        0.0        0.0        0.0        0.0 -135513.39
                   -112766.37  -165071.6  -135513.4 -111192.55 -165071.45 -209878.69  -155537.3 -76955.198 -191481.36 -142.27849
                   -206577.77 -223470.08 -200691.04 -246240.02 -238236.91 -235742.93  -182685.8 -251868.62 -153769.93 -206613.85
                   -105.56362  -1837.982 -116.58422        0.0        0.0        0.0        0.0        0.0        0.0        0.0
                          0.0        0.0 -1422.7849
Times of minima :       .1E-4      .1E-4      .1E-4        0.0        0.0        0.0        0.0        0.0        0.0     .02404
                       .01394     .02067     .02404      .0309     .02067     .02073     .02415      .0301     .02383     .06725
                       .02087     .02666     .03166     .02064     .02052     .02672     .03153     .02679     .03293     .02087
                       .02382     .02536     .02717        0.0        0.0        0.0        0.0        0.0        0.0        0.0
                          0.0        0.0     .06725

Blank card terminating all plot cards.            |BLANK PLOT

  ---- Initial flux of coil  "X0001A"  to  "      "  =  -9.16501639E-02
  ---- Initial flux of coil  "X0001B"  to  "      "  =  -9.37265583E+02
   Warning.  Preceding flux exceeds the 1st segment.  This means that the steady state solution is not really sinusoidal.
  ---- Initial flux of coil  "X0001C"  to  "      "  =  9.37357233E+02
   Warning.  Preceding flux exceeds the 1st segment.  This means that the steady state solution is not really sinusoidal.
  ---- Initial flux of coil  "X0002A"  to  "      "  =  -7.89653532E-02
  ---- Initial flux of coil  "X0002B"  to  "      "  =  -9.37297823E+02
   Warning.  Preceding flux exceeds the 1st segment.  This means that the steady state solution is not really sinusoidal.
  ---- Initial flux of coil  "X0002C"  to  "      "  =  9.37376788E+02
   Warning.  Preceding flux exceeds the 1st segment.  This means that the steady state solution is not really sinusoidal.
  ---- Initial flux of coil  "X0003A"  to  "      "  =  -1.09869261E-01
  ---- Initial flux of coil  "X0003B"  to  "      "  =  -6.46392129E+02
   Warning.  Preceding flux exceeds the 1st segment.  This means that the steady state solution is not really sinusoidal.
  ---- Initial flux of coil  "X0003C"  to  "      "  =  6.46501998E+02
   Warning.  Preceding flux exceeds the 1st segment.  This means that the steady state solution is not really sinusoidal.
  ---- Initial flux of coil  "X0004A"  to  "      "  =  -4.97510778E-02
  ---- Initial flux of coil  "X0004B"  to  "      "  =  -2.58546489E+02
   Warning.  Preceding flux exceeds the 1st segment.  This means that the steady state solution is not really sinusoidal.
  ---- Initial flux of coil  "X0004C"  to  "      "  =  2.58596240E+02
   Warning.  Preceding flux exceeds the 1st segment.  This means that the steady state solution is not really sinusoidal.

Card of names for time-step loop output.          |  9049A 9049B 9049C T_MANAT_MANBT_MANC1_2LTC1_2LTA1_2LTBT_OPOAT_OPOBT_OPOC
Output voltage differences for pairs of A6 names  |-5T_MANAT_MANCT_MANBT_MANAT_MANCT_MANB1_2LTC1_2LTB1_2LTA1_2LTC1_2LTB1_2LTA
Output voltage differences for pairs of A6 names  |-5T_OPOAT_OPOCT_OPOBT_OPOAT_OPOCT_OPOB
Blank card ending requests for output variables.  |BLANK OUTPUT

The data case now ready to be solved is a statistical overvoltage study that involves  NENERG = 50   simulations.
Closing or opening times for  "STATISTICS"  switches are to be varied randomly according to a Normal   distribution.   The following
is a listing of switches that are to have closing or opening times varied randomly.
          Entry    Switch      From        To         Columns 15-24        Columns 25-34       Reference switch number
         number    number       bus       bus          (in seconds)         (in seconds)       (0 implies independence)
              1         7    XX0012    XX0013             0.020000             0.000833               0
              2         8    XX0014    XX0015             0.020000             0.000833               0
              3         9    XX0016    XX0017             0.020000             0.000833               0
In addition to variation of the switching time that is caused by each switch`s own distribution, there is the added random delay
that is the same for all switches.  This added random delay is called "reference angle," and it has a uniform distribution over the
time interval  0.00000000E+00   to  3.60000000E+02   degrees at frequency  6.00000000E+01   (data fields  DEGMIN, DEGMAX, and STATFR
of the  STARTUP file).   However, if  "ITEST"  (columns 9-16 of the  STATISTICS  miscellaneous data card) is positive, the reference
angle is set to zero, and there is no such added random delay.
In the following output, for each simulation there will be a tabulation of switch times that were used, followed by a display of
peak values that occurred during the simulation.  Format for this latter output is identical to that for the extrema of a
conventional (non-statistical) simulation.
Well, almost identical!  Output of the reference angle in degrees has been added at the extreme left in otherwise blank space.

                       XX0013     XX0015     XX0017     TERRA      TERRA      TERRA      TERRA      TERRA      TERRA      9049A
  Reference angle      MEASUC     MEASUB     MEASUA     PRMANA     PRMANB     PRMANC     PROPOA     PROPOB     PROPOC

                       9049B      9049C      T_MANA     T_MANB     T_MANC     1_2LTC     1_2LTA     1_2LTB     T_OPOA     T_OPOB
 

                       T_OPOC     T_MANA     T_MANB     T_MANC     1_2LTC     1_2LTA     1_2LTB     T_OPOA     T_OPOB     T_OPOC
                                  T_MANC     T_MANA     T_MANB     1_2LTB     1_2LTC     1_2LTA     T_OPOC     T_OPOA     T_OPOB

                       XX0012     XX0014     XX0016     TERRA      TERRA      TERRA      TERRA      TERRA      TERRA      XX0013
                       XX0013     XX0015     XX0017     PRMANA     PRMANB     PRMANC     PROPOA     PROPOB     PROPOC     MEASUC

                       XX0015     XX0017     T_OPOB
                       MEASUB     MEASUA     TERRA
             Random switching times for simulation number  1  :
                                   7  2.6631773E-02    8  2.8287203E-02    9  2.5762842E-02
             ==== Table dumping for all subsequent restorations.  Time [sec] = 1.75000000E-02

 153.161           75.7504443 3354.01609 63.6470055 1209.41989 131.038687 2883.87744 .1046343E8 .251827E-3 .3347526E8 -150710.58
                   -133382.33 169777.845 -150710.53 -133380.42   169777.6  209332.47 195362.838 -138500.58 198514.896  -184.9028
                   208578.288  -250142.8 -228424.37 278767.781 287584.046 -283461.83  -247977.3 -275822.76  -198655.9  208582.56
                   -275.22799 1831.39731 -252.28358 12.8738018 10.2369773 12.8927568  2857.9711 .204766E-4 9694.16298 .202721168
                   271.905876 .243132021  -1849.028
Times of maxima :      .02718     .03346     .02884     .02645     .03093     .02731     .03211     .03312     .02751     .02645
                       .03093     .02731     .02645     .03093     .02731     .02735     .03196     .03082     .03211     .03312
                       .02751     .02729     .03229     .02734     .02745     .02736     .03079     .02751     .03211     .02751
                       .02718     .03346     .02884        0.3        0.3        0.3        0.3        0.3        0.3        0.3
                          0.3        0.3     .03312
             Random switching times for simulation number  2  :
                                   7  3.6287359E-02    8  3.4966930E-02    9  3.7022331E-02

 347.353           64.7207944 3825.76702 9.38299255 111.167328 110.181782 2676.21074 2369.41093 .298677E-3 .3091594E8 -122851.63
                   122307.804 -167609.21 -122851.62 122305.844 -167609.02 -207163.97 -146644.78 68778.6112   -164317. 201.369214
                   -207504.28  206970.29 213983.296 -269823.37 -243694.16 -209066.53 182739.175 -213199.73 164508.998 -207560.05
                   254.402819 -1955.9568 96.8658482 12.3070248 9.81607893 12.3258807 22.3021231 .201766E-4 12579.2491 .168415041
                   268.070003 .135239324 2013.69214
Times of maxima :      .03676     .04166       .038     .04118     .03822     .03696     .04121     .04197     .03716     .04118
                       .03822     .03696     .04118     .03822     .03696     .03685     .04106     .03906     .04121     .04197
                       .03716     .03694     .04035     .03696     .03683     .04334     .04107     .04359     .04121     .03716
                       .03676     .04166       .038        0.3        0.3        0.3        0.3        0.3        0.3        0.3
                          0.3        0.3     .04197
             Random switching times for simulation number  3  :
                                   7  2.0510918E-02    8  2.0454304E-02    9  2.0835751E-02

  7.8473           62.4075644 2942.42101 14.0374983 131.044881 129.214596 1457.82123 .4289114E7 .222204E-3 .2057401E8 -133383.53
                   132451.077 -153803.61 -133383.57 132448.822  -153803.5 -211307.08 -157835.73 115682.298  -195640.6 173.687522
                   -203053.84 -213541.58  237841.01 -231554.85 -222795.75 -227756.33 226398.422 -237546.42 195786.417 -203092.26
                    249.81506 -1715.3487 118.479949  13.086472 10.3978173 12.9373886 404.686991   .2097E-4 9252.64223 .187756529
                   278.475833 .165541208 1736.87522
Times of maxima :      .02091     .02514     .02255     .02453     .02313     .02118     .02431     .02529     .02136     .02453
                       .02313     .02118     .02453     .02313     .02118     .02108     .02414      .0223     .02431     .02529
                       .02136     .02583     .02314     .02119     .02106     .02597     .02442     .02599     .02431     .02136
                       .02091     .02514     .02255        0.3        0.3        0.3        0.3        0.3        0.3        0.3
                          0.3        0.3     .02529
             Random switching times for simulation number  4  :
                                   7  2.4307124E-02    8  2.5684952E-02    9  2.6494674E-02

  114.33           34.2100472 4064.92785 61.0579964 773.023126 110.575151 774.794072 .3442625E7 .293974E-3 .6644433E7 -144980.93
                   -122526.62 145004.933 -144980.91 -122523.98 145005.007  174526.11 -189295.44 -75656.324 194143.167 -199.77743
                   -196746.81 -262880.54 -220142.38 218981.061 -197456.34 -307579.92  -223014.3 -309129.54 -194317.57 196644.538
                   184.959583 2016.16662 -247.09916 12.8031613 10.1289843 12.8316322 576.535791 .207877E-4 1915.24095 .257156199
                   276.183001 .304712965 -1997.7743
Times of maxima :      .03131     .03337     .02767     .02717     .03063     .02712     .03205     .03368     .03593     .02717
                       .03063     .02712     .02717     .03063     .02712     .02804     .02722     .03071     .03205     .03368
                       .03593     .02712     .03212     .02846     .03734     .02722     .03072     .02736     .03205      .0282
                       .03131     .03337     .02767        0.3        0.3        0.3        0.3        0.3        0.3        0.3
                          0.3        0.3     .03368
             Random switching times for simulation number  5  :
                                   7  3.0472440E-02    8  3.0787178E-02    9  2.9668878E-02

 217.357           31.6793995 2526.56822 21.6426414 127.984631 106.203565 108.778495 .1879122E7 .188492E-3 2813.74436 131816.855
                   -120078.02 -121524.52 131816.939 -120077.56  -121524.5 -152865.58 187636.045 -106924.05  189597.68 159.970103
                   169050.372 216036.449 -214916.74 -200278.55 186322.506 248025.938 -213143.17 267673.316 -189690.76  168949.49
                   177.987077 -1589.5182 147.114382 12.6970731 9.96071193 12.4184478 264.317782 .198642E-4 21.8336511  .17814372
                   263.722798 .204260043 1599.70103
Times of maxima :      .03163     .04212     .03758     .03312     .03118     .03608     .03286     .04193     .04458     .03312
                       .03118     .03608     .03312     .03118     .03608      .0362     .03301     .03123     .03286     .04193
                       .04458     .03444     .03276     .03749     .03128     .03446     .03265     .03459     .03286     .04458
                       .03163     .04212     .03758        0.3        0.3        0.3        0.3        0.3        0.3        0.3
                          0.3        0.3     .04193
             Random switching times for simulation number  6  :
                                   7  2.6760688E-02    8  2.5282682E-02    9  2.6629403E-02

 123.247           71.1700753  3729.7012 68.1097265 572.216208 93.2293747 .1172526E7 .7821096E7 .281731E-3  .181808E8 -142198.14
                   112870.452 187472.652 -142198.27 -112504.19 187472.515 205031.788 190986.256 -78919.283 197294.888 -195.57337
                   201997.148 -282903.05 -224756.17 256251.074  248002.92 -369689.64 -223158.34 -357016.39 -197468.24 202002.836
                    -266.7772 1931.24343  -260.9784 12.7984291 10.1301843 43.5221861 3124.88596  .20716E-4 5972.87856  .28446665
                   275.197136 .374886458 -1955.7337
Times of maxima :      .02718     .03372     .02888     .02736     .03041     .02744     .03208     .03339     .02749     .02736
                       .00561     .02744     .02736     .03041     .02744     .02735     .03209     .03028     .03208     .03339
                       .02749     .02742      .0308     .02744     .02756     .02735      .0309     .02749     .03208     .02749
                       .02718     .03372     .02888        0.3        0.3        0.3        0.3        0.3        0.3        0.3
                          0.3        0.3     .03339
             Random switching times for simulation number  7  :
                                   7  2.4071989E-02    8  2.4538479E-02    9  2.5552532E-02

 96.2967           26.4453447 3397.90363 66.4419057 86136.2644  90.107634  1947.0844  .158214E8 .257974E-3 .3936796E7 -178251.21
                   112870.452 159594.477 -178251.14 -110604.58 159594.486 169038.594 -207026.97 -75928.294 -200944.89 -187.14582
                   195474.067 -290618.62 -215572.61 224432.297  232022.96 -340932.98 232033.521 -335944.74 200982.799 195491.505
                   162.620247 1843.34035 257.763274 13.9157297  10.142399 12.9307163 5595.72364 .205901E-4 682.860172 .252379965
                   273.479469 .284026425 -1871.4582
Times of maxima :      .03332     .03382     .02585     .02623     .03015     .02751     .02642     .03327     .02866     .02623
                       .00561     .02751     .02623     .03015     .02751     .02762     .02629     .03032     .02642     .03327
                       .02866     .02618     .03223     .02888     .02887     .02629      .0263     .02642     .02642     .02866
                       .03332     .03382     .02585        0.3        0.3        0.3        0.3        0.3        0.3        0.3
                          0.3        0.3     .03327
             Random switching times for simulation number  8  :
                                   7  3.5843943E-02    8  3.6179610E-02    9  3.6813406E-02

 359.271           60.0400251 3637.51533 19.1147079 119.223587 120.841687 2976.46098 583017.235 .271889E-3 .2913227E8 -127225.23
                   128088.304 -170730.01 -127225.28 128085.716 -170729.83 -203663.31 -157328.34 108023.757 -185662.65 192.126923
                   -206749.57 -217095.87 219774.342 -273033.84 -297532.38 -218867.16 222875.541 -237966.75 185845.384 -206775.57
                   245.030662 -1907.2271 138.255951 12.3142193 9.82245722 12.4401059 79.3147205 .199666E-4  8803.4524  .16809031
                   265.207996 .151632088 1921.26923
Times of maxima :      .03639     .04219      .0393     .04246      .0395     .03653     .04102     .04186     .03672     .04246
                        .0395     .03653     .04246      .0395     .03653     .03658     .04121     .03795     .04102     .04186
                       .03672     .04343     .03942     .03654     .03657     .04252     .04092     .04365     .04102     .03672
                       .03639     .04219      .0393        0.3        0.3        0.3        0.3        0.3        0.3        0.3
                          0.3        0.3     .04186
             Random switching times for simulation number  9  :
                                   7  3.4936047E-02    8  3.3430356E-02    9  3.5983650E-02

 324.033           50.3622578 3648.40475 50.0908973 129.827585   96.59647  3055.9111 .1239502E8 .274585E-3 .2326194E8 -132762.61
                   114519.814 -171540.24 -132762.62 114517.785 -171540.08 -202032.32 -168683.79 79840.6128 -199397.56 193.077067
                   -204228.27 218025.019 214832.934 -239958.63 -250373.64 -236823.17 226396.817 262874.208 199563.995 -204235.25
                   224.415369 -1910.0798 223.809958  12.330931 9.82670053 12.5378863 1783.49683 .200681E-4 6206.06827 .190850666
                   266.588389  .21989651 1930.77067
Times of maxima :      .03548     .04181     .03844     .04156     .03843     .03562      .0401     .04216     .03579     .04156
                       .03843     .03562     .04156     .03843     .03562     .03567     .04161     .03926      .0401     .04216
                       .03579     .03662     .04014     .03562     .03565     .04294     .04001     .03686      .0401     .03579
                       .03548     .04181     .03844        0.3        0.3        0.3        0.3        0.3        0.3        0.3
                          0.3        0.3     .04216
             Random switching times for simulation number  10  :
                                   7  2.6812938E-02    8  2.7950039E-02    9  2.8177745E-02

 164.471           39.4126544 3675.24006 21.1386562 361.011571 121.548974 2517.52634 358745.678 .277916E-3 .1163364E8 139156.216
                   -128461.82  165920.06 139156.148 -128460.01  165919.96 204270.614 161859.943 -100356.91 184741.399 -194.24468
                   199050.546 228172.053 -229009.31   238662.3 219157.153 253498.814 -233004.37 269328.118 -184900.53 199044.191
                   -198.52621 1917.09156 -145.39139 12.7182504 10.1342513 12.8515492 125.799553 .206495E-4 2242.89118 .211204824
                   274.289567   .2066521 -1942.4468
Times of maxima :      .02719     .03354     .02908     .03348     .03014      .0275     .03203      .0339     .02775     .03348
                       .03014      .0275     .03348     .03014      .0275     .02755     .03337     .03001     .03203      .0339
                       .02775     .03483     .03225     .02877     .02865     .03492     .03217     .03502     .03203     .02775
                       .02719     .03354     .02908        0.3        0.3        0.3        0.3        0.3        0.3        0.3
                          0.3        0.3      .0339
             Random switching times for simulation number  11  :
                                   7  3.4947254E-02    8  3.5439276E-02    9  3.6063837E-02

 327.489           39.8571875 3776.95193 42.9892421 125.217978 113.424797 2416.38721 .1281286E8 .287601E-3  .236256E8 -130384.46
                    124094.89 -164828.39 -130384.41 124092.724 -164828.23 -200266.19 -160035.15 101893.417  -199587.5 197.600137
                   -204386.18 -213186.71 232405.382 -230482.13 -259225.38 243568.563 231658.578 268521.874 199753.608 -204389.36
                   199.642649 -1943.4382 207.338472 12.3284049 9.82431363 12.4820978  1924.1637 .200842E-4 3818.31553 .193123768
                   266.807085 .222550693 1976.00137
Times of maxima :       .0355     .04147     .03982     .04155     .03877     .03563     .04014      .0418     .03581     .04155
                       .03877     .03563     .04155     .03877     .03563     .03562     .04022     .03794     .04014      .0418
                       .03581     .04311     .04016     .03564     .03575     .03679     .04005     .03692     .04014     .03581
                        .0355     .04147     .03982        0.3        0.3        0.3        0.3        0.3        0.3        0.3
                          0.3        0.3      .0418
             Random switching times for simulation number  12  :
                                   7  3.4011027E-02    8  3.5095004E-02    9  3.5489282E-02

 317.798           40.1365193 4041.62834  48.290444 126.984841 114.596886 1977.38767 .5954237E7 .308501E-3 .6087486E7  -131301.2
                   124734.574 -159941.39 -131301.07  124732.24 -159941.32 -191213.44 -156477.26 95410.7134 -196423.92 204.654128
                   -196486.34 252101.153 225210.473 -220823.66 -220299.49 304527.009  222887.72  307852.26 196583.284 -196505.98
                   200.341007 -2010.3801 219.750868 12.3554121 9.83599251 12.5167066 1554.77858 .202009E-4 1107.22357 .260631757
                   268.387229 .280371841 2046.54128
Times of maxima :      .03592     .04215     .03924     .04079     .03871      .0361     .03958     .04181     .03624     .04079
                       .03871      .0361     .04079     .03871      .0361      .0361      .0412     .03795     .03958     .04181
                       .03624      .0361      .0408     .03735     .03732     .03611     .04092     .03634     .03958     .03624
                       .03592     .04215     .03924        0.3        0.3        0.3        0.3        0.3        0.3        0.3
                          0.3        0.3     .04181
             Random switching times for simulation number  13  :
                                   7  2.4787045E-02    8  2.3623581E-02    9  2.4010882E-02

 102.234           27.0864372 3068.97128 68.4708808  3466.4729 106.151568 310.575317 .3220585E8 .229015E-3 .2072245E7 -175631.15
                   -120049.52 138410.658 -175630.96 -120048.16 138410.563 181230.482 -201995.27 92386.8894 -208046.88 -176.32917
                   190170.518 -227422.97 268450.831 218749.194 198102.526 -250874.29 283984.764 -260018.13  208103.82 190164.911
                   -164.57958 1751.84796 261.669411 13.2169677 10.1919996 12.8020776  12367.719 .204802E-4 255.183811 .180857802
                   271.954996 .199457093 -1763.2917
Times of maxima :      .02538     .03351     .02455     .02469     .03001     .02687     .02489      .0338     .02847     .02469
                       .03001     .02687     .02469     .03001     .02687     .02837     .02457     .02401     .02489      .0338
                       .02847     .02553     .02469      .0286     .02869     .02686     .02473     .02671     .02489     .02847
                       .02538     .03351     .02455        0.3        0.3        0.3        0.3        0.3        0.3        0.3
                          0.3        0.3      .0338
             Random switching times for simulation number  14  :
                                   7  2.2947872E-02    8  2.2759117E-02    9  2.2156484E-02

 47.6644           15.6876633  2733.5694 16.4600194 118.470973 98.2696823 112.375987 .1329976E8 .206697E-3 216720.884 -126823.09
                   -115506.27 123517.545 -126823.08 -115505.35 123517.665 154174.398 -152119.33 122121.542 -199808.39  -167.5171
                   181416.399 -220585.14 208546.288 205865.117 216562.966  -237494.5 220348.415 -254717.48 199825.566 181390.622
                    -125.2504 1653.35096 128.296607 13.0744702 10.2593222 12.7934633 693.923426 .204602E-4 39.8379373 .167311405
                   271.633817 .166617393  -1675.171
Times of maxima :      .02377     .03407      .0227     .02558     .02989      .0273     .02312     .03372     .02854     .02558
                       .02989      .0273     .02558     .02989      .0273      .0282     .02428     .02313     .02312     .03372
                       .02854     .02557      .0233     .02852      .0285     .02691       .023     .02705     .02312     .02854
                       .02377     .03407      .0227        0.3        0.3        0.3        0.3        0.3        0.3        0.3
                          0.3        0.3     .03372
             Random switching times for simulation number  15  :
                                   7  3.3773989E-02    8  3.4902520E-02    9  3.4909683E-02

 317.735           26.6309809 4216.69815 77.0360271 124.747655 129.279687 129.855803 .9073971E7 .314509E-3 .1686377E7 -130139.22
                   132484.967 -132777.16 -130139.31 132482.178 -132777.04 171648.816  200354.89 88632.7961  -197875.2 206.637373
                   189022.592 239447.535 230743.321 -221617.37 -204783.49 304376.585 236232.185 322897.098 198001.361  188878.19
                   -163.19001   -2053.46 277.553647 12.3902576 9.83575274 12.3881019 3041.60828 .202183E-4 321.829989 .217097941
                   268.634925 .330305921 2066.37373
Times of maxima :      .04116     .04188     .03584     .04195     .03917     .03551     .03901     .04158     .04433     .04195
                       .03917     .03551     .04195     .03917     .03551     .04437     .03562     .03851     .03901     .04158
                       .04433     .03551     .04053     .03778     .03777     .03563     .03916     .03576     .03901     .04433
                       .04116     .04188     .03584        0.3        0.3        0.3        0.3        0.3        0.3        0.3
                          0.3        0.3     .04158
             Random switching times for simulation number  16  :
                                   7  2.0296431E-02    8  2.1781287E-02    9  1.9250479E-02

  13.147            55.128877 2223.24606 40.4062826 128.839399 532.710699 1648.68511  .202476E8 .171255E-3  .116995E8 -132256.27
                   141639.641 -156107.38 -132256.39 141638.652 -156107.28  -192665.5 -184386.03 155516.472 -202910.34  -152.4805
                   -199080.61 -226828.07  250259.98 -220204.96 -228230.29 -246707.34 267163.709 -261682.66 202949.435 -199084.16
                   -234.79539 1491.05535  201.01314 13.1123058 10.3920554 12.9880873 3259.86843   .2061E-4 4261.19229  .26818172
                   273.614455 .233300683  -1524.805
Times of maxima :      .02279     .03326      .0224     .02435     .02299     .02097     .02282     .03359     .02116     .02435
                       .02299     .02097     .02435     .02299     .02097     .02104     .02555      .0229     .02282     .03359
                       .02116     .02595     .02295     .02099       .021      .0259     .02431     .02574     .02282     .02116
                       .02279     .03326      .0224        0.3        0.3        0.3        0.3        0.3        0.3        0.3
                          0.3        0.3     .03359
             Random switching times for simulation number  17  :
                                   7  3.3906177E-02    8  3.2324400E-02    9  3.1613981E-02

 272.868           56.9487018 3346.21609 32.9260539 1101.89348 99.5706982 1134.08608 .4787031E7 .253533E-3 .1819205E8 149335.832
                   116269.376  -149749.9 149335.717 116267.434 -149749.72 -198864.57 189453.481 -89788.146 195875.487 185.528151
                   -202002.14 248176.762 210189.735 -219403.72 -249744.38 281191.656  -208763.1 318791.347 -195868.42 -201998.02
                   238.639271 -1829.2665 -181.45538 12.6865389 9.86998011  12.474868 471.193395 .199207E-4 4396.48549 .196641036
                   264.555593 .176092409 1855.28151
Times of maxima :      .03445     .04149     .03216      .0323     .03877     .03458     .03255     .04178     .03607      .0323
                       .03877     .03458      .0323     .03877     .03458      .0347     .03236     .03267     .03255     .04178
                       .03607     .03456     .04035     .03735     .03594     .03464     .03264     .03478     .03255     .03607
                       .03445     .04149     .03216        0.3        0.3        0.3        0.3        0.3        0.3        0.3
                          0.3        0.3     .04178
             Random switching times for simulation number  18  :
                                   7  3.5634091E-02    8  3.5263235E-02    9  3.6429263E-02

 347.774           60.1772303 3866.61111 26.2214406 109.204499 98.1590129 3409.53268 .1678883E7 .288826E-3 .2905108E8  -121762.3
                    115442.88 -175073.03 -121762.23 115440.289 -175072.83 -208738.13  -161902.2 68524.6533 -189000.16 198.020652
                   -206715.09 -216917.73 207517.709 -258578.57 -249626.97 -229116.71 210857.358 -236291.42 189176.874 -206748.97
                   245.310477   -1966.37 161.930357 12.3165258  9.8163125 12.4678356 127.774196 .201547E-4 10789.9603 .185223141
                   267.772186 .168026475 1980.20652
Times of maxima :      .03617     .04195     .03735     .04054     .03895     .03631     .04057     .04169     .03656     .04054
                       .03895     .03631     .04054     .03895     .03631      .0362     .04067     .03842     .04057     .04169
                       .03656     .04308     .04055     .03631     .03636     .04317     .04067     .04331     .04057     .03656
                       .03617     .04195     .03735        0.3        0.3        0.3        0.3        0.3        0.3        0.3
                          0.3        0.3     .04169
             Random switching times for simulation number  19  :
                                   7  3.6944012E-02    8  3.7046471E-02    9  3.7076380E-02

 357.809           63.8523428 2988.19721 9.39231689 439.935127 128.144279 1642.06968 222515.175 .236624E-3 .2803153E8 -140307.68
                   131900.112 -156028.62 -140307.68 131899.128 -156028.43 -204939.51 -161985.66 101650.636 -181554.36 179.234404
                   -206281.23 -206310.53 230820.975 -279946.22 -268768.45 -229919.92 229831.351 -235887.88 181706.785 -206292.48
                   252.690211 -1728.6403 -96.913966   12.31601 9.78555474 12.1823222 37.5603736 .197479E-4 10774.2664 .175508753
                   262.255022 .158500377 1792.34404
Times of maxima :      .03748     .04228     .04552     .04099      .0382     .03762     .04095     .04202     .03741     .04099
                        .0382     .03762     .04099      .0382     .03762     .03768     .04084     .03817     .04095     .04202
                       .03741     .04377     .03959     .03762     .03749     .04238     .04107     .04249     .04095     .03741
                       .03748     .04228     .04552        0.3        0.3        0.3        0.3        0.3        0.3        0.3
                          0.3        0.3     .04202
             Random switching times for simulation number  20  :
                                   7  3.2785127E-02    8  3.3016222E-02    9  3.3544455E-02

 278.724           11.2877333 3492.20103   77.23821 295028.731 102.584348 493.891002 .2511863E8 .267805E-3 115917.386 183264.159
                    118015.93 -141084.57 183264.058 118013.819 -141084.64 -155407.57 210491.944 79897.6477 205032.067 190.678507
                   -178982.71 267374.674 -228919.28 -201002.75 -196547.21 291412.277  -247998.9 305122.571 -205057.38 -178995.99
                   -106.24374 -1868.7432 -277.91763 19.0509991 9.83281147 12.4174678 9854.39592 .199966E-4   29.85632 .159967068
                   265.610101 .200443607 1906.78507
Times of maxima :      .03835     .04222     .03386     .03422     .03883     .03551     .03406     .04185      .0366     .03422
                       .03883     .03551     .03422     .03883     .03551      .0368      .0341       .038     .03406     .04185
                        .0366     .03418     .03422     .03725     .03814     .03429      .0341     .03442     .03406      .0366
                       .03835     .04222     .03386        0.3        0.3        0.3        0.3        0.3        0.3        0.3
                          0.3        0.3     .04185
             Random switching times for simulation number  21  :
                                   7  3.8187621E-02    8  3.7570178E-02    9  3.5877020E-02

 355.528           55.7487269 2571.56696 28.6158467 333.755294 160.750235 122.038269 .2563281E7 .191068E-3 .4608499E7 -138754.15
                   136149.781 128718.543 -138754.19 136148.468 128718.311  170443.38  169217.29 77191.7395 191612.202 161.059334
                   -195791.33 -234073.72 211527.131 -253762.14  -231808.5 -263680.56 206801.573 -295403.55 -191700.05 -195855.84
                   -236.11168 -1603.6106 -169.16219  12.341644 9.76496747 12.0687805 579.504605 .195979E-4  1223.9453 .252438324
                   260.243201 .223290894 1610.59334
Times of maxima :      .03937     .04158     .04664     .04083     .03887      .0435     .04833     .04188     .03888     .04083
                       .03887      .0435     .04083     .03887      .0435      .0439      .0497     .03899     .04833     .04188
                       .03888     .04351     .04047     .03886     .03892     .04218     .04037     .04233     .04833     .03888
                       .03937     .04158     .04664        0.3        0.3        0.3        0.3        0.3        0.3        0.3
                          0.3        0.3     .04188
             Random switching times for simulation number  22  :
                                   7  2.1848780E-02    8  2.2237140E-02    9  2.1667005E-02

 41.5695           45.4308437 2519.11151  15.190552 118.516749 128.563308 112.517316 .3167232E7 .187181E-3 .3576116E7 -126847.63
                   132114.972 123595.379 -126847.58 132114.606 123595.311 166826.602 -177646.31 138809.288 -193357.31 -159.41276
                   -194521.93 -215504.47 217364.146 214371.003 -224105.09 -224252.48 249994.834 -243263.93 193374.433 -194539.05
                   -213.14512 1587.17091 -123.24996 13.0843346 10.3087356 12.8161076 262.017366 .205057E-4 132.800279 .183535988
                   272.230549 .183522589 -1594.1276
Times of maxima :      .02304     .03356     .02903     .02572     .02255     .02754      .0226     .03391      .0226     .02572
                       .02255     .02754     .02572     .02255     .02754     .02759     .02446     .02338      .0226     .03391
                        .0226     .02622      .0242     .02936     .02258     .02582     .02407       .026      .0226      .0226
                       .02304     .03356     .02903        0.3        0.3        0.3        0.3        0.3        0.3        0.3
                          0.3        0.3     .03391
             Random switching times for simulation number  23  :
                                   7  3.0564187E-02    8  3.2100785E-02    9  3.1713235E-02

 257.951            48.513908 3385.60847 61.0934678 2744.03422 115.353419 252.571436 .2691263E8 .249428E-3 .3062247E7 168322.578
                   125145.589 -137543.24 168322.367 125143.284 -137543.39 -174832.47 195598.932 -166433.49 205803.093 184.020059
                   -193056.12 230401.709 -277588.73 -224556.99 -260482.87 259726.803  -330863.7   298613.3 -205817.44 -193050.27
                    220.25873 -1840.0023 -247.17093 12.8088479 9.93851865 12.4277693 5559.78561 .198873E-4 991.348146 .210947284
                   264.066588 .191806874 1840.20059
Times of maxima :      .03311     .04204     .03228     .03239     .03933      .0351     .03247     .04171     .03651     .03239
                       .03933      .0351     .03239     .03933      .0351     .03629     .03229     .03253     .03247     .04171
                       .03651     .03492      .0324     .03644     .03643     .03502     .03252      .0336     .03247     .03651
                       .03311     .04204     .03228        0.3        0.3        0.3        0.3        0.3        0.3        0.3
                          0.3        0.3     .04171
             Random switching times for simulation number  24  :
                                   7  2.3446995E-02    8  2.3884675E-02    9  2.2739176E-02

 93.9398           11.8949679 3072.67261 25.3521011 127.950431 85.9490851 119.268218 .1916769E7 .231514E-3  3021.4233 -131799.34
                   112870.452 127249.033 -131799.33 -108022.18 127249.088 147276.623 -180333.13 -63886.027 -189709.61 -177.28847
                   171189.135 -217974.14 195647.736 189766.654 183311.923 -240651.15 192727.447 -248696.37 189748.752 171193.761
                   109.064054 1752.90405 159.223431 13.0587403 10.1730756 12.7925078 150.937231 .204894E-4 21.6706938 .153155628
                   272.082832 .176110975 -1772.8847
Times of maxima :      .03187     .03398     .02328     .02481     .03128     .02745     .02492     .03364     .02855     .02481
                       .00561     .02745     .02481     .03128     .02745      .0287      .0248     .03053     .02492     .03364
                       .02855     .02616     .02441      .0287      .0284     .02608      .0248     .02625     .02492     .02855
                       .03187     .03398     .02328        0.3        0.3        0.3        0.3        0.3        0.3        0.3
                          0.3        0.3     .03364
             Random switching times for simulation number  25  :
                                   7  2.4611113E-02    8  2.4784854E-02    9  2.5454302E-02

 95.9071           17.4412266 3613.96414 75.7764478 3234.69877 95.1890438 880.617197 .2160154E8 .270398E-3  .119089E7 -173341.01
                   -113682.01 146431.842 -173340.85 -113680.45  146431.86 -164624.28 -215649.65  -81947.43 -203504.32 -191.59923
                   187528.344 -281656.03  -213186.6 206144.416 203295.611  -306698.7 213891.985 -326350.88 203525.325 187557.842
                   132.065236 1901.04291 275.275222  13.065184 10.1397332 12.8195513 7878.84986 .206346E-4  99.579949 .182963274
                   274.091346 .230344767 -1915.9923
Times of maxima :      .03328     .03391     .02571     .02612     .02975     .02742     .02633     .03355     .02852     .02612
                       .02975     .02742     .02612     .02975     .02742     .03631     .02618     .03128     .02633     .03355
                       .02852     .02609     .03213     .02968     .02835     .02619     .02599     .02633     .02633     .02852
                       .03328     .03391     .02571        0.3        0.3        0.3        0.3        0.3        0.3        0.3
                          0.3        0.3     .03355
             Random switching times for simulation number  26  :
                                   7  2.0501821E-02    8  2.0540975E-02    9  2.1063359E-02

 18.1506           61.6400495 2886.67975 13.2124236  673.82158 130.128724 327.994345 966966.398 .225969E-3 .2221144E8 -143618.85
                   132917.507 -138669.19 -143618.85   132916.5 -138668.94 -203674.79 -151080.42 106185.558 -186845.34 175.152595
                   -203770.81 -209481.79 243376.447  -250887.3 -245087.52 -233517.24 229774.208 -243205.23 186988.131 -203810.11
                   248.274142 -1699.0232 -114.94531 13.1100368 10.3923301 12.8966766 91.8407214  .20941E-4 9439.88488  .19259913
                   278.083824 .173767576 1751.52595
Times of maxima :      .02099     .02519     .02895     .02453     .02174     .02116     .02433     .02556     .02136     .02453
                       .02174     .02116     .02453     .02174     .02116     .02123     .02441     .02169     .02433     .02556
                       .02136     .02584     .02318     .02117     .02103     .02595     .02306     .02604     .02433     .02136
                       .02099     .02519     .02895        0.3        0.3        0.3        0.3        0.3        0.3        0.3
                          0.3        0.3     .02556
             Random switching times for simulation number  27  :
                                   7  2.2711189E-02    8  2.3087341E-02    9  2.2845576E-02

 65.6492           12.2950433 2891.11198 69.0544548 498.048218 109.777966 116.820859 .2509118E8 .217975E-3 2883.19777 -141144.42
                   122081.855 125936.672 -141144.17 122081.513 125936.758 157556.929 -195322.36 128536.041 -205020.23 -172.02644
                   169770.577  -210401.6 261284.974  212313.99 218207.826 -214640.97  291930.56 -220989.02  205058.65 169754.673
                   -110.88302 1700.32702 262.782143 13.0641655  10.240496 12.7937712 6280.49903 .204582E-4 22.0158299 .148641708
                   271.622311 .169453156 -1720.2644
Times of maxima :      .02394     .03372     .02338     .02352     .02355     .02763     .02372     .03337     .02867     .02352
                       .02355     .02763     .02352     .02355     .02763     .02858     .02367     .02422     .02372     .03337
                       .02867     .02663     .02353     .02884     .02885     .02625     .02352     .02637     .02372     .02867
                       .02394     .03372     .02338        0.3        0.3        0.3        0.3        0.3        0.3        0.3
                          0.3        0.3     .03337
             Random switching times for simulation number  28  :
                                   7  2.5116882E-02    8  2.4621395E-02    9  2.4790678E-02

  80.481           34.8901459 3496.22558 73.5402253 3507.89285 96.6476949 458.715714 .3066365E8 .265593E-3 .3917262E7 -176035.34
                    -114550.2 140579.137 -176035.16 -114548.15 140579.045 195077.001 -217743.34 -85813.713 -207397.85 -189.88933
                   195464.825 -253043.99 233276.621 211019.987 197562.622 -268842.15 237435.541 -330628.35 207421.388 195444.134
                   -186.78904 1869.81967 271.183011  13.124019 10.1429715 12.8007874 11262.7457 .206127E-4 480.489878 .186317214
                   273.779685 .241532143 -1898.8933
Times of maxima :      .02558     .03314     .02526     .02547     .03041     .02716     .02566     .03348     .02733     .02547
                       .03041     .02716     .02547     .03041     .02716      .0272     .02537     .03042     .02566     .03348
                       .02733     .02541     .02547     .02894     .02885     .02583      .0256     .02566     .02566     .02733
                       .02558     .03314     .02526        0.3        0.3        0.3        0.3        0.3        0.3        0.3
                          0.3        0.3     .03348
             Random switching times for simulation number  29  :
                                   7  3.6246622E-02    8  3.6952294E-02    9  3.5738007E-02

 355.666             46.32035 2907.11996 32.9241652 260.134553 116.506875 111610.878   .86076E7 .219072E-3 .8306175E7 -137657.16
                   125768.717 -178877.33 -137657.06 125767.402 -178877.28 -203725.38 -165317.43 131682.583 -197659.57 172.458976
                   -197519.96 232922.395 248709.088  -224981.4 -228373.72  -247637.9 265382.565 271774.674 197779.901 -197501.64
                    215.22163 -1705.0278 181.450173 12.3412808 9.82786316 14.6003337 1489.06703 .196862E-4 1098.02977  .19898483
                   261.396121 .218342717 1724.58976
Times of maxima :      .03651     .04209      .0383     .04147     .03885     .03691     .04008     .04247     .03711     .04147
                       .03885     .03691     .04147     .03885     .03691     .03698     .04148     .03943     .04008     .04247
                       .03711     .03687     .04027     .03815     .03722     .04289     .04015     .03665     .04008     .03711
                       .03651     .04209      .0383        0.3        0.3        0.3        0.3        0.3        0.3        0.3
                          0.3        0.3     .04247
             Random switching times for simulation number  30  :
                                   7  2.5274167E-02    8  2.4042417E-02    9  2.4775682E-02

 90.8165           35.9836528 3297.69151 66.2474677 3090.96624 103.940934 499.141819 .3045885E8 .247714E-3 .6940183E7 -171895.77
                   -118793.53 141159.916 -171895.59 -118791.57 141159.818 176997.429 -215442.13 -91157.505 -207311.37 -183.38676
                   196884.852 -262002.72  -215703.5 229916.556 217503.507 -266105.64 -227397.35 -306697.34 207346.722 196852.217
                   -189.69358 1815.95471 257.385834 13.1122063  10.173437 12.7977326 11312.8261 .205271E-4 1189.41121  .18717627
                    272.61164 .228354503 -1833.8676
Times of maxima :      .02557     .03323     .02504     .02545     .03041     .02733     .02564     .03364     .02747     .02545
                       .03041     .02733     .02545     .03041     .02733     .02738     .02547      .0306     .02564     .03364
                       .02747     .02594     .03188     .02897     .02765     .02582     .03196     .02568     .02564     .02747
                       .02557     .03323     .02504        0.3        0.3        0.3        0.3        0.3        0.3        0.3
                          0.3        0.3     .03364
             Random switching times for simulation number  31  :
                                   7  3.4892673E-02    8  3.5324139E-02    9  3.5003334E-02

  333.07           67.4563419 3872.49738  70.824749 462.741206 98.8794093 .1226579E7 .3690636E7 .287755E-3 .1680076E8 140636.986
                   115865.838 -187636.89 140637.081 115863.127 -187636.75 -203637.46  -181973.3 75734.0285 -194845.75 197.653097
                   -201382.95 285772.146 223741.243 -253385.87   -248087. 372013.353 215770.913  371887.46 195018.413 -201396.01
                   259.723587 -1967.8662 266.129196 12.3984064   9.815956 45.9389227 1276.86365 .201359E-4 6664.54387 .331258691
                   267.510035 .358249501 1976.53097
Times of maxima :      .03544     .04191     .03593     .03569     .03919     .03559     .04042      .0416     .03575     .03569
                       .03919     .03559     .03569     .03919     .03559     .03547     .04045     .03924     .04042      .0416
                       .03575      .0356     .04032      .0356     .03571     .03562     .04044     .03559     .04042     .03575
                       .03544     .04191     .03593        0.3        0.3        0.3        0.3        0.3        0.3        0.3
                          0.3        0.3      .0416
             Random switching times for simulation number  32  :
                                   7  2.9717668E-02    8  2.9881528E-02    9  3.0327005E-02

 228.378           68.8866146 2162.61628 41.9450435 1103.56643 261.653062 133.946921 .6293596E7 .162777E-3 .1482257E8 149357.306
                   -137680.29 -134852.61 149357.283 -137679.86  -134852.4 181682.975 193854.655 -130684.87 196582.814 148.658368
                    200496.21 229786.643 -259058.27 251641.833 264285.532 274410.972 -270745.78   318991.3 -196706.77 200510.562
                   262.462597 -1470.5837 204.804891 12.8447242 10.0360644 12.4619031 2434.39769 .200259E-4 2165.03396 .269335848
                   265.878128 .283119855 1486.58368
Times of maxima :      .03089     .04211     .03818     .03238     .03043     .03503     .03251     .04245     .03025     .03238
                       .03043     .03503     .03238     .03043     .03503     .03047     .03365     .03033     .03251     .04245
                       .03025     .03504     .03101     .03041     .03032      .0337     .03239     .03385     .03251     .03025
                       .03089     .04211     .03818        0.3        0.3        0.3        0.3        0.3        0.3        0.3
                          0.3        0.3     .04245
             Random switching times for simulation number  33  :
                                   7  2.9195081E-02    8  2.9973861E-02    9  2.9951107E-02

 196.638           35.1740224   2195.828 27.8041805 152.514263 95.8594618 127.882173 497303.706  .16426E-3 .1069216E7 136022.037
                   -114081.06 -131764.34 136021.976 -114080.08 -131764.17 -168030.91 157703.307 -107856.47 -185396.58 149.333862
                   -187157.83  233754.11  -213635.2 -200564.67  -191853.8 263252.053 210061.817 299554.734 185518.614 -187068.91
                   187.547387 -1481.8326 -166.74586 12.7010127 10.0166164 12.4884536 82.3513013 .199895E-4 122.777636 .239542397
                   265.383852 .205877301 1493.33862
Times of maxima :      .03174     .04201     .03044     .03324     .03106     .03588     .04069     .04239      .0361     .03324
                       .03106     .03588     .03324     .03106     .03588     .03603     .03217     .03026     .04069     .04239
                        .0361     .03456     .03184     .03723      .0363     .03468     .04075     .03475     .04069      .0361
                       .03174     .04201     .03044        0.3        0.3        0.3        0.3        0.3        0.3        0.3
                          0.3        0.3     .04239
             Random switching times for simulation number  34  :
                                   7  3.0213620E-02    8  2.8256848E-02    9  3.1340422E-02

 214.683           97.9047189  3461.3787 53.0683744 3113.39364  971.74113 444.353536  .287392E8 .256092E-3 .7387659E7 172122.532
                   -147642.55 -140371.56 172122.406 -147640.34 -140371.61 -187258.05 218488.951 -105524.04 206582.557 -186.46191
                   -197093.35 235759.869 -274593.15 239085.937 240881.169 282582.386 -275853.84 312676.981  -206746.6 -196918.69
                   312.897298 1860.47808 -230.36574 12.8245261 10.1426749 12.4669786 6577.61262  .20511E-4 2404.54592 .303529685
                   272.461728 .218913891 -1864.6191
Times of maxima :      .03273     .03347     .03191     .03202     .03092     .03588     .03223      .0333      .0345     .03202
                       .03092     .03588     .03202     .03092     .03588      .0359      .0321     .03153     .03223      .0333
                        .0345      .0346     .03202     .03091     .03081     .03446     .03215     .03447     .03223      .0345
                       .03273     .03347     .03191        0.3        0.3        0.3        0.3        0.3        0.3        0.3
                          0.3        0.3      .0333
             Random switching times for simulation number  35  :
                                   7  3.1782212E-02    8  3.2309402E-02    9  3.0820178E-02

  241.01           16.3338818 3259.13178 21.6366198  206.78418  104.52573 122.800018 .2506283E7 .244459E-3 .3785609E7 136851.267
                   119127.706  -129119.4 136851.276 119125.275 -129119.41 -170708.69 193488.283 -119045.53 191445.927 182.177881
                   -195113.53  213199.12 -215156.54 -206884.04  -224340.7 240155.056 -227483.44 253423.731 -191486.09 -195078.24
                   -127.80408 -1805.3066 -147.09391 12.6782757 9.89555833 12.4070233 295.773947 .198833E-4 503.635299 .165547039
                   264.031708 .172231702 1821.77881
Times of maxima :      .03863     .04223     .03137     .03301     .03971     .03553     .03302     .04188     .03533     .03301
                       .03971     .03553     .03301     .03971     .03553     .03554     .03315     .03275     .03302     .04188
                       .03533     .03551     .03276     .03809      .0367     .03418      .0328     .03433     .03302     .03533
                       .03863     .04223     .03137        0.3        0.3        0.3        0.3        0.3        0.3        0.3
                          0.3        0.3     .04188
             Random switching times for simulation number  36  :
                                   7  3.6378364E-02    8  3.7811086E-02    9  3.5425215E-02

 351.257           63.7915884  2592.9794 46.8741597 131.172342 1071.15939 3028.09592 .1814893E8 .195305E-3 .2413858E8 -133448.28
                   148940.317 -171257.29 -133448.42 148938.528 -171257.13 -204231.17 -174458.19 171960.261   -201983. 162.835385
                   -204608.53 -213713.59 256481.988 -260094.94 -261731.56 -223735.54 277845.399  239070.53  202025.68 -204613.17
                   252.569967 -1610.2731  216.50441  12.348748 9.92647634  12.387608 2345.53931 .195515E-4 6763.14827 .208919996
                   259.570282 .193528439 1628.35385
Times of maxima :      .03683     .04228     .03846     .04182     .03978     .03705     .03886     .04262     .03723     .04182
                       .03978     .03705     .04182     .03978     .03705     .03698     .04142     .03894     .03886     .04262
                       .03723     .04341     .04045     .03707      .0371     .04342     .04035     .03724     .03886     .03723
                       .03683     .04228     .03846        0.3        0.3        0.3        0.3        0.3        0.3        0.3
                          0.3        0.3     .04262
             Random switching times for simulation number  37  :
                                   7  2.6057239E-02    8  2.5722847E-02    9  2.5588186E-02

 121.249           61.3924033  3977.1479 58.5259145 2041.69663 114.812874 245681.341   .19245E8 .298042E-3 .2152275E8 -160673.25
                   -124851.74 182104.117 -160673.11 -124849.73 182103.945 223859.289 -200843.74  -79374.99 -202468.34 -201.15508
                   203469.844 -279888.39 -214641.54 208842.992 210958.523 -299439.56 218363.814 -354391.16 202466.566 203472.888
                    -247.7749 1994.27879  -241.9213 12.9436489 10.1298637 18.3857261 6194.19042 .207779E-4 4719.51173  .20295583
                   276.051581 .275156269 -2011.5508
Times of maxima :       .0266     .03356      .0281     .02627      .0301     .02673     .02642     .03389     .02698     .02627
                        .0301     .02673     .02627      .0301     .02673     .02685     .02633     .03021     .02642     .03389
                       .02698     .02673     .03265     .02872     .02685     .02662     .02616     .02647     .02642     .02698
                        .0266     .03356      .0281        0.3        0.3        0.3        0.3        0.3        0.3        0.3
                          0.3        0.3     .03389
             Random switching times for simulation number  38  :
                                   7  3.3661797E-02    8  3.5804979E-02    9  3.4040980E-02

 324.412           47.1515705 3784.46104 60.6920721 3282.80318 121.864204  3155.8688 .4798019E7 .293414E-3 .1228225E8 173820.194
                   128629.166 -172550.72 173820.189 128626.482 -172550.64  -203233.5 202849.749 93817.9471 195880.664  199.58721
                   -199346.24 284663.657 234127.523 -228867.97 -240257.32 334299.845 222933.091 378079.832 -195879.32 -199359.98
                   217.144124 -1945.3691 -246.35761 12.6624216 9.86720012 12.6343089 996.665654 .200541E-4  3997.2785 .240387215
                   266.371535 .269688374  1995.8721
Times of maxima :      .03567     .04209     .03423     .03472     .03936     .03601     .03454     .04175     .03598     .03472
                       .03936     .03601     .03472     .03936     .03601     .03605     .03476     .03787     .03454     .04175
                       .03598     .03466     .03935     .03736     .03588     .03477     .04083     .03454     .03454     .03598
                       .03567     .04209     .03423        0.3        0.3        0.3        0.3        0.3        0.3        0.3
                          0.3        0.3     .04175
             Random switching times for simulation number  39  :
                                   7  2.3694835E-02    8  2.3605108E-02    9  2.3554327E-02

 76.2468           5.54560788 3106.46298 69.5757671 1366.45669 103.712699 121.104137 .2720803E8 .231181E-3 89265.2872 -152679.12
                   -118663.11  128224.72 -152678.83 -118661.08 128224.733 147464.512  -217935.4 -97090.431 -205929.53 -177.16098
                   178328.282 -202351.72 248857.458 203696.716 198993.876 -209768.57 250386.413 -221513.78 205963.243 178310.339
                   74.4688383 1762.51609 263.772188 13.0882954 10.1943574 12.7900331 11269.8785 .204791E-4 23.4882794 .137875794
                   271.929956 .177309551 -1771.6098
Times of maxima :       .0328     .03349     .02392     .02422     .03073     .02692     .02442     .03383     .02802     .02422
                       .03073     .02692     .02422     .03073     .02692     .02823     .02428     .03015     .02442     .03383
                       .02802     .02696     .02422      .0293     .02935     .02576     .02409     .02442     .02442     .02802
                        .0328     .03349     .02392        0.3        0.3        0.3        0.3        0.3        0.3        0.3
                          0.3        0.3     .03383
             Random switching times for simulation number  40  :
                                   7  2.8286299E-02    8  2.6197435E-02    9  2.8895150E-02

 160.149           62.4986943 3826.47117 5.09802746 115.399441 109.247421 2605.91758 2603.23579 .294146E-3 .2958804E8 125168.225
                   -121788.91 166864.478 125168.246 -121786.15 166864.327 207569.961  139482.87 -68906.591 166835.806 -199.83609
                   206942.909 204116.843 -219717.04 272330.949 245276.886 208202.787 -178280.14 213045.716 -167009.76 207011.906
                   -249.99739  1956.1368 -71.400472 12.6975206 10.1227423 12.6640236 22.6065596 .207998E-4 12051.2335 .169716446
                     276.3451 .135919675 -1998.3609
Times of maxima :       .0287     .03364     .02954     .03291     .03091     .02896     .03208     .03335     .02916     .03291
                       .03091     .02896     .03291     .03091     .02896     .02885     .03277     .03008     .03208     .03335
                       .02916     .03494     .03233     .02896       .029     .03402     .03222     .03519     .03208     .02916
                        .0287     .03364     .02954        0.3        0.3        0.3        0.3        0.3        0.3        0.3
                          0.3        0.3     .03335
             Random switching times for simulation number  41  :
                                   7  2.3395573E-02    8  2.3323902E-02    9  2.4924808E-02

 101.023           13.4086552 2929.22904 80.2206348 225148.268 103.221549 407.085011 .3547692E8 .220829E-3 2226.42172 -181617.17
                   -118381.48 139830.641 -181616.99 -118379.77 139830.585 157261.801 -225852.01 98220.3134 -209411.14 -173.14923
                   162744.111 -271485.18 225585.151 214799.352 193976.364  -293231.6 222199.769 -312768.36 209480.044 162695.866
                   -115.79575 1711.49906 283.232475  16.945284  10.207662 12.8014842 11777.9262 .204624E-4  21.354938 .152158561
                   271.703925 .197110394 -1731.4923
Times of maxima :      .02423     .03327     .02533     .02559     .03049     .02689     .02579     .03358     .02718     .02559
                       .03049     .02689     .02559     .03049     .02689     .02733     .02549     .02447     .02579     .03358
                       .02718     .02555     .02559      .0291     .02921     .02566     .02572      .0258     .02579     .02718
                       .02423     .03327     .02533        0.3        0.3        0.3        0.3        0.3        0.3        0.3
                          0.3        0.3     .03358
             Random switching times for simulation number  42  :
                                   7  3.4144450E-02    8  3.4389451E-02    9  3.5240267E-02

 316.438           33.0527624 3881.61378 76.8793177 120.433286  92.403222 750.795728 .1579048E8 .284044E-3 .5544068E7 -127868.99
                   112870.452 -144677.93 -127869.09 112004.603 -144677.79 -184289.28 -176412.18 71629.7046 -200931.03 196.374507
                   -196231.54 242755.768 213810.983 -215258.24 -223545.19 304906.197 221679.938 335743.594  201075.31  -196259.1
                   181.804187 -1970.1812 277.271199 12.3680623 9.81753227 12.4054629 3597.13987 .201575E-4 1318.87753 .212728095
                   267.814693 .308984246 1963.74507
Times of maxima :      .03469       .042     .03901     .04229     .03928     .03483     .03934     .04236     .03635     .04229
                       .00561     .03483     .04229     .03928     .03483     .03622     .04087      .0385     .03934     .04236
                       .03635     .03586     .04084     .03765     .03622     .03598     .03936     .03611     .03934     .03635
                       .03469       .042     .03901        0.3        0.3        0.3        0.3        0.3        0.3        0.3
                          0.3        0.3     .04236
             Random switching times for simulation number  43  :
                                   7  2.3602292E-02    8  2.3025882E-02    9  2.2874084E-02

  69.164           9.59597791 2805.78947   57.85491 414.298062 115.133111 117.789263 .2249303E8 .212651E-3 3456.56816 -139935.85
                   125024.101   126457.7 -139935.61 125023.725 126457.667 156196.633 -213511.49 117932.083 -203893.63 -169.91282
                    175534.08 -215287.56 264010.783   207841.7 209746.742 -232702.76 271722.637 -233852.52 203930.849 175534.844
                   97.9590624  1675.0491 240.530476 13.0604921 10.2341625 12.7917104 7337.72953 .204556E-4 21.4724496 .148040152
                   271.589303  .17895092 -1699.1282
Times of maxima :      .03076     .03368     .02336     .02356     .02358      .0276     .02376       .034     .02888     .02356
                       .02358      .0276     .02356     .02358      .0276     .02774     .02363     .02347     .02376       .034
                       .02888     .02629     .02357      .0288     .02891     .02625     .02347     .02633     .02376     .02888
                       .03076     .03368     .02336        0.3        0.3        0.3        0.3        0.3        0.3        0.3
                          0.3        0.3       .034
             Random switching times for simulation number  44  :
                                   7  2.4502719E-02    8  2.4199877E-02    9  2.4284886E-02

 75.2216            21.441635 3355.82706 75.4504596 3239.02056 103.242771 124.880267 .2848925E8 .258446E-3 324336.793 -173384.16
                   -118393.44 130208.507   -173384. -118391.94 130208.466 171946.606 -222985.29 91157.5618 -206476.22  -187.3171
                   183946.421 -235034.72 227174.309 207514.676 192789.315 -266265.93 216493.368 -307013.08 206502.543 183940.892
                   -146.42962 1831.89166  274.68247 13.1785851 10.1625799 12.7916306 12315.4188 .205469E-4 32.4018877 .154302522
                   272.872101 .204168923  -1873.171
Times of maxima :      .02507     .03343     .02465     .02496     .02992     .02795     .02487     .03376     .02794     .02496
                       .02992     .02795     .02496     .02992     .02795      .0281     .02486     .02447     .02487     .03376
                       .02794     .02491     .02496     .02848     .02782     .02503     .02509     .02515     .02487     .02794
                       .02507     .03343     .02465        0.3        0.3        0.3        0.3        0.3        0.3        0.3
                          0.3        0.3     .03376
             Random switching times for simulation number  45  :
                                   7  2.0397781E-02    8  2.0216784E-02    9  2.1040439E-02

  15.039           63.5401079 3101.40222 18.8952881 127.646366  105.68496  1735.6122 2523.39959 .237673E-3 .3192296E8 -131642.67
                   119786.278 -157137.16 -131642.63 119784.026 -157137.04 -215379.16 -156043.12 104647.888 -165982.99 179.631356
                   -207928.11 -212748.52 208962.993 -267661.11   -251761. -226944.86 198638.221 -243600.22 166143.712 -207971.08
                   252.071633 -1761.0798 137.460133 13.0902137 10.4026041 12.9588151 24.3473586 .210435E-4 10583.1209 .189705638
                     279.4677 .154678481 1796.31356
Times of maxima :      .02073     .02553     .02164     .02446     .02284     .02107     .02421     .02519     .02126     .02446
                       .02284     .02107     .02446     .02284     .02107     .02096     .02461     .02058     .02421     .02519
                       .02126     .02708     .02353     .02107     .02119     .02591     .02355     .02598     .02421     .02126
                       .02073     .02553     .02164        0.3        0.3        0.3        0.3        0.3        0.3        0.3
                          0.3        0.3     .02519
             Random switching times for simulation number  46  :
                                   7  2.7558953E-02    8  2.8496482E-02    9  2.7174408E-02

  170.06           59.7254822 3031.42181 50.2586836 134.496456 115.983969 551540.347 .5835892E7 .227134E-3 .8090077E7  135128.88
                   -125486.04  185565.04 135128.742 -125484.85 185565.026 214135.018 180146.801 -101487.85 196368.455 -175.60355
                   197419.757 -236256.32  -243830.7 221184.016 212108.737 -275026.24 -242487.09 -335517.72 -196481.46 197399.183
                   -244.38797 1741.09788 -224.18449 12.7402215 10.1172895  25.441738 1478.74449 .203684E-4 2056.61501 .244654601
                   270.478304 .273541258 -1756.0355
Times of maxima :      .02773     .03356     .02841     .03278     .03018     .02823     .03136     .03396     .02842     .03278
                       .03018     .02823     .03278     .03018     .02823     .02816     .03282     .02936     .03136     .03396
                       .02842     .02819     .03156     .02946     .02948     .02815     .03147     .02804     .03136     .02842
                       .02773     .03356     .02841        0.3        0.3        0.3        0.3        0.3        0.3        0.3
                          0.3        0.3     .03396
             Random switching times for simulation number  47  :
                                   7  2.4364720E-02    8  2.6285889E-02    9  2.6158434E-02

 108.524           30.0442592 3852.15692 66.1382212  2305.6471 101.526819 1636.19386 .5530639E7 .289933E-3 .3713143E7 -163618.76
                   -117406.21 155958.275 -163618.75 -117403.95 155958.329 -167262.96 -192380.57 -71717.372 -196225.24 -198.39979
                   -194909.27 -279479.74 -215957.57 225020.438 217900.426 -330054.46 -212591.21 -341172.93 196223.858 -194753.87
                   173.332799 1962.69125 -257.17352 12.9150979 10.1283268 12.9031879 1944.76835 .207799E-4 1258.57987 .265817923
                   276.073641 .331974094 -1983.9979
Times of maxima :      .03396     .03301     .02733     .02683     .03028     .02812     .02669     .03331     .03559     .02683
                       .03028     .02812     .02683     .03028     .02812     .03564     .02689     .03084     .02669     .03331
                       .03559     .02679     .03176     .02812     .02946     .02689     .03161     .02702     .02669     .03559
                       .03396     .03301     .02733        0.3        0.3        0.3        0.3        0.3        0.3        0.3
                          0.3        0.3     .03331
             Random switching times for simulation number  48  :
                                   7  2.8364314E-02    8  2.9955475E-02    9  2.8870797E-02

 204.823           46.4922018 2292.67148 25.4413927 270.624315  1208.1328 1839.37328 .9168056E7 .177505E-3 .7594315E7 137814.413
                   -150695.35 158351.152 137814.421 -150694.21 158351.057 196401.586 199372.542 -204206.69 197918.639 -155.23791
                   197189.489 214292.981  -256905.2 217674.989 261047.297 227329.542 -296355.74 244549.125 -198007.88 197178.276
                   215.620504  -1514.157 -159.50358 12.7069279 10.2856355 12.6354321 2029.98562  .20041E-4  1426.3951 .229444998
                   266.036828 .199681326 -1552.3791
Times of maxima :      .03089     .04212     .03058     .03239     .03104     .02904      .0324     .03344     .02923     .03239
                       .03104     .02904     .03239     .03104     .02904     .02907     .03224     .03109      .0324     .03344
                       .02923     .03538     .03103     .03044     .03039     .03541     .03249     .03527      .0324     .02923
                       .03089     .04212     .03058        0.3        0.3        0.3        0.3        0.3        0.3        0.3
                          0.3        0.3     .03344
             Random switching times for simulation number  49  :
                                   7  3.1863932E-02    8  3.4587575E-02    9  3.4449527E-02

 310.239           32.7218906 3882.28916 61.7846558 1830.99475 92.1741873 928.597073  .688462E7 .287968E-3 .5633166E7 158253.678
                   112870.452 -147070.36 158253.626 111865.707 -147070.43 171030.245 201724.106 63637.6288 196858.933  197.72625
                   -196273.36 275530.487 206332.702 -211563.17 208402.411 319309.124 203191.548 327291.434 -196857.45 -196288.13
                   -180.89193 -1970.3525 248.565194 12.4961166 9.81788422 12.4763708   1599.013 .201828E-4 1858.50891 .251431708
                   268.158825 .305668091  1977.2625
Times of maxima :      .04221     .04165     .03562     .03512     .03856      .0364     .03495     .04198     .03617     .03512
                       .00561      .0364     .03512     .03856      .0364     .04393     .03518     .03827     .03495     .04198
                       .03617     .03507     .03975     .03777     .04527     .03517     .04007     .03531     .03495     .03617
                       .04221     .04165     .03562        0.3        0.3        0.3        0.3        0.3        0.3        0.3
                          0.3        0.3     .04198
             Random switching times for simulation number  50  :
                                   7  2.3922609E-02    8  2.5883817E-02    9  2.5475224E-02

  111.77           22.3451265 3963.83694 60.2518432 90383.9734 93.2934241 1753.83119 .1603973E8 .295555E-3 .2813073E7 -178355.95
                   112870.452 157351.362 -178355.85 -112542.83 157351.385 157543.685 -207270.84 -81447.272 -201042.71 -200.31408
                   192337.652 -280012.66 214850.559 225705.727 227261.671 -325080.02 236410.896 -326856.25 201049.479 192373.902
                   149.482864 1990.93871 245.462509 14.2293112 10.1281444 12.8889239 4853.68444 .208078E-4 351.470315 .222366557
                   276.449069 .264684216 -2003.1408
Times of maxima :      .03322     .03371     .02602     .02615       .031     .02744     .02635      .0332     .02859     .02615
                       .00561     .02744     .02615       .031     .02744     .02756     .02607     .03023     .02635      .0332
                       .02859      .0261     .02616     .02882     .02879     .02621     .02627     .02634     .02635     .02859
                       .03322     .03371     .02602        0.3        0.3        0.3        0.3        0.3        0.3        0.3
                          0.3        0.3      .0332

 MAIN20 dumps OVER12 dice seed  SEEDSV =   2.3257023840000000E+09

Comment card.   Card index = 336.                 |C TENSOES FASE-TERRA
Comment card.   Card index = 337.                 |C                         MODTAB   AINCR  XMAXMX
Comment card.   Card index = 338.                 |C                          25-32   33-40   41-48
MODTAB, AINCR, XMAXMX =      3    0.050   10.000  |STATISTICS DATA                3
Statistical output of  node  voltage   0.1127E+06 |0      112677.T_MANAT_MANBT_MANC

1 ) -------------------------------------------------------------------------------------------------------------------------------
Statistical distribution of peak voltage at node  "T_MANA".   The base voltage for per unit printout is  V-base = 1.12677000E+05
  Interval             voltage         voltage  in     Frequency    Cumulative               Per cent
    number         in per unit      physical units     (density)     frequency     .GE. current value
        21           1.0500000      1.18310850E+05             0             0          100.000000
        22           1.1000000      1.23944700E+05             2             2           96.000000
        23           1.1500000      1.29578550E+05             5             7           86.000000
        24           1.2000000      1.35212400E+05            11            18           64.000000
        25           1.2500000      1.40846250E+05             9            27           46.000000
        26           1.3000000      1.46480100E+05             4            31           38.000000
        27           1.3500000      1.52113950E+05             3            34           32.000000
        28           1.4000000      1.57747800E+05             1            35           30.000000
        29           1.4500000      1.63381650E+05             2            37           26.000000
        30           1.5000000      1.69015500E+05             2            39           22.000000
        31           1.5500000      1.74649350E+05             5            44           12.000000
        32           1.6000000      1.80283200E+05             4            48            4.000000
        33           1.6500000      1.85917050E+05             2            50             .000000
Summary of preceding table follows:       Grouped data     Ungrouped data
                                 Mean = 1.30300000E+00     1.30325720E+00
                             Variance = 2.74653061E-02     2.73754501E-02
                   Standard deviation = 1.65726601E-01     1.65455281E-01

2 ) -------------------------------------------------------------------------------------------------------------------------------
Statistical distribution of peak voltage at node  "T_MANB".   The base voltage for per unit printout is  V-base = 1.12677000E+05
  Interval             voltage         voltage  in     Frequency    Cumulative               Per cent
    number         in per unit      physical units     (density)     frequency     .GE. current value
        19            .9500000      1.07043150E+05             0             0          100.000000
        20           1.0000000      1.12677000E+05             6             6           88.000000
        21           1.0500000      1.18310850E+05            10            16           68.000000
        22           1.1000000      1.23944700E+05            12            28           44.000000
        23           1.1500000      1.29578550E+05            10            38           24.000000
        24           1.2000000      1.35212400E+05             6            44           12.000000
        25           1.2500000      1.40846250E+05             2            46            8.000000
        26           1.3000000      1.46480100E+05             1            47            6.000000
        27           1.3500000      1.52113950E+05             3            50             .000000
Summary of preceding table follows:       Grouped data     Ungrouped data
                                 Mean = 1.10000000E+00     1.09748560E+00
                             Variance = 8.39285714E-03     7.98659750E-03
                   Standard deviation = 9.16125381E-02     8.93677655E-02

3 ) -------------------------------------------------------------------------------------------------------------------------------
Statistical distribution of peak voltage at node  "T_MANC".   The base voltage for per unit printout is  V-base = 1.12677000E+05
  Interval             voltage         voltage  in     Frequency    Cumulative               Per cent
    number         in per unit      physical units     (density)     frequency     .GE. current value
        21           1.0500000      1.18310850E+05             0             0          100.000000
        22           1.1000000      1.23944700E+05             3             3           94.000000
        23           1.1500000      1.29578550E+05             6             9           82.000000
        24           1.2000000      1.35212400E+05             4            13           74.000000
        25           1.2500000      1.40846250E+05             6            19           62.000000
        26           1.3000000      1.46480100E+05             5            24           52.000000
        27           1.3500000      1.52113950E+05             2            26           48.000000
        28           1.4000000      1.57747800E+05             6            32           36.000000
        29           1.4500000      1.63381650E+05             3            35           30.000000
        30           1.5000000      1.69015500E+05             4            39           22.000000
        31           1.5500000      1.74649350E+05             5            44           12.000000
        32           1.6000000      1.80283200E+05             2            46            8.000000
        33           1.6500000      1.85917050E+05             2            48            4.000000
        34           1.7000000      1.91550900E+05             2            50             .000000
Summary of preceding table follows:       Grouped data     Ungrouped data
                                 Mean = 1.33700000E+00     1.33951151E+00
                             Variance = 2.99551020E-02     2.85260509E-02
                   Standard deviation = 1.73075423E-01     1.68896569E-01

4 ) -------------------------------------------------------------------------------------------------------------------------------
  SUMMARY   SUMMARY   SUMMARY   SUMMARY   SUMMARY   SUMMARY   SUMMARY   SUMMARY   SUMMARY   SUMMARY   SUMMARY   SUMMARY   SUMMARY
4 ) -------------------------------------------------------------------------------------------------------------------------------
The following is a distribution of peak overvoltages among all output nodes of the last data card that have the same base voltage.
This distribution is for the maximum of the peaks at all output nodes with  V-base = 1.12677000E+05
  Interval             voltage         voltage  in     Frequency    Cumulative               Per cent
    number         in per unit      physical units     (density)     frequency     .GE. current value
        22           1.1000000      1.23944700E+05             0             0          100.000000
        23           1.1500000      1.29578550E+05             1             1           98.000000
        24           1.2000000      1.35212400E+05             4             5           90.000000
        25           1.2500000      1.40846250E+05             4             9           82.000000
        26           1.3000000      1.46480100E+05             4            13           74.000000
        27           1.3500000      1.52113950E+05             2            15           70.000000
        28           1.4000000      1.57747800E+05             5            20           60.000000
        29           1.4500000      1.63381650E+05             3            23           54.000000
        30           1.5000000      1.69015500E+05             6            29           42.000000
        31           1.5500000      1.74649350E+05             9            38           24.000000
        32           1.6000000      1.80283200E+05             6            44           12.000000
        33           1.6500000      1.85917050E+05             4            48            4.000000
        34           1.7000000      1.91550900E+05             2            50             .000000
Summary of preceding table follows:       Grouped data     Ungrouped data
                                 Mean = 1.43000000E+00     1.42844782E+00
                             Variance = 2.33928571E-02     2.33788291E-02
                   Standard deviation = 1.52947236E-01     1.52901370E-01

Statistical output of  node  voltage   0.1127E+06 |0      112677.1_2LTC1_2LTA1_2LTB

5 ) -------------------------------------------------------------------------------------------------------------------------------
Statistical distribution of peak voltage at node  "1_2LTC".   The base voltage for per unit printout is  V-base = 1.12677000E+05
  Interval             voltage         voltage  in     Frequency    Cumulative               Per cent
    number         in per unit      physical units     (density)     frequency     .GE. current value
        26           1.3000000      1.46480100E+05             0             0          100.000000
        27           1.3500000      1.52113950E+05             2             2           96.000000
        28           1.4000000      1.57747800E+05             7             9           82.000000
        29           1.4500000      1.63381650E+05             0             9           82.000000
        30           1.5000000      1.69015500E+05             4            13           74.000000
        31           1.5500000      1.74649350E+05             7            20           60.000000
        32           1.6000000      1.80283200E+05             2            22           56.000000
        33           1.6500000      1.85917050E+05             3            25           50.000000
        34           1.7000000      1.91550900E+05             2            27           46.000000
        35           1.7500000      1.97184750E+05             3            30           40.000000
        36           1.8000000      2.02818600E+05             3            33           34.000000
        37           1.8500000      2.08452450E+05            11            44           12.000000
        38           1.9000000      2.14086300E+05             3            47            6.000000
        39           1.9500000      2.19720150E+05             2            49            2.000000
        40           2.0000000      2.25354000E+05             1            50             .000000
Summary of preceding table follows:       Grouped data     Ungrouped data
                                 Mean = 1.64500000E+00     1.64160190E+00
                             Variance = 3.66326531E-02     3.55388557E-02
                   Standard deviation = 1.91396586E-01     1.88517521E-01

6 ) -------------------------------------------------------------------------------------------------------------------------------
Statistical distribution of peak voltage at node  "1_2LTA".   The base voltage for per unit printout is  V-base = 1.12677000E+05
  Interval             voltage         voltage  in     Frequency    Cumulative               Per cent
    number         in per unit      physical units     (density)     frequency     .GE. current value
        24           1.2000000      1.35212400E+05             0             0          100.000000
        25           1.2500000      1.40846250E+05             1             1           98.000000
        26           1.3000000      1.46480100E+05             0             1           98.000000
        27           1.3500000      1.52113950E+05             2             3           94.000000
        28           1.4000000      1.57747800E+05             5             8           84.000000
        29           1.4500000      1.63381650E+05             5            13           74.000000
        30           1.5000000      1.69015500E+05             2            15           70.000000
        31           1.5500000      1.74649350E+05             2            17           66.000000
        32           1.6000000      1.80283200E+05             3            20           60.000000
        33           1.6500000      1.85917050E+05             3            23           54.000000
        34           1.7000000      1.91550900E+05             4            27           46.000000
        35           1.7500000      1.97184750E+05             6            33           34.000000
        36           1.8000000      2.02818600E+05             5            38           24.000000
        37           1.8500000      2.08452450E+05             3            41           18.000000
        38           1.9000000      2.14086300E+05             2            43           14.000000
        39           1.9500000      2.19720150E+05             5            48            4.000000
        40           2.0000000      2.25354000E+05             1            49            2.000000
        41           2.0500000      2.30987850E+05             1            50             .000000
Summary of preceding table follows:       Grouped data     Ungrouped data
                                 Mean = 1.64500000E+00     1.64753938E+00
                             Variance = 4.21428571E-02     4.17391638E-02
                   Standard deviation = 2.05287255E-01     2.04301649E-01

7 ) -------------------------------------------------------------------------------------------------------------------------------
Statistical distribution of peak voltage at node  "1_2LTB".   The base voltage for per unit printout is  V-base = 1.12677000E+05
  Interval             voltage         voltage  in     Frequency    Cumulative               Per cent
    number         in per unit      physical units     (density)     frequency     .GE. current value
        11            .5500000      6.19723500E+04             0             0          100.000000
        12            .6000000      6.76062000E+04             2             2           96.000000
        13            .6500000      7.32400500E+04             5             7           86.000000
        14            .7000000      7.88739000E+04             4            11           78.000000
        15            .7500000      8.45077500E+04             6            17           66.000000
        16            .8000000      9.01416000E+04             3            20           60.000000
        17            .8500000      9.57754500E+04             5            25           50.000000
        18            .9000000      1.01409300E+05             3            28           44.000000
        19            .9500000      1.07043150E+05             7            35           30.000000
        20           1.0000000      1.12677000E+05             2            37           26.000000
        21           1.0500000      1.18310850E+05             2            39           22.000000
        22           1.1000000      1.23944700E+05             2            41           18.000000
        23           1.1500000      1.29578550E+05             1            42           16.000000
        24           1.2000000      1.35212400E+05             2            44           12.000000
        25           1.2500000      1.40846250E+05             2            46            8.000000
        26           1.3000000      1.46480100E+05             0            46            8.000000
        27           1.3500000      1.52113950E+05             0            46            8.000000
        28           1.4000000      1.57747800E+05             1            47            6.000000
        29           1.4500000      1.63381650E+05             0            47            6.000000
        30           1.5000000      1.69015500E+05             1            48            4.000000
        31           1.5500000      1.74649350E+05             1            49            2.000000
        32           1.6000000      1.80283200E+05             0            49            2.000000
        33           1.6500000      1.85917050E+05             0            49            2.000000
        34           1.7000000      1.91550900E+05             0            49            2.000000
        35           1.7500000      1.97184750E+05             0            49            2.000000
        36           1.8000000      2.02818600E+05             0            49            2.000000
        37           1.8500000      2.08452450E+05             1            50             .000000
Summary of preceding table follows:       Grouped data     Ungrouped data
                                 Mean = 9.03000000E-01     9.00300244E-01
                             Variance = 6.88938776E-02     6.97376638E-02
                   Standard deviation = 2.62476432E-01     2.64078897E-01

8 ) -------------------------------------------------------------------------------------------------------------------------------
  SUMMARY   SUMMARY   SUMMARY   SUMMARY   SUMMARY   SUMMARY   SUMMARY   SUMMARY   SUMMARY   SUMMARY   SUMMARY   SUMMARY   SUMMARY
8 ) -------------------------------------------------------------------------------------------------------------------------------
The following is a distribution of peak overvoltages among all output nodes of the last data card that have the same base voltage.
This distribution is for the maximum of the peaks at all output nodes with  V-base = 1.12677000E+05
  Interval             voltage         voltage  in     Frequency    Cumulative               Per cent
    number         in per unit      physical units     (density)     frequency     .GE. current value
        27           1.3500000      1.52113950E+05             0             0          100.000000
        28           1.4000000      1.57747800E+05             1             1           98.000000
        29           1.4500000      1.63381650E+05             0             1           98.000000
        30           1.5000000      1.69015500E+05             1             2           96.000000
        31           1.5500000      1.74649350E+05             1             3           94.000000
        32           1.6000000      1.80283200E+05             1             4           92.000000
        33           1.6500000      1.85917050E+05             2             6           88.000000
        34           1.7000000      1.91550900E+05             3             9           82.000000
        35           1.7500000      1.97184750E+05             6            15           70.000000
        36           1.8000000      2.02818600E+05             6            21           58.000000
        37           1.8500000      2.08452450E+05            14            35           30.000000
        38           1.9000000      2.14086300E+05             5            40           20.000000
        39           1.9500000      2.19720150E+05             7            47            6.000000
        40           2.0000000      2.25354000E+05             2            49            2.000000
        41           2.0500000      2.30987850E+05             1            50             .000000
Summary of preceding table follows:       Grouped data     Ungrouped data
                                 Mean = 1.79200000E+00     1.78955906E+00
                             Variance = 1.65928571E-02     1.64141152E-02
                   Standard deviation = 1.28813265E-01     1.28117584E-01

Statistical output of  node  voltage   0.1127E+06 |0      112677.T_OPOAT_OPOBT_OPOC

9 ) -------------------------------------------------------------------------------------------------------------------------------
Statistical distribution of peak voltage at node  "T_OPOA".   The base voltage for per unit printout is  V-base = 1.12677000E+05
  Interval             voltage         voltage  in     Frequency    Cumulative               Per cent
    number         in per unit      physical units     (density)     frequency     .GE. current value
        29           1.4500000      1.63381650E+05             0             0          100.000000
        30           1.5000000      1.69015500E+05             3             3           94.000000
        31           1.5500000      1.74649350E+05             0             3           94.000000
        32           1.6000000      1.80283200E+05             0             3           94.000000
        33           1.6500000      1.85917050E+05             4             7           86.000000
        34           1.7000000      1.91550900E+05             5            12           76.000000
        35           1.7500000      1.97184750E+05            12            24           52.000000
        36           1.8000000      2.02818600E+05            13            37           26.000000
        37           1.8500000      2.08452450E+05            12            49            2.000000
        38           1.9000000      2.14086300E+05             1            50             .000000
Summary of preceding table follows:       Grouped data     Ungrouped data
                                 Mean = 1.73700000E+00     1.73906829E+00
                             Variance = 8.32244898E-03     8.22046320E-03
                   Standard deviation = 9.12274574E-02     9.06667701E-02

10 ) -------------------------------------------------------------------------------------------------------------------------------
Statistical distribution of peak voltage at node  "T_OPOB".   The base voltage for per unit printout is  V-base = 1.12677000E+05
  Interval             voltage         voltage  in     Frequency    Cumulative               Per cent
    number         in per unit      physical units     (density)     frequency     .GE. current value
         1            .0500000      5.63385000E+03            50            50             .000000
Summary of preceding table follows:       Grouped data     Ungrouped data
                                 Mean = 2.50000000E-02     1.62329055E-03
                             Variance = 7.25043608E-19     1.91267034E-08
                   Standard deviation = 8.51494925E-10     1.38299325E-04

11 ) -------------------------------------------------------------------------------------------------------------------------------
Statistical distribution of peak voltage at node  "T_OPOC".   The base voltage for per unit printout is  V-base = 1.12677000E+05
  Interval             voltage         voltage  in     Frequency    Cumulative               Per cent
    number         in per unit      physical units     (density)     frequency     .GE. current value
        28           1.4000000      1.57747800E+05             0             0          100.000000
        29           1.4500000      1.63381650E+05             1             1           98.000000
        30           1.5000000      1.69015500E+05             0             1           98.000000
        31           1.5500000      1.74649350E+05             3             4           92.000000
        32           1.6000000      1.80283200E+05             3             7           86.000000
        33           1.6500000      1.85917050E+05             2             9           82.000000
        34           1.7000000      1.91550900E+05             4            13           74.000000
        35           1.7500000      1.97184750E+05            14            27           46.000000
        36           1.8000000      2.02818600E+05            10            37           26.000000
        37           1.8500000      2.08452450E+05            12            49            2.000000
        38           1.9000000      2.14086300E+05             1            50             .000000
Summary of preceding table follows:       Grouped data     Ungrouped data
                                 Mean = 1.72700000E+00     1.72722532E+00
                             Variance = 9.68979592E-03     9.81355984E-03
                   Standard deviation = 9.84367610E-02     9.90634132E-02

12 ) -------------------------------------------------------------------------------------------------------------------------------
  SUMMARY   SUMMARY   SUMMARY   SUMMARY   SUMMARY   SUMMARY   SUMMARY   SUMMARY   SUMMARY   SUMMARY   SUMMARY   SUMMARY   SUMMARY
12 ) -------------------------------------------------------------------------------------------------------------------------------
The following is a distribution of peak overvoltages among all output nodes of the last data card that have the same base voltage.
This distribution is for the maximum of the peaks at all output nodes with  V-base = 1.12677000E+05
  Interval             voltage         voltage  in     Frequency    Cumulative               Per cent
    number         in per unit      physical units     (density)     frequency     .GE. current value
        33           1.6500000      1.85917050E+05             0             0          100.000000
        34           1.7000000      1.91550900E+05             3             3           94.000000
        35           1.7500000      1.97184750E+05             7            10           80.000000
        36           1.8000000      2.02818600E+05            14            24           52.000000
        37           1.8500000      2.08452450E+05            24            48            4.000000
        38           1.9000000      2.14086300E+05             2            50             .000000
Summary of preceding table follows:       Grouped data     Ungrouped data
                                 Mean = 1.79000000E+00     1.79053770E+00
                             Variance = 2.37244898E-03     2.16444190E-03
                   Standard deviation = 4.87077918E-02     4.65235629E-02

Comment card.   Card index = 343.                 |C
MODTAB, AINCR, XMAXMX =      3    0.050   10.000  |STATISTICS DATA                3
Statistical output of branch voltage   0.1952E+06 |-1     195161.T_MANAT_MANBT_MANBT_MANCT_MANCT_MANA

13 ) -------------------------------------------------------------------------------------------------------------------------------
Statistical distribution of peak voltage  for branch  "T_MANA"  to  "T_MANB".   Base voltage  for per unit output = 1.95161000E+05
  Interval             voltage         voltage  in     Frequency    Cumulative               Per cent
    number         in per unit      physical units     (density)     frequency     .GE. current value
        20           1.0000000      1.95161000E+05             0             0          100.000000
        21           1.0500000      2.04919050E+05             1             1           98.000000
        22           1.1000000      2.14677100E+05            11            12           76.000000
        23           1.1500000      2.24435150E+05            12            24           52.000000
        24           1.2000000      2.34193200E+05            12            36           28.000000
        25           1.2500000      2.43951250E+05             3            39           22.000000
        26           1.3000000      2.53709300E+05             3            42           16.000000
        27           1.3500000      2.63467350E+05             4            46            8.000000
        28           1.4000000      2.73225400E+05             2            48            4.000000
        29           1.4500000      2.82983450E+05             2            50             .000000
Summary of preceding table follows:       Grouped data     Ungrouped data
                                 Mean = 1.17700000E+00     1.17517465E+00
                             Variance = 1.00979592E-02     1.01758656E-02
                   Standard deviation = 1.00488602E-01     1.00875496E-01

14 ) -------------------------------------------------------------------------------------------------------------------------------
Statistical distribution of peak voltage  for branch  "T_MANB"  to  "T_MANC".   Base voltage  for per unit output = 1.95161000E+05
  Interval             voltage         voltage  in     Frequency    Cumulative               Per cent
    number         in per unit      physical units     (density)     frequency     .GE. current value
        19            .9500000      1.85402950E+05             0             0          100.000000
        20           1.0000000      1.95161000E+05             1             1           98.000000
        21           1.0500000      2.04919050E+05             4             5           90.000000
        22           1.1000000      2.14677100E+05            10            15           70.000000
        23           1.1500000      2.24435150E+05            11            26           48.000000
        24           1.2000000      2.34193200E+05             8            34           32.000000
        25           1.2500000      2.43951250E+05             3            37           26.000000
        26           1.3000000      2.53709300E+05             3            40           20.000000
        27           1.3500000      2.63467350E+05             4            44           12.000000
        28           1.4000000      2.73225400E+05             4            48            4.000000
        29           1.4500000      2.82983450E+05             2            50             .000000
Summary of preceding table follows:       Grouped data     Ungrouped data
                                 Mean = 1.17500000E+00     1.17500497E+00
                             Variance = 1.36734694E-02     1.44094100E-02
                   Standard deviation = 1.16933611E-01     1.20039202E-01

15 ) -------------------------------------------------------------------------------------------------------------------------------
Statistical distribution of peak voltage  for branch  "T_MANC"  to  "T_MANA".   Base voltage  for per unit output = 1.95161000E+05
  Interval             voltage         voltage  in     Frequency    Cumulative               Per cent
    number         in per unit      physical units     (density)     frequency     .GE. current value
        20           1.0000000      1.95161000E+05             0             0          100.000000
        21           1.0500000      2.04919050E+05             2             2           96.000000
        22           1.1000000      2.14677100E+05            10            12           76.000000
        23           1.1500000      2.24435150E+05             8            20           60.000000
        24           1.2000000      2.34193200E+05             8            28           44.000000
        25           1.2500000      2.43951250E+05             5            33           34.000000
        26           1.3000000      2.53709300E+05             4            37           26.000000
        27           1.3500000      2.63467350E+05             2            39           22.000000
        28           1.4000000      2.73225400E+05             2            41           18.000000
        29           1.4500000      2.82983450E+05             6            47            6.000000
        30           1.5000000      2.92741500E+05             3            50             .000000
Summary of preceding table follows:       Grouped data     Ungrouped data
                                 Mean = 1.21600000E+00     1.21931022E+00
                             Variance = 1.84377551E-02     1.89049880E-02
                   Standard deviation = 1.35785695E-01     1.37495411E-01

16 ) -------------------------------------------------------------------------------------------------------------------------------
  SUMMARY   SUMMARY   SUMMARY   SUMMARY   SUMMARY   SUMMARY   SUMMARY   SUMMARY   SUMMARY   SUMMARY   SUMMARY   SUMMARY   SUMMARY
16 ) -------------------------------------------------------------------------------------------------------------------------------
A distribution of peak values among all output branches of the last data card that have the same base value follows.  This
statistical distribution is for the maximum of the peaks at all of these output branches having base  voltage  = 1.95161000E+05
  Interval             voltage         voltage  in     Frequency    Cumulative               Per cent
    number         in per unit      physical units     (density)     frequency     .GE. current value
        22           1.1000000      2.14677100E+05             0             0          100.000000
        23           1.1500000      2.24435150E+05             5             5           90.000000
        24           1.2000000      2.34193200E+05             2             7           86.000000
        25           1.2500000      2.43951250E+05             7            14           72.000000
        26           1.3000000      2.53709300E+05             7            21           58.000000
        27           1.3500000      2.63467350E+05             8            29           42.000000
        28           1.4000000      2.73225400E+05             8            37           26.000000
        29           1.4500000      2.82983450E+05            10            47            6.000000
        30           1.5000000      2.92741500E+05             3            50             .000000
Summary of preceding table follows:       Grouped data     Ungrouped data
                                 Mean = 1.31500000E+00     1.31819381E+00
                             Variance = 1.05102041E-02     1.09830460E-02
                   Standard deviation = 1.02519286E-01     1.04800029E-01

Statistical output of branch voltage   0.1952E+06 |-1     195161.1_2LTC1_2LTA1_2LTA1_2LTB1_2LTB1_2LTC

17 ) -------------------------------------------------------------------------------------------------------------------------------
Statistical distribution of peak voltage  for branch  "1_2LTC"  to  "1_2LTA".   Base voltage  for per unit output = 1.95161000E+05
  Interval             voltage         voltage  in     Frequency    Cumulative               Per cent
    number         in per unit      physical units     (density)     frequency     .GE. current value
        21           1.0500000      2.04919050E+05             0             0          100.000000
        22           1.1000000      2.14677100E+05             4             4           92.000000
        23           1.1500000      2.24435150E+05             3             7           86.000000
        24           1.2000000      2.34193200E+05             7            14           72.000000
        25           1.2500000      2.43951250E+05             5            19           62.000000
        26           1.3000000      2.53709300E+05             5            24           52.000000
        27           1.3500000      2.63467350E+05             2            26           48.000000
        28           1.4000000      2.73225400E+05             4            30           40.000000
        29           1.4500000      2.82983450E+05             4            34           32.000000
        30           1.5000000      2.92741500E+05             2            36           28.000000
        31           1.5500000      3.02499550E+05             2            38           24.000000
        32           1.6000000      3.12257600E+05             5            43           14.000000
        33           1.6500000      3.22015650E+05             1            44           12.000000
        34           1.7000000      3.31773700E+05             2            46            8.000000
        35           1.7500000      3.41531750E+05             2            48            4.000000
        36           1.8000000      3.51289800E+05             0            48            4.000000
        37           1.8500000      3.61047850E+05             0            48            4.000000
        38           1.9000000      3.70805900E+05             1            49            2.000000
        39           1.9500000      3.80563950E+05             1            50             .000000
Summary of preceding table follows:       Grouped data     Ungrouped data
                                 Mean = 1.36700000E+00     1.36803517E+00
                             Variance = 4.70775510E-02     4.62831238E-02
                   Standard deviation = 2.16973618E-01     2.15135129E-01

18 ) -------------------------------------------------------------------------------------------------------------------------------
Statistical distribution of peak voltage  for branch  "1_2LTA"  to  "1_2LTB".   Base voltage  for per unit output = 1.95161000E+05
  Interval             voltage         voltage  in     Frequency    Cumulative               Per cent
    number         in per unit      physical units     (density)     frequency     .GE. current value
        18            .9000000      1.75644900E+05             0             0          100.000000
        19            .9500000      1.85402950E+05             2             2           96.000000
        20           1.0000000      1.95161000E+05             1             3           94.000000
        21           1.0500000      2.04919050E+05             2             5           90.000000
        22           1.1000000      2.14677100E+05             7            12           76.000000
        23           1.1500000      2.24435150E+05            11            23           54.000000
        24           1.2000000      2.34193200E+05             9            32           36.000000
        25           1.2500000      2.43951250E+05             4            36           28.000000
        26           1.3000000      2.53709300E+05             4            40           20.000000
        27           1.3500000      2.63467350E+05             0            40           20.000000
        28           1.4000000      2.73225400E+05             4            44           12.000000
        29           1.4500000      2.82983450E+05             2            46            8.000000
        30           1.5000000      2.92741500E+05             2            48            4.000000
        31           1.5500000      3.02499550E+05             1            49            2.000000
        32           1.6000000      3.12257600E+05             0            49            2.000000
        33           1.6500000      3.22015650E+05             0            49            2.000000
        34           1.7000000      3.31773700E+05             1            50             .000000
Summary of preceding table follows:       Grouped data     Ungrouped data
                                 Mean = 1.19700000E+00     1.19964151E+00
                             Variance = 2.38938776E-02     2.37373588E-02
                   Standard deviation = 1.54576446E-01     1.54069331E-01

19 ) -------------------------------------------------------------------------------------------------------------------------------
Statistical distribution of peak voltage  for branch  "1_2LTB"  to  "1_2LTC".   Base voltage  for per unit output = 1.95161000E+05
  Interval             voltage         voltage  in     Frequency    Cumulative               Per cent
    number         in per unit      physical units     (density)     frequency     .GE. current value
        18            .9000000      1.75644900E+05             0             0          100.000000
        19            .9500000      1.85402950E+05             1             1           98.000000
        20           1.0000000      1.95161000E+05             4             5           90.000000
        21           1.0500000      2.04919050E+05             7            12           76.000000
        22           1.1000000      2.14677100E+05             4            16           68.000000
        23           1.1500000      2.24435150E+05            10            26           48.000000
        24           1.2000000      2.34193200E+05             5            31           38.000000
        25           1.2500000      2.43951250E+05             3            34           32.000000
        26           1.3000000      2.53709300E+05             8            42           16.000000
        27           1.3500000      2.63467350E+05             4            46            8.000000
        28           1.4000000      2.73225400E+05             2            48            4.000000
        29           1.4500000      2.82983450E+05             0            48            4.000000
        30           1.5000000      2.92741500E+05             1            49            2.000000
        31           1.5500000      3.02499550E+05             1            50             .000000
Summary of preceding table follows:       Grouped data     Ungrouped data
                                 Mean = 1.16700000E+00     1.16947317E+00
                             Variance = 1.86081633E-02     1.85917930E-02
                   Standard deviation = 1.36411742E-01     1.36351725E-01

20 ) -------------------------------------------------------------------------------------------------------------------------------
  SUMMARY   SUMMARY   SUMMARY   SUMMARY   SUMMARY   SUMMARY   SUMMARY   SUMMARY   SUMMARY   SUMMARY   SUMMARY   SUMMARY   SUMMARY
20 ) -------------------------------------------------------------------------------------------------------------------------------
A distribution of peak values among all output branches of the last data card that have the same base value follows.  This
statistical distribution is for the maximum of the peaks at all of these output branches having base  voltage  = 1.95161000E+05
  Interval             voltage         voltage  in     Frequency    Cumulative               Per cent
    number         in per unit      physical units     (density)     frequency     .GE. current value
        23           1.1500000      2.24435150E+05             0             0          100.000000
        24           1.2000000      2.34193200E+05             1             1           98.000000
        25           1.2500000      2.43951250E+05             4             5           90.000000
        26           1.3000000      2.53709300E+05             9            14           72.000000
        27           1.3500000      2.63467350E+05             2            16           68.000000
        28           1.4000000      2.73225400E+05             8            24           52.000000
        29           1.4500000      2.82983450E+05             5            29           42.000000
        30           1.5000000      2.92741500E+05             4            33           34.000000
        31           1.5500000      3.02499550E+05             4            37           26.000000
        32           1.6000000      3.12257600E+05             5            42           16.000000
        33           1.6500000      3.22015650E+05             1            43           14.000000
        34           1.7000000      3.31773700E+05             3            46            8.000000
        35           1.7500000      3.41531750E+05             2            48            4.000000
        36           1.8000000      3.51289800E+05             0            48            4.000000
        37           1.8500000      3.61047850E+05             0            48            4.000000
        38           1.9000000      3.70805900E+05             1            49            2.000000
        39           1.9500000      3.80563950E+05             1            50             .000000
Summary of preceding table follows:       Grouped data     Ungrouped data
                                 Mean = 1.44200000E+00     1.44260907E+00
                             Variance = 3.00622449E-02     3.00741170E-02
                   Standard deviation = 1.73384673E-01     1.73418906E-01

Statistical output of branch voltage   0.1952E+06 |-1     195161.T_OPOAT_OPOBT_OPOBT_OPOCT_OPOCT_OPOA

21 ) -------------------------------------------------------------------------------------------------------------------------------
Statistical distribution of peak voltage  for branch  "T_OPOA"  to  "T_OPOB".   Base voltage  for per unit output = 1.95161000E+05
  Interval             voltage         voltage  in     Frequency    Cumulative               Per cent
    number         in per unit      physical units     (density)     frequency     .GE. current value
        16            .8000000      1.56128800E+05             0             0          100.000000
        17            .8500000      1.65886850E+05             1             1           98.000000
        18            .9000000      1.75644900E+05             2             3           94.000000
        19            .9500000      1.85402950E+05             2             5           90.000000
        20           1.0000000      1.95161000E+05            11            16           68.000000
        21           1.0500000      2.04919050E+05            24            40           20.000000
        22           1.1000000      2.14677100E+05            10            50             .000000
Summary of preceding table follows:       Grouped data     Ungrouped data
                                 Mean = 1.01000000E+00     1.00451233E+00
                             Variance = 2.98469388E-03     2.72134801E-03
                   Standard deviation = 5.46323519E-02     5.21665411E-02

22 ) -------------------------------------------------------------------------------------------------------------------------------
Statistical distribution of peak voltage  for branch  "T_OPOB"  to  "T_OPOC".   Base voltage  for per unit output = 1.95161000E+05
  Interval             voltage         voltage  in     Frequency    Cumulative               Per cent
    number         in per unit      physical units     (density)     frequency     .GE. current value
        16            .8000000      1.56128800E+05             0             0          100.000000
        17            .8500000      1.65886850E+05             1             1           98.000000
        18            .9000000      1.75644900E+05             4             5           90.000000
        19            .9500000      1.85402950E+05             4             9           82.000000
        20           1.0000000      1.95161000E+05             9            18           64.000000
        21           1.0500000      2.04919050E+05            25            43           14.000000
        22           1.1000000      2.14677100E+05             7            50             .000000
Summary of preceding table follows:       Grouped data     Ungrouped data
                                 Mean = 9.99000000E-01     9.97178977E-01
                             Variance = 3.59591837E-03     3.28146707E-03
                   Standard deviation = 5.99659767E-02     5.72840909E-02

23 ) -------------------------------------------------------------------------------------------------------------------------------
Statistical distribution of peak voltage  for branch  "T_OPOC"  to  "T_OPOA".   Base voltage  for per unit output = 1.95161000E+05
  Interval             voltage         voltage  in     Frequency    Cumulative               Per cent
    number         in per unit      physical units     (density)     frequency     .GE. current value
        21           1.0500000      2.04919050E+05             0             0          100.000000
        22           1.1000000      2.14677100E+05             2             2           96.000000
        23           1.1500000      2.24435150E+05             2             4           92.000000
        24           1.2000000      2.34193200E+05             1             5           90.000000
        25           1.2500000      2.43951250E+05             8            13           74.000000
        26           1.3000000      2.53709300E+05             3            16           68.000000
        27           1.3500000      2.63467350E+05             4            20           60.000000
        28           1.4000000      2.73225400E+05             4            24           52.000000
        29           1.4500000      2.82983450E+05             1            25           50.000000
        30           1.5000000      2.92741500E+05             0            25           50.000000
        31           1.5500000      3.02499550E+05             3            28           44.000000
        32           1.6000000      3.12257600E+05             5            33           34.000000
        33           1.6500000      3.22015650E+05             4            37           26.000000
        34           1.7000000      3.31773700E+05             5            42           16.000000
        35           1.7500000      3.41531750E+05             4            46            8.000000
        36           1.8000000      3.51289800E+05             0            46            8.000000
        37           1.8500000      3.61047850E+05             2            48            4.000000
        38           1.9000000      3.70805900E+05             0            48            4.000000
        39           1.9500000      3.80563950E+05             2            50             .000000
Summary of preceding table follows:       Grouped data     Ungrouped data
                                 Mean = 1.46300000E+00     1.46493488E+00
                             Variance = 5.40367347E-02     5.24377109E-02
                   Standard deviation = 2.32458028E-01     2.28992819E-01

24 ) -------------------------------------------------------------------------------------------------------------------------------
  SUMMARY   SUMMARY   SUMMARY   SUMMARY   SUMMARY   SUMMARY   SUMMARY   SUMMARY   SUMMARY   SUMMARY   SUMMARY   SUMMARY   SUMMARY
24 ) -------------------------------------------------------------------------------------------------------------------------------
A distribution of peak values among all output branches of the last data card that have the same base value follows.  This
statistical distribution is for the maximum of the peaks at all of these output branches having base  voltage  = 1.95161000E+05
  Interval             voltage         voltage  in     Frequency    Cumulative               Per cent
    number         in per unit      physical units     (density)     frequency     .GE. current value
        21           1.0500000      2.04919050E+05             0             0          100.000000
        22           1.1000000      2.14677100E+05             2             2           96.000000
        23           1.1500000      2.24435150E+05             2             4           92.000000
        24           1.2000000      2.34193200E+05             1             5           90.000000
        25           1.2500000      2.43951250E+05             8            13           74.000000
        26           1.3000000      2.53709300E+05             3            16           68.000000
        27           1.3500000      2.63467350E+05             4            20           60.000000
        28           1.4000000      2.73225400E+05             4            24           52.000000
        29           1.4500000      2.82983450E+05             1            25           50.000000
        30           1.5000000      2.92741500E+05             0            25           50.000000
        31           1.5500000      3.02499550E+05             3            28           44.000000
        32           1.6000000      3.12257600E+05             5            33           34.000000
        33           1.6500000      3.22015650E+05             4            37           26.000000
        34           1.7000000      3.31773700E+05             5            42           16.000000
        35           1.7500000      3.41531750E+05             4            46            8.000000
        36           1.8000000      3.51289800E+05             0            46            8.000000
        37           1.8500000      3.61047850E+05             2            48            4.000000
        38           1.9000000      3.70805900E+05             0            48            4.000000
        39           1.9500000      3.80563950E+05             2            50             .000000
Summary of preceding table follows:       Grouped data     Ungrouped data
                                 Mean = 1.46300000E+00     1.46493488E+00
                             Variance = 5.40367347E-02     5.24377109E-02
                   Standard deviation = 2.32458028E-01     2.28992819E-01

Initialize variables as  "FIND"  begins.          |FIND
Send (request, ALL, SPY, RESET, EXCLUDE, DISK, HELP, QUIT) :
Statistical output of  node  voltage   0.1127E+06 |0      112677.T_MANAT_MANBT_MANC
      Peak extremum of subset has value 1.87636752E+05     This occurred during
      simulation 31  for the variable having names  "T_MANC"  and  "      ".
      This was variable 3  of 3  in the subset;  50  shots were searched.
Send (request, ALL, SPY, RESET, EXCLUDE, DISK, HELP, QUIT) :
Create deterministic data file for shot JP = 31   |DISK
Send (request, ALL, SPY, RESET, EXCLUDE, DISK, HELP, QUIT) :
Initialize variables as  "FIND"  begins.          |RESET
Send (request, ALL, SPY, RESET, EXCLUDE, DISK, HELP, QUIT) :
Exit  FIND  by resuming statistical tabulations.  |QUIT
Comment card.   Card index = 353.                 |C
Initialize variables as  "FIND"  begins.          |FIND
Send (request, ALL, SPY, RESET, EXCLUDE, DISK, HELP, QUIT) :
Statistical output of  node  voltage   0.1127E+06 |0      112677.1_2LTC1_2LTA1_2LTB
      Peak extremum of subset has value 2.25852012E+05     This occurred during
      simulation 41  for the variable having names  "1_2LTA"  and  "      ".
      This was variable 2  of 3  in the subset;  50  shots were searched.
Send (request, ALL, SPY, RESET, EXCLUDE, DISK, HELP, QUIT) :
Create deterministic data file for shot JP = 41   |DISK
Send (request, ALL, SPY, RESET, EXCLUDE, DISK, HELP, QUIT) :
Initialize variables as  "FIND"  begins.          |RESET
Send (request, ALL, SPY, RESET, EXCLUDE, DISK, HELP, QUIT) :
Exit  FIND  by resuming statistical tabulations.  |QUIT
Comment card.   Card index = 359.                 |C
Initialize variables as  "FIND"  begins.          |FIND
Send (request, ALL, SPY, RESET, EXCLUDE, DISK, HELP, QUIT) :
Statistical output of  node  voltage   0.1127E+06 |0      112677.T_OPOAT_OPOBT_OPOC
      Peak extremum of subset has value 2.09411139E+05     This occurred during
      simulation 41  for the variable having names  "T_OPOA"  and  "      ".
      This was variable 1  of 3  in the subset;  50  shots were searched.
Send (request, ALL, SPY, RESET, EXCLUDE, DISK, HELP, QUIT) :
Create deterministic data file for shot JP = 41   |DISK
Send (request, ALL, SPY, RESET, EXCLUDE, DISK, HELP, QUIT) :
Initialize variables as  "FIND"  begins.          |RESET
Send (request, ALL, SPY, RESET, EXCLUDE, DISK, HELP, QUIT) :
Exit  FIND  by resuming statistical tabulations.  |QUIT
Comment card.   Card index = 365.                 |C
Initialize variables as  "FIND"  begins.          |FIND
Send (request, ALL, SPY, RESET, EXCLUDE, DISK, HELP, QUIT) :
Statistical output of branch voltage   0.1952E+06 |-1     195161.T_MANAT_MANBT_MANBT_MANCT_MANCT_MANA
      Peak extremum of subset has value 2.90618621E+05     This occurred during
      simulation 7  for the variable having names  "T_MANC"  and  "T_MANA".
      This was variable 3  of 3  in the subset;  50  shots were searched.
Send (request, ALL, SPY, RESET, EXCLUDE, DISK, HELP, QUIT) :
Create deterministic data file for shot JP = 7    |DISK
Send (request, ALL, SPY, RESET, EXCLUDE, DISK, HELP, QUIT) :
Initialize variables as  "FIND"  begins.          |RESET
Send (request, ALL, SPY, RESET, EXCLUDE, DISK, HELP, QUIT) :
Exit  FIND  by resuming statistical tabulations.  |QUIT
Initialize variables as  "FIND"  begins.          |FIND
Send (request, ALL, SPY, RESET, EXCLUDE, DISK, HELP, QUIT) :
Statistical output of branch voltage   0.1952E+06 |-1     195161.1_2LTC1_2LTA1_2LTA1_2LTB1_2LTB1_2LTC
      Peak extremum of subset has value 3.72013353E+05     This occurred during
      simulation 31  for the variable having names  "1_2LTC"  and  "1_2LTA".
      This was variable 1  of 3  in the subset;  50  shots were searched.
Send (request, ALL, SPY, RESET, EXCLUDE, DISK, HELP, QUIT) :
Create deterministic data file for shot JP = 31   |DISK
Send (request, ALL, SPY, RESET, EXCLUDE, DISK, HELP, QUIT) :
Initialize variables as  "FIND"  begins.          |RESET
Send (request, ALL, SPY, RESET, EXCLUDE, DISK, HELP, QUIT) :
Exit  FIND  by resuming statistical tabulations.  |QUIT
Comment card.   Card index = 376.                 |C
Initialize variables as  "FIND"  begins.          |FIND
Send (request, ALL, SPY, RESET, EXCLUDE, DISK, HELP, QUIT) :
Statistical output of branch voltage   0.1952E+06 |-1     195161.T_OPOAT_OPOBT_OPOBT_OPOCT_OPOCT_OPOA
      Peak extremum of subset has value 3.78079832E+05     This occurred during
      simulation 38  for the variable having names  "T_OPOC"  and  "T_OPOA".
      This was variable 3  of 3  in the subset;  50  shots were searched.
Send (request, ALL, SPY, RESET, EXCLUDE, DISK, HELP, QUIT) :
Create deterministic data file for shot JP = 38   |DISK
Send (request, ALL, SPY, RESET, EXCLUDE, DISK, HELP, QUIT) :
Initialize variables as  "FIND"  begins.          |RESET
Send (request, ALL, SPY, RESET, EXCLUDE, DISK, HELP, QUIT) :
Exit  FIND  by resuming statistical tabulations.  |QUIT
Comment card.   Card index = 382.                 |C
Initialize variables as  "FIND"  begins.          |FIND
Send (request, ALL, SPY, RESET, EXCLUDE, DISK, HELP, QUIT) :
Statistical output of branch energy    0.1000E+04 |-4        1.E3PRMANA      PRMANB      PRMANC
      Peak extremum of subset has value 4.59389227E+01     This occurred during
      simulation 31  for the variable having names  "PRMANC"  and  "      ".
      This was variable 3  of 3  in the subset;  50  shots were searched.
Send (request, ALL, SPY, RESET, EXCLUDE, DISK, HELP, QUIT) :
Create deterministic data file for shot JP = 31   |DISK
Send (request, ALL, SPY, RESET, EXCLUDE, DISK, HELP, QUIT) :
Initialize variables as  "FIND"  begins.          |RESET
Send (request, ALL, SPY, RESET, EXCLUDE, DISK, HELP, QUIT) :
Exit  FIND  by resuming statistical tabulations.  |QUIT
Comment card.   Card index = 388.                 |C
Initialize variables as  "FIND"  begins.          |FIND
Send (request, ALL, SPY, RESET, EXCLUDE, DISK, HELP, QUIT) :
Statistical output of branch energy    0.1000E+04 |-4        1.E3PROPOA      PROPOB      PROPOC
      Peak extremum of subset has value 1.25792491E+04     This occurred during
      simulation 2  for the variable having names  "PROPOC"  and  "      ".
      This was variable 3  of 3  in the subset;  50  shots were searched.
Send (request, ALL, SPY, RESET, EXCLUDE, DISK, HELP, QUIT) :
Create deterministic data file for shot JP = 2    |DISK
Send (request, ALL, SPY, RESET, EXCLUDE, DISK, HELP, QUIT) :
Initialize variables as  "FIND"  begins.          |RESET
Send (request, ALL, SPY, RESET, EXCLUDE, DISK, HELP, QUIT) :
Exit  FIND  by resuming statistical tabulations.  |QUIT
Comment card.   Card index = 394.                 |C
Blank card ends statistical tabulation requests.  |BLANK STATISTICS

                                      Sample curve symbols : "A", "B", and "C"
                                      Theoretical curve symbol : "*"
                                      Common curve symbol : "X"

        Switch  "XX0012"  to  "XX0013"            Switch  "XX0014"  to  "XX0015"            Switch  "XX0016"  to  "XX0017"
2.20700000E-01   switchings per column          2.20700000E-01   switchings per column     2.20700000E-01   switchings per column
              Columns                                     Columns                                     Columns
          5   10   15   20   25   30                5   10   15   20   25   30                5   10   15   20   25   30
     +----+----+----+----+----+----+           +----+----+----+----+----+----+           +----+----+----+----+----+----+
    X                                         X                                         X
    X                                         X                                         X
    X                                         X                                         X
    *    A                                    X                                         X
    A*                                        B*                                        C*
    A *                                       B *                                       C *
    A   *                                     |   *    B                                |   *C
    |       *         A                       |    B  *                                 |       *C
    |        A  *                             |           * B                           |        C  *
    |                 *        A              |    B            *                       |                 X
    |                      A*                 |                      B*                 |             C         *
    |                           *       A     |                      B    *             |                           *   C
    |  2.0000E-02              A  *           |  2.0000E-02                 * B         |  2.0000E-02     C           *
    |                           *       A     |                           *            B|                           *   C
    |        A              *                 |                      B*                 |                       *  C
    |        A        *                       |                 *        B              |                 *        C
    |           * A                           |           *     B                       |           *              C
    |       *A                                |    B  *                                 |       *C
    |   *A                                    |   *B                                    C   *
    A *                                       B *                                       C *
    A*                                        B*                                        C*
    X                                         X                                         X
    X                                         X                                         X
    X                                         X                                         X
    X                                         X                                         X
   Time (scale = 2.77666667E-04  Sec/line)   Time (scale = 2.77666667E-04  Sec/line)   Time  (scale = 2.77666667E-04  Sec/line)
 .... Questionable Kolmogorov-Smirnov test result = 4.43674989E-01
 .... Questionable Kolmogorov-Smirnov test result = 2.58312367E-01
 .... Questionable Kolmogorov-Smirnov test result = 6.30757254E-01

Memory storage figures for the preceding, now-completed data case.  -------------------------------  Present   Program
A value of  "-9999"  indicates that no figure is available.         03-Sep-26  17.54.40              figure     limit  (name)
     Size List 1.   Number of electric network nodes.                                                   94      100K  (LBUS)
     Size List 2.   Number of electric network branches.                                               142      120K  (LBRNCH)
     Size List 3.   Number of data values in R, L, C tables.                                           131      500K  (LDATA)
     Size List 4.   Number of electric network sources.                                                  6     20000  (LEXCT)
     Size List 5.   Storage for [Y] & triangularized [Y].  No. times = 793   Factors = 594             987     2000K  (LYMAT)
     Size List 6.   Number of entries in switch table.                  No. flops = 12                  12      5000  (LSWTCH)
     Size List 7.   Number of distinct ALPHANUMERIC data names plus program SPY variables.             175      200K  (LSIZE7)
     Size List 8.   History points of distributed lines.                                               112     2000K  (LPAST)
     Size List 9.   Number of nonlinear elements.                                                       18     10000  (LNONL)
     Size List 10.  Points of nonlinear characteristics.                                                48     16000  (LCHAR)
     Size List 11.  Number of Type-59 S.M. outputs.                                                      0      3000  (LSMOUT)
     Size List 12.  Total number of EMTP output variables.                                              43     12000  (LSIZ12)
     Size List 13.  Working space for batch/SPY plotting.                                            -9999     1000K  (LSIZ13)
     Size List 14.  S.M./U.M. connections to TACS.                                                   -9999      2000  (LBSTAC)
     Size List 15.  Character storage in bytes for MODELS.                                           -9999     2000K  (LCTACS)
     Size List 16.  Total number of Type-59 S.M. masses.                                                 0      3200  (LIMASS)
     Size List 17.  Number of Type-59 Synchronous machines.                                              0       360  (LSYN)
     Size List 18.  Branch and switch power/energy outputs.                                              9      1016  (MAXPE)
     Size List 19.  Total floating-point TACS table space.                                              23     2000K  (LTACST)
     Size List 20.  Non-copied recursive convolution data plus SEEK of MODELS.                           0     2000K  (LFSEM)
     Size List 21.  Total modal/phase [T] matrix storage.                                               36     12000  (LFD)
     Size List 22.  Total recursive convolution history.                                                 0     1000K  (LHIST)
     Size List 23.  Giant vectors for renumbering, phasors;  also extrema accumulation.               4154     2000K  (LSIZ23)
     Size List 24.  Peak phases of compensation for data.                                                3        36  (LCOMP)
     Size List 25.  Total table space for all U.M usage.                                             -9999      240K  (LSPCUM)
     Size List 26.  Square of max number of coupled phases.                                              9     2000K  (LSIZ26)
     Size List 27.  Maximum number of MODELS top variables.                                          -9999      100K  (LSIZ27)
     Size List 28.  MODELS.  Total work space is divided into INTEGER and REAL.  1st, REAL:          -9999     2000K  (LRTACS)
                             Second  and last,  statistics for INTEGER work space.                       0         0  (LITACS)
     Size List 29.  RAM disk used by "TAPSAV" table saving (limit is "LABCOM" size LTLABL).          -9999  84700944  (LSIZ29)
     Size List 30.  ULM line or Noda line or User line circuits.                                           0        39  (LSIZ30)
Timing figures characterizing central processor (CP) solution speed.  ----------------------------   CP sec  Wait sec  Real sec
     Data input time (through blank card ending branches) ....                                       0.000     0.000     0.000
     Node renumbering and phasor solution  ....                                                      0.020     0.000     0.020
     After phasor solution, but before time-step loop  ....                                          0.000     0.000     0.000
     Integration of equations (time-step loop)  ....                                                12.240     0.000    12.240
     Plotting or STATISTICS termination overlays ....                                                0.000     0.000     0.000
                                                                                                    ---------------------------
                                                                                          Totals     12.260     0.000    12.260

