   ---   334   cards of disk file read into card cache cells  1   onward.
Alternative Transients Program (ATP),  Intel Visual Fortran.    All rights reserved by Can/Am user group of Portland, Oregon, USA.
 Date (dd-mth-yy) and time of day (hh.mm.ss) = 03-Sep-26  15.07.26    Name of disk plot file is  shot0026.pl4
Consult the 860-page ATP Rule Book of the Can/Am EMTP User Group in Portland,  Oregon, USA.  Source code date is 19 June 2017.
Total size of LABCOM tables = 80605677 INTEGER words.  31 VARDIM  List Sizes follow:  100K  120K  500K  20K  2000K  5K  200K
 2000K  10K  16K  3K  12K 1000K  2K 2000K  3200  360  1016 2000K 2000K  12K 1000K 2000K  36  240K 2000K  100K 2000K84700K  39  100K
--------------------------------------------------+--------------------------------------------------------------------------------
Descriptive interpretation of input data cards.   |  Input data card images are shown below, all 80 columns, character by character
                                                  0         1         2         3         4         5         6         7         8
                                                  012345678901234567890123456789012345678901234567890123456789012345678901234567890
--------------------------------------------------+--------------------------------------------------------------------------------
Comment card.   Card index = 1.                   |C data:shot0026.dat
Comment card.   Card index = 2.                   |C data:case.atp
Marker card preceding new EMTP data case.         |BEGIN NEW DATA CASE
Comment card.   Card index = 4.                   |C ------------------------------------------------------------------------------
Comment card.   Card index = 5.                   |C Generated by ATPDraw September, 3, 2026
Comment card.   Card index = 6.                   |C from project /tmp/tmppzs5ohjw/case.xml
Comment card.   Card index = 7.                   |C ATPDraw developed by H. K. Høidalen at NTNU - NORWAY 1999-2022
Comment card.   Card index = 8.                   |C ------------------------------------------------------------------------------
Use  SPY  DEPOSIT  on following variable.         |$DEPOSIT, SIGMAX=3.0
Comment card.   Card index = 10.                  |C $DUMMY, XYZ000
Comment card.   Card index = 11.                  |C  dT  >< Tmax >< Xopt >< Copt ><Epsiln>
Misc. data.     1.000E-05   3.000E-01   6.000E+01 |   1.E-5      .3     60.     60.  1.E-16
Misc. data.    500    1  1  1  1  0  0  1  0  0   |     500       1       1       1       1       0               1
Comment card.   Card index = 14.                  |C        1         2         3         4         5         6         7         8
Comment card.   Card index = 15.                  |C 345678901234567890123456789012345678901234567890123456789012345678901234567890
Comment card.   Card index = 16.                  |C < n1 >< n2 ><ref1><ref2>< R  >< L  >< C  >
Comment card.   Card index = 17.                  |C < n1 >< n2 ><ref1><ref2>< R  >< A  >< B  ><Leng><><>0
Comment card.   Card index = 18.                  |C bar from: 390 - bar to: 391 - fictional: 1505 1505 - SGOTA3-MG000
Sat. Xformer.    2.456E-02  2.878E+01  0.000E+00  |  TRANSFORMER             .0245628.784X0001A                                   0
    Breakpoint.      2.45605E-02    2.87840E+01   |     0.024560452        28.78395
    Breakpoint.      9.03510E-01    1.08293E+03   |     0.903510298      1082.93048
    Breakpoint.      1.66111E+00    1.13708E+03   |      1.66111143        1137.077
    Breakpoint.      3.75350E+00    1.19122E+03   |      3.75349629      1191.22352
    Breakpoint.      7.42970E+00    1.23454E+03   |      7.42970164      1234.54074
    Breakpoint.      1.75927E+01    1.28869E+03   |      17.5926808      1288.68727
    Breakpoint.      2.79951E+01    1.30601E+03   |      27.9951131      1306.01415
    Breakpoint.      8.30078E+02    1.55942E+03   |       830.07831      1559.41988
Special termination-of-points card.               |            9999
  Winding 1.   1.7190E+00  1.8237E-01  2.8868E+02 | 1390A                     1.719 68.75288.68
  Winding 2.   1.8700E-01 -1.9892E-02  1.9919E+02 | 2391A                      .187-7.499199.19
  Winding 3.   3.2000E-02  1.1247E-03  1.3800E+01 | 3395A  395B                .032  .424  13.8
Transformer copy using reference name  "X0001A"   |  TRANSFORMER X0001A                  X0001B                                   0
  Winding 1.   (No values read, since copy)       | 1390B
  Winding 2.   (No values read, since copy)       | 2391B
  Winding 3.   (No values read, since copy)       | 3395B  395C
Transformer copy using reference name  "X0001A"   |  TRANSFORMER X0001A                  X0001C                                   0
  Winding 1.   (No values read, since copy)       | 1390C
  Winding 2.   (No values read, since copy)       | 2391C
  Winding 3.   (No values read, since copy)       | 3395C  395A
Series R-L-C.   1.000E+06  0.000E+00  0.000E+00   |  395A                      1.E6                                               0
Series R-L-C.   1.000E+06  0.000E+00  0.000E+00   |  395B                      1.E6                                               0
Series R-L-C.   1.000E+06  0.000E+00  0.000E+00   |  395C                      1.E6                                               0
Comment card.   Card index = 43.                  |C bar from: 390 - bar to: 391 - fictional: 393 393 - SGOTA4-MG000
Sat. Xformer.    2.456E-02  2.878E+01  0.000E+00  |  TRANSFORMER             .0245628.784X0002A                                   0
    Breakpoint.      2.45605E-02    2.87840E+01   |     0.024560452        28.78395
    Breakpoint.      9.03510E-01    1.08293E+03   |     0.903510298      1082.93048
    Breakpoint.      1.66111E+00    1.13708E+03   |      1.66111143        1137.077
    Breakpoint.      3.75350E+00    1.19122E+03   |      3.75349629      1191.22352
    Breakpoint.      7.42970E+00    1.23454E+03   |      7.42970164      1234.54074
    Breakpoint.      1.75927E+01    1.28869E+03   |      17.5926808      1288.68727
    Breakpoint.      2.79951E+01    1.30601E+03   |      27.9951131      1306.01415
    Breakpoint.      8.30078E+02    1.55942E+03   |       830.07831      1559.41988
Special termination-of-points card.               |            9999
  Winding 1.   1.5120E+00  1.6048E-01  2.8868E+02 | 1390A                     1.512  60.5288.68
  Winding 2.   5.4000E-02 -5.6818E-03  1.9919E+02 | 2391A                      .054-2.142199.19
  Winding 3.   3.2000E-02  1.1194E-03  1.3800E+01 | 3397A  397B                .032  .422  13.8
Transformer copy using reference name  "X0002A"   |  TRANSFORMER X0002A                  X0002B                                   0
  Winding 1.   (No values read, since copy)       | 1390B
  Winding 2.   (No values read, since copy)       | 2391B
  Winding 3.   (No values read, since copy)       | 3397B  397C
Transformer copy using reference name  "X0002A"   |  TRANSFORMER X0002A                  X0002C                                   0
  Winding 1.   (No values read, since copy)       | 1390C
  Winding 2.   (No values read, since copy)       | 2391C
  Winding 3.   (No values read, since copy)       | 3397C  397A
Series R-L-C.   1.000E+06  0.000E+00  0.000E+00   |  397A                      1.E6                                               0
Series R-L-C.   1.000E+06  0.000E+00  0.000E+00   |  397B                      1.E6                                               0
Series R-L-C.   1.000E+06  0.000E+00  0.000E+00   |  397C                      1.E6                                               0
Comment card.   Card index = 68.                  |C bar from: 391 - bar to: 9098 - fictional: 42076 42076 - SGOTA6-MG000
Sat. Xformer.    6.149E-02  9.864E+00  0.000E+00  |  TRANSFORMER             .061499.8638X0003A                                   0
    Breakpoint.      6.14884E-02    9.86378E+00   |     0.061488436        9.863778
    Breakpoint.      9.82097E-01    7.47225E+02   |     0.982097019      747.225029
    Breakpoint.      1.80559E+00    7.84586E+02   |      1.80559379      784.586281
    Breakpoint.      4.07997E+00    8.21948E+02   |      4.07997288      821.947532
    Breakpoint.      8.07593E+00    8.51837E+02   |      8.07593211      851.836533
    Breakpoint.      1.91229E+01    8.89198E+02   |      19.1228804      889.197785
    Breakpoint.      3.04301E+01    9.01153E+02   |      30.4301093      901.153385
    Breakpoint.      9.02278E+02    1.07600E+03   |      902.277966      1076.00404
Special termination-of-points card.               |            9999
  Winding 1.   7.4000E-01  7.8564E-02  1.9919E+02 | 1391A                       .7429.618199.19
  Winding 2.   9.0000E-03 -9.0453E-04  7.9674E+01 | 29098A                     .009 -.34179.674
  Winding 3.   5.4000E-02  1.8966E-03  1.3800E+01 | 342077A42077B              .054  .715  13.8
Transformer copy using reference name  "X0003A"   |  TRANSFORMER X0003A                  X0003B                                   0
  Winding 1.   (No values read, since copy)       | 1391B
  Winding 2.   (No values read, since copy)       | 29098B
  Winding 3.   (No values read, since copy)       | 342077B42077C
Transformer copy using reference name  "X0003A"   |  TRANSFORMER X0003A                  X0003C                                   0
  Winding 1.   (No values read, since copy)       | 1391C
  Winding 2.   (No values read, since copy)       | 29098C
  Winding 3.   (No values read, since copy)       | 342077C42077A
Series R-L-C.   1.000E+06  0.000E+00  0.000E+00   |  42077A                    1.E6                                               0
Series R-L-C.   1.000E+06  0.000E+00  0.000E+00   |  42077B                    1.E6                                               0
Series R-L-C.   1.000E+06  0.000E+00  0.000E+00   |  42077C                    1.E6                                               0
Comment card.   Card index = 93.                  |C 42077 - SGOTA6-MG013
Comment card.   Card index = 94.                  |C bar from: 9098 - bar to: 9049 - circuit: 7 SGO-DF-MG138 SGOTA2-MG138 300.0
Sat. Xformer.    1.538E-01  8.392E+01  0.000E+00  |  TRANSFORMER             .1538183.924X0004A                                   0
    Breakpoint.      1.53808E-01    8.39241E+01   |      0.15380798       83.924129
    Breakpoint.      2.45543E+00    2.98868E+02   |      2.45542745      298.867504
    Breakpoint.      4.51432E+00    3.13811E+02   |      4.51432442      313.810879
    Breakpoint.      1.02007E+01    3.28754E+02   |      10.2007004      328.754254
    Breakpoint.      2.01914E+01    3.40709E+02   |      20.1913508      340.708954
    Breakpoint.      4.78108E+01    3.55652E+02   |      47.8108014       355.65233
    Breakpoint.      7.60810E+01    3.60434E+02   |      76.0810026       360.43421
    Breakpoint.      2.25586E+03    4.30369E+02   |      2255.86479      430.369205
Special termination-of-points card.               |            9999
  Winding 1.   3.6000E-02  3.8038E-03  7.9674E+01 | 19049A                     .036 1.43479.674
  Winding 2.   3.6000E-02  3.8038E-03  7.9674E+01 | 29098A                     .036 1.43479.674
Transformer copy using reference name  "X0004A"   |  TRANSFORMER X0004A                  X0004B                                   0
  Winding 1.   (No values read, since copy)       | 19049B
  Winding 2.   (No values read, since copy)       | 29098B
Transformer copy using reference name  "X0004A"   |  TRANSFORMER X0004A                  X0004C                                   0
  Winding 1.   (No values read, since copy)       | 19049C
  Winding 2.   (No values read, since copy)       | 29098C
Series R-L-C.   1.000E+06  0.000E+00  0.000E+00   |  9098A                     1.E6                                               0
Series R-L-C.   1.000E+06  0.000E+00  0.000E+00   |  9098B                     1.E6                                               0
Series R-L-C.   1.000E+06  0.000E+00  0.000E+00   |  9098C                     1.E6                                               0
1st of coupled R-L.   1.13780E+01  1.41787E-01    |51X0005AX0008A            11.378     53.4525
2nd coil. 1.373E+00 5.617E-02 0.000E+00 0.000E+00 |52X0005BX0008B            1.3727     21.1765
Zca, Zcc= 3.335E+00 2.854E-02 4.708E+00 8.471E-02 |53X0005CX0008C
1st of coupled R-L.   3.90950E+02  1.44245E+00    |51X0007AX0006A            390.95 543.7895175
2nd coil. 8.644E+00 2.480E-01 0.000E+00 0.000E+00 |52X0007BX0006B            8.6441  93.4941375
Zca, Zcc= 1.274E+02 3.981E-01 1.361E+02 6.461E-01 |53X0007CX0006C
Comment card.   Card index = 122.                 |C < n1 >< n2 ><ref1><ref2>< R  >< L  >< C  >
Comment card.   Card index = 123.                 |C < n1 >< n2 ><ref1><ref2>< R  >< A  >< B  ><Leng><><>0
Comment card.   Card index = 124.                 |C < n1 >< n2 ><ref1><ref2>< R  >< L  >< C  >
Comment card.   Card index = 125.                 |C < n1 >< n2 ><ref1><ref2>< R  >< A  >< B  ><Leng><><>0
1st of coupled R-L.   3.69000E+07  8.17724E+04    |51391A  E001A             3.69E7   30827475.
2nd coil. 2.160E+04 1.538E+02 0.000E+00 0.000E+00 |52391B  E001B             21598.   57981.719
Zca, Zcc= 1.229E+07 2.721E+04 1.231E+07 2.736E+04 |53391C  E001C
Sat. Xformer.    0.000E+00  0.000E+00  1.000E+06  |  TRANSFORMER                         ST001A  1.E6                             0
Special termination-of-points card.               |            9999
  Winding 1.   1.0000E-04  2.6526E-07  1.9919E+02 | 1E001A                    .0001 .0001199.19
  Winding 2.   1.0000E-04  2.6526E-07  7.9674E+01 | 29049A                    .0001 .000179.674
Transformer copy using reference name  "ST001A"   |  TRANSFORMER ST001A                  ST001B                                   0
  Winding 1.   (No values read, since copy)       | 1E001B
  Winding 2.   (No values read, since copy)       | 29049B
Transformer copy using reference name  "ST001A"   |  TRANSFORMER ST001A                  ST001C                                   0
  Winding 1.   (No values read, since copy)       | 1E001C
  Winding 2.   (No values read, since copy)       | 29049C
1st of coupled R-L.   1.58000E+05  4.43667E+02    |51390A  E002A             1.58E5    167258.5
2nd coil. 1.673E+02 3.619E+00 0.000E+00 0.000E+00 |52390B  E002B             167.31    1364.325
Zca, Zcc= 5.261E+04 1.467E+02 5.278E+04 1.503E+02 |53390C  E002C
Sat. Xformer.    0.000E+00  0.000E+00  1.000E+06  |  TRANSFORMER                         ST002A  1.E6                             0
Special termination-of-points card.               |            9999
  Winding 1.   1.0000E-04  2.6526E-07  2.8868E+02 | 1E002A                    .0001 .0001288.68
  Winding 2.   1.0000E-04  2.6526E-07  1.9919E+02 | 2391A                     .0001 .0001199.19
Transformer copy using reference name  "ST002A"   |  TRANSFORMER ST002A                  ST002B                                   0
  Winding 1.   (No values read, since copy)       | 1E002B
  Winding 2.   (No values read, since copy)       | 2391B
Transformer copy using reference name  "ST002A"   |  TRANSFORMER ST002A                  ST002C                                   0
  Winding 1.   (No values read, since copy)       | 1E002C
  Winding 2.   (No values read, since copy)       | 2391C
1st of coupled R-L.   6.29570E+04  3.30096E+02    |51390A  E003A             62957.   124443.25
2nd coil. 1.236E+03 1.123E+01 0.000E+00 0.000E+00 |52390B  E003B             1235.6     4232.25
Zca, Zcc= 2.057E+04 1.063E+02 2.181E+04 1.175E+02 |53390C  E003C
Sat. Xformer.    0.000E+00  0.000E+00  1.000E+06  |  TRANSFORMER                         ST003A  1.E6                             0
Special termination-of-points card.               |            9999
  Winding 1.   1.0000E-04  2.6526E-07  2.8868E+02 | 1E003A                    .0001 .0001288.68
  Winding 2.   1.0000E-04  2.6526E-07  7.9674E+01 | 29049A                    .0001 .000179.674
Transformer copy using reference name  "ST003A"   |  TRANSFORMER ST003A                  ST003B                                   0
  Winding 1.   (No values read, since copy)       | 1E003B
  Winding 2.   (No values read, since copy)       | 29049B
Transformer copy using reference name  "ST003A"   |  TRANSFORMER ST003A                  ST003C                                   0
  Winding 1.   (No values read, since copy)       | 1E003C
  Winding 2.   (No values read, since copy)       | 29049C
Series R-L-C.   1.000E-03  0.000E+00  0.000E+00   |  T_MANCXX0012              .001                                               0
Series R-L-C.   1.000E-03  0.000E+00  0.000E+00   |  XX0013MEASUC              .001                                               4
Series R-L-C.   1.000E-03  0.000E+00  0.000E+00   |  T_MANBXX0014              .001                                               0
Series R-L-C.   1.000E-03  0.000E+00  0.000E+00   |  XX0015MEASUB              .001                                               4
Series R-L-C.   1.000E-03  0.000E+00  0.000E+00   |  T_MANAXX0016              .001                                               0
Series R-L-C.   1.000E-03  0.000E+00  0.000E+00   |  XX0017MEASUA              .001                                               4
Series R-L-C.   1.000E-03  0.000E+00  0.000E+00   |  T_MANAPRMANA              .001                                               0
Series R-L-C.   1.000E-03  0.000E+00  0.000E+00   |  T_MANBPRMANB              .001                                               0
Series R-L-C.   1.000E-03  0.000E+00  0.000E+00   |  T_MANCPRMANC              .001                                               0
Series R-L-C.   1.000E-03  0.000E+00  0.000E+00   |  T_OPOAPROPOA              .001                                               0
Series R-L-C.   1.000E-03  0.000E+00  0.000E+00   |  T_OPOBPROPOB              .001                                               0
Series R-L-C.   1.000E-03  0.000E+00  0.000E+00   |  T_OPOCPROPOC              .001                                               0
Comment card.   Card index = 177.                 |C 145 kV, Ur=120, MCOV = 96.kV Classe 3: 8kJ/kVr
Type-92 R(i)   0.0000E+00  0.0000E+00  4.4440E+03 |92      PRMANA                         4444.                                   4
Piecewise-lin.   0.000E+00  1.000E+19  0.000E+00  |                                               -1.
    Breakpoint.      1.00000E-03    1.35764E+05   |                    0.001                  135764.
    Breakpoint.      2.00000E-02    1.76190E+05   |                     0.02                  176190.
    Breakpoint.      2.00000E+00    1.85000E+05   |                       2.                   1.85E5
    Breakpoint.      2.00000E+01    1.95461E+05   |                      20.                  195461.
    Breakpoint.      2.50000E+02    2.16935E+05   |                     250.                  216935.
    Breakpoint.      5.00000E+02    2.26000E+05   |                     500.                   2.26E5
    Breakpoint.      1.00000E+03    2.31000E+05   |                     1.E3                   2.31E5
    Breakpoint.      2.00000E+03    2.43000E+05   |                     2.E3                   2.43E5
Special termination-of-points card.               |            9999
Reference branch.   Copy  (      , PRMANA )       |92      PRMANB      PRMANA             4444.                                   4
Reference branch.   Copy  (      , PRMANA )       |92      PRMANC      PRMANA             4444.                                   4
Comment card.   Card index = 191.                 |C 145 kV, Ur=120, MCOV = 96.kV Classe 3: 8kJ/kVr
Type-92 R(i)   0.0000E+00  0.0000E+00  4.4440E+03 |92      PROPOA                         4444.                                   4
Piecewise-lin.   0.000E+00  1.000E+19  0.000E+00  |                                               -1.
    Breakpoint.      1.00000E-03    1.35764E+05   |                    0.001                  135764.
    Breakpoint.      2.00000E-02    1.76190E+05   |                     0.02                  176190.
    Breakpoint.      2.00000E+00    1.85000E+05   |                       2.                   1.85E5
    Breakpoint.      2.00000E+01    1.95461E+05   |                      20.                  195461.
    Breakpoint.      2.50000E+02    2.16935E+05   |                     250.                  216935.
    Breakpoint.      5.00000E+02    2.26000E+05   |                     500.                   2.26E5
    Breakpoint.      1.00000E+03    2.31000E+05   |                     1.E3                   2.31E5
    Breakpoint.      2.00000E+03    2.43000E+05   |                     2.E3                   2.43E5
Special termination-of-points card.               |            9999
Reference branch.   Copy  (      , PROPOA )       |92      PROPOB      PROPOA             4444.                                   4
Reference branch.   Copy  (      , PROPOA )       |92      PROPOC      PROPOA             4444.                                   4
Comment card.   Card index = 205.                 |C 1/6
Comment card.   Card index = 206.                 |C  <++++++>  Cards punched by support routine on  03-Sep-26  16.18.31  <++++++>
Comment card.   Card index = 207.                 |C    **** UNTRANSPOSED K.C. Lee line calculated at   6.000E+01 HZ. ****
Comment card.   Card index = 208.                 |C LINE CONSTANTS
Comment card.   Card index = 209.                 |C $ERASE
Comment card.   Card index = 210.                 |C BRANCH  IN_001OUT001IN_002OUT002IN_003OUT003
Comment card.   Card index = 211.                 |C METRIC
Comment card.   Card index = 212.                 |C   1   .5   .1899 4           1.828    -3.2   22.04      7.     0.0   0.0
Comment card.   Card index = 213.                 |C   2   .5   .1899 4           1.828     3.2    23.9    8.86     0.0   0.0
Comment card.   Card index = 214.                 |C   3   .5   .1899 4           1.828    -3.2   25.76   10.72     0.0   0.0
Comment card.   Card index = 215.                 |C   0.2742    .667 4            1.24     0.0   29.44    18.6     0.0   0.0
Comment card.   Card index = 216.                 |C BLANK CARD ENDING CONDUCTOR CARDS
Comment card.   Card index = 217.                 |C     1.E3       60.                              13.3                 1
Comment card.   Card index = 218.                 |C    The transformation matrix was calculated at  6.00000000E+01 Hz.
New MOLDAT = 1     (data vintage).                |$VINTAGE, 1
 5.284E-01 8.593E+02 2.210E+05 8.593E+02 6.017E-05|-1T_MANAX0009A             5.28357E-01 8.59331E+02 2.21024E+05-1.33000E+01 1  3
 1.912E-01 3.671E+02 2.934E+05 3.671E+02 4.533E-05|-2T_MANBX0009B             1.91185E-01 3.67062E+02 2.93377E+05-1.33000E+01 1  3
 1.906E-01 4.134E+02 2.936E+05 4.134E+02 4.529E-05|-3T_MANCX0009C             1.90555E-01 4.13371E+02 2.93650E+05-1.33000E+01 1  3
New MOLDAT = 0     (data vintage).                |$VINTAGE, 0
TR(1,1 )...  0.594-0.699 0.402                    |  0.59364229 -0.69928374  0.40193149
TI(1,1 )...  0.000 0.000 0.000                    |  0.00000000  0.00000000  0.00000000
TR(2,1 )...  0.611 0.022-0.814                    |  0.61125068  0.02235166 -0.81448972
TI(2,1 )...  0.000 0.000 0.000                    |  0.00000000  0.00000000  0.00000000
TR(3,1 )...  0.523 0.714 0.418                    |  0.52341326  0.71449469  0.41839881
TI(3,1 )...  0.000 0.000 0.000                    |  0.00000000  0.00000000  0.00000000
Comment card.   Card index = 230.                 |C 1/6
Comment card.   Card index = 231.                 |C  <++++++>  Cards punched by support routine on  03-Sep-26  16.18.32  <++++++>
Comment card.   Card index = 232.                 |C    **** UNTRANSPOSED K.C. Lee line calculated at   6.000E+01 HZ. ****
Comment card.   Card index = 233.                 |C LINE CONSTANTS
Comment card.   Card index = 234.                 |C $ERASE
Comment card.   Card index = 235.                 |C BRANCH  IN_001OUT001IN_002OUT002IN_003OUT003
Comment card.   Card index = 236.                 |C METRIC
Comment card.   Card index = 237.                 |C   1   .5   .1899 4           1.828    -3.2   22.04      7.     0.0   0.0
Comment card.   Card index = 238.                 |C   2   .5   .1899 4           1.828     3.2    23.9    8.86     0.0   0.0
Comment card.   Card index = 239.                 |C   3   .5   .1899 4           1.828    -3.2   25.76   10.72     0.0   0.0
Comment card.   Card index = 240.                 |C   0.2742    .667 4            1.24     0.0   29.44    18.6     0.0   0.0
Comment card.   Card index = 241.                 |C BLANK CARD ENDING CONDUCTOR CARDS
Comment card.   Card index = 242.                 |C     1.E3       60.                              13.3                 1
Comment card.   Card index = 243.                 |C    The transformation matrix was calculated at  6.00000000E+01 Hz.
New MOLDAT = 1     (data vintage).                |$VINTAGE, 1
 5.284E-01 8.593E+02 2.210E+05 8.593E+02 6.017E-05|-1X0010AT_OPOA             5.28357E-01 8.59331E+02 2.21024E+05-1.33000E+01 1  3
 1.912E-01 3.671E+02 2.934E+05 3.671E+02 4.533E-05|-2X0010BT_OPOB             1.91185E-01 3.67062E+02 2.93377E+05-1.33000E+01 1  3
 1.906E-01 4.134E+02 2.936E+05 4.134E+02 4.529E-05|-3X0010CT_OPOC             1.90555E-01 4.13371E+02 2.93650E+05-1.33000E+01 1  3
New MOLDAT = 0     (data vintage).                |$VINTAGE, 0
TR(1,1 )...  0.594-0.699 0.402                    |  0.59364229 -0.69928374  0.40193149
TI(1,1 )...  0.000 0.000 0.000                    |  0.00000000  0.00000000  0.00000000
TR(2,1 )...  0.611 0.022-0.814                    |  0.61125068  0.02235166 -0.81448972
TI(2,1 )...  0.000 0.000 0.000                    |  0.00000000  0.00000000  0.00000000
TR(3,1 )...  0.523 0.714 0.418                    |  0.52341326  0.71449469  0.41839881
TI(3,1 )...  0.000 0.000 0.000                    |  0.00000000  0.00000000  0.00000000
Comment card.   Card index = 255.                 |C 1/3
Comment card.   Card index = 256.                 |C  <++++++>  Cards punched by support routine on  03-Sep-26  16.18.32  <++++++>
Comment card.   Card index = 257.                 |C    **** UNTRANSPOSED K.C. Lee line calculated at   6.000E+01 HZ. ****
Comment card.   Card index = 258.                 |C LINE CONSTANTS
Comment card.   Card index = 259.                 |C $ERASE
Comment card.   Card index = 260.                 |C BRANCH  IN_001OUT001IN_002OUT002IN_003OUT003
Comment card.   Card index = 261.                 |C METRIC
Comment card.   Card index = 262.                 |C   1   .5   .1899 4           1.828    -3.2   22.04      7.     0.0   0.0
Comment card.   Card index = 263.                 |C   2   .5   .1899 4           1.828     3.2    23.9    8.86     0.0   0.0
Comment card.   Card index = 264.                 |C   3   .5   .1899 4           1.828    -3.2   25.76   10.72     0.0   0.0
Comment card.   Card index = 265.                 |C   0.2742    .667 4            1.24     0.0   29.44    18.6     0.0   0.0
Comment card.   Card index = 266.                 |C BLANK CARD ENDING CONDUCTOR CARDS
Comment card.   Card index = 267.                 |C     1.E3       60.                              26.7                 1
Comment card.   Card index = 268.                 |C    The transformation matrix was calculated at  6.00000000E+01 Hz.
New MOLDAT = 1     (data vintage).                |$VINTAGE, 1
 5.284E-01 8.593E+02 2.210E+05 8.593E+02 1.208E-04|-1X0009B1_2LTB             5.28357E-01 8.59331E+02 2.21024E+05-2.67000E+01 1  3
 1.912E-01 3.671E+02 2.934E+05 3.671E+02 9.101E-05|-2X0009C1_2LTC             1.91185E-01 3.67062E+02 2.93377E+05-2.67000E+01 1  3
 1.906E-01 4.134E+02 2.936E+05 4.134E+02 9.092E-05|-3X0009A1_2LTA             1.90555E-01 4.13371E+02 2.93650E+05-2.67000E+01 1  3
New MOLDAT = 0     (data vintage).                |$VINTAGE, 0
TR(1,1 )...  0.594-0.699 0.402                    |  0.59364229 -0.69928374  0.40193149
TI(1,1 )...  0.000 0.000 0.000                    |  0.00000000  0.00000000  0.00000000
TR(2,1 )...  0.611 0.022-0.814                    |  0.61125068  0.02235166 -0.81448972
TI(2,1 )...  0.000 0.000 0.000                    |  0.00000000  0.00000000  0.00000000
TR(3,1 )...  0.523 0.714 0.418                    |  0.52341326  0.71449469  0.41839881
TI(3,1 )...  0.000 0.000 0.000                    |  0.00000000  0.00000000  0.00000000
Comment card.   Card index = 280.                 |C 1/3
Comment card.   Card index = 281.                 |C  <++++++>  Cards punched by support routine on  03-Sep-26  16.18.33  <++++++>
Comment card.   Card index = 282.                 |C    **** UNTRANSPOSED K.C. Lee line calculated at   6.000E+01 HZ. ****
Comment card.   Card index = 283.                 |C LINE CONSTANTS
Comment card.   Card index = 284.                 |C $ERASE
Comment card.   Card index = 285.                 |C BRANCH  IN_001OUT001IN_002OUT002IN_003OUT003
Comment card.   Card index = 286.                 |C METRIC
Comment card.   Card index = 287.                 |C   1   .5   .1899 4           1.828    -3.2   22.04      7.     0.0   0.0
Comment card.   Card index = 288.                 |C   2   .5   .1899 4           1.828     3.2    23.9    8.86     0.0   0.0
Comment card.   Card index = 289.                 |C   3   .5   .1899 4           1.828    -3.2   25.76   10.72     0.0   0.0
Comment card.   Card index = 290.                 |C   0.2742    .667 4            1.24     0.0   29.44    18.6     0.0   0.0
Comment card.   Card index = 291.                 |C BLANK CARD ENDING CONDUCTOR CARDS
Comment card.   Card index = 292.                 |C     1.E3       60.                              26.7                 1
Comment card.   Card index = 293.                 |C    The transformation matrix was calculated at  6.00000000E+01 Hz.
New MOLDAT = 1     (data vintage).                |$VINTAGE, 1
 5.284E-01 8.593E+02 2.210E+05 8.593E+02 1.208E-04|-11_2LTCX0010C             5.28357E-01 8.59331E+02 2.21024E+05-2.67000E+01 1  3
 1.912E-01 3.671E+02 2.934E+05 3.671E+02 9.101E-05|-21_2LTAX0010A             1.91185E-01 3.67062E+02 2.93377E+05-2.67000E+01 1  3
 1.906E-01 4.134E+02 2.936E+05 4.134E+02 9.092E-05|-31_2LTBX0010B             1.90555E-01 4.13371E+02 2.93650E+05-2.67000E+01 1  3
New MOLDAT = 0     (data vintage).                |$VINTAGE, 0
TR(1,1 )...  0.594-0.699 0.402                    |  0.59364229 -0.69928374  0.40193149
TI(1,1 )...  0.000 0.000 0.000                    |  0.00000000  0.00000000  0.00000000
TR(2,1 )...  0.611 0.022-0.814                    |  0.61125068  0.02235166 -0.81448972
TI(2,1 )...  0.000 0.000 0.000                    |  0.00000000  0.00000000  0.00000000
TR(3,1 )...  0.523 0.714 0.418                    |  0.52341326  0.71449469  0.41839881
TI(3,1 )...  0.000 0.000 0.000                    |  0.00000000  0.00000000  0.00000000
Blank card ending branches.  IBR, NTOT = 141  94  |BLANK BRANCH
Comment card.   Card index = 306.                 |C < n 1>< n 2>< Tclose ><Top/Tde ><   Ie   ><Vf/CLOP ><  type  >
Permanently-closed switch used for metering.      |  X0005A390A                                          MEASURING                0
Permanently-closed switch used for metering.      |  X0005B390B                                          MEASURING                0
Permanently-closed switch used for metering.      |  X0005C390C                                          MEASURING                0
Permanently-closed switch used for metering.      |  X0007A391A                                          MEASURING                0
Permanently-closed switch used for metering.      |  X0007B391B                                          MEASURING                0
Permanently-closed switch used for metering.      |  X0007C391C                                          MEASURING                0
Switch.   2.05E-02  1.00E+09  0.00E+00  0.00E+00  |  XX0012XX0013 .02050182     1.E+9                                             1
Switch.   2.05E-02  1.00E+09  0.00E+00  0.00E+00  |  XX0014XX0015 .02054098     1.E+9                                             1
Switch.   2.11E-02  1.00E+09  0.00E+00  0.00E+00  |  XX0016XX0017 .02106336     1.E+9                                             1
Permanently-closed switch used for metering.      |  9049A MEASUA                                        MEASURING                0
Permanently-closed switch used for metering.      |  9049B MEASUB                                        MEASURING                0
Permanently-closed switch used for metering.      |  9049C MEASUC                                        MEASURING                0
Blank card ending switches.   KSWTCH = 12.        |BLANK SWITCH
Comment card.   Card index = 320.                 |C < n 1><>< Ampl.  >< Freq.  ><Phase/T0><   A1   ><   T1   >< TSTART >< TSTOP  >
Comment card.   Card index = 321.                 |C 1 - 390
Source.   4.08E+05  6.00E+01  0.00E+00 -1.00E+00  |14X0008A   408248.29       60.                                     -1.      100.
Source.   4.08E+05  6.00E+01 -1.20E+02 -1.00E+00  |14X0008B   408248.29       60.     -120.                           -1.      100.
Source.   4.08E+05  6.00E+01 -2.40E+02 -1.00E+00  |14X0008C   408248.29       60.     -240.                           -1.      100.
Comment card.   Card index = 325.                 |C 1 - 391
Source.   2.82E+05  6.00E+01  0.00E+00 -1.00E+00  |14X0006A   281691.32       60.                                     -1.      100.
Source.   2.82E+05  6.00E+01 -1.20E+02 -1.00E+00  |14X0006B   281691.32       60.     -120.                           -1.      100.
Source.   2.82E+05  6.00E+01 -2.40E+02 -1.00E+00  |14X0006C   281691.32       60.     -240.                           -1.      100.
Blank card ends electric sources.  KCONST = 6     |BLANK SOURCE

List of input elements that are connected to each node.   Only the physical connections of multi-phase lines are shown (capacitive
and inductive coupling are ignored).   Repeated entries indicate parallel connections.   Switches are included,  although sources
(including rotating machinery) are omitted -- except that U.M. usage produces extra,  internally-defined nodes  "UMXXXX".
--------------+------------------------------
From bus name |  Names of all adjacent busses.
--------------+------------------------------
       X0001A |TERRA *TERRA *TERRA *390A  *
       390A   |X0001A*X0002A*X0005A*E002A *E003A *
       391A   |TERRA *TERRA *TERRA *X0003A*X0007A*E001A *
       395A   |TERRA *395B  *395C  *
       395B   |TERRA *395A  *395C  *
       X0001B |TERRA *TERRA *TERRA *390B  *
       390B   |X0001B*X0002B*X0005B*E002B *E003B *
       391B   |TERRA *TERRA *TERRA *X0003B*X0007B*E001B *
       395C   |TERRA *395A  *395B  *
       X0001C |TERRA *TERRA *TERRA *390C  *
       390C   |X0001C*X0002C*X0005C*E002C *E003C *
       391C   |TERRA *TERRA *TERRA *X0003C*X0007C*E001C *
       X0002A |TERRA *TERRA *TERRA *390A  *
       397A   |TERRA *397B  *397C  *
       397B   |TERRA *397A  *397C  *
       X0002B |TERRA *TERRA *TERRA *390B  *
       397C   |TERRA *397A  *397B  *
       X0002C |TERRA *TERRA *TERRA *390C  *
       X0003A |TERRA *TERRA *TERRA *391A  *
       9098A  |TERRA *TERRA *TERRA *
       42077A |TERRA *42077B*42077C*
       42077B |TERRA *42077A*42077C*
       X0003B |TERRA *TERRA *TERRA *391B  *
       9098B  |TERRA *TERRA *TERRA *
       42077C |TERRA *42077A*42077B*
       X0003C |TERRA *TERRA *TERRA *391C  *
       9098C  |TERRA *TERRA *TERRA *
       X0004A |TERRA *TERRA *9049A *
       9049A  |TERRA *TERRA *X0004A*MEASUA*
       X0004B |TERRA *TERRA *9049B *
       9049B  |TERRA *TERRA *X0004B*MEASUB*
       X0004C |TERRA *TERRA *9049C *
       9049C  |TERRA *TERRA *X0004C*MEASUC*
       X0005A |390A  *X0008A*
       X0008A |X0005A*
       X0005B |390B  *X0008B*
       X0008B |X0005B*
       X0005C |390C  *X0008C*
       X0008C |X0005C*
       X0007A |391A  *X0006A*
       X0006A |X0007A*
       X0007B |391B  *X0006B*
       X0006B |X0007B*
       X0007C |391C  *X0006C*
       X0006C |X0007C*
       E001A  |391A  *ST001A*
       E001B  |391B  *ST001B*
       E001C  |391C  *ST001C*
       ST001A |TERRA *TERRA *E001A *
       ST001B |TERRA *TERRA *E001B *
       ST001C |TERRA *TERRA *E001C *
       E002A  |390A  *ST002A*
       E002B  |390B  *ST002B*
       E002C  |390C  *ST002C*
       ST002A |TERRA *TERRA *E002A *
       ST002B |TERRA *TERRA *E002B *
       ST002C |TERRA *TERRA *E002C *
       E003A  |390A  *ST003A*
       E003B  |390B  *ST003B*
       E003C  |390C  *ST003C*
       ST003A |TERRA *TERRA *E003A *
       ST003B |TERRA *TERRA *E003B *
       ST003C |TERRA *TERRA *E003C *
       T_MANC |XX0012*PRMANC*X0009C*
       XX0012 |T_MANC*XX0013*
       XX0013 |XX0012*MEASUC*
       MEASUC |9049C *XX0013*
       T_MANB |XX0014*PRMANB*X0009B*
       XX0014 |T_MANB*XX0015*
       XX0015 |XX0014*MEASUB*
       MEASUB |9049B *XX0015*
       T_MANA |XX0016*PRMANA*X0009A*
       XX0016 |T_MANA*XX0017*
       XX0017 |XX0016*MEASUA*
       MEASUA |9049A *XX0017*
       PRMANA |TERRA *T_MANA*
       PRMANB |TERRA *T_MANB*
       PRMANC |TERRA *T_MANC*
       T_OPOA |PROPOA*X0010A*
       PROPOA |TERRA *T_OPOA*
       T_OPOB |PROPOB*X0010B*
       PROPOB |TERRA *T_OPOB*
       T_OPOC |PROPOC*X0010C*
       PROPOC |TERRA *T_OPOC*
       X0009A |T_MANA*1_2LTA*
       X0009B |T_MANB*1_2LTB*
       X0009C |T_MANC*1_2LTC*
       X0010A |T_OPOA*1_2LTA*
       X0010B |T_OPOB*1_2LTB*
       X0010C |T_OPOC*1_2LTC*
       1_2LTB |X0009B*X0010B*
       1_2LTC |X0009C*X0010C*
       1_2LTA |X0009A*X0010A*
       TERRA  |X0001A*X0001A*X0001A*391A  *391A  *391A  *395A  *395B  *X0001B*X0001B*X0001B*391B  *391B  *391B  *395C  *
              |X0001C*X0001C*X0001C*391C  *391C  *391C  *X0002A*X0002A*X0002A*397A  *397B  *X0002B*X0002B*X0002B*397C  *
              |X0002C*X0002C*X0002C*X0003A*X0003A*X0003A*9098A *9098A *9098A *42077A*42077B*X0003B*X0003B*X0003B*9098B *
              |9098B *9098B *42077C*X0003C*X0003C*X0003C*9098C *9098C *9098C *X0004A*X0004A*9049A *9049A *X0004B*X0004B*
              |9049B *9049B *X0004C*X0004C*9049C *9049C *ST001A*ST001A*ST001B*ST001B*ST001C*ST001C*ST002A*ST002A*ST002B*
              |ST002B*ST002C*ST002C*ST003A*ST003A*ST003B*ST003B*ST003C*ST003C*PRMANA*PRMANB*PRMANC*PROPOA*PROPOB*PROPOC*
              |---------------------------------------------------------------------------------------------------------

Sinusoidal steady-state phasor solution, branch by branch.   All flows are away from a bus,  and the real part,  magnitude,  or  "P"
is printed above the imaginary part,  the angle,  or  "Q".   The first solution frequency  =  6.00000000E+01  Hertz.
  Bus K                        Phasor  node  voltage              Phasor  branch  current               Power flow       Power loss
             Bus M         Rectangular            Polar          Rectangular            Polar            P  and  Q        P  and  Q

 390A                  408158.7974575  408158.79761319       .3878143915569  2.0068485140813      79156.027022052  3.4615855038137
                      -11.27380428059       -0.0015826      -1.969020303646      -78.8577528      401834.29358108      138.4432829

            X0001A    408022.76065868  408022.76212158      -.3878143915569  2.0068485140813      -79152.56543655
                      -34.55129779816       -0.0048518      1.9690203036464      101.1422472      -401695.8502981

 391A                 281548.09347963  281548.09414421       -.561710497888  1.6160238101729      -79088.91614265  -79088.91614265
                      -19.34487050019       -0.0039367      1.5152604632895      110.3398577      -213303.9141737  -213303.9141737

            TERRA                 0.0              0.0      .56171049788804  1.6160238101729                  0.0
                                  0.0              0.0      -1.515260463289      -69.6601423                  0.0

 X0001A               408022.76065868  408022.76212158      .38758180017419  1.1150609073902      79089.160320961  79089.160320961
                      -34.55129779816       -0.0048518      -1.045533918801      -69.6601423      213294.12222866   213294.1222287

            TERRA                 0.0              0.0      -.3875818001742  1.1150609073902                  0.0
                                  0.0              0.0      1.0455339188011      110.3398577                  0.0

 395A                  9752.040825229   11261.23831429      -.0065014093634  .00650140937647       -31.7021651551  -63.40511493614
                      -5631.446360775      -30.0048599      .41211023927E-6      179.9963681      18.304159591802        0.0013590

            395B      -9752.996021733  11261.238318829      .00650140936341  .00650140937647      -31.70294978104
                      -5629.791920979     -150.0048599      -.4121102393E-6       -0.0036319      -18.30280060931

 X0001A               408022.76065868  408022.76212158      .31079205084E-3  .31079205146E-3      63.405115627554  63.405115627554
                      -34.55129779816       -0.0048518      -.1970010999E-7       -0.0036318      -.0013500877197       -0.0013501

            TERRA                 0.0              0.0      -.3107920508E-3  .31079205146E-3                  0.0
                                  0.0              0.0      .19700109988E-7      179.9963682                  0.0

 390B                 -204089.1621277  408158.79761121      -1.899128865632  2.0068485931595      79156.024870838  3.4615857766039
                       -353470.250473     -120.0015826       .6486530872424      161.1422465      401834.31045117      138.4432939

            X0001B    -204041.3026254  408022.76211393      1.8991288656321  2.0068485931595      -79152.56328506
                      -353340.8003982     -120.0048518      -.6486530872424      -18.8577535      -401695.8671573

 391B                 -140790.7998858  281548.09413961      1.5931093632789  1.6160238816608      -79088.91122409  -79088.91122409
                      -243818.1289018     -120.0039367       -.271174745747       -9.6601445      -213303.9267265  -213303.9267265

            TERRA                 0.0              0.0      -1.593109363279  1.6160238816608                  0.0
                                  0.0              0.0      .27117474574698      170.3398555                  0.0

 X0001B               -204041.3026254  408022.76211393       -1.09924987554  1.1150609567252      79089.155402454  79089.155402454
                      -353340.8003982     -120.0048518      .18711132605313      170.3398555      213294.13478243   213294.1347824

            TERRA                 0.0              0.0      1.0992498755404  1.1150609567252                  0.0
                                  0.0              0.0      -.1871113260531       -9.6601445                  0.0

 395B                 -9752.996021733  11261.238318829      .00325158666237  .00650169309501      -31.70479443683  -63.40788185022
                      -5629.791920979     -150.0048599      .00563020401751       59.9924685       18.30280053105       -0.0029566

            395C      .95518836840385  11261.238310361      -.0032515866624  .00650169309501      -31.70308741339
                      11261.238269851       89.9951401      -.0056302040175     -120.0075315      -18.30575712733

 X0001B               -204041.3026254  408022.76211393      -.1554381872E-3  .31080561431E-3      63.407882547195  63.407882547195
                      -353340.8003982     -120.0048518      -.2691451278E-3     -120.0075314      .00296550216435        0.0029655

            TERRA                 0.0              0.0      .15543818722E-3  .31080561431E-3                  0.0
                                  0.0              0.0      .26914512785E-3       59.9924686                  0.0

 390C                 -204069.6353326  408158.79761127      1.5113145191725  2.0068485516737      79156.003202836  3.4615856334858
                      353481.52427346      119.9984174      1.3203671964621       41.1422436      401834.30609045      138.4432881

            X0001C    -203981.4580375  408022.76211565      -1.511314519173  2.0068485516737       -79152.5416172
                      353375.35168906      119.9951482      -1.320367196462     -138.8577564      -401695.8628023

 391C                 -140757.2935963  281548.09414083      -1.031398986801  1.6160238236363      -79088.88720218  -79088.88720218
                      243837.47376843      119.9960633      -1.244085659666     -129.6601502      -213303.9269227  -213303.9269227

            TERRA                 0.0              0.0      1.0313989868009  1.6160238236363                  0.0
                                  0.0              0.0      1.2440856596659       50.3398498                  0.0

 X0001C               -203981.4580375  408022.76211565      .71166815913602  1.1150609166843      79089.131380449  79089.131380449
                      353375.35168906      119.9951482      .85842255281932       50.3398498      213294.13497849   213294.1349785

            TERRA                 0.0              0.0       -.711668159136  1.1150609166843                  0.0
                                  0.0              0.0      -.8584225528193     -129.6601502                  0.0

 395C                 .95518836840385  11261.238310361      .00325063146011   .0065019344499      -31.70465670311  -63.41023571792
                      11261.238269851       89.9951401      -.0056310342479      -60.0034165      18.305757049066        0.0015975

            395A       9752.040825229   11261.23831429      -.0032506314601   .0065019344499       -31.7055790148
                      -5631.446360775      -30.0048599      .00563103424793      119.9965835      -18.30415958391

 X0001C               -203981.4580375  408022.76211565      -.1553925256E-3  .31081715195E-3       63.41023640578   63.41023640578
                      353375.35168906      119.9951482      .26918481558E-3      119.9965836      -.0015886074975       -0.0015886

            TERRA                 0.0              0.0      .15539252558E-3  .31081715195E-3                  0.0
                                  0.0              0.0      -.2691848156E-3      -60.0034164                  0.0

 395A                  9752.040825229   11261.23831429      .00975204082523  .01126123831429      63.407744185612  63.407744185612
                      -5631.446360775      -30.0048599      -.0056314463608      -30.0048599                  0.0              0.0

            TERRA                 0.0              0.0      -.0097520408252  .01126123831429                  0.0
                                  0.0              0.0      .00563144636078      149.9951401                  0.0

 395B                 -9752.996021733  11261.238318829      -.0097529960217  .01126123831883      63.407744236728  63.407744236728
                      -5629.791920979     -150.0048599       -.005629791921     -150.0048599      .7105427358E-14        0.0000000

            TERRA                 0.0              0.0      .00975299602173  .01126123831883                  0.0
                                  0.0              0.0      .00562979192098       29.9951401                  0.0

 395C                 .95518836840385  11261.238310361       .9551883684E-6  .01126123831036      63.407744141369  63.407744141369
                      11261.238269851       89.9951401      .01126123826985       89.9951401                  0.0              0.0

            TERRA                 0.0              0.0      -.9551883684E-6  .01126123831036                  0.0
                                  0.0              0.0      -.0112612382699      -90.0048599                  0.0

 390A                  408158.7974575  408158.79761319      .35702474425087   2.084091968657      72872.969295519  3.2836401363747
                      -11.27380428059       -0.0015826      -2.053283386631      -80.1360354      419030.82644976      131.3890398

            X0002A    408034.03399119  408034.03507714      -.3570247442509   2.084091968657      -72869.68565538
                      -29.76923682718       -0.0041802      2.0532833866306       99.8639646      -418899.4374099

 391A                 281548.09347963  281548.09414421      -.5170722987982  1.7170489803753      -72806.19705699  -72806.19705699
                      -19.34487050019       -0.0039367      1.6373434089473      107.5260929       -230490.456232  -230490.4562320

            TERRA                 0.0              0.0      .51707229879821  1.7170489803753                  0.0
                                  0.0              0.0      -1.637343408947      -72.4739071                  0.0

 X0002A               408034.03399119  408034.03507714      .35678131909845  1.1847685547894      72806.276659736  72806.276659736
                      -29.76923682718       -0.0041802      -1.129771489621      -72.4739071      230487.29864534   230487.2986453

            TERRA                 0.0              0.0      -.3567813190984  1.1847685547894                  0.0
                                  0.0              0.0      1.1297714896209      107.5260929                  0.0

 397A                 9752.3762749752  11261.549440737      -.0065016275944  .00650162760378      -31.70414310606   -63.4089950359
                      -5631.487618513      -30.0041882      .34937693272E-6      179.9969211      18.305214021337        0.0012277

            397B      -9753.199480101   11261.54944418      .00650162759439  .00650162760378      -31.70485192984
                      -5630.061792295     -150.0041882      -.3493769327E-6       -0.0030789      -18.30398632491

 X0002A               408034.03399119  408034.03507714        .310802483E-3  .31080248345E-3      63.408995705059  63.408995705059
                      -29.76923682718       -0.0041802       -.167019607E-7       -0.0030790      -.0012186921608       -0.0012187

            TERRA                 0.0              0.0       -.310802483E-3  .31080248345E-3                  0.0
                                  0.0              0.0      .16701960703E-7      179.9969210                  0.0

 390B                 -204089.1621277  408158.79761121      -1.956708013674  2.0840920485666      72872.967726666  3.2836403881665
                       -353470.250473     -120.0015826      .71744924288963      159.8639640      419030.84327316      131.3890499

            X0002B     -204042.797906  408034.03507018      1.9567080136738  2.0840920485666      -72869.68408628
                      -353352.9544214     -120.0041802      -.7174492428896      -20.1360360      -418899.4542232

 391B                 -140790.7998858  281548.09413961      1.6765172026498  1.7170490603538      -72806.19317029  -72806.19317029
                      -243818.1289018     -120.0039367      -.3708740283182      -12.4739089      -230490.4692628  -230490.4692628

            TERRA                 0.0              0.0       -1.67651720265  1.7170490603538                  0.0
                                  0.0              0.0      .37087402831821      167.5260911                  0.0

 X0002B                -204042.797906  408034.03507018      -1.156801515841  1.1847686099785      72806.272773572  72806.272773572
                      -353352.9544214     -120.0041802      .25590410731093      167.5260911      230487.31167647   230487.3116765

            TERRA                 0.0              0.0      1.1568015158409  1.1847686099785                  0.0
                                  0.0              0.0      -.2559041073109      -12.4739089                  0.0

 397B                 -9753.199480101   11261.54944418      .00325157189945  .00650186510919      -31.70639611557  -63.41131133418
                      -5630.061792295     -150.0041882      .00563041118221       59.9934942      18.303986349533       -0.0025650

            397C      .82319891505161  11261.549443581      -.0032515718995  .00650186510919       -31.7049152186
                      11261.549413494       89.9958118      -.0056304111822     -120.0065058      -18.30655133443

 X0002B                -204042.797906  408034.03507018      -.1554374817E-3  .31081383685E-3      63.411311949626  63.411311949626
                      -353352.9544214     -120.0041802      -.2691550305E-3     -120.0065059      .00257393919547        0.0025739

            TERRA                 0.0              0.0      .15543748168E-3  .31081383685E-3                  0.0
                                  0.0              0.0      .26915503054E-3       59.9934941                  0.0

 390C                 -204069.6353326  408158.79761127      1.5996833034871  2.0840920059617      72872.947697545  3.2836402539397
                      353481.52427346      119.9984174      1.3358341281229       39.8639615      419030.83793117      131.3890446

            X0002C     -203991.236089  408034.03507198      -1.599683303487  2.0840920059617      -72869.66405729
                       353382.7236524      119.9958198      -1.335834128123     -140.1360385      -418899.4488866

 391C                 -140757.2935963  281548.09414083      -1.159445001264  1.7170490032192      -72806.17101517  -72806.17101517
                      243837.47376843      119.9960633      -1.266469331844     -132.4739138      -230490.4678273  -230490.4678273

            TERRA                 0.0              0.0      1.1594450012635  1.7170490032192                  0.0
                                  0.0              0.0      1.2664693318438       47.5260862                  0.0

 X0002C                -203991.236089  408034.03507198      .80002026396687  1.1847685705642       72806.25061723   72806.25061723
                       353382.7236524      119.9958198       .8738673486514       47.5260862      230487.31024348   230487.3102435

            TERRA                 0.0              0.0      -.8000202639669  1.1847685705642                  0.0
                                  0.0              0.0      -.8738673486514     -132.4739138                  0.0

 397C                 .82319891505161  11261.549443581      .00325074867578  .00650208310491      -31.70633270161  -63.41343743877
                      11261.549413494       89.9958118      -.0056311382286      -60.0029800      18.306551195027        0.0013372

            397A      9752.3762749752  11261.549440737      -.0032507486758  .00650208310491      -31.70710473715
                      -5631.487618513      -30.0041882      .00563113822864      119.9970200      -18.30521397175

 X0002C                -203991.236089  408034.03507198      -.1553981281E-3  .31082425833E-3      63.413438148717  63.413438148717
                       353382.7236524      119.9958198      .26918978688E-3      119.9970199      -.0013281905091       -0.0013282

            TERRA                 0.0              0.0      .15539812807E-3  .31082425833E-3                  0.0
                                  0.0              0.0      -.2691897869E-3      -60.0029801                  0.0

 397A                 9752.3762749752  11261.549440737      .00975237627498  .01126154944074      63.411247903081  63.411247903081
                      -5631.487618513      -30.0041882      -.0056314876185      -30.0041882                  0.0              0.0

            TERRA                 0.0              0.0       -.009752376275  .01126154944074                  0.0
                                  0.0              0.0      .00563148761851      149.9958118                  0.0

 397B                 -9753.199480101   11261.54944418      -.0097531994801  .01126154944418      63.411247941854  63.411247941854
                      -5630.061792295     -150.0041882      -.0056300617923     -150.0041882                  0.0              0.0

            TERRA                 0.0              0.0       .0097531994801  .01126154944418                  0.0
                                  0.0              0.0       .0056300617923       29.9958118                  0.0

 397C                 .82319891505161  11261.549443581      .82319891505E-6  .01126154944358      63.411247935115  63.411247935115
                      11261.549413494       89.9958118      .01126154941349       89.9958118                  0.0              0.0

            TERRA                 0.0              0.0      -.8231989151E-6  .01126154944358                  0.0
                                  0.0              0.0      -.0112615494135      -90.0041882                  0.0

 391A                 281548.09347963  281548.09414421      .86458977486249  4.8513858414718      121757.97490167  8.7082994956436
                      -19.34487050019       -0.0039367      -4.773722772013      -79.7341936      672007.90994166      348.5438033

            X0003A    281406.06556213  281406.06861039      -.8645897748625  4.8513858414718      -121749.2666022
                      -41.41973560077       -0.0084333      4.7737227720131      100.2658064      -671659.3661383

 9098A                112559.68391094  112559.68502372      -2.162115436216  2.1829700882848      -121685.8972639  -121685.8972639
                       -15.8274877819       -0.0080566      .30102366488427      172.0738632      -16924.45385672   -16924.4538567

            TERRA                 0.0              0.0      2.1621154362165  2.1829700882848                  0.0
                                  0.0              0.0      -.3010236648843       -7.9261368                  0.0

 X0003A               281406.06556213  281406.06861039      .86482446540913  .87316611683924      121685.91870786  121685.91870786
                      -41.41973560077       -0.0084333      -.1204064434569       -7.9261368      16923.641360417    16923.6413604

            TERRA                 0.0              0.0      -.8648244654091  .87316611683924                  0.0
                                  0.0              0.0      .12040644345689      172.0738632                  0.0

 42077A               9747.1587218596  11256.007622752      -.0064985604056  .00649856046901      -31.67380537716  -63.34789301511
                      -5629.440865159      -30.0084469      .90790854301E-6      179.9919953      18.287205991628        0.0004889

            42077B    -9748.818158144  11256.007621734      .00649856040559  .00649856046901      -31.67408763794
                      -5626.566635168     -150.0084469       -.907908543E-6       -0.0080047        -18.286717095

 X0003A               281406.06556213  281406.06861039      .45022407548E-3  .45022407987E-3      63.347894153583  63.347894153583
                      -41.41973560077       -0.0084333      -.6289997145E-7       -0.0080047      -.4738643384E-3       -0.0004739

            TERRA                 0.0              0.0      -.4502240755E-3  .45022407987E-3                  0.0
                                  0.0              0.0      .62899971454E-7      179.9919953                  0.0

 391B                 -140790.7998858  281548.09413961      -4.566460119289  4.8513858850891      121757.97583374  8.7082996522367
                      -243818.1289018     -120.0039367      1.6381046929241      160.2658064      672007.91600159      348.5438096

            X0003B    -140738.9033205   281406.0686045      4.5664601192895  4.8513858850891      -121749.2675341
                      -243684.0916834     -120.0084333      -1.638104692924      -19.7341936       -671659.372192

 9098B                -56293.54896046  112559.68502139      1.3417519278009    2.18297009791      -121685.8971802  -121685.8971802
                      -97471.63196311     -120.0080566      1.7219350198575       52.0738611      -16924.45837266   -16924.4583727

            TERRA                 0.0              0.0      -1.341751927801    2.18297009791                  0.0
                                  0.0              0.0      -1.721935019857     -127.9261389                  0.0

 X0003B               -140738.9033205   281406.0686045      -.5366872989835  .87316612066364      121685.91862111  121685.91862111
                      -243684.0916834     -120.0084333      -.6887567185768     -127.9261389      16923.645871836    16923.6458718

            TERRA                 0.0              0.0      .53668729898345  .87316612066364                  0.0
                                  0.0              0.0      .68875671857677       52.0738611                  0.0

 42077B               -9748.818158144  11256.007621734      .00325025776328  .00649866488205      -31.67476619996  -63.34891082327
                      -5626.566635168     -150.0084469      .00562747454205       59.9905793      18.286717056733       -0.0010766

            42077C    1.6594377813532   11256.00762138      -.0032502577633  .00649866488205      -31.67414462331
                      11256.007499057       89.9915531      -.0056274745421     -120.0094207      -18.28779365676

 X0003B               -140738.9033205   281406.0686045      -.2251797634E-3  .45023131379E-3      63.348911978431  63.348911978431
                      -243684.0916834     -120.0084333      -.3898747364E-3     -120.0094206      .00109164696237        0.0010916

            TERRA                 0.0              0.0      .22517976345E-3  .45023131379E-3                  0.0
                                  0.0              0.0      .38987473636E-3       59.9905794                  0.0

 391C                 -140757.2935963  281548.09414083      3.7018703133978  4.8513858542114      121757.97521634  8.7082995413512
                      243837.47376843      119.9960633      3.1356181032178       40.2658064      672007.91169893      348.5438052

            X0003C    -140667.1622434  281406.06860664      -3.701870313398  4.8513858542114      -121749.2669168
                      243725.51141609      119.9915667      -3.135618103218     -139.7341936      -671659.3678938

 9098C                 -56266.1349512  112559.68502223      .82036353473086  2.1829700656511      -121685.8957162  -121685.8957162
                      97487.459449706      119.9919434       -2.02295871891      -67.9261378      -16924.45572639   -16924.4557264

            TERRA                 0.0              0.0      -.8203635347309  2.1829700656511                  0.0
                                  0.0              0.0      2.0229587189096      112.0738622                  0.0

 X0003C               -140667.1622434  281406.06860664      -.3281371768971  .87316610777534      121685.91715836  121685.91715836
                      243725.51141609      119.9915667       .8091631756979      112.0738622      16923.643231692    16923.6432317

            TERRA                 0.0              0.0      .32813717689714  .87316610777534                  0.0
                                  0.0              0.0      -.8091631756979      -67.9261378                  0.0

 42077C               1.6594377813532   11256.00762138      .00324859831744  .00649875173845      -31.67470910387  -63.34975750567
                      11256.007499057       89.9915531      -.0056285329465      -60.0079154      18.287793611383        0.0005877

            42077A    9747.1587218596  11256.007622752      -.0032485983174  .00649875173845       -31.6750484018
                      -5629.440865159      -30.0084469       .0056285329465      119.9920846      -18.28720593904

 X0003C               -140667.1622434  281406.06860664      -.2250647965E-3  .45023733106E-3      63.349758634757  63.349758634757
                      243725.51141609      119.9915667      .38994806278E-3      119.9920846      -.5726073865E-3       -0.0005726

            TERRA                 0.0              0.0       .2250647965E-3  .45023733106E-3                  0.0
                                  0.0              0.0      -.3899480628E-3      -60.0079154                  0.0

 42077A               9747.1587218596  11256.007622752      .00974715872186  .01125600762275      63.348853801724  63.348853801724
                      -5629.440865159      -30.0084469      -.0056294408652      -30.0084469                  0.0              0.0

            TERRA                 0.0              0.0      -.0097471587219  .01125600762275                  0.0
                                  0.0              0.0      .00562944086516      149.9915531                  0.0

 42077B               -9748.818158144  11256.007621734      -.0097488181581  .01125600762173       63.34885379027   63.34885379027
                      -5626.566635168     -150.0084469      -.0056265666352     -150.0084469                  0.0              0.0

            TERRA                 0.0              0.0      .00974881815814  .01125600762173                  0.0
                                  0.0              0.0      .00562656663517       29.9915531                  0.0

 42077C               1.6594377813532   11256.00762138      .16594377814E-5  .01125600762138      63.348853786281  63.348853786281
                      11256.007499057       89.9915531      .01125600749906       89.9915531                  0.0              0.0

            TERRA                 0.0              0.0      -.1659437781E-5  .01125600762138                  0.0
                                  0.0              0.0      -.0112560074991      -90.0084469                  0.0

 9049A                112559.45773777  112559.45983023      -2.049646932584   2.064379915305      -115350.9019648  .07670995983062
                      -21.70377116319       -0.0110478      -.2461948140485     -173.1506906      13878.019917571        3.0556134

            X0004A    112559.17848169  112559.18004432      2.0496469325838   2.064379915305      115350.97867476
                      -18.75571444856       -0.0095472      .24619481404852        6.8493094      -13874.96430417

 9098A                112559.68391094  112559.68502372      2.0495557523072  2.0715415757301      115351.05591771  115351.05591771
                       -15.8274877819       -0.0080566      -.3010078373773       -8.3550110      16924.453855635    16924.4538556

            TERRA                 0.0              0.0      -2.049555752307  2.0715415757301                  0.0
                                  0.0              0.0      .30100783737726      171.6449890                  0.0

 X0004A               112559.17848169  112559.18004432      -2.049555752307  2.0715415757301      -115350.9786746  -115350.9786746
                      -18.75571444856       -0.0095472      .30100783737726      171.6449890      -16921.37700465   -16921.3770046

            TERRA                 0.0              0.0      2.0495557523072  2.0715415757301                  0.0
                                  0.0              0.0      -.3010078373773       -8.3550110                  0.0

 9049B                -56298.52488444  112559.45982767       .8116125717995  2.0643799042575      -115350.9018794  .07670995900116
                      -97468.49794951     -120.0110478      1.8981436780178       66.8493072       13878.01540045        3.0556134

            X0004B    -56295.83216446  112559.18004188      -.8116125717995  2.0643799042575      115350.97858933
                      -97469.73013511     -120.0095472      -1.898143678018     -113.1506928      -13874.95978708

 9098B                -56293.54896046  112559.68502139      -1.285458378785  2.0715415859159       115351.0558323   115351.0558323
                      -97471.63196311     -120.0080566      -1.624463387889     -128.3550132      16924.458370106    16924.4583701

            TERRA                 0.0              0.0      1.2854583787848  2.0715415859159                  0.0
                                  0.0              0.0      1.6244633878887       51.6449868                  0.0

 X0004B               -56295.83216446  112559.18004188      1.2854583787848  2.0715415859216      -115350.9785895  -115350.9785895
                      -97469.73013511     -120.0095472       1.624463387896       51.6449868      -16921.38151888   -16921.3815189

            TERRA                 0.0              0.0      -1.285458378785  2.0715415859216                  0.0
                                  0.0              0.0      -1.624463387896     -128.3550132                  0.0

 9049C                -56260.93285395  112559.45982865      1.2380343870271  2.0643798840217      -115350.9004151  .07670995750232
                      97490.201719562      119.9889522      -1.651948898148      -53.1506914      13878.018045092        3.0556133

            X0004C     -56263.3463179  112559.18004279      -1.238034387027  2.0643798840217      115350.97712508
                      97488.485848412      119.9904528      1.6519488981478      126.8493086      -13874.96243178

 9098C                 -56266.1349512  112559.68502223      -.7640973997622  2.0715415533436      115351.05436826  115351.05436826
                      97487.459449706      119.9919434      1.9254712594338      111.6449880      16924.455726504    16924.4557265

            TERRA                 0.0              0.0      .76409739976225  2.0715415533436                  0.0
                                  0.0              0.0      -1.925471259434      -68.3550120                  0.0

 X0004C                -56263.3463179  112559.18004279      .76409739976225  2.0715415533368      -115350.9771248  -115350.9771248
                      97488.485848412      119.9904528      -1.925471259427      -68.3550120      -16921.37887538   -16921.3788754

            TERRA                 0.0              0.0      -.7640973997622  2.0715415533368                  0.0
                                  0.0              0.0      1.9254712594266      111.6449880                  0.0

 9098A                112559.68391094  112559.68502372      .11255968391094  .11255968502372      6334.8413463197  6334.8413463197
                       -15.8274877819       -0.0080566      -.1582748778E-4       -0.0080566      -.111022302E-15       -0.0000000

            TERRA                 0.0              0.0      -.1125596839109  .11255968502372                  0.0
                                  0.0              0.0      .15827487782E-4      179.9919434                  0.0

 9098B                -56293.54896046  112559.68502139      -.0562935489605  .11255968502139      6334.8413460578  6334.8413460578
                      -97471.63196311     -120.0080566      -.0974716319631     -120.0080566                  0.0              0.0

            TERRA                 0.0              0.0      .05629354896046  .11255968502139                  0.0
                                  0.0              0.0      .09747163196311       59.9919434                  0.0

 9098C                 -56266.1349512  112559.68502223      -.0562661349512  .11255968502223      6334.8413461522  6334.8413461522
                      97487.459449706      119.9919434      .09748745944971      119.9919434                  0.0              0.0

            TERRA                 0.0              0.0       .0562661349512  .11255968502223                  0.0
                                  0.0              0.0      -.0974874594497      -60.0080566                  0.0

 X0005A                408158.7974575  408158.79761319      -.8029386261815  4.2505109505557      -163886.7603801  12.400176656374
                      -11.27380428059       -0.0015826      4.1739828585393      100.8888313      -851819.3859883      191.2962556

            X0008A          408248.29        408248.29      .80293862618154  4.2505109505557      163899.16055678
                                  0.0              0.0      -4.173982858539      -79.1111687      852010.68224399

 X0005B               -204089.1621277  408158.79761121      4.0162446427713  4.2505111149319      -163886.7568649    12.4001780978
                       -353470.250473     -120.0015826      -1.391626281575      -19.1111694      -851819.4208214      191.2962669

            X0008B        -204124.145        408248.29      -4.016244642771  4.2505111149319      163899.15704301
                      -353553.3901916     -120.0000000       1.391626281575      160.8888306      852010.71708825

 X0005C               -204069.6353326  408158.79761127      -3.213306095759  4.2505110267545      -163886.7140778  12.400180430326
                      353481.52427346      119.9984174      -2.782356541409     -139.1111721      -851819.4107284      191.2962611

            X0008C        -204124.145        408248.29      3.2133060957591  4.2505110267545      163899.11425828
                      353553.39019156      120.0000000      2.7823565414086       40.8888279      852010.70698951

 X0007A               281548.09347963  281548.09414421      -.3455920725945  1.5392755087171      -48664.90302431  10.240531028147
                      -19.34487050019       -0.0039367      1.4999784035433      102.9744224      -211154.6871722      110.7610606

            X0006A          281691.32        281691.32      .34559207259446  1.5392755087171      48675.143555335
                                  0.0              0.0      -1.499978403543      -77.0255776       211265.4482328

 X0007B               -140790.7998858  281548.09413961      1.4718155032362   1.539275579806      -48664.90356911   10.24053225814
                      -243818.1289018     -120.0039367      -.4506977202299      -17.0255781      -211154.6973128      110.7610691

            X0006B         -140845.66        281691.32      -1.471815503236   1.539275579806      48675.144101371
                      -243951.8391456     -120.0000000      .45069772022989      162.9744219      211265.45838186

 X0007C               -140757.2935963  281548.09414083      -1.126223437489  1.5392755387273      -48664.89405863  10.240533107717
                      243837.47376843      119.9960633        -1.0492806836     -137.0255803      -211154.6935712      110.7610643

            X0006C         -140845.66        281691.32      1.1262234374888  1.5392755387273       48675.13459174
                      243951.83914557      120.0000000      1.0492806835996       42.9744197      211265.45463554

 391A                 281548.09347963  281548.09414421      .00133209714532   .0023694104463      187.54365889149  .06062672934749
                      -19.34487050019       -0.0039367      -.0019594956133      -55.7914940      275.83324242713        0.1627578

            E001A     281405.70792177   281405.7131531      -.0013320971453   .0023694104463      -187.4830321621
                      -54.26096625242       -0.0110478      .00195949561328      124.2085060      -275.6704846734

 391B                 -140790.7998858  281548.09413961      -.0023630215681  .00236941046162      187.54365944431  .06062673040742
                      -243818.1289018     -120.0039367       -.173882157E-3     -175.7914941        275.833244653        0.1627578

            E001B      -140749.845332  281405.71314671      .00236302156806  .00236941046162      -187.4830327139
                       -243677.361342     -120.0110478      .17388215702E-3        4.2085059      -275.6704868962

 391C                 -140757.2935963  281548.09414083      .00103092442271  .00236941044907      187.54365722992  .06062672881558
                      243837.47376843      119.9960633       .0021333777703       64.2085056       275.8332440229        0.1627578

            E001C     -140655.8625913  281405.71314915      -.0010309244227  .00236941044907      -187.4830305011
                      243731.62230551      119.9889522      -.0021333777703     -115.7914944      -275.6704862681

 E001A                281405.70792177   281405.7131531      .00133210910747  .00236944901414      187.48471631503  .28069280233E-9
                      -54.26096625242       -0.0110478      -.0019595341172      -55.7917782       275.6759019588        0.0000000

            ST001A    281405.70792144  281405.71315277      -.0013321091075  .00236944901414      -187.4847163148
                      -54.26096618968       -0.0110478      .00195953411719      124.2082218      -275.6759019585

 ST001A               281405.70792144  281405.71315277      .28140570792144  .28140571315277       39594.58769751   39594.58769751
                      -54.26096618968       -0.0110478      -.5426096619E-4       -0.0110478       -.88817842E-15       -0.0000000

            TERRA                 0.0              0.0      -.2814057079214  .28140571315277                  0.0
                                  0.0              0.0       .5426096619E-4      179.9889522                  0.0

 9049A                112559.45773777  112559.45983023      .70020151138306  .70021771504202      39407.099520143  39407.099520143
                      -21.70377116319       -0.0110478      .00476360321045        0.3897880      -275.6928038086     -275.6928038

            TERRA                 0.0              0.0      -.7002015113831  .70021771504202                  0.0
                                  0.0              0.0      -.0047636032104     -179.6102120                  0.0

 ST001A               281405.70792144  281405.71315277      -.2800735831261  .28008006454939      -39407.10077011  -39407.10077011
                      -54.26096618968       -0.0110478      -.0019054114819     -179.6102083      275.69536507916      275.6953651

            TERRA                 0.0              0.0      .28007358312607  .28008006454939                  0.0
                                  0.0              0.0      .00190541148186        0.3897917                  0.0

 E001B                 -140749.845332  281405.71314671      -.0023629399948  .00236931940344         187.46117406  .28069280233E-9
                       -243677.361342     -120.0110478      -.1737498678E-3     -175.7945398      275.66985795751        0.0000000

            ST001B    -140749.8453318  281405.71314638      .00236293999478  .00236931940344      -187.4611740597
                      -243677.3613418     -120.0110478      .17374986783E-3        4.2054602      -275.6698579572

 ST001B               -140749.8453318  281405.71314638      -.1407498453318  .28140571314638      39594.587695711  39594.587695711
                      -243677.3613418     -120.0110478      -.2436773613418     -120.0110478                  0.0              0.0

            TERRA                 0.0              0.0      .14074984533181  .28140571314638                  0.0
                                  0.0              0.0      .24367736134178       59.9889522                  0.0

 9049B                -56298.52488444  112559.45982767      -.3459753990173  .70021765727023      39407.096301126  39407.096301126
                      -97468.49794951     -120.0110478      -.6087740063667     -119.6102189       -275.688038369     -275.6880384

            TERRA                 0.0              0.0      .34597539901733  .70021765727023                  0.0
                                  0.0              0.0      .60877400636673       60.3897811                  0.0

 ST001B               -140749.8453318  281405.71314638      .13838672637939  .28008004457657      -39407.09804898  -39407.09804898
                      -243677.3613418     -120.0110478      .24350348114967       60.3897730      275.68249035843      275.6824904

            TERRA                 0.0              0.0      -.1383867263794  .28008004457657                  0.0
                                  0.0              0.0      -.2435034811497     -119.6102270                  0.0

 E001C                -140655.8625913  281405.71314915      .00103100319393  .00236951542181      187.48705975026  .28069280233E-9
                      243731.62230551      119.9889522      .00213345629163       64.2076168      275.68560802943        0.0000000

            ST001C    -140655.8625912  281405.71314882      -.0010310031939  .00236951542181        -187.48705975
                       243731.6223052      119.9889522      -.0021334562916     -115.7923832      -275.6856080291

 ST001C               -140655.8625912  281405.71314882      -.1406558625912  .28140571314882      39594.587696397  39594.587696397
                       243731.6223052      119.9889522       .2437316223052      119.9889522      -.363797881E-11       -0.0000000

            TERRA                 0.0              0.0      .14065586259119  .28140571314882                  0.0
                                  0.0              0.0      -.2437316223052      -60.0110478                  0.0

 9049C                -56260.93285395  112559.45982865      -.3542261123657  .70021797308301      39407.114121712  39407.114121712
                      97490.201719562      119.9889522      .60401082038879      120.3897714      -275.6814699596     -275.6814700

            TERRA                 0.0              0.0      .35422611236572  .70021797308301                  0.0
                                  0.0              0.0      -.6040108203888      -59.6102286                  0.0

 ST001C               -140655.8625912  281405.71314882        .141686886549   .2800801447611      -39407.11214698  -39407.11214698
                       243731.6223052      119.9889522      -.2415982484818      -59.6102274       275.6823386187      275.6823386

            TERRA                 0.0              0.0       -.141686886549   .2800801447611                  0.0
                                  0.0              0.0      .24159824848175      120.3897726                  0.0

 390A                  408158.7974575  408158.79761319       .0227057439319  .08794825033871        4634.25351841  .64706259815921
                      -11.27380428059       -0.0015826      -.0849667224867      -75.0383987       17339.82964699        5.2764552

            E002A     408039.07633554  408039.07729871      -.0227057439319  .08794825033871      -4633.606455812
                      -28.03603660444       -0.0039367      .08496672248674      104.9616013      -17334.55319184

 390B                 -204089.1621277  408158.79761121      -.0849362159018  .08794825439129      4634.2536348054  .64706267335077
                       -353470.250473     -120.0015826      .02281961171355      164.9616010      17339.830471869        5.2764556

            E002B     -204043.8180829  408039.07729203      .08493621590181  .08794825439129      -4633.606572132
                      -353358.1878201     -120.0039367      -.0228196117135      -15.0383990      -17334.55401628

 390C                 -204069.6353326  408158.79761127      .06223047197793  .08794825194601      4634.2528615311  .64706266960366
                      353481.52427346      119.9984174      .06214711077567       44.9615988      17339.830161991        5.2764553

            E002C     -203995.2582563  408039.07729381      -.0622304719779  .08794825194601      -4633.605798861
                       353386.2238511      119.9960633      -.0621471107757     -135.0384012      -17334.55370666

 E002A                408039.07633554  408039.07729871      .02270589899211  .08794876545537      4633.6380980196   .3867507985E-6
                      -28.03603660444       -0.0039367      -.0849672142422      -75.0383838      17334.653517393        0.0000004

            ST002A    408039.07632477  408039.07728794      -.0227058989921  .08794876545537      -4633.638097633
                      -28.03603037831       -0.0039367      .08496721424223      104.9616162      -17334.65351701

 ST002A               408039.07632477  408039.07728794      .40803907632477  .40803907728794      83247.944296996  83247.944296996
                      -28.03603037831       -0.0039367      -.2803603038E-4       -0.0039367                  0.0              0.0

            TERRA                 0.0              0.0      -.4080390763248  .40803907728794                  0.0
                                  0.0              0.0      .28036030378E-4      179.9960633                  0.0

 391A                 281548.09347963  281548.09414421      .55845308303833  .57185960486931      78614.509738748  78614.509738748
                      -19.34487050019       -0.0039367      .12309980392456       12.4309153      -17334.65915262   -17334.6591526

            TERRA                 0.0              0.0      -.5584530830383  .57185960486931                  0.0
                                  0.0              0.0      -.1230998039246     -167.5690847                  0.0

 ST002A               408039.07632477  408039.07728794      -.3853342533112  .39458471936062      -78614.52572413  -78614.52572413
                      -28.03603037831       -0.0039367      -.0849388837814     -167.5691328      17334.593462532    17334.5934625

            TERRA                 0.0              0.0      .38533425331116  .39458471936062                  0.0
                                  0.0              0.0      .08493888378143       12.4308672                  0.0

 E002B                -204043.8180829  408039.07729203      -.0849361822475  .08794829069786      4633.5562851025  .38674534153E-6
                      -353358.1878201     -120.0039367      .02281987690367      164.9614284      17334.575125464        0.0000004

            ST002B    -204043.8180721  408039.07728126      .08493618224747  .08794829069786      -4633.556284716
                      -353358.1878138     -120.0039367      -.0228198769037      -15.0385716      -17334.57512508

 ST002B               -204043.8180721  408039.07728126      -.2040438180721  .40803907728126      83247.944294273  83247.944294273
                      -353358.1878138     -120.0039367      -.3533581878138     -120.0039367      -.727595761E-11       -0.0000000

            TERRA                 0.0              0.0      .20404381807215  .40803907728126                  0.0
                                  0.0              0.0      .35335818781385       59.9960633                  0.0

 391B                 -140790.7998858  281548.09413961      -.1726188659668  .57185948832207      78614.491077399  78614.491077399
                      -243818.1289018     -120.0039367      -.5451843738556     -107.5690760       -17334.6675836   -17334.6675836

            TERRA                 0.0              0.0       .1726188659668  .57185948832207                  0.0
                                  0.0              0.0      .54518437385559       72.4309240                  0.0

 ST002B               -204043.8180721  408039.07728126      .11910772323608  .39458454192383      -78614.48490013  -78614.48490013
                      -353358.1878138     -120.0039367      .37617856264114       72.4308853      17334.610480428    17334.6104804

            TERRA                 0.0              0.0      -.1191077232361  .39458454192383                  0.0
                                  0.0              0.0      -.3761785626411     -107.5691147                  0.0

 E002C                -203995.2582563  408039.07729381       .0622303923592  .08794822714529       4633.621805318  .38674534153E-6
                       353386.2238511      119.9960633      .06214715540409       44.9616561       17334.54419057        0.0000004

            ST002C    -203995.2582563  408039.07728304      -.0622303923592  .08794822714529      -4633.621804931
                      353386.22383867      119.9960633      -.0621471554041     -135.0383439      -17334.54419018

 ST002C               -203995.2582563  408039.07728304      -.2039952582563  .40803907728304      83247.944294998  83247.944294998
                      353386.22383867      119.9960633      .35338622383867      119.9960633                  0.0              0.0

            TERRA                 0.0              0.0      .20399525825628  .40803907728304                  0.0
                                  0.0              0.0      -.3533862238387      -60.0039367                  0.0

 391C                 -140757.2935963  281548.09414083      -.3858340978622  .57185936556245      78614.470252753  78614.470252753
                      243837.47376843      119.9960633      .42208433151245      132.4309371      -17334.68177167   -17334.6817717

            TERRA                 0.0              0.0      .38583409786224  .57185936556245                  0.0
                                  0.0              0.0      -.4220843315125      -47.5690629                  0.0

 ST002C               -203995.2582563  408039.07728304      .26622641086578  .39458452608965      -78614.47629652  -78614.47629652
                      353386.22383867      119.9960633      -.2912395000458      -47.5690967      17334.634497857    17334.6344979

            TERRA                 0.0              0.0      -.2662264108658  .39458452608965                  0.0
                                  0.0              0.0      .29123950004578      132.4309033                  0.0

 390A                  408158.7974575  408158.79761319      .03539374644068  .07551998217858         7223.5105439  3.5234787849613
                      -11.27380428059       -0.0015826       -.066712445774      -62.0521769      13614.436310193       12.0688274

            E003A     407832.72119594  407832.72877761      -.0353937464407  .07551998217858      -7219.987065115
                      -78.63908971979       -0.0110479      .06671244577398      117.9478231      -13602.36748282

 390B                 -204089.1621277  408158.79761121      -.0754715475646  .07551998374715      7223.5106328062  3.5234789431443
                       -353470.250473     -120.0015826      .00270433972889      177.9478228      13614.436625317       12.0688279

            E003B     -203984.4640415  407832.72876835      .07547154756464  .07551998374715      -7219.987153863
                      -353154.1774981     -120.0110479      -.0027043397289       -2.0521772      -13602.36779744

 390C                 -204069.6353326  408158.79761127      .04007780112347  .07551998267275       7223.510315958  3.5234788348507
                      353481.52427346      119.9984174      .06400810604916       57.9478219      13614.436545218       12.0688275

            E003C     -203848.2571567  407832.72877188      -.0400778011235  .07551998267275      -7219.986837123
                      353232.81658376      119.9889521      -.0640081060492     -122.0521781      -13602.36771767

 E003A                407832.72119594  407832.72877761      .03539379171968  .07551991069005      7219.9962941184  .28516387829E-6
                      -78.63908971979       -0.0110479      -.0667123408249      -62.0521093      13602.346080202        0.0000003

            ST003A    407832.72118573   407832.7287674      -.0353937917197  .07551991069005      -7219.996293833
                      -78.63908658794       -0.0110479      .06671234082489      117.9478907      -13602.34607992

 ST003A               407832.72118573   407832.7287674      .40783272118573   .4078327287674      83163.767326932  83163.767326932
                      -78.63908658794       -0.0110479      -.7863908659E-4       -0.0110479      .3552713679E-14        0.0000000

            TERRA                 0.0              0.0      -.4078327211857   .4078327287674                  0.0
                                  0.0              0.0      .78639086588E-4      179.9889521                  0.0

 9049A                112559.45773777  112559.45983023      1.3494447469711   1.370872004182      75943.764501509  75943.764501509
                      -21.70377116319       -0.0110478      .24143099784851       10.1435454      -13602.31511945   -13602.3151195

            TERRA                 0.0              0.0      -1.349444746971   1.370872004182                  0.0
                                  0.0              0.0      -.2414309978485     -169.8564546                  0.0

 ST003A               407832.72118573   407832.7287674      -.3724389970303  .37835279409928      -75943.78481642  -75943.78481642
                      -78.63908658794       -0.0110479      -.0666335523129     -169.8564570      13602.315612279    13602.3156123

            TERRA                 0.0              0.0      .37243899703026  .37835279409928                  0.0
                                  0.0              0.0      .06663355231285       10.1435430                  0.0

 E003B                -203984.4640415  407832.72876835      -.0754713255446  .07551975623607      7219.9922890085   .2851611498E-6
                      -353154.1774981     -120.0110479      .00270418240689      177.9479361      13602.312548173        0.0000003

            ST003B    -203984.4640337  407832.72875813      .07547132554464  .07551975623607      -7219.992288723
                      -353154.1774908     -120.0110479      -.0027041824069       -2.0520639      -13602.31254789

 ST003B               -203984.4640337  407832.72875813      -.2039844640337  .40783272875813      83163.767323153  83163.767323153
                      -353154.1774908     -120.0110479      -.3531541774908     -120.0110479      .7275957614E-11        0.0000000

            TERRA                 0.0              0.0      .20398446403369  .40783272875813                  0.0
                                  0.0              0.0      .35315417749078       59.9889521                  0.0

 9049B                -56298.52488444  112559.45982767      -.4656368494034  1.3708719512304      75943.760208689  75943.760208689
                      -97468.49794951     -120.0110478      -1.289368927479     -109.8564489       -13602.3221738   -13602.3221738

            TERRA                 0.0              0.0      .46563684940338  1.3708719512304                  0.0
                                  0.0              0.0      1.2893689274788       70.1435511                  0.0

 ST003B               -203984.4640337  407832.72875813      .12851309776306   .3783527545454      -75943.77541259  -75943.77541259
                      -353154.1774908     -120.0110479       .3558583855629       70.1435492      13602.322356818    13602.3223568

            TERRA                 0.0              0.0      -.1285130977631   .3783527545454                  0.0
                                  0.0              0.0      -.3558583855629     -109.8564508                  0.0

 E003C                -203848.2571567  407832.72877188      .04007772076875  .07551989618834       7219.985891606  .28516387829E-6
                      353232.81658376      119.9889521      .06400805432349       57.9478528      13602.348253619        0.0000003

            ST003C    -203848.2571543  407832.72876167      -.0400777207687  .07551989618834      -7219.985891321
                      353232.81657335      119.9889521      -.0640080543235     -122.0521472      -13602.34825333

 ST003C               -203848.2571543  407832.72876167      -.2038482571543  .40783272876167      83163.767324594  83163.767324594
                      353232.81657335      119.9889521      .35323281657335      119.9889521      -.727595761E-11       -0.0000000

            TERRA                 0.0              0.0       .2038482571543  .40783272876167                  0.0
                                  0.0              0.0      -.3532328165734      -60.0110479                  0.0

 9049C                -56260.93285395  112559.45982865      -.8838077187538  1.3708719353618      75943.760529488  75943.760529488
                      97490.201719562      119.9889522      1.0479378700256      130.1435461        -13602.315321   -13602.3153210

            TERRA                 0.0              0.0      .88380771875381  1.3708719353618                  0.0
                                  0.0              0.0      -1.047937870026      -49.8564539                  0.0

 ST003C               -203848.2571543  407832.72876167      .24392583966255  .37835277113244      -75943.77988099  -75943.77988099
                      353232.81657335      119.9889521        -.28922483325      -49.8564556      13602.316597629    13602.3165976

            TERRA                 0.0              0.0      -.2439258396626  .37835277113244                  0.0
                                  0.0              0.0      .28922483325005      130.1435444                  0.0

 XX0013               -56260.93285395  112559.45982865      .72759576142E-8  .16269535827E-7      -.9140106569E-3  .2168404345E-18
                      97490.201719562      119.9889522      -.1455191523E-7      -63.4349488      -.5468487502E-4              0.0

            MEASUC    -56260.93285395  112559.45982865      -.7275957614E-8  .16269535827E-7       .9140106569E-3
                      97490.201719562      119.9889522      .14551915228E-7      116.5650512      .54684875025E-4

 XX0015               -56298.52488444  112559.45982767      .72759576142E-8  .16269535827E-7      -.9139895002E-3  .1084202172E-18
                      -97468.49794951     -120.0110478      .14551915228E-7       63.4349488      .55037350901E-4              0.0

            MEASUB    -56298.52488444  112559.45982767      -.7275957614E-8  .16269535827E-7       .9139895002E-3
                      -97468.49794951     -120.0110478      -.1455191523E-7     -116.5650512       -.550373509E-4

 XX0017               112559.45773777  112559.45983023      -.1455191523E-7  .14551915662E-7      -.8189778821E-3  .1084202172E-18
                      -21.70377116319       -0.0110478      .3552713679E-11      179.9860118      -.4203004354E-7              0.0

            MEASUA    112559.45773777  112559.45983023      .14551915228E-7  .14551915662E-7      .81897788213E-3
                      -21.70377116319       -0.0110478      -.355271368E-11       -0.0139882       .4203004354E-7

 X0001A               408022.76065868  408022.76212158      -.7820066793E-4  .92348636844993      .1776356839E-14  .1776356839E-14
                      -34.55129779816       -0.0048518      -.9234863651389      -90.0048518      188401.72941828   188401.7294183

            TERRA                 0.0              0.0      .78200667931E-4  .92348636844993                  0.0
                                  0.0              0.0      .92348636513892       89.9951482                  0.0

 X0001B               -204041.3026254  408022.76211393      -.7997235519122  .92348636843261                  0.0              0.0
                      -353340.8003982     -120.0048518      .46181090632189      149.9951482      188401.72941122   188401.7294112

            TERRA                 0.0              0.0      .79972355191216  .92348636843261                  0.0
                                  0.0              0.0      -.4618109063219      -30.0048518                  0.0

 X0001C               -203981.4580375  408022.76211565      .79980175256449   .9234863684365      -.145519152E-10  -.145519152E-10
                      353375.35168906      119.9951482      .46167545882665       29.9951482       188401.7294128   188401.7294128

            TERRA                 0.0              0.0      -.7998017525645   .9234863684365                  0.0
                                  0.0              0.0      -.4616754588266     -150.0048518                  0.0

 X0002A               408034.03399119  408034.03507714      -.6737733029E-4  .92351188276373                  0.0              0.0
                      -29.76923682718       -0.0041802      -.9235118803059      -90.0041802      188412.13998289   188412.1399829

            TERRA                 0.0              0.0      .67377330289E-4  .92351188276373                  0.0
                                  0.0              0.0      .92351188030588       89.9958198                  0.0

 X0002B                -204042.797906  408034.03507018      -.7997510603648  .92351188274797      -.145519152E-10  -.145519152E-10
                      -353352.9544214     -120.0041802      .46181429062134      149.9958198      188412.13997646   188412.1399765

            TERRA                 0.0              0.0      .79975106036479  .92351188274797                  0.0
                                  0.0              0.0      -.4618142906213      -30.0041802                  0.0

 X0002C                -203991.236089  408034.03507198      .79981843768181  .92351188275204      .1455191523E-10  .1455191523E-10
                       353382.7236524      119.9958198      .46169758969313       29.9958198      188412.13997812   188412.1399781

            TERRA                 0.0              0.0      -.7998184376818  .92351188275204                  0.0
                                  0.0              0.0      -.4616975896931     -150.0041802                  0.0

 X0003A               281406.06556213  281406.06861039      -.6849146233E-3  4.6533163160728      -.142108547E-13  -.142108547E-13
                      -41.41973560077       -0.0084333      -4.653316265667      -90.0084333      654735.72525331   654735.7252533

            TERRA                 0.0              0.0      .68491462331E-3  4.6533163160728                  0.0
                                  0.0              0.0      4.6533162656671       89.9915667                  0.0

 X0003B               -140738.9033205   281406.0686045      -4.029547640523  4.6533163159755      -.582076609E-10  -.582076609E-10
                      -243684.0916834     -120.0084333      2.3272512862341      149.9915667      654735.72522592   654735.7252259

            TERRA                 0.0              0.0      4.0295476405231  4.6533163159755                  0.0
                                  0.0              0.0      -2.327251286234      -30.0084333                  0.0

 X0003C               -140667.1622434  281406.06860664      4.0302325550979  4.6533163160108                  0.0              0.0
                      243725.51141609      119.9915667      2.3260649794624       29.9915667      654735.72523586   654735.7252359

            TERRA                 0.0              0.0      -4.030232555098  4.6533163160108                  0.0
                                  0.0              0.0      -2.326064979462     -150.0084333                  0.0

 X0004A               112559.17848169  112559.18004432      -.9118027347E-4  .54720265900526      .8881784197E-15  .8881784197E-15
                      -18.75571444856       -0.0095472      -.5472026514086      -90.0095472      30796.341307852    30796.3413079

            TERRA                 0.0              0.0      .91180273468E-4  .54720265900526                  0.0
                                  0.0              0.0      .54720265140858       89.9904528                  0.0

 X0004B               -56295.83216446  112559.18004188       -.473845806992  .54720265899338                  0.0              0.0
                      -97469.73013511     -120.0095472      .27368029012984      149.9904528      30796.341306516    30796.3413065

            TERRA                 0.0              0.0      .47384580699197  .54720265899338                  0.0
                                  0.0              0.0      -.2736802901298      -30.0095472                  0.0

 X0004C                -56263.3463179  112559.18004279      .47393698725987  .54720265899779       -.18189894E-11   -.18189894E-11
                      97488.485848412      119.9904528      .27352236128202       29.9904528      30796.341307012    30796.3413070

            TERRA                 0.0              0.0      -.4739369872599  .54720265899779                  0.0
                                  0.0              0.0       -.273522361282     -150.0095472                  0.0

     Total network loss  P-loss  by summing injections =   6.377229071944E+05

Output for steady-state phasor switch currents.
      Node-K    Node-M            I-real            I-imag            I-magn          Degrees        Power            Reactive
      X0005A    390A          8.02938626E-01   -4.17398286E+00    4.25051095E+00     -79.1112    1.63886760E+05    8.51819386E+05
      X0005B    390B         -4.01624464E+00    1.39162628E+00    4.25051111E+00     160.8888    1.63886757E+05    8.51819421E+05
      X0005C    390C          3.21330610E+00    2.78235654E+00    4.25051103E+00      40.8888    1.63886714E+05    8.51819411E+05
      X0007A    391A          3.45592073E-01   -1.49997840E+00    1.53927551E+00     -77.0256    4.86649030E+04    2.11154687E+05
      X0007B    391B         -1.47181550E+00    4.50697720E-01    1.53927558E+00     162.9744    4.86649036E+04    2.11154697E+05
      X0007C    391C          1.12622344E+00    1.04928068E+00    1.53927554E+00      42.9744    4.86648941E+04    2.11154694E+05
      XX0012    XX0013            Open              Open              Open             Open          Open              Open
      XX0014    XX0015            Open              Open              Open             Open          Open              Open
      XX0016    XX0017            Open              Open              Open             Open          Open              Open
      9049A     MEASUA        3.11119948E-07    2.38418579E-07    3.91968163E-07      37.4638    1.75071590E-02   -1.34215092E-02
      9049B     MEASUB       -2.38418579E-07   -5.96046448E-07    6.41961671E-07    -111.8014    3.57591831E-02   -5.15911749E-03
      9049C     MEASUC       -4.76837158E-07    1.19209290E-07    4.91512492E-07     165.9638    1.92245205E-02   -1.98900625E-02

Solution at nodes with known voltage.   Nodes that are shorted together by switches are shown as a group of names, with the printed
result applying to the composite group.   The entry "MVA" is  SQRT( P**2 + Q**2 )  in units of power,  while  "P.F."  is the
associated power factor.
              Node                Source  node  voltage             Injected  source  current              Injected  source  power
              name         Rectangular            Polar          Rectangular            Polar            P  and  Q    MVA and P.F.

              X0008A        408248.29        408248.29      .80293862618191  4.2505109505568      163899.16055686  867631.91359554
                                  0.0              0.0       -4.17398285854      -79.1111687      852010.68224419        0.1889040

              X0008B      -204124.145        408248.29      -4.016244642774  4.2505111149348       163899.1570433  867631.94714907
                      -353553.3901916     -120.0000000      1.3916262815751      160.8888306       852010.7170888        0.1889040

              X0008C      -204124.145        408248.29      3.2133060957603  4.2505110267564      163899.11425841  867631.92914973
                      353553.39019156      120.0000000      2.7823565414101       40.8888279      852010.70698988        0.1889040

              X0006A        281691.32        281691.32      .34559207259463  1.5392755087171      48675.143555358   216800.2749471
                                  0.0              0.0      -1.499978403543      -77.0255776       211265.4482328        0.2245161

              X0006B       -140845.66        281691.32      -1.471815503236  1.5392755798055      48675.144101393  216800.28495959
                      -243951.8391456     -120.0000000      .45069772022953      162.9744219      211265.45838179        0.2245161

              X0006C       -140845.66        281691.32       1.126223437489  1.5392755387275      48675.134591719  216800.27917393
                      243951.83914557      120.0000000      1.0492806835996       42.9744197      211265.45463556        0.2245160

  ---- Initial flux of coil  "X0001A"  to  "      "  =  -9.16501639E-02
  ---- Initial flux of coil  "X0001B"  to  "      "  =  -9.37265583E+02
   Warning.  Preceding flux exceeds the 1st segment.  This means that the steady state solution is not really sinusoidal.
  ---- Initial flux of coil  "X0001C"  to  "      "  =  9.37357233E+02
   Warning.  Preceding flux exceeds the 1st segment.  This means that the steady state solution is not really sinusoidal.
  ---- Initial flux of coil  "X0002A"  to  "      "  =  -7.89653532E-02
  ---- Initial flux of coil  "X0002B"  to  "      "  =  -9.37297823E+02
   Warning.  Preceding flux exceeds the 1st segment.  This means that the steady state solution is not really sinusoidal.
  ---- Initial flux of coil  "X0002C"  to  "      "  =  9.37376788E+02
   Warning.  Preceding flux exceeds the 1st segment.  This means that the steady state solution is not really sinusoidal.
  ---- Initial flux of coil  "X0003A"  to  "      "  =  -1.09869261E-01
  ---- Initial flux of coil  "X0003B"  to  "      "  =  -6.46392129E+02
   Warning.  Preceding flux exceeds the 1st segment.  This means that the steady state solution is not really sinusoidal.
  ---- Initial flux of coil  "X0003C"  to  "      "  =  6.46501998E+02
   Warning.  Preceding flux exceeds the 1st segment.  This means that the steady state solution is not really sinusoidal.
  ---- Initial flux of coil  "X0004A"  to  "      "  =  -4.97510778E-02
  ---- Initial flux of coil  "X0004B"  to  "      "  =  -2.58546489E+02
   Warning.  Preceding flux exceeds the 1st segment.  This means that the steady state solution is not really sinusoidal.
  ---- Initial flux of coil  "X0004C"  to  "      "  =  2.58596240E+02
   Warning.  Preceding flux exceeds the 1st segment.  This means that the steady state solution is not really sinusoidal.

Card of names for time-step loop output.          |  9049A 9049B 9049C T_MANAT_MANBT_MANC1_2LTC1_2LTA1_2LTBT_OPOAT_OPOBT_OPOC
Output voltage differences for pairs of A6 names  |-5T_MANAT_MANCT_MANBT_MANAT_MANCT_MANB1_2LTC1_2LTB1_2LTA1_2LTC1_2LTB1_2LTA
Output voltage differences for pairs of A6 names  |-5T_OPOAT_OPOCT_OPOBT_OPOAT_OPOCT_OPOB
Blank card ending requests for output variables.  |BLANK OUTPUT

Column headings for the  42   EMTP output variables follow.  These are divided among the 5 possible classes as follows ....
  First  30     output variables are electric-network voltage differences (upper voltage minus lower voltage);
  Next   12     output variables are branch currents (flowing from the upper node to the lower node);
Branch power  consumption (power  flow, if a switch) is treated like a branch voltage for this grouping (9  variables);
Branch energy consumption (energy flow, if a switch) is treated like a branch current for this grouping (9  variables).
   Step      Time      XX0013     XX0015     XX0017     TERRA      TERRA      TERRA      TERRA      TERRA      TERRA      9049A
                       MEASUC     MEASUB     MEASUA     PRMANA     PRMANB     PRMANC     PROPOA     PROPOB     PROPOC

                       9049B      9049C      T_MANA     T_MANB     T_MANC     1_2LTC     1_2LTA     1_2LTB     T_OPOA     T_OPOB
 

                       T_OPOC     T_MANA     T_MANB     T_MANC     1_2LTC     1_2LTA     1_2LTB     T_OPOA     T_OPOB     T_OPOC
                                  T_MANC     T_MANA     T_MANB     1_2LTB     1_2LTC     1_2LTA     T_OPOC     T_OPOA     T_OPOB

                       XX0012     XX0014     XX0016     TERRA      TERRA      TERRA      TERRA      TERRA      TERRA      XX0013
                       XX0013     XX0015     XX0017     PRMANA     PRMANB     PRMANC     PROPOA     PROPOB     PROPOC     MEASUC

                       XX0015     XX0017
                       MEASUB     MEASUA
 ***      Phasor I(0) =  8.0293863E-01                     Switch  "X0005A"  to  "390A  "  closed in the steady-state.
 ***      Phasor I(0) = -4.0162446E+00                     Switch  "X0005B"  to  "390B  "  closed in the steady-state.
 ***      Phasor I(0) =  3.2133061E+00                     Switch  "X0005C"  to  "390C  "  closed in the steady-state.
 ***      Phasor I(0) =  3.4559207E-01                     Switch  "X0007A"  to  "391A  "  closed in the steady-state.
 ***      Phasor I(0) = -1.4718155E+00                     Switch  "X0007B"  to  "391B  "  closed in the steady-state.
 ***      Phasor I(0) =  1.1262234E+00                     Switch  "X0007C"  to  "391C  "  closed in the steady-state.
 ***      Phasor I(0) =  3.1111995E-07                     Switch  "9049A "  to  "MEASUA"  closed in the steady-state.
 ***      Phasor I(0) = -2.3841858E-07                     Switch  "9049B "  to  "MEASUB"  closed in the steady-state.
 ***      Phasor I(0) = -4.7683716E-07                     Switch  "9049C "  to  "MEASUC"  closed in the steady-state.
      0       0.0   .5294E-19  .5294E-19 .21176E-18        0.0        0.0        0.0        0.0        0.0        0.0 112559.458
                   -56298.525 -56260.933        0.0        0.0        0.0        0.0        0.0        0.0        0.0        0.0
                          0.0        0.0        0.0        0.0        0.0        0.0        0.0        0.0        0.0        0.0
                          0.0        0.0        0.0        0.0        0.0        0.0        0.0        0.0        0.0        0.0
                          0.0        0.0
    500      .005         0.0        0.0        0.0        0.0        0.0        0.0        0.0        0.0        0.0 -34775.566
                   110076.555 -75283.098        0.0        0.0        0.0        0.0        0.0        0.0        0.0        0.0
                          0.0        0.0        0.0        0.0        0.0        0.0        0.0        0.0        0.0        0.0
                          0.0        0.0        0.0        0.0        0.0        0.0        0.0        0.0        0.0  .2647E-24
                    .2647E-24 .10588E-23
   1000       .01         0.0        0.0        0.0        0.0        0.0        0.0        0.0        0.0        0.0 -91114.344
                    -11780.74 102896.109        0.0        0.0        0.0        0.0        0.0        0.0        0.0        0.0
                          0.0        0.0        0.0        0.0        0.0        0.0        0.0        0.0        0.0        0.0
                          0.0        0.0        0.0        0.0        0.0        0.0        0.0        0.0        0.0  .2647E-24
                    .2647E-24 .10588E-23
   1500      .015         0.0        0.0        0.0        0.0        0.0        0.0        0.0        0.0        0.0 91087.1359
                   -102893.64 11807.6919        0.0        0.0        0.0        0.0        0.0        0.0        0.0        0.0
                          0.0        0.0        0.0        0.0        0.0        0.0        0.0        0.0        0.0        0.0
                          0.0        0.0        0.0        0.0        0.0        0.0        0.0        0.0        0.0  .2647E-24
                    .2647E-24 .10588E-23
   2000       .02         0.0        0.0        0.0        0.0        0.0        0.0        0.0        0.0        0.0 34820.7205
                   75327.4743 -110167.97        0.0        0.0        0.0        0.0        0.0        0.0        0.0        0.0
                          0.0        0.0        0.0        0.0        0.0        0.0        0.0        0.0        0.0        0.0
                          0.0        0.0        0.0        0.0        0.0        0.0        0.0        0.0        0.0  .2647E-24
                    .2647E-24 .10588E-23
 ***                                                             Close switch  "XX0012"  to  "XX0013"  after  2.05100000E-02  sec.
 ***                                                             Close switch  "XX0014"  to  "XX0015"  after  2.05500000E-02  sec.
 ***                                                             Close switch  "XX0016"  to  "XX0017"  after  2.10700000E-02  sec.
   2500      .025  41.9186422 24.1441602  2.6835407 102.093627 27.6385617 11.5117697 73.5862628 30.0248701 29.0541259 -117731.11
                    61256.508 39532.9169 -117731.22 61256.1972 39533.3264 57116.4184 -103693.38 75269.1587 -99951.815 63845.8806
                   62805.2892 -157264.54 178987.413 -21722.871  -18152.74  -160809.8 178962.539  -162757.1 163797.696 -1040.5914
                   204.740426 -155.38391 -51.802902 .199157911  .65196139 .244629136   .2215157  2182.5878 1188.87431 .161988523
                   .098323969 .004653974
   3000       .03  2.00510661 5.25168271 .026897773 7.96188605 127.359099 66.5441012 5.06619293 800.095411 475.912878 32877.6243
                   -131494.56 95048.9894 32877.6139 -131494.41 95048.8998 122854.244 25183.3835 -152297.11 26226.0675 -145348.51
                   140826.661 -62171.286 -164372.03 226543.313  275151.35 -97670.861 -177480.49 -114600.59 -171574.58 286175.174
                   -44.778417 72.4684945 -5.1863063 .396229747 .816410948 .601139207 .429369961 2183.13037 1321.16513   .2536233
                   .165413452 .011294676
   3500      .035  1.97962696  .43439017 1.28617458 65.1068843 3.30855739 98.7125746 64.4146242 14.6203726 2091.90229  94016.794
                   21193.8958 -115765.25 94016.8658 21193.9375 -115765.34 -147524.65 92449.0806 37175.4522 93515.7048 44552.4439
                   -161240.47 209782.206 -72822.928 -136959.28  -184700.1 239973.733 -55273.628 254756.178 -48963.261 -205792.92
                   -44.492999 20.8420289 35.8632762 .727489033 1.07103613 .739175689 .765099318 2197.93865 1321.82131 .314565404
                   .200428179  .01436948
   4000       .04  3.67727395 4.82356047 .021807749 61.4362158 80.1738737 .623790555 65.2223384 60.4755593   .1761891 -91328.116
                   104330.028  -9202.746 -91328.125 104329.889 -9202.6247 -4767.4253 -92340.634 99415.3903 -94100.189 90611.2787
                   -4890.8217   -82125.5 195658.014 -113532.51 -104182.82 -87573.209 191756.024 -89209.367 184711.468   -95502.1
                   60.6405306 -69.451857 -4.6698768 .844122458 1.36348364 1.03400515 .886962753 2198.54221 1323.08571 .349327271
                   .221787069 .018877356
   4500      .045  2.49105393 4.01932021 .555546441 9.50894245 47.2969543 99.6312134 9.24283542 57.5512694 135.548915 -35930.053
                   -80132.665  116302.86   -35930.1 -80132.538  116302.76 129427.836 -36015.899 -87145.049 -35423.782 -88393.385
                   135656.415 -152232.86 -44202.439 196435.299 216572.885 -165443.73  -51129.15  -171080.2 -52969.603   224049.8
                   -49.910459 63.3981089 -23.570033 1.17398795 1.49355042 1.28099247 1.21898837 2198.69354 1323.49767 .370231818
                   .238542343 .020775352
   5000       .05  .530945432 .359468377 .017839266 95.8066594 19.7774273 29.5416954 102.804388 9.17056461 47.1051886 114048.645
                   -51817.552 -63330.124 114048.653  -51817.59 -63330.078 -75528.941  117016.69  -41344.11 118140.319 -35285.019
                   -79969.925 177378.731 -165866.24 -11512.488 -34184.831 192545.631  -158360.8 198110.243 -153425.34 -44684.906
                   23.0422532 -18.959651 4.22365548 1.37236797 1.84614477  1.4405771 1.42018552 2199.06017 1323.77285 .385759198
                   .246524611 .023634537
   5500      .055  .271420922 1.25686244 .597820253 9.19737237   86.41147 39.0129207 10.5819531 75.6739347 34.0941195 -35336.603
                   108312.429 -72777.434 -35336.554 108312.358 -72777.402 -68665.788 -36672.866 103938.552 -37903.143 101359.736
                   -68034.947 37440.8473 143648.912 -181089.76 -172604.34 31992.9216 140611.419 30131.8038 139262.879 -169394.68
                   16.4748573 -35.452256  24.450363 1.57054397 2.00080008 1.79058419 1.62085484 2199.21891 1324.13023 .392723981
                   .253588931 .026528755
   6000       .06  2.06110792  2.9189593 .201078752 62.0863908 1.22538654 80.5488742  63.933373 2.15565066 86.6712382 -91810.084
                   -12898.301 104573.689 -91810.113 -12898.193 104573.598 107184.442 -93132.794 -15673.273 -93165.715 -17107.301
                   108475.039 -196383.71 78911.9197 117471.791 122857.715 -200317.24 77459.5209 -201640.75 76058.4137  125582.34
                   -45.399426  54.027394 -14.180224 1.90089467 2.24951122 1.91728842 1.95402027 2199.47584 1324.26256 .400178877
                   .258489471 .027835253
   6500      .065  1.31300177 .314757737 .394574766 62.1818161  74.686772 .567499236 65.0651952 65.9028642 .030645634 91880.6801
                   -100696.41  8777.5107 91880.6404 -100696.45 8777.58317 3686.44876  93162.683 -96502.954 93986.7606 -94589.833
                   2039.74849 83103.0572 -192577.09 109474.033 100189.403 89476.2342 -189665.64 91947.0121 -188576.59 96629.5812
                   36.2353663 -17.741413 -19.863906 2.01727913 2.54395528 2.21304506 2.07169433 2199.77585 1324.56817 .404406504
                   .261721986 .031342965
   7000       .07  .054263542 1.04577214 .729010752 8.88107641 40.3352298 86.5374636 8.72479852 37.3381361 79.9321681 34723.5757
                   74000.5521 -108391.31 34723.6297 74000.4875 -108391.29 -105048.99 34889.9232 72015.6984 34416.7626  71198.137
                   -104172.51 143114.922 39276.8578 -182391.78 -177064.69 139938.911 37125.7752 138589.268 36781.3744 -175370.64
                   7.36637911   -32.3384 27.0001991 2.34798632 2.67004097 2.45959777 2.40650306 2199.90293 1324.81687  .40761064
                   .265614268 .032695637
   7500      .075  1.74643958 1.50998991 .008970816 93.9227913  23.426338 23.4985302 95.2479859 23.4303524 23.7180599 -112921.81
                   56395.4306 56482.4211  -112921.8 56395.5083 56482.3375 56634.2151 -113550.22 56467.7005 -113715.64 56400.3401
                    56745.561 -169404.14 169317.312  86.829233 166.514602 -170184.43 170017.917  -170461.2 170115.984 345.220834
                   -41.790425 38.8585886 2.99513206  2.5459626 3.02136686 2.61545858 2.60566601 2200.26011 1324.97642 .411457505
                   .267425839 .035289367
   8000       .08  .830504057 .001090925  .88825013 9.00409625 88.3230211 40.5903413  9.1689955 85.7402834 38.0024568 34963.3564
                   -109503.82 74234.0793 34963.2968 -109503.82  74234.137 72234.2588 35022.3167 -108463.91 35281.9997 -107890.89
                   71828.7237  -39270.84 -144467.12 183737.957 180698.172 -37211.942 -143486.23 -36546.724 -143172.89 179719.612
                   28.8184673 1.04447353 -29.803525 2.74431968  3.1767753 2.96670154 2.80703867 2200.41704 1325.33314 .413193321
                   .270729167 .037915213
   8500      .085   .24133718  1.0712418 .284906784 61.2968989 .879520596 76.7105279 61.3849309 .587362566 73.5861938 91224.4815
                   10927.4272 -102051.63 91224.5152 10927.3617  -102051.6 -100427.11 91370.1868 9443.56493 91289.9981 8929.87633
                   -99951.768 193276.111 -80297.154 -112978.96 -109870.67 191797.296 -81926.622 191241.767 -82360.122 -108881.64
                   15.5350307  -32.72983  16.879182 3.07487125 3.42377164 3.09287794 3.14071162 2200.66666 1325.46007 .416609093
                   .272944402 .039250432
   9000       .09  1.36801588 .309290763 .360701751 61.3334797 78.7008409 1.06539646 61.5489229 80.5466615 1.21650131  -91251.77
                   103366.985 -12026.666 -91251.732 103367.021  -12026.74 -12606.937 -91273.599  104331.45 -91411.859 104572.161
                   -12851.346 -79224.991 194618.752 -115393.76 -116938.39 -78666.662 195605.049 -78560.513  195984.02 -117423.51
                   -36.986699 17.5866644 18.9921497 3.19114799 3.71797612 3.38713956 3.25823688 2200.96438 1325.75841 .418482724
                    .27482467 .042619548
   9500      .095  .113216926 .357087782 .837048728 8.93981189 41.6136386 89.0960572 9.01452977 41.0789326 88.6040572 -34838.206
                   -75164.085 109981.964 -34838.264 -75164.047 109981.985 109740.562 -35051.136 -74840.789 -34983.548 -74679.584
                   109677.898 -144820.25 -40325.784 185146.033  184581.35  -144791.7 -39789.652 -144661.45 -39696.036 184357.481
                   10.6403442 18.8967664 -28.931794 3.52185664 3.84443654 3.63440066 3.59286335 2201.09213  1326.0084 .420763872
                   .278149622 .043964015
  10000       0.1  .690091095 .678839552 .368865E-6 93.6974538 23.8511556 23.0053672 94.3740968 25.1679507 22.1567173 112786.263
                   -56904.502 -55886.551 112786.263 -56904.554 -55886.498 -55112.072 113118.281 -58041.071 113192.778  -58454.27
                   -54846.008 168672.761 -169690.82 1018.05607 2928.99919 168230.354 -171159.35 168038.785 -171647.05 3608.26203
                    26.269585  -26.05455 .019205853 3.71994031 4.19498894 3.78975005 3.79253857 2201.44637  1326.1653 .423761108
                   .279309614 .046556585
  10500      .105  .626001773 .017794541 .831876216 8.92462053 90.1463108 42.3007798 8.85901586 91.5774318 43.7394119 -34808.709
                   110628.322 -75782.026 -34808.651 110628.313 -75782.076 -76637.031 -34735.294 111330.299 -34680.476 111502.997
                   -77059.961 40973.4252 145436.964 -186410.39 -187967.33 41901.7371 146065.593 42379.4843 146183.474 -188562.96
                   -25.020027 -4.2183576 28.8422644 3.91817055 4.35053097 4.14046776 3.99334046  2201.6035 1326.51993 .424965511
                   .282386875 .049145545
  11000       .11  .097349018 .776671566 .326654989 61.4944354 1.00543807 78.2151994 62.1188794 .952275386 78.5846666 -91371.352
                   -11683.475 103047.622 -91371.388  -11683.42 103047.602 103216.689 -91728.169 -11441.324 -91834.131 -11370.344
                     103290.7 -194418.99 79687.9683 114731.022 114658.013 -194944.86 80286.8451 -195124.83 80463.7869 114661.044
                   -9.8665606 27.8688278 -18.073599 4.24875257 4.59768552 4.26700125 4.32715996  2201.8536 1326.64768 .428285947
                   .284510365 .050484185
  11500      .115   .86079319 .134450083 .312744354 61.3952978 78.6584045 1.07183912 61.7745235 80.2661855 1.23656215 91297.7418
                   -103339.13  12062.991 91297.7065 -103339.15 12063.0496 12751.8898 91478.6447  -104135.1 91579.2357 -104389.93
                   12956.8756 79234.6568 -194636.86 115402.198  116886.99 78726.7549 -195613.74 78622.3601 -195969.17  117346.81
                   29.3392773 -11.595261  -17.68458 4.36503772 4.89159225 4.56097085 4.44465015 2202.15022   1326.945 .429950527
                   .286201691 .053858815
  12000       .12  .049738587 .461514838 .813686748 8.98463845  42.110363  90.053923 9.20614005 42.7316643  91.684251 34925.4416
                   75611.3604  -110571.6 34925.4986 75611.3175 -110571.61 -111342.42 35284.2657 76031.3246  35353.393 76167.0643
                   -111568.01 145497.108 40685.8188 -186182.93 -187373.74 146626.682 40747.0589 146921.402 40813.6712 -187735.07
                   -7.0525589 -21.482896  28.525195 4.69568922 5.01822066 4.80809877 4.77907968 2202.27852 1327.19438 .432113879
                   .289505889 .055186616
  12500      .125  .617694945 .627645871 .535775E-4 93.8669336 23.4981463  23.425017 95.0390409 23.9245492 23.5361461 -112888.22
                    56481.826 56393.9679 -112888.22 56481.8761 56393.9182 56477.8791 -113441.83 56833.1914 -113590.85 56992.0389
                   56527.5273 -169282.14 169370.097 -87.957951 -355.31231 -169919.71 170275.021 -170118.37 170582.885 -464.51159
                   -24.853469 25.0528615 -.23146808 4.89379117 5.36882639 4.96364413 4.97879933 2202.63289 1327.35195 .435121929
                   .290635751 .057787755
  13000       .13  .469105969 .045035734 .806554195 8.93547311 89.9704854 42.1592572 8.87135655  91.024025 43.1473858 34829.8655
                   -110520.39 75655.1574 34829.8087 -110520.37 75655.2007 76247.2832 34781.4833 -111030.46 34704.6229 -111165.58
                   76536.6689 -40825.392 -145350.18 186175.574 187277.743   -41465.8 -145811.94 -41832.046  -145870.2 187702.247
                   21.6588543 6.71086681 -28.399898 5.09201853 5.52426764 5.31421928 5.17958601 2202.78969 1327.70606 .436255201
                   .293646952  .06037761
  13500      .135  .143864799 .879012636 .313163776 61.5443507 1.03138211 78.4961685 62.3445299 1.04282986 79.4304025 91408.4283
                   11833.2567 -103232.55 91408.4637 11833.1974 -103232.52 -103687.49  91849.769 11866.1643 92000.7758  11898.687
                   -103845.02 194640.987 -79575.266 -115065.72 -115553.66 195537.262 -79983.605 195845.801 -80102.089 -115743.71
                   11.9943653 -29.648147  17.696434 5.42257946 5.77152636 5.44076185 5.51333521 2203.04009 1327.83383 .439551728
                   .295779738 .061710917
  14000       .14  .860628416 .136809839  .31463706 61.4459415 78.3605433 1.02847398 61.9127649 79.3089069 1.07580232 -91335.389
                   103143.279 -11816.444 -91335.354 103143.302 -11816.503 -12052.411 -91565.117 103614.092 -91681.648 103765.574
                   -12085.331 -79518.851 194478.656 -114959.81  -115666.5 -79512.706 195179.209 -79596.317 195447.223 -115850.91
                   -29.336469 11.6965738 17.7380118 5.53887771 6.06544258 5.73482187 5.63086782 2203.33675 1328.13145 .441225893
                   .297455983 .065090146
  14500      .145  .034084969 .506241596  .80136252 8.97611534 42.0079631  89.869257 9.18996475 42.4136014  90.970934 -34908.872
                   -75519.374  110458.17 -34908.929 -75519.329 110458.181 111004.101  -35252.26 -75787.992 -35322.321 -75883.069
                   111133.154 -145367.11   -40610.4 185977.511 186792.093 -146256.36 -40535.732 -146455.48 -40560.748 187016.223
                   5.83823337 22.4998133 -28.308347 5.86952773 6.19203201    5.98189 5.96529672 2203.46491 1328.38063 .443356654
                   .300738768 .066417109
  15000       .15  .675395622  .67608964 .872966E-6 93.8730774  23.473209 23.4611552 95.0398053   23.85224 23.6587409 112891.915
                   -56451.846 -56437.453 112891.915 -56451.898 -56437.401 -56600.543 113440.645 -56764.159 113591.303 -56905.848
                   -56674.556 169329.316 -169343.81 14.4962633 163.616058 170041.188  -170204.8 170265.859 -170497.15 231.291746
                   25.9883748 -26.001724 .029545993 6.06762329 6.54269113 6.13746241 6.16499444 2203.81945 1328.53828 .446362938
                   .301877048 .069016625
  15500      .155   .48386404 .041897525   .8089038 8.94353443 89.8328092 42.0416683 8.89361721 90.5851135 42.7325188 -34845.573
                   110435.793 -75549.576 -34845.516  110435.78  -75549.62 -75951.312   -34818.2 110805.797 -34748.137 110897.238
                   -76167.826 40704.1035 145281.296  -185985.4 -186757.11 41133.1114 145623.997 41419.6884 145645.375 -187065.06
                    -21.99691 -6.4728298 28.4412342 6.26585934 6.69812059 6.48807381 6.36581458 2203.97621 1328.89252 .447499282
                   .304882231 .071608081
  16000       .16  .153286384 .898442969 .310950829 61.5254731 1.02111002 78.3893442 62.2744449 1.00786522 79.0628537 -91394.408
                   -11774.183  103162.28 -91394.444 -11774.123 103162.255 103493.907 -91807.959 -11697.992  -91949.05 -11697.513
                   103604.485  -194556.7 79620.3203 114936.379 115191.899 -195301.87 80109.9666 -195553.53 80251.5365 115301.998
                   -12.380888 29.9740382 -17.633798 6.59641849 6.94536587 6.61458745 6.69955599 2204.22657 1329.02019  .45078188
                   .307009274 .072940678
  16500      .165  .893753884 .147021579 .317427771 61.4437127 78.3641785 1.02897951 61.9025339 79.3259771 1.07814963 91333.7326
                   -103145.67 11819.3469  91333.697 -103145.69 11819.4067 12063.0029  91559.522 -103622.86 91674.0727 -103776.74
                   12098.5084 79514.2903 -194479.39 114965.101  115685.86 79496.5191 -195182.38 79575.5643 -195450.81 115875.249
                   29.8957168 -12.125246 -17.816503 6.71271577 7.23930266 6.90866617 6.81708812 2204.52329 1329.31787 .452458305
                   .308691572 .076318881
  17000       .17  .037311108 .496868307 .804087698 8.97240411   41.97119 89.8053648  9.1755511 42.2904596 90.7599203 34901.6549
                   75486.3125  -110418.9 34901.7116 75486.2679 -110418.91 -110899.64 35230.0516 75696.3633 35294.6104 75772.8313
                   -111004.19 145320.621 40584.5563 -185905.18 -186596.01 146129.696 40466.3117 146298.799  40478.221 -186777.02
                    -6.108282 -22.290543 28.3564401 7.04336961  7.3658802 7.15574378 7.15152777 2204.65141 1329.56708 .454590204
                    .31197127 .077646819
  17500      .175   .67990221 .679292764 .600873E-6 93.8621525 23.4981768 23.4293682  95.004051 23.9357402 23.5479698 -112885.35
                   56481.8607 56399.2077 -112885.35 56481.9128 56399.1555 56492.8062 -113423.52 56846.2377 -113569.93 57005.3667
                   56541.7241  -169284.5 169367.259 -82.757322 -353.43149 -169916.33 170269.758 -170111.66 170575.301 -463.64254
                   -26.074935 26.0632455 -.02451271 7.24146403 7.71653434 7.31130133 7.35122306 2205.00594 1329.72468 .457591371
                   .313109136 .080245516
  18000       .18  .494162422  .03952061 .811146334 8.94285159 89.8460548 42.0551996 8.89187079 90.6292489 42.7806026  34844.243
                   -110443.93 75561.7324 34844.1861 -110443.92 75561.7768 75986.6772 34816.1769 -110827.95 34744.7254 -110924.25
                   76210.6668 -40717.591 -145288.11 186005.698 186814.624   -41170.5 -145644.12 -41465.941 -145668.98 187134.917
                   22.2297644 6.28654192 -28.480631 7.43969975 7.87197135 7.66192214 7.55204046 2205.16272 1330.07895 .458730325
                   .316117433 .082836801
  18500      .185  .149288313 .890488716 .312002685 61.5225436 1.01938571 78.3702977 62.2667149 1.00258454 78.9981627 91392.2324
                   11764.2376 -103149.75 91392.2677 11764.1779 -103149.72   -103460. 91802.4317 11672.7031 91943.3428 11666.8285
                   -103562.09 194541.989  -79628.09  -114913.9  -115132.7 195262.427 -80129.729 195505.433 -80276.514 -115228.92
                   12.2183597 -29.841058 17.6635977 7.77026059 8.11920882 7.78843563 7.88578828 2205.41306 1330.20662 .462013227
                   .318242936 .084169708
  19000       .19  .893001868 .146819994  .31746374 61.4399919  78.385263 1.03216696 61.8917739 79.3963011 1.08937541 -91330.967
                   103159.546 -11837.639 -91330.932  103159.57 -11837.699  -12114.31 -91553.077 103660.549 -91666.105 103822.731
                   -12161.331 -79493.233 194490.501 -114997.27 -115774.86 -79438.768 195213.627 -79504.774 195488.836 -115984.06
                   -29.883137 12.1169301 17.8175122 7.88655669 8.41314473  8.0825073 8.00331568 2205.70978 1330.50428 .463688051
                   .319925575 .087547607
  19500      .195  .038369302 .493733987 .804925236  8.9730697 41.9796173 89.8203302 9.17873798 42.3192319 90.8087831 -34902.949
                    -75493.89 110428.097 -34903.006 -75493.846 110428.109 110924.725 -35234.114 -75717.158 -35300.739 -75798.603
                   111034.065 -145331.12  -40590.84 185921.955 186641.883 -146158.84 -40483.044  -146334.8 -40497.864 186832.668
                   6.19429585 22.2201257 -28.371204 8.21721076 8.53972508 8.32958915 8.33775621 2205.83791  1330.7535  .46582179
                   .323206585 .088875554
  20000       0.2  .675375045 .675719871 .125218E-5 93.8615097 23.4998016 23.4272822 95.0024468 23.9399395 23.5408673 112884.959
                   -56483.814 -56396.697 112884.959 -56483.866 -56396.645 -56486.123 113422.753 -56850.619 113568.975 -57010.367
                   -56533.197 169281.604 -169368.82 87.2207123 364.495883 169908.876 -170273.37 170102.172 -170579.34 477.170526
                   25.9879789 -25.994612 .035386115 8.41530552  8.8903754 8.48514492 8.53745254 2206.19242  1330.9111 .468822837
                   .324343577 .091474407
  20500      .205  .492959803 .039797465 .811050631 8.94215966 89.8562741 42.0630704 8.88943093 90.6626904 42.8091298 -34842.895
                   110450.215 -75568.803 -34842.838 110450.202 -75568.847 -76007.006 -34812.215 110844.541 -34739.958 110944.714
                   -76236.072 40726.0093  145293.04 -186019.05 -186851.55 41194.7904 145656.756 41496.1139 145684.672 -187180.79
                   -22.202698 -6.3085232 28.4789507 8.61354073 9.04581302  8.8357629 8.73826823  2206.3492 1331.26536 .469961341
                    .32735215 .094065552
  21000       .21  .148641261 .889278917 .312153874 61.5237336 1.02016787  78.378487 62.2707525 1.00522782 79.0255908 -91393.116
                    -11768.75 103155.135 -91393.152  -11768.69 103155.111 103474.246 -91805.445 -11684.811 -91946.324 -11682.198
                   103580.067 -194548.26 79624.4614 114923.801 115159.057 -195279.69 80120.6342 -195526.39 80264.1257 115262.265
                   -12.191852   29.82078 -17.667877 8.94410171 9.29305168 8.96227848 9.07201634 2206.59954 1331.39303 .473245133
                   .329478026 .095398545
  21500      .215  .890621491 .146043705 .317231909 61.4401049 78.3847584 1.03208043 61.8909733 79.3934323 1.08900186 91331.0512
                   -103159.21  11837.143 91331.0156 -103159.24 11837.2027 12112.3808 91552.8222 -103659.44 91665.5121 -103820.86
                   12159.2454 79493.8129 -194490.25  114996.44 115771.822 79440.4414 -195212.26 79506.2666 -195486.37   115980.1
                   29.8432822 -12.084854 -17.811005 9.06039792 9.58698607 9.25634886 9.18954419 2206.89626 1331.69069 .474919754
                   .331160174 .098776489
  22000       .22  .038114827 .494502666 .804777872  8.9733684 41.9817233 89.8243231 9.17945507 42.3270869 90.8243651 34903.5303
                    75495.784 -110430.55  34903.587 75495.7395 -110430.56 -110931.92 35235.5353 75722.9987  35302.118 75805.6372
                   -111043.59 145334.151 40592.1525  -185926.3 -186654.91 146167.452 40487.4634 146345.709 40503.5191 -186849.23
                   -6.1737207 -22.237416 28.3686071 9.39105171 9.71356722 9.50342997 9.52398384 2207.02439 1331.93991 .477053332
                   .334441345 .100104384
  22500      .225  .675147457 .675585562 .138243E-5  93.862189 23.4978308 23.4295563 95.0051328 23.9339037 23.5490923 -112885.37
                    56481.445 56399.4339 -112885.37  56481.497 56399.3819 56493.8424 -113423.93 56844.5857 -113570.58 57003.1797
                   56543.0718 -169284.75 169366.865 -82.115062 -350.74327 -169917.78 170268.521 -170113.65 170573.761  -460.1079
                     -25.9836 25.9920288 -.03718114 9.58914659  10.064218 9.65898681 9.72368049 2207.37891 1332.09751 .480054728
                   .335578382  .10270329
  23000       .23  .492227901 .039953671 .810797975 8.94230044 89.8547808 42.0625325 8.88971444 90.6589242 42.8047426 34843.1693
                    -110449.3 75568.3198 34843.1123 -110449.28 75568.3642 76004.3916 34813.0565 -110842.71 34740.5123 -110942.41
                   76232.1657 -40725.252  -145292.4 186017.649 186847.099 -41191.335 -145655.76 -41491.653 -145682.92 187174.575
                   22.1862097  6.3208916 -28.474514 9.78738179 10.2196551 10.0096042 9.92449629 2207.53569 1332.45177 .481193029
                   .338586716 .105294454
  23500      .235  .148928831 .889839487  .31204406 61.5238736 1.02025742 78.3797629 62.2714358 1.00548954 79.0305629 91393.2203
                   11769.2665 -103155.97 91393.2556 11769.2068 -103155.95 -103477.38 91805.0316 11686.4813 91946.8282 11683.7187
                   -103583.33 194549.206 -79624.049 -114925.16 -115163.86 195282.413  -80118.55 195530.154  -80263.11 -115267.04
                   12.2036401 -29.830177 17.6647689 10.1179426 10.4668943 10.1361197 10.2582439 2207.78603 1332.57944 .484476784
                   .340712683 .106627413
  24000       .24  .890698982  .14607432 .317261114 61.4403833 78.3831925 1.03185537 61.8927247 79.3895368 1.08816012 -91331.258
                   103158.183 -11835.852 -91331.222 103158.207 -11835.912   -12108.9 -91553.672 103656.872 -91666.809 103818.308
                   -12154.545 -79495.311  194489.43 -114994.12 -115765.77 -79444.772 195210.544 -79512.264 195485.117 -115972.85
                    -29.84458  12.086121 17.8118251 10.2342389 10.7608287 10.4301906 10.3757721 2208.08274  1332.8771 .486151512
                   .342394816 .110005392
  24500      .245  .038041565 .494690625 .804653926 8.97321658 41.9814827 89.8237408 9.17926148 42.3253518 90.8200469 -34903.235
                   -75495.568 110430.193 -34903.292 -75495.523 110430.206  110930.43 -35234.814 -75721.605 -35301.746 -75804.083
                   111040.951  -145333.5 -40592.231 185925.729 186652.036 -146165.24 -40486.791  -146342.7 -40502.338 186845.035
                   6.16778444 22.2416417 -28.366423 10.5648927 10.8874097 10.6772714 10.7102116 2208.21088 1333.12632 .488284961
                   .345675906 .111333286
  25000       .25  .675461114  .67577335 .121701E-5 93.8622602 23.4978758 23.4297565 95.0048661 23.9335749 23.5494608  112885.41
                   -56481.499 -56399.675  112885.41 -56481.551 -56399.623 -56494.517 113423.869 -56844.401 113570.421 -57002.788
                   -56543.514 169285.033 -169366.96 81.9282285  349.88399 169918.386 -170268.27 170113.936 -170573.21 459.273942
                   25.9896347 -25.995641   .0348856 10.7629875 11.2380607 10.8328284 10.9099081 2208.56539 1333.28391 .491286363
                   .346812992 .113932171
  25500      .255  .492324266 .039944257 .810908942 8.94229801 89.8544045 42.0614473 8.88991728 90.6563302 42.8034125 -34843.165
                   110449.066 -75567.345 -34843.108 110449.053 -75567.389 -76002.908 -34812.982 110841.319 -34740.909 110940.822
                   -76230.981 40724.2817 145292.161 -186016.44 -186844.23 41189.9262 145654.301 41490.0726 145681.731  -187171.8
                   -22.188381 -6.3201469 28.4764629 10.9612228 11.3934978  11.183446 11.1107241 2208.72217 1333.63817   .4924247
                   .349821307 .116523346
  26000       .26  .148987799  .88993646 .312069984 61.5237953 1.02022413 78.3791572 62.2709163 1.00539445 79.0277532 -91393.162
                   -11769.074 103155.576 -91393.197 -11769.015 103155.552 103475.441 -91805.516 -11685.593 -91946.445 -11683.166
                   103581.484 -194548.75 79624.1827 114924.567 115161.034 -195280.96  80119.923 -195527.93 80263.2784  115264.65
                   -12.206056 29.8318028 -17.665503 11.2917836 11.6407369 11.3099614 11.4444717 2208.97251 1333.76585 .495708386
                   .351947258 .117856305
  26500      .265  .890881075  .14612412 .317255699 61.4403997 78.3832582 1.03186221 61.8920415  79.388406  1.0882493 91331.2703
                   -103158.23 11835.8915 91331.2347 -103158.25 11835.9512 12108.9534 91553.4311 -103656.74 91666.3031 -103817.57
                   12155.0433 79495.2835 -194489.49 114994.202 115765.694 79444.4777 -195210.17 79511.2598 -195483.87 115972.612
                    29.847631 -12.088181 -17.811673 11.4080799 11.9346715 11.6040324 11.5619998 2209.26923  1334.0635 .497383133
                    .35362942 .121234266
  27000       .27  .038058861 .494654418   .8047371 8.97328804 41.9809359 89.8228935 9.17916965 42.3244315 90.8193915  34903.374
                    75495.076 -110429.67 34903.4307 75495.0315 -110429.68 -110929.46 35235.1032  75721.035 35301.5692 75803.2592
                   -111040.55 145333.116 40591.6008 -185924.72  -186650.5 146164.566 40485.9318  146342.12   40501.69 -186843.81
                   -6.1691865 -22.240828 28.3678885 11.7387337 12.0612523 11.8511132 11.8964395 2209.39736 1334.31272 .499516592
                   .356910481 .122562164
  27500      .275  .675491044 .675854112 .130492E-5 93.8621883 23.4978795 23.4295041 95.0051704 23.9340566 23.5488281 -112885.37
                   56481.5035 56399.3711 -112885.37 56481.5555 56399.3191 56493.6076 -113423.94 56844.7495  -113570.6 57003.3618
                   56542.7546 -169284.69 169366.923 -82.236424 -351.14187 -169917.55 170268.692 -170113.36 170573.965 -460.60715
                   -25.990211 25.9971943 -.03612372 11.9368285 12.4119034 12.0066701  12.096136 2209.75188 1334.47032 .502517964
                   .358047576 .125161054
  28000       .28  .492374553   .0399191 .810829225 8.94234223 89.8541833 42.0620166 8.88985862 90.6569437 42.8030072 34843.2507
                   -110448.93 75567.8563 34843.1937 -110448.92 75567.9007 76003.1283 34813.2722 -110841.71  34740.794  -110941.2
                   76230.6203 -40724.707 -145292.11 186016.818 186844.842 -41189.856 -145654.99 -41489.826 -145681.99 187171.818
                   22.1895145 6.31815636 -28.475063 12.1350638 12.5673405 12.3572877 12.2969519 2209.90866 1334.82458 .503656315
                    .36105591 .127752226
  28500      .285  .148949871 .889877644 .312039061 61.5237769 1.02019334 78.3790622 62.2711411 1.00528272  79.028112 91393.1485
                   11768.8968 -103155.51 91393.1838 11768.8372 -103155.49 -103476.08  91804.858 11685.4854 91946.6106  11682.517
                   -103581.72 194548.673 -79624.347 -114924.33 -115161.57 195280.938 -80119.373  195528.33 -80264.094 -115264.24
                    12.204502 -29.830817 17.6646274 12.4656246 12.8145795 12.4838031 12.6306996   2210.159 1334.95226 .506940008
                   .363181842 .129085181
  29000       .29  .890861586 .146128051 .317276944 61.4403532  78.383374 1.03188031 61.8926279 79.3901513 1.08825372 -91331.236
                   103158.303 -11835.995   -91331.2 103158.327 -11836.055 -12109.318 -91553.613 103657.206 -91666.737  103818.71
                   -12155.068 -79495.145 194489.527 -114994.38 -115766.52 -79444.295 195210.818 -79511.669 195485.447 -115973.78
                   -29.847304 12.0883436 17.8122695 12.5819209 13.1085141 12.7778741 12.7482277 2210.45572 1335.24991 .508614742
                   .364864011 .132463155
  29500      .295  .038066281 .494618845 .804671348  8.9732066 41.9813588 89.8235104 9.17923287 42.3249631 90.8192679 -34903.216
                   -75495.456 110430.052 -34903.272 -75495.412 110430.064 110930.041 -35234.772 -75721.317 -35301.691 -75803.735
                   111040.475 -145333.34 -40592.139 185925.476 186651.358 -146164.81 -40486.545 -146342.17 -40502.045  186844.21
                   6.16978769  22.240028  -28.36673 12.9125747  13.235095  13.024955 13.0826673 2210.58385 1335.49913 .510748212
                   .368145096 .133791053
  % % % % % %   Final time step,  PLTFIL  dumps plot data to ".PL4" disk file.
  Done dumping plot points to C-like disk file.
  30000       0.3  .675449854 .675765875 .121915E-5 93.8622058  23.498019 23.4295795 95.0046789 23.9340528 23.5488522 112885.378
                   -56481.671 -56399.462 112885.378 -56481.723  -56399.41 -56493.924 113423.781 -56844.869  113570.31 -57003.357
                   -56542.784 169284.788  -169367.1 82.3133001 350.945693 169917.704 -170268.65 170113.093 -170573.67  460.57372
                   25.9894181 -25.995497 .034916282 13.1106695  13.585746 13.1805119 13.2823638 2210.93836 1335.65673 .513749589
                   .369282174 .136389935

Extrema of output variables follow.   Order and column positioning are the same as for the preceding time-step loop output.
Variable maxima :  90.5460579 65.5773444  6.5687082  106.55894 2773.36048 1830.19056 599.735808 .1362081E8 .8037317E7 117211.099
                    168629.47  136635.11 117211.083 168629.265 136635.276 173783.214 118551.328 205640.158 120886.028 199953.787
                   188314.606 217495.928  214235.49 238981.187 304623.342 248971.895 245547.566 256007.241 263850.792 328684.137
                   257.105455 225.649725 79.7320699 13.1106695  13.585746 13.1805119 13.2823638 2210.93836 1335.65673 .513749589
                   .369282174 .136389935
Times of maxima :      .02297     .02101       .029     .02452     .02116     .02115     .02464     .02139     .02138     .03344
                       .02116     .02748     .03344     .02116     .02748     .02735     .03355     .02126     .03372     .02139
                       .02741     .03487     .02396      .0287      .0287     .03488     .02253     .03496     .02392     .02881
                       .02362     .02427     .02165        0.3        0.3        0.3        0.3        0.3        0.3        0.3
                          0.3        0.3
Variable minima :         0.0        0.0        0.0        0.0        0.0        0.0        0.0        0.0        0.0 -120278.31
                   -131643.45 -158244.44 -120278.29 -131643.33 -158244.27 -199688.12 -127633.59 -160152.87 -142585.66 -181379.67
                   -197395.28 -228727.75 -206475.24 -326142.78 -401822.13 -279072.26 -224037.99 -303846.51 -240984.25  -397117.6
                   -300.90872 -256.08074 -81.047568        0.0        0.0        0.0        0.0        0.0        0.0        0.0
                          0.0        0.0
Times of minima :       .1E-4      .1E-4      .1E-4        0.0        0.0        0.0        0.0        0.0        0.0     .02452
                       .03001     .02115     .02452     .03001     .02115     .02123     .02578      .0301     .02464     .03015
                       .02138     .02614     .03169     .02116     .02125     .02603      .0316     .02597     .03148     .02139
                       .02297     .02101       .029        0.0        0.0        0.0        0.0        0.0        0.0        0.0
                          0.0        0.0

Blank card terminating all plot cards.            |BLANK PLOT

Memory storage figures for the preceding, now-completed data case.  -------------------------------  Present   Program
A value of  "-9999"  indicates that no figure is available.         03-Sep-26  15.07.27              figure     limit  (name)
     Size List 1.   Number of electric network nodes.                                                   94      100K  (LBUS)
     Size List 2.   Number of electric network branches.                                               141      120K  (LBRNCH)
     Size List 3.   Number of data values in R, L, C tables.                                           130      500K  (LDATA)
     Size List 4.   Number of electric network sources.                                                  6     20000  (LEXCT)
     Size List 5.   Storage for [Y] & triangularized [Y].  No. times = 1372   Factors = 594            987     2000K  (LYMAT)
     Size List 6.   Number of entries in switch table.                  No. flops = 12                  12      5000  (LSWTCH)
     Size List 7.   Number of distinct ALPHANUMERIC data names plus program SPY variables.             174      200K  (LSIZE7)
     Size List 8.   History points of distributed lines.                                               112     2000K  (LPAST)
     Size List 9.   Number of nonlinear elements.                                                       18     10000  (LNONL)
     Size List 10.  Points of nonlinear characteristics.                                                48     16000  (LCHAR)
     Size List 11.  Number of Type-59 S.M. outputs.                                                      0      3000  (LSMOUT)
     Size List 12.  Total number of EMTP output variables.                                              42     12000  (LSIZ12)
     Size List 13.  Working space for batch/SPY plotting.                                            -9999     1000K  (LSIZ13)
     Size List 14.  S.M./U.M. connections to TACS.                                                   -9999      2000  (LBSTAC)
     Size List 15.  Character storage in bytes for MODELS.                                           -9999     2000K  (LCTACS)
     Size List 16.  Total number of Type-59 S.M. masses.                                                 0      3200  (LIMASS)
     Size List 17.  Number of Type-59 Synchronous machines.                                              0       360  (LSYN)
     Size List 18.  Branch and switch power/energy outputs.                                              9      1016  (MAXPE)
     Size List 19.  Total floating-point TACS table space.                                              23     2000K  (LTACST)
     Size List 20.  Non-copied recursive convolution data plus SEEK of MODELS.                           0     2000K  (LFSEM)
     Size List 21.  Total modal/phase [T] matrix storage.                                               36     12000  (LFD)
     Size List 22.  Total recursive convolution history.                                                 0     1000K  (LHIST)
     Size List 23.  Giant vectors for renumbering, phasors;  also extrema accumulation.                397     2000K  (LSIZ23)
     Size List 24.  Peak phases of compensation for data.                                                3        36  (LCOMP)
     Size List 25.  Total table space for all U.M usage.                                             -9999      240K  (LSPCUM)
     Size List 26.  Square of max number of coupled phases.                                              9     2000K  (LSIZ26)
     Size List 27.  Maximum number of MODELS top variables.                                          -9999      100K  (LSIZ27)
     Size List 28.  MODELS.  Total work space is divided into INTEGER and REAL.  1st, REAL:          -9999     2000K  (LRTACS)
                             Second  and last,  statistics for INTEGER work space.                       0         0  (LITACS)
     Size List 29.  RAM disk used by "TAPSAV" table saving (limit is "LABCOM" size LTLABL).          -9999  84700944  (LSIZ29)
     Size List 30.  ULM line or Noda line or User line circuits.                                           0        39  (LSIZ30)
Timing figures characterizing central processor (CP) solution speed.  ----------------------------   CP sec  Wait sec  Real sec
     Data input time (through blank card ending branches) ....                                       0.000     0.000     0.000
     Node renumbering and phasor solution  ....                                                      0.020     0.000     0.020
     After phasor solution, but before time-step loop  ....                                          0.000     0.000     0.000
     Integration of equations (time-step loop)  ....                                                 0.230     0.000     0.230
     Plotting or STATISTICS termination overlays ....                                                0.000     0.000     0.000
                                                                                                    ---------------------------
                                                                                          Totals      0.250     0.000     0.250

