   ---   305   cards of disk file read into card cache cells  1   onward.
Alternative Transients Program (ATP),  Intel Visual Fortran.    All rights reserved by Can/Am user group of Portland, Oregon, USA.
 Date (dd-mth-yy) and time of day (hh.mm.ss) = 03-Sep-26  15.07.16    Name of disk plot file is  shot0009.pl4
Consult the 860-page ATP Rule Book of the Can/Am EMTP User Group in Portland,  Oregon, USA.  Source code date is 19 June 2017.
Total size of LABCOM tables = 80605677 INTEGER words.  31 VARDIM  List Sizes follow:  100K  120K  500K  20K  2000K  5K  200K
 2000K  10K  16K  3K  12K 1000K  2K 2000K  3200  360  1016 2000K 2000K  12K 1000K 2000K  36  240K 2000K  100K 2000K84700K  39  100K
--------------------------------------------------+--------------------------------------------------------------------------------
Descriptive interpretation of input data cards.   |  Input data card images are shown below, all 80 columns, character by character
                                                  0         1         2         3         4         5         6         7         8
                                                  012345678901234567890123456789012345678901234567890123456789012345678901234567890
--------------------------------------------------+--------------------------------------------------------------------------------
Comment card.   Card index = 1.                   |C data:shot0009.dat
Comment card.   Card index = 2.                   |C data:case.atp
Marker card preceding new EMTP data case.         |BEGIN NEW DATA CASE
Comment card.   Card index = 4.                   |C ------------------------------------------------------------------------------
Comment card.   Card index = 5.                   |C Generated by ATPDraw September, 3, 2026
Comment card.   Card index = 6.                   |C from project /tmp/tmp68uac36b/case.xml
Comment card.   Card index = 7.                   |C ATPDraw developed by H. K. Høidalen at NTNU - NORWAY 1999-2022
Comment card.   Card index = 8.                   |C ------------------------------------------------------------------------------
Use  SPY  DEPOSIT  on following variable.         |$DEPOSIT, SIGMAX=3.0
Comment card.   Card index = 10.                  |C $DUMMY, XYZ000
Comment card.   Card index = 11.                  |C  dT  >< Tmax >< Xopt >< Copt ><Epsiln>
Misc. data.     1.000E-05   3.000E-01   6.000E+01 |   1.E-5      .3     60.     60.  1.E-16
Misc. data.    500    1  1  1  1  0  0  1  0  0   |     500       1       1       1       1       0               1
Comment card.   Card index = 14.                  |C        1         2         3         4         5         6         7         8
Comment card.   Card index = 15.                  |C 345678901234567890123456789012345678901234567890123456789012345678901234567890
Comment card.   Card index = 16.                  |C < n1 >< n2 ><ref1><ref2>< R  >< L  >< C  >
Comment card.   Card index = 17.                  |C < n1 >< n2 ><ref1><ref2>< R  >< A  >< B  ><Leng><><>0
Comment card.   Card index = 18.                  |C bar from: 390 - bar to: 391 - fictional: 1505 1505 - SGOTA3-MG000
Sat. Xformer.    2.456E-02  2.878E+01  0.000E+00  |  TRANSFORMER             .0245628.784X0001A                                   0
    Breakpoint.      2.45605E-02    2.87840E+01   |     0.024560452        28.78395
    Breakpoint.      9.03510E-01    1.08293E+03   |     0.903510298      1082.93048
    Breakpoint.      1.66111E+00    1.13708E+03   |      1.66111143        1137.077
    Breakpoint.      3.75350E+00    1.19122E+03   |      3.75349629      1191.22352
    Breakpoint.      7.42970E+00    1.23454E+03   |      7.42970164      1234.54074
    Breakpoint.      1.75927E+01    1.28869E+03   |      17.5926808      1288.68727
    Breakpoint.      2.79951E+01    1.30601E+03   |      27.9951131      1306.01415
    Breakpoint.      8.30078E+02    1.55942E+03   |       830.07831      1559.41988
Special termination-of-points card.               |            9999
  Winding 1.   1.7190E+00  1.8237E-01  2.8868E+02 | 1390A                     1.719 68.75288.68
  Winding 2.   1.8700E-01 -1.9892E-02  1.9919E+02 | 2391A                      .187-7.499199.19
  Winding 3.   3.2000E-02  1.1247E-03  1.3800E+01 | 3395A  395B                .032  .424  13.8
Transformer copy using reference name  "X0001A"   |  TRANSFORMER X0001A                  X0001B                                   0
  Winding 1.   (No values read, since copy)       | 1390B
  Winding 2.   (No values read, since copy)       | 2391B
  Winding 3.   (No values read, since copy)       | 3395B  395C
Transformer copy using reference name  "X0001A"   |  TRANSFORMER X0001A                  X0001C                                   0
  Winding 1.   (No values read, since copy)       | 1390C
  Winding 2.   (No values read, since copy)       | 2391C
  Winding 3.   (No values read, since copy)       | 3395C  395A
Series R-L-C.   1.000E+06  0.000E+00  0.000E+00   |  395A                      1.E6                                               0
Series R-L-C.   1.000E+06  0.000E+00  0.000E+00   |  395B                      1.E6                                               0
Series R-L-C.   1.000E+06  0.000E+00  0.000E+00   |  395C                      1.E6                                               0
Comment card.   Card index = 43.                  |C bar from: 390 - bar to: 391 - fictional: 393 393 - SGOTA4-MG000
Sat. Xformer.    2.456E-02  2.878E+01  0.000E+00  |  TRANSFORMER             .0245628.784X0002A                                   0
    Breakpoint.      2.45605E-02    2.87840E+01   |     0.024560452        28.78395
    Breakpoint.      9.03510E-01    1.08293E+03   |     0.903510298      1082.93048
    Breakpoint.      1.66111E+00    1.13708E+03   |      1.66111143        1137.077
    Breakpoint.      3.75350E+00    1.19122E+03   |      3.75349629      1191.22352
    Breakpoint.      7.42970E+00    1.23454E+03   |      7.42970164      1234.54074
    Breakpoint.      1.75927E+01    1.28869E+03   |      17.5926808      1288.68727
    Breakpoint.      2.79951E+01    1.30601E+03   |      27.9951131      1306.01415
    Breakpoint.      8.30078E+02    1.55942E+03   |       830.07831      1559.41988
Special termination-of-points card.               |            9999
  Winding 1.   1.5120E+00  1.6048E-01  2.8868E+02 | 1390A                     1.512  60.5288.68
  Winding 2.   5.4000E-02 -5.6818E-03  1.9919E+02 | 2391A                      .054-2.142199.19
  Winding 3.   3.2000E-02  1.1194E-03  1.3800E+01 | 3397A  397B                .032  .422  13.8
Transformer copy using reference name  "X0002A"   |  TRANSFORMER X0002A                  X0002B                                   0
  Winding 1.   (No values read, since copy)       | 1390B
  Winding 2.   (No values read, since copy)       | 2391B
  Winding 3.   (No values read, since copy)       | 3397B  397C
Transformer copy using reference name  "X0002A"   |  TRANSFORMER X0002A                  X0002C                                   0
  Winding 1.   (No values read, since copy)       | 1390C
  Winding 2.   (No values read, since copy)       | 2391C
  Winding 3.   (No values read, since copy)       | 3397C  397A
Series R-L-C.   1.000E+06  0.000E+00  0.000E+00   |  397A                      1.E6                                               0
Series R-L-C.   1.000E+06  0.000E+00  0.000E+00   |  397B                      1.E6                                               0
Series R-L-C.   1.000E+06  0.000E+00  0.000E+00   |  397C                      1.E6                                               0
Series R-L-C.   1.000E+06  0.000E+00  0.000E+00   |  42077A                    1.E6                                               0
Series R-L-C.   1.000E+06  0.000E+00  0.000E+00   |  42077B                    1.E6                                               0
Series R-L-C.   1.000E+06  0.000E+00  0.000E+00   |  42077C                    1.E6                                               0
Comment card.   Card index = 71.                  |C 42077 - SGOTA6-MG013
1st of coupled R-L.   1.13780E+01  1.41787E-01    |51X0003AX0008A            11.378     53.4525
2nd coil. 1.373E+00 5.617E-02 0.000E+00 0.000E+00 |52X0003BX0008B            1.3727     21.1765
Zca, Zcc= 3.335E+00 2.854E-02 4.708E+00 8.471E-02 |53X0003CX0008C
1st of coupled R-L.   3.17140E+01  3.38011E-01    |51X0004AX0007A            31.714 127.4272128
2nd coil. 1.489E+01 1.352E-01 0.000E+00 0.000E+00 |52X0004BX0007B             14.89  50.9674572
Zca, Zcc= 5.608E+00 6.761E-02 2.050E+01 2.028E-01 |53X0004CX0007C
1st of coupled R-L.   3.90950E+02  1.44245E+00    |51X0006AX0005A            390.95 543.7895175
2nd coil. 8.644E+00 2.480E-01 0.000E+00 0.000E+00 |52X0006BX0005B            8.6441  93.4941375
Zca, Zcc= 1.274E+02 3.981E-01 1.361E+02 6.461E-01 |53X0006CX0005C
Comment card.   Card index = 81.                  |C < n1 >< n2 ><ref1><ref2>< R  >< L  >< C  >
Comment card.   Card index = 82.                  |C < n1 >< n2 ><ref1><ref2>< R  >< A  >< B  ><Leng><><>0
Comment card.   Card index = 83.                  |C < n1 >< n2 ><ref1><ref2>< R  >< L  >< C  >
Comment card.   Card index = 84.                  |C < n1 >< n2 ><ref1><ref2>< R  >< A  >< B  ><Leng><><>0
1st of coupled R-L.   3.69000E+07  8.17724E+04    |51391A  E001A             3.69E7   30827475.
2nd coil. 2.160E+04 1.538E+02 0.000E+00 0.000E+00 |52391B  E001B             21598.   57981.719
Zca, Zcc= 1.229E+07 2.721E+04 1.231E+07 2.736E+04 |53391C  E001C
Sat. Xformer.    0.000E+00  0.000E+00  1.000E+06  |  TRANSFORMER                         ST001A  1.E6                             0
Special termination-of-points card.               |            9999
  Winding 1.   1.0000E-04  2.6526E-07  1.9919E+02 | 1E001A                    .0001 .0001199.19
  Winding 2.   1.0000E-04  2.6526E-07  7.9674E+01 | 29049A                    .0001 .000179.674
Transformer copy using reference name  "ST001A"   |  TRANSFORMER ST001A                  ST001B                                   0
  Winding 1.   (No values read, since copy)       | 1E001B
  Winding 2.   (No values read, since copy)       | 29049B
Transformer copy using reference name  "ST001A"   |  TRANSFORMER ST001A                  ST001C                                   0
  Winding 1.   (No values read, since copy)       | 1E001C
  Winding 2.   (No values read, since copy)       | 29049C
1st of coupled R-L.   1.58000E+05  4.43667E+02    |51390A  E002A             1.58E5    167258.5
2nd coil. 1.673E+02 3.619E+00 0.000E+00 0.000E+00 |52390B  E002B             167.31    1364.325
Zca, Zcc= 5.261E+04 1.467E+02 5.278E+04 1.503E+02 |53390C  E002C
Sat. Xformer.    0.000E+00  0.000E+00  1.000E+06  |  TRANSFORMER                         ST002A  1.E6                             0
Special termination-of-points card.               |            9999
  Winding 1.   1.0000E-04  2.6526E-07  2.8868E+02 | 1E002A                    .0001 .0001288.68
  Winding 2.   1.0000E-04  2.6526E-07  1.9919E+02 | 2391A                     .0001 .0001199.19
Transformer copy using reference name  "ST002A"   |  TRANSFORMER ST002A                  ST002B                                   0
  Winding 1.   (No values read, since copy)       | 1E002B
  Winding 2.   (No values read, since copy)       | 2391B
Transformer copy using reference name  "ST002A"   |  TRANSFORMER ST002A                  ST002C                                   0
  Winding 1.   (No values read, since copy)       | 1E002C
  Winding 2.   (No values read, since copy)       | 2391C
1st of coupled R-L.   6.29570E+04  3.30096E+02    |51390A  E003A             62957.   124443.25
2nd coil. 1.236E+03 1.123E+01 0.000E+00 0.000E+00 |52390B  E003B             1235.6     4232.25
Zca, Zcc= 2.057E+04 1.063E+02 2.181E+04 1.175E+02 |53390C  E003C
Sat. Xformer.    0.000E+00  0.000E+00  1.000E+06  |  TRANSFORMER                         ST003A  1.E6                             0
Special termination-of-points card.               |            9999
  Winding 1.   1.0000E-04  2.6526E-07  2.8868E+02 | 1E003A                    .0001 .0001288.68
  Winding 2.   1.0000E-04  2.6526E-07  7.9674E+01 | 29049A                    .0001 .000179.674
Transformer copy using reference name  "ST003A"   |  TRANSFORMER ST003A                  ST003B                                   0
  Winding 1.   (No values read, since copy)       | 1E003B
  Winding 2.   (No values read, since copy)       | 29049B
Transformer copy using reference name  "ST003A"   |  TRANSFORMER ST003A                  ST003C                                   0
  Winding 1.   (No values read, since copy)       | 1E003C
  Winding 2.   (No values read, since copy)       | 29049C
Series R-L-C.   2.000E+02  0.000E+00  0.000E+00   |  T_MANCXX0012              200.                                               0
Series R-L-C.   2.000E+02  0.000E+00  0.000E+00   |  RPI_C MEASUC              200.                                               4
Series R-L-C.   2.000E+02  0.000E+00  0.000E+00   |  T_MANBXX0013              200.                                               0
Series R-L-C.   2.000E+02  0.000E+00  0.000E+00   |  RPI_B MEASUB              200.                                               4
Series R-L-C.   2.000E+02  0.000E+00  0.000E+00   |  T_MANAXX0014              200.                                               0
Series R-L-C.   2.000E+02  0.000E+00  0.000E+00   |  RPI_A MEASUA              200.                                               4
Series R-L-C.   1.000E-03  0.000E+00  0.000E+00   |  T_MANAPRMANA              .001                                               0
Series R-L-C.   1.000E-03  0.000E+00  0.000E+00   |  T_MANBPRMANB              .001                                               0
Series R-L-C.   1.000E-03  0.000E+00  0.000E+00   |  T_MANCPRMANC              .001                                               0
Series R-L-C.   1.000E-03  0.000E+00  0.000E+00   |  T_OPOAPROPOA              .001                                               0
Series R-L-C.   1.000E-03  0.000E+00  0.000E+00   |  T_OPOBPROPOB              .001                                               0
Series R-L-C.   1.000E-03  0.000E+00  0.000E+00   |  T_OPOCPROPOC              .001                                               0
Comment card.   Card index = 136.                 |C 145 kV, Ur=120, MCOV = 96.kV Classe 3: 8kJ/kVr
Type-92 R(i)   0.0000E+00  0.0000E+00  4.4440E+03 |92      PRMANA                         4444.                                   4
Piecewise-lin.   0.000E+00  1.000E+19  0.000E+00  |                                               -1.
    Breakpoint.      1.00000E-03    1.35764E+05   |                    0.001                  135764.
    Breakpoint.      2.00000E-02    1.76190E+05   |                     0.02                  176190.
    Breakpoint.      2.00000E+00    1.85000E+05   |                       2.                   1.85E5
    Breakpoint.      2.00000E+01    1.95461E+05   |                      20.                  195461.
    Breakpoint.      2.50000E+02    2.16935E+05   |                     250.                  216935.
    Breakpoint.      5.00000E+02    2.26000E+05   |                     500.                   2.26E5
    Breakpoint.      1.00000E+03    2.31000E+05   |                     1.E3                   2.31E5
    Breakpoint.      2.00000E+03    2.43000E+05   |                     2.E3                   2.43E5
Special termination-of-points card.               |            9999
Reference branch.   Copy  (      , PRMANA )       |92      PRMANB      PRMANA             4444.                                   4
Reference branch.   Copy  (      , PRMANA )       |92      PRMANC      PRMANA             4444.                                   4
Comment card.   Card index = 150.                 |C 145 kV, Ur=120, MCOV = 96.kV Classe 3: 8kJ/kVr
Type-92 R(i)   0.0000E+00  0.0000E+00  4.4440E+03 |92      PROPOA                         4444.                                   4
Piecewise-lin.   0.000E+00  1.000E+19  0.000E+00  |                                               -1.
    Breakpoint.      1.00000E-03    1.35764E+05   |                    0.001                  135764.
    Breakpoint.      2.00000E-02    1.76190E+05   |                     0.02                  176190.
    Breakpoint.      2.00000E+00    1.85000E+05   |                       2.                   1.85E5
    Breakpoint.      2.00000E+01    1.95461E+05   |                      20.                  195461.
    Breakpoint.      2.50000E+02    2.16935E+05   |                     250.                  216935.
    Breakpoint.      5.00000E+02    2.26000E+05   |                     500.                   2.26E5
    Breakpoint.      1.00000E+03    2.31000E+05   |                     1.E3                   2.31E5
    Breakpoint.      2.00000E+03    2.43000E+05   |                     2.E3                   2.43E5
Special termination-of-points card.               |            9999
Reference branch.   Copy  (      , PROPOA )       |92      PROPOB      PROPOA             4444.                                   4
Reference branch.   Copy  (      , PROPOA )       |92      PROPOC      PROPOA             4444.                                   4
Comment card.   Card index = 164.                 |C 1/6
Comment card.   Card index = 165.                 |C  <++++++>  Cards punched by support routine on  03-Sep-26  16.22.56  <++++++>
Comment card.   Card index = 166.                 |C    **** UNTRANSPOSED K.C. Lee line calculated at   6.000E+01 HZ. ****
Comment card.   Card index = 167.                 |C LINE CONSTANTS
Comment card.   Card index = 168.                 |C $ERASE
Comment card.   Card index = 169.                 |C BRANCH  IN_001OUT001IN_002OUT002IN_003OUT003
Comment card.   Card index = 170.                 |C METRIC
Comment card.   Card index = 171.                 |C   1   .5   .1899 4           1.828    -3.2   22.04      7.     0.0   0.0
Comment card.   Card index = 172.                 |C   2   .5   .1899 4           1.828     3.2    23.9    8.86     0.0   0.0
Comment card.   Card index = 173.                 |C   3   .5   .1899 4           1.828    -3.2   25.76   10.72     0.0   0.0
Comment card.   Card index = 174.                 |C   0.2742    .667 4            1.24     0.0   29.44    18.6     0.0   0.0
Comment card.   Card index = 175.                 |C BLANK CARD ENDING CONDUCTOR CARDS
Comment card.   Card index = 176.                 |C     1.E3       60.                              13.3                 1
Comment card.   Card index = 177.                 |C    The transformation matrix was calculated at  6.00000000E+01 Hz.
New MOLDAT = 1     (data vintage).                |$VINTAGE, 1
 5.284E-01 8.593E+02 2.210E+05 8.593E+02 6.017E-05|-1T_MANAX0009A             5.28357E-01 8.59331E+02 2.21024E+05-1.33000E+01 1  3
 1.912E-01 3.671E+02 2.934E+05 3.671E+02 4.533E-05|-2T_MANBX0009B             1.91185E-01 3.67062E+02 2.93377E+05-1.33000E+01 1  3
 1.906E-01 4.134E+02 2.936E+05 4.134E+02 4.529E-05|-3T_MANCX0009C             1.90555E-01 4.13371E+02 2.93650E+05-1.33000E+01 1  3
New MOLDAT = 0     (data vintage).                |$VINTAGE, 0
TR(1,1 )...  0.594-0.699 0.402                    |  0.59364229 -0.69928374  0.40193149
TI(1,1 )...  0.000 0.000 0.000                    |  0.00000000  0.00000000  0.00000000
TR(2,1 )...  0.611 0.022-0.814                    |  0.61125068  0.02235166 -0.81448972
TI(2,1 )...  0.000 0.000 0.000                    |  0.00000000  0.00000000  0.00000000
TR(3,1 )...  0.523 0.714 0.418                    |  0.52341326  0.71449469  0.41839881
TI(3,1 )...  0.000 0.000 0.000                    |  0.00000000  0.00000000  0.00000000
Comment card.   Card index = 189.                 |C 1/6
Comment card.   Card index = 190.                 |C  <++++++>  Cards punched by support routine on  03-Sep-26  16.22.56  <++++++>
Comment card.   Card index = 191.                 |C    **** UNTRANSPOSED K.C. Lee line calculated at   6.000E+01 HZ. ****
Comment card.   Card index = 192.                 |C LINE CONSTANTS
Comment card.   Card index = 193.                 |C $ERASE
Comment card.   Card index = 194.                 |C BRANCH  IN_001OUT001IN_002OUT002IN_003OUT003
Comment card.   Card index = 195.                 |C METRIC
Comment card.   Card index = 196.                 |C   1   .5   .1899 4           1.828    -3.2   22.04      7.     0.0   0.0
Comment card.   Card index = 197.                 |C   2   .5   .1899 4           1.828     3.2    23.9    8.86     0.0   0.0
Comment card.   Card index = 198.                 |C   3   .5   .1899 4           1.828    -3.2   25.76   10.72     0.0   0.0
Comment card.   Card index = 199.                 |C   0.2742    .667 4            1.24     0.0   29.44    18.6     0.0   0.0
Comment card.   Card index = 200.                 |C BLANK CARD ENDING CONDUCTOR CARDS
Comment card.   Card index = 201.                 |C     1.E3       60.                              13.3                 1
Comment card.   Card index = 202.                 |C    The transformation matrix was calculated at  6.00000000E+01 Hz.
New MOLDAT = 1     (data vintage).                |$VINTAGE, 1
 5.284E-01 8.593E+02 2.210E+05 8.593E+02 6.017E-05|-1X0010AT_OPOA             5.28357E-01 8.59331E+02 2.21024E+05-1.33000E+01 1  3
 1.912E-01 3.671E+02 2.934E+05 3.671E+02 4.533E-05|-2X0010BT_OPOB             1.91185E-01 3.67062E+02 2.93377E+05-1.33000E+01 1  3
 1.906E-01 4.134E+02 2.936E+05 4.134E+02 4.529E-05|-3X0010CT_OPOC             1.90555E-01 4.13371E+02 2.93650E+05-1.33000E+01 1  3
New MOLDAT = 0     (data vintage).                |$VINTAGE, 0
TR(1,1 )...  0.594-0.699 0.402                    |  0.59364229 -0.69928374  0.40193149
TI(1,1 )...  0.000 0.000 0.000                    |  0.00000000  0.00000000  0.00000000
TR(2,1 )...  0.611 0.022-0.814                    |  0.61125068  0.02235166 -0.81448972
TI(2,1 )...  0.000 0.000 0.000                    |  0.00000000  0.00000000  0.00000000
TR(3,1 )...  0.523 0.714 0.418                    |  0.52341326  0.71449469  0.41839881
TI(3,1 )...  0.000 0.000 0.000                    |  0.00000000  0.00000000  0.00000000
Comment card.   Card index = 214.                 |C 1/3
Comment card.   Card index = 215.                 |C  <++++++>  Cards punched by support routine on  03-Sep-26  16.22.57  <++++++>
Comment card.   Card index = 216.                 |C    **** UNTRANSPOSED K.C. Lee line calculated at   6.000E+01 HZ. ****
Comment card.   Card index = 217.                 |C LINE CONSTANTS
Comment card.   Card index = 218.                 |C $ERASE
Comment card.   Card index = 219.                 |C BRANCH  IN_001OUT001IN_002OUT002IN_003OUT003
Comment card.   Card index = 220.                 |C METRIC
Comment card.   Card index = 221.                 |C   1   .5   .1899 4           1.828    -3.2   22.04      7.     0.0   0.0
Comment card.   Card index = 222.                 |C   2   .5   .1899 4           1.828     3.2    23.9    8.86     0.0   0.0
Comment card.   Card index = 223.                 |C   3   .5   .1899 4           1.828    -3.2   25.76   10.72     0.0   0.0
Comment card.   Card index = 224.                 |C   0.2742    .667 4            1.24     0.0   29.44    18.6     0.0   0.0
Comment card.   Card index = 225.                 |C BLANK CARD ENDING CONDUCTOR CARDS
Comment card.   Card index = 226.                 |C     1.E3       60.                              26.7                 1
Comment card.   Card index = 227.                 |C    The transformation matrix was calculated at  6.00000000E+01 Hz.
New MOLDAT = 1     (data vintage).                |$VINTAGE, 1
 5.284E-01 8.593E+02 2.210E+05 8.593E+02 1.208E-04|-1X0009B1_2LTB             5.28357E-01 8.59331E+02 2.21024E+05-2.67000E+01 1  3
 1.912E-01 3.671E+02 2.934E+05 3.671E+02 9.101E-05|-2X0009C1_2LTC             1.91185E-01 3.67062E+02 2.93377E+05-2.67000E+01 1  3
 1.906E-01 4.134E+02 2.936E+05 4.134E+02 9.092E-05|-3X0009A1_2LTA             1.90555E-01 4.13371E+02 2.93650E+05-2.67000E+01 1  3
New MOLDAT = 0     (data vintage).                |$VINTAGE, 0
TR(1,1 )...  0.594-0.699 0.402                    |  0.59364229 -0.69928374  0.40193149
TI(1,1 )...  0.000 0.000 0.000                    |  0.00000000  0.00000000  0.00000000
TR(2,1 )...  0.611 0.022-0.814                    |  0.61125068  0.02235166 -0.81448972
TI(2,1 )...  0.000 0.000 0.000                    |  0.00000000  0.00000000  0.00000000
TR(3,1 )...  0.523 0.714 0.418                    |  0.52341326  0.71449469  0.41839881
TI(3,1 )...  0.000 0.000 0.000                    |  0.00000000  0.00000000  0.00000000
Comment card.   Card index = 239.                 |C 1/3
Comment card.   Card index = 240.                 |C  <++++++>  Cards punched by support routine on  03-Sep-26  16.22.57  <++++++>
Comment card.   Card index = 241.                 |C    **** UNTRANSPOSED K.C. Lee line calculated at   6.000E+01 HZ. ****
Comment card.   Card index = 242.                 |C LINE CONSTANTS
Comment card.   Card index = 243.                 |C $ERASE
Comment card.   Card index = 244.                 |C BRANCH  IN_001OUT001IN_002OUT002IN_003OUT003
Comment card.   Card index = 245.                 |C METRIC
Comment card.   Card index = 246.                 |C   1   .5   .1899 4           1.828    -3.2   22.04      7.     0.0   0.0
Comment card.   Card index = 247.                 |C   2   .5   .1899 4           1.828     3.2    23.9    8.86     0.0   0.0
Comment card.   Card index = 248.                 |C   3   .5   .1899 4           1.828    -3.2   25.76   10.72     0.0   0.0
Comment card.   Card index = 249.                 |C   0.2742    .667 4            1.24     0.0   29.44    18.6     0.0   0.0
Comment card.   Card index = 250.                 |C BLANK CARD ENDING CONDUCTOR CARDS
Comment card.   Card index = 251.                 |C     1.E3       60.                              26.7                 1
Comment card.   Card index = 252.                 |C    The transformation matrix was calculated at  6.00000000E+01 Hz.
New MOLDAT = 1     (data vintage).                |$VINTAGE, 1
 5.284E-01 8.593E+02 2.210E+05 8.593E+02 1.208E-04|-11_2LTCX0010C             5.28357E-01 8.59331E+02 2.21024E+05-2.67000E+01 1  3
 1.912E-01 3.671E+02 2.934E+05 3.671E+02 9.101E-05|-21_2LTAX0010A             1.91185E-01 3.67062E+02 2.93377E+05-2.67000E+01 1  3
 1.906E-01 4.134E+02 2.936E+05 4.134E+02 9.092E-05|-31_2LTBX0010B             1.90555E-01 4.13371E+02 2.93650E+05-2.67000E+01 1  3
New MOLDAT = 0     (data vintage).                |$VINTAGE, 0
TR(1,1 )...  0.594-0.699 0.402                    |  0.59364229 -0.69928374  0.40193149
TI(1,1 )...  0.000 0.000 0.000                    |  0.00000000  0.00000000  0.00000000
TR(2,1 )...  0.611 0.022-0.814                    |  0.61125068  0.02235166 -0.81448972
TI(2,1 )...  0.000 0.000 0.000                    |  0.00000000  0.00000000  0.00000000
TR(3,1 )...  0.523 0.714 0.418                    |  0.52341326  0.71449469  0.41839881
TI(3,1 )...  0.000 0.000 0.000                    |  0.00000000  0.00000000  0.00000000
Blank card ending branches.  IBR, NTOT = 117  91  |BLANK BRANCH
Comment card.   Card index = 265.                 |C < n 1>< n 2>< Tclose ><Top/Tde ><   Ie   ><Vf/CLOP ><  type  >
Permanently-closed switch used for metering.      |  X0003A390A                                          MEASURING                0
Permanently-closed switch used for metering.      |  X0003B390B                                          MEASURING                0
Permanently-closed switch used for metering.      |  X0003C390C                                          MEASURING                0
Permanently-closed switch used for metering.      |  X0004A9049A                                         MEASURING                0
Permanently-closed switch used for metering.      |  X0004B9049B                                         MEASURING                0
Permanently-closed switch used for metering.      |  X0004C9049C                                         MEASURING                0
Permanently-closed switch used for metering.      |  X0006A391A                                          MEASURING                0
Permanently-closed switch used for metering.      |  X0006B391B                                          MEASURING                0
Permanently-closed switch used for metering.      |  X0006C391C                                          MEASURING                0
Switch.   1.94E-02  1.00E+09  0.00E+00  0.00E+00  |  XX0012RPI_C  .01943209     1.E+9                                             1
Switch.   2.11E-02  1.00E+09  0.00E+00  0.00E+00  |  XX0013RPI_B  .02110221     1.E+9                                             1
Switch.   2.09E-02  1.00E+09  0.00E+00  0.00E+00  |  XX0014RPI_A  .02091346     1.E+9                                             1
Comment card.   Card index = 278.                 |C 0.0008125
Permanently-closed switch used for metering.      |  9049A MEASUA                                        MEASURING                0
Permanently-closed switch used for metering.      |  9049B MEASUB                                        MEASURING                0
Permanently-closed switch used for metering.      |  9049C MEASUC                                        MEASURING                0
Switch.   2.94E-02  1.00E+09  0.00E+00  0.00E+00  |  T_MANCMEASUC .02940195     1.E+9                                             3
Switch.   3.10E-02  1.00E+09  0.00E+00  0.00E+00  |  T_MANAMEASUA .03102276     1.E+9                                             3
Comment card.   Card index = 284.                 |C 0.0008125
Switch.   3.17E-02  1.00E+09  0.00E+00  0.00E+00  |  T_MANBMEASUB  .0316963     1.E+9                                             3
Blank card ending switches.   KSWTCH = 18.        |BLANK SWITCH
Comment card.   Card index = 287.                 |C < n 1><>< Ampl.  >< Freq.  ><Phase/T0><   A1   ><   T1   >< TSTART >< TSTOP  >
Comment card.   Card index = 288.                 |C 1 - 390
Source.   4.08E+05  6.00E+01  0.00E+00 -1.00E+00  |14X0008A   408248.29       60.                                     -1.      100.
Source.   4.08E+05  6.00E+01 -1.20E+02 -1.00E+00  |14X0008B   408248.29       60.     -120.                           -1.      100.
Source.   4.08E+05  6.00E+01 -2.40E+02 -1.00E+00  |14X0008C   408248.29       60.     -240.                           -1.      100.
Comment card.   Card index = 292.                 |C 1 - 9049
Source.   1.13E+05  6.00E+01  0.00E+00 -1.00E+00  |14X0007A  112676.528       60.                                     -1.      100.
Source.   1.13E+05  6.00E+01 -1.20E+02 -1.00E+00  |14X0007B  112676.528       60.     -120.                           -1.      100.
Source.   1.13E+05  6.00E+01 -2.40E+02 -1.00E+00  |14X0007C  112676.528       60.     -240.                           -1.      100.
Comment card.   Card index = 296.                 |C 1 - 391
Source.   2.82E+05  6.00E+01  0.00E+00 -1.00E+00  |14X0005A   281691.32       60.                                     -1.      100.
Source.   2.82E+05  6.00E+01 -1.20E+02 -1.00E+00  |14X0005B   281691.32       60.     -120.                           -1.      100.
Source.   2.82E+05  6.00E+01 -2.40E+02 -1.00E+00  |14X0005C   281691.32       60.     -240.                           -1.      100.
Blank card ends electric sources.  KCONST = 9     |BLANK SOURCE

List of input elements that are connected to each node.   Only the physical connections of multi-phase lines are shown (capacitive
and inductive coupling are ignored).   Repeated entries indicate parallel connections.   Switches are included,  although sources
(including rotating machinery) are omitted -- except that U.M. usage produces extra,  internally-defined nodes  "UMXXXX".
--------------+------------------------------
From bus name |  Names of all adjacent busses.
--------------+------------------------------
       X0001A |TERRA *TERRA *TERRA *390A  *
       390A   |X0001A*X0002A*X0003A*E002A *E003A *
       391A   |TERRA *TERRA *TERRA *X0006A*E001A *
       395A   |TERRA *395B  *395C  *
       395B   |TERRA *395A  *395C  *
       X0001B |TERRA *TERRA *TERRA *390B  *
       390B   |X0001B*X0002B*X0003B*E002B *E003B *
       391B   |TERRA *TERRA *TERRA *X0006B*E001B *
       395C   |TERRA *395A  *395B  *
       X0001C |TERRA *TERRA *TERRA *390C  *
       390C   |X0001C*X0002C*X0003C*E002C *E003C *
       391C   |TERRA *TERRA *TERRA *X0006C*E001C *
       X0002A |TERRA *TERRA *TERRA *390A  *
       397A   |TERRA *397B  *397C  *
       397B   |TERRA *397A  *397C  *
       X0002B |TERRA *TERRA *TERRA *390B  *
       397C   |TERRA *397A  *397B  *
       X0002C |TERRA *TERRA *TERRA *390C  *
       42077A |TERRA *
       42077B |TERRA *
       42077C |TERRA *
       X0003A |390A  *X0008A*
       X0008A |X0003A*
       X0003B |390B  *X0008B*
       X0008B |X0003B*
       X0003C |390C  *X0008C*
       X0008C |X0003C*
       X0004A |X0007A*9049A *
       X0007A |X0004A*
       X0004B |X0007B*9049B *
       X0007B |X0004B*
       X0004C |X0007C*9049C *
       X0007C |X0004C*
       X0006A |391A  *X0005A*
       X0005A |X0006A*
       X0006B |391B  *X0005B*
       X0005B |X0006B*
       X0006C |391C  *X0005C*
       X0005C |X0006C*
       E001A  |391A  *ST001A*
       E001B  |391B  *ST001B*
       E001C  |391C  *ST001C*
       ST001A |TERRA *TERRA *E001A *
       9049A  |TERRA *TERRA *X0004A*MEASUA*
       ST001B |TERRA *TERRA *E001B *
       9049B  |TERRA *TERRA *X0004B*MEASUB*
       ST001C |TERRA *TERRA *E001C *
       9049C  |TERRA *TERRA *X0004C*MEASUC*
       E002A  |390A  *ST002A*
       E002B  |390B  *ST002B*
       E002C  |390C  *ST002C*
       ST002A |TERRA *TERRA *E002A *
       ST002B |TERRA *TERRA *E002B *
       ST002C |TERRA *TERRA *E002C *
       E003A  |390A  *ST003A*
       E003B  |390B  *ST003B*
       E003C  |390C  *ST003C*
       ST003A |TERRA *TERRA *E003A *
       ST003B |TERRA *TERRA *E003B *
       ST003C |TERRA *TERRA *E003C *
       T_MANC |XX0012*MEASUC*PRMANC*X0009C*
       XX0012 |T_MANC*RPI_C *
       RPI_C  |XX0012*MEASUC*
       MEASUC |9049C *T_MANC*RPI_C *
       T_MANB |XX0013*MEASUB*PRMANB*X0009B*
       XX0013 |T_MANB*RPI_B *
       RPI_B  |XX0013*MEASUB*
       MEASUB |9049B *T_MANB*RPI_B *
       T_MANA |XX0014*MEASUA*PRMANA*X0009A*
       XX0014 |T_MANA*RPI_A *
       RPI_A  |XX0014*MEASUA*
       MEASUA |9049A *T_MANA*RPI_A *
       PRMANA |TERRA *T_MANA*
       PRMANB |TERRA *T_MANB*
       PRMANC |TERRA *T_MANC*
       T_OPOA |PROPOA*X0010A*
       PROPOA |TERRA *T_OPOA*
       T_OPOB |PROPOB*X0010B*
       PROPOB |TERRA *T_OPOB*
       T_OPOC |PROPOC*X0010C*
       PROPOC |TERRA *T_OPOC*
       X0009A |T_MANA*1_2LTA*
       X0009B |T_MANB*1_2LTB*
       X0009C |T_MANC*1_2LTC*
       X0010A |T_OPOA*1_2LTA*
       X0010B |T_OPOB*1_2LTB*
       X0010C |T_OPOC*1_2LTC*
       1_2LTB |X0009B*X0010B*
       1_2LTC |X0009C*X0010C*
       1_2LTA |X0009A*X0010A*
       TERRA  |X0001A*X0001A*X0001A*391A  *391A  *391A  *395A  *395B  *X0001B*X0001B*X0001B*391B  *391B  *391B  *395C  *
              |X0001C*X0001C*X0001C*391C  *391C  *391C  *X0002A*X0002A*X0002A*397A  *397B  *X0002B*X0002B*X0002B*397C  *
              |X0002C*X0002C*X0002C*42077A*42077B*42077C*ST001A*ST001A*9049A *9049A *ST001B*ST001B*9049B *9049B *ST001C*
              |ST001C*9049C *9049C *ST002A*ST002A*ST002B*ST002B*ST002C*ST002C*ST003A*ST003A*ST003B*ST003B*ST003C*ST003C*
              |PRMANA*PRMANB*PRMANC*PROPOA*PROPOB*PROPOC*
              |------------------------------------------

Sinusoidal steady-state phasor solution, branch by branch.   All flows are away from a bus,  and the real part,  magnitude,  or  "P"
is printed above the imaginary part,  the angle,  or  "Q".   The first solution frequency  =  6.00000000E+01  Hertz.
  Bus K                        Phasor  node  voltage              Phasor  branch  current               Power flow       Power loss
             Bus M         Rectangular            Polar          Rectangular            Polar            P  and  Q        P  and  Q

 390A                 408217.02432097   408217.0243679       .1514811118232  .65326686317291      30920.551076977  .36679815249227
                      -6.189904309197       -0.0008688      -.6354613027404      -76.5920760      129702.59221112       14.6697923

            X0001A    408173.07596037  408173.07625512      -.1514811118232  .65326686317291      -30920.18427882
                      -15.51187276763       -0.0021774      .63546130274045      103.4079240      -129687.9224188

 391A                 281637.37860271  281637.37875096      -.2191372534131  .47188709611326      -30856.71131496  -30856.71131496
                      -9.138075787497       -0.0018590      -.4179190060822     -117.6704227      58851.807917039    58851.8079170

            TERRA                 0.0              0.0      .21913725341312  .47188709611326                  0.0
                                  0.0              0.0      .41791900608223       62.3295773                  0.0

 X0001A               408173.07596037  408173.07625512      .15120531213574  .32560340402975       30856.73213529   30856.73213529
                      -15.51187276763       -0.0021774      .28836527235035       62.3295773      -58852.64284648   -58852.6428465

            TERRA                 0.0              0.0      -.1512053121357  .32560340402975                  0.0
                                  0.0              0.0      -.2883652723503     -117.6704227                  0.0

 395A                 9755.8963856486  11265.386914441      -.0065038355215  .00650383552158      -31.72526755845   -63.4521428501
                      -5633.065599169      -30.0021855      -.3734021448E-7     -179.9996710      18.318448212959        0.0027846

            395B      -9756.326103533  11265.386919026      .00650383552147  .00650383552158      -31.72687529165
                      -5632.321315131     -150.0021855      .37340214476E-7        0.0003290      -18.31566356719

 X0001A               408173.07596037  408173.07625512       .3109080304E-3  .31090803041E-3      63.452143540727  63.452143540727
                      -15.51187276763       -0.0021774      .17857928469E-8        0.0003291      -.0027758391847       -0.0027758

            TERRA                 0.0              0.0      -.3109080304E-3  .31090803041E-3                  0.0
                                  0.0              0.0      -.1785792847E-8     -179.9996709                  0.0

 390B                  -204113.872775  408217.02436795      -.6260662282299  .65326690989271      30920.550680048  .36679820495192
                      -353523.2183671     -120.0008688      .18654418626911      163.4079229      129702.60210891       14.6697944

            X0001B    -204099.9716543  408173.07625185      .62606622822986  .65326690989271      -30920.18388184
                      -353480.4969834     -120.0021774      -.1865441862691      -16.5920771      -129687.9323145

 391B                 -140826.6031061   281637.3787489      -.2523598317312  .47188706792536      -30856.70983746  -30856.70983746
                      -243900.5554855     -120.0018590      .39873790916317      122.3295770       58851.80420927    58851.8042093

            TERRA                 0.0              0.0      .25235983173116  .47188706792536                  0.0
                                  0.0              0.0      -.3987379091632      -57.6704230                  0.0

 X0001B               -204099.9716543  408173.07625185      .17412898324983  .32560338458613      30856.730657933  30856.730657933
                      -353480.4969834     -120.0021774      -.2751302623237      -57.6704230      -58852.63913994   -58852.6391399

            TERRA                 0.0              0.0      -.1741289832498  .32560338458613                  0.0
                                  0.0              0.0      .27513026232373      122.3295770                  0.0

 395B                 -9756.326103533  11265.386919026      .00325249058369  .00650394630607      -31.72759587927   -63.4532236441
                      -5632.321315131     -150.0021855      .00563228395549       59.9947365      18.315663467846       -0.0034088

            395C      .42970974628275  11265.386910588      -.0032524905837  .00650394630607      -31.72562776483
                      11265.386902392       89.9978145      -.0056322839555     -120.0052635      -18.31907228718

 X0001B               -204099.9716543  408173.07625185      -.1554813985E-3  .31091332633E-3      63.453224335263  63.453224335263
                      -353480.4969834     -120.0021774      -.2692445565E-3     -120.0052636      .00341781972399        0.0034178

            TERRA                 0.0              0.0      .15548139845E-3  .31091332633E-3                  0.0
                                  0.0              0.0      .26924455653E-3       59.9947364                  0.0

 390C                  -204103.151551  408217.02436775      .47458515800464  .65326687548049      30920.530369865  .36679816631658
                      353529.40826841      119.9991312      .44891707296755       43.4079146      129702.59973004       14.6697929

            X0001C    -204073.1043141  408173.07625262      -.4745851580046  .65326687548049       -30920.1635717
                      353496.00885035      119.9978226      -.4489170729676     -136.5920854      -129687.9299372

 391C                 -140810.7755013  281637.37874955      .47149697524583  .47188697464582      -30856.68470282  -30856.68470282
                      243909.69355818      119.9981410      .01918121931521        2.3295955      58851.802556326    58851.8025563

            TERRA                 0.0              0.0      -.4714969752458  .47188697464582                  0.0
                                  0.0              0.0      -.0191812193152     -177.6704045                  0.0

 X0001C               -204073.1043141  408173.07625262      -.3253342195567  .32560332022356      30856.705523504  30856.705523504
                      353496.00885035      119.9978226      -.0132350944859     -177.6704045      -58852.63748668   -58852.6374867

            TERRA                 0.0              0.0      .32533421955668  .32560332022356                  0.0
                                  0.0              0.0      .01323509448594        2.3295955                  0.0

 395C                 .42970974628275  11265.386910588      .00325206086563  .00650444069069      -31.72884336509  -63.45804700459
                      11265.386902392       89.9978145      -.0056331029482      -60.0016221      18.319072240368        0.0006240

            395A      9755.8963856486  11265.386914441      -.0032520608656  .00650444069069       -31.7292036395
                      -5633.065599169      -30.0021855       .0056331029482      119.9983779      -18.31844825184

 X0001C               -204073.1043141  408173.07625262      -.1554608564E-3  .31093695998E-3      63.458047734318  63.458047734318
                      353496.00885035      119.9978226      .26928370767E-3      119.9983779      -.6150484147E-3       -0.0006150

            TERRA                 0.0              0.0      .15546085638E-3  .31093695998E-3                  0.0
                                  0.0              0.0      -.2692837077E-3      -60.0016221                  0.0

 395A                 9755.8963856486  11265.386914441      .00975589638565  .01126538691444      63.454471166029  63.454471166029
                      -5633.065599169      -30.0021855      -.0056330655992      -30.0021855      .3552713679E-14        0.0000000

            TERRA                 0.0              0.0      -.0097558963856  .01126538691444                  0.0
                                  0.0              0.0      .00563306559917      149.9978145                  0.0

 395B                 -9756.326103533  11265.386919026      -.0097563261035  .01126538691903      63.454471217678  63.454471217678
                      -5632.321315131     -150.0021855      -.0056323213151     -150.0021855                  0.0              0.0

            TERRA                 0.0              0.0      .00975632610353  .01126538691903                  0.0
                                  0.0              0.0      .00563232131513       29.9978145                  0.0

 395C                 .42970974628275  11265.386910588      .42970974628E-6  .01126538691059      63.454471122621  63.454471122621
                      11265.386902392       89.9978145      .01126538690239       89.9978145      -.433680869E-18       -0.0000000

            TERRA                 0.0              0.0      -.4297097463E-6  .01126538691059                  0.0
                                  0.0              0.0      -.0112653869024      -90.0021855                  0.0

 390A                 408217.02432097   408217.0243679       .1469469834806  .80203825365355      29995.570416114  .48630861240599
                      -6.189904309197       -0.0008688      -.7884617583432      -79.4428070      160931.30159698       19.4587771

            X0002A    408169.10020075  408169.10043702      -.1469469834806  .80203825365355       -29995.0841075
                      -13.88804263116       -0.0019495      .78846175834316      100.5571930      -160911.8428198

 391A                 281637.37860271  281637.37875096      -.2125607546936  .28924659365825      -29931.63057811  -29931.63057811
                      -9.138075787497       -0.0018590      -.1961670652963     -137.2968488      27624.960217264    27624.9602173

            TERRA                 0.0              0.0      .21256075469364  .28924659365825                  0.0
                                  0.0              0.0      .19616706529632       42.7031512                  0.0

 X0002A               408169.10020075  408169.10043702      .14666750979268   .1995809511949      29931.632836691  29931.632836691
                      -13.88804263116       -0.0019495        .135355818682       42.7031512       -27625.0498215   -27625.0498215

            TERRA                 0.0              0.0      -.1466675097927   .1995809511949                  0.0
                                  0.0              0.0       -.135355818682     -137.2968488                  0.0

 397A                 9755.8237703171  11265.277181827      -.0065038094217  .00650380942177      -31.72492515467  -63.45127017646
                      -5632.971910627      -30.0019576      -.2986780601E-7     -179.9997369      18.318033584784        0.0024593

            397B      -9756.208662457  11265.277185312       .0065038094217  .00650380942177      -31.72634502179
                      -5632.305264854     -150.0019576      .29867806006E-7        0.0002631      -18.31557432545

 X0002A               408169.10020075  408169.10043702      .31090678266E-3  .31090678266E-3      63.451270852116  63.451270852116
                      -13.88804263116       -0.0019495      .14269971871E-8        0.0002630      -.0024501714049       -0.0024502

            TERRA                 0.0              0.0      -.3109067827E-3  .31090678266E-3                  0.0
                                  0.0              0.0      -.1426997187E-8     -179.9997370                  0.0

 390B                  -204113.872775  408217.02436795      -.7563014491931  .80203830484361      29995.570247437  .48630867447355
                      -353523.2183671     -120.0008688      .26697108529731      160.5571923      160931.31225671       19.4587796

            X0002B    -204096.5774965  408169.10043392       .7563014491931  .80203830484361      -29995.08393876
                      -353477.8657897     -120.0019495      -.2669710852973      -19.4428077      -160911.8534771

 391B                 -140826.6031061   281637.3787489      -.0636052556511   .2892465631106      -29931.62959191  -29931.62959191
                      -243900.5554855     -120.0018590      .28216652126866      102.7031467       27624.95494281    27624.9549428

            TERRA                 0.0              0.0      .06360525565105   .2892465631106                  0.0
                                  0.0              0.0      -.2821665212687      -77.2968533                  0.0

 X0002B               -204096.5774965  408169.10043392      .04388780269073  .19958093012889      29931.631849338  29931.631849338
                      -353477.8657897     -120.0019495      -.1946956816319      -77.2968533      -27625.04455187   -27625.0445519

            TERRA                 0.0              0.0      -.0438878026907  .19958093012889                  0.0
                                  0.0              0.0      .19469568163186      102.7031467                  0.0

 397B                 -9756.208662457  11265.277185312      .00325239924859  .00650389322506      -31.72689006305  -63.45208774146
                      -5632.305264854     -150.0019576       .0056322754026       59.9953955      18.315574330483       -0.0029313

            397C      .38488592722911  11265.277184742      -.0032523992486  .00650389322506      -31.72519767841
                      11265.277178167       89.9980425      -.0056322754026     -120.0046045      -18.31850562297

 X0002B               -204096.5774965  408169.10043392      -.1554770322E-3  .31091078865E-3      63.452088390534  63.452088390534
                      -353477.8657897     -120.0019495      -.2692441475E-3     -120.0046045      .00294025296369        0.0029403

            TERRA                 0.0              0.0      .15547703219E-3  .31091078865E-3                  0.0
                                  0.0              0.0      .26924414749E-3       59.9953955                  0.0

 390C                  -204103.151551  408217.02436775      .60935449688903  .80203827222478      29995.552011697  .48630863492144
                      353529.40826841      119.9991312       .5214906396422       40.5571862       160931.3088831       19.4587781

            X0002C    -204072.5227113  408169.10043485       -.609354496889  .80203827222478      -29995.06570306
                       353491.7538275      119.9980505      -.5214906396422     -139.4428138       -160911.850105

 391C                 -140810.7755013  281637.37874955      .27616592329287  .28924644557767      -29931.60709684  -29931.60709684
                      243909.69355818      119.9981410      -.0859993551785      -17.2968319      27624.954913139    27624.9549131

            TERRA                 0.0              0.0      -.2761659232929  .28924644557767                  0.0
                                  0.0              0.0       .0859993551785      162.7031681                  0.0

 X0002C               -204072.5227113  408169.10043485      -.1905552523967  .19958084902052      29931.609355142  29931.609355142
                       353491.7538275      119.9980505       .0593397933917      162.7031681      -27625.04451808   -27625.0445181

            TERRA                 0.0              0.0      .19055525239673  .19958084902052                  0.0
                                  0.0              0.0      -.0593397933917      -17.2968319                  0.0

 397C                 .38488592722911  11265.277184742      .00325201435771  .00650432981561      -31.72803732813  -63.45634719245
                      11265.277178167       89.9980425      -.0056330017724      -60.0015313      18.318505595064        0.0004721

            397A      9755.8237703171  11265.277181827      -.0032520143577  .00650432981561      -31.72830986432
                      -5632.971910627      -30.0019576      .00563300177237      119.9984687      -18.31803352957

 X0002C               -204072.5227113  408169.10043485      -.1554586324E-3  .31093165929E-3      63.456347833684  63.456347833684
                       353491.7538275      119.9980505      .26927887097E-3      119.9984686      -.4630572369E-3       -0.0004631

            TERRA                 0.0              0.0      .15545863243E-3  .31093165929E-3                  0.0
                                  0.0              0.0       -.269278871E-3      -60.0015314                  0.0

 397A                 9755.8237703171  11265.277181827      .00975582377032  .01126527718183      63.453234991699  63.453234991699
                      -5632.971910627      -30.0019576      -.0056329719106      -30.0019576                  0.0              0.0

            TERRA                 0.0              0.0      -.0097558237703  .01126527718183                  0.0
                                  0.0              0.0      .00563297191063      149.9980424                  0.0

 397B                 -9756.208662457  11265.277185312      -.0097562086625  .01126527718531      63.453235030953  63.453235030953
                      -5632.305264854     -150.0019576      -.0056323052649     -150.0019576      .3552713679E-14        0.0000000

            TERRA                 0.0              0.0      .00975620866246  .01126527718531                  0.0
                                  0.0              0.0      .00563230526485       29.9980424                  0.0

 397C                 .38488592722911  11265.277184742      .38488592723E-6  .01126527718474      63.453235024538  63.453235024538
                      11265.277178167       89.9980425      .01126527717817       89.9980425                  0.0              0.0

            TERRA                 0.0              0.0      -.3848859272E-6  .01126527718474                  0.0
                                  0.0              0.0      -.0112652771782      -90.0019575                  0.0

 X0003A               408217.02432097   408217.0243679      -.3863821856904  1.5019369620192      -78868.38501907  1.5482782087056
                      -6.189904309197       -0.0008688      1.4513867315298      104.9073007      -296239.1905076       23.8851302

            X0008A          408248.29        408248.29      .38638218569037  1.5019369620192      78869.933297278
                                  0.0              0.0       -1.45138673153      -75.0926993      296263.07563786

 X0003B                -204113.872775  408217.02436795      1.4501289573339  1.5019370549725      -78868.38575017  1.5482778836158
                      -353523.2183671     -120.0008688      -.3910766219057      -15.0927001      -296239.2099465       23.8851317

            X0008B        -204124.145        408248.29      -1.450128957334  1.5019370549725      78869.934028056
                      -353553.3901916     -120.0000000       .3910766219057      164.9072999      296263.09507818

 X0003C                -204103.151551  408217.02436775      -1.063746844279   1.501936986436      -78868.34729144  1.5482792797993
                      353529.40826841      119.9991312      -1.060310031317     -135.0927069      -296239.2057091       23.8851298

            X0008C        -204124.145        408248.29      1.0637468442787   1.501936986436      78869.895570721
                      353553.39019156      120.0000000      1.0603100313171       44.9072931      296263.09083892

 X0004A                112646.8734289  112646.91420834      -1.889350286704  1.8895863080951      -106416.1325883  26.582652529818
                      -95.85068669841       -0.0487527      .02986486017155      179.0944041      -1591.543800661       90.9905760

            X0007A         112676.528       112676.528      1.8893502867037  1.8895863080951      106442.71524079
                                  0.0              0.0      -.0298648601715       -0.9055959      1682.5343766677

 X0004B               -56406.44588657  112646.91422984      .97053874027559  1.8895866082217       -106416.149791  26.582651904842
                      -97507.12870324     -120.0487527      1.6212933428579       59.0944141      -1591.525324683       90.9906201

            X0007B         -56338.264       112676.528      -.9705387402756  1.8895866082217      106442.73244287
                      -97580.73565823     -120.0000000      -1.621293342858     -120.9055859      1682.5159447673

 X0004C               -56240.42758862  112646.91423516      .91881167177697   1.889586461873      -106416.1414488  26.582639181943
                      97602.979418423      119.9512473      -1.651157808539      -60.9055897      -1591.532239343       90.9905905

            X0007C         -56338.264       112676.528       -.918811671777   1.889586461873      106442.72408797
                      97580.735658229      120.0000000      1.6511578085393      119.0944103      1682.5228298922

 X0006A               281637.37860271  281637.37875096      -.1498015088046  .58268471168188      -21097.42494792  1.4674286636946
                      -9.138075787497       -0.0018590      .56309944165098      104.8973709      -79294.24087085       15.8716341

            X0005A          281691.32        281691.32      .14980150880463  .58268471168188      21098.892376583
                                  0.0              0.0       -.563099441651      -75.1026291      79310.112504964

 X0006B               -140826.6031061   281637.3787489      .56255922321242  .58268476334568      -21097.42556702  1.4674286988375
                      -243900.5554855     -120.0018590      -.1518178310142      -15.1026300      -79294.24823384       15.8716361

            X0005B         -140845.66        281691.32      -.5625592232124  .58268476334568      21098.892995718
                      -243951.8391456     -120.0000000       .1518178310142      164.8973700      79310.119869969

 X0006C               -140810.7755013  281637.37874955      -.4127577222871  .58268473306314      -21097.41796615  1.4674293554745
                      243909.69355818      119.9981410       -.411281607706     -135.1026347      -79294.24584366       15.8716347

            X0005C         -140845.66        281691.32      .41275772228708  .58268473306314      21098.885395504
                      243951.83914557      120.0000000      .41128160770601       44.8973653      79310.117478342

 391A                 281637.37860271  281637.37875096      .00356497440613  .00373128377501      502.00999019065   .1503488987442
                      -9.138075787497       -0.0018590      .00110156075334       17.1709093      -155.1366299737        0.4036246

            E001A     281624.25263458  281624.35458589      -.0035649744061  .00373128377501      -501.8596412919
                      -239.6329044167       -0.0487527      -.0011015607533     -162.8290907      155.54025453044

 391B                 -140826.6031061   281637.3787489      -.8285073204E-3  .00373128411698       502.0100207429  .15034890382788
                      -243900.5554855     -120.0018590      -.0036381391922     -102.8290850      -155.1366941979        0.4036248

            E001B     -141019.6546063  281624.35463965      .82850732039E-3  .00373128411698      -501.8596718391
                      -243773.9406518     -120.0487527      .00363813919218       77.1709150       155.5403189707

 391C                 -140810.7755013  281637.37874955       -.002736467085   .0037312842655      502.01006071066  .15034880403113
                      243909.69355818      119.9981410      .00253657843618      137.1709076      -155.1366357028        0.4036247

            E001C      -140604.598144  281624.35465295      .00273646708496   .0037312842655      -501.8597119066
                      244013.57362746      119.9512473      -.0025365784362      -42.8290924      155.54026041716

 E001A                281624.25263458  281624.35458589      .00356494140874  .00373126182726       501.8549909724  .69616135079E-9
                      -239.6329044167       -0.0487527      .00110159319888       17.1715349      -155.5448193032        0.0000000

            ST001A    281624.25263434  281624.35458564      -.0035649414087  .00373126182726      -501.8549909717
                      -239.6329048833       -0.0487527      -.0011015931989     -162.8284651       155.5448193039

 ST001A               281624.25263434  281624.35458564      .28162425263434  .28162435458564      39656.138547889  39656.138547889
                      -239.6329048833       -0.0487527      -.2396329049E-3       -0.0487527      -.710542736E-14       -0.0000000

            TERRA                 0.0              0.0      -.2816242526343  .28162435458564                  0.0
                                  0.0              0.0      .23963290488E-3      179.9512473                  0.0

 9049A                 112646.8734289  112646.91420834      .69516563415527  .69517371981254      39154.278289352  39154.278289352
                      -95.85068669841       -0.0487527      -.0033528804779       -0.2763434      155.52969970695      155.5296997

            TERRA                 0.0              0.0      -.6951656341553  .69517371981254                  0.0
                                  0.0              0.0      .00335288047791      179.7236566                  0.0

 ST001A               281624.25263434  281624.35458564      -.2780592441559  .27806247827034      -39154.27409812  -39154.27409812
                      -239.6329048833       -0.0487527      .00134110450745      179.7236595      -155.5277051037     -155.5277051

            TERRA                 0.0              0.0      .27805924415588  .27806247827034                  0.0
                                  0.0              0.0      -.0013411045074       -0.2763405                  0.0

 E001B                -141019.6546063  281624.35463965       -.828440534E-3  .00373125479316       501.8531507747  .69616135079E-9
                      -243773.9406518     -120.0487527      -.0036381243262     -102.8281357      -155.5474111723        0.0000000

            ST001B    -141019.6546066   281624.3546394      .82844053395E-3  .00373125479316       -501.853150774
                      -243773.9406514     -120.0487527      .00363812432624       77.1718643      155.54741117304

 ST001B               -141019.6546066   281624.3546394      -.1410196546066   .2816243546394       39656.13856303   39656.13856303
                      -243773.9406514     -120.0487527      -.2437739406514     -120.0487527                  0.0              0.0

            TERRA                 0.0              0.0      .14101965460656   .2816243546394                  0.0
                                  0.0              0.0      .24377394065139       59.9512473                  0.0

 9049B                -56406.44588657  112646.91422984      -.3504862785339  .69517382666339      39154.284385522  39154.284385522
                      -97507.12870324     -120.0487527      -.6003549098969     -120.2763174      155.51196594769      155.5119659

            TERRA                 0.0              0.0      .35048627853394  .69517382666339                  0.0
                                  0.0              0.0      .60035490989685       59.7236826                  0.0

 ST001B               -141019.6546066   281624.3546394      .14019101858139  .27806253984092      -39154.28281763  -39154.28281763
                      -243773.9406514     -120.0487527      .24013590812683       59.7236750      -155.5171104199     -155.5171104

            TERRA                 0.0              0.0      -.1401910185814  .27806253984092                  0.0
                                  0.0              0.0      -.2401359081268     -120.2763250                  0.0

 E001C                 -140604.598144  281624.35465295      -.0027364876587  .00373147403319       501.8925073925  .69621819421E-9
                      244013.57362746      119.9512473      .00253683538176      137.1682290      -155.5247066877        0.0000000

            ST001C    -140604.5981435  281624.35465271      .00273648765869  .00373147403319      -501.8925073918
                      244013.57362748      119.9512473      -.0025368353818      -42.8317710      155.52470668837

 ST001C               -140604.5981435  281624.35465271      -.1406045981435  .28162435465271      39656.138566777  39656.138566777
                      244013.57362748      119.9512473      .24401357362748      119.9512473                  0.0              0.0

            TERRA                 0.0              0.0      .14060459814352  .28162435465271                  0.0
                                  0.0              0.0      -.2440135736275      -60.0487527                  0.0

 9049C                -56240.42758862  112646.91423516      -.3446792960167  .69517370595873      39154.277561034  39154.277561034
                      97602.979418423      119.9512473      .60370743274689      119.7236723      155.51896052006      155.5189605

            TERRA                 0.0              0.0      .34467929601669  .69517370595873                  0.0
                                  0.0              0.0      -.6037074327469      -60.2763277                  0.0

 ST001C               -140604.5981435  281624.35465271      .13786827027798  .27806254475193      -39154.28349831  -39154.28349831
                      244013.57362748      119.9512473      -.2414769530296      -60.2763296      -155.5203106418     -155.5203106

            TERRA                 0.0              0.0       -.137868270278  .27806254475193                  0.0
                                  0.0              0.0      .24147695302963      119.7236704                  0.0

 390A                 408217.02432097   408217.0243679      .00939275392818  .03569145686189      1917.2475989714   .1065664330672
                      -6.189904309197       -0.0008688       -.034433359792      -74.7420353      7028.1127657171        0.8689932

            E002A     408168.47452512  408168.47473998      -.0093927539282  .03569145686189      -1917.141032538
                      -13.24362840007       -0.0018590      .03443335979205      105.2579647      -7027.243772476

 390B                  -204113.872775  408217.02436795      -.0345165442495  .03569146002185      1917.2477005892   .1065664502612
                      -353523.2183671     -120.0008688      .00908231752143      165.2579642      7028.1134065406        0.8689934

            E002B     -204095.7065797  408168.47473699      .03451654424955  .03569146002185      -1917.141134139
                      -353477.6461459     -120.0018590      -.0090823175214      -14.7420358      -7027.244413169

 390C                  -204103.151551  408217.02436775      .02512379033155  .03569145814875      1917.2470935096  .10656646074722
                      353529.40826841      119.9991312       .0253510422697       45.2579600      7028.1131758605        0.8689933

            E002C     -204072.7679522  408168.47473794      -.0251237903315  .03569145814875      -1917.140527049
                      353490.88976977      119.9981410      -.0253510422697     -134.7420400       -7027.24418257

 E002A                408168.47452512  408168.47473998       .0093923847011  .03569132840106      1917.0656788968  .63693505581E-7
                      -13.24362840007       -0.0018590      -.0344333273539      -74.7425934      7027.2371547996        0.0000001

            ST002A    408168.47452074   408168.4747356      -.0093923847011  .03569132840106      -1917.065678833
                      -13.24362589598       -0.0018590      .03443332735387      105.2574066      -7027.237154736

 ST002A               408168.47452074   408168.4747356      .40816847452074   .4081684747356      83300.751883992  83300.751883992
                      -13.24362589598       -0.0018590       -.132436259E-4       -0.0018590                  0.0              0.0

            TERRA                 0.0              0.0      -.4081684745207   .4081684747356                  0.0
                                  0.0              0.0      .13243625896E-4      179.9981410                  0.0

 391A                 281637.37860271  281637.37875096      .57793426513672  .58008319033162      81383.717793371  81383.717793371
                      -9.138075787497       -0.0018590      .04988479614258        4.9332974      -7027.352212421    -7027.3522124

            TERRA                 0.0              0.0      -.5779342651367  .58008319033162                  0.0
                                  0.0              0.0      -.0498847961426     -175.0667026                  0.0

 ST002A               408168.47452074   408168.4747356      -.3987762928009  .40025905368474      -81383.72762695  -81383.72762695
                      -13.24362589598       -0.0018590      -.0344206094742     -175.0667086      7027.3444525946     7027.3444526

            TERRA                 0.0              0.0       .3987762928009  .40025905368474                  0.0
                                  0.0              0.0      .03442060947418        4.9332914                  0.0

 E002B                -204095.7065797  408168.47473699      -.0345167063642  .03569160899549       1917.163098164  .63694642449E-7
                      -353477.6461459     -120.0018590      .00908228685148      165.2580780       7027.269935325        0.0000001

            ST002B    -204095.7065753  408168.47473261      .03451670636423  .03569160899549        -1917.1630981
                      -353477.6461434     -120.0018590      -.0090822868515      -14.7419220      -7027.269935261

 ST002B               -204095.7065753  408168.47473261      -.2040957065753  .40816847473261      83300.751882773  83300.751882773
                      -353477.6461434     -120.0018590      -.3534776461434     -120.0018590      .7275957614E-11        0.0000000

            TERRA                 0.0              0.0      .20409570657534  .40816847473261                  0.0
                                  0.0              0.0      .35347764614337       59.9981410                  0.0

 391B                 -140826.6031061   281637.3787489      -.2457656860352  .58008315031807      81383.713130457  81383.713130457
                      -243900.5554855     -120.0018590      -.5254480838776     -115.0667103      -7027.340708914    -7027.3407089

            TERRA                 0.0              0.0      .24576568603516  .58008315031807                  0.0
                                  0.0              0.0      .52544808387756       64.9332897                  0.0

 ST002B               -204095.7065753  408168.47473261      .16957902908325  .40025898792929      -81383.71489143  -81383.71489143
                      -353477.6461434     -120.0018590      .36256062984467       64.9332862      7027.3359444598     7027.3359445

            TERRA                 0.0              0.0      -.1695790290833  .40025898792929                  0.0
                                  0.0              0.0      -.3625606298447     -115.0667138                  0.0

 E002C                -204072.7679522  408168.47473794      .02512373612262  .03569141627459      1917.1451337389  .63693732955E-7
                      353490.88976977      119.9981410      .02535103703849       45.2580159      7027.2340676152        0.0000001

            ST002C    -204072.7679522  408168.47473356      -.0251237361226  .03569141627459      -1917.145133675
                      353490.88976472      119.9981410      -.0253510370385     -134.7419841      -7027.234067551

 ST002C               -204072.7679522  408168.47473356      -.2040727679522  .40816847473356      83300.751883159  83300.751883159
                      353490.88976472      119.9981410      .35349088976472      119.9981410                  0.0              0.0

            TERRA                 0.0              0.0      .20407276795218  .40816847473356                  0.0
                                  0.0              0.0      -.3534908897647      -60.0018590                  0.0

 391C                 -140810.7755013  281637.37874955      -.3321688175201  .58008304337211      81383.693209357  81383.693209357
                      243909.69355818      119.9981410      .47556304931641      124.9333298      -7027.396358459    -7027.3963585

            TERRA                 0.0              0.0      .33216881752014  .58008304337211                  0.0
                                  0.0              0.0      -.4755630493164      -55.0666702                  0.0

 ST002C               -204072.7679522  408168.47473356      .22919726371765  .40025898948606      -81383.71389105  -81383.71389105
                      353490.88976472      119.9981410      -.3281400203705      -55.0667030      7027.3512251514     7027.3512252

            TERRA                 0.0              0.0      -.2291972637177  .40025898948606                  0.0
                                  0.0              0.0      .32814002037048      124.9332970                  0.0

 390A                 408217.02432097   408217.0243679      .07856133645772  .07886989384883      16035.015926869  3.8430022199191
                      -6.189904309197       -0.0008688      .00696968935491        5.0698098      -1422.816068028       13.1632697

            E003A     408149.45134906  408149.59910412      -.0785613364577  .07886989384883      -16031.17292465
                      -347.2928340866       -0.0487528      -.0069696893549     -174.9301902      1435.9793377332

 390B                  -204113.872775  408217.02436795      -.0332447356635  .07886990043963      16035.017121507  3.8430012940826
                      -353523.2183671     -120.0008688      -.0715209671776     -114.9301843      -1422.817824855       13.1632759

            E003B     -204375.4902453  408149.59918203       .0332447356635  .07886990043963      -16031.17412021
                      -353294.1469929     -120.0487528      .07152096717761       65.0698157      1435.9811007499

 390C                  -204103.151551  408217.02436775       -.045316600947  .07886990307551      16035.017816446  3.8429988800581
                      353529.40826841      119.9991312      .06455127643783      125.0698093      -1422.816079957       13.1632734

            E003C     -203773.9612715  408149.59920132      .04531660094696  .07886990307551      -16031.17481757
                      353641.43993021      119.9512472      -.0645512764378      -54.9301907      1435.9793533783

 E003A                408149.45134906  408149.59910412      .07856127950845   .0788698584875      16031.161260761  .31102354114E-6
                      -347.2928340866       -0.0487528      .00696993112115        5.0699884      -1436.028666224        0.0000003

            ST003A    408149.45134191  408149.59909697      -.0785612795084   .0788698584875      -16031.16126045
                      -347.2928426397       -0.0487528      -.0069699311211     -174.9300116      1436.0286665347

 ST003A               408149.45134191  408149.59909697      .40814945134191  .40814959909697      83293.047621508  83293.047621508
                      -347.2928426397       -0.0487528      -.3472928426E-3       -0.0487528                  0.0              0.0

            TERRA                 0.0              0.0      -.4081494513419  .40814959909697                  0.0
                                  0.0              0.0      .34729284264E-3      179.9512472                  0.0

 9049A                 112646.8734289  112646.91420834      1.1941847801208    1.19447904514      67261.861497907  67261.861497907
                      -95.85068669841       -0.0487527      -.0265122652054       -1.2718228      1436.0301758424     1436.0301758

            TERRA                 0.0              0.0      -1.194184780121    1.19447904514                  0.0
                                  0.0              0.0      .02651226520538      178.7281772                  0.0

 ST003A               408149.45134191  408149.59909697      -.3295881450176   .3296693600784       -67261.8808871   -67261.8808871
                      -347.2928426397       -0.0487528      .00731721520424      178.7281803      -1436.026883589    -1436.0268836

            TERRA                 0.0              0.0      .32958814501762   .3296693600784                  0.0
                                  0.0              0.0      -.0073172152042       -1.2718197                  0.0

 E003B                -204375.4902453  408149.59918203      -.0332442868967  .07886953392346      16031.093713254  .31101808418E-6
                      -353294.1469929     -120.0487528      -.0715207715984     -114.9299486      -1436.040388304        0.0000003

            ST003B    -204375.4902491  408149.59917488      .03324428689666  .07886953392346      -16031.09371294
                      -353294.1469824     -120.0487528      .07152077159844       65.0700514      1436.0403886155

 ST003B               -204375.4902491  408149.59917488      -.2043754902491  .40814959917488      83293.047653309  83293.047653309
                      -353294.1469824     -120.0487528      -.3532941469824     -120.0487528                  0.0              0.0

            TERRA                 0.0              0.0      .20437549024911  .40814959917488                  0.0
                                  0.0              0.0      .35329414698245       59.9512472                  0.0

 9049B                -56406.44588657  112646.91422984      -.6200526952744  1.1944791469781      67261.867306021  67261.867306021
                      -97507.12870324     -120.0487527      -1.020938336849     -121.2718204      1436.0274549492     1436.0274549

            TERRA                 0.0              0.0      .62005269527435  1.1944791469781                  0.0
                                  0.0              0.0      1.0209383368492       58.7281796                  0.0

 ST003B               -204375.4902491  408149.59917488      .17113095521927  .32966939784683      -67261.88876498  -67261.88876498
                      -353294.1469824     -120.0487528      .28177314996719       58.7281867      -1436.019591451    -1436.0195915

            TERRA                 0.0              0.0      -.1711309552193  .32966939784683                  0.0
                                  0.0              0.0      -.2817731499672     -121.2718133                  0.0

 E003C                -203773.9612715  408149.59920132      -.0453169923276  .07887000957433      16031.189119156  .31102536013E-6
                      353641.43993021      119.9512472      .06455113179982      125.0701024       -1436.06329431        0.0000003

            ST003C    -203773.9612605  408149.59919417      .04531699232757  .07887000957433      -16031.18911885
                      353641.43992829      119.9512472      -.0645511317998      -54.9298976      1436.0632946211

 ST003C               -203773.9612605  408149.59919417      -.2037739612605  .40814959919417       83293.04766118   83293.04766118
                      353641.43992829      119.9512472      .35364143992829      119.9512472                  0.0              0.0

            TERRA                 0.0              0.0      .20377396126053  .40814959919417                  0.0
                                  0.0              0.0      -.3536414399283      -60.0487528                  0.0

 9049C                -56240.42758862  112646.91423516      -.5741321444511  1.1944790113012       67261.85969884   67261.85969884
                      97602.979418423      119.9512473      1.0474504232407      118.7281808      1436.0259013088     1436.0259013

            TERRA                 0.0              0.0      .57413214445114  1.1944790113012                  0.0
                                  0.0              0.0      -1.047450423241      -61.2718192                  0.0

 ST003C               -203773.9612605  408149.59919417      .15845714509487  .32966933676688      -67261.87603798  -67261.87603798
                      353641.43992829      119.9512472      -.2890903055668      -61.2718240      -1436.031884542    -1436.0318845

            TERRA                 0.0              0.0      -.1584571450949  .32966933676688                  0.0
                                  0.0              0.0      .28909030556679      118.7281760                  0.0

 RPI_C                -56240.42758862  112646.91423516                  0.0              0.0                  0.0              0.0
                      97602.979418423      119.9512473                  0.0              0.0                  0.0              0.0

            MEASUC    -56240.42758862  112646.91423516                  0.0              0.0                  0.0
                      97602.979418423      119.9512473                  0.0              0.0                  0.0

 RPI_B                -56406.44588657  112646.91422984                  0.0              0.0                  0.0              0.0
                      -97507.12870324     -120.0487527                  0.0              0.0                  0.0              0.0

            MEASUB    -56406.44588657  112646.91422984                  0.0              0.0                  0.0
                      -97507.12870324     -120.0487527                  0.0              0.0                  0.0

 RPI_A                 112646.8734289  112646.91420834                  0.0              0.0                  0.0              0.0
                      -95.85068669841       -0.0487527                  0.0              0.0                  0.0              0.0

            MEASUA     112646.8734289  112646.91420834                  0.0              0.0                  0.0
                      -95.85068669841       -0.0487527                  0.0              0.0                  0.0

 X0001A               408173.07596037  408173.07625512      -.3510834292E-4  .92382657754167                  0.0              0.0
                      -15.51187276763       -0.0021774      -.9238265768746      -90.0021774      188540.56804071   188540.5680407

            TERRA                 0.0              0.0      .35108342916E-4  .92382657754167                  0.0
                                  0.0              0.0      .92382657687456       89.9978226                  0.0

 X0001B               -204099.9716543  408173.07625185      -.8000397300868  .92382657753426                  0.0              0.0
                      -353480.4969834     -120.0021774       .4619436931502      149.9978226      188540.56803769   188540.5680377

            TERRA                 0.0              0.0      .80003973008684  .92382657753426                  0.0
                                  0.0              0.0      -.4619436931502      -30.0021774                  0.0

 X0001C               -204073.1043141  408173.07625262      .80007483841668    .923826577536                  0.0              0.0
                      353496.00885035      119.9978226      .46188288374263       29.9978226       188540.5680384   188540.5680384

            TERRA                 0.0              0.0      -.8000748384167    .923826577536                  0.0
                                  0.0              0.0      -.4618828837426     -150.0021774                  0.0

 X0002A               408169.10020075  408169.10043702      -.3143309454E-4  .92381757899022                  0.0              0.0
                      -13.88804263116       -0.0019495      -.9238175784555      -90.0019495      188536.89509217   188536.8950922

            TERRA                 0.0              0.0      .31433094535E-4  .92381757899022                  0.0
                                  0.0              0.0      .92381757845546       89.9980505                  0.0

 X0002B               -204096.5774965  408169.10043392      -.8000337748517  .92381757898319                  0.0              0.0
                      -353477.8657897     -120.0019495      .46193601108256      149.9980505      188536.89508931   188536.8950893

            TERRA                 0.0              0.0      .80003377485173  .92381757898319                  0.0
                                  0.0              0.0      -.4619360110826      -30.0019495                  0.0

 X0002C               -204072.5227113  408169.10043485      .80006520793534   .9238175789853      -.145519152E-10  -.145519152E-10
                       353491.7538275      119.9980505      .46188156738893       29.9980505      188536.89509017   188536.8950902

            TERRA                 0.0              0.0      -.8000652079353   .9238175789853                  0.0
                                  0.0              0.0      -.4618815673889     -150.0019495                  0.0

     Total network loss  P-loss  by summing injections =   6.192344740313E+05

Output for steady-state phasor switch currents.
      Node-K    Node-M            I-real            I-imag            I-magn          Degrees        Power            Reactive
      X0003A    390A          3.86382186E-01   -1.45138673E+00    1.50193696E+00     -75.0927    7.88683850E+04    2.96239191E+05
      X0003B    390B         -1.45012896E+00    3.91076622E-01    1.50193705E+00     164.9073    7.88683857E+04    2.96239210E+05
      X0003C    390C          1.06374684E+00    1.06031003E+00    1.50193699E+00      44.9073    7.88683473E+04    2.96239206E+05
      X0004A    9049A         1.88935029E+00   -2.98648602E-02    1.88958631E+00      -0.9056    1.06416133E+05    1.59154380E+03
      X0004B    9049B        -9.70538740E-01   -1.62129334E+00    1.88958661E+00    -120.9056    1.06416150E+05    1.59152532E+03
      X0004C    9049C        -9.18811672E-01    1.65115781E+00    1.88958646E+00     119.0944    1.06416141E+05    1.59153224E+03
      X0006A    391A          1.49801509E-01   -5.63099442E-01    5.82684712E-01     -75.1026    2.10974249E+04    7.92942409E+04
      X0006B    391B         -5.62559223E-01    1.51817831E-01    5.82684763E-01     164.8974    2.10974256E+04    7.92942482E+04
      X0006C    391C          4.12757722E-01    4.11281608E-01    5.82684733E-01      44.8974    2.10974180E+04    7.92942458E+04
      XX0012    RPI_C             Open              Open              Open             Open          Open              Open
      XX0013    RPI_B             Open              Open              Open             Open          Open              Open
      XX0014    RPI_A             Open              Open              Open             Open          Open              Open
      9049A     MEASUA       -1.71111708E-07    1.66302556E-07    2.38612147E-07     135.8166   -9.64556956E-03   -9.35853089E-03
      9049B     MEASUB        2.33532774E-07   -1.55716464E-07    2.80686967E-07     -33.6948    1.00535576E-03   -1.57772612E-02
      9049C     MEASUC       -1.12099997E-07   -1.66657628E-07    2.00851125E-07    -123.9262   -4.98086465E-03   -1.01570950E-02
      T_MANC    MEASUC            Open              Open              Open             Open          Open              Open
      T_MANA    MEASUA            Open              Open              Open             Open          Open              Open
      T_MANB    MEASUB            Open              Open              Open             Open          Open              Open

Solution at nodes with known voltage.   Nodes that are shorted together by switches are shown as a group of names, with the printed
result applying to the composite group.   The entry "MVA" is  SQRT( P**2 + Q**2 )  in units of power,  while  "P.F."  is the
associated power factor.
              Node                Source  node  voltage             Injected  source  current              Injected  source  power
              name         Rectangular            Polar          Rectangular            Polar            P  and  Q    MVA and P.F.

              X0008A        408248.29        408248.29      .38638218569076  1.5019369620175      78869.933297358  306581.59821573
                                  0.0              0.0      -1.451386731528      -75.0926993      296263.07563748        0.2572559

              X0008B      -204124.145        408248.29      -1.450128957338  1.5019370549766      78869.934028147  306581.61719092
                      -353553.3901916     -120.0000000      .39107662190736      164.9072999      296263.09507901        0.2572559

              X0008C      -204124.145        408248.29      1.0637468442783  1.5019369864372      78869.895571133  306581.60320038
                      353553.39019156      120.0000000      1.0603100313192       44.9072931      296263.09083906        0.2572558

              X0007A       112676.528       112676.528      1.8893502867039  1.8895863080952       106442.7152408  106456.01227626
                                  0.0              0.0      -.0298648601714       -0.9055959      1682.5343766619        0.9998751

              X0007B       -56338.264       112676.528      -.9705387402755  1.8895866082217      106442.73244286  106456.02918486
                      -97580.73565823     -120.0000000      -1.621293342858     -120.9055859      1682.5159447643        0.9998751

              X0007C       -56338.264       112676.528      -.9188116717773  1.8895864618732      106442.72408798  106456.02093984
                      97580.735658229      120.0000000      1.6511578085392      119.0944103      1682.5228298715        0.9998751

              X0005A        281691.32        281691.32      .14980150880456  .58268471168209      21098.892376574  82068.612788773
                                  0.0              0.0      -.5630994416512      -75.1026291      79310.112504997        0.2570884

              X0005B       -140845.66        281691.32      -.5625592232121  .58268476334533      21098.892995736  82068.620065316
                      -243951.8391456     -120.0000000      .15181783101389      164.8973700      79310.119869912        0.2570884

              X0005C       -140845.66        281691.32       .4127577222871  .58268473306304      21098.885395484  82068.615800188
                      243951.83914557      120.0000000      .41128160770586       44.8973653      79310.117478334        0.2570884

  ---- Initial flux of coil  "X0001A"  to  "      "  =  -4.11465205E-02
  ---- Initial flux of coil  "X0001B"  to  "      "  =  -9.37636140E+02
   Warning.  Preceding flux exceeds the 1st segment.  This means that the steady state solution is not really sinusoidal.
  ---- Initial flux of coil  "X0001C"  to  "      "  =  9.37677286E+02
   Warning.  Preceding flux exceeds the 1st segment.  This means that the steady state solution is not really sinusoidal.
  ---- Initial flux of coil  "X0002A"  to  "      "  =  -3.68391772E-02
  ---- Initial flux of coil  "X0002B"  to  "      "  =  -9.37629160E+02
   Warning.  Preceding flux exceeds the 1st segment.  This means that the steady state solution is not really sinusoidal.
  ---- Initial flux of coil  "X0002C"  to  "      "  =  9.37665999E+02
   Warning.  Preceding flux exceeds the 1st segment.  This means that the steady state solution is not really sinusoidal.

Card of names for time-step loop output.          |  9049A 9049B 9049C T_MANAT_MANBT_MANC1_2LTC1_2LTA1_2LTBT_OPOAT_OPOBT_OPOC
Output voltage differences for pairs of A6 names  |-5T_MANAT_MANCT_MANBT_MANAT_MANCT_MANB1_2LTC1_2LTB1_2LTA1_2LTC1_2LTB1_2LTA
Output voltage differences for pairs of A6 names  |-5T_OPOAT_OPOCT_OPOBT_OPOAT_OPOCT_OPOB
Blank card ending requests for output variables.  |BLANK OUTPUT

Column headings for the  48   EMTP output variables follow.  These are divided among the 5 possible classes as follows ....
  First  33     output variables are electric-network voltage differences (upper voltage minus lower voltage);
  Next   15     output variables are branch currents (flowing from the upper node to the lower node);
Branch power  consumption (power  flow, if a switch) is treated like a branch voltage for this grouping (9  variables);
Branch energy consumption (energy flow, if a switch) is treated like a branch current for this grouping (9  variables).
   Step      Time      RPI_C      RPI_B      RPI_A      TERRA      TERRA      TERRA      TERRA      TERRA      TERRA      T_MANC
                       MEASUC     MEASUB     MEASUA     PRMANA     PRMANB     PRMANC     PROPOA     PROPOB     PROPOC     MEASUC

                       T_MANA     T_MANB     9049A      9049B      9049C      T_MANA     T_MANB     T_MANC     1_2LTC     1_2LTA
                       MEASUA     MEASUB

                       1_2LTB     T_OPOA     T_OPOB     T_OPOC     T_MANA     T_MANB     T_MANC     1_2LTC     1_2LTA     1_2LTB
                                                                   T_MANC     T_MANA     T_MANB     1_2LTB     1_2LTC     1_2LTA

                       T_OPOA     T_OPOB     T_OPOC     XX0012     XX0013     XX0014     T_MANC     T_MANA     T_MANB     TERRA
                       T_OPOC     T_OPOA     T_OPOB     RPI_C      RPI_B      RPI_A      MEASUC     MEASUA     MEASUB     PRMANA

                       TERRA      TERRA      TERRA      TERRA      TERRA      RPI_C      RPI_B      RPI_A
                       PRMANB     PRMANC     PROPOA     PROPOB     PROPOC     MEASUC     MEASUB     MEASUA
 ***      Phasor I(0) =  3.8638219E-01                     Switch  "X0003A"  to  "390A  "  closed in the steady-state.
 ***      Phasor I(0) = -1.4501290E+00                     Switch  "X0003B"  to  "390B  "  closed in the steady-state.
 ***      Phasor I(0) =  1.0637468E+00                     Switch  "X0003C"  to  "390C  "  closed in the steady-state.
 ***      Phasor I(0) =  1.8893503E+00                     Switch  "X0004A"  to  "9049A "  closed in the steady-state.
 ***      Phasor I(0) = -9.7053874E-01                     Switch  "X0004B"  to  "9049B "  closed in the steady-state.
 ***      Phasor I(0) = -9.1881167E-01                     Switch  "X0004C"  to  "9049C "  closed in the steady-state.
 ***      Phasor I(0) =  1.4980151E-01                     Switch  "X0006A"  to  "391A  "  closed in the steady-state.
 ***      Phasor I(0) = -5.6255922E-01                     Switch  "X0006B"  to  "391B  "  closed in the steady-state.
 ***      Phasor I(0) =  4.1275772E-01                     Switch  "X0006C"  to  "391C  "  closed in the steady-state.
 ***      Phasor I(0) = -1.7111171E-07                     Switch  "9049A "  to  "MEASUA"  closed in the steady-state.
 ***      Phasor I(0) =  2.3353277E-07                     Switch  "9049B "  to  "MEASUB"  closed in the steady-state.
 ***      Phasor I(0) = -1.1210000E-07                     Switch  "9049C "  to  "MEASUC"  closed in the steady-state.
      0       0.0         0.0        0.0        0.0        0.0        0.0        0.0        0.0        0.0        0.0 56240.4276
                   -112646.87 56406.4459 112646.873 -56406.446 -56240.428        0.0        0.0        0.0        0.0        0.0
                          0.0        0.0        0.0        0.0        0.0        0.0        0.0        0.0        0.0        0.0
                          0.0        0.0        0.0        0.0        0.0        0.0        0.0        0.0        0.0        0.0
                          0.0        0.0        0.0        0.0        0.0        0.0        0.0        0.0
    500      .005         0.0        0.0        0.0        0.0        0.0        0.0        0.0        0.0        0.0 75446.7222
                   34718.6456 -110165.37 -34718.646 110165.368 -75446.722        0.0        0.0        0.0        0.0        0.0
                          0.0        0.0        0.0        0.0        0.0        0.0        0.0        0.0        0.0        0.0
                          0.0        0.0        0.0        0.0        0.0        0.0        0.0        0.0        0.0        0.0
                          0.0        0.0        0.0        0.0        0.0        0.0        0.0        0.0
   1000       .01         0.0        0.0        0.0        0.0        0.0        0.0        0.0        0.0        0.0 -102869.08
                   91189.5988 11679.4799 -91189.599  -11679.48 102869.079        0.0        0.0        0.0        0.0        0.0
                          0.0        0.0        0.0        0.0        0.0        0.0        0.0        0.0        0.0        0.0
                          0.0        0.0        0.0        0.0        0.0        0.0        0.0        0.0        0.0        0.0
                          0.0        0.0        0.0        0.0        0.0        0.0        0.0        0.0
   1500      .015         0.0        0.0        0.0        0.0        0.0        0.0        0.0        0.0        0.0 -11870.135
                   -91076.917 102947.052 91076.9171 -102947.05 11870.1352        0.0        0.0        0.0        0.0        0.0
                          0.0        0.0        0.0        0.0        0.0        0.0        0.0        0.0        0.0        0.0
                          0.0        0.0        0.0        0.0        0.0        0.0        0.0        0.0        0.0        0.0
                          0.0        0.0        0.0        0.0        0.0        0.0        0.0        0.0
 ***                                                             Close switch  "XX0012"  to  "RPI_C "  after  1.94400000E-02  sec.
   2000       .02  .2289013E7        0.0        0.0 1.85404578 1.77385977 30.4328121 2.42289986 2.69099141 55.7075409 42792.6396
                   -52234.246 -92290.658 36368.7905 76772.0793 -107070.79 -15865.455 -15518.579 -64278.148 -73162.087 -9533.7232
                    -9794.784 -18136.774 -19113.863 -86965.962 48412.6926 346.876153 -48759.569 -63367.303 63628.3636 -261.06078
                   68829.1881 -977.08885 -67852.099 106.981599        0.0        0.0        0.0        0.0        0.0 .682244E-3
                   .709801E-3 .008627481 .181652E-3 .202429E-3 .005770412 756.847294        0.0        0.0
 ***                                                             Close switch  "XX0014"  to  "RPI_A "  after  2.09200000E-02  sec.
 ***                                                             Close switch  "XX0013"  to  "RPI_B "  after  2.11100000E-02  sec.
   2500      .025  176391.543 128448.616 1027.92003 85.6701412 33.3423603 17.8520074 83.2110466 45.1462018 19.7600071 -11879.109
                   906.827452 10137.0061 -108753.58 57143.6911   61109.79 -107846.75 67280.6972 49230.6809  53741.638 -105293.62
                   76851.7676 -106287.65 78289.3923 51794.7643 -157077.43 175127.445 -18050.016  -23110.13 -159035.26  182145.39
                   -158082.41 184577.042 -26494.628 -29.697773 25.3425152 2.26706863        0.0        0.0        0.0  .17371311
                   .675193409 .236248243 .180298385 1.38922777  .65721181 2108.10973 2346.78138 452.934528
 ***                                                             Close switch  "T_MANC"  to  "MEASUC"  after  2.94100000E-02  sec.
   3000       .03         0.0 7358.59063 215712.393 3.97099531 86.2165651 45.7405866 3.73822913 85.0281151 44.4445369        0.0
                   -13136.587  2426.2878  36355.506 -110616.42 78803.0773 23218.9192 -108190.14 78803.0773 78196.3733 23381.6502
                   -107200.71 22528.1366 -107441.88 77678.6207 -55584.158 -131409.06 186993.214 185397.088 -54814.723 -130582.36
                   -55150.484 -129970.01 185120.498        0.0 6.06571951 -32.841467 29.9510422        0.0        0.0 .396786239
                   .816836042  .57872301 .404178514  1.5335323 1.00561603 2296.86501 3017.70997 939.962248
 ***                                                             Close switch  "T_MANA"  to  "MEASUA"  after  3.10300000E-02  sec.
 ***                                                             Close switch  "T_MANB"  to  "MEASUB"  after  3.17000000E-02  sec.
   3500      .035         0.0        0.0        0.0 61.3663182 2.27684839  75.708707 62.9071522 3.20434668  73.102394        0.0
                          0.0        0.0 91276.1569 17581.6394 -101383.02 91276.1569 17581.6394 -101383.02 -100977.47 90730.3486
                   18902.4109 92414.9696 20857.4908 -99622.655 192659.178 -73694.518 -118964.66 -119879.88 191707.819 -71827.938
                   192037.625 -71557.479 -120480.15        0.0        0.0        0.0 7.01194482 22.6790332 -29.811328 .726816269
                   1.07012396 .707133909 .737731419  1.7919277 1.13498716 2296.86501 3024.85251  1096.0298
   4000       .04         0.0        0.0        0.0 57.4617537 78.9347687 .887250951 57.6450383 77.6212355 .808434491        0.0
                          0.0        0.0 -88324.615 103520.529 -10975.278 -88324.615 103520.529 -10975.278 -11506.084 -88722.025
                   102333.143 -88465.366 102655.586 -10476.464 -77349.336 191845.144 -114495.81 -113839.23 -77215.941 191055.168
                   -77988.902 191120.952 -113132.05        0.0        0.0        0.0 -29.349035 9.51443624 12.8084028 .846872981
                   1.36785283  1.0070141 .860357216 2.09258187 1.43794717 2296.86501 3024.85251  1096.0298
   4500      .045         0.0        0.0        0.0 10.1413247   41.74797 89.9892009 10.4515046 41.6553937 90.1445001        0.0
                          0.0        0.0 -37105.617 -75285.267 110531.868 -37105.617 -75285.267 110531.868 110378.991 -37994.886
                     -75523.1 -37668.794 -75201.748 110627.202 -147637.49  -38179.65 185817.135 185902.091 -148373.88 -37528.213
                     -148296. -37532.953  185828.95        0.0        0.0        0.0 3.51712305 -24.813313 17.2724366 1.18225159
                   1.49910436  1.2567009 1.19905577 2.22634565 1.68906106 2296.86501 3024.85251  1096.0298
   5000       .05         0.0        0.0        0.0  93.933595 25.2926276 23.8887442 93.9735737 26.3887451 24.4776502        0.0
                          0.0        0.0 112928.298 -58598.876 -56949.376 112928.298 -58598.876 -56949.376 -57347.707 113005.946
                   -59443.435 112952.327 -59855.172 -57647.061 169877.675 -171527.17 1649.49988 2095.72887 170353.653 -172449.38
                   170599.389  -172807.5 2208.11033        0.0        0.0        0.0 26.3383976 -4.3876068 -22.525497 1.38263199
                   1.85508869 1.41698035 1.40092099 2.58532503 1.85216547 2296.86501 3024.85251  1096.0298
   5500      .055         0.0        0.0        0.0 8.87880442 90.0799239 44.1379929 8.91359847 90.6586529 45.0191818        0.0
                          0.0        0.0 -34719.188 110587.571 -77410.274 -34719.188 110587.571 -77410.274  -77917.99 -34633.957
                   110931.778  -34787.15 110942.243  -78179.18 42691.0858 145306.759 -187997.84 -188849.77 43284.0332 145565.735
                   43392.0304 145729.393 -189121.42        0.0        0.0        0.0 -21.521578 32.1846852 -8.4843991 1.58613197
                   2.01316067  1.7735606 1.60729895 2.74500391 2.21237273 2296.86501 3024.85251  1096.0298
   6000       .06         0.0        0.0        0.0 63.5856768 .864435222 79.8935747 64.7764717 .799544036 80.6800138        0.0
                          0.0        0.0 -92912.033 -10833.244 104147.354 -92912.033 -10833.244 104147.354 104600.047 -93467.973
                   -10456.882 -93777.998 -10418.699  104658.69 -197059.39 82078.7884 114980.598 115056.929 -198068.02 83011.0914
                   -198436.69 83359.2986 115077.389        0.0        0.0        0.0 -12.081825 -18.441656 32.2703627 1.92258016
                   2.26601544 1.90272209 1.94703533 3.00110631  2.3430096 2296.86501 3024.85251  1096.0298
   6500      .065         0.0        0.0        0.0  63.301143 80.3905793  1.1921636 64.4019076 81.4796361 1.27668363        0.0
                          0.0        0.0 92703.9178 -104470.79 12722.1421 92703.9178 -104470.79 12722.1421 13091.7144 93289.6603
                    -104979.9 93506.4735 -105176.05 13165.3969 79981.7757 -197174.71 117192.935 118071.616  80197.946 -198269.56
                   80341.0766 -198682.52 118341.446        0.0        0.0        0.0 30.3742907 -17.276312 -12.603097  2.0413441
                   2.56480498 2.20285728 2.06721637 3.30283444  2.6466302 2296.86501 3024.85251  1096.0298
   7000       .07         0.0        0.0        0.0 9.30510812 43.0861041 91.3853832 9.47647208 43.6680746 92.2654504        0.0
                          0.0        0.0 35542.9135 76482.2975 -111386.02 35542.9135 76482.2975 -111386.02 -111810.01 35785.6483
                    76868.818 35868.7016  76997.094 -111921.07 146928.932  40939.384 -187868.32 -188678.83  147595.66 41083.1697
                   147789.775 41128.3924 -188918.17        0.0        0.0        0.0 -6.3661098 28.5864818 -22.842024 2.37857639
                   2.69409074  2.4537934 2.40824223 3.43365182 2.89980298 2296.86501 3024.85251  1096.0298
   7500      .075         0.0        0.0        0.0 95.2966861 24.0772327 23.5511006 96.1392053 24.3920646 23.6321576        0.0
                          0.0        0.0 -113744.71 57173.6078 56545.4828 -113744.71 57173.6078 56545.4828 56597.0722 -114129.96
                   57436.3332 -114246.41 57546.1924  56642.707 -170290.19 170918.319 -628.12496 -839.26097 -170727.04 171566.297
                   -170889.12 171792.606 -903.48541        0.0        0.0        0.0 -26.538223  -.3948032 26.2458497 2.57972329
                   3.05159174 2.61280267 2.61114134 3.79509861 3.06081714 2296.86501 3024.85251  1096.0298
   8000       .08         0.0        0.0        0.0 8.77670432  91.376256 43.1442529 8.69973332 92.2992515 43.7436446        0.0
                          0.0        0.0 34518.9873 -111380.46 76533.8902 34518.9873 -111380.46 76533.8902 76935.0533 34397.5915
                   -111812.32 34367.2896 -111941.57 77063.6891 -42014.903 -145899.44 187914.346 188747.375 -42537.462 -146209.91
                   -42696.399 -146308.86 189005.261        0.0        0.0        0.0 22.3013361 -28.527058 5.93300773 2.78239961
                   3.20940994 2.96986818 2.81634321 3.95436326 3.42162632 2296.86501 3024.85251  1096.0298
   8500      .085         0.0        0.0        0.0 62.9471871 .943681554 79.6995943 63.7698635 .911133894 80.4775094        0.0
                          0.0        0.0 92444.3719 11318.9214 -104020.84 92444.3719 11318.9214 -104020.84 -104396.45 92891.7245
                    11180.511 93046.5032 11122.0134 -104527.26 196465.215 -81125.451 -115339.76 -115576.96 197288.172 -81711.214
                   197573.766  -81924.49 -115649.28        0.0        0.0        0.0 12.5071727 17.3437191 -29.691631  3.1185974
                   3.46211671 3.09838566 3.15576921 4.21017454 3.55131071 2296.86501 3024.85251  1096.0298
   9000       .09         0.0        0.0        0.0 62.2277843 80.0893792 1.13213085 62.6925396 81.0545323  1.1879477        0.0
                          0.0        0.0 -91914.596 104274.899 -12397.686 -91914.596 104274.899 -12397.686 -12632.579 -92165.844
                   104746.156 -92257.195 104901.323 -12699.627  -79516.91 196189.494 -116672.58 -117378.74 -79533.265    196912.
                   -79557.567 197158.517 -117600.95        0.0        0.0        0.0 -29.999632 18.2689718 11.9858626 3.23705356
                   3.76074867 3.39883817 3.27545477 4.51163887 3.85543245 2296.86501 3024.85251  1096.0298
   9500      .095         0.0        0.0        0.0 9.37963726 42.3371889 91.7445024 9.59983816 42.5738958 92.8236006        0.0
                          0.0        0.0  -35684.97 -75814.683 111604.662  -35684.97 -75814.683 111604.662 112098.766 -35994.167
                   -75982.085 -36101.419 -76026.327  112259.09 -147289.63 -40129.713 187419.345  188080.85 -148092.93 -39987.917
                   -148360.51 -39924.908 188285.417        0.0        0.0        0.0 6.19251504 -28.837099 22.7800287 3.57457492
                   3.89007796 3.64964128 3.61688245 4.64252545 4.10842022 2296.86501 3024.85251  1096.0298
  10000       0.1         0.0        0.0        0.0 95.7946141 24.2853096  23.529641 96.8636767  24.703856 23.5884832        0.0
                          0.0        0.0 114041.484 -57420.125 -56519.715 114041.484 -57420.125 -56519.715 -56564.197 114512.635
                   -57783.684 114676.066 -57912.816 -56590.342 170561.199 -171461.61 900.410196 1219.48726 171076.832 -172296.32
                   171266.409 -172588.88 1322.47428        0.0        0.0        0.0 26.2434002 -.09709412  -26.17286 3.77548859
                   4.24757696 3.80883022 3.81942587 5.00398472 4.26969037 2296.86501 3024.85251  1096.0298
  10500      .105         0.0        0.0        0.0  8.9063728 91.4390707 43.2357006  8.8867217 92.3815351 43.8963254        0.0
                          0.0        0.0 -34773.047 111418.733 -76614.957 -34773.047 111418.733 -76614.957 -77059.986 -34743.224
                   111854.341 -34734.664 111991.458 -77198.062 41841.9101  146191.78 -188033.69 -188914.33 42316.7621 146597.566
                   42463.3976 146726.122 -189189.52        0.0        0.0        0.0 -22.355576 28.7687211 -6.4973759 3.97837788
                   4.40521768 4.16585014 4.02495176 5.16298117 4.63042192 2296.86501 3024.85251  1096.0298
  11000       .11         0.0        0.0        0.0  62.994656 .965967841 79.5144517 63.8456725 .943462043 80.1995505        0.0
                          0.0        0.0 -92479.222 -11451.797 103899.952 -92479.222 -11451.797 103899.952  104231.45 -92942.573
                   -11360.593 -93101.793 -11317.605 104346.594 -196379.17 81027.4247 115351.749 115592.043 -197174.02 81581.9802
                   -197448.39 81784.1882 115664.199        0.0        0.0        0.0 -12.516981   -17.6711 30.1246029 4.31459174
                   4.65808257 4.29434802 4.36440449 5.41902449 4.76007816 2296.86501 3024.85251  1096.0298
  11500      .115         0.0        0.0        0.0 62.1900189 80.1628369 1.13217912 62.6312677 81.1616179 1.18863864        0.0
                          0.0        0.0 91886.7005 -104322.71 12397.9501 91886.7005 -104322.71 12397.9501 12636.1772 92127.7428
                   -104809.22 92212.1002  -104970.6 12703.3199 79488.7504 -196209.41 116720.658 117445.402 79491.5656 -196936.97
                   79508.7803  -197182.7 117673.915        0.0        0.0        0.0 30.0810484 -17.897826 -12.188328 4.43309553
                   4.95671571 4.59479824 4.48416027 5.72048653 5.06419924 2296.86501 3024.85251  1096.0298
  12000       .12         0.0        0.0        0.0 9.38143068 42.4204111  91.727202 9.60380032 42.6983566 92.8002845        0.0
                          0.0        0.0 35688.3812 75889.1605 -111594.14 35688.3812 75889.1605 -111594.14 -112084.41 36001.5134
                   76085.0873  36108.868 76137.3737 -112244.99  147282.52 40200.7793  -187483.3  -188169.5 148085.921 40083.5739
                   148353.858 40028.5058 -188382.36        0.0        0.0        0.0 -6.1025863  28.700009  -22.56403 4.77052864
                   5.08608648 4.84555853 4.82545434 5.85143705 5.31712382 2296.86501 3024.85251  1096.0298
  12500      .125         0.0        0.0        0.0 95.6740339 24.2776183 23.5674931 96.6811904 24.6931767  23.645504        0.0
                          0.0        0.0 -113969.69 57411.0318 56565.1583 -113969.69 57411.0318 56565.1583 56627.3876 -114413.93
                   57772.4559 -114567.99 57900.2974 56658.6993 -170534.85 171380.719 -845.87342 -1145.0683 -171041.32 172186.391
                   -171226.69 172468.291 -1241.5981        0.0        0.0        0.0 -26.291931 .205354303 26.1113248 4.97142731
                   5.44353149 5.00478292 5.02797514 6.21281696 5.47844614 2296.86501 3024.85251  1096.0298
  13000       .13         0.0        0.0        0.0 8.89671833  91.358324 43.2520414 8.87214315 92.2620199 43.9212615        0.0
                          0.0        0.0  34754.195 -111369.53  76629.434  34754.195 -111369.53  76629.434 77079.3802 34717.5797
                   -111787.97 34706.1614 -111918.99 77219.9854 -41875.239 -146123.72 187998.961 188867.355 -42361.801 -146505.55
                   -42513.824 -146625.15 189138.978        0.0        0.0        0.0 22.3733863 -28.840661 6.46847533 5.17432721
                   5.60119606 5.36179796 5.23351705 6.37184935 5.83916957 2296.86501 3024.85251  1096.0298
  13500      .135         0.0        0.0        0.0  63.020543 .961223875 79.5351337 63.8843871  .93656529 80.2301027        0.0
                          0.0        0.0 92498.2216 11423.6421 -103913.46 92498.2216 11423.6421 -103913.46 -104249.63 92967.9924
                   11322.4817 93130.0163 11276.1629 -104366.47 196411.685  -81074.58 -115337.11 -115572.11 197217.622 -81645.511
                   197496.484 -81853.853 -115642.63        0.0        0.0        0.0 12.4614211 17.6498256 -30.117359 5.51053799
                   5.85404153 5.49032028 5.57296536 6.62786289  5.9688626 2296.86501 3024.85251  1096.0298
  14000       .14         0.0        0.0        0.0 62.2317701 80.1569212 1.13301371 62.6935959 81.1517553 1.19001486        0.0
                          0.0        0.0 -91917.539 104318.859 -12402.519 -91917.539 104318.859 -12402.519 -12642.933 -92169.756
                    104803.36 -92257.972 104964.217 -12710.672 -79515.021 196236.398 -116721.38 -117446.29 -79526.823 196973.117
                     -79547.3 197222.189 -117674.89        0.0        0.0        0.0 -30.068293 17.9131238 12.1480519 5.62905267
                    6.1526697 5.79075114 5.69273748 6.92931734  6.2729548 2296.86501 3024.85251  1096.0298
  14500      .145         0.0        0.0        0.0 9.38022195 42.4304188 91.7023403 9.60205885 42.7129575 92.7633491        0.0
                          0.0        0.0 -35686.082 -75898.112 111579.015 -35686.082 -75898.112 111579.015  112063.94 -35998.578
                   -76097.036 -36105.594  -76150.39 112222.651  -147265.1  -40212.03 187477.127 188160.976 -148062.52 -40098.458
                   -148328.24 -40044.796 188373.041        0.0        0.0        0.0 6.10791991 -28.718063 22.6024793 5.96648601
                   6.28204167 6.04151756 6.03403162 7.06026973 6.52588864 2296.86501 3024.85251  1096.0298
  15000       .15         0.0        0.0        0.0 95.6701835 24.2784072 23.5617589 96.6752623 24.6944693 23.6369809        0.0
                          0.0        0.0 113967.394 -57411.965 -56558.276 113967.394 -57411.965 -56558.276 -56618.018 114410.815
                   -57773.845 114564.481 -57901.813 -56648.487  170525.67 -171379.36 853.688048 1155.82742 171028.832 -172184.66
                   171212.968 -172466.29 1253.32589        0.0        0.0        0.0 26.2951119 -.17093888  -26.12189 6.16739502
                   6.63949283 6.20073458 6.23656795  7.4216588 6.68719986 2296.86501 3024.85251  1096.0298
  15500      .155         0.0        0.0        0.0 8.89450041 91.3712185 43.2503236 8.86874738 92.2815092 43.9186528        0.0
                          0.0        0.0 -34749.863 111377.386 -76627.912 -34749.863 111377.386 -76627.912   -77077.3 -34711.544
                   111798.799 -34699.519 111930.813 -77217.692 41878.0496 146127.249  -188005.3  -188876.1 42365.7557 146510.343
                   42518.1731 146630.332  -189148.5        0.0        0.0        0.0 -22.360781 28.8241111 -6.4555096 6.37028488
                   6.79716155 6.55774994 6.44209482 7.58069743 7.04792374 2296.86501 3024.85251  1096.0298
  16000       .16         0.0        0.0        0.0 63.0133477 .961193355 79.5411756 63.8736408 .936517336 80.2391592        0.0
                          0.0        0.0 -92492.941 -11423.461  103917.41 -92492.941 -11423.461  103917.41  104255.05 -92960.809
                    -11322.21 -93122.183 -11275.874 104372.358 -196410.35 81069.4803 115340.871  115577.26 -197215.86 81638.5983
                   -197494.54 81846.3088 115648.233        0.0        0.0        0.0 -12.473284 -17.639384 30.1117666 6.70649495
                   7.05000355 6.68627142 6.78154214  7.8367058 7.17761554 2296.86501 3024.85251  1096.0298
  16500      .165         0.0        0.0        0.0 62.2284149 80.1534883 1.13316228 62.6886164   81.14665 1.19024574        0.0
                          0.0        0.0 91915.0614 -104316.62 12403.3319 91915.0614 -104316.62 12403.3319 12644.0234 92166.4137
                   -104800.35 92254.3079 -104960.92 12711.9047 79511.7295 -196231.69 116719.957 117444.372 79522.3903 -196966.76
                   79542.4031 -197215.22  117672.82        0.0        0.0        0.0 30.0721817 -17.923324 -12.151827 6.82500742
                   7.34863362  6.9867051 6.90131091 8.13816315 7.48171194 2296.86501 3024.85251  1096.0298
  17000       .17         0.0        0.0        0.0 9.38069594 42.4274621 91.7069369 9.60275527 42.7085588 92.7702622        0.0
                          0.0        0.0 35686.9837 75895.4673 -111581.81 35686.9837 75895.4673 -111581.81 -112067.74 35999.7642
                   76093.4626 36106.9033 76146.4693 -112226.83 147268.795 40208.4837 -187477.28  -188161.2 148067.502 40093.6984
                   148333.736  40039.566  -188373.3        0.0        0.0        0.0  -6.113682 28.7188295   -22.6022 7.16244337
                   7.47800314 7.23747317 7.24260894 8.26911184 7.73464827 2296.86501 3024.85251  1096.0298
  17500      .175         0.0        0.0        0.0  95.675391 24.2777216 23.5618147 96.6830546 24.6934076 23.6370592        0.0
                          0.0        0.0  -113970.5 57411.1539 56558.3434  -113970.5 57411.1539 56558.3434 56618.0928 -114415.03
                   57772.6975  -114569.1 57900.5682 56648.5808 -170528.84 171381.649  -852.8105 -1154.6048 -171033.13  172187.73
                   -171217.68 172469.666 -1251.9874        0.0        0.0        0.0 -26.293092 .171800762 26.1204564 7.36335204
                   7.83545487 7.39668889 7.44514477 8.63050177 7.89595754 2296.86501 3024.85251  1096.0298
  18000       .18         0.0        0.0        0.0 8.89493085 91.3718573 43.2487992 8.86938146 92.2824299 43.9163696        0.0
                          0.0        0.0 34750.7035 -111377.78 76626.5618 34750.7035 -111377.78 76626.5618 77075.4691 34712.6745
                    -111799.3 34700.7594 -111931.37  77215.685 -41875.858 -146128.48 188004.337 188874.772 -42362.795 -146511.98
                   -42514.926 -146632.13 189147.056        0.0        0.0        0.0 22.3622545 -28.824585 6.45813705  7.5662425
                   7.99312256  7.7537046 7.65067254 8.78953884 8.25668195 2296.86501 3024.85251  1096.0298
  18500      .185         0.0        0.0        0.0  63.013182 .961255611 79.5395195 63.8734069 .936608449 80.2366741        0.0
                          0.0        0.0 92492.8194 11423.8307 -103916.33 92492.8194 11423.8307 -103916.33 -104253.58 92960.6547
                   11322.7054 93122.0125 11276.4227 -104370.74 196409.148 -81068.989 -115340.16 -115576.28 197214.231 -81637.949
                   197492.755  -81845.59 -115647.16        0.0        0.0        0.0 12.4728156 17.6421422 -30.111902 7.90245307
                   8.24596559 7.88222531  7.9901206 9.04554875 8.38637258 2296.86501 3024.85251  1096.0298
  19000       .19         0.0        0.0        0.0 62.2275165 80.1544158 1.13311999 62.6872653 81.1480543 1.19018056        0.0
                          0.0        0.0 -91914.398 104317.228 -12403.101 -91914.398 104317.228 -12403.101 -12643.706 -92165.506
                   104801.181 -92253.314 104961.824 -12711.557 -79511.297 196231.626 -116720.33 -117444.89   -79521.8 196966.686
                   -79541.757 197215.137 -117673.38        0.0        0.0        0.0 -30.070826 17.9215046  12.152224 8.02096517
                   8.54459561 8.18265917 8.10988881 9.34700601 8.69046927 2296.86501 3024.85251  1096.0298
  19500      .195         0.0        0.0        0.0 9.38056117 42.4273575 91.7072369 9.60255048 42.7083961  92.770719        0.0
                          0.0        0.0 -35686.727 -75895.374 111581.994 -35686.727 -75895.374 111581.994  112067.99 -35999.412
                   -76093.331 -36106.518 -76146.324 112227.109 -147268.72 -40208.647 187477.367 188161.321  -148067.4 -40093.919
                   -148333.63 -40039.806 188373.433        0.0        0.0        0.0 6.11213606 -28.717929 22.6016291 8.35840085
                   8.67396529 8.43342677 8.45118646 9.47795494 8.94340488 2296.86501 3024.85251  1096.0298
  20000       0.2         0.0        0.0        0.0 95.6748923 24.2777742 23.5618005  96.682306 24.6934894 23.6370376        0.0
                          0.0        0.0 113970.198 -57411.216 -56558.326 113970.198 -57411.216 -56558.326  -56618.07 114414.628
                   -57772.785 114568.655 -57900.664 -56648.555 170528.525 -171381.41 852.889741 1154.71522 171032.698 -172187.41
                   171217.209 -172469.32 1252.10909        0.0        0.0        0.0 26.2935356 -.17291275 -26.120699 8.55930918
                   9.03141691 8.59264297 8.65372177 9.83934473 9.10471487 2296.86501 3024.85251  1096.0298
  20500      .205         0.0        0.0        0.0 8.89492723 91.3714928 43.2492066  8.8693762 92.2818928 43.9169786        0.0
                          0.0        0.0 -34750.696 111377.553 -76626.923 -34750.696 111377.553 -76626.923 -77075.958 -34712.667
                   111799.006 -34700.749 111931.045  -77216.22 41876.2263  146128.25 -188004.48 -188874.96 42363.2915 146511.673
                   42515.4712 146631.794 -189147.27        0.0        0.0        0.0 -22.362652 28.8249202 -6.4582066 8.76219996
                    9.1890845 8.94965869 8.85925002 9.99838164  9.4654393 2296.86501 3024.85251  1096.0298
  21000       .21         0.0        0.0        0.0 63.0135374 .961268013 79.5396016 63.8739398 .936626995 80.2367987        0.0
                          0.0        0.0  -92493.08 -11423.904 103916.382  -92493.08 -11423.904 103916.382 104253.649 -92961.009
                   -11322.808 -93122.401 -11276.534 104370.823 -196409.46 81069.1759 115340.286 115576.457 -197214.66 81638.2005
                   -197493.22 81845.8666 115647.358        0.0        0.0        0.0 -12.472621 -17.642107 30.1120509 9.09841047
                   9.44192756 9.07817945   9.198698 10.2543916    9.59513 2296.86501 3024.85251  1096.0298
  21500      .215         0.0        0.0        0.0 62.2276979 80.1544185 1.13310474 62.6875384 81.1480503 1.19015791        0.0
                          0.0        0.0 91914.5319 -104317.23 12403.0171 91914.5319 -104317.23 12403.0171  12643.595 92165.6887
                   -104801.18 92253.5146 -104961.82 12711.4357 79511.5149 -196231.76 116720.247 117444.773 79522.0936 -196966.87
                   79542.0789 -197215.34 117673.257        0.0        0.0        0.0 30.0710443 -17.921453 -12.152117 9.21692269
                   9.74055751 9.37861325 9.31846638 10.5558488 9.89922659 2296.86501 3024.85251  1096.0298
  22000       .22         0.0        0.0        0.0 9.38055872 42.4274462 91.7070513 9.60254793 42.7085304 92.7704374        0.0
                          0.0        0.0 35686.7227 75895.4531 -111581.88 35686.7227 75895.4531 -111581.88 -112067.84 35999.4084
                   76093.4399 36106.5135 76146.4439 -112226.94 147268.603 40208.7304 -187477.33 -188161.28 148067.244 40094.0316
                   148333.452 40039.9304 -188373.38        0.0        0.0        0.0 -6.1122494 28.7181068 -22.601583 9.55435833
                   9.86992727 9.62938085 9.65976397 10.6867978 10.1521622 2296.86501 3024.85251  1096.0298
  22500      .225         0.0        0.0        0.0 95.6747776  24.277793 23.5618205 96.6821321 24.6935204 23.6370698        0.0
                          0.0        0.0 -113970.13 57411.2384 56558.3504 -113970.13 57411.2384 56558.3504 56618.1048 -114414.53
                   57772.8183 -114568.55 57900.7004 56648.5935 -170528.48 171381.368 -852.88793 -1154.7135 -171032.64 172187.352
                   -171217.14 172469.252  -1252.107        0.0        0.0        0.0 -26.293426 .172730967 26.1206737  9.7552667
                   10.2273789 9.78859704 9.86229934 11.0481876 10.3134722 2296.86501 3024.85251  1096.0298
  23000       .23         0.0        0.0        0.0 8.89492393 91.3714787 43.2491944 8.86937195 92.2818678 43.9169627        0.0
                          0.0        0.0   34750.69 -111377.54 76626.9119   34750.69 -111377.54 76626.9119 77075.9446 34712.6589
                   -111798.99 34700.7408 -111931.03 77216.2064 -41876.222 -146128.23 188004.456 188874.937 -42363.286 -146511.65
                   -42515.466 -146631.77 189147.237        0.0        0.0        0.0 22.3625062 -28.824848 6.45814312 9.95815743
                   10.3850465 10.1456127 10.0678275 11.2072245 10.6741966 2296.86501 3024.85251  1096.0298
  23500      .235         0.0        0.0        0.0 63.0134918 .961262683 79.5396144 63.8738724 .936619498 80.2368144        0.0
                          0.0        0.0 92493.0468 11423.8727 -103916.39 92493.0468 11423.8727 -103916.39 -104253.66 92960.9639
                   11322.7667 93122.3518 11276.4892 -104370.83 196409.437 -81069.174 -115340.26 -115576.43 197214.623 -81638.197
                   197493.185 -81845.863 -115647.32        0.0        0.0        0.0 12.4726594  17.642005 -30.112042 10.2943679
                   10.6378895 10.2741335 10.4072755 11.4632344 10.8038873 2296.86501 3024.85251  1096.0298
  24000       .24         0.0        0.0        0.0 62.2277065 80.1543887 1.13311156 62.6875498 81.1480096  1.1901679        0.0
                          0.0        0.0 -91914.538 104317.211 -12403.054 -91914.538 104317.211 -12403.054 -12643.644 -92165.697
                   104801.154 -92253.523 104961.795 -12711.489 -79511.484 196231.749 -116720.27  -117444.8 -79522.052  196966.85
                   -79542.034 197215.318 -117673.28        0.0        0.0        0.0 -30.071054  17.921507  12.152101 10.4128801
                   10.9365195 10.5745673 10.5270439 11.7646916 11.1079839 2296.86501 3024.85251  1096.0298
  24500      .245         0.0        0.0        0.0 9.38056901 42.4274517 91.7070603 9.60256285 42.7085361 92.7704546        0.0
                          0.0        0.0 -35686.742 -75895.458 111581.886 -35686.742 -75895.458 111581.886 112067.844 -35999.434
                   -76093.445 -36106.542 -76146.449 112226.949 -147268.63 -40208.716 187477.344 188161.289 -148067.28 -40094.011
                   -148333.49 -40039.907 188373.398        0.0        0.0        0.0 6.11226568 -28.718109 22.6016235 10.7503158
                   11.0658892 10.8253349 10.8683415 11.8956406 11.3609195 2296.86501 3024.85251  1096.0298
  25000       .25         0.0        0.0        0.0 95.6748016  24.277794 23.5618239   96.68217 24.6935197 23.6370728        0.0
                          0.0        0.0 113970.144  -57411.24 -56558.354 113970.144  -57411.24 -56558.354 -56618.109 114414.554
                   -57772.818 114568.574 -57900.699 -56648.597 170528.499 -171381.38 852.885091  1154.7091 171032.663 -172187.37
                   171217.171 -172469.27 1252.10246        0.0        0.0        0.0 26.2934498 -.17271988 -26.120676 10.9512242
                   11.4233408 10.9845511 11.0708768 12.2570304 11.5222295 2296.86501 3024.85251  1096.0298
  25500      .255         0.0        0.0        0.0 8.89492535 91.3714913 43.2491875 8.86937342 92.2818906 43.9169497        0.0
                          0.0        0.0 -34750.693 111377.552 -76626.906 -34750.693 111377.552 -76626.906 -77075.935 -34712.662
                   111799.005 -34700.744 111931.044 -77216.195  41876.213 146128.245 -188004.46 -188874.94 42363.2732 146511.666
                   42515.4512 146631.788 -189147.24        0.0        0.0        0.0 -22.362519 28.8248547 -6.4581355 11.1541149
                   11.5810085 11.3415668  11.276405 12.4160674 11.8829539 2296.86501 3024.85251  1096.0298
  26000       .26         0.0        0.0        0.0 63.0134874  .96126355 79.5396124 63.8738643 .936620355  80.236815        0.0
                          0.0        0.0 -92493.044 -11423.878 103916.389 -92493.044 -11423.878 103916.389 104253.659 -92960.959
                   -11322.772 -93122.346 -11276.494 104370.834 -196409.43 81069.1657 115340.267  115576.43 -197214.62 81638.1869
                   -197493.18 81845.8515 115647.328        0.0        0.0        0.0 -12.472652 -17.642021 30.1120387 11.4903254
                   11.8338515 11.4700876  11.615853 12.6720773 12.0126446 2296.86501 3024.85251  1096.0298
  26500      .265         0.0        0.0        0.0 62.2276985 80.1543931  1.1331104 62.6875394 81.1480125 1.19016656        0.0
                          0.0        0.0 91914.5324 -104317.21  12403.048 91914.5324 -104317.21  12403.048 12643.6372 92165.6894
                   -104801.16 92253.5154  -104961.8 12711.4819 79511.4843 -196231.75 116720.261 117444.793 79522.0523 -196966.85
                   79542.0335 -197215.31 117673.279        0.0        0.0        0.0 30.0710458 -17.921501 -12.152106 11.6088376
                   12.1324815 11.7705214 11.7356213 12.9735345 12.3167412 2296.86501 3024.85251  1096.0298
  27000       .27         0.0        0.0        0.0 9.38056617 42.4274433 91.7070679 9.60255912 42.7085263 92.7704623        0.0
                          0.0        0.0 35686.7368 75895.4505 -111581.89 35686.7368 75895.4505 -111581.89 -112067.85 35999.4275
                   76093.4366 36106.5345 76146.4402 -112226.95 147268.628 40208.7137 -187477.34 -188161.29 148067.277 40094.0091
                   148333.488 40039.9057 -188373.39        0.0        0.0        0.0 -6.1122612 28.7181006 -22.601617 11.9462733
                   12.2618512  12.021289  12.076919 13.1044835 12.5696768 2296.86501 3024.85251  1096.0298
  27500      .275         0.0        0.0        0.0  95.674807 24.2777902 23.5618191 96.6821761 24.6935159 23.6370675        0.0
                          0.0        0.0 -113970.15  57411.235 56558.3487 -113970.15  57411.235 56558.3487 56618.1023 -114414.56
                   57772.8135 -114568.58 57900.6951 56648.5908  -170528.5 171381.382 -852.88628 -1154.7111 -171032.66 172187.371
                   -171217.17 172469.273 -1252.1044        0.0        0.0        0.0 -26.293446 .172726482 26.1206753 12.1471816
                   12.6193028 12.1805052 12.2794543 13.4658732 12.7309868 2296.86501 3024.85251  1096.0298
  28000       .28         0.0        0.0        0.0 8.89492363 91.3714961 43.2491847 8.86937143 92.2818938 43.9169481        0.0
                          0.0        0.0 34750.6894 -111377.56 76626.9033 34750.6894 -111377.56 76626.9033 77075.9329 34712.6579
                   -111799.01 34700.7398 -111931.05 77216.1936 -41876.214 -146128.24 188004.458  188874.94 -42363.275 -146511.66
                   -42515.454 -146631.79 189147.239        0.0        0.0        0.0 22.3625217 -28.824856 6.45814291 12.3500724
                   12.7769704 12.5375209 12.4849825 13.6249102 13.0917112 2296.86501 3024.85251  1096.0298
  28500      .285         0.0        0.0        0.0 63.0134861 .961262986 79.5396167 63.8738638 .936619934 80.2368179        0.0
                          0.0        0.0 92493.0426 11423.8745 -103916.39 92493.0426 11423.8745 -103916.39 -104253.66 92960.9582
                   11322.7691 93122.3456 11276.4919 -104370.84 196409.435 -81069.168 -115340.27 -115576.43 197214.619 -81638.189
                   197493.181 -81845.854 -115647.33        0.0        0.0        0.0 12.4726559 17.6420225 -30.112038 12.6862829
                   13.0298135 12.6660416 12.8244305 13.8809201 13.2214019 2296.86501 3024.85251  1096.0298
  29000       .29         0.0        0.0        0.0 62.2277024 80.1543893 1.13311093 62.6875437 81.1480105 1.19016692        0.0
                          0.0        0.0 -91914.535 104317.211 -12403.051 -91914.535 104317.211 -12403.051  -12643.64 -92165.692
                   104801.154 -92253.519 104961.795 -12711.484 -79511.484 196231.746 -116720.26 -117444.79 -79522.053 196966.847
                   -79542.035 197215.314 -117673.28        0.0        0.0        0.0 -30.071045  17.921501 12.1521088 12.8047951
                   13.3284434 12.9664754 12.9441988 14.1823773 13.5254985 2296.86501 3024.85251  1096.0298
  29500      .295         0.0        0.0        0.0 9.38056741 42.4274479 91.7070623  9.6025604 42.7085305 92.7704577        0.0
                          0.0        0.0 -35686.739 -75895.455 111581.887 -35686.739 -75895.455 111581.887 112067.846  -35999.43
                    -76093.44 -36106.537 -76146.444 112226.951 -147268.63 -40208.715 187477.342 188161.286 -148067.28 -40094.011
                   -148333.49 -40039.907 188373.395        0.0        0.0        0.0 6.11226319 -28.718102 22.6016186 13.1422307
                   13.4578132  13.217243 13.2854964 14.3133263 13.7784341 2296.86501 3024.85251  1096.0298
  % % % % % %   Final time step,  PLTFIL  dumps plot data to ".PL4" disk file.
  Done dumping plot points to C-like disk file.
  30000       0.3         0.0        0.0        0.0 95.6748015 24.2777932 23.5618223 96.6821698 24.6935185 23.6370704        0.0
                          0.0        0.0 113970.144 -57411.239 -56558.353 113970.144 -57411.239 -56558.353 -56618.106 114414.554
                   -57772.817 114568.574 -57900.698 -56648.594 170528.497 -171381.38 852.886081 1154.71046  171032.66 -172187.37
                   171217.168 -172469.27 1252.10395        0.0        0.0        0.0  26.293448 -.17272608 -26.120674 13.3431391
                   13.8152648 13.3764592 13.4880318 14.6747161 13.9397441 2296.86501 3024.85251  1096.0298

Extrema of output variables follow.   Order and column positioning are the same as for the preceding time-step loop output.
Variable maxima :  .2289013E7 .3591477E7 300591.813 100.270941 1942.36927 414.602255 106.481861 3068.41774 1325.57353 112646.923
                   112646.768 112646.913 114256.503 165103.266 118849.384 114256.503 159540.403 116872.978 116757.179 115953.186
                    159046.43 117779.737  171667.05 119123.566 201803.835 202260.746  198630.53 199981.115  203328.02 198402.628
                   203339.913 205591.097 200189.647 106.981599 46.5526303  38.768016 33.1573979  38.546743 37.0685885 13.3431391
                   13.8152648 13.3764592 13.4880318 14.6747161 13.9397441 2296.86501 3024.85251  1096.0298
Times of maxima :         .02     .02166     .02302     .04162     .02228     .02071     .04154     .02253     .02063     .00278
                       .00834     .01389     .06679     .02226     .02753     .06679     .02228     .02807     .02808     .03238
                       .02242     .03251     .02253     .02789     .03438     .02281     .04598     .04601     .03432     .02426
                       .03418     .02254     .04594        .02     .02289     .02302     .03166     .03862     .04367        0.3
                          0.3        0.3        0.3        0.3        0.3     .02942     .03171     .03104
Variable minima :         0.0        0.0        0.0        0.0        0.0        0.0        0.0        0.0        0.0 -112646.83
                   -112646.91 -124907.26 -121625.98 -116763.06 -147263.19 -116675.55 -115859.56 -139940.03 -147404.74 -118808.02
                   -115439.53 -120234.78 -116734.42 -152170.77 -199387.61 -206749.59 -212494.22 -205074.52 -200875.11 -210150.73
                    -201611.3 -212906.24  -218249.9 -42.884161 -134.00518 -33.070193 -31.908181 -36.565748 -43.852431        0.0
                          0.0        0.0        0.0        0.0        0.0        0.0        0.0        0.0
Times of minima :         0.0        0.0        0.0        0.0        0.0        0.0        0.0        0.0        0.0     .01111
                       .01667     .02107     .02384     .03051     .02031     .04162     .03105     .02071     .02055     .04145
                        .0312     .04154     .03085     .02063     .04328      .0319     .02228     .02215     .04331     .03203
                        .0432     .03199     .02203     .02111     .02166     .02996     .03927     .03156     .03451        0.0
                          0.0        0.0        0.0        0.0        0.0        0.0        0.0        0.0

Blank card terminating all plot cards.            |BLANK PLOT

Memory storage figures for the preceding, now-completed data case.  -------------------------------  Present   Program
A value of  "-9999"  indicates that no figure is available.         03-Sep-26  15.07.17              figure     limit  (name)
     Size List 1.   Number of electric network nodes.                                                   91      100K  (LBUS)
     Size List 2.   Number of electric network branches.                                               117      120K  (LBRNCH)
     Size List 3.   Number of data values in R, L, C tables.                                           116      500K  (LDATA)
     Size List 4.   Number of electric network sources.                                                  9     20000  (LEXCT)
     Size List 5.   Storage for [Y] & triangularized [Y].  No. times = 223   Factors = 501             888     2000K  (LYMAT)
     Size List 6.   Number of entries in switch table.                  No. flops = 18                  18      5000  (LSWTCH)
     Size List 7.   Number of distinct ALPHANUMERIC data names plus program SPY variables.             150      200K  (LSIZE7)
     Size List 8.   History points of distributed lines.                                               112     2000K  (LPAST)
     Size List 9.   Number of nonlinear elements.                                                       12     10000  (LNONL)
     Size List 10.  Points of nonlinear characteristics.                                                32     16000  (LCHAR)
     Size List 11.  Number of Type-59 S.M. outputs.                                                      0      3000  (LSMOUT)
     Size List 12.  Total number of EMTP output variables.                                              48     12000  (LSIZ12)
     Size List 13.  Working space for batch/SPY plotting.                                            -9999     1000K  (LSIZ13)
     Size List 14.  S.M./U.M. connections to TACS.                                                   -9999      2000  (LBSTAC)
     Size List 15.  Character storage in bytes for MODELS.                                           -9999     2000K  (LCTACS)
     Size List 16.  Total number of Type-59 S.M. masses.                                                 0      3200  (LIMASS)
     Size List 17.  Number of Type-59 Synchronous machines.                                              0       360  (LSYN)
     Size List 18.  Branch and switch power/energy outputs.                                              9      1016  (MAXPE)
     Size List 19.  Total floating-point TACS table space.                                              23     2000K  (LTACST)
     Size List 20.  Non-copied recursive convolution data plus SEEK of MODELS.                           0     2000K  (LFSEM)
     Size List 21.  Total modal/phase [T] matrix storage.                                               36     12000  (LFD)
     Size List 22.  Total recursive convolution history.                                                 0     1000K  (LHIST)
     Size List 23.  Giant vectors for renumbering, phasors;  also extrema accumulation.                436     2000K  (LSIZ23)
     Size List 24.  Peak phases of compensation for data.                                                3        36  (LCOMP)
     Size List 25.  Total table space for all U.M usage.                                             -9999      240K  (LSPCUM)
     Size List 26.  Square of max number of coupled phases.                                              9     2000K  (LSIZ26)
     Size List 27.  Maximum number of MODELS top variables.                                          -9999      100K  (LSIZ27)
     Size List 28.  MODELS.  Total work space is divided into INTEGER and REAL.  1st, REAL:          -9999     2000K  (LRTACS)
                             Second  and last,  statistics for INTEGER work space.                       0         0  (LITACS)
     Size List 29.  RAM disk used by "TAPSAV" table saving (limit is "LABCOM" size LTLABL).          -9999  84700944  (LSIZ29)
     Size List 30.  ULM line or Noda line or User line circuits.                                           0        39  (LSIZ30)
Timing figures characterizing central processor (CP) solution speed.  ----------------------------   CP sec  Wait sec  Real sec
     Data input time (through blank card ending branches) ....                                       0.010     0.000     0.010
     Node renumbering and phasor solution  ....                                                      0.010     0.000     0.010
     After phasor solution, but before time-step loop  ....                                          0.010     0.000     0.010
     Integration of equations (time-step loop)  ....                                                 0.280     0.000     0.280
     Plotting or STATISTICS termination overlays ....                                                0.000     0.000     0.000
                                                                                                    ---------------------------
                                                                                          Totals      0.310     0.000     0.310

