   ---   411   cards of disk file read into card cache cells  1   onward.
 <===> Done with  "/"-card sorting by data class.    Remember that the source file appears different from interpreted input data.
Alternative Transients Program (ATP),  Intel Visual Fortran.    All rights reserved by Can/Am user group of Portland, Oregon, USA.
 Date (dd-mth-yy) and time of day (hh.mm.ss) = 03-Sep-26  18.30.09    Name of disk plot file is  case.pl4
Consult the 860-page ATP Rule Book of the Can/Am EMTP User Group in Portland,  Oregon, USA.  Source code date is 19 June 2017.
Total size of LABCOM tables = 80605677 INTEGER words.  31 VARDIM  List Sizes follow:  100K  120K  500K  20K  2000K  5K  200K
 2000K  10K  16K  3K  12K 1000K  2K 2000K  3200  360  1016 2000K 2000K  12K 1000K 2000K  36  240K 2000K  100K 2000K84700K  39  100K
--------------------------------------------------+--------------------------------------------------------------------------------
Descriptive interpretation of input data cards.   |  Input data card images are shown below, all 80 columns, character by character
                                                  0         1         2         3         4         5         6         7         8
                                                  012345678901234567890123456789012345678901234567890123456789012345678901234567890
--------------------------------------------------+--------------------------------------------------------------------------------
Comment card.   Card index = 1.                   |C data:case.atp
Marker card preceding new EMTP data case.         |BEGIN NEW DATA CASE
Comment card.   Card index = 3.                   |C ------------------------------------------------------------------------------
Comment card.   Card index = 4.                   |C Generated by ATPDraw September, 3, 2026
Comment card.   Card index = 5.                   |C from project /tmp/tmpmfm76ut3/case.xml
Comment card.   Card index = 6.                   |C ATPDraw developed by H. K. Høidalen at NTNU - NORWAY 1999-2022
Comment card.   Card index = 7.                   |C ------------------------------------------------------------------------------
Use  SPY  DEPOSIT  on following variable.         |$DEPOSIT, SIGMAX=3.0
Comment card.   Card index = 9.                   |C $DUMMY, XYZ000
Comment card.   Card index = 10.                  |C  dT  >< Tmax >< Xopt >< Copt ><Epsiln>
Misc. data.     1.000E-05   3.000E-01   6.000E+01 |   1.E-5      .3     60.     60.  1.E-16
Misc. data.  500  1  1  1  1  0  0  1  100  0     |     500       1       1       1       1       0       0       1     100
Statistics data.      1    0    0    0    1    0  |       1       0       0       0       1      -1                               0
Comment card.   Card index = 14.                  |C        1         2         3         4         5         6         7         8
Comment card.   Card index = 15.                  |C 345678901234567890123456789012345678901234567890123456789012345678901234567890
Comment card.   Card index = 16.                  |C < n1 >< n2 ><ref1><ref2>< R  >< L  >< C  >
Comment card.   Card index = 17.                  |C < n1 >< n2 ><ref1><ref2>< R  >< A  >< B  ><Leng><><>0
Comment card.   Card index = 18.                  |C bar from: 390 - bar to: 391 - fictional: 1505 1505 - SGOTA3-MG000
Sat. Xformer.    2.456E-02  2.878E+01  0.000E+00  |  TRANSFORMER             .0245628.784X0001A                                   0
    Breakpoint.      2.45605E-02    2.87840E+01   |     0.024560452        28.78395
    Breakpoint.      9.03510E-01    1.08293E+03   |     0.903510298      1082.93048
    Breakpoint.      1.66111E+00    1.13708E+03   |      1.66111143        1137.077
    Breakpoint.      3.75350E+00    1.19122E+03   |      3.75349629      1191.22352
    Breakpoint.      7.42970E+00    1.23454E+03   |      7.42970164      1234.54074
    Breakpoint.      1.75927E+01    1.28869E+03   |      17.5926808      1288.68727
    Breakpoint.      2.79951E+01    1.30601E+03   |      27.9951131      1306.01415
    Breakpoint.      8.30078E+02    1.55942E+03   |       830.07831      1559.41988
Special termination-of-points card.               |            9999
  Winding 1.   1.7190E+00  1.8237E-01  2.8868E+02 | 1390A                     1.719 68.75288.68
  Winding 2.   1.8700E-01 -1.9892E-02  1.9919E+02 | 2391A                      .187-7.499199.19
  Winding 3.   3.2000E-02  1.1247E-03  1.3800E+01 | 3395A  395B                .032  .424  13.8
Transformer copy using reference name  "X0001A"   |  TRANSFORMER X0001A                  X0001B                                   0
  Winding 1.   (No values read, since copy)       | 1390B
  Winding 2.   (No values read, since copy)       | 2391B
  Winding 3.   (No values read, since copy)       | 3395B  395C
Transformer copy using reference name  "X0001A"   |  TRANSFORMER X0001A                  X0001C                                   0
  Winding 1.   (No values read, since copy)       | 1390C
  Winding 2.   (No values read, since copy)       | 2391C
  Winding 3.   (No values read, since copy)       | 3395C  395A
Series R-L-C.   1.000E+06  0.000E+00  0.000E+00   |  395A                      1.E6                                               0
Series R-L-C.   1.000E+06  0.000E+00  0.000E+00   |  395B                      1.E6                                               0
Series R-L-C.   1.000E+06  0.000E+00  0.000E+00   |  395C                      1.E6                                               0
Comment card.   Card index = 43.                  |C bar from: 390 - bar to: 391 - fictional: 393 393 - SGOTA4-MG000
Sat. Xformer.    2.456E-02  2.878E+01  0.000E+00  |  TRANSFORMER             .0245628.784X0002A                                   0
    Breakpoint.      2.45605E-02    2.87840E+01   |     0.024560452        28.78395
    Breakpoint.      9.03510E-01    1.08293E+03   |     0.903510298      1082.93048
    Breakpoint.      1.66111E+00    1.13708E+03   |      1.66111143        1137.077
    Breakpoint.      3.75350E+00    1.19122E+03   |      3.75349629      1191.22352
    Breakpoint.      7.42970E+00    1.23454E+03   |      7.42970164      1234.54074
    Breakpoint.      1.75927E+01    1.28869E+03   |      17.5926808      1288.68727
    Breakpoint.      2.79951E+01    1.30601E+03   |      27.9951131      1306.01415
    Breakpoint.      8.30078E+02    1.55942E+03   |       830.07831      1559.41988
Special termination-of-points card.               |            9999
  Winding 1.   1.5120E+00  1.6048E-01  2.8868E+02 | 1390A                     1.512  60.5288.68
  Winding 2.   5.4000E-02 -5.6818E-03  1.9919E+02 | 2391A                      .054-2.142199.19
  Winding 3.   3.2000E-02  1.1194E-03  1.3800E+01 | 3397A  397B                .032  .422  13.8
Transformer copy using reference name  "X0002A"   |  TRANSFORMER X0002A                  X0002B                                   0
  Winding 1.   (No values read, since copy)       | 1390B
  Winding 2.   (No values read, since copy)       | 2391B
  Winding 3.   (No values read, since copy)       | 3397B  397C
Transformer copy using reference name  "X0002A"   |  TRANSFORMER X0002A                  X0002C                                   0
  Winding 1.   (No values read, since copy)       | 1390C
  Winding 2.   (No values read, since copy)       | 2391C
  Winding 3.   (No values read, since copy)       | 3397C  397A
Series R-L-C.   1.000E+06  0.000E+00  0.000E+00   |  397A                      1.E6                                               0
Series R-L-C.   1.000E+06  0.000E+00  0.000E+00   |  397B                      1.E6                                               0
Series R-L-C.   1.000E+06  0.000E+00  0.000E+00   |  397C                      1.E6                                               0
Comment card.   Card index = 68.                  |C bar from: 391 - bar to: 9098 - fictional: 42076 42076 - SGOTA6-MG000
Sat. Xformer.    6.149E-02  9.864E+00  0.000E+00  |  TRANSFORMER             .061499.8638X0003A                                   0
    Breakpoint.      6.14884E-02    9.86378E+00   |     0.061488436        9.863778
    Breakpoint.      9.82097E-01    7.47225E+02   |     0.982097019      747.225029
    Breakpoint.      1.80559E+00    7.84586E+02   |      1.80559379      784.586281
    Breakpoint.      4.07997E+00    8.21948E+02   |      4.07997288      821.947532
    Breakpoint.      8.07593E+00    8.51837E+02   |      8.07593211      851.836533
    Breakpoint.      1.91229E+01    8.89198E+02   |      19.1228804      889.197785
    Breakpoint.      3.04301E+01    9.01153E+02   |      30.4301093      901.153385
    Breakpoint.      9.02278E+02    1.07600E+03   |      902.277966      1076.00404
Special termination-of-points card.               |            9999
  Winding 1.   7.4000E-01  7.8564E-02  1.9919E+02 | 1391A                       .7429.618199.19
  Winding 2.   9.0000E-03 -9.0453E-04  7.9674E+01 | 29098A                     .009 -.34179.674
  Winding 3.   5.4000E-02  1.8966E-03  1.3800E+01 | 342077A42077B              .054  .715  13.8
Transformer copy using reference name  "X0003A"   |  TRANSFORMER X0003A                  X0003B                                   0
  Winding 1.   (No values read, since copy)       | 1391B
  Winding 2.   (No values read, since copy)       | 29098B
  Winding 3.   (No values read, since copy)       | 342077B42077C
Transformer copy using reference name  "X0003A"   |  TRANSFORMER X0003A                  X0003C                                   0
  Winding 1.   (No values read, since copy)       | 1391C
  Winding 2.   (No values read, since copy)       | 29098C
  Winding 3.   (No values read, since copy)       | 342077C42077A
Series R-L-C.   1.000E+06  0.000E+00  0.000E+00   |  42077A                    1.E6                                               0
Series R-L-C.   1.000E+06  0.000E+00  0.000E+00   |  42077B                    1.E6                                               0
Series R-L-C.   1.000E+06  0.000E+00  0.000E+00   |  42077C                    1.E6                                               0
Comment card.   Card index = 93.                  |C 42077 - SGOTA6-MG013
Comment card.   Card index = 94.                  |C bar from: 9098 - bar to: 9049 - circuit: 7 SGO-DF-MG138 SGOTA2-MG138 300.0
Sat. Xformer.    1.538E-01  8.392E+01  0.000E+00  |  TRANSFORMER             .1538183.924X0004A                                   0
    Breakpoint.      1.53808E-01    8.39241E+01   |      0.15380798       83.924129
    Breakpoint.      2.45543E+00    2.98868E+02   |      2.45542745      298.867504
    Breakpoint.      4.51432E+00    3.13811E+02   |      4.51432442      313.810879
    Breakpoint.      1.02007E+01    3.28754E+02   |      10.2007004      328.754254
    Breakpoint.      2.01914E+01    3.40709E+02   |      20.1913508      340.708954
    Breakpoint.      4.78108E+01    3.55652E+02   |      47.8108014       355.65233
    Breakpoint.      7.60810E+01    3.60434E+02   |      76.0810026       360.43421
    Breakpoint.      2.25586E+03    4.30369E+02   |      2255.86479      430.369205
Special termination-of-points card.               |            9999
  Winding 1.   3.6000E-02  3.8038E-03  7.9674E+01 | 19049A                     .036 1.43479.674
  Winding 2.   3.6000E-02  3.8038E-03  7.9674E+01 | 29098A                     .036 1.43479.674
Transformer copy using reference name  "X0004A"   |  TRANSFORMER X0004A                  X0004B                                   0
  Winding 1.   (No values read, since copy)       | 19049B
  Winding 2.   (No values read, since copy)       | 29098B
Transformer copy using reference name  "X0004A"   |  TRANSFORMER X0004A                  X0004C                                   0
  Winding 1.   (No values read, since copy)       | 19049C
  Winding 2.   (No values read, since copy)       | 29098C
Series R-L-C.   1.000E+06  0.000E+00  0.000E+00   |  9098A                     1.E6                                               0
Series R-L-C.   1.000E+06  0.000E+00  0.000E+00   |  9098B                     1.E6                                               0
Series R-L-C.   1.000E+06  0.000E+00  0.000E+00   |  9098C                     1.E6                                               0
1st of coupled R-L.   1.13780E+01  1.41787E-01    |51X0005AX0010A            11.378     53.4525
2nd coil. 1.373E+00 5.617E-02 0.000E+00 0.000E+00 |52X0005BX0010B            1.3727     21.1765
Zca, Zcc= 3.335E+00 2.854E-02 4.708E+00 8.471E-02 |53X0005CX0010C
1st of coupled R-L.   3.17140E+01  3.38011E-01    |51X0006AX0009A            31.714 127.4272128
2nd coil. 1.489E+01 1.352E-01 0.000E+00 0.000E+00 |52X0006BX0009B             14.89  50.9674572
Zca, Zcc= 5.608E+00 6.761E-02 2.050E+01 2.028E-01 |53X0006CX0009C
1st of coupled R-L.   3.90950E+02  1.44245E+00    |51X0008AX0007A            390.95 543.7895175
2nd coil. 8.644E+00 2.480E-01 0.000E+00 0.000E+00 |52X0008BX0007B            8.6441  93.4941375
Zca, Zcc= 1.274E+02 3.981E-01 1.361E+02 6.461E-01 |53X0008CX0007C
Comment card.   Card index = 125.                 |C < n1 >< n2 ><ref1><ref2>< R  >< L  >< C  >
Comment card.   Card index = 126.                 |C < n1 >< n2 ><ref1><ref2>< R  >< A  >< B  ><Leng><><>0
Comment card.   Card index = 127.                 |C < n1 >< n2 ><ref1><ref2>< R  >< L  >< C  >
Comment card.   Card index = 128.                 |C < n1 >< n2 ><ref1><ref2>< R  >< A  >< B  ><Leng><><>0
1st of coupled R-L.   3.69000E+07  8.17724E+04    |51391A  E001A             3.69E7   30827475.
2nd coil. 2.160E+04 1.538E+02 0.000E+00 0.000E+00 |52391B  E001B             21598.   57981.719
Zca, Zcc= 1.229E+07 2.721E+04 1.231E+07 2.736E+04 |53391C  E001C
Sat. Xformer.    0.000E+00  0.000E+00  1.000E+06  |  TRANSFORMER                         ST001A  1.E6                             0
Special termination-of-points card.               |            9999
  Winding 1.   1.0000E-04  2.6526E-07  1.9919E+02 | 1E001A                    .0001 .0001199.19
  Winding 2.   1.0000E-04  2.6526E-07  7.9674E+01 | 29049A                    .0001 .000179.674
Transformer copy using reference name  "ST001A"   |  TRANSFORMER ST001A                  ST001B                                   0
  Winding 1.   (No values read, since copy)       | 1E001B
  Winding 2.   (No values read, since copy)       | 29049B
Transformer copy using reference name  "ST001A"   |  TRANSFORMER ST001A                  ST001C                                   0
  Winding 1.   (No values read, since copy)       | 1E001C
  Winding 2.   (No values read, since copy)       | 29049C
1st of coupled R-L.   1.58000E+05  4.43667E+02    |51390A  E002A             1.58E5    167258.5
2nd coil. 1.673E+02 3.619E+00 0.000E+00 0.000E+00 |52390B  E002B             167.31    1364.325
Zca, Zcc= 5.261E+04 1.467E+02 5.278E+04 1.503E+02 |53390C  E002C
Sat. Xformer.    0.000E+00  0.000E+00  1.000E+06  |  TRANSFORMER                         ST002A  1.E6                             0
Special termination-of-points card.               |            9999
  Winding 1.   1.0000E-04  2.6526E-07  2.8868E+02 | 1E002A                    .0001 .0001288.68
  Winding 2.   1.0000E-04  2.6526E-07  1.9919E+02 | 2391A                     .0001 .0001199.19
Transformer copy using reference name  "ST002A"   |  TRANSFORMER ST002A                  ST002B                                   0
  Winding 1.   (No values read, since copy)       | 1E002B
  Winding 2.   (No values read, since copy)       | 2391B
Transformer copy using reference name  "ST002A"   |  TRANSFORMER ST002A                  ST002C                                   0
  Winding 1.   (No values read, since copy)       | 1E002C
  Winding 2.   (No values read, since copy)       | 2391C
1st of coupled R-L.   6.29570E+04  3.30096E+02    |51390A  E003A             62957.   124443.25
2nd coil. 1.236E+03 1.123E+01 0.000E+00 0.000E+00 |52390B  E003B             1235.6     4232.25
Zca, Zcc= 2.057E+04 1.063E+02 2.181E+04 1.175E+02 |53390C  E003C
Sat. Xformer.    0.000E+00  0.000E+00  1.000E+06  |  TRANSFORMER                         ST003A  1.E6                             0
Special termination-of-points card.               |            9999
  Winding 1.   1.0000E-04  2.6526E-07  2.8868E+02 | 1E003A                    .0001 .0001288.68
  Winding 2.   1.0000E-04  2.6526E-07  7.9674E+01 | 29049A                    .0001 .000179.674
Transformer copy using reference name  "ST003A"   |  TRANSFORMER ST003A                  ST003B                                   0
  Winding 1.   (No values read, since copy)       | 1E003B
  Winding 2.   (No values read, since copy)       | 29049B
Transformer copy using reference name  "ST003A"   |  TRANSFORMER ST003A                  ST003C                                   0
  Winding 1.   (No values read, since copy)       | 1E003C
  Winding 2.   (No values read, since copy)       | 29049C
Series R-L-C.   1.000E-03  0.000E+00  0.000E+00   |  T_MANCXX0014              .001                                               0
Series R-L-C.   1.000E-03  0.000E+00  0.000E+00   |  XX0015MEASUC              .001                                               4
Series R-L-C.   1.000E-03  0.000E+00  0.000E+00   |  T_MANBXX0016              .001                                               0
Series R-L-C.   1.000E-03  0.000E+00  0.000E+00   |  XX0017MEASUB              .001                                               4
Series R-L-C.   1.000E-03  0.000E+00  0.000E+00   |  T_MANAXX0018              .001                                               0
Series R-L-C.   1.000E-03  0.000E+00  0.000E+00   |  XX0019MEASUA              .001                                               4
Series R-L-C.   1.000E-01  0.000E+00  0.000E+00   |  T_MANB                      .1                                               1
Series R-L-C.   1.000E-03  0.000E+00  0.000E+00   |  T_MANAPRMANA              .001                                               0
Series R-L-C.   1.000E-03  0.000E+00  0.000E+00   |  T_MANBPRMANB              .001                                               0
Series R-L-C.   1.000E-03  0.000E+00  0.000E+00   |  T_MANCPRMANC              .001                                               0
Series R-L-C.   1.000E-03  0.000E+00  0.000E+00   |  T_OPOAPROPOA              .001                                               0
Series R-L-C.   1.000E-03  0.000E+00  0.000E+00   |  T_OPOBPROPOB              .001                                               0
Series R-L-C.   1.000E-03  0.000E+00  0.000E+00   |  T_OPOCPROPOC              .001                                               0
Comment card.   Card index = 181.                 |C 145 kV, Ur=120, MCOV = 96.kV Classe 3: 8kJ/kVr
Type-92 R(i)   0.0000E+00  0.0000E+00  4.4440E+03 |92      PRMANA                         4444.                                   4
Piecewise-lin.   0.000E+00  1.000E+19  0.000E+00  |                                               -1.
    Breakpoint.      1.00000E-03    1.35764E+05   |                    0.001                  135764.
    Breakpoint.      2.00000E-02    1.76190E+05   |                     0.02                  176190.
    Breakpoint.      2.00000E+00    1.85000E+05   |                       2.                   1.85E5
    Breakpoint.      2.00000E+01    1.95461E+05   |                      20.                  195461.
    Breakpoint.      2.50000E+02    2.16935E+05   |                     250.                  216935.
    Breakpoint.      5.00000E+02    2.26000E+05   |                     500.                   2.26E5
    Breakpoint.      1.00000E+03    2.31000E+05   |                     1.E3                   2.31E5
    Breakpoint.      2.00000E+03    2.43000E+05   |                     2.E3                   2.43E5
Special termination-of-points card.               |            9999
Reference branch.   Copy  (      , PRMANA )       |92      PRMANB      PRMANA             4444.                                   4
Reference branch.   Copy  (      , PRMANA )       |92      PRMANC      PRMANA             4444.                                   4
Comment card.   Card index = 195.                 |C 145 kV, Ur=120, MCOV = 96.kV Classe 3: 8kJ/kVr
Type-92 R(i)   0.0000E+00  0.0000E+00  4.4440E+03 |92      PROPOA                         4444.                                   4
Piecewise-lin.   0.000E+00  1.000E+19  0.000E+00  |                                               -1.
    Breakpoint.      1.00000E-03    1.35764E+05   |                    0.001                  135764.
    Breakpoint.      2.00000E-02    1.76190E+05   |                     0.02                  176190.
    Breakpoint.      2.00000E+00    1.85000E+05   |                       2.                   1.85E5
    Breakpoint.      2.00000E+01    1.95461E+05   |                      20.                  195461.
    Breakpoint.      2.50000E+02    2.16935E+05   |                     250.                  216935.
    Breakpoint.      5.00000E+02    2.26000E+05   |                     500.                   2.26E5
    Breakpoint.      1.00000E+03    2.31000E+05   |                     1.E3                   2.31E5
    Breakpoint.      2.00000E+03    2.43000E+05   |                     2.E3                   2.43E5
Special termination-of-points card.               |            9999
Reference branch.   Copy  (      , PROPOA )       |92      PROPOB      PROPOA             4444.                                   4
Reference branch.   Copy  (      , PROPOA )       |92      PROPOC      PROPOA             4444.                                   4
Comment card.   Card index = 209.                 |C 1/6
Comment card.   Card index = 210.                 |C  <++++++>  Cards punched by support routine on  03-Sep-26  16.14.30  <++++++>
Comment card.   Card index = 211.                 |C    **** UNTRANSPOSED K.C. Lee line calculated at   6.000E+01 HZ. ****
Comment card.   Card index = 212.                 |C LINE CONSTANTS
Comment card.   Card index = 213.                 |C $ERASE
Comment card.   Card index = 214.                 |C BRANCH  IN_001OUT001IN_002OUT002IN_003OUT003
Comment card.   Card index = 215.                 |C METRIC
Comment card.   Card index = 216.                 |C   1   .5   .1899 4           1.828    -3.2   22.04      7.     0.0   0.0
Comment card.   Card index = 217.                 |C   2   .5   .1899 4           1.828     3.2    23.9    8.86     0.0   0.0
Comment card.   Card index = 218.                 |C   3   .5   .1899 4           1.828    -3.2   25.76   10.72     0.0   0.0
Comment card.   Card index = 219.                 |C   0.2742    .667 4            1.24     0.0   29.44    18.6     0.0   0.0
Comment card.   Card index = 220.                 |C BLANK CARD ENDING CONDUCTOR CARDS
Comment card.   Card index = 221.                 |C     1.E3       60.                              13.3                 1
Comment card.   Card index = 222.                 |C    The transformation matrix was calculated at  6.00000000E+01 Hz.
New MOLDAT = 1     (data vintage).                |$VINTAGE, 1
 5.284E-01 8.593E+02 2.210E+05 8.593E+02 6.017E-05|-1T_MANAX0011A             5.28357E-01 8.59331E+02 2.21024E+05-1.33000E+01 1  3
 1.912E-01 3.671E+02 2.934E+05 3.671E+02 4.533E-05|-2T_MANBX0011B             1.91185E-01 3.67062E+02 2.93377E+05-1.33000E+01 1  3
 1.906E-01 4.134E+02 2.936E+05 4.134E+02 4.529E-05|-3T_MANCX0011C             1.90555E-01 4.13371E+02 2.93650E+05-1.33000E+01 1  3
New MOLDAT = 0     (data vintage).                |$VINTAGE, 0
TR(1,1 )...  0.594-0.699 0.402                    |  0.59364229 -0.69928374  0.40193149
TI(1,1 )...  0.000 0.000 0.000                    |  0.00000000  0.00000000  0.00000000
TR(2,1 )...  0.611 0.022-0.814                    |  0.61125068  0.02235166 -0.81448972
TI(2,1 )...  0.000 0.000 0.000                    |  0.00000000  0.00000000  0.00000000
TR(3,1 )...  0.523 0.714 0.418                    |  0.52341326  0.71449469  0.41839881
TI(3,1 )...  0.000 0.000 0.000                    |  0.00000000  0.00000000  0.00000000
Comment card.   Card index = 234.                 |C 1/6
Comment card.   Card index = 235.                 |C  <++++++>  Cards punched by support routine on  03-Sep-26  16.14.30  <++++++>
Comment card.   Card index = 236.                 |C    **** UNTRANSPOSED K.C. Lee line calculated at   6.000E+01 HZ. ****
Comment card.   Card index = 237.                 |C LINE CONSTANTS
Comment card.   Card index = 238.                 |C $ERASE
Comment card.   Card index = 239.                 |C BRANCH  IN_001OUT001IN_002OUT002IN_003OUT003
Comment card.   Card index = 240.                 |C METRIC
Comment card.   Card index = 241.                 |C   1   .5   .1899 4           1.828    -3.2   22.04      7.     0.0   0.0
Comment card.   Card index = 242.                 |C   2   .5   .1899 4           1.828     3.2    23.9    8.86     0.0   0.0
Comment card.   Card index = 243.                 |C   3   .5   .1899 4           1.828    -3.2   25.76   10.72     0.0   0.0
Comment card.   Card index = 244.                 |C   0.2742    .667 4            1.24     0.0   29.44    18.6     0.0   0.0
Comment card.   Card index = 245.                 |C BLANK CARD ENDING CONDUCTOR CARDS
Comment card.   Card index = 246.                 |C     1.E3       60.                              13.3                 1
Comment card.   Card index = 247.                 |C    The transformation matrix was calculated at  6.00000000E+01 Hz.
New MOLDAT = 1     (data vintage).                |$VINTAGE, 1
 5.284E-01 8.593E+02 2.210E+05 8.593E+02 6.017E-05|-1X0012AT_OPOA             5.28357E-01 8.59331E+02 2.21024E+05-1.33000E+01 1  3
 1.912E-01 3.671E+02 2.934E+05 3.671E+02 4.533E-05|-2X0012BT_OPOB             1.91185E-01 3.67062E+02 2.93377E+05-1.33000E+01 1  3
 1.906E-01 4.134E+02 2.936E+05 4.134E+02 4.529E-05|-3X0012CT_OPOC             1.90555E-01 4.13371E+02 2.93650E+05-1.33000E+01 1  3
New MOLDAT = 0     (data vintage).                |$VINTAGE, 0
TR(1,1 )...  0.594-0.699 0.402                    |  0.59364229 -0.69928374  0.40193149
TI(1,1 )...  0.000 0.000 0.000                    |  0.00000000  0.00000000  0.00000000
TR(2,1 )...  0.611 0.022-0.814                    |  0.61125068  0.02235166 -0.81448972
TI(2,1 )...  0.000 0.000 0.000                    |  0.00000000  0.00000000  0.00000000
TR(3,1 )...  0.523 0.714 0.418                    |  0.52341326  0.71449469  0.41839881
TI(3,1 )...  0.000 0.000 0.000                    |  0.00000000  0.00000000  0.00000000
Comment card.   Card index = 259.                 |C 1/3
Comment card.   Card index = 260.                 |C  <++++++>  Cards punched by support routine on  03-Sep-26  16.14.31  <++++++>
Comment card.   Card index = 261.                 |C    **** UNTRANSPOSED K.C. Lee line calculated at   6.000E+01 HZ. ****
Comment card.   Card index = 262.                 |C LINE CONSTANTS
Comment card.   Card index = 263.                 |C $ERASE
Comment card.   Card index = 264.                 |C BRANCH  IN_001OUT001IN_002OUT002IN_003OUT003
Comment card.   Card index = 265.                 |C METRIC
Comment card.   Card index = 266.                 |C   1   .5   .1899 4           1.828    -3.2   22.04      7.     0.0   0.0
Comment card.   Card index = 267.                 |C   2   .5   .1899 4           1.828     3.2    23.9    8.86     0.0   0.0
Comment card.   Card index = 268.                 |C   3   .5   .1899 4           1.828    -3.2   25.76   10.72     0.0   0.0
Comment card.   Card index = 269.                 |C   0.2742    .667 4            1.24     0.0   29.44    18.6     0.0   0.0
Comment card.   Card index = 270.                 |C BLANK CARD ENDING CONDUCTOR CARDS
Comment card.   Card index = 271.                 |C     1.E3       60.                              26.7                 1
Comment card.   Card index = 272.                 |C    The transformation matrix was calculated at  6.00000000E+01 Hz.
New MOLDAT = 1     (data vintage).                |$VINTAGE, 1
 5.284E-01 8.593E+02 2.210E+05 8.593E+02 1.208E-04|-1X0011B1_2LTB             5.28357E-01 8.59331E+02 2.21024E+05-2.67000E+01 1  3
 1.912E-01 3.671E+02 2.934E+05 3.671E+02 9.101E-05|-2X0011C1_2LTC             1.91185E-01 3.67062E+02 2.93377E+05-2.67000E+01 1  3
 1.906E-01 4.134E+02 2.936E+05 4.134E+02 9.092E-05|-3X0011A1_2LTA             1.90555E-01 4.13371E+02 2.93650E+05-2.67000E+01 1  3
New MOLDAT = 0     (data vintage).                |$VINTAGE, 0
TR(1,1 )...  0.594-0.699 0.402                    |  0.59364229 -0.69928374  0.40193149
TI(1,1 )...  0.000 0.000 0.000                    |  0.00000000  0.00000000  0.00000000
TR(2,1 )...  0.611 0.022-0.814                    |  0.61125068  0.02235166 -0.81448972
TI(2,1 )...  0.000 0.000 0.000                    |  0.00000000  0.00000000  0.00000000
TR(3,1 )...  0.523 0.714 0.418                    |  0.52341326  0.71449469  0.41839881
TI(3,1 )...  0.000 0.000 0.000                    |  0.00000000  0.00000000  0.00000000
Comment card.   Card index = 284.                 |C 1/3
Comment card.   Card index = 285.                 |C  <++++++>  Cards punched by support routine on  03-Sep-26  16.14.31  <++++++>
Comment card.   Card index = 286.                 |C    **** UNTRANSPOSED K.C. Lee line calculated at   6.000E+01 HZ. ****
Comment card.   Card index = 287.                 |C LINE CONSTANTS
Comment card.   Card index = 288.                 |C $ERASE
Comment card.   Card index = 289.                 |C BRANCH  IN_001OUT001IN_002OUT002IN_003OUT003
Comment card.   Card index = 290.                 |C METRIC
Comment card.   Card index = 291.                 |C   1   .5   .1899 4           1.828    -3.2   22.04      7.     0.0   0.0
Comment card.   Card index = 292.                 |C   2   .5   .1899 4           1.828     3.2    23.9    8.86     0.0   0.0
Comment card.   Card index = 293.                 |C   3   .5   .1899 4           1.828    -3.2   25.76   10.72     0.0   0.0
Comment card.   Card index = 294.                 |C   0.2742    .667 4            1.24     0.0   29.44    18.6     0.0   0.0
Comment card.   Card index = 295.                 |C BLANK CARD ENDING CONDUCTOR CARDS
Comment card.   Card index = 296.                 |C     1.E3       60.                              26.7                 1
Comment card.   Card index = 297.                 |C    The transformation matrix was calculated at  6.00000000E+01 Hz.
New MOLDAT = 1     (data vintage).                |$VINTAGE, 1
 5.284E-01 8.593E+02 2.210E+05 8.593E+02 1.208E-04|-11_2LTCX0012C             5.28357E-01 8.59331E+02 2.21024E+05-2.67000E+01 1  3
 1.912E-01 3.671E+02 2.934E+05 3.671E+02 9.101E-05|-21_2LTAX0012A             1.91185E-01 3.67062E+02 2.93377E+05-2.67000E+01 1  3
 1.906E-01 4.134E+02 2.936E+05 4.134E+02 9.092E-05|-31_2LTBX0012B             1.90555E-01 4.13371E+02 2.93650E+05-2.67000E+01 1  3
New MOLDAT = 0     (data vintage).                |$VINTAGE, 0
TR(1,1 )...  0.594-0.699 0.402                    |  0.59364229 -0.69928374  0.40193149
TI(1,1 )...  0.000 0.000 0.000                    |  0.00000000  0.00000000  0.00000000
TR(2,1 )...  0.611 0.022-0.814                    |  0.61125068  0.02235166 -0.81448972
TI(2,1 )...  0.000 0.000 0.000                    |  0.00000000  0.00000000  0.00000000
TR(3,1 )...  0.523 0.714 0.418                    |  0.52341326  0.71449469  0.41839881
TI(3,1 )...  0.000 0.000 0.000                    |  0.00000000  0.00000000  0.00000000
Blank card ending branches.  IBR, NTOT = 145  100 |BLANK BRANCH
Comment card.   Card index = 310.                 |C < n 1>< n 2>< Tclose ><Top/Tde ><   Ie   ><Vf/CLOP ><  type  >
Permanently-closed switch used for metering.      |  X0005A390A                                          MEASURING                0
Permanently-closed switch used for metering.      |  X0005B390B                                          MEASURING                0
Permanently-closed switch used for metering.      |  X0005C390C                                          MEASURING                0
Permanently-closed switch used for metering.      |  X0006A9049A                                         MEASURING                0
Permanently-closed switch used for metering.      |  X0006B9049B                                         MEASURING                0
Permanently-closed switch used for metering.      |  X0006C9049C                                         MEASURING                0
Permanently-closed switch used for metering.      |  X0008A391A                                          MEASURING                0
Permanently-closed switch used for metering.      |  X0008B391B                                          MEASURING                0
Permanently-closed switch used for metering.      |  X0008C391C                                          MEASURING                0
Switch.   2.00E-02  8.33E-04  0.00E+00  0.00E+00  |  XX0014XX0015       .02   .000833                    STATISTICS               1
Switch.   2.00E-02  8.33E-04  0.00E+00  0.00E+00  |  XX0016XX0017       .02   .000833                    STATISTICS               1
Switch.   2.00E-02  8.33E-04  0.00E+00  0.00E+00  |  XX0018XX0019       .02   .000833                    STATISTICS               1
Permanently-closed switch used for metering.      |  9049A MEASUA                                        MEASURING                0
Permanently-closed switch used for metering.      |  9049B MEASUB                                        MEASURING                0
Permanently-closed switch used for metering.      |  9049C MEASUC                                        MEASURING                0
Blank card ending switches.   KSWTCH = 15.        |BLANK SWITCH
Comment card.   Card index = 327.                 |C < n 1><>< Ampl.  >< Freq.  ><Phase/T0><   A1   ><   T1   >< TSTART >< TSTOP  >
Comment card.   Card index = 328.                 |C 1 - 390
Source.   4.08E+05  6.00E+01  0.00E+00 -1.00E+00  |14X0010A   408248.29       60.                                     -1.      100.
Source.   4.08E+05  6.00E+01 -1.20E+02 -1.00E+00  |14X0010B   408248.29       60.     -120.                           -1.      100.
Source.   4.08E+05  6.00E+01 -2.40E+02 -1.00E+00  |14X0010C   408248.29       60.     -240.                           -1.      100.
Comment card.   Card index = 332.                 |C 1 - 9049
Source.   1.13E+05  6.00E+01  0.00E+00 -1.00E+00  |14X0009A  112676.528       60.                                     -1.      100.
Source.   1.13E+05  6.00E+01 -1.20E+02 -1.00E+00  |14X0009B  112676.528       60.     -120.                           -1.      100.
Source.   1.13E+05  6.00E+01 -2.40E+02 -1.00E+00  |14X0009C  112676.528       60.     -240.                           -1.      100.
Comment card.   Card index = 336.                 |C 1 - 391
Source.   2.82E+05  6.00E+01  0.00E+00 -1.00E+00  |14X0007A   281691.32       60.                                     -1.      100.
Source.   2.82E+05  6.00E+01 -1.20E+02 -1.00E+00  |14X0007B   281691.32       60.     -120.                           -1.      100.
Source.   2.82E+05  6.00E+01 -2.40E+02 -1.00E+00  |14X0007C   281691.32       60.     -240.                           -1.      100.
Blank card ends electric sources.  KCONST = 9     |BLANK SOURCE

List of input elements that are connected to each node.   Only the physical connections of multi-phase lines are shown (capacitive
and inductive coupling are ignored).   Repeated entries indicate parallel connections.   Switches are included,  although sources
(including rotating machinery) are omitted -- except that U.M. usage produces extra,  internally-defined nodes  "UMXXXX".
--------------+------------------------------
From bus name |  Names of all adjacent busses.
--------------+------------------------------
       X0001A |TERRA *TERRA *TERRA *390A  *
       390A   |X0001A*X0002A*X0005A*E002A *E003A *
       391A   |TERRA *TERRA *TERRA *X0003A*X0008A*E001A *
       395A   |TERRA *395B  *395C  *
       395B   |TERRA *395A  *395C  *
       X0001B |TERRA *TERRA *TERRA *390B  *
       390B   |X0001B*X0002B*X0005B*E002B *E003B *
       391B   |TERRA *TERRA *TERRA *X0003B*X0008B*E001B *
       395C   |TERRA *395A  *395B  *
       X0001C |TERRA *TERRA *TERRA *390C  *
       390C   |X0001C*X0002C*X0005C*E002C *E003C *
       391C   |TERRA *TERRA *TERRA *X0003C*X0008C*E001C *
       X0002A |TERRA *TERRA *TERRA *390A  *
       397A   |TERRA *397B  *397C  *
       397B   |TERRA *397A  *397C  *
       X0002B |TERRA *TERRA *TERRA *390B  *
       397C   |TERRA *397A  *397B  *
       X0002C |TERRA *TERRA *TERRA *390C  *
       X0003A |TERRA *TERRA *TERRA *391A  *
       9098A  |TERRA *TERRA *TERRA *
       42077A |TERRA *42077B*42077C*
       42077B |TERRA *42077A*42077C*
       X0003B |TERRA *TERRA *TERRA *391B  *
       9098B  |TERRA *TERRA *TERRA *
       42077C |TERRA *42077A*42077B*
       X0003C |TERRA *TERRA *TERRA *391C  *
       9098C  |TERRA *TERRA *TERRA *
       X0004A |TERRA *TERRA *9049A *
       9049A  |TERRA *TERRA *X0004A*X0006A*MEASUA*
       X0004B |TERRA *TERRA *9049B *
       9049B  |TERRA *TERRA *X0004B*X0006B*MEASUB*
       X0004C |TERRA *TERRA *9049C *
       9049C  |TERRA *TERRA *X0004C*X0006C*MEASUC*
       X0005A |390A  *X0010A*
       X0010A |X0005A*
       X0005B |390B  *X0010B*
       X0010B |X0005B*
       X0005C |390C  *X0010C*
       X0010C |X0005C*
       X0006A |9049A *X0009A*
       X0009A |X0006A*
       X0006B |9049B *X0009B*
       X0009B |X0006B*
       X0006C |9049C *X0009C*
       X0009C |X0006C*
       X0008A |391A  *X0007A*
       X0007A |X0008A*
       X0008B |391B  *X0007B*
       X0007B |X0008B*
       X0008C |391C  *X0007C*
       X0007C |X0008C*
       E001A  |391A  *ST001A*
       E001B  |391B  *ST001B*
       E001C  |391C  *ST001C*
       ST001A |TERRA *TERRA *E001A *
       ST001B |TERRA *TERRA *E001B *
       ST001C |TERRA *TERRA *E001C *
       E002A  |390A  *ST002A*
       E002B  |390B  *ST002B*
       E002C  |390C  *ST002C*
       ST002A |TERRA *TERRA *E002A *
       ST002B |TERRA *TERRA *E002B *
       ST002C |TERRA *TERRA *E002C *
       E003A  |390A  *ST003A*
       E003B  |390B  *ST003B*
       E003C  |390C  *ST003C*
       ST003A |TERRA *TERRA *E003A *
       ST003B |TERRA *TERRA *E003B *
       ST003C |TERRA *TERRA *E003C *
       T_MANC |XX0014*PRMANC*X0011C*
       XX0014 |T_MANC*XX0015*
       XX0015 |XX0014*MEASUC*
       MEASUC |9049C *XX0015*
       T_MANB |TERRA *XX0016*PRMANB*X0011B*
       XX0016 |T_MANB*XX0017*
       XX0017 |XX0016*MEASUB*
       MEASUB |9049B *XX0017*
       T_MANA |XX0018*PRMANA*X0011A*
       XX0018 |T_MANA*XX0019*
       XX0019 |XX0018*MEASUA*
       MEASUA |9049A *XX0019*
       PRMANA |TERRA *T_MANA*
       PRMANB |TERRA *T_MANB*
       PRMANC |TERRA *T_MANC*
       T_OPOA |PROPOA*X0012A*
       PROPOA |TERRA *T_OPOA*
       T_OPOB |PROPOB*X0012B*
       PROPOB |TERRA *T_OPOB*
       T_OPOC |PROPOC*X0012C*
       PROPOC |TERRA *T_OPOC*
       X0011A |T_MANA*1_2LTA*
       X0011B |T_MANB*1_2LTB*
       X0011C |T_MANC*1_2LTC*
       X0012A |T_OPOA*1_2LTA*
       X0012B |T_OPOB*1_2LTB*
       X0012C |T_OPOC*1_2LTC*
       1_2LTB |X0011B*X0012B*
       1_2LTC |X0011C*X0012C*
       1_2LTA |X0011A*X0012A*
       TERRA  |X0001A*X0001A*X0001A*391A  *391A  *391A  *395A  *395B  *X0001B*X0001B*X0001B*391B  *391B  *391B  *395C  *
              |X0001C*X0001C*X0001C*391C  *391C  *391C  *X0002A*X0002A*X0002A*397A  *397B  *X0002B*X0002B*X0002B*397C  *
              |X0002C*X0002C*X0002C*X0003A*X0003A*X0003A*9098A *9098A *9098A *42077A*42077B*X0003B*X0003B*X0003B*9098B *
              |9098B *9098B *42077C*X0003C*X0003C*X0003C*9098C *9098C *9098C *X0004A*X0004A*9049A *9049A *X0004B*X0004B*
              |9049B *9049B *X0004C*X0004C*9049C *9049C *ST001A*ST001A*ST001B*ST001B*ST001C*ST001C*ST002A*ST002A*ST002B*
              |ST002B*ST002C*ST002C*ST003A*ST003A*ST003B*ST003B*ST003C*ST003C*T_MANB*PRMANA*PRMANB*PRMANC*PROPOA*PROPOB*
              |PROPOC*
              |-------

Sinusoidal steady-state phasor solution, branch by branch.   All flows are away from a bus,  and the real part,  magnitude,  or  "P"
is printed above the imaginary part,  the angle,  or  "Q".   The first solution frequency  =  6.00000000E+01  Hertz.
  Bus K                        Phasor  node  voltage              Phasor  branch  current               Power flow       Power loss
             Bus M         Rectangular            Polar          Rectangular            Polar            P  and  Q        P  and  Q

 390A                 408167.18434489  408167.18442614      .30438842310048  1.8065804192189       62127.93436547  2.8051783511401
                       -8.14437967846       -0.0011433       -1.78075278997      -80.3000383      363421.18662082      112.1908154

            X0001A    408044.23434688  408044.23517586      -.3043884231005  1.8065804192189      -62125.12918712
                      -26.00996972066       -0.0036522      1.7807527899704       99.6999617      -363308.9958054

 391A                 281560.88636572  281560.88673442      -.4407757483018  1.3182151192725      -62061.55578552  -62061.55578552
                      -14.40925633333       -0.0029322      1.2423396638551      109.5344243      -174893.9528358  -174893.9528358

            TERRA                 0.0              0.0       .4407757483018  1.3182151192725                  0.0
                                  0.0              0.0      -1.242339663855      -70.4655757                  0.0

 X0001A               408044.23434688  408044.23517586      .30413648782132  .90957208538363      62061.718259653  62061.718259653
                      -26.00996972066       -0.0036522       -.857217810877      -70.4655757       174887.4373635   174887.4373635

            TERRA                 0.0              0.0      -.3041364878213  .90957208538363                  0.0
                                  0.0              0.0      .85721781087705      109.5344243                  0.0

 395A                 9752.6719554317  11261.830960578      -.0065016631406  .00650166314556      -31.70500738243  -63.41092677634
                      -5631.538538833      -30.0036603      .25339249987E-6      179.9977670      18.305947644508        0.0015796

            395B      -9753.391415412  11261.830965198      .00650166314063  .00650166314556       -31.7059193939
                      -5630.292406834     -150.0036603      -.2533924999E-6       -0.0022330      -18.30436802434

 X0001A               408044.23434688  408044.23517586      .31080418233E-3  .31080418257E-3       63.41092746364   63.41092746364
                      -26.00996972066       -0.0036522      -.1211265044E-7       -0.0022329      -.0015707550988       -0.0015708

            TERRA                 0.0              0.0      -.3108041823E-3  .31080418257E-3                  0.0
                                  0.0              0.0      .12112650438E-7      179.9977671                  0.0

 390B                 -204090.6454112  408167.18442614       -1.69437140234  1.8065804634787      62127.933163951  2.8051784885902
                      -353479.0784445     -120.0011433      .62676831601144      159.6999613      363421.19598998      112.1908209

            X0001B    -204044.6424651  408044.23517271      1.6943714023399  1.8065804634787      -62125.12798546
                      -353363.6678254     -120.0036522      -.6267683160114      -20.3000387      -363309.0051691

 391B                 -140792.9219632  281560.88673247       1.296285589633  1.3182151338491      -62061.55071557  -62061.55071557
                      -243831.6756753     -120.0029322      -.2394468818311      -10.4655775       -174893.956811  -174893.9568110

            TERRA                 0.0              0.0      -1.296285589633  1.3182151338491                  0.0
                                  0.0              0.0       .2394468818311      169.5344225                  0.0

 X0001B               -204044.6424651  408044.23517271      -.8944406491537  .90957209543524       62061.71318879   62061.71318879
                      -353363.6678254     -120.0036522      .16521901202941      169.5344224      174887.44133751   174887.4413375

            TERRA                 0.0              0.0      .89444064915369  .90957209543524                  0.0
                                  0.0              0.0      -.1652190120294      -10.4655776                  0.0

 395B                 -9753.391415412  11261.830965198      .00325172828161  .00650205987989       -31.7084989502  -63.41479604256
                      -5630.292406834     -150.0036603      .00563054578743       59.9928940      18.304367947059       -0.0038137

            395C      .71945184471786  11261.830956744      -.0032517282816  .00650205987989      -31.70629709236
                      11261.830933763       89.9963397      -.0056305457874     -120.0071060      -18.30818162175

 X0001B               -204044.6424651  408044.23517271      -.1554449568E-3  .31082314769E-3      63.414796670981  63.414796670981
                      -353363.6678254     -120.0036522      -.2691614656E-3     -120.0071059      .00382254090783        0.0038225

            TERRA                 0.0              0.0      .15544495682E-3  .31082314769E-3                  0.0
                                  0.0              0.0      .26916146555E-3       59.9928941                  0.0

 390C                  -204076.538937   408167.1844243      1.3899830388868  1.8065804609951      62127.915540381  2.8051784808922
                      353487.22281907      119.9988567      1.1539844512195       39.6999585      363421.19848687      112.1908206

            X0001C    -203999.5918869  408044.23517017      -1.389983038887  1.8065804609951       -62125.1103619
                      353389.67778588      119.9963478      -1.153984451219     -140.3000415      -363309.0076663

 391C                 -140767.9644055   281560.8867312      -.8555100022058     1.3182151427      -62061.53035427  -62061.53035427
                      243846.08492652      119.9970678      -1.002892715383     -130.4655844      -174893.9653575  -174893.9653575

            TERRA                 0.0              0.0      .85551000220585     1.3182151427                  0.0
                                  0.0              0.0      1.0028927153835       49.5344156                  0.0

 X0001C               -203999.5918869  408044.23517017      .59030427233301  .90957210153971      62061.692828844  62061.692828844
                      353389.67778588      119.9963478      .69199875286358       49.5344156      174887.44988289   174887.4498829

            TERRA                 0.0              0.0       -.590304272333  .90957210153971                  0.0
                                  0.0              0.0      -.6919987528636     -130.4655844                  0.0

 395C                 .71945184471786  11261.830956744      .00325100881309     .00650234041      -31.70812120943   -63.4175321373
                      11261.830933763       89.9963397      -.0056312851557      -60.0016421      18.308181527871        0.0022338

            395A      9752.6719554317  11261.830960578      -.0032510088131     .00650234041      -31.70941092787
                      -5631.538538833      -30.0036603      .00563128515569      119.9983579      -18.30594769494

 X0001C               -203999.5918869  408044.23517017      -.1554105638E-3  .31083655791E-3      63.417532729587  63.417532729587
                      353389.67778588      119.9963478      .26919680977E-3      119.9983579      -.0022248715991       -0.0022249

            TERRA                 0.0              0.0      .15541056382E-3  .31083655791E-3                  0.0
                                  0.0              0.0      -.2691968098E-3      -60.0016421                  0.0

 395A                 9752.6719554317  11261.830960578      .00975267195543  .01126183096058      63.414418292314  63.414418292314
                      -5631.538538833      -30.0036603      -.0056315385388      -30.0036603                  0.0              0.0

            TERRA                 0.0              0.0      -.0097526719554  .01126183096058                  0.0
                                  0.0              0.0      .00563153853883      149.9963397                  0.0

 395B                 -9753.391415412  11261.830965198      -.0097533914154   .0112618309652      63.414418344343  63.414418344343
                      -5630.292406834     -150.0036603      -.0056302924068     -150.0036603      -.355271368E-14       -0.0000000

            TERRA                 0.0              0.0      .00975339141541   .0112618309652                  0.0
                                  0.0              0.0      .00563029240683       29.9963397                  0.0

 395C                 .71945184471786  11261.830956744      .71945184472E-6  .01126183095674      63.414418249139  63.414418249139
                      11261.830933763       89.9963397      .01126183093376       89.9963397      -.867361738E-18       -0.0000000

            TERRA                 0.0              0.0      -.7194518447E-6  .01126183095674                  0.0
                                  0.0              0.0      -.0112618309338      -90.0036603                  0.0

 390A                 408167.18434489  408167.18442614      .27997670997721  1.8950043774209      57146.284826465  2.7148274423816
                       -8.14437967846       -0.0011433      -1.874207734568      -81.5037532      382493.90682972      108.6290081

            X0002A    408053.37145216  408053.37205873      -.2799767099772  1.8950043774209      -57143.56999902
                      -22.24916853741       -0.0031241      1.8742077345681       98.4962468      -382385.2778216

 391A                 281560.88636572  281560.88673442      -.4053842463723  1.4361526667676      -57080.10004802  -57080.10004802
                      -14.40925633333       -0.0029322      1.3777511005464      106.3957918      -193957.4898878  -193957.4898878

            TERRA                 0.0              0.0      .40538424637225  1.4361526667676                  0.0
                                  0.0              0.0      -1.377751100546      -73.6042082                  0.0

 X0002A               408053.37145216  408053.37205873      .27971625341024  .99094931996766      57080.155736154  57080.155736154
                      -22.24916853741       -0.0031241      -.9506520774303      -73.6042082      193955.28090968   193955.2809097

            TERRA                 0.0              0.0      -.2797162534102  .99094931996766                  0.0
                                  0.0              0.0      .95065207743028      106.3957918                  0.0

 397A                 9752.9422521482  11262.083132415      -.0065018595533  .00650185955662      -31.70671687445  -63.41426231658
                      -5631.574727168      -30.0031321      .20828883862E-6      179.9981645      18.306838255422        0.0014351

            397B      -9753.557907031   11262.08313593      .00650185955328  .00650185955662      -31.70754544213
                      -5630.508388663     -150.0031321      -.2082888386E-6       -0.0018355      -18.30540315696

 X0002A               408053.37145216  408053.37205873      .31081357153E-3  .31081357169E-3      63.414262988893  63.414262988893
                      -22.24916853741       -0.0031241      -.9957147995E-8       -0.0018355      -.0014261478636       -0.0014261

            TERRA                 0.0              0.0      -.3108135715E-3  .31081357169E-3                  0.0
                                  0.0              0.0       .9957147995E-8      179.9981645                  0.0

 390B                 -204090.6454112  408167.18442614      -1.763099906455  1.8950044253727      57146.284480102  2.7148275797663
                      -353479.0784445     -120.0011433      .69463694981058      158.4962465      382493.91677626      108.6290136

            X0002B    -204045.9540687  408053.37205578      1.7630999064546  1.8950044253727      -57143.56965252
                      -353373.4611913     -120.0031241      -.6946369498106      -21.5037535      -382385.2877627

 391B                 -140792.9219632  281560.88673247      1.3958595955482  1.4361526949774      -57080.09644774  -57080.09644774
                      -243831.6756753     -120.0029322      -.3378025352285      -13.6042096      -193957.4950857  -193957.4950857

            TERRA                 0.0              0.0      -1.395859595548  1.4361526949774                  0.0
                                  0.0              0.0      .33780253522855      166.3957904                  0.0

 X0002B               -204045.9540687  408053.37205578      -.9631469891901  .99094933945271      57080.152140687  57080.152140687
                      -353373.4611913     -120.0031241      .23308468541654      166.3957904      193955.28611034   193955.2861103

            TERRA                 0.0              0.0      .96314698919014  .99094933945271                  0.0
                                  0.0              0.0      -.2330846854165      -13.6042096                  0.0

 397B                 -9753.557907031   11262.08313593      .00325169836287  .00650219290626      -31.70971289387  -63.41751348759
                      -5630.508388663     -150.0031321      .00563071668148       59.9938754      18.305403150671       -0.0033122

            397C      .61564867144561  11262.083135344      -.0032516983629  .00650219290626      -31.70780059371
                      11262.083118517       89.9968679      -.0056307166815     -120.0061246      -18.30871534789

 X0002B               -204045.9540687  408053.37205578      -.1554435275E-3  .31082950717E-3      63.417514180325  63.417514180325
                      -353373.4611913     -120.0031241      -.2691696347E-3     -120.0061247      .00332121018767        0.0033212

            TERRA                 0.0              0.0      .15544352755E-3  .31082950717E-3                  0.0
                                  0.0              0.0      .26916963475E-3       59.9938753                  0.0

 390C                  -204076.538937   408167.1844243      1.4831232415671  1.8950044178641      57146.268271203  2.7148275582585
                      353487.22281907      119.9988567      1.1795707668673       38.4962441      382493.91764678      108.6290127

            X0002C     -204007.417388   408053.3720538      -1.483123241567  1.8950044178641      -57143.55344364
                      353395.71035196      119.9968759      -1.179570766867     -141.5037559       -382385.288634

 391C                 -140767.9644055   281560.8867312       -.990475478422  1.4361526988285      -57080.07775496  -57080.07775496
                      243846.08492652      119.9970678       -1.03994850882     -133.6042151       -193957.501151  -193957.5011510

            TERRA                 0.0              0.0      .99047547842201  1.4361526988285                  0.0
                                  0.0              0.0      1.0399485088201       46.3957849                  0.0

 X0002C                -204007.417388   408053.3720538      .68343082492356  .99094934207965      57080.133443989  57080.133443989
                      353395.71035196      119.9968759       .7175673530146       46.3957849      193955.29217036   193955.2921704

            TERRA                 0.0              0.0      -.6834308249236  .99094934207965                  0.0
                                  0.0              0.0      -.7175673530146     -133.6042151                  0.0

 397C                 .61564867144561  11262.083135344      .00325108269317  .00650244773656      -31.70945765035  -63.41999897035
                      11262.083118517       89.9968679      -.0056313664318      -60.0014364      18.308715229449        0.0018770

            397A      9752.9422521482  11262.083132415      -.0032510826932  .00650244773656      -31.71054132001
                      -5631.574727168      -30.0031321      .00563136643177      119.9985636      -18.30683823949

 X0002C                -204007.417388   408053.3720538      -.1554140956E-3    .310841689E-3      63.419999657722  63.419999657722
                      353395.71035196      119.9968759      .26920069558E-3      119.9985636      -.0018680268782       -0.0018680

            TERRA                 0.0              0.0      .15541409562E-3    .310841689E-3                  0.0
                                  0.0              0.0      -.2692006956E-3      -60.0014364                  0.0

 397A                 9752.9422521482  11262.083132415      .00975294225215  .01126208313241      63.417258240708  63.417258240708
                      -5631.574727168      -30.0031321      -.0056315747272      -30.0031321      .3552713679E-14        0.0000000

            TERRA                 0.0              0.0      -.0097529422521  .01126208313241                  0.0
                                  0.0              0.0      .00563157472717      149.9968679                  0.0

 397B                 -9753.557907031   11262.08313593       -.009753557907  .01126208313593      63.417258280304  63.417258280304
                      -5630.508388663     -150.0031321      -.0056305083887     -150.0031321                  0.0              0.0

            TERRA                 0.0              0.0      .00975355790703  .01126208313593                  0.0
                                  0.0              0.0      .00563050838866       29.9968679                  0.0

 397C                 .61564867144561  11262.083135344      .61564867145E-6  .01126208313534      63.417258273705  63.417258273705
                      11262.083118517       89.9968679      .01126208311852       89.9968679                  0.0              0.0

            TERRA                 0.0              0.0      -.6156486714E-6  .01126208313534                  0.0
                                  0.0              0.0      -.0112620831185      -90.0031321                  0.0

 391A                 281560.88636572  281560.88673442      .56190955229207  4.1389945992772      79135.419637642   6.338572228371
                      -14.40925633333       -0.0029322       -4.10067481616      -82.1974357       577290.7696184      253.6970706

            X0003A    281439.01676594  281439.01816051      -.5619095522921  4.1389945992772      -79129.08106541
                      -28.01739408915       -0.0057038        4.10067481616       97.8025643      -577037.0725478

 9098A                112572.29662479  112572.29713712      -1.404841706702  1.9713627217976      -79065.70189547  -79065.70189547
                      -10.74007230614       -0.0054664      -1.383000636299     -135.4488688      77851.322981595    77851.3229816

            TERRA                 0.0              0.0      1.4048417067024  1.9713627217976                  0.0
                                  0.0              0.0      1.3830006362987       44.5511312                  0.0

 X0003A               281439.01676594  281439.01816051      .56192257713565  .78852529495431      79065.719383577  79065.719383577
                      -28.01739408915       -0.0057038      .55318636831362       44.5511312       -77851.9855964   -77851.9855964

            TERRA                 0.0              0.0      -.5619225771356  .78852529495431                  0.0
                                  0.0              0.0      -.5531863683136     -135.4488688                  0.0

 42077A               9748.5682023144  11257.325577194      -.0064992138841  .00649921390894       -31.6806136231  -63.36168082333
                       -5629.63561483      -30.0057175      .56796488934E-6      179.9949929      18.291334553006        0.0007856

            42077B    -9749.691556619  11257.325576359      .00649921388413  .00649921390894      -31.68106720022
                      -5627.689906431     -150.0057175      -.5679648893E-6       -0.0050071      -18.29054892896

 X0003A               281439.01676594  281439.01816051      .45026934887E-3  .45026935059E-3      63.361681964783  63.361681964783
                      -28.01739408915       -0.0057038       -.393490609E-7       -0.0050071      -.7705063919E-3       -0.0007705

            TERRA                 0.0              0.0      -.4502693489E-3  .45026935059E-3                  0.0
                                  0.0              0.0      .39349060899E-7      179.9949929                  0.0

 391B                 -140792.9219632  281560.88673247       -3.83224325929   4.138994498548      79135.422491821  6.3385719198268
                      -243831.6756753     -120.0029322      1.5637093913642      157.8025648      577290.75490975      253.6970583

            X0003B    -140743.7721585  281439.01816164      3.8322432592895   4.138994498548       -79129.0839199
                      -243719.3294394     -120.0057038      -1.563709391364      -22.1974352      -577037.0578515

 9098B                -56295.44948798  112572.29713746      -.4952930975705  1.9713629480272       -79065.7024176   -79065.7024176
                      -97485.09860359     -120.0054664      1.9081290890172      104.5511375      77851.340600822    77851.3406008

            TERRA                 0.0              0.0      .49529309757054  1.9713629480272                  0.0
                                  0.0              0.0      -1.908129089017      -75.4488625                  0.0

 X0003B               -140743.7721585  281439.01816164      .19811226596357  .78852538542835      79065.719906566  79065.719906566
                      -243719.3294394     -120.0057038      -.7632324767328      -75.4488625      -77852.00321179   -77852.0032118

            TERRA                 0.0              0.0      -.1981122659636  .78852538542835                  0.0
                                  0.0              0.0      .76323247673281      104.5511375                  0.0

 42077B               -9749.691556619  11257.325576359       .0032504776791  .00649945319647      -31.68262240924    -63.364013637
                      -5627.689906431     -150.0057175      .00562825787529       59.9923543      18.290548929696       -0.0021325

            42077C    1.1233558013003   11257.32557604      -.0032504776791  .00649945319647      -31.68139122776
                      11257.325519991       89.9942825      -.0056282578753     -120.0076457       -18.2926813965

 X0003B               -140743.7721585  281439.01816164      -.2251949991E-3  .45028592833E-3      63.364014744626  63.364014744626
                      -243719.3294394     -120.0057038      -.3899290059E-3     -120.0076457        .002147501285        0.0021475

            TERRA                 0.0              0.0      .22519499908E-3  .45028592833E-3                  0.0
                                  0.0              0.0      .38992900591E-3       59.9923543                  0.0

 391C                 -140767.9644055   281560.8867312      3.2703337427913  4.1389946079193      79135.431470647  6.3385722547828
                      243846.08492652      119.9970678      2.5369654264781       37.8025655       577290.7692176      253.6970717

            X0003C    -140695.2446105  281439.01815731      -3.270333742791  4.1389946079193      -79129.09289839
                      243747.34682731      119.9942962      -2.536965426478     -142.1974345      -577037.0721459

 9098C                -56276.84713799  112572.29713584      1.9001346073928  1.9713628226156      -79065.71003394  -79065.71003394
                      97495.838673489      119.9945336      -.5251284149417      -15.4488719      77851.322802397    77851.3228024

            TERRA                 0.0              0.0      -1.900134607393  1.9713628226156                  0.0
                                  0.0              0.0      .52512841494172      164.5511281                  0.0

 X0003C               -140695.2446105  281439.01815731      -.7600347643602  .78852533526751      79065.727522232  79065.727522232
                      243747.34682731      119.9942962      .21004609332886      164.5511281      -77851.98541447   -77851.9854145

            TERRA                 0.0              0.0      .76003476436017  .78852533526751                  0.0
                                  0.0              0.0      -.2100460933289      -15.4488719                  0.0

 42077C               1.1233558013003   11257.32557604      .00324935431854  .00649959275697      -31.68229831994  -63.36537425189
                      11257.325519991       89.9942825      -.0056290676421      -60.0044996      18.292681369699        0.0013469

            42077A    9748.5682023144  11257.325577194      -.0032493543185  .00649959275697      -31.68307593195
                       -5629.63561483      -30.0057175      .00562906764208      119.9955004      -18.29133451368

 X0003C               -140695.2446105  281439.01815731      -.2251171729E-3  .45029559757E-3      63.365375416296  63.365375416296
                      243747.34682731      119.9942962      .38998510695E-3      119.9955004      -.0013318053108       -0.0013318

            TERRA                 0.0              0.0      .22511717293E-3  .45029559757E-3                  0.0
                                  0.0              0.0      -.3899851069E-3      -60.0044996                  0.0

 42077A               9748.5682023144  11257.325577194      .00974856820231  .01125732557719      63.363689575468  63.363689575468
                       -5629.63561483      -30.0057175      -.0056296356148      -30.0057175                  0.0              0.0

            TERRA                 0.0              0.0      -.0097485682023  .01125732557719                  0.0
                                  0.0              0.0      .00562963561483      149.9942825                  0.0

 42077B               -9749.691556619  11257.325576359      -.0097496915566  .01125732557636      63.363689566075  63.363689566075
                      -5627.689906431     -150.0057175      -.0056276899064     -150.0057175                  0.0              0.0

            TERRA                 0.0              0.0      .00974969155662  .01125732557636                  0.0
                                  0.0              0.0      .00562768990643       29.9942825                  0.0

 42077C               1.1233558013003   11257.32557604      .11233558013E-5  .01125732557604      63.363689562487  63.363689562487
                      11257.325519991       89.9942825      .01125732551999       89.9942825                  0.0              0.0

            TERRA                 0.0              0.0      -.1123355801E-5  .01125732557604                  0.0
                                  0.0              0.0        -.01125732552      -90.0057175                  0.0

 9049A                112576.95484936  112576.95579164      -1.292330873477  2.3229566987811      -72729.27923569  .09713030084094
                       -14.5656678621       -0.0074132      -1.930287216419     -123.8023819      108662.34023568        3.8690237

            X0004A     112574.2333414  112574.23405135      1.2923308734769  2.3229566987811      72729.376365987
                      -12.64297504974       -0.0064348      1.9302872164189       56.1976181       -108658.471212

 9098A                112572.29662479  112572.29713712      1.2922694100769   1.892797056006      72729.440854064  72729.440854064
                      -10.74007230614       -0.0054664      1.3830113763106       46.9426519       -77851.3229782   -77851.3229782

            TERRA                 0.0              0.0      -1.292269410077   1.892797056006                  0.0
                                  0.0              0.0      -1.383011376311     -133.0573481                  0.0

 X0004A                112574.2333414  112574.23405135      -1.292269410077   1.892797056006      -72729.37636581  -72729.37636581
                      -12.64297504974       -0.0064348      -1.383011376311     -133.0573481      77853.891760255    77853.8917603

            TERRA                 0.0              0.0      1.2922694100769   1.892797056006                  0.0
                                  0.0              0.0      1.3830113763106       46.9426519                  0.0

 9049B                -56301.09166369  112576.95579288      -1.025512595748  2.3229569640878      -72729.27975731  .09713032301806
                      -97487.21994738     -120.0074132      2.0843351393111      116.1976222      108662.35785833        3.8690245

            X0004B    -56298.06580865  112574.23405215      1.0255125957476  2.3229569640878      72729.376887637
                      -97485.82439838     -120.0064348      -2.084335139311      -63.8023778      -108658.4888338

 9098B                -56295.44948798  112572.29713746      .55158854703768  1.8927972910933      72729.441375785  72729.441375785
                      -97485.09860359     -120.0054664      -1.810643990393      -73.0573419      -77851.34059923   -77851.3405992

            TERRA                 0.0              0.0      -.5515885470377  1.8927972910933                  0.0
                                  0.0              0.0      1.8106439903931      106.9426581                  0.0

 X0004B               -56298.06580865  112574.23405215      -.5515885470377  1.8927972911002      -72729.37688787  -72729.37688787
                      -97485.82439838     -120.0064348      1.8106439904004      106.9426581      77853.909382133    77853.9093821

            TERRA                 0.0              0.0      .55158854703768  1.8927972911002                  0.0
                                  0.0              0.0        -1.8106439904      -73.0573419                  0.0

 9049C                -56275.86318697  112576.95579034      2.3178432724004   2.322956776677      -72729.28737581  .09713030734565
                      97501.785612273      119.9925868      -.1540478850808       -3.8023849      108662.34006169        3.8690239

            X0004C      -56276.167534  112574.23405006        -2.3178432724   2.322956776677      72729.384506115
                      97498.467370744      119.9935652      .15404788508078      176.1976151      -108658.4710378

 9098C                -56276.84713799  112572.29713584      -1.843857760265  1.8927971524671      72729.448993759  72729.448993759
                      97495.838673489      119.9945336      .42763257628394      166.9426486      -77851.32280243   -77851.3228024

            TERRA                 0.0              0.0      1.8438577602647  1.8927971524671                  0.0
                                  0.0              0.0      -.4276325762839      -13.0573514                  0.0

 X0004C                 -56276.167534  112574.23405006      1.8438577602792  1.8927971524796      -72729.38450555  -72729.38450555
                      97498.467370744      119.9935652      -.4276325762767      -13.0573514      77853.891585668    77853.8915857

            TERRA                 0.0              0.0      -1.843857760279  1.8927971524796                  0.0
                                  0.0              0.0      .42763257627666      166.9426486                  0.0

 9098A                112572.29662479  112572.29713712      .11257229662479  .11257229713712       6336.261041364   6336.261041364
                      -10.74007230614       -0.0054664      -.1074007231E-4       -0.0054664                  0.0              0.0

            TERRA                 0.0              0.0      -.1125722966248  .11257229713712                  0.0
                                  0.0              0.0      .10740072306E-4      179.9945336                  0.0

 9098B                -56295.44948798  112572.29713746       -.056295449488  .11257229713746      6336.2610414026  6336.2610414026
                      -97485.09860359     -120.0054664      -.0974850986036     -120.0054664      .4547473509E-12        0.0000000

            TERRA                 0.0              0.0      .05629544948798  .11257229713746                  0.0
                                  0.0              0.0      .09748509860359       59.9945336                  0.0

 9098C                -56276.84713799  112572.29713584       -.056276847138  .11257229713584      6336.2610412198  6336.2610412198
                      97495.838673489      119.9945336      .09749583867349      119.9945336      .4547473509E-12        0.0000000

            TERRA                 0.0              0.0      .05627684713799  .11257229713584                  0.0
                                  0.0              0.0      -.0974958386735      -60.0054664                  0.0

 X0005A               408167.18434489  408167.18442614      -.6302137077901  3.8411837809194      -128631.7073881  10.126881798744
                       -8.14437967846       -0.0011433      3.7891322913448       99.4430723      -773297.1628844      156.2263783

            X0010A          408248.29        408248.29      .63021370779012  3.8411837809194      128641.83426994
                                  0.0              0.0      -3.789132291345      -80.5569277      773453.38926265

 X0005B               -204090.6454112  408167.18442614      3.5965917572463  3.8411838753609      -128631.7061449  10.126883182471
                      -353479.0784445     -120.0011433      -1.348785118557      -20.5569280        -773297.18263      156.2263818

            X0010B        -204124.145        408248.29      -3.596591757246  3.8411838753609       128641.8330281
                      -353553.3901916     -120.0000000       1.348785118557      159.4430720      773453.40901181

 X0005C                -204076.538937   408167.1844243      -2.966378154231  3.8411838643033      -128631.6717854  10.126886246202
                      353487.22281907      119.9988567      -2.440347132169     -140.5569306      -773297.1860541      156.2263837

            X0010C        -204124.145        408248.29      2.9663781542313  3.8411838643033      128641.79867167
                      353553.39019156      120.0000000      2.4403471321687       39.4430694      773453.41243789

 X0006A               112576.95484936  112576.95579164       -.789183560505  1.8952299561745      -44434.49010652  26.741669669806
                       -14.5656678621       -0.0074132      1.7231035646791      114.6078382      -96985.12860801       91.5349182

            X0009A         112676.528       112676.528      .78918356050503  1.8952299561745      44461.231776193
                                  0.0              0.0      -1.723103564679      -65.3921618      97076.663526232

 X0006B               -56301.09166369  112576.95579288      1.8868432370944  1.8952299513423      -44434.49069567  26.741669776558
                      -97487.21994738     -120.0074132      -.1780987565825       -5.3921614      -96985.12804019       91.5349167

            X0009B         -56338.264       112676.528      -1.886843237094  1.8952299513423       44461.23236545
                      -97580.73565823     -120.0000000      .17809875658249      174.6078386      97076.662956918

 X0006C               -56275.86318697  112576.95579034      -1.097659700936  1.8952299763471      -44434.49000378  26.741671252305
                      97501.785612273      119.9925868      -1.545004803936     -125.3921621      -96985.12990271       91.5349199

            X0009C         -56338.264       112676.528      1.0976597009362  1.8952299763471      44461.231675029
                      97580.735658229      120.0000000      1.5450048039359       54.6078379       97076.66482258

 X0008A               281560.88636572  281560.88673442      -.2807052561167  1.3976258805896      -39527.67455268  8.4425105452756
                      -14.40925633333       -0.0029322      1.3691466909291      101.5863384      -192747.0555544       91.3137664

            X0007A          281691.32        281691.32      .28070525611673  1.3976258805896       39536.11706323
                                  0.0              0.0      -1.369146690929      -78.4136616      192838.36932073

 X0008B               -140792.9219632  281560.88673247       1.326068491449  1.3976259308452      -39527.67591034  8.4425116449347
                      -243831.6756753     -120.0029322      -.4414754789986      -18.4136616      -192747.0624968       91.3137709

            X0007B         -140845.66        281691.32      -1.326068491449  1.3976259308452      39536.118421982
                      -243951.8391456     -120.0000000      .44147547899856      161.5863384      192838.37626767

 X0008C               -140767.9644055   281560.8867312      -1.045363244166  1.3976259124826      -39527.66869294  8.4425129577285
                      243846.08492652      119.9970678      -.9276712127635     -138.4136636      -192747.0613371       91.3137699

            X0007C         -140845.66        281691.32      1.0453632441657  1.3976259124826      39536.111205898
                      243951.83914557      120.0000000      .92767121276351       41.5863364      192838.37510704

 391A                 281560.88636572  281560.88673442      .96195657449E-3  .00183578274068      135.43593778963  .03639369067142
                      -14.40925633333       -0.0029322      -.0015635657389      -58.3988167      220.11254712435        0.0977020

            E001A     281449.45179822  281449.45415401      -.9619565745E-3  .00183578274068       -135.399544099
                      -36.41526006257       -0.0074132      .00156356573887      121.6011833      -220.0148450784

 391B                 -140792.9219632  281560.88673247      -.0018350658747  .00183578267894       135.4359383963  .03639368868232
                      -243831.6756753     -120.0029322      -.5129600273E-4     -178.3988153      220.11253654315        0.0977020

            E001B      -140756.262441  281449.45415712      .00183506587467  .00183578267894      -135.3995447076
                      -243724.1675111     -120.0074132      .51296002735E-4        1.6011847      -220.0148345049

 391C                 -140767.9644055   281560.8867312      .87310930022E-3  .00183578274715      135.43594725074  .03639369213974
                      243846.08492652      119.9970678      .00161486174164       61.6011856      220.11254236862        0.0977020

            E001C     -140693.1893605  281449.45415077      -.8731093002E-3  .00183578274715      -135.3995535586
                      243760.58276376      119.9925868      -.0016148617416     -118.3988144      -220.0148403222

 E001A                281449.45179822  281449.45415401      .96172385611E-3  .00183545530793      135.36679047504  .16845547179E-9
                      -36.41526006257       -0.0074132      -.0015633244743      -58.4010576      219.98089742768        0.0000000

            ST001A    281449.45179797  281449.45415376      -.9617238561E-3  .00183545530793      -135.3667904749
                      -36.41526000241       -0.0074132      .00156332447432      121.5989424      -219.9808974275

 ST001A               281449.45179797  281449.45415376      .28144945179797  .28144945415376      39606.897621725  39606.897621725
                      -36.41526000241       -0.0074132         -.3641526E-4       -0.0074132                  0.0              0.0

            TERRA                 0.0              0.0       -.281449451798  .28144945415376                  0.0
                                  0.0              0.0      .36415260002E-4      179.9925868                  0.0

 9049A                112576.95484936  112576.95579164      .70123636722565  .70124676251137      39471.499618092  39471.499618092
                       -14.5656678621       -0.0074132      .00381827354431        0.3119758      -220.0317922091     -220.0317922

            TERRA                 0.0              0.0      -.7012363672256  .70124676251137                  0.0
                                  0.0              0.0      -.0038182735443     -179.6880242                  0.0

 ST001A               281449.45179797  281449.45415376      -.2804874777794   .2804916358362      -39471.49562046  -39471.49562046
                      -36.41526000241       -0.0074132      -.0015272796154     -179.6880224      220.03301746397      220.0330175

            TERRA                 0.0              0.0      .28048747777939   .2804916358362                  0.0
                                  0.0              0.0       .0015272796154        0.3119776                  0.0

 E001B                 -140756.262441  281449.45415712      -.0018348509911  .00183556990004      135.39322711945  .16845547179E-9
                      -243724.1675111     -120.0074132      -.5136826076E-4     -178.3963733       219.9835629658        0.0000000

            ST001B    -140756.2624408  281449.45415686      .00183485099114  .00183556990004      -135.3932271193
                      -243724.1675109     -120.0074132      .51368260756E-4        1.6036267      -219.9835629656

 ST001B               -140756.2624408  281449.45415686      -.1407562624408  .28144945415686      39606.897622598  39606.897622598
                      -243724.1675109     -120.0074132      -.2437241675109     -120.0074132      .3637978807E-11        0.0000000

            TERRA                 0.0              0.0      .14075626244078  .28144945415686                  0.0
                                  0.0              0.0      .24372416751094       59.9925868                  0.0

 9049B                -56301.09166369  112576.95579288      -.3473114967346  .70124680707247      39471.502131438  39471.502131438
                      -97487.21994738     -120.0074132      -.6091976761818     -119.6880254      -220.0309677976     -220.0309678

            TERRA                 0.0              0.0      .34731149673462  .70124680707247                  0.0
                                  0.0              0.0      .60919767618179       60.3119746                  0.0

 ST001B               -140756.2624408  281449.45415686      .13892108201981  .28049166581773      -39471.49983205  -39471.49983205
                      -243724.1675109     -120.0074132      .24367295205593       60.3119797       220.0344621543      220.0344622

            TERRA                 0.0              0.0      -.1389210820198  .28049166581773                  0.0
                                  0.0              0.0      -.2436729520559     -119.6880203                  0.0

 E001C                -140693.1893605  281449.45415077       .8731149137E-3  .00183588201321       135.4125423931  .16851231521E-9
                      243760.58276376      119.9925868      .00161497155204       61.6026615      220.02324928367        0.0000000

            ST001C    -140693.1893604  281449.45415051      -.8731149137E-3  .00183588201321      -135.4125423929
                      243760.58276351      119.9925868       -.001614971552     -118.3973385      -220.0232492835

 ST001C               -140693.1893604  281449.45415051      -.1406931893604  .28144945415051      39606.897620811  39606.897620811
                      243760.58276351      119.9925868      .24376058276351      119.9925868                  0.0              0.0

            TERRA                 0.0              0.0      .14069318936045  .28144945415051                  0.0
                                  0.0              0.0      -.2437605827635      -60.0074132                  0.0

 9049C                -56275.86318697  112576.95579034      -.3539248108864  .70124679326577      39471.501388761  39471.501388761
                      97501.785612273      119.9925868      .60537946224213      120.3119654      -220.0246202842     -220.0246203

            TERRA                 0.0              0.0      .35392481088638  .70124679326577                  0.0
                                  0.0              0.0      -.6053794622421      -59.6880346                  0.0

 ST001C               -140693.1893604  281449.45415051      .14156636595726  .28049168312364       -39471.5023287   -39471.5023287
                      243760.58276351      119.9925868       -.242145717144      -59.6880365      220.02331524497      220.0233152

            TERRA                 0.0              0.0      -.1415663659573  .28049168312364                  0.0
                                  0.0              0.0      .24214571714401      120.3119635                  0.0

 390A                 408167.18434489  408167.18442614      .01890115958053  .08024885221848      3857.7341383167  .53872799118062
                       -8.14437967846       -0.0011433      -.0779911818663      -76.3770252      15916.643583929        4.3930435

            E002A     408057.61667235  408057.61720671      -.0189011595805  .08024885221848      -3857.195410325
                      -20.88300034538       -0.0029322      .07799118186625      103.6229748      -15912.25054044

 390B                 -204090.6454112  408167.18442614      -.0769929274389  .08024885515956      3857.7343215544  .53872805311357
                      -353479.0784445     -120.0011433      .02262670720201      163.6229750      15916.644157122        4.3930438

            E002B     -204046.8935426  408057.61720388      .07699292743892  .08024885515956      -3857.195593501
                      -353377.8207439     -120.0029322       -.022626707202      -16.3770250      -15912.25111336

 390C                  -204076.538937   408167.1844243      .05809176786859  .08024885388191      3857.7337329338  .53872807066455
                      353487.22281907      119.9988567      .05536447466798       43.6229731      15916.644031413        4.3930437

            E002C     -204010.7231341  408057.61720204      -.0580917678686  .08024885388191      -3857.195004863
                      353398.70373686      119.9970678       -.055364474668     -136.3770269      -15912.25098775

 E002A                408057.61667235  408057.61720671      .01890076566369  .08024870380002      3857.1150393446  .32199295674E-6
                      -20.88300034538       -0.0029322      -.0779911246163      -76.3772889      15912.238863906        0.0000003

            ST002A    408057.61666266  408057.61719702      -.0189007656637  .08024870380002      -3857.115039023
                      -20.88299443634       -0.0029322      .07799112461626      103.6227111      -15912.23886358

 ST002A               408057.61666266  408057.61719702      .40805761666266  .40805761719702      83255.509476255  83255.509476255
                      -20.88299443634       -0.0029322      -.2088299444E-4       -0.0029322                  0.0              0.0

            TERRA                 0.0              0.0      -.4080576166627  .40805761719702                  0.0
                                  0.0              0.0      .20882994436E-4      179.9970678                  0.0

 391A                 281560.88636572  281560.88673442      .56399369239807  .57520259713107      79398.467840605  79398.467840605
                      -14.40925633333       -0.0029322       .1130006313324       11.3296524      -15912.34232376   -15912.3423238

            TERRA                 0.0              0.0      -.5639936923981  .57520259713107                  0.0
                                  0.0              0.0      -.1130006313324     -168.6703476                  0.0

 ST002A               408057.61666266  408057.61719702      -.3891571760178  .39689135092372      -79398.46074519  -79398.46074519
                      -20.88299443634       -0.0029322      -.0779707431793     -168.6703474      15912.341199156    15912.3411992

            TERRA                 0.0              0.0      .38915717601776  .39689135092372                  0.0
                                  0.0              0.0      .07797074317932       11.3296526                  0.0

 E002B                -204046.8935426  408057.61720388      -.0769928738009  .08024886327718      3857.1527857877  .32199477573E-6
                      -353377.8207439     -120.0029322      .02262691850774      163.6228194      15912.263194264        0.0000003

            ST002B    -204046.8935326  408057.61719419      .07699287380092  .08024886327718      -3857.152785466
                      -353377.8207385     -120.0029322      -.0226269185077      -16.3771806      -15912.26319394

 ST002B               -204046.8935326  408057.61719419      -.2040468935326  .40805761719419        83255.5094751    83255.5094751
                      -353377.8207385     -120.0029322      -.3533778207385     -120.0029322                  0.0              0.0

            TERRA                 0.0              0.0      .20404689353259  .40805761719419                  0.0
                                  0.0              0.0      .35337782073851       59.9970678                  0.0

 391B                 -140792.9219632  281560.88673247      -.1841349601746  .57520212632274       79398.39356801   79398.39356801
                      -243831.6756753     -120.0029322      -.5449328422546     -108.6703141      -15912.37562249   -15912.3756225

            TERRA                 0.0              0.0      .18413496017456  .57520212632274                  0.0
                                  0.0              0.0      .54493284225464       71.3296859                  0.0

 ST002B               -204046.8935326  408057.61719419      .12705373764038  .39689109610537      -79398.40450139  -79398.40450139
                      -353377.8207385     -120.0029322      .37600517272949       71.3296716      15912.357261799    15912.3572618

            TERRA                 0.0              0.0      -.1270537376404  .39689109610537                  0.0
                                  0.0              0.0      -.3760051727295     -108.6703284                  0.0

 E002C                -204010.7231341  408057.61720204       .0580916821491  .08024871423513      3857.1838751602  .32199386624E-6
                      353398.70373686      119.9970678        .055364362197       43.6229572      15912.224368527        0.0000003

            ST002C    -204010.7231344  408057.61719235      -.0580916821491  .08024871423513      -3857.183874838
                      353398.70372551      119.9970678       -.055364362197     -136.3770428      -15912.22436821

 ST002C               -204010.7231344  408057.61719235      -.2040107231344  .40805761719235      83255.509474351  83255.509474351
                      353398.70372551      119.9970678      .35339870372551      119.9970678                  0.0              0.0

            TERRA                 0.0              0.0      .20401072313442  .40805761719235                  0.0
                                  0.0              0.0      -.3533987037255      -60.0029322                  0.0

 391C                 -140767.9644055   281560.8867312      -.3798581361771  .57520225873347      79398.417589779  79398.417589779
                      243846.08492652      119.9970678      .43193221092224      131.3296652      -15912.35062079   -15912.3506208

            TERRA                 0.0              0.0      .37985813617706  .57520225873347                  0.0
                                  0.0              0.0      -.4319322109222      -48.6703348                  0.0

 ST002C               -204010.7231344  408057.61719235      .26210296154022  .39689102237951      -79398.39789405  -79398.39789405
                      353398.70372551      119.9970678      -.2980344295502      -48.6703577      15912.313679724    15912.3136797

            TERRA                 0.0              0.0      -.2621029615402  .39689102237951                  0.0
                                  0.0              0.0      .29803442955017      131.3296423                  0.0

 390A                 408167.18434489  408167.18442614      .02694741513211  .06230907884616      5499.7540579309  2.3985598383415
                       -8.14437967846       -0.0011433      -.0561805849414      -64.3749652      11465.425850194        8.2156888

            E003A     407896.11783769   407896.1212519      -.0269474151321  .06230907884616      -5497.355498093
                      -52.77584843174       -0.0074132      .05618058494137      115.6250348      -11457.21016137

 390B                 -204090.6454112  408167.18442614      -.0621275210111  .06230907846715       5499.754179442  2.3985598444497
                      -353479.0784445     -120.0011433      .00475314553117      175.6250356      11465.425706119        8.2156886

            E003B     -203993.7641465  407896.12125639       .0621275210111  .06230907846715      -5497.355619598
                      -353222.0122322     -120.0074132      -.0047531455312       -4.3749644      -11457.21001749

 390C                  -204076.538937   408167.1844243      .03518010591936  .06230907941679      5499.7542408581  2.3985599817179
                      353487.22281907      119.9988567      .05142743941973       55.6250355      11465.425891545        8.2156890

            E003C     -203902.3536959  407896.12124719      -.0351801059194  .06230907941679      -5497.355680876
                      353274.78806984      119.9925868      -.0514274394197     -124.3749645      -11457.21020259

 E003A                407896.11783769   407896.1212519      .02694727502472  .06230871596538      5497.3269146157  .19411800167E-6
                      -52.77584843174       -0.0074132       -.056180249679      -64.3749480       11457.14178896        0.0000002

            ST003A    407896.11782937  407896.12124359      -.0269472750247  .06230871596538      -5497.326914422
                      -52.77584550844       -0.0074132      .05618024967902      115.6250520      -11457.14178877

 ST003A               407896.11782937  407896.12124359      .40789611782937  .40789612124359      83189.622862782  83189.622862782
                      -52.77584550844       -0.0074132      -.5277584551E-4       -0.0074132                  0.0              0.0

            TERRA                 0.0              0.0      -.4078961178294  .40789612124359                  0.0
                                  0.0              0.0      .52775845508E-4      179.9925868                  0.0

 9049A                112576.95484936  112576.95579164      1.3802773952484  1.3951784999244      77692.231928075  77692.231928075
                       -14.5656678621       -0.0074132      .20336508750916        8.3814522      -11457.16346828   -11457.1634683

            TERRA                 0.0              0.0      -1.380277395248  1.3951784999244                  0.0
                                  0.0              0.0      -.2033650875092     -171.6185478                  0.0

 ST003A               407896.11782937  407896.12124359      -.3809486329556  .38506125397211      -77692.25314651  -77692.25314651
                      -52.77584550844       -0.0074132      -.0561276078224     -171.6185461      11457.169110007    11457.1691100

            TERRA                 0.0              0.0      .38094863295555  .38506125397211                  0.0
                                  0.0              0.0      .05612760782242        8.3814539                  0.0

 E003B                -203993.7641465  407896.12125639      -.0621272192802  .06230877353735      5497.3342856363  .19411891117E-6
                      -353222.0122322     -120.0074132      .00475309207104      175.6250635      11457.151275729        0.0000002

            ST003B    -203993.7641398  407896.12124808      .06212721928023  .06230877353735      -5497.334285442
                      -353222.0122264     -120.0074132       -.004753092071       -4.3749365      -11457.15127553

 ST003B               -203993.7641398  407896.12124808      -.2039937641398  .40789612124808      83189.622864615  83189.622864615
                      -353222.0122264     -120.0074132      -.3532220122264     -120.0074132                  0.0              0.0

            TERRA                 0.0              0.0      .20399376413984  .40789612124808                  0.0
                                  0.0              0.0      .35322201222643       59.9925868                  0.0

 9049B                -56301.09166369  112576.95579288      -.5140196084976  1.3951788735213        77692.2536629    77692.2536629
                      -97487.21994738     -120.0074132      -1.297038137913     -111.6185525      -11457.16023153   -11457.1602315

            TERRA                 0.0              0.0      .51401960849762  1.3951788735213                  0.0
                                  0.0              0.0      1.2970381379128       68.3814475                  0.0

 ST003B               -203993.7641398  407896.12124808      .14186644554138  .38506134061901      -77692.27163373  -77692.27163373
                      -353222.0122264     -120.0074132      .35797506570816       68.3814489      11457.164880239    11457.1648802

            TERRA                 0.0              0.0      -.1418664455414  .38506134061901                  0.0
                                  0.0              0.0      -.3579750657082     -111.6185511                  0.0

 E003C                -203902.3536959  407896.12124719      .03518027369864   .0623092134592      5497.3469890642  .19412254915E-6
                      353274.78806984      119.9925868      .05142748705111       55.6249329      11457.244694757        0.0000002

            ST003C    -203902.3536942  407896.12123888      -.0351802736986   .0623092134592       -5497.34698887
                      353274.78806117      119.9925868      -.0514274870511     -124.3750671      -11457.24469456

 ST003C               -203902.3536942  407896.12123888      -.2039023536942  .40789612123888      83189.622860861  83189.622860861
                      353274.78806117      119.9925868      .35327478806117      119.9925868                  0.0              0.0

            TERRA                 0.0              0.0      .20390235369425  .40789612123888                  0.0
                                  0.0              0.0      -.3532747880612      -60.0074132                  0.0

 9049C                -56275.86318697  112576.95579034      -.8662582039833  1.3951788010042      77692.248825384  77692.248825384
                      97501.785612273      119.9925868       1.093672990799      128.3814515      -11457.16504408   -11457.1650441

            TERRA                 0.0              0.0      .86625820398331  1.3951788010042                  0.0
                                  0.0              0.0      -1.093672990799      -51.6185485                  0.0

 ST003C               -203902.3536942  407896.12123888      .23908227682114  .38506132358634       -77692.2678409   -77692.2678409
                      353274.78806117      119.9925868      -.3018474578857      -51.6185493      11457.166776821    11457.1667768

            TERRA                 0.0              0.0      -.2390822768211  .38506132358634                  0.0
                                  0.0              0.0      .30184745788574      128.3814507                  0.0

 XX0015               -56275.86318697  112576.95579034      .72759576142E-8  .16269535827E-7       -.914149257E-3  .1084202172E-18
                      97501.785612273      119.9925868      -.1455191523E-7      -63.4349488      -.5475136554E-4              0.0

            MEASUC    -56275.86318697  112576.95579034      -.7275957614E-8  .16269535827E-7      .91414925705E-3
                      97501.785612273      119.9925868      .14551915228E-7      116.5650512      .54751365539E-4

 XX0017               -56301.09166369  112576.95579288      .72759576142E-8  .16269535827E-7      -.9141350586E-3  .1084202172E-18
                      -97487.21994738     -120.0074132      .14551915228E-7       63.4349488      .54987916446E-4              0.0

            MEASUB    -56301.09166369  112576.95579288      -.7275957614E-8  .16269535827E-7      .91413505855E-3
                      -97487.21994738     -120.0074132      -.1455191523E-7     -116.5650512      -.5498791645E-4

 XX0019               112576.95484936  112576.95579164      -.1455191523E-7  .14551915337E-7      -.8191051648E-3  .1084202172E-18
                       -14.5656678621       -0.0074132      .1776356839E-11      179.9930059      .59907601342E-8              0.0

            MEASUA    112576.95484936  112576.95579164      .14551915228E-7  .14551915337E-7      .81910516475E-3
                       -14.5656678621       -0.0074132      -.177635684E-11       -0.0069941      -.5990760134E-8

 X0001A               408044.23434688  408044.23517586      -.5886890319E-4  .92353496885842      -.177635684E-14  -.177635684E-14
                      -26.00996972066       -0.0036522      -.9235349669822      -90.0036522        188421.560013   188421.5600130

            TERRA                 0.0              0.0      .58868903186E-4  .92353496885842                  0.0
                                  0.0              0.0      .92353496698218       89.9963478                  0.0

 X0001B               -204044.6424651  408044.23517271      -.7997753082338  .92353496885129                  0.0              0.0
                      -353363.6678254     -120.0036522      .46181846545014      149.9963478      188421.56001009   188421.5600101

            TERRA                 0.0              0.0      .79977530823378  .92353496885129                  0.0
                                  0.0              0.0      -.4618184654501      -30.0036522                  0.0

 X0001C               -203999.5918869  408044.23517017      .79983417711614  .92353496884555                  0.0              0.0
                      353389.67778588      119.9963478      .46171650154342       29.9963478      188421.56000775   188421.5600077

            TERRA                 0.0              0.0      -.7998341771161  .92353496884555                  0.0
                                  0.0              0.0      -.4617165015434     -150.0036522                  0.0

 X0002A               408053.37145216  408053.37205873      -.5035700397E-4  .92355564855467      -.177635684E-14  -.177635684E-14
                      -22.24916853741       -0.0031241      -.9235556471818      -90.0031241      188429.99833831   188429.9983383

            TERRA                 0.0              0.0      .50357003974E-4  .92355564855467                  0.0
                                  0.0              0.0      .92355564718181       89.9968759                  0.0

 X0002B               -204045.9540687  408053.37205578      -.7997974737617    .923555648548      .1455191523E-10  .1455191523E-10
                      -353373.4611913     -120.0031241      .46182143402983      149.9968759      188429.99833559   188429.9983356

            TERRA                 0.0              0.0      .79979747376167    .923555648548                  0.0
                                  0.0              0.0      -.4618214340298      -30.0031241                  0.0

 X0002C                -204007.417388   408053.3720538       .7998478307479  .92355564854352                  0.0              0.0
                      353395.71035196      119.9968759       .4617342131622       29.9968759      188429.99833376   188429.9983338

            TERRA                 0.0              0.0      -.7998478307479  .92355564854352                  0.0
                                  0.0              0.0      -.4617342131622     -150.0031241                  0.0

 X0003A               281439.01676594  281439.01816051      -.4632941915E-3  4.6538611681436                  0.0              0.0
                      -28.01739408915       -0.0057038      -4.653861145083      -90.0057038      654889.05890884   654889.0589088

            TERRA                 0.0              0.0      .46329419153E-3  4.6538611681436                  0.0
                                  0.0              0.0       4.653861145083       89.9942962                  0.0

 X0003B               -140743.7721585  281439.01816164      -4.030130330249  4.6538611681622      .5820766091E-10  .5820766091E-10
                      -243719.3294394     -120.0057038      2.3273317970883      149.9942962      654889.05891408   654889.0589141

            TERRA                 0.0              0.0      4.0301303302487  4.6538611681622                  0.0
                                  0.0              0.0      -2.327331797088      -30.0057038                  0.0

 X0003C               -140695.2446105  281439.01815731      4.0305936243378  4.6538611680907                  0.0              0.0
                      243747.34682731      119.9942962       2.326529348044       29.9942962      654889.05889395   654889.0588940

            TERRA                 0.0              0.0      -4.030593624338  4.6538611680907                  0.0
                                  0.0              0.0      -2.326529348044     -150.0057038                  0.0

 X0004A                112574.2333414  112574.23405135      -.6146339696E-4  .54727584355291       -.44408921E-15   -.44408921E-15
                      -12.64297504974       -0.0064348      -.5472758401015      -90.0064348      30804.579451389    30804.5794514

            TERRA                 0.0              0.0      .61463396964E-4  .54727584355291                  0.0
                                  0.0              0.0       .5472758401015       89.9935652                  0.0

 X0004B               -56298.06580865  112574.23405215      -.4739240487103  .54727584355676                  0.0              0.0
                      -97485.82439838     -120.0064348      .27369114891574      149.9935652      30804.579451822    30804.5794518

            TERRA                 0.0              0.0      .47392404871029  .54727584355676                  0.0
                                  0.0              0.0      -.2736911489157      -30.0064348                  0.0

 X0004C                 -56276.167534  112574.23405006      .47398551209418  .54727584354664                  0.0              0.0
                      97498.467370744      119.9935652       .2735846911918       29.9935652      30804.579450683    30804.5794507

            TERRA                 0.0              0.0      -.4739855120942  .54727584354664                  0.0
                                  0.0              0.0      -.2735846911918     -150.0064348                  0.0

     Total network loss  P-loss  by summing injections =   6.379174637391E+05

Output for steady-state phasor switch currents.
      Node-K    Node-M            I-real            I-imag            I-magn          Degrees        Power            Reactive
      X0005A    390A          6.30213708E-01   -3.78913229E+00    3.84118378E+00     -80.5569    1.28631707E+05    7.73297163E+05
      X0005B    390B         -3.59659176E+00    1.34878512E+00    3.84118388E+00     159.4431    1.28631706E+05    7.73297183E+05
      X0005C    390C          2.96637815E+00    2.44034713E+00    3.84118386E+00      39.4431    1.28631672E+05    7.73297186E+05
      X0006A    9049A         7.89183561E-01   -1.72310356E+00    1.89522996E+00     -65.3922    4.44344901E+04    9.69851286E+04
      X0006B    9049B        -1.88684324E+00    1.78098757E-01    1.89522995E+00     174.6078    4.44344907E+04    9.69851280E+04
      X0006C    9049C         1.09765970E+00    1.54500480E+00    1.89522998E+00      54.6078    4.44344900E+04    9.69851299E+04
      X0008A    391A          2.80705256E-01   -1.36914669E+00    1.39762588E+00     -78.4137    3.95276746E+04    1.92747056E+05
      X0008B    391B         -1.32606849E+00    4.41475479E-01    1.39762593E+00     161.5863    3.95276759E+04    1.92747062E+05
      X0008C    391C          1.04536324E+00    9.27671213E-01    1.39762591E+00      41.5863    3.95276687E+04    1.92747061E+05
      XX0014    XX0015            Open              Open              Open             Open          Open              Open
      XX0016    XX0017            Open              Open              Open             Open          Open              Open
      XX0018    XX0019            Open              Open              Open             Open          Open              Open
      9049A     MEASUA        6.44396152E-07    1.96993909E-07    6.73834551E-07      16.9986    3.62706436E-02   -1.10931802E-02
      9049B     MEASUB        4.44241323E-07   -5.18052673E-07    6.82443349E-07     -49.3862    1.27461217E-02   -3.62373913E-02
      9049C     MEASUC       -4.82970108E-07    1.97688678E-07    5.21862950E-07     157.7398    2.32272794E-02   -1.79826735E-02

Solution at nodes with known voltage.   Nodes that are shorted together by switches are shown as a group of names, with the printed
result applying to the composite group.   The entry "MVA" is  SQRT( P**2 + Q**2 )  in units of power,  while  "P.F."  is the
associated power factor.
              Node                Source  node  voltage             Injected  source  current              Injected  source  power
              name         Rectangular            Polar          Rectangular            Polar            P  and  Q    MVA and P.F.

              X0010A        408248.29        408248.29      .63021370779006  3.8411837809155      128641.83426993  784078.35506724
                                  0.0              0.0      -3.789132291341      -80.5569277      773453.38926184        0.1640676

              X0010B      -204124.145        408248.29       -3.59659175725  3.8411838753642      128641.83302848   784078.3743465
                      -353553.3901916     -120.0000000      1.3487851185569      159.4430720      773453.40901241        0.1640676

              X0010C      -204124.145        408248.29      2.9663781542313  3.8411838643044      128641.79867195  784078.37208892
                      353553.39019156      120.0000000      2.4403471321702       39.4430694      773453.41243805        0.1640675

              X0009A       112676.528       112676.528      .78918356050514  1.8952299561745      44461.231776198  106773.96561167
                                  0.0              0.0      -1.723103564679      -65.3921618       97076.66352623        0.4164052

              X0009B       -56338.264       112676.528      -1.886843237095  1.8952299513425      44461.232365455  106773.96533944
                      -97580.73565823     -120.0000000      .17809875658253      174.6078386       97076.66295693        0.4164052

              X0009C       -56338.264       112676.528      1.0976597009362  1.8952299763468      44461.231675015  106773.96674814
                      97580.735658229      120.0000000      1.5450048039356       54.6078379      97076.664822571        0.4164052

              X0007A        281691.32        281691.32      .28070525611679  1.3976258805896      39536.117063238  196849.53958473
                                  0.0              0.0      -1.369146690929      -78.4136616      192838.36932074        0.2008443

              X0007B       -140845.66        281691.32      -1.326068491449  1.3976259308449      39536.118422016  196849.54666296
                      -243951.8391456     -120.0000000       .4414754789982      161.5863384      192838.37626763        0.2008443

              X0007C       -140845.66        281691.32      1.0453632441659  1.3976259124827      39536.111205885  196849.54407672
                      243951.83914557      120.0000000      .92767121276347       41.5863364      192838.37510706        0.2008443

  ---- Initial flux of coil  "X0001A"  to  "      "  =  -6.89935875E-02
  ---- Initial flux of coil  "X0001B"  to  "      "  =  -9.37326241E+02
   Warning.  Preceding flux exceeds the 1st segment.  This means that the steady state solution is not really sinusoidal.
  ---- Initial flux of coil  "X0001C"  to  "      "  =  9.37395234E+02
   Warning.  Preceding flux exceeds the 1st segment.  This means that the steady state solution is not really sinusoidal.
  ---- Initial flux of coil  "X0002A"  to  "      "  =  -5.90177525E-02
  ---- Initial flux of coil  "X0002B"  to  "      "  =  -9.37352218E+02
   Warning.  Preceding flux exceeds the 1st segment.  This means that the steady state solution is not really sinusoidal.
  ---- Initial flux of coil  "X0002C"  to  "      "  =  9.37411236E+02
   Warning.  Preceding flux exceeds the 1st segment.  This means that the steady state solution is not really sinusoidal.
  ---- Initial flux of coil  "X0003A"  to  "      "  =  -7.43184460E-02
  ---- Initial flux of coil  "X0003B"  to  "      "  =  -6.46485600E+02
   Warning.  Preceding flux exceeds the 1st segment.  This means that the steady state solution is not really sinusoidal.
  ---- Initial flux of coil  "X0003C"  to  "      "  =  6.46559919E+02
   Warning.  Preceding flux exceeds the 1st segment.  This means that the steady state solution is not really sinusoidal.
  ---- Initial flux of coil  "X0004A"  to  "      "  =  -3.35365329E-02
  ---- Initial flux of coil  "X0004B"  to  "      "  =  -2.58589181E+02
   Warning.  Preceding flux exceeds the 1st segment.  This means that the steady state solution is not really sinusoidal.
  ---- Initial flux of coil  "X0004C"  to  "      "  =  2.58622717E+02
   Warning.  Preceding flux exceeds the 1st segment.  This means that the steady state solution is not really sinusoidal.

Card of names for time-step loop output.          |  9049A 9049B 9049C T_MANAT_MANBT_MANC1_2LTC1_2LTA1_2LTBT_OPOAT_OPOBT_OPOC
Output voltage differences for pairs of A6 names  |-5T_MANAT_MANCT_MANBT_MANAT_MANCT_MANB1_2LTC1_2LTB1_2LTA1_2LTC1_2LTB1_2LTA
Output voltage differences for pairs of A6 names  |-5T_OPOAT_OPOCT_OPOBT_OPOAT_OPOCT_OPOB
Blank card ending requests for output variables.  |BLANK OUTPUT

Column headings for the  43   EMTP output variables follow.  These are divided among the 5 possible classes as follows ....
  First  30     output variables are electric-network voltage differences (upper voltage minus lower voltage);
  Next   13     output variables are branch currents (flowing from the upper node to the lower node);
Branch power  consumption (power  flow, if a switch) is treated like a branch voltage for this grouping (9  variables);
Branch energy consumption (energy flow, if a switch) is treated like a branch current for this grouping (9  variables).
   Step      Time      XX0015     XX0017     XX0019     TERRA      TERRA      TERRA      TERRA      TERRA      TERRA      9049A
                       MEASUC     MEASUB     MEASUA     PRMANA     PRMANB     PRMANC     PROPOA     PROPOB     PROPOC

                       9049B      9049C      T_MANA     T_MANB     T_MANC     1_2LTC     1_2LTA     1_2LTB     T_OPOA     T_OPOB
 

                       T_OPOC     T_MANA     T_MANB     T_MANC     1_2LTC     1_2LTA     1_2LTB     T_OPOA     T_OPOB     T_OPOC
                                  T_MANC     T_MANA     T_MANB     1_2LTB     1_2LTC     1_2LTA     T_OPOC     T_OPOA     T_OPOB

                       XX0014     XX0016     XX0018     TERRA      TERRA      TERRA      TERRA      TERRA      TERRA      XX0015
                       XX0015     XX0017     XX0019     PRMANA     PRMANB     PRMANC     PROPOA     PROPOB     PROPOC     MEASUC

                       XX0017     XX0019     T_MANB
                       MEASUB     MEASUA     TERRA
 ***      Phasor I(0) =  6.3021371E-01                     Switch  "X0005A"  to  "390A  "  closed in the steady-state.
 ***      Phasor I(0) = -3.5965918E+00                     Switch  "X0005B"  to  "390B  "  closed in the steady-state.
 ***      Phasor I(0) =  2.9663782E+00                     Switch  "X0005C"  to  "390C  "  closed in the steady-state.
 ***      Phasor I(0) =  7.8918356E-01                     Switch  "X0006A"  to  "9049A "  closed in the steady-state.
 ***      Phasor I(0) = -1.8868432E+00                     Switch  "X0006B"  to  "9049B "  closed in the steady-state.
 ***      Phasor I(0) =  1.0976597E+00                     Switch  "X0006C"  to  "9049C "  closed in the steady-state.
 ***      Phasor I(0) =  2.8070526E-01                     Switch  "X0008A"  to  "391A  "  closed in the steady-state.
 ***      Phasor I(0) = -1.3260685E+00                     Switch  "X0008B"  to  "391B  "  closed in the steady-state.
 ***      Phasor I(0) =  1.0453632E+00                     Switch  "X0008C"  to  "391C  "  closed in the steady-state.
 ***      Phasor I(0) =  6.4439615E-07                     Switch  "9049A "  to  "MEASUA"  closed in the steady-state.
 ***      Phasor I(0) =  4.4424132E-07                     Switch  "9049B "  to  "MEASUB"  closed in the steady-state.
 ***      Phasor I(0) = -4.8297011E-07                     Switch  "9049C "  to  "MEASUC"  closed in the steady-state.
      0       0.0   .5294E-19  .5294E-19 .21176E-18        0.0        0.0        0.0        0.0        0.0        0.0 112576.955
                   -56301.092 -56275.863        0.0        0.0        0.0        0.0        0.0        0.0        0.0        0.0
                          0.0        0.0        0.0        0.0        0.0        0.0        0.0        0.0        0.0        0.0
                          0.0        0.0        0.0        0.0        0.0        0.0        0.0        0.0        0.0        0.0
                          0.0        0.0        0.0
    500      .005         0.0        0.0        0.0        0.0        0.0        0.0        0.0        0.0        0.0 -34783.646
                   110085.214 -75284.535        0.0        0.0        0.0        0.0        0.0        0.0        0.0        0.0
                          0.0        0.0        0.0        0.0        0.0        0.0        0.0        0.0        0.0        0.0
                          0.0        0.0        0.0        0.0        0.0        0.0        0.0        0.0        0.0  .2647E-24
                    .2647E-24 .10588E-23        0.0
   1000       .01         0.0        0.0        0.0        0.0        0.0        0.0        0.0        0.0        0.0 -91119.238
                    -11787.53 102907.777        0.0        0.0        0.0        0.0        0.0        0.0        0.0        0.0
                          0.0        0.0        0.0        0.0        0.0        0.0        0.0        0.0        0.0        0.0
                          0.0        0.0        0.0        0.0        0.0        0.0        0.0        0.0        0.0  .2647E-24
                    .2647E-24 .10588E-23        0.0
   1500      .015         0.0        0.0        0.0        0.0        0.0        0.0        0.0        0.0        0.0 91098.5814
                   -102900.48 11803.0947        0.0        0.0        0.0        0.0        0.0        0.0        0.0        0.0
                          0.0        0.0        0.0        0.0        0.0        0.0        0.0        0.0        0.0        0.0
                          0.0        0.0        0.0        0.0        0.0        0.0        0.0        0.0        0.0  .2647E-24
                    .2647E-24 .10588E-23        0.0
   2000       .02         0.0        0.0        0.0        0.0        0.0        0.0        0.0        0.0        0.0 34817.4504
                   75337.6824 -110173.87        0.0        0.0        0.0        0.0        0.0        0.0        0.0        0.0
                          0.0        0.0        0.0        0.0        0.0        0.0        0.0        0.0        0.0        0.0
                          0.0        0.0        0.0        0.0        0.0        0.0        0.0        0.0        0.0  .2647E-24
                    .2647E-24 .10588E-23        0.0
 ***                                                             Close switch  "XX0014"  to  "XX0015"  after  2.00100000E-02  sec.
 ***                                                             Close switch  "XX0016"  to  "XX0017"  after  2.00100000E-02  sec.
 ***                                                             Close switch  "XX0018"  to  "XX0019"  after  2.00100000E-02  sec.
   2500      .025  23.3699931 416150.708 28.4778015 78.3527093 .030661215 23.3768542 1521.11683 1.23476034 56.3635491 -103138.48
                    2081.0665   56336.22 -103138.15 2040.26696 56335.9143 73945.2858 -116213.55 -6092.8329  -154574.2 12947.4323
                   87476.5161 -159474.06 105178.413 54295.6473 80038.1187 -190158.83 110120.716 -242050.71  167521.63 74529.0839
                   -152.87247 -20399.772 168.753671 .192809388 .581677E-4 .278012062 307.151822 .015845128 1579.03174 .102485927
                    789.55073 .079615684 20402.6696
   3000       .03  2.89531319 75237.7911 1.01248317 8.95526614 .005548553 34.1679008 24.2053918 .005227198 .547476671 34868.2996
                   885.272931 68108.6305 34868.3632 867.924987 68108.5229 43194.8436 44677.1774 2417.22777 57325.5686 -842.41634
                   8621.34693  -33240.16 -34000.438 67240.5979 40777.6158  1482.3338  -42259.95 48704.2217 -58167.985 9463.76327
                   -53.808114  -8673.972 31.8195408 .426776572 .179774E-3 .628137879 336.045339 .020626854 1591.23901 .156054505
                   2439.99279 .119553613 8679.24987
   3500      .035  1.39702197 51218.6705 1.03893895 78.5758193 .003796992 96.6699557 100.341643 .576033E-3 124.759354  103284.95
                   -732.29312 -114561.41 103284.885 -717.97967 -114561.34 -127668.99 117280.558 64.8906751 116716.677 279.650849
                   -130145.41 217846.222 -104002.86 -113843.36 -127733.88 244949.545 -117215.67 246862.092 -116437.03 -130425.07
                   37.3767572 7156.72205 -32.232576 .743442492  .19046E-3 .757899741 337.017166 .023792491 1591.39829 .184350405
                   2584.91902 .144669443 -7179.7967
   4000       .04  2.13557058 149999.138 1.53800191 61.7307173 .011021792 .321563666  51.083966 .266928719 .356404E-5 -91546.681
                   1247.75384 -6607.4194 -91546.759 1223.25902  -6607.327 -1385.3444 -90411.244 4875.67786  -83278.83 6019.90952
                   21.9970105 -84939.432 92770.0181  -7830.586 -6261.0223   -89025.9 95286.9223 -83300.827 89298.7397 -5997.9125
                   46.2122341 -12247.414 -39.217367 .860682205 .204185E-3 1.04573553 337.157452  .02488682   1591.929  .20277651
                   2771.21469 .157865244 12232.5902
   4500      .045  .339639665 205571.414 .676668284 12.5637117 .015151311 92.4011692 24.7479326 .014832869  123.46349 -41300.066
                   1462.90096 112003.322 -41300.118 1434.22543 112003.359 121593.514 -52508.327  -1022.273 -57964.457 -1419.0735
                   129467.746 -153303.48 42734.3435 110569.133 122615.787 -174101.84 51486.0541  -187432.2 56545.3839 130886.819
                   18.4293154 -14337.762 -26.012848  1.1849997 .311334E-3 1.29287894  337.50779 .025830261 1592.18872 .211519474
                   4225.29645 .166155946 14342.2543
   5000       .05  .119729989 61582.9128 .324805043 86.0883476 .004536887 23.7950684 80.1426348 .197456727 20.4666726 108109.623
                    -800.5172 -56837.586 108109.659 -784.82225 -56837.608 -54618.872 104097.642 -3658.4809 104309.562 -5177.5974
                   -52712.782 164947.267 -108894.48 -56052.786 -50960.392 158716.515 -107756.12 157022.343 -109487.16 -47535.184
                    -10.94212 7847.47812 18.0223484 1.37311372 .330836E-3 1.44164165 337.704224 .026118275 1592.34638 .219965231
                   4489.99072 .172255416 -7848.2225
   5500      .055  2.26703418 6150.59484 2.21390629 7.00997943 .452655E-3 41.8432374 4.05372407 .072747675 45.3208909 -30849.776
                   252.859751 -75371.022 -30849.681 247.899672 -75371.117 -78911.556 -26525.578 1997.70339 -23459.535 3142.69237
                   -78440.713 44521.4355 31097.5811 -75619.017 -80909.259 52385.9778 28523.2815 54981.1776 26602.2276 -81583.405
                   -47.613382 -2480.0393 47.0521656 1.56794939 .348305E-3 1.78844632 337.902125 .026355176 1592.69881 .223084584
                      4726.92 .176430205 2478.99672
   6000       .06  .005332091 293885.316 .371257694 59.1988211 .021663007 74.7387869 51.6358116 .109049449 69.2014463 -89649.662
                   1749.23702 100731.503   -89649.7 1714.95086 100731.508 97281.7971 -86130.256 2927.02287 -83727.441 3847.72522
                   96928.1443 -190381.21 91364.6511 99016.5569 94354.7743 -183412.05 89057.2786 -180655.59  87575.166 93080.4191
                   2.30913202 -17143.084 -19.268049 1.88817559 .414121E-3 1.91431993  338.22789 .026491636  1592.8274 .227707108
                   5620.15594 .179067507 17149.5086
   6500      .065  1.95197308   10631.49 1.00814765 57.3248882 .784312E-3 .583959901 56.8554047 .018583666 .511996037 88219.4272
                   -332.83593 8903.88446 88219.3637 -326.31474 8903.97282  8557.4297 87748.8655 -1323.7261 87857.3683 -1588.3931
                   8337.30352 79315.3908 -88545.678 9230.28756 9881.15579 79191.4358 -89072.592 79520.0648 -89445.761 9925.69666
                   44.1811394 3260.59658 -31.751341 2.00069058 .455379E-3 2.19658348 338.341571 .026593244 1593.11338 .230204435
                   6180.01525 .182626727 -3263.1474
   7000       .07  .035364419 38703.5198 .413288071 9.18617784 .002854646 85.8269167 7.62549076 .008412912 81.6764519 35315.0021
                   -634.98409 -107945.37 35315.0428 -622.54166 -107945.38 -106075.22 33273.8322  -1051.212 32175.5673 -1068.7238
                     -105303. 143260.425 -35937.584 -107322.84 -105024.01 139349.054 -34325.044 137478.567 -33244.291 -104234.28
                   -5.9467991  6221.2153 20.3294877 2.32325908 .482828E-3  2.4450581 338.669678 .026637869 1593.36443 .232377849
                   6552.39688   .1840876 -6225.4166
   7500      .075  .839889419 230912.288 .098144176 92.2414415 .017018702 25.3824885 94.7099429 .022651373 27.2777738 -111906.53
                   1550.43338 58702.9383 -111906.51 1520.04178 58702.8804 60424.8596 -113011.84 1701.49018 -113394.01 1753.63651
                   60855.0711 -170609.39 113426.552 57182.8386 58723.3694  -173436.7  114713.33 -174249.08 115147.643 59101.4346
                   -28.980846 -15195.798 9.90677427 2.51176961 .508838E-3 2.59431211 338.860225 .026673464 1593.51578 .235441403
                   6905.38398 .186747955 15200.4178
   8000       .08   .33245117 17499.8326 .479028471 7.75406193 .001290321 38.6950377 7.97613521 .001363241 38.3139206 32445.7286
                   426.910673 72480.2581 32445.6848 418.544112 72480.2945 72265.9437 32971.7709 487.341793 32907.0208 430.208082
                   72122.4731  -40034.61 -32027.141 72061.7504 71778.6019 -39294.173 -32484.429 -39215.452 -32476.813  71692.265
                   18.2332435 -4183.2801 -21.886719 2.70954828 .575353E-3 2.93801866 339.061645 .026744052 1593.86353 .236545061
                   7807.98822 .188856266 4185.44112
   8500      .085  .065937611 123075.424 .154608026 61.6731377 .009072201 79.3118138 63.7563827 .009782925 83.0439456 91504.0289
                   -1131.9979 -103767.49 91504.0538 -1109.8101 -103767.48 -105329.23 92676.8485 -1005.7375 93036.6677 -1152.4622
                   -106180.88  195271.53 -92613.864 -102657.67 -104323.49 198006.077 -93682.586 199217.543  -94189.13 -105028.41
                    8.1201977 11093.9364 12.4341476 3.02657395 .598063E-3 3.06467532 339.382289  .02676688 1593.99157 .239321508
                    8116.1054  .19022977 -11098.101
   9000       .09  .627534895 76682.5407 .260973719   57.91175 .005649305 .640792017 58.2379029 .005585323 .712382944 -88669.818
                   893.283202 -9327.1407 -88669.785 875.769489 -9327.1908 -9665.9984 -88785.515 887.636494 -88919.124 870.796038
                   -9834.4272 -79342.595 89545.5548  -10202.96 -10553.635 -79119.516 89673.1512 -79084.697 89789.9203 -10705.223
                   -25.050647 -8756.8568  16.154681 3.13964995  .61475E-3 3.34929482 339.497273 .026782886  1594.2801 .241066264
                   8342.50433 .193175302 8757.69489
   9500      .095  .118936591 125853.027 .663543278 9.94521159 .009274936 87.4486494 10.2943128 .010540987 89.8170396 -36745.039
                   1144.57876 108960.423 -36745.091 1122.14191 108960.444 110042.557 -37272.774 1157.01702  -37384.45 1196.28032
                   110426.086 -145705.54 37867.2328 107838.302  108885.54 -147315.33 38429.7906 -147810.54   38580.73 109229.806
                   10.9058054 -11218.424 -25.759334 3.46394549 .684738E-3 3.59623036 339.825518 .026848946 1594.52924  .24266659
                   9292.24442 .194208868 11221.4191
  10000       0.1  .433082775 113428.302 .008131635 90.8019292 .008359675 24.8722475 91.0837665 .008022205 24.7552377 111029.881
                   -1086.6376 -58109.902 111029.875  -1065.337  -58109.86 -58015.097 111202.711 -1043.8103 111202.052 -1043.6123
                   -57973.012 169139.735 -112095.21 -57044.523 -56971.286 169217.808 -112246.52 169175.064 -112245.66 -56929.399
                   20.8106409 10650.2724 -2.8516022 3.65148422 .701504E-3 3.74462047 340.015338 .026864752 1594.67976 .245476463
                   9519.74667 .196739326  -10653.37
  10500      .105  .598916782 2.21750468 .793864104 7.67965775 .169665E-6 39.3667108 7.60352073 .145625E-3 40.4292964 -32289.699
                   -4.8935922   -73106.6 -32289.643 -4.7994114 -73106.649 -73797.022 -32177.663 -85.129856 -32129.183   -140.608
                   -74086.726 40817.0058 32284.8437  -73101.85 -73711.892 41619.3583 32092.5336 41957.5434 31988.5748 -73946.118
                   -24.472776 47.0903884 28.1755941 3.84778351 .733379E-3 4.09019097 340.214232 .026896147 1595.02909 .246451926
                   9952.19144 .198721502 -47.994114
  11000       .11  .050239316  220785.36 .182359298 61.3168074 .016270694 78.0732232  61.450813 .020000417 78.4577879 -91239.301
                    1515.9796 102954.048 -91239.328 1486.26191 102954.034  103120.11 -91300.471 1614.34341 -91338.974 1647.82785
                   103207.282 -194193.36 92725.5903 101467.772 101505.767 -194420.58 92914.8145 -194546.26 92986.8019 101559.454
                   -7.0879698 -14858.848 -13.504047 4.16651908 .779397E-3 4.21633969 340.536908  .02693465 1595.15628 .249178151
                   10576.6774 .200093522 14862.6191
  11500      .115  .870384587 28398.7212 .421603413  57.803277 .002092978 .606193085 58.3000553 .002201554  .64414106 88586.7449
                   -543.71631 9071.83153 88586.7039 -533.05822 9071.89054 9296.67269 88839.4579 -536.31818 88966.5595 -546.70999
                   9351.53286 79514.8133 -89119.762 9604.94876 9832.99087 79542.7852 -89375.776 79615.0267  -89513.27 9898.24285
                    29.502281 5329.04505 -20.532984 4.27944685 .808502E-3 4.49960591 340.651158 .026966217 1595.44337  .25090606
                   10971.6008  .20298975 -5330.5822
  12000       .12  .083391914 65556.5111 .598392415  9.7286577  .00483254 87.2165752 9.75371902 .006106527 87.8980913 36342.7837
                   -826.18414 -108815.75 36342.8326 -809.99075 -108815.77 -109123.38 36360.0755 -849.09302 36389.6126 -910.51991
                   -109240.09   145158.6 -37152.823 -108005.78 -108274.29 145483.455 -37209.169 145629.699 -37300.133 -108329.57
                   -9.1319173 8096.69754 24.4620607 4.60250858 .849561E-3 4.74753652 340.978527 .027002646 1595.69327 .252500161
                   11528.6866 .204030375 -8099.9075
  12500      .125  .499383795 182083.049 .015932784 91.3203586 .013417921 24.8853502 92.6965656 .013666593 25.3446595 -111346.39
                   1376.68043 58125.2086 -111346.38  1349.6928 58125.1639 58501.4211 -111933.97 1318.70056 -112182.25 1362.14219
                   58659.1199 -169471.55 112696.077 56775.4711 57182.7206 -170435.39 113252.671 -170841.37 113544.389 57296.9777
                   -22.346897 -13493.815 3.99158905 4.79075048 .870148E-3 4.89643803 341.168934 .027019089  1595.8444 .255307235
                   11808.0604 .206534316  13496.928
  13000       .13  .518442267  6957.5756 .725554878  7.5559685 .513028E-3 39.1917955 7.50187633 .927981E-3  39.950552 32028.6116
                   269.189682 72944.0079 32028.5577 263.914239 72944.0534 73460.8598 31919.7305 258.750594 31913.7077 354.945651
                     73646.77 -40915.496 -31764.643 72680.1392 73202.1092 -41541.129  -31660.98 -41733.062 -31558.762 73291.8244
                   22.7693273 -2637.7217 -26.936126 4.98778233  .92208E-3 5.24083159 341.368741 .027070746 1596.19253 .256265594
                   12512.7299 .208509922 2639.14239
  13500      .135  .048471324 156205.313   .1793542 61.3676079 .011512677 78.4681779 62.1960829 .012045964 79.3683029 91277.0893
                   -1275.1992 -103214.13 91277.1161 -1250.2028 -103214.12 -103661.51 91700.0321 -1302.2799 91891.1802 -1278.8308
                   -103804.42 194491.232 -92527.319 -101963.91 -102359.23 195361.547 -93002.312 195695.603 -93170.011 -102525.59
                   6.96213502 12498.2124 13.3923187 5.30550704 .952145E-3 5.36727765 341.690319 .027095635 1596.32014 .258988258
                   12920.6788 .209872174 -12502.028
  14000       .14  .793886114 55955.6158 .379900694 57.9134328 .004122827 .624831352 58.2596525 .003707742 .665847149 -88671.113
                    763.11277 -9210.2424 -88671.074 748.152073 -9210.2988 -9474.6835 -88894.818 672.267056 -88935.727 709.491306
                   -9507.7901 -79460.775 89419.2256 -9958.4509 -10146.951 -79420.135 89567.0854 -79427.936 89645.2179 -10217.281
                   -28.175985 -7480.3486 19.4910414 5.41847151  .97235E-3  5.6513478 341.804737 .027115701 1596.60799 .260707386
                   13194.8159 .212771624 7481.52073
  14500      .145  .094747302 101158.601 .616963435 9.81676026 .007455841 87.1008954 9.85997787 .010193359 88.2267128 -36506.972
                   1026.21435 108743.559 -36507.022 1006.09883 108743.579 109250.353 -36601.647 1117.18101 -36587.293 1176.38903
                   109444.102  -145250.6 37513.1206  107737.48 108133.172   -145852. 37718.8275  -146031.4 37763.6824 108267.713
                    9.7338226 -10057.763 -24.838749 5.74234019 .001030652 5.89862235 342.132821 .027168834  1596.8573 .262296321
                   13985.9388 .213807504 10060.9883
  15000       .15  .481568396 137029.685 .016395761 91.0889557  .01009863 24.9091452 92.1823437 .009183616 25.2031554 111205.228
                    -1194.322  -58152.99  111205.22 -1170.9101 -58152.947 -58409.368 111692.293 -1117.0627 111870.656 -1116.6039
                   -58495.138 169358.167 -112376.13 -56982.036 -57292.306 170101.662 -112809.36 170365.794 -112987.26 -57378.534
                   21.9446667 11705.9679 -4.0491679 5.93009061 .001048072  6.0472277 342.322686 .027184927  1597.0081 .265098011
                   14222.3035 .216313064 -11709.101
  15500      .155  .529365391 1015.20329 .731506558 7.65004513 .749397E-4 39.2510478 7.64585352 .201727E-3 39.9692059 -32227.383
                   -102.88196 -72999.127 -32227.329 -100.86682 -72999.173 -73513.793 -32244.131 -179.69898 -32218.499 -165.49112
                   -73663.962 40771.8441 32126.4621 -72898.306 -73334.094 41269.6617 32064.4323 41445.4631 32053.0076 -73498.471
                   -23.007942 1007.57297 27.0463779 6.12671798 .001086755 6.39234332 342.522118 .027222265 1597.35693 .266063107
                    14747.152 .218294742 -1008.6682
  16000       .16  .048717931 195574.656 .180823041 61.3669161 .014413409 78.3313919 61.9109616 .017006573 79.1425222 -91276.575
                   1426.83416 103124.129 -91276.602 1398.86456 103124.115 103569.659 -91573.919 1505.82009 -91680.313 1519.50005
                   103656.671 -194400.72 92675.4662  101725.25 102063.838 -195143.58 93079.7393 -195336.98  93199.813 102137.171
                   -6.9798231 -13984.801 -13.447046 6.44506185 .001126337 6.51859943 342.844336 .027255176 1597.48432 .268781788
                   15284.2832 .219653305 13988.6456
  16500      .165  .827030011 37510.6911 .399319196 57.7959531 .002764257 .623525771 58.1198252 .004236875 .645357676 88581.1315
                   -624.85563  9200.6138 88581.0915 -612.60643 9200.67132 9393.43001 88790.2166  -630.2889 88828.9365 -758.42938
                   9360.36001 79380.4202 -89193.698 9813.27775 10023.7189 79396.7866 -89420.505 79468.5764 -89587.366 10118.7894
                   28.7581295 6124.59722 -19.982973 6.55798011 .001151711 6.80217126 342.958644 .027282383  1597.7717 .270500544
                   15628.5653 .222548916 -6126.0643
  17000       .17  .091992905 77809.2044 .612937004 9.77343518 .005735367 87.2158336 9.85138885 .006925561 88.0874099 36426.3235
                   -900.05699 -108815.29  36426.373 -882.41508  -108815.3 -109234.74 36605.1923 -898.64791 36571.3543 -969.66072
                   -109357.67 145241.677 -37308.788 -107932.89 -108336.09 145839.933  -37503.84  145929.02 -37541.015 -108388.01
                   -9.5912932 8820.95258 24.7575646 6.88134365 .001198779 7.04987398 343.286268 .027324653 1598.02142 .272091945
                   16267.2164 .223584878 -8824.1508
  17500      .175  .489626857 164720.404 .014357085 91.1202992 .012138749 24.9105157  92.321736 .013053599 25.2741251 -111224.36
                   1309.41519 58154.5906 -111224.35  1283.7465 58154.5463 58461.6595  -111732.1 1334.27226 -111955.21 1331.24333
                   58577.4386  -169378.9 112508.098 56870.7998 57127.3872 -170193.76  113066.37 -170532.64 113286.449 57246.1953
                   -22.127514 -12834.345  3.7890745 7.06942284 .001217897 7.19863038 343.476523  .02734045 1598.17237 .274895464
                   16526.6439 .226091776  12837.465
  18000       .18  .536528184 4149.94241 .748490612  7.5652823 .306101E-3 39.2252376 7.49359664  .35829E-3 39.9764476 32048.3462
                    207.93098 72975.1218 32048.2915 203.856699 72975.1681 73503.6531  31866.496  167.96078 31896.0915 220.551397
                   73670.6348 -40926.877 -31844.435 72771.3114 73335.6923 -41637.157 -31698.535 -41774.543  -31675.54 73450.0834
                    23.163078 -2037.1407 -27.358556 7.26626617 .001264694 7.54329999 343.676119 .027387042 1598.52079 .275855293
                   17161.6191 .228064815 2038.56699
  18500      .185  .047881922 170178.184 .178198044 61.3439005 .012542334 78.4149835 62.1185984 .013031703 79.1761409 91259.4567
                   -1331.0033 -103179.14 91259.4834 -1304.9128 -103179.12 -103557.91 91636.0241 -1383.7965 91833.9229 -1330.1263
                   -103678.68 194438.608 -92564.396 -101874.21 -102174.11 195193.933 -93019.821 195512.607 -93164.049 -102348.56
                   6.91967642 13045.2361  13.349084 7.58422392 .001298055 7.66968502 343.997925 .027415018 1598.64832  .27857736
                   17614.3014  .22943033 -13049.128
  19000       .19  .801039348 48748.3837  .38407747 57.8856855 .003591853  .61426687 58.2047144 .003508239 .645731882 -88649.868
                   712.279384 -9132.0476 -88649.829 698.315375 -9132.1042 -9345.0998 -88870.079 635.839533 -88893.784 690.139524
                   -9363.0734 -79517.725 89348.1445 -9830.4196 -9980.9393 -79524.979 89505.9187 -79530.711 89583.9236 -10053.213
                   -28.302639 -6982.0043 19.5978945 7.69719454 .001319989 7.95355648  344.11235 .027437113 1598.93597 .280299556
                   17911.8998 .232328783 6983.15375
  19500      .195  .093764947 92231.7432  .61432005 9.78824655 .006798143 87.1598175 9.81675113 .009963635 88.2469208 -36453.915
                   979.906733 108780.335 -36453.964 960.699262 108780.354 109243.432 -36551.275  1062.1333 -36507.005 1163.05757
                   109456.635 -145234.32 37414.6634 107819.655 108181.299 -145794.71 37613.4079 -145963.64 37670.0624 108293.577
                   9.68323018 -9603.7359 -24.785481 8.02086845 .001374021 8.20097611 344.440246 .027486473 1599.18541 .281886565
                   18645.0668 .233365242 9606.99262
  20000       0.2  .483669571 146886.716  .01641467 91.1295881 .010824979 24.9171678 92.2288098 .010473297 25.2401824 111230.028
                   -1236.5275 -58162.355  111230.02 -1212.2881 -58162.311 -58436.617 111718.596 -1174.8144 111898.848 -1192.4331
                   -58538.091 169392.331 -112442.31 -56950.022 -57261.803 170155.213 -112893.41 170436.939 -113091.28 -57345.658
                    21.992489  12119.683 -4.0515022  8.2087134 .001391944  8.3496574   344.6302 .027502877  1599.3363 .284689659
                   18888.2594 .235870225 -12122.881
  20500      .205  .525587681 1917.13328 .727148121 7.63444915 .141441E-3 39.2209311 7.62578618 .289441E-3 39.9333197 -32194.515
                   -141.34262 -72971.116 -32194.462 -138.57341 -72971.162 -73479.068 -32202.779 -197.02522  -32176.19 -198.23128
                   -73630.885 40776.7005 32055.8882 -72832.589 -73282.043 41276.2893 32005.7536 41454.6944 31977.9592 -73432.654
                   -22.925699 1384.60582 26.9656841 8.40544565 .001433501 8.69460337 344.829754 .027543132 1599.68496 .285653818
                   19452.1163 .237851682 -1385.7341
  21000       .21   .04822259 186081.122 .180238062 61.3438773  .01371398 78.3756956 61.9155429 .016475057 79.2589757 -91259.439
                   1391.78398 103153.288 -91259.466 1364.50167 103153.274 103608.724 -91552.041 1477.30995 -91683.705 1495.56665
                   103732.905 -194412.74 92623.9678 101788.772 102131.414 -195160.77  93029.351 -195416.61 93179.2717 102237.338
                   -6.9442487 -13641.155 -13.425277 8.72364414 .001470724 8.82088892 345.151819 .027574073 1599.81238 .288372698
                   19957.2222 .239210462 13645.0167
  21500      .215    .8224034 41445.8379 .397646615 57.8251243 .003054152 .627293359 58.1127785 .004793496 .644395396 88603.4832
                   -656.80416 9228.36914 88603.4433 -643.92847  9228.4265 9388.91962 88775.5638 -670.36449 88823.5513 -806.71195
                   9353.37888 79375.0169 -89247.372 9872.35496 10059.2841 79386.6441 -89445.928 79470.1724 -89630.263 10160.0908
                   28.6775766  6437.8442 -19.941079  8.8365518 .001494771 9.10457992  345.26612 .027599939 1600.09988 .290091482
                   20283.4968 .242105756 -6439.2847
  22000       .22  .092787862 82928.7723 .611683535 9.78274189 .006112598 87.1985073 9.86689838  .00710682 88.0672371 36443.6629
                    -929.1855 -108804.48 36443.7124 -910.97245  -108804.5 -109213.25 36635.0861 -937.24379  36600.131 -982.26795
                   -109345.14 145248.207 -37354.685 -107893.52   -108276. 145848.332  -37572.33 145945.274 -37582.399 -108362.88
                   -9.6326456 9106.52361 24.7322368 9.16003564 .001544324 9.35218914 345.593862 .027644652 1600.34951 .291682526
                   20955.8719 .243141762 -9109.7245
  22500      .225  .490136418 158104.838 .014358222 91.0650491 .011651378 24.9185818 92.2338808 .012547499 25.2699983 -111190.63
                   1282.85921 58164.0051 -111190.63 1257.71126 58163.9608 58488.7908 -111707.08 1327.08795 -111901.92 1305.18147
                   58572.6562 -169354.59 112448.337 56906.2496 57161.7028 -170195.87  113034.17 -170474.58 113207.105 57267.4747
                   -22.139025 -12573.975 3.78922452 9.34805016 .001562959 9.50089215 345.784056 .027660281  1600.5004 .294485834
                   21208.7385 .245648857 12577.1126
  23000       .23  .538201375 3238.99994 .749008559 7.57266871 .238949E-3 39.2361374 7.48391783 .184258E-3  39.978612 32063.9877
                   183.712396 72985.2601 32063.9329 180.112952 72985.3065  73525.868 31893.6138 152.077179 31875.4862 158.163232
                   73672.6291 -40921.374  -31883.82 72805.1935 73373.7909 -41632.254 -31741.537 -41797.143 -31717.323 73514.4658
                   23.1991675 -1799.7222 -27.368021  9.5448242 .001607808 9.84566778 345.983579  .02770497 1600.84893 .295445918
                    21817.276 .247621342 1801.12952
  23500      .235  .047898601 175873.782 .177475987 61.3502116 .012961986 78.4025101 62.1150531 .013601241  79.146946  91264.151
                   -1353.0871 -103170.93 91264.1777 -1326.5636 -103170.92 -103546.96  91640.927  -1399.013 91831.3022 -1358.8815
                   -103659.57 194435.096 -92590.741 -101844.35 -102147.94 195187.885  -93039.94  195490.87 -93190.184 -102300.69
                   6.92088152 13261.7413 13.3220114 9.86287044  .00164254 9.97203128 346.305472 .027734262 1600.97643 .298167816
                   22288.5642 .248987509 -13265.636
  24000       .24  .801052441 46029.9788 .383973871 57.8714951 .003391594 .611825047 58.1750847 .003343171 .641311108 -88639.002
                   692.138434 -9113.8786 -88638.962 678.569354 -9113.9352 -9310.0343 -88861.213 622.682189 -88871.155 673.707856
                   -9330.9679 -79525.027 89317.5317 -9792.5046 -9932.7165 -79551.179 89483.8953 -79540.187 89544.8629 -10004.676
                    -28.30287 -6784.5397 19.5952512 9.97584516 .001665213 10.2558255 346.419905 .027757201   1601.264 .299890752
                    22596.204 .251885894 6785.69354
  24500      .245  .093918164 88804.8606  .61489178 9.77371245  .00654564  87.173943 9.80849656 .009780808 88.2751535  -36426.84
                   961.536082 108789.149  -36426.89 942.688815 108789.169 109252.418 -36545.733  1039.6349 -36491.653 1152.33744
                   109474.143 -145216.06 37369.5786  107846.48 108212.784 -145798.15 37585.3678  -145965.8 37643.9903 108321.805
                   9.69113845 -9423.6331 -24.797012 10.2994418 .001717598 10.5033028 346.747722 .027805106 1601.51351 .301477022
                   23307.0206 .252922409 9426.88815
  25000       .25  .483163479 150895.834 .016504087 91.1575153 .011120405 24.9157328 92.2226484 .010957777 25.2316937 111247.071
                    -1253.287  -58160.68 111247.062 -1228.7191 -58160.636 -58438.687 111729.572 -1195.8421  111895.11 -1219.7015
                   -58528.247 169407.698 -112475.78 -56931.917 -57242.845 170168.259 -112925.41 170423.357 -113114.81 -57308.545
                   21.9809799 12283.9665 -4.0625222  10.487323 .001735759 10.6520133 346.937711  .02782165 1601.66442 .304280381
                    23553.448 .255427249 -12287.191
  25500      .255   .52556058 2354.61719 .726822576 7.63315899 .173693E-3 39.2118472 7.61728964  .33575E-3 39.9262504 -32191.795
                   -156.63081 -72962.665 -32191.741 -153.56186 -72962.711 -73465.205 -32185.894 -206.00375  -32158.26 -213.50129
                   -73624.367   40770.97 32038.1793 -72809.149 -73259.201 41279.3114 31979.8898 41466.1069 31944.7591 -73410.866
                   -22.925108 1534.47619 26.9596472 10.6840965  .00177849  10.996893 347.137309 .027863108 1602.01301 .305244374
                   24133.2349 .257408667 -1535.6186
  26000       .26  .048189838 182369.422  .17980352 61.3382122 .013440531  78.391649 61.9070394 .016221056 79.2898661 -91255.225
                   1377.83831 103163.786 -91255.252 1350.82946 103163.772 103613.992 -91538.145 1464.24418 -91677.409 1483.99308
                   103753.117 -194419.02 92606.0816 101812.942 102149.748 -195152.14 93002.3897 -195430.53 93161.4019 102269.124
                     -6.94189 -13504.422 -13.409084 11.0022379 .001814801 11.1231888 347.459315 .027893304 1602.14044 .307963271
                   24625.9632 .258767546 13508.2946
  26500      .265  .821373405 43067.7334 .396801967 57.8383047  .00317362 .628237067  58.119508 .004818768 .645248843 88613.5805
                   -669.52706 9235.30825 88613.5407 -656.40186 9235.36557 9385.44265 88771.4959 -693.98351  88828.694 -808.83572
                   9359.57071 79378.1751 -89269.943 9891.76743 10079.4262 79386.0532 -89465.479 79469.1233  -89637.53 10168.4064
                   28.6596128 6562.60112 -19.919889 11.1151416 .001838342 11.4069271 347.573613 .027918637 1602.42799 .309682262
                   24945.3716 .261662715 -6564.0186
  27000       .27   .09276114 85015.0909 .610771997 9.78618754 .006266327 87.1881432 9.87533104 .007166451 88.0532272 36450.0804
                   -940.79728 -108798.01 36450.1298 -922.35656 -108798.03  -109206.4 36638.8381 -954.55738 36615.7677 -986.38029
                   -109336.45 145248.159 -37372.486 -107875.67 -108251.85 145845.242 -37593.395 145952.213 -37602.148 -108350.07
                   -9.6312585 9220.36284 24.7138018 11.4386726 .001888904 11.6544988 347.901403 .027964351 1602.67759  .31127311
                    25631.434 .262698759 -9223.5656
  27500      .275  .490460721 155503.129 .014528263 91.0802449 .011459684 24.9124244 92.2128851 .012385302 25.2759762 -111199.91
                   1272.26234 58156.8185  -111199.9 1247.32216 58156.7742 58497.0828 -111702.21 1314.90895 -111889.19 1296.71821
                   58579.5838 -169356.68 112447.225  56909.452 57182.1738 -170199.29 113017.121 -170468.77 113185.905 57282.8656
                   -22.146348 -12470.089 3.81159587 11.6266618 .001907361 11.8031813 348.091572 .027979915 1602.82845 .314076417
                   25881.8898 .265205893 12473.2216
  28000       .28  .538358314 2906.72065 .748417279 7.57131167 .214454E-3 39.2419347  7.4793178 .123648E-3 39.9758664 32061.1146
                   174.041387 72990.6518 32061.0598 170.631565 72990.6982 73532.7611 31903.5633 146.723217 31865.6885 129.564463
                   73670.0993 -40929.638 -31890.428 72820.0667 73386.0379 -41629.198  -31756.84 -41804.411 -31736.124 73540.5348
                   23.2025497 -1704.9107 -27.357216 11.8234085 .001951445 12.1479986 348.291067 .028023863 1603.17703 .315036523
                   26480.0478 .267178171 1706.31565
  28500      .285  .047892313 178176.445  .17724303 61.3558601 .013131633 78.3949267 62.1098496 .013900076 79.1436312 91268.3523
                    -1361.913 -103165.94 91268.3789 -1335.2165 -103165.93  -103542.2 91646.0759 -1401.9053 91827.4557 -1373.7285
                    -103657.4 194434.308 -92603.595 -101830.71 -102140.29 195188.275 -93047.981 195484.853 -93201.184 -102283.67
                   6.92042728  13348.275 13.3132652 12.1414896 .001986735 12.2743538 348.612995 .028053688 1603.30452 .317758395
                   26958.9143 .268544558 -13352.165
  29000       .29  .800976504 44964.4067 .383808251 57.8650802 .003313097 .611112145 58.1634729 .003278179 .640005706 -88634.089
                   684.081893 -9108.5673  -88634.05 670.670792 -9108.6239 -9298.1869 -88857.475 616.315463 -88862.285 667.127174
                   -9321.4663 -79525.426 89304.7204 -9779.2947 -9914.5023 -79559.288 89473.7908 -79540.819 89529.4124 -9988.5935
                   -28.301528 -6705.5504 19.5910248  12.254466 .002009714 12.5581175 348.727431 .028076974 1603.59206 .319481563
                   27270.6877 .271442929 6706.70792
  29500      .295  .094047226 87451.1081 .615339398 9.76633995 .006445891 87.1818445 9.80589787 .009686993  88.286072 -36413.099
                   954.181554 108794.079 -36413.148 935.478494 108794.099 109258.743 -36542.509 1033.40032 -36486.818  1146.7977
                   109480.913 -145207.25 37348.6269  107858.62 108225.342 -145801.25 37575.9096 -145967.73 37633.6161 108334.115
                   9.69779488 -9351.5297 -24.806036  12.578032 .002061447 12.8056177 349.055216 .028124303 1603.84159 .321067576
                   27972.6598 .272479494 9354.78494
  % % % % % %   Final time step,  PLTFIL  dumps plot data to ".PL4" disk file.
  Done dumping plot points to C-like disk file.
  30000       0.3  .483071028 152517.309 .016560369 91.1675028 .011239893  24.914984 92.2179803 .011142356 25.2285458 111253.165
                   -1260.0023 -58159.806 111253.157 -1235.3027 -58159.762 -58439.705  111733.46 -1205.9782 111892.278 -1229.9312
                   -58524.596 169412.918 -112488.46 -56924.459 -57233.727 170173.165 -112939.44 170416.874 -113122.21 -57294.664
                   21.9788769 12349.7898 -4.0694433 12.7659274  .00207971 12.9543396  349.24522 .028140906 1603.99251 .323871022
                   28220.4669  .27498426 -12353.027

Extrema of output variables follow.   Order and column positioning are the same as for the preceding time-step loop output.
Variable maxima :  51.9986265 459560.928 40.6916803 492.929711 .033870212 1831.91464 .2910346E7 21.6023405 .5449613E7 125109.426
                   112863.661 132364.583 125109.346 2144.37765 132364.524 163990.417 144486.625 32213.1789 160907.606 43346.3695
                    180042.78 217846.222 143156.707 130513.761 165220.864 255386.587 177829.756 268709.706 187468.123 183767.522
                   228.032073 13604.1051 201.721789 12.7659274  .00207971 12.9543396  349.24522 .028140906 1603.99251 .323871022
                   28220.4669  .27498426 21443.7765
Times of maxima :       .0202     .02604     .02373     .02524     .02608     .02061     .02406     .02249     .02086      .0337
                       .00561     .02782      .0337     .02608     .02782     .02791     .03372      .0217     .03382     .02037
                       .02784       .035     .02524     .02782     .02795     .02073     .02394     .03516     .02539     .02786
                        .0202     .28449     .02373        0.3        0.3        0.3        0.3        0.3        0.3        0.3
                          0.3        0.3     .02608
Variable minima :         0.0        0.0        0.0        0.0        0.0        0.0        0.0        0.0        0.0  -141070.9
                   -112763.48 -158264.56 -141070.87 -1360.7829 -158264.33 -199829.42 -183352.27  -34485.49 -192618.74 -54155.518
                   -196187.19 -243960.19 -125771.69 -158498.71 -203114.34 -292739.46 -142122.33 -305943.39 -155095.62 -210062.68
                   -223.37141 -21437.372 -173.26251        0.0        0.0        0.0        0.0        0.0        0.0        0.0
                          0.0        0.0 -13607.829
Times of minima :       .1E-4      .1E-4      .1E-4        0.0        0.0        0.0        0.0        0.0        0.0     .02524
                       .01394     .02061     .02524     .28449     .02061     .02073     .02392     .02114     .02406     .02249
                       .02086     .02653      .0337     .02061     .02056     .02651     .03375     .02534     .03388     .02071
                       .02101     .02604     .02439        0.0        0.0        0.0        0.0        0.0        0.0        0.0
                          0.0        0.0     .28449

Blank card terminating all plot cards.            |BLANK PLOT

  ---- Initial flux of coil  "X0001A"  to  "      "  =  -6.89935875E-02
  ---- Initial flux of coil  "X0001B"  to  "      "  =  -9.37326241E+02
   Warning.  Preceding flux exceeds the 1st segment.  This means that the steady state solution is not really sinusoidal.
  ---- Initial flux of coil  "X0001C"  to  "      "  =  9.37395234E+02
   Warning.  Preceding flux exceeds the 1st segment.  This means that the steady state solution is not really sinusoidal.
  ---- Initial flux of coil  "X0002A"  to  "      "  =  -5.90177525E-02
  ---- Initial flux of coil  "X0002B"  to  "      "  =  -9.37352218E+02
   Warning.  Preceding flux exceeds the 1st segment.  This means that the steady state solution is not really sinusoidal.
  ---- Initial flux of coil  "X0002C"  to  "      "  =  9.37411236E+02
   Warning.  Preceding flux exceeds the 1st segment.  This means that the steady state solution is not really sinusoidal.
  ---- Initial flux of coil  "X0003A"  to  "      "  =  -7.43184460E-02
  ---- Initial flux of coil  "X0003B"  to  "      "  =  -6.46485600E+02
   Warning.  Preceding flux exceeds the 1st segment.  This means that the steady state solution is not really sinusoidal.
  ---- Initial flux of coil  "X0003C"  to  "      "  =  6.46559919E+02
   Warning.  Preceding flux exceeds the 1st segment.  This means that the steady state solution is not really sinusoidal.
  ---- Initial flux of coil  "X0004A"  to  "      "  =  -3.35365329E-02
  ---- Initial flux of coil  "X0004B"  to  "      "  =  -2.58589181E+02
   Warning.  Preceding flux exceeds the 1st segment.  This means that the steady state solution is not really sinusoidal.
  ---- Initial flux of coil  "X0004C"  to  "      "  =  2.58622717E+02
   Warning.  Preceding flux exceeds the 1st segment.  This means that the steady state solution is not really sinusoidal.

Card of names for time-step loop output.          |  9049A 9049B 9049C T_MANAT_MANBT_MANC1_2LTC1_2LTA1_2LTBT_OPOAT_OPOBT_OPOC
Output voltage differences for pairs of A6 names  |-5T_MANAT_MANCT_MANBT_MANAT_MANCT_MANB1_2LTC1_2LTB1_2LTA1_2LTC1_2LTB1_2LTA
Output voltage differences for pairs of A6 names  |-5T_OPOAT_OPOCT_OPOBT_OPOAT_OPOCT_OPOB
Blank card ending requests for output variables.  |BLANK OUTPUT

The data case now ready to be solved is a statistical overvoltage study that involves  NENERG = 100   simulations.
Closing or opening times for  "STATISTICS"  switches are to be varied randomly according to a Normal   distribution.   The following
is a listing of switches that are to have closing or opening times varied randomly.
          Entry    Switch      From        To         Columns 15-24        Columns 25-34       Reference switch number
         number    number       bus       bus          (in seconds)         (in seconds)       (0 implies independence)
              1        10    XX0014    XX0015             0.020000             0.000833               0
              2        11    XX0016    XX0017             0.020000             0.000833               0
              3        12    XX0018    XX0019             0.020000             0.000833               0
In addition to variation of the switching time that is caused by each switch`s own distribution, there is the added random delay
that is the same for all switches.  This added random delay is called "reference angle," and it has a uniform distribution over the
time interval  0.00000000E+00   to  3.60000000E+02   degrees at frequency  6.00000000E+01   (data fields  DEGMIN, DEGMAX, and STATFR
of the  STARTUP file).   However, if  "ITEST"  (columns 9-16 of the  STATISTICS  miscellaneous data card) is positive, the reference
angle is set to zero, and there is no such added random delay.
In the following output, for each simulation there will be a tabulation of switch times that were used, followed by a display of
peak values that occurred during the simulation.  Format for this latter output is identical to that for the extrema of a
conventional (non-statistical) simulation.
Well, almost identical!  Output of the reference angle in degrees has been added at the extreme left in otherwise blank space.

                       XX0015     XX0017     XX0019     TERRA      TERRA      TERRA      TERRA      TERRA      TERRA      9049A
  Reference angle      MEASUC     MEASUB     MEASUA     PRMANA     PRMANB     PRMANC     PROPOA     PROPOB     PROPOC

                       9049B      9049C      T_MANA     T_MANB     T_MANC     1_2LTC     1_2LTA     1_2LTB     T_OPOA     T_OPOB
 

                       T_OPOC     T_MANA     T_MANB     T_MANC     1_2LTC     1_2LTA     1_2LTB     T_OPOA     T_OPOB     T_OPOC
                                  T_MANC     T_MANA     T_MANB     1_2LTB     1_2LTC     1_2LTA     T_OPOC     T_OPOA     T_OPOB

                       XX0014     XX0016     XX0018     TERRA      TERRA      TERRA      TERRA      TERRA      TERRA      XX0015
                       XX0015     XX0017     XX0019     PRMANA     PRMANB     PRMANC     PROPOA     PROPOB     PROPOC     MEASUC

                       XX0017     XX0019     T_MANB
                       MEASUB     MEASUA     TERRA
             Random switching times for simulation number  1  :
                                  10  3.0180142E-02   11  3.1136573E-02   12  2.9982359E-02
             ==== Table dumping for all subsequent restorations.  Time [sec] = 1.75000000E-02

 215.282           26.9424296 270399.743 16.7504893 120.400112 .019895214 106.259643 25198.9507 41.6018343  628.06182 127851.426
                   -113080.25 -120109.25 127851.479 1643.48831 -120109.26 -129117.73 163285.495 51150.4011  176735.42 -75153.386
                   -142982.35  214156.34 -128562.91 -119515.08 -135939.53 242543.799 -168082.57 255872.473 -168742.68 -151614.36
                   164.141493 -16443.836 129.423681 12.3462771 .001849665 12.3185573 14.4334138 .084994871 12.6191625 .155761314
                   25097.9336 .151851954 16434.8831
Times of maxima :      .03133     .04278     .03455     .03283     .04292     .03668     .03398     .03172     .03647     .03283
                       .03077     .03668     .03283     .04292     .03668     .03631     .03408     .03246     .03398     .03172
                       .03647     .03416     .03283     .03668     .03586     .03412     .03412     .03427     .03291      .0369
                       .03133     .04278     .03455        0.3        0.3        0.3        0.3        0.3        0.3        0.3
                          0.3        0.3     .04292
             Random switching times for simulation number  2  :
                                  10  3.3956384E-02   11  3.4589849E-02   12  3.4229528E-02

 325.689           66.1948509  592691.61 66.6805835 1357.13501 .044049399 1812.67251 .6998126E7 62.3231155 .2188472E8 152563.492
                   112863.661 -158040.22 152563.251 2445.46981  -158040.2 -190277.61 201234.192 68044.7298 196911.874 91984.9741
                   -203628.14 278397.571 -152569.61  -158219.9 -177785.67 343944.992 -213406.77 385608.711 -241180.15 -200107.84
                     257.2836 -24345.258 -258.22584 12.1504478 .002096404 12.3732694 938.230024 .141128337 4393.85173 .280530537
                   28447.8711 .254297927 24454.6981
Times of maxima :      .03563     .04267     .03451     .03483     .04266     .03612     .03482     .03662     .03596     .03483
                       .00561     .03612     .03483     .04266     .03612     .03471     .03496     .03536     .03482     .03662
                       .03596     .03489     .03483     .03612     .03758     .03477     .03478     .03481     .03489     .03889
                       .03563     .04267     .03451        0.3        0.3        0.3        0.3        0.3        0.3        0.3
                          0.3        0.3     .04266
             Random switching times for simulation number  3  :
                                  10  2.5689259E-02   11  2.6882687E-02   12  2.4794274E-02

 131.719           74.4007221 583891.153 51.2025377 2444.72759  .04334106   1225.016 .1049269E8 103.034789 .2431739E8 -165135.66
                   112863.661 150908.372 -165135.37 -2425.7279 150908.071 215906.016 -203230.75 97063.7762 -198528.32 -118272.63
                   204685.929 -266399.73 165141.181 150922.799 179387.495 -294893.78 211290.769 -321792.41 214481.726 199420.515
                   -272.76496 24163.8398 226.279778 12.7104454 .002143966 12.7180988 3518.70114 .210113739 3639.46894 .184285045
                   29093.1566 .200287942 -24257.279
Times of maxima :       .0262     .03434     .02507     .02539     .03439      .0263     .02565     .02576     .02654     .02539
                       .00561      .0263     .02539     .03439      .0263     .02635     .02551     .02648     .02565     .02576
                       .02654     .02632     .02539      .0263     .02632     .02641     .02535     .02656     .02524     .02617
                        .0262     .03434     .02507        0.3        0.3        0.3        0.3        0.3        0.3        0.3
                          0.3        0.3     .03439
             Random switching times for simulation number  4  :
                                  10  3.3608978E-02   11  3.0866047E-02   12  3.3014948E-02

 263.345           48.8320522 239062.901 49.9872937 2296.50549  .01770635 188.507853 .9994404E7 775.907643 .2364392E7 163518.519
                   112863.661 -136573.35 163518.234 1550.44668  -136573.1 -176974.77 205651.732 112173.563 198299.408 145020.157
                   -191030.79 232830.726  -164565.1 -135467.18  -194752.6 234571.396 -210137.45  251564.84 -213474.37 -205582.78
                   220.979755 -15461.659 -223.57838 12.2927064 .001843614 12.2846852 3557.58105 .352739466 237.907579  .17736401
                   25015.7687 .219009344 15504.4668
Times of maxima :       .0341     .04277     .03329     .03361     .04267     .03419     .03387     .03397     .03442     .03361
                       .00561     .03419     .03361     .04267     .03419     .03436     .03377     .03531     .03387     .03397
                       .03442     .03419     .03361     .03419     .03427     .03432     .03357     .03445     .03351     .03439
                        .0341     .04277     .03329        0.3        0.3        0.3        0.3        0.3        0.3        0.3
                          0.3        0.3     .04267
             Random switching times for simulation number  5  :
                                  10  2.9898135E-02   11  2.8981196E-02   12  3.0149351E-02

  192.49            31.262686 373027.515 21.4928113 126.215084 .027636117 120.192102 356363.862 37.1693302 93208.8302 130902.589
                   112863.661 -127740.91 130902.501 -1937.0053 -127740.99 -150738.24 180477.098  51092.627  184686.58 71037.0111
                   -178425.41 222922.326  -132783.9 -126174.73 133635.676 257946.782 -170654.58 265165.427 -177743.51  -141436.3
                   176.812573 19313.9202 -146.60427  12.342949 .001949756 12.3305536 84.7312018 .078336972 16.6551952 .183244111
                    26456.692 .176386398 -19370.053
Times of maxima :      .03079      .0344     .03201     .03374     .03442      .0364      .0324     .03238      .0362     .03374
                       .00561      .0364     .03374     .03442      .0364     .03633     .03379      .0322      .0324     .03238
                        .0362     .03513     .03374      .0364     .03043     .03508     .03384     .03496     .03398     .03619
                       .03079      .0344     .03201        0.3        0.3        0.3        0.3        0.3        0.3        0.3
                          0.3        0.3     .03442
             Random switching times for simulation number  6  :
                                  10  3.4208070E-02   11  3.5464417E-02   12  3.6059550E-02

 322.843            43.511605 572123.183 38.9954336 117.508707 .041958366 266.646995 3029.28927 105.235803 .1969561E7 -126307.03
                   112863.661 -137755.03 -126306.98 2386.72067  -137754.8 -189616.77 -153122.91 87586.3072 -171269.28 -119529.22
                   -189866.36 -222084.03 128411.175 -137760.05 -184954.47  -243252.2 160243.617 278901.947 194867.632 -194027.84
                   -208.59436 -23919.097 197.472615 11.9897606 .002074806 12.2609576 13.4509183 .273329471 328.850206 .221568361
                   28154.5557 .188614676 23867.2067
Times of maxima :      .03953     .04268     .03687     .04086       .043     .03481     .04239     .03777     .03505     .04086
                       .00561     .03481     .04086       .043     .03481     .03496     .04096     .03711     .04239     .03777
                       .03505     .04262     .04086     .03481     .03491     .04254     .04173     .03651     .04069     .03615
                       .03953     .04268     .03687        0.3        0.3        0.3        0.3        0.3        0.3        0.3
                          0.3        0.3       .043
             Random switching times for simulation number  7  :
                                  10  2.7577644E-02   11  2.8820848E-02   12  2.6703186E-02

 169.632           81.7917249 395351.168 37.9968371 122.546032 .029175529 3282.12384 2626.22646 120.736517 .2994506E8 128985.845
                   112863.661 173813.743 128985.811 -1990.2227 173813.435  215260.23 -161212.21 89007.4339 -167080.05 128029.967
                   207094.123 -232832.73 -130742.42 173831.545 190233.563  -243591.2 159832.045  -278671.6  -196299.9 222280.307
                   -285.99253 19883.4396 -194.92777 12.4066237 .001967342 12.7803937 14.1976999 .180855468 9205.42459 .173446002
                   26695.2473  .17201752 -19902.227
Times of maxima :      .02812      .0344     .02758     .03278     .03418     .02819     .02722     .02853     .02843     .03278
                       .00561     .02819     .03278     .03418     .02819     .02832     .02742     .02837     .02722     .02853
                       .02843     .02821     .03278     .02819     .02809     .02831      .0274     .02845     .03255     .02797
                       .02812      .0344     .02758        0.3        0.3        0.3        0.3        0.3        0.3        0.3
                          0.3        0.3     .03418
             Random switching times for simulation number  8  :
                                  10  2.8919978E-02   11  2.9658258E-02   12  2.8826140E-02

 196.866           56.9501781 277797.012 38.9087215 305.826458 .020508317 523.075303 .6951289E7 43.9140005 .1377281E7 138340.154
                   112863.661 141501.688 138339.961 -1668.6195 141501.525 184967.998 197810.139 55836.8285 196890.032 77213.6022
                   188093.171 231391.396  -139730.7 141506.379 189549.125 279882.447 -185731.12 287626.766 -190896.23 195711.885
                   238.642365 16667.2437 -197.25294   12.35876 .001886267   12.41148 931.584552 .067095084 283.405762 .263634509
                   25594.7439 .229537923 -16686.195
Times of maxima :      .02993     .03446     .03261     .03275     .03456     .02952     .03295      .0314     .02954     .03275
                       .00561     .02952     .03275     .03456     .02952     .02963     .03281     .03122     .03295      .0314
                       .02954     .03416     .03275     .02952     .02953     .03413     .03285     .03424       .033      .0296
                       .02993     .03446     .03261        0.3        0.3        0.3        0.3        0.3        0.3        0.3
                          0.3        0.3     .03456
             Random switching times for simulation number  9  :
                                  10  2.3716328E-02   11  2.3290060E-02   12  2.4280845E-02

 70.7903           25.6767412 330584.294 57.9641717 2694.16033  .02428365 319.171771 .1234502E8  64.954119 .3084144E7 -167798.58
                   112863.661 138538.239  -167798.3 -1815.7217  138538.19  177314.66 -208558.05 -63350.415 -199374.81 93906.5014
                   193119.016  -247681.2  168405.97  137898.47 186711.023 -284795.54  219340.78 -289504.26  220184.68 198695.031
                   160.239637 18181.9772 240.757496 12.8123173 .001931419 12.6920629 3050.62807  .10631307  348.72729 .196369587
                   26207.5312 .200853625 -18157.217
Times of maxima :      .02801     .03442     .02457     .02489     .03466     .02752     .02514     .02601     .02753     .02489
                       .00561     .02752     .02489     .03466     .02752     .02886       .025     .02657     .02514     .02601
                       .02753     .02622     .02489     .02752     .02883     .02501     .02499     .02515     .02482     .02756
                       .02801     .03442     .02457        0.3        0.3        0.3        0.3        0.3        0.3        0.3
                          0.3        0.3     .03466
             Random switching times for simulation number  10  :
                                  10  3.3875759E-02   11  3.3683878E-02   12  3.4255429E-02

 299.177           51.2211304  555715.92 67.5847681   1367.825 .041319559 797.391297  .860694E7 121.598492 .2306965E8 152696.079
                   112863.661 -145311.84 152695.779 2368.48236 -145311.87 -176495.72 203743.896 71203.2281 197659.266 -128486.18
                   -204144.68 269375.538 -152795.83 -145398.87 -174825.21 319390.716 -239190.06 383883.381 -260319.59 -209584.94
                   226.320857 -23573.628 259.970706 12.1414553  .00205766 12.2955036  1240.7534 .214076472 3934.09927  .23104384
                   27921.8302 .224658178 23684.8236
Times of maxima :      .03441     .04268      .0351     .03485     .04265     .03614      .0351     .03599       .036     .03485
                       .00561     .03614     .03485     .04265     .03614     .03602     .03496     .03671      .0351     .03599
                         .036     .03493     .03485     .03614     .03758     .03485     .03496     .03473     .03482     .03768
                       .03441     .04268      .0351        0.3        0.3        0.3        0.3        0.3        0.3        0.3
                          0.3        0.3     .04265
             Random switching times for simulation number  11  :
                                  10  3.1872101E-02   11  3.0859983E-02   12  3.3835037E-02

 262.091           38.8122824 237812.165 64.7327654 2299.64218 .017466452 839.146792 .9516458E7 70.5563479 .2128556E7 163552.994
                   112863.661 -145875.92 163552.736  1539.9076 -145875.77 -171048.32 201072.728 64744.9901 198079.352 -97872.427
                   -190336.92 277930.236 -164688.77  -144870.2 -184123.32 321302.082   -213494. 330564.522 -223790.77 -223671.98
                   -197.00833  -15421.16 -254.42635 12.2658899 .001843487 12.3355416 3079.84359 .122466937 309.092429 .218982171
                   25014.2081  .22016239  15399.076
Times of maxima :      .03756     .04279     .03408     .03444      .0427     .03572     .03469     .03556     .03559     .03444
                       .00561     .03572     .03444      .0427     .03572     .03583     .03455     .03611     .03469     .03556
                       .03559     .03445     .03444     .03572      .0372     .03456     .03454      .0347     .03437     .03596
                       .03756     .04279     .03408        0.3        0.3        0.3        0.3        0.3        0.3        0.3
                          0.3        0.3      .0427
             Random switching times for simulation number  12  :
                                  10  3.5568083E-02   11  3.5170495E-02   12  3.6239265E-02

 333.739           49.1732744 585319.421 27.1270184 123.792869  .04315882 2126.85336  221601.53  116.80264 .9573547E7 -129640.42
                   112863.661 -161633.73 -129640.33 2420.62265 -161633.44 -204487.83 -175026.38 -108473.49 -181532.62 -125926.94
                   -198105.66 -199849.84 131741.956 -161813.38 -213634.65 -201406.01 174614.139 -204083.29 188208.288 -211792.01
                   221.750478 -24193.376 164.702818 11.9761325 .002088633 12.2818464 26.4783903   .2942708 3240.94411 .180234962
                   28342.3103 .169490666 24206.2265
Times of maxima :      .03597     .04267     .03723     .04079     .04234     .03616     .04104     .03655     .03641     .04079
                       .00561     .03616     .04079     .04234     .03616     .03628     .04089     .03785     .04104     .03655
                       .03641     .04287     .04079     .03616     .03612     .04275     .04073     .04287     .04084     .03627
                       .03597     .04267     .03723        0.3        0.3        0.3        0.3        0.3        0.3        0.3
                          0.3        0.3     .04234
             Random switching times for simulation number  13  :
                                  10  2.7011359E-02   11  2.4370695E-02   12  2.7257379E-02

 138.132           67.5477756 463108.689 76.3986558 119.375143 .034402521 2134.78349 2587.28972 58.2290033 .1981945E8 127306.065
                   112863.661 161722.696 127306.115 -2161.1626  161722.38 205405.426 -150391.91 -60742.295 166666.051  -88912.33
                   202721.811 -236857.52 -129425.74 161532.217 209110.222 -305980.76 157946.819 -351485.32 190298.696 205336.936
                   -259.89955 21519.9602 -276.40307 12.3852662 .002026387 12.7082148 13.7159966 .105832216 5344.69548  .29461877
                   27496.8691 .255144898 -21611.626
Times of maxima :      .02743     .03438     .02822     .03381     .03458     .02762     .03357     .02972     .02762     .03381
                       .00561     .02762     .03381     .03458     .02762     .02772     .02804     .02955     .03357     .02972
                       .02762     .02762     .03381     .02762     .02757     .02779     .02782     .02787     .02793     .02772
                       .02743     .03438     .02822        0.3        0.3        0.3        0.3        0.3        0.3        0.3
                          0.3        0.3     .03458
             Random switching times for simulation number  14  :
                                  10  3.4251516E-02   11  3.2522248E-02   12  3.3546229E-02

 298.557           60.9781832 441749.742 50.0641137 1996.97452 .032627549 131.099283 .8016487E7 1668.28559 .1088234E8 160165.079
                   112863.661 -133411.42  160164.81 2104.67255 -133411.26 -201499.83 200627.561  103464.02  197385.61 -156340.51
                   -198706.97  223307.41 -160568.36 -133017.76 -220981.35 244224.062 -207248.19 254754.505 -212272.43 -218991.72
                    246.93761 -21017.843 223.750114 12.2481119  .00195113 12.2530976 2649.18543 .399763375 2678.82863 .183824273
                   26475.4758 .219738707 21046.7255
Times of maxima :      .03463     .04273      .0379     .03414     .04293     .03492      .0344     .03525     .03494     .03414
                       .00561     .03492     .03414     .04293     .03492     .03504     .03426     .03585      .0344     .03525
                       .03494     .03492     .03414     .03492     .03481     .03499      .0341     .03514       .034     .03492
                       .03463     .04273      .0379        0.3        0.3        0.3        0.3        0.3        0.3        0.3
                          0.3        0.3     .04293
             Random switching times for simulation number  15  :
                                  10  2.7925714E-02   11  2.6953049E-02   12  2.7987655E-02

 158.965           58.8857181  580936.91 49.5804643 531.009399 .042949204 1748.82463 311369.932 30.3607489 .7913256E7 141614.581
                   112863.661 157292.808 141614.458 -2414.7372 157292.534 202271.135 173782.581 33593.5888 183645.122 64201.9993
                   197337.689 244754.675 -143895.37 157687.336  203013.73 293405.426 -170093.49 313474.017 -182811.53 214186.311
                    -242.6638 24102.6328 -222.66671 12.3921664 .002140932 12.6320672 45.5043427 .024635044 2945.90129 .341974875
                   29052.0706 .288021851 -24147.372
Times of maxima :      .02829     .03434     .02913     .03314      .0343     .02853     .03337     .02887     .02836     .03314
                       .00561     .02853     .03314      .0343     .02853     .02853     .03319     .02906     .03337     .02887
                       .02836     .03448     .03314     .02853     .02855     .03446     .03185     .03463     .03333     .02867
                       .02829     .03434     .02913        0.3        0.3        0.3        0.3        0.3        0.3        0.3
                          0.3        0.3      .0343
             Random switching times for simulation number  16  :
                                  10  3.3478471E-02   11  3.4013305E-02   12  3.5554358E-02

 296.945           40.9516155 575627.303 31.0012344 114.729381 .042768545 122.303274 47509.0744 118.062637 .3848859E7  -124804.3
                   112863.661 -128857.95 -124804.33 2409.65323 -128857.99 -164383.05 -149393.62 -83874.139 -177293.34 126604.328
                   -195291.48 -220659.57 127159.889 -129176.19 -156238.37 239330.978 146823.625 -248750.71 178381.002 -192002.71
                   -202.36506 -23992.234 176.071674  12.002468 .002078476 12.2841941 14.7232156 .230122407 351.803742 .205772854
                   28204.4697 .183977232 24096.5323
Times of maxima :      .03924     .04267     .03669     .04207     .04261     .03669     .04185     .03652      .0373     .04207
                       .00561     .03669     .04207     .04261     .03669     .03563     .04327     .03715     .04185     .03652
                        .0373     .04338     .04207     .03669     .03755     .03611     .04122     .04353     .04226     .03769
                       .03924     .04267     .03669        0.3        0.3        0.3        0.3        0.3        0.3        0.3
                          0.3        0.3     .04261
             Random switching times for simulation number  17  :
                                  10  3.5749413E-02   11  3.4008540E-02   12  3.6852850E-02

 353.919           49.2834043 575029.941 57.8898891 129.488571 .042458183   2134.555 332744.856 99.4123185 .9440545E7 -132589.28
                   112863.661  -161720.1 -132589.16 2400.89415 -161719.82 -203833.75 -170972.34 -66396.957 -184141.29 -116174.93
                   -198044.36 -213748.49 134721.857 -161924.19 -214339.33 -253852.19 160912.512 -266920.21 171781.559 -211794.45
                   221.998658 -23979.782 240.603178 11.9722626  .00207782 12.2685402 44.4391969 .101523317  3492.3128 .216879934
                   28195.5913 .197200886 24008.9415
Times of maxima :      .03614     .04267     .03932     .04096      .0425     .03634      .0397     .03671     .03659     .04096
                       .00561     .03634     .04096      .0425     .03634     .03646     .04109     .03688      .0397     .03671
                       .03659     .04237     .04096     .03634      .0363     .04227      .0409     .04216     .03962     .03644
                       .03614     .04267     .03932        0.3        0.3        0.3        0.3        0.3        0.3        0.3
                          0.3        0.3      .0425
             Random switching times for simulation number  18  :
                                  10  3.1884786E-02   11  3.2796363E-02   12  3.1939493E-02

 257.797            28.954492 472999.751   49.75683 1574.11324 .034958981  200.73876  .812375E7 47.7314769 .2280951E7 155214.607
                   112863.661 -136759.34 155214.324 2178.57088 -136759.38  -187150.4 203284.395 61706.7352 197435.378  -80499.79
                   -190785.85 232699.515 -155221.22 -136755.22 -189407.25 273963.146 -202848.49 290124.918 -203312.79 -201471.39
                   170.160195 -21748.557 -223.06239 12.3962297 .001978048 12.3015648 1609.42583 .092199473 221.787862 .188480537
                   26841.0507 .192352697 21785.7088
Times of maxima :      .03632     .04271     .03248     .03254     .04263     .03655     .03279     .03366     .03667     .03254
                       .00561     .03655     .03254     .04263     .03655     .03651     .03266     .03421     .03279     .03366
                       .03667     .03388     .03254     .03655     .03649     .03396     .03264     .03408     .03248     .03661
                       .03632     .04271     .03248        0.3        0.3        0.3        0.3        0.3        0.3        0.3
                          0.3        0.3     .04263
             Random switching times for simulation number  19  :
                                  10  3.4816688E-02   11  3.5988886E-02   12  3.6073940E-02

 339.241           44.8066345  533925.13  75.320183 111.867786 .039334789 1487.02519 3249.87828 80.7702488 .7087176E7 -123238.23
                   112863.661 -154160.22 -123238.05 2310.89774 -154159.94 -203170.65 -159078.99 -58366.285 173492.339  -104717.2
                   -196953.39 -221811.44 125344.535 -154164.59 -202387.75 -273729.16 142226.087 -291414.79 152572.657 -207395.68
                   211.675777  -23106.82 274.445228 11.9900983 .002035807 12.3040332 14.5038259 .086285171 2262.51608 .292186964
                   27625.2462 .272262018 23108.9774
Times of maxima :      .03528     .04268      .0384     .04119     .04267     .03541     .03656     .03578     .03566     .04119
                       .00561     .03541     .04119     .04267     .03541     .03556     .04016     .03595     .03656     .03578
                       .03566     .04269     .04119     .03541     .03541     .04264     .03995      .0427     .04127     .03555
                       .03528     .04268      .0384        0.3        0.3        0.3        0.3        0.3        0.3        0.3
                          0.3        0.3     .04267
             Random switching times for simulation number  20  :
                                  10  2.7647801E-02   11  2.9653446E-02   12  2.8570778E-02

 183.751           50.0657804 277800.365  29.237886 413.270275 .020726851 2233.41628 964612.615 103.198361 .9751761E7 139920.782
                   112863.661 162821.934 139920.653 -1677.4863 162821.651 203441.761  181019.58 84459.6141 186838.134 118366.474
                    198187.75 219972.671 -141352.55 162827.472 216098.261 236886.786 -173228.46 258841.356 -183048.24 212284.335
                   -223.75384 16667.3443 -170.99089 12.3661426 .001886295 12.6444443  79.527362 .162086743 3551.97759  .18771285
                   25595.1113 .173161589 -16774.863
Times of maxima :      .02804     .03445     .03115     .03286      .0344     .02824     .03311     .02861     .02849     .03286
                       .00561     .02824     .03286      .0344     .02824     .02836     .03296     .02994     .03311     .02861
                       .02849     .03419     .03286     .02824     .02819     .03418     .03283     .03401     .03306     .02834
                       .02804     .03445     .03115        0.3        0.3        0.3        0.3        0.3        0.3        0.3
                          0.3        0.3      .0344
             Random switching times for simulation number  21  :
                                  10  3.2297058E-02   11  3.2102941E-02   12  3.2089328E-02

 268.388           28.2662936 390448.829 51.0526073 1513.85077  .02891175 132.912397 .7859051E7 62.4126414 .2220239E7 154486.353
                   112863.661 -134330.62 154486.069 1981.20541 -134330.63 -180635.81 203211.616 71422.8804 197312.517 92051.0176
                   -190607.25 223724.074 -154722.63  -134142.1  -187083.7 269221.725 -198555.22 301588.419 -201457.53 -210419.29
                   168.125827 -19759.778 -225.94824 12.3448928 .001911432 12.3011975 1898.97979 .114163744 232.661869 .186669453
                   25936.5642 .193602638 19812.0541
Times of maxima :      .03647     .04274     .03262     .03269      .0426      .0367     .03294     .03305     .03683     .03269
                       .00561      .0367     .03269      .0426      .0367     .03666     .03282     .03437     .03294     .03305
                       .03683     .03403     .03269      .0367     .03549     .03411      .0327     .03422     .03257     .03538
                       .03647     .04274     .03262        0.3        0.3        0.3        0.3        0.3        0.3        0.3
                          0.3        0.3      .0426
             Random switching times for simulation number  22  :
                                  10  2.4813984E-02   11  2.3026605E-02   12  2.1969683E-02

 59.3615           35.1700575 297172.421 29.5089847 127.525241  .02176026 130.245299 2086.83621 23.9704159 82221.5327 -131580.19
                   112863.661 132976.121 -131580.15 -1718.7961 132976.023 163269.935 -141664.59 41754.1569 -161183.38 -57046.644
                   178154.533 -240064.26 132421.858 132385.698 172526.753  -279152.5 148020.583 -306562.48 168798.607 203670.116
                   -187.53682 17238.6897 -171.78179 12.7278648 .001915971 12.6823325 13.4751696 .082936274 17.5140952 .206500625
                   25997.6622 .191265282 -17187.961
Times of maxima :      .02528     .03443     .02984     .02548     .03454     .02804      .0257      .0243     .02826     .02548
                       .00561     .02804     .02548     .03454     .02804     .02812     .02412     .02712      .0257      .0243
                       .02826     .02546     .02548     .02804     .02667     .02682     .02591     .02695     .02696     .02674
                       .02528     .03443     .02984        0.3        0.3        0.3        0.3        0.3        0.3        0.3
                          0.3        0.3     .03454
             Random switching times for simulation number  23  :
                                  10  2.5332175E-02   11  2.6724958E-02   12  2.5284988E-02

 147.807            57.681498 588796.333 69.0473194 1928.65885 .043400048 1176.20853 .1075302E8 26.3022526 .3661637E7 -159383.28
                   112863.661 150288.215 -159382.96  -2427.378 150288.311 192731.458 -203284.95 -37057.026 -198647.71    -59757.
                   194763.848 -302587.56 159394.394 150353.126 212656.378 -369491.62 201347.221 -386094.99  214334.89 236674.908
                   -240.16973 24265.1259 262.768566 12.7110305 .002149302  12.802677 3562.43644 .036890568 679.717327 .359898572
                   29165.6811 .314070007  -24273.78
Times of maxima :      .02709     .03434     .02554     .02589     .03441     .02733     .02571     .02623     .02742     .02589
                       .00561     .02733     .02589     .03441     .02733     .02729     .02587     .02755     .02571     .02623
                       .02742     .02594     .02589     .02733     .02861     .02602     .02599     .02617     .02583     .02618
                       .02709     .03434     .02554        0.3        0.3        0.3        0.3        0.3        0.3        0.3
                          0.3        0.3     .03441
             Random switching times for simulation number  24  :
                                  10  2.3363859E-02   11  2.3768622E-02   12  2.4893310E-02

 88.0868           27.7311934 389671.109  65.253917 2683.75968 .028807648 134.134005 .1458181E8 55.3652098 .1390267E7 -167688.96
                   112863.661 134946.603 -167688.67 -1977.6353 134946.542 161559.531 -204125.46 -59099.408 -200387.77 -86698.341
                   188132.397  -262132.5    168221.  134668.34 179318.621 -304792.88 206682.833 -322171.42 210059.322 212746.321
                   166.526855 19740.0889 255.448463  12.744228 .001967997 12.6859684 5118.94201 .077798878 105.865445 .185198206
                   26704.1881 .194430209 -19776.353
Times of maxima :      .02996     .03441     .02517      .0255      .0344     .02813     .02575     .02585     .02812      .0255
                       .00561     .02813      .0255      .0344     .02813     .02947     .02561     .02717     .02575     .02585
                       .02812     .02551      .0255     .02813     .02826     .02562     .02544     .02576     .02539     .02702
                       .02996     .03441     .02517        0.3        0.3        0.3        0.3        0.3        0.3        0.3
                          0.3        0.3      .0344
             Random switching times for simulation number  25  :
                                  10  2.0968418E-02   11  2.0096351E-02   12  1.9551412E-02

 4.76818           60.5931063 448075.716  32.929355 555.550022 .032993665 248.844523 768922.176 41.1971759 24254.7635 -141962.55
                   112863.661 137487.306 -141962.69 2116.44796 137487.308 -160923.87 -182262.39 -45076.668 -186237.15 -74786.987
                   -176711.73 -243999.64 143965.086 135569.931 -186800.16 -301025.77 178745.125 -310675.89 195393.591  -211458.1
                   -246.15667 -21167.799 -181.46447 12.7642495 .002069534  12.764952 62.1576327 .070201993 15.1835566 .301009414
                   28082.3424 .250824061 21164.4796
Times of maxima :      .02197     .02604     .02659     .02498     .02585      .0275     .02501     .02346     .02141     .02498
                       .00561      .0275     .02498     .02585      .0275     .02157     .02486     .02329     .02501     .02346
                       .02141     .02622     .02498      .0275     .02157     .02616     .02491     .02628     .02508     .02171
                       .02197     .02604     .02659        0.3        0.3        0.3        0.3        0.3        0.3        0.3
                          0.3        0.3     .02585
             Random switching times for simulation number  26  :
                                  10  3.2086795E-02   11  3.2848250E-02   12  3.2621236E-02

 254.514           26.4571847 478218.204 58.2893119 2812.27592 .035143826 319.237197 .1246476E8 60.9607795 .3056053E7 169035.372
                   112863.661 -138539.21  169035.09 2184.32288 -138539.16 -177315.66 208142.587 62878.3767 199429.287 -90974.058
                   -193038.32 248996.197 -169156.79 -138349.24 -187554.06 288103.947 -218200.13 293652.715  -219221.1 -200373.55
                   -162.65665 -21868.201  -241.4318 12.4416796 .001982827  12.307379 3178.10606 .101086466  340.02807 .196565654
                   26905.8975 .199805998 21843.2288
Times of maxima :      .03634      .0427     .03291     .03323     .04267     .03586     .03348     .03435     .03586     .03323
                       .00561     .03586     .03323     .04267     .03586      .0372     .03334     .03491     .03348     .03435
                       .03586     .03456     .03323     .03586     .03717     .03335     .03333     .03349     .03312      .0359
                       .03634      .0427     .03291        0.3        0.3        0.3        0.3        0.3        0.3        0.3
                          0.3        0.3     .04267
             Random switching times for simulation number  27  :
                                  10  3.6555015E-02   11  3.7221293E-02   12  3.5572857E-02

 344.701           72.5933522 385898.117 44.4060587 132.829466 .028626793  2628.7383  3511.7765   73.60009 .2025613E8 -134288.76
                   112863.661 -167106.95 -134288.72 1971.41773  -167106.7 -209499.77 -166531.46 -69257.126 -176072.99 -99961.206
                   -202914.09 -227225.95 136176.724 -167117.45 -201217.07 -239721.94 159109.948 -273720.12 183675.486 -215190.36
                   269.431535  -19644.29 210.727451 12.0023042 .001902737 12.2532581 13.8988044 .110845236 6413.65909 .209619572
                   25818.6947 .185629251 19714.1773
Times of maxima :      .03703     .04274     .03777     .04178     .04285     .03716     .04161     .03866      .0373     .04178
                       .00561     .03716     .04178     .04285     .03716     .03714     .04176     .03732     .04161     .03866
                        .0373     .04309     .04178     .03716     .03709     .04324     .04051      .0433     .04155     .03695
                       .03703     .04274     .03777        0.3        0.3        0.3        0.3        0.3        0.3        0.3
                          0.3        0.3     .04285
             Random switching times for simulation number  28  :
                                  10  3.0656267E-02   11  3.1985164E-02   12  3.1191483E-02

 234.295           29.0222559 375481.752 37.1234825 583.970007 .027722301 145.769869 .2310702E7 13.7995881 444147.898  142364.09
                   112863.661 -135918.26 142363.972 1940.02333 -135918.22 -173663.56 177730.061 32440.8713 190873.254 43283.7993
                   -185231.19  235712.07  -142791.3 -135413.91 -171911.96  296105.34  -172251.8 310430.292 -173217.53 -191296.21
                   170.359197 -19377.352 -192.67455 12.3513433 .001901153 12.3142429 367.297197 .024964582 47.3738913 .241867232
                   25797.0613 .223746133 19400.2333
Times of maxima :      .03163     .04274      .0314     .03315     .04276     .03578     .03315     .03467     .03593     .03315
                       .00561     .03578     .03315     .04276     .03578     .03578     .03193     .03337     .03315     .03467
                       .03593     .03446     .03315     .03578     .03585     .03451     .03323     .03464     .03337     .03586
                       .03163     .04274      .0314        0.3        0.3        0.3        0.3        0.3        0.3        0.3
                          0.3        0.3     .04276
             Random switching times for simulation number  29  :
                                  10  3.5963973E-02   11  3.6487432E-02   12  3.5905570E-02

 341.083           64.1908762 482091.548 55.9283551 495.574861 .035570469 115601.736 .1529901E7 27.7974036 .1269747E8 -141108.82
                   112863.661 -178975.21 -141108.76  2197.5416 -178974.98 -204041.62 -160896.52 43316.4035  -188553.2 61431.9681
                   -199535.08 259806.141  143092.97 -178999.71 -223656.09 313130.563 166453.576 315731.698 186505.682 -237311.75
                   253.359184 -21956.583 236.491765 12.0196432 .001985792 14.8666399 101.307367 .032763066 3635.13929 .356303036
                   26946.2561 .302983991  21975.416
Times of maxima :      .03644     .04271     .03672     .04119     .04272     .03657     .04003     .03633     .03681     .04119
                       .00561     .03657     .04119     .04272     .03657     .03663     .03987     .03803     .04003     .03633
                       .03681     .03658     .04119     .03657     .03667     .03651     .04114     .03642     .04136      .0368
                       .03644     .04271     .03672        0.3        0.3        0.3        0.3        0.3        0.3        0.3
                          0.3        0.3     .04272
             Random switching times for simulation number  30  :
                                  10  2.7895562E-02   11  2.8802987E-02   12  2.6639183E-02

 166.261           85.9882071 398039.968 39.0233616 130.604542 .029287573 3467.33397 194078.302 69.6915289 .2722974E8 133159.406
                   112863.661 175639.537 133159.285 -1994.0406 175639.378  199550.66 -165339.72 -51103.635 180875.297  -97270.76
                   205938.814 227426.347 -134992.01 175633.239 206647.898  278904.13  163981.14  313450.91 -199561.85 257431.642
                   -293.23746  19950.939 -197.54332 12.4164297 .001969506 12.7257563 25.6441667 .067826064 7061.79018 .320755441
                    26724.734 .267843193 -19940.406
Times of maxima :       .0281     .03439     .02751     .03311     .03438     .02852     .03327      .0276      .0284     .03311
                       .00561     .02852     .03311     .03438     .02852     .02841     .02735     .02884     .03327      .0276
                        .0284     .03444     .03311     .02852     .02862     .03458     .02733     .03452     .03333     .02875
                        .0281     .03439     .02751        0.3        0.3        0.3        0.3        0.3        0.3        0.3
                          0.3        0.3     .03438
             Random switching times for simulation number  31  :
                                  10  3.5887087E-02   11  3.4223866E-02   12  3.4491304E-02

 318.688           84.7464403 584631.399 44.0204456 514.980495 .043394418   298408.6 .1457506E7 111.321407 .1704277E8 -141386.21
                   112863.661 -183343.23 -141386.13 2427.22058   -183343. -195232.04 186534.624 -72418.877 188335.259 -122936.73
                   -201490.92 272008.611 143582.995 -183602.12 -242476.19 325756.985 190550.287  331443.91 238159.276 -308849.72
                   -291.11242 -24179.152 209.810499  12.104096 .002087825 21.8529046  270.71522 .159428086 4638.23826 .375366026
                   28331.4122 .319522995 24272.2058
Times of maxima :       .0381     .04267     .03708     .04113     .04267     .03649     .03503     .03608     .03633     .04113
                       .00561     .03649     .04113     .04267     .03649      .0364     .03521     .03621     .03503     .03608
                       .03633     .03651     .04113     .03649     .03659     .03661     .04253     .03675     .04126     .03665
                        .0381     .04267     .03708        0.3        0.3        0.3        0.3        0.3        0.3        0.3
                          0.3        0.3     .04267
             Random switching times for simulation number  32  :
                                  10  2.8233476E-02   11  2.9322396E-02   12  2.8104933E-02

 186.618           55.1914098 324527.598 46.6428426 326.189141 .023907353 2298.15732  .667724E7 57.1186853 .7780982E7 138642.294
                   112863.661 163536.636 138642.205 -1801.5987 163536.405 198886.724 183107.343  56360.675 196762.134 88060.5541
                   197276.252 237924.191  -140353.9 163536.126 216449.633 288198.915 -170161.19 295079.103 -197926.19 234270.693
                   -234.92852 18014.6495 -215.96954 12.3712988 .001915026 12.5829578 758.687085 .057691496 2181.69712  .30002312
                   25985.1514 .260921982 -18015.987
Times of maxima :      .02864     .03443     .02897     .03345     .03436     .02883     .03228     .03077     .02897     .03345
                       .00561     .02883     .03345     .03436     .02883     .02884     .03215     .02949     .03228     .03077
                       .02897     .03474     .03345     .02883     .02886     .03474     .03217     .03482     .03363     .02905
                       .02864     .03443     .02897        0.3        0.3        0.3        0.3        0.3        0.3        0.3
                          0.3        0.3     .03436
             Random switching times for simulation number  33  :
                                  10  2.9250407E-02   11  2.9907016E-02   12  2.8814078E-02

 198.477           48.0807483 243101.426 31.0321465 274.893233  .01803803 120.611731 .5071072E7 46.9773615 3291.84473 137878.527
                   112863.661  -127963.8 137878.359  -1564.901 -127963.79 170607.099 195973.676 65859.4299 196009.229 79861.3455
                   173910.045 228735.911 -139250.31 -126552.12  178263.21 270115.954 -187460.72 274688.769 -195874.36 180140.538
                   219.273228 15591.7102 -176.15943  12.355105  .00186866 12.3708216  827.64082   .1001185 14.9266047 .216985477
                   25355.7169 .198410405  -15649.01
Times of maxima :      .03026     .03448     .03294     .03309     .03452     .03574     .03328     .03173      .0301     .03309
                       .00561     .03574     .03309     .03452     .03574     .02997     .03315     .03156     .03328     .03173
                        .0301     .03449     .03309     .03574     .02984     .03447     .03319     .03459     .03334     .02994
                       .03026     .03448     .03294        0.3        0.3        0.3        0.3        0.3        0.3        0.3
                          0.3        0.3     .03452
             Random switching times for simulation number  34  :
                                  10  2.4640344E-02   11  2.4148139E-02   12  2.2708683E-02

 71.4795           20.9759061 436112.522 36.2235981 130.861608 .032335895 124.720072 .2498443E7 107.582095 2896.67986 -133290.16
                   112863.661 130124.868 -133290.27 -2095.2447 130124.924 141749.126  -172712.7 -76425.771 -191423.03 -120854.36
                   169909.798 -226882.75  133616.35 129820.364 153901.414 -260259.05 169461.308 -266613.79 191073.611 157598.361
                   -144.83061 20883.3073 -190.32498 12.7116119   .0020036  12.680728 141.749462 .187129257 13.4320966 .156377037
                   27187.4057 .199418345 -20952.447
Times of maxima :      .02519     .03439     .02839     .02532     .03447      .0275     .02501     .02501     .02725     .02532
                       .00561      .0275     .02532     .03447      .0275     .02709     .02484     .02634     .02501     .02501
                       .02725     .02659     .02532      .0275     .02743     .02663     .02341     .02677     .02556     .02727
                       .02519     .03439     .02839        0.3        0.3        0.3        0.3        0.3        0.3        0.3
                          0.3        0.3     .03447
             Random switching times for simulation number  35  :
                                  10  3.4113280E-02   11  3.2238871E-02   12  3.2096382E-02

 287.055           45.8144696 406551.931 60.4105627 1583.57458 .030215866 135.040114  .698355E7 768.071809 .7556581E7 155328.355
                   112863.661 -135401.89 155328.117 2025.39547 -135401.57 -192668.55 202453.507 94371.7515 196905.077 144913.487
                   -197171.94 251162.568  -155511.3 -134889.41 -176736.46 284264.989 -204707.03 298017.882 -204033.73 -198576.34
                   214.043149 -20163.133 245.785603  12.354326 .001923176 12.2687784 1822.84205 .308058766 1433.93447 .198512592
                   26095.8933 .254491452 20253.9547
Times of maxima :      .03461     .04273     .03782      .0327     .04283     .03471     .03295     .03445     .03486      .0327
                       .00561     .03471      .0327     .04283     .03471     .03489     .03281      .0357     .03295     .03445
                       .03486     .03477      .0327     .03471     .03474     .03473      .0328     .03497     .03264     .03461
                       .03461     .04273     .03782        0.3        0.3        0.3        0.3        0.3        0.3        0.3
                          0.3        0.3     .04283
             Random switching times for simulation number  36  :
                                  10  2.9434015E-02   11  2.9799805E-02   12  2.7500116E-02

  188.81           30.7286789 258262.988 36.7478248 698.659225 .019228359 127.604292 .7108813E7 117.087477 2941.03719 143962.273
                   112863.661 -131620.93  143962.13 -1615.7101 -131620.93 -156004.57 202958.331 -86340.886 196963.473 126080.388
                   -170366.53 229712.403 -145434.51 -130201.89 180467.267 254174.046 -205737.76 262172.967 -208015.61  195744.23
                   175.295975 16070.5628 -191.69722 12.4121256 .001875974 12.3581541 1561.47734 .186444601 14.2283155 .176664397
                   25454.9298  .21297968 -16157.101
Times of maxima :      .03037     .03447     .03289     .03329     .03467     .03591     .03349     .03039     .03577     .03329
                       .00561     .03591     .03329     .03467     .03591     .03722     .03333     .03112     .03349     .03039
                       .03577     .03466     .03329     .03591     .02995     .03461     .03336     .03446     .03216     .02983
                       .03037     .03447     .03289        0.3        0.3        0.3        0.3        0.3        0.3        0.3
                          0.3        0.3     .03467
             Random switching times for simulation number  37  :
                                  10  2.8373208E-02   11  2.8908354E-02   12  2.9958972E-02

 192.946           44.4151376  384308.21 45.5307668 133.487103  .02818541 1222.25624 .6802263E7 99.2252965 .5749541E7 134620.819
                   112863.661 150873.394 134620.738 -1956.1605 150873.149  197445.02 175562.554 -74889.587 196820.502 116065.598
                   196327.962 214601.247 -136523.23 150903.081 206099.822 237310.354 -174546.19 251548.291 -197419.28 206014.896
                   -210.74899 19603.7805  -213.3794 12.3494631 .001958561 12.4854281 801.083334 .153221767  1836.0363 .185898242
                   26576.1203 .165127717 -19561.605
Times of maxima :      .02874      .0344     .03195     .03361     .03446     .02897     .03224     .02934     .02901     .03361
                       .00561     .02897     .03361     .03446     .02897     .02909     .03373     .03129     .03224     .02934
                       .02901     .03501     .03361     .02897     .02893     .03497      .0324     .03484     .03227     .02907
                       .02874      .0344     .03195        0.3        0.3        0.3        0.3        0.3        0.3        0.3
                          0.3        0.3     .03446
             Random switching times for simulation number  38  :
                                  10  2.0601724E-02   11  2.2194899E-02   12  2.0224073E-02

  31.597            47.895153 202522.214  35.268251 232.776958 .014924414 326.217143 .6225381E7 60.5032986 .1702113E7 -137245.19
                   112863.661  -138642.8 -137245.01 -1423.4459 -138642.62 -189365.54 -197413.98 -66374.497  -196550.9 -90632.057
                   -189069.67 -230401.04 138234.538 -138649.02 -193359.05 -272780.08 192474.328 -276591.33 201837.888 -201530.53
                   -218.84961   14231.03 187.798432 12.7392919 .001901508 12.7850935  1031.7229  .10422511 210.522546 .235435424
                   25801.2284 .216694119 -14234.459
Times of maxima :       .0216     .03447     .02431     .02445      .0345     .02121     .02464     .02309     .02145     .02445
                       .00561     .02121     .02445      .0345     .02121     .02132      .0245     .02291     .02464     .02309
                       .02145     .02585     .02445     .02121     .02122     .02582     .02454     .02571     .02469     .02122
                        .0216     .03447     .02431        0.3        0.3        0.3        0.3        0.3        0.3        0.3
                          0.3        0.3      .0345
             Random switching times for simulation number  39  :
                                  10  3.7025375E-02   11  3.7426012E-02   12  3.5979872E-02

 353.489           61.3671018 358001.046 38.4639755 449.048898 .026300966 1115.13686 202170.506 39.8599376 .1396181E8 -140439.55
                   112863.661 -149506.47 -140439.49 1889.63604 -149506.28 -196691.52 -171988.81 51950.1583 -181069.04 -73563.201
                   -200107.99 -228406.27 142315.669 -149604.38 -181433.14 -258425.66 173886.646 -294167.39 178309.709 185225.889
                   -247.72384 -18920.916 196.122348 12.0034227 .001881384 12.0729737 29.2041282 .076573828 3200.16789 .256719652
                   25528.8209 .213795307 18896.3604
Times of maxima :       .0395     .04275     .03822     .04225     .04272     .03763     .04108      .0391     .03771     .04225
                       .00561     .03763     .04225     .04272     .03763     .03763      .0422     .03839     .04108      .0391
                       .03771     .04355     .04225     .03763     .03754     .04223     .04096     .04237     .04081     .04372
                        .0395     .04275     .03822        0.3        0.3        0.3        0.3        0.3        0.3        0.3
                          0.3        0.3     .04272
             Random switching times for simulation number  40  :
                                  10  2.2111374E-02   11  1.9896987E-02   12  2.2682218E-02

 38.2296           31.1342111 472970.015 30.1374394 250.556672 .034899001 124.149871  .199918E7 11.2676977 54231.9444 -137513.15
                   112863.661 129827.163 -137513.08 2176.70118 129827.128 165655.463 -169828.65 22454.3168 -189954.19 39111.9894
                   177460.774 -236343.27 139509.593 127792.782 163894.953 -295360.08 166851.886 -309547.66  172586.08 178179.326
                   -176.44889 -21747.874 173.601381 12.7122843 .002091932 12.7011951 159.919873 .016188337 16.3486596 .242406572
                   28386.5977 .221665527 21767.0118
Times of maxima :       .0231     .02604     .02286     .02465     .02586     .02727     .02463     .02248     .02742     .02465
                       .00561     .02727     .02465     .02586     .02727     .02728     .02476     .02675     .02463     .02248
                       .02742     .02594     .02465     .02727     .02732     .02599     .02468     .02612     .02483     .02739
                        .0231     .02604     .02286        0.3        0.3        0.3        0.3        0.3        0.3        0.3
                          0.3        0.3     .02586
             Random switching times for simulation number  41  :
                                  10  3.3250067E-02   11  3.2129689E-02   12  3.3147389E-02

  297.33           58.4015063 392995.799 66.7368468 2171.94311 .029022264 572.620753 .1694853E8 66.6678188 .3402857E7 162138.376
                   112863.661 -142203.85 162138.016 1984.98833 -142203.98 -179768.05 204277.062 52716.3066 201448.892 95137.2154
                   -194030.06 254567.577 -162646.59 -141980.85 -214222.35 343340.416 -204146.01  363861.15 -210218.41  -253822.8
                   241.664036 -19824.122 -258.33476 12.3511725 .001913237 12.3324483 4142.85361 .062759304 300.346972 .292245458
                   25961.1421 .264543832 19849.8833
Times of maxima :      .03497     .04273     .03343     .03374     .04268     .03657     .03362     .03409     .03638     .03374
                       .00561     .03657     .03374     .04268     .03657     .03653     .03386      .0354     .03362     .03409
                       .03638     .03384     .03374     .03657     .03651     .03387     .03385     .03401     .03371     .03526
                       .03497     .04273     .03343        0.3        0.3        0.3        0.3        0.3        0.3        0.3
                          0.3        0.3     .04268
             Random switching times for simulation number  42  :
                                  10  2.3433730E-02   11  2.3192168E-02   12  2.4085027E-02

 91.2036           26.8513244  318112.29 55.8903969 2420.41777 .023533356 260.167804 .1078976E8 56.5479689 .2761013E7 -164872.26
                   112863.661 137657.624 -164871.97 -1787.4514 137657.562 181734.252 -207657.03 -59292.839 -198664.55 87619.5095
                   192186.891 -247108.14  165469.52 136932.395  189024.61  -288425.6 217095.549 -294635.91  215794.03 197317.302
                   -163.86374 17835.7027 236.411499 12.8131469 .001925148 12.6905954 2429.26122 .091846043 322.771492 .207051062
                   26122.3839  .20704185 -17874.514
Times of maxima :      .02847     .03443     .02463     .02469     .03453     .02732     .02494     .02581     .02733     .02469
                       .00561     .02732     .02469     .03453     .02732     .02866      .0248     .02637     .02494     .02581
                       .02733     .02602     .02469     .02732     .02863     .02609     .02479     .02622     .02463     .02736
                       .02847     .03443     .02463        0.3        0.3        0.3        0.3        0.3        0.3        0.3
                          0.3        0.3     .03453
             Random switching times for simulation number  43  :
                                  10  2.4862338E-02   11  2.4669751E-02   12  2.5014261E-02

 85.9168           45.9901762 494778.428  67.854897 2577.83568 .036507533  1192.6129 .1003039E8 35.3030361 .9126466E7 -166565.55
                   112863.661 150497.331 -166565.27 -2226.2993 150497.127 189734.967 -200971.38 -56885.237 -198315.96 69230.6391
                   197899.437 -277907.33 166782.236 150253.019 190465.663 -342158.14 220656.178 -346691.08 239795.167 219511.546
                    -214.4532 22243.6154 260.489725 12.7231579 .002055027 12.7742628 2988.77118 .062375376 1500.30749 .289981049
                   27885.7331 .261443096 -22262.993
Times of maxima :      .02648     .03436     .02529     .02561     .03434      .0269     .02575     .02538     .02681     .02561
                       .00561      .0269     .02561     .03434      .0269     .02702     .02561     .02627     .02575     .02538
                       .02681     .02563     .02561      .0269     .02834     .02559     .02565     .02572     .02584     .02714
                       .02648     .03436     .02529        0.3        0.3        0.3        0.3        0.3        0.3        0.3
                          0.3        0.3     .03434
             Random switching times for simulation number  44  :
                                  10  2.8278320E-02   11  2.6424511E-02   12  2.6768649E-02

 168.811            72.540559 593200.938 66.4092658 990.921179 .043717012 2423.98405 .6990723E7 93.3503613 .3906079E7 147892.547
                   112863.661 164910.881 147892.405 -2436.2259 164910.659 190918.836 178093.658 -75738.417 196908.422 -112577.17
                   195452.204 252676.811 -150252.68 165453.312 242667.898 305681.379 -199324.85 316384.008 -246518.95 290672.895
                   269.333546 24355.7168 -257.69995 12.4937768 .002154016 12.6010513 772.316548 .198728316 902.365123 .377424278
                   29229.6339 .338920227 -24362.259
Times of maxima :      .02931     .03433     .03203     .03347     .03398     .02887     .03235     .03013     .02882     .03347
                       .00561     .02887     .03347     .03398     .02887     .02899     .03219     .02881     .03235     .03013
                       .02882     .03478     .03347     .02887     .02898      .0348     .03223     .03489     .03239     .02893
                       .02931     .03433     .03203        0.3        0.3        0.3        0.3        0.3        0.3        0.3
                          0.3        0.3     .03398
             Random switching times for simulation number  45  :
                                  10  2.3291819E-02   11  2.3983758E-02   12  2.3176990E-02

 90.4685           25.6012473  416976.53 40.0805017  555.37383 .030524649 293.226572 .3375011E7 54.4762089 .2156237E7 -141960.46
                   112863.661 138152.291  -141960.2 -2035.7182   138152.3 185245.198 -193654.39  -69358.19 -193950.79 85999.4653
                   190418.617 -218620.51 141966.811 137855.559 184369.951 -251886.65 191534.647 -257557.38 188558.117 196534.655
                    -160.0039 20420.0032 200.201153 12.6981922 .001988256 12.6877686 375.208422 .124847698 209.134148 .168387002
                   26979.1707 .178399162 -20357.182
Times of maxima :      .02756     .03439     .02372     .02378     .03456     .02778     .02403     .02491     .02792     .02378
                       .00561     .02778     .02378     .03456     .02778     .02776     .02389     .02547     .02403     .02491
                       .02792     .02641     .02378     .02778     .02773     .02645     .02388     .02661     .02373     .02786
                       .02756     .03439     .02372        0.3        0.3        0.3        0.3        0.3        0.3        0.3
                          0.3        0.3     .03456
             Random switching times for simulation number  46  :
                                  10  3.6387855E-02   11  3.4832757E-02   12  3.5933841E-02

 353.967           54.5660472 592667.603  45.338395 218.648164 .043764656 2107.02204 .6422664E7 110.296237 .1348936E8 -137031.34
                   112863.661 -161410.93 -137031.27 2437.55304 -161410.67 -210020.41 -192069.94 -85833.081 -196643.18 -122369.35
                   -199894.28 -232218.53 139361.453 -161877.36 -236917.76 -268853.68 198911.473 -296015.83 203825.069 -241746.08
                   233.593765 -24344.765 212.928145 11.9987493 .002096555 12.2565986 833.996555 .194038018  2638.6256  .23140861
                   28449.9573 .229085036 24375.5304
Times of maxima :      .03654     .04267      .0371      .0416     .04287     .03699     .04043     .03886     .03723      .0416
                       .00561     .03699      .0416     .04287     .03699     .03714     .04029     .03871     .04043     .03886
                       .03723     .04293      .0416     .03699     .03701     .04287     .04162     .04275     .04048     .03688
                       .03654     .04267      .0371        0.3        0.3        0.3        0.3        0.3        0.3        0.3
                          0.3        0.3     .04287
             Random switching times for simulation number  47  :
                                  10  2.1880749E-02   11  2.0261984E-02   12  2.1352081E-02

 26.1797           29.6982968 426095.659 12.8387532 113.090977  .03144115 105.624993 1718.46173 12.0768091 235.395104 -123909.96
                   112863.661 119750.017 -123909.98 2066.05331 119750.038 128479.861 -154107.74 -27798.055 -156934.81 -40491.924
                   137284.552 -215214.45 125857.578 118198.121  136405.72 -255900.38  153836.42 -262485.24 160447.784 148427.812
                   -172.33194 -20642.085 -113.30822 12.7226023 .002050305 12.7003264 13.5948066 .028740409 12.9566961 .175999595
                   27821.3907 .157732287 20660.5331
Times of maxima :      .02284     .02605     .02749     .02452       .026     .02843     .02569     .02397      .0282     .02452
                       .00561     .02843     .02452       .026     .02843     .02836     .02577     .02265     .02569     .02397
                        .0282     .02588     .02571     .02843     .02843     .02583     .02581     .02595     .02567     .02857
                       .02284     .02605     .02749        0.3        0.3        0.3        0.3        0.3        0.3        0.3
                          0.3        0.3       .026
             Random switching times for simulation number  48  :
                                  10  2.5952240E-02   11  2.7659277E-02   12  2.8601591E-02

 167.269           37.3829349 533774.053 46.7710768 107.908184 .039127045  449.21331 3521.09123 62.1853605 .2588391E7 121037.348
                   112863.661   140442.1 121037.377 -2304.7872 140441.865 192872.059 156059.797 -77142.731 176163.649  91883.259
                   191685.367 210870.522 -123089.18 140447.311 188331.903 227602.221 -145227.21 236994.804 -168015.02  196454.96
                   -193.34667 23103.5507 -216.26622 12.3533816 .002092715 12.6426201 14.3705369 .152784063 456.489313 .192613592
                    28397.373 .182417211 -23047.872
Times of maxima :      .02644     .03435     .02954     .03265     .03448     .02656     .03135     .02692      .0268     .03265
                       .00561     .02656     .03265     .03448     .02656     .02671     .03268     .02887     .03135     .02692
                        .0268     .03516     .03265     .02656     .02666     .03524      .0323     .03391     .03243      .0279
                       .02644     .03435     .02954        0.3        0.3        0.3        0.3        0.3        0.3        0.3
                          0.3        0.3     .03448
             Random switching times for simulation number  49  :
                                  10  3.1895037E-02   11  3.1831760E-02   12  3.2048009E-02

 260.366           29.5741151 356601.463 50.1334735 1648.14797 .026382832 197.656593 .7751197E7 44.3509267 .1998472E7 156101.159
                   112863.661 -136712.43 156100.881 1892.57463 -136712.49 -186530.23 202486.638 57171.0354 197262.413 -77596.773
                   -189952.09 238047.958 -156438.13  -136405.8 -189537.13 282040.869 -204842.24  297956.84 -203645.37 -200568.26
                   171.971262 -18883.894 -223.90505 12.3891441  .00188903 12.3037434 1546.10461 .082662182 200.240124 .199797739
                   25632.4452 .199531449 18925.7463
Times of maxima :      .03643     .04275     .03258     .03265     .04271     .03666      .0329     .03377     .03678     .03265
                       .00561     .03666     .03265     .04271     .03666     .03662     .03276     .03432      .0329     .03377
                       .03678     .03398     .03265     .03666      .0366     .03406     .03275     .03419     .03259     .03672
                       .03643     .04275     .03258        0.3        0.3        0.3        0.3        0.3        0.3        0.3
                          0.3        0.3     .04271
             Random switching times for simulation number  50  :
                                  10  2.5382731E-02   11  2.2727703E-02   12  2.3054097E-02

 75.2273           50.6364904 261235.417 33.0520823 133.541411 .019234775 209.264072 .1133585E7 69.6352235  .100713E8 -134648.35
                   112863.661 136889.158 -134648.12 -1615.9796 136888.937 198246.529 -182297.93 63804.0837 -187354.02 97231.4583
                   198334.766 -253859.23 135093.421 135971.666 170520.406 -286951.61 183533.489 -299980.61 185699.244 182672.774
                   -225.02553 16162.7787 181.802317 12.6927648 .001904631 12.6677336 69.5224675  .13644571 3208.12057 .187381295
                   25843.7044 .191430301 -16159.796
Times of maxima :       .0258     .03444     .02359     .02366     .03448     .02735     .02391     .02464     .02616     .02366
                       .00561     .02735     .02366     .03448     .02735     .02614     .02378     .02614     .02391     .02464
                       .02616     .02605     .02366     .02735     .02745     .02612     .02376     .02627     .02389      .0276
                        .0258     .03444     .02359        0.3        0.3        0.3        0.3        0.3        0.3        0.3
                          0.3        0.3     .03448
             Random switching times for simulation number  51  :
                                  10  3.5022004E-02   11  3.6620527E-02   12  3.5628253E-02

 333.419           47.0048927 465481.035 37.1229533  113.72057 .034704138 1810.55761 2341.31783 423.248384 .8556039E7 -124254.45
                   112863.661 -158015.82 -124254.41 2170.61573 -158015.53 -207151.85 -164730.55 -115078.44 -164009.98 -140065.72
                    -197635.7 -212190.68 126327.672 -158020.47 -207218.34 -218575.86 170198.761 233614.053 191499.399 -209572.72
                   216.806118 -21575.009 192.673177 11.9979174 .001970481 12.2841022 14.6643139 .361111745 2815.46235 .197171442
                   26738.2189 .191260466 21706.1573
Times of maxima :      .03549      .0427      .0367     .04168     .04285     .03562     .04193     .03599     .03587     .04168
                       .00561     .03562     .04168     .04285     .03562     .03579     .04034     .03732     .04193     .03599
                       .03587     .04342     .04168     .03562      .0356     .04338     .04131     .03601     .04145     .03576
                       .03549      .0427      .0367        0.3        0.3        0.3        0.3        0.3        0.3        0.3
                          0.3        0.3     .04285
             Random switching times for simulation number  52  :
                                  10  3.3838320E-02   11  3.4186083E-02   12  3.3588123E-02

  296.93           75.3705442  583157.48 63.6754924  2066.6192 .043076233 968.957372 .1934636E8 106.739973 .2496363E7 160955.488
                   112863.661 -147603.44 160955.182 2418.30554 -147603.69 -203970.64 200701.769 -74051.349 202513.106 -120380.42
                   -191416.96 253116.429 -160968.45 -147742.46 -218546.57 316573.663 -210712.17 385779.636 -212872.89   -293158.
                   274.536963 -24148.654 -252.34003 12.2649022 .002086319 12.3283793 4032.96066 .153357941 271.633848 .299585226
                   28310.9639 .282398865 24183.0554
Times of maxima :      .03543     .04268     .03398     .03419     .04287     .03596      .0342      .0363     .03575     .03419
                       .00561     .03596     .03419     .04287     .03596     .03461      .0343      .0365      .0342      .0363
                       .03575      .0342     .03419     .03596     .03587     .03432     .03414     .03445     .03403     .03573
                       .03543     .04268     .03398        0.3        0.3        0.3        0.3        0.3        0.3        0.3
                          0.3        0.3     .04287
             Random switching times for simulation number  53  :
                                  10  3.4492425E-02   11  3.6287565E-02   12  3.4655125E-02

 338.266           65.2481243 504282.923 78.0389627 125.845043 .037116039 1123.03959 .2221351E7 42.9508404 .1969934E8 130710.684
                   112863.661 -149607.67 130710.468  2244.7766 -149607.89 -207587.99 175109.156 52756.3333 190610.521  -76362.15
                   -202668.86 269032.644   -130707. -149596.83  -188733.8 379427.243 -207352.91 385608.837 -228038.52 -203522.39
                   255.437124 -22456.245 279.354547  12.062423 .002006816 12.3788193 266.124249 .077972686 4467.40001 .359153886
                   27231.6514 .312997543  22447.766
Times of maxima :      .03611      .0427      .0357     .03524     .04281     .03532     .03537     .03546     .03643     .03524
                       .00561     .03532     .03524     .04281     .03532     .03521     .03523     .03588     .03537     .03546
                       .03643     .03533     .03524     .03532     .03521     .03523     .03529     .03535     .03543     .03533
                       .03611      .0427      .0357        0.3        0.3        0.3        0.3        0.3        0.3        0.3
                          0.3        0.3     .04281
             Random switching times for simulation number  54  :
                                  10  2.9377804E-02   11  2.8673516E-02   12  2.9992680E-02

 220.648           49.1097914 415722.685 29.7010775 261.474999 .030707177 122.632107 .3373727E7 36.6035455 2541.21134 137677.352
                   112863.661 -129031.14  137677.19 -2041.7956  -129031.1  161559.88 190768.633 53739.5134 193947.129 70494.2817
                    166173.89 231134.466 -139578.78  -127196.2  162967.89 272764.562 -189476.51 286374.301 -189229.85 -174633.64
                   221.607291 20389.2787 -172.34001 12.3522487 .001984067 12.3614933 408.610795 .066913359 14.1355162 .225490501
                   26922.4672 .199702692 -20417.956
Times of maxima :      .03038      .0344     .03307     .03321      .0346     .03588     .03342     .03033        .03     .03321
                       .00561     .03588     .03321      .0346     .03588     .03009     .03327     .03167     .03342     .03033
                          .03     .03463     .03321     .03588     .02994     .03458     .03331      .0347     .03345     .03608
                       .03038      .0344     .03307        0.3        0.3        0.3        0.3        0.3        0.3        0.3
                          0.3        0.3      .0346
             Random switching times for simulation number  55  :
                                  10  3.4513176E-02   11  3.5221917E-02   12  3.4256128E-02

 313.051           73.2440866 583460.753 57.2566907 840.789466 .043164203 1202.45095 .1576139E8 125.644298 .8354629E7 145898.152
                   112863.661  -150622.4 145897.869 2420.77361 -150622.11 -213196.62 194356.599 -85729.873 200917.987 -130606.17
                   -197542.42 259225.552 -145911.57 -150624.23  -223545.3 332142.045 -196690.24 391701.013 215359.479 -297152.91
                   270.636447 -24154.932  -239.2837 12.1189245 .002086824 12.3643737  2057.6892 .188756226 1214.51915 .348903877
                   28317.8126 .325108267 24207.7361
Times of maxima :       .0361     .04267     .03466     .03486     .04252     .03512     .03488     .03699     .03513     .03486
                       .00561     .03512     .03486     .04252     .03512     .03527     .03497     .03569     .03488     .03699
                       .03513     .03519     .03486     .03512     .03508     .03506     .03483     .03511     .04097      .0364
                        .0361     .04267     .03466        0.3        0.3        0.3        0.3        0.3        0.3        0.3
                          0.3        0.3     .04252
             Random switching times for simulation number  56  :
                                  10  3.5922101E-02   11  3.5979052E-02   12  3.7033923E-02

 353.544            49.011774 534971.039 53.5213174 134.910292 .039637271 2115.08133 510460.846 101.393476 .9028274E7 -135336.59
                   112863.661 -161501.55 -135336.47 2319.76604 -161501.27 -203063.17  -173272.2 -67011.835 -185437.47 -117326.82
                   -197854.09  -216436.8 137432.507 -161657.73 -214063.22 -254453.26  165504.66 -264668.87 176377.427 -211423.08
                   221.386029 -23129.441 231.346747 11.9711246 .002036917 12.2464252 66.1463547 .104669233 3357.57746 .209617413
                   27640.2832  .18992946 23197.6604
Times of maxima :      .03632     .04269      .0395     .04114     .04265     .03652     .03988     .03689     .03677     .04114
                       .00561     .03652     .04114     .04265     .03652     .03664     .04126     .03706     .03988     .03689
                       .03677     .04255     .04114     .03652     .03648     .04245     .04108     .04233     .03979     .03662
                       .03632     .04269      .0395        0.3        0.3        0.3        0.3        0.3        0.3        0.3
                          0.3        0.3     .04265
             Random switching times for simulation number  57  :
                                  10  2.7424720E-02   11  2.6857499E-02   12  2.8905869E-02

  150.49           49.2642185 584803.547 52.8555628 124.933243 .043247965 2132.35354 172635.372 99.5656901 .9415806E7 130236.005
                   112863.661  161695.42 130236.081 -2423.1213 161695.137 203783.624 163689.003 66465.1513  180359.94  116264.51
                   198032.949  226565.76 -132441.42 161927.792 214397.942 251343.575 -172618.66 266513.864  -206859.8 211818.067
                   -221.95544 24182.7117 -229.90338 12.3569524 .002145087 12.6525002 20.4059467 .118541036 3284.18889 .203788808
                   29108.3709 .184278122 -24231.213
Times of maxima :      .02782     .03433       .031     .03279     .03419     .02802      .0313     .02839     .02827     .03279
                       .00561     .02802     .03279     .03419     .02802     .02814     .03279     .02856      .0313     .02839
                       .02827      .0341     .03279     .02802     .02798     .03406     .03145     .03391     .03132     .02812
                       .02782     .03433       .031        0.3        0.3        0.3        0.3        0.3        0.3        0.3
                          0.3        0.3     .03419
             Random switching times for simulation number  58  :
                                  10  2.7666485E-02   11  2.7197654E-02   12  2.8166096E-02

 170.294           48.7430325 568483.253 31.2771183 183.135892 .042354884 1695.73556 3286.85374 78.9728117 .1658786E8 136491.168
                   112863.661 156666.394 136491.119 -2397.9718 156666.118 209428.639 171040.298 82681.5824 173860.453 -103545.47
                   201287.881 219283.843  -138695.2 156940.536 213891.216 233111.687 -183691.28 -267775.91 -195065.72 211232.253
                   -220.77824 23842.8868 -176.85338 12.3584133 .002127989 12.6054097 14.7491377 .211629345 3715.02624 .191310455
                   28876.2246 .175769984 -23979.718
Times of maxima :      .02805     .03435      .0289     .03291     .03431     .02827     .03317     .02919     .02852     .03291
                       .00561     .02827     .03291     .03431     .02827     .02836     .03303     .02993     .03317     .02919
                       .02852     .03423     .03291     .02827     .02822     .03461     .03286     .02856     .03176     .02836
                       .02805     .03435      .0289        0.3        0.3        0.3        0.3        0.3        0.3        0.3
                          0.3        0.3     .03431
             Random switching times for simulation number  59  :
                                  10  3.5451233E-02   11  3.4983091E-02   12  3.4253899E-02

 333.196           88.9701732  590587.15 42.3843151 831.046622 .043726978 2133.56984 .3011629E7 92.7516617 .3090794E8 145766.923
                   112863.661 -161708.89 145766.692 2436.50354 -161708.77  -205133.2 192222.159 60449.4461 192910.583 112215.581
                   -207500.91 244026.369 -145772.65 -161879.44 -183767.27 295642.695 -193457.43 331908.116 -203673.76 -220399.47
                   298.278684 -24301.999 -205.87451 12.1109282 .002094258 12.3262275  855.20327 .070784419 8786.80124 .284317936
                   28418.8045 .245859174 24365.0354
Times of maxima :      .03571     .04267     .03449     .03485     .04263     .03612     .03479     .03522     .03601     .03485
                       .00561     .03612     .03485     .04263     .03612     .03604     .03497     .03538     .03479     .03522
                       .03601     .03607     .03485     .03612     .03624     .03618     .03495     .03631     .03475     .03632
                       .03571     .04267     .03449        0.3        0.3        0.3        0.3        0.3        0.3        0.3
                          0.3        0.3     .04263
             Random switching times for simulation number  60  :
                                  10  2.8172372E-02   11  2.6442171E-02   12  2.7127864E-02

 167.471           75.1837194 593065.181 52.6423442 440.209432 .043915482 2360.18807  3189.1727 54.7922696 .2267519E8 140311.716
                   112863.661 164216.551 140311.647 -2441.7497 164216.316 208534.019 161302.522 56570.0853 172885.206 86248.5808
                   203973.001 228997.376 -142673.47 164736.607 191149.093 251887.882 -158075.53 291414.351 -174181.35 188212.593
                    -274.1965 24352.9296  -229.4392 12.4019016 .002153922 12.5825555  14.358393 .087520609 6117.31493 .240083567
                     29228.44 .207158252 -24417.497
Times of maxima :      .02859     .03434     .02937      .0334     .03434     .02878     .03319     .02869     .02887      .0334
                       .00561     .02878      .0334     .03434     .02878     .02877     .03337     .02895     .03319     .02869
                       .02887     .03471      .0334     .02878     .02868     .03485     .03211     .03491     .03315       .029
                       .02859     .03434     .02937        0.3        0.3        0.3        0.3        0.3        0.3        0.3
                          0.3        0.3     .03434
             Random switching times for simulation number  61  :
                                  10  2.7140856E-02   11  2.7863625E-02   12  2.6479170E-02

 144.933            73.210969 513472.642 33.7618976 117.641711 .037763931 1168.00916 218796.469 826.134427 .2293577E8 -126378.63
                   112863.661 150184.002 -126378.44 -2264.2841 150183.744  206819.87 -174168.35 103719.623 181465.843 145700.472
                   204086.443 205080.852 126384.078 150202.452 251325.754 -227965.88 -175386.74 218802.618  185815.04 237631.441
                   -270.57526 22659.9347 -183.74411 12.4203874 .002072703 12.5821542 38.1159463 .392615922 7141.04563  .18179451
                   28125.6558 .195213387 -22642.841
Times of maxima :      .02756     .03436     .03083     .02707      .0347     .02774     .03119      .0281     .02786     .02707
                       .00561     .02774     .02707      .0347     .02774     .02775     .02719     .02944     .03119      .0281
                       .02786     .03451     .02707     .02774     .02773     .02773     .03227     .03474     .02697     .02761
                       .02756     .03436     .03083        0.3        0.3        0.3        0.3        0.3        0.3        0.3
                          0.3        0.3      .0347
             Random switching times for simulation number  62  :
                                  10  2.1150989E-02   11  2.2249677E-02   12  2.1591439E-02

 37.5185           50.6290711 207817.163 30.8255058  256.30077 .015327603 121.542183 .3851298E7 41.8377925 2954.43292 -137599.61
                   112863.661 128456.443 -137599.46 -1442.5452 128456.424 -159353.05 -187454.96 -54627.015 -195298.34 -75366.213
                   170504.061 -224047.52 138712.751 127397.064 -161121.55 -269016.64 178169.852 -278873.79 179220.436 -165058.02
                   -225.00905  14415.865 175.571939 12.7319231 .001900826 12.7406735 575.568962  .06601196 14.6951244 .221507418
                   25792.0409 .198981679 -14425.452
Times of maxima :      .02216     .03447     .02476     .02498     .03456     .02764     .02516     .02212      .0275     .02498
                       .00561     .02764     .02498     .03456     .02764     .02187     .02505     .02345     .02516     .02212
                        .0275     .02641     .02498     .02764     .02176     .02637      .0251     .02646     .02523     .02182
                       .02216     .03447     .02476        0.3        0.3        0.3        0.3        0.3        0.3        0.3
                          0.3        0.3     .03456
             Random switching times for simulation number  63  :
                                  10  3.5533906E-02   11  3.5263528E-02   12  3.5100583E-02

 340.451           63.8660643 581684.347 68.4001105 129.469625 .042889133 2755.59775 .2912428E7 479.964792 .1969907E8 -132579.57
                   112863.661 -168443.79 -132579.46 2413.04792 -168443.49 -216600.14 -171223.24 -90238.368 192624.748 -140884.88
                   -202668.74 248628.484 134658.205 -168607.94 -254900.75 288069.284 197782.297 359056.425 206443.215 -260952.38
                    252.71736 -24118.133 261.534148  12.031944 .002084876 12.4477373 236.986381  .28236702 3858.14452 .266800836
                   28291.3236 .268068607 24130.4792
Times of maxima :      .03607     .04266     .03626     .04075      .0424     .03614      .0359     .03801     .03638     .04075
                       .00561     .03614     .04075      .0424     .03614     .03625     .04082     .03787      .0359     .03801
                       .03638      .0362     .04075     .03614     .03619     .03609     .04079     .03596     .04191     .03605
                       .03607     .04266     .03626        0.3        0.3        0.3        0.3        0.3        0.3        0.3
                          0.3        0.3      .0424
             Random switching times for simulation number  64  :
                                  10  3.0649829E-02   11  2.8737636E-02   12  3.0832909E-02

 216.612           16.9622909 407529.203 33.3822322 119.741465 .030071105 116.700881 350149.088 45.1782664 3315.90003 127501.471
                   112863.661 -125872.12 127501.295 -2020.5379 -125872.07 -153745.61 163166.855 55037.5815 184543.398 78317.1894
                   -174148.74  222617.23 -129294.72 -123955.91 -150783.19 234707.482 -154184.87 266284.921 -158398.92  -171939.1
                    130.23936 20187.3526 -182.70805 12.3286355 .001977303 12.3058202 55.3931618 .092716641 13.9154478 .157948943
                   26830.7596  .16599538 -20205.379
Times of maxima :      .03144      .0344     .03138      .0328     .03427     .03544     .03299     .03314     .03693      .0328
                       .00561     .03544      .0328     .03427     .03544      .0354     .03156     .03301     .03299     .03314
                       .03693     .03449      .0328     .03544     .03556     .03436     .03155     .03434     .03258     .03549
                       .03144      .0344     .03138        0.3        0.3        0.3        0.3        0.3        0.3        0.3
                          0.3        0.3     .03427
             Random switching times for simulation number  65  :
                                  10  3.4880169E-02   11  3.5146314E-02   12  3.5507116E-02

 339.079           45.1506477 586421.321 40.2062575 114.248001 .043725184 1547.40511  3039.5765 335.730954 .7260139E7 -124542.25
                   112863.661 -154892.59 -124542.22 2436.45354 -154892.31 -203384.61 -166344.95  -118022.1   -171374.  -138783.4
                   -197033.97 -211489.63 126866.385 -154934.73 -203618.63 -219272.01 -171652.92 230731.787 191595.328 -207773.03
                   212.486818 -24216.138 200.514981 12.0030071  .00208988  12.285202 15.5715928 .389695815 2160.26319 .203841524
                   28359.2108 .200107052 24364.5354
Times of maxima :      .03535     .04267     .03656     .04157     .04272     .03548     .04181     .03585     .03573     .04157
                       .00561     .03548     .04157     .04272     .03548      .0356     .04021     .03719     .04181     .03585
                       .03573      .0433     .04157     .03548     .03547     .04331     .03601     .03593     .04133     .03562
                       .03535     .04267     .03656        0.3        0.3        0.3        0.3        0.3        0.3        0.3
                          0.3        0.3     .04272
             Random switching times for simulation number  66  :
                                  10  2.8702954E-02   11  2.7854888E-02   12  2.9477861E-02

 182.023           45.2073817 514585.011 33.6610407 377.492145 .038037203 459.778744 .1582809E7 87.4130118 .2322066E7 139398.197
                   112863.661 140594.599 139398.116 -2272.4619 140594.375 189511.533 180805.085 79805.9292 188712.168  108938.24
                   190906.618 217867.931 -141655.88 141131.684 193050.408  249580.37  -196912.7 256817.386 -201225.33 196682.765
                   212.620276 22684.4663 -183.46945 12.3583029  .00207365 12.4157077 241.550894 .158406139 611.500703 .210200698
                   28138.5788 .186145911 -22724.619
Times of maxima :      .02972     .03436     .03228     .03393     .03431      .0293     .03268     .02967     .02934     .03393
                       .00561      .0293     .03393     .03431      .0293     .02942       .034     .03099     .03268     .02967
                       .02934     .03529     .03393      .0293     .02927       .034     .03267     .03415     .03257     .02939
                       .02972     .03436     .03228        0.3        0.3        0.3        0.3        0.3        0.3        0.3
                          0.3        0.3     .03431
             Random switching times for simulation number  67  :
                                  10  3.0795008E-02   11  3.1329846E-02   12  3.2533482E-02

 256.867            24.515703 293085.263 67.7013895   2494.794 .021616387  253.28948 .1671365E8 21.3524633 68663.2821 165675.961
                   112863.661 -137554.27 165675.631 1713.10455 -137554.19   -170160. 204921.611 -39783.082 201344.067 -53841.395
                   -177819.14 249320.508 -166398.93 -136769.61 -166953.84 283115.043 -195312.42 324559.643  -202776.1 -180234.44
                   156.574912 -17119.733 -260.19491 12.4389254 .001857128 12.3137757 5612.96565 .038796621 15.3949196 .186234086
                   25199.3861 .192747224 17131.0455
Times of maxima :       .0331     .04277     .03307     .03314      .0429     .03576     .03339     .03237     .03726     .03314
                       .00561     .03576     .03314      .0429     .03576     .03711     .03313     .03409     .03339     .03237
                       .03726     .03447     .03314     .03576     .03585     .03457     .03324     .03341     .03338     .03597
                        .0331     .04277     .03307        0.3        0.3        0.3        0.3        0.3        0.3        0.3
                          0.3        0.3      .0429
             Random switching times for simulation number  68  :
                                  10  2.0208020E-02   11  1.8943638E-02   12  2.1439883E-02

  4.4486           41.5305628 563329.626 40.5754304  223.18769 .041582614 798.554716 .5287759E7  111.02467 .3380519E7  -137100.1
                   112863.661 -145327.87 -137100.01 2376.00969 -145327.64 -193230.81 -178632.14 -80392.623 -196111.14 122772.771
                   -193966.47 -213581.76 139443.168 -145915.01 -198624.13 -236906.71 181777.108 -246747.21 196539.301 -201209.11
                   -203.79049 -23734.566 201.433439 12.7289949 .002180218 12.8267865 667.357885 .168084463 1044.99315 .191496448
                   29584.9639 .171405776 23760.0969
Times of maxima :      .02121       .026     .02378     .02543     .02591      .0208     .02405     .02177     .02084     .02543
                       .00561      .0208     .02543     .02591      .0208     .02092     .02556     .02249     .02405     .02177
                       .02084     .02682     .02543      .0208     .02077     .02676     .02421     .02537     .02409     .02089
                       .02121       .026     .02378        0.3        0.3        0.3        0.3        0.3        0.3        0.3
                          0.3        0.3     .02591
             Random switching times for simulation number  69  :
                                  10  2.2586066E-02   11  2.3071265E-02   12  2.2355314E-02

 66.4098           15.9894794 303261.309 20.7136767 121.607033 .022457236 115.236262 1975.23554 51.1850275 2892.30918 -128490.73
                   112863.661 125079.696 -128490.69 -1746.1054 125079.718 160481.991 -143900.33 -53355.316 -159916.73 83361.1665
                   169864.685 -210625.09 129029.411 124248.092 153032.695 -217745.48 151317.032 -238959.88 175730.505 163837.418
                   -126.44951 17414.3995 143.922468 12.7139331 .001918449 12.6835243 13.7931505 .105880158 13.9610605 .142934916
                   26031.3762 .149273318 -17461.054
Times of maxima :      .02373     .03443      .0229     .02432     .03432     .02696     .02321     .02409      .0271     .02432
                       .00561     .02696     .02432     .03432     .02696     .02695     .02469     .02473     .02321     .02409
                        .0271     .02648     .02432     .02696     .02691      .0269     .02306     .02671     .02409     .02704
                       .02373     .03443      .0229        0.3        0.3        0.3        0.3        0.3        0.3        0.3
                          0.3        0.3     .03432
             Random switching times for simulation number  70  :
                                  10  3.0383879E-02   11  3.0510873E-02   12  3.0500171E-02

  206.48           18.0776367 201140.646 22.5400907 120.338765 .014735931 114.439033 3196.76435 44.2770647 3251.33655 127818.948
                   112863.661 -124646.39 127818.903 1414.42885  -124646.3 -152169.25 167274.741 62809.5638 172961.322 77532.1315
                   -173506.88 220058.908 -129088.92 -123714.73 -140866.98 237544.092 -150127.47 242854.202 -165544.81 -163149.41
                   134.453102 -14182.406 -150.13358 12.3366397 .001844378 12.3111562  14.908006 .102188872  13.442178 .148938045
                   25026.0709 .156009504 14144.2885
Times of maxima :      .03137     .04281     .03107     .03421     .04274     .03645     .03272     .03286     .03667     .03421
                       .00561     .03645     .03421     .04274     .03645     .03653     .03427     .03269     .03272     .03286
                       .03667     .03421     .03421     .03645     .03506     .03427     .03431     .03539     .03445      .0352
                       .03137     .04281     .03107        0.3        0.3        0.3        0.3        0.3        0.3        0.3
                          0.3        0.3     .04274
             Random switching times for simulation number  71  :
                                  10  3.2366732E-02   11  3.1873413E-02   12  3.1342893E-02

 250.017            32.158708 361499.408 33.9274223 133.828936 .026646548 535.891512 .1326576E7 57.9442396 .1594832E7 134793.218
                   112863.661 -141683.79 134792.996 1902.00998 -141683.87 -180611.08 183922.369 60151.7301 187939.846 -88694.655
                   -188748.25 224745.847 -134827.95  -141185.9 -186709.15 260162.595  -184482.3 285539.539 -208651.15 -197469.35
                   179.328492 -19013.138 -184.19398 12.3130378 .001892082 12.3208256 86.4083103 .114318496 341.847682  .19025381
                   25673.8525 .180933283 19020.0998
Times of maxima :       .0355     .04274     .03188     .03195     .04293     .03598      .0322     .03291     .03458     .03195
                       .00561     .03598     .03195     .04293     .03598     .03592     .03206      .0337      .0322     .03291
                       .03458     .03473     .03195     .03598     .03591     .03463     .03204      .0345     .03327     .03578
                        .0355     .04274     .03188        0.3        0.3        0.3        0.3        0.3        0.3        0.3
                          0.3        0.3     .04293
             Random switching times for simulation number  72  :
                                  10  2.1603281E-02   11  2.1374936E-02   12  2.1900250E-02

 47.5832           35.2467671 270328.862 23.7506925 121.532403 .020046784 119.677975 .1564328E7 37.1701952 165188.212 -128451.11
                   112863.661 127467.409 -128451.26 1649.73681 127467.489 154430.668 -176531.15 -49243.614 -188656.67 -71037.838
                   180180.282  -223001.4 130065.189 126188.105 134385.742 -259394.51 166237.754 -269406.93 169778.027 148281.415
                   -187.74122 -16441.681 154.112597 12.7221578 .001939614 12.7130008  148.87379 .069880698 21.2648519  .19157704
                   26318.5753 .182737292 16497.3681
Times of maxima :      .02252     .02612     .02372     .02561     .02615     .02811     .02411     .02408     .02791     .02561
                       .00561     .02811     .02561     .02615     .02811     .02805      .0255     .02391     .02411     .02408
                       .02791     .02686     .02561     .02811     .02804     .02678     .02556     .02666     .02569     .02791
                       .02252     .02612     .02372        0.3        0.3        0.3        0.3        0.3        0.3        0.3
                          0.3        0.3     .02615
             Random switching times for simulation number  73  :
                                  10  3.1188663E-02   11  3.0663892E-02   12  3.1582134E-02

 248.096           28.4547296  217001.13 43.5816034 525.565435 .015900197 249.097899 .2456959E7 29.1345339  .129217E7 141537.247
                   112863.661  -137491.1 141536.988 1469.24277 -137491.12 -180777.52 191445.541 51060.1053 191301.815 62892.1367
                   -187835.67 225463.622 -142261.17 -136537.94 -185105.87 278401.983 -179779.54 301593.255 -186133.97 -196851.57
                   168.685297 -14730.958 -208.76207 12.3157222 .001842837   12.30879 636.232037 .060915873 111.516375 .208463833
                   25005.2747 .202982727 14692.4277
Times of maxima :      .03597      .0428     .03191     .03219     .04285      .0362     .03371     .03371     .03632     .03219
                       .00561      .0362     .03219     .04285      .0362     .03616     .03231     .03385     .03371     .03371
                       .03632     .03483     .03219      .0362     .03614     .03487     .03229     .03372     .03242     .03627
                       .03597      .0428     .03191        0.3        0.3        0.3        0.3        0.3        0.3        0.3
                          0.3        0.3     .04285
             Random switching times for simulation number  74  :
                                  10  3.6460321E-02   11  3.5983168E-02   12  3.7812338E-02

 356.078           45.5426062 533922.334 48.1873678 165.241074 .039464487 1515.90771 .3486251E7 98.7307497 .6460096E7 -136217.43
                   112863.661 -154511.28 -136217.34 2314.70443 -154511.03 -199358.57 -175870.36 -71902.069  -194267.1   -115776.
                   -196660.68 -220750.13 138439.605 -154857.92 -208451.08 -248056.06 179261.188 -260883.37 196951.838 -207731.18
                   213.407137 -23106.759 219.516213 11.9705384 .002035896 12.1454201  365.12927 .136522031 2155.51031 .189702477
                   27626.4275 .169759987 23147.0443
Times of maxima :      .03684     .04269     .04004      .0417      .0429     .03706     .04033     .03743      .0371      .0417
                       .00561     .03706      .0417      .0429     .03706     .03718     .04182     .03876     .04033     .03743
                        .0371      .0431      .0417     .03706     .03702     .04302     .04048      .0429     .04035     .03716
                       .03684     .04269     .04004        0.3        0.3        0.3        0.3        0.3        0.3        0.3
                          0.3        0.3      .0429
             Random switching times for simulation number  75  :
                                  10  2.9351214E-02   11  2.9246518E-02   12  2.9478675E-02

 218.021           47.1296604 335939.693  27.554699 135.460996 .024830469 121.668386 .3441164E7 43.4957621 2655.94701 135612.557
                   112863.661 -128523.11 135612.414 -1836.0511  -128523.1 161418.711 189307.263 58631.3323 194139.013   76845.03
                   -167394.91 227324.245 -137294.71  -126877.6 163835.163 266986.457 -184225.71 274471.998 -187575.31 169215.705
                   217.093667 18328.6577 -165.99608  12.347908 .001922849 12.3616279 431.125431  .07812852 14.3433294 .213857461
                   26091.3345  .19210531 -18360.511
Times of maxima :      .03035     .03442     .03297     .03319     .03459     .03585     .03337     .03032     .03716     .03319
                       .00561     .03585     .03319     .03459     .03585     .03006     .03324     .03165     .03337     .03032
                       .03716      .0346     .03319     .03585     .02994     .03457      .0333     .03467     .03344     .03002
                       .03035     .03442     .03297        0.3        0.3        0.3        0.3        0.3        0.3        0.3
                          0.3        0.3     .03459
             Random switching times for simulation number  76  :
                                  10  3.1466970E-02   11  3.2356880E-02   12  3.1918148E-02

 267.141           33.0222628 421303.174 51.7140868 1431.91444 .031104056 326.117453  .486287E7 32.6270669 .2417049E7 153486.344
                   112863.661 -138641.12 153486.076 2054.94794 -138641.14 -186114.61 199561.111  53747.917 195911.214 66555.0983
                   -191185.06 234761.084 -153554.38 -138480.82 -191300.27 286468.199 -196878.15 307108.304 -198239.15 -205008.33
                   181.720287 -20525.671 -227.40731  12.371796 .001934528 12.3116941 1392.42547 .066406455 243.155402 .215682231
                    26250.179 .209785602 20549.4794
Times of maxima :       .0363     .04272      .0322     .03252     .04263     .03652     .03277     .03287     .03665     .03252
                       .00561     .03652     .03252     .04263     .03652     .03649     .03263     .03419     .03277     .03287
                       .03665     .03386     .03252     .03652     .03647     .03394     .03262     .03405      .0325     .03659
                        .0363     .04272      .0322        0.3        0.3        0.3        0.3        0.3        0.3        0.3
                          0.3        0.3     .04263
             Random switching times for simulation number  77  :
                                  10  2.5684445E-02   11  2.4381414E-02   12  2.4671648E-02

 106.833           73.0656937 464307.649 50.0062083 2311.72722  .03441412 831.100724 .1002558E8 99.1080758  .207851E8 -163685.84
                   112863.661 145767.708 -163685.55 -2161.5269 145767.421 199410.265 -203485.29 71826.4137 -198313.75 -115997.02
                   203146.541 -266910.93 163938.286  145422.27 171671.531 -301401.82 209556.496 -348783.49 222225.568  199433.63
                   -270.30667 21547.7992  223.62068 12.7106756 .002027385 12.6923824 3186.18528 .134691248 4761.84362 .198091646
                   27510.3809 .193291601 -21615.269
Times of maxima :      .02609     .03438     .02495     .02527     .03438     .02629     .02553     .02564     .02642     .02527
                       .00561     .02629     .02527     .03438     .02629     .02643     .02539     .02647     .02553     .02564
                       .02642     .02633     .02527     .02629     .02621     .02642     .02523     .02656     .02659     .02792
                       .02609     .03438     .02495        0.3        0.3        0.3        0.3        0.3        0.3        0.3
                          0.3        0.3     .03438
             Random switching times for simulation number  78  :
                                  10  3.1404619E-02   11  2.9567425E-02   12  3.0685049E-02

 230.377           14.5351645 290364.763 21.1912487 116.774693 .021333778 119.538682 1430.78068 27.7348017 2734.81795 125911.905
                   112863.661  -127393.3 125911.872 -1701.8693 -127393.29 -156029.67 142370.727 44768.9163 153472.158 61362.7543
                   -168225.73 211329.335 -127335.73 -125758.06  -159863.6 232515.873 -144045.57 237421.982 -159824.23 -168013.93
                    120.56187 17040.0928 -145.57214 12.3301606 .001893528 12.2973539 12.9534192 .057020596 13.4862365 .142816608
                    25693.419   .1420066 -17018.693
Times of maxima :      .03365     .03445     .03123     .03269     .03439      .0353     .03288     .03165     .03543     .03269
                       .00561      .0353     .03269     .03439      .0353     .03528     .03143     .03297     .03288     .03165
                       .03543     .03526     .03269      .0353     .03526     .03527     .03139     .03415     .03261     .03539
                       .03365     .03445     .03123        0.3        0.3        0.3        0.3        0.3        0.3        0.3
                          0.3        0.3     .03439
             Random switching times for simulation number  79  :
                                  10  3.3404930E-02   11  3.0834043E-02   12  3.1168082E-02

 261.411           43.5047081 235604.956 35.1860693 118.245184 .017430007 123.038483 129247.201 67.8692831 .6826969E7 126702.094
                   112863.661 -129244.75 126702.167 1538.30019 -129244.72 -183556.64 170837.443 -74034.203 179308.252 -95990.652
                   -196832.03 223363.012   -127715.  -128207.6 -161259.11 266590.434 -172198.76 270541.361 -176531.88 -172857.17
                   208.577823 -15349.429 187.579501 12.3205314 .001843299 12.2912778 19.0721781 .167279921  948.76028  .18534006
                   25011.4651 .197795611 15383.0019
Times of maxima :      .03391     .04279     .03691     .03336     .04284     .03556     .03202     .03434     .03426     .03336
                       .00561     .03556     .03336     .04284     .03556     .03412     .03189     .03417     .03202     .03434
                       .03426     .03403     .03336     .03556     .03549     .03414     .03187     .03429     .03312     .03563
                       .03391     .04279     .03691        0.3        0.3        0.3        0.3        0.3        0.3        0.3
                          0.3        0.3     .04284
             Random switching times for simulation number  80  :
                                  10  2.3015135E-02   11  2.2540008E-02   12  2.2696540E-02

 88.4147           16.6983264 240507.813 27.3758145 120.948554 .017848144 127.653952 3407.94398 42.4254574 153549.768  -128142.4
                   112863.661 131646.528 -128142.34 -1556.6424 131646.539 169344.849 -163548.27 -58429.052 -175057.22 75893.6743
                   179898.807  -211394.7 129042.969 130640.084 167284.843 -236375.18 164323.755 -236525.24 167991.455 178376.639
                     -129.222 15508.3143 165.456383 12.7013446 .001901069 12.6809456 14.6665226 .099399086 23.0202266 .147309806
                   25795.3659 .154207561 -15566.424
Times of maxima :      .02708     .03446     .02324     .02466     .03454      .0273     .02355     .02443     .02743     .02466
                       .00561      .0273     .02466     .03454      .0273     .02727     .02342     .02499     .02355     .02443
                       .02743     .02593     .02466      .0273     .02725     .02596      .0234     .02582     .02443     .02739
                       .02708     .03446     .02324        0.3        0.3        0.3        0.3        0.3        0.3        0.3
                          0.3        0.3     .03454
             Random switching times for simulation number  81  :
                                  10  3.5023181E-02   11  3.5990641E-02   12  3.3688464E-02

 309.696           75.8856181 533044.345 48.8607432  1906.6284 .039285858 268014.367  .736778E7 110.270591 .2054519E8 159129.686
                   112863.661 -182631.02 159129.421 2309.45994 -182630.74 -203314.29 199620.342 -71701.111 197084.094 -122355.12
                   -203041.18 292683.595 -159135.44 -182622.23 -237972.13 341473.638  -206277.9 347635.982 214789.186 -303520.96
                   275.473444 -23087.753 -221.04466 12.2430716 .002034986 21.6645979 2503.42934 .119858175 6123.66619 .303612595
                   27614.0722 .260117611 23094.5994
Times of maxima :      .03518     .04268     .03395     .03428      .0426     .03563     .03454     .03527     .03547     .03428
                       .00561     .03563     .03428      .0426     .03563     .03575      .0344     .03541     .03454     .03527
                       .03547     .03566     .03428     .03563     .03573     .03576     .03424      .0359     .04043     .03584
                       .03518     .04268     .03395        0.3        0.3        0.3        0.3        0.3        0.3        0.3
                          0.3        0.3      .0426
             Random switching times for simulation number  82  :
                                  10  2.2069112E-02   11  2.3814801E-02   12  2.3379642E-02

 66.8416           26.3823658 395737.352 42.7299224 340.961529 .029059543 130.763672 .8294427E7 107.694065 .2835598E7 -138860.97
                   112863.661  133240.37 -138860.68 -1986.2628 133240.381 189323.638 -193074.51  94040.505 -197514.52 120917.232
                   192402.812 -216139.81 138939.224 132944.691 185713.837 -232799.36 190396.662 -240025.22 200722.452 195617.846
                   -162.42649 19893.1484 206.712173 12.6793592 .001972358 12.6980662 1217.85268 .224600269 364.559864 .175762053
                   26763.2676 .176041643 -19862.628
Times of maxima :      .02776      .0344      .0239     .02398     .03419     .02798     .02423     .02511     .02812     .02398
                       .00561     .02798     .02398     .03419     .02798     .02796     .02413     .02496     .02423     .02511
                       .02812      .0266     .02398     .02798     .02792     .02665     .02394     .02552     .02393     .02804
                       .02776      .0344      .0239        0.3        0.3        0.3        0.3        0.3        0.3        0.3
                          0.3        0.3     .03419
             Random switching times for simulation number  83  :
                                  10  2.9911506E-02   11  3.1467814E-02   12  3.1358145E-02

 223.703           34.2761934 310211.986  33.218614 126.293558 .022964173 124.716055 .5085275E7 95.9152196  .205547E7 130943.304
                   -113420.71 -130122.82 130943.189 1765.70326 -130122.83 -179453.91 192101.777 83199.9232 196015.912  114113.25
                   -190120.89 208373.766 -131698.42 -129458.39 -162076.46 227462.042 -156273.95 235315.306 -177179.16 -183561.24
                   185.138309 -17612.836 -182.25974 12.3109534 .001864251 12.3316274 704.939603 .219533178 231.812717 .182450375
                   25295.9197 .177810149 17657.0326
Times of maxima :       .0309     .04276     .03188     .03356     .04295     .03598     .03222      .0323     .03609     .03356
                       .03052     .03598     .03356     .04295     .03598     .03593     .03208      .0322     .03222      .0323
                       .03609     .03482     .03356     .03598     .03589     .03493     .03205     .03483      .0319     .03463
                        .0309     .04276     .03188        0.3        0.3        0.3        0.3        0.3        0.3        0.3
                          0.3        0.3     .04295
             Random switching times for simulation number  84  :
                                  10  2.2768006E-02   11  2.2247272E-02   12  2.4429707E-02

 63.1321           23.5541851 207748.614 64.5317947 2758.36658 .015318113 297.787603  .168804E8   43.08357 187250.332 -168472.79
                   112863.661 138220.342 -168472.47 -1442.0986 138220.288 167933.876 -207212.89 -51222.969  -201418.5 -76480.048
                   180711.506 -247474.67 169609.417 137166.899 179038.481 -290543.43 199550.991 -317725.73 194129.791  191935.54
                   153.473728 14413.4872  254.03109 12.7960507 .001900818 12.6928623 5477.31009 .057455398 25.7830099 .178226464
                   25792.0961 .187956961 -14420.986
Times of maxima :       .0295     .03447     .02497     .02503     .03445     .02767     .02528     .02538     .02765     .02503
                       .00561     .02767     .02503     .03445     .02767       .029     .02514     .02669     .02528     .02538
                       .02765     .02505     .02503     .02767     .02779     .02515     .02513      .0253     .02498     .02655
                        .0295     .03447     .02497        0.3        0.3        0.3        0.3        0.3        0.3        0.3
                          0.3        0.3     .03445
             Random switching times for simulation number  85  :
                                  10  3.4036441E-02   11  3.3637468E-02   12  3.5715716E-02

 316.902            48.906849 552040.437 53.7422891 117.031631 .040917964 128.848878  2531.8601 74.2241909 .5844239E7 -126050.29
                   112863.661 -132261.48 -126050.32  2356.9443 -132261.25  -187394.8 -154824.55 84522.3251 -166073.71 100384.128
                   -196372.37 -222509.08 128373.133 -132156.49 -177407.95 282531.532 -176787.03 298248.279  -198004.7 193117.092
                   -221.14893 -23495.541 231.823832 12.0006486 .002053981 12.2680878 13.0533693  .24102847 595.826725 .266493776
                   27871.8345 .234535234  23569.443
Times of maxima :      .03933     .04269     .03661     .04227     .04278     .03464     .04203     .03678     .03608     .04227
                       .00561     .03464     .04227     .04278     .03464     .03619     .04217     .03691     .04203     .03678
                       .03608     .04353     .04227     .03464     .03474     .03625     .03633     .03629      .0362     .04334
                       .03933     .04269     .03661        0.3        0.3        0.3        0.3        0.3        0.3        0.3
                          0.3        0.3     .04278
             Random switching times for simulation number  86  :
                                  10  2.0594605E-02   11  2.2454434E-02   12  2.1702508E-02

 45.4243           47.0375707 230493.044 25.7267662 340.337112 .017038366 197.413766 348347.682  85.419733 .1497544E7 -138851.54
                   113347.753   -136709. -138851.46 -1520.9197 -136708.79 -186369.27 -183503.77 -87574.805 -184501.86 -107689.02
                   -188455.85 -221965.79 140004.549 -136714.62 -188165.84 -251383.64 203254.551  -267502.1 207650.285 -192553.61
                   -216.88147 15181.9974 -160.39566 12.7409893 .001900244 12.7807491 112.839915 .193999544 330.741644 .214115705
                   25784.1409  .19082526 -15209.197
Times of maxima :       .0216     .03446     .02498     .02582     .03451     .02119      .0257     .02156     .02122     .02582
                       .02233     .02119     .02582     .03451     .02119     .02131     .02589     .02288      .0257     .02156
                       .02122     .02587     .02582     .02119     .02117      .0259     .02457     .02606     .02469     .02127
                        .0216     .03446     .02498        0.3        0.3        0.3        0.3        0.3        0.3        0.3
                          0.3        0.3     .03451
             Random switching times for simulation number  87  :
                                  10  3.0259157E-02   11  3.2993399E-02   12  3.2027646E-02

 252.556           32.5069493 494535.607 65.2976004 1931.92067 .036421823 119.191072 .1519972E8 39.2231651 3407.36051  159420.78
                   112863.661 -127207.92 159420.444 2223.68441 -127207.93 -167742.47 203463.423  -42782.55 200665.854  -72973.24
                   -175051.49 243017.771 -159421.23 -127281.45   -150936. 280990.002 -185029.73 316285.722 -207831.11 -171252.64
                   180.296836 -22238.157 -255.53395 12.4707994 .001997736 12.3219605 5226.84193 .043708611 13.5026865 .192376386
                   27108.3612 .193725117 22236.8441
Times of maxima :      .03257      .0427     .03256     .03263     .04264     .03662     .03287     .03183     .03675     .03263
                       .00561     .03662     .03263     .04264     .03662      .0366     .03263     .03197     .03287     .03183
                       .03675     .03396     .03263     .03662     .03658     .03406     .03274     .03417     .03287     .03544
                       .03257      .0427     .03256        0.3        0.3        0.3        0.3        0.3        0.3        0.3
                          0.3        0.3     .04264
             Random switching times for simulation number  88  :
                                  10  2.2563873E-02   11  2.1768159E-02   12  2.2535265E-02

  58.707           12.5860849 217109.749 23.4197287 112.314979 .016086876 121.328124 2439.91721 48.3573285 3373.93399 -123484.07
                   112863.661 128343.266 -123484.13 1477.84256 128343.256 160360.928 -154751.02 -66668.987 -165083.31 81025.8252
                   174722.432 -202005.53 124894.116   126960.6 156670.051 -208506.09 154387.954 -215238.03 160887.554 166624.858
                   -112.18772 -14734.644 153.035057  12.705065  .00191532 12.6829459 14.3673426 .117346031 14.1231135 .136155171
                   25988.8142  .14731746 14778.4256
Times of maxima :      .02692     .02615     .02308     .02538     .02592     .02714     .02338     .02427      .0273     .02538
                       .00561     .02714     .02538     .02592     .02714     .02711     .02484     .02484     .02338     .02427
                        .0273     .02618     .02538     .02714     .02709     .02579     .02324     .02597     .02337     .02723
                       .02692     .02615     .02308        0.3        0.3        0.3        0.3        0.3        0.3        0.3
                          0.3        0.3     .02592
             Random switching times for simulation number  89  :
                                  10  3.3952866E-02   11  3.4196436E-02   12  3.5065033E-02

 303.336           51.4505297 583637.344  85.748861 116.467382  .04297335 905.468261 .5987783E7 49.4816491 .1726681E7 -125746.22
                   112863.661 -146763.41 -125746.08 2415.41587 -146763.24 -178058.89 183435.995 66194.9369 196439.642 -81962.349
                   -189143.13 251703.529 128043.715  -146829.3 -185746.27 316622.315 -155353.45 366485.446 172320.618 -232705.99
                   -226.82709 -24158.587 292.829064 12.0350893 .002086796 12.3299692 1127.43357 .115269111 165.318638  .30389833
                   28317.5026 .294552497 24154.1587
Times of maxima :      .04139     .04268     .03754     .04155     .04252     .03573      .0357     .03492     .03594     .04155
                       .00561     .03573     .04155     .04252     .03573     .03471     .03572     .03723      .0357     .03492
                       .03594     .03568     .04155     .03573     .03583     .03579     .03576     .03592     .04175     .03595
                       .04139     .04268     .03754        0.3        0.3        0.3        0.3        0.3        0.3        0.3
                          0.3        0.3     .04252
             Random switching times for simulation number  90  :
                                  10  2.7267335E-02   11  2.7497851E-02   12  2.7822362E-02

 173.587             49.27519 547582.247 27.4040296 121.272698 .040387322 1536.86842 2775.06647 115.520496 .1153909E8 128314.029
                   112863.661 154765.236 128313.937 -2341.6115 154764.942 212621.014 168683.588 103617.757  168647.09 -125233.88
                   199007.373 206143.836 -130347.72 154858.739 214458.495 219774.999 -176508.87 -243586.94 -183233.66 211809.275
                   -221.98016 23400.4754 -165.54162 12.3617174 .002106513 12.6255321 14.4300822 .279763366 3822.62426 .187545763
                   28584.6216 .175624805 -23416.115
Times of maxima :      .02767     .03435     .02894     .03249     .03403     .02786     .03275      .0288     .02813     .03249
                       .00561     .02786     .03249     .03403     .02786     .02801     .03256     .02954     .03275      .0288
                       .02813     .03431     .03249     .02786     .02782     .03424      .0325     .02817     .03366     .02796
                       .02767     .03435     .02894        0.3        0.3        0.3        0.3        0.3        0.3        0.3
                          0.3        0.3     .03403
             Random switching times for simulation number  91  :
                                  10  3.4045756E-02   11  3.2785069E-02   12  3.2027416E-02

 283.396           44.9886865 471882.585 60.9249409 1613.85055 .035068353 130.617183 .7505643E7 819.732705 .6548878E7 155691.517
                   112863.661 -133166.04 155691.273 2181.97615 -133165.73 -189299.94 203219.217 93839.3827 197148.247 145614.088
                   -196702.17 250699.215 -155697.73 -132850.41 -174404.76 281574.715 -205723.38 299393.493 -204981.15 -195516.72
                   212.105367 -21722.859 246.829781 12.3650273 .001977018 12.2716609 1983.62221 .311890566 1192.18231 .197638563
                   26826.9619 .254956692 21819.7615
Times of maxima :      .03454     .04271     .03775     .03263     .04276     .03464     .03288     .03438     .03479     .03263
                       .00561     .03464     .03263     .04276     .03464     .03482     .03274     .03564     .03288     .03438
                       .03479      .0347     .03263     .03464     .03466     .03466     .03272      .0349     .03257     .03454
                       .03454     .04271     .03775        0.3        0.3        0.3        0.3        0.3        0.3        0.3
                          0.3        0.3     .04276
             Random switching times for simulation number  92  :
                                  10  2.6131300E-02   11  2.6191682E-02   12  2.5898427E-02

 128.864           77.7609918 591883.603 58.2233034 906.751851 .043768604 949.853521 .1655944E8 124.375297 .8472154E7 -146780.61
                   112863.661 147352.004 -146780.32  -2437.663  147351.72 209415.794 -194108.39 84472.0668 -201275.19 129944.941
                   197596.862 -259168.12 146796.716 147361.885  223894.62 -342962.99 197436.019 -392511.73 -213820.78 300364.806
                   -278.85658 24328.6581 241.295055 12.5036938 .002152701 12.7565406 2175.46175 .169729648 1155.77559 .358632615
                   29211.7486 .329411675  -24376.63
Times of maxima :      .02773     .03434     .02628      .0265     .03433     .02674      .0265     .02862     .02677      .0265
                       .00561     .02674      .0265     .03433     .02674     .02691      .0266      .0288      .0265     .02862
                       .02677     .02681      .0265     .02674     .02671     .02667     .02646     .02675     .03261     .02804
                       .02773     .03434     .02628        0.3        0.3        0.3        0.3        0.3        0.3        0.3
                          0.3        0.3     .03433
             Random switching times for simulation number  93  :
                                  10  3.4084016E-02   11  3.4131478E-02   12  3.2260351E-02

 289.734           50.2292797 581141.764 69.2521377 1991.01736 .043132555 714.939035 .9197782E7 1355.34183  .151451E7 160097.139
                   112863.661 -144186.51 160096.893 2419.88599 -144186.31 -185129.18 205287.198 -113871.15 197932.361   -152541.
                   -188506.91 264000.563 -160103.75 -144173.04 -237690.52 292569.371 -208773.69 316350.867 -209867.85 -251246.69
                   224.118896 -24106.882 263.158009 12.3869404 .002084256 12.3082514 2356.05466 .390081769 139.486758 .242900299
                   28282.8686 .292850757 24198.8599
Times of maxima :      .03425     .04269     .03761     .03287     .04279     .03469     .03312     .03504     .03494     .03287
                       .00561     .03469     .03287     .04279     .03469     .03485     .03298     .03521     .03312     .03504
                       .03494     .03475     .03287     .03469     .03466     .03466     .03296     .03456     .03502     .03453
                       .03425     .04269     .03761        0.3        0.3        0.3        0.3        0.3        0.3        0.3
                          0.3        0.3     .04279
             Random switching times for simulation number  94  :
                                  10  3.4566072E-02   11  3.7003517E-02   12  3.5144725E-02

 341.122           41.5969233 416042.503 47.1580404 125.333333  .03092721 790.203655 153938.538 784.051694 .8331608E7 130444.614
                   112863.661 -145214.72 130444.451 2049.09778  -145214.4 -211291.16 -160764.12  -118217.6 179908.223 145130.868
                   -197531.75  233572.22 -130454.87  -145216.6 -196613.94 241891.551 -193709.24 271110.084 -205134.97 -202891.91
                   203.953238  -20397.12 217.159021 12.0228658 .001927334 12.2653009 34.9288831 .409421172 2187.72359 .209186184
                    26152.406 .209119499 20490.9778
Times of maxima :      .03504     .04273     .03626     .03574      .0425     .03515     .03597      .0361     .03551     .03574
                       .00561     .03515     .03574      .0425     .03515     .03533     .04129     .03685     .03597      .0361
                       .03551     .03574     .03574     .03515     .03527     .03568     .03568     .03554     .03555      .0353
                       .03504     .04273     .03626        0.3        0.3        0.3        0.3        0.3        0.3        0.3
                          0.3        0.3      .0425
             Random switching times for simulation number  95  :
                                  10  3.0757926E-02   11  2.8517632E-02   12  3.0103777E-02

 217.368           17.9508268 437051.684 12.1151987  110.17523 .032290119 109.544679 277.475611 7.96014383 1132.16257 122302.178
                   112863.661 -121951.72 122302.207 -2093.7611 -121951.73 -138280.08 133290.275 -23916.516  137917.01 -32874.017
                   -149725.04 217666.671 -124300.71 -120126.14 -143901.74 255169.091 -140675.15 259695.181  -147304.3 -152430.58
                   133.980696 20905.7811 110.069063 12.3396682 .002002167  12.303448 12.5516586 .015074822  12.709611 .156187517
                   27168.3168 .142723438 -20937.611
Times of maxima :      .03158     .03439     .03907     .03339      .0344     .03606     .03325     .03194     .03486     .03339
                       .00561     .03606     .03339      .0344     .03606     .03471     .03341     .03174     .03325     .03194
                       .03486     .03473     .03339     .03606     .03597     .03468     .03334     .03482     .03318     .03608
                       .03158     .03439     .03907        0.3        0.3        0.3        0.3        0.3        0.3        0.3
                          0.3        0.3      .0344
             Random switching times for simulation number  96  :
                                  10  2.1639449E-02   11  1.9866907E-02   12  2.1049370E-02

 10.0018           32.6433479 476599.338  17.325447 122.573651 .035137053 115.161444 2956.56825 16.0354816 1089.30251 -129000.43
                   112863.661  125039.08 -129000.35 2184.11239 125039.107 137346.888 -167433.27 -36746.988 -170525.97 -46658.773
                   149173.231 -219696.94 131148.968 123272.674   137672.9 -259358.91 164455.137 -268239.21 165180.183 152843.648
                    -180.6747 -21831.155 -131.62616 12.7239923  .00209524 12.7104692 14.3390471  .03863276 13.0797394 .186880458
                   28431.4189 .167571659 21841.1239
Times of maxima :      .02261     .02604     .02601     .02547     .02614     .02817     .02565     .02259     .02794     .02547
                       .00561     .02817     .02547     .02614     .02817     .02809     .02552     .02392     .02565     .02259
                       .02794     .02689     .02547     .02817     .02818     .02557     .02557      .0257     .02543     .02833
                       .02261     .02604     .02601        0.3        0.3        0.3        0.3        0.3        0.3        0.3
                          0.3        0.3     .02614
             Random switching times for simulation number  97  :
                                  10  2.9018917E-02   11  3.0198304E-02   12  3.0681909E-02

 190.383           48.4450563 204612.565 61.9255889 465.850855 .015096896 131.670991 .1798129E8 85.3354173 850427.326 140682.227
                   112863.661 133702.042 140681.882 -1431.6476 133701.834 183992.439 188690.703 71381.7797 201908.577 -107635.86
                   186487.923 208896.548 -141799.36 133707.615 184532.088 231637.627 -159054.16 255664.837 -192242.24 189744.837
                   220.102377 14304.2848 -248.84853 12.3547019 .001853565 12.3871794  2730.9921 .123663473 160.440259  .18515145
                   25150.7678 .170059812 -14316.476
Times of maxima :      .03002      .0345     .03258     .03266     .03453     .02961     .03288      .0306     .02964     .03266
                       .00561     .02961     .03266     .03453     .02961     .02973     .03277     .03131     .03288      .0306
                       .02964     .03426     .03266     .02961     .02959     .03434     .03276      .0342      .0329     .02969
                       .03002      .0345     .03258        0.3        0.3        0.3        0.3        0.3        0.3        0.3
                          0.3        0.3     .03453
             Random switching times for simulation number  98  :
                                  10  2.2195332E-02   11  2.3575415E-02   12  2.2610459E-02

 44.1501           33.2032397 365864.852 34.3115058  118.52881 .027032038 128.946954 .5569696E7 32.1724288 3380.43494 -126854.11
                   112863.661 132311.581 -126854.03 -1915.7186  132311.58 162157.384 -170120.65 -39815.901 -196243.57 -66089.769
                   174786.506 -228137.96 127257.463 131741.542  166197.04 -264906.13 154513.398 -287161.61 158626.048 177070.539
                   -182.21756  19127.594 185.233652 12.7107165 .001952004 12.6968869 584.590095 .041475559 14.5340549 .213055282
                   26486.9786 .201532805 -19157.186
Times of maxima :      .02318     .03441     .02293     .02463     .03447     .02725     .02472     .02471     .02855     .02463
                       .00561     .02725     .02463     .03447     .02725     .02722     .02336     .02487     .02472     .02471
                       .02855     .02601     .02463     .02725     .02717     .02596     .02469     .02603     .02456     .02731
                       .02318     .03441     .02293        0.3        0.3        0.3        0.3        0.3        0.3        0.3
                          0.3        0.3     .03447
             Random switching times for simulation number  99  :
                                  10  3.4656348E-02   11  3.4760586E-02   12  3.4107454E-02

 315.506           67.6359572 593298.501 44.4261363 246.621388 .044038467 3509.14343 .9356782E7  2502.8437  .189986E8 137454.097
                   112863.661 -176047.66 137453.833 2445.16634 -176047.34 -207966.98 208563.389 -113051.61 198005.727 -165762.22
                   -202359.42 259740.564 -137462.97 -176082.21 -244080.06 268546.506 -197292.71 294895.469 -206936.64 -239965.39
                   260.069139  -24357.72 -210.77508 12.1010214 .002097197 12.4688759 1828.95264 .506162897 3716.62552 .196663842
                   28458.5509 .223444373 24451.6634
Times of maxima :      .03519     .04266     .03435      .0347     .04257     .03525     .03498     .03564      .0355      .0347
                       .00561     .03525      .0347     .04257     .03525     .03542     .03484     .03695     .03498     .03564
                        .0355     .03526      .0347     .03525      .0352     .03519     .03467     .03505      .0346     .03506
                       .03519     .04266     .03435        0.3        0.3        0.3        0.3        0.3        0.3        0.3
                          0.3        0.3     .04257
             Random switching times for simulation number  100  :
                                  10  3.4907714E-02   11  3.3268514E-02   12  3.4073719E-02

 297.678           83.0990692 521044.233 44.4426171 1180.05624 .038734149 2293.04268 .3863346E7 420.423821 .2787443E8  150337.58
                   112863.661 -163480.52 150337.337 2293.18622 -163480.13 -223291.22 195952.205 -92300.085 195332.198 -140024.68
                   -206214.22 255552.207 -150537.45 -163370.23 -192177.07 269954.513 -198144.39 294883.605 -207113.96 -218264.65
                   288.269092 -22826.393 -210.81418 12.1419154 .002023134 12.4143073 1292.27897 .258369746 7682.37792 .168245349
                   27453.0807 .184785398 22931.8622
Times of maxima :      .03545     .04268     .03432     .03467     .04249     .03551     .03462     .03586     .03577     .03467
                       .00561     .03551     .03467     .04249     .03551     .03562     .03479     .03573     .03462     .03586
                       .03577     .03556     .03467     .03551     .03539     .03564     .03477     .03579     .03457     .03531
                       .03545     .04268     .03432        0.3        0.3        0.3        0.3        0.3        0.3        0.3
                          0.3        0.3     .04249

 MAIN20 dumps OVER12 dice seed  SEEDSV =   1.1782227160000000E+09

Comment card.   Card index = 346.                 |C TENSOES FASE-TERRA
Comment card.   Card index = 347.                 |C                         MODTAB   AINCR  XMAXMX
Comment card.   Card index = 348.                 |C                          25-32   33-40   41-48
MODTAB, AINCR, XMAXMX =      3    0.050   10.000  |STATISTICS DATA                3
Statistical output of  node  voltage   0.1127E+06 |0      112677.T_MANAT_MANBT_MANC

1 ) -------------------------------------------------------------------------------------------------------------------------------
Statistical distribution of peak voltage at node  "T_MANA".   The base voltage for per unit printout is  V-base = 1.12677000E+05
  Interval             voltage         voltage  in     Frequency    Cumulative               Per cent
    number         in per unit      physical units     (density)     frequency     .GE. current value
        21           1.0500000      1.18310850E+05             0             0          100.000000
        22           1.1000000      1.23944700E+05             5             5           95.000000
        23           1.1500000      1.29578550E+05            20            25           75.000000
        24           1.2000000      1.35212400E+05            15            40           60.000000
        25           1.2500000      1.40846250E+05            21            61           39.000000
        26           1.3000000      1.46480100E+05            10            71           29.000000
        27           1.3500000      1.52113950E+05             3            74           26.000000
        28           1.4000000      1.57747800E+05             8            82           18.000000
        29           1.4500000      1.63381650E+05             7            89           11.000000
        30           1.5000000      1.69015500E+05            10            99            1.000000
        31           1.5500000      1.74649350E+05             1           100             .000000
Summary of preceding table follows:       Grouped data     Ungrouped data
                                 Mean = 1.25200000E+00     1.25063989E+00
                             Variance = 1.52232323E-02     1.45111623E-02
                   Standard deviation = 1.23382464E-01     1.20462286E-01

2 ) -------------------------------------------------------------------------------------------------------------------------------
Statistical distribution of peak voltage at node  "T_MANB".   The base voltage for per unit printout is  V-base = 1.12677000E+05
  Interval             voltage         voltage  in     Frequency    Cumulative               Per cent
    number         in per unit      physical units     (density)     frequency     .GE. current value
         1            .0500000      5.63385000E+03           100           100             .000000
Summary of preceding table follows:       Grouped data     Ungrouped data
                                 Mean = 2.50000000E-02     1.81948856E-02
                             Variance = 7.17719935E-19     8.24204893E-06
                   Standard deviation = 8.47183531E-10     2.87089689E-03

3 ) -------------------------------------------------------------------------------------------------------------------------------
Statistical distribution of peak voltage at node  "T_MANC".   The base voltage for per unit printout is  V-base = 1.12677000E+05
  Interval             voltage         voltage  in     Frequency    Cumulative               Per cent
    number         in per unit      physical units     (density)     frequency     .GE. current value
        21           1.0500000      1.18310850E+05             0             0          100.000000
        22           1.1000000      1.23944700E+05             3             3           97.000000
        23           1.1500000      1.29578550E+05            15            18           82.000000
        24           1.2000000      1.35212400E+05            14            32           68.000000
        25           1.2500000      1.40846250E+05            20            52           48.000000
        26           1.3000000      1.46480100E+05             9            61           39.000000
        27           1.3500000      1.52113950E+05            11            72           28.000000
        28           1.4000000      1.57747800E+05             6            78           22.000000
        29           1.4500000      1.63381650E+05            10            88           12.000000
        30           1.5000000      1.69015500E+05             6            94            6.000000
        31           1.5500000      1.74649350E+05             1            95            5.000000
        32           1.6000000      1.80283200E+05             3            98            2.000000
        33           1.6500000      1.85917050E+05             2           100             .000000
Summary of preceding table follows:       Grouped data     Ungrouped data
                                 Mean = 1.27950000E+00     1.28038727E+00
                             Variance = 1.79340909E-02     1.79384382E-02
                   Standard deviation = 1.33918225E-01     1.33934455E-01

4 ) -------------------------------------------------------------------------------------------------------------------------------
  SUMMARY   SUMMARY   SUMMARY   SUMMARY   SUMMARY   SUMMARY   SUMMARY   SUMMARY   SUMMARY   SUMMARY   SUMMARY   SUMMARY   SUMMARY
4 ) -------------------------------------------------------------------------------------------------------------------------------
The following is a distribution of peak overvoltages among all output nodes of the last data card that have the same base voltage.
This distribution is for the maximum of the peaks at all output nodes with  V-base = 1.12677000E+05
  Interval             voltage         voltage  in     Frequency    Cumulative               Per cent
    number         in per unit      physical units     (density)     frequency     .GE. current value
        21           1.0500000      1.18310850E+05             0             0          100.000000
        22           1.1000000      1.23944700E+05             2             2           98.000000
        23           1.1500000      1.29578550E+05            10            12           88.000000
        24           1.2000000      1.35212400E+05             7            19           81.000000
        25           1.2500000      1.40846250E+05            13            32           68.000000
        26           1.3000000      1.46480100E+05             9            41           59.000000
        27           1.3500000      1.52113950E+05             7            48           52.000000
        28           1.4000000      1.57747800E+05            13            61           39.000000
        29           1.4500000      1.63381650E+05            16            77           23.000000
        30           1.5000000      1.69015500E+05            16            93            7.000000
        31           1.5500000      1.74649350E+05             2            95            5.000000
        32           1.6000000      1.80283200E+05             3            98            2.000000
        33           1.6500000      1.85917050E+05             2           100             .000000
Summary of preceding table follows:       Grouped data     Ungrouped data
                                 Mean = 1.33600000E+00     1.33645499E+00
                             Variance = 1.84131313E-02     1.75872376E-02
                   Standard deviation = 1.35694994E-01     1.32616883E-01

Statistical output of  node  voltage   0.1127E+06 |0      112677.1_2LTC1_2LTA1_2LTB

5 ) -------------------------------------------------------------------------------------------------------------------------------
Statistical distribution of peak voltage at node  "1_2LTC".   The base voltage for per unit printout is  V-base = 1.12677000E+05
  Interval             voltage         voltage  in     Frequency    Cumulative               Per cent
    number         in per unit      physical units     (density)     frequency     .GE. current value
        22           1.1000000      1.23944700E+05             0             0          100.000000
        23           1.1500000      1.29578550E+05             2             2           98.000000
        24           1.2000000      1.35212400E+05             0             2           98.000000
        25           1.2500000      1.40846250E+05             2             4           96.000000
        26           1.3000000      1.46480100E+05             1             5           95.000000
        27           1.3500000      1.52113950E+05             1             6           94.000000
        28           1.4000000      1.57747800E+05             5            11           89.000000
        29           1.4500000      1.63381650E+05             9            20           80.000000
        30           1.5000000      1.69015500E+05             4            24           76.000000
        31           1.5500000      1.74649350E+05             5            29           71.000000
        32           1.6000000      1.80283200E+05             7            36           64.000000
        33           1.6500000      1.85917050E+05             9            45           55.000000
        34           1.7000000      1.91550900E+05            13            58           42.000000
        35           1.7500000      1.97184750E+05             6            64           36.000000
        36           1.8000000      2.02818600E+05             8            72           28.000000
        37           1.8500000      2.08452450E+05            16            88           12.000000
        38           1.9000000      2.14086300E+05             8            96            4.000000
        39           1.9500000      2.19720150E+05             3            99            1.000000
        40           2.0000000      2.25354000E+05             1           100             .000000
Summary of preceding table follows:       Grouped data     Ungrouped data
                                 Mean = 1.64450000E+00     1.64231148E+00
                             Variance = 3.66613636E-02     3.55361274E-02
                   Standard deviation = 1.91471574E-01     1.88510285E-01

6 ) -------------------------------------------------------------------------------------------------------------------------------
Statistical distribution of peak voltage at node  "1_2LTA".   The base voltage for per unit printout is  V-base = 1.12677000E+05
  Interval             voltage         voltage  in     Frequency    Cumulative               Per cent
    number         in per unit      physical units     (density)     frequency     .GE. current value
        23           1.1500000      1.29578550E+05             0             0          100.000000
        24           1.2000000      1.35212400E+05             1             1           99.000000
        25           1.2500000      1.40846250E+05             0             1           99.000000
        26           1.3000000      1.46480100E+05             3             4           96.000000
        27           1.3500000      1.52113950E+05             2             6           94.000000
        28           1.4000000      1.57747800E+05             5            11           89.000000
        29           1.4500000      1.63381650E+05             7            18           82.000000
        30           1.5000000      1.69015500E+05             9            27           73.000000
        31           1.5500000      1.74649350E+05            11            38           62.000000
        32           1.6000000      1.80283200E+05             8            46           54.000000
        33           1.6500000      1.85917050E+05             9            55           45.000000
        34           1.7000000      1.91550900E+05             6            61           39.000000
        35           1.7500000      1.97184750E+05             9            70           30.000000
        36           1.8000000      2.02818600E+05            11            81           19.000000
        37           1.8500000      2.08452450E+05            17            98            2.000000
        38           1.9000000      2.14086300E+05             2           100             .000000
Summary of preceding table follows:       Grouped data     Ungrouped data
                                 Mean = 1.61650000E+00     1.61314568E+00
                             Variance = 2.85381313E-02     2.78447004E-02
                   Standard deviation = 1.68932328E-01     1.66867314E-01

7 ) -------------------------------------------------------------------------------------------------------------------------------
Statistical distribution of peak voltage at node  "1_2LTB".   The base voltage for per unit printout is  V-base = 1.12677000E+05
  Interval             voltage         voltage  in     Frequency    Cumulative               Per cent
    number         in per unit      physical units     (density)     frequency     .GE. current value
         3            .1500000      1.69015500E+04             0             0          100.000000
         4            .2000000      2.25354000E+04             1             1           99.000000
         5            .2500000      2.81692500E+04             2             3           97.000000
         6            .3000000      3.38031000E+04             2             5           95.000000
         7            .3500000      3.94369500E+04             2             7           93.000000
         8            .4000000      4.50708000E+04             6            13           87.000000
         9            .4500000      5.07046500E+04             2            15           85.000000
        10            .5000000      5.63385000E+04            14            29           71.000000
        11            .5500000      6.19723500E+04            13            42           58.000000
        12            .6000000      6.76062000E+04            12            54           46.000000
        13            .6500000      7.32400500E+04            10            64           36.000000
        14            .7000000      7.88739000E+04             6            70           30.000000
        15            .7500000      8.45077500E+04             7            77           23.000000
        16            .8000000      9.01416000E+04             7            84           16.000000
        17            .8500000      9.57754500E+04             5            89           11.000000
        18            .9000000      1.01409300E+05             1            90           10.000000
        19            .9500000      1.07043150E+05             3            93            7.000000
        20           1.0000000      1.12677000E+05             2            95            5.000000
        21           1.0500000      1.18310850E+05             5           100             .000000
Summary of preceding table follows:       Grouped data     Ungrouped data
                                 Mean = 6.09500000E-01     6.09191140E-01
                             Variance = 3.71058081E-02     3.70759480E-02
                   Standard deviation = 1.92628679E-01     1.92551157E-01

8 ) -------------------------------------------------------------------------------------------------------------------------------
  SUMMARY   SUMMARY   SUMMARY   SUMMARY   SUMMARY   SUMMARY   SUMMARY   SUMMARY   SUMMARY   SUMMARY   SUMMARY   SUMMARY   SUMMARY
8 ) -------------------------------------------------------------------------------------------------------------------------------
The following is a distribution of peak overvoltages among all output nodes of the last data card that have the same base voltage.
This distribution is for the maximum of the peaks at all output nodes with  V-base = 1.12677000E+05
  Interval             voltage         voltage  in     Frequency    Cumulative               Per cent
    number         in per unit      physical units     (density)     frequency     .GE. current value
        24           1.2000000      1.35212400E+05             0             0          100.000000
        25           1.2500000      1.40846250E+05             1             1           99.000000
        26           1.3000000      1.46480100E+05             0             1           99.000000
        27           1.3500000      1.52113950E+05             0             1           99.000000
        28           1.4000000      1.57747800E+05             2             3           97.000000
        29           1.4500000      1.63381650E+05             5             8           92.000000
        30           1.5000000      1.69015500E+05             3            11           89.000000
        31           1.5500000      1.74649350E+05             4            15           85.000000
        32           1.6000000      1.80283200E+05             2            17           83.000000
        33           1.6500000      1.85917050E+05             5            22           78.000000
        34           1.7000000      1.91550900E+05            10            32           68.000000
        35           1.7500000      1.97184750E+05             8            40           60.000000
        36           1.8000000      2.02818600E+05            15            55           45.000000
        37           1.8500000      2.08452450E+05            31            86           14.000000
        38           1.9000000      2.14086300E+05            10            96            4.000000
        39           1.9500000      2.19720150E+05             3            99            1.000000
        40           2.0000000      2.25354000E+05             1           100             .000000
Summary of preceding table follows:       Grouped data     Ungrouped data
                                 Mean = 1.73150000E+00     1.72770583E+00
                             Variance = 2.18512626E-02     2.08932606E-02
                   Standard deviation = 1.47821726E-01     1.44545012E-01

Statistical output of  node  voltage   0.1127E+06 |0      112677.T_OPOAT_OPOBT_OPOC

9 ) -------------------------------------------------------------------------------------------------------------------------------
Statistical distribution of peak voltage at node  "T_OPOA".   The base voltage for per unit printout is  V-base = 1.12677000E+05
  Interval             voltage         voltage  in     Frequency    Cumulative               Per cent
    number         in per unit      physical units     (density)     frequency     .GE. current value
        24           1.2000000      1.35212400E+05             0             0          100.000000
        25           1.2500000      1.40846250E+05             1             1           99.000000
        26           1.3000000      1.46480100E+05             0             1           99.000000
        27           1.3500000      1.52113950E+05             0             1           99.000000
        28           1.4000000      1.57747800E+05             2             3           97.000000
        29           1.4500000      1.63381650E+05             2             5           95.000000
        30           1.5000000      1.69015500E+05             6            11           89.000000
        31           1.5500000      1.74649350E+05             7            18           82.000000
        32           1.6000000      1.80283200E+05             7            25           75.000000
        33           1.6500000      1.85917050E+05            11            36           64.000000
        34           1.7000000      1.91550900E+05            13            49           51.000000
        35           1.7500000      1.97184750E+05            25            74           26.000000
        36           1.8000000      2.02818600E+05            26           100             .000000
Summary of preceding table follows:       Grouped data     Ungrouped data
                                 Mean = 1.66300000E+00     1.66473806E+00
                             Variance = 1.32383838E-02     1.33990184E-02
                   Standard deviation = 1.15058176E-01     1.15754129E-01

10 ) -------------------------------------------------------------------------------------------------------------------------------
Statistical distribution of peak voltage at node  "T_OPOB".   The base voltage for per unit printout is  V-base = 1.12677000E+05
  Interval             voltage         voltage  in     Frequency    Cumulative               Per cent
    number         in per unit      physical units     (density)     frequency     .GE. current value
         5            .2500000      2.81692500E+04             0             0          100.000000
         6            .3000000      3.38031000E+04             1             1           99.000000
         7            .3500000      3.94369500E+04             1             2           98.000000
         8            .4000000      4.50708000E+04             2             4           96.000000
         9            .4500000      5.07046500E+04             1             5           95.000000
        10            .5000000      5.63385000E+04             1             6           94.000000
        11            .5500000      6.19723500E+04             4            10           90.000000
        12            .6000000      6.76062000E+04             4            14           86.000000
        13            .6500000      7.32400500E+04             5            19           81.000000
        14            .7000000      7.88739000E+04            12            31           69.000000
        15            .7500000      8.45077500E+04             5            36           64.000000
        16            .8000000      9.01416000E+04             7            43           57.000000
        17            .8500000      9.57754500E+04             7            50           50.000000
        18            .9000000      1.01409300E+05             6            56           44.000000
        19            .9500000      1.07043150E+05             2            58           42.000000
        20           1.0000000      1.12677000E+05             5            63           37.000000
        21           1.0500000      1.18310850E+05             8            71           29.000000
        22           1.1000000      1.23944700E+05             9            80           20.000000
        23           1.1500000      1.29578550E+05             6            86           14.000000
        24           1.2000000      1.35212400E+05             2            88           12.000000
        25           1.2500000      1.40846250E+05             3            91            9.000000
        26           1.3000000      1.46480100E+05             6            97            3.000000
        27           1.3500000      1.52113950E+05             0            97            3.000000
        28           1.4000000      1.57747800E+05             2            99            1.000000
        29           1.4500000      1.63381650E+05             0            99            1.000000
        30           1.5000000      1.69015500E+05             1           100             .000000
Summary of preceding table follows:       Grouped data     Ungrouped data
                                 Mean = 8.72000000E-01     8.73220935E-01
                             Variance = 6.77181818E-02     6.77204564E-02
                   Standard deviation = 2.60227173E-01     2.60231544E-01

11 ) -------------------------------------------------------------------------------------------------------------------------------
Statistical distribution of peak voltage at node  "T_OPOC".   The base voltage for per unit printout is  V-base = 1.12677000E+05
  Interval             voltage         voltage  in     Frequency    Cumulative               Per cent
    number         in per unit      physical units     (density)     frequency     .GE. current value
        24           1.2000000      1.35212400E+05             0             0          100.000000
        25           1.2500000      1.40846250E+05             1             1           99.000000
        26           1.3000000      1.46480100E+05             1             2           98.000000
        27           1.3500000      1.52113950E+05             2             4           96.000000
        28           1.4000000      1.57747800E+05             0             4           96.000000
        29           1.4500000      1.63381650E+05             0             4           96.000000
        30           1.5000000      1.69015500E+05             3             7           93.000000
        31           1.5500000      1.74649350E+05             7            14           86.000000
        32           1.6000000      1.80283200E+05            10            24           76.000000
        33           1.6500000      1.85917050E+05             2            26           74.000000
        34           1.7000000      1.91550900E+05            20            46           54.000000
        35           1.7500000      1.97184750E+05            18            64           36.000000
        36           1.8000000      2.02818600E+05            24            88           12.000000
        37           1.8500000      2.08452450E+05            12           100             .000000
Summary of preceding table follows:       Grouped data     Ungrouped data
                                 Mean = 1.68300000E+00     1.68282903E+00
                             Variance = 1.55414141E-02     1.52993167E-02
                   Standard deviation = 1.24665208E-01     1.23690407E-01

12 ) -------------------------------------------------------------------------------------------------------------------------------
  SUMMARY   SUMMARY   SUMMARY   SUMMARY   SUMMARY   SUMMARY   SUMMARY   SUMMARY   SUMMARY   SUMMARY   SUMMARY   SUMMARY   SUMMARY
12 ) -------------------------------------------------------------------------------------------------------------------------------
The following is a distribution of peak overvoltages among all output nodes of the last data card that have the same base voltage.
This distribution is for the maximum of the peaks at all output nodes with  V-base = 1.12677000E+05
  Interval             voltage         voltage  in     Frequency    Cumulative               Per cent
    number         in per unit      physical units     (density)     frequency     .GE. current value
        26           1.3000000      1.46480100E+05             0             0          100.000000
        27           1.3500000      1.52113950E+05             1             1           99.000000
        28           1.4000000      1.57747800E+05             1             2           98.000000
        29           1.4500000      1.63381650E+05             0             2           98.000000
        30           1.5000000      1.69015500E+05             1             3           97.000000
        31           1.5500000      1.74649350E+05             3             6           94.000000
        32           1.6000000      1.80283200E+05             4            10           90.000000
        33           1.6500000      1.85917050E+05             2            12           88.000000
        34           1.7000000      1.91550900E+05            10            22           78.000000
        35           1.7500000      1.97184750E+05            24            46           54.000000
        36           1.8000000      2.02818600E+05            42            88           12.000000
        37           1.8500000      2.08452450E+05            12           100             .000000
Summary of preceding table follows:       Grouped data     Ungrouped data
                                 Mean = 1.72900000E+00     1.73084150E+00
                             Variance = 8.31717172E-03     7.87487406E-03
                   Standard deviation = 9.11985291E-02     8.87404872E-02

Comment card.   Card index = 353.                 |C
MODTAB, AINCR, XMAXMX =      3    0.050   10.000  |STATISTICS DATA                3
Statistical output of branch voltage   0.1952E+06 |-1     195161.T_MANAT_MANBT_MANBT_MANCT_MANCT_MANA

13 ) -------------------------------------------------------------------------------------------------------------------------------
Statistical distribution of peak voltage  for branch  "T_MANA"  to  "T_MANB".   Base voltage  for per unit output = 1.95161000E+05
  Interval             voltage         voltage  in     Frequency    Cumulative               Per cent
    number         in per unit      physical units     (density)     frequency     .GE. current value
        12            .6000000      1.17096600E+05             0             0          100.000000
        13            .6500000      1.26854650E+05             7             7           93.000000
        14            .7000000      1.36612700E+05            33            40           60.000000
        15            .7500000      1.46370750E+05            31            71           29.000000
        16            .8000000      1.56128800E+05            10            81           19.000000
        17            .8500000      1.65886850E+05            13            94            6.000000
        18            .9000000      1.75644900E+05             6           100             .000000
Summary of preceding table follows:       Grouped data     Ungrouped data
                                 Mean = 7.28500000E-01     7.27942413E-01
                             Variance = 4.45732323E-03     4.50906831E-03
                   Standard deviation = 6.67631877E-02     6.71495965E-02

14 ) -------------------------------------------------------------------------------------------------------------------------------
Statistical distribution of peak voltage  for branch  "T_MANB"  to  "T_MANC".   Base voltage  for per unit output = 1.95161000E+05
  Interval             voltage         voltage  in     Frequency    Cumulative               Per cent
    number         in per unit      physical units     (density)     frequency     .GE. current value
        12            .6000000      1.17096600E+05             0             0          100.000000
        13            .6500000      1.26854650E+05            11            11           89.000000
        14            .7000000      1.36612700E+05            28            39           61.000000
        15            .7500000      1.46370750E+05            22            61           39.000000
        16            .8000000      1.56128800E+05            15            76           24.000000
        17            .8500000      1.65886850E+05            16            92            8.000000
        18            .9000000      1.75644900E+05             4            96            4.000000
        19            .9500000      1.85402950E+05             4           100             .000000
Summary of preceding table follows:       Grouped data     Ungrouped data
                                 Mean = 7.37500000E-01     7.37354008E-01
                             Variance = 6.18055556E-03     6.33142940E-03
                   Standard deviation = 7.86165094E-02     7.95702796E-02

15 ) -------------------------------------------------------------------------------------------------------------------------------
Statistical distribution of peak voltage  for branch  "T_MANC"  to  "T_MANA".   Base voltage  for per unit output = 1.95161000E+05
  Interval             voltage         voltage  in     Frequency    Cumulative               Per cent
    number         in per unit      physical units     (density)     frequency     .GE. current value
        20           1.0000000      1.95161000E+05             0             0          100.000000
        21           1.0500000      2.04919050E+05             2             2           98.000000
        22           1.1000000      2.14677100E+05            14            16           84.000000
        23           1.1500000      2.24435150E+05            23            39           61.000000
        24           1.2000000      2.34193200E+05            20            59           41.000000
        25           1.2500000      2.43951250E+05             8            67           33.000000
        26           1.3000000      2.53709300E+05            14            81           19.000000
        27           1.3500000      2.63467350E+05             8            89           11.000000
        28           1.4000000      2.73225400E+05             6            95            5.000000
        29           1.4500000      2.82983450E+05             3            98            2.000000
        30           1.5000000      2.92741500E+05             1            99            1.000000
        31           1.5500000      3.02499550E+05             0            99            1.000000
        32           1.6000000      3.12257600E+05             1           100             .000000
Summary of preceding table follows:       Grouped data     Ungrouped data
                                 Mean = 1.20300000E+00     1.20414056E+00
                             Variance = 1.19353535E-02     1.15180321E-02
                   Standard deviation = 1.09249044E-01     1.07322095E-01

16 ) -------------------------------------------------------------------------------------------------------------------------------
  SUMMARY   SUMMARY   SUMMARY   SUMMARY   SUMMARY   SUMMARY   SUMMARY   SUMMARY   SUMMARY   SUMMARY   SUMMARY   SUMMARY   SUMMARY
16 ) -------------------------------------------------------------------------------------------------------------------------------
A distribution of peak values among all output branches of the last data card that have the same base value follows.  This
statistical distribution is for the maximum of the peaks at all of these output branches having base  voltage  = 1.95161000E+05
  Interval             voltage         voltage  in     Frequency    Cumulative               Per cent
    number         in per unit      physical units     (density)     frequency     .GE. current value
        20           1.0000000      1.95161000E+05             0             0          100.000000
        21           1.0500000      2.04919050E+05             2             2           98.000000
        22           1.1000000      2.14677100E+05            14            16           84.000000
        23           1.1500000      2.24435150E+05            23            39           61.000000
        24           1.2000000      2.34193200E+05            20            59           41.000000
        25           1.2500000      2.43951250E+05             8            67           33.000000
        26           1.3000000      2.53709300E+05            14            81           19.000000
        27           1.3500000      2.63467350E+05             8            89           11.000000
        28           1.4000000      2.73225400E+05             6            95            5.000000
        29           1.4500000      2.82983450E+05             3            98            2.000000
        30           1.5000000      2.92741500E+05             1            99            1.000000
        31           1.5500000      3.02499550E+05             0            99            1.000000
        32           1.6000000      3.12257600E+05             1           100             .000000
Summary of preceding table follows:       Grouped data     Ungrouped data
                                 Mean = 1.20300000E+00     1.20414056E+00
                             Variance = 1.19353535E-02     1.15180321E-02
                   Standard deviation = 1.09249044E-01     1.07322095E-01

Statistical output of branch voltage   0.1952E+06 |-1     195161.1_2LTC1_2LTA1_2LTA1_2LTB1_2LTB1_2LTC

17 ) -------------------------------------------------------------------------------------------------------------------------------
Statistical distribution of peak voltage  for branch  "1_2LTC"  to  "1_2LTA".   Base voltage  for per unit output = 1.95161000E+05
  Interval             voltage         voltage  in     Frequency    Cumulative               Per cent
    number         in per unit      physical units     (density)     frequency     .GE. current value
        20           1.0000000      1.95161000E+05             0             0          100.000000
        21           1.0500000      2.04919050E+05             1             1           99.000000
        22           1.1000000      2.14677100E+05             1             2           98.000000
        23           1.1500000      2.24435150E+05             4             6           94.000000
        24           1.2000000      2.34193200E+05             7            13           87.000000
        25           1.2500000      2.43951250E+05            13            26           74.000000
        26           1.3000000      2.53709300E+05             7            33           67.000000
        27           1.3500000      2.63467350E+05            11            44           56.000000
        28           1.4000000      2.73225400E+05            11            55           45.000000
        29           1.4500000      2.82983450E+05            10            65           35.000000
        30           1.5000000      2.92741500E+05            11            76           24.000000
        31           1.5500000      3.02499550E+05             7            83           17.000000
        32           1.6000000      3.12257600E+05             3            86           14.000000
        33           1.6500000      3.22015650E+05             5            91            9.000000
        34           1.7000000      3.31773700E+05             1            92            8.000000
        35           1.7500000      3.41531750E+05             2            94            6.000000
        36           1.8000000      3.51289800E+05             4            98            2.000000
        37           1.8500000      3.61047850E+05             0            98            2.000000
        38           1.9000000      3.70805900E+05             1            99            1.000000
        39           1.9500000      3.80563950E+05             1           100             .000000
Summary of preceding table follows:       Grouped data     Ungrouped data
                                 Mean = 1.39400000E+00     1.39345914E+00
                             Variance = 3.38272727E-02     3.36776500E-02
                   Standard deviation = 1.83921920E-01     1.83514713E-01

18 ) -------------------------------------------------------------------------------------------------------------------------------
Statistical distribution of peak voltage  for branch  "1_2LTA"  to  "1_2LTB".   Base voltage  for per unit output = 1.95161000E+05
  Interval             voltage         voltage  in     Frequency    Cumulative               Per cent
    number         in per unit      physical units     (density)     frequency     .GE. current value
        14            .7000000      1.36612700E+05             0             0          100.000000
        15            .7500000      1.46370750E+05             4             4           96.000000
        16            .8000000      1.56128800E+05             9            13           87.000000
        17            .8500000      1.65886850E+05            12            25           75.000000
        18            .9000000      1.75644900E+05            18            43           57.000000
        19            .9500000      1.85402950E+05            12            55           45.000000
        20           1.0000000      1.95161000E+05             9            64           36.000000
        21           1.0500000      2.04919050E+05            18            82           18.000000
        22           1.1000000      2.14677100E+05            13            95            5.000000
        23           1.1500000      2.24435150E+05             4            99            1.000000
        24           1.2000000      2.34193200E+05             0            99            1.000000
        25           1.2500000      2.43951250E+05             1           100             .000000
Summary of preceding table follows:       Grouped data     Ungrouped data
                                 Mean = 9.35500000E-01     9.35669921E-01
                             Variance = 1.27421717E-02     1.24184627E-02
                   Standard deviation = 1.12881228E-01     1.11438156E-01

19 ) -------------------------------------------------------------------------------------------------------------------------------
Statistical distribution of peak voltage  for branch  "1_2LTB"  to  "1_2LTC".   Base voltage  for per unit output = 1.95161000E+05
  Interval             voltage         voltage  in     Frequency    Cumulative               Per cent
    number         in per unit      physical units     (density)     frequency     .GE. current value
        13            .6500000      1.26854650E+05             0             0          100.000000
        14            .7000000      1.36612700E+05             4             4           96.000000
        15            .7500000      1.46370750E+05             3             7           93.000000
        16            .8000000      1.56128800E+05             4            11           89.000000
        17            .8500000      1.65886850E+05             9            20           80.000000
        18            .9000000      1.75644900E+05             9            29           71.000000
        19            .9500000      1.85402950E+05            15            44           56.000000
        20           1.0000000      1.95161000E+05            22            66           34.000000
        21           1.0500000      2.04919050E+05             6            72           28.000000
        22           1.1000000      2.14677100E+05            13            85           15.000000
        23           1.1500000      2.24435150E+05             7            92            8.000000
        24           1.2000000      2.34193200E+05             0            92            8.000000
        25           1.2500000      2.43951250E+05             5            97            3.000000
        26           1.3000000      2.53709300E+05             2            99            1.000000
        27           1.3500000      2.63467350E+05             1           100             .000000
Summary of preceding table follows:       Grouped data     Ungrouped data
                                 Mean = 9.66000000E-01     9.67601162E-01
                             Variance = 1.96656566E-02     1.96730890E-02
                   Standard deviation = 1.40234292E-01     1.40260789E-01

20 ) -------------------------------------------------------------------------------------------------------------------------------
  SUMMARY   SUMMARY   SUMMARY   SUMMARY   SUMMARY   SUMMARY   SUMMARY   SUMMARY   SUMMARY   SUMMARY   SUMMARY   SUMMARY   SUMMARY
20 ) -------------------------------------------------------------------------------------------------------------------------------
A distribution of peak values among all output branches of the last data card that have the same base value follows.  This
statistical distribution is for the maximum of the peaks at all of these output branches having base  voltage  = 1.95161000E+05
  Interval             voltage         voltage  in     Frequency    Cumulative               Per cent
    number         in per unit      physical units     (density)     frequency     .GE. current value
        21           1.0500000      2.04919050E+05             0             0          100.000000
        22           1.1000000      2.14677100E+05             2             2           98.000000
        23           1.1500000      2.24435150E+05             4             6           94.000000
        24           1.2000000      2.34193200E+05             6            12           88.000000
        25           1.2500000      2.43951250E+05            13            25           75.000000
        26           1.3000000      2.53709300E+05             8            33           67.000000
        27           1.3500000      2.63467350E+05            11            44           56.000000
        28           1.4000000      2.73225400E+05            11            55           45.000000
        29           1.4500000      2.82983450E+05            10            65           35.000000
        30           1.5000000      2.92741500E+05            11            76           24.000000
        31           1.5500000      3.02499550E+05             7            83           17.000000
        32           1.6000000      3.12257600E+05             3            86           14.000000
        33           1.6500000      3.22015650E+05             5            91            9.000000
        34           1.7000000      3.31773700E+05             1            92            8.000000
        35           1.7500000      3.41531750E+05             2            94            6.000000
        36           1.8000000      3.51289800E+05             4            98            2.000000
        37           1.8500000      3.61047850E+05             0            98            2.000000
        38           1.9000000      3.70805900E+05             1            99            1.000000
        39           1.9500000      3.80563950E+05             1           100             .000000
Summary of preceding table follows:       Grouped data     Ungrouped data
                                 Mean = 1.39550000E+00     1.39528269E+00
                             Variance = 3.31361111E-02     3.28561554E-02
                   Standard deviation = 1.82033269E-01     1.81262670E-01

Statistical output of branch voltage   0.1952E+06 |-1     195161.T_OPOAT_OPOBT_OPOBT_OPOCT_OPOCT_OPOA

21 ) -------------------------------------------------------------------------------------------------------------------------------
Statistical distribution of peak voltage  for branch  "T_OPOA"  to  "T_OPOB".   Base voltage  for per unit output = 1.95161000E+05
  Interval             voltage         voltage  in     Frequency    Cumulative               Per cent
    number         in per unit      physical units     (density)     frequency     .GE. current value
        15            .7500000      1.46370750E+05             0             0          100.000000
        16            .8000000      1.56128800E+05             2             2           98.000000
        17            .8500000      1.65886850E+05             7             9           91.000000
        18            .9000000      1.75644900E+05            10            19           81.000000
        19            .9500000      1.85402950E+05            12            31           69.000000
        20           1.0000000      1.95161000E+05            17            48           52.000000
        21           1.0500000      2.04919050E+05            20            68           32.000000
        22           1.1000000      2.14677100E+05            19            87           13.000000
        23           1.1500000      2.24435150E+05             7            94            6.000000
        24           1.2000000      2.34193200E+05             1            95            5.000000
        25           1.2500000      2.43951250E+05             3            98            2.000000
        26           1.3000000      2.53709300E+05             1            99            1.000000
        27           1.3500000      2.63467350E+05             1           100             .000000
Summary of preceding table follows:       Grouped data     Ungrouped data
                                 Mean = 1.00000000E+00     9.98301571E-01
                             Variance = 1.15404040E-02     1.18112854E-02
                   Standard deviation = 1.07426273E-01     1.08679738E-01

22 ) -------------------------------------------------------------------------------------------------------------------------------
Statistical distribution of peak voltage  for branch  "T_OPOB"  to  "T_OPOC".   Base voltage  for per unit output = 1.95161000E+05
  Interval             voltage         voltage  in     Frequency    Cumulative               Per cent
    number         in per unit      physical units     (density)     frequency     .GE. current value
        14            .7000000      1.36612700E+05             0             0          100.000000
        15            .7500000      1.46370750E+05             1             1           99.000000
        16            .8000000      1.56128800E+05             5             6           94.000000
        17            .8500000      1.65886850E+05             4            10           90.000000
        18            .9000000      1.75644900E+05             7            17           83.000000
        19            .9500000      1.85402950E+05             8            25           75.000000
        20           1.0000000      1.95161000E+05             8            33           67.000000
        21           1.0500000      2.04919050E+05            23            56           44.000000
        22           1.1000000      2.14677100E+05            20            76           24.000000
        23           1.1500000      2.24435150E+05             7            83           17.000000
        24           1.2000000      2.34193200E+05             1            84           16.000000
        25           1.2500000      2.43951250E+05             6            90           10.000000
        26           1.3000000      2.53709300E+05             1            91            9.000000
        27           1.3500000      2.63467350E+05             3            94            6.000000
        28           1.4000000      2.73225400E+05             0            94            6.000000
        29           1.4500000      2.82983450E+05             0            94            6.000000
        30           1.5000000      2.92741500E+05             1            95            5.000000
        31           1.5500000      3.02499550E+05             3            98            2.000000
        32           1.6000000      3.12257600E+05             2           100             .000000
Summary of preceding table follows:       Grouped data     Ungrouped data
                                 Mean = 1.05150000E+00     1.05060392E+00
                             Variance = 3.05280303E-02     3.04203686E-02
                   Standard deviation = 1.74722724E-01     1.74414359E-01

23 ) -------------------------------------------------------------------------------------------------------------------------------
Statistical distribution of peak voltage  for branch  "T_OPOC"  to  "T_OPOA".   Base voltage  for per unit output = 1.95161000E+05
  Interval             voltage         voltage  in     Frequency    Cumulative               Per cent
    number         in per unit      physical units     (density)     frequency     .GE. current value
        20           1.0000000      1.95161000E+05             0             0          100.000000
        21           1.0500000      2.04919050E+05             1             1           99.000000
        22           1.1000000      2.14677100E+05             0             1           99.000000
        23           1.1500000      2.24435150E+05             2             3           97.000000
        24           1.2000000      2.34193200E+05             2             5           95.000000
        25           1.2500000      2.43951250E+05             8            13           87.000000
        26           1.3000000      2.53709300E+05             4            17           83.000000
        27           1.3500000      2.63467350E+05            10            27           73.000000
        28           1.4000000      2.73225400E+05            12            39           61.000000
        29           1.4500000      2.82983450E+05             7            46           54.000000
        30           1.5000000      2.92741500E+05             8            54           46.000000
        31           1.5500000      3.02499550E+05            14            68           32.000000
        32           1.6000000      3.12257600E+05             5            73           27.000000
        33           1.6500000      3.22015650E+05             8            81           19.000000
        34           1.7000000      3.31773700E+05             4            85           15.000000
        35           1.7500000      3.41531750E+05             1            86           14.000000
        36           1.8000000      3.51289800E+05             3            89           11.000000
        37           1.8500000      3.61047850E+05             2            91            9.000000
        38           1.9000000      3.70805900E+05             2            93            7.000000
        39           1.9500000      3.80563950E+05             0            93            7.000000
        40           2.0000000      3.90322000E+05             5            98            2.000000
        41           2.0500000      4.00080050E+05             2           100             .000000
Summary of preceding table follows:       Grouped data     Ungrouped data
                                 Mean = 1.49350000E+00     1.49234711E+00
                             Variance = 4.84169192E-02     4.80629122E-02
                   Standard deviation = 2.20038449E-01     2.19232553E-01

24 ) -------------------------------------------------------------------------------------------------------------------------------
  SUMMARY   SUMMARY   SUMMARY   SUMMARY   SUMMARY   SUMMARY   SUMMARY   SUMMARY   SUMMARY   SUMMARY   SUMMARY   SUMMARY   SUMMARY
24 ) -------------------------------------------------------------------------------------------------------------------------------
A distribution of peak values among all output branches of the last data card that have the same base value follows.  This
statistical distribution is for the maximum of the peaks at all of these output branches having base  voltage  = 1.95161000E+05
  Interval             voltage         voltage  in     Frequency    Cumulative               Per cent
    number         in per unit      physical units     (density)     frequency     .GE. current value
        21           1.0500000      2.04919050E+05             0             0          100.000000
        22           1.1000000      2.14677100E+05             1             1           99.000000
        23           1.1500000      2.24435150E+05             1             2           98.000000
        24           1.2000000      2.34193200E+05             2             4           96.000000
        25           1.2500000      2.43951250E+05             9            13           87.000000
        26           1.3000000      2.53709300E+05             4            17           83.000000
        27           1.3500000      2.63467350E+05            10            27           73.000000
        28           1.4000000      2.73225400E+05            12            39           61.000000
        29           1.4500000      2.82983450E+05             7            46           54.000000
        30           1.5000000      2.92741500E+05             8            54           46.000000
        31           1.5500000      3.02499550E+05            14            68           32.000000
        32           1.6000000      3.12257600E+05             5            73           27.000000
        33           1.6500000      3.22015650E+05             8            81           19.000000
        34           1.7000000      3.31773700E+05             4            85           15.000000
        35           1.7500000      3.41531750E+05             1            86           14.000000
        36           1.8000000      3.51289800E+05             3            89           11.000000
        37           1.8500000      3.61047850E+05             2            91            9.000000
        38           1.9000000      3.70805900E+05             2            93            7.000000
        39           1.9500000      3.80563950E+05             0            93            7.000000
        40           2.0000000      3.90322000E+05             5            98            2.000000
        41           2.0500000      4.00080050E+05             2           100             .000000
Summary of preceding table follows:       Grouped data     Ungrouped data
                                 Mean = 1.49500000E+00     1.49370689E+00
                             Variance = 4.73232323E-02     4.70909237E-02
                   Standard deviation = 2.17539036E-01     2.17004433E-01

Initialize variables as  "FIND"  begins.          |FIND
Send (request, ALL, SPY, RESET, EXCLUDE, DISK, HELP, QUIT) :
Statistical output of  node  voltage   0.1127E+06 |0      112677.T_MANAT_MANBT_MANC
      Peak extremum of subset has value 1.83342999E+05     This occurred during
      simulation 31  for the variable having names  "T_MANC"  and  "      ".
      This was variable 3  of 3  in the subset;  100  shots were searched.
Send (request, ALL, SPY, RESET, EXCLUDE, DISK, HELP, QUIT) :
Create deterministic data file for shot JP = 31   |DISK
Send (request, ALL, SPY, RESET, EXCLUDE, DISK, HELP, QUIT) :
Initialize variables as  "FIND"  begins.          |RESET
Send (request, ALL, SPY, RESET, EXCLUDE, DISK, HELP, QUIT) :
Exit  FIND  by resuming statistical tabulations.  |QUIT
Comment card.   Card index = 363.                 |C
Initialize variables as  "FIND"  begins.          |FIND
Send (request, ALL, SPY, RESET, EXCLUDE, DISK, HELP, QUIT) :
Statistical output of  node  voltage   0.1127E+06 |0      112677.1_2LTC1_2LTA1_2LTB
      Peak extremum of subset has value 2.23291223E+05     This occurred during
      simulation 100  for the variable having names  "1_2LTC"  and  "      ".
      This was variable 1  of 3  in the subset;  100  shots were searched.
Send (request, ALL, SPY, RESET, EXCLUDE, DISK, HELP, QUIT) :
Create deterministic data file for shot JP = 100  |DISK
Send (request, ALL, SPY, RESET, EXCLUDE, DISK, HELP, QUIT) :
Initialize variables as  "FIND"  begins.          |RESET
Send (request, ALL, SPY, RESET, EXCLUDE, DISK, HELP, QUIT) :
Exit  FIND  by resuming statistical tabulations.  |QUIT
Comment card.   Card index = 369.                 |C
Initialize variables as  "FIND"  begins.          |FIND
Send (request, ALL, SPY, RESET, EXCLUDE, DISK, HELP, QUIT) :
Statistical output of  node  voltage   0.1127E+06 |0      112677.T_OPOAT_OPOBT_OPOC
      Peak extremum of subset has value 2.07500908E+05     This occurred during
      simulation 59  for the variable having names  "T_OPOC"  and  "      ".
      This was variable 3  of 3  in the subset;  100  shots were searched.
Send (request, ALL, SPY, RESET, EXCLUDE, DISK, HELP, QUIT) :
Create deterministic data file for shot JP = 59   |DISK
Send (request, ALL, SPY, RESET, EXCLUDE, DISK, HELP, QUIT) :
Initialize variables as  "FIND"  begins.          |RESET
Send (request, ALL, SPY, RESET, EXCLUDE, DISK, HELP, QUIT) :
Exit  FIND  by resuming statistical tabulations.  |QUIT
Comment card.   Card index = 375.                 |C
Initialize variables as  "FIND"  begins.          |FIND
Send (request, ALL, SPY, RESET, EXCLUDE, DISK, HELP, QUIT) :
Statistical output of branch voltage   0.1952E+06 |-1     195161.T_MANAT_MANBT_MANBT_MANCT_MANCT_MANA
      Peak extremum of subset has value 3.02587563E+05     This occurred during
      simulation 23  for the variable having names  "T_MANC"  and  "T_MANA".
      This was variable 3  of 3  in the subset;  100  shots were searched.
Send (request, ALL, SPY, RESET, EXCLUDE, DISK, HELP, QUIT) :
Create deterministic data file for shot JP = 23   |DISK
Send (request, ALL, SPY, RESET, EXCLUDE, DISK, HELP, QUIT) :
Initialize variables as  "FIND"  begins.          |RESET
Send (request, ALL, SPY, RESET, EXCLUDE, DISK, HELP, QUIT) :
Exit  FIND  by resuming statistical tabulations.  |QUIT
Initialize variables as  "FIND"  begins.          |FIND
Send (request, ALL, SPY, RESET, EXCLUDE, DISK, HELP, QUIT) :
Statistical output of branch voltage   0.1952E+06 |-1     195161.1_2LTC1_2LTA1_2LTA1_2LTB1_2LTB1_2LTC
      Peak extremum of subset has value 3.79427243E+05     This occurred during
      simulation 53  for the variable having names  "1_2LTC"  and  "1_2LTA".
      This was variable 1  of 3  in the subset;  100  shots were searched.
Send (request, ALL, SPY, RESET, EXCLUDE, DISK, HELP, QUIT) :
Create deterministic data file for shot JP = 53   |DISK
Send (request, ALL, SPY, RESET, EXCLUDE, DISK, HELP, QUIT) :
Initialize variables as  "FIND"  begins.          |RESET
Send (request, ALL, SPY, RESET, EXCLUDE, DISK, HELP, QUIT) :
Exit  FIND  by resuming statistical tabulations.  |QUIT
Comment card.   Card index = 386.                 |C
Initialize variables as  "FIND"  begins.          |FIND
Send (request, ALL, SPY, RESET, EXCLUDE, DISK, HELP, QUIT) :
Statistical output of branch voltage   0.1952E+06 |-1     195161.T_OPOAT_OPOBT_OPOBT_OPOCT_OPOCT_OPOA
      Peak extremum of subset has value 3.92511731E+05     This occurred during
      simulation 92  for the variable having names  "T_OPOC"  and  "T_OPOA".
      This was variable 3  of 3  in the subset;  100  shots were searched.
Send (request, ALL, SPY, RESET, EXCLUDE, DISK, HELP, QUIT) :
Create deterministic data file for shot JP = 92   |DISK
Send (request, ALL, SPY, RESET, EXCLUDE, DISK, HELP, QUIT) :
Initialize variables as  "FIND"  begins.          |RESET
Send (request, ALL, SPY, RESET, EXCLUDE, DISK, HELP, QUIT) :
Exit  FIND  by resuming statistical tabulations.  |QUIT
Comment card.   Card index = 392.                 |C
Initialize variables as  "FIND"  begins.          |FIND
Send (request, ALL, SPY, RESET, EXCLUDE, DISK, HELP, QUIT) :
Statistical output of branch energy    0.1000E+04 |-4        1.E3PRMANA      PRMANB      PRMANC
      Peak extremum of subset has value 2.18529046E+01     This occurred during
      simulation 31  for the variable having names  "PRMANC"  and  "      ".
      This was variable 3  of 3  in the subset;  100  shots were searched.
Send (request, ALL, SPY, RESET, EXCLUDE, DISK, HELP, QUIT) :
Create deterministic data file for shot JP = 31   |DISK
Send (request, ALL, SPY, RESET, EXCLUDE, DISK, HELP, QUIT) :
Initialize variables as  "FIND"  begins.          |RESET
Send (request, ALL, SPY, RESET, EXCLUDE, DISK, HELP, QUIT) :
Exit  FIND  by resuming statistical tabulations.  |QUIT
Comment card.   Card index = 398.                 |C
Initialize variables as  "FIND"  begins.          |FIND
Send (request, ALL, SPY, RESET, EXCLUDE, DISK, HELP, QUIT) :
Statistical output of branch energy    0.1000E+04 |-4        1.E3PROPOA      PROPOB      PROPOC
      Peak extremum of subset has value 9.20542459E+03     This occurred during
      simulation 7  for the variable having names  "PROPOC"  and  "      ".
      This was variable 3  of 3  in the subset;  100  shots were searched.
Send (request, ALL, SPY, RESET, EXCLUDE, DISK, HELP, QUIT) :
Create deterministic data file for shot JP = 7    |DISK
Send (request, ALL, SPY, RESET, EXCLUDE, DISK, HELP, QUIT) :
Initialize variables as  "FIND"  begins.          |RESET
Send (request, ALL, SPY, RESET, EXCLUDE, DISK, HELP, QUIT) :
Exit  FIND  by resuming statistical tabulations.  |QUIT
Comment card.   Card index = 404.                 |C
Blank card ends statistical tabulation requests.  |BLANK STATISTICS

                                      Sample curve symbols : "A", "B", and "C"
                                      Theoretical curve symbol : "*"
                                      Common curve symbol : "X"

        Switch  "XX0014"  to  "XX0015"            Switch  "XX0016"  to  "XX0017"            Switch  "XX0018"  to  "XX0019"
4.41400000E-01   switchings per column          4.41400000E-01   switchings per column     4.41400000E-01   switchings per column
              Columns                                     Columns                                     Columns
          5   10   15   20   25   30                5   10   15   20   25   30                5   10   15   20   25   30
     +----+----+----+----+----+----+           +----+----+----+----+----+----+           +----+----+----+----+----+----+
    X                                         X                                         X
    X                                         X                                         X
    X                                         X                                         X
    X                                         * B                                       X
    A*                                        B*                                        C*
    A *                                       | *  B                                    C *
    | A *                                     |   *      B                              | C *
    |      A*                                 |       *         B                       |    C  *
    |           * A                           |        B  *                             |           *            C
    |                 *        A              |             B   *                       |        C        *
    |                   A   *                 |                       *       B         |                       *    C
    |                           *   A         |                   B       *             |                           *          43
    |  2.0000E-02                A*           |  2.0000E-02       B         *           |  2.0000E-02          C      *
    |                   A       *             |                 B         *             |                   C       *
    |                       *         A       |               B       *                 |             C         *
    |                 * A                     |                 *      B                |                 * C
    |        A  *                             |           *            B                |           *          C
    |      A*                                 |      B*                                 |    C  *
    A   *                                     |   *B                                    | C *
    | *  A                                    B *                                       | *    C
    A*                                        B*                                        C*
    X                                         X                                         X
    X                                         X                                         X
    X                                         X                                         X
    X                                         X                                         X
   Time (scale = 2.77666667E-04  Sec/line)   Time (scale = 2.77666667E-04  Sec/line)   Time  (scale = 2.77666667E-04  Sec/line)
 .... Questionable Kolmogorov-Smirnov test result = 9.56493225E-01
 .... Questionable Kolmogorov-Smirnov test result = 1.68993683E-01
 .... Questionable Kolmogorov-Smirnov test result = 6.18944257E-01

Memory storage figures for the preceding, now-completed data case.  -------------------------------  Present   Program
A value of  "-9999"  indicates that no figure is available.         03-Sep-26  18.30.32              figure     limit  (name)
     Size List 1.   Number of electric network nodes.                                                  100      100K  (LBUS)
     Size List 2.   Number of electric network branches.                                               145      120K  (LBRNCH)
     Size List 3.   Number of data values in R, L, C tables.                                           137      500K  (LDATA)
     Size List 4.   Number of electric network sources.                                                  9     20000  (LEXCT)
     Size List 5.   Storage for [Y] & triangularized [Y].  No. times = 962   Factors = 620            1032     2000K  (LYMAT)
     Size List 6.   Number of entries in switch table.                  No. flops = 15                  15      5000  (LSWTCH)
     Size List 7.   Number of distinct ALPHANUMERIC data names plus program SPY variables.             181      200K  (LSIZE7)
     Size List 8.   History points of distributed lines.                                               112     2000K  (LPAST)
     Size List 9.   Number of nonlinear elements.                                                       18     10000  (LNONL)
     Size List 10.  Points of nonlinear characteristics.                                                48     16000  (LCHAR)
     Size List 11.  Number of Type-59 S.M. outputs.                                                      0      3000  (LSMOUT)
     Size List 12.  Total number of EMTP output variables.                                              43     12000  (LSIZ12)
     Size List 13.  Working space for batch/SPY plotting.                                            -9999     1000K  (LSIZ13)
     Size List 14.  S.M./U.M. connections to TACS.                                                   -9999      2000  (LBSTAC)
     Size List 15.  Character storage in bytes for MODELS.                                           -9999     2000K  (LCTACS)
     Size List 16.  Total number of Type-59 S.M. masses.                                                 0      3200  (LIMASS)
     Size List 17.  Number of Type-59 Synchronous machines.                                              0       360  (LSYN)
     Size List 18.  Branch and switch power/energy outputs.                                              9      1016  (MAXPE)
     Size List 19.  Total floating-point TACS table space.                                              23     2000K  (LTACST)
     Size List 20.  Non-copied recursive convolution data plus SEEK of MODELS.                           0     2000K  (LFSEM)
     Size List 21.  Total modal/phase [T] matrix storage.                                               36     12000  (LFD)
     Size List 22.  Total recursive convolution history.                                                 0     1000K  (LHIST)
     Size List 23.  Giant vectors for renumbering, phasors;  also extrema accumulation.               9157     2000K  (LSIZ23)
     Size List 24.  Peak phases of compensation for data.                                                3        36  (LCOMP)
     Size List 25.  Total table space for all U.M usage.                                             -9999      240K  (LSPCUM)
     Size List 26.  Square of max number of coupled phases.                                              9     2000K  (LSIZ26)
     Size List 27.  Maximum number of MODELS top variables.                                          -9999      100K  (LSIZ27)
     Size List 28.  MODELS.  Total work space is divided into INTEGER and REAL.  1st, REAL:          -9999     2000K  (LRTACS)
                             Second  and last,  statistics for INTEGER work space.                       0         0  (LITACS)
     Size List 29.  RAM disk used by "TAPSAV" table saving (limit is "LABCOM" size LTLABL).          -9999  84700944  (LSIZ29)
     Size List 30.  ULM line or Noda line or User line circuits.                                           0        39  (LSIZ30)
Timing figures characterizing central processor (CP) solution speed.  ----------------------------   CP sec  Wait sec  Real sec
     Data input time (through blank card ending branches) ....                                       0.000     0.000     0.000
     Node renumbering and phasor solution  ....                                                      0.020     0.000     0.020
     After phasor solution, but before time-step loop  ....                                          0.000     0.000     0.000
     Integration of equations (time-step loop)  ....                                                22.320     0.000    22.320
     Plotting or STATISTICS termination overlays ....                                                0.010     0.000     0.010
                                                                                                    ---------------------------
                                                                                          Totals     22.350     0.000    22.350

