   ---   367   cards of disk file read into card cache cells  1   onward.
 <===> Done with  "/"-card sorting by data class.    Remember that the source file appears different from interpreted input data.
Alternative Transients Program (ATP),  Intel Visual Fortran.    All rights reserved by Can/Am user group of Portland, Oregon, USA.
 Date (dd-mth-yy) and time of day (hh.mm.ss) = 03-Sep-26  15.34.08    Name of disk plot file is  case.pl4
Consult the 860-page ATP Rule Book of the Can/Am EMTP User Group in Portland,  Oregon, USA.  Source code date is 19 June 2017.
Total size of LABCOM tables = 80605677 INTEGER words.  31 VARDIM  List Sizes follow:  100K  120K  500K  20K  2000K  5K  200K
 2000K  10K  16K  3K  12K 1000K  2K 2000K  3200  360  1016 2000K 2000K  12K 1000K 2000K  36  240K 2000K  100K 2000K84700K  39  100K
--------------------------------------------------+--------------------------------------------------------------------------------
Descriptive interpretation of input data cards.   |  Input data card images are shown below, all 80 columns, character by character
                                                  0         1         2         3         4         5         6         7         8
                                                  012345678901234567890123456789012345678901234567890123456789012345678901234567890
--------------------------------------------------+--------------------------------------------------------------------------------
Comment card.   Card index = 1.                   |C data:case.atp
Marker card preceding new EMTP data case.         |BEGIN NEW DATA CASE
Comment card.   Card index = 3.                   |C ------------------------------------------------------------------------------
Comment card.   Card index = 4.                   |C Generated by ATPDraw September, 3, 2026
Comment card.   Card index = 5.                   |C from project /tmp/tmpin109dw1/case.xml
Comment card.   Card index = 6.                   |C ATPDraw developed by H. K. Høidalen at NTNU - NORWAY 1999-2022
Comment card.   Card index = 7.                   |C ------------------------------------------------------------------------------
Use  SPY  DEPOSIT  on following variable.         |$DEPOSIT, SIGMAX=3.0
Comment card.   Card index = 9.                   |C $DUMMY, XYZ000
Comment card.   Card index = 10.                  |C  dT  >< Tmax >< Xopt >< Copt ><Epsiln>
Misc. data.     1.000E-05   3.000E-01   6.000E+01 |   1.E-5      .3     60.     60.  1.E-16
Misc. data.  500  1  1  1  1  0  0  1  200  0     |     500       1       1       1       1       0       0       1     200
Statistics data.      1    0    0    0    1    0  |       1       0       0       0       1      -1                               0
Comment card.   Card index = 14.                  |C        1         2         3         4         5         6         7         8
Comment card.   Card index = 15.                  |C 345678901234567890123456789012345678901234567890123456789012345678901234567890
Comment card.   Card index = 16.                  |C < n1 >< n2 ><ref1><ref2>< R  >< L  >< C  >
Comment card.   Card index = 17.                  |C < n1 >< n2 ><ref1><ref2>< R  >< A  >< B  ><Leng><><>0
Comment card.   Card index = 18.                  |C bar from: 390 - bar to: 391 - fictional: 1505 1505 - SGOTA3-MG000
Sat. Xformer.    2.456E-02  2.878E+01  0.000E+00  |  TRANSFORMER             .0245628.784X0001A                                   0
    Breakpoint.      2.45605E-02    2.87840E+01   |     0.024560452        28.78395
    Breakpoint.      9.03510E-01    1.08293E+03   |     0.903510298      1082.93048
    Breakpoint.      1.66111E+00    1.13708E+03   |      1.66111143        1137.077
    Breakpoint.      3.75350E+00    1.19122E+03   |      3.75349629      1191.22352
    Breakpoint.      7.42970E+00    1.23454E+03   |      7.42970164      1234.54074
    Breakpoint.      1.75927E+01    1.28869E+03   |      17.5926808      1288.68727
    Breakpoint.      2.79951E+01    1.30601E+03   |      27.9951131      1306.01415
    Breakpoint.      8.30078E+02    1.55942E+03   |       830.07831      1559.41988
Special termination-of-points card.               |            9999
  Winding 1.   1.7190E+00  1.8237E-01  2.8868E+02 | 1390A                     1.719 68.75288.68
  Winding 2.   1.8700E-01 -1.9892E-02  1.9919E+02 | 2391A                      .187-7.499199.19
  Winding 3.   3.2000E-02  1.1247E-03  1.3800E+01 | 3395A  395B                .032  .424  13.8
Transformer copy using reference name  "X0001A"   |  TRANSFORMER X0001A                  X0001B                                   0
  Winding 1.   (No values read, since copy)       | 1390B
  Winding 2.   (No values read, since copy)       | 2391B
  Winding 3.   (No values read, since copy)       | 3395B  395C
Transformer copy using reference name  "X0001A"   |  TRANSFORMER X0001A                  X0001C                                   0
  Winding 1.   (No values read, since copy)       | 1390C
  Winding 2.   (No values read, since copy)       | 2391C
  Winding 3.   (No values read, since copy)       | 3395C  395A
Series R-L-C.   1.000E+06  0.000E+00  0.000E+00   |  395A                      1.E6                                               0
Series R-L-C.   1.000E+06  0.000E+00  0.000E+00   |  395B                      1.E6                                               0
Series R-L-C.   1.000E+06  0.000E+00  0.000E+00   |  395C                      1.E6                                               0
Comment card.   Card index = 43.                  |C bar from: 390 - bar to: 391 - fictional: 393 393 - SGOTA4-MG000
Sat. Xformer.    2.456E-02  2.878E+01  0.000E+00  |  TRANSFORMER             .0245628.784X0002A                                   0
    Breakpoint.      2.45605E-02    2.87840E+01   |     0.024560452        28.78395
    Breakpoint.      9.03510E-01    1.08293E+03   |     0.903510298      1082.93048
    Breakpoint.      1.66111E+00    1.13708E+03   |      1.66111143        1137.077
    Breakpoint.      3.75350E+00    1.19122E+03   |      3.75349629      1191.22352
    Breakpoint.      7.42970E+00    1.23454E+03   |      7.42970164      1234.54074
    Breakpoint.      1.75927E+01    1.28869E+03   |      17.5926808      1288.68727
    Breakpoint.      2.79951E+01    1.30601E+03   |      27.9951131      1306.01415
    Breakpoint.      8.30078E+02    1.55942E+03   |       830.07831      1559.41988
Special termination-of-points card.               |            9999
  Winding 1.   1.5120E+00  1.6048E-01  2.8868E+02 | 1390A                     1.512  60.5288.68
  Winding 2.   5.4000E-02 -5.6818E-03  1.9919E+02 | 2391A                      .054-2.142199.19
  Winding 3.   3.2000E-02  1.1194E-03  1.3800E+01 | 3397A  397B                .032  .422  13.8
Transformer copy using reference name  "X0002A"   |  TRANSFORMER X0002A                  X0002B                                   0
  Winding 1.   (No values read, since copy)       | 1390B
  Winding 2.   (No values read, since copy)       | 2391B
  Winding 3.   (No values read, since copy)       | 3397B  397C
Transformer copy using reference name  "X0002A"   |  TRANSFORMER X0002A                  X0002C                                   0
  Winding 1.   (No values read, since copy)       | 1390C
  Winding 2.   (No values read, since copy)       | 2391C
  Winding 3.   (No values read, since copy)       | 3397C  397A
Series R-L-C.   1.000E+06  0.000E+00  0.000E+00   |  397A                      1.E6                                               0
Series R-L-C.   1.000E+06  0.000E+00  0.000E+00   |  397B                      1.E6                                               0
Series R-L-C.   1.000E+06  0.000E+00  0.000E+00   |  397C                      1.E6                                               0
Series R-L-C.   1.000E+06  0.000E+00  0.000E+00   |  42077A                    1.E6                                               0
Series R-L-C.   1.000E+06  0.000E+00  0.000E+00   |  42077B                    1.E6                                               0
Series R-L-C.   1.000E+06  0.000E+00  0.000E+00   |  42077C                    1.E6                                               0
Comment card.   Card index = 71.                  |C 42077 - SGOTA6-MG013
1st of coupled R-L.   1.13780E+01  1.41787E-01    |51X0003AX0008A            11.378     53.4525
2nd coil. 1.373E+00 5.617E-02 0.000E+00 0.000E+00 |52X0003BX0008B            1.3727     21.1765
Zca, Zcc= 3.335E+00 2.854E-02 4.708E+00 8.471E-02 |53X0003CX0008C
1st of coupled R-L.   3.17140E+01  3.38011E-01    |51X0004AX0007A            31.714 127.4272128
2nd coil. 1.489E+01 1.352E-01 0.000E+00 0.000E+00 |52X0004BX0007B             14.89  50.9674572
Zca, Zcc= 5.608E+00 6.761E-02 2.050E+01 2.028E-01 |53X0004CX0007C
1st of coupled R-L.   3.90950E+02  1.44245E+00    |51X0006AX0005A            390.95 543.7895175
2nd coil. 8.644E+00 2.480E-01 0.000E+00 0.000E+00 |52X0006BX0005B            8.6441  93.4941375
Zca, Zcc= 1.274E+02 3.981E-01 1.361E+02 6.461E-01 |53X0006CX0005C
Comment card.   Card index = 81.                  |C < n1 >< n2 ><ref1><ref2>< R  >< L  >< C  >
Comment card.   Card index = 82.                  |C < n1 >< n2 ><ref1><ref2>< R  >< A  >< B  ><Leng><><>0
Comment card.   Card index = 83.                  |C < n1 >< n2 ><ref1><ref2>< R  >< L  >< C  >
Comment card.   Card index = 84.                  |C < n1 >< n2 ><ref1><ref2>< R  >< A  >< B  ><Leng><><>0
1st of coupled R-L.   3.69000E+07  8.17724E+04    |51391A  E001A             3.69E7   30827475.
2nd coil. 2.160E+04 1.538E+02 0.000E+00 0.000E+00 |52391B  E001B             21598.   57981.719
Zca, Zcc= 1.229E+07 2.721E+04 1.231E+07 2.736E+04 |53391C  E001C
Sat. Xformer.    0.000E+00  0.000E+00  1.000E+06  |  TRANSFORMER                         ST001A  1.E6                             0
Special termination-of-points card.               |            9999
  Winding 1.   1.0000E-04  2.6526E-07  1.9919E+02 | 1E001A                    .0001 .0001199.19
  Winding 2.   1.0000E-04  2.6526E-07  7.9674E+01 | 29049A                    .0001 .000179.674
Transformer copy using reference name  "ST001A"   |  TRANSFORMER ST001A                  ST001B                                   0
  Winding 1.   (No values read, since copy)       | 1E001B
  Winding 2.   (No values read, since copy)       | 29049B
Transformer copy using reference name  "ST001A"   |  TRANSFORMER ST001A                  ST001C                                   0
  Winding 1.   (No values read, since copy)       | 1E001C
  Winding 2.   (No values read, since copy)       | 29049C
1st of coupled R-L.   1.58000E+05  4.43667E+02    |51390A  E002A             1.58E5    167258.5
2nd coil. 1.673E+02 3.619E+00 0.000E+00 0.000E+00 |52390B  E002B             167.31    1364.325
Zca, Zcc= 5.261E+04 1.467E+02 5.278E+04 1.503E+02 |53390C  E002C
Sat. Xformer.    0.000E+00  0.000E+00  1.000E+06  |  TRANSFORMER                         ST002A  1.E6                             0
Special termination-of-points card.               |            9999
  Winding 1.   1.0000E-04  2.6526E-07  2.8868E+02 | 1E002A                    .0001 .0001288.68
  Winding 2.   1.0000E-04  2.6526E-07  1.9919E+02 | 2391A                     .0001 .0001199.19
Transformer copy using reference name  "ST002A"   |  TRANSFORMER ST002A                  ST002B                                   0
  Winding 1.   (No values read, since copy)       | 1E002B
  Winding 2.   (No values read, since copy)       | 2391B
Transformer copy using reference name  "ST002A"   |  TRANSFORMER ST002A                  ST002C                                   0
  Winding 1.   (No values read, since copy)       | 1E002C
  Winding 2.   (No values read, since copy)       | 2391C
1st of coupled R-L.   6.29570E+04  3.30096E+02    |51390A  E003A             62957.   124443.25
2nd coil. 1.236E+03 1.123E+01 0.000E+00 0.000E+00 |52390B  E003B             1235.6     4232.25
Zca, Zcc= 2.057E+04 1.063E+02 2.181E+04 1.175E+02 |53390C  E003C
Sat. Xformer.    0.000E+00  0.000E+00  1.000E+06  |  TRANSFORMER                         ST003A  1.E6                             0
Special termination-of-points card.               |            9999
  Winding 1.   1.0000E-04  2.6526E-07  2.8868E+02 | 1E003A                    .0001 .0001288.68
  Winding 2.   1.0000E-04  2.6526E-07  7.9674E+01 | 29049A                    .0001 .000179.674
Transformer copy using reference name  "ST003A"   |  TRANSFORMER ST003A                  ST003B                                   0
  Winding 1.   (No values read, since copy)       | 1E003B
  Winding 2.   (No values read, since copy)       | 29049B
Transformer copy using reference name  "ST003A"   |  TRANSFORMER ST003A                  ST003C                                   0
  Winding 1.   (No values read, since copy)       | 1E003C
  Winding 2.   (No values read, since copy)       | 29049C
Series R-L-C.   1.000E-03  0.000E+00  0.000E+00   |  T_MANCXX0012              .001                                               0
Series R-L-C.   1.000E-03  0.000E+00  0.000E+00   |  XX0013MEASUC              .001                                               4
Series R-L-C.   1.000E-03  0.000E+00  0.000E+00   |  T_MANBXX0014              .001                                               0
Series R-L-C.   1.000E-03  0.000E+00  0.000E+00   |  XX0015MEASUB              .001                                               4
Series R-L-C.   1.000E-03  0.000E+00  0.000E+00   |  T_MANAXX0016              .001                                               0
Series R-L-C.   1.000E-03  0.000E+00  0.000E+00   |  XX0017MEASUA              .001                                               4
Series R-L-C.   1.000E-01  0.000E+00  0.000E+00   |  1_2LTA                      .1                                               1
Series R-L-C.   1.000E-03  0.000E+00  0.000E+00   |  T_MANAPRMANA              .001                                               0
Series R-L-C.   1.000E-03  0.000E+00  0.000E+00   |  T_MANBPRMANB              .001                                               0
Series R-L-C.   1.000E-03  0.000E+00  0.000E+00   |  T_MANCPRMANC              .001                                               0
Series R-L-C.   1.000E-03  0.000E+00  0.000E+00   |  T_OPOAPROPOA              .001                                               0
Series R-L-C.   1.000E-03  0.000E+00  0.000E+00   |  T_OPOBPROPOB              .001                                               0
Series R-L-C.   1.000E-03  0.000E+00  0.000E+00   |  T_OPOCPROPOC              .001                                               0
Comment card.   Card index = 137.                 |C 145 kV, Ur=120, MCOV = 96.kV Classe 3: 8kJ/kVr
Type-92 R(i)   0.0000E+00  0.0000E+00  4.4440E+03 |92      PRMANA                         4444.                                   4
Piecewise-lin.   0.000E+00  1.000E+19  0.000E+00  |                                               -1.
    Breakpoint.      1.00000E-03    1.35764E+05   |                    0.001                  135764.
    Breakpoint.      2.00000E-02    1.76190E+05   |                     0.02                  176190.
    Breakpoint.      2.00000E+00    1.85000E+05   |                       2.                   1.85E5
    Breakpoint.      2.00000E+01    1.95461E+05   |                      20.                  195461.
    Breakpoint.      2.50000E+02    2.16935E+05   |                     250.                  216935.
    Breakpoint.      5.00000E+02    2.26000E+05   |                     500.                   2.26E5
    Breakpoint.      1.00000E+03    2.31000E+05   |                     1.E3                   2.31E5
    Breakpoint.      2.00000E+03    2.43000E+05   |                     2.E3                   2.43E5
Special termination-of-points card.               |            9999
Reference branch.   Copy  (      , PRMANA )       |92      PRMANB      PRMANA             4444.                                   4
Reference branch.   Copy  (      , PRMANA )       |92      PRMANC      PRMANA             4444.                                   4
Comment card.   Card index = 151.                 |C 145 kV, Ur=120, MCOV = 96.kV Classe 3: 8kJ/kVr
Type-92 R(i)   0.0000E+00  0.0000E+00  4.4440E+03 |92      PROPOA                         4444.                                   4
Piecewise-lin.   0.000E+00  1.000E+19  0.000E+00  |                                               -1.
    Breakpoint.      1.00000E-03    1.35764E+05   |                    0.001                  135764.
    Breakpoint.      2.00000E-02    1.76190E+05   |                     0.02                  176190.
    Breakpoint.      2.00000E+00    1.85000E+05   |                       2.                   1.85E5
    Breakpoint.      2.00000E+01    1.95461E+05   |                      20.                  195461.
    Breakpoint.      2.50000E+02    2.16935E+05   |                     250.                  216935.
    Breakpoint.      5.00000E+02    2.26000E+05   |                     500.                   2.26E5
    Breakpoint.      1.00000E+03    2.31000E+05   |                     1.E3                   2.31E5
    Breakpoint.      2.00000E+03    2.43000E+05   |                     2.E3                   2.43E5
Special termination-of-points card.               |            9999
Reference branch.   Copy  (      , PROPOA )       |92      PROPOB      PROPOA             4444.                                   4
Reference branch.   Copy  (      , PROPOA )       |92      PROPOC      PROPOA             4444.                                   4
Comment card.   Card index = 165.                 |C 1/6
Comment card.   Card index = 166.                 |C  <++++++>  Cards punched by support routine on  03-Sep-26  16.13.24  <++++++>
Comment card.   Card index = 167.                 |C    **** UNTRANSPOSED K.C. Lee line calculated at   6.000E+01 HZ. ****
Comment card.   Card index = 168.                 |C LINE CONSTANTS
Comment card.   Card index = 169.                 |C $ERASE
Comment card.   Card index = 170.                 |C BRANCH  IN_001OUT001IN_002OUT002IN_003OUT003
Comment card.   Card index = 171.                 |C METRIC
Comment card.   Card index = 172.                 |C   1   .5   .1899 4           1.828    -3.2   22.04      7.     0.0   0.0
Comment card.   Card index = 173.                 |C   2   .5   .1899 4           1.828     3.2    23.9    8.86     0.0   0.0
Comment card.   Card index = 174.                 |C   3   .5   .1899 4           1.828    -3.2   25.76   10.72     0.0   0.0
Comment card.   Card index = 175.                 |C   0.2742    .667 4            1.24     0.0   29.44    18.6     0.0   0.0
Comment card.   Card index = 176.                 |C BLANK CARD ENDING CONDUCTOR CARDS
Comment card.   Card index = 177.                 |C     1.E3       60.                              13.3                 1
Comment card.   Card index = 178.                 |C    The transformation matrix was calculated at  6.00000000E+01 Hz.
New MOLDAT = 1     (data vintage).                |$VINTAGE, 1
 5.284E-01 8.593E+02 2.210E+05 8.593E+02 6.017E-05|-1T_MANAX0009A             5.28357E-01 8.59331E+02 2.21024E+05-1.33000E+01 1  3
 1.912E-01 3.671E+02 2.934E+05 3.671E+02 4.533E-05|-2T_MANBX0009B             1.91185E-01 3.67062E+02 2.93377E+05-1.33000E+01 1  3
 1.906E-01 4.134E+02 2.936E+05 4.134E+02 4.529E-05|-3T_MANCX0009C             1.90555E-01 4.13371E+02 2.93650E+05-1.33000E+01 1  3
New MOLDAT = 0     (data vintage).                |$VINTAGE, 0
TR(1,1 )...  0.594-0.699 0.402                    |  0.59364229 -0.69928374  0.40193149
TI(1,1 )...  0.000 0.000 0.000                    |  0.00000000  0.00000000  0.00000000
TR(2,1 )...  0.611 0.022-0.814                    |  0.61125068  0.02235166 -0.81448972
TI(2,1 )...  0.000 0.000 0.000                    |  0.00000000  0.00000000  0.00000000
TR(3,1 )...  0.523 0.714 0.418                    |  0.52341326  0.71449469  0.41839881
TI(3,1 )...  0.000 0.000 0.000                    |  0.00000000  0.00000000  0.00000000
Comment card.   Card index = 190.                 |C 1/6
Comment card.   Card index = 191.                 |C  <++++++>  Cards punched by support routine on  03-Sep-26  16.13.24  <++++++>
Comment card.   Card index = 192.                 |C    **** UNTRANSPOSED K.C. Lee line calculated at   6.000E+01 HZ. ****
Comment card.   Card index = 193.                 |C LINE CONSTANTS
Comment card.   Card index = 194.                 |C $ERASE
Comment card.   Card index = 195.                 |C BRANCH  IN_001OUT001IN_002OUT002IN_003OUT003
Comment card.   Card index = 196.                 |C METRIC
Comment card.   Card index = 197.                 |C   1   .5   .1899 4           1.828    -3.2   22.04      7.     0.0   0.0
Comment card.   Card index = 198.                 |C   2   .5   .1899 4           1.828     3.2    23.9    8.86     0.0   0.0
Comment card.   Card index = 199.                 |C   3   .5   .1899 4           1.828    -3.2   25.76   10.72     0.0   0.0
Comment card.   Card index = 200.                 |C   0.2742    .667 4            1.24     0.0   29.44    18.6     0.0   0.0
Comment card.   Card index = 201.                 |C BLANK CARD ENDING CONDUCTOR CARDS
Comment card.   Card index = 202.                 |C     1.E3       60.                              13.3                 1
Comment card.   Card index = 203.                 |C    The transformation matrix was calculated at  6.00000000E+01 Hz.
New MOLDAT = 1     (data vintage).                |$VINTAGE, 1
 5.284E-01 8.593E+02 2.210E+05 8.593E+02 6.017E-05|-1X0010AT_OPOA             5.28357E-01 8.59331E+02 2.21024E+05-1.33000E+01 1  3
 1.912E-01 3.671E+02 2.934E+05 3.671E+02 4.533E-05|-2X0010BT_OPOB             1.91185E-01 3.67062E+02 2.93377E+05-1.33000E+01 1  3
 1.906E-01 4.134E+02 2.936E+05 4.134E+02 4.529E-05|-3X0010CT_OPOC             1.90555E-01 4.13371E+02 2.93650E+05-1.33000E+01 1  3
New MOLDAT = 0     (data vintage).                |$VINTAGE, 0
TR(1,1 )...  0.594-0.699 0.402                    |  0.59364229 -0.69928374  0.40193149
TI(1,1 )...  0.000 0.000 0.000                    |  0.00000000  0.00000000  0.00000000
TR(2,1 )...  0.611 0.022-0.814                    |  0.61125068  0.02235166 -0.81448972
TI(2,1 )...  0.000 0.000 0.000                    |  0.00000000  0.00000000  0.00000000
TR(3,1 )...  0.523 0.714 0.418                    |  0.52341326  0.71449469  0.41839881
TI(3,1 )...  0.000 0.000 0.000                    |  0.00000000  0.00000000  0.00000000
Comment card.   Card index = 215.                 |C 1/3
Comment card.   Card index = 216.                 |C  <++++++>  Cards punched by support routine on  03-Sep-26  16.13.25  <++++++>
Comment card.   Card index = 217.                 |C    **** UNTRANSPOSED K.C. Lee line calculated at   6.000E+01 HZ. ****
Comment card.   Card index = 218.                 |C LINE CONSTANTS
Comment card.   Card index = 219.                 |C $ERASE
Comment card.   Card index = 220.                 |C BRANCH  IN_001OUT001IN_002OUT002IN_003OUT003
Comment card.   Card index = 221.                 |C METRIC
Comment card.   Card index = 222.                 |C   1   .5   .1899 4           1.828    -3.2   22.04      7.     0.0   0.0
Comment card.   Card index = 223.                 |C   2   .5   .1899 4           1.828     3.2    23.9    8.86     0.0   0.0
Comment card.   Card index = 224.                 |C   3   .5   .1899 4           1.828    -3.2   25.76   10.72     0.0   0.0
Comment card.   Card index = 225.                 |C   0.2742    .667 4            1.24     0.0   29.44    18.6     0.0   0.0
Comment card.   Card index = 226.                 |C BLANK CARD ENDING CONDUCTOR CARDS
Comment card.   Card index = 227.                 |C     1.E3       60.                              26.7                 1
Comment card.   Card index = 228.                 |C    The transformation matrix was calculated at  6.00000000E+01 Hz.
New MOLDAT = 1     (data vintage).                |$VINTAGE, 1
 5.284E-01 8.593E+02 2.210E+05 8.593E+02 1.208E-04|-1X0009B1_2LTB             5.28357E-01 8.59331E+02 2.21024E+05-2.67000E+01 1  3
 1.912E-01 3.671E+02 2.934E+05 3.671E+02 9.101E-05|-2X0009C1_2LTC             1.91185E-01 3.67062E+02 2.93377E+05-2.67000E+01 1  3
 1.906E-01 4.134E+02 2.936E+05 4.134E+02 9.092E-05|-3X0009A1_2LTA             1.90555E-01 4.13371E+02 2.93650E+05-2.67000E+01 1  3
New MOLDAT = 0     (data vintage).                |$VINTAGE, 0
TR(1,1 )...  0.594-0.699 0.402                    |  0.59364229 -0.69928374  0.40193149
TI(1,1 )...  0.000 0.000 0.000                    |  0.00000000  0.00000000  0.00000000
TR(2,1 )...  0.611 0.022-0.814                    |  0.61125068  0.02235166 -0.81448972
TI(2,1 )...  0.000 0.000 0.000                    |  0.00000000  0.00000000  0.00000000
TR(3,1 )...  0.523 0.714 0.418                    |  0.52341326  0.71449469  0.41839881
TI(3,1 )...  0.000 0.000 0.000                    |  0.00000000  0.00000000  0.00000000
Comment card.   Card index = 240.                 |C 1/3
Comment card.   Card index = 241.                 |C  <++++++>  Cards punched by support routine on  03-Sep-26  16.13.25  <++++++>
Comment card.   Card index = 242.                 |C    **** UNTRANSPOSED K.C. Lee line calculated at   6.000E+01 HZ. ****
Comment card.   Card index = 243.                 |C LINE CONSTANTS
Comment card.   Card index = 244.                 |C $ERASE
Comment card.   Card index = 245.                 |C BRANCH  IN_001OUT001IN_002OUT002IN_003OUT003
Comment card.   Card index = 246.                 |C METRIC
Comment card.   Card index = 247.                 |C   1   .5   .1899 4           1.828    -3.2   22.04      7.     0.0   0.0
Comment card.   Card index = 248.                 |C   2   .5   .1899 4           1.828     3.2    23.9    8.86     0.0   0.0
Comment card.   Card index = 249.                 |C   3   .5   .1899 4           1.828    -3.2   25.76   10.72     0.0   0.0
Comment card.   Card index = 250.                 |C   0.2742    .667 4            1.24     0.0   29.44    18.6     0.0   0.0
Comment card.   Card index = 251.                 |C BLANK CARD ENDING CONDUCTOR CARDS
Comment card.   Card index = 252.                 |C     1.E3       60.                              26.7                 1
Comment card.   Card index = 253.                 |C    The transformation matrix was calculated at  6.00000000E+01 Hz.
New MOLDAT = 1     (data vintage).                |$VINTAGE, 1
 5.284E-01 8.593E+02 2.210E+05 8.593E+02 1.208E-04|-11_2LTCX0010C             5.28357E-01 8.59331E+02 2.21024E+05-2.67000E+01 1  3
 1.912E-01 3.671E+02 2.934E+05 3.671E+02 9.101E-05|-21_2LTAX0010A             1.91185E-01 3.67062E+02 2.93377E+05-2.67000E+01 1  3
 1.906E-01 4.134E+02 2.936E+05 4.134E+02 9.092E-05|-31_2LTBX0010B             1.90555E-01 4.13371E+02 2.93650E+05-2.67000E+01 1  3
New MOLDAT = 0     (data vintage).                |$VINTAGE, 0
TR(1,1 )...  0.594-0.699 0.402                    |  0.59364229 -0.69928374  0.40193149
TI(1,1 )...  0.000 0.000 0.000                    |  0.00000000  0.00000000  0.00000000
TR(2,1 )...  0.611 0.022-0.814                    |  0.61125068  0.02235166 -0.81448972
TI(2,1 )...  0.000 0.000 0.000                    |  0.00000000  0.00000000  0.00000000
TR(3,1 )...  0.523 0.714 0.418                    |  0.52341326  0.71449469  0.41839881
TI(3,1 )...  0.000 0.000 0.000                    |  0.00000000  0.00000000  0.00000000
Blank card ending branches.  IBR, NTOT = 118  91  |BLANK BRANCH
Comment card.   Card index = 266.                 |C < n 1>< n 2>< Tclose ><Top/Tde ><   Ie   ><Vf/CLOP ><  type  >
Permanently-closed switch used for metering.      |  X0003A390A                                          MEASURING                0
Permanently-closed switch used for metering.      |  X0003B390B                                          MEASURING                0
Permanently-closed switch used for metering.      |  X0003C390C                                          MEASURING                0
Permanently-closed switch used for metering.      |  X0004A9049A                                         MEASURING                0
Permanently-closed switch used for metering.      |  X0004B9049B                                         MEASURING                0
Permanently-closed switch used for metering.      |  X0004C9049C                                         MEASURING                0
Permanently-closed switch used for metering.      |  X0006A391A                                          MEASURING                0
Permanently-closed switch used for metering.      |  X0006B391B                                          MEASURING                0
Permanently-closed switch used for metering.      |  X0006C391C                                          MEASURING                0
Switch.   2.00E-02  8.33E-04  0.00E+00  0.00E+00  |  XX0012XX0013       .02   .000833                    STATISTICS               1
Switch.   2.00E-02  8.33E-04  0.00E+00  0.00E+00  |  XX0014XX0015       .02   .000833                    STATISTICS               1
Switch.   2.00E-02  8.33E-04  0.00E+00  0.00E+00  |  XX0016XX0017       .02   .000833                    STATISTICS               1
Permanently-closed switch used for metering.      |  9049A MEASUA                                        MEASURING                0
Permanently-closed switch used for metering.      |  9049B MEASUB                                        MEASURING                0
Permanently-closed switch used for metering.      |  9049C MEASUC                                        MEASURING                0
Blank card ending switches.   KSWTCH = 15.        |BLANK SWITCH
Comment card.   Card index = 283.                 |C < n 1><>< Ampl.  >< Freq.  ><Phase/T0><   A1   ><   T1   >< TSTART >< TSTOP  >
Comment card.   Card index = 284.                 |C 1 - 390
Source.   4.08E+05  6.00E+01  0.00E+00 -1.00E+00  |14X0008A   408248.29       60.                                     -1.      100.
Source.   4.08E+05  6.00E+01 -1.20E+02 -1.00E+00  |14X0008B   408248.29       60.     -120.                           -1.      100.
Source.   4.08E+05  6.00E+01 -2.40E+02 -1.00E+00  |14X0008C   408248.29       60.     -240.                           -1.      100.
Comment card.   Card index = 288.                 |C 1 - 9049
Source.   1.13E+05  6.00E+01  0.00E+00 -1.00E+00  |14X0007A  112676.528       60.                                     -1.      100.
Source.   1.13E+05  6.00E+01 -1.20E+02 -1.00E+00  |14X0007B  112676.528       60.     -120.                           -1.      100.
Source.   1.13E+05  6.00E+01 -2.40E+02 -1.00E+00  |14X0007C  112676.528       60.     -240.                           -1.      100.
Comment card.   Card index = 292.                 |C 1 - 391
Source.   2.82E+05  6.00E+01  0.00E+00 -1.00E+00  |14X0005A   281691.32       60.                                     -1.      100.
Source.   2.82E+05  6.00E+01 -1.20E+02 -1.00E+00  |14X0005B   281691.32       60.     -120.                           -1.      100.
Source.   2.82E+05  6.00E+01 -2.40E+02 -1.00E+00  |14X0005C   281691.32       60.     -240.                           -1.      100.
Blank card ends electric sources.  KCONST = 9     |BLANK SOURCE

List of input elements that are connected to each node.   Only the physical connections of multi-phase lines are shown (capacitive
and inductive coupling are ignored).   Repeated entries indicate parallel connections.   Switches are included,  although sources
(including rotating machinery) are omitted -- except that U.M. usage produces extra,  internally-defined nodes  "UMXXXX".
--------------+------------------------------
From bus name |  Names of all adjacent busses.
--------------+------------------------------
       X0001A |TERRA *TERRA *TERRA *390A  *
       390A   |X0001A*X0002A*X0003A*E002A *E003A *
       391A   |TERRA *TERRA *TERRA *X0006A*E001A *
       395A   |TERRA *395B  *395C  *
       395B   |TERRA *395A  *395C  *
       X0001B |TERRA *TERRA *TERRA *390B  *
       390B   |X0001B*X0002B*X0003B*E002B *E003B *
       391B   |TERRA *TERRA *TERRA *X0006B*E001B *
       395C   |TERRA *395A  *395B  *
       X0001C |TERRA *TERRA *TERRA *390C  *
       390C   |X0001C*X0002C*X0003C*E002C *E003C *
       391C   |TERRA *TERRA *TERRA *X0006C*E001C *
       X0002A |TERRA *TERRA *TERRA *390A  *
       397A   |TERRA *397B  *397C  *
       397B   |TERRA *397A  *397C  *
       X0002B |TERRA *TERRA *TERRA *390B  *
       397C   |TERRA *397A  *397B  *
       X0002C |TERRA *TERRA *TERRA *390C  *
       42077A |TERRA *
       42077B |TERRA *
       42077C |TERRA *
       X0003A |390A  *X0008A*
       X0008A |X0003A*
       X0003B |390B  *X0008B*
       X0008B |X0003B*
       X0003C |390C  *X0008C*
       X0008C |X0003C*
       X0004A |X0007A*9049A *
       X0007A |X0004A*
       X0004B |X0007B*9049B *
       X0007B |X0004B*
       X0004C |X0007C*9049C *
       X0007C |X0004C*
       X0006A |391A  *X0005A*
       X0005A |X0006A*
       X0006B |391B  *X0005B*
       X0005B |X0006B*
       X0006C |391C  *X0005C*
       X0005C |X0006C*
       E001A  |391A  *ST001A*
       E001B  |391B  *ST001B*
       E001C  |391C  *ST001C*
       ST001A |TERRA *TERRA *E001A *
       9049A  |TERRA *TERRA *X0004A*MEASUA*
       ST001B |TERRA *TERRA *E001B *
       9049B  |TERRA *TERRA *X0004B*MEASUB*
       ST001C |TERRA *TERRA *E001C *
       9049C  |TERRA *TERRA *X0004C*MEASUC*
       E002A  |390A  *ST002A*
       E002B  |390B  *ST002B*
       E002C  |390C  *ST002C*
       ST002A |TERRA *TERRA *E002A *
       ST002B |TERRA *TERRA *E002B *
       ST002C |TERRA *TERRA *E002C *
       E003A  |390A  *ST003A*
       E003B  |390B  *ST003B*
       E003C  |390C  *ST003C*
       ST003A |TERRA *TERRA *E003A *
       ST003B |TERRA *TERRA *E003B *
       ST003C |TERRA *TERRA *E003C *
       T_MANC |XX0012*PRMANC*X0009C*
       XX0012 |T_MANC*XX0013*
       XX0013 |XX0012*MEASUC*
       MEASUC |9049C *XX0013*
       T_MANB |XX0014*PRMANB*X0009B*
       XX0014 |T_MANB*XX0015*
       XX0015 |XX0014*MEASUB*
       MEASUB |9049B *XX0015*
       T_MANA |XX0016*PRMANA*X0009A*
       XX0016 |T_MANA*XX0017*
       XX0017 |XX0016*MEASUA*
       MEASUA |9049A *XX0017*
       1_2LTA |TERRA *X0009A*X0010A*
       PRMANA |TERRA *T_MANA*
       PRMANB |TERRA *T_MANB*
       PRMANC |TERRA *T_MANC*
       T_OPOA |PROPOA*X0010A*
       PROPOA |TERRA *T_OPOA*
       T_OPOB |PROPOB*X0010B*
       PROPOB |TERRA *T_OPOB*
       T_OPOC |PROPOC*X0010C*
       PROPOC |TERRA *T_OPOC*
       X0009A |T_MANA*1_2LTA*
       X0009B |T_MANB*1_2LTB*
       X0009C |T_MANC*1_2LTC*
       X0010A |1_2LTA*T_OPOA*
       X0010B |T_OPOB*1_2LTB*
       X0010C |T_OPOC*1_2LTC*
       1_2LTB |X0009B*X0010B*
       1_2LTC |X0009C*X0010C*
       TERRA  |X0001A*X0001A*X0001A*391A  *391A  *391A  *395A  *395B  *X0001B*X0001B*X0001B*391B  *391B  *391B  *395C  *
              |X0001C*X0001C*X0001C*391C  *391C  *391C  *X0002A*X0002A*X0002A*397A  *397B  *X0002B*X0002B*X0002B*397C  *
              |X0002C*X0002C*X0002C*42077A*42077B*42077C*ST001A*ST001A*9049A *9049A *ST001B*ST001B*9049B *9049B *ST001C*
              |ST001C*9049C *9049C *ST002A*ST002A*ST002B*ST002B*ST002C*ST002C*ST003A*ST003A*ST003B*ST003B*ST003C*ST003C*
              |1_2LTA*PRMANA*PRMANB*PRMANC*PROPOA*PROPOB*PROPOC*
              |-------------------------------------------------

Sinusoidal steady-state phasor solution, branch by branch.   All flows are away from a bus,  and the real part,  magnitude,  or  "P"
is printed above the imaginary part,  the angle,  or  "Q".   The first solution frequency  =  6.00000000E+01  Hertz.
  Bus K                        Phasor  node  voltage              Phasor  branch  current               Power flow       Power loss
             Bus M         Rectangular            Polar          Rectangular            Polar            P  and  Q        P  and  Q

 390A                 408217.02432102  408217.02436795      .15148111160398  .65326686327154      30920.551032285   .3667981526014
                      -6.189904457864       -0.0008688      -.6354613028941      -76.5920760      129702.59224249       14.6697923

            X0001A    408173.07596042  408173.07625517       -.151481111604  .65326686327154      -30920.18423413
                      -15.51187290096       -0.0021774      .63546130289409      103.4079240      -129687.9224502

 391A                 281637.37860274  281637.37875099       -.219137253109  .47188709590115      -30856.71127212  -30856.71127212
                      -9.138075881763       -0.0018590      -.4179190060022     -117.6704226      58851.807905784    58851.8079058

            TERRA                 0.0              0.0      .21913725310901  .47188709590115                  0.0
                                  0.0              0.0      .41791900600219       62.3295774                  0.0

 X0001A               408173.07596042  408173.07625517      .15120531192588   .3256034038904      30856.732092444  30856.732092444
                      -15.51187290096       -0.0021774      .28836527230305       62.3295774      -58852.64283684   -58852.6428368

            TERRA                 0.0              0.0      -.1512053119259   .3256034038904                  0.0
                                  0.0              0.0      -.2883652723031     -117.6704226                  0.0

 395A                 9755.8963856497  11265.386914443      -.0065038353328  .00650383533285      -31.72527245789  -63.45214100969
                      -5633.065599171      -30.0021855      -.3527384251E-7     -179.9996893      18.318437601773        0.0027645

            395B      -9756.326103533  11265.386919024      .00650383533275  .00650383533285      -31.72686855181
                      -5632.321315127     -150.0021855      .35273842514E-7        0.0003107      -18.31567311581

 X0001A               408173.07596042  408173.07625517      .31090802139E-3  .31090802139E-3      63.452141702752  63.452141702752
                      -15.51187290096       -0.0021774      .16862031771E-8        0.0003107      -.0027555142246       -0.0027555

            TERRA                 0.0              0.0      -.3109080214E-3  .31090802139E-3                  0.0
                                  0.0              0.0      -.1686203177E-8     -179.9996893                  0.0

 390B                 -204113.8727749   408217.0243678      -.6260662279994  .65326690964111      30920.550675566  .36679820466816
                      -353523.2183669     -120.0008688      .18654418616142      163.4079229      129702.60205713       14.6697944

            X0001B    -204099.9716543  408173.07625171      .62606622799942  .65326690964111      -30920.18387736
                      -353480.4969832     -120.0021774      -.1865441861614      -16.5920771      -129687.9322627

 391B                 -140826.6031061   281637.3787488       -.252359832084   .4718870681233      -30856.70981392  -30856.70981392
                      -243900.5554854     -120.0018590      .39873790917409      122.3295770      58851.804253055    58851.8042531

            TERRA                 0.0              0.0      .25235983208404   .4718870681233                  0.0
                                  0.0              0.0      -.3987379091741      -57.6704230                  0.0

 X0001B               -204099.9716543  408173.07625171       .1741289834863  .32560338471874      30856.730635071  30856.730635071
                      -353480.4969832     -120.0021774       -.275130262331      -57.6704230      -58852.63918246   -58852.6391825

            TERRA                 0.0              0.0      -.1741289834863  .32560338471874                  0.0
                                  0.0              0.0        .275130262331      122.3295770                  0.0

 395B                 -9756.326103533  11265.386919024      .00325249076559  .00650394819908      -31.72760262681  -63.45324211288
                      -5632.321315127     -150.0021855      .00563228603642       59.9947442      18.315673106683       -0.0034002

            395C      .42970974536689  11265.386910585      -.0032524907656  .00650394819908      -31.72563948607
                       11265.38690239       89.9978145      -.0056322860364     -120.0052558      -18.31907331131

 X0001B               -204099.9716543  408173.07625171      -.1554814069E-3  .31091341668E-3       63.45324277518   63.45324277518
                      -353480.4969832     -120.0021774       -.269244656E-3     -120.0052558      .00340915508035        0.0034092

            TERRA                 0.0              0.0      .15548140686E-3  .31091341668E-3                  0.0
                                  0.0              0.0      .26924465601E-3       59.9947442                  0.0

 390C                  -204103.151551  408217.02436775      .47458515798498  .65326687544784      30920.530367136  .36679816626565
                      353529.40826839      119.9991312      .44891707294081       43.4079146      129702.59972384       14.6697929

            X0001C    -204073.1043141  408173.07625262       -.474585157985  .65326687544784      -30920.16356897
                      353496.00885034      119.9978226      -.4489170729408     -136.5920854       -129687.929931

 391C                 -140810.7755013  281637.37874955      .47149697526766  .47188697466319      -30856.68471767  -30856.68471767
                      243909.69355817      119.9981410      .01918121920608        2.3295955      58851.802551302    58851.8025513

            TERRA                 0.0              0.0      -.4714969752677  .47188697466319                  0.0
                                  0.0              0.0      -.0191812192061     -177.6704045                  0.0

 X0001C               -204073.1043141  408173.07625262       -.325334219564   .3256033202278      30856.705537432  30856.705537432
                      353496.00885034      119.9978226      -.0132350944114     -177.6704045      -58852.63748036   -58852.6374804

            TERRA                 0.0              0.0      .32533421956396   .3256033202278                  0.0
                                  0.0              0.0      .01323509441136        2.3295955                  0.0

 395C                 .42970974536689  11265.386910585      .00325206105481  .00650443898627      -31.72883166433  -63.45803037588
                       11265.38690239       89.9978145      -.0056331008709      -60.0016115      18.319073305479        0.0006357

            395A      9755.8963856497  11265.386914443      -.0032520610548  .00650443898627      -31.72919871155
                      -5633.065599171      -30.0021855      .00563310087091      119.9983885      -18.31843758613

 X0001C               -204073.1043141  408173.07625262       -.155460865E-3  .31093687805E-3      63.458031013659  63.458031013659
                      353496.00885034      119.9978226      .26928360808E-3      119.9983885      -.6267373353E-3       -0.0006267

            TERRA                 0.0              0.0      .15546086502E-3  .31093687805E-3                  0.0
                                  0.0              0.0      -.2692836081E-3      -60.0016115                  0.0

 395A                 9755.8963856497  11265.386914443      .00975589638565  .01126538691444       63.45447116605   63.45447116605
                      -5633.065599171      -30.0021855      -.0056330655992      -30.0021855                  0.0              0.0

            TERRA                 0.0              0.0      -.0097558963856  .01126538691444                  0.0
                                  0.0              0.0      .00563306559917      149.9978145                  0.0

 395B                 -9756.326103533  11265.386919024      -.0097563261035  .01126538691902      63.454471217655  63.454471217655
                      -5632.321315127     -150.0021855      -.0056323213151     -150.0021855                  0.0              0.0

            TERRA                 0.0              0.0      .00975632610353  .01126538691902                  0.0
                                  0.0              0.0      .00563232131513       29.9978145                  0.0

 395C                 .42970974536689  11265.386910585      .42970974537E-6  .01126538691059      63.454471122595  63.454471122595
                       11265.38690239       89.9978145      .01126538690239       89.9978145                  0.0              0.0

            TERRA                 0.0              0.0      -.4297097454E-6  .01126538691059                  0.0
                                  0.0              0.0      -.0112653869024      -90.0021855                  0.0

 390A                 408217.02432102  408217.02436795      .14694698327072  .80203825377726      29995.570373339  .48630861255515
                      -6.189904457864       -0.0008688      -.7884617585081      -79.4428070      160931.30163066       19.4587772

            X0002A    408169.10020079  408169.10043707      -.1469469832707  .80203825377726      -29995.08406473
                      -13.88804276688       -0.0019495      .78846175850812      100.5571930      -160911.8428535

 391A                 281637.37860274  281637.37875099      -.2125607544012  .28924659336442      -29931.63053693  -29931.63053693
                      -9.138075881763       -0.0018590      -.1961670651799     -137.2968488      27624.960200883    27624.9602009

            TERRA                 0.0              0.0      .21256075440124  .28924659336442                  0.0
                                  0.0              0.0      .19616706517991       42.7031512                  0.0

 X0002A               408169.10020079  408169.10043707      .14666750959168  .19958095098797      29931.632795665  29931.632795665
                      -13.88804276688       -0.0019495      .13535581859469       42.7031512      -27625.04980369   -27625.0498037

            TERRA                 0.0              0.0      -.1466675095917  .19958095098797                  0.0
                                  0.0              0.0      -.1353558185947     -137.2968488                  0.0

 397A                 9755.8237703182  11265.277181829      -.0065038092403  .00650380924032      -31.72493006902  -63.45126840698
                      -5632.971910629      -30.0019576         -.2780871E-7     -179.9997550      18.318023029667        0.0024392

            397B      -9756.208662458   11265.27718531      .00650380924026  .00650380924032      -31.72633833796
                      -5632.305264849     -150.0019576      .27808710001E-7        0.0002450      -18.31558385895

 X0002A               408169.10020079  408169.10043707      .31090677396E-3  .31090677396E-3      63.451269077873  63.451269077873
                      -13.88804276688       -0.0019495      .13287717593E-8        0.0002449      -.0024301250733       -0.0024301

            TERRA                 0.0              0.0       -.310906774E-3  .31090677396E-3                  0.0
                                  0.0              0.0      -.1328771759E-8     -179.9997551                  0.0

 390B                 -204113.8727749   408217.0243678      -.7563014489754  .80203830459677      29995.570247308  .48630867418251
                      -353523.2183669     -120.0008688      .26697108517239      160.5571923      160931.31220542       19.4587796

            X0002B    -204096.5774965  408169.10043378      .75630144897543  .80203830459677      -29995.08393863
                      -353477.8657896     -120.0019495      -.2669710851724      -19.4428077      -160911.8534258

 391B                 -140826.6031061   281637.3787488      -.0636052560149  .28924656323319       -29931.6295716   -29931.6295716
                      -243900.5554854     -120.0018590      .28216652131232      102.7031467      27624.954990243    27624.9549902

            TERRA                 0.0              0.0      .06360525601485  .28924656323319                  0.0
                                  0.0              0.0      -.2821665213123      -77.2968533                  0.0

 X0002B               -204096.5774965  408169.10043378      .04388780290901  .19958093020528      29931.631832194  29931.631832194
                      -353477.8657896     -120.0019495       -.194695681661      -77.2968533      -27625.04459341   -27625.0445934

            TERRA                 0.0              0.0       -.043887802909  .19958093020528                  0.0
                                  0.0              0.0      .19469568166096      102.7031467                  0.0

 397B                 -9756.208662458   11265.27718531      .00325239942322  .00650389510499      -31.72689674433  -63.45210608238
                      -5632.305264849     -150.0019576      .00563227747261       59.9954033       18.31558393645       -0.0029227

            397C      .38488592629824   11265.27718474      -.0032523994232  .00650389510499      -31.72520933805
                      11265.277178165       89.9980425      -.0056322774726     -120.0045967      -18.31850660616

 X0002B               -204096.5774965  408169.10043378      -.1554770413E-3  .31091087875E-3      63.452106779358  63.452106779358
                      -353477.8657896     -120.0019495      -.2692442463E-3     -120.0045968       .0029317786442        0.0029318

            TERRA                 0.0              0.0      .15547704129E-3  .31091087875E-3                  0.0
                                  0.0              0.0      .26924424628E-3       59.9954032                  0.0

 390C                  -204103.151551  408217.02436775      .60935449686901  .80203827217984      29995.552005649  .48630863488506
                      353529.40826839      119.9991312      .52149063959648       40.5571862      160931.30887489       19.4587780

            X0002C    -204072.5227113  408169.10043485       -.609354496869  .80203827217984      -29995.06569701
                      353491.75382749      119.9980505      -.5214906395965     -139.4428138      -160911.8500968

 391C                 -140810.7755013  281637.37874955      .27616592329287  .28924644560147      -29931.60710661  -29931.60710661
                      243909.69355817      119.9981410      -.0859993552585      -17.2968319      27624.954907502    27624.9549075

            TERRA                 0.0              0.0      -.2761659232929  .28924644560147                  0.0
                                  0.0              0.0      .08599935525854      162.7031681                  0.0

 X0002C               -204072.5227113  408169.10043485      -.1905552524113  .19958084905172      29931.609366917  29931.609366917
                      353491.75382749      119.9980505      .05933979344991      162.7031681      -27625.04451471   -27625.0445147

            TERRA                 0.0              0.0      .19055525241129  .19958084905172                  0.0
                                  0.0              0.0      -.0593397934499      -17.2968319                  0.0

 397C                 .38488592629824   11265.27718474      .00325201453234  .00650432811021      -31.72802566847  -63.45633055444
                      11265.277178165       89.9980425      -.0056329997024      -60.0015209      18.318506578247        0.0004836

            397A      9755.8237703182  11265.277181829      -.0032520145323  .00650432811021      -31.72830488597
                      -5632.971910629      -30.0019576      .00563299970236      119.9984791      -18.31802294042

 X0002C               -204072.5227113  408169.10043485      -.1554586408E-3  .31093157784E-3      63.456331210596  63.456331210596
                      353491.75382749      119.9980505      .26927877207E-3      119.9984791      -.4746363215E-3       -0.0004746

            TERRA                 0.0              0.0      .15545864085E-3  .31093157784E-3                  0.0
                                  0.0              0.0      -.2692787721E-3      -60.0015209                  0.0

 397A                 9755.8237703182  11265.277181829      .00975582377032  .01126527718183      63.453234991721  63.453234991721
                      -5632.971910629      -30.0019576      -.0056329719106      -30.0019576                  0.0              0.0

            TERRA                 0.0              0.0      -.0097558237703  .01126527718183                  0.0
                                  0.0              0.0      .00563297191063      149.9980424                  0.0

 397B                 -9756.208662458   11265.27718531      -.0097562086625  .01126527718531       63.45323503093   63.45323503093
                      -5632.305264849     -150.0019576      -.0056323052648     -150.0019576      .3552713679E-14        0.0000000

            TERRA                 0.0              0.0      .00975620866246  .01126527718531                  0.0
                                  0.0              0.0      .00563230526485       29.9980424                  0.0

 397C                 .38488592629824   11265.27718474       .3848859263E-6  .01126527718474      63.453235024511  63.453235024511
                      11265.277178165       89.9980425      .01126527717817       89.9980425                  0.0              0.0

            TERRA                 0.0              0.0      -.3848859263E-6  .01126527718474                  0.0
                                  0.0              0.0      -.0112652771782      -90.0019575                  0.0

 X0003A               408217.02432102  408217.02436795      -.3863821924012  1.5019369615774      -78868.38638891  1.5482782023319
                      -6.189904457864       -0.0008688      1.4513867292861      104.9073009      -296239.1900497       23.8851302

            X0008A          408248.29        408248.29      .38638219240117  1.5019369615774      78869.934667115
                                  0.0              0.0      -1.451386729286      -75.0926991      296263.07517987

 X0003B               -204113.8727749   408217.0243678      1.4501289647272   1.501937062321      -78868.38636203  1.5482779104059
                      -353523.2183669     -120.0008688      -.3910766227129      -15.0927001      -296239.2113356       23.8851319

            X0008B        -204124.145        408248.29      -1.450128964727   1.501937062321      78869.934639941
                      -353553.3901916     -120.0000000      .39107662271288      164.9072999      296263.09646752

 X0003C                -204103.151551  408217.02436775      -1.063746844858  1.5019369856631      -78868.34693599  1.5482792720286
                      353529.40826839      119.9991312      -1.060310029641     -135.0927070      -296239.2056405       23.8851298

            X0008C        -204124.145        408248.29      1.0637468448582  1.5019369856631      78869.895215266
                      353553.39019156      120.0000000      1.0603100296409       44.9072930      296263.09077027

 X0004A               112646.87345198  112646.91423144      -1.889350488546  1.8895865061823      -106416.1439675  26.582644728915
                      -95.85070654202       -0.0487527      .02986462420783      179.0944113      -1591.530482299       90.9906006

            X0007A         112676.528       112676.528      1.8893504885456  1.8895865061823      106442.72661221
                                  0.0              0.0      -.0298646242078       -0.9055887      1682.5210828815

 X0004B               -56406.44586017  112646.91421811      .97053888356595  1.8895865099863       -106416.144057   26.58265106623
                      -97507.12870496     -120.0487527      1.6212931425898       59.0944073      -1591.537981041       90.9905963

            X0007B         -56338.264       112676.528       -.970538883566  1.8895865099863      106442.72670808
                      -97580.73565823     -120.0000000       -1.62129314259     -120.9055927      1682.5285773326

 X0004C               -56240.42756821  112646.91421564      .91881161997986  1.8895865588393       -106416.146796  26.582653359117
                      97602.979407658      119.9512473      -1.651157948331      -60.9055931      -1591.538686179       90.9906087

            X0007C         -56338.264       112676.528      -.9188116199799  1.8895865588393      106442.72944938
                      97580.735658229      120.0000000      1.6511579483309      119.0944069      1682.5292948998

 X0006A               281637.37860274  281637.37875099       -.149801509757  .58268471163956      -21097.42508206  1.4674286619193
                      -9.138075881763       -0.0018590      .56309944135384      104.8973710        -79294.240829       15.8716341

            X0005A          281691.32        281691.32        .149801509757  .58268471163956      21098.892510721
                                  0.0              0.0      -.5630994413538      -75.1026290      79310.112463112

 X0006B               -140826.6031061   281637.3787488      .56255922427835  .58268476438527      -21097.42563717  1.4674287073431
                      -243900.5554854     -120.0018590      -.1518178310544      -15.1026300      -79294.24836663       15.8716362

            X0005B         -140845.66        281691.32      -.5625592242783  .58268476438527      21098.893065881
                      -243951.8391456     -120.0000000      .15181783105439      164.8973700      79310.120002816

 X0006C               -140810.7755013  281637.37874955      -.4127577223751  .58268473292332      -21097.41792501  1.4674293530661
                      243909.69355817      119.9981410      -.4112816074196     -135.1026347      -79294.24583423       15.8716347

            X0005C         -140845.66        281691.32      .41275772237511  .58268473292332      21098.885354367
                      243951.83914557      120.0000000      .41128160741958       44.8973653      79310.117468909

 391A                 281637.37860274  281637.37875099      .00356497475065  .00373128413962      502.01003870503  .15034883930372
                      -9.138075881763       -0.0018590       .0011015608734       17.1709095      -155.1366468834        0.4036247

            E001A     281624.25269229  281624.35464364      -.0035649747506  .00373128413962      -501.8596898657
                       -239.632954027       -0.0487527      -.0011015608734     -162.8290905      155.54027159906

 391B                 -140826.6031061   281637.3787488       -.828507706E-3  .00373128421105      502.01004895136  .15034888648222
                      -243900.5554854     -120.0018590      -.0036381392008     -102.8290907      -155.1366477802        0.4036247

            E001B     -141019.6545403  281624.35461032      .82850770601E-3  .00373128421105      -501.8597000649
                      -243773.9406561     -120.0487527      .00363813920084       77.1709093      155.54027245634

 391C                 -140810.7755013  281637.37874955      -.0027364670456  .00373128416333      502.01004479108  .15034890954729
                      243909.69355817      119.9981410      .00253657832839      137.1709084      -155.1366384877        0.4036247

            E001C      -140604.598093  281624.35460415      .00273646704556  .00373128416333      -501.8596958815
                      244013.57360055      119.9512473      -.0025365783284      -42.8290916      155.54026321688

 E001A                281624.25269229  281624.35464364      .00356492705578  .00373124387662      501.85297169639  .69610450737E-9
                       -239.632954027       -0.0487527      .00110157884592       17.1713894      -155.5427966324        0.0000000

            ST001A    281624.25269205  281624.35464339      -.0035649270558  .00373124387662      -501.8529716957
                      -239.6329544936       -0.0487527      -.0011015788459     -162.8286106      155.54279663312

 ST001A               281624.25269205  281624.35464339      .28162425269205  .28162435464339      39656.138564153  39656.138564153
                      -239.6329544936       -0.0487527      -.2396329545E-3       -0.0487527                  0.0              0.0

            TERRA                 0.0              0.0       -.281624252692  .28162435464339                  0.0
                                  0.0              0.0      .23963295449E-3      179.9512473                  0.0

 9049A                112646.87345198  112646.91423144      .69516563415527  .69517371866267      39154.278285982  39154.278285982
                      -95.85070654202       -0.0487527      -.0033526420593       -0.2763237      155.51626429459      155.5162643

            TERRA                 0.0              0.0      -.6951656341553  .69517371866267                  0.0
                                  0.0              0.0      .00335264205933      179.7236763                  0.0

 ST001A               281624.25269205  281624.35464339      -.2780592441559  .27806247798287      -39154.27409903  -39154.27409903
                      -239.6329544936       -0.0487527       .0013410449028      179.7236718      -155.5193051883     -155.5193052

            TERRA                 0.0              0.0      .27805924415588  .27806247798287                  0.0
                                  0.0              0.0      -.0013410449028       -0.2763282                  0.0

 E001B                -141019.6545403  281624.35461032      -.8282950148E-3  .00373136437506      501.86062711349  .69616135079E-9
                      -243773.9406561     -120.0487527      -.0036382698454     -102.8254609      -155.5754084694        0.0000000

            ST001B    -141019.6545405  281624.35461007       .8282950148E-3  .00373136437506      -501.8606271128
                      -243773.9406557     -120.0487527       .0036382698454       77.1745391      155.57540847008

 ST001B               -141019.6545405  281624.35461007      -.1410196545405  .28162435461007       39656.13855477   39656.13855477
                      -243773.9406557     -120.0487527      -.2437739406557     -120.0487527                  0.0              0.0

            TERRA                 0.0              0.0      .14101965454055  .28162435461007                  0.0
                                  0.0              0.0      .24377394065569       59.9512473                  0.0

 9049B                -56406.44586017  112646.91421811      -.3504863977432  .69517373234082      39154.279025681  39154.279025681
                      -97507.12870496     -120.0487527      -.6003547310829     -120.2763333      155.52282918193      155.5228292

            TERRA                 0.0              0.0      .35048639774323  .69517373234082                  0.0
                                  0.0              0.0      .60035473108292       59.7236667                  0.0

 ST001B               -141019.6545405  281624.35461007      .14019107818604  .27806254415445      -39154.28338372  -39154.28338372
                      -243773.9406557     -120.0487527      .24013587832451       59.7236613      -155.5264850332     -155.5264850

            TERRA                 0.0              0.0       -.140191078186  .27806254415445                  0.0
                                  0.0              0.0      -.2401358783245     -120.2763387                  0.0

 E001C                 -140604.598093  281624.35460415      -.0027364876587  .00373127617746      501.85699864015  .69616135079E-9
                      244013.57360055      119.9512473      .00253654434346      137.1715063      -155.5451673775        0.0000000

            ST001C    -140604.5980925  281624.35460391      .00273648765869  .00373127617746      -501.8569986395
                      244013.57360057      119.9512473      -.0025365443435      -42.8284937      155.54516737821

 ST001C               -140604.5980925  281624.35460391      -.1406045980925  .28162435460391      39656.138553034  39656.138553034
                      244013.57360057      119.9512473      .24401357360057      119.9512473                  0.0              0.0

            TERRA                 0.0              0.0      .14060459809248  .28162435460391                  0.0
                                  0.0              0.0      -.2440135736006      -60.0487527                  0.0

 9049C                -56240.42756821  112646.91421564      -.3446791768074  .69517375037723      39154.280019666  39154.280019666
                      97602.979407658      119.9512473      .60370755195618      119.7236589      155.52812599426      155.5281260

            TERRA                 0.0              0.0       .3446791768074  .69517375037723                  0.0
                                  0.0              0.0      -.6037075519562      -60.2763411                  0.0

 ST001C               -140604.5980925  281624.35460391      .13786822557449  .27806252258716      -39154.28034878  -39154.28034878
                      244013.57360057      119.9512473      -.2414769530296      -60.2763376      -155.5257604628     -155.5257605

            TERRA                 0.0              0.0      -.1378682255745  .27806252258716                  0.0
                                  0.0              0.0      .24147695302963      119.7236624                  0.0

 390A                 408217.02432102  408217.02436795      .00939275392007  .03569145686259      1917.2475973182  .10656643311108
                      -6.189904457864       -0.0008688       -.034433359795      -74.7420353      7028.1127663188        0.8689932

            E002A     408168.47452517  408168.47474002      -.0093927539201  .03569145686259      -1917.141030885
                      -13.24362853669       -0.0018590      .03443335979499      105.2579647      -7027.243773077

 390B                 -204113.8727749   408217.0243678      -.0345165442405  .03569146001319      1917.2476996175  .10656645009203
                      -353523.2183669     -120.0008688      .00908231752171      165.2579641      7028.1134049716        0.8689934

            E002B     -204095.7065797  408168.47473685      .03451654424052  .03569146001319      -1917.141133167
                      -353477.6461458     -120.0018590      -.0090823175217      -14.7420359      -7027.244411601

 390C                  -204103.151551  408217.02436775      .02512379033069  .03569145814999      1917.2470940551   .1065664608318
                      353529.40826839      119.9991312       .0253510422723       45.2579600      7028.1131759739        0.8689933

            E002C     -204072.7679522  408168.47473794      -.0251237903307  .03569145814999      -1917.140527594
                      353490.88976976      119.9981410      -.0253510422723     -134.7420400      -7027.244182683

 E002A                408168.47452517  408168.47474002       .0093923847011  .03569132840106      1917.0656788994  .63693505581E-7
                      -13.24362853669       -0.0018590      -.0344333273539      -74.7425934      7027.2371547997        0.0000001

            ST002A    408168.47452079  408168.47473564      -.0093923847011  .03569132840106      -1917.065678836
                       -13.2436260326       -0.0018590      .03443332735387      105.2574066      -7027.237154736

 ST002A               408168.47452079  408168.47473564      .40816847452079  .40816847473564       83300.75188401   83300.75188401
                       -13.2436260326       -0.0018590      -.1324362603E-4       -0.0018590                  0.0              0.0

            TERRA                 0.0              0.0      -.4081684745208  .40816847473564                  0.0
                                  0.0              0.0      .13243626033E-4      179.9981410                  0.0

 391A                 281637.37860274  281637.37875099      .57793426513672  .58008319033162      81383.717793377  81383.717793377
                      -9.138075881763       -0.0018590      .04988479614258        4.9332974      -7027.352212449    -7027.3522124

            TERRA                 0.0              0.0      -.5779342651367  .58008319033162                  0.0
                                  0.0              0.0      -.0498847961426     -175.0667026                  0.0

 ST002A               408168.47452079  408168.47473564      -.3987762928009  .40025905368474      -81383.72762696  -81383.72762696
                       -13.2436260326       -0.0018590      -.0344206094742     -175.0667086      7027.3444526226     7027.3444526

            TERRA                 0.0              0.0       .3987762928009  .40025905368474                  0.0
                                  0.0              0.0      .03442060947418        4.9332914                  0.0

 E002B                -204095.7065797  408168.47473685      -.0345167063642  .03569160899549       1917.163098164  .63694642449E-7
                      -353477.6461458     -120.0018590      .00908228685148      165.2580780      7027.2699353224        0.0000001

            ST002B    -204095.7065753  408168.47473247      .03451670636423  .03569160899549        -1917.1630981
                      -353477.6461432     -120.0018590      -.0090822868515      -14.7419220      -7027.269935259

 ST002B               -204095.7065753  408168.47473247      -.2040957065753  .40816847473247      83300.751882716  83300.751882716
                      -353477.6461432     -120.0018590      -.3534776461432     -120.0018590                  0.0              0.0

            TERRA                 0.0              0.0       .2040957065753  .40816847473247                  0.0
                                  0.0              0.0      .35347764614323       59.9981410                  0.0

 391B                 -140826.6031061   281637.3787488      -.2457656860352  .58008336628123       81383.74220564   81383.74220564
                      -243900.5554854     -120.0018590      -.5254483222961     -115.0667003      -7027.357496759    -7027.3574968

            TERRA                 0.0              0.0      .24576568603516  .58008336628123                  0.0
                                  0.0              0.0      .52544832229614       64.9332997                  0.0

 ST002B               -204095.7065753  408168.47473247      .16957902908325  .40025904192008      -81383.72542585  -81383.72542585
                      -353477.6461432     -120.0018590      .36256068944931       64.9332898      7027.3420269915     7027.3420270

            TERRA                 0.0              0.0      -.1695790290833  .40025904192008                  0.0
                                  0.0              0.0      -.3625606894493     -115.0667102                  0.0

 E002C                -204072.7679522  408168.47473794      .02512373612262  .03569141627459      1917.1451337384  .63693732955E-7
                      353490.88976976      119.9981410      .02535103703849       45.2580159      7027.2340676153        0.0000001

            ST002C    -204072.7679522  408168.47473356      -.0251237361226  .03569141627459      -1917.145133675
                      353490.88976471      119.9981410      -.0253510370385     -134.7419841      -7027.234067552

 ST002C               -204072.7679522  408168.47473356      -.2040727679522  .40816847473356      83300.751883159  83300.751883159
                      353490.88976471      119.9981410      .35349088976471      119.9981410                  0.0              0.0

            TERRA                 0.0              0.0       .2040727679522  .40816847473356                  0.0
                                  0.0              0.0      -.3534908897647      -60.0018590                  0.0

 391C                 -140810.7755013  281637.37874955      -.3321688175201  .58008304337211      81383.693209358  81383.693209358
                      243909.69355817      119.9981410      .47556304931641      124.9333298      -7027.396358454    -7027.3963585

            TERRA                 0.0              0.0      .33216881752014  .58008304337211                  0.0
                                  0.0              0.0      -.4755630493164      -55.0666702                  0.0

 ST002C               -204072.7679522  408168.47473356      .22919720411301  .40025895535511      -81383.70780921  -81383.70780921
                      353490.88976471      119.9981410      -.3281400203705      -55.0667100      7027.3406902966     7027.3406903

            TERRA                 0.0              0.0       -.229197204113  .40025895535511                  0.0
                                  0.0              0.0      .32814002037048      124.9332900                  0.0

 390A                 408217.02432102  408217.02436795      .07856134360736  .07886990119741      16035.017386165  3.8429998662505
                      -6.189904457864       -0.0008688      .00696969192259        5.0698112      -1422.816592142       13.1632739

            E003A      408149.4514327  408149.59918782      -.0785613436074  .07886990119741       -16031.1743863
                      -347.2929059852       -0.0487528      -.0069696919226     -174.9301888       1435.979866089

 390B                 -204113.8727749   408217.0243678      -.0332447435095  .07886990280889      16035.017739415  3.8430015102422
                      -353523.2183669     -120.0008688      -.0715209661433     -114.9301898      -1422.816332418       13.1632731

            E003B     -204375.4901496  408149.59913953      .03324474350954  .07886990280889       -16031.1747379
                      -353294.1469992     -120.0487528      .07152096614329       65.0698102      1435.9796055497

 390C                  -204103.151551  408217.02436775      -.0453166003207  .07886990140382      16035.017469208   3.843001801677
                      353529.40826839      119.9991312      .06455127483497      125.0698096      -1422.816132835       13.1632746

            E003C     -203773.9611975   408149.5991306      .04531660032073  .07886990140382      -16031.17446741
                      353641.43989121      119.9512472       -.064551274835      -54.9301904      1435.9794074623

 E003A                 408149.4514327  408149.59918782      .07856129684569  .07886987728905      16031.164798878  .31102172215E-6
                      -347.2929059852       -0.0487528      .00696994845839        5.0699999      -1436.032210443        0.0000003

            ST003A    408149.45142554  408149.59918067      -.0785612968457  .07886987728905      -16031.16479857
                      -347.2929145383       -0.0487528      -.0069699484584     -174.9300001       1436.032210754

 ST003A               408149.45142554  408149.59918067      .40814945142554  .40814959918067      83293.047655669  83293.047655669
                      -347.2929145383       -0.0487528      -.3472929145E-3       -0.0487528                  0.0              0.0

            TERRA                 0.0              0.0      -.4081494514255  .40814959918067                  0.0
                                  0.0              0.0      .34729291454E-3      179.9512472                  0.0

 9049A                112646.87345198  112646.91423144      1.1941845417023  1.1944788041342      67261.848077686  67261.848077686
                      -95.85070654202       -0.0487527      -.0265121459961       -1.2718173      1436.0234614493     1436.0234614

            TERRA                 0.0              0.0      -1.194184541702  1.1944788041342                  0.0
                                  0.0              0.0      .02651214599609      178.7281827                  0.0

 ST003A               408149.45142554  408149.59918067      -.3295880556107  .32966927069346      -67261.86265545  -67261.86265545
                      -347.2929145383       -0.0487528      .00731721520424      178.7281800      -1436.026887571    -1436.0268876

            TERRA                 0.0              0.0      .32958805561066  .32966927069346                  0.0
                                  0.0              0.0      -.0073172152042       -1.2718200                  0.0

 E003B                -204375.4901496  408149.59913953       -.033244577935  .07886992051957        16031.1748635  .31102354114E-6
                      -353294.1469992     -120.0487528      -.0715210626367     -114.9300512      -1436.018714263        0.0000003

            ST003B    -204375.4901534  408149.59913238      .03324457793497  .07886992051957      -16031.17486319
                      -353294.1469887     -120.0487528      .07152106263675       65.0699488      1436.0187145741

 ST003B               -204375.4901534  408149.59913238      -.2043754901534  .40814959913238      83293.047635961  83293.047635961
                      -353294.1469887     -120.0487528      -.3532941469887     -120.0487528                  0.0              0.0

            TERRA                 0.0              0.0      .20437549015345  .40814959913238                  0.0
                                  0.0              0.0      .35329414698868       59.9512472                  0.0

 9049B                -56406.44586017  112646.91421811      -.6200524568558  1.1944790232153      67261.860574542  67261.860574542
                      -97507.12870496     -120.0487527      -1.020938336849     -121.2718106      1436.0158452052     1436.0158452

            TERRA                 0.0              0.0      .62005245685577  1.1944790232153                  0.0
                                  0.0              0.0      1.0209383368492       58.7281894                  0.0

 ST003B               -204375.4901534  408149.59913238      .17113092541695  .32966934416778       -67261.8778155   -67261.8778155
                      -353294.1469887     -120.0487528      .28177310526371       58.7281870      -1436.018909117    -1436.0189091

            TERRA                 0.0              0.0      -.1711309254169  .32966934416778                  0.0
                                  0.0              0.0      -.2817731052637     -121.2718130                  0.0

 E003C                -203773.9611975   408149.5991306      -.0453168468084   .0788698068621      16031.148558913  .31102536013E-6
                      353641.43989121      119.9512472      .06455098628066      125.0700766       -1436.05239152        0.0000003

            ST003C    -203773.9611866  408149.59912345      .04531684680842   .0788698068621       -16031.1485586
                      353641.43988929      119.9512472      -.0645509862807      -54.9299234      1436.0523918306

 ST003C               -203773.9611866  408149.59912345      -.2037739611866  .40814959912345      83293.047632314  83293.047632314
                      353641.43988929      119.9512472      .35364143988929      119.9512472                  0.0              0.0

            TERRA                 0.0              0.0      .20377396118656  .40814959912345                  0.0
                                  0.0              0.0      -.3536414398893      -60.0487528                  0.0

 9049C                -56240.42756821  112646.91421564      -.5741321444511  1.1944790113012      67261.859687342  67261.859687342
                      97602.979407658      119.9512473      1.0474504232407      118.7281808      1436.0258937067     1436.0258937

            TERRA                 0.0              0.0      .57413214445114  1.1944790113012                  0.0
                                  0.0              0.0      -1.047450423241      -61.2718192                  0.0

 ST003C               -203773.9611866  408149.59912345      .15845718979836  .32966933211988      -67261.87531152  -67261.87531152
                      353641.43988929      119.9512472      -.2890902757645      -61.2718147      -1436.020935969    -1436.0209360

            TERRA                 0.0              0.0      -.1584571897984  .32966933211988                  0.0
                                  0.0              0.0      .28909027576447      118.7281853                  0.0

 XX0013               -56240.42756821  112646.91421564      .72759576142E-8  .16269535827E-7      -.9147566248E-3  .1084202172E-18
                      97602.979407658      119.9512473      -.1455191523E-7      -63.4349488       -.541253966E-4              0.0

            MEASUC    -56240.42756821  112646.91421564      -.7275957614E-8  .16269535827E-7      .91475662478E-3
                      97602.979407658      119.9512473      .14551915228E-7      116.5650512      .54125396596E-4

 XX0015               -56406.44586017  112646.91421811      .72759576142E-8  .16269535827E-7      -.9146631902E-3  .2168404345E-18
                      -97507.12870496     -120.0487527      .14551915228E-7       63.4349488      .55682041476E-4              0.0

            MEASUB    -56406.44586017  112646.91421811      -.7275957614E-8  .16269535827E-7      .91466319016E-3
                      -97507.12870496     -120.0487527      -.1455191523E-7     -116.5650512      -.5568204148E-4

 XX0017               112646.87345198  112646.91423144      -.1455191523E-7  .14551922167E-7      -.8196145577E-3  .1084202172E-18
                      -95.85070654202       -0.0487527      .1421085472E-10      179.9440471      -.1029984983E-6              0.0

            MEASUA    112646.87345198  112646.91423144      .14551915228E-7  .14551922167E-7      .81961455767E-3
                      -95.85070654202       -0.0487527      -.142108547E-10       -0.0559529      .10299849828E-6

 X0001A               408173.07596042  408173.07625517      -.3510834322E-4  .92382657754177                  0.0              0.0
                      -15.51187290096       -0.0021774      -.9238265768747      -90.0021774      188540.56804075   188540.5680408

            TERRA                 0.0              0.0      .35108343218E-4  .92382657754177                  0.0
                                  0.0              0.0      .92382657687466       89.9978226                  0.0

 X0001B               -204099.9716543  408173.07625171      -.8000397300865  .92382657753396                  0.0              0.0
                      -353480.4969832     -120.0021774      .46194369315012      149.9978226      188540.56803756   188540.5680376

            TERRA                 0.0              0.0      .80003973008653  .92382657753396                  0.0
                                  0.0              0.0      -.4619436931501      -30.0021774                  0.0

 X0001C               -204073.1043141  408173.07625262      .80007483841665  .92382657753601                  0.0              0.0
                      353496.00885034      119.9978226      .46188288374268       29.9978226       188540.5680384   188540.5680384

            TERRA                 0.0              0.0      -.8000748384167  .92382657753601                  0.0
                                  0.0              0.0      -.4618828837427     -150.0021774                  0.0

 X0002A               408169.10020079  408169.10043707      -.3143309484E-4  .92381757899031      .8881784197E-15  .8881784197E-15
                      -13.88804276688       -0.0019495      -.9238175784556      -90.0019495      188536.89509221   188536.8950922

            TERRA                 0.0              0.0      .31433094842E-4  .92381757899031                  0.0
                                  0.0              0.0      .92381757845556       89.9980505                  0.0

 X0002B               -204096.5774965  408169.10043378      -.8000337748514  .92381757898288                  0.0              0.0
                      -353477.8657896     -120.0019495      .46193601108248      149.9980505      188536.89508918   188536.8950892

            TERRA                 0.0              0.0      .80003377485141  .92381757898288                  0.0
                                  0.0              0.0      -.4619360110825      -30.0019495                  0.0

 X0002C               -204072.5227113  408169.10043485      .80006520793531  .92381757898531                  0.0              0.0
                      353491.75382749      119.9980505      .46188156738898       29.9980505      188536.89509017   188536.8950902

            TERRA                 0.0              0.0      -.8000652079353  .92381757898531                  0.0
                                  0.0              0.0       -.461881567389     -150.0019495                  0.0

     Total network loss  P-loss  by summing injections =   6.192346325549E+05

Output for steady-state phasor switch currents.
      Node-K    Node-M            I-real            I-imag            I-magn          Degrees        Power            Reactive
      X0003A    390A          3.86382192E-01   -1.45138673E+00    1.50193696E+00     -75.0927    7.88683864E+04    2.96239190E+05
      X0003B    390B         -1.45012896E+00    3.91076623E-01    1.50193706E+00     164.9073    7.88683864E+04    2.96239211E+05
      X0003C    390C          1.06374684E+00    1.06031003E+00    1.50193699E+00      44.9073    7.88683469E+04    2.96239206E+05
      X0004A    9049A         1.88935049E+00   -2.98646242E-02    1.88958651E+00      -0.9056    1.06416144E+05    1.59153048E+03
      X0004B    9049B        -9.70538884E-01   -1.62129314E+00    1.88958651E+00    -120.9056    1.06416144E+05    1.59153798E+03
      X0004C    9049C        -9.18811620E-01    1.65115795E+00    1.88958656E+00     119.0944    1.06416147E+05    1.59153869E+03
      X0006A    391A          1.49801510E-01   -5.63099441E-01    5.82684712E-01     -75.1026    2.10974251E+04    7.92942408E+04
      X0006B    391B         -5.62559224E-01    1.51817831E-01    5.82684764E-01     164.8974    2.10974256E+04    7.92942484E+04
      X0006C    391C          4.12757722E-01    4.11281607E-01    5.82684733E-01      44.8974    2.10974179E+04    7.92942458E+04
      XX0012    XX0013            Open              Open              Open             Open          Open              Open
      XX0014    XX0015            Open              Open              Open             Open          Open              Open
      XX0016    XX0017            Open              Open              Open             Open          Open              Open
      9049A     MEASUA        3.93131074E-07   -7.45709769E-08    4.00141065E-07     -10.7405    2.21460670E-02    4.18125276E-03
      9049B     MEASUB       -2.89669515E-08    4.45515980E-08    5.31406545E-08     123.0315   -1.35508781E-03    2.66874078E-03
      9049C     MEASUC       -2.98721034E-07   -1.46075308E-07    3.32524062E-07    -153.9413    1.27140668E-03   -1.86857003E-02

Solution at nodes with known voltage.   Nodes that are shorted together by switches are shown as a group of names, with the printed
result applying to the composite group.   The entry "MVA" is  SQRT( P**2 + Q**2 )  in units of power,  while  "P.F."  is the
associated power factor.
              Node                Source  node  voltage             Injected  source  current              Injected  source  power
              name         Rectangular            Polar          Rectangular            Polar            P  and  Q    MVA and P.F.

              X0008A        408248.29        408248.29      .38638219240102  1.5019369615782      78869.934667083  306581.59812605
                                  0.0              0.0      -1.451386729287      -75.0926991      296263.07518004        0.2572559

              X0008B      -204124.145        408248.29       -1.45012896473  1.5019370623243      78869.934639857  306581.61869076
                      -353553.3901916     -120.0000000      .39107662271499      164.9072999      296263.09646824        0.2572559

              X0008C      -204124.145        408248.29      1.0637468448585  1.5019369856642      78869.895215438  306581.60304259
                      353553.39019156      120.0000000      1.0603100296421       44.9072930      296263.09077046        0.2572558

              X0007A       112676.528       112676.528      1.8893504885456  1.8895865061824      106442.72661221  106456.02343614
                                  0.0              0.0       -.029864624208       -0.9055887      1682.5210828936        0.9998751

              X0007B       -56338.264       112676.528       -.970538883566  1.8895865099863      106442.72670808  106456.02365045
                      -97580.73565823     -120.0000000       -1.62129314259     -120.9055927      1682.5285773332        0.9998751

              X0007C       -56338.264       112676.528      -.9188116199798  1.8895865588392      106442.72944937  106456.02640274
                      97580.735658229      120.0000000      1.6511579483308      119.0944069       1682.529294901        0.9998751

              X0005A        281691.32        281691.32      .14980150975703  .58268471163911      21098.892510725   82068.61278272
                                  0.0              0.0      -.5630994413534      -75.1026290      79310.112463045        0.2570885

              X0005B       -140845.66        281691.32      -.5625592242781  .58268476438498      21098.893065865  82068.620211748
                      -243951.8391456     -120.0000000      .15181783105436      164.8973700      79310.120002779        0.2570884

              X0005C       -140845.66        281691.32      .41275772237532  .58268473292332      21098.885354327  82068.615780509
                      243951.83914557      120.0000000      .41128160741937       44.8973653      79310.117468919        0.2570884

  ---- Initial flux of coil  "X0001A"  to  "      "  =  -4.11465208E-02
  ---- Initial flux of coil  "X0001B"  to  "      "  =  -9.37636140E+02
   Warning.  Preceding flux exceeds the 1st segment.  This means that the steady state solution is not really sinusoidal.
  ---- Initial flux of coil  "X0001C"  to  "      "  =  9.37677286E+02
   Warning.  Preceding flux exceeds the 1st segment.  This means that the steady state solution is not really sinusoidal.
  ---- Initial flux of coil  "X0002A"  to  "      "  =  -3.68391776E-02
  ---- Initial flux of coil  "X0002B"  to  "      "  =  -9.37629160E+02
   Warning.  Preceding flux exceeds the 1st segment.  This means that the steady state solution is not really sinusoidal.
  ---- Initial flux of coil  "X0002C"  to  "      "  =  9.37665999E+02
   Warning.  Preceding flux exceeds the 1st segment.  This means that the steady state solution is not really sinusoidal.

Card of names for time-step loop output.          |  9049A 9049B 9049C T_MANAT_MANBT_MANC1_2LTC1_2LTA1_2LTBT_OPOAT_OPOBT_OPOC
Output voltage differences for pairs of A6 names  |-5T_MANAT_MANCT_MANBT_MANAT_MANCT_MANB1_2LTC1_2LTB1_2LTA1_2LTC1_2LTB1_2LTA
Output voltage differences for pairs of A6 names  |-5T_OPOAT_OPOCT_OPOBT_OPOAT_OPOCT_OPOB
Blank card ending requests for output variables.  |BLANK OUTPUT

Column headings for the  43   EMTP output variables follow.  These are divided among the 5 possible classes as follows ....
  First  30     output variables are electric-network voltage differences (upper voltage minus lower voltage);
  Next   13     output variables are branch currents (flowing from the upper node to the lower node);
Branch power  consumption (power  flow, if a switch) is treated like a branch voltage for this grouping (9  variables);
Branch energy consumption (energy flow, if a switch) is treated like a branch current for this grouping (9  variables).
   Step      Time      XX0013     XX0015     XX0017     TERRA      TERRA      TERRA      TERRA      TERRA      TERRA      9049A
                       MEASUC     MEASUB     MEASUA     PRMANA     PRMANB     PRMANC     PROPOA     PROPOB     PROPOC

                       9049B      9049C      T_MANA     T_MANB     T_MANC     1_2LTC     1_2LTA     1_2LTB     T_OPOA     T_OPOB
 

                       T_OPOC     T_MANA     T_MANB     T_MANC     1_2LTC     1_2LTA     1_2LTB     T_OPOA     T_OPOB     T_OPOC
                                  T_MANC     T_MANA     T_MANB     1_2LTB     1_2LTC     1_2LTA     T_OPOC     T_OPOA     T_OPOB

                       XX0012     XX0014     XX0016     TERRA      TERRA      TERRA      TERRA      TERRA      TERRA      XX0013
                       XX0013     XX0015     XX0017     PRMANA     PRMANB     PRMANC     PROPOA     PROPOB     PROPOC     MEASUC

                       XX0015     XX0017     1_2LTA
                       MEASUB     MEASUA     TERRA
 ***      Phasor I(0) =  3.8638219E-01                     Switch  "X0003A"  to  "390A  "  closed in the steady-state.
 ***      Phasor I(0) = -1.4501290E+00                     Switch  "X0003B"  to  "390B  "  closed in the steady-state.
 ***      Phasor I(0) =  1.0637468E+00                     Switch  "X0003C"  to  "390C  "  closed in the steady-state.
 ***      Phasor I(0) =  1.8893505E+00                     Switch  "X0004A"  to  "9049A "  closed in the steady-state.
 ***      Phasor I(0) = -9.7053888E-01                     Switch  "X0004B"  to  "9049B "  closed in the steady-state.
 ***      Phasor I(0) = -9.1881162E-01                     Switch  "X0004C"  to  "9049C "  closed in the steady-state.
 ***      Phasor I(0) =  1.4980151E-01                     Switch  "X0006A"  to  "391A  "  closed in the steady-state.
 ***      Phasor I(0) = -5.6255922E-01                     Switch  "X0006B"  to  "391B  "  closed in the steady-state.
 ***      Phasor I(0) =  4.1275772E-01                     Switch  "X0006C"  to  "391C  "  closed in the steady-state.
 ***      Phasor I(0) =  3.9313107E-07                     Switch  "9049A "  to  "MEASUA"  closed in the steady-state.
 ***      Phasor I(0) = -2.8966952E-08                     Switch  "9049B "  to  "MEASUB"  closed in the steady-state.
 ***      Phasor I(0) = -2.9872103E-07                     Switch  "9049C "  to  "MEASUC"  closed in the steady-state.
      0       0.0   .5294E-19  .5294E-19 .21176E-18        0.0        0.0        0.0        0.0        0.0        0.0 112646.873
                   -56406.446 -56240.428        0.0        0.0        0.0        0.0        0.0        0.0        0.0        0.0
                          0.0        0.0        0.0        0.0        0.0        0.0        0.0        0.0        0.0        0.0
                          0.0        0.0        0.0        0.0        0.0        0.0        0.0        0.0        0.0        0.0
                          0.0        0.0        0.0
    500      .005         0.0        0.0        0.0        0.0        0.0        0.0        0.0        0.0        0.0 -34718.646
                   110165.368 -75446.722        0.0        0.0        0.0        0.0        0.0        0.0        0.0        0.0
                          0.0        0.0        0.0        0.0        0.0        0.0        0.0        0.0        0.0        0.0
                          0.0        0.0        0.0        0.0        0.0        0.0        0.0        0.0        0.0  .2647E-24
                    .2647E-24 .10588E-23        0.0
   1000       .01         0.0        0.0        0.0        0.0        0.0        0.0        0.0        0.0        0.0 -91189.599
                    -11679.48 102869.079        0.0        0.0        0.0        0.0        0.0        0.0        0.0        0.0
                          0.0        0.0        0.0        0.0        0.0        0.0        0.0        0.0        0.0        0.0
                          0.0        0.0        0.0        0.0        0.0        0.0        0.0        0.0        0.0  .2647E-24
                    .2647E-24 .10588E-23        0.0
   1500      .015         0.0        0.0        0.0        0.0        0.0        0.0        0.0        0.0        0.0 91076.9171
                   -102947.05 11870.1352        0.0        0.0        0.0        0.0        0.0        0.0        0.0        0.0
                          0.0        0.0        0.0        0.0        0.0        0.0        0.0        0.0        0.0        0.0
                          0.0        0.0        0.0        0.0        0.0        0.0        0.0        0.0        0.0  .2647E-24
                    .2647E-24 .10588E-23        0.0
   2000       .02         0.0        0.0        0.0        0.0        0.0        0.0        0.0        0.0        0.0 34900.9684
                   75304.2572 -110205.23        0.0        0.0        0.0        0.0        0.0        0.0        0.0        0.0
                          0.0        0.0        0.0        0.0        0.0        0.0        0.0        0.0        0.0        0.0
                          0.0        0.0        0.0        0.0        0.0        0.0        0.0        0.0        0.0  .2647E-24
                    .2647E-24 .10588E-23        0.0
 ***                                                             Close switch  "XX0012"  to  "XX0013"  after  2.00100000E-02  sec.
 ***                                                             Close switch  "XX0014"  to  "XX0015"  after  2.00100000E-02  sec.
 ***                                                             Close switch  "XX0016"  to  "XX0017"  after  2.00100000E-02  sec.
   2500      .025  4.57482887 .308680341 761.551137 12.8267042 108.204701 21.1958283 .398473249 559.906133 33.8419352 -41731.886
                   121203.595 53643.4145 -41730.141  121203.56 53643.5498 58138.3795 -86.503752 141573.363 7355.15616 142024.339
                   67782.8628 -95373.691 162933.701  -67560.01 -83434.984 -58224.883 141659.867 -60427.707 134669.183 -74241.476
                   67.6374812 -17.569301 872.668973 .022381309 2.21101535 3.51862817 .006116806  2077.9554 3366.51718  .07483079
                   .039635796 .773756341 -865.03752
   3000       .03  .851488025 8.29793094  1340.7294  .02603794 133.064232  33.659963 .032343244 1089.87358 36.4857247 1877.84775
                   -134407.52 67600.4371 1880.16354 -134407.34 67600.3788 66117.5726  -117.9954 -147008.93 2095.48279 -149180.61
                   70380.7355 -65720.215  -136287.5 202007.716 213126.502 -66235.568 -146890.93 -68285.253 -151276.09 219561.342
                   -29.180268 91.0929796  1157.8987 .047497247 2.39839635 4.95913207 .006474993 2078.37146 3948.90607 .094748205
                   .066556962 9.05141374  -1179.954
   3500      .035  3.45284013 6.54308081 395.999062 6.94474232 2.82187154 119.864822 .838539E-3   10.30152 724.058423  30707.056
                   -19572.998 -127567.07 30705.7974 -19573.159 -127566.95 -143208.39  63.451298 -37552.826 337.406952 -37397.534
                    -144311.6 158272.751 -50278.957 -107993.79 -105655.57 143271.843 -37616.278 144649.009 -37734.941 -106914.07
                   58.7608724 -80.889312 -629.28456 .079820739 4.09025098 5.16480433 .006603482 2263.49759 3949.19704 .104971459
                   .080193928 10.9328737  634.51298
   4000       .04  4.21869844 1.04028326 48.9392991 5.94289857 131.408234 .006631735 .196474E-3 1356.35744 .414178509  -28404.34
                   133568.298 948.998112 -28404.783 133568.363 948.868209  8079.3546 22.8433012 148873.101 -163.32186 152553.603
                   7498.70196 -29353.651 161973.145 -132619.49 -140793.75 -8056.5113 148850.258 -7662.0238 152716.925  -145054.9
                   -64.951508 32.2534225 -221.22228 .091860314 4.57521844 5.97601332 .006645851 2264.80762 3951.27961 .112217404
                   .086820951 13.5057352 228.433012
   4500      .045  .174223536 .171059715 1181.79098 1.23189257  43.376999 120.206954 .733635E-5 42.2447221 295.591495 -12934.562
                   -76740.074 127748.856 -12932.388 -76740.048 127748.882 136718.773 -109.38692 -75107.232  31.559665 -75731.846
                    138187.56 -140681.27 -63807.659  204488.93 211826.005 -136828.16 -74997.845   -138156. -75763.405 213919.406
                   13.1993764 13.0789799  1087.1021 .127553892 4.78601306 6.36732959 .006665654 2265.23554 3952.66085 .118004626
                   .093009951 16.0600711 -1093.8692
   5000       .05  .789965396 1.05966769 69.8013895 9.61410054  46.222559 61.3476063   .5365E-3    62.1584 86.0341981 36128.7548
                   -79217.102 -91262.296 36128.2264 -79217.167  -91262.24 -107126.38 26.5127551 -91895.165 -269.88411 -91863.339
                   -108075.65 127390.466 -115345.39 -12045.073 -15231.212  107152.89 -91921.678 107805.769 -91593.455 -16212.315
                   28.1063231 -32.552537 -264.19953 .146506243 5.31009124 6.53750779 .006673259 2266.80454 3952.85883 .122995713
                   .095942563 18.5927252 265.127551
   5500      .055  1.20252046  .67409E-3 669.704502 .621829477 106.444841 27.7589461 .001145633 113.235254 22.8424655 -9186.5109
                   120213.884 -61389.389 -9188.1476 120213.882 -61389.458 -56169.717 82.5935047 124169.882 394.380255 123988.995
                    -55688.28 52201.3104  129402.03 -181603.34  -180339.6 56252.3107 124087.288 56082.6599 123594.615 -179677.28
                   -34.677377 -.82103011 -818.35475 .168545006 5.48839264 7.00558609 .006676557 2267.00177 3954.07312 .124826106
                   .100039453 22.0431171 825.935047
   6000       .06  .337907E-3 .646813519 684.637291 6.98150634 1.24303451 118.561583 .343574E-4 5.19750251 367.933727  -30788.62
                   12990.6896 126871.567 -30786.965 12990.7404 126871.568 139106.548 -83.276923 26204.4085 68.2971226 26563.7672
                   139257.878 -157658.53 43777.7056 113880.828  112902.14 -139189.82 26287.6854 -139189.58 26495.4701  112694.11
                   .581297621 25.4325288 827.428118 .201901396 5.88803818   7.212103   .0066779 2268.22049 3954.51924 .128705965
                   .102439922 23.3279463 -832.76923
   6500      .065  .743733963 .004984162  113.71836   5.769739 122.536378 1.35440677 .461792E-3 512.378872 4.64939901 27987.2309
                   -128980.73 -13560.279 27987.9054 -128980.73 -13560.224 -24913.043 -34.304337 -141147.06 -250.38918   -141349.
                   -25124.112 41548.1296 -156968.64 115420.506 116234.022 24878.7389 -141112.76 24873.7229 -141098.61  116224.89
                   27.2714863 -2.2325236 337.221529 .214098053 6.23385216 7.53997786  .00667858 2268.91556 3954.95025 .131114627
                   .104952846  27.108188 -343.04337
   7000       .07  .043228524 .874294869 1039.15606 1.34648082  32.621963   103.3691 .686187E-4 27.1115284 113.037957 13522.5278
                   66549.9516 -118464.34  13520.489 66549.8925 -118464.35 -123788.61 102.780803 60866.5669 96.5191513  60669.346
                   -123880.93  131984.84 53029.4035 -185014.24 -184655.17 123891.388 60763.7861 123977.451 60572.8268 -184550.28
                   -6.5748402 -29.568478   -1019.39 .249260126 6.44676077 7.92759602 .006678862 2269.40737 3955.85078 .133322262
                   .108760588 29.2548645 1027.80803
   7500      .075  .731197857 .715929783 91.4026281 9.72587102 57.1468436 53.0612866 .639639E-5 80.0138292 71.8610497 -36338.232
                   88082.2039 84875.3303 -36337.627 88082.2575 84875.2763 98783.3178 -30.207078 103881.458 29.4686247 104225.705
                   98773.1925  -121212.9 124419.885 -3206.9812   -5098.14 -98813.525 103911.665 -98743.724 104196.236 -5452.5121
                    -27.04067 26.7568643 302.328676 .268335293 6.93324206 8.09707979 .006679157 2270.60355 3956.04136 .136983284
                   .110170499 31.4871893 -302.07078
   8000       .08  .626386282 .116012685 703.357927 .588609017 111.526672 32.6013982  .10889E-3  121.03209 29.8627986  8937.6691
                   -123050.04 66528.8627 8939.34643 -123050.02 66528.9127 63472.1178 -84.717788 -127920.18 -121.58689 -128186.59
                   63673.3303 -57589.566 -131989.37 189578.931 191392.297 -63556.836 -127835.46 -63794.917   -128065. 191859.915
                   25.0277103 10.7709184 838.664371 .290486366 7.11063442 8.56301725 .006679301 2270.79913 3956.86372 .138340451
                   .114049311  35.156551 -847.17788
   8500      .085  .118027318 1.18321969 666.952367 6.97561809 .936428531  119.46008 .109801E-4  4.2032306 427.053065 30775.6128
                   -11275.271 -127351.42 30773.9795  -11275.34  -127351.4 -139850.59 82.1996401 -23783.237 38.6095925 -23888.227
                   -140120.96 158125.376 -42049.319 -116076.06 -116067.36 139932.795 -23865.437 140159.566 -23926.837 -116232.73
                   10.8640378 -34.397961 -816.67152 .323769144  7.5128094 8.76796024 .006679446 2271.86365 3957.17732 .142067232
                   .116320052 36.4539256 821.996401
   9000       .09  1.12881252 .120887497 109.916312 5.75791426 123.543547 1.22581154 .540794E-4 570.021009 4.23312638 -27958.548
                   129509.692 12900.4966 -27959.211 129509.714 12900.4294 23936.5576  33.693865 141909.313 85.6856493 142167.285
                   23973.0301  -40859.64 157468.925 -116609.28 -117972.76 -23902.864 141875.619 -23887.344 142081.599 -118194.25
                   -33.597805 10.9948851 -331.53629 .335952477 7.86020218 9.09837871 .006679649 2272.73855  3957.8537 .144298778
                   .118595034 40.1575398  336.93865
   9500      .095  .122116087  .67651076 1046.17314 1.34118083 34.3686097 105.031602 .358621E-4  29.487498 115.752696 -13495.899
                   -68308.323  119413.17 -13493.853 -68308.271 119413.192 125099.156 -103.14091 -63290.752 -69.776621 -63271.958
                   125359.678 -132907.05 -54814.418 187721.463 188389.908  -125202.3 -63187.611 -125429.46 -63202.181 188631.637
                   11.0506148 26.0098204 1022.82606 .371142298 8.07127395 9.48702763 .006679723 2273.11598 3958.65736 .146488288
                    .12237094 42.3257101 -1031.4091
  10000       0.1  .667563955 .669049227 90.0595756 9.70600585 55.8310225 55.1960034 .762242E-5  77.700015 75.4940105 36301.0985
                   -87062.242 -86565.808 36300.4983 -87062.293 -86565.757 -101066.06 29.9960236 -102475.97 -32.169092 -102707.67
                   -101239.17 122866.255 -123362.79 496.536866 1409.90935 101096.057 -102505.97 101206.997  -102675.5 1468.50032
                   25.8372591 -25.865986 -300.09928 .390210576 8.55725031  9.6557681 .006679937 2274.26096 3958.84681 .150192507
                   .123708791 44.5754667 299.960236
  10500      .105  .684545099 .108138608 700.877418 .588328965 109.637701 31.7869738 .571008E-4   118.0014 28.7388302 -8935.5452
                   122003.516 -65692.616 -8937.2196 122003.495 -65692.669 -62336.538 84.5773103 126464.591 88.0467916  126571.49
                   -62463.578 56755.4491 130940.715 -187696.16 -188801.13 62421.1155 126380.014 62551.6245 126483.443 -189035.07
                   -26.163813 -10.398972 -837.18422 .412356524  8.7346771  10.121662 .006680048 2274.45662 3959.74075 .151487164
                   .127499335 48.2318515 845.773103
  11000       .11  .094235752 1.06683104 668.437184 6.97873423 1.02530831 118.688327 .344906E-5  4.4905927 385.106234 -30782.488
                   11798.2378 126939.383 -30780.852 11798.3032 126939.363 139284.811 -82.281001 24509.3424 -21.639279 24691.3108
                   139509.634 -157720.22 42579.1555  115141.06 114775.468 -139367.09 24591.6234 -139531.27   24712.95 114818.323
                   -9.7075101 32.6623795 817.580078 .445643307 9.13673324 10.3265748 .006680185 2275.54927 3960.04878 .155156426
                   .129744197 49.5282704 -822.81001
  11500      .115  1.03267298 .093689803  110.20569 5.75812411 123.526182 1.18701615 .446479E-4 567.867398  4.1234863 27959.0564
                   -129500.59 -12694.711 27959.7204 -129500.61 -12694.647 -23654.354 -33.734241 -141891.24 -77.856146 -142136.87
                   -23660.537 40654.3673 -157460.33 116805.965 118236.885 23620.6198  -141857.5 23582.6805 -142059.02 118476.336
                   32.1352295 -9.6793493 331.972423 .457826782 9.48392851 10.6567892 .006680379 2276.39422 3960.70609 .157378188
                   .132041438 53.2363407 -337.34241
  12000       .12  .100448749 .723644992  1045.8188 1.34229297 34.3264633 104.676071 .324827E-4 29.4169582 115.209189  13501.492
                   68266.4289 -119210.89 13499.4467 68266.3751 -119210.91 -124826.48 103.121856  63225.109 66.4076413 63196.2334
                   -125065.02 132710.361 54766.9283 -187477.29 -188051.59 124929.601 63121.9871 125131.432 63129.8258 -188261.26
                   -10.022412  -26.90065 -1022.6528 .493015711 9.69517972 11.0452095 .006680452  2276.7841 3961.53391 .159575988
                   .135814341 55.4031111 1031.21856
  12500      .125  .685923856 .699073551 90.0838656 9.70746298 56.1062969 54.9614752 .958201E-5 78.1893214 75.0936061 -36303.823
                   87276.6066 86381.7039 -36303.223 87276.6595 86381.6515   100816.2 -30.004454 102771.409 36.0678842 103030.554
                   100970.334 -122684.87 123579.883 -895.00802 -1955.2089  -100846.2 102801.413 -100934.27 102994.486 -2060.2199
                   -26.190148 26.4399991 300.139744   .5120842 10.1813351 11.2141134 .006680665 2277.93553 3961.72361 .163268124
                   .137146136 57.6519506 -300.04454
  13000       .13  .692098751 .107814448 700.914298 .588320775 110.007219 31.9363229 .570063E-4 118.570782 28.9532496 8935.48295
                   -122208.94 65846.7616 8937.15736 -122208.92 65846.8142 62549.5877  -84.58158  -126745.3 -87.973867 -126876.49
                    62696.164 -56909.657 -131146.08 188055.734 189294.888 -62634.169 -126660.72 -62784.138 -126788.52 189572.654
                   26.3077698 10.3833737 837.206246 .534230649  10.358673 11.6800625 .006680774 2278.13103 3962.61097  .16456418
                   .140949157 61.3090813  -845.8158
  13500      .135  .097076827 1.07547948 668.379016 6.97833676 1.00985635 118.965116 .255566E-5 4.44286764 400.443103 30781.6109
                   -11708.997 -127087.31 30779.9758 -11709.062 -127087.29 -139488.14 82.2773387 -24386.413 18.6270296 -24559.753
                   -139733.74 157867.269 -42489.038 -115378.23 -115101.73 139570.415  -24468.69 139752.371  -24578.38 -115173.99
                   9.85275738 -32.794504  -817.5445 .567517213  10.760745 11.8849305 .006680912  2279.2178 3962.92226 .168243107
                    .14319589 62.6055968 822.773387
  14000       .14  1.04783852 .097299679 110.178502 5.75817299 123.390453 1.19376074 .438507E-4 560.432832 4.14235801 -27959.175
                   129429.426 12730.7259 -27959.839 129429.446 12730.6611 23704.3153 33.7307991 141794.562 77.1579524 142031.789
                   23714.6177   -40690.5 157389.285 -116698.78 -118090.25 -23670.585 141760.831  -23637.46 141954.631 -118317.17
                   -32.370334 9.86405998 -331.93147 .579700647 11.1079713 12.2151765 .006681106  2280.0678 3963.58267  .17046494
                   .145488676 66.3133864 337.307991
  14500      .145  .103602968 .712138464 1045.89143 1.34233821 34.3221752 104.665813 .318812E-4 29.4105484 115.195063  -13501.72
                   -68262.164 119205.052 -13499.674 -68262.111 119205.073 124818.916 -103.12424 -63219.092 -65.789931 -63189.348
                   125057.357 -132704.75 -54762.437 187467.184 188038.008 -124922.04 -63115.968 -125123.15 -63123.558 188246.705
                   10.1785543 26.6859226 1022.68833 .614889587 11.3192099  12.603628  .00668118 2280.45343 3964.40846  .17266065
                   .149259886  68.480224 -1031.2424
  15000       .15  .678971328 .693434912 90.0738845 9.70750654 56.0683829 54.9777007 .960841E-5 78.1235768 75.1228166 36303.9048
                   -87247.113 -86394.453 36303.3045 -87247.166 -86394.401 -100834.12 30.0032126 -102731.41 -36.117532 -102987.23
                   -100989.97 122697.706 -123550.47 852.764546  1897.2869 100864.124 -102761.41 100953.853 -102951.11 1997.25858
                   26.0570782 -26.333152 -300.12312 .633957975 11.8053252 12.7725261 .006681392 2281.60317 3964.59815 .176353239
                   .150592693 70.7291187 300.032126
  15500      .155  .689293137 .108870426 700.908548 .588281603 109.970204  31.901359 .574789E-4 118.513341 28.9034056 -8935.1854
                   122188.379 -65810.707 -8936.8598 122188.358  -65810.76 -62500.309 84.5811546 126716.782 88.3377925 126845.754
                   -62642.174 56873.8999 131125.218 -187999.12 -189217.09 62584.8903   126632.2 62730.5117 126757.416 -189487.93
                   -26.254393 -10.434099 -837.20281 .656104471 11.9826644 13.2384501 .006681501 2281.79867 3965.48665 .177649913
                   .154393929 74.3862017 845.811546
  16000       .16  .096964644  1.0761917 668.372687 6.97840259 1.01455541 118.927045 .243062E-5 4.45770386 398.376263 -30781.756
                   11736.2072 127066.976 -30780.121 11736.2729 127066.956 139460.215 -82.277215 24423.8176 -18.165653 24600.7257
                   139703.582 -157847.08 42516.3939 115330.683 115036.398 -139542.49 24506.0948 -139721.75 24618.8914 115102.857
                   -9.8470627 32.8053609 817.540634 .689391055  12.384745 13.4433239 .006681639 2282.88544 3965.79744 .181326841
                   .156639583 75.6827234 -822.77215
  16500      .165  1.04679984 .096701726 110.175773 5.75822572 123.419951 1.19115421 .441452E-4 562.079127   4.135184 27959.3032
                    -129444.9  -12716.82  27959.967 -129444.92 -12716.755 -23685.305 -33.730634 -141815.85 -77.416592 -142055.07
                   -23694.074 40676.7221 -157404.88 116728.161 118130.542 23651.5745 -141782.12 23616.6569 -141977.65 118360.998
                   32.3542862 -9.8337036  331.92736 .701574505 12.7319645 13.7735662 .006681833 2283.73424  3966.4577 .183548176
                   .158933629  79.390526 -337.30634
  17000       .17  .102950323 .713596537 1045.89329 1.34232172 34.3256039 104.680342 .318051E-4 29.4152906 115.217743 13501.6367
                   68265.5739 -119213.33 13499.5913 68265.5205 -119213.35 -124830.17 103.124247 63223.8498 65.7114261 63194.4421
                   -125069.67 132712.937 54765.9291 -187478.87 -188054.02 124933.295 63120.7255 125135.379 63128.7307 -188264.11
                   -10.146444 -26.713228 -1022.6892 .736763444 12.9432091  14.162011 .006681907 2284.12075 3967.28354 .185744514
                   .162705374 81.5573614 1031.24247
  17500      .175  .680304201 .694664756 90.0745775  9.7075365 56.0663109 54.9747523  .95872E-5 78.1200787 75.1177648 -36303.961
                   87245.5009 86392.1367 -36303.361 87245.5536 86392.0846 100831.026 -30.003293 102729.303 36.0776433 102984.923
                   100986.574 -122695.45 123548.914 -853.46905  -1898.277 -100861.03 102759.306  -100950.5 102948.845 -1998.3485
                   -26.082642 26.3564936  300.12427 .755831836 13.4293308 14.3309125 .006682119 2285.27045 3967.47323 .189437205
                   .164038106 83.8062497 -300.03293
  18000       .18  .689936923 .108511673 700.912155 .588283998 109.977353 31.9040668 .575869E-4 118.524539 28.9072179 8935.20361
                   -122192.35 65813.5003 8936.87802 -122192.33 65813.5528 62504.1438 -84.581279 -126722.24 -88.420764 -126851.75
                    62646.305 -56876.675 -131129.21 188005.882 189226.386 -62588.725 -126637.66 -62734.726 -126763.33 189498.051
                   26.2666504 10.4168937 837.204966 .777978323 13.6066705 14.7968416 .006682228 2285.46596 3968.36158 .190733877
                   .167839373 87.4633352 -845.81279
  18500      .185  .096822346  1.0759324 668.370479 6.97839347 1.01379649 118.933614 .244159E-5 4.45532305 398.735847  30781.736
                   -11731.817 -127070.48 30780.1009 -11731.882 -127070.47 -139465.05 82.2771314 -24417.795 18.2065899 -24594.155
                   -139708.83 157850.566 -42511.983 -115338.58 -115047.25 139547.325 -24500.072 139727.037 -24612.362 -115114.68
                   9.83983468 -32.801409 -817.53928 .811264901 14.0087474 15.0017163 .006682366 2286.55272 3968.67252 .194411021
                   .170085172 88.7598573 822.771314
  19000       .19  1.04686762 .096708071 110.175538 5.75821483 123.415307 1.19186347 .441847E-4 561.822942 4.13716378 -27959.277
                   129442.461 12720.6053 -27959.941  129442.48 12720.5406 23690.4833 33.7306119 141812.486 77.4511832 142051.449
                   23699.7448 -40680.481 157402.421 -116721.94   -118122. -23656.753 141778.755 -23622.294 141973.997  -118351.7
                   -32.355334 9.83402619 -331.92701 .823448355 14.3559666 15.3319571  .00668256 2287.40158 3969.33256 .196632491
                   .172379001 92.4676592 337.306119
  19500      .195  .103034558 .713426465 1045.89268 1.34232197 34.3233494 104.678019 .317836E-4 29.4121871 115.214087 -13501.638
                   -68263.332 119212.003 -13499.593 -68263.279 119212.023 124828.339 -103.12423 -63220.791 -65.689158 -63191.108
                   125067.683 -132711.62 -54763.686 187475.302  188049.13 -124931.46 -63117.667 -125133.37 -63125.419 188258.791
                    10.150594 26.7100443 1022.68894 .858637294 14.5672113 15.7204026 .006682634 2287.78801 3970.15838 .198828647
                   .176150595 94.6344956 -1031.2423
  20000       0.2  .680124049 .694411749 90.0748713 9.70753973 56.0669954 54.9739039  .95875E-5  78.121284 75.1162917 36303.9668
                   -87246.034  -86391.47 36303.3666 -87246.086 -86391.418 -100830.12 30.0033165 -102730.03 -36.078218 -102985.72
                   -100985.58 122694.784 -123549.45 854.668349 1899.91854  100860.12 -102760.04 100949.506 -102949.64 2000.13326
                   26.0791881 -26.351693 -300.12476 .877705686 15.0533319 15.8893034 .006682846 2288.93775 3970.34807 .202521272
                   .177483392 96.8833836 300.033165
  20500      .205  .689751458 .108570496 700.912548 .588284399 109.976744  31.904054 .575815E-4 118.523606  28.907193 -8935.2067
                   122192.012 -65813.487 -8936.8811 122191.991  -65813.54 -62504.118 84.5812915 126721.786 88.4166143 126851.247
                   -62646.278 56876.6584 131128.872 -188005.53  -189225.9 62588.6995 126637.204 62734.6946  126762.83 -189497.53
                    -26.26312 -10.419717  -837.2052 .899852172  15.230672 16.3552317 .006682955 2289.13325 3971.23638 .203817967
                   .181284682 100.540469 845.812915
  21000       .21   .09685696 1.07605088 668.370455 6.97839626 1.01385445 118.932302 .244396E-5  4.4555051 398.663758 -30781.742
                   11732.1522 127069.784 -30780.107 11732.2178 127069.765 139464.089 -82.277131 24418.2633 -18.215428 24594.6578
                   139707.779 -157849.87 42512.3249 115337.547 115045.825 -139546.37 24500.5404 -139725.99 24612.8733 115113.121
                   -9.8415934 32.8032144 817.539268 .933138751 15.6327494 16.5601065 .006683093 2290.22001 3971.54729 .207495098
                    .18353047 101.836991 -822.77131
  21500      .215  1.04689242   .0967224  110.17563 5.75821548  123.41653 1.19177977  .44194E-4 561.890745 4.13693169 27959.2783
                    -129443.1 -12720.159 27959.9422 -129443.12 -12720.094 -23689.869  -33.73062 -141813.36 -77.459333 -142052.41
                    -23699.08 40680.0361 -157403.06 116723.028 118123.495 23656.1386 -141779.63 23621.6207 -141974.95 118353.327
                   32.3557169 -9.8347547 331.927146 .945322206 15.9799688 16.8903476 .006683287 2291.06888 3972.20737 .209716555
                   .185824314 105.544793  -337.3062
  22000       .22  .103033569 .713447316  1045.8924 1.34232133 34.3237564  104.67871  .31787E-4 29.4127529  115.21517 13501.6348
                   68263.7368  -119212.4 13499.5894 68263.6833 -119212.42 -124828.88 103.124225 63221.3483 65.6927223 63191.7161
                   -125068.27 132712.007  54764.094  -187476.1 -188050.23 124932.005 63118.2241 125133.963 63126.0234 -188259.99
                   -10.150545 -26.710435 -1022.6888 .980511144 16.1912133 17.2787931 .006683361 2291.45532 3973.03318 .211912732
                   .189595937 107.711629 1031.24225
  22500      .225  .680156941 .694437305 90.0749057  9.7075386 56.0667872 54.9742405 .958797E-5 78.1209167 75.1168755 -36303.965
                   87245.8715 86391.7346 -36303.364 87245.9242 86391.6824 100830.476  -30.00332 102729.811  36.079091 102985.475
                   100985.977 -122695.05 123549.289  -854.2418 -1899.3353 -100860.48 102759.815  -100949.9 102949.396 -1999.4987
                   -26.079819 26.3521783 300.124817 .999579537  16.677334 17.4476939 .006683574 2292.60505 3973.22287 .215605376
                   .190928724 109.960517  -300.0332
  23000       .23  .689781702 .108559026 700.912543 .588284428 109.976559  31.904047 .575782E-4  118.52332  28.907182 8935.20688
                   -122191.91 65813.4798 8936.88129 -122191.89 65813.5323 62504.1059 -84.581291 -126721.65 -88.414086 -126851.09
                   62646.2661 -56876.651 -131128.77 188005.421 189225.752 -62588.687 -126637.06  -62734.68 -126762.68  189497.36
                   26.2636955 10.4191663 837.205198 1.02172602 16.8546741 17.9136223 .006683682 2292.80056 3974.11119 .216902062
                   .194730004 113.617603 -845.81291
  23500      .235  .096849958 1.07602052 668.370518 6.97839617 1.01384453  118.93234 .244437E-5 4.45547337  398.66592 30781.7419
                   -11732.095  -127069.8 30780.1068  -11732.16 -127069.78 -139464.12 82.2771329 -24418.184 18.2169658  -24594.57
                   -139707.81 157849.892 -42512.267 -115337.62 -115045.93 139546.396 -24500.461 139726.027 -24612.787 -115113.24
                    9.8412376 -32.802752 -817.53931  1.0550126 17.2567514 18.1184971  .00668382 2293.88732 3974.42209 .220579193
                   .196975795 114.914125 822.771329
  24000       .24  1.04687632 .096719092 110.175648 5.75821538 123.416369  1.1917931  .44193E-4  561.88189 4.13696825 -27959.278
                   129443.018 12720.2298 -27959.942 129443.038  12720.165 23689.9658 33.7306214 141813.249 77.4584763 142052.282
                   23699.1847 -40680.107 157402.979 -116722.87 -118123.28 -23656.235 141779.519 -23621.726 141974.824  -118353.1
                   -32.355468 9.83458652 -331.92717 1.06719606 17.6039708 18.4487381 .006684014 2294.73619 3975.08217 .222800652
                   .199269637 118.621927 337.306214
  24500      .245  .103032784 .713450759 1045.89239  1.3423215  34.323698 104.678556 .317875E-4 29.4126711 115.214925 -13501.636
                   -68263.679 119212.309  -13499.59 -68263.625  119212.33 124828.759 -103.12422 -63221.267 -65.693206 -63191.628
                   125068.138 -132711.92 -54764.035 187475.955 188050.026 -124931.88 -63118.143 -125133.83 -63125.935 188259.766
                   10.1505066  26.710499  1022.6888 1.10238499 17.8152153 18.8371836 .006684088 2295.12263 3975.90798 .224996827
                   .203041255 120.788763 -1031.2422
  25000       .25  .680153952 .694435234    90.0749 9.70753851 56.0668681 54.9741893 .958837E-5 78.1210579 75.1167881 36303.9645
                   -87245.935 -86391.694 36303.3643 -87245.987 -86391.642 -100830.42 30.0033192  -102729.9 -36.079841 -102985.57
                   -100985.92 122695.006 -123549.35 854.345058 1899.47486 100860.425  -102759.9 100949.838 -102949.49 1999.65049
                   26.0797613 -26.352139 -300.12481 1.12145339  18.301336 19.0060844 .006684301 2296.27237 3976.09767 .228689467
                   .204374043 123.037651 300.033192
  25500      .255  .689778334  .10856101 700.912518 .588284495 109.976597 31.9040726 .575783E-4 118.523381 28.9072197 -8935.2074
                    122191.93 -65813.506 -8936.8818  122191.91 -65813.559 -62504.143 84.5812906 126721.676  88.414108 126851.126
                   -62646.307 56876.6769 131128.791 -188005.47 -189225.82 62588.7246 126637.095  62734.721 126762.712 -189497.43
                   -26.263631 -10.419261 -837.20518 1.14359987 18.4786761 19.4720128 .006684409 2296.46787 3976.98599 .229986154
                   .208175326 126.694737 845.812906
  26000       .26  .096851689 1.07602503 668.370533 6.97839623 1.01384419 118.932355 .244434E-5 4.45547268 398.666651 -30781.742
                   11732.0928 127069.813 -30780.107 11732.1585 127069.793 139464.128 -82.277134 24418.1819 -18.216848 24594.5684
                   139707.821  -157849.9 42512.2654 115337.635 115045.946 -139546.41  24500.459 -139726.04 24612.7852 115113.252
                   -9.8413256 32.8028204 817.539316 1.17688645 18.8807534 19.6768876 .006684547 2297.55464  3977.2969 .233663286
                   .210421117 127.991258 -822.77134
  26500      .265  1.04687938 .096720108 110.175651 5.75821535 123.416377 1.19179075 .441928E-4 561.882226 4.13696218  27959.278
                   -129443.02 -12720.217 27959.9419 -129443.04 -12720.152  -23689.95 -33.730622 -141813.25 -77.458287 -142052.29
                   -23699.167 40680.0943 -157402.98 116722.889 118123.304 23656.2192 -141779.52 23621.7091 -141974.83  118353.12
                   32.3555154 -9.8346382 331.927177 1.18906991 19.2279728 20.0071287 .006684741 2298.40351 3977.95697 .235884745
                   .212714959  131.69906 -337.30622
  27000       .27   .10303325 .713449202 1045.89239 1.34232147 34.3237111  104.67857 .317876E-4 29.4126902 115.214949 13501.6354
                   68263.6917 -119212.32 13499.5901 68263.6383 -119212.34 -124828.77 103.124224 63221.2858 65.6933637 63191.6487
                   -125068.15 132711.927 54764.0483 -187475.98 -188050.06 124931.895 63118.1616 125133.844 63125.9553  -188259.8
                    -10.15053  -26.71047 -1022.6888 1.22425884 19.4392173 20.3955742 .006684815 2298.78995 3978.78279  .23808092
                   .216486578 133.865897 1031.24224
  27500      .275  .680153701  .69443535    90.0749 9.70753861  56.066855 54.9742034 .958834E-5  78.121036 75.1168106 -36303.965
                   87245.9243 86391.7054 -36303.364  87245.977 86391.6532 100830.435 -30.003319 102729.883 36.0797922 102985.554
                   100985.933 -122695.02 123549.341 -854.32373 -1899.4477 -100860.44 102759.887 -100949.85 102949.474  -1999.621
                   -26.079756 26.3521413 300.124807 1.24332724 19.9253381  20.564475 .006685028 2299.93968 3978.97248 .241773561
                   .217819366 136.114785 -300.03319
  28000       .28  .689778753 .108560914  700.91252 .588284451 109.976589 31.9040664 .575782E-4 118.523366 28.9072096 8935.20705
                   -122191.93 65813.4998 8936.88146  -122191.9 65813.5524 62504.1333 -84.581291 -126721.67 -88.414057 -126851.12
                    62646.296 -56876.671 -131128.79 188005.457 189225.802 -62588.715 -126637.09  -62734.71  -126762.7 189497.414
                   26.2636394 10.4192569 837.205184 1.26547372 20.1026781 21.0304034 .006685136 2300.13518 3979.86079 .243070248
                   .221620648  139.77187 -845.81291
  28500      .285  .096851411 1.07602415 668.370529 6.97839613 1.01384497 118.932351 .244432E-5 4.45547476 398.666484 30781.7418
                   -11732.097 -127069.81 30780.1068 -11732.163 -127069.79 -139464.13 82.2771333 -24418.187 18.2167815 -24594.574
                   -139707.82 157849.897  -42512.27 -115337.63 -115045.94 139546.403 -24500.464 139726.035 -24612.791 -115113.24
                   9.84131144 -32.802807 -817.53931  1.2987603 20.5047554 21.2352782 .006685274 2301.22195  3980.1717 .246747379
                   .223866439 141.068392 822.771333
  29000       .29  1.04687895 .096719919 110.175648 5.75821542 123.416375 1.19179081 .441927E-4 561.882183 4.13696184 -27959.278
                   129443.021 12720.2175 -27959.942  129443.04 12720.1528 23689.9491 33.7306214 141813.253 77.4582516 142052.286
                   23699.1664 -40680.095 157402.982 -116722.89  -118123.3 -23656.218 141779.523 -23621.708 141974.828 -118353.12
                   -32.355509 9.83462857 -331.92717 1.31094376 20.8519748 21.5655192 .006685468 2302.07082 3980.83178 .248968838
                   .226160281 144.776194 337.306214
  29500      .295  .103033054 .713449573 1045.89239 1.34232149 34.3237105 104.678569 .317877E-4 29.4126883 115.214946 -13501.636
                   -68263.691 119212.317  -13499.59 -68263.638 119212.337 124828.769 -103.12422 -63221.284 -65.693373 -63191.647
                   125068.149 -132711.93 -54764.047 187475.975 188050.053 -124931.89  -63118.16 -125133.84 -63125.953 188259.796
                   10.1505199 26.7104768 1022.68881 1.34613269 21.0632193 21.9539647 .006685542 2302.45726 3981.65759 .251165013
                     .2299319 146.943031 -1031.2422
  % % % % % %   Final time step,  PLTFIL  dumps plot data to ".PL4" disk file.
  Done dumping plot points to C-like disk file.
  30000       0.3  .680153688 .694435429 90.0748982 9.70753848 56.0668574 54.9741997 .958834E-5 78.1210389 75.1168062 36303.9645
                   -87245.926 -86391.702 36303.3642 -87245.979  -86391.65 -100830.43  30.003319 -102729.88 -36.079784 -102985.56
                   -100985.93 122695.015 -123549.34 854.328511 1899.45215 100860.436 -102759.89  100949.85 -102949.48 1999.62578
                   26.0797563 -26.352143  -300.1248 1.36520109 21.5493401 22.1228655 .006685755 2303.60699 3981.84728 .254857654
                   .231264688 149.191919  300.03319

Extrema of output variables follow.   Order and column positioning are the same as for the preceding time-step loop output.
Variable maxima :  49.7671746 31.7909016 2068.12197 15.2067441 2633.01631   48089.26 5.69177381 .8783006E7 .1353294E8 112646.914
                   167152.255 166345.184  38689.754 167152.068 166345.126 188982.921 103.142806 195393.531 27101.3315 197740.723
                   189727.591  186720.43 199956.814 248938.265 267621.084 206698.937  195423.48  214056.19 196841.483 275997.496
                   223.085577 130.776451 1438.09665 1.36520109 21.5493401 22.1228655 .006685755 2303.60699 3981.84728 .254857654
                   .231264688 149.191919 1031.42806
Times of maxima :      .02058     .02059     .02833     .02507     .02281     .02083     .02273     .02307     .02102     .01667
                       .02281     .02628      .0332     .02281     .02628     .02641     .17005     .02298     .02172     .02307
                       .02639     .02082     .02312     .02828     .02835     .02093     .02298     .02098     .02285     .02844
                       .02058     .02567     .02833        0.3        0.3        0.3        0.3        0.3        0.3        0.3
                          0.3        0.3     .17005
Variable minima :         0.0        0.0        0.0        0.0        0.0        0.0        0.0        0.0        0.0 -112646.77
                   -162639.65 -177308.03 -45437.082 -162639.69  -177307.8 -206693.41 -144.94447 -180749.03 -27798.165 -187614.73
                   -199914.01  -199841.8 -176196.41 -310946.99   -363783. -189110.46 -180641.68 -192347.14 -188873.48 -384164.55
                   -191.65488 -178.30003 -1022.8252        0.0        0.0        0.0        0.0        0.0        0.0        0.0
                          0.0        0.0 -1449.4447
Times of minima :       .1E-4      .1E-4      .1E-4        0.0        0.0        0.0        0.0        0.0        0.0     .00834
                        .0305     .02083     .02507      .0305     .02083     .02093     .02821     .03034     .02273     .03044
                       .02102      .0263     .03023     .02115     .02101     .02641     .03034     .02631     .03044       .021
                       .02159     .02059     .18671        0.0        0.0        0.0        0.0        0.0        0.0        0.0
                          0.0        0.0     .02821

Blank card terminating all plot cards.            |BLANK PLOT

  ---- Initial flux of coil  "X0001A"  to  "      "  =  -4.11465208E-02
  ---- Initial flux of coil  "X0001B"  to  "      "  =  -9.37636140E+02
   Warning.  Preceding flux exceeds the 1st segment.  This means that the steady state solution is not really sinusoidal.
  ---- Initial flux of coil  "X0001C"  to  "      "  =  9.37677286E+02
   Warning.  Preceding flux exceeds the 1st segment.  This means that the steady state solution is not really sinusoidal.
  ---- Initial flux of coil  "X0002A"  to  "      "  =  -3.68391776E-02
  ---- Initial flux of coil  "X0002B"  to  "      "  =  -9.37629160E+02
   Warning.  Preceding flux exceeds the 1st segment.  This means that the steady state solution is not really sinusoidal.
  ---- Initial flux of coil  "X0002C"  to  "      "  =  9.37665999E+02
   Warning.  Preceding flux exceeds the 1st segment.  This means that the steady state solution is not really sinusoidal.

Card of names for time-step loop output.          |  9049A 9049B 9049C T_MANAT_MANBT_MANC1_2LTC1_2LTA1_2LTBT_OPOAT_OPOBT_OPOC
Output voltage differences for pairs of A6 names  |-5T_MANAT_MANCT_MANBT_MANAT_MANCT_MANB1_2LTC1_2LTB1_2LTA1_2LTC1_2LTB1_2LTA
Output voltage differences for pairs of A6 names  |-5T_OPOAT_OPOCT_OPOBT_OPOAT_OPOCT_OPOB
Blank card ending requests for output variables.  |BLANK OUTPUT

The data case now ready to be solved is a statistical overvoltage study that involves  NENERG = 200   simulations.
Closing or opening times for  "STATISTICS"  switches are to be varied randomly according to a Normal   distribution.   The following
is a listing of switches that are to have closing or opening times varied randomly.
          Entry    Switch      From        To         Columns 15-24        Columns 25-34       Reference switch number
         number    number       bus       bus          (in seconds)         (in seconds)       (0 implies independence)
              1        10    XX0012    XX0013             0.020000             0.000833               0
              2        11    XX0014    XX0015             0.020000             0.000833               0
              3        12    XX0016    XX0017             0.020000             0.000833               0
In addition to variation of the switching time that is caused by each switch`s own distribution, there is the added random delay
that is the same for all switches.  This added random delay is called "reference angle," and it has a uniform distribution over the
time interval  0.00000000E+00   to  3.60000000E+02   degrees at frequency  6.00000000E+01   (data fields  DEGMIN, DEGMAX, and STATFR
of the  STARTUP file).   However, if  "ITEST"  (columns 9-16 of the  STATISTICS  miscellaneous data card) is positive, the reference
angle is set to zero, and there is no such added random delay.
In the following output, for each simulation there will be a tabulation of switch times that were used, followed by a display of
peak values that occurred during the simulation.  Format for this latter output is identical to that for the extrema of a
conventional (non-statistical) simulation.
Well, almost identical!  Output of the reference angle in degrees has been added at the extreme left in otherwise blank space.

                       XX0013     XX0015     XX0017     TERRA      TERRA      TERRA      TERRA      TERRA      TERRA      9049A
  Reference angle      MEASUC     MEASUB     MEASUA     PRMANA     PRMANB     PRMANC     PROPOA     PROPOB     PROPOC

                       9049B      9049C      T_MANA     T_MANB     T_MANC     1_2LTC     1_2LTA     1_2LTB     T_OPOA     T_OPOB
 

                       T_OPOC     T_MANA     T_MANB     T_MANC     1_2LTC     1_2LTA     1_2LTB     T_OPOA     T_OPOB     T_OPOC
                                  T_MANC     T_MANA     T_MANB     1_2LTB     1_2LTC     1_2LTA     T_OPOC     T_OPOA     T_OPOB

                       XX0012     XX0014     XX0016     TERRA      TERRA      TERRA      TERRA      TERRA      TERRA      XX0013
                       XX0013     XX0015     XX0017     PRMANA     PRMANB     PRMANC     PROPOA     PROPOB     PROPOC     MEASUC

                       XX0015     XX0017     1_2LTA
                       MEASUB     MEASUA     TERRA
             Random switching times for simulation number  1  :
                                  10  2.2841429E-02   11  2.4569280E-02   12  2.3757410E-02
             ==== Table dumping for all subsequent restorations.  Time [sec] = 1.75000000E-02

 82.7075           21.0991774 43.4052708 1239.43479 26.0301134 45238.0014 2009.84647 3.38675547 .6971667E7 189151.577 112646.914
                   -177236.68 -160311.42 -59447.055  -177236.7 -160311.39 -176420.32 -115.22295  -202628.5 -21442.935 -196899.54
                   -180757.14 -188364.41 -208464.53 265930.825  294819.83 176515.643 -202563.45 -180107.42 -203664.52 316548.181
                   -145.25556 208.339317 1113.29906 1.35822115  23.785089 18.5723895 .005877236  3234.0019 78.1085652 .196997278
                   .247872092  144.83724 -1152.2295
Times of maxima :      .02437     .02612     .02747     .02404       .031     .03595     .02636     .03111     .03605     .01667
                         .031     .03595     .02404       .031     .03595     .03603     .02777      .0309     .02636     .03111
                       .03605     .02704     .03093     .02869     .02884     .03603      .0309     .02688     .03086     .02881
                       .02437     .02612     .02747        0.3        0.3        0.3        0.3        0.3        0.3        0.3
                          0.3        0.3     .02777
             Random switching times for simulation number  2  :
                                  10  3.3042417E-02   11  3.2695616E-02   12  3.3088319E-02

 273.085           24.9934345 23.7521285 1155.57976 41.5250752 1559.25743   579636.1 4.36995547 115035.824 .1362091E8 139508.979
                   -155035.39 -185652.28 75084.0216 -155035.35 -185652.17 -200384.61 -110.33748 -173429.82 24357.3938 -178961.14
                   -199953.83 213878.701 -191566.71 -235516.84  -235049.5 200422.489 -173383.64 211811.194 -181120.86 -248097.83
                    158.09312 -154.11726 1074.97896 1.31068182 18.9683678 64.2194315 .006278803 60.3043734  5450.4639 .187681154
                   .179507259 138.521935 -1103.3748
Times of maxima :      .03372     .03446     .04469     .03336       .048     .03422     .03569     .04825     .03416     .03272
                         .048     .03422     .03336       .048     .03422     .03412     .04505     .04812     .03569     .04825
                       .03416     .03427     .03387     .03703     .03704     .03412     .04812     .03404     .03402     .03678
                       .03372     .03446     .04469        0.3        0.3        0.3        0.3        0.3        0.3        0.3
                          0.3        0.3     .04505
             Random switching times for simulation number  3  :
                                  10  2.2774324E-02   11  2.5544123E-02   12  2.4714804E-02

 90.2387           9.52412014 17.9822286 1175.08175 28.1765957  1243.4725 1588.40118 1.76239118   3148.329 3285.13085 -114591.21
                   -151141.29  155386.07 -61849.554 -151141.25 155386.111 -169701.45 109.987358 -169688.69 -15468.331 -172474.75
                   -173843.33 -187606.23 -182858.98 252671.418 263123.031 169786.766 -169669.04 -182795.82 -176186.06 268409.845
                   97.5915987 134.097832 -1084.0119 1.34796891 18.8284642 18.0365285 .002832202 43.9544893 35.7247387 .177874032
                   .181305349 142.954871 1099.87358
Times of maxima :      .03217     .02702     .03674       .025     .03158      .0276     .02567     .03178     .03473      .0241
                       .03158      .0276       .025     .03158      .0276     .03485     .03668      .0318     .02567     .03178
                       .03473     .02751     .03187     .02955     .02962     .03485      .0318     .02733      .0318     .02975
                       .03217     .02702     .03674        0.3        0.3        0.3        0.3        0.3        0.3        0.3
                          0.3        0.3     .03668
             Random switching times for simulation number  4  :
                                  10  3.5857678E-02   11  3.5792361E-02   12  3.6285658E-02

 332.285           47.5950475 20.5042981 2037.87644  19.846733 52305.8102 .1889211E7 9.31677994 .9392127E7 .1548997E8 112646.914
                   177412.987  -189627.7 -51908.302 177412.835 -189627.69 -215527.46 -143.81377 201122.843 -35565.198 198022.029
                   -200796.23 194038.465 198184.186 -287626.71 -330537.09 215532.628 201133.261 216116.501 210011.031  -343390.4
                   218.162892 -143.19322  1427.5421  1.2860203 21.2448749 270.672018 .011216515 2294.44659 5822.23895 .194229172
                   .193135966 140.179439 -1438.1377
Times of maxima :      .03645      .0364      .0448      .0404     .03868     .03697     .03795     .03895     .03688     .01667
                       .03868     .03697      .0404     .03868     .03697     .03685     .04474     .03883     .03795     .03895
                       .03688     .03698     .04092     .03699     .03685     .03685     .03883     .03699      .0387     .03686
                       .03645      .0364      .0448        0.3        0.3        0.3        0.3        0.3        0.3        0.3
                          0.3        0.3     .04474
             Random switching times for simulation number  5  :
                                  10  3.4554237E-02   11  3.5269134E-02   12  3.5635079E-02

 318.013           22.7247247 4.23344151 1819.48451 12.8865915 1090.98152 201077.955 1.21419382 2305.80935 .8214729E7  136867.45
                   -149194.93   -181043. -41827.446 -149194.92 -181042.91 -202062.15 -136.54754 -162404.57 12839.1514 -163620.54
                   -197477.57 209158.096 172958.416 -219269.95 -221950.66  202062.63 -162317.74 208580.961 -163089.04 -225894.64
                   150.747221 65.0649023 1348.88269 1.28566498 17.9321984 48.3512097 .001869048   40.81165 3506.67981 .165786497
                   .148557824 139.266586 -1365.4754
Times of maxima :      .03522     .04255     .04517      .0413      .0474     .03577     .03565     .04765       .036     .03458
                        .0474     .03577      .0413      .0474     .03577     .03573      .0445     .04752     .03565     .04765
                         .036     .03585     .03973     .03798     .03811     .03573     .04752     .03565     .04741     .03816
                       .03522     .04255     .04517        0.3        0.3        0.3        0.3        0.3        0.3        0.3
                          0.3        0.3      .0445
             Random switching times for simulation number  6  :
                                  10  3.1662217E-02   11  3.3317355E-02   12  3.2310026E-02

 277.398           14.7555256 32.1287547 1158.19025 28.3460741 3370.25527 1686.67377 4.75349575 .2468306E7 506282.962 112646.914
                   174686.134 -156558.85 62035.2836 174686.157 -156558.76 -173896.35  110.80576 192578.036 -25403.811 191334.987
                   -185424.49 193626.474 199193.755 -267377.45 -292089.44 173991.375 192528.759 179474.546 202848.628 -316602.48
                   121.472324 -179.24496 -1076.1925 1.31539793  19.690802 18.2347445  .00603354 1067.10216 102.605713 .194137052
                   .218391431 139.984058  1108.0576
Times of maxima :      .03294      .0348     .03644      .0326     .03966     .03528     .03407     .03984     .03542     .01667
                       .03966     .03528      .0326     .03966     .03528     .03552     .03635     .03958     .03407     .03984
                       .03542     .03563     .03965     .03728     .03744     .03552     .03958     .03557     .03949      .0375
                       .03294      .0348     .03644        0.3        0.3        0.3        0.3        0.3        0.3        0.3
                          0.3        0.3     .03635
             Random switching times for simulation number  7  :
                                  10  3.2440111E-02   11  3.2967937E-02   12  3.3604692E-02

 274.918           11.3464226 12.8797619 1336.78129 21.5270794 1050.32273 1864.94069 .853507963 2634.82062 .1671932E7 134110.433
                   -148668.15 -158647.74 54061.0988 -148668.15 -158647.73 -178943.36 -116.00541  -165411.3 -10764.555  -167171.2
                   -188979.35    197096. -175842.58  -227224.4 -232825.65 178975.042 -165375.17 194519.451 -168151.39 -246126.95
                   -106.51959 -113.48904 1156.19258 1.29958841 17.8325242 18.1780788 .001467439 42.2936641 276.329908 .168407062
                   .163403949 138.033069 -1160.0541
Times of maxima :      .03965     .03482     .04469     .03388     .04842     .03477     .03425      .0484     .03467     .03299
                       .04842     .03477     .03388     .04842     .03477     .03461     .04493     .04849     .03425      .0484
                       .03467     .03441      .0485     .03698     .03707     .03461     .04849     .03459     .04837      .0372
                       .03965     .03482     .04469        0.3        0.3        0.3        0.3        0.3        0.3        0.3
                          0.3        0.3     .04493
             Random switching times for simulation number  8  :
                                  10  3.5091855E-02   11  3.5927982E-02   12  3.3986520E-02

  317.92           49.6021649 9.81257188 1355.56365 24.8626071 2081.22843 .6312792E7 20.7607728 .1177509E7  .262348E8 112646.914
                   161120.173 -196591.95 58098.5972 161120.136 -196591.79 -231244.86 -121.03544 172849.101 -53090.164 187487.669
                   -205512.42 224056.944 179709.205 -238220.74  -242091.3  231302.63 172828.237 250161.274 181231.762 -256591.23
                   222.715435 -99.058427 1164.28675 1.30117359 18.7356534 1804.83923 .025876094 163.762776 12447.4733 .181959103
                   .155399451 138.001783 -1210.3544
Times of maxima :       .0357     .03652     .04466      .0343     .03926     .03614     .03644     .03958     .03611     .01667
                       .03926     .03614      .0343     .03926     .03614     .03599     .04489      .0394     .03644     .03958
                       .03611      .0359     .03928      .0369     .03701     .03599      .0394     .03612      .0393     .03715
                        .0357     .03652     .04466        0.3        0.3        0.3        0.3        0.3        0.3        0.3
                          0.3        0.3     .04489
             Random switching times for simulation number  9  :
                                  10  3.7034371E-02   11  3.6090751E-02   12  3.6140969E-02

 352.947           35.7776848 19.7198305  1901.6965  18.798408 79434.4418 1996.93467  6.7564519 .1014267E8 .3608039E7 112646.914
                     178085.8 -160164.48 -50518.779 178085.691 -160164.36 -189147.49 -141.11369 196011.353 -30286.679 198367.576
                    -194612.3  -185465.3 213336.101 -280976.92 -303131.45 189155.311 196037.115   217130.1 214827.324 -320904.95
                    -189.1499 140.427314 1379.02012 1.28479791 24.4783351  18.210364 .012343922 4274.82054 789.291011  .21097159
                     .2029588 139.871575 -1411.1369
Times of maxima :      .03861     .04259     .04544      .0421     .03962     .03794     .03845     .03956     .03809     .01667
                       .03962     .03794      .0421     .03962     .03794     .03806     .04469     .03975     .03845     .03956
                       .03809     .04371     .03962     .03783     .03792     .03806     .03975     .03812     .03976     .03798
                       .03861     .04259     .04544        0.3        0.3        0.3        0.3        0.3        0.3        0.3
                          0.3        0.3     .04469
             Random switching times for simulation number  10  :
                                  10  3.3534369E-02   11  3.4123509E-02   12  3.3454778E-02

 290.712           35.9743923 17.4804544 1291.22312 30.9384127 5985.38175 .2450487E7 3.97737144 826024.507 .1519018E8 112646.914
                   176252.125 -191282.94 64809.8963 176252.111 -191282.89 -216113.77 -114.89571 183965.734 23237.5527 186412.911
                   -200661.57  221483.26  180070.25 -226751.09 -233611.22 216156.397 183904.308 213252.682  184117.28 -243191.83
                   189.669165 -132.21367 1136.31999 1.30293953 18.8486696 325.852074 .008342436 167.369985 7222.18662 .172323543
                   .174657045 138.232531 -1148.9571
Times of maxima :      .03413     .03571     .04504     .03377     .03841     .03466     .03607      .0386     .03456     .01667
                       .03841     .03466     .03377     .03841     .03466     .03453     .04483     .03843     .03607      .0386
                       .03456     .03468     .04058     .03638     .03834     .03453     .03843     .03458     .03855     .03819
                       .03413     .03571     .04504        0.3        0.3        0.3        0.3        0.3        0.3        0.3
                          0.3        0.3     .04483
             Random switching times for simulation number  11  :
                                  10  2.4773767E-02   11  2.6316769E-02   12  2.4682412E-02

 105.262            28.287286 7.11233691 1135.38922 30.6287809 1112.47865 299529.601 4.91975688 2671.79523 .8314926E7 112646.914
                   149472.054 183369.221 -64484.772 149472.072 183369.166 200575.352 109.044724 -162271.54 -25844.262  -167562.4
                   197524.019 -220598.05 -175550.68 236175.842 239733.509 -200619.06 -162259.19 -200629.25 -173267.83 240943.875
                   -168.18825 -84.334672 -1065.5464 1.34829267 18.4630133 43.6313939  .00726591 43.0727294 3964.93024 .181194281
                   .161075967 143.095408 1090.44724
Times of maxima :      .02538     .03473      .0364       .025     .03963     .02593     .02668     .03197      .0258     .01667
                       .03963     .02593       .025     .03963     .02593     .02579      .0367     .03197     .02668     .03197
                        .0258     .02594     .03209     .02816     .02806     .02579     .03197     .02582     .03185     .02999
                       .02538     .03473      .0364        0.3        0.3        0.3        0.3        0.3        0.3        0.3
                          0.3        0.3      .0367
             Random switching times for simulation number  12  :
                                  10  3.3346346E-02   11  3.3245997E-02   12  3.1639103E-02

 276.724           29.1922655 21.3948737 1587.01651 19.6619373 1690.95083 931359.169 6.19782381 193251.949 .1594091E8 112646.914
                   156609.485 -186736.36 51666.0745 156609.447 -186736.28 -218116.35 126.010286 170604.275 29007.6085  180855.49
                   -200998.45 231647.141  190214.51 -233046.32 -236299.17 218208.826 170562.975 227528.617 173213.619 -252680.62
                   170.857442 -146.26987 -1259.7684 1.31974966  18.932182 99.7732075 .010009164 80.2020749 7966.59792 .182173801
                   .180869162 141.635307 1260.10286
Times of maxima :      .03399     .03497     .03619     .03195     .03969     .03453     .03434     .03787     .03474     .01667
                       .03969     .03453     .03195     .03969     .03453      .0344     .03623     .04011     .03434     .03787
                       .03474     .03449     .04006     .03719     .03737      .0344     .04011     .03435     .03781     .03742
                       .03399     .03497     .03619        0.3        0.3        0.3        0.3        0.3        0.3        0.3
                          0.3        0.3     .03623
             Random switching times for simulation number  13  :
                                  10  3.6599521E-02   11  3.6019324E-02   12  3.6372660E-02

  356.25           44.7873256 17.5003562  1989.2444 20.9135728 .1224079E7 67586.9431 7.21264023 .8920817E7 .1114799E8 112646.914
                   187629.302 -177792.38 -53285.179 187629.164 -177792.46  -206765.4 -142.60185 208880.971 -31292.441 197804.436
                   -198828.59 183077.231 204780.316 -296530.67 -330486.58 206777.509 208896.062 214298.433 225181.145 -352384.92
                   211.630162 132.288912 1410.40576 1.28474539 178.434378  20.884667 .017496632 3522.47468 3058.50389 .205166081
                   .203221833 139.985745 -1426.0185
Times of maxima :      .03717     .04217     .04503     .04107     .03927     .03772     .03934     .03949     .03762     .01667
                       .03927     .03772     .04107     .03927     .03772     .03759     .04496     .03936     .03934     .03949
                       .03762     .05202     .03927      .0374     .03759     .03759     .03936     .03767     .03936     .03753
                       .03717     .04217     .04503        0.3        0.3        0.3        0.3        0.3        0.3        0.3
                          0.3        0.3     .04496
             Random switching times for simulation number  14  :
                                  10  2.6297994E-02   11  2.5035051E-02   12  2.4557622E-02

 88.4819           51.2895557 50.0136285 1118.08198 27.3541731 209362.776 .1813215E7 18.4148281  .134448E8 .1679143E8 112646.914
                   -181240.96 189401.444 -60940.233  -181240.9 189401.415 220619.217 107.531133 -199860.06 50000.7072  -199874.1
                    201378.79 -212890.77 -220494.09 286852.179 318586.194 -220701.31 -199771.43 -239786.84 -201156.26 352668.314
                   -226.47198  223.63727  -1057.394 1.35141605 38.8476846 266.473506 .016633921 4418.03645 7157.76037 .205384765
                   .250301005 143.315698 1075.31133
Times of maxima :      .02687      .0268     .03655     .02487     .03135     .02738      .0277     .02935     .02731     .01667
                       .03135     .02738     .02487     .03135     .02738     .02725     .03674     .02928      .0277     .02935
                       .02731     .02713     .03137     .02939     .02926     .02725     .02928     .02737     .02917     .02726
                       .02687      .0268     .03655        0.3        0.3        0.3        0.3        0.3        0.3        0.3
                          0.3        0.3     .03674
             Random switching times for simulation number  15  :
                                  10  3.5749528E-02   11  3.5462946E-02   12  3.5153549E-02

 318.583           58.1425926 12.0348686 1730.22614 18.3164796 2789.62448 .3525225E7 14.1623778 .4443538E7 .2586982E8 112646.914
                   168799.187 -194377.96 -49867.008 168799.069  -194377.7 -232116.15 -135.16847 175556.693 -43849.071 195713.511
                   -205355.58   219208.8 177396.317 -274741.64 -305648.08 232148.555 175543.249 237540.905 180658.779 -317723.65
                   241.127752 -109.70355 1315.38061 1.29084053 18.6414725 1049.68176 .032453376 628.775179 9300.36942 .187736235
                   .169013789 138.628989 -1351.6847
Times of maxima :      .03633     .03633     .04473     .04227     .03854      .0366     .03708     .03883     .03676     .01667
                       .03854      .0366     .04227     .03854      .0366     .03663     .04482      .0387     .03708     .03883
                       .03676     .03653     .04079     .03664     .03664     .03663      .0387     .03674     .03857     .03675
                       .03633     .03633     .04473        0.3        0.3        0.3        0.3        0.3        0.3        0.3
                          0.3        0.3     .04482
             Random switching times for simulation number  16  :
                                  10  2.3259128E-02   11  2.2469428E-02   12  2.3038282E-02

 60.5692           4.84165795 29.5608911 1542.74912 19.3114286 .2867641E7 1001.65824 3.53670189 .1531479E8 2802.39086 112646.914
                   192495.526  148033.23 -51203.484 192495.434 148033.173 161329.788 -126.23869 213557.809  -21912.48 200717.558
                   168932.158 -176582.52 224239.276 228058.529 229084.561 -161437.52 213568.177 -164179.24 221490.083 232667.095
                   69.5820232 -171.93281 1242.07452 1.36033659 376.849527 17.3935445 .006668371 7501.85455 32.9359665 .153533066
                   .175699427 146.059017 -1262.3869
Times of maxima :      .03152     .02316     .02811     .02479     .02363     .02653     .02355     .02388     .02681     .01667
                       .02363     .02653     .02479     .02363     .02653     .02668      .0279      .0235     .02355     .02388
                       .02681     .02682     .02365     .02893     .02903     .02668      .0235     .02654     .02356     .02917
                       .03152     .02316     .02811        0.3        0.3        0.3        0.3        0.3        0.3        0.3
                          0.3        0.3      .0279
             Random switching times for simulation number  17  :
                                  10  2.6249392E-02   11  2.7068036E-02   12  2.6197960E-02

  143.55           48.7811522 6.21460714 1516.03329 25.1052544  1793.1316 .6015494E7 10.2230093 3519.68085 .2970548E8 112646.914
                   -157811.98 196452.764 -58381.416 -157812.03 196452.624 234239.914  126.04493 -160609.97 37254.7533 -176149.93
                   206992.672 -234148.24 -174577.57 218510.561 212009.712 -234274.48 -160597.17 -233037.39 -169921.98 224199.861
                   -220.86456 78.8327796  -1231.273 1.33513684 18.5961808 1444.90783 .021075565 42.2319097 12820.8432 .176602361
                   .151680479 142.444763  1260.4493
Times of maxima :      .02684     .02801     .03682     .02651     .03111      .0273      .0276     .03077     .02728     .01667
                       .03111      .0273     .02651     .03111      .0273     .02715     .03662     .03107      .0276     .03077
                       .02728     .02703     .03101     .02858     .02843     .02715     .03107     .02727     .03098     .02832
                       .02684     .02801     .03682        0.3        0.3        0.3        0.3        0.3        0.3        0.3
                          0.3        0.3     .03662
             Random switching times for simulation number  18  :
                                  10  2.8969443E-02   11  2.8756948E-02   12  2.8352443E-02

 190.456           45.2253717 38.7792433 2015.30241 18.4215651 337219.607 2204.18816 3.28134403 .9629091E7 702162.847 112646.914
                   -184244.92 -162497.23 50009.8526 -184244.83 -162497.22 -185192.96 144.756063 -205066.03 -21106.596 -198131.25
                   -186031.25 196086.996 -208986.53 314969.408 363025.156 185327.415  -205061.6 200765.817 -212230.03  380551.04
                   212.662577 196.924461 -1419.6135 1.32659442 74.2553085 18.3378461 .006580527 5971.93732 179.059725 .244329904
                   .247763779 144.844808 1447.56063
Times of maxima :      .03048     .02939     .03597     .03357     .03183     .03523     .03095     .02991     .03533     .01667
                       .03183     .03523     .03357     .03183     .03523     .03521     .03615     .02978     .03095     .02991
                       .03533      .0351     .03187     .02991     .02985     .03521     .02978     .03533     .03181     .02996
                       .03048     .02939     .03597        0.3        0.3        0.3        0.3        0.3        0.3        0.3
                          0.3        0.3     .03615
             Random switching times for simulation number  19  :
                                  10  2.2438480E-02   11  2.3403476E-02   12  2.1747956E-02

 59.2852           7.29675114 43.2534131  2045.4839 18.0852827  .121384E7 2497.27451 15.6423905 .2153985E8 190401.084 112646.914
                   187598.182  165702.34  -49551.29 187598.071 165702.321 179428.576 -145.71979 223791.887 46083.3321 203477.328
                   180787.123 -189577.74 216138.411 214969.933 223639.979 -179566.14  223858.18 -184926.87 232693.394 228885.609
                   85.4210228 -207.97455 1430.20415 1.36618006   230.4853 18.3591754 .039291494 9380.91595 82.5333337 .160625224
                   .182884663 149.063023 -1457.1979
Times of maxima :      .03008     .02398     .02846     .02557     .02437     .02721      .0248     .02441     .02693     .01667
                       .02437     .02721     .02557     .02437     .02721     .02718     .02806      .0243      .0248     .02441
                       .02693     .02707     .02421      .0295     .02962     .02718      .0243     .02724     .02443     .02953
                       .03008     .02398     .02846        0.3        0.3        0.3        0.3        0.3        0.3        0.3
                          0.3        0.3     .02806
             Random switching times for simulation number  20  :
                                  10  2.1060788E-02   11  1.9097157E-02   12  1.9582216E-02

 10.6003           41.2042159 16.1504461   1971.526 13.4098335 3006.42765 1731.83903 1.38648476 .2659527E7 .2428034E7 112646.914
                   -171036.19 157092.579 -42668.169 -171036.17 157092.588 180992.407 -140.35864 -191665.45 -13719.866 -191892.35
                   191217.208 -184251.58 -195890.93 -258687.38 -294307.35 -181088.39 -191596.16 -192763.07 -190972.19  -310936.6
                   -202.98822 127.084406 1404.11039 1.36491373 20.5296799 18.7316688 .002177155 1002.57292 549.216195 .228265554
                   .203802219  148.54497 -1403.5864
Times of maxima :       .0226     .02663     .02764     .02569     .03139     .02747      .0244     .03143     .02545     .01667
                       .03139     .02747     .02569     .03139     .02747     .02541     .02804     .03137      .0244     .03143
                       .02545     .02522     .03139     .02193      .0221     .02541     .03137     .02546     .03133     .02206
                        .0226     .02663     .02764        0.3        0.3        0.3        0.3        0.3        0.3        0.3
                          0.3        0.3     .02804
             Random switching times for simulation number  21  :
                                  10  2.7377735E-02   11  2.7867658E-02   12  2.6878918E-02

 174.635           51.4642207 15.3414029 1741.46719 18.0494502 1994.02989 .3950482E7 21.8108325 .1075567E7 .2615125E8 112646.914
                   -160131.17 195480.812 49502.1773 -160131.24 195480.541 230512.801 135.075051 169137.301 54416.2279  -187177.2
                   205476.537 -225330.74 -185267.13 248052.046 268184.855 -230541.08 169086.332 -243801.21 175514.081 287428.503
                   -226.85727 123.860417 -1319.6466 1.33236122 19.2614507 1327.93766 .041522741 145.175399 10766.9668 .201485066
                   .167252509  143.05234 1350.75051
Times of maxima :        .028     .02852     .03633       .034      .0315     .02827     .02875     .03119      .0284     .01667
                        .0315     .02827       .034      .0315     .02827     .02831     .03646     .04006     .02875     .03119
                        .0284      .0282     .03152     .02913     .02898     .02831     .04006     .02844     .04011     .02886
                         .028     .02852     .03633        0.3        0.3        0.3        0.3        0.3        0.3        0.3
                          0.3        0.3     .03646
             Random switching times for simulation number  22  :
                                  10  2.9276176E-02   11  2.9953018E-02   12  3.0571215E-02

 232.218           60.8150957  27.818177 1837.01943 19.2987124 .2953651E7 127296.923 3.54020299 .1286683E8 .1368023E8 112646.914
                   -192743.64 -179260.77 51186.6232 -192743.62 -179260.69 -203402.95 138.084617 -206677.31 -21923.324 -199612.01
                   -199980.67 225679.358 -212088.21 255575.446 278978.919 203492.154 -206688.07 206562.726 -205830.07 299141.788
                   246.607169  166.78782 -1355.3669 1.32542751  384.22878 27.9283557 .009893515 6126.57038 5792.68603  .23993749
                   .185462121 143.312325 1380.84617
Times of maxima :      .03119     .03051     .03618     .03236     .03117     .03386     .03428     .03137     .03377     .01667
                       .03117     .03386     .03236     .03117     .03386     .03377     .03616     .03115     .03428     .03137
                       .03377     .03386     .03126     .03066     .03075     .03377     .03115     .03395     .03112     .03087
                       .03119     .03051     .03618        0.3        0.3        0.3        0.3        0.3        0.3        0.3
                          0.3        0.3     .03616
             Random switching times for simulation number  23  :
                                  10  2.3998549E-02   11  2.4090266E-02   12  2.2949686E-02

 81.6624           13.1437782 28.6726907 1627.63134 22.4071323 2915.62633  2887.8621 6.16575487 .8129695E7 .4654022E7 112646.914
                    170105.17   169818.8 -55155.071 170105.129 169818.764 187888.746 -128.78406 204099.726 28932.4652 197438.135
                   195812.797 -191859.22 206288.237 219112.434 228776.903 -188013.42 204170.723 -197496.98 225394.802 238518.435
                   114.646318 -169.33012 1275.78656 1.36126046 20.8195174 19.8741804 .011253179 3044.38092 1808.59669 .184344048
                   .200216604 146.809515 -1287.8406
Times of maxima :      .03066     .02467     .02726     .02475      .0251     .02774     .02545      .0251     .02756     .01667
                        .0251     .02774     .02475      .0251     .02774     .02759     .02873      .0251     .02545      .0251
                       .02756     .02771     .02522     .02846     .02839     .02759      .0251     .02773     .02509     .02828
                       .03066     .02467     .02726        0.3        0.3        0.3        0.3        0.3        0.3        0.3
                          0.3        0.3     .02873
             Random switching times for simulation number  24  :
                                  10  3.6027570E-02   11  3.4981714E-02   12  3.5277925E-02

 334.063           53.8501803 12.2443247 1772.16172   18.75829 3030.37674 .3027497E7 11.8630277 .3899668E7 .2058071E8 112646.914
                   171280.459 -192956.34 -50464.844 171280.357 -192956.23 -223957.64 -134.83178 181624.689 -40131.934 195434.211
                   -203056.78 202886.148 185809.887 -278356.64 -312179.11 223989.628 181619.588 222860.691 197672.571  -332351.9
                   232.056416 110.654077 1331.22565 1.28947162 18.9748351 709.613992 .029002602 663.269554 7800.92784 .193416721
                   .175545774 138.744238 -1348.3178
Times of maxima :       .0366      .0417      .0449     .04116      .0388     .03701     .03745     .03909     .03704     .01667
                        .0388     .03701     .04116      .0388     .03701     .03694     .04509     .03897     .03745     .03909
                       .03704     .03685     .03881     .03685     .03694     .03694     .03897     .03709     .03885     .03699
                        .0366      .0417      .0449        0.3        0.3        0.3        0.3        0.3        0.3        0.3
                          0.3        0.3     .04509
             Random switching times for simulation number  25  :
                                  10  3.5422397E-02   11  3.2794325E-02   12  3.5104326E-02

 294.749           56.0626182 17.3756081 1685.16215 22.0993977  2923.4066 .1342673E8 18.6838609 533107.064 .2952653E8 139195.209
                   170185.191  -199866.2 54775.0183 170185.233 -199865.92 -229399.11 -132.33281 170543.089 -50364.627  185507.81
                   -206916.84 222258.093 197727.501 -255152.53 -265933.74 229428.681 170538.936 235970.981 177568.919 -269416.45
                    236.77546 -131.81657 1298.13795 1.29458868 18.6636872 2672.12494 .020776855 96.4396602  14562.015 .199572131
                   .182421992 138.540835 -1323.3281
Times of maxima :      .03603     .03461     .04449     .03539     .03955     .03634     .03682      .0393     .03642     .03282
                       .03955     .03634     .03539     .03955     .03634     .03628      .0446     .03946     .03682      .0393
                       .03642     .03631     .03959     .03717     .03707     .03628     .03946     .03647     .03932      .0369
                       .03603     .03461     .04449        0.3        0.3        0.3        0.3        0.3        0.3        0.3
                          0.3        0.3      .0446
             Random switching times for simulation number  26  :
                                  10  2.1702440E-02   11  2.0765313E-02   12  2.1933943E-02

 43.4089           19.1669957 23.2222246 2087.77097 13.3889741 363720.458 1457.82406 1.77526647 .1119252E8 3084.77305 112646.914
                   184855.901 153803.505  -42634.97 184855.795 153803.533 -170082.73 -144.71697 204856.338 -15524.731  198848.96
                   -171832.87 -184477.22 209477.394 218914.218 228413.905 170141.381 204856.719 -175592.28 206333.988   -239246.
                   -138.44492  -152.3884  1444.9121 1.36479896 68.4591762 18.0086245 .003670995 4162.36463 35.6025617 .177714233
                   .203347804 148.776941 -1447.1697
Times of maxima :      .02323     .02143     .02821     .02497     .02195     .02635     .02493     .02219     .03491     .01667
                       .02195     .02635     .02497     .02195     .02635     .03479     .02804     .02196     .02493     .02219
                       .03491     .02635     .02199     .02969     .02974     .03479     .02196     .02612     .02187     .02229
                       .02323     .02143     .02821        0.3        0.3        0.3        0.3        0.3        0.3        0.3
                          0.3        0.3     .02804
             Random switching times for simulation number  27  :
                                  10  3.2822644E-02   11  3.4552371E-02   12  3.4434638E-02

 296.412           6.56714778 5.35280458 1500.69971 22.1508748 805.129518 1189.63962 1.59591073 1878.79806 3092.35382 125221.982
                   -145416.68 -150459.28 54838.7761 -145416.68 -150459.32 -163116.25  -124.0139 -156539.17  -14719.62 -158808.13
                   -171909.64  183933.98 -164571.51 -214535.28  -215386.5  163152.71 -156462.88 183698.935 -159815.06 -219692.42
                   81.0379404 -73.162863 1225.03049 1.29415678 17.6351044 17.3185556  .00202813 39.8282798 33.5973378  .15228942
                   .147090977 138.004992  -1240.139
Times of maxima :      .03357     .03589     .04504     .03473     .04755     .03616      .0357     .04768     .03593     .03285
                       .04755     .03616     .03473     .04755     .03616     .03575     .04473     .04753      .0357     .04768
                       .03593     .03577      .0475      .0383     .03818     .03575     .04753     .03593     .04771     .03807
                       .03357     .03589     .04504        0.3        0.3        0.3        0.3        0.3        0.3        0.3
                          0.3        0.3     .04473
             Random switching times for simulation number  28  :
                                  10  3.5129946E-02   11  3.5717979E-02   12  3.6127989E-02

 338.756           28.8252998 8.87768198 1941.91525 15.3701325 1652.25352 .2161544E7 4.31809715 3014.41928 .1259299E8 127941.588
                    -156149.8 -190434.36 -45680.528 -156149.79 -190434.27 -209651.04 -141.94843 -168921.31 -24212.438 -171117.72
                    -199487.6 206931.784 -176376.78 -233090.27 -245217.72 209649.266 -168850.74 216665.067 -170463.36 -266046.35
                   169.780151 -94.221452 1393.52619 1.28453499  18.051441 270.845417   .0069489 41.5031222 5885.91348 .177971289
                   .153926551 139.925807 -1419.4843
Times of maxima :      .03583      .0363     .04427     .04185     .04793     .03633     .03664     .04819     .03631     .03515
                       .04793     .03633     .04185     .04793     .03633     .03619     .04442     .04804     .03664     .04819
                       .03631     .03633     .04795     .03693     .03652     .03619     .04804     .03622     .04793     .03666
                       .03583      .0363     .04427        0.3        0.3        0.3        0.3        0.3        0.3        0.3
                          0.3        0.3     .04442
             Random switching times for simulation number  29  :
                                  10  2.7935939E-02   11  2.9356866E-02   12  3.0392487E-02

 196.786           25.9888476 37.5629137 1894.59044 16.9988879 .2786832E7 111374.095 4.20612598 .2121699E8 .7647303E7 112646.914
                   -192261.77 178871.493 48039.9523 -192261.69 178871.483 200627.123 139.774244 -218834.13 23896.4534 -203335.95
                   197214.126 -190911.26 -214737.05 215483.248 228676.772 -200624.12 -218831.29 -214697.78 -208664.21 220110.408
                   -161.21057 193.811542 -1376.4412 1.32413932  328.78334 26.2251847 .009617564 8882.79666 2618.88363 .167489497
                   .170834698   143.7763 1397.74244
Times of maxima :      .02857     .02998     .03675     .03305     .03051     .02911     .03129     .03048     .02909     .01667
                       .03051     .02911     .03305     .03051     .02911     .02899     .03681     .03038     .03129     .03048
                       .02909     .02913     .03052     .03023     .03037     .02899     .03038     .02903     .03057     .03028
                       .02857     .02998     .03675        0.3        0.3        0.3        0.3        0.3        0.3        0.3
                          0.3        0.3     .03681
             Random switching times for simulation number  30  :
                                  10  3.6184460E-02   11  3.5451621E-02   12  3.5232237E-02

 321.998           50.0205697 15.4363685 1773.51845 20.5549374 331945.605 .2618398E7 19.9484668 .7100819E7 .1814444E8 112646.914
                   184122.862 -191772.91 -52826.324  184122.78 -191772.73  -220528.4 -133.31891 195731.305 -52041.173 196959.748
                   -201981.01 206734.508 192007.383  -293600.8 -327430.53 220559.229 195727.758 238917.884  215553.07 -337593.01
                   223.652788 124.243183 1331.73513 1.29006353 53.4498328 563.312893 .031091238 1450.56214 5863.94017 .199278451
                   .189235266 138.721981 -1333.1891
Times of maxima :      .03677     .04181     .04497     .04069       .039     .03709      .0376     .03926     .03722     .01667
                         .039     .03709     .04069       .039     .03709     .03711      .0447     .03913      .0376     .03926
                       .03722     .03701     .04121      .0371     .03709     .03711     .03913     .03725     .03899     .03714
                       .03677     .04181     .04497        0.3        0.3        0.3        0.3        0.3        0.3        0.3
                          0.3        0.3      .0447
             Random switching times for simulation number  31  :
                                  10  2.3816438E-02   11  2.4875780E-02   12  2.4345917E-02

 92.7314           14.1232399 34.5270385  1062.9881 29.6644287  3443.2414 1660.68406 3.82413182 .5884227E7 132757.878 -114431.65
                   -175403.65 -156250.17 -63461.496 -175403.59 -156250.13 -172947.68 105.043914 -196567.38 22785.5093 -196391.11
                   179393.798 -188965.77 -196921.45 260351.244 270252.829 173051.735 -196524.68 184725.549 -202394.29 284321.497
                   -118.84124 185.814527 -1031.0131 1.35213971 20.8600564 18.4277227 .005372852 1824.48595 49.6540314 .178292442
                   .222104916 143.585653 1050.43914
Times of maxima :      .02488     .02647      .0364     .02463     .03125     .03622      .0256     .03144     .02543     .02435
                       .03125     .03622     .02463     .03125     .03622     .03627     .03639     .03134      .0256     .03144
                       .02543     .02567      .0313     .02922     .02919     .03627     .03134     .03631     .03149     .02906
                       .02488     .02647      .0364        0.3        0.3        0.3        0.3        0.3        0.3        0.3
                          0.3        0.3     .03639
             Random switching times for simulation number  32  :
                                  10  2.5296163E-02   11  2.6836803E-02   12  2.6936155E-02

 129.477           14.1739958 5.11267783 1745.36073 15.0363949 917.494696 1356.96841  1.7954811 2352.91018 40214.7589  -137875.1
                   -146923.15 152561.179 -45181.867 -146923.12 152561.184  169628.18 132.988732  -161182.7 15612.8696 -164136.79
                   177111.309 -167847.43 -173664.96 221870.633 229846.255 -169628.38 -161165.51  -171648.9 -165436.46 233923.392
                   -119.05459 -71.502992  -1321.121 1.32942759 18.2112858 17.5493633 .002513818 42.2693621 34.9391141 .161615496
                   .156987051  142.98879 1329.88732
Times of maxima :      .02598     .03306     .03647     .02722     .03032     .02664      .0287      .0304     .02674     .02532
                       .03032     .02664     .02722     .03032     .02664     .02661     .03657     .03046      .0287      .0304
                       .02674       .043     .03248     .02861      .0285     .02661     .03046     .02646     .03225      .0284
                       .02598     .03306     .03647        0.3        0.3        0.3        0.3        0.3        0.3        0.3
                          0.3        0.3     .03657
             Random switching times for simulation number  33  :
                                  10  2.4226899E-02   11  2.4048733E-02   12  2.4682674E-02

 91.2627           19.3970169 15.6710681  1129.0095  20.533403 1585.48262 3476.02988 2.52078207 3180.69897  .717536E7  -139194.3
                   155351.056 175724.412 -52798.645 155351.048 175724.357 199370.502 109.099658 170498.295 -18499.499 172800.181
                   196994.483 -203418.02 178143.727 220420.592 226333.479 -199456.22 170446.493 -210660.98 173093.447 242843.874
                   -139.27317 125.184137 -1062.5486 1.34643711 19.1293475 20.2322383  .00617045 44.8933522 3063.06532 .186451184
                   .174744172 142.916271 1090.99658
Times of maxima :      .02531      .0259     .03681     .02496     .03952     .02791     .02715     .03976     .02577     .02407
                       .03952     .02791     .02496     .03952     .02791     .02789     .03659     .03961     .02715     .03976
                       .02577     .02587     .03962     .02855     .02813     .02789     .03961     .02568     .02516     .02828
                       .02531      .0259     .03681        0.3        0.3        0.3        0.3        0.3        0.3        0.3
                          0.3        0.3     .03659
             Random switching times for simulation number  34  :
                                  10  2.1595048E-02   11  2.2181777E-02   12  2.2351530E-02

 63.9902           38.5365611 48.1587249 1957.46563 26.3183052 .3485899E7 185755.381 16.6513976 .2440785E8 .1012886E8 112646.914
                   194266.136 180675.661 -59775.232 194266.104 180675.606 199045.127 -143.32424 236644.002  47546.402 204725.065
                    198361.23 -207237.87 239307.502 -238522.13 -260685.69 -199151.67 236670.045 -221094.42 235436.069 -266922.03
                   -196.30731 -219.45096 1399.09457 1.36979319  796.01205  33.500717 .022549708 11783.2606 3650.27029 .214004605
                   .197914447 148.158336 -1433.2424
Times of maxima :      .02339     .02278     .02816     .02567     .02332     .02604     .02363     .02335     .02593     .01667
                       .02332     .02604     .02567     .02332     .02604     .02596     .02814     .02319     .02363     .02335
                       .02593      .0261     .02318     .02293     .02298     .02596     .02319     .02608      .0233     .02307
                       .02339     .02278     .02816        0.3        0.3        0.3        0.3        0.3        0.3        0.3
                          0.3        0.3     .02814
             Random switching times for simulation number  35  :
                                  10  2.3131014E-02   11  2.2854686E-02   12  2.2327079E-02

 57.8745           6.18243264 50.4886675 1892.39498 23.2945578  .383779E7 1796.38292 17.8927798 .2479635E8 .2000193E7 112646.914
                   195260.492 157850.116 -56236.664 195260.363  157850.03 171416.976  -142.4373 232201.222  49286.868 204892.972
                   189957.191 -187900.41 229945.644 224541.627 230077.735 -171546.25 232242.756 -179126.31 243587.101 238529.309
                   -78.628447 -224.69683 1375.64348 1.36491155 914.185963 17.9386628 .027662909 11683.1791 284.253564 .157040158
                   .181102402 148.111692  -1424.373
Times of maxima :      .02421     .02344      .0283     .02564     .02385     .02668     .02421     .02387     .02699     .01667
                       .02385     .02668     .02564     .02385     .02668     .02697     .02816     .02377     .02421     .02387
                       .02699     .02674     .02367     .02924     .02911     .02697     .02377     .02684     .02388       .029
                       .02421     .02344      .0283        0.3        0.3        0.3        0.3        0.3        0.3        0.3
                          0.3        0.3     .02816
             Random switching times for simulation number  36  :
                                  10  2.2808257E-02   11  2.4538362E-02   12  2.1618163E-02

 80.8259           18.7632374  35.228824 2087.40481 13.0963831 1907.45609 2167.62991 .939765799 412885.061 309242.273 112646.914
                   -159138.93 -162089.84 -42166.543 -159138.96 -162089.86 -180399.42  -144.7628 -176602.09 11295.4134 185133.786
                   -183595.59 183020.868  -182356.1 261660.755 286712.595 180481.383   -176516. 184700.124  192537.24 301106.546
                   136.978967 187.693431 1444.78539 1.36297956 19.8828122 19.2170787  .00194892 141.870559 145.150552 .204493497
                   .223061974 149.206427  -1447.628
Times of maxima :      .03116     .02607     .02762     .02527     .03095     .03602     .02589     .02553     .03592     .01667
                       .03095     .03602     .02527     .03095     .03602     .03594     .02775     .03095     .02589     .02553
                       .03592     .03597     .03093     .02852     .02865     .03594     .03095     .03604     .02555     .02874
                       .03116     .02607     .02762        0.3        0.3        0.3        0.3        0.3        0.3        0.3
                          0.3        0.3     .02775
             Random switching times for simulation number  37  :
                                  10  3.4349929E-02   11  3.6566425E-02   12  3.5271842E-02

 340.929           21.0245374 28.7258789 1779.66449 12.3969386 235224.209 90752.1323 2.12126649 .7742832E7 .9883723E7 138581.742
                   181856.292 -178364.92 41025.0895 181856.265 -178364.92 -203407.31 -135.31871 200426.032  16970.316 197258.526
                   -198248.49 216925.394 207119.162 -297035.22 -304222.68 203416.684 200440.705 202032.043 197806.007 -317018.32
                   144.998405 -169.48711 1334.04066 1.28732851 50.8697161 24.1358446 .004417038  1971.8646 2936.93555 .186893812
                   .189786663 138.892205 -1353.1871
Times of maxima :      .03501     .03717     .04464     .03559     .03976     .03568     .03729     .03992     .03579     .03437
                       .03976     .03568     .03559     .03976     .03568     .03561     .04488     .03976     .03729     .03992
                       .03579     .03556     .03972     .03776     .03766     .03561     .03976      .0356     .03996     .03754
                       .03501     .03717     .04464        0.3        0.3        0.3        0.3        0.3        0.3        0.3
                          0.3        0.3     .04488
             Random switching times for simulation number  38  :
                                  10  2.2775092E-02   11  2.3669309E-02   12  2.2194819E-02

 57.9362           10.1630982  39.153163 1904.46852 19.5305793 251987.754 3008.16096 16.3225751 .1905465E8 327270.008 112646.914
                   182253.152 171053.888 -51493.199 182252.999 171053.866 179270.244 -141.20233 219353.812 -47074.601 202384.211
                   184014.446  -182089.3 219741.732 221624.448 234537.507 -179407.71 219424.771  -191048.9 223251.232 237977.465
                   100.812193 -197.87158 1380.02483 1.36573938 66.1665306 18.6262394 .040765025 6847.91083 99.5822606 .167860979
                   .191224681 148.368571 -1412.0233
Times of maxima :      .03033     .02424     .02847     .02502     .02456      .0275     .02607     .02468     .02778     .01667
                       .02456      .0275     .02502     .02456      .0275     .02744     .02825     .02456     .02607     .02468
                       .02778     .02732     .02448     .02977     .02987     .02744     .02456     .02735     .02475     .02978
                       .03033     .02424     .02847        0.3        0.3        0.3        0.3        0.3        0.3        0.3
                          0.3        0.3     .02825
             Random switching times for simulation number  39  :
                                  10  2.1203934E-02   11  2.1467680E-02   12  2.0693346E-02

 26.0479           45.6280445 48.8344728 2134.81534 18.4254781 .4569197E7 3084.56316 9.99273949 .1657394E8 .1133131E8 112646.914
                    195772.88 171830.731 -50015.164 195772.797 171830.741 200556.635 -147.21437 219496.134 36832.7882 201281.662
                   198912.425 -200366.42 212699.194 -287036.14  -334205.3 -200664.64 219514.518 -202626.35 233381.649 -342894.56
                   -213.60722 -220.98523 1461.10073 1.36731547 861.806641  19.099214 .011060183 8044.86207 2900.13999 .235236748
                    .20966731 149.608421 -1472.1437
Times of maxima :      .02283     .02204     .02758     .02427     .02249     .02762      .0229     .02248     .02561     .01667
                       .02249     .02762     .02427     .02249     .02762     .02551     .02772     .02245      .0229     .02248
                       .02561     .02548     .02261     .02235     .02231     .02551     .02245     .02545     .02255     .02238
                       .02283     .02204     .02758        0.3        0.3        0.3        0.3        0.3        0.3        0.3
                          0.3        0.3     .02772
             Random switching times for simulation number  40  :
                                  10  2.6895504E-02   11  2.7544692E-02   12  2.5989912E-02

 150.765           46.9290196 10.1674949 1450.62842 22.4655527 2462.63367 .8341346E7 16.7742165 124645.858 .2733273E8 112646.914
                   -165328.92 197536.471 -55226.925 -165328.93 197536.263 229680.357 123.865106 -165362.81 47721.4284 -179196.01
                   205982.858 -228514.29  -184881.7 234289.787 243534.882 -229730.78 -165352.15 -239939.98 -171501.29 251243.258
                   -216.63107 100.833997 -1204.4204  1.3372082  18.951512 2003.80361 .028074782 50.9194041 12015.1692 .190774689
                   .159504351 142.379126 1238.65106
Times of maxima :       .0275     .02828     .03612      .0263     .03105     .02787     .02829     .03136     .02793     .01667
                       .03105     .02787      .0263     .03105     .02787     .02779     .03671     .03119     .02829     .03136
                       .02793     .02772     .03106     .02869     .02855     .02779     .03119     .02797      .0311     .02865
                        .0275     .02828     .03612        0.3        0.3        0.3        0.3        0.3        0.3        0.3
                          0.3        0.3     .03671
             Random switching times for simulation number  41  :
                                  10  2.7688073E-02   11  2.7000510E-02   12  2.7507573E-02

 166.912           52.2826733 11.9582639 1918.52402 17.0420516 128662.303 .3284273E7  10.928325 .3080802E7 .2083237E8 112646.914
                   -179294.03 193692.106 48100.9053 -179293.99 193692.038 224741.701  139.72375 -185522.95 38518.4776 -193109.42
                   203167.285 -200819.42 -192334.27 275838.113 305801.192 -224763.52 -185513.08 -221330.36 -206147.36 314346.576
                   -228.65405 -109.35385 -1385.1079 1.32683402 26.7678774 739.045768 .027461619 601.446212 7928.00464 .189480642
                   .177089514 143.735827  1397.2375
Times of maxima :      .02826     .03332     .03659      .0322     .03048     .02872     .02977     .03075     .02871     .01667
                       .03048     .02872      .0322     .03048     .02872      .0286     .03675      .0304     .02977     .03075
                       .02871     .02849     .03049     .02849     .02859      .0286      .0304     .02874      .0305     .02865
                       .02826     .03332     .03659        0.3        0.3        0.3        0.3        0.3        0.3        0.3
                          0.3        0.3     .03675
             Random switching times for simulation number  42  :
                                  10  2.3700480E-02   11  2.2439298E-02   12  2.3894128E-02

 63.6189           6.67223372 25.4570389 1243.22229 22.1041876 142879.385  1271.9796 5.98645901 .6254134E7 2349.19115 112646.914
                   179639.999 -151500.14 -54780.954 179639.984 -151500.13 -163672.81 -114.44548 199640.502 -28508.694 196564.351
                   -164096.13 173650.019 197375.718 237810.433 239908.557 163769.341 199636.865 163975.023 211293.425 250962.192
                   81.6837421 -159.55262 1114.99879 1.35688773 31.1797695 17.6176785 .008903709 2427.98853 34.6118569 .160245855
                   .195386954 144.748803 -1144.4548
Times of maxima :      .03134     .02307       .028     .02421      .0236     .03614     .02487     .02359     .03595     .01667
                        .0236     .03614     .02421      .0236     .03614     .03612     .02787     .02349     .02487     .02359
                       .03595      .0341     .02362     .02884     .02896     .03612     .02349     .03596     .02352     .02905
                       .03134     .02307       .028        0.3        0.3        0.3        0.3        0.3        0.3        0.3
                          0.3        0.3     .02787
             Random switching times for simulation number  43  :
                                  10  2.8219824E-02   11  2.8532744E-02   12  2.8087173E-02

 178.514           46.6200566 26.3010269 2052.91041 21.8250326 2597.87572 .2595525E7  10.726895 .2336218E7 .1281455E8 112646.914
                   -166778.75 191706.241 54433.9391 -166778.78 191706.143 211265.219 146.341766 -184942.16 38161.8418 -190948.16
                   199588.269 209909.544 -190318.43 295241.682 327677.501 -211272.17 -184938.02 -224517.87 -193011.23 351656.314
                   -215.91678 162.175913 -1432.7981 1.32972321 20.0675945 391.174955 .018149832 522.479778 7484.64818 .249524575
                   .197377509 144.583877 1463.41766
Times of maxima :      .02881     .02911     .03664     .03272      .0297     .02924     .03097     .02985      .0292     .01667
                        .0297     .02924     .03272      .0297     .02924     .02916     .03641     .02965     .03097     .02985
                        .0292     .03474     .03166     .02936     .02945     .02916     .02965     .02928     .02962     .02945
                       .02881     .02911     .03664        0.3        0.3        0.3        0.3        0.3        0.3        0.3
                          0.3        0.3     .03641
             Random switching times for simulation number  44  :
                                  10  3.2396524E-02   11  3.1915652E-02   12  3.1428402E-02

 289.282           12.6361444 40.7934671 1589.73385 20.3903775 298149.209 360880.902 18.1518991 .1815543E8 .5399719E7 112646.914
                   -183336.98 -184790.59 52614.4392 -183336.94 -184790.52 -201435.43 129.595977 -221840.12 -49642.466 -201985.89
                   -196163.75 199547.871 -220539.08 -228988.56 -238536.45 201558.788 -221889.72 207998.901 -238839.56 -241625.36
                   112.410606 201.973927 -1260.8465 1.32107442 65.1165915 68.0479944 .027983327 7034.05654 1900.76118 .175880913
                   .182345895 142.091007 1295.95977
Times of maxima :      .03307     .03249     .03691      .0347     .03293     .03567     .03328     .03294     .03592     .01667
                       .03293     .03567      .0347     .03293     .03567     .03574     .03656     .03288     .03328     .03294
                       .03592      .0358     .03274     .03794     .03789     .03574     .03288     .03561     .03295     .03803
                       .03307     .03249     .03691        0.3        0.3        0.3        0.3        0.3        0.3        0.3
                          0.3        0.3     .03656
             Random switching times for simulation number  45  :
                                  10  2.5541233E-02   11  2.4121630E-02   12  2.3772959E-02

 123.255           35.4759428 40.7283995 1306.48712 23.6553111 146920.749 .1913857E7 21.0948287 .1050487E8 .1204996E8 112646.914
                   -179738.13 189700.941 -56670.448  -179738.1 189700.958 214511.219 -114.80389 209117.215  -53515.59 -198533.91
                   199240.439 -222585.93 -209740.01 290576.631 309391.693 -214611.86 209162.273 -242559.02 231184.868 330721.718
                   -188.35058 201.812783 1143.01667 1.36251734 44.2214362 255.051825 .023020379 7061.57803 4104.16062 .198348753
                    .26110116  144.84336 -1148.0389
Times of maxima :      .02614      .0259     .02877     .02409     .03061      .0267     .02591     .03062     .02686     .01667
                       .03061      .0267     .02409     .03061      .0267     .02663     .02902     .02511     .02591     .03062
                       .02686     .02675     .03066     .02839     .02853     .02663     .02511     .02656     .02522     .02859
                       .02614      .0259     .02877        0.3        0.3        0.3        0.3        0.3        0.3        0.3
                          0.3        0.3     .02902
             Random switching times for simulation number  46  :
                                  10  3.1738770E-02   11  3.2403330E-02   12  3.0626060E-02

 244.298           13.2540857 31.3245709 1831.02385 17.2125281 2613.39922 2523.19414 9.00238694  .975532E7 384262.736 112646.914
                    -166943.9 165980.781 48340.8902 -166943.85 165980.785 182123.795 139.068958 -206030.49  34959.978 -198189.39
                   185044.517 -190549.27 -200155.39 -237591.58 -251576.61 -182203.81  -206111.5  -187942.7 -216878.33 -258709.93
                   -115.12639 176.987488 -1353.1533 1.32319988 20.1694558  18.417331 .022361236 3458.74055 126.391873 .175223392
                   .208972212 143.832601 1390.68958
Times of maxima :      .04119     .03297     .03698     .03447     .03338     .04395     .03478      .0334     .04376     .01667
                       .03338     .04395     .03447     .03338     .04395     .04398     .03633     .03338     .03478      .0334
                       .04376     .04392      .0334     .03664     .03669     .04398     .03338     .04396     .03344     .03666
                       .04119     .03297     .03698        0.3        0.3        0.3        0.3        0.3        0.3        0.3
                          0.3        0.3     .03633
             Random switching times for simulation number  47  :
                                  10  3.3574737E-02   11  3.3991302E-02   12  3.3925866E-02

 306.785           25.2405347 17.0414386 1444.89868 37.1694188 1889.79427  365645.02 8.45423397 516326.683 .1967401E8 137417.251
                   158935.108 -184900.14 71037.0957 158935.212 -184900.01 -220523.32 -121.02326 174911.712 -33878.911 185455.694
                   -202657.69 242155.166  179165.61 -220334.44 -222968.94  220555.28 174863.175 224446.392 200449.965 -235947.28
                     158.8727 -130.54286 1202.03938 1.30278642 18.6528228 85.1197603 .017725905 135.768746 7099.03107 .169331809
                   .168457687 137.950864 -1210.2326
Times of maxima :      .03431     .03573     .04501     .03421     .03879     .03476     .03518      .0385     .03499      .0336
                       .03879     .03476     .03421     .03879     .03476     .03478     .04483     .03862     .03518      .0385
                       .03499     .03474     .04078     .03833     .03818     .03478     .03862     .03487     .03861      .0381
                       .03431     .03573     .04501        0.3        0.3        0.3        0.3        0.3        0.3        0.3
                          0.3        0.3     .04483
             Random switching times for simulation number  48  :
                                  10  3.0668763E-02   11  3.0613741E-02   12  2.9967848E-02

 226.556           20.9670737 56.5230501 2087.66395 21.2038235 .5715035E7 2055.32021 9.64374434 .2759614E8 .3796946E7 112646.914
                    -196311.9 -160827.38 53653.6661 -196311.78 -160827.41  -187652.1 147.138246 -234865.83 -36183.882 -206095.42
                   -195145.45 196533.601 -220466.56 -228771.01 263316.498 187778.123 -234900.44 192410.099 -234349.45 264630.571
                   144.800116 237.745768 -1444.8751 1.32561614 1328.85211 17.6062239  .01818268 11823.9285 976.992756 .174269342
                   .188737444 144.814888 1471.38246
Times of maxima :       .0321      .0312     .03664     .03331     .03162     .03488     .03196     .03162     .03478     .01667
                       .03162     .03488     .03331     .03162     .03488     .03473     .03649      .0315     .03196     .03162
                       .03478     .03484     .03142     .03677     .03146     .03473      .0315     .03494     .03161     .03157
                        .0321      .0312     .03664        0.3        0.3        0.3        0.3        0.3        0.3        0.3
                          0.3        0.3     .03649
             Random switching times for simulation number  49  :
                                  10  3.5176237E-02   11  3.6016412E-02   12  3.5252521E-02

 346.725           49.0418205 12.6659027 1732.04314   20.07909 2304.64822 .6220686E7 21.2126916 696533.849 .2717324E8 126869.778
                     163607.8 -196548.84 -52211.278 163607.774  -196548.7 -236752.47 -135.33815 173035.724 -53664.885 186013.864
                   -205914.65 232678.435 187964.005 -235939.65 -245522.78  236773.24 173044.408 247647.974 190127.502  -250823.8
                   221.453879 -112.54289  1316.0711  1.2922752  18.865301 1913.90172 .026907595 108.411945 12038.2388 .185363256
                   .157205853 138.782676 -1353.3815
Times of maxima :      .03581     .03665     .04445     .04182     .03934     .03625     .03654     .03964      .0363      .0352
                       .03934     .03625     .04182     .03934     .03625      .0361     .04433     .03947     .03654     .03964
                        .0363     .03605     .03933     .03724     .03711      .0361     .03947     .03622     .03945     .03699
                       .03581     .03665     .04445        0.3        0.3        0.3        0.3        0.3        0.3        0.3
                          0.3        0.3     .04433
             Random switching times for simulation number  50  :
                                  10  2.2726922E-02   11  2.1674693E-02   12  2.3662104E-02

 51.8854           14.2649689 26.9525743 1401.27066 29.1100351 .1179294E7 2654.04783 3.72106847 .1012182E8 .3304119E7 112646.914
                   187493.153 167374.868 -62865.689 187493.094 167374.818 187114.232 -118.75833 205293.058 -22476.368 198357.993
                   193748.686 -192001.97 207468.376 213270.038 216435.946 -187225.39   205289.1  -189214.1 213864.887 219695.081
                   -119.43605 -164.17239 1183.75279 1.35872067 151.004446 19.6865295 .004861035 5592.39672 941.373283 .177423803
                   .211113899 145.389897 -1187.5833
Times of maxima :      .02436     .02232     .02882     .02397     .02284     .02726      .0242     .02309     .02731     .01667
                       .02284     .02726     .02397     .02284     .02726      .0274     .02895     .02274      .0242     .02309
                       .02731      .0275     .02287     .02862     .02851      .0274     .02274     .02755     .02277     .02838
                       .02436     .02232     .02882        0.3        0.3        0.3        0.3        0.3        0.3        0.3
                          0.3        0.3     .02895
             Random switching times for simulation number  51  :
                                  10  2.7225777E-02   11  2.8980212E-02   12  2.8785976E-02

 180.769           27.2341844 40.9883485 2100.36799 17.3213704 .3650234E7 660302.626 13.5517346 .1392922E8 .1001438E8 -117185.98
                   -194731.74 185901.953 48493.4896 -194731.62 185901.909 205502.717  146.63612  -216359.2 -42893.329 -200093.26
                   198308.597 -197619.81 -196982.33 240906.955 260479.996 -205499.48 -216358.28 -216917.59  -239180.7 269794.934
                   -165.02783 202.455794 -1449.2646  1.3264548 673.053556 92.8736366 .024508879 7576.89533 4057.67835 .174548347
                   .186940427  144.87297  1466.3612
Times of maxima :      .02787     .02957      .0364      .0324     .03005     .02839      .0304     .03012     .02839     .02725
                       .03005     .02839      .0324     .03005     .02839     .02827     .03635     .02997      .0304     .03012
                       .02839     .02842     .03225     .03016     .03004     .02827     .02997     .02832     .03007     .03009
                       .02787     .02957      .0364        0.3        0.3        0.3        0.3        0.3        0.3        0.3
                          0.3        0.3     .03635
             Random switching times for simulation number  52  :
                                  10  2.2623315E-02   11  2.2365526E-02   12  2.1939749E-02

 74.9832           10.4784828 54.1479322 1998.09765 23.8940633 .7405644E7  1902.3923 17.5615141 .2550018E8 .1194788E7 112646.914
                   197101.951 159080.547 -56955.716 197101.717 159080.589 175784.686 -145.76001 233232.338 48828.4897 205196.509
                    187540.19 -186943.18 227250.916 231632.132 235015.114 -175912.28 233264.438  -179451.1 245940.776 238636.203
                   -102.36446 -232.69708 1413.54082 1.36569848 1798.53468 17.7820177 .024191035 12258.8744 189.003286  .16216625
                   .187248873 148.771313 -1457.6001
Times of maxima :      .02397     .02296     .02812     .02518     .02329     .02682     .02372     .02341     .02651     .01667
                       .02329     .02682     .02518     .02329     .02682     .02679     .02832     .02327     .02372     .02341
                       .02651     .02669     .02319     .02878     .02866     .02679     .02327     .02692     .02339     .02854
                       .02397     .02296     .02812        0.3        0.3        0.3        0.3        0.3        0.3        0.3
                          0.3        0.3     .02832
             Random switching times for simulation number  53  :
                                  10  2.8444430E-02   11  2.8388764E-02   12  2.7424505E-02

 178.781           46.1623023 33.5995858 1879.16495 17.5421506  3417.0273  3441.6117 6.08479416 .8703771E7 .1008972E8 112646.914
                   -175146.62 175387.809 48801.5628 -175146.46 175387.625 200704.631 138.613199 -200486.51 28741.8857 -197704.07
                   198343.236 198723.194 -204972.24 315846.248 370999.065 -200721.93 -200506.41 -220432.75  -203665.7 386725.361
                   -214.85414 183.301898 -1370.8264 1.32653191 21.3571865 19.5142765 .006371938 3216.88845 2821.28734 .253445426
                   .234556953 143.737469 1386.13199
Times of maxima :      .02901       .029     .03677     .03354     .03129      .0293     .02986     .03151     .02947     .01667
                       .03129      .0293     .03354     .03129      .0293     .02941     .03661     .03139     .02986     .03151
                       .02947     .03471     .03152     .02932     .02946     .02941     .03139     .02953     .03127     .02943
                       .02901       .029     .03677        0.3        0.3        0.3        0.3        0.3        0.3        0.3
                          0.3        0.3     .03661
             Random switching times for simulation number  54  :
                                  10  3.2744240E-02   11  3.3203938E-02   12  3.3425691E-02

 274.419           12.6868627 23.7121636 1305.53436  29.641813 2027.02641 2542.61127 3.81188313 650208.908 .5429062E7 132755.771
                   160506.617 -166188.89 63437.3005 160506.675 -166188.88 -190501.15 -114.25954 177678.683 -22748.989 185870.695
                   -196177.53 209981.777 183378.015 -225784.96 -230390.88 190535.909 177667.373  211316.15 185527.733 -238135.06
                   -112.63597 -153.98754 1142.59983 1.30330968 19.4990677 19.4543383 .004113317 143.400145 1215.44396 .178910502
                   .187236042 138.166756 -1142.5954
Times of maxima :      .03987     .03487     .04457     .03371     .04025     .03456     .03469     .04003      .0345     .03323
                       .04025     .03456     .03371     .04025     .03456     .03438     .04482     .04007     .03469     .04003
                        .0345     .03424        .04     .03735      .0374     .03438     .04007     .03439     .04003     .03753
                       .03987     .03487     .04457        0.3        0.3        0.3        0.3        0.3        0.3        0.3
                          0.3        0.3     .04482
             Random switching times for simulation number  55  :
                                  10  3.1687902E-02   11  3.3056441E-02   12  3.3240716E-02

 273.765           15.8567575 26.2903343 1228.35781 30.8807485 1638.47692 2062.72286 3.35744285 50777.3044 .1505705E7 129596.151
                   155985.515 -160911.17 64749.4706 155985.572 -160911.14 -178488.15 -112.19937 -173539.82 -21349.938 177374.773
                   -188480.41 199383.154 183620.564  -237158.1 -242671.24 178573.768 -173502.08 192316.263 -186183.48   -254485.
                   -125.92362 -162.14294 1108.31305 1.30542186  19.388436 19.2634563 .003602748 53.4908373  357.47061 .183109928
                       .19083 138.352062 -1121.9937
Times of maxima :       .0397     .03468     .04443     .03353     .04006     .03453      .0345     .03985     .03433     .03308
                       .04006     .03453     .03353     .04006     .03453     .03663     .04469     .04838      .0345     .03985
                       .03433     .03457     .03994     .03713     .03717     .03663     .04838     .03474     .03419      .0373
                        .0397     .03468     .04443        0.3        0.3        0.3        0.3        0.3        0.3        0.3
                          0.3        0.3     .04469
             Random switching times for simulation number  56  :
                                  10  3.0761393E-02   11  2.8575283E-02   12  2.7610069E-02

 209.451           16.9296275 20.8771051 1947.99166 16.2336363  2849.1299 2392.70591 .830987657 .3092373E7 .1460073E7 112646.914
                   -169417.99 -164570.86 46946.1755 -169417.94 -164570.85 -188526.84 140.576077 -191094.37 10621.5916 -193142.64
                     -188343. 203155.948  -196485.3 -239442.11 -253215.61 188649.569 -191082.49 189706.968 -192443.81 -256942.34
                   130.113902 144.489118 -1395.7047  1.3257869 20.4298823 17.8233607 .961132E-3 1234.33381 435.324545 .180898094
                   .190232996 143.982859 1405.76077
Times of maxima :      .03221     .02921     .03632     .03284     .02974     .03489      .0289      .0298     .03499     .01667
                       .02974     .03489     .03284     .02974     .03489     .03485     .03651     .02978      .0289      .0298
                       .03499     .03486      .0318     .03695       .037     .03485     .02978      .0347      .0299      .0371
                       .03221     .02921     .03632        0.3        0.3        0.3        0.3        0.3        0.3        0.3
                          0.3        0.3     .03651
             Random switching times for simulation number  57  :
                                  10  3.5395306E-02   11  3.5522005E-02   12  3.7127019E-02

 346.549           40.9174212  13.524384 2073.12963 16.0681299 1629.18289  905484.46  7.0610317 307142.808 .1393775E8 121623.781
                   -155874.57 -186657.02 -46706.248 -155874.62 -186656.95 -214122.88  -145.7723 -170382.38 -30961.814 183546.694
                   -200097.11 197160.461  182937.44 -274325.28 -302855.16 214119.941 -170306.75 224037.289 179581.836  -312346.5
                   202.280551 -116.29438 1439.83667 1.28448877 18.8494923 169.141619 .017137823 113.031813 4727.20764 .199795545
                   .181776321 140.620015  -1457.723
Times of maxima :      .03603     .03604     .04447     .04052     .04809     .03648     .03684     .04059     .03653     .03542
                       .04809     .03648     .04052     .04809     .03648      .0364      .0446     .04799     .03684     .04059
                       .03653     .03654      .0405     .03655     .03646      .0364     .04799     .03648     .03876     .03648
                       .03603     .03604     .04447        0.3        0.3        0.3        0.3        0.3        0.3        0.3
                          0.3        0.3      .0446
             Random switching times for simulation number  58  :
                                  10  2.8896262E-02   11  2.8063902E-02   12  2.8285135E-02

 185.223           35.1334708 16.8828188 1980.24355 18.1002441 234600.452 1813.53946  5.8288384 .1351715E8 921946.297 112646.914
                   -181841.61 -158050.26 49571.7817 -181841.47 -158050.31  173506.36 143.658617 -205990.23  -28130.88 -199906.86
                   186707.426 183718.313 -213777.99 277474.239  301889.16 -173507.45 -206016.54 -193155.81 -214090.98 318058.287
                   187.439246  -129.9339 -1407.2113 1.32450177 60.0140255 18.1736495 .011132639 5990.43259 169.602693 .209689549
                   .207461338 144.650561 1436.58617
Times of maxima :      .03045     .03445     .03583     .03397     .03143      .0356     .03194     .03142     .02992     .01667
                       .03143      .0356     .03397     .03143      .0356     .02993     .03658     .03144     .03194     .03142
                       .02992     .03557     .03145     .02974     .02972     .02993     .03144     .02998     .03163     .02983
                       .03045     .03445     .03583        0.3        0.3        0.3        0.3        0.3        0.3        0.3
                          0.3        0.3     .03658
             Random switching times for simulation number  59  :
                                  10  3.0060463E-02   11  3.1133879E-02   12  2.8223142E-02

 206.156           7.16470664 50.9186939 2091.53351 17.1189623 .5801678E7 1269.66847 13.9014607 .2793197E8 28168.7621 112646.914
                   -196352.57 -151471.07 48209.3228 -196352.41  -151471.1 -166723.52  148.18446 -234196.21 -43443.272 -206238.77
                   -176809.89 183187.648 -224195.39 205871.706 205529.795 166848.143 -234246.23 179779.305 -238743.36 210129.759
                   84.6445901 225.651709 -1446.2135 1.32562216 1405.71381 17.1378975 .023674534 14019.9985 33.8992881 .154009344
                   .178063658  144.76443  1481.8446
Times of maxima :      .03193     .03172     .03658     .03384     .03212     .03492     .03249     .03213     .03455     .01667
                       .03212     .03492     .03384     .03212     .03492     .03479     .03646     .03203     .03249     .03213
                       .03455     .03468     .03195     .04565     .04575     .03479     .03203     .03487     .03215     .04589
                       .03193     .03172     .03658        0.3        0.3        0.3        0.3        0.3        0.3        0.3
                          0.3        0.3     .03646
             Random switching times for simulation number  60  :
                                  10  3.1631325E-02   11  3.1357880E-02   12  3.1822920E-02

 240.223           12.3133388  32.323716 1366.93638 30.0939302 .1425212E7  80580.112  5.5974484 .1423839E8 .3132234E7 124839.467
                   -188237.96 -178114.03 63919.2642 -188237.88   -178114. -191977.61 119.365696  -214755.6 27566.8639 -200232.89
                     -193257. 202061.344 -235902.64  -234599.6 -243530.35 192082.341 -214769.82  205762.51 -215725.68  -255071.1
                   110.965485 179.787975 -1169.1605 1.32240102 207.718133 22.0950528 .009447113 6298.08786 932.972367 .171881932
                   .178473492 140.779016 1193.65696
Times of maxima :      .03279     .03201     .03692     .03209     .03247     .03537     .03326     .03269     .03549     .03138
                       .03247     .03537     .03209     .03247     .03537     .03525     .03692     .03243     .03326     .03269
                       .03549     .03514     .03253     .03773     .03762     .03525     .03243      .0354     .03238     .03751
                       .03279     .03201     .03692        0.3        0.3        0.3        0.3        0.3        0.3        0.3
                          0.3        0.3     .03692
             Random switching times for simulation number  61  :
                                  10  2.7705404E-02   11  2.7844634E-02   12  2.8008933E-02

  159.71            50.354103 18.8850305 2044.16634 15.6375041 2016.26633 .2902105E7  13.123738 .3198982E7 .1813369E8 112646.914
                   -160384.59  192595.11 46076.1339 -160384.41 192594.957 224265.114 144.426974  -177287.2 42210.5575 -193448.22
                   201976.238 -208447.63 -188875.55 299240.998 330467.754 -224265.49 -177299.12 -229616.51  -183266.9 343663.123
                    -224.3972 137.422817 -1429.7435 1.32826494 19.8350274 777.653919 .019490127 676.165772 6441.14905 .216849432
                      .195268 144.665724 1444.26974
Times of maxima :      .02834     .02836     .03659     .03219     .03052     .02871     .02914     .03081     .02878     .01667
                       .03052     .02871     .03219     .03052     .02871     .02867     .03637     .03085     .02914     .03081
                       .02878     .02877     .03098     .02886     .02875     .02867     .03085     .02878     .03103     .02877
                       .02834     .02836     .03659        0.3        0.3        0.3        0.3        0.3        0.3        0.3
                          0.3        0.3     .03637
             Random switching times for simulation number  62  :
                                  10  1.9332104E-02   11  1.9055891E-02   12  1.9639247E-02

 3.12295           46.5430317 18.4947017 2035.67183 23.2720699 .1658888E7 .2204684E7  15.169311 .1066544E8 .1239969E8 112646.914
                   188940.411 -190561.53 -56209.513 188940.295 -190561.44 -215850.73  -143.9554 206887.493 -45381.123 198607.562
                   -199399.68 200576.445 207292.399   -290321.  -333280.2 215854.944 206899.428 224583.324 213644.892 -349755.33
                   215.738341 -135.99523 1426.76972 1.36905025 221.704029 414.269599 .020252594 2715.04618 5328.69176  .20279176
                   .205908993 148.824888  -1439.554
Times of maxima :      .01992     .02183     .02824     .02384     .02215     .02036      .0208     .02238     .02046     .01667
                       .02215     .02036     .02384     .02215     .02036     .02033     .02804     .02223      .0208     .02238
                       .02046     .02045     .02214     .02022     .02034     .02033     .02223     .02043     .02215     .02029
                       .01992     .02183     .02824        0.3        0.3        0.3        0.3        0.3        0.3        0.3
                          0.3        0.3     .02804
             Random switching times for simulation number  63  :
                                  10  2.4576873E-02   11  2.3830615E-02   12  2.5819370E-02

 99.6959           17.4706168 25.9523001 1417.56836 20.3595204 1793.39988 2681.68116 2.35250774 479081.462 .1821189E7 -137891.49
                   -157815.18 167666.748 -52574.613 -157815.16 167666.742 -185904.29 120.348834 -172820.32  -17871.37 -185339.92
                   -189425.18 -192820.26 179214.117 239842.328 257186.935 186010.801 -172779.16 193305.179 -184632.93 276462.347
                   132.176461 161.097176 -1190.6168 1.33715672 19.7527776 19.5938259 .004039149 105.945875 648.441478 .197487479
                   .210405255 142.306063 1203.48834
Times of maxima :       .0304     .02762     .03693      .0261     .03027      .0277     .02634     .03045     .03522     .02386
                       .03027      .0277      .0261     .03027      .0277     .03525     .03676     .03037     .02634     .03045
                       .03522     .02756     .03927      .0302     .02802     .03525     .03037     .03534     .03051     .02999
                        .0304     .02762     .03693        0.3        0.3        0.3        0.3        0.3        0.3        0.3
                          0.3        0.3     .03676
             Random switching times for simulation number  64  :
                                  10  2.2019343E-02   11  2.0382944E-02   12  2.2245223E-02

 42.8207           24.3592155 20.2115989 2063.66633 14.5911264 3179.85144 16929.7177 2.32251408 .3687334E7 .7582427E7 112646.914
                   172791.729 176527.794 -44507.861 172791.673 176527.735 200374.114 -144.29569 193326.903 -17757.077  194836.43
                    197183.96 -201396.88 191394.945 212319.872 213047.191 -200495.57 193327.447 -204465.61  196933.45 217325.889
                   -156.07439  -142.1675 1436.54667 1.36441481 20.9407852 19.1239661 .005790049 1435.72307  2751.3024 .189502365
                   .179499361 148.755528 -1442.9569
Times of maxima :      .02355     .02105     .02805     .02464     .02158     .02633     .02777     .02183      .0264     .01667
                       .02158     .02633     .02464     .02158     .02633     .02626     .02794     .02165     .02777     .02183
                        .0264     .02633     .02167      .0284     .02851     .02626     .02165     .02636     .02149     .02863
                       .02355     .02105     .02805        0.3        0.3        0.3        0.3        0.3        0.3        0.3
                          0.3        0.3     .02794
             Random switching times for simulation number  65  :
                                  10  2.6161127E-02   11  2.4386064E-02   12  2.3802348E-02

  90.155           41.6458842 37.1124071 1258.40401  23.871107 898136.429 .2777183E7 10.0214207  .695573E7 .1807135E8 112646.914
                   -186634.43 192233.812 -56928.349 -186634.41 192233.744 219211.408  -115.5053 -206100.62 36885.6091  -196892.1
                   201948.567  -213403.7  -199611.6  249341.21 273143.263 -219317.55 -206039.39  -230197.4 -220804.13 281164.937
                   -204.07323 192.645807 1121.78608 1.35731388 131.591515 411.837368 .019422927 5044.26902 9459.91518 .188453731
                   .243739417 144.822175  -1155.053
Times of maxima :      .02672      .0283     .02743     .02412     .03107     .02726     .02762     .03123     .02728     .01667
                       .03107     .02726     .02412     .03107     .02726     .02714     .02744     .03104     .02762     .03123
                       .02728     .02715     .03094     .02874     .02886     .02714     .03104      .0273     .03108     .02885
                       .02672      .0283     .02743        0.3        0.3        0.3        0.3        0.3        0.3        0.3
                          0.3        0.3     .02744
             Random switching times for simulation number  66  :
                                  10  2.3411988E-02   11  2.2189643E-02   12  2.3069985E-02

 63.0816           4.45371267 26.4115714  1536.8701 18.5090771  369068.36 469.022901 3.66119447 .1306623E8 1504.44365 112646.914
                   184978.699 -140727.57 -50128.498 184978.621 -140727.55 -152879.08  -125.9824 210217.109 22294.8067 199702.509
                   -154371.84 -167571.75 231883.186 217548.673 225624.396  152969.15 210222.939 158694.253 212955.761 230256.964
                   66.7361422 -162.51637 1239.70565 1.36131766 67.1809024 17.3023037  .00530801 5139.97439  32.663312 .151644975
                   .176335523 146.164733  -1259.824
Times of maxima :      .03114     .02283     .02782     .02447     .02334     .03592     .02371      .0236     .03599     .01667
                       .02334     .03592     .02447     .02334     .03592     .03603     .02823     .02334     .02371      .0236
                       .03599     .02684     .02335     .02865     .02877     .03603     .02334     .03608     .02327     .02887
                       .03114     .02283     .02782        0.3        0.3        0.3        0.3        0.3        0.3        0.3
                          0.3        0.3     .02823
             Random switching times for simulation number  67  :
                                  10  2.9862251E-02   11  2.9878944E-02   12  2.9424240E-02

 224.255           38.1546867 56.1428404 2143.75214 19.6350871 .3048119E7 1775.77228  9.9968856 .2230946E8 .7466345E7 112646.914
                   -193015.63 -157608.82 51630.7851 -193015.52 -157608.85 -191453.82  147.34494 -226606.78 -36840.429 -203813.58
                   -197129.96 194729.003 -213568.64 280853.983 324537.934 191564.941 -226625.81 199261.383 -225044.53 340169.751
                   195.332247 236.944805 -1464.1558 1.32552032 800.278046 18.0205104 .017698417 9269.29334 1527.37629 .213321391
                   .210652061 145.205098  1473.4494
Times of maxima :      .03135     .03045     .03637     .03399     .03088     .03415     .03131     .03089     .03409     .01667
                       .03088     .03415     .03399     .03088     .03415       .034     .03642     .03079     .03131     .03089
                       .03409     .03405      .0309     .03067     .03075       .034     .03079     .03418      .0309     .03084
                       .03135     .03045     .03637        0.3        0.3        0.3        0.3        0.3        0.3        0.3
                          0.3        0.3     .03642
             Random switching times for simulation number  68  :
                                  10  3.3796447E-02   11  3.5590607E-02   12  3.6007999E-02

 319.273           15.8478716 11.8863185 1920.68458 13.1989331 76777.3471 1902.18418 2.93456936 .3346799E7 321700.225  138945.94
                   178020.052 -159078.18 -42331.312 178020.011 -159078.19 -177662.54 -138.52989 191912.464 -19960.182 193870.408
                   -183885.23  176777.93 190879.717 -243182.98 -263489.21 177662.808  191908.21 182042.261 195281.878 -271987.43
                    125.88833 -109.02439 1385.88765 1.28483064 23.6299233 17.8379184 .003133223 1261.57313 82.7973197 .173434379
                   .177957568  139.41039 -1385.2989
Times of maxima :      .03448     .03835     .04499      .0421     .03883     .03514     .03728      .0389     .03524     .03382
                       .03883     .03514      .0421     .03883     .03514      .0351     .04506     .03884     .03728      .0389
                       .03524     .05156     .03894      .0369     .03697      .0351     .03884     .03706     .03879     .03705
                       .03448     .03835     .04499        0.3        0.3        0.3        0.3        0.3        0.3        0.3
                          0.3        0.3     .04506
             Random switching times for simulation number  69  :
                                  10  2.9636532E-02   11  3.0641398E-02   12  3.0288164E-02

 211.288           19.3129972 51.0938772 2116.58085 23.2496171 .8407042E7 1396.57091 21.0770191  .300882E8 490755.468 112646.914
                   -197566.94 -153051.13 56182.3906  -197566.7 -153051.15 -176179.08  148.54741 -236013.75 -53492.994 -207154.69
                   -185376.22 200110.285 -226845.78 -230591.14 -231624.83 176294.645  -236047.6  185832.26 -247489.72 -241555.11
                    138.97121 226.039548 -1454.8474 1.32775058 2205.84248  17.486782 .019856042 15466.6292 81.1255947 .177318837
                   .194117784 144.787387  1485.4741
Times of maxima :      .03145     .03125      .0362     .03409     .03157     .03425     .03202     .03165     .03408     .01667
                       .03157     .03425     .03409     .03157     .03425     .03428     .03601     .03154     .03202     .03165
                       .03408     .03417     .03164     .03814     .03802     .03428     .03154     .03442     .03169      .0379
                       .03145     .03125      .0362        0.3        0.3        0.3        0.3        0.3        0.3        0.3
                          0.3        0.3     .03601
             Random switching times for simulation number  70  :
                                  10  3.3460151E-02   11  3.1509050E-02   12  3.2455173E-02

 246.651           27.5827503 20.4047194  1155.8442 27.4945951 3168.24196 111168.112 7.31015145 .3058755E7 .9898011E7 128174.154
                   172675.105 -178866.48 61096.4501 172675.064 -178866.44 -202768.28 107.596482  192038.32 31503.2602 -193046.09
                   -198255.06 224125.001 -215030.03 -232352.39 -239244.24 202842.073 191957.782 228798.805 198605.511 -244728.88
                   166.080554 142.845089  -1075.102 1.31500536   19.98299 26.3463943 .007733358 1234.01025 4102.13378 .169929489
                   .203273694 139.589313 1075.96482
Times of maxima :      .03409     .03213      .0367     .03274     .03838     .03464     .03454     .03293      .0349     .03153
                       .03838     .03464     .03274     .03838     .03464     .03457     .03698     .03847     .03454     .03293
                        .0349     .03469     .03272     .03839     .03833     .03457     .03847     .03454     .03839     .03818
                       .03409     .03213      .0367        0.3        0.3        0.3        0.3        0.3        0.3        0.3
                          0.3        0.3     .03698
             Random switching times for simulation number  71  :
                                  10  3.7326953E-02   11  3.5859674E-02   12  3.6889909E-02

 348.903           41.3855743 16.3057982 2028.03164 14.2141613 3520.35345 2423.91522  2.4464078 .3529898E7 .3858106E7 112646.914
                    -176156.5 164909.911 -43929.163 -176156.47 164909.913 185717.752 -142.95573 -193846.72 -18224.547 -194390.95
                   -195317.47 -193530.19 -196832.62 -252358.52 -273250.02 -185859.05 -193760.12  205142.31 -195880.08 -284591.07
                   -203.43445 127.694159 1424.08976 1.28281351 20.5048059 18.7730726 .004143731 1784.09301 1588.24387 .222067043
                   .184865655 140.465375 -1429.5573
Times of maxima :      .03892     .04498     .04392     .04237     .04769     .04396     .03874     .04773     .03837     .01667
                       .04769     .04396     .04237     .04769     .04396     .04399     .04421     .04765     .03874     .04773
                       .03837     .04394     .04771      .0385     .03837     .04399     .04765      .0384     .04778     .03837
                       .03892     .04498     .04392        0.3        0.3        0.3        0.3        0.3        0.3        0.3
                          0.3        0.3     .04421
             Random switching times for simulation number  72  :
                                  10  2.4271700E-02   11  2.3978809E-02   12  2.3392421E-02

 75.1014           17.2084032  31.918379 1418.50259 20.9678526 3001.45029 170824.216 5.23559903 .1136828E8 .7739894E7 112646.914
                   170985.303 180316.342 -53354.283 170985.353 180316.279 198188.226 -122.37888 206675.968 26660.9427 198929.329
                   197257.161 -198792.66 206850.206 -219315.89 227350.322 -198307.92 206733.212 -214004.68 221691.647 240845.879
                    -131.1808 -178.65715 1191.00906 1.35862217  20.167525 40.4440372 .012941369 3466.70083  3514.3661 .190849146
                   .192200924 145.737321 -1223.7888
Times of maxima :      .02498     .02453     .02889     .02471     .02506     .02768     .02529       .025     .02542     .01667
                       .02506     .02768     .02471     .02506     .02768     .02774     .02854     .02495     .02529       .025
                       .02542     .02763     .02511     .03737     .02805     .02774     .02495     .02769     .02498     .02813
                       .02498     .02453     .02889        0.3        0.3        0.3        0.3        0.3        0.3        0.3
                          0.3        0.3     .02854
             Random switching times for simulation number  73  :
                                  10  2.0391809E-02   11  1.9448125E-02   12  2.0980014E-02

 3.85493           27.5551052 18.2304561 2133.35758 18.1083914 536885.316 1473.88608 6.43094292 .1354324E8 127135.794 112646.914
                   185519.664 153999.727 -49582.937  185519.54 153999.752 -169352.15 -149.62402 207071.692 29548.1054 199918.673
                   -179256.76  -183800.6 219532.135 -276563.47 -291201.49  169343.76 207103.089 191131.451 216473.031 -311496.72
                    -165.9973 -135.02021 1460.60179 1.36692985 81.0235036 18.4670948 .011267654  6609.8242 50.1909884 .201285019
                   .205577266 150.128715 -1496.2402
Times of maxima :      .02214     .02258     .02741     .02492       .023     .02711     .02344     .02293     .02144     .01667
                         .023     .02711     .02492       .023     .02711     .02154     .02809     .02293     .02344     .02293
                       .02144     .02708       .023     .02118     .02125     .02154     .02293     .02148      .0231     .02137
                       .02214     .02258     .02741        0.3        0.3        0.3        0.3        0.3        0.3        0.3
                          0.3        0.3     .02809
             Random switching times for simulation number  74  :
                                  10  3.2177405E-02   11  3.1673879E-02   12  3.1526478E-02

 251.596           8.79448065  43.445473 1564.89522  25.165058 .2655894E7 70346.7722 11.8676468 .1924561E8 .3231122E7 112646.914
                   -191881.86 -177860.89 58450.9104 -191881.78 -177860.86 -193698.13  126.16048 -220463.84 40139.7458 -202468.61
                   -193540.17 200213.702 -215855.06 -224371.47 -233490.55 193817.753 -220504.39 200431.075 -220975.22 -238816.93
                   93.7788924 208.435777 -1250.9577 1.32134069 390.638545 24.9307256 .023489542 9065.57044 853.233635 .166434545
                   .179798392 141.839757  1261.6048
Times of maxima :      .03298     .03223     .03679     .03236     .03268     .03552     .03413     .03267     .03577     .01667
                       .03268     .03552     .03236     .03268     .03552     .03548     .03687     .03259     .03413     .03267
                       .03577      .0354     .03248     .03777     .03766     .03548     .03259     .03548     .03272      .0378
                       .03298     .03223     .03679        0.3        0.3        0.3        0.3        0.3        0.3        0.3
                          0.3        0.3     .03687
             Random switching times for simulation number  75  :
                                  10  2.6681760E-02   11  2.5799442E-02   12  2.6624723E-02

 119.197           56.3388769 5.70333872 1654.20428 18.6571008 1266.82569 .6138284E7 11.8264868 199921.628 .2946105E8 -116702.94
                   -151435.41 196510.284 -50328.547 -151435.36 196510.128 235771.435 132.162017 -160931.52 40070.0781 -181015.24
                   206889.074 -231319.58 -173369.89 231997.087  255738.09  -235801.1 -160949.52 -235527.07 -170105.65 259130.021
                   -237.35812 75.5204523 -1286.1587 1.33226463 18.4067372 1605.85045  .02906539 60.1698505 11873.6912 .177596873
                   .155219296 142.765067 1321.62017
Times of maxima :      .02728     .02728     .03631     .02694     .03155     .02769     .02802     .03187      .0277     .02582
                       .03155     .02769     .02694     .03155     .02769     .02757     .03642     .03196     .02802     .03187
                        .0277     .02746     .03202     .02759     .02757     .02757     .03196     .02769     .03208     .02769
                       .02728     .02728     .03631        0.3        0.3        0.3        0.3        0.3        0.3        0.3
                          0.3        0.3     .03642
             Random switching times for simulation number  76  :
                                  10  2.8803575E-02   11  2.9201647E-02   12  2.9542802E-02

 186.432           61.0035412 35.3742866 2067.85335  25.553098 184043.024 253592.591 4.80379029 .1065493E8  .658059E7 112646.914
                   -180634.44 182290.991  58899.837 -180634.47 182290.893 -202063.42 147.084184 -211326.15   25537.85 -198602.75
                   -196716.99 215581.734 -224406.86 310441.597 344916.913 202205.246 -211341.77 212320.758 -217103.47 364573.667
                    246.98895 188.080532 -1438.0033 1.33362492 40.0451537 59.6384012 .010153853 4326.98671 4648.74875 .270314394
                   .205779162 145.244586 1470.84184
Times of maxima :      .03057     .02981     .03677     .03338     .03038     .02987     .03026     .03061     .03323     .01667
                       .03038     .02987     .03338     .03038     .02987     .03531     .03699     .03036     .03026     .03061
                       .03323     .03534     .03037        .03     .03008     .03531     .03036     .03517     .03028     .03019
                       .03057     .02981     .03677        0.3        0.3        0.3        0.3        0.3        0.3        0.3
                          0.3        0.3     .03699
             Random switching times for simulation number  77  :
                                  10  3.2350740E-02   11  3.3481376E-02   12  3.1194253E-02

 265.167           14.9120297 29.5386247 1703.71734 15.5365006  2866.3395 2058.30573 1.85050244 .1821409E7 233030.718 112646.914
                   169596.216 -160861.21 45927.0886 169596.227 -160861.18 -177691.41  131.18471 189875.664 15850.2875 189425.837
                   -181804.23 192063.297 192573.437 -267620.65 -293706.62 177815.237 189813.579 180488.237 197598.392 -297653.35
                   122.114822 -171.86804 -1305.2652 1.32011468  19.518713 18.2567351 .003656019 659.730433 94.1916718 .196631053
                   .211698355 142.623094  1311.8471
Times of maxima :      .03301     .03499     .03611     .03302     .03975     .03556     .03272     .03973     .03565     .01667
                       .03975     .03556     .03302     .03975     .03556     .03558     .03632     .03972     .03272     .03973
                       .03565      .0356     .03981     .03762     .03761     .03558     .03972     .03579     .03969      .0377
                       .03301     .03499     .03611        0.3        0.3        0.3        0.3        0.3        0.3        0.3
                          0.3        0.3     .03632
             Random switching times for simulation number  78  :
                                  10  2.4346468E-02   11  2.7229593E-02   12  2.4632971E-02

 110.077           20.7412861 6.25337255 1105.68853 32.9990316 1525.30239 2835.43463  2.8224494 3076.10962 .6212517E7 -121630.02
                   154624.923 169275.916 -66933.404 154624.923 169275.836 190845.959  107.69751 170371.997 19575.1633 171745.066
                   196544.876 -201416.58 177979.119 222195.524 231945.669 -190931.95 170319.222 -208695.02  172696.06 238145.218
                   -144.01835 79.0782685 -1051.5173 1.34948523 18.8250576 19.7153808 .004436787  43.287767 1791.49866 .187546956
                   .158876688  143.11586  1076.9751
Times of maxima :      .02519     .02796     .03701     .02493     .03951     .02782      .0259     .03948     .02572     .02437
                       .03951     .02782     .02493     .03951     .02782     .02787     .03669     .03957      .0259     .03948
                       .02572     .02584     .03967     .02824     .02831     .02787     .03957      .0256     .03946     .02821
                       .02519     .02796     .03701        0.3        0.3        0.3        0.3        0.3        0.3        0.3
                          0.3        0.3     .03669
             Random switching times for simulation number  79  :
                                  10  3.2093879E-02   11  3.0278796E-02   12  3.2268456E-02

 252.565           10.5538443 26.9165191  1219.4984 31.3862936 669064.377 2885.88634 5.58881365 .8724404E7 .2406699E7 112646.914
                   -185929.04 -169798.38  65277.322   -185929. -169798.36 -183671.63 112.296411 -204660.41  27545.593 -197713.62
                   -191154.75 196407.534 -202923.31 -216543.22 -218920.72 183778.325 -204656.53 190901.918 -213809.15 -227295.36
                   -102.73191 164.062546  -1104.309 1.31672087 93.4685123 19.1018901 .006622449 4071.27072 657.190544 .173269248
                   .205198124 140.394806 1122.96411
Times of maxima :      .03915     .03092     .03591     .03256     .03143     .03613     .03281     .03145      .0359     .01667
                       .03143     .03613     .03256     .03143     .03613     .03602     .03569     .03133     .03281     .03145
                        .0359     .03612     .03146     .03672     .03676     .03602     .03133     .03617     .03137      .0369
                       .03915     .03092     .03591        0.3        0.3        0.3        0.3        0.3        0.3        0.3
                          0.3        0.3     .03569
             Random switching times for simulation number  80  :
                                  10  2.9521121E-02   11  2.7660458E-02   12  2.9120221E-02

 181.592           41.3844142 10.0582528 2169.79756 16.2394425 2606.19517 2484.08212 2.12572591 .1928854E7 .8442259E7 112646.914
                   166867.302 -165560.32 46954.5702 166867.279 -165560.29 -196436.55 147.986164 187266.663 16988.1444 189745.513
                   -197583.02  194676.67 195051.104 244853.165  271215.31 196544.639   187200.6 200508.108 186665.609  282349.54
                   203.431596 100.290841 -1473.0233 1.32410852 19.8234006 18.5352176 .003863726 550.164974 2253.74071 .220902944
                    .18162882 145.322072 1479.86164
Times of maxima :      .03108     .02838     .03596     .03317     .03982     .03593     .03087        .04      .0339     .01667
                       .03982     .03593     .03317     .03982     .03593     .03384     .03606     .03989     .03087        .04
                        .0339     .03373     .03982     .03072      .0306     .03384     .03989     .03382     .03986     .03058
                       .03108     .02838     .03596        0.3        0.3        0.3        0.3        0.3        0.3        0.3
                          0.3        0.3     .03606
             Random switching times for simulation number  81  :
                                  10  2.9598086E-02   11  2.9371088E-02   12  3.1188509E-02

 208.604           30.9762936 43.2927691  1708.5106 17.9561326 .1793503E7 1848.83004 7.88850228 .1506148E8 93891.6383 112646.914
                   -189342.84 -158460.87 49374.0456 -189342.64  -158460.9 168592.391 132.075459 -217330.77 -32725.749 -200603.71
                   -178442.22 -178539.07 -215370.31 294885.182 340061.368 -168655.06 -217326.96 -173842.98 -224870.11 346406.168
                   176.000834 208.069145 -1307.1001 1.32139248 520.002099 17.6371425 .018671796 9008.01381  41.015886 .206610081
                   .239392006  142.54943 1320.75459
Times of maxima :      .03112     .03003     .03649     .03427     .03035      .0359     .03284     .03052     .03564     .01667
                       .03035      .0359     .03427     .03035      .0359     .04308     .03624      .0304     .03284     .03052
                       .03564     .04315     .03241     .03052     .03046     .04308      .0304       .043     .03047     .03052
                       .03112     .03003     .03649        0.3        0.3        0.3        0.3        0.3        0.3        0.3
                          0.3        0.3     .03624
             Random switching times for simulation number  82  :
                                  10  3.1684922E-02   11  3.3738236E-02   12  3.2222355E-02

 274.761           14.1115014 17.4727672 1231.81306   26.91949 1278.26739 2894.97937 2.25894449 3086.63323 .2630627E7 112646.914
                   151579.129 -169892.28 60454.0953  151579.09 -169892.25 -191417.27 112.602483 164857.054 17512.3768  171851.71
                   -191808.31  210909.67  175003.53 -262989.12 -272244.81 191516.596 164813.565 199838.638 175824.763 -283127.51
                   -118.79184  -132.1846 -1109.8707 1.31590319 18.1812107 18.5166987 .004188383 42.3763655 924.375569  .19251944
                   .179067245 140.201009 1126.02483
Times of maxima :      .03825     .03517     .03683     .03252     .03966     .03557     .03427     .03985     .03545     .01667
                       .03966     .03557     .03252     .03966     .03557     .03549     .03628     .03991     .03427     .03985
                       .03545     .03554     .04004     .03768     .03779     .03549     .03991     .03549     .03989     .03784
                       .03825     .03517     .03683        0.3        0.3        0.3        0.3        0.3        0.3        0.3
                          0.3        0.3     .03628
             Random switching times for simulation number  83  :
                                  10  3.4142857E-02   11  3.4086011E-02   12  3.3952690E-02

 293.642           42.4990125 8.73000341 1400.41412 27.3447325 1434.90821 .8344513E7 10.2834015 89303.7769 .2352354E8 112646.914
                   153522.873 -197537.92 60929.7157 153522.816 -197537.73 -227350.21 -119.93849 155015.085 -37364.632  178329.23
                   -204341.89 221688.276 169277.634 -218428.12  -218425.1 227391.171 154971.527  223239.32 168910.895 -229595.83
                   206.152886 -93.434487 1183.39094 1.29890217 17.9695518 1484.52556 .012842692 44.3387152 12061.3523 .172406016
                   .151927258 137.976128 -1199.3849
Times of maxima :      .03476     .03581     .04509     .03427     .03834     .03517     .03561     .03865     .03524     .01667
                       .03834     .03517     .03427     .03834     .03517     .03506     .04529     .03876     .03561     .03865
                       .03524     .03528     .03888     .03795     .03819     .03506     .03876     .03519     .03862     .03818
                       .03476     .03581     .04509        0.3        0.3        0.3        0.3        0.3        0.3        0.3
                          0.3        0.3     .04529
             Random switching times for simulation number  84  :
                                  10  2.5163164E-02   11  2.5050849E-02   12  2.4553658E-02

 111.575           33.6109535 18.0205798 1141.61806 27.3541731 1712.06307 .1475217E7  8.1386151 96618.4641 .1867098E8 112646.914
                   -156859.26 188388.739 -60940.233 -156859.24 188388.624 220811.441 107.950416 -164770.07 -33240.502 -178509.31
                   202214.442 -231200.05 -182851.21 236942.503 238260.013 -220872.19 -164743.25 -233094.34 -173862.71 256552.807
                    -183.3329 134.240753 -1068.4653 1.34943963 18.9411432 181.793264 .008212514 50.3835685 9544.23968 .183829135
                   .178909996 143.319156 1079.50416
Times of maxima :       .0258      .0268     .03632     .02487     .03148      .0263     .02614     .02969     .02633     .01667
                       .03148      .0263     .02487     .03148      .0263     .02619     .03652     .03165     .02614     .02969
                       .02633     .02631     .03189     .02901     .02919     .02619     .03165     .02614     .03169     .02924
                        .0258      .0268     .03632        0.3        0.3        0.3        0.3        0.3        0.3        0.3
                          0.3        0.3     .03652
             Random switching times for simulation number  85  :
                                  10  2.1718427E-02   11  2.1231624E-02   12  2.0802053E-02

 30.2601             18.62606 44.4713474 2170.57642 20.7816226 .5877132E7 1011.54937 10.3584257 .1985213E8 361237.038 112646.914
                   196387.936 -148162.66 -53116.817 196387.788 -148162.63 -163871.53  -149.9811 224789.898 37500.6842 202736.213
                   184798.705 -181808.43 210402.332 -247309.32 -257739.56 163933.251 224801.431 -170846.87 231206.211 -267735.45
                   -136.47732 -210.88231 1473.28762 1.36537779 934.784673 17.7867235 .016772853 9897.96659 66.8505673 .180184822
                   .207300156 149.602645  -1499.811
Times of maxima :      .02319     .02187      .0282     .02538     .02232     .03493     .02266     .02231     .02608     .01667
                       .02232     .03493     .02538     .02232     .03493       .035     .02795     .02219     .02266     .02231
                       .02608     .02585     .02228     .02245     .02256       .035     .02219     .02602     .02233     .02272
                       .02319     .02187      .0282        0.3        0.3        0.3        0.3        0.3        0.3        0.3
                          0.3        0.3     .02795
             Random switching times for simulation number  86  :
                                  10  2.7264131E-02   11  2.5448895E-02   12  2.6723795E-02

 142.234           55.5988514 7.34641363 1701.28871 16.5822096  2873.1522  .432997E7 17.0430738 976172.788 .2679236E8 -125773.26
                   -169666.76  195660.14 47447.5195 -169666.72 195659.898 232328.696 133.770148 -171308.69 48102.3479 -186873.52
                   205751.574  -224648.1  -179764.5 259208.135 284213.171 -232364.26  -171339.1 -237546.63 -183737.64 286301.565
                   -235.79409 -85.711222 -1304.3346 1.33125376 19.0384517 1244.55786 .036429381   172.0346 10288.8566 .181478877
                   .164058802 142.822956 1337.70148
Times of maxima :      .02785       .035     .03638     .03387     .03007     .02815     .02863     .03036     .02829     .02547
                       .03007     .02815     .03387     .03007     .02815     .02818     .03636     .03212     .02863     .03036
                       .02829     .02808     .03198     .02812     .02815     .02818     .03212      .0283     .03009     .02824
                       .02785       .035     .03638        0.3        0.3        0.3        0.3        0.3        0.3        0.3
                          0.3        0.3     .03636
             Random switching times for simulation number  87  :
                                  10  2.5126370E-02   11  2.5568723E-02   12  2.5198846E-02

 101.448           31.3553122 22.7995535 1318.15761 28.4847858 3062.02158 362781.404 6.49263088 585140.354 .1991507E8 -136222.32
                   -171602.09 184834.239 -62186.883 -171602.13 184834.212 215285.103 115.393432 -181219.67 -29689.485 -185669.23
                   202763.944 -219626.29 -186121.51  225843.37 234006.592 -215324.98 -181158.75 -228467.89  -199848.2 244200.184
                   -177.07431  150.99521 -1148.1105 1.34331118 19.5316393 53.6521904 .012401561 159.927086 7070.37612 .178269636
                   .182883377 142.517426 1153.93432
Times of maxima :      .02577     .02713     .03646     .02551     .03006     .02633      .0297     .02992     .02628     .02515
                       .03006     .02633     .02551     .03006     .02633     .02617     .03655     .03002      .0297     .02992
                       .02628     .02601     .03216     .02959     .02973     .02617     .03003     .02616     .02998     .02982
                       .02577     .02713     .03646        0.3        0.3        0.3        0.3        0.3        0.3        0.3
                          0.3        0.3     .03655
             Random switching times for simulation number  88  :
                                  10  3.0806388E-02   11  2.9243402E-02   12  2.9291912E-02

 213.751           13.8024381 33.3372671 2144.56754 18.9705613 .2056861E7 2575.30333 5.33426311 .1453878E8 353415.342 112646.914
                   -190125.09 -166538.26 50749.5742 -190125.01 -166538.26 -184276.87 147.498981 -215238.47 -26910.981 -200368.37
                   -184618.68 191090.253 -208337.69 -212695.89 -219185.53  184415.27 -215245.97 200051.952 -220935.62   -220033.
                   117.483778 182.584959 -1464.4342 1.32368457 342.830595 17.7878288 .009781938 6535.44733  162.09639 .162961865
                   .174590754 145.174987 1474.98981
Times of maxima :      .03227     .02988     .03676     .03342     .03037     .03517      .0307     .03039     .03513     .01667
                       .03037     .03517     .03342     .03037     .03517     .03523     .03655     .03028      .0307     .03039
                       .03513     .03512     .03041     .03717     .03713     .03523     .03028     .03515     .03033     .03727
                       .03227     .02988     .03676        0.3        0.3        0.3        0.3        0.3        0.3        0.3
                          0.3        0.3     .03655
             Random switching times for simulation number  89  :
                                  10  2.3706579E-02   11  2.2327126E-02   12  2.2570126E-02

 49.6145           5.18681871 43.8128158 1745.32623 24.1650364 .6590121E7 1088.74947 16.1947851 .2519789E8 3509.05017 112646.914
                   196721.673 149166.125 -57277.762 196721.442 149166.086 155719.827 -137.78204 230762.296 46889.9649 205066.246
                   176046.437 -188102.98 241880.996 223767.119 228114.194 -155847.62 230775.375 160109.951 235484.656 233174.754
                   -72.019572 -209.31511 1321.10795 1.36924371 1399.88322 17.4481444 .025480042 11576.6659 33.6039471 .152426823
                    .18341859 147.288786 -1377.8204
Times of maxima :       .0243     .02298     .02791     .02393     .02332     .02692     .02381     .02348     .02722     .01667
                       .02332     .02692     .02393     .02332     .02692     .02702     .02773     .02331     .02381     .02348
                       .02722     .02697     .02338       .029     .02895     .02702     .02331     .03615     .02346      .0291
                        .0243     .02298     .02791        0.3        0.3        0.3        0.3        0.3        0.3        0.3
                          0.3        0.3     .02773
             Random switching times for simulation number  90  :
                                  10  3.3364549E-02   11  3.4209001E-02   12  3.3000601E-02

 273.102           32.0183005 14.5289538 1165.97444 27.5267966 2280.30325 265160.538 15.2271543 .1333997E7 .1396822E8 112646.914
                   163339.915 -182563.65 61132.2175 163339.821 -182563.58 -214651.27 -109.29858 181506.861 -45467.564 187962.303
                   -200110.88 212803.599 186907.796 -230136.14 -245604.49 214699.979 181435.122 238142.718 197504.511 -252120.51
                   178.936582 -120.53611 1079.80296 1.30824198 18.8628811 53.8798025   .0212435 332.249015 5737.40907 .174197903
                   .175642828 138.764681 -1092.9858
Times of maxima :      .03401     .03561     .04491     .03332     .03824     .03446     .03482     .03856      .0345     .01667
                       .03824     .03446     .03332     .03824     .03446     .03437     .04514     .03839     .03482     .03856
                        .0345     .03436     .04052     .03837     .03636     .03437     .03839     .03446      .0383     .03832
                       .03401     .03561     .04491        0.3        0.3        0.3        0.3        0.3        0.3        0.3
                          0.3        0.3     .04514
             Random switching times for simulation number  91  :
                                  10  3.3061371E-02   11  3.2836966E-02   12  3.3963980E-02

 270.271           11.2502314 5.98517688 1410.54895 20.9308468 677.314323 2069.25248 1.99787991 2193.99565 .1364031E7 139014.281
                    -143667.2 -160984.96 53307.1804 -143667.21 -160984.94 -185707.24 -120.30013 -157486.09 16469.3706 162383.822
                   -188053.13 204408.942 170636.524 -232596.03 -232001.21 185726.061 -157439.87 192641.962 166642.001 -235982.82
                   106.067108 77.3639249 1187.66534 1.29682349 17.6218386 17.8406331 .002499479 41.1967971 255.363549 .162671311
                   .156411824 137.931364 -1203.0013
Times of maxima :      .03411     .04338     .04462     .03424     .04826     .03465     .03596     .04056     .03452     .03286
                       .04826     .03465     .03424     .04826     .03465     .03463     .04476     .04829     .03596     .04056
                       .03452     .03474     .04069     .03681     .03679     .03463     .04829     .03451     .04049     .03659
                       .03411     .04338     .04462        0.3        0.3        0.3        0.3        0.3        0.3        0.3
                          0.3        0.3     .04476
             Random switching times for simulation number  92  :
                                  10  3.5746469E-02   11  3.6061630E-02   12  3.6221637E-02

 343.193           43.4987922  13.480719 2046.48419 20.2500538 2098.10889 .5970177E7 7.08894384 3228.71221 .1553465E8 112646.914
                    161310.34 -196431.57 -52433.084 161310.376 -196431.39 -217698.52 -144.58575 -168282.23 -31022.949 173281.044
                   -200816.28 208297.571 180746.003 -281963.12 -296517.74 217697.634 -168224.74 225990.304 175065.588 -307151.67
                   208.563641  -116.1065  1430.5538 1.29022576 18.4741169 1098.05867 .016619581 43.3450144 6823.13134 .200021579
                   .173823259 140.293829 -1445.8575
Times of maxima :       .0364     .03664     .04475     .04027     .03924      .0368     .03722     .03902     .03694     .01667
                       .03924      .0368     .04027     .03924      .0368     .03678     .04498      .0484     .03722     .03902
                       .03694      .0369     .03926     .03691     .03689     .03678      .0484     .03683     .03904     .03699
                        .0364     .03664     .04475        0.3        0.3        0.3        0.3        0.3        0.3        0.3
                          0.3        0.3     .04498
             Random switching times for simulation number  93  :
                                  10  2.0267030E-02   11  2.2456086E-02   12  2.2065106E-02

 41.1034           29.9133401 62.9905161 1853.12558 23.6171707  .806494E7 175573.647 13.3807241 .3152935E8   .49246E7 112646.914
                   197408.325 180430.732 -56624.743 197408.094 180430.728 193199.469 -138.83737 237872.149 42621.8327 207762.646
                   195940.285 -203020.88 231353.859 241054.667 258872.736 -193327.69 237898.389 203422.482 227103.095 271240.814
                   -172.95473 -250.97911 1361.29555 1.36647526 1632.65579 30.3773578 .024961002  13393.209  1780.8737 .229634918
                   .212826691 148.050538 -1388.3737
Times of maxima :      .02217     .02302     .02841     .02383     .02336     .02691     .02385      .0234     .02668     .01667
                       .02336     .02691     .02383     .02336     .02691     .02687     .02838     .02327     .02385      .0234
                       .02668     .02693     .02328     .02887     .02895     .02687     .02327     .02136     .02346     .02888
                       .02217     .02302     .02841        0.3        0.3        0.3        0.3        0.3        0.3        0.3
                          0.3        0.3     .02838
             Random switching times for simulation number  94  :
                                  10  2.6725500E-02   11  2.6495634E-02   12  2.7154833E-02

 158.134           42.7710645 9.91520255 1857.21647 18.0482003 2459.45636 .4243464E7 6.66485641 .1891473E7  .166802E8 -117246.13
                   -165294.69 195619.125 -49500.463 -165294.62 195619.042 220206.165  137.40365 -182735.81 30080.6843 -189634.42
                   201329.127  -221213.7 -192469.94 239930.679 270342.174  -220215.4 -182761.99   -219476. -196114.66 274180.449
                   -206.81166 99.5751101 -1362.7973 1.32887377 19.4743778 738.540879 .009181059  458.43709 8501.63358 .177025011
                   .170708764 143.520576  1374.0365
Times of maxima :      .02735       .029     .03628     .02744     .03161     .02786     .02819     .03181     .02786     .02675
                       .03161     .02786     .02744     .03161     .02786     .02774     .03658     .03175     .02819     .03181
                       .02786     .02787     .03184     .02788     .02773     .02774     .03175     .02788     .03176     .02776
                       .02735       .029     .03628        0.3        0.3        0.3        0.3        0.3        0.3        0.3
                          0.3        0.3     .03658
             Random switching times for simulation number  95  :
                                  10  2.8568186E-02   11  2.9496793E-02   12  2.9544818E-02

 196.141           34.4030404 41.2959734 2085.85062 17.6480858  .381028E7 2787.49395 13.9625615 .2211093E8 .3100321E7 112646.914
                   -195183.06 -168776.79 48948.6948 -195182.98 -168776.84 190813.168 146.832644 -223856.99  -43538.64 -203726.94
                   193165.454 196206.858 -213967.19 252163.031 251152.903 -190811.38  -223871.6 207746.798 -234728.62 258718.796
                   185.480566 203.214107 -1444.2474 1.32574105 728.475511  19.572881 .017928813 12250.1139 1447.15749  .21695287
                   .198114905 145.334052 1468.32644
Times of maxima :      .03042     .03011     .03706      .0324     .03063     .03549     .03094     .03057     .02986     .01667
                       .03063     .03549      .0324     .03063     .03549     .02969     .03684     .03049     .03094     .03057
                       .02986     .03536     .03063     .03028     .03031     .02969     .03049      .0354     .03061     .03006
                       .03042     .03011     .03706        0.3        0.3        0.3        0.3        0.3        0.3        0.3
                          0.3        0.3     .03684
             Random switching times for simulation number  96  :
                                  10  3.4566830E-02   11  3.6284533E-02   12  3.5306911E-02

 335.993           22.8002997 20.3306508  1770.3693 16.4870967 26839.8193 .1083667E7 2.42621934 .4266095E7 .1140538E8 136764.324
                   176776.602 -187201.98 -47311.248 176776.573 -187201.91 -210369.34 -135.64584 199439.068  18149.194 195629.732
                   -198946.28 203446.952 197240.295 -252952.39 -260904.38 210380.538 199451.976 214302.568 209187.522 -266090.98
                   150.997681 -142.58559 1330.55225 1.28687576 21.4021567 202.329428 .006362231 1807.29685 5251.48503 .167057381
                   .173524284 139.009066 -1356.4584
Times of maxima :      .03523     .03689      .0443     .04133      .0396      .0358     .03565     .03979     .03597     .03459
                        .0396      .0358     .04133      .0396      .0358     .03575      .0445     .03963     .03565     .03979
                       .03597     .03576     .03977     .03747     .03759     .03575     .03963     .03566     .03956     .03771
                       .03523     .03689      .0443        0.3        0.3        0.3        0.3        0.3        0.3        0.3
                          0.3        0.3      .0445
             Random switching times for simulation number  97  :
                                  10  2.4880538E-02   11  2.7081900E-02   12  2.6962141E-02

 123.462           13.4159041  8.6320187 1730.70804 14.8166813 1041.37779  3148.0013 1.40656909 2856.44143 .1460784E7 -132938.84
                     148551.8 172471.465 44850.5509 148551.807 172471.454 184631.545 132.538163 166244.496   13818.88 169493.722
                    188345.14 -188956.16 -176498.63 247695.213 259706.006 -184658.86 166182.433 -192054.65 172215.185 261335.729
                   115.827044 -92.908658 -1315.5638 1.32824963 18.6891646 18.2692163  .00165127 43.6975656 329.490303 .182186952
                   .168399416 143.039652 1325.38163
Times of maxima :      .02885     .03494     .03642     .03412     .03972     .02823     .02823     .03974     .02806     .02491
                       .03972     .02823     .03412     .03972     .02823     .02826     .03664     .03977     .02823     .03974
                       .02806     .02827     .03218     .02826     .02835     .02826     .03977     .02803     .03973     .02848
                       .02885     .03494     .03642        0.3        0.3        0.3        0.3        0.3        0.3        0.3
                          0.3        0.3     .03664
             Random switching times for simulation number  98  :
                                  10  3.0530239E-02   11  3.1788626E-02   12  2.9340023E-02

 209.847           6.25809087 43.8896427 2121.28132 18.9812671 .1864068E7 1703.22589  12.336008 .2261041E8 3132.48257 112646.914
                   -189553.02 -156754.77 50763.8922 -189552.89 -156754.76  166831.31 149.683098   -226307. -40924.147 -203944.78
                   -172315.08 -176572.65 -223810.69 -216056.53 -221584.49 -166896.63  -226380.6 173553.086 -227974.72 -224027.69
                   -79.108096 209.498551 -1456.4619  1.3254213 331.443397 17.4929751 .037904842 9645.04879 34.3224499 .153081539
                   .180896959 145.267686 1496.83098
Times of maxima :      .04059     .03236     .03672     .03315     .03273     .03565     .03317     .03278     .03591     .01667
                       .03273     .03565     .03315     .03273     .03565     .04343      .0364     .03267     .03317     .03278
                       .03591     .04332     .03261     .03812     .03803     .04343     .03267     .03548      .0328     .03793
                       .04059     .03236     .03672        0.3        0.3        0.3        0.3        0.3        0.3        0.3
                          0.3        0.3      .0364
             Random switching times for simulation number  99  :
                                  10  3.5692349E-02   11  3.5580486E-02   12  3.6264517E-02

 330.763           41.4353648 20.4531065 2040.52528 18.0963606 3513.80669 .2100976E7  7.0956702  .746379E7 .1354926E8 112646.914
                   176092.796 -190255.46 -49566.464 176092.754 -190255.46 -214066.44 -143.44467 201400.155 -31037.664 197128.776
                    -199921.4 200335.446 201095.312 -288738.42 -327873.24 214071.998 201406.356 222061.605 216230.505  -334624.8
                   203.556785 -143.01436 1428.46956  1.2858062 19.7063858 283.983158 .009395785 2360.27611   4872.939 .190827641
                   .194742274 140.196109 -1434.4467
Times of maxima :      .03631     .03821      .0447     .04027     .03869     .03683     .03714     .03881     .03681     .01667
                       .03869     .03683     .04027     .03869     .03683      .0367     .04465     .03867     .03714     .03881
                       .03681     .03654     .04076     .03685     .03672      .0367     .03867     .03679     .03854     .03666
                       .03631     .03821      .0447        0.3        0.3        0.3        0.3        0.3        0.3        0.3
                          0.3        0.3     .04465
             Random switching times for simulation number  100  :
                                  10  2.9221935E-02   11  2.9219657E-02   12  3.2041683E-02

 218.949           53.0047249 44.3395467  1290.8658 23.5897681 88150.1847 292785.526 4.80447294 .9022519E7 .9218409E7 112646.914
                   -178300.71  -183211.7 56591.8835  -178300.8 -183211.63 -202906.32 116.740326 -197959.14 -25539.665 -197851.43
                   -197941.88 223800.693 -201850.08 310812.697 365003.313 202949.782 -197957.54 212419.756 -204940.86 387033.844
                    230.22755 210.569577 -1136.1628 1.31674508 23.5317497  49.193455 .009421638  2405.6394 5308.25615 .263600893
                   .230496498 140.670268 1167.40326
Times of maxima :      .03281      .0298     .03678     .03236     .03037     .03541     .03382     .03021     .03342     .01667
                       .03037     .03541     .03236     .03037     .03541      .0333      .0365     .03023     .03382     .03021
                       .03342     .03539     .03233     .03037     .03024      .0333     .03023      .0335     .03019     .03021
                       .03281      .0298     .03678        0.3        0.3        0.3        0.3        0.3        0.3        0.3
                          0.3        0.3      .0365
             Random switching times for simulation number  101  :
                                  10  2.6743089E-02   11  2.6490357E-02   12  2.6468184E-02

 163.715           55.5360025 5.74948305 1604.94165 18.4451329 1011.40372 .9281595E7 13.2877232 2509.28743 .2634554E8 112646.914
                   148160.735 197971.287 -50041.833  148160.73 197971.041  229529.75 129.516898  154991.96 42473.4558 165831.478
                   205559.961 -219970.42 -177730.18 236217.836 238544.559 -229562.07 154925.944 -229892.51 -169185.25 260026.354
                   -235.66078 75.8253457 -1266.8629 1.33331393 18.2114611 2161.78634 .020233741 42.1303162 12299.3127 .180631389
                   .154024549 142.636432 1295.16898
Times of maxima :      .02733     .02735     .03641     .02675     .03945     .02767     .02816     .03972     .02776     .01667
                       .03945     .02767     .02675     .03945     .02767     .02763     .03653     .03954     .02816     .03972
                       .02776     .02764      .0319     .02792      .0278     .02763     .03954      .0278     .03217     .02775
                       .02733     .02735     .03641        0.3        0.3        0.3        0.3        0.3        0.3        0.3
                          0.3        0.3     .03653
             Random switching times for simulation number  102  :
                                  10  1.9792010E-02   11  2.1816139E-02   12  1.9627256E-02

 8.88796           35.5391165 63.7528448 2040.09358 23.3377609 .1066351E8 549473.146 10.1600981 .3085803E8 .1309587E8 112646.914
                   198606.973 -185558.65 -56288.789 198606.678 -185558.61 -210319.99 -142.80663 242530.855 37139.9456  207479.86
                   -199715.95 -207097.89 227452.833  -247586.9 -280207.29 210331.236 242552.042 216650.459 224852.023 -292853.03
                   188.518213 -252.49326 1428.31844 1.36902207 2933.28584 98.8792031 .019873573 11490.4995 4729.68627 .235054646
                   .215482883 148.795882 -1428.0663
Times of maxima :      .02037     .02239      .0282     .02383     .02268     .02083     .02159     .02283     .02083     .01667
                       .02268     .02083     .02383     .02268     .02083     .02073     .02826     .02269     .02159     .02283
                       .02083     .02629     .02264     .02278      .0227     .02073     .02269     .02087     .02268     .02277
                       .02037     .02239      .0282        0.3        0.3        0.3        0.3        0.3        0.3        0.3
                          0.3        0.3     .02826
             Random switching times for simulation number  103  :
                                  10  3.4588624E-02   11  3.3611907E-02   12  3.4100360E-02

 314.787           56.0269064  20.194854 1444.23385 25.3794473 2561.69539 .6225651E7 15.1670607 351848.354 .2712236E8 129265.985
                   166392.985 -196551.29 58699.3636 166392.979 -196551.02 -233883.82  -123.6468 175992.687 -45377.757 184582.569
                   -205892.88 238865.081 191133.395 -249736.37 -263480.55 233925.398 175995.573 243516.131 186328.407 -276911.01
                   236.700034  -142.1086 1201.76281 1.30060172 18.6864861 1611.01844 .032731216 82.6954999 10871.7812 .190196629
                   .178415645 137.963272  -1236.468
Times of maxima :      .03518     .03531     .04475     .03438       .038     .03547     .03594     .03979     .03561     .03364
                         .038     .03547     .03438       .038     .03547     .03546     .04497      .0401     .03594     .03979
                       .03561     .03541     .04003     .03794     .03781     .03546      .0401     .03558     .04001     .03579
                       .03518     .03531     .04475        0.3        0.3        0.3        0.3        0.3        0.3        0.3
                          0.3        0.3     .04497
             Random switching times for simulation number  104  :
                                  10  2.8183884E-02   11  2.8234475E-02   12  2.6999911E-02

 169.988            52.248586 29.1508041 1797.59937  15.447922  2708.6569   310989.1 11.3290337  .917263E7 .1630324E8 112646.914
                   -167951.09 183636.534 45795.9789 -167950.91 183636.258 216359.958  135.17928 -186398.99 39218.2985 -197920.75
                   201160.644  196452.54 -194262.41 305544.582 352626.416  -216387.7 -186407.19 -227428.71 187465.361 381080.101
                    -228.5795 170.736066 -1340.7458 1.33028789 20.7905266  70.898035 .015369384 1865.37716 4893.97584 .245943979
                   .216200145 143.188778  1351.7928
Times of maxima :      .02877      .0288     .03657     .03326     .03099       .029     .03024     .03127      .0292     .01667
                       .03099       .029     .03326     .03099       .029      .0291     .03643     .03117     .03024     .03127
                        .0292     .03458     .03101     .02938     .02923      .0291     .03117     .02917     .03866     .02922
                       .02877      .0288     .03657        0.3        0.3        0.3        0.3        0.3        0.3        0.3
                          0.3        0.3     .03643
             Random switching times for simulation number  105  :
                                  10  3.6368169E-02   11  3.4260160E-02   12  3.5565029E-02

 322.696           49.4984462   13.62474  1839.3131 19.2731622 2499.32898 .2012959E7 12.0565073 .1093084E7 .1717935E8 112646.914
                   165724.484 -189995.12 -51152.728 165724.422 -189995.02 -219419.61 -137.70773 -173066.75 -40457.875 187230.621
                   -201551.81 194193.284 184572.058  -272874.1  -306083.7 219446.775 -172961.54 221926.465 193379.858 -320805.75
                   222.482463 116.725062 1356.21278 1.28787113 19.0185793 447.294697 .034522246 159.013962 6226.61631 .201967526
                   .176861548 139.040413 -1377.0773
Times of maxima :      .03694     .04408      .0449     .04149     .03913     .03735      .0378     .03942     .03738     .01667
                       .03913     .03735     .04149     .03913     .03735     .03729     .04475     .04693      .0378     .03942
                       .03738     .03719     .03914     .03719     .03731     .03729     .04693     .03743     .03918     .03733
                       .03694     .04408      .0449        0.3        0.3        0.3        0.3        0.3        0.3        0.3
                          0.3        0.3     .04475
             Random switching times for simulation number  106  :
                                  10  2.9396161E-02   11  2.9152560E-02   12  3.1213114E-02

 224.599           31.4342604 42.1768799 1678.38403 34.4603532 .2552595E7 1623.09975 10.7217084 .1439064E8 354092.044 112646.914
                   -191581.17 -155801.94 68399.3815 -191581.05 -155801.92 -173989.98  133.26895 -215872.28 -38152.615 -200301.58
                   -184634.26 194447.754 -205961.24 304830.714 346442.536  174110.94  -215868.8 191446.017 -236530.74 354852.341
                   177.297096 205.370105 -1295.5246 1.33171874 659.668579 17.5307637 .022316421 10382.9162 80.0499562 .198597791
                   .226335855 142.435413  1332.6895
Times of maxima :      .03092     .02982     .03643     .03403     .03228     .03556     .03258     .03032     .03543     .01667
                       .03228     .03556     .03403     .03228     .03556     .03563     .03655     .03019     .03258     .03032
                       .03543     .03557     .03244      .0303     .03025     .03563     .03019     .03578     .03224     .03036
                       .03092     .02982     .03643        0.3        0.3        0.3        0.3        0.3        0.3        0.3
                          0.3        0.3     .03655
             Random switching times for simulation number  107  :
                                  10  2.3445014E-02   11  2.3450028E-02   12  2.3231189E-02

 72.2854             9.853372  39.265546 1548.03818 21.3775167 .2024017E7 3515.02573 15.1939439 .1699754E8 .1900601E7 112646.914
                   190027.872 176104.598 -53872.973 190027.778 176104.621 193661.787 -124.89476 216930.948 45417.9546 201470.751
                   189661.555 -201679.06 212800.333 224002.831 231090.305 -193782.56 216973.577 -206947.33 221063.601 234657.252
                   99.2641526 -198.15536 1244.20182 1.36231174 293.760432 18.9622291 .029713357 8145.46461 645.526318 .172457282
                     .1847408 146.097822 -1248.9476
Times of maxima :      .03012     .02402     .02853     .02355     .02443     .02737     .02556     .02446     .02703     .01667
                       .02443     .02737     .02355     .02443     .02737     .02725     .02877     .02434     .02556     .02446
                       .02703     .02711     .02444     .02954     .02943     .02725     .02434     .02722     .02455     .02956
                       .03012     .02402     .02853        0.3        0.3        0.3        0.3        0.3        0.3        0.3
                          0.3        0.3     .02877
             Random switching times for simulation number  108  :
                                  10  2.2022398E-02   11  2.1490649E-02   12  2.4088830E-02

 43.7171           12.2716594 32.9007387 1081.85969 27.6795944   .37617E7 2823.12269 4.67060135 .1242532E8 .1623471E7 -116928.01
                   195046.279  169147.95 -61301.651 195046.184 169147.918 183188.418 -105.76024 211566.941 25181.3328 199411.344
                   188834.162 -189141.76 210691.515 -237862.93  -249301.5 -183288.21 211564.024 -194400.85 215867.497 -259374.13
                   110.777522 -181.38561 1040.12484 1.35358685 474.313783 19.1071685 .006221252  8258.6161 208.868706 .184001156
                   .216835509 144.005656 -1057.6024
Times of maxima :      .03059     .02218     .02886     .02438     .02266      .0277     .02299     .02266     .02768     .02379
                       .02266      .0277     .02438     .02266      .0277     .02756     .02865     .02253     .02299     .02266
                       .02768     .02742     .02488     .02273     .02284     .02756     .02253      .0277     .02259     .02299
                       .03059     .02218     .02886        0.3        0.3        0.3        0.3        0.3        0.3        0.3
                          0.3        0.3     .02865
             Random switching times for simulation number  109  :
                                  10  3.1352350E-02   11  3.1484820E-02   12  3.0937631E-02

 238.956           8.81822548 47.8658498 1802.71484 21.0085281 .1838554E7 3023.51924 14.8939732 .2385834E8 .3035664E7 112646.914
                   -189477.02 -171210.56 53406.0091 -189476.92  -171210.5 -189856.17 138.480119 -230170.69 -44967.381 -204487.12
                   -192979.71 194756.421 -226117.29 -224228.37 -233487.98 189981.212 -230216.94 195464.918 -238592.89 -238348.71
                   93.9054071 218.782654 -1342.6522 1.32269962  408.21707 17.8839202 .027998885 10184.3765 702.440114 .161486102
                   .177954837  143.19637 1384.80119
Times of maxima :      .03279     .03206     .03659      .0342     .03247      .0353     .03284     .03249      .0356     .01667
                       .03247      .0353      .0342     .03247      .0353      .0353     .03675      .0324     .03284     .03249
                        .0356     .03538     .03229     .03759     .03747      .0353      .0324      .0354      .0325     .03759
                       .03279     .03206     .03659        0.3        0.3        0.3        0.3        0.3        0.3        0.3
                          0.3        0.3     .03675
             Random switching times for simulation number  110  :
                                  10  2.1814763E-02   11  2.4275988E-02   12  2.3284931E-02

 59.1329            33.575927 41.1514555  1419.3399 27.0128427 2950.81787 75942.9499 7.85087107 .3326115E7 .1367316E8 112646.914
                   -170466.92 177999.434 -60558.827 -170466.96 177999.375 207318.848 -124.80542 -185281.87 32647.5981 -193811.44
                   199977.473 -214532.67 196804.518 282013.838 305692.465 -207416.45  -185197.2 -198083.73 222430.154 328614.213
                   -183.23735 202.858215 1191.36053  1.3644656  20.484043 25.4196826 .009364752 1083.11215 3594.98801 .258449039
                   .249615075 145.686015 -1248.0542
Times of maxima :      .02579     .02576     .02831     .02551     .03064     .02627     .02562     .03045     .02634     .01667
                       .03064     .02627     .02551     .03064     .02627     .02621     .02855     .03052     .02562     .03045
                       .02634     .02609     .02506     .02828     .02838     .02621     .03052     .02609      .0253     .02849
                       .02579     .02576     .02831        0.3        0.3        0.3        0.3        0.3        0.3        0.3
                          0.3        0.3     .02855
             Random switching times for simulation number  111  :
                                  10  2.2497745E-02   11  2.3105273E-02   12  2.2439244E-02

 58.3212           8.38082122 47.4096691 1873.13826  19.382627 .2837729E7 2948.57237 7.76617879 .2351802E8 .1759428E7 112646.914
                   192409.051 170443.899 -51297.787 192408.974 170443.913 189217.758 -140.10441 228671.815 32471.0255 204339.487
                   189240.952 -193027.59  219630.36 221665.353 229581.839  -189345.2 228722.006 -204014.62 224814.682  231514.21
                   -91.546825 -217.73762 1368.62641 1.36413312  497.90038 18.3782246 .023037673 10726.8355 435.567005  .16595893
                   .181961247 147.904942 -1401.0441
Times of maxima :      .02441     .02367     .02852     .02576     .02412     .02705     .02454     .02411     .02723     .01667
                       .02412     .02705     .02576     .02412     .02705     .02691     .02836     .02401     .02454     .02411
                       .02723     .02678     .02413     .02921     .02909     .02691     .02401     .02694     .02403      .0292
                       .02441     .02367     .02852        0.3        0.3        0.3        0.3        0.3        0.3        0.3
                          0.3        0.3     .02836
             Random switching times for simulation number  112  :
                                  10  3.5106267E-02   11  3.7440982E-02   12  3.5699386E-02

 346.454             29.59025  44.899907 1905.63041 18.4460561 .2403446E7 .3086125E7 8.87649401 .1710486E8 .1480972E8 128357.604
                   191145.315 -193124.79 -50043.085 191145.227  -193124.7 -212589.69 -141.39681 211134.824 34714.6703 201518.605
                   -200490.43 206297.547 195564.799 -273840.54 -306886.31 212595.889 211126.293 222171.547 223866.365 -304712.51
                   172.018168 -211.89598 1380.44573 1.28748742 317.749228 469.841759 .020195924 6365.22355 7079.82923 .195556689
                    .19118553 139.619249 -1413.9681
Times of maxima :      .03581     .03802     .04474      .0423      .0385     .03629     .03889     .03847     .03626     .03513
                        .0385     .03629      .0423      .0385     .03629     .03616     .04484     .03838     .03889     .03847
                       .03626     .03631     .03856      .0385     .03842     .03616     .03838      .0362     .03854     .03853
                       .03581     .03802     .04474        0.3        0.3        0.3        0.3        0.3        0.3        0.3
                          0.3        0.3     .04484
             Random switching times for simulation number  113  :
                                  10  2.0117714E-02   11  2.1505017E-02   12  1.9626306E-02

 17.9518           30.7311097 57.6575478 1966.49373 16.3246677 .1002787E8 2826.57678 6.51983358 .3543678E8 .7706281E7 112646.914
                   198315.013   -169184. -47077.619 198314.796 -169183.82 -199151.26 -142.39471 240008.705 -29751.617 209394.496
                   -197241.54 -185327.02   222175.3 228559.901 239614.532 199159.813 240021.976 220204.534 217628.611 243047.436
                   175.302908 -240.11986 1402.31727 1.36586732 2730.48523  19.044482 .013349881 15571.8735 1791.46052 .194251708
                   .201953888 148.793149 -1423.9471
Times of maxima :       .0207     .02209     .02819     .02493     .02251     .02098      .0215     .02251     .02116     .01667
                       .02251     .02098     .02493     .02251     .02098     .02111     .02827      .0224      .0215     .02251
                       .02116     .02661     .02254     .02861     .02856     .02111      .0224     .02119     .02257     .02843
                        .0207     .02209     .02819        0.3        0.3        0.3        0.3        0.3        0.3        0.3
                          0.3        0.3     .02827
             Random switching times for simulation number  114  :
                                  10  3.6233377E-02   11  3.4562993E-02   12  3.5145513E-02

 334.506           51.6800876 14.4109611 1743.52614 17.9521756 774869.224 .1628693E7 14.7371855 .8461884E7 .1915627E8 112646.914
                   186255.558 -188850.07 -49368.605 186255.469 -188849.82  -219392.2 -132.82231 194552.068 -44730.071 197592.106
                   -202429.13 199338.088 199432.666 -297663.68 -330552.88 219425.997 194548.128 232395.452 205908.851 -342761.78
                   227.332548 120.045663  1320.4265 1.28967166  84.925888 260.327472 .025380208 1712.80664 5835.99305  .20008135
                   .188267721 138.603703 -1328.2231
Times of maxima :      .03682     .04186     .04499     .04075     .03904     .03707     .03831      .0393     .03726     .01667
                       .03904     .03707     .04075     .03904     .03707     .03715     .04475     .03918     .03831      .0393
                       .03726     .03703     .03907     .03707     .03714     .03715     .03918     .03729     .03904     .03723
                       .03682     .04186     .04499        0.3        0.3        0.3        0.3        0.3        0.3        0.3
                          0.3        0.3     .04475
             Random switching times for simulation number  115  :
                                  10  2.0798205E-02   11  2.0195680E-02   12  1.9548749E-02

 1.47405           30.9478953 24.3205463 1966.02311 14.0814465 .1862965E7 1032.28522 3.05480617 .1463588E8 3123.92911 112646.914
                   189549.743 -148433.37 -43723.604 189549.602 -148433.37 -162393.64  -141.6069 212877.323 20364.9872  200412.13
                   172228.788 -176534.41 220646.187 -285045.11 -314643.91   162478.9 212915.051 168727.899 211618.321  -342824.9
                   -175.92014 -155.95046 1402.14946 1.36514844 281.611275 18.0145482 .009346553 7194.80461 36.7929248 .204206062
                   .220567425 148.693366  -1416.069
Times of maxima :      .02235     .02092     .02777     .02461     .02343     .03622     .02531     .02364     .02725     .01667
                       .02343     .03622     .02461     .02343     .03622     .03616     .02789     .02347     .02531     .02364
                       .02725     .02694     .02339     .02153      .0216     .03616     .02347     .03612     .02357     .02171
                       .02235     .02092     .02777        0.3        0.3        0.3        0.3        0.3        0.3        0.3
                          0.3        0.3     .02789
             Random switching times for simulation number  116  :
                                  10  3.5358334E-02   11  3.5255863E-02   12  3.5422545E-02

 335.135           55.5359127 6.62055699 1808.91597 19.0926289 1804.01395 .4746859E7 18.0748071 .1125535E7 .2562384E8 112646.914
                   157939.246  -195856.8 -50912.589 157939.167 -195856.56 -235130.93 -137.82743 166751.736 -49536.937 187329.506
                   -205249.75 232237.695 181959.177 -251830.48 -277433.41  235151.46 166789.506 241756.901  181981.17 -279412.05
                   235.660588 81.3668052 1344.95947 1.29059606 18.2543802 1414.87235 .034907026 155.441528 10818.5673 .176478984
                   .156532601 138.954983 -1378.2743
Times of maxima :      .03595     .04106     .04467     .04196     .03816     .03626     .03672     .04056     .03638     .01667
                       .03816     .03626     .04196     .03816     .03626     .03627     .04448     .04041     .03672     .04056
                       .03638     .03621     .04036     .03631     .03626     .03627     .04041     .03639     .04022     .03632
                       .03595     .04106     .04467        0.3        0.3        0.3        0.3        0.3        0.3        0.3
                          0.3        0.3     .04448
             Random switching times for simulation number  117  :
                                  10  3.5163915E-02   11  3.5939219E-02   12  3.6664726E-02

 343.385           26.2837239 10.5200878 1987.88953 16.2384757 1697.22087 966458.007 2.85822359 3230.48865 .1257616E8 127087.758
                   -156683.73 -186843.88 -46953.173  -156683.7 -186843.78 -208333.37 -143.49094 -172209.45 -19698.829 -173298.79
                   -199479.95 207363.129  -179719.3 -232815.73 -238461.12 208333.706 -172140.06 216405.868 -174961.41 -247415.43
                   162.122558 -102.56748 1409.92536 1.28595186  18.611244 134.189559 .006824233 43.1602397 5459.62382 .181498179
                   .157088439 140.076952 -1434.9094
Times of maxima :      .03582     .03661     .04427     .04132     .04797     .03635     .03669     .04823     .03634     .03519
                       .04797     .03635     .04132     .04797     .03635      .0363     .04446      .0481     .03669     .04823
                       .03634     .03636     .04821     .03696     .03684      .0363      .0481     .03626       .048     .03669
                       .03582     .03661     .04427        0.3        0.3        0.3        0.3        0.3        0.3        0.3
                          0.3        0.3     .04446
             Random switching times for simulation number  118  :
                                  10  3.4163060E-02   11  3.3577141E-02   12  3.3658031E-02

 291.949           50.5816952 23.6962686 1329.74361 26.3931608 1438.20902 .6328423E7 18.2190481 179960.044 .2649042E8 130047.128
                   153563.348 -196599.36 59860.1794 153563.307 -196599.11 -229381.79 -117.80085 166470.969 -49734.202 180536.304
                   -205622.13 242552.555 175138.045 -258358.41  -269598.8 229427.307 166454.388 246435.233 173828.155  -277701.1
                   224.903747 -153.93592 1153.14509 1.30356027 18.3703162 1349.57253 .035414549 69.3358352 11164.7288 .194536043
                   .183688737  138.08634 -1178.0085
Times of maxima :      .03478     .03503     .04478     .03397     .03967     .03507     .03554     .03992     .03519      .0336
                       .03967     .03507     .03397     .03967     .03507     .03504     .04457     .03975     .03554     .03992
                       .03519     .03499     .03962     .03754     .03765     .03504     .03975     .03519     .03967     .03778
                       .03478     .03503     .04478        0.3        0.3        0.3        0.3        0.3        0.3        0.3
                          0.3        0.3     .04457
             Random switching times for simulation number  119  :
                                  10  2.3635397E-02   11  2.2509518E-02   12  2.2753635E-02

 73.2031           5.74240022 43.7949751 1690.26391 25.2163841 .6159306E7 1545.55627  16.857678 .2524629E8 117248.498 112646.914
                   196520.196 154869.963 -58510.488 196519.969 154869.972 159694.621 -135.68583 230715.546 47840.0021 205087.114
                   179015.268 -186523.61 243363.632 221005.822 229650.669 -159809.16  230729.84 -163550.63 235863.475 233213.159
                   -75.778626 -209.27249  1300.1015 1.36819148 1267.30277 17.4679052 .025136425 11302.3518 40.1553252 .153279855
                   .181037376 146.907423 -1356.8583
Times of maxima :      .02435     .02316     .02807     .02307      .0235     .02703       .024     .02366     .02682     .01667
                        .0235     .02703     .02307      .0235     .02703       .027     .02791     .02349       .024     .02366
                       .02682      .0271     .02356     .02914     .02906       .027     .02349      .0271     .02365     .02893
                       .02435     .02316     .02807        0.3        0.3        0.3        0.3        0.3        0.3        0.3
                          0.3        0.3     .02791
             Random switching times for simulation number  120  :
                                  10  3.4635890E-02   11  3.5216764E-02   12  3.6559080E-02

 344.458           25.1411203 6.28036205 1952.17567 14.1302921   1907.212 948949.651  2.1357788 3228.11726 .8499591E7 135988.105
                   -159136.15 -186790.24 -43799.372 -159136.15 -186790.17 -202911.68 -140.92865 -172866.87 -17028.267  -173275.1
                   -197609.57 199378.506 -176755.36 -224648.17 -230618.83 202912.456 -172777.81 210622.281 -175594.78 -239638.22
                   158.559517 79.2487353  1397.2028 1.28339342 18.7266963 105.628766 .003810417 42.3213425 3675.30028 .182027749
                   .156016409 140.014092 -1409.2865
Times of maxima :      .03533     .04465      .0452     .04132     .04745     .03585     .03616     .04768     .03607     .03466
                       .04745     .03585     .04132     .04745     .03585     .03581     .04516     .04754     .03616     .04768
                       .03607     .03586     .04747       .038     .03817     .03581     .04754     .03573     .04746     .03809
                       .03533     .04465      .0452        0.3        0.3        0.3        0.3        0.3        0.3        0.3
                          0.3        0.3     .04516
             Random switching times for simulation number  121  :
                                  10  1.9631024E-02   11  2.0483927E-02   12  2.1296181E-02

  17.555           25.8405025 22.2770438 2048.61472 15.8042298 38298.9934 263844.169  2.5477752 .4021147E7 .1137309E8 112646.914
                   177063.474 -182532.69 -46321.112  177063.44 -182532.59 -204676.92 -144.27827  196045.25 -18598.284 195513.964
                   -198931.53 209703.534 200389.723 -256421.19  -268205.6 204677.272  196048.91 214417.435 198781.538 -271273.48
                   160.749813 -149.25496 1431.29826 1.36730374 22.7485871 46.2109442 .008481115 1633.26094 6216.73283 .216670114
                   .179828704 148.786262 -1442.7827
Times of maxima :      .02027     .02113     .02825     .02474     .02173      .0208     .02116     .02199     .02085     .01667
                       .02173      .0208     .02474     .02173      .0208     .02077     .02828     .02184     .02116     .02199
                       .02085     .02082     .02174      .0214     .02131     .02077     .02184     .02073     .02195     .02115
                       .02027     .02113     .02825        0.3        0.3        0.3        0.3        0.3        0.3        0.3
                          0.3        0.3     .02828
             Random switching times for simulation number  122  :
                                  10  2.8480840E-02   11  2.9659081E-02   12  2.8635019E-02

 202.937           28.0588651 47.5818654 2079.45912 19.6457435 .1313964E8 2547.91897 11.3548045 .2853234E8 .4768063E7 112646.914
                   -199735.99 166245.867 51644.7937  -199735.8 166245.685 195591.769 146.495858 -239057.15 -39262.879 -206494.56
                    195866.55  189716.11 -219000.38 -225184.28 -237101.49 -195590.13  -239076.4 -218463.39 -235369.67 -240042.24
                   -167.50781 218.132678  -1442.033 1.32704876 3066.71828 18.8490458 .013182324 13725.9539 1200.19383 .192129426
                   .195990119 145.256645 1464.95858
Times of maxima :      .02908     .03026     .03669     .03242     .03071     .02937       .031     .03079     .02962     .01667
                       .03071     .02937     .03242     .03071     .02937     .02951     .03682      .0306       .031     .03079
                       .02962      .0353     .03069     .03712     .03702     .02951      .0306     .02958     .03066      .0369
                       .02908     .03026     .03669        0.3        0.3        0.3        0.3        0.3        0.3        0.3
                          0.3        0.3     .03682
             Random switching times for simulation number  123  :
                                  10  2.1499215E-02   11  2.2143336E-02   12  2.1644621E-02

 45.9205           24.8539561 51.3018519 2144.99059 16.6866465 .7201303E7   2938.725 8.67132634 .2561998E8 .2590631E7 112646.914
                    197006.66 170342.784   -47596.7 197006.569 170342.769 194681.325   -147.019 234151.797 34311.1345 205248.088
                    191691.89 -200861.56 220054.994 -229689.98 -253545.74 -194800.43 234187.932 -206773.41  225827.36 -243780.56
                   -157.65138 -226.49912 1464.57864 1.36445994 1292.46791 18.7214877 .012993313 12713.0214 967.735942 .194130679
                   .197826436 149.311463   -1470.19
Times of maxima :      .02321     .02271     .02804     .02557      .0232     .02602     .02351     .02319     .02628     .01667
                        .0232     .02602     .02557      .0232     .02602     .02604     .02807     .02308     .02351     .02319
                       .02628      .0261     .02317     .02287     .02295     .02604     .02308     .02597     .02321     .02303
                       .02321     .02271     .02804        0.3        0.3        0.3        0.3        0.3        0.3        0.3
                          0.3        0.3     .02807
             Random switching times for simulation number  124  :
                                  10  3.1277304E-02   11  3.0809547E-02   12  3.1487901E-02

 236.647           9.29411901 29.4231182 1498.85305 18.4554767  .279111E7 1706.83031  5.1523672 .1373884E8  .121221E7 112646.914
                   -192274.17 -156797.48 50055.8622 -192274.08 -156797.39 -172278.83 124.828559 -213570.62 -26448.175 -200007.18
                   -187593.12 191051.242 -219841.07 -237278.46  -242391.7 172387.328 -213577.53 174955.951 -220202.05 -248300.69
                   96.4060113 171.531683 -1224.2765 1.31855038 367.953572 17.2632695 .007142723 6205.07979 158.696052 .160916747
                   .178655698 141.534607 1248.28559
Times of maxima :      .03261     .03145     .03665     .03372     .03195     .03486     .03228      .0322     .03512     .01667
                       .03195     .03486     .03372     .03195     .03486     .03501     .03624     .03186     .03228      .0322
                       .03512     .03486     .03196     .03727     .03717     .03501     .03186     .03511      .0319      .0371
                       .03261     .03145     .03665        0.3        0.3        0.3        0.3        0.3        0.3        0.3
                          0.3        0.3     .03624
             Random switching times for simulation number  125  :
                                  10  3.5406593E-02   11  3.4134123E-02   12  3.4233385E-02

 307.622           57.3800001 30.2440075 1470.90886 23.4509851 .1142298E7 .2046711E7 14.9674954 .1557563E8 .2166128E8 116509.923
                   187380.736 -190095.26 56425.1676 187380.546 -190094.97 -226999.83 -122.62164 205453.156 -45078.233 200834.667
                   -203530.45 212044.625 208677.708 -295653.07 -335444.91 227053.253 205412.451 236828.464  207391.92 -360899.93
                   239.541228 -173.90804 1212.81031 1.29715462 97.2854236  646.53869  .01421639 3584.29957 8292.92423 .192175667
                   .204666378 137.981469 -1226.2164
Times of maxima :      .03598     .03594     .04476     .03453     .03821     .03623     .03677     .03847     .03642     .03416
                       .03821     .03623     .03453     .03821     .03623     .03633     .04491     .03837     .03677     .03847
                       .03642     .03622     .04047     .03622     .03628     .03633     .03837     .03642     .03826     .03638
                       .03598     .03594     .04476        0.3        0.3        0.3        0.3        0.3        0.3        0.3
                          0.3        0.3     .04491
             Random switching times for simulation number  126  :
                                  10  2.9751351E-02   11  2.9405160E-02   12  2.9188434E-02

 201.282           27.5344411  46.527638 2173.30863 17.7023962  .726025E7 1259.33703 8.83995049 .1614476E8 3349.58022 112646.914
                   -197034.19  -151341.2 49023.9545 -197034.03 -151341.16 -165378.02 149.547218 -220323.95 -34643.138 -201089.73
                   -174482.06 180714.215 -208212.19 276513.392  296963.64 165494.086 -220332.76 182316.387 -231581.68 300837.222
                   165.935051 215.702661 -1474.2146 1.32512724 1242.41259 17.4344227 .014869411 8263.32038 35.4065475 .195747925
                   .219539885 145.240661 1495.47218
Times of maxima :      .03123     .03003     .03632     .03285     .03046     .03392     .03083     .03063     .03416     .01667
                       .03046     .03392     .03285     .03046     .03392     .03408     .03607     .03039     .03083     .03063
                       .03416     .03393     .03054     .03057      .0305     .03408     .03039     .03403     .03049     .03063
                       .03123     .03003     .03632        0.3        0.3        0.3        0.3        0.3        0.3        0.3
                          0.3        0.3     .03607
             Random switching times for simulation number  127  :
                                  10  3.0130762E-02   11  2.9284835E-02   12  2.8875831E-02

 191.651            18.768132  33.621182 2183.11823 15.6657098 .3130906E7 1042.09341 3.98307007 .1605394E8 3365.34543 112646.914
                   -193253.32 148561.141 46117.6694  -193253.2  148561.12 167813.355  147.63003 -216651.94 -23254.194 -201049.07
                   -174637.72 182060.369 -212586.01 -219242.95 -228122.76 -167872.49 -216659.15 176669.396  -218020.9 232525.317
                   136.996832 183.360797 -1477.5379 1.32374297 572.124738 17.3868465  .00767356 7490.54203 34.1575684 .170259364
                   .197557476 145.194353  1476.3003
Times of maxima :      .03167      .0299     .03657     .03347     .03039     .04326     .03073     .03049     .03489     .01667
                       .03039     .04326     .03347     .03039     .04326     .04319     .03656     .03031     .03073     .03049
                       .03489     .03465     .03044     .03814     .03822     .04319     .03031     .03455     .03037     .03078
                       .03167      .0299     .03657        0.3        0.3        0.3        0.3        0.3        0.3        0.3
                          0.3        0.3     .03656
             Random switching times for simulation number  128  :
                                  10  2.8833584E-02   11  2.8007425E-02   12  2.8824411E-02

 178.208           33.8230428 18.0331306  2005.4573 18.3175147 604728.933 1915.88291 6.51934662 .1488268E8 .1989608E7 112646.914
                   -185730.06 -159235.97 49868.4176 -185729.92 -159236.01 176258.129 144.959695 -208859.21 29750.5055 -200523.27
                   189925.812 186163.289 -220161.46 279364.351 303096.444 -176258.36 -208886.88 -197533.97 -214784.73 315770.909
                   183.910421 134.287492 -1416.1417 1.32529067 106.604423 18.2662936 .013659986 6664.44011 349.656963 .208056147
                   .207026822 144.877412 1449.59695
Times of maxima :      .03039     .03101     .03579     .03391     .03138     .03553      .0322     .03137     .02987     .01667
                       .03138     .03553     .03391     .03138     .03553     .02987     .03652     .03137      .0322     .03137
                       .02987      .0355     .03137     .02968     .02966     .02987     .03137     .02991     .03158     .02977
                       .03039     .03101     .03579        0.3        0.3        0.3        0.3        0.3        0.3        0.3
                          0.3        0.3     .03652
             Random switching times for simulation number  129  :
                                  10  2.9084897E-02   11  2.8060263E-02   12  2.7788188E-02

 184.635           33.5104335 17.4757321 1955.40626 15.3304071 175524.535 2034.06384 2.93045173 .1179329E8 11916.9496 112646.914
                   -180429.63 -160586.53 45621.4575 -180429.55 -160586.55 -169259.77 140.404947 -202081.61 19946.1738 -199123.41
                   176401.599 182940.156 -211743.66 260908.952 275771.644 169396.991 -202107.05 -181810.42 -200881.56 299437.204
                   183.058552 -132.19581 -1398.3584 1.32463657 34.6687957 18.0488822 .006561867 5003.51993 38.7737184 .206527657
                   .203057781  144.22307 1404.04947
Times of maxima :      .03069      .0346     .03589     .03415     .03161     .03574     .03238     .03159     .03011     .01667
                       .03161     .03574     .03415     .03161     .03574     .03567     .03609     .03148     .03238     .03159
                       .03011     .03575     .03162     .02982     .02992     .03567     .03148     .03016     .03172     .03003
                       .03069      .0346     .03589        0.3        0.3        0.3        0.3        0.3        0.3        0.3
                          0.3        0.3     .03609
             Random switching times for simulation number  130  :
                                  10  2.2598219E-02   11  2.3284245E-02   12  2.2488613E-02

 55.6479           8.14314922 43.6872704 1840.93852 20.0465436 .2288354E7 3245.21341 12.5792448 .2217653E8 .1359571E7 112646.914
                   190807.738 173445.812 -52168.946 190807.606 173445.807 185655.534 -137.46338 225074.216 41325.6409 203755.578
                   188039.646 -190614.06 220242.742 223273.227 228356.257 -185785.71 225129.337 -201178.24 219738.048 231173.906
                   90.2393995   -209.015  1356.8119 1.36461647 418.823093 18.4457763 .031389947 9637.20087 254.426541 .164911214
                   .182752638 147.804422 -1374.6338
Times of maxima :      .02997     .02385     .02862      .0247     .02423     .02718     .02474     .02429     .02741     .01667
                       .02423     .02718      .0247     .02423     .02718     .02709     .02851     .02419     .02474     .02429
                       .02741     .02723     .02423     .02939     .02928     .02709     .02419     .02705     .02435     .02941
                       .02997     .02385     .02862        0.3        0.3        0.3        0.3        0.3        0.3        0.3
                          0.3        0.3     .02851
             Random switching times for simulation number  131  :
                                  10  2.0929356E-02   11  2.0777133E-02   12  2.1681716E-02

 23.1548           48.9044341 43.7978072 2025.74181 18.7427087 272327.631 2632.30642 6.55605642 .1265547E8 963314.413 112646.914
                   182732.416 167144.568 -50443.881 182732.141  167144.54  187546.14 -144.86369 208882.697  29834.149 199515.994
                   186834.159 -197244.62 209081.866 -305900.56 -358958.87 -187683.44 208880.301 -204299.47 222178.315 -374543.43
                   -221.14347 -209.27926 1423.28557 1.36682668 83.8263884 19.1579724 .009967837 5673.78087 298.632491 .256510501
                   .255628114 149.071221 -1448.6369
Times of maxima :      .02243     .02142     .02786     .02498     .02165     .02715     .02292     .02188     .02725     .01667
                       .02165     .02715     .02498     .02165     .02715     .02719      .0281     .02178     .02292     .02188
                       .02725     .02709     .02195     .02175     .02183     .02719     .02178     .02729     .02186     .02187
                       .02243     .02142     .02786        0.3        0.3        0.3        0.3        0.3        0.3        0.3
                          0.3        0.3      .0281
             Random switching times for simulation number  132  :
                                  10  2.6394444E-02   11  2.6050642E-02   12  2.7016501E-02

 138.052           32.3562796 10.4836468 1784.95216 16.2638343 2543.29545 .2863021E7 4.34071212 .2576343E7 .1443968E8 -123874.76
                   -166196.27  192482.15 46989.8202  -166196.2 192482.083 213139.833  135.96272 -186848.13 24275.7583 -191650.27
                   200323.698 -204177.64 -198542.31 236267.702 253833.413 -213150.38 -186864.55 -219507.23  -188940.6 252602.409
                   -179.87851 102.389681  -1336.021 1.32856604 19.2517045 407.089815  .00620001 527.174518 6184.24227 .173213394
                   .169189779 143.357125  1359.6272
Times of maxima :      .02706     .02892      .0361     .03311     .03137     .02757     .02785     .03163     .02756     .02642
                       .03137     .02757     .03311     .03137     .02757     .02744     .03627     .03146     .02785     .03163
                       .02756     .02729     .03153     .02757     .02746     .02744     .03146     .02749     .03131     .02952
                       .02706     .02892      .0361        0.3        0.3        0.3        0.3        0.3        0.3        0.3
                          0.3        0.3     .03627
             Random switching times for simulation number  133  :
                                  10  3.4012970E-02   11  3.4336836E-02   12  3.1364265E-02

 292.209           39.7125568 11.0662362 1654.13733 18.9771414 2699.33876 .3282261E7 9.49675628 266256.795 .2358505E8 112646.914
                   167852.796 -193686.41 50758.3749 167852.838 -193686.29  -228775.7 132.458775 171588.843 -35907.069 182589.386
                   -204368.58 224459.999 175307.819 -212830.75 -215065.22  228889.17 171498.637 230204.385 176614.483 -227112.89
                   199.280096 -105.19618 -1286.1327 1.32050035 18.2479357 886.144247 .017719024 69.9071819 10250.1717 .169521304
                   .156380802 142.307946 1324.58775
Times of maxima :      .03464     .03594     .03677     .03473     .03887     .03508     .03546     .03855     .03511     .01667
                       .03887     .03508     .03473     .03887     .03508     .03497      .0366     .03887     .03546     .03855
                       .03511     .03483     .03877     .03635     .03647     .03497     .03887      .0351     .03895      .0366
                       .03464     .03594     .03677        0.3        0.3        0.3        0.3        0.3        0.3        0.3
                          0.3        0.3      .0366
             Random switching times for simulation number  134  :
                                  10  2.9556596E-02   11  3.0033990E-02   12  2.8442123E-02

  191.87           38.3137694 49.2672424 2130.95231 19.8154257 .4211843E7 3134.06819 8.08963737 .2165036E8 .5590439E7 112646.914
                   -195604.15 -172331.04 51867.3448  -195604.1 -172331.07   -201715. 146.379078 -229921.34 -33140.331 -203525.68
                   -196253.31 212282.808 -225859.41 277955.302 307066.574 201821.773 -229944.38 212222.921 -227205.66 307734.851
                   195.739034 221.962254 -1459.7782 1.32660878 1024.80688 18.6741014 .011485575 10654.5363 1987.71376 .217204872
                   .198999304 144.949889 1463.79078
Times of maxima :      .03132     .03063     .03606     .03417     .03112     .03405     .03147     .03111     .03404     .01667
                       .03112     .03405     .03417     .03112     .03405     .03392     .03622     .03102     .03147     .03111
                       .03404     .03406     .03116      .0308     .03086     .03392     .03102     .03392     .03105     .03097
                       .03132     .03063     .03606        0.3        0.3        0.3        0.3        0.3        0.3        0.3
                          0.3        0.3     .03622
             Random switching times for simulation number  135  :
                                  10  3.1406612E-02   11  3.0270839E-02   12  3.1894423E-02

 249.379           6.16055289 26.9165191 1382.24468 21.2524813 676340.296 1772.11142 7.45158393 .8724404E7 191346.615 112646.914
                   -185951.53 -157565.91 53715.1922 -185951.48 -157565.94 168611.233 121.749679 -204660.41 31806.5534 -197713.62
                    -180809.8 181460.453 -203616.44 -217836.27 -214792.87 -168700.94 -204656.53 -171029.52 -213809.15 -228210.73
                   78.4891897 164.062546  -1175.689 1.31918134 94.0263265 17.9117262 .010639243 3879.32118 54.5550782 .156359784
                   .186879853 141.232307 1217.49679
Times of maxima :      .03267     .03092     .03725     .03218     .03143     .03619     .03284     .03145      .0359     .01667
                       .03143     .03619     .03218     .03143     .03619     .04412     .03709     .03133     .03284     .03145
                        .0359     .03575     .03146     .03676     .03685     .04412     .03133     .04395     .03137     .03699
                       .03267     .03092     .03725        0.3        0.3        0.3        0.3        0.3        0.3        0.3
                          0.3        0.3     .03709
             Random switching times for simulation number  136  :
                                  10  2.7685386E-02   11  2.7537967E-02   12  2.6864289E-02

 171.358           53.3150048 17.3837608 1749.11524 20.6965004 2532.47406 .2896465E7 13.2581097 .5335219E7 .1995934E8 112646.914
                   -166080.42  192578.76 53007.9209 -166080.29 192578.677 222898.109 133.851693 -186402.81 42426.1005 -196133.44
                   202783.445 -205077.12 -193523.71 285744.379 322563.286 -222932.97 -186396.55 -221208.74  -204809.4 340669.166
                   -230.90042 131.847491 -1322.5412 1.33152956 19.7821965 719.491742 .025227028 1025.35165 7522.67347 .204322087
                   .189802118  143.03659 1338.51693
Times of maxima :      .02825     .02824     .03653      .0328     .03048     .02869     .02913     .03075     .02869     .01667
                       .03048     .02869      .0328     .03048     .02869     .02858     .03671     .03064     .02913     .03075
                       .02869     .02851      .0308     .02864      .0286     .02858     .03064     .02875     .03051     .02865
                       .02825     .02824     .03653        0.3        0.3        0.3        0.3        0.3        0.3        0.3
                          0.3        0.3     .03671
             Random switching times for simulation number  137  :
                                  10  3.0839974E-02   11  3.3297003E-02   12  3.3364982E-02

 271.732           17.7597428 22.8959942 1247.84708 25.0293407 1076.23109 2047.56011  4.6070132 3156.45329 574059.675 119423.767
                   -149004.17 -160739.54  58293.082  -149004.2 -160739.55  -181137.9 -112.85491 -169409.87 -25009.329 -172556.52
                   -185634.88  198287.66 -178416.74 -260150.68 -266455.89 181191.177 -169381.55 204876.869 -176717.26 -279859.38
                   -133.26568 -151.31422 1117.07076 1.30370641 18.1819568 18.8264074 .004511557  43.370674 178.073809 .192724154
                   .184320194 138.297383 -1128.5491
Times of maxima :      .03988      .0348      .0446     .03365      .0487     .03511     .03463     .04858     .03499     .03332
                        .0487     .03511     .03365      .0487     .03511     .03498     .04486     .04862     .03463     .04858
                       .03499     .03512     .04874     .03727     .03737     .03498     .04862     .03495      .0486     .03749
                       .03988      .0348      .0446        0.3        0.3        0.3        0.3        0.3        0.3        0.3
                          0.3        0.3     .04486
             Random switching times for simulation number  138  :
                                  10  2.9834458E-02   11  3.1066294E-02   12  3.0485091E-02

 224.459           14.5721443 54.3522329 2025.38367 26.7097958 .8746655E7 1256.18079 19.9969259 .3254832E8 3426.84187 112646.914
                   -197724.11 -151301.49  60218.176 -197723.91 -151301.42 -160136.78 147.422123 -242991.92 -52104.344  -208190.5
                    -175242.8 180373.423  -234823.6 -223210.63 -224176.79 160247.866 -243035.91  167307.03 -248637.22 -231617.68
                   120.715137 233.135653 -1423.1597 1.32686532 1900.33163 16.9231075 .022995837 15881.0044 32.7099408 .163649194
                   .186999879 144.426503 1474.22123
Times of maxima :      .03127     .03164     .03646     .03377     .03204     .03411     .03237     .03206     .03445     .01667
                       .03204     .03411     .03377     .03204     .03411     .03425     .03637     .03194     .03237     .03206
                       .03445     .03437     .03186     .03799     .03811     .03425     .03194     .03432     .03206     .03822
                       .03127     .03164     .03646        0.3        0.3        0.3        0.3        0.3        0.3        0.3
                          0.3        0.3     .03637
             Random switching times for simulation number  139  :
                                  10  3.1620699E-02   11  3.2495262E-02   12  3.2380912E-02

  267.13            12.174632 27.9657653 1104.31152 30.5760381 2990.05581 2497.95359 5.02773638 .1115939E8  .392231E7 112646.914
                   -170868.93 -165709.66 64429.2266 -170868.92 -165709.63 -185425.72 107.847844 -200097.01 26126.3392  -198833.8
                   -195467.21 192267.396 -199955.76 -219343.99 -230044.98 185524.442 -200139.06 199942.418 -206405.99 -233834.87
                   -110.33871 167.229678 -1050.8623 1.31387565 20.4139648 19.5291626 .008644743 3151.16263 1514.35212 .177835062
                   .198520235 139.838574 1078.47844
Times of maxima :      .03904     .03306     .03732     .03267     .03353     .03608     .03489     .03347     .03595     .01667
                       .03353     .03608     .03267     .03353     .03608     .03598     .03579     .03347     .03489     .03347
                       .03595     .03362     .03361     .03677      .0368     .03598     .03347     .03614     .03342     .03669
                       .03904     .03306     .03732        0.3        0.3        0.3        0.3        0.3        0.3        0.3
                          0.3        0.3     .03579
             Random switching times for simulation number  140  :
                                  10  3.0533147E-02   11  3.0666870E-02   12  3.0321308E-02

 223.553           24.8781626 53.7942785 2007.16427 18.4806176 .4389273E7 3199.84364 14.5590475 .2432548E8 .8574435E7 112646.914
                   -195688.07 -172992.26 50089.9448  -195687.9 -172992.18 -194602.21 143.121743 -229592.55 -44458.908 -204689.43
                   -197644.22 209331.358 -225012.48 -232429.34 266933.076 194726.139 -229623.84 194177.493 -235775.31 272069.631
                   157.728129 231.935936 -1416.7442 1.32465863  1112.6324  17.869956 .016033697 11334.5608 2020.94134 .179513127
                   .186911446 144.334829 1431.21743
Times of maxima :      .03204     .03124     .03666     .03357      .0316     .03465     .03206     .03167     .03482     .01667
                        .0316     .03465     .03357      .0316     .03465     .03475     .03653     .03157     .03206     .03167
                       .03482     .03466     .03149     .03679     .03148     .03475     .03157     .03495     .03171      .0316
                       .03204     .03124     .03666        0.3        0.3        0.3        0.3        0.3        0.3        0.3
                          0.3        0.3     .03653
             Random switching times for simulation number  141  :
                                  10  3.3088075E-02   11  3.2152643E-02   12  3.0874439E-02

 260.963           29.4411078 37.5927404 1791.10573  21.709471 194842.951 2455.19855  8.2790347 .1495468E8  .994202E7 112646.914
                   -180893.71 -165248.68 54289.6364 -180893.62 -165248.61 -185883.81 135.851244 -216844.72 -33526.033 -200555.66
                   -198275.31 201013.016 -210100.05 -255536.45 -278113.54 185983.786 -216915.07 202207.238 -216499.66 -287054.96
                   171.584113 193.888474  -1338.322 1.32518256 42.6777544 19.0973169 .011285851 5664.29728 2293.94443 .204739221
                   .223357594 143.343762 1358.51244
Times of maxima :      .03371     .03273     .03668     .03426     .03314     .03614     .03427     .03328     .03416     .01667
                       .03314     .03614     .03426     .03314     .03614     .03406     .03686     .03313     .03427     .03328
                       .03416     .03427     .03314      .0383     .03631     .03406     .03313     .03408     .03322     .03643
                       .03371     .03273     .03668        0.3        0.3        0.3        0.3        0.3        0.3        0.3
                          0.3        0.3     .03686
             Random switching times for simulation number  142  :
                                  10  2.7625929E-02   11  2.8150955E-02   12  2.9239572E-02

 166.657           34.0681329 18.8905664 2102.57109 17.7847004 1564.90872 .3368785E7 8.36475538 151112.619 .1481258E8 112646.914
                   155103.474 193933.163 49137.7866 155103.478 193933.052 214267.768 144.891678  171401.25 33699.1491 -179839.76
                   200491.712 -198690.62 -182386.75  272211.44 291305.041 -214266.26 171357.213 -221050.77 174546.748 319089.735
                   -184.57555 137.442957 -1450.0245 1.32650483 19.0677852 398.105952 .012907274 54.5770893 6608.95414 .212458422
                   .176605222 144.770921 1448.91678
Times of maxima :      .02832     .02875     .03624     .03283      .0404     .02879      .0291     .03154     .02878     .01667
                        .0404     .02879     .03283      .0404     .02879     .02866     .03602      .0404      .0291     .03154
                       .02878     .02878     .03128     .02886       .029     .02866      .0404     .02877     .04038     .02913
                       .02832     .02875     .03624        0.3        0.3        0.3        0.3        0.3        0.3        0.3
                          0.3        0.3     .03602
             Random switching times for simulation number  143  :
                                  10  3.5385574E-02   11  3.6058436E-02   12  3.5652059E-02

 340.826           41.4022661  11.836222 1894.51616 18.8589131 2808.38953 .6593931E7 15.3417051 206611.836 .2343908E8 121880.669
                   168994.611 -196723.45 -50600.015 168994.634 -196723.22 -227850.92 -141.93264 -168560.63 -45638.265 181175.206
                   -204305.21 228805.517 189787.006 -250595.99 -250191.13 227857.496 -168500.55 231847.755 180401.646 -266392.78
                   203.475468  -108.7944 1376.41424 1.29162136 18.6777332 1454.54353 .021883766 61.1760587 10500.3926 .188063339
                   .158497607 139.435271 -1419.3264
Times of maxima :      .03604     .03661      .0444     .04207     .03957     .03641     .03687     .03934     .03654     .03541
                       .03957     .03641     .04207     .03957     .03641     .03637     .04464     .04827     .03687     .03934
                       .03654     .03644     .03962     .03717     .03707     .03637     .04827     .03653     .03981      .0369
                       .03604     .03661      .0444        0.3        0.3        0.3        0.3        0.3        0.3        0.3
                          0.3        0.3     .04464
             Random switching times for simulation number  144  :
                                  10  3.2722274E-02   11  3.0302870E-02   12  3.1934383E-02

 258.794           16.7210497 26.8783994 1389.71743 20.6074977  616093.97 3221.07432 7.01009436 .8639134E7  .275335E7 112646.914
                   -185765.16 -173204.69 52893.8212 -185765.12 -173204.69 -191454.66 119.845603 -204500.02 30849.9344 -197674.17
                   -192164.68 195491.151 -202671.28 -216291.46 -218811.49 191571.923 -204496.15 201676.604 -213744.41 -223177.51
                   129.309898 163.946331 -1178.8628 1.31882199 87.4290616 18.9067114 .010231183 3745.05727 1490.43169  .17319635
                   .179601183 141.124332 1198.45603
Times of maxima :      .03337     .03095     .03595     .03222     .03146     .03621     .03286     .03148     .03402     .01667
                       .03146     .03621     .03222     .03146     .03621      .0361     .03712     .03136     .03286     .03148
                       .03402     .03405     .03149      .0383     .03824      .0361     .03136     .03405      .0314     .03808
                       .03337     .03095     .03595        0.3        0.3        0.3        0.3        0.3        0.3        0.3
                          0.3        0.3     .03712
             Random switching times for simulation number  145  :
                                  10  2.0377744E-02   11  2.0479291E-02   12  2.1771287E-02

 12.9074           47.5165401 36.6853887 1948.17519 16.0389845 3175.31015 3111.17139 3.18942873 .7748298E7 .8727444E7 112646.914
                   172746.005 -172100.21 -46663.869 172746.074 -172099.95 -195629.55 -141.54293 198118.419 -20808.883 197261.066
                   -197715.02 -198148.94 205343.092 -316355.83 -369011.15 195627.172 198152.601 213090.959  197778.41 -389729.17
                   -217.98289  -191.5343 1395.77047 1.36370705 22.1783061 20.0081074 .004221947 3387.79309 2600.37168 .266312493
                   .246857477 148.757029 -1415.4293
Times of maxima :      .02202     .02103     .02826     .02547     .02161     .02121     .02176     .02342     .02143     .01667
                       .02161     .02121     .02547     .02161     .02121     .02131     .02844     .02336     .02176     .02342
                       .02143     .02674     .02347      .0216     .02147     .02131     .02336     .02144     .02365     .02146
                       .02202     .02103     .02826        0.3        0.3        0.3        0.3        0.3        0.3        0.3
                          0.3        0.3     .02844
             Random switching times for simulation number  146  :
                                  10  2.2072628E-02   11  2.1321804E-02   12  2.1831530E-02

 38.4223            12.216133 30.0608983 1951.38137 19.5839224 .3433281E7 1022.02943 3.15184408 .1582614E8 2985.98685 112646.914
                   194116.754 -148299.62 -51563.472 194116.604 -148299.58 -165107.71 -141.31659 214026.691 -20685.912 200947.014
                   170827.308 -184984.38 225584.141 220995.092 227609.795 165180.267 214028.402 172067.285 215888.324 230466.322
                   -110.52662 -173.38079 1396.91853 1.36677143 572.969851 17.7011915  .00738413 7833.02367 34.3819474  .16613515
                   .193608927 148.348326 -1413.1659
Times of maxima :      .02369       .022     .02842     .02363     .02247     .03517     .02327     .02272     .02636     .01667
                       .02247     .03517     .02363     .02247     .03517     .03528     .02823      .0224     .02327     .02272
                       .02636     .02663     .02252     .02825     .02818     .03528      .0224     .03526      .0224     .02806
                       .02369       .022     .02842        0.3        0.3        0.3        0.3        0.3        0.3        0.3
                          0.3        0.3     .02823
             Random switching times for simulation number  147  :
                                  10  3.1238631E-02   11  3.1255519E-02   12  3.0774509E-02

 252.208           12.5855802 50.5579096 1866.41658 19.6467788 .2832808E7 2937.34813 17.7407135 .2522293E8 .4739613E7 112646.914
                   -192394.86 -170328.64 51646.1545 -192394.74 -170328.62 -187790.72 140.808646 -231679.75 -49076.983 -205077.04
                   -195853.14 201228.638 -228213.78 -228490.28   -235974. 187915.357 -231720.58 191344.499 -241483.62 -238957.09
                   112.185473 224.850861 -1366.1686 1.32306934 736.489045 17.8377655 .026442602 10830.0804 1055.39842 .163556813
                   .179394742  143.52728 1408.08646
Times of maxima :      .03259     .03183     .03671     .03405     .03223     .03521     .03262     .03227     .03539     .01667
                       .03223     .03521     .03405     .03223     .03521      .0351     .03654     .03215     .03262     .03227
                       .03539      .0352     .03208     .03736     .03726      .0351     .03215     .03518     .03227     .03738
                       .03259     .03183     .03671        0.3        0.3        0.3        0.3        0.3        0.3        0.3
                          0.3        0.3     .03654
             Random switching times for simulation number  148  :
                                  10  3.5932440E-02   11  3.5718076E-02   12  3.6428908E-02

   347.3           42.6644576  22.551269 2069.23442 22.9382271 731558.702 .1105615E7 9.98733236 .1187515E8 .1196602E8 112646.914
                   186122.106 -187268.85 -55804.887 186121.966 -187268.82 -207227.94 -145.02269 210023.706 36822.8216 199160.745
                   -199202.18 190436.077 205921.717 -291779.77 -336876.93 207231.016 210036.233 218304.387 225018.512 -348972.32
                   206.553764  -150.1708 1438.48338 1.28801136 142.411065 196.437888 .012692498 3576.00828 4120.55044 .194660204
                   .201126525 140.356803 -1450.2269
Times of maxima :      .03654     .03842     .04483     .04048     .03877     .03702     .03839     .03902     .03697     .01667
                       .03877     .03702     .04048     .03877     .03702     .03696     .04481     .03884     .03839     .03902
                       .03697      .0371     .03893     .03709     .03696     .03696     .03884     .03699     .03875      .0369
                       .03654     .03842     .04483        0.3        0.3        0.3        0.3        0.3        0.3        0.3
                          0.3        0.3     .04481
             Random switching times for simulation number  149  :
                                  10  2.8139639E-02   11  2.6744468E-02   12  2.6344789E-02

 151.841           46.5934579 17.6395458 1617.07953 19.2914116 605758.418 .1175894E7 10.8114439 .5741179E7 .1147748E8 112646.914
                   -185733.21 187482.737  -51176.94 -185733.11 187482.758 212002.618 128.725649 -202936.64 38311.9415 -196324.04
                   198979.229 -183277.43 -198976.52 283489.034 320955.652 -212049.92 -202918.27 -223964.71 -218139.89 343492.704
                   -215.85518 -132.81395 -1271.6444 1.33275998 101.355298 144.655322 .021263094 2128.66561 4021.50817 .207646483
                   .201889266 142.553676 1287.25649
Times of maxima :       .0287     .03373     .03682     .02664     .03085     .02922     .02951     .03103     .02915     .01667
                       .03085     .02922     .02664     .03085     .02922     .02909     .03661     .03087     .02951     .03103
                       .02915     .04355      .0308      .0289     .02905     .02909     .03087     .02919     .03093     .02907
                        .0287     .03373     .03682        0.3        0.3        0.3        0.3        0.3        0.3        0.3
                          0.3        0.3     .03661
             Random switching times for simulation number  150  :
                                  10  3.4927542E-02   11  3.6797132E-02   12  3.6505827E-02

 341.722           25.1637083  31.470157 1997.49966 17.7972639 325247.409 351503.197 4.62985296 .9007128E7 .7912434E7  131770.69
                   183967.605 -184574.65  -49155.14 183967.545 -184574.61 -202088.35 -142.41998 205901.527 25071.2456 197844.319
                   -197337.31 197451.465 213306.345 -271902.79 -296042.33 202087.724  205936.41 212982.008 215257.628 -298883.65
                   158.630729  -177.3983 1413.32928 1.28628906 80.6679899 63.2612801 .007843911 4219.23261 3325.82057 .176150488
                   .189014962 140.077597 -1424.1998
Times of maxima :      .03558     .03742     .04453      .0411     .03995     .03612     .03748     .04018      .0361     .03495
                       .03995     .03612      .0411     .03995     .03612     .03608     .04481        .04     .03748     .04018
                        .0361     .03614     .04001       .038      .0379     .03608        .04     .03602     .03782     .03802
                       .03558     .03742     .04453        0.3        0.3        0.3        0.3        0.3        0.3        0.3
                          0.3        0.3     .04481
             Random switching times for simulation number  151  :
                                  10  2.6926132E-02   11  2.6799093E-02   12  2.7136672E-02

 151.896           51.0320419 7.79508454 1838.34409 18.5545122 2061.69749 .5546181E7 19.0105274 383213.283 .2249646E8 112646.914
                   -160899.61 196232.689  50189.987 -160899.55 196232.534 228502.084 138.376088 -175647.14 50803.0043 -185041.24
                   203895.122  -225855.4 -192525.24   249921.3  274436.11 -228515.97 -175682.55 -235577.49 -198720.37 283628.711
                   -225.90273 -88.289776 -1355.8555 1.33057353 19.0628283 1246.77868 .024149627 107.027411 10195.1669 .179775383
                   .165298093 143.416867 1383.76088
Times of maxima :      .02753     .03266     .03634     .03359     .02975     .02795     .02838     .03215     .02805     .01667
                       .02975     .02795     .03359     .02975     .02795     .02787     .03613     .03196     .02838     .03215
                       .02805     .02792     .03205     .02808     .02788     .02787     .03196     .02804     .03184     .02788
                       .02753     .03266     .03634        0.3        0.3        0.3        0.3        0.3        0.3        0.3
                          0.3        0.3     .03613
             Random switching times for simulation number  152  :
                                  10  3.1871996E-02   11  3.1763634E-02   12  3.1335685E-02

 255.942           9.50392641 41.2219271  1646.3245 18.7085062 840362.337 123399.024 21.0594713 .1976637E8 .2269251E7 112646.914
                    -186457.2 -179165.61 50397.8336 -186456.99 -179165.57 -194589.14 131.356497  -224855.1 -53470.722 -202698.41
                   -190751.46 197841.159  -223943.7 -225488.06 -234463.62 194712.049 -224900.38 204783.301  -241385.7 -237769.55
                   -97.488083 203.031838 -1283.0918 1.32162805 170.298108 26.7922541 .037079215 8252.07087 870.530649 .166790159
                   .179349094 142.296198 1313.56497
Times of maxima :      .03842     .03234     .03682      .0346     .03262     .03556     .03317     .03281     .03534     .01667
                       .03262     .03556      .0346     .03262     .03556     .03559     .03706      .0327     .03317     .03281
                       .03534     .03571     .03258     .03784     .03774     .03559      .0327     .03546     .03281     .03788
                       .03842     .03234     .03682        0.3        0.3        0.3        0.3        0.3        0.3        0.3
                          0.3        0.3     .03706
             Random switching times for simulation number  153  :
                                  10  3.1772710E-02   11  3.3958141E-02   12  3.2230223E-02

 273.353           13.0779075 10.9923004 1238.06726 26.3552888 1212.07228 3071.65921 2.54568486 2509.75501 .2161731E7 112646.914
                   -150744.14   -171700. 59817.2168 -150744.16 -171699.93 -193619.56  111.32096 -164291.24 18590.6525  -165836.5
                   -190434.82 211195.078 -169188.57 -237309.03 -254855.44 193722.601 -164222.41 199258.814 -164640.33 -263198.66
                   114.358679 -104.84417 -1112.6847 1.31473357  17.823336  18.500286 .005014311 40.7968399 888.893513 .182531033
                   .163311201 140.179255  1113.2096
Times of maxima :      .03287     .03538     .03694     .03253     .04725     .03558     .03432     .04711     .03579     .01667
                       .04725     .03558     .03253     .04725     .03558     .03561     .03668     .04724     .03432     .04711
                       .03579     .03556     .04732     .03775     .03784     .03561     .04724     .03571     .04715     .03792
                       .03287     .03538     .03694        0.3        0.3        0.3        0.3        0.3        0.3        0.3
                          0.3        0.3     .03668
             Random switching times for simulation number  154  :
                                  10  2.0903566E-02   11  2.2875523E-02   12  2.1202953E-02

  22.498           27.8682756 57.7741615 2115.51599 23.1687838 .9306365E7 3088.89763 11.2229779 .2818492E8 .3053214E7 112646.914
                   197982.706 171874.585 -56084.639 197982.469 171874.642 193518.714 -150.32658 233609.473 -39034.297 206346.612
                   193030.165 -195562.57 237069.371 250216.036 271445.262 -193663.42 233667.175  -210723.9 226856.616 282973.069
                   -166.93794 -240.36256 1454.48135 1.36800778 1665.26076 19.1217529 .028057713 11830.9955 776.636801 .226174539
                   .219832396 149.862291 -1503.2658
Times of maxima :      .02254     .02345     .02781     .02487     .02375     .02737     .02663     .02388     .02708     .01667
                       .02375     .02737     .02487     .02375     .02737     .02726     .02808     .02372     .02663     .02388
                       .02708     .02713     .02366     .02925     .02917     .02726     .02372     .02726     .02381     .02928
                       .02254     .02345     .02781        0.3        0.3        0.3        0.3        0.3        0.3        0.3
                          0.3        0.3     .02808
             Random switching times for simulation number  155  :
                                  10  3.1276775E-02   11  3.2430459E-02   12  3.2261026E-02

 254.642           10.8365507 29.6203201  1178.1759 28.4429608 44463.6078 2393.36671 8.86096892 .1158277E8 .3944693E7 112646.914
                   -177217.42 -164578.11 62141.2112 -177217.38 -164578.04 -183079.81 110.599503 -205486.97 34684.2988 -199027.32
                    -195477.8 192454.348 -207417.77 -217809.16  -224005.7 183183.852 -205529.96 189920.361 -205796.56 -226175.72
                   104.098755 172.105549 -1085.4381 1.31551546 21.8335806 19.4688615 .011844297 4512.91529 1289.11595 .173642608
                   .199196783 140.081065 1105.99503
Times of maxima :      .03283       .033     .03736     .03255     .03345     .03569     .03487     .03336     .03585     .01667
                       .03345     .03569     .03255     .03345     .03569     .03584      .0357     .03336     .03487     .03336
                       .03585      .0335     .03347     .03687     .03675     .03584     .03336     .03605     .03336     .03695
                       .03283       .033     .03736        0.3        0.3        0.3        0.3        0.3        0.3        0.3
                          0.3        0.3      .0357
             Random switching times for simulation number  156  :
                                  10  2.5725851E-02   11  2.8033098E-02   12  2.6688465E-02

 156.439           18.4237775 23.5944134 1695.17478 15.8529937 45178.7354 3289.88999 2.15125977 .4669325E7 .7489437E7  -139519.3
                   -177235.26 173890.632 -46392.519 -177235.22 173890.625 198794.799  132.01221 -194287.27 -17089.869 -195820.01
                   197140.708 -213899.39 -200125.16 285846.146 295614.889 -198804.97  -194289.8 -194117.79 -194837.44 296455.809
                   -135.73422 153.604731 -1301.9888 1.32911328 21.8104691 19.1630168 .003174677 1129.76117 1803.76023 .191397678
                   .190079525 142.921579  1320.1221
Times of maxima :       .0264     .02863     .03642     .02698     .03122      .0271     .02876     .03136     .02717     .02575
                       .03122      .0271     .02698     .03122      .0271     .02702     .03633     .03122     .02876     .03136
                       .02717     .02697     .03125      .0292     .02913     .02702     .03122     .02701     .03141     .02899
                        .0264     .02863     .03642        0.3        0.3        0.3        0.3        0.3        0.3        0.3
                          0.3        0.3     .03633
             Random switching times for simulation number  157  :
                                  10  2.1073589E-02   11  1.9008570E-02   12  2.2613891E-02

 25.2971           43.7811161 22.6164042 1782.28258 16.1011001 31052.0092 1147.36922 1.53464547 .5568544E7 .2082856E7 112646.914
                   176882.217  149919.95 -46754.142 176882.128 149919.936 179642.411 -133.56961 196851.275  -14434.32 196243.033
                   190201.898 -185649.99 216077.991 -264032.84   -289120. -179734.51 196883.318 187131.359 202604.706 -310073.07
                   -209.23938 150.387513 1335.02157 1.36199015 22.7048676 18.4818295 .002789958 2793.41714  389.40134 .224859073
                   .219430537  147.10479 -1335.6961
Times of maxima :      .02283     .02675     .02776     .02485      .0238     .02557     .02462     .02402     .02567     .01667
                        .0238     .02557     .02485      .0238     .02557     .02556     .02791     .02388     .02462     .02402
                       .02567     .02542      .0238     .02226     .02214     .02556     .02388     .02215     .02406     .02208
                       .02283     .02675     .02776        0.3        0.3        0.3        0.3        0.3        0.3        0.3
                          0.3        0.3     .02791
             Random switching times for simulation number  158  :
                                  10  3.4841902E-02   11  3.6224860E-02   12  3.4710949E-02

 328.697           48.6149742 18.6680987 1570.49605 22.0538726 3372.08529 .7313752E7 6.53195493 .2362164E7 .2741832E8 112646.914
                   174704.177 -197059.11 54718.5705 174704.204 -197058.94 -231672.49 -127.71092 193802.631  -29779.26 191024.259
                   -206019.45 223932.108 199242.105 -236914.53 -247185.88 231706.658 193803.559 226706.796 198291.898 -258933.79
                   220.488036 -136.63125 1253.19434 1.29170794 19.6587179 1648.02309 .015442443 760.693901 12404.4556 .184041068
                   .167794898 138.213028 -1277.1092
Times of maxima :      .03543     .03682     .04437     .03503      .0397     .03586     .03621     .03985     .03586     .01667
                        .0397     .03586     .03503      .0397     .03586     .03576     .04458     .03969     .03621     .03985
                       .03586     .03566     .03957     .03719      .0373     .03576     .03969     .03589     .03959     .03744
                       .03543     .03682     .04437        0.3        0.3        0.3        0.3        0.3        0.3        0.3
                          0.3        0.3     .04458
             Random switching times for simulation number  159  :
                                  10  3.1713145E-02   11  3.2667259E-02   12  3.1764894E-02

 250.188           15.4596236 35.9570014 1386.84449 21.5254033 2523.68657 2203.87387  6.3230964 .5232609E7 491520.986 112646.914
                    165986.01 162493.723 54058.9942 165986.068 162493.723  183682.58 122.109065 -193844.39 -29299.298 -196085.21
                     185378.6 -187938.59 -196298.31 -250480.35 -275761.26 -183770.56 -193907.28 -193081.78 -215755.75  -295081.2
                   -124.33673 -189.62331 -1177.6436 1.31844404 20.0526551 18.3233264 .010602179 1769.48715 179.762679 .186422008
                   .223757213 141.270194 1221.09065
Times of maxima :       .0393     .03423     .03598     .03206     .03922     .04414     .03408     .03368     .04415     .01667
                       .03922     .04414     .03206     .03922     .04414      .0441     .03582     .03365     .03408     .03368
                       .04415     .04406     .03349     .03668      .0368      .0441     .03365     .04422     .03375     .03689
                        .0393     .03423     .03598        0.3        0.3        0.3        0.3        0.3        0.3        0.3
                          0.3        0.3     .03582
             Random switching times for simulation number  160  :
                                  10  2.0297031E-02   11  2.0447741E-02   12  2.1522640E-02

 15.5547           49.2989439 33.5682246 1993.14431 21.8426947 2948.30821 87382.7778 7.57948788 .4530163E7  .100071E8 112646.914
                   -170441.24 -178282.12  -54455.96  -170441.2 -178281.88 -204067.56 -143.71965  -189215.4 -32078.366 195754.384
                   -198305.25 -204442.77 196439.884 -315878.58 -365514.37 204064.817 -189121.16 218738.437  204350.24 -385516.84
                   -222.03365 -183.21633 1411.78763 1.36749972 21.8355154 23.4376523 .008715978 2117.17926 3623.90911 .271885568
                   .240469461 148.988923 -1437.1965
Times of maxima :      .02199     .02099      .0282     .02479     .03071     .02117     .02298     .02337      .0214     .01667
                       .03071     .02117     .02479     .03071     .02117     .02128     .02842     .03074     .02298     .02337
                        .0214     .02675     .02324     .02147     .02135     .02128     .03074     .02138     .02357      .0214
                       .02199     .02099      .0282        0.3        0.3        0.3        0.3        0.3        0.3        0.3
                          0.3        0.3     .02842
             Random switching times for simulation number  161  :
                                  10  3.0346233E-02   11  3.0322633E-02   12  3.0655633E-02

 216.502           38.3017604 51.3211306 1910.67589  23.941849 .3550205E7 3055.63823  8.6823976  .190964E8 .9042888E7 112646.914
                   -194448.62 -171537.44 57012.6406 -194448.52  -171537.3 -203442.35 138.857933 -224346.07 -34333.031 -202402.67
                   -197860.84 218432.474 -232735.18  256643.64 295691.184 203554.098 -224359.22 199755.273 -218750.35 307509.164
                   195.708355 226.541675  -1382.272 1.32805213 742.756845 18.1687584  .00850986 9430.73362 2622.31895 .203541033
                   .196618799 143.583619 1388.57933
Times of maxima :      .03177     .03092     .03641     .03448     .03137     .03434      .0318     .03136     .03459     .01667
                       .03137     .03434     .03448     .03137     .03434     .03445     .03619     .03129      .0318     .03136
                       .03459     .03449     .03143     .03116     .03122     .03445     .03129     .03428      .0314     .03129
                       .03177     .03092     .03641        0.3        0.3        0.3        0.3        0.3        0.3        0.3
                          0.3        0.3     .03619
             Random switching times for simulation number  162  :
                                  10  3.0293907E-02   11  2.9709700E-02   12  2.8967831E-02

 203.722           14.0044897  41.681573  2138.1723 19.9041094 .4601529E7 1046.64756 8.33810503 .2168233E8 278682.204 112646.914
                   -195788.21 148620.406  51983.281 -195788.05 148620.369 163103.351 148.466465  -225737.6 -33645.423 -203539.66
                   -182881.34 181841.781 -216074.71 217528.078 -228921.25 -163171.35 -225752.46 -169771.52  -229805.4 -235503.86
                   118.340567 204.160655 -1462.2491 1.32474431  1002.6086 17.1819814 .017332967 10576.7247 54.1523105 .164566268
                   .193028254 145.220251 1484.66465
Times of maxima :      .03181     .03035     .03669     .03388     .03077     .04343     .03115     .03076     .03458     .01667
                       .03077     .04343     .03388     .03077     .04343     .04354     .03649     .03067     .03115     .03076
                       .03458     .03484     .03083     .04578     .03653     .04354     .03067     .04349     .03078     .03643
                       .03181     .03035     .03669        0.3        0.3        0.3        0.3        0.3        0.3        0.3
                          0.3        0.3     .03649
             Random switching times for simulation number  163  :
                                  10  3.3663028E-02   11  3.3077652E-02   12  3.3327053E-02

 291.562           38.5599956 26.3476066 1232.37944 34.7588514 1389.41397 .3351117E7 20.1884802 29152.3176  .204833E8 137266.835
                   -152962.82 -193882.94 68694.9831 -152962.81 -193882.71 -220560.58  -114.6674 -170041.38 -52353.308 176834.538
                   -203013.98 225418.847 -180921.11 -255253.36   -264326. 220601.818 -170005.33 239812.608 -181492.45 -269814.69
                   196.366992 -162.31946 1110.12587 1.30786113 18.5862666 577.911368 .030838403 45.3913895 8998.76339 .196535761
                   .185739238 138.307088  -1146.674
Times of maxima :      .03431     .03473     .04457     .03364     .04838      .0346     .03511     .03954     .03479      .0331
                       .04838      .0346     .03364     .04838      .0346     .03462     .04479     .04843     .03511     .03954
                       .03479     .03455     .04835     .03729     .03718     .03462     .04843     .03477     .03424     .03706
                       .03431     .03473     .04457        0.3        0.3        0.3        0.3        0.3        0.3        0.3
                          0.3        0.3     .04479
             Random switching times for simulation number  164  :
                                  10  2.8181754E-02   11  2.7795794E-02   12  2.7380545E-02

 181.657           45.4561288 18.9736466 1889.95581 22.1303745 769349.285  239234.23 9.70215405 .1083822E8 .1061279E8 112646.914
                   -186238.56 181951.308 54813.3941 -186238.46 181951.321 208451.723 138.299825 -210138.68 36293.2947 -198686.76
                   198583.417 -181196.61 -211271.76  306595.41 348280.205 -208473.19 -210152.12 -217729.63 -224097.48 368179.976
                   -213.20443  137.74486 -1374.7566 1.32872276 122.737124    63.2365 .017559741 3462.34004 3173.29621 .220521572
                   .216030104 143.687026 1382.99825
Times of maxima :      .02875     .03065     .03661     .03268       .031     .02923     .02963     .03121     .02921     .01667
                         .031     .02923     .03268       .031     .02923     .02912     .03643     .03105     .02963     .03121
                       .02921     .04362     .03097     .02901      .0291     .02912     .03105     .02927     .03098     .02914
                       .02875     .03065     .03661        0.3        0.3        0.3        0.3        0.3        0.3        0.3
                          0.3        0.3     .03643
             Random switching times for simulation number  165  :
                                  10  2.8875687E-02   11  2.8406847E-02   12  2.9937425E-02

 190.143           30.9175986 29.5537977 2055.29861 19.5940802 .2182836E7 1255.35382 3.18411352 .1465624E8 3130.24862 112646.914
                   -190497.17 -151290.98 51576.8427 -190497.05 -151291.01 -168749.17 146.102126 -208163.56 20791.5364  -200421.3
                   -172292.55 179966.372 -218883.17  311729.84 339929.779 168890.397 -208206.65 -183852.61 -217517.95 363475.367
                   175.834009  171.91218 -1433.6313 1.32620148 440.060514 17.6013891 .008570809 8723.32427 35.7536913  .20375972
                   .220431708 145.182291 1461.02126
Times of maxima :      .03044     .02914     .03595     .03335     .03164     .03537     .03511     .03183      .0354     .01667
                       .03164     .03537     .03335     .03164     .03537     .03523     .03585     .03164     .03511     .03183
                        .0354      .0354      .0316     .02965     .02975     .03523     .03164     .02992     .03152     .02989
                       .03044     .02914     .03595        0.3        0.3        0.3        0.3        0.3        0.3        0.3
                          0.3        0.3     .03585
             Random switching times for simulation number  166  :
                                  10  2.5320449E-02   11  2.4560528E-02   12  2.4039492E-02

 84.6925            42.251108 41.0507936 1138.29183 25.3466428 2667.32008 .1927922E7 6.28121724 .2902707E7 .1445922E8 112646.914
                   -167515.11 189742.851 -58661.415 -167515.13 189742.746 219503.233  -109.9732 180377.405 29202.1091 192596.692
                   200332.508 -223983.36 -191902.44 276226.943 295053.176 -219578.97 180436.081 -221331.36  213249.21 312484.787
                   -205.55074 202.609954  1066.9076 1.35477226 20.0047737 286.408477  .01781836 552.147185 7011.98146  .23135174
                   .233535169 144.288751  -1099.732
Times of maxima :      .02592     .02604     .02768     .02435     .03092     .02637     .02668     .02557     .02636     .01667
                       .03092     .02637     .02435     .03092     .02637     .02626     .02787     .02558     .02668     .02557
                       .02636     .02628     .03095     .02856     .02871     .02626     .02558     .02626     .02557     .02871
                       .02592     .02604     .02768        0.3        0.3        0.3        0.3        0.3        0.3        0.3
                          0.3        0.3     .02787
             Random switching times for simulation number  167  :
                                  10  3.2762780E-02   11  3.2826931E-02   12  3.2442004E-02

 292.733           14.4073866 29.8517397 1138.21062 25.7633939 2494.20074 2608.94056 7.80908407 .2351596E7 .8576743E7 112646.914
                   165669.192 -166896.59 59141.7061 165669.247 -166896.47 -200827.53 107.725887 -186610.19 32560.5972 -190993.27
                   -197645.29  205765.54 189421.893 -227597.92 -237075.15 200889.812 -186663.01 220875.503 -223365.88 -251067.83
                   120.030773 -172.77656 -1066.8695  1.3143872  20.449569 20.4683857 .007743097 684.119131 3529.11927 .187327003
                   .202529907 139.761707 1077.25887
Times of maxima :      .03354     .03448     .03605     .03276     .03974      .0339     .03389     .03388     .03418     .01667
                       .03974      .0339     .03276     .03974      .0339     .03403     .03586      .0339     .03389     .03388
                       .03418     .03414     .03968      .0373     .03718     .03403      .0339     .03391     .03389     .03706
                       .03354     .03448     .03605        0.3        0.3        0.3        0.3        0.3        0.3        0.3
                          0.3        0.3     .03586
             Random switching times for simulation number  168  :
                                  10  2.7905695E-02   11  2.8525615E-02   12  2.8232348E-02

 192.017           33.9957526 28.0370957 2167.57285 17.9111726  2657.2506 .1063523E7 11.4735084 .5116097E7  .135613E8 112646.914
                   -167408.75  187140.61 49312.1936  -167408.7 187140.455 212566.008 149.171436 -187988.04 -39467.574 -196030.41
                   199926.848 -201549.35  -184455.7 267333.496  287769.46 -212561.93 -187988.31 -217525.46 -214417.75 315413.756
                   -184.37937 167.442813 -1472.2679 1.32796662 20.1564901  170.38208 .019437228 1305.67207 7687.37565 .223511707
                   .179251218 145.093143 1491.71436
Times of maxima :       .0286     .02911     .03648     .03177     .02967     .02897     .02972     .02983     .02905     .01667
                       .02967     .02897     .03177     .02967     .02897     .02893     .03621     .02977     .02972     .02983
                       .02905     .02903     .02978     .02966     .02953     .02893     .02977     .02912     .02998     .02941
                        .0286     .02911     .03648        0.3        0.3        0.3        0.3        0.3        0.3        0.3
                          0.3        0.3     .03621
             Random switching times for simulation number  169  :
                                  10  3.0878882E-02   11  2.9177544E-02   12  2.8777867E-02

 208.633           13.1752868 31.7366821 2133.23472 19.2693881  .210146E7 2651.06254 3.66250418 .1224803E8 .1604238E7 112646.914
                   -190256.96 -167343.27 51147.7194 -190256.89 -167343.23 -186816.86 147.732394 -211961.07 22298.7941 -199330.66
                   -188776.48  196706.92 -209791.33 -214646.77 -223330.51 186953.955 -211966.86  198142.59 -214404.72 -229401.82
                   114.783652 178.147922 -1460.5597 1.32428482 332.348635 17.7809841 .009974444 5816.88447 313.943537 .163919541
                   .173605944 145.146245 1477.32394
Times of maxima :      .03233     .02979     .03675     .03341      .0303      .0351     .03168     .03033     .03529     .01667
                        .0303      .0351     .03341      .0303      .0351     .03518      .0366      .0302     .03168     .03033
                       .03529     .03502     .03033      .0372     .03713     .03518      .0302     .03514     .03026     .03724
                       .03233     .02979     .03675        0.3        0.3        0.3        0.3        0.3        0.3        0.3
                          0.3        0.3      .0366
             Random switching times for simulation number  170  :
                                  10  3.4460489E-02   11  3.3998725E-02   12  3.4343088E-02

 284.882           51.0253602 7.17670218 1494.80753 28.5459333 781.481219 .7107757E7 8.86794388  2198.3331 .2871866E8 120406.894
                   145095.925 -196963.17  62253.595 145095.942 -196962.98 -231157.12 -123.84288 -151738.77 -34697.947 -162432.09
                   -206573.82 223545.531 169411.808 -220060.41 -222173.48 231192.915 -151663.88 223769.948 157735.797 -235233.49
                   225.887937 -84.715419 1222.62322 1.29633769 17.6349966 1542.12482 .019487956 39.9131367 13010.8461 .172894516
                   .148404385 138.010693 -1238.4288
Times of maxima :      .03506     .03564       .045     .03463     .03864     .03547      .0379     .04749     .03546     .03402
                       .03864     .03547     .03463     .03864     .03547     .03535     .04483     .04762      .0379     .04749
                       .03546     .03527      .0402     .03782     .03823     .03535     .04762     .03546     .03855     .03805
                       .03506     .03564       .045        0.3        0.3        0.3        0.3        0.3        0.3        0.3
                          0.3        0.3     .04483
             Random switching times for simulation number  171  :
                                  10  3.4208825E-02   11  3.3687134E-02   12  3.3761859E-02

 297.458           49.4974055  19.301322 1358.71526 25.8741708 1305.49336 .7155094E7 17.6021219 156034.932 .2669845E8 127828.367
                   151920.163 -196985.31  59268.718 151920.119 -196985.04 -231334.55  -119.4058 162679.552 -48884.911 179958.983
                   -205711.33 237277.047 176887.616 -245533.91 -260586.55 231378.833 162665.713 244331.542 164918.941 -266442.35
                   222.480124  -138.9292 1165.63942 1.30280465 18.0989167 1556.26412 .031391611 58.0440717 11680.1615 .188863677
                   .174374952 138.030959  -1194.058
Times of maxima :      .03482     .03516     .04487     .03408     .03972     .03511     .03559     .03802     .03525     .03371
                       .03972     .03511     .03408     .03972     .03511      .0351     .04465     .03979     .03559     .03802
                       .03525     .03508     .03971     .03762      .0377      .0351     .03979     .03525     .03969     .03785
                       .03482     .03516     .04487        0.3        0.3        0.3        0.3        0.3        0.3        0.3
                          0.3        0.3     .04465
             Random switching times for simulation number  172  :
                                  10  3.4872075E-02   11  3.4047488E-02   12  3.2849023E-02

 295.233           57.8788495  31.247877  1123.4635 27.2632571 2955.75841 .9669752E7 10.5364014 .1682194E7 .2599765E8 112646.914
                   170517.608 -198150.23  60838.876  170517.66 -198149.98 -234035.16 -107.31963 180997.531 -37821.475 189010.072
                   -205410.54  239450.79 189690.266 -263003.17 -287304.94   234126.2 180984.715  231639.35 202347.704 -304437.51
                   240.580235 -176.77069 1059.93561  1.3107439 19.4228164 2255.87833 .026258136 396.384206 9783.03943 .203527393
                   .199724251 139.064222 -1073.1963
Times of maxima :      .03547     .03548     .04483     .03316     .03829     .03577     .03624     .04009     .03591     .01667
                       .03829     .03577     .03316     .03829     .03577     .03576     .04461     .04037     .03624     .04009
                       .03591     .03569     .04031     .03797     .03594     .03576     .04037     .03588     .03826     .03588
                       .03547     .03548     .04483        0.3        0.3        0.3        0.3        0.3        0.3        0.3
                          0.3        0.3     .04461
             Random switching times for simulation number  173  :
                                  10  3.1453901E-02   11  2.9575281E-02   12  3.0135331E-02

 226.906           5.44330814 28.2102202 1903.02324 17.4508595 .2748236E7 1668.74928 2.49083312 .1382058E8 3047.22076 112646.914
                   -192149.95 -156346.04  48674.413 -192149.86 -156346.02 -170471.34 140.069837 -210635.14 18389.2759 -200044.15
                   -171451.76 182507.431 -217634.19 -208436.33 -209890.08 170607.782 -210639.89 177968.028 -216632.29 -213249.91
                   73.7787784 167.958984 -1379.5011 1.32399341 397.112375 17.1954985  .00565277 6438.34411 33.8541302 .149023446
                    .16710714 144.018538 1400.69837
Times of maxima :      .03272     .03025     .03673     .03383     .03074     .03555     .03066     .03099     .03578     .01667
                       .03074     .03555     .03383     .03074     .03555     .03565     .03648     .03072     .03066     .03099
                       .03578     .03549     .03076     .03758     .03775     .03565     .03072     .03555     .03067     .03781
                       .03272     .03025     .03673        0.3        0.3        0.3        0.3        0.3        0.3        0.3
                          0.3        0.3     .03648
             Random switching times for simulation number  174  :
                                  10  2.9268069E-02   11  2.8701901E-02   12  3.1145225E-02

 209.714           22.5017872 34.6075468 1680.04043 22.7747786 .3207009E7 465.622415 8.49533599 .2616569E8 2455.04259 112646.914
                   -193471.28 -140678.64 55605.7106  -193471.2 -140678.59 152462.696 133.420069 -233162.15  33961.166 -205482.74
                   -165246.92 174538.374 -236539.42 285596.351 311958.609 -152518.17 -233190.71 165250.292 -232635.81 333743.096
                   -150.00596 186.031037 -1296.1637 1.32649098 889.818101  16.855836 .029660972 12804.2086 32.3068606 .167504538
                   .201414801 142.404331 1334.20069
Times of maxima :      .02983     .03174     .03645     .03382     .03214     .03492     .03424      .0322     .03525     .01667
                       .03214     .03492     .03382     .03214     .03492     .04282     .03641     .03201     .03424      .0322
                       .03525     .03499     .03195     .03001     .03011     .04282     .03201     .03565      .0321     .03023
                       .02983     .03174     .03645        0.3        0.3        0.3        0.3        0.3        0.3        0.3
                          0.3        0.3     .03641
             Random switching times for simulation number  175  :
                                  10  3.1732832E-02   11  3.2649421E-02   12  3.3317016E-02

 271.227           13.3107724 13.7005266 1227.75567 20.0749912 1471.92214  2433.2946 1.78397483 3130.09003 .3321482E7 134620.594
                   -153975.78 -165011.58  52205.949 -153975.78 -165011.58 -186255.95 -111.76402  -170180.7 -15562.762 -172290.95
                   -193798.22 197550.829 -178358.61 -226835.82 -236881.52 186291.017 -170135.82 202776.378 -172838.76 -249451.32
                   -115.37232 -117.04925 1108.04137 1.30194663 18.2668944 18.9384063 .003390115 42.8358954 834.574626 .177518188
                   .168274704 138.240616 -1117.6402
Times of maxima :      .03935     .03449     .04447      .0336     .04813      .0366     .03396     .04826     .03439     .03267
                       .04813      .0366      .0336     .04813      .0366     .03438     .04466     .04819     .03396     .04826
                       .03439     .03413     .04819     .03667     .03676     .03438     .04819      .0343     .04808     .03688
                       .03935     .03449     .04447        0.3        0.3        0.3        0.3        0.3        0.3        0.3
                          0.3        0.3     .04466
             Random switching times for simulation number  176  :
                                  10  2.0876444E-02   11  2.2149522E-02   12  2.0164511E-02

  13.138           17.9803661 56.3012781 2080.95708 21.3081474 .1302431E8  580.95891 13.8789259 .3380712E8 2018.07985 112646.914
                   199683.733 142321.549 -53785.494 199683.489 142321.557 157745.735 -147.86764 242216.093 43408.0465 208716.798
                   160405.031 -170386.01 226913.978 233390.521 240931.733 -157884.35 242248.767 -174259.62 241318.112 247669.104
                   -134.09089  -237.2789 1442.55228 1.36615851 2939.69978 17.5523543 .012758581 16934.5196 34.7926286 .179537615
                   .199766632 149.361477 -1478.6764
Times of maxima :      .02238     .02273      .0277     .02555     .02311     .02736     .02344     .02315      .0275     .01667
                       .02311     .02736     .02555     .02311     .02736     .02723     .02807     .02299     .02344     .02315
                        .0275      .0272     .02296     .02912     .02924     .02723     .02299     .02731     .02315     .02935
                       .02238     .02273      .0277        0.3        0.3        0.3        0.3        0.3        0.3        0.3
                          0.3        0.3     .02807
             Random switching times for simulation number  177  :
                                  10  2.0580343E-02   11  2.0387380E-02   12  2.2753057E-02

 20.9859           35.4581074 40.2276039 1696.10411 25.6380685 .2018969E7 1988.63567 5.98481963 .1628023E8  .343143E7 112646.914
                   190012.969 160069.713 -58997.684 190012.827 160069.726 180536.223 -134.52073 222789.616  -28504.79 201150.353
                    194111.34  -188685.9 225516.336 -315714.21 -363898.02 -180655.56 222814.942 -188330.43 227163.474 -380093.66
                   -188.30323  -200.5682 1302.34562 1.36466528 375.987753 18.4428134 .015774859 8908.68809 717.023854 .219257868
                   .229522663 146.986553 -1345.2073
Times of maxima :      .02213     .02105     .02813     .02473     .02352     .02683     .02356     .02375     .02672     .01667
                       .02352     .02683     .02473     .02352     .02683     .02667     .02788     .02357     .02356     .02375
                       .02672     .02675     .02353     .02155     .02148     .02667     .02357     .02701     .02357     .02157
                       .02213     .02105     .02813        0.3        0.3        0.3        0.3        0.3        0.3        0.3
                          0.3        0.3     .02788
             Random switching times for simulation number  178  :
                                  10  3.1210146E-02   11  3.1426497E-02   12  3.1539970E-02

 245.683           18.0977689 44.4349895 1576.91963 21.6298435 .1472451E7 355092.589 20.1522902 .2141096E8  .702113E7 114867.768
                    -188380.4 -184657.38 54189.9813 -188380.29 -184657.31 -202604.15 128.832703 -229710.64 -52306.362 -203420.91
                    -196922.6 212157.898 -231025.64 -234197.59 -238910.54 202720.406 -229741.06 215454.124 -242202.77 -247323.71
                   134.527948 210.796085 -1255.7546 1.32100312 300.582201 71.5294225 .025375691 9380.55787 2129.61475  .17559604
                   .179222971 141.801145 1288.32703
Times of maxima :      .03268     .03201     .03687     .03288     .03241     .03526     .03285     .03256     .03554     .03145
                       .03241     .03526     .03288     .03241     .03526     .03534     .03672     .03239     .03285     .03256
                       .03554     .03541     .03234     .03753     .03744     .03534     .03239     .03523      .0325     .03729
                       .03268     .03201     .03687        0.3        0.3        0.3        0.3        0.3        0.3        0.3
                          0.3        0.3     .03672
             Random switching times for simulation number  179  :
                                  10  2.5192971E-02   11  2.3436296E-02   12  2.4238118E-02

  98.165           29.0612557  26.632455 1102.17873 20.5549148 3402.84146 3377.20919 4.20143068 .6073788E7 .1020856E8 -133031.52
                   -175007.04 174754.708 -52826.295 -175007.06 174754.717 201540.323 105.412548 -201561.01 23883.1119 -196479.93
                   198397.855 -208976.95 -198318.48 245588.821 267508.177 -201608.06 -201485.19 -216336.59 -205904.99  276081.25
                   -170.47362 163.194531  -1049.847 1.35176404 20.5419172 19.2549845  .00615443 2540.67251 3017.54813 .180038442
                   .225670705 143.670138 1054.12548
Times of maxima :      .02581     .02755     .03669     .02456      .0303     .02639     .02667     .03041     .02633     .02346
                        .0303     .02639     .02456      .0303     .02639     .02625     .03687     .03023     .02667     .03041
                       .02633     .02641      .0303     .02831     .02816     .02625     .03023      .0263     .03013     .02809
                       .02581     .02755     .03669        0.3        0.3        0.3        0.3        0.3        0.3        0.3
                          0.3        0.3     .03687
             Random switching times for simulation number  180  :
                                  10  3.0969639E-02   11  3.1226101E-02   12  2.8621369E-02

 216.581           13.6274661 49.1981347 2114.94794 16.2919017 .3220115E7 3136.81961 13.3572413 .2394198E8  .468182E7 112646.914
                   -193508.84 -172358.82 47030.3491 -193508.69  -172358.8 -189663.53 148.539486 -228603.68 -42584.416 -204523.37
                    -195825.9 198717.668 -223213.09 -229621.18 -235819.53 189798.796 -228658.63 198301.628 -233412.22 -236402.92
                   116.736738 221.806525 -1454.2861 1.32510061 709.405285  17.897785 .023286535 10832.0651 1103.02491 .166205098
                   .179985745 145.100623 1485.39486
Times of maxima :      .03257      .0318     .03669     .03392     .03217     .03518     .03265     .03223     .03536     .01667
                       .03217     .03518     .03392     .03217     .03518     .03507     .03652     .03212     .03265     .03223
                       .03536     .03518     .03205     .03733     .03724     .03507     .03212     .03507     .03226     .03737
                       .03257      .0318     .03669        0.3        0.3        0.3        0.3        0.3        0.3        0.3
                          0.3        0.3     .03652
             Random switching times for simulation number  181  :
                                  10  2.6748897E-02   11  2.6782018E-02   12  2.6842914E-02

  148.69           54.6887236 4.29994311 1728.28823  20.697251 1056.46209 .6528002E7 19.5616931  200516.11 .2704105E8 -128900.94
                   -148747.92 196692.624 53008.8822 -148747.91 196692.417 237510.076 135.770247 -161229.55 51534.1994 -181029.47
                   205858.078 -234929.29 -176883.64 230345.375 251584.412  -237530.6 -161247.87 -246049.57 -182330.82 251378.324
                    -233.8562 -65.573951 -1314.6438  1.3335334  18.407336 1834.39773 .032367763 56.4716767    11562.7   .1767698
                   .152623979  143.04507 1357.70247
Times of maxima :      .02737     .03449     .03629     .03338     .03174     .02772     .02812     .03198     .02786     .02677
                       .03174     .02772     .03338     .03174     .02772     .02768     .03652     .03163     .02812     .03198
                       .02786     .02764     .03176      .0277     .02767     .02768     .03163      .0278     .03162     .02777
                       .02737     .03449     .03629        0.3        0.3        0.3        0.3        0.3        0.3        0.3
                          0.3        0.3     .03652
             Random switching times for simulation number  182  :
                                  10  2.6495489E-02   11  2.7036582E-02   12  2.6675633E-02

 151.587           47.1569088  4.6331143 1659.93378 23.7656712  1364.5959 .6992631E7 21.6161856 2730.52552 .2645193E8  -133354.2
                   -152655.78 196909.548 -56802.487 -152655.77 196909.311 235994.396 134.107383 156823.817 54172.8697 168180.687
                   205605.616 -237536.63 -175377.11 214319.759 213040.537 -236011.91 156751.511 -246335.68 -178171.57 222107.592
                   -217.15642 68.0669839 -1288.3842 1.33651577 18.4277698 1828.07775 .027069049 42.1118919  12078.329 .177101181
                   .150503348 142.896099 1341.07383
Times of maxima :      .02717       .028     .03655     .02697     .03068      .0275     .02794     .03955     .02764     .02652
                       .03068      .0275     .02697     .03068      .0275     .02749     .03635     .03943     .02794     .03955
                       .02764     .02749     .03071     .02828     .02842     .02749     .03944     .02762     .03141       .028
                       .02717       .028     .03655        0.3        0.3        0.3        0.3        0.3        0.3        0.3
                          0.3        0.3     .03635
             Random switching times for simulation number  183  :
                                  10  2.4054723E-02   11  2.4821878E-02   12  2.4585056E-02

 114.767           11.2961845 33.7217802 1133.14524 31.2880305 3162.33152 2339.56671 3.69614976 .2734294E7 .2481661E7 -117368.04
                   -172615.64 163990.805 -65175.058 -172615.65 163990.815 -176759.43 107.984041 -189940.65 -22400.984 -192109.43
                   191374.016 -196100.63 -192328.07 233435.787 246542.989 176864.676 -189906.95 -189384.34  -197032.4 255166.449
                    106.28351  183.63491  -1064.493  1.3505066 20.9995807 19.4896272 .005676694 1264.19483 412.798755 .180719054
                   .214305046 143.170854 1079.84041
Times of maxima :      .03357     .02646     .03621     .02487     .03145     .02581      .0266      .0315     .02564     .02459
                       .03145     .02581     .02487     .03145     .02581     .03629     .03654     .03144      .0266      .0315
                       .02564     .02582      .0313     .02898     .02908     .03629     .03144     .02555     .03156     .02911
                       .03357     .02646     .03621        0.3        0.3        0.3        0.3        0.3        0.3        0.3
                          0.3        0.3     .03654
             Random switching times for simulation number  184  :
                                  10  3.6609593E-02   11  3.5491306E-02   12  3.5454014E-02

 339.448           45.5052045 18.4766581 1816.79388 18.7682635 351879.713 131108.888 9.44468332 .4442787E7 .1203281E8 112646.914
                   184583.378 -179353.54 -50478.258 184583.291 -179353.63 -209040.29  -136.1496 200542.116  -35808.49 195713.156
                   -199232.62 184546.917 199831.032 -290586.61 -317302.43 209067.097 200543.345 224443.182 212763.396 -339155.62
                   213.319489 135.928872 1347.88497 1.28753964  74.632052 25.7443313  .01968296 1881.42652 3405.93994 .206994669
                   .197748968 138.992973  -1361.496
Times of maxima :      .03718     .04219     .04508     .04108     .03932     .03774     .03798     .03954     .03763     .01667
                       .03932     .03774     .04108     .03932     .03774     .03758     .04494     .03935     .03798     .03954
                       .03763     .05202     .03947     .03741     .03761     .03758     .03935     .03763     .03937     .03756
                       .03718     .04219     .04508        0.3        0.3        0.3        0.3        0.3        0.3        0.3
                          0.3        0.3     .04494
             Random switching times for simulation number  185  :
                                  10  3.1297304E-02   11  3.0881940E-02   12  3.0262167E-02

 249.368           5.27156111 51.5108954 1998.59919 19.8069965 .5971892E7 1606.98318 12.0695415 .2594196E8 128838.281 112646.914
                   -196432.34 -155608.99 51856.3118  -196432.2 -155609.03 -164209.62 145.333526 -232292.92 -40479.739  -205386.6
                   -179298.28 176002.291 -224016.77 -224003.96  -223978.2 164340.486 -232331.76 165853.932 -237665.25  -227092.9
                   72.6055171 226.960119 -1413.7182 1.32431181  1226.7443 17.0305781 .022182762 12776.3933 40.3981696 .148635961
                   .176647905  144.42159 1453.33526
Times of maxima :      .03245     .03147     .03644     .03361      .0319     .03536     .03222      .0319     .03503     .01667
                        .0319     .03536     .03361      .0319     .03536      .0353     .03623     .03177     .03222      .0319
                       .03503     .03519     .03168      .0373     .03718      .0353     .03177     .03541      .0319     .03707
                       .03245     .03147     .03644        0.3        0.3        0.3        0.3        0.3        0.3        0.3
                          0.3        0.3     .03623
             Random switching times for simulation number  186  :
                                  10  3.5203319E-02   11  3.2445921E-02   12  3.3245597E-02

 291.428           53.9985924 15.6417317 1196.07275 22.0195435 1008.64648 .1082847E8 9.78706817 2825.87721 .2764233E8 139425.779
                   148124.638 -198682.53 54675.9664 148124.661 -198682.29 -230383.42 -112.81203 -158568.68  -36451.77 -169176.55
                   -206115.15 232205.812 173972.736  -225072.1 -230600.23 230466.327 -158521.57 231925.128 -162717.02 -247267.45
                   232.375972 -125.06691 1093.65111 1.30686936 17.7753341 2228.97632 .024706535 41.5635285 12935.9109 .178286969
                   .164321052 138.415918 -1128.1203
Times of maxima :      .03581      .0343     .04482     .03357     .03935     .03614     .03657     .04819     .03629     .03247
                       .03935     .03614     .03357     .03935     .03614     .03608     .04496     .04806     .03657     .04819
                       .03629     .03603     .03935     .03696     .03685     .03608     .04806     .03621     .04797     .03668
                       .03581      .0343     .04482        0.3        0.3        0.3        0.3        0.3        0.3        0.3
                          0.3        0.3     .04496
             Random switching times for simulation number  187  :
                                  10  3.0372263E-02   11  3.1737825E-02   12  3.3090760E-02

  262.35           9.32270183 21.2898373  1179.2546 18.3294846 1568.80171 1521.98654 1.30249118 .2833395E7 3220.31304 133386.958
                   -155150.33 -154584.78 49884.7085 -155150.38 -154584.74 171547.618 -109.18074 -183765.48 13297.7973 -192396.44
                   173197.082  -184378.8 -172595.96  -227980.3 -237573.44 -171636.55 -183763.06 -174509.37 -195090.57  -239474.3
                   -96.554139 145.910374  1085.9349 1.30514696 18.4447272 17.6793419 .001513834 566.782857 34.6280417  .16709885
                   .182817241 138.700763 -1091.8074
Times of maxima :      .04056     .03233      .0451     .03342      .0329     .03549     .03406     .03288     .04332     .03176
                        .0329     .03549     .03342      .0329     .03549     .04335     .04505     .03278     .03406     .03288
                       .04332      .0433     .03292     .03805     .03799     .04335     .03278     .04329     .03283     .03786
                       .04056     .03233      .0451        0.3        0.3        0.3        0.3        0.3        0.3        0.3
                          0.3        0.3     .04505
             Random switching times for simulation number  188  :
                                  10  3.2478484E-02   11  3.1318963E-02   12  3.1368222E-02

 265.298           12.5645056 48.7095343 1590.25078 21.7049961 .2768224E7 2537.61584 17.4751978 .2695219E8 .1516767E7 123882.343
                   -192207.88 -166135.35 54284.0409 -192207.79 -166135.38 -177391.93 131.506846 -236147.63 -48708.344 -205820.04
                    -188513.7 184587.944 -234986.62 -241992.93 -248488.29 177512.512  -236177.4 182170.311 -244467.96 -250525.36
                   112.091505 220.702366 -1261.0515 1.32124042 707.032542 17.6608878 .032695492 11758.8599 214.610897 .162595135
                   .190783715 142.155803 1315.06846
Times of maxima :      .03307     .03193     .03648     .03274     .03237     .03581     .03267     .03236     .03553     .03134
                       .03237     .03581     .03274     .03237     .03581     .03575     .03666     .03224     .03267     .03236
                       .03553     .03373     .03216     .03774     .03783     .03575     .03224     .03588     .03233     .03773
                       .03307     .03193     .03648        0.3        0.3        0.3        0.3        0.3        0.3        0.3
                          0.3        0.3     .03666
             Random switching times for simulation number  189  :
                                  10  2.3827914E-02   11  2.3509238E-02   12  2.5029612E-02

 99.5327           9.67044571 20.1951821 1235.55511 29.3446117 1254.14559 2143.07347 4.26574645 2660.67368 45961.8799   -134104.
                   -151275.78 161815.319 -63118.475 -151275.79 161815.262 -171004.41 112.470257 161200.083  -24065.22 -167444.89
                   177254.757 -184729.26 -175917.96 245015.168 257858.379  171092.82 161198.176  182159.84 176767.413 275274.609
                   98.3384244 142.109754 -1111.5553 1.34670885 18.8251584 18.2324369 .006699093 44.6285479  41.111152  .17671219
                   .199022846 142.723078 1124.70257
Times of maxima :      .03219     .02504     .03668     .02534     .03187     .02741     .02598     .03005     .02762     .02353
                       .03187     .02741     .02534     .03187     .02741     .03489     .03652     .02465     .02598     .03005
                       .02762     .02584     .03183     .02988     .02975     .03489     .02465     .03503     .02459     .02967
                       .03219     .02504     .03668        0.3        0.3        0.3        0.3        0.3        0.3        0.3
                          0.3        0.3     .03652
             Random switching times for simulation number  190  :
                                  10  2.2697240E-02   11  2.4663026E-02   12  2.3586755E-02

 78.3814           22.7175791 39.2502746 1334.87186 25.1531899 118047.309  1987.9955 3.79211699 .3803799E7 .2324227E7 112646.914
                    -179034.8 160062.474 -58437.126  -179034.8 160062.422 185951.449 -117.10332 -195407.14  22689.931 -195164.74
                   190912.964 -205102.07 -199112.01 279691.804 309675.061  -186051.2 -195338.85 -189478.36 -204480.59 326702.457
                   -150.72352 198.116821 1155.36655 1.36054858 29.0379623  19.256022 .004114878 1804.23205 563.942744 .224479557
                   .246906019 145.252291 -1171.0332
Times of maxima :      .02421     .02618     .02776     .02387     .03098     .02675     .02539     .03086     .02675     .01667
                       .03098     .02675     .02387     .03098     .02675     .02682      .0283      .0309     .02539     .03086
                       .02675     .02687     .03099     .02895     .02883     .02682      .0309     .02699     .03084     .02884
                       .02421     .02618     .02776        0.3        0.3        0.3        0.3        0.3        0.3        0.3
                          0.3        0.3      .0283
             Random switching times for simulation number  191  :
                                  10  2.6357998E-02   11  2.7723066E-02   12  2.9103045E-02

 170.084           23.6902701 18.6146269 2104.00255 14.6173646 218835.525 216642.088 3.80159743 .9497969E7 .6144619E7 -135333.11
                   -181466.79  181414.56 44547.8606 -181466.77 181414.521 199555.036 146.803222 -204864.56 -22718.276 -198070.83
                   196513.094 -195203.33 -208336.27   222960.1 232667.474 -199554.69 -204894.49 -210052.25 -209563.87 235443.572
                   -153.91644 136.435431  -1450.518 1.32702482  49.112681 42.3721546  .01175854 3473.63151 2587.72313 .178082758
                   .179322018 145.290929 1468.03222
Times of maxima :      .02701     .02841     .03572     .03164     .03126     .02756     .03167     .03129     .02753     .02638
                       .03126     .02756     .03164     .03126     .02756     .02753     .03628     .03116     .03167     .03129
                       .02753     .02759      .0311     .02899     .02908     .02753     .03116     .02745     .03132     .02923
                       .02701     .02841     .03572        0.3        0.3        0.3        0.3        0.3        0.3        0.3
                          0.3        0.3     .03628
             Random switching times for simulation number  192  :
                                  10  2.6590117E-02   11  2.6789760E-02   12  2.5339803E-02

 130.996           53.8182669 2.77637335 1290.80186  26.497642 726.432256 .7996651E7 10.2153265 2316.98941 .2599422E8 112646.914
                   144344.203 197376.584 -59978.545 144344.184 197376.403 233706.998 116.776046 152951.353 37240.7517 163743.325
                   205409.063 -217992.59 -174238.14 221173.725 225495.709 -233774.34  152891.55 -233821.23 -168028.19 236337.997
                   -231.98764 -52.691302 -1136.1346 1.34247553 18.1474316 1984.17649 .018398187 41.7182361 12653.1628 .175960208
                   .148770075 142.479428 1167.76046
Times of maxima :      .02719     .03481     .03658     .02565     .03929     .02761     .02793     .03959     .02765     .01667
                       .03929     .02761     .02565     .03929     .02761     .02751     .03634     .03946     .02793     .03959
                       .02765     .02757      .0313     .02779     .02765     .02751     .03946     .02757     .03148     .02762
                       .02719     .03481     .03658        0.3        0.3        0.3        0.3        0.3        0.3        0.3
                          0.3        0.3     .03634
             Random switching times for simulation number  193  :
                                  10  2.6763002E-02   11  2.4760782E-02   12  2.5087685E-02

 111.264            50.449487 30.0470208 1267.09205 37.2205914 301786.391 .3712483E7 18.2660953 .5859786E7 .2384036E8 -137036.74
                   -183421.82 194907.488 -71085.979 -183421.83 194907.411 225790.101 115.030369 -196767.51 49798.3751 -196379.66
                   204479.323 -214687.05 -201235.66 256743.129 269020.299 -225863.24 -196752.02 -244846.42 -215391.82 274289.471
                   -224.60963 173.340765 -1125.6518  1.3473702 49.7512976 656.099358 .022655343 2259.26787 11358.6039 .187541364
                   .214104566 142.612386 1150.30369
Times of maxima :      .02736     .02652     .03633     .02538     .02952     .02786     .02815     .02935     .02779     .02479
                       .02952     .02786     .02538     .02952     .02786      .0277      .0366     .03164     .02815     .02935
                       .02779     .02787     .03151     .02752      .0276      .0277     .03164     .02779     .03165     .02935
                       .02736     .02652     .03633        0.3        0.3        0.3        0.3        0.3        0.3        0.3
                          0.3        0.3      .0366
             Random switching times for simulation number  194  :
                                  10  2.8215482E-02   11  2.6447699E-02   12  2.6905197E-02

 149.183           45.6171594 18.8654186 1754.38184  18.238342 146851.784 638806.865  7.5439813  .459017E7 .1178295E8 112646.914
                    -179736.5  185835.43 49760.5292 -179736.42 185835.423 210234.661 134.199668 -198368.96 -32003.142 -195782.69
                   199118.692 -182978.51  -199788.1 285994.669 328177.734 -210268.04 -198372.97 -215339.25 -219503.42 346495.863
                   -213.58174 -137.35144 -1324.5308 1.32963556 39.3728671 81.2311892 .018721236 1606.86996 3707.31498 .214788842
                   .204512362 143.060282 1341.99668
Times of maxima :      .02878     .03382     .03673     .03272     .03099     .02926     .03064     .03124     .02925     .01667
                       .03099     .02926     .03272     .03099     .02926     .02917     .03658     .03109     .03064     .03124
                       .02925     .04362     .03095     .02935     .02921     .02917     .03109      .0293       .031     .02915
                       .02878     .03382     .03673        0.3        0.3        0.3        0.3        0.3        0.3        0.3
                          0.3        0.3     .03658
             Random switching times for simulation number  195  :
                                  10  3.1122778E-02   11  3.0456750E-02   12  3.1555191E-02

 230.491           7.95627454 26.5856585 1483.84813 15.1020836 581625.105 1024.02404 3.27660561 .9795166E7 2132.81993 112646.914
                   -185658.39 148325.614 45280.4513 -185658.33 148325.618 160945.309 124.444739 -205588.21 -21091.351 -198207.73
                   161700.366 172759.306 -213212.69 -232826.64 -242092.57 -161033.34 -205585.23 -162988.84 -214216.36 -249624.25
                   89.1979514 163.051092  -1218.133 1.31820608 81.2506845 17.0861394 .006992601 4362.58081 33.2311132 .157299961
                   .184788464 141.674112 1244.44739
Times of maxima :      .03236      .0311     .03661     .03275     .03162     .04425     .03328     .03162       .044     .01667
                       .03162     .04425     .03275     .03162     .04425     .04415     .03667     .03151     .03328     .03162
                         .044     .03485     .03166     .03693     .03704     .04415     .03151     .04421     .03155     .03714
                       .03236      .0311     .03661        0.3        0.3        0.3        0.3        0.3        0.3        0.3
                          0.3        0.3     .03667
             Random switching times for simulation number  196  :
                                  10  3.0179540E-02   11  2.9911432E-02   12  2.7982916E-02

 201.711           22.2794778  53.151231 2025.68163 23.3848784 .8294678E7 2175.04599 12.3143596 .2152812E8 93416.3883 112646.914
                   -197514.83 -162172.64 56345.5822 -197514.63 -162172.64 -179462.77 145.553324 -225802.53 -40888.222 -203472.19
                   -178430.52 187516.381 -213904.22  251089.29 276333.989 179574.848 -225813.47 197504.972  -239865.9 278102.416
                   149.263116 230.545507 -1423.2644 1.32734557 1725.49075 17.6526567 .019571351 10750.7982 41.2430675 .183656093
                    .20284098 144.454943 1455.53324
Times of maxima :      .03161     .03051     .03628     .03216     .03091     .03439     .03127     .03105     .03455     .01667
                       .03091     .03439     .03216     .03091     .03439     .03436     .03653     .03086     .03127     .03105
                       .03455     .03433     .03105     .03088     .03099     .03436     .03086     .03448     .03098      .0309
                       .03161     .03051     .03628        0.3        0.3        0.3        0.3        0.3        0.3        0.3
                          0.3        0.3     .03653
             Random switching times for simulation number  197  :
                                  10  2.2715074E-02   11  2.2046956E-02   12  2.0093128E-02

 30.2668           4.66317555 47.0947096 2047.27242 19.3939757  .656674E7  652.90819 10.7620522 .2575746E8 2864.45036 112646.914
                   196710.703 143328.652 -51312.803 196710.518 143328.606 152478.616 -147.31659 230107.859 38224.3281 205307.252
                   169576.671 -172463.39 216492.727 217142.239 223144.405 -152614.98 230135.974   -161104. 236890.698 230421.631
                   -68.287448 -217.01316 1430.82928 1.36567914 1430.52917  17.330696  .01884605 12796.5425 33.0638121 .151100042
                   .182534848 149.281824 -1473.1659
Times of maxima :      .02413     .02264     .02813     .02478     .02305     .02658     .02342     .02306      .0269     .01667
                       .02305     .02658     .02478     .02305     .02658     .02674     .02803     .02296     .02342     .02306
                        .0269     .02665     .02306     .02899     .02887     .02674     .02296     .02661      .0231     .02875
                       .02413     .02264     .02813        0.3        0.3        0.3        0.3        0.3        0.3        0.3
                          0.3        0.3     .02803
             Random switching times for simulation number  198  :
                                  10  3.4308848E-02   11  3.3678351E-02   12  3.3482887E-02

 298.328           49.9407021 25.7608409 1271.24173 28.9325862 2430.61346 .7701793E7 12.5644633 576009.823 .2326411E8 112646.914
                   164982.553  -197239.7 62673.7874 164982.531 -197239.45 -222174.48  -114.4666 178962.257 -41301.353 185640.924
                   -204229.21  223268.62 192118.623 -254944.98 -276974.32 222232.781 178943.458 219771.902 183502.111 -292486.52
                   223.474164 -160.50184 1127.49356 1.30435632 18.7808861 1241.81883 .022502273 112.234507 11454.2346 .199703481
                   .193229415 138.225116  -1144.666
Times of maxima :      .03491     .03505     .04478      .0338     .03981     .03522     .03575     .04009     .03537     .01667
                       .03981     .03522      .0338     .03981     .03522     .03517     .04479      .0399     .03575     .04009
                       .03537      .0352     .03996     .03764     .03778     .03517      .0399     .03534     .03771     .03768
                       .03491     .03505     .04478        0.3        0.3        0.3        0.3        0.3        0.3        0.3
                          0.3        0.3     .04479
             Random switching times for simulation number  199  :
                                  10  2.1795762E-02   11  2.1570909E-02   12  2.2836921E-02

 39.2763           40.5124313 42.4713403 1751.65611 18.1089161 .2114991E7 2457.82436 7.23192732 .1512726E8 962813.677 112646.914
                   190297.024 165276.965 -49583.655  190296.86 165276.983 186151.473 -134.56978 217994.527 -31334.253 200633.284
                   186832.626 -194435.13 197775.972  -267073.7 -311141.26 -186250.19 217990.433 -202173.55 225957.706 -313570.28
                     -201.277 -206.08576 1323.50146  1.3617751 547.729624  18.837055 .014201203 5237.16846 204.434942 .224838022
                   .245400123 147.035721 -1345.6978
Times of maxima :      .02331     .02221     .02825     .02378     .02257     .02604     .02338     .02272     .02582     .01667
                       .02257     .02604     .02378     .02257     .02604       .026     .02822     .02259     .02338     .02272
                       .02582      .0261     .02274      .0226     .02264       .026     .02259     .02609     .02267      .0227
                       .02331     .02221     .02825        0.3        0.3        0.3        0.3        0.3        0.3        0.3
                          0.3        0.3     .02822
             Random switching times for simulation number  200  :
                                  10  2.0171565E-02   11  1.9619725E-02   12  1.9820027E-02

 1.64989           40.4252242 19.4104078  1986.0034 17.5403657 .1853934E7 2541.30107 4.79751727 .1311581E8 .6371553E7 112646.914
                   189522.857 -166174.72  -48799.08  189522.72 -166174.85 -193508.07 -142.24763 213499.889  -25521.17 199724.994
                   -196619.28 178584.198 214404.979 -300439.91 -335982.86 193517.472 213523.615 213319.044 219594.517 -365065.92
                    201.06025 -139.32124 1409.25633 1.36514344 304.226692 19.1748378 .013556096 5259.98284   1315.181  .21982276
                   .219573449 148.891138 -1422.4763
Times of maxima :      .02075     .02258     .02856     .02468     .02287     .02133     .02154     .02305      .0212     .01667
                       .02287     .02133     .02468     .02287     .02133     .02119     .02854      .0229     .02154     .02305
                        .0212     .03562      .0228     .02097     .02119     .02119      .0229     .02122     .02295     .02111
                       .02075     .02258     .02856        0.3        0.3        0.3        0.3        0.3        0.3        0.3
                          0.3        0.3     .02854

 MAIN20 dumps OVER12 dice seed  SEEDSV =   3.8193722240000000E+09

Comment card.   Card index = 302.                 |C TENSOES FASE-TERRA
Comment card.   Card index = 303.                 |C                         MODTAB   AINCR  XMAXMX
Comment card.   Card index = 304.                 |C                          25-32   33-40   41-48
MODTAB, AINCR, XMAXMX =      3    0.050   10.000  |STATISTICS DATA                3
Statistical output of  node  voltage   0.1127E+06 |0      112677.T_MANAT_MANBT_MANC

1 ) -------------------------------------------------------------------------------------------------------------------------------
Statistical distribution of peak voltage at node  "T_MANA".   The base voltage for per unit printout is  V-base = 1.12677000E+05
  Interval             voltage         voltage  in     Frequency    Cumulative               Per cent
    number         in per unit      physical units     (density)     frequency     .GE. current value
         7            .3500000      3.94369500E+04             0             0          100.000000
         8            .4000000      4.50708000E+04            12            12           94.000000
         9            .4500000      5.07046500E+04            63            75           62.500000
        10            .5000000      5.63385000E+04            65           140           30.000000
        11            .5500000      6.19723500E+04            38           178           11.000000
        12            .6000000      6.76062000E+04            17           195            2.500000
        13            .6500000      7.32400500E+04             4           199             .500000
        14            .7000000      7.88739000E+04             1           200             .000000
Summary of preceding table follows:       Grouped data     Ungrouped data
                                 Mean = 4.75250000E-01     4.75086663E-01
                             Variance = 3.37933417E-03     3.09265593E-03
                   Standard deviation = 5.81320408E-02     5.56116528E-02

2 ) -------------------------------------------------------------------------------------------------------------------------------
Statistical distribution of peak voltage at node  "T_MANB".   The base voltage for per unit printout is  V-base = 1.12677000E+05
  Interval             voltage         voltage  in     Frequency    Cumulative               Per cent
    number         in per unit      physical units     (density)     frequency     .GE. current value
        25           1.2500000      1.40846250E+05             0             0          100.000000
        26           1.3000000      1.46480100E+05             4             4           98.000000
        27           1.3500000      1.52113950E+05            15            19           90.500000
        28           1.4000000      1.57747800E+05            16            35           82.500000
        29           1.4500000      1.63381650E+05            13            48           76.000000
        30           1.5000000      1.69015500E+05            19            67           66.500000
        31           1.5500000      1.74649350E+05            17            84           58.000000
        32           1.6000000      1.80283200E+05            23           107           46.500000
        33           1.6500000      1.85917050E+05            22           129           35.500000
        34           1.7000000      1.91550900E+05            27           156           22.000000
        35           1.7500000      1.97184750E+05            35           191            4.500000
        36           1.8000000      2.02818600E+05             9           200             .000000
Summary of preceding table follows:       Grouped data     Ungrouped data
                                 Mean = 1.56500000E+00     1.56404300E+00
                             Variance = 1.96733668E-02     1.95111015E-02
                   Standard deviation = 1.40261780E-01     1.39682145E-01

3 ) -------------------------------------------------------------------------------------------------------------------------------
Statistical distribution of peak voltage at node  "T_MANC".   The base voltage for per unit printout is  V-base = 1.12677000E+05
  Interval             voltage         voltage  in     Frequency    Cumulative               Per cent
    number         in per unit      physical units     (density)     frequency     .GE. current value
        24           1.2000000      1.35212400E+05             0             0          100.000000
        25           1.2500000      1.40846250E+05             2             2           99.000000
        26           1.3000000      1.46480100E+05             2             4           98.000000
        27           1.3500000      1.52113950E+05            15            19           90.500000
        28           1.4000000      1.57747800E+05            17            36           82.000000
        29           1.4500000      1.63381650E+05            22            58           71.000000
        30           1.5000000      1.69015500E+05            22            80           60.000000
        31           1.5500000      1.74649350E+05            23           103           48.500000
        32           1.6000000      1.80283200E+05            16           119           40.500000
        33           1.6500000      1.85917050E+05            21           140           30.000000
        34           1.7000000      1.91550900E+05            20           160           20.000000
        35           1.7500000      1.97184750E+05            32           192            4.000000
        36           1.8000000      2.02818600E+05             8           200             .000000
Summary of preceding table follows:       Grouped data     Ungrouped data
                                 Mean = 1.54675000E+00     1.54725518E+00
                             Variance = 1.98386307E-02     1.98002239E-02
                   Standard deviation = 1.40849674E-01     1.40713269E-01

4 ) -------------------------------------------------------------------------------------------------------------------------------
  SUMMARY   SUMMARY   SUMMARY   SUMMARY   SUMMARY   SUMMARY   SUMMARY   SUMMARY   SUMMARY   SUMMARY   SUMMARY   SUMMARY   SUMMARY
4 ) -------------------------------------------------------------------------------------------------------------------------------
The following is a distribution of peak overvoltages among all output nodes of the last data card that have the same base voltage.
This distribution is for the maximum of the peaks at all output nodes with  V-base = 1.12677000E+05
  Interval             voltage         voltage  in     Frequency    Cumulative               Per cent
    number         in per unit      physical units     (density)     frequency     .GE. current value
        26           1.3000000      1.46480100E+05             0             0          100.000000
        27           1.3500000      1.52113950E+05             1             1           99.500000
        28           1.4000000      1.57747800E+05             3             4           98.000000
        29           1.4500000      1.63381650E+05             6            10           95.000000
        30           1.5000000      1.69015500E+05             7            17           91.500000
        31           1.5500000      1.74649350E+05            11            28           86.000000
        32           1.6000000      1.80283200E+05            18            46           77.000000
        33           1.6500000      1.85917050E+05            29            75           62.500000
        34           1.7000000      1.91550900E+05            41           116           42.000000
        35           1.7500000      1.97184750E+05            67           183            8.500000
        36           1.8000000      2.02818600E+05            17           200             .000000
Summary of preceding table follows:       Grouped data     Ungrouped data
                                 Mean = 1.65500000E+00     1.65466082E+00
                             Variance = 9.07035176E-03     9.19628631E-03
                   Standard deviation = 9.52383944E-02     9.58972696E-02

Statistical output of  node  voltage   0.1127E+06 |0      112677.1_2LTC1_2LTA1_2LTB

5 ) -------------------------------------------------------------------------------------------------------------------------------
Statistical distribution of peak voltage at node  "1_2LTC".   The base voltage for per unit printout is  V-base = 1.12677000E+05
  Interval             voltage         voltage  in     Frequency    Cumulative               Per cent
    number         in per unit      physical units     (density)     frequency     .GE. current value
        27           1.3500000      1.52113950E+05             0             0          100.000000
        28           1.4000000      1.57747800E+05             5             5           97.500000
        29           1.4500000      1.63381650E+05             7            12           94.000000
        30           1.5000000      1.69015500E+05            11            23           88.500000
        31           1.5500000      1.74649350E+05            14            37           81.500000
        32           1.6000000      1.80283200E+05            14            51           74.500000
        33           1.6500000      1.85917050E+05            18            69           65.500000
        34           1.7000000      1.91550900E+05            20            89           55.500000
        35           1.7500000      1.97184750E+05            13           102           49.000000
        36           1.8000000      2.02818600E+05            21           123           38.500000
        37           1.8500000      2.08452450E+05            13           136           32.000000
        38           1.9000000      2.14086300E+05            11           147           26.500000
        39           1.9500000      2.19720150E+05            15           162           19.000000
        40           2.0000000      2.25354000E+05            11           173           13.500000
        41           2.0500000      2.30987850E+05            12           185            7.500000
        42           2.1000000      2.36621700E+05            13           198            1.000000
        43           2.1500000      2.42255550E+05             2           200             .000000
Summary of preceding table follows:       Grouped data     Ungrouped data
                                 Mean = 1.74700000E+00     1.74740477E+00
                             Variance = 3.84331658E-02     3.81038820E-02
                   Standard deviation = 1.96043785E-01     1.95202157E-01

6 ) -------------------------------------------------------------------------------------------------------------------------------
Statistical distribution of peak voltage at node  "1_2LTA".   The base voltage for per unit printout is  V-base = 1.12677000E+05
  Interval             voltage         voltage  in     Frequency    Cumulative               Per cent
    number         in per unit      physical units     (density)     frequency     .GE. current value
         1            .0500000      5.63385000E+03           200           200             .000000
Summary of preceding table follows:       Grouped data     Ungrouped data
                                 Mean = 2.50000000E-02     1.17158649E-03
                             Variance = 7.14113302E-19     1.37819664E-08
                   Standard deviation = 8.45052248E-10     1.17396620E-04

7 ) -------------------------------------------------------------------------------------------------------------------------------
Statistical distribution of peak voltage at node  "1_2LTB".   The base voltage for per unit printout is  V-base = 1.12677000E+05
  Interval             voltage         voltage  in     Frequency    Cumulative               Per cent
    number         in per unit      physical units     (density)     frequency     .GE. current value
        26           1.3000000      1.46480100E+05             0             0          100.000000
        27           1.3500000      1.52113950E+05             1             1           99.500000
        28           1.4000000      1.57747800E+05             6             7           96.500000
        29           1.4500000      1.63381650E+05             9            16           92.000000
        30           1.5000000      1.69015500E+05            11            27           86.500000
        31           1.5500000      1.74649350E+05            21            48           76.000000
        32           1.6000000      1.80283200E+05             8            56           72.000000
        33           1.6500000      1.85917050E+05            11            67           66.500000
        34           1.7000000      1.91550900E+05            10            77           61.500000
        35           1.7500000      1.97184750E+05            17            94           53.000000
        36           1.8000000      2.02818600E+05            15           109           45.500000
        37           1.8500000      2.08452450E+05            21           130           35.000000
        38           1.9000000      2.14086300E+05            17           147           26.500000
        39           1.9500000      2.19720150E+05            12           159           20.500000
        40           2.0000000      2.25354000E+05            10           169           15.500000
        41           2.0500000      2.30987850E+05            13           182            9.000000
        42           2.1000000      2.36621700E+05            11           193            3.500000
        43           2.1500000      2.42255550E+05             5           198            1.000000
        44           2.2000000      2.47889400E+05             2           200             .000000
Summary of preceding table follows:       Grouped data     Ungrouped data
                                 Mean = 1.75500000E+00     1.75507552E+00
                             Variance = 4.43467337E-02     4.45516392E-02
                   Standard deviation = 2.10586642E-01     2.11072592E-01

8 ) -------------------------------------------------------------------------------------------------------------------------------
  SUMMARY   SUMMARY   SUMMARY   SUMMARY   SUMMARY   SUMMARY   SUMMARY   SUMMARY   SUMMARY   SUMMARY   SUMMARY   SUMMARY   SUMMARY
8 ) -------------------------------------------------------------------------------------------------------------------------------
The following is a distribution of peak overvoltages among all output nodes of the last data card that have the same base voltage.
This distribution is for the maximum of the peaks at all output nodes with  V-base = 1.12677000E+05
  Interval             voltage         voltage  in     Frequency    Cumulative               Per cent
    number         in per unit      physical units     (density)     frequency     .GE. current value
        28           1.4000000      1.57747800E+05             0             0          100.000000
        29           1.4500000      1.63381650E+05             1             1           99.500000
        30           1.5000000      1.69015500E+05             0             1           99.500000
        31           1.5500000      1.74649350E+05             3             4           98.000000
        32           1.6000000      1.80283200E+05             2             6           97.000000
        33           1.6500000      1.85917050E+05             6            12           94.000000
        34           1.7000000      1.91550900E+05             7            19           90.500000
        35           1.7500000      1.97184750E+05            11            30           85.000000
        36           1.8000000      2.02818600E+05            15            45           77.500000
        37           1.8500000      2.08452450E+05            24            69           65.500000
        38           1.9000000      2.14086300E+05            25            94           53.000000
        39           1.9500000      2.19720150E+05            27           121           39.500000
        40           2.0000000      2.25354000E+05            21           142           29.000000
        41           2.0500000      2.30987850E+05            25           167           16.500000
        42           2.1000000      2.36621700E+05            24           191            4.500000
        43           2.1500000      2.42255550E+05             7           198            1.000000
        44           2.2000000      2.47889400E+05             2           200             .000000
Summary of preceding table follows:       Grouped data     Ungrouped data
                                 Mean = 1.90000000E+00     1.90060868E+00
                             Variance = 2.08793970E-02     2.05648634E-02
                   Standard deviation = 1.44497048E-01     1.43404545E-01

Statistical output of  node  voltage   0.1127E+06 |0      112677.T_OPOAT_OPOBT_OPOC

9 ) -------------------------------------------------------------------------------------------------------------------------------
Statistical distribution of peak voltage at node  "T_OPOA".   The base voltage for per unit printout is  V-base = 1.12677000E+05
  Interval             voltage         voltage  in     Frequency    Cumulative               Per cent
    number         in per unit      physical units     (density)     frequency     .GE. current value
         1            .0500000      5.63385000E+03             0             0          100.000000
         2            .1000000      1.12677000E+04             2             2           99.000000
         3            .1500000      1.69015500E+04            13            15           92.500000
         4            .2000000      2.25354000E+04            31            46           77.000000
         5            .2500000      2.81692500E+04            27            73           63.500000
         6            .3000000      3.38031000E+04            34           107           46.500000
         7            .3500000      3.94369500E+04            33           140           30.000000
         8            .4000000      4.50708000E+04            23           163           18.500000
         9            .4500000      5.07046500E+04            24           187            6.500000
        10            .5000000      5.63385000E+04            13           200             .000000
Summary of preceding table follows:       Grouped data     Ungrouped data
                                 Mean = 2.91750000E-01     2.91057923E-01
                             Variance = 1.03838568E-02     1.02871938E-02
                   Standard deviation = 1.01901211E-01     1.01425805E-01

10 ) -------------------------------------------------------------------------------------------------------------------------------
Statistical distribution of peak voltage at node  "T_OPOB".   The base voltage for per unit printout is  V-base = 1.12677000E+05
  Interval             voltage         voltage  in     Frequency    Cumulative               Per cent
    number         in per unit      physical units     (density)     frequency     .GE. current value
        28           1.4000000      1.57747800E+05             0             0          100.000000
        29           1.4500000      1.63381650E+05             3             3           98.500000
        30           1.5000000      1.69015500E+05             9            12           94.000000
        31           1.5500000      1.74649350E+05            12            24           88.000000
        32           1.6000000      1.80283200E+05             9            33           83.500000
        33           1.6500000      1.85917050E+05            16            49           75.500000
        34           1.7000000      1.91550900E+05            16            65           67.500000
        35           1.7500000      1.97184750E+05            35           100           50.000000
        36           1.8000000      2.02818600E+05            65           165           17.500000
        37           1.8500000      2.08452450E+05            33           198            1.000000
        38           1.9000000      2.14086300E+05             2           200             .000000
Summary of preceding table follows:       Grouped data     Ungrouped data
                                 Mean = 1.71275000E+00     1.71229367E+00
                             Variance = 1.11682789E-02     1.08130487E-02
                   Standard deviation = 1.05680078E-01     1.03985810E-01

11 ) -------------------------------------------------------------------------------------------------------------------------------
Statistical distribution of peak voltage at node  "T_OPOC".   The base voltage for per unit printout is  V-base = 1.12677000E+05
  Interval             voltage         voltage  in     Frequency    Cumulative               Per cent
    number         in per unit      physical units     (density)     frequency     .GE. current value
        27           1.3500000      1.52113950E+05             0             0          100.000000
        28           1.4000000      1.57747800E+05             1             1           99.500000
        29           1.4500000      1.63381650E+05             2             3           98.500000
        30           1.5000000      1.69015500E+05             3             6           97.000000
        31           1.5500000      1.74649350E+05            12            18           91.000000
        32           1.6000000      1.80283200E+05            12            30           85.000000
        33           1.6500000      1.85917050E+05            16            46           77.000000
        34           1.7000000      1.91550900E+05            27            73           63.500000
        35           1.7500000      1.97184750E+05            33           106           47.000000
        36           1.8000000      2.02818600E+05            63           169           15.500000
        37           1.8500000      2.08452450E+05            31           200             .000000
Summary of preceding table follows:       Grouped data     Ungrouped data
                                 Mean = 1.71200000E+00     1.71242082E+00
                             Variance = 9.55376884E-03     9.24478081E-03
                   Standard deviation = 9.77433826E-02     9.61497832E-02

12 ) -------------------------------------------------------------------------------------------------------------------------------
  SUMMARY   SUMMARY   SUMMARY   SUMMARY   SUMMARY   SUMMARY   SUMMARY   SUMMARY   SUMMARY   SUMMARY   SUMMARY   SUMMARY   SUMMARY
12 ) -------------------------------------------------------------------------------------------------------------------------------
The following is a distribution of peak overvoltages among all output nodes of the last data card that have the same base voltage.
This distribution is for the maximum of the peaks at all output nodes with  V-base = 1.12677000E+05
  Interval             voltage         voltage  in     Frequency    Cumulative               Per cent
    number         in per unit      physical units     (density)     frequency     .GE. current value
        30           1.5000000      1.69015500E+05             0             0          100.000000
        31           1.5500000      1.74649350E+05             2             2           99.000000
        32           1.6000000      1.80283200E+05             2             4           98.000000
        33           1.6500000      1.85917050E+05             2             6           97.000000
        34           1.7000000      1.91550900E+05             8            14           93.000000
        35           1.7500000      1.97184750E+05            19            33           83.500000
        36           1.8000000      2.02818600E+05           101           134           33.000000
        37           1.8500000      2.08452450E+05            64           198            1.000000
        38           1.9000000      2.14086300E+05             2           200             .000000
Summary of preceding table follows:       Grouped data     Ungrouped data
                                 Mean = 1.77725000E+00     1.77622450E+00
                             Variance = 2.79641960E-03     2.60238960E-03
                   Standard deviation = 5.28811838E-02     5.10136217E-02

Comment card.   Card index = 309.                 |C
MODTAB, AINCR, XMAXMX =      3    0.050   10.000  |STATISTICS DATA                3
Statistical output of branch voltage   0.1952E+06 |-1     195161.T_MANAT_MANBT_MANBT_MANCT_MANCT_MANA

13 ) -------------------------------------------------------------------------------------------------------------------------------
Statistical distribution of peak voltage  for branch  "T_MANA"  to  "T_MANB".   Base voltage  for per unit output = 1.95161000E+05
  Interval             voltage         voltage  in     Frequency    Cumulative               Per cent
    number         in per unit      physical units     (density)     frequency     .GE. current value
        16            .8000000      1.56128800E+05             0             0          100.000000
        17            .8500000      1.65886850E+05             1             1           99.500000
        18            .9000000      1.75644900E+05            16            17           91.500000
        19            .9500000      1.85402950E+05            33            50           75.000000
        20           1.0000000      1.95161000E+05            25            75           62.500000
        21           1.0500000      2.04919050E+05            35           110           45.000000
        22           1.1000000      2.14677100E+05            37           147           26.500000
        23           1.1500000      2.24435150E+05            30           177           11.500000
        24           1.2000000      2.34193200E+05            15           192            4.000000
        25           1.2500000      2.43951250E+05             8           200             .000000
Summary of preceding table follows:       Grouped data     Ungrouped data
                                 Mean = 1.03275000E+00     1.03256407E+00
                             Variance = 9.19842965E-03     8.92566423E-03
                   Standard deviation = 9.59084441E-02     9.44757335E-02

14 ) -------------------------------------------------------------------------------------------------------------------------------
Statistical distribution of peak voltage  for branch  "T_MANB"  to  "T_MANC".   Base voltage  for per unit output = 1.95161000E+05
  Interval             voltage         voltage  in     Frequency    Cumulative               Per cent
    number         in per unit      physical units     (density)     frequency     .GE. current value
        21           1.0500000      2.04919050E+05             0             0          100.000000
        22           1.1000000      2.14677100E+05             9             9           95.500000
        23           1.1500000      2.24435150E+05            36            45           77.500000
        24           1.2000000      2.34193200E+05            33            78           61.000000
        25           1.2500000      2.43951250E+05            25           103           48.500000
        26           1.3000000      2.53709300E+05            20           123           38.500000
        27           1.3500000      2.63467350E+05            17           140           30.000000
        28           1.4000000      2.73225400E+05             9           149           25.500000
        29           1.4500000      2.82983450E+05            16           165           17.500000
        30           1.5000000      2.92741500E+05            14           179           10.500000
        31           1.5500000      3.02499550E+05             9           188            6.000000
        32           1.6000000      3.12257600E+05             7           195            2.500000
        33           1.6500000      3.22015650E+05             5           200             .000000
Summary of preceding table follows:       Grouped data     Ungrouped data
                                 Mean = 1.28150000E+00     1.28125501E+00
                             Variance = 2.21685930E-02     2.18699852E-02
                   Standard deviation = 1.48891212E-01     1.47885040E-01

15 ) -------------------------------------------------------------------------------------------------------------------------------
Statistical distribution of peak voltage  for branch  "T_MANC"  to  "T_MANA".   Base voltage  for per unit output = 1.95161000E+05
  Interval             voltage         voltage  in     Frequency    Cumulative               Per cent
    number         in per unit      physical units     (density)     frequency     .GE. current value
        17            .8500000      1.65886850E+05             0             0          100.000000
        18            .9000000      1.75644900E+05             7             7           96.500000
        19            .9500000      1.85402950E+05            34            41           79.500000
        20           1.0000000      1.95161000E+05            39            80           60.000000
        21           1.0500000      2.04919050E+05            49           129           35.500000
        22           1.1000000      2.14677100E+05            28           157           21.500000
        23           1.1500000      2.24435150E+05            21           178           11.000000
        24           1.2000000      2.34193200E+05            15           193            3.500000
        25           1.2500000      2.43951250E+05             7           200             .000000
Summary of preceding table follows:       Grouped data     Ungrouped data
                                 Mean = 1.02875000E+00     1.03003280E+00
                             Variance = 7.48586683E-03     7.49871784E-03
                   Standard deviation = 8.65209040E-02     8.65951375E-02

16 ) -------------------------------------------------------------------------------------------------------------------------------
  SUMMARY   SUMMARY   SUMMARY   SUMMARY   SUMMARY   SUMMARY   SUMMARY   SUMMARY   SUMMARY   SUMMARY   SUMMARY   SUMMARY   SUMMARY
16 ) -------------------------------------------------------------------------------------------------------------------------------
A distribution of peak values among all output branches of the last data card that have the same base value follows.  This
statistical distribution is for the maximum of the peaks at all of these output branches having base  voltage  = 1.95161000E+05
  Interval             voltage         voltage  in     Frequency    Cumulative               Per cent
    number         in per unit      physical units     (density)     frequency     .GE. current value
        21           1.0500000      2.04919050E+05             0             0          100.000000
        22           1.1000000      2.14677100E+05             5             5           97.500000
        23           1.1500000      2.24435150E+05            30            35           82.500000
        24           1.2000000      2.34193200E+05            37            72           64.000000
        25           1.2500000      2.43951250E+05            31           103           48.500000
        26           1.3000000      2.53709300E+05            20           123           38.500000
        27           1.3500000      2.63467350E+05            17           140           30.000000
        28           1.4000000      2.73225400E+05             9           149           25.500000
        29           1.4500000      2.82983450E+05            16           165           17.500000
        30           1.5000000      2.92741500E+05            14           179           10.500000
        31           1.5500000      3.02499550E+05             9           188            6.000000
        32           1.6000000      3.12257600E+05             7           195            2.500000
        33           1.6500000      3.22015650E+05             5           200             .000000
Summary of preceding table follows:       Grouped data     Ungrouped data
                                 Mean = 1.28650000E+00     1.28657405E+00
                             Variance = 2.08721106E-02     2.05138331E-02
                   Standard deviation = 1.44471833E-01     1.43226510E-01

Statistical output of branch voltage   0.1952E+06 |-1     195161.1_2LTC1_2LTA1_2LTA1_2LTB1_2LTB1_2LTC

17 ) -------------------------------------------------------------------------------------------------------------------------------
Statistical distribution of peak voltage  for branch  "1_2LTC"  to  "1_2LTA".   Base voltage  for per unit output = 1.95161000E+05
  Interval             voltage         voltage  in     Frequency    Cumulative               Per cent
    number         in per unit      physical units     (density)     frequency     .GE. current value
        15            .7500000      1.46370750E+05             0             0          100.000000
        16            .8000000      1.56128800E+05             4             4           98.000000
        17            .8500000      1.65886850E+05            13            17           91.500000
        18            .9000000      1.75644900E+05            20            37           81.500000
        19            .9500000      1.85402950E+05            26            63           68.500000
        20           1.0000000      1.95161000E+05            36            99           50.500000
        21           1.0500000      2.04919050E+05            31           130           35.000000
        22           1.1000000      2.14677100E+05            20           150           25.000000
        23           1.1500000      2.24435150E+05            22           172           14.000000
        24           1.2000000      2.34193200E+05            22           194            3.000000
        25           1.2500000      2.43951250E+05             6           200             .000000
Summary of preceding table follows:       Grouped data     Ungrouped data
                                 Mean = 1.00850000E+00     1.00921807E+00
                             Variance = 1.26660804E-02     1.26751894E-02
                   Standard deviation = 1.12543682E-01     1.12584144E-01

18 ) -------------------------------------------------------------------------------------------------------------------------------
Statistical distribution of peak voltage  for branch  "1_2LTA"  to  "1_2LTB".   Base voltage  for per unit output = 1.95161000E+05
  Interval             voltage         voltage  in     Frequency    Cumulative               Per cent
    number         in per unit      physical units     (density)     frequency     .GE. current value
        15            .7500000      1.46370750E+05             0             0          100.000000
        16            .8000000      1.56128800E+05             4             4           98.000000
        17            .8500000      1.65886850E+05            17            21           89.500000
        18            .9000000      1.75644900E+05            29            50           75.000000
        19            .9500000      1.85402950E+05            16            66           67.000000
        20           1.0000000      1.95161000E+05            21            87           56.500000
        21           1.0500000      2.04919050E+05            29           116           42.000000
        22           1.1000000      2.14677100E+05            31           147           26.500000
        23           1.1500000      2.24435150E+05            19           166           17.000000
        24           1.2000000      2.34193200E+05            23           189            5.500000
        25           1.2500000      2.43951250E+05            11           200             .000000
Summary of preceding table follows:       Grouped data     Ungrouped data
                                 Mean = 1.01350000E+00     1.01328057E+00
                             Variance = 1.50429648E-02     1.48833689E-02
                   Standard deviation = 1.22649765E-01     1.21997414E-01

19 ) -------------------------------------------------------------------------------------------------------------------------------
Statistical distribution of peak voltage  for branch  "1_2LTB"  to  "1_2LTC".   Base voltage  for per unit output = 1.95161000E+05
  Interval             voltage         voltage  in     Frequency    Cumulative               Per cent
    number         in per unit      physical units     (density)     frequency     .GE. current value
        21           1.0500000      2.04919050E+05             0             0          100.000000
        22           1.1000000      2.14677100E+05             5             5           97.500000
        23           1.1500000      2.24435150E+05            18            23           88.500000
        24           1.2000000      2.34193200E+05            31            54           73.000000
        25           1.2500000      2.43951250E+05            27            81           59.500000
        26           1.3000000      2.53709300E+05            13            94           53.000000
        27           1.3500000      2.63467350E+05            14           108           46.000000
        28           1.4000000      2.73225400E+05            17           125           37.500000
        29           1.4500000      2.82983450E+05            10           135           32.500000
        30           1.5000000      2.92741500E+05             8           143           28.500000
        31           1.5500000      3.02499550E+05            10           153           23.500000
        32           1.6000000      3.12257600E+05            15           168           16.000000
        33           1.6500000      3.22015650E+05             4           172           14.000000
        34           1.7000000      3.31773700E+05            10           182            9.000000
        35           1.7500000      3.41531750E+05             7           189            5.500000
        36           1.8000000      3.51289800E+05             3           192            4.000000
        37           1.8500000      3.61047850E+05             2           194            3.000000
        38           1.9000000      3.70805900E+05             5           199             .500000
        39           1.9500000      3.80563950E+05             1           200             .000000
Summary of preceding table follows:       Grouped data     Ungrouped data
                                 Mean = 1.37075000E+00     1.37114084E+00
                             Variance = 4.50195352E-02     4.45896360E-02
                   Standard deviation = 2.12178074E-01     2.11162582E-01

20 ) -------------------------------------------------------------------------------------------------------------------------------
  SUMMARY   SUMMARY   SUMMARY   SUMMARY   SUMMARY   SUMMARY   SUMMARY   SUMMARY   SUMMARY   SUMMARY   SUMMARY   SUMMARY   SUMMARY
20 ) -------------------------------------------------------------------------------------------------------------------------------
A distribution of peak values among all output branches of the last data card that have the same base value follows.  This
statistical distribution is for the maximum of the peaks at all of these output branches having base  voltage  = 1.95161000E+05
  Interval             voltage         voltage  in     Frequency    Cumulative               Per cent
    number         in per unit      physical units     (density)     frequency     .GE. current value
        21           1.0500000      2.04919050E+05             0             0          100.000000
        22           1.1000000      2.14677100E+05             2             2           99.000000
        23           1.1500000      2.24435150E+05            11            13           93.500000
        24           1.2000000      2.34193200E+05            36            49           75.500000
        25           1.2500000      2.43951250E+05            32            81           59.500000
        26           1.3000000      2.53709300E+05            13            94           53.000000
        27           1.3500000      2.63467350E+05            14           108           46.000000
        28           1.4000000      2.73225400E+05            17           125           37.500000
        29           1.4500000      2.82983450E+05            10           135           32.500000
        30           1.5000000      2.92741500E+05             8           143           28.500000
        31           1.5500000      3.02499550E+05            10           153           23.500000
        32           1.6000000      3.12257600E+05            15           168           16.000000
        33           1.6500000      3.22015650E+05             4           172           14.000000
        34           1.7000000      3.31773700E+05            10           182            9.000000
        35           1.7500000      3.41531750E+05             7           189            5.500000
        36           1.8000000      3.51289800E+05             3           192            4.000000
        37           1.8500000      3.61047850E+05             2           194            3.000000
        38           1.9000000      3.70805900E+05             5           199             .500000
        39           1.9500000      3.80563950E+05             1           200             .000000
Summary of preceding table follows:       Grouped data     Ungrouped data
                                 Mean = 1.37525000E+00     1.37544591E+00
                             Variance = 4.30527010E-02     4.27092072E-02
                   Standard deviation = 2.07491448E-01     2.06662060E-01

Statistical output of branch voltage   0.1952E+06 |-1     195161.T_OPOAT_OPOBT_OPOBT_OPOCT_OPOCT_OPOA

21 ) -------------------------------------------------------------------------------------------------------------------------------
Statistical distribution of peak voltage  for branch  "T_OPOA"  to  "T_OPOB".   Base voltage  for per unit output = 1.95161000E+05
  Interval             voltage         voltage  in     Frequency    Cumulative               Per cent
    number         in per unit      physical units     (density)     frequency     .GE. current value
        16            .8000000      1.56128800E+05             0             0          100.000000
        17            .8500000      1.65886850E+05             7             7           96.500000
        18            .9000000      1.75644900E+05            22            29           85.500000
        19            .9500000      1.85402950E+05            20            49           75.500000
        20           1.0000000      1.95161000E+05            14            63           68.500000
        21           1.0500000      2.04919050E+05            27            90           55.000000
        22           1.1000000      2.14677100E+05            28           118           41.000000
        23           1.1500000      2.24435150E+05            36           154           23.000000
        24           1.2000000      2.34193200E+05            22           176           12.000000
        25           1.2500000      2.43951250E+05            20           196            2.000000
        26           1.3000000      2.53709300E+05             4           200             .000000
Summary of preceding table follows:       Grouped data     Ungrouped data
                                 Mean = 1.05450000E+00     1.05359655E+00
                             Variance = 1.41253769E-02     1.35195593E-02
                   Standard deviation = 1.18850229E-01     1.16273640E-01

22 ) -------------------------------------------------------------------------------------------------------------------------------
Statistical distribution of peak voltage  for branch  "T_OPOB"  to  "T_OPOC".   Base voltage  for per unit output = 1.95161000E+05
  Interval             voltage         voltage  in     Frequency    Cumulative               Per cent
    number         in per unit      physical units     (density)     frequency     .GE. current value
        21           1.0500000      2.04919050E+05             0             0          100.000000
        22           1.1000000      2.14677100E+05             2             2           99.000000
        23           1.1500000      2.24435150E+05             9            11           94.500000
        24           1.2000000      2.34193200E+05            21            32           84.000000
        25           1.2500000      2.43951250E+05            30            62           69.000000
        26           1.3000000      2.53709300E+05            20            82           59.000000
        27           1.3500000      2.63467350E+05            14            96           52.000000
        28           1.4000000      2.73225400E+05            15           111           44.500000
        29           1.4500000      2.82983450E+05            13           124           38.000000
        30           1.5000000      2.92741500E+05             8           132           34.000000
        31           1.5500000      3.02499550E+05             9           141           29.500000
        32           1.6000000      3.12257600E+05             8           149           25.500000
        33           1.6500000      3.22015650E+05            14           163           18.500000
        34           1.7000000      3.31773700E+05             3           166           17.000000
        35           1.7500000      3.41531750E+05             7           173           13.500000
        36           1.8000000      3.51289800E+05            10           183            8.500000
        37           1.8500000      3.61047850E+05             5           188            6.000000
        38           1.9000000      3.70805900E+05             4           192            4.000000
        39           1.9500000      3.80563950E+05             3           195            2.500000
        40           2.0000000      3.90322000E+05             5           200             .000000
Summary of preceding table follows:       Grouped data     Ungrouped data
                                 Mean = 1.42450000E+00     1.42481892E+00
                             Variance = 5.50751256E-02     5.46086624E-02
                   Standard deviation = 2.34680902E-01     2.33684964E-01

23 ) -------------------------------------------------------------------------------------------------------------------------------
Statistical distribution of peak voltage  for branch  "T_OPOC"  to  "T_OPOA".   Base voltage  for per unit output = 1.95161000E+05
  Interval             voltage         voltage  in     Frequency    Cumulative               Per cent
    number         in per unit      physical units     (density)     frequency     .GE. current value
        16            .8000000      1.56128800E+05             0             0          100.000000
        17            .8500000      1.65886850E+05             9             9           95.500000
        18            .9000000      1.75644900E+05            13            22           89.000000
        19            .9500000      1.85402950E+05            19            41           79.500000
        20           1.0000000      1.95161000E+05            26            67           66.500000
        21           1.0500000      2.04919050E+05            30            97           51.500000
        22           1.1000000      2.14677100E+05            26           123           38.500000
        23           1.1500000      2.24435150E+05            34           157           21.500000
        24           1.2000000      2.34193200E+05            21           178           11.000000
        25           1.2500000      2.43951250E+05            15           193            3.500000
        26           1.3000000      2.53709300E+05             7           200             .000000
Summary of preceding table follows:       Grouped data     Ungrouped data
                                 Mean = 1.05325000E+00     1.05578927E+00
                             Variance = 1.33813442E-02     1.27702095E-02
                   Standard deviation = 1.15677760E-01     1.13005352E-01

24 ) -------------------------------------------------------------------------------------------------------------------------------
  SUMMARY   SUMMARY   SUMMARY   SUMMARY   SUMMARY   SUMMARY   SUMMARY   SUMMARY   SUMMARY   SUMMARY   SUMMARY   SUMMARY   SUMMARY
24 ) -------------------------------------------------------------------------------------------------------------------------------
A distribution of peak values among all output branches of the last data card that have the same base value follows.  This
statistical distribution is for the maximum of the peaks at all of these output branches having base  voltage  = 1.95161000E+05
  Interval             voltage         voltage  in     Frequency    Cumulative               Per cent
    number         in per unit      physical units     (density)     frequency     .GE. current value
        22           1.1000000      2.14677100E+05             0             0          100.000000
        23           1.1500000      2.24435150E+05             7             7           96.500000
        24           1.2000000      2.34193200E+05            18            25           87.500000
        25           1.2500000      2.43951250E+05            33            58           71.000000
        26           1.3000000      2.53709300E+05            24            82           59.000000
        27           1.3500000      2.63467350E+05            14            96           52.000000
        28           1.4000000      2.73225400E+05            15           111           44.500000
        29           1.4500000      2.82983450E+05            13           124           38.000000
        30           1.5000000      2.92741500E+05             8           132           34.000000
        31           1.5500000      3.02499550E+05             9           141           29.500000
        32           1.6000000      3.12257600E+05             8           149           25.500000
        33           1.6500000      3.22015650E+05            14           163           18.500000
        34           1.7000000      3.31773700E+05             3           166           17.000000
        35           1.7500000      3.41531750E+05             7           173           13.500000
        36           1.8000000      3.51289800E+05            10           183            8.500000
        37           1.8500000      3.61047850E+05             5           188            6.000000
        38           1.9000000      3.70805900E+05             4           192            4.000000
        39           1.9500000      3.80563950E+05             3           195            2.500000
        40           2.0000000      3.90322000E+05             5           200             .000000
Summary of preceding table follows:       Grouped data     Ungrouped data
                                 Mean = 1.42875000E+00     1.42841891E+00
                             Variance = 5.30386307E-02     5.29167829E-02
                   Standard deviation = 2.30301174E-01     2.30036482E-01

Initialize variables as  "FIND"  begins.          |FIND
Send (request, ALL, SPY, RESET, EXCLUDE, DISK, HELP, QUIT) :
Statistical output of  node  voltage   0.1127E+06 |0      112677.T_MANAT_MANBT_MANC
      Peak extremum of subset has value 1.99865918E+05     This occurred during
      simulation 25  for the variable having names  "T_MANC"  and  "      ".
      This was variable 3  of 3  in the subset;  200  shots were searched.
Send (request, ALL, SPY, RESET, EXCLUDE, DISK, HELP, QUIT) :
Create deterministic data file for shot JP = 25   |DISK
Send (request, ALL, SPY, RESET, EXCLUDE, DISK, HELP, QUIT) :
Initialize variables as  "FIND"  begins.          |RESET
Send (request, ALL, SPY, RESET, EXCLUDE, DISK, HELP, QUIT) :
Exit  FIND  by resuming statistical tabulations.  |QUIT
Comment card.   Card index = 319.                 |C
Initialize variables as  "FIND"  begins.          |FIND
Send (request, ALL, SPY, RESET, EXCLUDE, DISK, HELP, QUIT) :
Statistical output of  node  voltage   0.1127E+06 |0      112677.1_2LTC1_2LTA1_2LTB
      Peak extremum of subset has value 2.42991921E+05     This occurred during
      simulation 138  for the variable having names  "1_2LTB"  and  "      ".
      This was variable 3  of 3  in the subset;  200  shots were searched.
Send (request, ALL, SPY, RESET, EXCLUDE, DISK, HELP, QUIT) :
Create deterministic data file for shot JP = 138  |DISK
Send (request, ALL, SPY, RESET, EXCLUDE, DISK, HELP, QUIT) :
Initialize variables as  "FIND"  begins.          |RESET
Send (request, ALL, SPY, RESET, EXCLUDE, DISK, HELP, QUIT) :
Exit  FIND  by resuming statistical tabulations.  |QUIT
Comment card.   Card index = 325.                 |C
Initialize variables as  "FIND"  begins.          |FIND
Send (request, ALL, SPY, RESET, EXCLUDE, DISK, HELP, QUIT) :
Statistical output of  node  voltage   0.1127E+06 |0      112677.T_OPOAT_OPOBT_OPOC
      Peak extremum of subset has value 2.09394496E+05     This occurred during
      simulation 113  for the variable having names  "T_OPOB"  and  "      ".
      This was variable 2  of 3  in the subset;  200  shots were searched.
Send (request, ALL, SPY, RESET, EXCLUDE, DISK, HELP, QUIT) :
Create deterministic data file for shot JP = 113  |DISK
Send (request, ALL, SPY, RESET, EXCLUDE, DISK, HELP, QUIT) :
Initialize variables as  "FIND"  begins.          |RESET
Send (request, ALL, SPY, RESET, EXCLUDE, DISK, HELP, QUIT) :
Exit  FIND  by resuming statistical tabulations.  |QUIT
Comment card.   Card index = 331.                 |C
Initialize variables as  "FIND"  begins.          |FIND
Send (request, ALL, SPY, RESET, EXCLUDE, DISK, HELP, QUIT) :
Statistical output of branch voltage   0.1952E+06 |-1     195161.T_MANAT_MANBT_MANBT_MANCT_MANCT_MANA
      Peak extremum of subset has value 3.16355825E+05     This occurred during
      simulation 145  for the variable having names  "T_MANB"  and  "T_MANC".
      This was variable 2  of 3  in the subset;  200  shots were searched.
Send (request, ALL, SPY, RESET, EXCLUDE, DISK, HELP, QUIT) :
Create deterministic data file for shot JP = 145  |DISK
Send (request, ALL, SPY, RESET, EXCLUDE, DISK, HELP, QUIT) :
Initialize variables as  "FIND"  begins.          |RESET
Send (request, ALL, SPY, RESET, EXCLUDE, DISK, HELP, QUIT) :
Exit  FIND  by resuming statistical tabulations.  |QUIT
Initialize variables as  "FIND"  begins.          |FIND
Send (request, ALL, SPY, RESET, EXCLUDE, DISK, HELP, QUIT) :
Statistical output of branch voltage   0.1952E+06 |-1     195161.1_2LTC1_2LTA1_2LTA1_2LTB1_2LTB1_2LTC
      Peak extremum of subset has value 3.70999065E+05     This occurred during
      simulation 53  for the variable having names  "1_2LTB"  and  "1_2LTC".
      This was variable 3  of 3  in the subset;  200  shots were searched.
Send (request, ALL, SPY, RESET, EXCLUDE, DISK, HELP, QUIT) :
Create deterministic data file for shot JP = 53   |DISK
Send (request, ALL, SPY, RESET, EXCLUDE, DISK, HELP, QUIT) :
Initialize variables as  "FIND"  begins.          |RESET
Send (request, ALL, SPY, RESET, EXCLUDE, DISK, HELP, QUIT) :
Exit  FIND  by resuming statistical tabulations.  |QUIT
Comment card.   Card index = 342.                 |C
Initialize variables as  "FIND"  begins.          |FIND
Send (request, ALL, SPY, RESET, EXCLUDE, DISK, HELP, QUIT) :
Statistical output of branch voltage   0.1952E+06 |-1     195161.T_OPOAT_OPOBT_OPOBT_OPOCT_OPOCT_OPOA
      Peak extremum of subset has value 3.89729166E+05     This occurred during
      simulation 145  for the variable having names  "T_OPOB"  and  "T_OPOC".
      This was variable 2  of 3  in the subset;  200  shots were searched.
Send (request, ALL, SPY, RESET, EXCLUDE, DISK, HELP, QUIT) :
Create deterministic data file for shot JP = 145  |DISK
Send (request, ALL, SPY, RESET, EXCLUDE, DISK, HELP, QUIT) :
Initialize variables as  "FIND"  begins.          |RESET
Send (request, ALL, SPY, RESET, EXCLUDE, DISK, HELP, QUIT) :
Exit  FIND  by resuming statistical tabulations.  |QUIT
Comment card.   Card index = 348.                 |C
Initialize variables as  "FIND"  begins.          |FIND
Send (request, ALL, SPY, RESET, EXCLUDE, DISK, HELP, QUIT) :
Statistical output of branch energy    0.1000E+04 |-4        1.E3PRMANA      PRMANB      PRMANC
      Peak extremum of subset has value 3.06671828E+03     This occurred during
      simulation 122  for the variable having names  "PRMANB"  and  "      ".
      This was variable 2  of 3  in the subset;  200  shots were searched.
Send (request, ALL, SPY, RESET, EXCLUDE, DISK, HELP, QUIT) :
Create deterministic data file for shot JP = 122  |DISK
Send (request, ALL, SPY, RESET, EXCLUDE, DISK, HELP, QUIT) :
Initialize variables as  "FIND"  begins.          |RESET
Send (request, ALL, SPY, RESET, EXCLUDE, DISK, HELP, QUIT) :
Exit  FIND  by resuming statistical tabulations.  |QUIT
Comment card.   Card index = 354.                 |C
Initialize variables as  "FIND"  begins.          |FIND
Send (request, ALL, SPY, RESET, EXCLUDE, DISK, HELP, QUIT) :
Statistical output of branch energy    0.1000E+04 |-4        1.E3PROPOA      PROPOB      PROPOC
      Peak extremum of subset has value 1.69345196E+04     This occurred during
      simulation 176  for the variable having names  "PROPOB"  and  "      ".
      This was variable 2  of 3  in the subset;  200  shots were searched.
Send (request, ALL, SPY, RESET, EXCLUDE, DISK, HELP, QUIT) :
Create deterministic data file for shot JP = 176  |DISK
Send (request, ALL, SPY, RESET, EXCLUDE, DISK, HELP, QUIT) :
Initialize variables as  "FIND"  begins.          |RESET
Send (request, ALL, SPY, RESET, EXCLUDE, DISK, HELP, QUIT) :
Exit  FIND  by resuming statistical tabulations.  |QUIT
Comment card.   Card index = 360.                 |C
Blank card ends statistical tabulation requests.  |BLANK STATISTICS

                                      Sample curve symbols : "A", "B", and "C"
                                      Theoretical curve symbol : "*"
                                      Common curve symbol : "X"

        Switch  "XX0012"  to  "XX0013"            Switch  "XX0014"  to  "XX0015"            Switch  "XX0016"  to  "XX0017"
8.82800000E-01   switchings per column          8.82800000E-01   switchings per column     8.82800000E-01   switchings per column
              Columns                                     Columns                                     Columns
          5   10   15   20   25   30                5   10   15   20   25   30                5   10   15   20   25   30
     +----+----+----+----+----+----+           +----+----+----+----+----+----+           +----+----+----+----+----+----+
    X                                         X                                         X
    X                                         X                                         X
    X                                         X                                         X
    X                                         X                                         X
    A*                                        |X                                        |* C
    A *                                       B *                                       | X
    |  A*                                     |  B*                                     |C  *
    |       *A                                |    B  *                                 |     C *
    |           * A                           |           X                             |           X
    |                 *       A               |                 * B                     |                 X
    |                A      *                 |                      B*                 |                       *       C
    |                      A    *             |                           *  B          |                          C*
    |  2.0000E-02                 *    A      |  2.0000E-02                 *B          |  2.0000E-02                 *C
    |                          A*             |                          B*             |                  C        *
    |                       *    A            |                       *  B              |                       *  C
    |               A *                       |                 *B                      |                 *    C
    |          A*                             |           X                             |           X
    |       *A                                |      B*                                 |       X
    |  A*                                     |   *B                                    | C *
    | X                                       | X                                       | X
    |X                                        |X                                        C*
    X                                         X                                         X
    X                                         X                                         X
    X                                         X                                         X
    X                                         X                                         X
   Time (scale = 2.77666667E-04  Sec/line)   Time (scale = 2.77666667E-04  Sec/line)   Time  (scale = 2.77666667E-04  Sec/line)
 .... Questionable Kolmogorov-Smirnov test result = 7.03857822E-01
 .... Questionable Kolmogorov-Smirnov test result = 7.90770838E-01
 .... Questionable Kolmogorov-Smirnov test result = 6.15440189E-01

Memory storage figures for the preceding, now-completed data case.  -------------------------------  Present   Program
A value of  "-9999"  indicates that no figure is available.         03-Sep-26  15.35.11              figure     limit  (name)
     Size List 1.   Number of electric network nodes.                                                   91      100K  (LBUS)
     Size List 2.   Number of electric network branches.                                               118      120K  (LBRNCH)
     Size List 3.   Number of data values in R, L, C tables.                                           117      500K  (LDATA)
     Size List 4.   Number of electric network sources.                                                  9     20000  (LEXCT)
     Size List 5.   Storage for [Y] & triangularized [Y].  No. times = 222   Factors = 528             888     2000K  (LYMAT)
     Size List 6.   Number of entries in switch table.                  No. flops = 15                  15      5000  (LSWTCH)
     Size List 7.   Number of distinct ALPHANUMERIC data names plus program SPY variables.             148      200K  (LSIZE7)
     Size List 8.   History points of distributed lines.                                               112     2000K  (LPAST)
     Size List 9.   Number of nonlinear elements.                                                       12     10000  (LNONL)
     Size List 10.  Points of nonlinear characteristics.                                                32     16000  (LCHAR)
     Size List 11.  Number of Type-59 S.M. outputs.                                                      0      3000  (LSMOUT)
     Size List 12.  Total number of EMTP output variables.                                              43     12000  (LSIZ12)
     Size List 13.  Working space for batch/SPY plotting.                                            -9999     1000K  (LSIZ13)
     Size List 14.  S.M./U.M. connections to TACS.                                                   -9999      2000  (LBSTAC)
     Size List 15.  Character storage in bytes for MODELS.                                           -9999     2000K  (LCTACS)
     Size List 16.  Total number of Type-59 S.M. masses.                                                 0      3200  (LIMASS)
     Size List 17.  Number of Type-59 Synchronous machines.                                              0       360  (LSYN)
     Size List 18.  Branch and switch power/energy outputs.                                              9      1016  (MAXPE)
     Size List 19.  Total floating-point TACS table space.                                              23     2000K  (LTACST)
     Size List 20.  Non-copied recursive convolution data plus SEEK of MODELS.                           0     2000K  (LFSEM)
     Size List 21.  Total modal/phase [T] matrix storage.                                               36     12000  (LFD)
     Size List 22.  Total recursive convolution history.                                                 0     1000K  (LHIST)
     Size List 23.  Giant vectors for renumbering, phasors;  also extrema accumulation.              18260     2000K  (LSIZ23)
     Size List 24.  Peak phases of compensation for data.                                                3        36  (LCOMP)
     Size List 25.  Total table space for all U.M usage.                                             -9999      240K  (LSPCUM)
     Size List 26.  Square of max number of coupled phases.                                              9     2000K  (LSIZ26)
     Size List 27.  Maximum number of MODELS top variables.                                          -9999      100K  (LSIZ27)
     Size List 28.  MODELS.  Total work space is divided into INTEGER and REAL.  1st, REAL:          -9999     2000K  (LRTACS)
                             Second  and last,  statistics for INTEGER work space.                       0         0  (LITACS)
     Size List 29.  RAM disk used by "TAPSAV" table saving (limit is "LABCOM" size LTLABL).          -9999  84700944  (LSIZ29)
     Size List 30.  ULM line or Noda line or User line circuits.                                           0        39  (LSIZ30)
Timing figures characterizing central processor (CP) solution speed.  ----------------------------   CP sec  Wait sec  Real sec
     Data input time (through blank card ending branches) ....                                       0.000     0.000     0.000
     Node renumbering and phasor solution  ....                                                      0.020     0.000     0.020
     After phasor solution, but before time-step loop  ....                                          0.000     0.000     0.000
     Integration of equations (time-step loop)  ....                                                60.630     0.000    60.630
     Plotting or STATISTICS termination overlays ....                                                0.020     0.000     0.020
                                                                                                    ---------------------------
                                                                                          Totals     60.670     0.000    60.670

