   ---   411   cards of disk file read into card cache cells  1   onward.
 <===> Done with  "/"-card sorting by data class.    Remember that the source file appears different from interpreted input data.
Alternative Transients Program (ATP),  Intel Visual Fortran.    All rights reserved by Can/Am user group of Portland, Oregon, USA.
 Date (dd-mth-yy) and time of day (hh.mm.ss) = 03-Sep-26  15.32.52    Name of disk plot file is  case.pl4
Consult the 860-page ATP Rule Book of the Can/Am EMTP User Group in Portland,  Oregon, USA.  Source code date is 19 June 2017.
Total size of LABCOM tables = 80605677 INTEGER words.  31 VARDIM  List Sizes follow:  100K  120K  500K  20K  2000K  5K  200K
 2000K  10K  16K  3K  12K 1000K  2K 2000K  3200  360  1016 2000K 2000K  12K 1000K 2000K  36  240K 2000K  100K 2000K84700K  39  100K
--------------------------------------------------+--------------------------------------------------------------------------------
Descriptive interpretation of input data cards.   |  Input data card images are shown below, all 80 columns, character by character
                                                  0         1         2         3         4         5         6         7         8
                                                  012345678901234567890123456789012345678901234567890123456789012345678901234567890
--------------------------------------------------+--------------------------------------------------------------------------------
Comment card.   Card index = 1.                   |C data:case.atp
Marker card preceding new EMTP data case.         |BEGIN NEW DATA CASE
Comment card.   Card index = 3.                   |C ------------------------------------------------------------------------------
Comment card.   Card index = 4.                   |C Generated by ATPDraw September, 3, 2026
Comment card.   Card index = 5.                   |C from project /tmp/tmpmfm76ut3/case.xml
Comment card.   Card index = 6.                   |C ATPDraw developed by H. K. Høidalen at NTNU - NORWAY 1999-2022
Comment card.   Card index = 7.                   |C ------------------------------------------------------------------------------
Use  SPY  DEPOSIT  on following variable.         |$DEPOSIT, SIGMAX=3.0
Comment card.   Card index = 9.                   |C $DUMMY, XYZ000
Comment card.   Card index = 10.                  |C  dT  >< Tmax >< Xopt >< Copt ><Epsiln>
Misc. data.     1.000E-05   3.000E-01   6.000E+01 |   1.E-5      .3     60.     60.  1.E-16
Misc. data.  500  1  1  1  1  0  0  1  200  0     |     500       1       1       1       1       0       0       1     200
Statistics data.      1    0    0    0    1    0  |       1       0       0       0       1      -1                               0
Comment card.   Card index = 14.                  |C        1         2         3         4         5         6         7         8
Comment card.   Card index = 15.                  |C 345678901234567890123456789012345678901234567890123456789012345678901234567890
Comment card.   Card index = 16.                  |C < n1 >< n2 ><ref1><ref2>< R  >< L  >< C  >
Comment card.   Card index = 17.                  |C < n1 >< n2 ><ref1><ref2>< R  >< A  >< B  ><Leng><><>0
Comment card.   Card index = 18.                  |C bar from: 390 - bar to: 391 - fictional: 1505 1505 - SGOTA3-MG000
Sat. Xformer.    2.456E-02  2.878E+01  0.000E+00  |  TRANSFORMER             .0245628.784X0001A                                   0
    Breakpoint.      2.45605E-02    2.87840E+01   |     0.024560452        28.78395
    Breakpoint.      9.03510E-01    1.08293E+03   |     0.903510298      1082.93048
    Breakpoint.      1.66111E+00    1.13708E+03   |      1.66111143        1137.077
    Breakpoint.      3.75350E+00    1.19122E+03   |      3.75349629      1191.22352
    Breakpoint.      7.42970E+00    1.23454E+03   |      7.42970164      1234.54074
    Breakpoint.      1.75927E+01    1.28869E+03   |      17.5926808      1288.68727
    Breakpoint.      2.79951E+01    1.30601E+03   |      27.9951131      1306.01415
    Breakpoint.      8.30078E+02    1.55942E+03   |       830.07831      1559.41988
Special termination-of-points card.               |            9999
  Winding 1.   1.7190E+00  1.8237E-01  2.8868E+02 | 1390A                     1.719 68.75288.68
  Winding 2.   1.8700E-01 -1.9892E-02  1.9919E+02 | 2391A                      .187-7.499199.19
  Winding 3.   3.2000E-02  1.1247E-03  1.3800E+01 | 3395A  395B                .032  .424  13.8
Transformer copy using reference name  "X0001A"   |  TRANSFORMER X0001A                  X0001B                                   0
  Winding 1.   (No values read, since copy)       | 1390B
  Winding 2.   (No values read, since copy)       | 2391B
  Winding 3.   (No values read, since copy)       | 3395B  395C
Transformer copy using reference name  "X0001A"   |  TRANSFORMER X0001A                  X0001C                                   0
  Winding 1.   (No values read, since copy)       | 1390C
  Winding 2.   (No values read, since copy)       | 2391C
  Winding 3.   (No values read, since copy)       | 3395C  395A
Series R-L-C.   1.000E+06  0.000E+00  0.000E+00   |  395A                      1.E6                                               0
Series R-L-C.   1.000E+06  0.000E+00  0.000E+00   |  395B                      1.E6                                               0
Series R-L-C.   1.000E+06  0.000E+00  0.000E+00   |  395C                      1.E6                                               0
Comment card.   Card index = 43.                  |C bar from: 390 - bar to: 391 - fictional: 393 393 - SGOTA4-MG000
Sat. Xformer.    2.456E-02  2.878E+01  0.000E+00  |  TRANSFORMER             .0245628.784X0002A                                   0
    Breakpoint.      2.45605E-02    2.87840E+01   |     0.024560452        28.78395
    Breakpoint.      9.03510E-01    1.08293E+03   |     0.903510298      1082.93048
    Breakpoint.      1.66111E+00    1.13708E+03   |      1.66111143        1137.077
    Breakpoint.      3.75350E+00    1.19122E+03   |      3.75349629      1191.22352
    Breakpoint.      7.42970E+00    1.23454E+03   |      7.42970164      1234.54074
    Breakpoint.      1.75927E+01    1.28869E+03   |      17.5926808      1288.68727
    Breakpoint.      2.79951E+01    1.30601E+03   |      27.9951131      1306.01415
    Breakpoint.      8.30078E+02    1.55942E+03   |       830.07831      1559.41988
Special termination-of-points card.               |            9999
  Winding 1.   1.5120E+00  1.6048E-01  2.8868E+02 | 1390A                     1.512  60.5288.68
  Winding 2.   5.4000E-02 -5.6818E-03  1.9919E+02 | 2391A                      .054-2.142199.19
  Winding 3.   3.2000E-02  1.1194E-03  1.3800E+01 | 3397A  397B                .032  .422  13.8
Transformer copy using reference name  "X0002A"   |  TRANSFORMER X0002A                  X0002B                                   0
  Winding 1.   (No values read, since copy)       | 1390B
  Winding 2.   (No values read, since copy)       | 2391B
  Winding 3.   (No values read, since copy)       | 3397B  397C
Transformer copy using reference name  "X0002A"   |  TRANSFORMER X0002A                  X0002C                                   0
  Winding 1.   (No values read, since copy)       | 1390C
  Winding 2.   (No values read, since copy)       | 2391C
  Winding 3.   (No values read, since copy)       | 3397C  397A
Series R-L-C.   1.000E+06  0.000E+00  0.000E+00   |  397A                      1.E6                                               0
Series R-L-C.   1.000E+06  0.000E+00  0.000E+00   |  397B                      1.E6                                               0
Series R-L-C.   1.000E+06  0.000E+00  0.000E+00   |  397C                      1.E6                                               0
Comment card.   Card index = 68.                  |C bar from: 391 - bar to: 9098 - fictional: 42076 42076 - SGOTA6-MG000
Sat. Xformer.    6.149E-02  9.864E+00  0.000E+00  |  TRANSFORMER             .061499.8638X0003A                                   0
    Breakpoint.      6.14884E-02    9.86378E+00   |     0.061488436        9.863778
    Breakpoint.      9.82097E-01    7.47225E+02   |     0.982097019      747.225029
    Breakpoint.      1.80559E+00    7.84586E+02   |      1.80559379      784.586281
    Breakpoint.      4.07997E+00    8.21948E+02   |      4.07997288      821.947532
    Breakpoint.      8.07593E+00    8.51837E+02   |      8.07593211      851.836533
    Breakpoint.      1.91229E+01    8.89198E+02   |      19.1228804      889.197785
    Breakpoint.      3.04301E+01    9.01153E+02   |      30.4301093      901.153385
    Breakpoint.      9.02278E+02    1.07600E+03   |      902.277966      1076.00404
Special termination-of-points card.               |            9999
  Winding 1.   7.4000E-01  7.8564E-02  1.9919E+02 | 1391A                       .7429.618199.19
  Winding 2.   9.0000E-03 -9.0453E-04  7.9674E+01 | 29098A                     .009 -.34179.674
  Winding 3.   5.4000E-02  1.8966E-03  1.3800E+01 | 342077A42077B              .054  .715  13.8
Transformer copy using reference name  "X0003A"   |  TRANSFORMER X0003A                  X0003B                                   0
  Winding 1.   (No values read, since copy)       | 1391B
  Winding 2.   (No values read, since copy)       | 29098B
  Winding 3.   (No values read, since copy)       | 342077B42077C
Transformer copy using reference name  "X0003A"   |  TRANSFORMER X0003A                  X0003C                                   0
  Winding 1.   (No values read, since copy)       | 1391C
  Winding 2.   (No values read, since copy)       | 29098C
  Winding 3.   (No values read, since copy)       | 342077C42077A
Series R-L-C.   1.000E+06  0.000E+00  0.000E+00   |  42077A                    1.E6                                               0
Series R-L-C.   1.000E+06  0.000E+00  0.000E+00   |  42077B                    1.E6                                               0
Series R-L-C.   1.000E+06  0.000E+00  0.000E+00   |  42077C                    1.E6                                               0
Comment card.   Card index = 93.                  |C 42077 - SGOTA6-MG013
Comment card.   Card index = 94.                  |C bar from: 9098 - bar to: 9049 - circuit: 7 SGO-DF-MG138 SGOTA2-MG138 300.0
Sat. Xformer.    1.538E-01  8.392E+01  0.000E+00  |  TRANSFORMER             .1538183.924X0004A                                   0
    Breakpoint.      1.53808E-01    8.39241E+01   |      0.15380798       83.924129
    Breakpoint.      2.45543E+00    2.98868E+02   |      2.45542745      298.867504
    Breakpoint.      4.51432E+00    3.13811E+02   |      4.51432442      313.810879
    Breakpoint.      1.02007E+01    3.28754E+02   |      10.2007004      328.754254
    Breakpoint.      2.01914E+01    3.40709E+02   |      20.1913508      340.708954
    Breakpoint.      4.78108E+01    3.55652E+02   |      47.8108014       355.65233
    Breakpoint.      7.60810E+01    3.60434E+02   |      76.0810026       360.43421
    Breakpoint.      2.25586E+03    4.30369E+02   |      2255.86479      430.369205
Special termination-of-points card.               |            9999
  Winding 1.   3.6000E-02  3.8038E-03  7.9674E+01 | 19049A                     .036 1.43479.674
  Winding 2.   3.6000E-02  3.8038E-03  7.9674E+01 | 29098A                     .036 1.43479.674
Transformer copy using reference name  "X0004A"   |  TRANSFORMER X0004A                  X0004B                                   0
  Winding 1.   (No values read, since copy)       | 19049B
  Winding 2.   (No values read, since copy)       | 29098B
Transformer copy using reference name  "X0004A"   |  TRANSFORMER X0004A                  X0004C                                   0
  Winding 1.   (No values read, since copy)       | 19049C
  Winding 2.   (No values read, since copy)       | 29098C
Series R-L-C.   1.000E+06  0.000E+00  0.000E+00   |  9098A                     1.E6                                               0
Series R-L-C.   1.000E+06  0.000E+00  0.000E+00   |  9098B                     1.E6                                               0
Series R-L-C.   1.000E+06  0.000E+00  0.000E+00   |  9098C                     1.E6                                               0
1st of coupled R-L.   1.13780E+01  1.41787E-01    |51X0005AX0010A            11.378     53.4525
2nd coil. 1.373E+00 5.617E-02 0.000E+00 0.000E+00 |52X0005BX0010B            1.3727     21.1765
Zca, Zcc= 3.335E+00 2.854E-02 4.708E+00 8.471E-02 |53X0005CX0010C
1st of coupled R-L.   3.17140E+01  3.38011E-01    |51X0006AX0009A            31.714 127.4272128
2nd coil. 1.489E+01 1.352E-01 0.000E+00 0.000E+00 |52X0006BX0009B             14.89  50.9674572
Zca, Zcc= 5.608E+00 6.761E-02 2.050E+01 2.028E-01 |53X0006CX0009C
1st of coupled R-L.   3.90950E+02  1.44245E+00    |51X0008AX0007A            390.95 543.7895175
2nd coil. 8.644E+00 2.480E-01 0.000E+00 0.000E+00 |52X0008BX0007B            8.6441  93.4941375
Zca, Zcc= 1.274E+02 3.981E-01 1.361E+02 6.461E-01 |53X0008CX0007C
Comment card.   Card index = 125.                 |C < n1 >< n2 ><ref1><ref2>< R  >< L  >< C  >
Comment card.   Card index = 126.                 |C < n1 >< n2 ><ref1><ref2>< R  >< A  >< B  ><Leng><><>0
Comment card.   Card index = 127.                 |C < n1 >< n2 ><ref1><ref2>< R  >< L  >< C  >
Comment card.   Card index = 128.                 |C < n1 >< n2 ><ref1><ref2>< R  >< A  >< B  ><Leng><><>0
1st of coupled R-L.   3.69000E+07  8.17724E+04    |51391A  E001A             3.69E7   30827475.
2nd coil. 2.160E+04 1.538E+02 0.000E+00 0.000E+00 |52391B  E001B             21598.   57981.719
Zca, Zcc= 1.229E+07 2.721E+04 1.231E+07 2.736E+04 |53391C  E001C
Sat. Xformer.    0.000E+00  0.000E+00  1.000E+06  |  TRANSFORMER                         ST001A  1.E6                             0
Special termination-of-points card.               |            9999
  Winding 1.   1.0000E-04  2.6526E-07  1.9919E+02 | 1E001A                    .0001 .0001199.19
  Winding 2.   1.0000E-04  2.6526E-07  7.9674E+01 | 29049A                    .0001 .000179.674
Transformer copy using reference name  "ST001A"   |  TRANSFORMER ST001A                  ST001B                                   0
  Winding 1.   (No values read, since copy)       | 1E001B
  Winding 2.   (No values read, since copy)       | 29049B
Transformer copy using reference name  "ST001A"   |  TRANSFORMER ST001A                  ST001C                                   0
  Winding 1.   (No values read, since copy)       | 1E001C
  Winding 2.   (No values read, since copy)       | 29049C
1st of coupled R-L.   1.58000E+05  4.43667E+02    |51390A  E002A             1.58E5    167258.5
2nd coil. 1.673E+02 3.619E+00 0.000E+00 0.000E+00 |52390B  E002B             167.31    1364.325
Zca, Zcc= 5.261E+04 1.467E+02 5.278E+04 1.503E+02 |53390C  E002C
Sat. Xformer.    0.000E+00  0.000E+00  1.000E+06  |  TRANSFORMER                         ST002A  1.E6                             0
Special termination-of-points card.               |            9999
  Winding 1.   1.0000E-04  2.6526E-07  2.8868E+02 | 1E002A                    .0001 .0001288.68
  Winding 2.   1.0000E-04  2.6526E-07  1.9919E+02 | 2391A                     .0001 .0001199.19
Transformer copy using reference name  "ST002A"   |  TRANSFORMER ST002A                  ST002B                                   0
  Winding 1.   (No values read, since copy)       | 1E002B
  Winding 2.   (No values read, since copy)       | 2391B
Transformer copy using reference name  "ST002A"   |  TRANSFORMER ST002A                  ST002C                                   0
  Winding 1.   (No values read, since copy)       | 1E002C
  Winding 2.   (No values read, since copy)       | 2391C
1st of coupled R-L.   6.29570E+04  3.30096E+02    |51390A  E003A             62957.   124443.25
2nd coil. 1.236E+03 1.123E+01 0.000E+00 0.000E+00 |52390B  E003B             1235.6     4232.25
Zca, Zcc= 2.057E+04 1.063E+02 2.181E+04 1.175E+02 |53390C  E003C
Sat. Xformer.    0.000E+00  0.000E+00  1.000E+06  |  TRANSFORMER                         ST003A  1.E6                             0
Special termination-of-points card.               |            9999
  Winding 1.   1.0000E-04  2.6526E-07  2.8868E+02 | 1E003A                    .0001 .0001288.68
  Winding 2.   1.0000E-04  2.6526E-07  7.9674E+01 | 29049A                    .0001 .000179.674
Transformer copy using reference name  "ST003A"   |  TRANSFORMER ST003A                  ST003B                                   0
  Winding 1.   (No values read, since copy)       | 1E003B
  Winding 2.   (No values read, since copy)       | 29049B
Transformer copy using reference name  "ST003A"   |  TRANSFORMER ST003A                  ST003C                                   0
  Winding 1.   (No values read, since copy)       | 1E003C
  Winding 2.   (No values read, since copy)       | 29049C
Series R-L-C.   1.000E-03  0.000E+00  0.000E+00   |  T_MANCXX0014              .001                                               0
Series R-L-C.   1.000E-03  0.000E+00  0.000E+00   |  XX0015MEASUC              .001                                               4
Series R-L-C.   1.000E-03  0.000E+00  0.000E+00   |  T_MANBXX0016              .001                                               0
Series R-L-C.   1.000E-03  0.000E+00  0.000E+00   |  XX0017MEASUB              .001                                               4
Series R-L-C.   1.000E-03  0.000E+00  0.000E+00   |  T_MANAXX0018              .001                                               0
Series R-L-C.   1.000E-03  0.000E+00  0.000E+00   |  XX0019MEASUA              .001                                               4
Series R-L-C.   1.000E-01  0.000E+00  0.000E+00   |  T_MANB                      .1                                               1
Series R-L-C.   1.000E-03  0.000E+00  0.000E+00   |  T_MANAPRMANA              .001                                               0
Series R-L-C.   1.000E-03  0.000E+00  0.000E+00   |  T_MANBPRMANB              .001                                               0
Series R-L-C.   1.000E-03  0.000E+00  0.000E+00   |  T_MANCPRMANC              .001                                               0
Series R-L-C.   1.000E-03  0.000E+00  0.000E+00   |  T_OPOAPROPOA              .001                                               0
Series R-L-C.   1.000E-03  0.000E+00  0.000E+00   |  T_OPOBPROPOB              .001                                               0
Series R-L-C.   1.000E-03  0.000E+00  0.000E+00   |  T_OPOCPROPOC              .001                                               0
Comment card.   Card index = 181.                 |C 145 kV, Ur=120, MCOV = 96.kV Classe 3: 8kJ/kVr
Type-92 R(i)   0.0000E+00  0.0000E+00  4.4440E+03 |92      PRMANA                         4444.                                   4
Piecewise-lin.   0.000E+00  1.000E+19  0.000E+00  |                                               -1.
    Breakpoint.      1.00000E-03    1.35764E+05   |                    0.001                  135764.
    Breakpoint.      2.00000E-02    1.76190E+05   |                     0.02                  176190.
    Breakpoint.      2.00000E+00    1.85000E+05   |                       2.                   1.85E5
    Breakpoint.      2.00000E+01    1.95461E+05   |                      20.                  195461.
    Breakpoint.      2.50000E+02    2.16935E+05   |                     250.                  216935.
    Breakpoint.      5.00000E+02    2.26000E+05   |                     500.                   2.26E5
    Breakpoint.      1.00000E+03    2.31000E+05   |                     1.E3                   2.31E5
    Breakpoint.      2.00000E+03    2.43000E+05   |                     2.E3                   2.43E5
Special termination-of-points card.               |            9999
Reference branch.   Copy  (      , PRMANA )       |92      PRMANB      PRMANA             4444.                                   4
Reference branch.   Copy  (      , PRMANA )       |92      PRMANC      PRMANA             4444.                                   4
Comment card.   Card index = 195.                 |C 145 kV, Ur=120, MCOV = 96.kV Classe 3: 8kJ/kVr
Type-92 R(i)   0.0000E+00  0.0000E+00  4.4440E+03 |92      PROPOA                         4444.                                   4
Piecewise-lin.   0.000E+00  1.000E+19  0.000E+00  |                                               -1.
    Breakpoint.      1.00000E-03    1.35764E+05   |                    0.001                  135764.
    Breakpoint.      2.00000E-02    1.76190E+05   |                     0.02                  176190.
    Breakpoint.      2.00000E+00    1.85000E+05   |                       2.                   1.85E5
    Breakpoint.      2.00000E+01    1.95461E+05   |                      20.                  195461.
    Breakpoint.      2.50000E+02    2.16935E+05   |                     250.                  216935.
    Breakpoint.      5.00000E+02    2.26000E+05   |                     500.                   2.26E5
    Breakpoint.      1.00000E+03    2.31000E+05   |                     1.E3                   2.31E5
    Breakpoint.      2.00000E+03    2.43000E+05   |                     2.E3                   2.43E5
Special termination-of-points card.               |            9999
Reference branch.   Copy  (      , PROPOA )       |92      PROPOB      PROPOA             4444.                                   4
Reference branch.   Copy  (      , PROPOA )       |92      PROPOC      PROPOA             4444.                                   4
Comment card.   Card index = 209.                 |C 1/6
Comment card.   Card index = 210.                 |C  <++++++>  Cards punched by support routine on  03-Sep-26  16.14.30  <++++++>
Comment card.   Card index = 211.                 |C    **** UNTRANSPOSED K.C. Lee line calculated at   6.000E+01 HZ. ****
Comment card.   Card index = 212.                 |C LINE CONSTANTS
Comment card.   Card index = 213.                 |C $ERASE
Comment card.   Card index = 214.                 |C BRANCH  IN_001OUT001IN_002OUT002IN_003OUT003
Comment card.   Card index = 215.                 |C METRIC
Comment card.   Card index = 216.                 |C   1   .5   .1899 4           1.828    -3.2   22.04      7.     0.0   0.0
Comment card.   Card index = 217.                 |C   2   .5   .1899 4           1.828     3.2    23.9    8.86     0.0   0.0
Comment card.   Card index = 218.                 |C   3   .5   .1899 4           1.828    -3.2   25.76   10.72     0.0   0.0
Comment card.   Card index = 219.                 |C   0.2742    .667 4            1.24     0.0   29.44    18.6     0.0   0.0
Comment card.   Card index = 220.                 |C BLANK CARD ENDING CONDUCTOR CARDS
Comment card.   Card index = 221.                 |C     1.E3       60.                              13.3                 1
Comment card.   Card index = 222.                 |C    The transformation matrix was calculated at  6.00000000E+01 Hz.
New MOLDAT = 1     (data vintage).                |$VINTAGE, 1
 5.284E-01 8.593E+02 2.210E+05 8.593E+02 6.017E-05|-1T_MANAX0011A             5.28357E-01 8.59331E+02 2.21024E+05-1.33000E+01 1  3
 1.912E-01 3.671E+02 2.934E+05 3.671E+02 4.533E-05|-2T_MANBX0011B             1.91185E-01 3.67062E+02 2.93377E+05-1.33000E+01 1  3
 1.906E-01 4.134E+02 2.936E+05 4.134E+02 4.529E-05|-3T_MANCX0011C             1.90555E-01 4.13371E+02 2.93650E+05-1.33000E+01 1  3
New MOLDAT = 0     (data vintage).                |$VINTAGE, 0
TR(1,1 )...  0.594-0.699 0.402                    |  0.59364229 -0.69928374  0.40193149
TI(1,1 )...  0.000 0.000 0.000                    |  0.00000000  0.00000000  0.00000000
TR(2,1 )...  0.611 0.022-0.814                    |  0.61125068  0.02235166 -0.81448972
TI(2,1 )...  0.000 0.000 0.000                    |  0.00000000  0.00000000  0.00000000
TR(3,1 )...  0.523 0.714 0.418                    |  0.52341326  0.71449469  0.41839881
TI(3,1 )...  0.000 0.000 0.000                    |  0.00000000  0.00000000  0.00000000
Comment card.   Card index = 234.                 |C 1/6
Comment card.   Card index = 235.                 |C  <++++++>  Cards punched by support routine on  03-Sep-26  16.14.30  <++++++>
Comment card.   Card index = 236.                 |C    **** UNTRANSPOSED K.C. Lee line calculated at   6.000E+01 HZ. ****
Comment card.   Card index = 237.                 |C LINE CONSTANTS
Comment card.   Card index = 238.                 |C $ERASE
Comment card.   Card index = 239.                 |C BRANCH  IN_001OUT001IN_002OUT002IN_003OUT003
Comment card.   Card index = 240.                 |C METRIC
Comment card.   Card index = 241.                 |C   1   .5   .1899 4           1.828    -3.2   22.04      7.     0.0   0.0
Comment card.   Card index = 242.                 |C   2   .5   .1899 4           1.828     3.2    23.9    8.86     0.0   0.0
Comment card.   Card index = 243.                 |C   3   .5   .1899 4           1.828    -3.2   25.76   10.72     0.0   0.0
Comment card.   Card index = 244.                 |C   0.2742    .667 4            1.24     0.0   29.44    18.6     0.0   0.0
Comment card.   Card index = 245.                 |C BLANK CARD ENDING CONDUCTOR CARDS
Comment card.   Card index = 246.                 |C     1.E3       60.                              13.3                 1
Comment card.   Card index = 247.                 |C    The transformation matrix was calculated at  6.00000000E+01 Hz.
New MOLDAT = 1     (data vintage).                |$VINTAGE, 1
 5.284E-01 8.593E+02 2.210E+05 8.593E+02 6.017E-05|-1X0012AT_OPOA             5.28357E-01 8.59331E+02 2.21024E+05-1.33000E+01 1  3
 1.912E-01 3.671E+02 2.934E+05 3.671E+02 4.533E-05|-2X0012BT_OPOB             1.91185E-01 3.67062E+02 2.93377E+05-1.33000E+01 1  3
 1.906E-01 4.134E+02 2.936E+05 4.134E+02 4.529E-05|-3X0012CT_OPOC             1.90555E-01 4.13371E+02 2.93650E+05-1.33000E+01 1  3
New MOLDAT = 0     (data vintage).                |$VINTAGE, 0
TR(1,1 )...  0.594-0.699 0.402                    |  0.59364229 -0.69928374  0.40193149
TI(1,1 )...  0.000 0.000 0.000                    |  0.00000000  0.00000000  0.00000000
TR(2,1 )...  0.611 0.022-0.814                    |  0.61125068  0.02235166 -0.81448972
TI(2,1 )...  0.000 0.000 0.000                    |  0.00000000  0.00000000  0.00000000
TR(3,1 )...  0.523 0.714 0.418                    |  0.52341326  0.71449469  0.41839881
TI(3,1 )...  0.000 0.000 0.000                    |  0.00000000  0.00000000  0.00000000
Comment card.   Card index = 259.                 |C 1/3
Comment card.   Card index = 260.                 |C  <++++++>  Cards punched by support routine on  03-Sep-26  16.14.31  <++++++>
Comment card.   Card index = 261.                 |C    **** UNTRANSPOSED K.C. Lee line calculated at   6.000E+01 HZ. ****
Comment card.   Card index = 262.                 |C LINE CONSTANTS
Comment card.   Card index = 263.                 |C $ERASE
Comment card.   Card index = 264.                 |C BRANCH  IN_001OUT001IN_002OUT002IN_003OUT003
Comment card.   Card index = 265.                 |C METRIC
Comment card.   Card index = 266.                 |C   1   .5   .1899 4           1.828    -3.2   22.04      7.     0.0   0.0
Comment card.   Card index = 267.                 |C   2   .5   .1899 4           1.828     3.2    23.9    8.86     0.0   0.0
Comment card.   Card index = 268.                 |C   3   .5   .1899 4           1.828    -3.2   25.76   10.72     0.0   0.0
Comment card.   Card index = 269.                 |C   0.2742    .667 4            1.24     0.0   29.44    18.6     0.0   0.0
Comment card.   Card index = 270.                 |C BLANK CARD ENDING CONDUCTOR CARDS
Comment card.   Card index = 271.                 |C     1.E3       60.                              26.7                 1
Comment card.   Card index = 272.                 |C    The transformation matrix was calculated at  6.00000000E+01 Hz.
New MOLDAT = 1     (data vintage).                |$VINTAGE, 1
 5.284E-01 8.593E+02 2.210E+05 8.593E+02 1.208E-04|-1X0011B1_2LTB             5.28357E-01 8.59331E+02 2.21024E+05-2.67000E+01 1  3
 1.912E-01 3.671E+02 2.934E+05 3.671E+02 9.101E-05|-2X0011C1_2LTC             1.91185E-01 3.67062E+02 2.93377E+05-2.67000E+01 1  3
 1.906E-01 4.134E+02 2.936E+05 4.134E+02 9.092E-05|-3X0011A1_2LTA             1.90555E-01 4.13371E+02 2.93650E+05-2.67000E+01 1  3
New MOLDAT = 0     (data vintage).                |$VINTAGE, 0
TR(1,1 )...  0.594-0.699 0.402                    |  0.59364229 -0.69928374  0.40193149
TI(1,1 )...  0.000 0.000 0.000                    |  0.00000000  0.00000000  0.00000000
TR(2,1 )...  0.611 0.022-0.814                    |  0.61125068  0.02235166 -0.81448972
TI(2,1 )...  0.000 0.000 0.000                    |  0.00000000  0.00000000  0.00000000
TR(3,1 )...  0.523 0.714 0.418                    |  0.52341326  0.71449469  0.41839881
TI(3,1 )...  0.000 0.000 0.000                    |  0.00000000  0.00000000  0.00000000
Comment card.   Card index = 284.                 |C 1/3
Comment card.   Card index = 285.                 |C  <++++++>  Cards punched by support routine on  03-Sep-26  16.14.31  <++++++>
Comment card.   Card index = 286.                 |C    **** UNTRANSPOSED K.C. Lee line calculated at   6.000E+01 HZ. ****
Comment card.   Card index = 287.                 |C LINE CONSTANTS
Comment card.   Card index = 288.                 |C $ERASE
Comment card.   Card index = 289.                 |C BRANCH  IN_001OUT001IN_002OUT002IN_003OUT003
Comment card.   Card index = 290.                 |C METRIC
Comment card.   Card index = 291.                 |C   1   .5   .1899 4           1.828    -3.2   22.04      7.     0.0   0.0
Comment card.   Card index = 292.                 |C   2   .5   .1899 4           1.828     3.2    23.9    8.86     0.0   0.0
Comment card.   Card index = 293.                 |C   3   .5   .1899 4           1.828    -3.2   25.76   10.72     0.0   0.0
Comment card.   Card index = 294.                 |C   0.2742    .667 4            1.24     0.0   29.44    18.6     0.0   0.0
Comment card.   Card index = 295.                 |C BLANK CARD ENDING CONDUCTOR CARDS
Comment card.   Card index = 296.                 |C     1.E3       60.                              26.7                 1
Comment card.   Card index = 297.                 |C    The transformation matrix was calculated at  6.00000000E+01 Hz.
New MOLDAT = 1     (data vintage).                |$VINTAGE, 1
 5.284E-01 8.593E+02 2.210E+05 8.593E+02 1.208E-04|-11_2LTCX0012C             5.28357E-01 8.59331E+02 2.21024E+05-2.67000E+01 1  3
 1.912E-01 3.671E+02 2.934E+05 3.671E+02 9.101E-05|-21_2LTAX0012A             1.91185E-01 3.67062E+02 2.93377E+05-2.67000E+01 1  3
 1.906E-01 4.134E+02 2.936E+05 4.134E+02 9.092E-05|-31_2LTBX0012B             1.90555E-01 4.13371E+02 2.93650E+05-2.67000E+01 1  3
New MOLDAT = 0     (data vintage).                |$VINTAGE, 0
TR(1,1 )...  0.594-0.699 0.402                    |  0.59364229 -0.69928374  0.40193149
TI(1,1 )...  0.000 0.000 0.000                    |  0.00000000  0.00000000  0.00000000
TR(2,1 )...  0.611 0.022-0.814                    |  0.61125068  0.02235166 -0.81448972
TI(2,1 )...  0.000 0.000 0.000                    |  0.00000000  0.00000000  0.00000000
TR(3,1 )...  0.523 0.714 0.418                    |  0.52341326  0.71449469  0.41839881
TI(3,1 )...  0.000 0.000 0.000                    |  0.00000000  0.00000000  0.00000000
Blank card ending branches.  IBR, NTOT = 145  100 |BLANK BRANCH
Comment card.   Card index = 310.                 |C < n 1>< n 2>< Tclose ><Top/Tde ><   Ie   ><Vf/CLOP ><  type  >
Permanently-closed switch used for metering.      |  X0005A390A                                          MEASURING                0
Permanently-closed switch used for metering.      |  X0005B390B                                          MEASURING                0
Permanently-closed switch used for metering.      |  X0005C390C                                          MEASURING                0
Permanently-closed switch used for metering.      |  X0006A9049A                                         MEASURING                0
Permanently-closed switch used for metering.      |  X0006B9049B                                         MEASURING                0
Permanently-closed switch used for metering.      |  X0006C9049C                                         MEASURING                0
Permanently-closed switch used for metering.      |  X0008A391A                                          MEASURING                0
Permanently-closed switch used for metering.      |  X0008B391B                                          MEASURING                0
Permanently-closed switch used for metering.      |  X0008C391C                                          MEASURING                0
Switch.   2.00E-02  8.33E-04  0.00E+00  0.00E+00  |  XX0014XX0015       .02   .000833                    STATISTICS               1
Switch.   2.00E-02  8.33E-04  0.00E+00  0.00E+00  |  XX0016XX0017       .02   .000833                    STATISTICS               1
Switch.   2.00E-02  8.33E-04  0.00E+00  0.00E+00  |  XX0018XX0019       .02   .000833                    STATISTICS               1
Permanently-closed switch used for metering.      |  9049A MEASUA                                        MEASURING                0
Permanently-closed switch used for metering.      |  9049B MEASUB                                        MEASURING                0
Permanently-closed switch used for metering.      |  9049C MEASUC                                        MEASURING                0
Blank card ending switches.   KSWTCH = 15.        |BLANK SWITCH
Comment card.   Card index = 327.                 |C < n 1><>< Ampl.  >< Freq.  ><Phase/T0><   A1   ><   T1   >< TSTART >< TSTOP  >
Comment card.   Card index = 328.                 |C 1 - 390
Source.   4.08E+05  6.00E+01  0.00E+00 -1.00E+00  |14X0010A   408248.29       60.                                     -1.      100.
Source.   4.08E+05  6.00E+01 -1.20E+02 -1.00E+00  |14X0010B   408248.29       60.     -120.                           -1.      100.
Source.   4.08E+05  6.00E+01 -2.40E+02 -1.00E+00  |14X0010C   408248.29       60.     -240.                           -1.      100.
Comment card.   Card index = 332.                 |C 1 - 9049
Source.   1.13E+05  6.00E+01  0.00E+00 -1.00E+00  |14X0009A  112676.528       60.                                     -1.      100.
Source.   1.13E+05  6.00E+01 -1.20E+02 -1.00E+00  |14X0009B  112676.528       60.     -120.                           -1.      100.
Source.   1.13E+05  6.00E+01 -2.40E+02 -1.00E+00  |14X0009C  112676.528       60.     -240.                           -1.      100.
Comment card.   Card index = 336.                 |C 1 - 391
Source.   2.82E+05  6.00E+01  0.00E+00 -1.00E+00  |14X0007A   281691.32       60.                                     -1.      100.
Source.   2.82E+05  6.00E+01 -1.20E+02 -1.00E+00  |14X0007B   281691.32       60.     -120.                           -1.      100.
Source.   2.82E+05  6.00E+01 -2.40E+02 -1.00E+00  |14X0007C   281691.32       60.     -240.                           -1.      100.
Blank card ends electric sources.  KCONST = 9     |BLANK SOURCE

List of input elements that are connected to each node.   Only the physical connections of multi-phase lines are shown (capacitive
and inductive coupling are ignored).   Repeated entries indicate parallel connections.   Switches are included,  although sources
(including rotating machinery) are omitted -- except that U.M. usage produces extra,  internally-defined nodes  "UMXXXX".
--------------+------------------------------
From bus name |  Names of all adjacent busses.
--------------+------------------------------
       X0001A |TERRA *TERRA *TERRA *390A  *
       390A   |X0001A*X0002A*X0005A*E002A *E003A *
       391A   |TERRA *TERRA *TERRA *X0003A*X0008A*E001A *
       395A   |TERRA *395B  *395C  *
       395B   |TERRA *395A  *395C  *
       X0001B |TERRA *TERRA *TERRA *390B  *
       390B   |X0001B*X0002B*X0005B*E002B *E003B *
       391B   |TERRA *TERRA *TERRA *X0003B*X0008B*E001B *
       395C   |TERRA *395A  *395B  *
       X0001C |TERRA *TERRA *TERRA *390C  *
       390C   |X0001C*X0002C*X0005C*E002C *E003C *
       391C   |TERRA *TERRA *TERRA *X0003C*X0008C*E001C *
       X0002A |TERRA *TERRA *TERRA *390A  *
       397A   |TERRA *397B  *397C  *
       397B   |TERRA *397A  *397C  *
       X0002B |TERRA *TERRA *TERRA *390B  *
       397C   |TERRA *397A  *397B  *
       X0002C |TERRA *TERRA *TERRA *390C  *
       X0003A |TERRA *TERRA *TERRA *391A  *
       9098A  |TERRA *TERRA *TERRA *
       42077A |TERRA *42077B*42077C*
       42077B |TERRA *42077A*42077C*
       X0003B |TERRA *TERRA *TERRA *391B  *
       9098B  |TERRA *TERRA *TERRA *
       42077C |TERRA *42077A*42077B*
       X0003C |TERRA *TERRA *TERRA *391C  *
       9098C  |TERRA *TERRA *TERRA *
       X0004A |TERRA *TERRA *9049A *
       9049A  |TERRA *TERRA *X0004A*X0006A*MEASUA*
       X0004B |TERRA *TERRA *9049B *
       9049B  |TERRA *TERRA *X0004B*X0006B*MEASUB*
       X0004C |TERRA *TERRA *9049C *
       9049C  |TERRA *TERRA *X0004C*X0006C*MEASUC*
       X0005A |390A  *X0010A*
       X0010A |X0005A*
       X0005B |390B  *X0010B*
       X0010B |X0005B*
       X0005C |390C  *X0010C*
       X0010C |X0005C*
       X0006A |9049A *X0009A*
       X0009A |X0006A*
       X0006B |9049B *X0009B*
       X0009B |X0006B*
       X0006C |9049C *X0009C*
       X0009C |X0006C*
       X0008A |391A  *X0007A*
       X0007A |X0008A*
       X0008B |391B  *X0007B*
       X0007B |X0008B*
       X0008C |391C  *X0007C*
       X0007C |X0008C*
       E001A  |391A  *ST001A*
       E001B  |391B  *ST001B*
       E001C  |391C  *ST001C*
       ST001A |TERRA *TERRA *E001A *
       ST001B |TERRA *TERRA *E001B *
       ST001C |TERRA *TERRA *E001C *
       E002A  |390A  *ST002A*
       E002B  |390B  *ST002B*
       E002C  |390C  *ST002C*
       ST002A |TERRA *TERRA *E002A *
       ST002B |TERRA *TERRA *E002B *
       ST002C |TERRA *TERRA *E002C *
       E003A  |390A  *ST003A*
       E003B  |390B  *ST003B*
       E003C  |390C  *ST003C*
       ST003A |TERRA *TERRA *E003A *
       ST003B |TERRA *TERRA *E003B *
       ST003C |TERRA *TERRA *E003C *
       T_MANC |XX0014*PRMANC*X0011C*
       XX0014 |T_MANC*XX0015*
       XX0015 |XX0014*MEASUC*
       MEASUC |9049C *XX0015*
       T_MANB |TERRA *XX0016*PRMANB*X0011B*
       XX0016 |T_MANB*XX0017*
       XX0017 |XX0016*MEASUB*
       MEASUB |9049B *XX0017*
       T_MANA |XX0018*PRMANA*X0011A*
       XX0018 |T_MANA*XX0019*
       XX0019 |XX0018*MEASUA*
       MEASUA |9049A *XX0019*
       PRMANA |TERRA *T_MANA*
       PRMANB |TERRA *T_MANB*
       PRMANC |TERRA *T_MANC*
       T_OPOA |PROPOA*X0012A*
       PROPOA |TERRA *T_OPOA*
       T_OPOB |PROPOB*X0012B*
       PROPOB |TERRA *T_OPOB*
       T_OPOC |PROPOC*X0012C*
       PROPOC |TERRA *T_OPOC*
       X0011A |T_MANA*1_2LTA*
       X0011B |T_MANB*1_2LTB*
       X0011C |T_MANC*1_2LTC*
       X0012A |T_OPOA*1_2LTA*
       X0012B |T_OPOB*1_2LTB*
       X0012C |T_OPOC*1_2LTC*
       1_2LTB |X0011B*X0012B*
       1_2LTC |X0011C*X0012C*
       1_2LTA |X0011A*X0012A*
       TERRA  |X0001A*X0001A*X0001A*391A  *391A  *391A  *395A  *395B  *X0001B*X0001B*X0001B*391B  *391B  *391B  *395C  *
              |X0001C*X0001C*X0001C*391C  *391C  *391C  *X0002A*X0002A*X0002A*397A  *397B  *X0002B*X0002B*X0002B*397C  *
              |X0002C*X0002C*X0002C*X0003A*X0003A*X0003A*9098A *9098A *9098A *42077A*42077B*X0003B*X0003B*X0003B*9098B *
              |9098B *9098B *42077C*X0003C*X0003C*X0003C*9098C *9098C *9098C *X0004A*X0004A*9049A *9049A *X0004B*X0004B*
              |9049B *9049B *X0004C*X0004C*9049C *9049C *ST001A*ST001A*ST001B*ST001B*ST001C*ST001C*ST002A*ST002A*ST002B*
              |ST002B*ST002C*ST002C*ST003A*ST003A*ST003B*ST003B*ST003C*ST003C*T_MANB*PRMANA*PRMANB*PRMANC*PROPOA*PROPOB*
              |PROPOC*
              |-------

Sinusoidal steady-state phasor solution, branch by branch.   All flows are away from a bus,  and the real part,  magnitude,  or  "P"
is printed above the imaginary part,  the angle,  or  "Q".   The first solution frequency  =  6.00000000E+01  Hertz.
  Bus K                        Phasor  node  voltage              Phasor  branch  current               Power flow       Power loss
             Bus M         Rectangular            Polar          Rectangular            Polar            P  and  Q        P  and  Q

 390A                 408167.18434489  408167.18442614      .30438842310048  1.8065804192189       62127.93436547  2.8051783511401
                       -8.14437967846       -0.0011433       -1.78075278997      -80.3000383      363421.18662082      112.1908154

            X0001A    408044.23434688  408044.23517586      -.3043884231005  1.8065804192189      -62125.12918712
                      -26.00996972066       -0.0036522      1.7807527899704       99.6999617      -363308.9958054

 391A                 281560.88636572  281560.88673442      -.4407757483018  1.3182151192725      -62061.55578552  -62061.55578552
                      -14.40925633333       -0.0029322      1.2423396638551      109.5344243      -174893.9528358  -174893.9528358

            TERRA                 0.0              0.0       .4407757483018  1.3182151192725                  0.0
                                  0.0              0.0      -1.242339663855      -70.4655757                  0.0

 X0001A               408044.23434688  408044.23517586      .30413648782132  .90957208538363      62061.718259653  62061.718259653
                      -26.00996972066       -0.0036522       -.857217810877      -70.4655757       174887.4373635   174887.4373635

            TERRA                 0.0              0.0      -.3041364878213  .90957208538363                  0.0
                                  0.0              0.0      .85721781087705      109.5344243                  0.0

 395A                 9752.6719554317  11261.830960578      -.0065016631406  .00650166314556      -31.70500738243  -63.41092677634
                      -5631.538538833      -30.0036603      .25339249987E-6      179.9977670      18.305947644508        0.0015796

            395B      -9753.391415412  11261.830965198      .00650166314063  .00650166314556       -31.7059193939
                      -5630.292406834     -150.0036603      -.2533924999E-6       -0.0022330      -18.30436802434

 X0001A               408044.23434688  408044.23517586      .31080418233E-3  .31080418257E-3       63.41092746364   63.41092746364
                      -26.00996972066       -0.0036522      -.1211265044E-7       -0.0022329      -.0015707550988       -0.0015708

            TERRA                 0.0              0.0      -.3108041823E-3  .31080418257E-3                  0.0
                                  0.0              0.0      .12112650438E-7      179.9977671                  0.0

 390B                 -204090.6454112  408167.18442614       -1.69437140234  1.8065804634787      62127.933163951  2.8051784885902
                      -353479.0784445     -120.0011433      .62676831601144      159.6999613      363421.19598998      112.1908209

            X0001B    -204044.6424651  408044.23517271      1.6943714023399  1.8065804634787      -62125.12798546
                      -353363.6678254     -120.0036522      -.6267683160114      -20.3000387      -363309.0051691

 391B                 -140792.9219632  281560.88673247       1.296285589633  1.3182151338491      -62061.55071557  -62061.55071557
                      -243831.6756753     -120.0029322      -.2394468818311      -10.4655775       -174893.956811  -174893.9568110

            TERRA                 0.0              0.0      -1.296285589633  1.3182151338491                  0.0
                                  0.0              0.0       .2394468818311      169.5344225                  0.0

 X0001B               -204044.6424651  408044.23517271      -.8944406491537  .90957209543524       62061.71318879   62061.71318879
                      -353363.6678254     -120.0036522      .16521901202941      169.5344224      174887.44133751   174887.4413375

            TERRA                 0.0              0.0      .89444064915369  .90957209543524                  0.0
                                  0.0              0.0      -.1652190120294      -10.4655776                  0.0

 395B                 -9753.391415412  11261.830965198      .00325172828161  .00650205987989       -31.7084989502  -63.41479604256
                      -5630.292406834     -150.0036603      .00563054578743       59.9928940      18.304367947059       -0.0038137

            395C      .71945184471786  11261.830956744      -.0032517282816  .00650205987989      -31.70629709236
                      11261.830933763       89.9963397      -.0056305457874     -120.0071060      -18.30818162175

 X0001B               -204044.6424651  408044.23517271      -.1554449568E-3  .31082314769E-3      63.414796670981  63.414796670981
                      -353363.6678254     -120.0036522      -.2691614656E-3     -120.0071059      .00382254090783        0.0038225

            TERRA                 0.0              0.0      .15544495682E-3  .31082314769E-3                  0.0
                                  0.0              0.0      .26916146555E-3       59.9928941                  0.0

 390C                  -204076.538937   408167.1844243      1.3899830388868  1.8065804609951      62127.915540381  2.8051784808922
                      353487.22281907      119.9988567      1.1539844512195       39.6999585      363421.19848687      112.1908206

            X0001C    -203999.5918869  408044.23517017      -1.389983038887  1.8065804609951       -62125.1103619
                      353389.67778588      119.9963478      -1.153984451219     -140.3000415      -363309.0076663

 391C                 -140767.9644055   281560.8867312      -.8555100022058     1.3182151427      -62061.53035427  -62061.53035427
                      243846.08492652      119.9970678      -1.002892715383     -130.4655844      -174893.9653575  -174893.9653575

            TERRA                 0.0              0.0      .85551000220585     1.3182151427                  0.0
                                  0.0              0.0      1.0028927153835       49.5344156                  0.0

 X0001C               -203999.5918869  408044.23517017      .59030427233301  .90957210153971      62061.692828844  62061.692828844
                      353389.67778588      119.9963478      .69199875286358       49.5344156      174887.44988289   174887.4498829

            TERRA                 0.0              0.0       -.590304272333  .90957210153971                  0.0
                                  0.0              0.0      -.6919987528636     -130.4655844                  0.0

 395C                 .71945184471786  11261.830956744      .00325100881309     .00650234041      -31.70812120943   -63.4175321373
                      11261.830933763       89.9963397      -.0056312851557      -60.0016421      18.308181527871        0.0022338

            395A      9752.6719554317  11261.830960578      -.0032510088131     .00650234041      -31.70941092787
                      -5631.538538833      -30.0036603      .00563128515569      119.9983579      -18.30594769494

 X0001C               -203999.5918869  408044.23517017      -.1554105638E-3  .31083655791E-3      63.417532729587  63.417532729587
                      353389.67778588      119.9963478      .26919680977E-3      119.9983579      -.0022248715991       -0.0022249

            TERRA                 0.0              0.0      .15541056382E-3  .31083655791E-3                  0.0
                                  0.0              0.0      -.2691968098E-3      -60.0016421                  0.0

 395A                 9752.6719554317  11261.830960578      .00975267195543  .01126183096058      63.414418292314  63.414418292314
                      -5631.538538833      -30.0036603      -.0056315385388      -30.0036603                  0.0              0.0

            TERRA                 0.0              0.0      -.0097526719554  .01126183096058                  0.0
                                  0.0              0.0      .00563153853883      149.9963397                  0.0

 395B                 -9753.391415412  11261.830965198      -.0097533914154   .0112618309652      63.414418344343  63.414418344343
                      -5630.292406834     -150.0036603      -.0056302924068     -150.0036603      -.355271368E-14       -0.0000000

            TERRA                 0.0              0.0      .00975339141541   .0112618309652                  0.0
                                  0.0              0.0      .00563029240683       29.9963397                  0.0

 395C                 .71945184471786  11261.830956744      .71945184472E-6  .01126183095674      63.414418249139  63.414418249139
                      11261.830933763       89.9963397      .01126183093376       89.9963397      -.867361738E-18       -0.0000000

            TERRA                 0.0              0.0      -.7194518447E-6  .01126183095674                  0.0
                                  0.0              0.0      -.0112618309338      -90.0036603                  0.0

 390A                 408167.18434489  408167.18442614      .27997670997721  1.8950043774209      57146.284826465  2.7148274423816
                       -8.14437967846       -0.0011433      -1.874207734568      -81.5037532      382493.90682972      108.6290081

            X0002A    408053.37145216  408053.37205873      -.2799767099772  1.8950043774209      -57143.56999902
                      -22.24916853741       -0.0031241      1.8742077345681       98.4962468      -382385.2778216

 391A                 281560.88636572  281560.88673442      -.4053842463723  1.4361526667676      -57080.10004802  -57080.10004802
                      -14.40925633333       -0.0029322      1.3777511005464      106.3957918      -193957.4898878  -193957.4898878

            TERRA                 0.0              0.0      .40538424637225  1.4361526667676                  0.0
                                  0.0              0.0      -1.377751100546      -73.6042082                  0.0

 X0002A               408053.37145216  408053.37205873      .27971625341024  .99094931996766      57080.155736154  57080.155736154
                      -22.24916853741       -0.0031241      -.9506520774303      -73.6042082      193955.28090968   193955.2809097

            TERRA                 0.0              0.0      -.2797162534102  .99094931996766                  0.0
                                  0.0              0.0      .95065207743028      106.3957918                  0.0

 397A                 9752.9422521482  11262.083132415      -.0065018595533  .00650185955662      -31.70671687445  -63.41426231658
                      -5631.574727168      -30.0031321      .20828883862E-6      179.9981645      18.306838255422        0.0014351

            397B      -9753.557907031   11262.08313593      .00650185955328  .00650185955662      -31.70754544213
                      -5630.508388663     -150.0031321      -.2082888386E-6       -0.0018355      -18.30540315696

 X0002A               408053.37145216  408053.37205873      .31081357153E-3  .31081357169E-3      63.414262988893  63.414262988893
                      -22.24916853741       -0.0031241      -.9957147995E-8       -0.0018355      -.0014261478636       -0.0014261

            TERRA                 0.0              0.0      -.3108135715E-3  .31081357169E-3                  0.0
                                  0.0              0.0       .9957147995E-8      179.9981645                  0.0

 390B                 -204090.6454112  408167.18442614      -1.763099906455  1.8950044253727      57146.284480102  2.7148275797663
                      -353479.0784445     -120.0011433      .69463694981058      158.4962465      382493.91677626      108.6290136

            X0002B    -204045.9540687  408053.37205578      1.7630999064546  1.8950044253727      -57143.56965252
                      -353373.4611913     -120.0031241      -.6946369498106      -21.5037535      -382385.2877627

 391B                 -140792.9219632  281560.88673247      1.3958595955482  1.4361526949774      -57080.09644774  -57080.09644774
                      -243831.6756753     -120.0029322      -.3378025352285      -13.6042096      -193957.4950857  -193957.4950857

            TERRA                 0.0              0.0      -1.395859595548  1.4361526949774                  0.0
                                  0.0              0.0      .33780253522855      166.3957904                  0.0

 X0002B               -204045.9540687  408053.37205578      -.9631469891901  .99094933945271      57080.152140687  57080.152140687
                      -353373.4611913     -120.0031241      .23308468541654      166.3957904      193955.28611034   193955.2861103

            TERRA                 0.0              0.0      .96314698919014  .99094933945271                  0.0
                                  0.0              0.0      -.2330846854165      -13.6042096                  0.0

 397B                 -9753.557907031   11262.08313593      .00325169836287  .00650219290626      -31.70971289387  -63.41751348759
                      -5630.508388663     -150.0031321      .00563071668148       59.9938754      18.305403150671       -0.0033122

            397C      .61564867144561  11262.083135344      -.0032516983629  .00650219290626      -31.70780059371
                      11262.083118517       89.9968679      -.0056307166815     -120.0061246      -18.30871534789

 X0002B               -204045.9540687  408053.37205578      -.1554435275E-3  .31082950717E-3      63.417514180325  63.417514180325
                      -353373.4611913     -120.0031241      -.2691696347E-3     -120.0061247      .00332121018767        0.0033212

            TERRA                 0.0              0.0      .15544352755E-3  .31082950717E-3                  0.0
                                  0.0              0.0      .26916963475E-3       59.9938753                  0.0

 390C                  -204076.538937   408167.1844243      1.4831232415671  1.8950044178641      57146.268271203  2.7148275582585
                      353487.22281907      119.9988567      1.1795707668673       38.4962441      382493.91764678      108.6290127

            X0002C     -204007.417388   408053.3720538      -1.483123241567  1.8950044178641      -57143.55344364
                      353395.71035196      119.9968759      -1.179570766867     -141.5037559       -382385.288634

 391C                 -140767.9644055   281560.8867312       -.990475478422  1.4361526988285      -57080.07775496  -57080.07775496
                      243846.08492652      119.9970678       -1.03994850882     -133.6042151       -193957.501151  -193957.5011510

            TERRA                 0.0              0.0      .99047547842201  1.4361526988285                  0.0
                                  0.0              0.0      1.0399485088201       46.3957849                  0.0

 X0002C                -204007.417388   408053.3720538      .68343082492356  .99094934207965      57080.133443989  57080.133443989
                      353395.71035196      119.9968759       .7175673530146       46.3957849      193955.29217036   193955.2921704

            TERRA                 0.0              0.0      -.6834308249236  .99094934207965                  0.0
                                  0.0              0.0      -.7175673530146     -133.6042151                  0.0

 397C                 .61564867144561  11262.083135344      .00325108269317  .00650244773656      -31.70945765035  -63.41999897035
                      11262.083118517       89.9968679      -.0056313664318      -60.0014364      18.308715229449        0.0018770

            397A      9752.9422521482  11262.083132415      -.0032510826932  .00650244773656      -31.71054132001
                      -5631.574727168      -30.0031321      .00563136643177      119.9985636      -18.30683823949

 X0002C                -204007.417388   408053.3720538      -.1554140956E-3    .310841689E-3      63.419999657722  63.419999657722
                      353395.71035196      119.9968759      .26920069558E-3      119.9985636      -.0018680268782       -0.0018680

            TERRA                 0.0              0.0      .15541409562E-3    .310841689E-3                  0.0
                                  0.0              0.0      -.2692006956E-3      -60.0014364                  0.0

 397A                 9752.9422521482  11262.083132415      .00975294225215  .01126208313241      63.417258240708  63.417258240708
                      -5631.574727168      -30.0031321      -.0056315747272      -30.0031321      .3552713679E-14        0.0000000

            TERRA                 0.0              0.0      -.0097529422521  .01126208313241                  0.0
                                  0.0              0.0      .00563157472717      149.9968679                  0.0

 397B                 -9753.557907031   11262.08313593       -.009753557907  .01126208313593      63.417258280304  63.417258280304
                      -5630.508388663     -150.0031321      -.0056305083887     -150.0031321                  0.0              0.0

            TERRA                 0.0              0.0      .00975355790703  .01126208313593                  0.0
                                  0.0              0.0      .00563050838866       29.9968679                  0.0

 397C                 .61564867144561  11262.083135344      .61564867145E-6  .01126208313534      63.417258273705  63.417258273705
                      11262.083118517       89.9968679      .01126208311852       89.9968679                  0.0              0.0

            TERRA                 0.0              0.0      -.6156486714E-6  .01126208313534                  0.0
                                  0.0              0.0      -.0112620831185      -90.0031321                  0.0

 391A                 281560.88636572  281560.88673442      .56190955229207  4.1389945992772      79135.419637642   6.338572228371
                      -14.40925633333       -0.0029322       -4.10067481616      -82.1974357       577290.7696184      253.6970706

            X0003A    281439.01676594  281439.01816051      -.5619095522921  4.1389945992772      -79129.08106541
                      -28.01739408915       -0.0057038        4.10067481616       97.8025643      -577037.0725478

 9098A                112572.29662479  112572.29713712      -1.404841706702  1.9713627217976      -79065.70189547  -79065.70189547
                      -10.74007230614       -0.0054664      -1.383000636299     -135.4488688      77851.322981595    77851.3229816

            TERRA                 0.0              0.0      1.4048417067024  1.9713627217976                  0.0
                                  0.0              0.0      1.3830006362987       44.5511312                  0.0

 X0003A               281439.01676594  281439.01816051      .56192257713565  .78852529495431      79065.719383577  79065.719383577
                      -28.01739408915       -0.0057038      .55318636831362       44.5511312       -77851.9855964   -77851.9855964

            TERRA                 0.0              0.0      -.5619225771356  .78852529495431                  0.0
                                  0.0              0.0      -.5531863683136     -135.4488688                  0.0

 42077A               9748.5682023144  11257.325577194      -.0064992138841  .00649921390894       -31.6806136231  -63.36168082333
                       -5629.63561483      -30.0057175      .56796488934E-6      179.9949929      18.291334553006        0.0007856

            42077B    -9749.691556619  11257.325576359      .00649921388413  .00649921390894      -31.68106720022
                      -5627.689906431     -150.0057175      -.5679648893E-6       -0.0050071      -18.29054892896

 X0003A               281439.01676594  281439.01816051      .45026934887E-3  .45026935059E-3      63.361681964783  63.361681964783
                      -28.01739408915       -0.0057038       -.393490609E-7       -0.0050071      -.7705063919E-3       -0.0007705

            TERRA                 0.0              0.0      -.4502693489E-3  .45026935059E-3                  0.0
                                  0.0              0.0      .39349060899E-7      179.9949929                  0.0

 391B                 -140792.9219632  281560.88673247       -3.83224325929   4.138994498548      79135.422491821  6.3385719198268
                      -243831.6756753     -120.0029322      1.5637093913642      157.8025648      577290.75490975      253.6970583

            X0003B    -140743.7721585  281439.01816164      3.8322432592895   4.138994498548       -79129.0839199
                      -243719.3294394     -120.0057038      -1.563709391364      -22.1974352      -577037.0578515

 9098B                -56295.44948798  112572.29713746      -.4952930975705  1.9713629480272       -79065.7024176   -79065.7024176
                      -97485.09860359     -120.0054664      1.9081290890172      104.5511375      77851.340600822    77851.3406008

            TERRA                 0.0              0.0      .49529309757054  1.9713629480272                  0.0
                                  0.0              0.0      -1.908129089017      -75.4488625                  0.0

 X0003B               -140743.7721585  281439.01816164      .19811226596357  .78852538542835      79065.719906566  79065.719906566
                      -243719.3294394     -120.0057038      -.7632324767328      -75.4488625      -77852.00321179   -77852.0032118

            TERRA                 0.0              0.0      -.1981122659636  .78852538542835                  0.0
                                  0.0              0.0      .76323247673281      104.5511375                  0.0

 42077B               -9749.691556619  11257.325576359       .0032504776791  .00649945319647      -31.68262240924    -63.364013637
                      -5627.689906431     -150.0057175      .00562825787529       59.9923543      18.290548929696       -0.0021325

            42077C    1.1233558013003   11257.32557604      -.0032504776791  .00649945319647      -31.68139122776
                      11257.325519991       89.9942825      -.0056282578753     -120.0076457       -18.2926813965

 X0003B               -140743.7721585  281439.01816164      -.2251949991E-3  .45028592833E-3      63.364014744626  63.364014744626
                      -243719.3294394     -120.0057038      -.3899290059E-3     -120.0076457        .002147501285        0.0021475

            TERRA                 0.0              0.0      .22519499908E-3  .45028592833E-3                  0.0
                                  0.0              0.0      .38992900591E-3       59.9923543                  0.0

 391C                 -140767.9644055   281560.8867312      3.2703337427913  4.1389946079193      79135.431470647  6.3385722547828
                      243846.08492652      119.9970678      2.5369654264781       37.8025655       577290.7692176      253.6970717

            X0003C    -140695.2446105  281439.01815731      -3.270333742791  4.1389946079193      -79129.09289839
                      243747.34682731      119.9942962      -2.536965426478     -142.1974345      -577037.0721459

 9098C                -56276.84713799  112572.29713584      1.9001346073928  1.9713628226156      -79065.71003394  -79065.71003394
                      97495.838673489      119.9945336      -.5251284149417      -15.4488719      77851.322802397    77851.3228024

            TERRA                 0.0              0.0      -1.900134607393  1.9713628226156                  0.0
                                  0.0              0.0      .52512841494172      164.5511281                  0.0

 X0003C               -140695.2446105  281439.01815731      -.7600347643602  .78852533526751      79065.727522232  79065.727522232
                      243747.34682731      119.9942962      .21004609332886      164.5511281      -77851.98541447   -77851.9854145

            TERRA                 0.0              0.0      .76003476436017  .78852533526751                  0.0
                                  0.0              0.0      -.2100460933289      -15.4488719                  0.0

 42077C               1.1233558013003   11257.32557604      .00324935431854  .00649959275697      -31.68229831994  -63.36537425189
                      11257.325519991       89.9942825      -.0056290676421      -60.0044996      18.292681369699        0.0013469

            42077A    9748.5682023144  11257.325577194      -.0032493543185  .00649959275697      -31.68307593195
                       -5629.63561483      -30.0057175      .00562906764208      119.9955004      -18.29133451368

 X0003C               -140695.2446105  281439.01815731      -.2251171729E-3  .45029559757E-3      63.365375416296  63.365375416296
                      243747.34682731      119.9942962      .38998510695E-3      119.9955004      -.0013318053108       -0.0013318

            TERRA                 0.0              0.0      .22511717293E-3  .45029559757E-3                  0.0
                                  0.0              0.0      -.3899851069E-3      -60.0044996                  0.0

 42077A               9748.5682023144  11257.325577194      .00974856820231  .01125732557719      63.363689575468  63.363689575468
                       -5629.63561483      -30.0057175      -.0056296356148      -30.0057175                  0.0              0.0

            TERRA                 0.0              0.0      -.0097485682023  .01125732557719                  0.0
                                  0.0              0.0      .00562963561483      149.9942825                  0.0

 42077B               -9749.691556619  11257.325576359      -.0097496915566  .01125732557636      63.363689566075  63.363689566075
                      -5627.689906431     -150.0057175      -.0056276899064     -150.0057175                  0.0              0.0

            TERRA                 0.0              0.0      .00974969155662  .01125732557636                  0.0
                                  0.0              0.0      .00562768990643       29.9942825                  0.0

 42077C               1.1233558013003   11257.32557604      .11233558013E-5  .01125732557604      63.363689562487  63.363689562487
                      11257.325519991       89.9942825      .01125732551999       89.9942825                  0.0              0.0

            TERRA                 0.0              0.0      -.1123355801E-5  .01125732557604                  0.0
                                  0.0              0.0        -.01125732552      -90.0057175                  0.0

 9049A                112576.95484936  112576.95579164      -1.292330873477  2.3229566987811      -72729.27923569  .09713030084094
                       -14.5656678621       -0.0074132      -1.930287216419     -123.8023819      108662.34023568        3.8690237

            X0004A     112574.2333414  112574.23405135      1.2923308734769  2.3229566987811      72729.376365987
                      -12.64297504974       -0.0064348      1.9302872164189       56.1976181       -108658.471212

 9098A                112572.29662479  112572.29713712      1.2922694100769   1.892797056006      72729.440854064  72729.440854064
                      -10.74007230614       -0.0054664      1.3830113763106       46.9426519       -77851.3229782   -77851.3229782

            TERRA                 0.0              0.0      -1.292269410077   1.892797056006                  0.0
                                  0.0              0.0      -1.383011376311     -133.0573481                  0.0

 X0004A                112574.2333414  112574.23405135      -1.292269410077   1.892797056006      -72729.37636581  -72729.37636581
                      -12.64297504974       -0.0064348      -1.383011376311     -133.0573481      77853.891760255    77853.8917603

            TERRA                 0.0              0.0      1.2922694100769   1.892797056006                  0.0
                                  0.0              0.0      1.3830113763106       46.9426519                  0.0

 9049B                -56301.09166369  112576.95579288      -1.025512595748  2.3229569640878      -72729.27975731  .09713032301806
                      -97487.21994738     -120.0074132      2.0843351393111      116.1976222      108662.35785833        3.8690245

            X0004B    -56298.06580865  112574.23405215      1.0255125957476  2.3229569640878      72729.376887637
                      -97485.82439838     -120.0064348      -2.084335139311      -63.8023778      -108658.4888338

 9098B                -56295.44948798  112572.29713746      .55158854703768  1.8927972910933      72729.441375785  72729.441375785
                      -97485.09860359     -120.0054664      -1.810643990393      -73.0573419      -77851.34059923   -77851.3405992

            TERRA                 0.0              0.0      -.5515885470377  1.8927972910933                  0.0
                                  0.0              0.0      1.8106439903931      106.9426581                  0.0

 X0004B               -56298.06580865  112574.23405215      -.5515885470377  1.8927972911002      -72729.37688787  -72729.37688787
                      -97485.82439838     -120.0064348      1.8106439904004      106.9426581      77853.909382133    77853.9093821

            TERRA                 0.0              0.0      .55158854703768  1.8927972911002                  0.0
                                  0.0              0.0        -1.8106439904      -73.0573419                  0.0

 9049C                -56275.86318697  112576.95579034      2.3178432724004   2.322956776677      -72729.28737581  .09713030734565
                      97501.785612273      119.9925868      -.1540478850808       -3.8023849      108662.34006169        3.8690239

            X0004C      -56276.167534  112574.23405006        -2.3178432724   2.322956776677      72729.384506115
                      97498.467370744      119.9935652      .15404788508078      176.1976151      -108658.4710378

 9098C                -56276.84713799  112572.29713584      -1.843857760265  1.8927971524671      72729.448993759  72729.448993759
                      97495.838673489      119.9945336      .42763257628394      166.9426486      -77851.32280243   -77851.3228024

            TERRA                 0.0              0.0      1.8438577602647  1.8927971524671                  0.0
                                  0.0              0.0      -.4276325762839      -13.0573514                  0.0

 X0004C                 -56276.167534  112574.23405006      1.8438577602792  1.8927971524796      -72729.38450555  -72729.38450555
                      97498.467370744      119.9935652      -.4276325762767      -13.0573514      77853.891585668    77853.8915857

            TERRA                 0.0              0.0      -1.843857760279  1.8927971524796                  0.0
                                  0.0              0.0      .42763257627666      166.9426486                  0.0

 9098A                112572.29662479  112572.29713712      .11257229662479  .11257229713712       6336.261041364   6336.261041364
                      -10.74007230614       -0.0054664      -.1074007231E-4       -0.0054664                  0.0              0.0

            TERRA                 0.0              0.0      -.1125722966248  .11257229713712                  0.0
                                  0.0              0.0      .10740072306E-4      179.9945336                  0.0

 9098B                -56295.44948798  112572.29713746       -.056295449488  .11257229713746      6336.2610414026  6336.2610414026
                      -97485.09860359     -120.0054664      -.0974850986036     -120.0054664      .4547473509E-12        0.0000000

            TERRA                 0.0              0.0      .05629544948798  .11257229713746                  0.0
                                  0.0              0.0      .09748509860359       59.9945336                  0.0

 9098C                -56276.84713799  112572.29713584       -.056276847138  .11257229713584      6336.2610412198  6336.2610412198
                      97495.838673489      119.9945336      .09749583867349      119.9945336      .4547473509E-12        0.0000000

            TERRA                 0.0              0.0      .05627684713799  .11257229713584                  0.0
                                  0.0              0.0      -.0974958386735      -60.0054664                  0.0

 X0005A               408167.18434489  408167.18442614      -.6302137077901  3.8411837809194      -128631.7073881  10.126881798744
                       -8.14437967846       -0.0011433      3.7891322913448       99.4430723      -773297.1628844      156.2263783

            X0010A          408248.29        408248.29      .63021370779012  3.8411837809194      128641.83426994
                                  0.0              0.0      -3.789132291345      -80.5569277      773453.38926265

 X0005B               -204090.6454112  408167.18442614      3.5965917572463  3.8411838753609      -128631.7061449  10.126883182471
                      -353479.0784445     -120.0011433      -1.348785118557      -20.5569280        -773297.18263      156.2263818

            X0010B        -204124.145        408248.29      -3.596591757246  3.8411838753609       128641.8330281
                      -353553.3901916     -120.0000000       1.348785118557      159.4430720      773453.40901181

 X0005C                -204076.538937   408167.1844243      -2.966378154231  3.8411838643033      -128631.6717854  10.126886246202
                      353487.22281907      119.9988567      -2.440347132169     -140.5569306      -773297.1860541      156.2263837

            X0010C        -204124.145        408248.29      2.9663781542313  3.8411838643033      128641.79867167
                      353553.39019156      120.0000000      2.4403471321687       39.4430694      773453.41243789

 X0006A               112576.95484936  112576.95579164       -.789183560505  1.8952299561745      -44434.49010652  26.741669669806
                       -14.5656678621       -0.0074132      1.7231035646791      114.6078382      -96985.12860801       91.5349182

            X0009A         112676.528       112676.528      .78918356050503  1.8952299561745      44461.231776193
                                  0.0              0.0      -1.723103564679      -65.3921618      97076.663526232

 X0006B               -56301.09166369  112576.95579288      1.8868432370944  1.8952299513423      -44434.49069567  26.741669776558
                      -97487.21994738     -120.0074132      -.1780987565825       -5.3921614      -96985.12804019       91.5349167

            X0009B         -56338.264       112676.528      -1.886843237094  1.8952299513423       44461.23236545
                      -97580.73565823     -120.0000000      .17809875658249      174.6078386      97076.662956918

 X0006C               -56275.86318697  112576.95579034      -1.097659700936  1.8952299763471      -44434.49000378  26.741671252305
                      97501.785612273      119.9925868      -1.545004803936     -125.3921621      -96985.12990271       91.5349199

            X0009C         -56338.264       112676.528      1.0976597009362  1.8952299763471      44461.231675029
                      97580.735658229      120.0000000      1.5450048039359       54.6078379       97076.66482258

 X0008A               281560.88636572  281560.88673442      -.2807052561167  1.3976258805896      -39527.67455268  8.4425105452756
                      -14.40925633333       -0.0029322      1.3691466909291      101.5863384      -192747.0555544       91.3137664

            X0007A          281691.32        281691.32      .28070525611673  1.3976258805896       39536.11706323
                                  0.0              0.0      -1.369146690929      -78.4136616      192838.36932073

 X0008B               -140792.9219632  281560.88673247       1.326068491449  1.3976259308452      -39527.67591034  8.4425116449347
                      -243831.6756753     -120.0029322      -.4414754789986      -18.4136616      -192747.0624968       91.3137709

            X0007B         -140845.66        281691.32      -1.326068491449  1.3976259308452      39536.118421982
                      -243951.8391456     -120.0000000      .44147547899856      161.5863384      192838.37626767

 X0008C               -140767.9644055   281560.8867312      -1.045363244166  1.3976259124826      -39527.66869294  8.4425129577285
                      243846.08492652      119.9970678      -.9276712127635     -138.4136636      -192747.0613371       91.3137699

            X0007C         -140845.66        281691.32      1.0453632441657  1.3976259124826      39536.111205898
                      243951.83914557      120.0000000      .92767121276351       41.5863364      192838.37510704

 391A                 281560.88636572  281560.88673442      .96195657449E-3  .00183578274068      135.43593778963  .03639369067142
                      -14.40925633333       -0.0029322      -.0015635657389      -58.3988167      220.11254712435        0.0977020

            E001A     281449.45179822  281449.45415401      -.9619565745E-3  .00183578274068       -135.399544099
                      -36.41526006257       -0.0074132      .00156356573887      121.6011833      -220.0148450784

 391B                 -140792.9219632  281560.88673247      -.0018350658747  .00183578267894       135.4359383963  .03639368868232
                      -243831.6756753     -120.0029322      -.5129600273E-4     -178.3988153      220.11253654315        0.0977020

            E001B      -140756.262441  281449.45415712      .00183506587467  .00183578267894      -135.3995447076
                      -243724.1675111     -120.0074132      .51296002735E-4        1.6011847      -220.0148345049

 391C                 -140767.9644055   281560.8867312      .87310930022E-3  .00183578274715      135.43594725074  .03639369213974
                      243846.08492652      119.9970678      .00161486174164       61.6011856      220.11254236862        0.0977020

            E001C     -140693.1893605  281449.45415077      -.8731093002E-3  .00183578274715      -135.3995535586
                      243760.58276376      119.9925868      -.0016148617416     -118.3988144      -220.0148403222

 E001A                281449.45179822  281449.45415401      .96172385611E-3  .00183545530793      135.36679047504  .16845547179E-9
                      -36.41526006257       -0.0074132      -.0015633244743      -58.4010576      219.98089742768        0.0000000

            ST001A    281449.45179797  281449.45415376      -.9617238561E-3  .00183545530793      -135.3667904749
                      -36.41526000241       -0.0074132      .00156332447432      121.5989424      -219.9808974275

 ST001A               281449.45179797  281449.45415376      .28144945179797  .28144945415376      39606.897621725  39606.897621725
                      -36.41526000241       -0.0074132         -.3641526E-4       -0.0074132                  0.0              0.0

            TERRA                 0.0              0.0       -.281449451798  .28144945415376                  0.0
                                  0.0              0.0      .36415260002E-4      179.9925868                  0.0

 9049A                112576.95484936  112576.95579164      .70123636722565  .70124676251137      39471.499618092  39471.499618092
                       -14.5656678621       -0.0074132      .00381827354431        0.3119758      -220.0317922091     -220.0317922

            TERRA                 0.0              0.0      -.7012363672256  .70124676251137                  0.0
                                  0.0              0.0      -.0038182735443     -179.6880242                  0.0

 ST001A               281449.45179797  281449.45415376      -.2804874777794   .2804916358362      -39471.49562046  -39471.49562046
                      -36.41526000241       -0.0074132      -.0015272796154     -179.6880224      220.03301746397      220.0330175

            TERRA                 0.0              0.0      .28048747777939   .2804916358362                  0.0
                                  0.0              0.0       .0015272796154        0.3119776                  0.0

 E001B                 -140756.262441  281449.45415712      -.0018348509911  .00183556990004      135.39322711945  .16845547179E-9
                      -243724.1675111     -120.0074132      -.5136826076E-4     -178.3963733       219.9835629658        0.0000000

            ST001B    -140756.2624408  281449.45415686      .00183485099114  .00183556990004      -135.3932271193
                      -243724.1675109     -120.0074132      .51368260756E-4        1.6036267      -219.9835629656

 ST001B               -140756.2624408  281449.45415686      -.1407562624408  .28144945415686      39606.897622598  39606.897622598
                      -243724.1675109     -120.0074132      -.2437241675109     -120.0074132      .3637978807E-11        0.0000000

            TERRA                 0.0              0.0      .14075626244078  .28144945415686                  0.0
                                  0.0              0.0      .24372416751094       59.9925868                  0.0

 9049B                -56301.09166369  112576.95579288      -.3473114967346  .70124680707247      39471.502131438  39471.502131438
                      -97487.21994738     -120.0074132      -.6091976761818     -119.6880254      -220.0309677976     -220.0309678

            TERRA                 0.0              0.0      .34731149673462  .70124680707247                  0.0
                                  0.0              0.0      .60919767618179       60.3119746                  0.0

 ST001B               -140756.2624408  281449.45415686      .13892108201981  .28049166581773      -39471.49983205  -39471.49983205
                      -243724.1675109     -120.0074132      .24367295205593       60.3119797       220.0344621543      220.0344622

            TERRA                 0.0              0.0      -.1389210820198  .28049166581773                  0.0
                                  0.0              0.0      -.2436729520559     -119.6880203                  0.0

 E001C                -140693.1893605  281449.45415077       .8731149137E-3  .00183588201321       135.4125423931  .16851231521E-9
                      243760.58276376      119.9925868      .00161497155204       61.6026615      220.02324928367        0.0000000

            ST001C    -140693.1893604  281449.45415051      -.8731149137E-3  .00183588201321      -135.4125423929
                      243760.58276351      119.9925868       -.001614971552     -118.3973385      -220.0232492835

 ST001C               -140693.1893604  281449.45415051      -.1406931893604  .28144945415051      39606.897620811  39606.897620811
                      243760.58276351      119.9925868      .24376058276351      119.9925868                  0.0              0.0

            TERRA                 0.0              0.0      .14069318936045  .28144945415051                  0.0
                                  0.0              0.0      -.2437605827635      -60.0074132                  0.0

 9049C                -56275.86318697  112576.95579034      -.3539248108864  .70124679326577      39471.501388761  39471.501388761
                      97501.785612273      119.9925868      .60537946224213      120.3119654      -220.0246202842     -220.0246203

            TERRA                 0.0              0.0      .35392481088638  .70124679326577                  0.0
                                  0.0              0.0      -.6053794622421      -59.6880346                  0.0

 ST001C               -140693.1893604  281449.45415051      .14156636595726  .28049168312364       -39471.5023287   -39471.5023287
                      243760.58276351      119.9925868       -.242145717144      -59.6880365      220.02331524497      220.0233152

            TERRA                 0.0              0.0      -.1415663659573  .28049168312364                  0.0
                                  0.0              0.0      .24214571714401      120.3119635                  0.0

 390A                 408167.18434489  408167.18442614      .01890115958053  .08024885221848      3857.7341383167  .53872799118062
                       -8.14437967846       -0.0011433      -.0779911818663      -76.3770252      15916.643583929        4.3930435

            E002A     408057.61667235  408057.61720671      -.0189011595805  .08024885221848      -3857.195410325
                      -20.88300034538       -0.0029322      .07799118186625      103.6229748      -15912.25054044

 390B                 -204090.6454112  408167.18442614      -.0769929274389  .08024885515956      3857.7343215544  .53872805311357
                      -353479.0784445     -120.0011433      .02262670720201      163.6229750      15916.644157122        4.3930438

            E002B     -204046.8935426  408057.61720388      .07699292743892  .08024885515956      -3857.195593501
                      -353377.8207439     -120.0029322       -.022626707202      -16.3770250      -15912.25111336

 390C                  -204076.538937   408167.1844243      .05809176786859  .08024885388191      3857.7337329338  .53872807066455
                      353487.22281907      119.9988567      .05536447466798       43.6229731      15916.644031413        4.3930437

            E002C     -204010.7231341  408057.61720204      -.0580917678686  .08024885388191      -3857.195004863
                      353398.70373686      119.9970678       -.055364474668     -136.3770269      -15912.25098775

 E002A                408057.61667235  408057.61720671      .01890076566369  .08024870380002      3857.1150393446  .32199295674E-6
                      -20.88300034538       -0.0029322      -.0779911246163      -76.3772889      15912.238863906        0.0000003

            ST002A    408057.61666266  408057.61719702      -.0189007656637  .08024870380002      -3857.115039023
                      -20.88299443634       -0.0029322      .07799112461626      103.6227111      -15912.23886358

 ST002A               408057.61666266  408057.61719702      .40805761666266  .40805761719702      83255.509476255  83255.509476255
                      -20.88299443634       -0.0029322      -.2088299444E-4       -0.0029322                  0.0              0.0

            TERRA                 0.0              0.0      -.4080576166627  .40805761719702                  0.0
                                  0.0              0.0      .20882994436E-4      179.9970678                  0.0

 391A                 281560.88636572  281560.88673442      .56399369239807  .57520259713107      79398.467840605  79398.467840605
                      -14.40925633333       -0.0029322       .1130006313324       11.3296524      -15912.34232376   -15912.3423238

            TERRA                 0.0              0.0      -.5639936923981  .57520259713107                  0.0
                                  0.0              0.0      -.1130006313324     -168.6703476                  0.0

 ST002A               408057.61666266  408057.61719702      -.3891571760178  .39689135092372      -79398.46074519  -79398.46074519
                      -20.88299443634       -0.0029322      -.0779707431793     -168.6703474      15912.341199156    15912.3411992

            TERRA                 0.0              0.0      .38915717601776  .39689135092372                  0.0
                                  0.0              0.0      .07797074317932       11.3296526                  0.0

 E002B                -204046.8935426  408057.61720388      -.0769928738009  .08024886327718      3857.1527857877  .32199477573E-6
                      -353377.8207439     -120.0029322      .02262691850774      163.6228194      15912.263194264        0.0000003

            ST002B    -204046.8935326  408057.61719419      .07699287380092  .08024886327718      -3857.152785466
                      -353377.8207385     -120.0029322      -.0226269185077      -16.3771806      -15912.26319394

 ST002B               -204046.8935326  408057.61719419      -.2040468935326  .40805761719419        83255.5094751    83255.5094751
                      -353377.8207385     -120.0029322      -.3533778207385     -120.0029322                  0.0              0.0

            TERRA                 0.0              0.0      .20404689353259  .40805761719419                  0.0
                                  0.0              0.0      .35337782073851       59.9970678                  0.0

 391B                 -140792.9219632  281560.88673247      -.1841349601746  .57520212632274       79398.39356801   79398.39356801
                      -243831.6756753     -120.0029322      -.5449328422546     -108.6703141      -15912.37562249   -15912.3756225

            TERRA                 0.0              0.0      .18413496017456  .57520212632274                  0.0
                                  0.0              0.0      .54493284225464       71.3296859                  0.0

 ST002B               -204046.8935326  408057.61719419      .12705373764038  .39689109610537      -79398.40450139  -79398.40450139
                      -353377.8207385     -120.0029322      .37600517272949       71.3296716      15912.357261799    15912.3572618

            TERRA                 0.0              0.0      -.1270537376404  .39689109610537                  0.0
                                  0.0              0.0      -.3760051727295     -108.6703284                  0.0

 E002C                -204010.7231341  408057.61720204       .0580916821491  .08024871423513      3857.1838751602  .32199386624E-6
                      353398.70373686      119.9970678        .055364362197       43.6229572      15912.224368527        0.0000003

            ST002C    -204010.7231344  408057.61719235      -.0580916821491  .08024871423513      -3857.183874838
                      353398.70372551      119.9970678       -.055364362197     -136.3770428      -15912.22436821

 ST002C               -204010.7231344  408057.61719235      -.2040107231344  .40805761719235      83255.509474351  83255.509474351
                      353398.70372551      119.9970678      .35339870372551      119.9970678                  0.0              0.0

            TERRA                 0.0              0.0      .20401072313442  .40805761719235                  0.0
                                  0.0              0.0      -.3533987037255      -60.0029322                  0.0

 391C                 -140767.9644055   281560.8867312      -.3798581361771  .57520225873347      79398.417589779  79398.417589779
                      243846.08492652      119.9970678      .43193221092224      131.3296652      -15912.35062079   -15912.3506208

            TERRA                 0.0              0.0      .37985813617706  .57520225873347                  0.0
                                  0.0              0.0      -.4319322109222      -48.6703348                  0.0

 ST002C               -204010.7231344  408057.61719235      .26210296154022  .39689102237951      -79398.39789405  -79398.39789405
                      353398.70372551      119.9970678      -.2980344295502      -48.6703577      15912.313679724    15912.3136797

            TERRA                 0.0              0.0      -.2621029615402  .39689102237951                  0.0
                                  0.0              0.0      .29803442955017      131.3296423                  0.0

 390A                 408167.18434489  408167.18442614      .02694741513211  .06230907884616      5499.7540579309  2.3985598383415
                       -8.14437967846       -0.0011433      -.0561805849414      -64.3749652      11465.425850194        8.2156888

            E003A     407896.11783769   407896.1212519      -.0269474151321  .06230907884616      -5497.355498093
                      -52.77584843174       -0.0074132      .05618058494137      115.6250348      -11457.21016137

 390B                 -204090.6454112  408167.18442614      -.0621275210111  .06230907846715       5499.754179442  2.3985598444497
                      -353479.0784445     -120.0011433      .00475314553117      175.6250356      11465.425706119        8.2156886

            E003B     -203993.7641465  407896.12125639       .0621275210111  .06230907846715      -5497.355619598
                      -353222.0122322     -120.0074132      -.0047531455312       -4.3749644      -11457.21001749

 390C                  -204076.538937   408167.1844243      .03518010591936  .06230907941679      5499.7542408581  2.3985599817179
                      353487.22281907      119.9988567      .05142743941973       55.6250355      11465.425891545        8.2156890

            E003C     -203902.3536959  407896.12124719      -.0351801059194  .06230907941679      -5497.355680876
                      353274.78806984      119.9925868      -.0514274394197     -124.3749645      -11457.21020259

 E003A                407896.11783769   407896.1212519      .02694727502472  .06230871596538      5497.3269146157  .19411800167E-6
                      -52.77584843174       -0.0074132       -.056180249679      -64.3749480       11457.14178896        0.0000002

            ST003A    407896.11782937  407896.12124359      -.0269472750247  .06230871596538      -5497.326914422
                      -52.77584550844       -0.0074132      .05618024967902      115.6250520      -11457.14178877

 ST003A               407896.11782937  407896.12124359      .40789611782937  .40789612124359      83189.622862782  83189.622862782
                      -52.77584550844       -0.0074132      -.5277584551E-4       -0.0074132                  0.0              0.0

            TERRA                 0.0              0.0      -.4078961178294  .40789612124359                  0.0
                                  0.0              0.0      .52775845508E-4      179.9925868                  0.0

 9049A                112576.95484936  112576.95579164      1.3802773952484  1.3951784999244      77692.231928075  77692.231928075
                       -14.5656678621       -0.0074132      .20336508750916        8.3814522      -11457.16346828   -11457.1634683

            TERRA                 0.0              0.0      -1.380277395248  1.3951784999244                  0.0
                                  0.0              0.0      -.2033650875092     -171.6185478                  0.0

 ST003A               407896.11782937  407896.12124359      -.3809486329556  .38506125397211      -77692.25314651  -77692.25314651
                      -52.77584550844       -0.0074132      -.0561276078224     -171.6185461      11457.169110007    11457.1691100

            TERRA                 0.0              0.0      .38094863295555  .38506125397211                  0.0
                                  0.0              0.0      .05612760782242        8.3814539                  0.0

 E003B                -203993.7641465  407896.12125639      -.0621272192802  .06230877353735      5497.3342856363  .19411891117E-6
                      -353222.0122322     -120.0074132      .00475309207104      175.6250635      11457.151275729        0.0000002

            ST003B    -203993.7641398  407896.12124808      .06212721928023  .06230877353735      -5497.334285442
                      -353222.0122264     -120.0074132       -.004753092071       -4.3749365      -11457.15127553

 ST003B               -203993.7641398  407896.12124808      -.2039937641398  .40789612124808      83189.622864615  83189.622864615
                      -353222.0122264     -120.0074132      -.3532220122264     -120.0074132                  0.0              0.0

            TERRA                 0.0              0.0      .20399376413984  .40789612124808                  0.0
                                  0.0              0.0      .35322201222643       59.9925868                  0.0

 9049B                -56301.09166369  112576.95579288      -.5140196084976  1.3951788735213        77692.2536629    77692.2536629
                      -97487.21994738     -120.0074132      -1.297038137913     -111.6185525      -11457.16023153   -11457.1602315

            TERRA                 0.0              0.0      .51401960849762  1.3951788735213                  0.0
                                  0.0              0.0      1.2970381379128       68.3814475                  0.0

 ST003B               -203993.7641398  407896.12124808      .14186644554138  .38506134061901      -77692.27163373  -77692.27163373
                      -353222.0122264     -120.0074132      .35797506570816       68.3814489      11457.164880239    11457.1648802

            TERRA                 0.0              0.0      -.1418664455414  .38506134061901                  0.0
                                  0.0              0.0      -.3579750657082     -111.6185511                  0.0

 E003C                -203902.3536959  407896.12124719      .03518027369864   .0623092134592      5497.3469890642  .19412254915E-6
                      353274.78806984      119.9925868      .05142748705111       55.6249329      11457.244694757        0.0000002

            ST003C    -203902.3536942  407896.12123888      -.0351802736986   .0623092134592       -5497.34698887
                      353274.78806117      119.9925868      -.0514274870511     -124.3750671      -11457.24469456

 ST003C               -203902.3536942  407896.12123888      -.2039023536942  .40789612123888      83189.622860861  83189.622860861
                      353274.78806117      119.9925868      .35327478806117      119.9925868                  0.0              0.0

            TERRA                 0.0              0.0      .20390235369425  .40789612123888                  0.0
                                  0.0              0.0      -.3532747880612      -60.0074132                  0.0

 9049C                -56275.86318697  112576.95579034      -.8662582039833  1.3951788010042      77692.248825384  77692.248825384
                      97501.785612273      119.9925868       1.093672990799      128.3814515      -11457.16504408   -11457.1650441

            TERRA                 0.0              0.0      .86625820398331  1.3951788010042                  0.0
                                  0.0              0.0      -1.093672990799      -51.6185485                  0.0

 ST003C               -203902.3536942  407896.12123888      .23908227682114  .38506132358634       -77692.2678409   -77692.2678409
                      353274.78806117      119.9925868      -.3018474578857      -51.6185493      11457.166776821    11457.1667768

            TERRA                 0.0              0.0      -.2390822768211  .38506132358634                  0.0
                                  0.0              0.0      .30184745788574      128.3814507                  0.0

 XX0015               -56275.86318697  112576.95579034      .72759576142E-8  .16269535827E-7       -.914149257E-3  .1084202172E-18
                      97501.785612273      119.9925868      -.1455191523E-7      -63.4349488      -.5475136554E-4              0.0

            MEASUC    -56275.86318697  112576.95579034      -.7275957614E-8  .16269535827E-7      .91414925705E-3
                      97501.785612273      119.9925868      .14551915228E-7      116.5650512      .54751365539E-4

 XX0017               -56301.09166369  112576.95579288      .72759576142E-8  .16269535827E-7      -.9141350586E-3  .1084202172E-18
                      -97487.21994738     -120.0074132      .14551915228E-7       63.4349488      .54987916446E-4              0.0

            MEASUB    -56301.09166369  112576.95579288      -.7275957614E-8  .16269535827E-7      .91413505855E-3
                      -97487.21994738     -120.0074132      -.1455191523E-7     -116.5650512      -.5498791645E-4

 XX0019               112576.95484936  112576.95579164      -.1455191523E-7  .14551915337E-7      -.8191051648E-3  .1084202172E-18
                       -14.5656678621       -0.0074132      .1776356839E-11      179.9930059      .59907601342E-8              0.0

            MEASUA    112576.95484936  112576.95579164      .14551915228E-7  .14551915337E-7      .81910516475E-3
                       -14.5656678621       -0.0074132      -.177635684E-11       -0.0069941      -.5990760134E-8

 X0001A               408044.23434688  408044.23517586      -.5886890319E-4  .92353496885842      -.177635684E-14  -.177635684E-14
                      -26.00996972066       -0.0036522      -.9235349669822      -90.0036522        188421.560013   188421.5600130

            TERRA                 0.0              0.0      .58868903186E-4  .92353496885842                  0.0
                                  0.0              0.0      .92353496698218       89.9963478                  0.0

 X0001B               -204044.6424651  408044.23517271      -.7997753082338  .92353496885129                  0.0              0.0
                      -353363.6678254     -120.0036522      .46181846545014      149.9963478      188421.56001009   188421.5600101

            TERRA                 0.0              0.0      .79977530823378  .92353496885129                  0.0
                                  0.0              0.0      -.4618184654501      -30.0036522                  0.0

 X0001C               -203999.5918869  408044.23517017      .79983417711614  .92353496884555                  0.0              0.0
                      353389.67778588      119.9963478      .46171650154342       29.9963478      188421.56000775   188421.5600077

            TERRA                 0.0              0.0      -.7998341771161  .92353496884555                  0.0
                                  0.0              0.0      -.4617165015434     -150.0036522                  0.0

 X0002A               408053.37145216  408053.37205873      -.5035700397E-4  .92355564855467      -.177635684E-14  -.177635684E-14
                      -22.24916853741       -0.0031241      -.9235556471818      -90.0031241      188429.99833831   188429.9983383

            TERRA                 0.0              0.0      .50357003974E-4  .92355564855467                  0.0
                                  0.0              0.0      .92355564718181       89.9968759                  0.0

 X0002B               -204045.9540687  408053.37205578      -.7997974737617    .923555648548      .1455191523E-10  .1455191523E-10
                      -353373.4611913     -120.0031241      .46182143402983      149.9968759      188429.99833559   188429.9983356

            TERRA                 0.0              0.0      .79979747376167    .923555648548                  0.0
                                  0.0              0.0      -.4618214340298      -30.0031241                  0.0

 X0002C                -204007.417388   408053.3720538       .7998478307479  .92355564854352                  0.0              0.0
                      353395.71035196      119.9968759       .4617342131622       29.9968759      188429.99833376   188429.9983338

            TERRA                 0.0              0.0      -.7998478307479  .92355564854352                  0.0
                                  0.0              0.0      -.4617342131622     -150.0031241                  0.0

 X0003A               281439.01676594  281439.01816051      -.4632941915E-3  4.6538611681436                  0.0              0.0
                      -28.01739408915       -0.0057038      -4.653861145083      -90.0057038      654889.05890884   654889.0589088

            TERRA                 0.0              0.0      .46329419153E-3  4.6538611681436                  0.0
                                  0.0              0.0       4.653861145083       89.9942962                  0.0

 X0003B               -140743.7721585  281439.01816164      -4.030130330249  4.6538611681622      .5820766091E-10  .5820766091E-10
                      -243719.3294394     -120.0057038      2.3273317970883      149.9942962      654889.05891408   654889.0589141

            TERRA                 0.0              0.0      4.0301303302487  4.6538611681622                  0.0
                                  0.0              0.0      -2.327331797088      -30.0057038                  0.0

 X0003C               -140695.2446105  281439.01815731      4.0305936243378  4.6538611680907                  0.0              0.0
                      243747.34682731      119.9942962       2.326529348044       29.9942962      654889.05889395   654889.0588940

            TERRA                 0.0              0.0      -4.030593624338  4.6538611680907                  0.0
                                  0.0              0.0      -2.326529348044     -150.0057038                  0.0

 X0004A                112574.2333414  112574.23405135      -.6146339696E-4  .54727584355291       -.44408921E-15   -.44408921E-15
                      -12.64297504974       -0.0064348      -.5472758401015      -90.0064348      30804.579451389    30804.5794514

            TERRA                 0.0              0.0      .61463396964E-4  .54727584355291                  0.0
                                  0.0              0.0       .5472758401015       89.9935652                  0.0

 X0004B               -56298.06580865  112574.23405215      -.4739240487103  .54727584355676                  0.0              0.0
                      -97485.82439838     -120.0064348      .27369114891574      149.9935652      30804.579451822    30804.5794518

            TERRA                 0.0              0.0      .47392404871029  .54727584355676                  0.0
                                  0.0              0.0      -.2736911489157      -30.0064348                  0.0

 X0004C                 -56276.167534  112574.23405006      .47398551209418  .54727584354664                  0.0              0.0
                      97498.467370744      119.9935652       .2735846911918       29.9935652      30804.579450683    30804.5794507

            TERRA                 0.0              0.0      -.4739855120942  .54727584354664                  0.0
                                  0.0              0.0      -.2735846911918     -150.0064348                  0.0

     Total network loss  P-loss  by summing injections =   6.379174637391E+05

Output for steady-state phasor switch currents.
      Node-K    Node-M            I-real            I-imag            I-magn          Degrees        Power            Reactive
      X0005A    390A          6.30213708E-01   -3.78913229E+00    3.84118378E+00     -80.5569    1.28631707E+05    7.73297163E+05
      X0005B    390B         -3.59659176E+00    1.34878512E+00    3.84118388E+00     159.4431    1.28631706E+05    7.73297183E+05
      X0005C    390C          2.96637815E+00    2.44034713E+00    3.84118386E+00      39.4431    1.28631672E+05    7.73297186E+05
      X0006A    9049A         7.89183561E-01   -1.72310356E+00    1.89522996E+00     -65.3922    4.44344901E+04    9.69851286E+04
      X0006B    9049B        -1.88684324E+00    1.78098757E-01    1.89522995E+00     174.6078    4.44344907E+04    9.69851280E+04
      X0006C    9049C         1.09765970E+00    1.54500480E+00    1.89522998E+00      54.6078    4.44344900E+04    9.69851299E+04
      X0008A    391A          2.80705256E-01   -1.36914669E+00    1.39762588E+00     -78.4137    3.95276746E+04    1.92747056E+05
      X0008B    391B         -1.32606849E+00    4.41475479E-01    1.39762593E+00     161.5863    3.95276759E+04    1.92747062E+05
      X0008C    391C          1.04536324E+00    9.27671213E-01    1.39762591E+00      41.5863    3.95276687E+04    1.92747061E+05
      XX0014    XX0015            Open              Open              Open             Open          Open              Open
      XX0016    XX0017            Open              Open              Open             Open          Open              Open
      XX0018    XX0019            Open              Open              Open             Open          Open              Open
      9049A     MEASUA        6.44396152E-07    1.96993909E-07    6.73834551E-07      16.9986    3.62706436E-02   -1.10931802E-02
      9049B     MEASUB        4.44241323E-07   -5.18052673E-07    6.82443349E-07     -49.3862    1.27461217E-02   -3.62373913E-02
      9049C     MEASUC       -4.82970108E-07    1.97688678E-07    5.21862950E-07     157.7398    2.32272794E-02   -1.79826735E-02

Solution at nodes with known voltage.   Nodes that are shorted together by switches are shown as a group of names, with the printed
result applying to the composite group.   The entry "MVA" is  SQRT( P**2 + Q**2 )  in units of power,  while  "P.F."  is the
associated power factor.
              Node                Source  node  voltage             Injected  source  current              Injected  source  power
              name         Rectangular            Polar          Rectangular            Polar            P  and  Q    MVA and P.F.

              X0010A        408248.29        408248.29      .63021370779006  3.8411837809155      128641.83426993  784078.35506724
                                  0.0              0.0      -3.789132291341      -80.5569277      773453.38926184        0.1640676

              X0010B      -204124.145        408248.29       -3.59659175725  3.8411838753642      128641.83302848   784078.3743465
                      -353553.3901916     -120.0000000      1.3487851185569      159.4430720      773453.40901241        0.1640676

              X0010C      -204124.145        408248.29      2.9663781542313  3.8411838643044      128641.79867195  784078.37208892
                      353553.39019156      120.0000000      2.4403471321702       39.4430694      773453.41243805        0.1640675

              X0009A       112676.528       112676.528      .78918356050514  1.8952299561745      44461.231776198  106773.96561167
                                  0.0              0.0      -1.723103564679      -65.3921618       97076.66352623        0.4164052

              X0009B       -56338.264       112676.528      -1.886843237095  1.8952299513425      44461.232365455  106773.96533944
                      -97580.73565823     -120.0000000      .17809875658253      174.6078386       97076.66295693        0.4164052

              X0009C       -56338.264       112676.528      1.0976597009362  1.8952299763468      44461.231675015  106773.96674814
                      97580.735658229      120.0000000      1.5450048039356       54.6078379      97076.664822571        0.4164052

              X0007A        281691.32        281691.32      .28070525611679  1.3976258805896      39536.117063238  196849.53958473
                                  0.0              0.0      -1.369146690929      -78.4136616      192838.36932074        0.2008443

              X0007B       -140845.66        281691.32      -1.326068491449  1.3976259308449      39536.118422016  196849.54666296
                      -243951.8391456     -120.0000000       .4414754789982      161.5863384      192838.37626763        0.2008443

              X0007C       -140845.66        281691.32      1.0453632441659  1.3976259124827      39536.111205885  196849.54407672
                      243951.83914557      120.0000000      .92767121276347       41.5863364      192838.37510706        0.2008443

  ---- Initial flux of coil  "X0001A"  to  "      "  =  -6.89935875E-02
  ---- Initial flux of coil  "X0001B"  to  "      "  =  -9.37326241E+02
   Warning.  Preceding flux exceeds the 1st segment.  This means that the steady state solution is not really sinusoidal.
  ---- Initial flux of coil  "X0001C"  to  "      "  =  9.37395234E+02
   Warning.  Preceding flux exceeds the 1st segment.  This means that the steady state solution is not really sinusoidal.
  ---- Initial flux of coil  "X0002A"  to  "      "  =  -5.90177525E-02
  ---- Initial flux of coil  "X0002B"  to  "      "  =  -9.37352218E+02
   Warning.  Preceding flux exceeds the 1st segment.  This means that the steady state solution is not really sinusoidal.
  ---- Initial flux of coil  "X0002C"  to  "      "  =  9.37411236E+02
   Warning.  Preceding flux exceeds the 1st segment.  This means that the steady state solution is not really sinusoidal.
  ---- Initial flux of coil  "X0003A"  to  "      "  =  -7.43184460E-02
  ---- Initial flux of coil  "X0003B"  to  "      "  =  -6.46485600E+02
   Warning.  Preceding flux exceeds the 1st segment.  This means that the steady state solution is not really sinusoidal.
  ---- Initial flux of coil  "X0003C"  to  "      "  =  6.46559919E+02
   Warning.  Preceding flux exceeds the 1st segment.  This means that the steady state solution is not really sinusoidal.
  ---- Initial flux of coil  "X0004A"  to  "      "  =  -3.35365329E-02
  ---- Initial flux of coil  "X0004B"  to  "      "  =  -2.58589181E+02
   Warning.  Preceding flux exceeds the 1st segment.  This means that the steady state solution is not really sinusoidal.
  ---- Initial flux of coil  "X0004C"  to  "      "  =  2.58622717E+02
   Warning.  Preceding flux exceeds the 1st segment.  This means that the steady state solution is not really sinusoidal.

Card of names for time-step loop output.          |  9049A 9049B 9049C T_MANAT_MANBT_MANC1_2LTC1_2LTA1_2LTBT_OPOAT_OPOBT_OPOC
Output voltage differences for pairs of A6 names  |-5T_MANAT_MANCT_MANBT_MANAT_MANCT_MANB1_2LTC1_2LTB1_2LTA1_2LTC1_2LTB1_2LTA
Output voltage differences for pairs of A6 names  |-5T_OPOAT_OPOCT_OPOBT_OPOAT_OPOCT_OPOB
Blank card ending requests for output variables.  |BLANK OUTPUT

Column headings for the  43   EMTP output variables follow.  These are divided among the 5 possible classes as follows ....
  First  30     output variables are electric-network voltage differences (upper voltage minus lower voltage);
  Next   13     output variables are branch currents (flowing from the upper node to the lower node);
Branch power  consumption (power  flow, if a switch) is treated like a branch voltage for this grouping (9  variables);
Branch energy consumption (energy flow, if a switch) is treated like a branch current for this grouping (9  variables).
   Step      Time      XX0015     XX0017     XX0019     TERRA      TERRA      TERRA      TERRA      TERRA      TERRA      9049A
                       MEASUC     MEASUB     MEASUA     PRMANA     PRMANB     PRMANC     PROPOA     PROPOB     PROPOC

                       9049B      9049C      T_MANA     T_MANB     T_MANC     1_2LTC     1_2LTA     1_2LTB     T_OPOA     T_OPOB
 

                       T_OPOC     T_MANA     T_MANB     T_MANC     1_2LTC     1_2LTA     1_2LTB     T_OPOA     T_OPOB     T_OPOC
                                  T_MANC     T_MANA     T_MANB     1_2LTB     1_2LTC     1_2LTA     T_OPOC     T_OPOA     T_OPOB

                       XX0014     XX0016     XX0018     TERRA      TERRA      TERRA      TERRA      TERRA      TERRA      XX0015
                       XX0015     XX0017     XX0019     PRMANA     PRMANB     PRMANC     PROPOA     PROPOB     PROPOC     MEASUC

                       XX0017     XX0019     T_MANB
                       MEASUB     MEASUA     TERRA
 ***      Phasor I(0) =  6.3021371E-01                     Switch  "X0005A"  to  "390A  "  closed in the steady-state.
 ***      Phasor I(0) = -3.5965918E+00                     Switch  "X0005B"  to  "390B  "  closed in the steady-state.
 ***      Phasor I(0) =  2.9663782E+00                     Switch  "X0005C"  to  "390C  "  closed in the steady-state.
 ***      Phasor I(0) =  7.8918356E-01                     Switch  "X0006A"  to  "9049A "  closed in the steady-state.
 ***      Phasor I(0) = -1.8868432E+00                     Switch  "X0006B"  to  "9049B "  closed in the steady-state.
 ***      Phasor I(0) =  1.0976597E+00                     Switch  "X0006C"  to  "9049C "  closed in the steady-state.
 ***      Phasor I(0) =  2.8070526E-01                     Switch  "X0008A"  to  "391A  "  closed in the steady-state.
 ***      Phasor I(0) = -1.3260685E+00                     Switch  "X0008B"  to  "391B  "  closed in the steady-state.
 ***      Phasor I(0) =  1.0453632E+00                     Switch  "X0008C"  to  "391C  "  closed in the steady-state.
 ***      Phasor I(0) =  6.4439615E-07                     Switch  "9049A "  to  "MEASUA"  closed in the steady-state.
 ***      Phasor I(0) =  4.4424132E-07                     Switch  "9049B "  to  "MEASUB"  closed in the steady-state.
 ***      Phasor I(0) = -4.8297011E-07                     Switch  "9049C "  to  "MEASUC"  closed in the steady-state.
      0       0.0   .5294E-19  .5294E-19 .21176E-18        0.0        0.0        0.0        0.0        0.0        0.0 112576.955
                   -56301.092 -56275.863        0.0        0.0        0.0        0.0        0.0        0.0        0.0        0.0
                          0.0        0.0        0.0        0.0        0.0        0.0        0.0        0.0        0.0        0.0
                          0.0        0.0        0.0        0.0        0.0        0.0        0.0        0.0        0.0        0.0
                          0.0        0.0        0.0
    500      .005         0.0        0.0        0.0        0.0        0.0        0.0        0.0        0.0        0.0 -34783.646
                   110085.214 -75284.535        0.0        0.0        0.0        0.0        0.0        0.0        0.0        0.0
                          0.0        0.0        0.0        0.0        0.0        0.0        0.0        0.0        0.0        0.0
                          0.0        0.0        0.0        0.0        0.0        0.0        0.0        0.0        0.0  .2647E-24
                    .2647E-24 .10588E-23        0.0
   1000       .01         0.0        0.0        0.0        0.0        0.0        0.0        0.0        0.0        0.0 -91119.238
                    -11787.53 102907.777        0.0        0.0        0.0        0.0        0.0        0.0        0.0        0.0
                          0.0        0.0        0.0        0.0        0.0        0.0        0.0        0.0        0.0        0.0
                          0.0        0.0        0.0        0.0        0.0        0.0        0.0        0.0        0.0  .2647E-24
                    .2647E-24 .10588E-23        0.0
   1500      .015         0.0        0.0        0.0        0.0        0.0        0.0        0.0        0.0        0.0 91098.5814
                   -102900.48 11803.0947        0.0        0.0        0.0        0.0        0.0        0.0        0.0        0.0
                          0.0        0.0        0.0        0.0        0.0        0.0        0.0        0.0        0.0        0.0
                          0.0        0.0        0.0        0.0        0.0        0.0        0.0        0.0        0.0  .2647E-24
                    .2647E-24 .10588E-23        0.0
   2000       .02         0.0        0.0        0.0        0.0        0.0        0.0        0.0        0.0        0.0 34817.4504
                   75337.6824 -110173.87        0.0        0.0        0.0        0.0        0.0        0.0        0.0        0.0
                          0.0        0.0        0.0        0.0        0.0        0.0        0.0        0.0        0.0        0.0
                          0.0        0.0        0.0        0.0        0.0        0.0        0.0        0.0        0.0  .2647E-24
                    .2647E-24 .10588E-23        0.0
 ***                                                             Close switch  "XX0014"  to  "XX0015"  after  2.00100000E-02  sec.
 ***                                                             Close switch  "XX0016"  to  "XX0017"  after  2.00100000E-02  sec.
 ***                                                             Close switch  "XX0018"  to  "XX0019"  after  2.00100000E-02  sec.
   2500      .025  23.3699931 416150.708 28.4778015 78.3527093 .030661215 23.3768542 1521.11683 1.23476034 56.3635491 -103138.48
                    2081.0665   56336.22 -103138.15 2040.26696 56335.9143 73945.2858 -116213.55 -6092.8329  -154574.2 12947.4323
                   87476.5161 -159474.06 105178.413 54295.6473 80038.1187 -190158.83 110120.716 -242050.71  167521.63 74529.0839
                   -152.87247 -20399.772 168.753671 .192809388 .581677E-4 .278012062 307.151822 .015845128 1579.03174 .102485927
                    789.55073 .079615684 20402.6696
   3000       .03  2.89531319 75237.7911 1.01248317 8.95526614 .005548553 34.1679008 24.2053918 .005227198 .547476671 34868.2996
                   885.272931 68108.6305 34868.3632 867.924987 68108.5229 43194.8436 44677.1774 2417.22777 57325.5686 -842.41634
                   8621.34693  -33240.16 -34000.438 67240.5979 40777.6158  1482.3338  -42259.95 48704.2217 -58167.985 9463.76327
                   -53.808114  -8673.972 31.8195408 .426776572 .179774E-3 .628137879 336.045339 .020626854 1591.23901 .156054505
                   2439.99279 .119553613 8679.24987
   3500      .035  1.39702197 51218.6705 1.03893895 78.5758193 .003796992 96.6699557 100.341643 .576033E-3 124.759354  103284.95
                   -732.29312 -114561.41 103284.885 -717.97967 -114561.34 -127668.99 117280.558 64.8906751 116716.677 279.650849
                   -130145.41 217846.222 -104002.86 -113843.36 -127733.88 244949.545 -117215.67 246862.092 -116437.03 -130425.07
                   37.3767572 7156.72205 -32.232576 .743442492  .19046E-3 .757899741 337.017166 .023792491 1591.39829 .184350405
                   2584.91902 .144669443 -7179.7967
   4000       .04  2.13557058 149999.138 1.53800191 61.7307173 .011021792 .321563666  51.083966 .266928719 .356404E-5 -91546.681
                   1247.75384 -6607.4194 -91546.759 1223.25902  -6607.327 -1385.3444 -90411.244 4875.67786  -83278.83 6019.90952
                   21.9970105 -84939.432 92770.0181  -7830.586 -6261.0223   -89025.9 95286.9223 -83300.827 89298.7397 -5997.9125
                   46.2122341 -12247.414 -39.217367 .860682205 .204185E-3 1.04573553 337.157452  .02488682   1591.929  .20277651
                   2771.21469 .157865244 12232.5902
   4500      .045  .339639665 205571.414 .676668284 12.5637117 .015151311 92.4011692 24.7479326 .014832869  123.46349 -41300.066
                   1462.90096 112003.322 -41300.118 1434.22543 112003.359 121593.514 -52508.327  -1022.273 -57964.457 -1419.0735
                   129467.746 -153303.48 42734.3435 110569.133 122615.787 -174101.84 51486.0541  -187432.2 56545.3839 130886.819
                   18.4293154 -14337.762 -26.012848  1.1849997 .311334E-3 1.29287894  337.50779 .025830261 1592.18872 .211519474
                   4225.29645 .166155946 14342.2543
   5000       .05  .119729989 61582.9128 .324805043 86.0883476 .004536887 23.7950684 80.1426348 .197456727 20.4666726 108109.623
                    -800.5172 -56837.586 108109.659 -784.82225 -56837.608 -54618.872 104097.642 -3658.4809 104309.562 -5177.5974
                   -52712.782 164947.267 -108894.48 -56052.786 -50960.392 158716.515 -107756.12 157022.343 -109487.16 -47535.184
                    -10.94212 7847.47812 18.0223484 1.37311372 .330836E-3 1.44164165 337.704224 .026118275 1592.34638 .219965231
                   4489.99072 .172255416 -7848.2225
   5500      .055  2.26703418 6150.59484 2.21390629 7.00997943 .452655E-3 41.8432374 4.05372407 .072747675 45.3208909 -30849.776
                   252.859751 -75371.022 -30849.681 247.899672 -75371.117 -78911.556 -26525.578 1997.70339 -23459.535 3142.69237
                   -78440.713 44521.4355 31097.5811 -75619.017 -80909.259 52385.9778 28523.2815 54981.1776 26602.2276 -81583.405
                   -47.613382 -2480.0393 47.0521656 1.56794939 .348305E-3 1.78844632 337.902125 .026355176 1592.69881 .223084584
                      4726.92 .176430205 2478.99672
   6000       .06  .005332091 293885.316 .371257694 59.1988211 .021663007 74.7387869 51.6358116 .109049449 69.2014463 -89649.662
                   1749.23702 100731.503   -89649.7 1714.95086 100731.508 97281.7971 -86130.256 2927.02287 -83727.441 3847.72522
                   96928.1443 -190381.21 91364.6511 99016.5569 94354.7743 -183412.05 89057.2786 -180655.59  87575.166 93080.4191
                   2.30913202 -17143.084 -19.268049 1.88817559 .414121E-3 1.91431993  338.22789 .026491636  1592.8274 .227707108
                   5620.15594 .179067507 17149.5086
   6500      .065  1.95197308   10631.49 1.00814765 57.3248882 .784312E-3 .583959901 56.8554047 .018583666 .511996037 88219.4272
                   -332.83593 8903.88446 88219.3637 -326.31474 8903.97282  8557.4297 87748.8655 -1323.7261 87857.3683 -1588.3931
                   8337.30352 79315.3908 -88545.678 9230.28756 9881.15579 79191.4358 -89072.592 79520.0648 -89445.761 9925.69666
                   44.1811394 3260.59658 -31.751341 2.00069058 .455379E-3 2.19658348 338.341571 .026593244 1593.11338 .230204435
                   6180.01525 .182626727 -3263.1474
   7000       .07  .035364419 38703.5198 .413288071 9.18617784 .002854646 85.8269167 7.62549076 .008412912 81.6764519 35315.0021
                   -634.98409 -107945.37 35315.0428 -622.54166 -107945.38 -106075.22 33273.8322  -1051.212 32175.5673 -1068.7238
                     -105303. 143260.425 -35937.584 -107322.84 -105024.01 139349.054 -34325.044 137478.567 -33244.291 -104234.28
                   -5.9467991  6221.2153 20.3294877 2.32325908 .482828E-3  2.4450581 338.669678 .026637869 1593.36443 .232377849
                   6552.39688   .1840876 -6225.4166
   7500      .075  .839889419 230912.288 .098144176 92.2414415 .017018702 25.3824885 94.7099429 .022651373 27.2777738 -111906.53
                   1550.43338 58702.9383 -111906.51 1520.04178 58702.8804 60424.8596 -113011.84 1701.49018 -113394.01 1753.63651
                   60855.0711 -170609.39 113426.552 57182.8386 58723.3694  -173436.7  114713.33 -174249.08 115147.643 59101.4346
                   -28.980846 -15195.798 9.90677427 2.51176961 .508838E-3 2.59431211 338.860225 .026673464 1593.51578 .235441403
                   6905.38398 .186747955 15200.4178
   8000       .08   .33245117 17499.8326 .479028471 7.75406193 .001290321 38.6950377 7.97613521 .001363241 38.3139206 32445.7286
                   426.910673 72480.2581 32445.6848 418.544112 72480.2945 72265.9437 32971.7709 487.341793 32907.0208 430.208082
                   72122.4731  -40034.61 -32027.141 72061.7504 71778.6019 -39294.173 -32484.429 -39215.452 -32476.813  71692.265
                   18.2332435 -4183.2801 -21.886719 2.70954828 .575353E-3 2.93801866 339.061645 .026744052 1593.86353 .236545061
                   7807.98822 .188856266 4185.44112
   8500      .085  .065937611 123075.424 .154608026 61.6731377 .009072201 79.3118138 63.7563827 .009782925 83.0439456 91504.0289
                   -1131.9979 -103767.49 91504.0538 -1109.8101 -103767.48 -105329.23 92676.8485 -1005.7375 93036.6677 -1152.4622
                   -106180.88  195271.53 -92613.864 -102657.67 -104323.49 198006.077 -93682.586 199217.543  -94189.13 -105028.41
                    8.1201977 11093.9364 12.4341476 3.02657395 .598063E-3 3.06467532 339.382289  .02676688 1593.99157 .239321508
                    8116.1054  .19022977 -11098.101
   9000       .09  .627534895 76682.5407 .260973719   57.91175 .005649305 .640792017 58.2379029 .005585323 .712382944 -88669.818
                   893.283202 -9327.1407 -88669.785 875.769489 -9327.1908 -9665.9984 -88785.515 887.636494 -88919.124 870.796038
                   -9834.4272 -79342.595 89545.5548  -10202.96 -10553.635 -79119.516 89673.1512 -79084.697 89789.9203 -10705.223
                   -25.050647 -8756.8568  16.154681 3.13964995  .61475E-3 3.34929482 339.497273 .026782886  1594.2801 .241066264
                   8342.50433 .193175302 8757.69489
   9500      .095  .118936591 125853.027 .663543278 9.94521159 .009274936 87.4486494 10.2943128 .010540987 89.8170396 -36745.039
                   1144.57876 108960.423 -36745.091 1122.14191 108960.444 110042.557 -37272.774 1157.01702  -37384.45 1196.28032
                   110426.086 -145705.54 37867.2328 107838.302  108885.54 -147315.33 38429.7906 -147810.54   38580.73 109229.806
                   10.9058054 -11218.424 -25.759334 3.46394549 .684738E-3 3.59623036 339.825518 .026848946 1594.52924  .24266659
                   9292.24442 .194208868 11221.4191
  10000       0.1  .433082775 113428.302 .008131635 90.8019292 .008359675 24.8722475 91.0837665 .008022205 24.7552377 111029.881
                   -1086.6376 -58109.902 111029.875  -1065.337  -58109.86 -58015.097 111202.711 -1043.8103 111202.052 -1043.6123
                   -57973.012 169139.735 -112095.21 -57044.523 -56971.286 169217.808 -112246.52 169175.064 -112245.66 -56929.399
                   20.8106409 10650.2724 -2.8516022 3.65148422 .701504E-3 3.74462047 340.015338 .026864752 1594.67976 .245476463
                   9519.74667 .196739326  -10653.37
  10500      .105  .598916782 2.21750468 .793864104 7.67965775 .169665E-6 39.3667108 7.60352073 .145625E-3 40.4292964 -32289.699
                   -4.8935922   -73106.6 -32289.643 -4.7994114 -73106.649 -73797.022 -32177.663 -85.129856 -32129.183   -140.608
                   -74086.726 40817.0058 32284.8437  -73101.85 -73711.892 41619.3583 32092.5336 41957.5434 31988.5748 -73946.118
                   -24.472776 47.0903884 28.1755941 3.84778351 .733379E-3 4.09019097 340.214232 .026896147 1595.02909 .246451926
                   9952.19144 .198721502 -47.994114
  11000       .11  .050239316  220785.36 .182359298 61.3168074 .016270694 78.0732232  61.450813 .020000417 78.4577879 -91239.301
                    1515.9796 102954.048 -91239.328 1486.26191 102954.034  103120.11 -91300.471 1614.34341 -91338.974 1647.82785
                   103207.282 -194193.36 92725.5903 101467.772 101505.767 -194420.58 92914.8145 -194546.26 92986.8019 101559.454
                   -7.0879698 -14858.848 -13.504047 4.16651908 .779397E-3 4.21633969 340.536908  .02693465 1595.15628 .249178151
                   10576.6774 .200093522 14862.6191
  11500      .115  .870384587 28398.7212 .421603413  57.803277 .002092978 .606193085 58.3000553 .002201554  .64414106 88586.7449
                   -543.71631 9071.83153 88586.7039 -533.05822 9071.89054 9296.67269 88839.4579 -536.31818 88966.5595 -546.70999
                   9351.53286 79514.8133 -89119.762 9604.94876 9832.99087 79542.7852 -89375.776 79615.0267  -89513.27 9898.24285
                    29.502281 5329.04505 -20.532984 4.27944685 .808502E-3 4.49960591 340.651158 .026966217 1595.44337  .25090606
                   10971.6008  .20298975 -5330.5822
  12000       .12  .083391914 65556.5111 .598392415  9.7286577  .00483254 87.2165752 9.75371902 .006106527 87.8980913 36342.7837
                   -826.18414 -108815.75 36342.8326 -809.99075 -108815.77 -109123.38 36360.0755 -849.09302 36389.6126 -910.51991
                   -109240.09   145158.6 -37152.823 -108005.78 -108274.29 145483.455 -37209.169 145629.699 -37300.133 -108329.57
                   -9.1319173 8096.69754 24.4620607 4.60250858 .849561E-3 4.74753652 340.978527 .027002646 1595.69327 .252500161
                   11528.6866 .204030375 -8099.9075
  12500      .125  .499383795 182083.049 .015932784 91.3203586 .013417921 24.8853502 92.6965656 .013666593 25.3446595 -111346.39
                   1376.68043 58125.2086 -111346.38  1349.6928 58125.1639 58501.4211 -111933.97 1318.70056 -112182.25 1362.14219
                   58659.1199 -169471.55 112696.077 56775.4711 57182.7206 -170435.39 113252.671 -170841.37 113544.389 57296.9777
                   -22.346897 -13493.815 3.99158905 4.79075048 .870148E-3 4.89643803 341.168934 .027019089  1595.8444 .255307235
                   11808.0604 .206534316  13496.928
  13000       .13  .518442267  6957.5756 .725554878  7.5559685 .513028E-3 39.1917955 7.50187633 .927981E-3  39.950552 32028.6116
                   269.189682 72944.0079 32028.5577 263.914239 72944.0534 73460.8598 31919.7305 258.750594 31913.7077 354.945651
                     73646.77 -40915.496 -31764.643 72680.1392 73202.1092 -41541.129  -31660.98 -41733.062 -31558.762 73291.8244
                   22.7693273 -2637.7217 -26.936126 4.98778233  .92208E-3 5.24083159 341.368741 .027070746 1596.19253 .256265594
                   12512.7299 .208509922 2639.14239
  13500      .135  .048471324 156205.313   .1793542 61.3676079 .011512677 78.4681779 62.1960829 .012045964 79.3683029 91277.0893
                   -1275.1992 -103214.13 91277.1161 -1250.2028 -103214.12 -103661.51 91700.0321 -1302.2799 91891.1802 -1278.8308
                   -103804.42 194491.232 -92527.319 -101963.91 -102359.23 195361.547 -93002.312 195695.603 -93170.011 -102525.59
                   6.96213502 12498.2124 13.3923187 5.30550704 .952145E-3 5.36727765 341.690319 .027095635 1596.32014 .258988258
                   12920.6788 .209872174 -12502.028
  14000       .14  .793886114 55955.6158 .379900694 57.9134328 .004122827 .624831352 58.2596525 .003707742 .665847149 -88671.113
                    763.11277 -9210.2424 -88671.074 748.152073 -9210.2988 -9474.6835 -88894.818 672.267056 -88935.727 709.491306
                   -9507.7901 -79460.775 89419.2256 -9958.4509 -10146.951 -79420.135 89567.0854 -79427.936 89645.2179 -10217.281
                   -28.175985 -7480.3486 19.4910414 5.41847151  .97235E-3  5.6513478 341.804737 .027115701 1596.60799 .260707386
                   13194.8159 .212771624 7481.52073
  14500      .145  .094747302 101158.601 .616963435 9.81676026 .007455841 87.1008954 9.85997787 .010193359 88.2267128 -36506.972
                   1026.21435 108743.559 -36507.022 1006.09883 108743.579 109250.353 -36601.647 1117.18101 -36587.293 1176.38903
                   109444.102  -145250.6 37513.1206  107737.48 108133.172   -145852. 37718.8275  -146031.4 37763.6824 108267.713
                    9.7338226 -10057.763 -24.838749 5.74234019 .001030652 5.89862235 342.132821 .027168834  1596.8573 .262296321
                   13985.9388 .213807504 10060.9883
  15000       .15  .481568396 137029.685 .016395761 91.0889557  .01009863 24.9091452 92.1823437 .009183616 25.2031554 111205.228
                    -1194.322  -58152.99  111205.22 -1170.9101 -58152.947 -58409.368 111692.293 -1117.0627 111870.656 -1116.6039
                   -58495.138 169358.167 -112376.13 -56982.036 -57292.306 170101.662 -112809.36 170365.794 -112987.26 -57378.534
                   21.9446667 11705.9679 -4.0491679 5.93009061 .001048072  6.0472277 342.322686 .027184927  1597.0081 .265098011
                   14222.3035 .216313064 -11709.101
  15500      .155  .529365391 1015.20329 .731506558 7.65004513 .749397E-4 39.2510478 7.64585352 .201727E-3 39.9692059 -32227.383
                   -102.88196 -72999.127 -32227.329 -100.86682 -72999.173 -73513.793 -32244.131 -179.69898 -32218.499 -165.49112
                   -73663.962 40771.8441 32126.4621 -72898.306 -73334.094 41269.6617 32064.4323 41445.4631 32053.0076 -73498.471
                   -23.007942 1007.57297 27.0463779 6.12671798 .001086755 6.39234332 342.522118 .027222265 1597.35693 .266063107
                    14747.152 .218294742 -1008.6682
  16000       .16  .048717931 195574.656 .180823041 61.3669161 .014413409 78.3313919 61.9109616 .017006573 79.1425222 -91276.575
                   1426.83416 103124.129 -91276.602 1398.86456 103124.115 103569.659 -91573.919 1505.82009 -91680.313 1519.50005
                   103656.671 -194400.72 92675.4662  101725.25 102063.838 -195143.58 93079.7393 -195336.98  93199.813 102137.171
                   -6.9798231 -13984.801 -13.447046 6.44506185 .001126337 6.51859943 342.844336 .027255176 1597.48432 .268781788
                   15284.2832 .219653305 13988.6456
  16500      .165  .827030011 37510.6911 .399319196 57.7959531 .002764257 .623525771 58.1198252 .004236875 .645357676 88581.1315
                   -624.85563  9200.6138 88581.0915 -612.60643 9200.67132 9393.43001 88790.2166  -630.2889 88828.9365 -758.42938
                   9360.36001 79380.4202 -89193.698 9813.27775 10023.7189 79396.7866 -89420.505 79468.5764 -89587.366 10118.7894
                   28.7581295 6124.59722 -19.982973 6.55798011 .001151711 6.80217126 342.958644 .027282383  1597.7717 .270500544
                   15628.5653 .222548916 -6126.0643
  17000       .17  .091992905 77809.2044 .612937004 9.77343518 .005735367 87.2158336 9.85138885 .006925561 88.0874099 36426.3235
                   -900.05699 -108815.29  36426.373 -882.41508  -108815.3 -109234.74 36605.1923 -898.64791 36571.3543 -969.66072
                   -109357.67 145241.677 -37308.788 -107932.89 -108336.09 145839.933  -37503.84  145929.02 -37541.015 -108388.01
                   -9.5912932 8820.95258 24.7575646 6.88134365 .001198779 7.04987398 343.286268 .027324653 1598.02142 .272091945
                   16267.2164 .223584878 -8824.1508
  17500      .175  .489626857 164720.404 .014357085 91.1202992 .012138749 24.9105157  92.321736 .013053599 25.2741251 -111224.36
                   1309.41519 58154.5906 -111224.35  1283.7465 58154.5463 58461.6595  -111732.1 1334.27226 -111955.21 1331.24333
                   58577.4386  -169378.9 112508.098 56870.7998 57127.3872 -170193.76  113066.37 -170532.64 113286.449 57246.1953
                   -22.127514 -12834.345  3.7890745 7.06942284 .001217897 7.19863038 343.476523  .02734045 1598.17237 .274895464
                   16526.6439 .226091776  12837.465
  18000       .18  .536528184 4149.94241 .748490612  7.5652823 .306101E-3 39.2252376 7.49359664  .35829E-3 39.9764476 32048.3462
                    207.93098 72975.1218 32048.2915 203.856699 72975.1681 73503.6531  31866.496  167.96078 31896.0915 220.551397
                   73670.6348 -40926.877 -31844.435 72771.3114 73335.6923 -41637.157 -31698.535 -41774.543  -31675.54 73450.0834
                    23.163078 -2037.1407 -27.358556 7.26626617 .001264694 7.54329999 343.676119 .027387042 1598.52079 .275855293
                   17161.6191 .228064815 2038.56699
  18500      .185  .047881922 170178.184 .178198044 61.3439005 .012542334 78.4149835 62.1185984 .013031703 79.1761409 91259.4567
                   -1331.0033 -103179.14 91259.4834 -1304.9128 -103179.12 -103557.91 91636.0241 -1383.7965 91833.9229 -1330.1263
                   -103678.68 194438.608 -92564.396 -101874.21 -102174.11 195193.933 -93019.821 195512.607 -93164.049 -102348.56
                   6.91967642 13045.2361  13.349084 7.58422392 .001298055 7.66968502 343.997925 .027415018 1598.64832  .27857736
                   17614.3014  .22943033 -13049.128
  19000       .19  .801039348 48748.3837  .38407747 57.8856855 .003591853  .61426687 58.2047144 .003508239 .645731882 -88649.868
                   712.279384 -9132.0476 -88649.829 698.315375 -9132.1042 -9345.0998 -88870.079 635.839533 -88893.784 690.139524
                   -9363.0734 -79517.725 89348.1445 -9830.4196 -9980.9393 -79524.979 89505.9187 -79530.711 89583.9236 -10053.213
                   -28.302639 -6982.0043 19.5978945 7.69719454 .001319989 7.95355648  344.11235 .027437113 1598.93597 .280299556
                   17911.8998 .232328783 6983.15375
  19500      .195  .093764947 92231.7432  .61432005 9.78824655 .006798143 87.1598175 9.81675113 .009963635 88.2469208 -36453.915
                   979.906733 108780.335 -36453.964 960.699262 108780.354 109243.432 -36551.275  1062.1333 -36507.005 1163.05757
                   109456.635 -145234.32 37414.6634 107819.655 108181.299 -145794.71 37613.4079 -145963.64 37670.0624 108293.577
                   9.68323018 -9603.7359 -24.785481 8.02086845 .001374021 8.20097611 344.440246 .027486473 1599.18541 .281886565
                   18645.0668 .233365242 9606.99262
  20000       0.2  .483669571 146886.716  .01641467 91.1295881 .010824979 24.9171678 92.2288098 .010473297 25.2401824 111230.028
                   -1236.5275 -58162.355  111230.02 -1212.2881 -58162.311 -58436.617 111718.596 -1174.8144 111898.848 -1192.4331
                   -58538.091 169392.331 -112442.31 -56950.022 -57261.803 170155.213 -112893.41 170436.939 -113091.28 -57345.658
                    21.992489  12119.683 -4.0515022  8.2087134 .001391944  8.3496574   344.6302 .027502877  1599.3363 .284689659
                   18888.2594 .235870225 -12122.881
  20500      .205  .525587681 1917.13328 .727148121 7.63444915 .141441E-3 39.2209311 7.62578618 .289441E-3 39.9333197 -32194.515
                   -141.34262 -72971.116 -32194.462 -138.57341 -72971.162 -73479.068 -32202.779 -197.02522  -32176.19 -198.23128
                   -73630.885 40776.7005 32055.8882 -72832.589 -73282.043 41276.2893 32005.7536 41454.6944 31977.9592 -73432.654
                   -22.925699 1384.60582 26.9656841 8.40544565 .001433501 8.69460337 344.829754 .027543132 1599.68496 .285653818
                   19452.1163 .237851682 -1385.7341
  21000       .21   .04822259 186081.122 .180238062 61.3438773  .01371398 78.3756956 61.9155429 .016475057 79.2589757 -91259.439
                   1391.78398 103153.288 -91259.466 1364.50167 103153.274 103608.724 -91552.041 1477.30995 -91683.705 1495.56665
                   103732.905 -194412.74 92623.9678 101788.772 102131.414 -195160.77  93029.351 -195416.61 93179.2717 102237.338
                   -6.9442487 -13641.155 -13.425277 8.72364414 .001470724 8.82088892 345.151819 .027574073 1599.81238 .288372698
                   19957.2222 .239210462 13645.0167
  21500      .215    .8224034 41445.8379 .397646615 57.8251243 .003054152 .627293359 58.1127785 .004793496 .644395396 88603.4832
                   -656.80416 9228.36914 88603.4433 -643.92847  9228.4265 9388.91962 88775.5638 -670.36449 88823.5513 -806.71195
                   9353.37888 79375.0169 -89247.372 9872.35496 10059.2841 79386.6441 -89445.928 79470.1724 -89630.263 10160.0908
                   28.6775766  6437.8442 -19.941079  8.8365518 .001494771 9.10457992  345.26612 .027599939 1600.09988 .290091482
                   20283.4968 .242105756 -6439.2847
  22000       .22  .092787862 82928.7723 .611683535 9.78274189 .006112598 87.1985073 9.86689838  .00710682 88.0672371 36443.6629
                    -929.1855 -108804.48 36443.7124 -910.97245  -108804.5 -109213.25 36635.0861 -937.24379  36600.131 -982.26795
                   -109345.14 145248.207 -37354.685 -107893.52   -108276. 145848.332  -37572.33 145945.274 -37582.399 -108362.88
                   -9.6326456 9106.52361 24.7322368 9.16003564 .001544324 9.35218914 345.593862 .027644652 1600.34951 .291682526
                   20955.8719 .243141762 -9109.7245
  22500      .225  .490136418 158104.838 .014358222 91.0650491 .011651378 24.9185818 92.2338808 .012547499 25.2699983 -111190.63
                   1282.85921 58164.0051 -111190.63 1257.71126 58163.9608 58488.7908 -111707.08 1327.08795 -111901.92 1305.18147
                   58572.6562 -169354.59 112448.337 56906.2496 57161.7028 -170195.87  113034.17 -170474.58 113207.105 57267.4747
                   -22.139025 -12573.975 3.78922452 9.34805016 .001562959 9.50089215 345.784056 .027660281  1600.5004 .294485834
                   21208.7385 .245648857 12577.1126
  23000       .23  .538201375 3238.99994 .749008559 7.57266871 .238949E-3 39.2361374 7.48391783 .184258E-3  39.978612 32063.9877
                   183.712396 72985.2601 32063.9329 180.112952 72985.3065  73525.868 31893.6138 152.077179 31875.4862 158.163232
                   73672.6291 -40921.374  -31883.82 72805.1935 73373.7909 -41632.254 -31741.537 -41797.143 -31717.323 73514.4658
                   23.1991675 -1799.7222 -27.368021  9.5448242 .001607808 9.84566778 345.983579  .02770497 1600.84893 .295445918
                    21817.276 .247621342 1801.12952
  23500      .235  .047898601 175873.782 .177475987 61.3502116 .012961986 78.4025101 62.1150531 .013601241  79.146946  91264.151
                   -1353.0871 -103170.93 91264.1777 -1326.5636 -103170.92 -103546.96  91640.927  -1399.013 91831.3022 -1358.8815
                   -103659.57 194435.096 -92590.741 -101844.35 -102147.94 195187.885  -93039.94  195490.87 -93190.184 -102300.69
                   6.92088152 13261.7413 13.3220114 9.86287044  .00164254 9.97203128 346.305472 .027734262 1600.97643 .298167816
                   22288.5642 .248987509 -13265.636
  24000       .24  .801052441 46029.9788 .383973871 57.8714951 .003391594 .611825047 58.1750847 .003343171 .641311108 -88639.002
                   692.138434 -9113.8786 -88638.962 678.569354 -9113.9352 -9310.0343 -88861.213 622.682189 -88871.155 673.707856
                   -9330.9679 -79525.027 89317.5317 -9792.5046 -9932.7165 -79551.179 89483.8953 -79540.187 89544.8629 -10004.676
                    -28.30287 -6784.5397 19.5952512 9.97584516 .001665213 10.2558255 346.419905 .027757201   1601.264 .299890752
                    22596.204 .251885894 6785.69354
  24500      .245  .093918164 88804.8606  .61489178 9.77371245  .00654564  87.173943 9.80849656 .009780808 88.2751535  -36426.84
                   961.536082 108789.149  -36426.89 942.688815 108789.169 109252.418 -36545.733  1039.6349 -36491.653 1152.33744
                   109474.143 -145216.06 37369.5786  107846.48 108212.784 -145798.15 37585.3678  -145965.8 37643.9903 108321.805
                   9.69113845 -9423.6331 -24.797012 10.2994418 .001717598 10.5033028 346.747722 .027805106 1601.51351 .301477022
                   23307.0206 .252922409 9426.88815
  25000       .25  .483163479 150895.834 .016504087 91.1575153 .011120405 24.9157328 92.2226484 .010957777 25.2316937 111247.071
                    -1253.287  -58160.68 111247.062 -1228.7191 -58160.636 -58438.687 111729.572 -1195.8421  111895.11 -1219.7015
                   -58528.247 169407.698 -112475.78 -56931.917 -57242.845 170168.259 -112925.41 170423.357 -113114.81 -57308.545
                   21.9809799 12283.9665 -4.0625222  10.487323 .001735759 10.6520133 346.937711  .02782165 1601.66442 .304280381
                    23553.448 .255427249 -12287.191
  25500      .255   .52556058 2354.61719 .726822576 7.63315899 .173693E-3 39.2118472 7.61728964  .33575E-3 39.9262504 -32191.795
                   -156.63081 -72962.665 -32191.741 -153.56186 -72962.711 -73465.205 -32185.894 -206.00375  -32158.26 -213.50129
                   -73624.367   40770.97 32038.1793 -72809.149 -73259.201 41279.3114 31979.8898 41466.1069 31944.7591 -73410.866
                   -22.925108 1534.47619 26.9596472 10.6840965  .00177849  10.996893 347.137309 .027863108 1602.01301 .305244374
                   24133.2349 .257408667 -1535.6186
  26000       .26  .048189838 182369.422  .17980352 61.3382122 .013440531  78.391649 61.9070394 .016221056 79.2898661 -91255.225
                   1377.83831 103163.786 -91255.252 1350.82946 103163.772 103613.992 -91538.145 1464.24418 -91677.409 1483.99308
                   103753.117 -194419.02 92606.0816 101812.942 102149.748 -195152.14 93002.3897 -195430.53 93161.4019 102269.124
                     -6.94189 -13504.422 -13.409084 11.0022379 .001814801 11.1231888 347.459315 .027893304 1602.14044 .307963271
                   24625.9632 .258767546 13508.2946
  26500      .265  .821373405 43067.7334 .396801967 57.8383047  .00317362 .628237067  58.119508 .004818768 .645248843 88613.5805
                   -669.52706 9235.30825 88613.5407 -656.40186 9235.36557 9385.44265 88771.4959 -693.98351  88828.694 -808.83572
                   9359.57071 79378.1751 -89269.943 9891.76743 10079.4262 79386.0532 -89465.479 79469.1233  -89637.53 10168.4064
                   28.6596128 6562.60112 -19.919889 11.1151416 .001838342 11.4069271 347.573613 .027918637 1602.42799 .309682262
                   24945.3716 .261662715 -6564.0186
  27000       .27   .09276114 85015.0909 .610771997 9.78618754 .006266327 87.1881432 9.87533104 .007166451 88.0532272 36450.0804
                   -940.79728 -108798.01 36450.1298 -922.35656 -108798.03  -109206.4 36638.8381 -954.55738 36615.7677 -986.38029
                   -109336.45 145248.159 -37372.486 -107875.67 -108251.85 145845.242 -37593.395 145952.213 -37602.148 -108350.07
                   -9.6312585 9220.36284 24.7138018 11.4386726 .001888904 11.6544988 347.901403 .027964351 1602.67759  .31127311
                    25631.434 .262698759 -9223.5656
  27500      .275  .490460721 155503.129 .014528263 91.0802449 .011459684 24.9124244 92.2128851 .012385302 25.2759762 -111199.91
                   1272.26234 58156.8185  -111199.9 1247.32216 58156.7742 58497.0828 -111702.21 1314.90895 -111889.19 1296.71821
                   58579.5838 -169356.68 112447.225  56909.452 57182.1738 -170199.29 113017.121 -170468.77 113185.905 57282.8656
                   -22.146348 -12470.089 3.81159587 11.6266618 .001907361 11.8031813 348.091572 .027979915 1602.82845 .314076417
                   25881.8898 .265205893 12473.2216
  28000       .28  .538358314 2906.72065 .748417279 7.57131167 .214454E-3 39.2419347  7.4793178 .123648E-3 39.9758664 32061.1146
                   174.041387 72990.6518 32061.0598 170.631565 72990.6982 73532.7611 31903.5633 146.723217 31865.6885 129.564463
                   73670.0993 -40929.638 -31890.428 72820.0667 73386.0379 -41629.198  -31756.84 -41804.411 -31736.124 73540.5348
                   23.2025497 -1704.9107 -27.357216 11.8234085 .001951445 12.1479986 348.291067 .028023863 1603.17703 .315036523
                   26480.0478 .267178171 1706.31565
  28500      .285  .047892313 178176.445  .17724303 61.3558601 .013131633 78.3949267 62.1098496 .013900076 79.1436312 91268.3523
                    -1361.913 -103165.94 91268.3789 -1335.2165 -103165.93  -103542.2 91646.0759 -1401.9053 91827.4557 -1373.7285
                    -103657.4 194434.308 -92603.595 -101830.71 -102140.29 195188.275 -93047.981 195484.853 -93201.184 -102283.67
                   6.92042728  13348.275 13.3132652 12.1414896 .001986735 12.2743538 348.612995 .028053688 1603.30452 .317758395
                   26958.9143 .268544558 -13352.165
  29000       .29  .800976504 44964.4067 .383808251 57.8650802 .003313097 .611112145 58.1634729 .003278179 .640005706 -88634.089
                   684.081893 -9108.5673  -88634.05 670.670792 -9108.6239 -9298.1869 -88857.475 616.315463 -88862.285 667.127174
                   -9321.4663 -79525.426 89304.7204 -9779.2947 -9914.5023 -79559.288 89473.7908 -79540.819 89529.4124 -9988.5935
                   -28.301528 -6705.5504 19.5910248  12.254466 .002009714 12.5581175 348.727431 .028076974 1603.59206 .319481563
                   27270.6877 .271442929 6706.70792
  29500      .295  .094047226 87451.1081 .615339398 9.76633995 .006445891 87.1818445 9.80589787 .009686993  88.286072 -36413.099
                   954.181554 108794.079 -36413.148 935.478494 108794.099 109258.743 -36542.509 1033.40032 -36486.818  1146.7977
                   109480.913 -145207.25 37348.6269  107858.62 108225.342 -145801.25 37575.9096 -145967.73 37633.6161 108334.115
                   9.69779488 -9351.5297 -24.806036  12.578032 .002061447 12.8056177 349.055216 .028124303 1603.84159 .321067576
                   27972.6598 .272479494 9354.78494
  % % % % % %   Final time step,  PLTFIL  dumps plot data to ".PL4" disk file.
  Done dumping plot points to C-like disk file.
  30000       0.3  .483071028 152517.309 .016560369 91.1675028 .011239893  24.914984 92.2179803 .011142356 25.2285458 111253.165
                   -1260.0023 -58159.806 111253.157 -1235.3027 -58159.762 -58439.705  111733.46 -1205.9782 111892.278 -1229.9312
                   -58524.596 169412.918 -112488.46 -56924.459 -57233.727 170173.165 -112939.44 170416.874 -113122.21 -57294.664
                   21.9788769 12349.7898 -4.0694433 12.7659274  .00207971 12.9543396  349.24522 .028140906 1603.99251 .323871022
                   28220.4669  .27498426 -12353.027

Extrema of output variables follow.   Order and column positioning are the same as for the preceding time-step loop output.
Variable maxima :  51.9986265 459560.928 40.6916803 492.929711 .033870212 1831.91464 .2910346E7 21.6023405 .5449613E7 125109.426
                   112863.661 132364.583 125109.346 2144.37765 132364.524 163990.417 144486.625 32213.1789 160907.606 43346.3695
                    180042.78 217846.222 143156.707 130513.761 165220.864 255386.587 177829.756 268709.706 187468.123 183767.522
                   228.032073 13604.1051 201.721789 12.7659274  .00207971 12.9543396  349.24522 .028140906 1603.99251 .323871022
                   28220.4669  .27498426 21443.7765
Times of maxima :       .0202     .02604     .02373     .02524     .02608     .02061     .02406     .02249     .02086      .0337
                       .00561     .02782      .0337     .02608     .02782     .02791     .03372      .0217     .03382     .02037
                       .02784       .035     .02524     .02782     .02795     .02073     .02394     .03516     .02539     .02786
                        .0202     .28449     .02373        0.3        0.3        0.3        0.3        0.3        0.3        0.3
                          0.3        0.3     .02608
Variable minima :         0.0        0.0        0.0        0.0        0.0        0.0        0.0        0.0        0.0  -141070.9
                   -112763.48 -158264.56 -141070.87 -1360.7829 -158264.33 -199829.42 -183352.27  -34485.49 -192618.74 -54155.518
                   -196187.19 -243960.19 -125771.69 -158498.71 -203114.34 -292739.46 -142122.33 -305943.39 -155095.62 -210062.68
                   -223.37141 -21437.372 -173.26251        0.0        0.0        0.0        0.0        0.0        0.0        0.0
                          0.0        0.0 -13607.829
Times of minima :       .1E-4      .1E-4      .1E-4        0.0        0.0        0.0        0.0        0.0        0.0     .02524
                       .01394     .02061     .02524     .28449     .02061     .02073     .02392     .02114     .02406     .02249
                       .02086     .02653      .0337     .02061     .02056     .02651     .03375     .02534     .03388     .02071
                       .02101     .02604     .02439        0.0        0.0        0.0        0.0        0.0        0.0        0.0
                          0.0        0.0     .28449

Blank card terminating all plot cards.            |BLANK PLOT

  ---- Initial flux of coil  "X0001A"  to  "      "  =  -6.89935875E-02
  ---- Initial flux of coil  "X0001B"  to  "      "  =  -9.37326241E+02
   Warning.  Preceding flux exceeds the 1st segment.  This means that the steady state solution is not really sinusoidal.
  ---- Initial flux of coil  "X0001C"  to  "      "  =  9.37395234E+02
   Warning.  Preceding flux exceeds the 1st segment.  This means that the steady state solution is not really sinusoidal.
  ---- Initial flux of coil  "X0002A"  to  "      "  =  -5.90177525E-02
  ---- Initial flux of coil  "X0002B"  to  "      "  =  -9.37352218E+02
   Warning.  Preceding flux exceeds the 1st segment.  This means that the steady state solution is not really sinusoidal.
  ---- Initial flux of coil  "X0002C"  to  "      "  =  9.37411236E+02
   Warning.  Preceding flux exceeds the 1st segment.  This means that the steady state solution is not really sinusoidal.
  ---- Initial flux of coil  "X0003A"  to  "      "  =  -7.43184460E-02
  ---- Initial flux of coil  "X0003B"  to  "      "  =  -6.46485600E+02
   Warning.  Preceding flux exceeds the 1st segment.  This means that the steady state solution is not really sinusoidal.
  ---- Initial flux of coil  "X0003C"  to  "      "  =  6.46559919E+02
   Warning.  Preceding flux exceeds the 1st segment.  This means that the steady state solution is not really sinusoidal.
  ---- Initial flux of coil  "X0004A"  to  "      "  =  -3.35365329E-02
  ---- Initial flux of coil  "X0004B"  to  "      "  =  -2.58589181E+02
   Warning.  Preceding flux exceeds the 1st segment.  This means that the steady state solution is not really sinusoidal.
  ---- Initial flux of coil  "X0004C"  to  "      "  =  2.58622717E+02
   Warning.  Preceding flux exceeds the 1st segment.  This means that the steady state solution is not really sinusoidal.

Card of names for time-step loop output.          |  9049A 9049B 9049C T_MANAT_MANBT_MANC1_2LTC1_2LTA1_2LTBT_OPOAT_OPOBT_OPOC
Output voltage differences for pairs of A6 names  |-5T_MANAT_MANCT_MANBT_MANAT_MANCT_MANB1_2LTC1_2LTB1_2LTA1_2LTC1_2LTB1_2LTA
Output voltage differences for pairs of A6 names  |-5T_OPOAT_OPOCT_OPOBT_OPOAT_OPOCT_OPOB
Blank card ending requests for output variables.  |BLANK OUTPUT

The data case now ready to be solved is a statistical overvoltage study that involves  NENERG = 200   simulations.
Closing or opening times for  "STATISTICS"  switches are to be varied randomly according to a Normal   distribution.   The following
is a listing of switches that are to have closing or opening times varied randomly.
          Entry    Switch      From        To         Columns 15-24        Columns 25-34       Reference switch number
         number    number       bus       bus          (in seconds)         (in seconds)       (0 implies independence)
              1        10    XX0014    XX0015             0.020000             0.000833               0
              2        11    XX0016    XX0017             0.020000             0.000833               0
              3        12    XX0018    XX0019             0.020000             0.000833               0
In addition to variation of the switching time that is caused by each switch`s own distribution, there is the added random delay
that is the same for all switches.  This added random delay is called "reference angle," and it has a uniform distribution over the
time interval  0.00000000E+00   to  3.60000000E+02   degrees at frequency  6.00000000E+01   (data fields  DEGMIN, DEGMAX, and STATFR
of the  STARTUP file).   However, if  "ITEST"  (columns 9-16 of the  STATISTICS  miscellaneous data card) is positive, the reference
angle is set to zero, and there is no such added random delay.
In the following output, for each simulation there will be a tabulation of switch times that were used, followed by a display of
peak values that occurred during the simulation.  Format for this latter output is identical to that for the extrema of a
conventional (non-statistical) simulation.
Well, almost identical!  Output of the reference angle in degrees has been added at the extreme left in otherwise blank space.

                       XX0015     XX0017     XX0019     TERRA      TERRA      TERRA      TERRA      TERRA      TERRA      9049A
  Reference angle      MEASUC     MEASUB     MEASUA     PRMANA     PRMANB     PRMANC     PROPOA     PROPOB     PROPOC

                       9049B      9049C      T_MANA     T_MANB     T_MANC     1_2LTC     1_2LTA     1_2LTB     T_OPOA     T_OPOB
 

                       T_OPOC     T_MANA     T_MANB     T_MANC     1_2LTC     1_2LTA     1_2LTB     T_OPOA     T_OPOB     T_OPOC
                                  T_MANC     T_MANA     T_MANB     1_2LTB     1_2LTC     1_2LTA     T_OPOC     T_OPOA     T_OPOB

                       XX0014     XX0016     XX0018     TERRA      TERRA      TERRA      TERRA      TERRA      TERRA      XX0015
                       XX0015     XX0017     XX0019     PRMANA     PRMANB     PRMANC     PROPOA     PROPOB     PROPOC     MEASUC

                       XX0017     XX0019     T_MANB
                       MEASUB     MEASUA     TERRA
             Random switching times for simulation number  1  :
                                  10  3.3661348E-02   11  3.2634097E-02   12  3.3630219E-02
             ==== Table dumping for all subsequent restorations.  Time [sec] = 1.75000000E-02

 293.276           53.6534663 454660.452 68.1722462 2296.82543 .033515088 999.227136 .9837211E7 21.5620909    .4767E7 163522.017
                   112863.661 -148001.22 163521.754 2133.10627 -148001.32 -194608.87 204779.971 -34500.663 198227.086 -54105.043
                   -195866.05 307970.191 -163897.94  -147707.2 -210010.01 380123.151 -202416.51 391934.226 -215097.17 -227762.73
                   231.632179 -21322.768 -261.09815  12.357224 .001962018 12.4546681 3190.27004  .03154232 740.304625 .364642671
                   26623.4432  .31769991 21331.0627
Times of maxima :      .03545     .04271     .03389     .03425     .04276     .03567      .0345     .03534     .03576     .03425
                       .00561     .03567     .03425     .04276     .03567     .03563     .03422      .0352      .0345     .03534
                       .03576     .03427     .03425     .03567     .03695     .03437     .03434     .03451     .03418     .03576
                       .03545     .04271     .03389        0.3        0.3        0.3        0.3        0.3        0.3        0.3
                          0.3        0.3     .04276
             Random switching times for simulation number  2  :
                                  10  3.7429611E-02   11  3.6547789E-02   12  3.6505056E-02

 350.493           53.4127666 474992.689  27.649277 134.394926 .035251736 133.925227 .1599796E7   57.34985 .2396859E7 -135077.84
                   112863.661 -134841.67 -135077.73 2187.67381 -134841.48 -184735.45 -189948.29 -59379.875 -188763.15 88238.5688
                   -191125.94 -226185.72 137062.255 -135461.52 -170709.66 -266555.12 179858.193   -288125. 188658.322 185167.286
                   -231.11202 -21794.327 166.280718 11.9758383 .001979085 11.9989202 378.270443 .109826675 351.737174  .23892379
                   26855.2555 .207869014 21876.7381
Times of maxima :      .03857     .04271     .04089     .04127     .04268     .03803     .04123     .03897     .03827     .04127
                       .00561     .03803     .04127     .04268     .03803     .03805     .04131      .0382     .04123     .03897
                       .03827     .04268     .04127     .03803     .03802     .04264     .04135     .04277     .04121     .04413
                       .03857     .04271     .04089        0.3        0.3        0.3        0.3        0.3        0.3        0.3
                          0.3        0.3     .04268
             Random switching times for simulation number  3  :
                                  10  2.6238536E-02   11  2.5330728E-02   12  2.4893368E-02

 122.146           71.4359377  554270.28 51.1302263 2318.64838 .041136479 3245.84153  .970363E7 103.547147  .156805E8 -163761.81
                   112863.661 173452.364 -163761.53 -2363.2293 173452.074 204528.238  -201890.3 69234.4801 -198165.59 -118566.33
                   200881.712 -294796.28 163794.676 173361.216 233366.119 -347767.88 210939.305 -351978.59 214443.637 296342.757
                   -267.27502 23542.9454 226.119938 12.6983874 .002113255 12.8980398 3367.16256 .110953754 4693.68105 .296781007
                   28676.2075 .254304569 -23632.293
Times of maxima :      .02678     .03434     .02517     .02549     .03423     .02684     .02575     .02586     .02668     .02549
                       .00561     .02684     .02549     .03423     .02684     .02697     .02561     .02662     .02575     .02586
                       .02668     .02687     .02549     .02684     .02694     .02697     .02545     .02711     .02534     .02706
                       .02678     .03434     .02517        0.3        0.3        0.3        0.3        0.3        0.3        0.3
                          0.3        0.3     .03423
             Random switching times for simulation number  4  :
                                  10  2.2713626E-02   11  2.2857659E-02   12  2.2517481E-02

 31.8721           13.5253853 276500.109 23.2025132 123.629474 .020526003 120.383687  2430.7542 51.2482003 3252.89166 -129554.79
                   112863.661 127842.739 -129554.74 -1669.3389 127842.758 165602.152 -150301.86 -57437.149 -164984.06 83412.5929
                   173522.387 -211418.93 130249.489 126939.437 159574.707  -223209.4 157522.059 -227472.06  177745.46 169206.032
                   -116.29869 16628.2924 152.323712 12.7083857 .001908705 12.6820848 14.0972581 .106899849 14.1790486 .141108582
                   25899.0345 .149647008 -16693.389
Times of maxima :       .0269     .03444     .02306     .02447     .03441     .02712     .02337     .02424     .02725     .02447
                       .00561     .02712     .02447     .03441     .02712     .02709     .02323     .02482     .02337     .02424
                       .02725     .02574     .02447     .02712     .02707     .02578     .02322     .02688     .02425      .0272
                        .0269     .03444     .02306        0.3        0.3        0.3        0.3        0.3        0.3        0.3
                          0.3        0.3     .03441
             Random switching times for simulation number  5  :
                                  10  3.4346443E-02   11  3.3107049E-02   12  3.3870451E-02

 303.769           59.0316459 505525.353 51.5381003 1338.87031 .037189976 2427.90959 .2025788E8 124.324957 .1104237E8 152336.639
                   112863.661 -164953.21  152336.34 2247.01133 -164953.22 -202320.56 206777.473 -102498.02 202914.859 -129918.64
                   -198780.25 281124.202 -152582.57   -164738. -242801.22  298796.26  -202130.8 364837.894 -209695.02 -243741.11
                   242.964289 -22483.891 -227.02004 12.1782759 .002008264 12.4575435 3005.62923 .292341029 2048.09881 .220794707
                   27251.1639 .244311525 22470.1133
Times of maxima :      .03489      .0427     .03443     .03448     .04241     .03502     .03471     .03681     .03519     .03448
                       .00561     .03502     .03448     .04241     .03502     .03492     .03453     .03553     .03471     .03681
                       .03519     .03502     .03448     .03502     .03493      .0349     .03443     .03476     .03436     .03502
                       .03489      .0427     .03443        0.3        0.3        0.3        0.3        0.3        0.3        0.3
                          0.3        0.3     .04241
             Random switching times for simulation number  6  :
                                  10  3.1150905E-02   11  3.3286775E-02   12  3.2718663E-02

  261.24            21.108398 522812.482 61.0725139 2417.46362 .038492222  125.87842 .1667497E8  67.685567  .106976E7  164840.23
                   112863.661 -130727.84 164839.918 2286.01357  -130727.8 -169860.49 207646.238 61999.7508 201326.794 95860.6453
                   -187159.49 236319.737 -164857.23 -130686.05 -175892.06 282797.871 -200779.18 300014.572 -208304.29  -203286.9
                   -145.28729 -22865.093 -247.12854 12.3991116 .002024842 12.3007339 5680.49806 .083843652 79.0753884 .163651699
                   27476.3704 .175354893 22860.1357
Times of maxima :       .0378     .04269     .03298     .03332     .04275     .03596     .03357     .03367     .03595     .03332
                       .00561     .03596     .03332     .04275     .03596     .03729     .03343     .03499     .03357     .03367
                       .03595     .03465     .03332     .03596     .03609     .03344     .03326     .03359     .03315     .03485
                        .0378     .04269     .03298        0.3        0.3        0.3        0.3        0.3        0.3        0.3
                          0.3        0.3     .04275
             Random switching times for simulation number  7  :
                                  10  3.4977865E-02   11  3.5137218E-02   12  3.7020837E-02

 339.543           46.0115869 586730.252 26.3492046 121.777035 .043535299 1675.91061 3506.32529 85.7093267 .7828593E7 -128580.43
                   112863.661 -156431.36 -128580.47 2431.15741 -156431.07 -204393.82 -158466.68 86549.1492 -176019.89 -107871.41
                   -197298.37 -211724.42 130921.985 -156488.28 -205569.36 -208179.43 162220.822  -217536.6 195409.242 -208647.23
                   214.503116 -24222.515 162.324381 11.9730511 .002090214 12.2964484 13.7702426 .186385896 2179.94159 .171591462
                   28363.7841 .142296318 24311.5741
Times of maxima :      .03544     .04267     .03993     .04169     .04286     .03557     .04028     .03594     .03582     .04169
                       .00561     .03557     .04169     .04286     .03557     .03569     .04165     .03788     .04028     .03594
                       .03582     .04261     .04169     .03557     .03555     .04256     .04131     .04284     .04147     .03571
                       .03544     .04267     .03993        0.3        0.3        0.3        0.3        0.3        0.3        0.3
                          0.3        0.3     .04286
             Random switching times for simulation number  8  :
                                  10  3.5882474E-02   11  3.6006425E-02   12  3.7491686E-02

 358.641           49.1380523 532405.414 43.4458434 119.997802 .039517628 2136.96923 3026.71223 102.374273  .913994E7 -127637.66
                   112863.661 -161747.16  -127637.7 2316.26234 -161746.88 -203196.64 -161731.23   73099.23 -171243.03 -117892.92
                   -197905.66  -221607.3 129953.306 -161883.58 -214848.08 -237643.24 177800.037 -242906.23 200914.731 -211602.94
                   221.671045 -23073.912 208.436665 11.9737149 .002034261 12.2537814 14.0822264 .145815523 3265.13471 .184011497
                   27604.1634 .162227195 23162.6234
Times of maxima :      .03628     .04269     .03948     .04257     .04262     .03648     .03978     .03685     .03673     .04257
                       .00561     .03648     .04257     .04262     .03648      .0366     .04123     .03878     .03978     .03685
                       .03673     .04256     .04257     .03648     .03643     .04265     .03991     .04237     .03979     .03658
                       .03628     .04269     .03948        0.3        0.3        0.3        0.3        0.3        0.3        0.3
                          0.3        0.3     .04262
             Random switching times for simulation number  9  :
                                  10  2.2470600E-02   11  2.2483781E-02   12  1.9563219E-02

 28.8229           12.8169849 233800.725 17.2425555 112.170314 .017302216 110.194887 1278.63083 30.0341983 1383.72054 -123404.74
                   112863.661 122313.222 -123404.58 -1532.6506 122313.117 141566.724 -135517.35 -44634.712 -151583.65 -63855.798
                   152892.466 -223936.67 124404.602 121344.287 128969.894  -248738.8 154528.551 -261346.75 183334.139  139273.12
                   -113.21212 15290.5436 131.310912 12.7357948 .001900448 12.6867789 13.1720823 .070574866 13.0331613 .148294836
                   25786.9064 .154569018 -15326.506
Times of maxima :      .02351     .03446     .02043     .02499      .0344     .02755     .02522     .02115     .02782     .02499
                       .00561     .02755     .02499      .0344     .02755     .02768     .02513     .02245     .02522     .02115
                       .02782     .02631     .02499     .02755     .02793     .02638     .02533     .02651      .0252     .02919
                       .02351     .03446     .02043        0.3        0.3        0.3        0.3        0.3        0.3        0.3
                          0.3        0.3      .0344
             Random switching times for simulation number  10  :
                                  10  2.6234333E-02   11  2.5917325E-02   12  2.4343237E-02

 130.302           53.1108391 585099.291 61.9588338 2402.59997 .043241858 2184.25392 .1075568E8 1852.39641 .1523074E8 -164678.76
                   112863.661 162275.559 -164678.47 -2422.9502 162275.315 209045.962 -204830.22 -112388.72 -198648.93 -158502.29
                   200679.796 -285044.19 164683.921 162293.561 245656.179   -321286. 210219.593 -317716.79 219972.945 250609.866
                   -230.45789 24188.8257 -248.91531  12.768446 .002145565 12.7929942 3360.56337 .391348062   1616.608 .238576286
                   29114.7922 .293545775 -24229.502
Times of maxima :      .02659     .03433     .02998     .02494     .03411     .02684      .0252      .0266     .02709     .02494
                       .00561     .02684     .02494     .03411     .02684     .02697     .02506     .02792      .0252      .0266
                       .02709     .02686     .02494     .02684     .02676     .02697     .02504     .02711     .02713     .02663
                       .02659     .03433     .02998        0.3        0.3        0.3        0.3        0.3        0.3        0.3
                          0.3        0.3     .03411
             Random switching times for simulation number  11  :
                                  10  3.5369517E-02   11  3.6611354E-02   12  3.6209924E-02

 342.541           49.3902908 466530.832 32.4314757 133.507268 .034272525 2171.93413 108557.062 95.4048485 .1001127E8 -134630.99
                   112863.661 -162138.21 -134630.91  2157.0756 -162137.92 -205591.34 -171231.89 -96146.644 -178802.45 -113809.24
                   -198307.16 -213794.09 136387.948 -162143.25 -212977.58 -225382.36 165321.117 -252950.69 183908.222 -211878.21
                   222.239265 -21599.325 180.087411 11.9833735 .001971343 12.3139394 20.3619506 .236383076 3275.57418 .188673386
                   26749.9863 .180259505  21570.756
Times of maxima :      .03582     .04272     .03705     .04059     .04294     .03596     .04078     .03633     .03621     .04059
                       .00561     .03596     .04059     .04294     .03596     .03608     .04065     .03764     .04078     .03633
                       .03621     .04276     .04059     .03596     .03592     .04313     .04187     .04297     .04076     .03607
                       .03582     .04272     .03705        0.3        0.3        0.3        0.3        0.3        0.3        0.3
                          0.3        0.3     .04294
             Random switching times for simulation number  12  :
                                  10  3.3071369E-02   11  3.3710016E-02   12  3.2090909E-02

 288.595           46.8099468 557586.905 44.2660813 1733.78069 .041236232 609.159926 .8057312E7 83.3522829 .7633753E7 157115.712
                   112863.661  -142717.8 157115.467 2366.09294 -142717.87 -185794.03 204151.896 77481.6078 197404.555 106377.814
                   -197207.83 227803.399 -157122.04 -142990.67 -173693.32 262268.454 -206942.97  322570.21 -220955.85 -201056.96
                   216.356065 -23613.278 -210.39506 12.3642633  .00205975 12.3183014  1840.1449 .141881112 1715.63202 .190045257
                   27950.2549  .18662593 23660.9294
Times of maxima :      .03356     .04268     .03238      .0327      .0426     .03671     .03295     .03306     .03527      .0327
                       .00561     .03671      .0327      .0426     .03671     .03519     .03281     .03442     .03295     .03306
                       .03527     .03373      .0327     .03671     .03667     .03511     .03279     .03394       .034     .03651
                       .03356     .04268     .03238        0.3        0.3        0.3        0.3        0.3        0.3        0.3
                          0.3        0.3      .0426
             Random switching times for simulation number  13  :
                                  10  2.2310215E-02   11  2.2356058E-02   12  2.4116416E-02

 60.1865           26.8648338 219451.168 66.4439678 2491.39571 .016211308 127.271147 .1466591E8 23.5719576  120859.34 -165639.38
                   112863.661 131449.075 -165639.05 -1483.5471 131449.001 171562.965 -203342.64 -34877.009 -200425.66 56570.5157
                   179103.537 -249566.83 166639.586 130364.889 160353.479 -288058.13 201250.932 -327970.93 219949.244 180771.088
                   163.904954 14813.8843 257.767274 12.8211273 .001900072 12.6966411 5176.49718 .037794092 18.1670839 .199447766
                    25781.939  .20345742 -14835.471
Times of maxima :      .03042     .03446     .02465     .02472     .03454     .02734     .02496     .02389     .02884     .02472
                       .00561     .02734     .02472     .03454     .02734     .02868     .02471     .02639     .02496     .02389
                       .02884     .02604     .02472     .02734     .02867     .02614     .02483     .02498     .02496     .02751
                       .03042     .03446     .02465        0.3        0.3        0.3        0.3        0.3        0.3        0.3
                          0.3        0.3     .03454
             Random switching times for simulation number  14  :
                                  10  2.5539811E-02   11  2.5703646E-02   12  2.6495889E-02

 110.168           46.4503345 576936.022 56.5312473 260.582511 .042424146 948.228034 .1020853E8  129.84269 136379.644 -137664.05
                   112863.661 147330.063 -137663.79 -2399.9316 147330.244 173710.623 -199118.64 -89878.544 -198397.84 -132770.34
                   179481.966 -254202.13 137670.402 147450.899 178359.534 -302309.16 180105.432  -344047.6  215819.93 243201.286
                   215.523397 24019.4925 237.763007 12.4295049 .002136637   12.70018 1787.91251 .214740304 19.9031697 .240636785
                   28993.6872 .247579639 -23999.316
Times of maxima :      .03155     .03434     .02702      .0271     .03455     .02765     .02735     .02862     .02638      .0271
                       .00561     .02765      .0271     .03455     .02765     .02629     .02721     .02876     .02735     .02862
                       .02638     .02716      .0271     .02765     .02726     .02723     .02706     .02737     .02693     .02863
                       .03155     .03434     .02702        0.3        0.3        0.3        0.3        0.3        0.3        0.3
                          0.3        0.3     .03455
             Random switching times for simulation number  15  :
                                  10  2.4608490E-02   11  2.2930066E-02   12  2.3257896E-02

 76.8218           59.4323814 286252.861 36.0815505 789.976796 .020991546 360.315919 .2632789E7 76.2760634 .8896316E7 -145211.36
                   112863.661 139145.807 -145211.32 -1688.1636 139145.917  188995.82 -191046.52 -63291.417  -191814.6 101762.191
                   197793.112 -246260.61 146069.444    138484.  207719.31 -299343.94 192248.923 -306919.49 190878.893  244339.45
                   -243.78757 16919.0089 189.951442 12.7286597 .001911875 12.7146888  244.91198 .093525811 836.455544 .246818817
                   25942.0877 .219054964 -16881.636
Times of maxima :      .02623     .03444     .02379     .02527      .0345     .02794     .02411     .02484     .02654     .02527
                       .00561     .02794     .02527      .0345     .02794     .02791     .02397     .02557     .02411     .02484
                       .02654     .02526     .02527     .02794     .02787     .02662     .02396     .02651     .02409     .02656
                       .02623     .03444     .02379        0.3        0.3        0.3        0.3        0.3        0.3        0.3
                          0.3        0.3      .0345
             Random switching times for simulation number  16  :
                                  10  1.9458096E-02   11  2.0521663E-02   12  2.0007892E-02

 2.09645            49.501106 390490.393 19.9671402 135.408545 .029154454 1628.15554  26437.109 91.0367576 .1151449E8 -135586.25
                   112863.661 -155862.63 -135586.16 1989.50376 -155862.34 -208827.77 -172300.99 -90924.798 -176766.47 111173.353
                   -198996.14 -214617.33 137389.827 -155869.72 -215351.14 -219767.08  180963.46 -238940.53 185457.774 -211634.17
                    222.48844  -19760.83 141.305131 12.7325101 .002021015 12.9704765 15.6533276 .209913194 3692.41518 .182452648
                   27423.5384 .166193972 19895.0376
Times of maxima :      .01984     .02607     .02455     .02468      .0261     .02005     .02494       .021     .02031     .02468
                       .00561     .02005     .02468      .0261     .02005     .02019     .02475     .02172     .02494       .021
                       .02031     .02603     .02468     .02005        .02     .02641     .02342     .02624     .02355     .02015
                       .01984     .02607     .02455        0.3        0.3        0.3        0.3        0.3        0.3        0.3
                          0.3        0.3      .0261
             Random switching times for simulation number  17  :
                                  10  2.0728447E-02   11  2.1918301E-02   12  2.1733029E-02

 36.1367           48.7418763 198526.873 28.6414554 133.562169 .014748572 128.621339 .1187854E7 81.4669455 518886.357 -134658.68
                   112863.661 -132144.62 -134658.58  1415.0354 -132144.42 -182288.83 -177677.68 -86462.226 -187519.12 -105167.86
                   -185463.65 -219254.15 136067.844 -132150.17 -182597.66 -257327.11 203441.718 -275075.83 210495.383 192834.969
                   -220.77562 -14089.956 -169.23787 12.7281708 .001908873 12.7691853 124.763924 .168351262  108.05984 .221983142
                   25901.1605 .194904466  14150.354
Times of maxima :      .02172     .04282     .02511     .02594     .02602     .02132     .02471     .02285     .02135     .02594
                       .00561     .02132     .02594     .02602     .02132     .02144     .02601     .02301     .02471     .02285
                       .02135     .02598     .02594     .02132      .0213     .02603      .0247     .02616     .02482     .02745
                       .02172     .04282     .02511        0.3        0.3        0.3        0.3        0.3        0.3        0.3
                          0.3        0.3     .02602
             Random switching times for simulation number  18  :
                                  10  2.3917987E-02   11  2.4479840E-02   12  2.4779997E-02

  106.59           24.6589134 474469.404 63.9969091  2737.0133   .0350908 227.965761 .1547465E8 77.2199937 .2865646E7 -168249.05
                   112863.661 137172.338 -168248.76 -2182.6743   137172.3 169391.909 -207959.71 -67684.053 -200789.35 102389.918
                   192489.668 -257322.91 168496.327 137099.039 181949.456 -293165.11 212606.783 -302686.69 224940.747 208305.148
                   157.031568 21782.3186 252.976104 12.7678039 .002036374 12.6855619 4498.35991 .118614755 272.563554 .175515387
                   27632.4677 .188310164 -21826.743
Times of maxima :      .02849     .03437     .02502     .02538      .0343     .02801     .02563      .0265     .02801     .02538
                       .00561     .02801     .02538      .0343     .02801     .02787     .02549     .02705     .02563      .0265
                       .02801     .02539     .02538     .02801      .0281      .0255     .02548     .02564      .0253     .02691
                       .02849     .03437     .02502        0.3        0.3        0.3        0.3        0.3        0.3        0.3
                          0.3        0.3      .0343
             Random switching times for simulation number  19  :
                                  10  3.5422276E-02   11  3.7204651E-02   12  3.6945051E-02

 357.087           49.6597365 388813.486 55.1501465 126.208284 .028753316 2212.52611 2436.65155 96.6550105 .1015169E8 -130898.95
                   112863.661 -162590.17 -130898.97 1975.76951 -162589.88 -205477.09 -154513.56 -64902.045 -165047.95 -114552.48
                   -198371.72  -229998.2 132840.005 -162595.27 -213815.09 -252860.78 166746.309 -256231.08 204885.931 -212141.59
                   222.844647 -19718.354 234.840683 11.9806062  .00190498 12.3162637 13.5153443 .129641491 3374.46799 .207671975
                   25849.1157 .187954536 19757.6951
Times of maxima :      .03587     .04274     .03901      .0421     .04302     .03602     .04192     .03639     .03627      .0421
                       .00561     .03602      .0421     .04302     .03602     .03614     .04079     .03656     .04192     .03639
                       .03627     .04341      .0421     .03602     .03598     .04343     .03945     .04361     .03932     .03613
                       .03587     .04274     .03901        0.3        0.3        0.3        0.3        0.3        0.3        0.3
                          0.3        0.3     .04302
             Random switching times for simulation number  20  :
                                  10  2.4098453E-02   11  2.5276524E-02   12  2.5647314E-02

  99.012           45.3391133 549974.666 63.4743563  2290.7251 .040654146 984.650478 .8095617E7 65.2150983 .1774516E7 -163454.87
                   112863.661  147810.24 -163454.62 -2349.3338  147810.08 174288.539 -198657.03 -59512.599 -197422.33 94094.9659
                   189285.989 -285701.54 163573.374 147815.719 184949.978 -328191.66  218629.86  -342895.1  221990.17 217965.603
                   212.929832 23451.5387 251.941176 12.6322296 .002108925 12.7287138 2687.53614 .112847228 189.736591 .247971869
                   28617.4687 .245043296 -23493.338
Times of maxima :      .02937     .03434     .02589     .02625     .03421     .02753     .02615     .02737     .02741     .02625
                       .00561     .02753     .02625     .03421     .02753     .02764     .02636     .02792     .02615     .02737
                       .02741     .02626     .02625     .02753       .029     .02637     .02635     .02651     .02621     .02777
                       .02937     .03434     .02589        0.3        0.3        0.3        0.3        0.3        0.3        0.3
                          0.3        0.3     .03421
             Random switching times for simulation number  21  :
                                  10  2.0506329E-02   11  2.2981630E-02   12  2.1716956E-02

 32.8529           45.3177796 292406.094 34.4940716 193.127362 .021590798  396.51623  .597275E7 128.159294 .2149469E7 -136643.42
                   113570.452 -139676.65 -136643.51 -1712.0903 -139676.43 -188677.62 -179242.71 -86933.443  -196432.6 131906.855
                   -190398.65 -215414.39 137394.662  -139682.3  -191682.1 -236516.16 190834.438 -243394.03 204452.794 -195330.68
                   -212.87973 17099.8858 185.725797   12.73297 .001914091 12.7928508 733.154353  .19753876 546.995702 .191578198
                   25972.0994 .170124778 -17120.903
Times of maxima :      .02151     .03444     .02407     .02454     .03447      .0211     .02434     .02207     .02114     .02454
                       .02229      .0211     .02454     .03447      .0211     .02122     .02585      .0228     .02434     .02207
                       .02114     .02588     .02573      .0211     .02107      .0258     .02451     .02566     .02439     .02119
                       .02151     .03444     .02407        0.3        0.3        0.3        0.3        0.3        0.3        0.3
                          0.3        0.3     .03447
             Random switching times for simulation number  22  :
                                  10  2.5793767E-02   11  2.6870329E-02   12  2.7055223E-02

 129.066           57.4102317 583934.471 74.9120055 123.682417 .043180554 134.982944 .4234335E7 56.0747501 .2030365E7 129582.582
                   112863.661 135372.905 129582.482 -2421.2321 135372.909 186243.106 -162392.21 47876.5558 -195614.73 87252.1196
                   -190046.58 -232473.48 -131940.03 135529.778 181449.799 -312080.99 157959.258  -338336.2 172453.485 201819.533
                   239.604323 24164.7361 -273.70058 12.3979347 .002144182 12.6526843 585.004377 .081778032 355.612208 .341425928
                   29096.1567  .32141339 -24212.321
Times of maxima :      .03334     .03434     .02938     .03356     .03443     .02778     .02755     .02676     .03509     .03356
                       .00561     .02778     .03356     .03443     .02778     .02655     .02767     .02693     .02755     .02676
                       .03509     .02767     .03356     .02778      .0265     .02778     .02777     .02774     .02791     .02776
                       .03334     .03434     .02938        0.3        0.3        0.3        0.3        0.3        0.3        0.3
                          0.3        0.3     .03443
             Random switching times for simulation number  23  :
                                  10  1.9410962E-02   11  2.0558809E-02   12  2.0990669E-02

 9.26783            49.685263 386377.817  44.557891 120.516188 .028720901 2165.24807 201393.069 103.528934 .9339469E7 -127913.02
                   112863.661 -162063.54 -127913.09 1974.65551 -162063.26 -202850.37 -163259.75 -68226.117 -181050.45  -118555.9
                   -197997.74 -223544.73 129728.896 -162069.14   -215612. -235731.71 178111.712  -249818.9 203633.322 -211842.44
                   222.901913 -19656.496 211.087401 12.7338836  .00201775 13.0084823 27.1726368 .135188444 3432.07435 .186617405
                   27379.2266 .165695404 19746.5551
Times of maxima :       .0198     .02608       .023     .02478     .02608     .02001      .0233     .02038     .02026     .02478
                       .00561     .02001     .02478     .02608     .02001     .02013     .02477     .02055      .0233     .02038
                       .02026     .02608     .02478     .02001     .01996     .02603     .02344      .0259     .02331     .02011
                        .0198     .02608       .023        0.3        0.3        0.3        0.3        0.3        0.3        0.3
                          0.3        0.3     .02608
             Random switching times for simulation number  24  :
                                  10  2.3563461E-02   11  2.3770712E-02   12  2.3506545E-02

 88.5563           28.7928755 390809.053  46.044836 1087.66247 .028818354 268.703871 .5467637E7 51.0379239  .265865E7 -149152.31
                   112863.661 137785.616 -149152.04 -1978.0028 137785.638 186862.651 -198836.69 -64796.062 -196195.65  83241.292
                   191889.797 -228639.17 149294.437 137509.983 188983.741 -268669.18 197922.995 -286427.93 200129.464 200317.745
                   -169.68464  19768.891 214.580605 12.7254704 .001968815 12.6893957 1080.26469 .099888073 251.453961 .187997688
                   26715.1897 .192931456 -19780.028
Times of maxima :      .02789      .0344     .02405     .02411     .03426     .02811     .02436     .02523     .02824     .02411
                       .00561     .02811     .02411     .03426     .02811     .02808     .02422     .02579     .02436     .02523
                       .02824     .02545     .02411     .02811     .02806     .02553      .0242     .02565     .02405     .02818
                       .02789      .0344     .02405        0.3        0.3        0.3        0.3        0.3        0.3        0.3
                          0.3        0.3     .03426
             Random switching times for simulation number  25  :
                                  10  2.6608589E-02   11  2.5839823E-02   12  2.7355205E-02

  132.94           45.6588947 582371.215  42.328801 121.046755 .043364237 1617.26716 3279.26679 993.398805 .7600966E7 128194.503
                   112863.661 155732.449 128194.351 -2426.3764 155732.161 204014.083  166930.58 114398.976 173785.024  147924.91
                   197192.581 208485.506  -130430.2 155772.346 204555.097 216270.822 -167439.12 224583.028 -186132.05 208297.637
                   -213.67942 24132.3686 -205.73964 12.3757261 .002142535 12.6794263 16.0605759 .385387001 2053.59758 .201568579
                   29073.6647 .200559746 -24263.764
Times of maxima :      .02707     .03434     .02827     .03296     .03443      .0272     .03364     .02908     .02745     .03296
                       .00561      .0272     .03296     .03443      .0272     .02732     .03196     .02892     .03364     .02908
                       .02745     .03519     .03296      .0272     .02719      .0353     .03306     .03542     .03189     .02734
                       .02707     .03434     .02827        0.3        0.3        0.3        0.3        0.3        0.3        0.3
                          0.3        0.3     .03443
             Random switching times for simulation number  26  :
                                  10  2.2921123E-02   11  2.3333057E-02   12  2.2405712E-02

 68.6359           17.4795056 335647.397 23.4486615 113.086839 .024859853 120.169879 1779.61722 33.0512031 52661.2068 -123907.74
                   112863.661 127729.155 -123907.71 -1837.1372  127729.18 165289.786 -150205.32 -48989.581 -157653.89 66986.2936
                   177421.682 -208864.68 124339.725 127018.138 160027.042 -237789.27 152299.947  -239193.4 161986.891 169954.074
                   -132.21008 18320.6822 153.129558 12.7128974 .001934127 12.6815854 13.6700796  .07224846 16.1202778  .15567027
                   26244.2671 .153222228 -18371.372
Times of maxima :      .02678     .03442     .02295     .02437     .03436     .02702     .02326     .02413     .02714     .02437
                       .00561     .02702     .02437     .03436     .02702     .02699     .02314     .02471     .02326     .02413
                       .02714     .02563     .02437     .02702     .02697     .02566     .02311      .0268     .02434     .02709
                       .02678     .03442     .02295        0.3        0.3        0.3        0.3        0.3        0.3        0.3
                          0.3        0.3     .03436
             Random switching times for simulation number  27  :
                                  10  3.3539015E-02   11  3.0915016E-02   12  3.2668420E-02

 254.578           61.8555933 244594.456  48.446774 2183.59558 .017972113 130.944244 .9783171E7 95.1458331 .1479076E8 162268.266
                   112863.661 -133332.42 162267.977 1562.03904 -133332.35 -198008.64 204493.755 -92281.235 198202.211 -113654.65
                   -200481.89 250113.228 -163217.33 -132350.69   -167870. 277760.464 -210035.32 315471.422 -215140.93 -177490.18
                   248.707847 -15639.516 -220.10628 12.3514581 .001844302 12.2873042 2835.14394 .215812797 1813.17998 .181332764
                   25025.1517 .199199537 15620.3904
Times of maxima :      .03407     .04278     .03295     .03326      .0427     .03568     .03352     .03449     .03439     .03326
                       .00561     .03568     .03326      .0427     .03568     .03423     .03338     .03435     .03352     .03449
                       .03439     .03418     .03326     .03568     .03722     .03426     .03336     .03442     .03443     .03708
                       .03407     .04278     .03295        0.3        0.3        0.3        0.3        0.3        0.3        0.3
                          0.3        0.3      .0427
             Random switching times for simulation number  28  :
                                  10  3.5708580E-02   11  3.5795796E-02   12  3.6318335E-02

 342.375           49.3348445 550184.721 23.6987725 127.885969 .040785373 2176.88978 65943.9541 134.041116 .9515428E7 -131766.24
                   112863.661 -162193.49 -131766.12 2353.12246 -162193.21   -204022. -174313.89 -104883.16 -177751.72 -134899.81
                   -198078.88 -200333.45 133832.307 -162321.95 -214362.83 -207402.02  177892.63 -211331.93 188780.493 -211837.65
                   222.114485 -23456.017 153.944056 11.9759255  .00205219 12.2583954 16.6674642 .281823514 3446.20525 .178851623
                   27847.5352 .166512752 23531.2246
Times of maxima :      .03611     .04267     .03737     .04092     .04245      .0363     .04118     .03667     .03655     .04092
                       .00561      .0363     .04092     .04245      .0363     .03642     .04103       .038     .04118     .03667
                       .03655     .04278     .04092      .0363     .03626     .04269     .04085     .04254     .04096      .0364
                       .03611     .04267     .03737        0.3        0.3        0.3        0.3        0.3        0.3        0.3
                          0.3        0.3     .04245
             Random switching times for simulation number  29  :
                                  10  2.3240514E-02   11  2.4864706E-02   12  2.4080752E-02

 77.9759           28.7044716 514813.165 57.4919718   2511.451 .037983184 200.886949  .101576E8 60.9057487 .3164676E7 -165854.99
                   112863.661 136761.675 -165854.72 -2270.8476 136761.637 180682.478 -206196.97 -62734.114 -198374.44 90932.9867
                    193349.99 -248514.92 165860.684 136630.489 191156.579 -286196.06   215861.7 -289599.14 215713.455 203022.179
                   -169.42394 22689.4946 239.774836 12.8258506 .002074078 12.6867952  2651.3852 .104974881 423.411305  .20700631
                   28144.3612 .207325665 -22708.476
Times of maxima :      .02696     .03436     .02446     .02469     .03451     .02733     .02494     .02581     .02733     .02469
                       .00561     .02733     .02469     .03451     .02733     .02866     .02481     .02637     .02494     .02581
                       .02733     .02602     .02469     .02733     .02863     .02609     .02479     .02622     .02463     .02876
                       .02696     .03436     .02446        0.3        0.3        0.3        0.3        0.3        0.3        0.3
                          0.3        0.3     .03451
             Random switching times for simulation number  30  :
                                  10  2.9995667E-02   11  3.0625277E-02   12  2.8952885E-02

 202.346           37.5516365 212725.315 20.0429618 124.105459 .015676458 116.290772 3123.00601 15.3766018 1049.29117 129803.995
                   -113203.66  -125650.7 129803.904 1458.86897 -125650.71 -138098.92 168199.201 37728.4396 172219.471 45690.1408
                   -148654.74 220001.135 -130988.95 -124780.23 -137986.76 263712.204 -163871.43 275004.421 -165863.85 -153919.91
                   193.782446 -14585.106 141.573168  12.348218 .001843072 12.3284768 13.9733125 .036884191 12.6986506 .194040789
                   25008.4028 .170709146 14588.6897
Times of maxima :      .03099      .0428     .03561     .03383      .0428     .03651       .034     .03095      .0363     .03383
                       .03061     .03651     .03383      .0428     .03651     .03645     .03388     .03228       .034     .03095
                        .0363     .03525     .03383     .03651     .03655     .03392     .03393     .03406     .03407     .03669
                       .03099      .0428     .03561        0.3        0.3        0.3        0.3        0.3        0.3        0.3
                          0.3        0.3      .0428
             Random switching times for simulation number  31  :
                                  10  2.0596092E-02   11  2.0475440E-02   12  2.0679841E-02

 17.2753           56.4543494 397628.029 34.0223231 230.499843 .029339034 131.559302 .4120509E7 43.0008797 723142.388 -137210.45
                   112863.661 -133645.34 -137210.61 1995.79173 -133645.12 -182461.05 -191226.48  -53372.85 -195560.94 -76406.619
                     -186096. -231712.47 139003.585 -133964.71  -183212.1 -282778.72 189616.596 -288801.87 188995.735 -191182.04
                   -237.60124 -19940.613 184.451411  12.734197 .002026672 12.7792151 554.730147 .061723615 143.733459 .268332951
                   27500.4295  .23098696 19957.9173
Times of maxima :      .02159     .02607     .02419     .02461     .02588     .02119      .0246     .02155     .02105     .02461
                       .00561     .02119     .02461     .02588     .02119     .02122      .0245     .02289      .0246     .02155
                       .02105     .02585     .02461     .02119     .02121     .02584     .02453     .02594     .02468     .02129
                       .02159     .02607     .02419        0.3        0.3        0.3        0.3        0.3        0.3        0.3
                          0.3        0.3     .02588
             Random switching times for simulation number  32  :
                                  10  2.4877743E-02   11  2.6212349E-02   12  2.6703017E-02

 125.244           47.6544223 592185.842 60.1860219 118.244369 .043760493 542.178434 2631.54944 109.199811 .6764024E7  126701.81
                   112863.661 141772.991  126701.73 -2437.4371 141773.149 163777.282  -164720.2 -80963.198 -167136.51 121759.612
                   196802.653 -251170.59 -129120.76 141848.135 177253.885 -286759.56 190482.502 -326545.44 226413.147 209913.186
                   218.298929 24334.8689  -245.3284  12.412867 .002153006 12.7005939 14.5932548 .248874192 874.241766 .241040774
                   29215.8458 .222885665 -24374.371
Times of maxima :      .03019     .03434     .02754     .03453     .03407     .02738     .02717     .02842     .02847     .03453
                       .00561     .02738     .03453     .03407     .02738      .0287     .02744     .02898     .02717     .02842
                       .02847     .02734     .03453     .02738     .03003     .02728     .02728     .02719     .02722     .02884
                       .03019     .03434     .02754        0.3        0.3        0.3        0.3        0.3        0.3        0.3
                          0.3        0.3     .03407
             Random switching times for simulation number  33  :
                                  10  2.5069876E-02   11  2.3925993E-02   12  2.6002802E-02

 101.954           37.6553049 409488.229 63.7788145 1456.33809 .030297387 524.378756 .1537245E8 102.981112 3222.40485 -153785.64
                   112863.661 141519.944 -153785.36 -2028.1258  141520.09 153366.645 -207428.13 -85051.958 -200743.46 -118241.82
                   173217.999 -263866.65  154311.12 141078.661  173283.63 -307966.09 192380.862 -338888.21 224298.892 238910.196
                   194.049749 20235.8155 252.544678 12.5245919 .001982534 12.6911456 3652.57486 .175854689 14.2795951 .203983427
                   26901.5324 .215284623 -20281.258
Times of maxima :      .03107     .03438     .02654     .02661     .03446     .02716     .02686     .02814     .02921     .02661
                       .00561     .02716     .02661     .03446     .02716     .02754     .02672     .02828     .02686     .02814
                       .02921     .02662     .02661     .02716     .02801     .02674     .02658     .02688     .02644     .02814
                       .03107     .03438     .02654        0.3        0.3        0.3        0.3        0.3        0.3        0.3
                          0.3        0.3     .03446
             Random switching times for simulation number  34  :
                                  10  2.1364218E-02   11  2.2767424E-02   12  2.1133950E-02

  33.777           35.7291812 265936.038 23.5214364 132.918813 .019673369 119.507586 452920.481 34.9659085 1841.57946   -134334.
                   113217.005 127376.706 -134333.87 -1634.2996 127376.717 -147956.45 -181500.08 -52992.004 -185258.51 -68899.286
                   158376.695 -225375.56  135246.38 126611.677 -144277.87  -261372.6 179534.351 -269931.72 182023.836 164549.016
                   -189.02164 16307.5454   -153.367 12.7305368 .001905761 12.7269385 75.8494498 .073844718 13.7392162  .19416179
                   25859.0551 .178612161 -16342.996
Times of maxima :      .02237     .03444     .02574      .0252     .03442     .02788     .02539     .02232     .02767      .0252
                       .02213     .02788      .0252     .03442     .02788     .02207     .02526     .02365     .02539     .02232
                       .02767     .02661      .0252     .02788      .0219     .02656      .0253     .02669     .02543     .02807
                       .02237     .03444     .02574        0.3        0.3        0.3        0.3        0.3        0.3        0.3
                          0.3        0.3     .03442
             Random switching times for simulation number  35  :
                                  10  3.4097869E-02   11  3.5340242E-02   12  3.5556577E-02

 308.006            42.664511 578269.801 73.0868216 134.153583 .042845442 1555.90202 3075.73321 54.7986825 .3233892E7 -134956.44
                   112863.661 -154994.75 -134956.39 2411.81854 -154994.88 -187566.29 -150958.19 51399.1368  171741.25 -86253.628
                   -193548.09 261874.765 137327.283 -155169.67 -179872.11 323747.673 -172209.36 344719.403 -178986.12 -189196.35
                   -206.55389 -24047.241 270.345745  12.019865 .002081254 12.4022027 13.3342445 .115694962 264.432892 .334449648
                   28242.1881  .30923761 24118.1854
Times of maxima :      .04054     .04268      .0364     .04207     .04285     .03623     .03601     .03506     .03643     .04207
                       .00561     .03623     .04207     .04285     .03623     .03627     .04076     .03582     .03601     .03506
                       .03643     .03617     .04207     .03623      .0348     .03627     .03627     .03604      .0364     .03492
                       .04054     .04268      .0364        0.3        0.3        0.3        0.3        0.3        0.3        0.3
                          0.3        0.3     .04285
             Random switching times for simulation number  36  :
                                  10  2.3144750E-02   11  2.4233310E-02   12  2.4030712E-02

 67.7662           29.6107491  446744.71 58.2888387 2193.32037 .033018378 246.197479 .7883867E7 65.2042538 .3502487E7 -162376.57
                   112863.661 137447.513  -162376.3 -2117.2404 137447.449  182300.73 -204922.27 -62912.946 -197324.04 94087.1421
                   194313.191 -247441.63 162519.364  137114.49 194207.424 -287815.52 215922.833 -291359.37 221121.708  208415.58
                   -172.07774 21136.3363 241.430815 12.7950872 .002012409 12.6897802 2019.95017 .109966351  517.88398 .211935131
                   27307.0571 .209458387 -21172.404
Times of maxima :      .02691     .03438     .02434     .02464     .03449     .02727     .02489     .02577     .02729     .02464
                       .00561     .02727     .02464     .03449     .02727     .02861     .02475     .02631     .02489     .02577
                       .02729     .02597     .02464     .02727     .02858     .02604     .02474     .02617     .02463     .02871
                       .02691     .03438     .02434        0.3        0.3        0.3        0.3        0.3        0.3        0.3
                          0.3        0.3     .03449
             Random switching times for simulation number  37  :
                                  10  3.6470904E-02   11  3.6796219E-02   12  3.6182014E-02

 352.503           56.9662077 444052.735  46.104608 483.944447 .032664986 1963.57573 .8591978E7 101.964347 .9899248E7 -140942.08
                   112863.661 -159783.62 -140942.02 2105.87968 -159783.39 -204998.98 -184855.57 -78112.119 -197652.34 -117656.65
                   -198255.63 -233900.35 142955.544 -159894.42 -224186.16 -281639.83 184040.904 -300717.67 201278.827 -248668.91
                   238.675947 -21072.559 214.719836 12.0073423 .001951276 12.2046384 1113.33824  .12570659  1886.4504  .26903285
                   26477.5975 .248728844 21058.7968
Times of maxima :      .03673     .04272     .03859     .04171      .0429     .03708     .04051     .03895     .03707     .04171
                       .00561     .03708     .04171      .0429     .03708     .03719     .04037     .03761     .04051     .03895
                       .03707       .043     .04171     .03708     .03702     .04299     .04044     .04285     .04186     .03714
                       .03673     .04272     .03859        0.3        0.3        0.3        0.3        0.3        0.3        0.3
                          0.3        0.3      .0429
             Random switching times for simulation number  38  :
                                  10  2.9452445E-02   11  2.8982050E-02   12  2.9556921E-02

 188.998           44.1075543 372861.826 25.2858422 135.742222 .027467772 120.707874 .3068824E7 40.9313893 2684.68567 135753.244
                   112863.661 -128014.78 135753.111 -1931.0967 -128014.78 154903.066 188363.131 59177.0568 193075.015 74545.3495
                   -167698.43 225911.472 -137558.91 -126302.75 159197.557 264938.433 -182081.92 271353.296 -186890.02 163770.318
                   210.017986 19309.6304 -159.01523 12.3469442 .001949759 12.3546812 375.116584 .080156392 14.0693178 .204316799
                   26456.6974 .186273983 -19310.967
Times of maxima :      .03045     .03441     .03307     .03329     .03432     .03595     .03347     .03042     .03578     .03329
                       .00561     .03595     .03329     .03432     .03595     .03017     .03335     .03176     .03347     .03042
                       .03578      .0347     .03329     .03595     .03003     .03466      .0334     .03477     .03354     .03012
                       .03045     .03441     .03307        0.3        0.3        0.3        0.3        0.3        0.3        0.3
                          0.3        0.3     .03432
             Random switching times for simulation number  39  :
                                  10  2.3983067E-02   11  2.4611550E-02   12  2.4199573E-02

 104.614           29.2895098 489391.031 59.9940191 2428.40455 .036008456 224.495818 .8598659E7 46.0476864 .3180893E7 -164958.87
                   112863.661 137119.888 -164958.59 -2211.0296 137119.811 177575.683  -201163.6 -56192.243 -197655.43 79067.1746
                   193396.437 -253752.17 165019.258 136941.503  188106.24 -297183.61 210052.793 -309700.88 211169.025 200555.205
                   171.141783 22122.1841 244.936766 12.8060282 .002050062 12.6891553 2974.80455 .075261717  418.13182 .220112211
                   27818.2974 .214674748 -22110.296
Times of maxima :      .02792     .03437     .02448      .0248     .03457     .02743     .02505     .02592     .02744      .0248
                       .00561     .02743      .0248     .03457     .02743     .02877     .02492     .02648     .02505     .02592
                       .02744     .02613      .0248     .02743     .02875      .0262     .02476     .02633     .02472     .02632
                       .02792     .03437     .02448        0.3        0.3        0.3        0.3        0.3        0.3        0.3
                          0.3        0.3     .03457
             Random switching times for simulation number  40  :
                                  10  2.2856599E-02   11  2.2784470E-02   12  2.4901679E-02

 75.4266           35.7004487 268350.282 70.9890261 3085.47657 .019901638 382.128839 .1223054E8 51.8016382  909168.49 -171840.27
                   112863.661 139466.232 -171839.99 -1643.7536 139466.047 167909.339 -200720.38  -53605.35 -199322.69 83861.7768
                   186668.246 -271575.01 172803.401 138481.712 189519.581 -320427.13 222850.296 -330799.84 227102.154 211532.833
                   188.945624 16381.4005 266.437659 12.7815457 .001906353 12.7018494 4242.39717 .095677941 77.3624965 .226540534
                   25867.2457 .227775329 -16437.536
Times of maxima :      .02993     .03445     .02515     .02551     .03445     .02679     .02545     .02663     .02812     .02551
                       .00561     .02679     .02551     .03445     .02679     .02828     .02562     .02718     .02545     .02663
                       .02812     .02553     .02551     .02679     .02828     .02563     .02561     .02577     .02556     .02703
                       .02993     .03445     .02515        0.3        0.3        0.3        0.3        0.3        0.3        0.3
                          0.3        0.3     .03445
             Random switching times for simulation number  41  :
                                  10  2.8544574E-02   11  2.7900279E-02   12  2.7264231E-02

 176.754           67.0856237 509348.237 34.2447809 233.016217 .037668132 1905.78441 776132.697 48.1705309  .165028E8 137248.741
                   112863.661 159119.896 137248.628 -2261.4102 159119.694 181978.915 170093.062 44746.7175 186259.361  80869.178
                   201249.875 233026.862 -139465.54 159566.422 202945.331 283837.415 -162741.71 323050.089 -201461.58 243611.055
                   259.008926 22568.7447 185.053454 12.3863501 .002068659 12.5376701 66.7770153 .051954855  3236.6188 .333782388
                   28070.8677 .267619495 -22614.102
Times of maxima :      .03081     .03435     .03546     .03375     .03426     .02915     .03388     .02882     .02903     .03375
                       .00561     .02915     .03375     .03426     .02915     .02929     .03373     .02896     .03388     .02882
                       .02903     .03509     .03375     .02915     .02926     .03375     .03383     .03387     .03396     .02939
                       .03081     .03435     .03546        0.3        0.3        0.3        0.3        0.3        0.3        0.3
                          0.3        0.3     .03426
             Random switching times for simulation number  42  :
                                  10  2.5922569E-02   11  2.5268489E-02   12  2.4184644E-02

 117.325           59.3448108 549241.887  80.574228 2282.80706 .040523606 1319.06389 .1035495E8 925.488777 .2439919E7 -163367.71
                   112863.661 152089.824 -163367.41  -2345.559 152089.593 195570.549 -205129.03 106608.728  -198465.1 147029.217
                   191251.979 -250640.12   163372.7 151982.665 249214.884 -306330.15 209933.104 -329901.64 211439.307 264880.765
                    -243.6079 23435.9102   -283.856 12.7667841 .002108283 12.7371154 3033.46806 .340352007  215.99419 .283855126
                   28608.5916 .310970104  -23455.59
Times of maxima :      .02614     .03435     .02953     .02478     .03464     .02653     .02504     .02692     .02678     .02478
                       .00561     .02653     .02478     .03464     .02653     .02663      .0249     .02707     .02504     .02692
                       .02678     .02652     .02478     .02653     .02657     .02664     .02488     .02646      .0247     .02644
                       .02614     .03435     .02953        0.3        0.3        0.3        0.3        0.3        0.3        0.3
                          0.3        0.3     .03464
             Random switching times for simulation number  43  :
                                  10  3.2093432E-02   11  3.0991696E-02   12  3.4052607E-02

  262.29           42.4882906 253817.302 61.8888843 1960.59817 .018746132 903.390024 .8183457E7 81.2877458  .340344E7  159749.56
                   112863.661 -146735.72 159749.315 1595.32126 -146735.58 -170344.91 200935.692 68886.2668  197463.07 -105052.13
                   -194031.72 279078.431 -160821.72  -145842.9 -184579.57 321452.443 -211890.61 328058.174 -227408.33 -225709.74
                   -206.12688 -15931.645 -248.77477 12.2128401 .001845804 12.3397061 2184.35693 .148548801 445.066194 .225523301
                   25045.6606 .224268534 15953.2126
Times of maxima :      .03778     .04278     .03427     .03466     .04262     .03594     .03491     .03578     .03582     .03466
                       .00561     .03594     .03466     .04262     .03594     .03732     .03477     .03633     .03491     .03578
                       .03582     .03467     .03466     .03594     .03738     .03478     .03476     .03492     .03456     .03618
                       .03778     .04278     .03427        0.3        0.3        0.3        0.3        0.3        0.3        0.3
                          0.3        0.3     .04262
             Random switching times for simulation number  44  :
                                  10  2.7208218E-02   11  2.6298355E-02   12  2.6278410E-02

 138.398           90.3144751  593009.22 43.3488408 133.154133 .043742232 186685.082 695560.427 104.501196 .3264504E8 -134452.94
                   112863.661 180698.273 -134452.73 -2436.9285 180697.933  220580.76 -183520.51 95774.4052 -186010.86 119111.294
                   208231.027 -252637.96 134436.557 180901.898 189190.135 -266737.19 182728.126 -311869.85 194379.497 220565.517
                   -300.52367 24351.7806 -208.20384  12.438038 .002153755 17.5553226 113.607897 .182982892 9603.12654 .187207122
                   29226.0734 .184180023 -24369.285
Times of maxima :      .02773     .03433     .02843     .02687     .03439     .02781     .02681     .02816     .02805     .02687
                       .00561     .02781     .02687     .03439     .02781     .02792     .02699     .02798     .02681     .02816
                       .02805     .02783     .02687     .02781     .02776     .02793     .02697     .02808     .02676      .0276
                       .02773     .03433     .02843        0.3        0.3        0.3        0.3        0.3        0.3        0.3
                          0.3        0.3     .03439
             Random switching times for simulation number  45  :
                                  10  3.1811874E-02   11  3.1443987E-02   12  3.2430474E-02

  258.73           26.7247954 307792.551 55.6322365 2405.66097 .022766036 255.132694 .1093627E8 56.7617229 .2800237E7 164712.023
                   112863.661 -137581.97 164711.738 1758.06944 -137581.91 -181262.59 207450.552  59563.155  198731.67 -87784.956
                    -192300.5 247177.004 -165352.92 -136824.55 -188420.73 287758.631 -216447.93 294156.748 -215942.78 -196913.64
                   163.477201 -17544.018 -235.86487  12.430446 .001863189 12.3065588 2506.82292 .092359898 322.077968 .202193696
                   25281.6347 .202727244 17580.6944
Times of maxima :      .03682     .04276     .03298     .03304     .04287     .03567     .03329     .03416     .03568     .03304
                       .00561     .03567     .03304     .04287     .03567     .03701     .03315     .03472     .03329     .03416
                       .03568     .03437     .03304     .03567     .03699     .03444     .03314     .03457     .03298     .03571
                       .03682     .04276     .03298        0.3        0.3        0.3        0.3        0.3        0.3        0.3
                          0.3        0.3     .04287
             Random switching times for simulation number  46  :
                                  10  2.4272251E-02   11  2.3654549E-02   12  2.4175393E-02

 96.2607            36.755047  375833.47 58.2868675 1984.01707 .027764233 294.448882  .101467E8  56.310545 .2398406E7 -160017.32
                   112863.661 138170.392 -160017.02   -1941.49 138170.526 173709.576  -205394.1 -56484.535 -198369.43 -87435.375
                   191130.465 -240941.99 160439.643 137705.913 201750.619  -298686.2 205531.886 -317946.56  208754.36 217149.796
                   -191.71606 19386.4249 241.426733 12.7765761 .001958527 12.6922147 3180.07057 .071040522 269.142772 .231540807
                   26575.5553 .223391094   -19414.9
Times of maxima :        .026     .03441     .02446     .02478     .03455      .0276     .02502     .02513     .02741     .02478
                       .00561      .0276     .02478     .03455      .0276     .02875     .02489     .02644     .02502     .02513
                       .02741     .02613     .02478      .0276     .02754      .0249     .02488     .02632     .02473     .02629
                         .026     .03441     .02446        0.3        0.3        0.3        0.3        0.3        0.3        0.3
                          0.3        0.3     .03455
             Random switching times for simulation number  47  :
                                  10  3.0015915E-02   11  2.9514025E-02   12  2.9346281E-02

 214.917           30.0409478 297574.941 17.2309375 122.070268 .021967327 115.976022 2793.59407 15.0359648 1020.77537 128735.267
                   112863.661 -125480.55 128735.185 -1726.9546 -125480.55  -138134.4 165023.762  34691.922  168840.47 45181.2209
                    -148283.2 219178.478 -130423.28 -124155.79 -137420.59 260899.563 -161501.71 270253.438 -161650.34 -151587.94
                   173.323247 17250.3606 131.266666 12.3454157 .001897788 12.3254845 13.7255069 .032372372 12.6629031 .181999878
                   25751.1656 .162633836 -17269.546
Times of maxima :      .03099     .03444     .03439     .03385     .03453     .03653     .03402     .03097     .03632     .03385
                       .00561     .03653     .03385     .03453     .03653     .03647      .0339     .03231     .03402     .03097
                       .03632     .03527     .03385     .03654     .03657     .03394     .03395     .03408     .03408     .03672
                       .03099     .03444     .03439        0.3        0.3        0.3        0.3        0.3        0.3        0.3
                          0.3        0.3     .03453
             Random switching times for simulation number  48  :
                                  10  3.2915684E-02   11  3.2299689E-02   12  3.1411614E-02

  256.46           33.7074821 414042.165  35.037982 585.821408  .03044893 377.055453 .2129309E7 72.5919537 .1884849E7 142389.932
                   112863.661 -139391.68 142390.039 2033.19171 -139391.71 -175403.53 188110.607 -64209.802 190339.143 -99274.236
                   -189614.71 237746.524 -142793.64 -139112.61 -208728.88 292106.906 -188740.81 302404.148 -188644.87 -229175.45
                   183.595975 -20348.026 -187.18435 12.3479095 .001928946 12.3223711 195.691968 .145247964 174.363641 .234523353
                   26174.3273 .229472879 20331.9171
Times of maxima :      .03568     .04273     .03195     .03359     .04305     .03616     .03227       .033     .03604     .03359
                       .00561     .03616     .03359     .04305     .03616     .03615     .03214     .03438     .03227       .033
                       .03604     .03492     .03359     .03616     .03613     .03488     .03212     .03504     .03225     .03482
                       .03568     .04273     .03195        0.3        0.3        0.3        0.3        0.3        0.3        0.3
                          0.3        0.3     .04305
             Random switching times for simulation number  49  :
                                  10  2.2831647E-02   11  2.2495877E-02   12  2.3167463E-02

 65.1335           24.9660527 234899.234 41.9340561  416.37232 .017261974 201.900468 .2672171E7 34.2767481 646148.273 -139965.91
                   112863.661 136777.085 -139965.78 -1530.8673 136777.051 178255.403 -182623.45 -51697.204 -191929.09 -68216.922
                   185858.135 -226181.48 141001.211 135862.228 180871.426  -270125.2 180189.606 -292985.48 183264.763 190189.352
                    -158.0065 15326.4227 204.778065 12.6990776 .001900527 12.6886926 612.474842 .071239791 59.3068883 .197662458
                   25788.0467 .197139944 -15308.673
Times of maxima :      .02755     .03446     .02357     .02511     .03466     .02776      .0253      .0253     .02789     .02511
                       .00561     .02776     .02511     .03466     .02776     .02776      .0239     .02546      .0253      .0253
                       .02789     .02639     .02511     .02776     .02774     .02646     .02379      .0266       .024     .02786
                       .02755     .03446     .02357        0.3        0.3        0.3        0.3        0.3        0.3        0.3
                          0.3        0.3     .03466
             Random switching times for simulation number  50  :
                                  10  2.4541106E-02   11  2.4990439E-02   12  2.4973932E-02

 109.989           30.8215842 526950.673 64.1187689 2817.21056 .039000222  340.10875 .1440161E8 95.6094272 .7801325E7 -169086.72
                   112863.661 138848.118 -169086.44 -2301.0489 138848.084 178500.855 -210813.67  62666.379 -200306.53   113931.2
                   197285.703 -269073.04 169209.764 138972.098 185274.496 -305743.75 235972.831 -326668.13 247335.917   210912.2
                   175.560771 22955.4062 253.216842 12.7714463  .00208582 12.6885636 3271.92862 .149243335 1172.57488 .211412485
                    28303.739 .214195907 -23010.489
Times of maxima :       .0287     .03436     .02516     .02558     .03445      .0282     .02583     .02669     .02672     .02558
                       .00561      .0282     .02558     .03445      .0282     .02824     .02569     .02666     .02583     .02669
                       .02672     .02559     .02558      .0282     .02827      .0257     .02567     .02541     .02551      .0284
                        .0287     .03436     .02516        0.3        0.3        0.3        0.3        0.3        0.3        0.3
                          0.3        0.3     .03445
             Random switching times for simulation number  51  :
                                  10  2.9925769E-02   11  3.0271782E-02   12  3.0312959E-02

 219.518           44.1533064 196376.186 26.1318412 125.105486 .014445653 119.086015 .2818422E7 37.9070281 105021.841 130325.947
                   112863.661 -127151.74 130325.827 -1400.4284 -127151.85 -156155.14 177019.807 47124.6301 192353.129 71738.4817
                   -178715.74 217396.339 -131661.72 -126113.81 -142476.66 267043.707 -163053.84 277069.007  -170677.2  -150974.3
                   210.126882 14013.4288 -161.65346 12.3422895 .001850554 12.3323161 304.728151 .056169264 17.3377552 .208199474
                   25109.9246 .191889797 -14004.284
Times of maxima :      .03089     .05115     .03209     .03373     .05121     .03646     .03244     .03241     .03625     .03373
                       .00561     .03646     .03373     .05121     .03646     .03638     .03382     .03223     .03244     .03241
                       .03625     .03519     .03373     .03646     .03646     .03511     .03386     .03503     .03377     .03624
                       .03089     .05115     .03209        0.3        0.3        0.3        0.3        0.3        0.3        0.3
                          0.3        0.3     .05121
             Random switching times for simulation number  52  :
                                  10  3.1900409E-02   11  3.3904392E-02   12  3.3022267E-02

 283.407           24.6904642 569845.516 62.3959117 2978.02199 .042097983 216.573467 .1550117E8 66.3533362 .2347692E7   170746.1
                   112863.661 -136999.87 170745.809  2390.6883 -136999.82  -166975.2 208216.527 66128.5186  200801.25 94912.5615
                   -190981.82 257486.002 -170754.84  -137153.7 -182951.46 294802.413 -213326.77 307178.393 -218500.91 -207631.73
                     -157.132 -23871.437 -249.79174 12.4174029 .002072281 12.3004453 4777.17218 .103981618  206.86052 .175365689
                   28120.4079 .186888518  23906.883
Times of maxima :      .03675     .04267     .03331     .03363     .04257     .03626     .03388     .03398     .03626     .03363
                       .00561     .03626     .03363     .04257     .03626      .0376     .03374      .0353     .03388     .03398
                       .03626     .03364     .03363     .03626     .03639     .03375     .03357     .03389     .03352     .03515
                       .03675     .04267     .03331        0.3        0.3        0.3        0.3        0.3        0.3        0.3
                          0.3        0.3     .04257
             Random switching times for simulation number  53  :
                                  10  3.0307629E-02   11  3.0761329E-02   12  3.0099963E-02

 246.411           24.5911337 227852.398   14.69451 122.099518 .016743704 105.556637 3349.77459 45.5985767 291.265074 128750.572
                   -112887.24  -119711.3 128750.608 1507.71093 -119711.28 -133592.37 158006.873 49307.6087 174483.978 -78680.653
                   -138123.04 214084.806 -129674.06  -118719.4 -140937.15 239085.026   -166931. 254319.614 -171047.97 -151048.16
                   156.815604  -15094.78 121.220914 12.3438191 .001842829 12.3135018 13.6119168 .092328735 12.5815256 .151099217
                   25005.0963 .149330604 15077.1093
Times of maxima :      .03145      .0428       .036     .03294     .04288      .0359     .03409     .03184     .03484     .03294
                       .03069      .0359     .03294     .04288      .0359     .03469     .03421     .03257     .03409     .03184
                       .03484     .03427     .03294      .0359     .03597     .03424     .03423      .0344     .03303     .03702
                       .03145      .0428       .036        0.3        0.3        0.3        0.3        0.3        0.3        0.3
                          0.3        0.3     .04288
             Random switching times for simulation number  54  :
                                  10  3.4338434E-02   11  3.3182563E-02   12  3.4224029E-02

 320.795           72.9460669 513496.256 64.2507666 766.845563 .037973993 2090.25864 .1686192E8 62.9045458 .6975682E7 144897.115
                   112863.661 -161222.18 144896.781 2270.57288 -161221.95 -193310.28 196335.826 -56787.445 201410.249 92413.0552
                   -196901.41 282463.397 -145122.89 -161004.02 -225878.78 387798.276 -189784.69 392069.586 -202284.48 -274559.45
                   270.085296 -22660.456 -253.47735 12.1311331 .002015779 12.4357988 2045.43874  .06752374  1451.0623 .408193741
                   27353.3229 .350788857 22705.7288
Times of maxima :      .03603     .04269      .0345     .03482     .04263     .03493      .0347     .03517     .03509     .03482
                       .00561     .03493     .03482     .04263     .03493     .03495     .03493     .03703      .0347     .03517
                       .03509     .03492     .03482     .03493     .03503     .03495     .03493     .03508     .03479     .03516
                       .03603     .04269      .0345        0.3        0.3        0.3        0.3        0.3        0.3        0.3
                          0.3        0.3     .04263
             Random switching times for simulation number  55  :
                                  10  2.8850039E-02   11  2.9594148E-02   12  2.8530694E-02

 205.658            55.254035 286271.747 36.6575755 161.917151 .021208546 521.732925 .7834322E7 67.1251977 .2158283E7  136166.43
                   112863.661 141482.587 136166.372 -1696.8668 141482.401  191938.39 197383.872 66362.2223 197301.031 95463.0051
                   190424.651 231282.327 -137848.23 141488.504  195649.44 272988.919 -190415.21 280423.881 -201075.01 211538.187
                   235.061768  16919.567 -191.46168 12.3539566 .001891074 12.4146192 1285.70472 .103903286 349.090316 .241736217
                   25659.9802 .219974386 -16968.668
Times of maxima :      .02981     .03445     .03255     .03408     .03449     .02946     .03288     .03133     .02943     .03408
                       .00561     .02946     .03408     .03449     .02946     .02957     .03275     .03115     .03288     .03133
                       .02943      .0341     .03408     .02946      .0294     .03408      .0328     .03397     .03295     .02951
                       .02981     .03445     .03255        0.3        0.3        0.3        0.3        0.3        0.3        0.3
                          0.3        0.3     .03449
             Random switching times for simulation number  56  :
                                  10  2.3143074E-02   11  2.3444290E-02   12  2.1880059E-02

  45.335            6.7539071 349422.909 14.5240368 99.2607284 .025656032 105.040777 443.931112  21.528736 728.070816 -116086.34
                   112863.661 119418.389 -116086.32 -1866.3241 119418.408 137108.741 -136297.67 36006.2418  -140365.5 54063.1789
                   144366.665 -204684.76 116619.682 118960.016 139833.105 -217023.61 129499.297 -221202.54 137944.347 144711.637
                   -82.182158 18692.8572 120.515712 12.7214157 .001941901 12.6775435 12.9393739 .040254067 12.9196604 .120755978
                   26349.7944 .126419158 -18663.241
Times of maxima :       .0261     .03441     .02243     .02487     .03446     .02792     .02418     .02347     .02794     .02487
                       .00561     .02792     .02487     .03446     .02792     .02782     .02404     .02482     .02418     .02347
                       .02794     .02664     .02487     .02792     .02779     .02657     .02475     .02671     .02384     .02791
                        .0261     .03441     .02243        0.3        0.3        0.3        0.3        0.3        0.3        0.3
                          0.3        0.3     .03446
             Random switching times for simulation number  57  :
                                  10  2.4222250E-02   11  2.4935566E-02   12  2.4186203E-02

 109.962           30.7369371 521434.669 59.6632588 2335.34858 .038407281 353.767107 .1123322E8 40.9096383 .1352475E7 -163944.94
                   112863.661 139049.664 -163944.62 -2283.4899 139049.529 177838.508 -204862.84 -51748.584 -198867.57 74525.5402
                   188018.193 -252118.41 163953.411 138956.858 195702.001 -303187.99 207360.135 -320950.47 212502.159 206828.352
                   -175.31953  22834.944 244.260637 12.8542103 .002080482 12.6948585 3515.10328 .060251199 177.010593 .231213327
                   28231.3256 .224036779 -22834.899
Times of maxima :      .02857     .03436     .02447     .02479     .03454     .02742     .02504      .0259     .02741     .02479
                       .00561     .02742     .02479     .03454     .02742     .02877     .02493     .02646     .02504      .0259
                       .02741     .02613     .02479     .02742     .02752     .02622     .02489     .02633     .02473     .02764
                       .02857     .03436     .02447        0.3        0.3        0.3        0.3        0.3        0.3        0.3
                          0.3        0.3     .03454
             Random switching times for simulation number  58  :
                                  10  2.9640066E-02   11  2.8889219E-02   12  2.9443584E-02

 202.799           36.4939418 386875.817 23.8399337 132.439754 .028482394 120.149476 914898.978 34.6519577 2090.94732 134091.702
                   112863.661 -127718.32 134091.576 -1966.4394 -127718.34 146433.325 181653.732 53568.1386 186685.819 68589.2731
                   -161229.71  225936.47 -135971.55 -126034.84 145490.399 262676.283 -179905.09  269380.19 -184222.58 -159981.95
                   191.033876  19669.159 154.401858 12.3464509 .001960634 12.3430133 113.617201 .074707381 13.3777206 .191925196
                    26604.351 .176688106 -19664.394
Times of maxima :      .03061     .03441     .03402     .03348     .03448     .03616     .03365      .0306     .03595     .03348
                       .00561     .03616     .03348     .03448     .03616     .03036     .03354     .03194     .03365      .0306
                       .03595      .0349     .03348     .03616     .03017     .03484     .03358     .03497     .03372     .03635
                       .03061     .03441     .03402        0.3        0.3        0.3        0.3        0.3        0.3        0.3
                          0.3        0.3     .03448
             Random switching times for simulation number  59  :
                                  10  3.2109624E-02   11  3.1776425E-02   12  3.0587624E-02

 241.678           11.8855983 349055.149 20.7939304 119.053203 .025737432 111.016844 2182.55081 34.7624571 1625.53556 127134.291
                   112863.661  -122768.4 127134.335 1869.28242 -122768.44 -146526.98 153112.093  -45358.51 162256.332  68698.546
                   -155831.04 215255.258 -127540.71 -122113.71 -163315.81 238045.769 -143753.61 253132.626 -156030.08 -167685.17
                   109.021091 -18683.018 -144.20101 12.3380537 .001884528 12.2981064 13.1997735 .069917902 13.0730239 .143700115
                   25571.2786 .149769782 18692.8242
Times of maxima :      .03485     .04274     .03113     .03278     .04263     .03537     .03294     .03291      .0367     .03278
                       .00561     .03537     .03278     .04263     .03537     .03534     .03274     .03355     .03294     .03291
                        .0367     .03534     .03278     .03537     .03532     .03409     .03245     .03423     .03255     .03521
                       .03485     .04274     .03113        0.3        0.3        0.3        0.3        0.3        0.3        0.3
                          0.3        0.3     .04263
             Random switching times for simulation number  60  :
                                  10  3.7216513E-02   11  3.6663924E-02   12  3.6284378E-02

 357.153           48.3893212 460383.258 26.2391739 170.334076 .034036268 732.580358 .1015654E7 63.0354967  .628199E7 -136295.43
                   112863.661 -144428.71 -136295.37 2149.62785  -144428.5 -193229.51 -186710.22 -64151.628 -186994.26 -92509.195
                   -196577.38 -225164.84 138442.042 -144911.54 -178551.31 -262862.94 179428.532 -284921.89 189439.708 -191040.08
                   -219.97573 -21456.543 161.985104 11.9804465 .001965744 12.0372565 203.360785 .116647924 1335.40914  .23605581
                   26674.1083 .206497154 21496.2785
Times of maxima :      .03836     .04271     .04068     .04243      .0425     .03782     .04256     .03935     .03806     .04243
                       .00561     .03782     .04243      .0425     .03782     .03793      .0411     .03799     .04256     .03935
                       .03806     .04248     .04243     .03782      .0378     .04242     .04115     .04256     .04101     .03764
                       .03836     .04271     .04068        0.3        0.3        0.3        0.3        0.3        0.3        0.3
                          0.3        0.3      .0425
             Random switching times for simulation number  61  :
                                  10  3.5968556E-02   11  3.6571359E-02   12  3.4702776E-02

 352.371           89.9129229 471455.801  41.667012 125.888995 .034788949 125589.353 276126.713 79.2125104 .2930748E8 -130733.41
                   112863.661 -179219.21 -130733.29  2173.2664 -179219.03 -203233.27 179114.521 55078.1727 182821.366 103702.494
                   -206823.94 230351.246 132681.514  -179213.9 -209392.15 276998.651 -178032.42 314074.562  198001.24 -263209.61
                   299.854836 -21713.033 204.124991 12.0547481  .00197586 15.2125541 50.0066195 .076280886 7898.36468 .317274667
                   26811.3699 .267328788  21732.664
Times of maxima :      .03617     .04271     .03558     .04118     .04284     .03659     .03523     .03567     .03647     .04118
                       .00561     .03659     .04118     .04284     .03659     .03648     .03542     .03691     .03523     .03567
                       .03647      .0366     .04118     .03659     .03669     .03669      .0354     .03665      .0414     .03682
                       .03617     .04271     .03558        0.3        0.3        0.3        0.3        0.3        0.3        0.3
                          0.3        0.3     .04284
             Random switching times for simulation number  62  :
                                  10  2.5813164E-02   11  2.8243302E-02   12  2.6789138E-02

 157.356           52.6560067 470943.224 67.0084452 122.132747 .034691765 1061.92087 .5633327E7 130.762309 .1533319E7 128768.169
                   112863.661 148818.587 128768.126 -2170.2287 148818.758 187144.433  -187196.8 -88887.364 -196273.44 -133239.69
                   188563.478 -246644.98 -130827.71  148830.14 184564.226  -292840.3 168321.905 -344434.71 204971.352 250235.801
                   229.468967 21701.2263 -258.85989 12.4106311 .002032498 12.6986305 699.478366  .23132641 156.721757 .262603559
                   27579.8799 .266756992 -21702.287
Times of maxima :      .03183     .03438     .02929     .03332     .03416     .02793     .02763     .02891     .02666     .03332
                       .00561     .02793     .03332     .03416     .02793     .02657      .0275     .02905     .02763     .02891
                       .02666     .02745     .03332     .02793     .02787     .02751     .02735     .02766     .02721     .02771
                       .03183     .03438     .02929        0.3        0.3        0.3        0.3        0.3        0.3        0.3
                          0.3        0.3     .03416
             Random switching times for simulation number  63  :
                                  10  3.6185636E-02   11  3.5447717E-02   12  3.5221183E-02

 339.645           80.1729996 573132.498 47.1578923 127.647406 .042532627 3275.80929 2836.68494 84.9307732 .2449639E8 -131643.28
                   112863.661 -173750.92 -131643.16 2402.99805 -173750.63 -214375.08 -159025.08 -80685.376 -169288.82 -107380.36
                   -204763.35 221688.191 133784.638 -174102.47 -199858.13 242998.013 -149587.05 283828.471 185381.565 -218923.36
                    283.14837 -23940.186  217.15868   12.01902 .002075843 12.3410789 13.7366848 .136507984  7911.6374 .196216095
                   28168.8001  .18103643 24029.9805
Times of maxima :      .03668     .04267      .0374     .04101     .04259     .03679     .04125      .0383     .03703     .04101
                       .00561     .03679     .04101     .04259     .03679     .03677     .04141     .03695     .04125      .0383
                       .03703      .0368     .04101     .03679     .03672     .03691     .03592     .03706     .04117     .03658
                       .03668     .04267      .0374        0.3        0.3        0.3        0.3        0.3        0.3        0.3
                          0.3        0.3     .04259
             Random switching times for simulation number  64  :
                                  10  2.3667258E-02   11  2.3133314E-02   12  2.3566146E-02

 71.7282           29.2406258 310749.777 47.2444885 1114.37193 .022942847 285.590015 .6022477E7 49.4125499 .2703885E7 -149496.71
                   112863.661 138038.312 -149496.44 -1764.8832 138038.321 185073.196  -200578.7  -63707.04  -196455.9 81905.1001
                   192021.195 -226913.37 149951.537 137527.719  188830.19 -270226.55 199106.852 -286655.91 198669.662 201371.398
                   -170.99891 17628.0962 217.357973 12.7154378 .001921688 12.6906371 1166.76109 .097541082 272.796719 .190763166
                   26075.3635 .194662549 -17648.832
Times of maxima :      .02795     .03443     .02411     .02417      .0343     .02817     .02442      .0253     .02831     .02417
                       .00561     .02817     .02417      .0343     .02817     .02814     .02428     .02585     .02442      .0253
                       .02831     .02552     .02417     .02817     .02812      .0256     .02427     .02571     .02412     .02825
                       .02795     .03443     .02411        0.3        0.3        0.3        0.3        0.3        0.3        0.3
                          0.3        0.3      .0343
             Random switching times for simulation number  65  :
                                  10  3.2224263E-02   11  3.1911930E-02   12  3.2558782E-02

 267.543           29.6634936 366600.044 58.9851948 2522.31825 .026973743 360.680823 .1125171E8 58.7969532 .4226389E7 165971.673
                   112863.661 -139151.33 165971.387 1913.65182 -139151.28 -177900.43 206333.346 57575.6399 198876.033 -89344.891
                   -195610.98  249498.93 -166434.12 -138616.33 -188068.86 290555.085 -215931.19 295167.881 -217791.79 -199445.71
                   172.230931 -19146.802 -242.86868 12.4295483 .001895341 12.3112238 2675.14444 .089228353 491.811151 .210040675
                   25718.1584 .207610611 19136.5182
Times of maxima :      .03543     .04274     .03282     .03316     .04293      .0358     .03341     .03428      .0358     .03316
                       .00561      .0358     .03316     .04293      .0358     .03713     .03328     .03483     .03341     .03428
                        .0358     .03449     .03316      .0358      .0371     .03456     .03326     .03469     .03312     .03723
                       .03543     .04274     .03282        0.3        0.3        0.3        0.3        0.3        0.3        0.3
                          0.3        0.3     .04293
             Random switching times for simulation number  66  :
                                  10  3.6652368E-02   11  3.5216439E-02   12  3.6703465E-02

 339.526           52.2235836  583855.01 37.6058107 493.222389 .043016059 1220.51157 .1734278E7 31.5170865 .5104753E7 -141075.16
                   112863.661  -150851.3 -141075.06 2416.61587 -150851.06 -197705.27 -178718.12 -36579.918 -189165.83 -65413.192
                   -196025.08 -242508.05 143435.228 -151405.05 -199844.31 -290922.34 180988.781 -303855.54 185892.042 -209339.61
                   228.524799 -24163.092 193.922177 12.0060784 .002087091 12.1456027 252.546751 .031571593  1673.3905  .31558791
                   28321.5499 .265802391 24166.1587
Times of maxima :      .03686     .04267     .04039     .04187     .04271     .03726     .04071     .03761     .03729     .04187
                       .00561     .03726     .04187     .04271     .03726     .03726     .04056     .03779     .04071     .03761
                       .03729      .0432     .04187     .03726     .03726     .04317     .04059       .042     .04204     .03738
                       .03686     .04267     .04039        0.3        0.3        0.3        0.3        0.3        0.3        0.3
                          0.3        0.3     .04271
             Random switching times for simulation number  67  :
                                  10  2.3729935E-02   11  2.5009274E-02   12  2.4244032E-02

 110.889           26.2225439 527768.603 58.4457736 2849.00248  .03877842 293.422195 .1290497E8 62.7173426 .3093783E7 -169416.91
                   112863.661 138155.272 -169416.62 -2294.4963 138155.217 177687.985 -208842.41 -62185.368 -199629.32 92275.4426
                   193146.687 -248419.34 169422.952 138090.043 186879.689 -286558.56 219049.382   -291252. 219206.949 197646.922
                   161.933764 22973.2149 241.755607 12.8411406 .002086718 12.6890852 3358.86975 .099652438 337.853202 .198359455
                   28315.9812 .202372868 -22944.963
Times of maxima :      .02796     .03435     .02453     .02485     .03429     .02748      .0251     .02597     .02749     .02485
                       .00561     .02748     .02485     .03429     .02748     .02882     .02496     .02653      .0251     .02597
                       .02749     .02618     .02485     .02748     .02879     .02497     .02495     .02511     .02479     .02752
                       .02796     .03435     .02453        0.3        0.3        0.3        0.3        0.3        0.3        0.3
                          0.3        0.3     .03429
             Random switching times for simulation number  68  :
                                  10  2.0455586E-02   11  2.2282638E-02   12  2.1448939E-02

 46.0132           44.4657265 212051.087 31.1017091 383.665006  .01567963 505.873799 .1125701E7 89.5673432 .2500644E7 -139488.61
                   113454.034 -141256.32 -139488.54 -1459.0166 -141256.09 -189910.59 -182000.74 -85654.097 -187330.01 -110272.48
                   -191429.46 -216579.17 140709.042 -141261.99 -193543.58 -253528.49 201268.844 -264881.49  206117.94 -196811.41
                   -210.86898  14561.974 176.356767 12.7424826 .001900449 12.8006229 165.964773  .16887281 677.187114 .216848241
                   25786.9096 .192037265 -14590.166
Times of maxima :      .02147     .03447     .02404     .02568     .03442     .02105     .02443     .02142     .02109     .02568
                       .02221     .02105     .02568     .03442     .02105     .02117     .02575     .02274     .02443     .02142
                       .02109     .02573     .02568     .02105     .02102     .02576     .02443     .02589     .02455     .02114
                       .02147     .03447     .02404        0.3        0.3        0.3        0.3        0.3        0.3        0.3
                          0.3        0.3     .03442
             Random switching times for simulation number  69  :
                                  10  2.7325775E-02   11  2.9353845E-02   12  2.6816343E-02

 157.609           67.4176286 320323.241 38.7153695 332.417781 .023653061 364098.603 .2068705E7 976.080116 .2287966E8 138734.404
                   112863.661 184864.704 138734.403 -1791.9917 184864.485 224804.295 -169836.01 106190.406 -190160.05 147697.429
                   204062.026 -260311.74 -140211.04 184873.009  259630.41 -266709.76 -194999.61 -314721.36 -202523.48 260037.743
                   -259.64905 17897.5764 -196.76222 12.4132373 .001912252 27.3820575  197.74861 .320029203  4841.9674 .226449375
                   25947.4214 .232196024 -17919.917
Times of maxima :      .02786     .03443     .02802     .03257      .0341     .02794     .02768     .02832     .02818     .03257
                       .00561     .02794     .03257      .0341     .02794     .02806     .02751     .02963     .02768     .02832
                       .02818     .02794     .03257     .02794      .0279     .02785     .03253     .02771     .03238     .02776
                       .02786     .03443     .02802        0.3        0.3        0.3        0.3        0.3        0.3        0.3
                          0.3        0.3      .0341
             Random switching times for simulation number  70  :
                                  10  3.4482109E-02   11  3.5620373E-02   12  3.3548701E-02

 334.961           84.5357793 562235.524 49.8577688 2098.75537 .041422124 2508.24644 .8441073E7 105.800447  .273746E8 161317.925
                   112863.661 -165820.61 161317.655  2371.4201 -165820.29 -223599.75 200690.692 -97827.998 197582.467 -119849.46
                   -206000.76 270429.707 -161323.65 -165833.21 -192378.47 298220.193 -208268.23 330009.263 -213189.73 -210774.84
                   290.750373 -23711.506 -223.28853 12.2588692 .002064696 12.4169039 2876.71503 .186278117 6160.60228 .182529603
                   28017.3839 .188494125  23714.201
Times of maxima :      .03495     .04269     .03381     .03414     .04283     .03509      .0344     .03661     .03532     .03414
                       .00561     .03509     .03414     .04283     .03509      .0351     .03426     .03525      .0344     .03661
                       .03532      .0351     .03414     .03509     .03507     .03521      .0341     .03536     .03399     .03491
                       .03495     .04269     .03381        0.3        0.3        0.3        0.3        0.3        0.3        0.3
                          0.3        0.3     .04283
             Random switching times for simulation number  71  :
                                  10  2.6154043E-02   11  2.6937711E-02   12  2.5907116E-02

 133.997           75.5456036  581680.48 57.8270495 879.641576 .043014503 1094.87705 .1618368E8  126.01644 .8420079E7 -146419.11
                   112863.661 149245.498 -146418.82 -2416.5721  149245.21 211777.215 -194481.99 84431.3237 -201107.15 130799.449
                   197572.742 -259104.29 146432.664 149247.275  223647.43 -337025.79 197304.004 -392281.53 -214466.19 299286.756
                    -274.8556  24118.053 240.472555 12.5015801 .002141902 12.7540281 2131.09689 .180206402 1177.30849  .35542463
                   29065.1519 .329039848 -24165.721
Times of maxima :      .02775     .03434      .0263     .02651     .03432     .02676     .02652     .02863     .02678     .02651
                       .00561     .02676     .02651     .03432     .02676     .02692     .02662     .02733     .02652     .02863
                       .02678     .02683     .02651     .02676     .02673      .0267     .02647     .02676     .03262     .02805
                       .02775     .03434      .0263        0.3        0.3        0.3        0.3        0.3        0.3        0.3
                          0.3        0.3     .03432
             Random switching times for simulation number  72  :
                                  10  3.5841873E-02   11  3.4963578E-02   12  3.5867190E-02

 338.544           64.0491282 590881.229 56.5979756 258.712661 .043498497 3005.46676 3329.08459 10.5365017 .1029876E8 -137635.76
                   112863.661  -171026.5 -137635.71  2430.1296 -171026.36 -208392.01 -165112.09 -27905.602 -174279.35 -37821.655
                   -198439.29 272850.859 139837.596 -171311.34   -209394. 329402.905 164190.825 332814.927 181997.452 -218536.99
                   253.079292 -24308.049  237.90329 12.0099805 .002094601 12.4168624 14.4578671 .016673325 3512.83512 .375466137
                   28423.4847 .316584963  24301.296
Times of maxima :      .03622     .04267     .03703     .04108     .04259     .03648     .04126     .03679     .03671     .04108
                       .00561     .03648     .04108     .04259     .03648     .03659     .04108     .03697     .04126     .03679
                       .03671     .03647     .04108     .03648     .03643     .03658     .04107     .03672     .04123     .03658
                       .03622     .04267     .03703        0.3        0.3        0.3        0.3        0.3        0.3        0.3
                          0.3        0.3     .04259
             Random switching times for simulation number  73  :
                                  10  2.8884612E-02   11  2.6067770E-02   12  2.6023641E-02

 143.476            69.799275 589623.613 63.2596898 610.705354 .043807955 1305.13125 .2932472E7 113.454383 .5938505E7 -142739.75
                   112863.661 151915.726 -142739.53 -2438.7585 151915.592 182663.718 -189901.29 81959.2792 192682.566 124108.907
                   196416.553 240077.757 -144353.63 152715.728 244568.999 303477.245 -222437.57 339102.161 -261786.83 265731.226
                   264.195524 24282.1666 -251.51479 12.5339763 .002150081 12.4829096 863.841877 .293701644 411.687564 .337560202
                    29176.194 .330929524 -24387.585
Times of maxima :         .03     .03433     .03133     .02662     .03441     .02949     .03294     .02761     .02932     .02662
                       .00561     .02949     .02662     .03441     .02949     .02948     .02674     .02892     .03294     .02761
                       .02932     .03539      .0341     .02949     .02949     .03408     .03405     .03422     .03297     .02956
                          .03     .03433     .03133        0.3        0.3        0.3        0.3        0.3        0.3        0.3
                          0.3        0.3     .03441
             Random switching times for simulation number  74  :
                                  10  3.6873875E-02   11  3.7518937E-02   12  3.7313882E-02

 356.605           44.4744216 345069.848 32.3223215 529.099781 .025363601 1068.34584 .3322167E7 71.1648767 .4216392E7 -141587.36
                   112863.661 -148902.29 -141587.29 1855.65727 -148902.07 -195424.87 -185434.96 -77307.339 -193800.18 -98293.582
                   -195606.25 -224847.73 143411.621 -148911.22 -201605.08 -244974.56 193664.456 -269206.93 207217.775 -203394.81
                    -210.8896 -18576.056 179.784097 11.9930856 .001872027 12.0841432 363.004568   .1369301 1521.32153 .211577412
                   25401.7693 .186312893 18556.5727
Times of maxima :      .03801     .04276     .04058      .0421     .04255     .03748     .04091     .03784     .03751      .0421
                       .00561     .03748      .0421     .04255     .03748     .03759     .04077     .03917     .04091     .03784
                       .03751      .0434      .0421     .03748     .03744     .04347     .04082      .0436     .04096     .03756
                       .03801     .04276     .04058        0.3        0.3        0.3        0.3        0.3        0.3        0.3
                          0.3        0.3     .04255
             Random switching times for simulation number  75  :
                                  10  3.4279105E-02   11  3.4561326E-02   12  3.6210901E-02

 327.143           37.1680738 592630.399 25.2318696 124.457385 .043607417 411.938976 3472.64648 94.5233224 .4885119E7 -129987.77
                   112863.661 -139901.51 -129987.82 2433.17023 -139901.28 -192326.16 -155122.91 80623.7146  -175691.3 -113282.23
                   -195921.69 -223464.65 132178.493 -139907.15  -187745.1 -231052.59 156381.568 250191.568 198820.277 -195441.83
                   192.790233 -24344.001 158.845427 11.9860104 .002096454 12.2593296 13.6633772 .260405248 652.231318 .199451058
                   28448.4869 .169670547 24331.7023
Times of maxima :      .03476     .04267     .03917       .041     .04233     .03488     .04252     .03794     .03658       .041
                       .00561     .03488       .041     .04233     .03488     .03503     .04094     .03715     .04252     .03794
                       .03658     .04274       .041     .03488     .03498     .04268     .04188     .03663     .04077     .03622
                       .03476     .04267     .03917        0.3        0.3        0.3        0.3        0.3        0.3        0.3
                          0.3        0.3     .04233
             Random switching times for simulation number  76  :
                                  10  3.2622907E-02   11  3.3785141E-02   12  3.3101980E-02

 262.682           27.5120051 562426.961 61.4790686 3102.09171 .041639011 199.150094 .1529611E8  82.112385 .3693871E7 172008.456
                   112863.661 -136735.24 172008.166 2377.62039 -136735.21 -172862.55 213240.825 67657.2985 200709.167 -105583.64
                   -194854.88 267293.965 -172013.64 -136888.65 -182262.81 300610.677 -229311.74 299361.996 -239667.05 -205358.33
                   -165.86743 -23715.543 -247.94973 12.4495211 .002064573 12.3001615 3759.09619 .143323913 721.920228 .193753547
                   28015.7322 .202395142 23776.2039
Times of maxima :      .03682     .04268     .03365     .03371     .04265     .03633     .03396     .03482     .03487     .03371
                       .00561     .03633     .03371     .04265     .03633     .03637     .03383     .03538     .03396     .03482
                       .03487     .03373     .03371     .03633      .0364     .03383     .03381     .03353      .0336     .03651
                       .03682     .04268     .03365        0.3        0.3        0.3        0.3        0.3        0.3        0.3
                          0.3        0.3     .04265
             Random switching times for simulation number  77  :
                                  10  2.8333376E-02   11  2.8576961E-02   12  2.7366363E-02

  161.91           66.8208362 429314.348 42.1531522 133.677073  .03175194 2220.52857 60353.0384 75.1177959 .1665208E8 134716.554
                   112863.661 162678.973 134716.495 -2076.2395 162678.733 205838.839 170193.604 70795.0496 177612.953 100986.595
                   201316.568  227892.52 -136732.21 162833.522 196235.474 241521.023 -162607.69 274852.432 -185356.96 211901.497
                   -258.49727 20719.9022 -205.31233  12.376988 .001995532 12.5854898 16.3230804 .114909161 5372.68529 .218890257
                   27078.0642 .193420197 -20762.395
Times of maxima :      .02881     .03438     .02955     .03355     .03441     .02894      .0334     .03045     .02909     .03355
                       .00561     .02894     .03355     .03441     .02894     .02892     .03354      .0291      .0334     .03045
                       .02909     .03487     .03355     .02894     .02887     .03502     .03228     .03508     .03333     .02873
                       .02881     .03438     .02955        0.3        0.3        0.3        0.3        0.3        0.3        0.3
                          0.3        0.3     .03441
             Random switching times for simulation number  78  :
                                  10  3.0729122E-02   11  3.0307502E-02   12  3.0307300E-02

 220.568           21.7724515 193848.258 12.9480661 110.218404 .014285954 105.674493 396.324714 26.5013775 1480.71989 122326.233
                   112863.661 -119778.03 122326.168 -1392.6659 -119778.09 -142743.69 132926.741 33656.0887 139673.632 59982.7726
                    -154083.1 211976.152  -123536.2 -118707.87 -147810.44 236352.184 -145295.23 252693.433 -167027.35  -156803.2
                    147.55491   13922.94 -113.78957 12.3373912 .001849513 12.3026983 12.5807021  .04786677 12.7968987 .149539762
                   25095.8261 .140942143 -13926.659
Times of maxima :       .0317     .05115     .03074     .03318      .0511     .03631     .03432     .03281     .03503     .03318
                       .00561     .03631     .03318      .0511     .03631     .03486     .03451     .03265     .03432     .03281
                       .03503     .03475     .03318     .03631     .03615     .03485     .03329     .03472     .03341     .03625
                        .0317     .05115     .03074        0.3        0.3        0.3        0.3        0.3        0.3        0.3
                          0.3        0.3      .0511
             Random switching times for simulation number  79  :
                                  10  3.1672925E-02   11  3.1304043E-02   12  3.2943346E-02

 246.633           24.9236134 290698.171 60.6623841 2623.02857 .021389416 217.626266 .1502749E8   67.39176 .2281496E7 167046.405
                   112863.661 -137015.83 167046.112 1704.08703 -137015.78 -169615.63 208593.432 65578.5059 200588.421 -95652.365
                   -190787.45 253883.907 -167879.23 -136326.36 -182756.61 291531.111 -211390.64 305889.709 -217995.82 -203164.69
                   -157.87214 -17049.873 -246.29735 12.3965565 .001856228 12.3039323 4376.25896  .10632824 198.319795 .174696541
                   25187.1543 .185939534 17040.8703
Times of maxima :      .03667     .04276     .03323     .03355     .04267     .03618      .0338     .03467     .03618     .03355
                       .00561     .03618     .03355     .04267     .03618     .03752     .03366     .03522      .0338     .03467
                       .03618     .03356     .03355     .03618     .03627     .03367      .0335     .03381     .03343     .03508
                       .03667     .04276     .03323        0.3        0.3        0.3        0.3        0.3        0.3        0.3
                          0.3        0.3     .04267
             Random switching times for simulation number  80  :
                                  10  2.0624465E-02   11  2.0693604E-02   12  2.0678412E-02

 29.9658           56.2044309 366966.354 32.9226769 197.805103 .027086553 131.589863 .3977192E7 38.6217368 434464.581 -136714.57
                   112863.661 -133660.81 -136714.75 1917.64928 -133660.64 -180630.95 -193118.64 -52894.656 -195493.18 -72411.611
                   -185201.03 -232883.69 138433.457 -133909.32 -183405.93 -284118.18 187899.091 -291800.35 188986.734 -190693.95
                   -237.07474 -19156.366 181.446072 12.7336565 .002002731 12.7773538 585.613965 .059741696 100.308853 .267894894
                   27175.3997 .231722594 19176.4928
Times of maxima :      .02162     .02608     .02432     .02464      .0259     .02123     .02464     .02158     .02126     .02464
                       .00561     .02123     .02464      .0259     .02123     .02134     .02452     .02292     .02464     .02158
                       .02126     .02588     .02464     .02123     .02122     .02585     .02456     .02596     .02471     .02131
                       .02162     .02608     .02432        0.3        0.3        0.3        0.3        0.3        0.3        0.3
                          0.3        0.3      .0259
             Random switching times for simulation number  81  :
                                  10  2.5375758E-02   11  2.3273558E-02   12  2.3740750E-02

 86.0111           48.3448509 328222.942 71.5196419 1471.53122 .024431559 568.797256 .6750439E7  90.901315 219802.065 -153971.25
                   112863.661  142149.96 -153971.01  -1821.243 142150.005 173987.179 -201941.57 95703.1287 -196796.31 111090.621
                   181489.789 -253670.78 154423.326 141470.539 226599.681 -309096.93 204640.946 -321977.93 203984.782 261102.276
                   -219.87463 18116.9242 -267.43156 12.7277121 .001930131 12.7017868 1629.03004 .239324405 23.6390923 .277565584
                   26189.8587 .287836929  -18212.43
Times of maxima :      .02572     .03442     .02908     .02435     .03444     .02729      .0246     .02648     .02732     .02435
                       .00561     .02729     .02435     .03444     .02729     .02717     .02446     .02664      .0246     .02648
                       .02732     .02598     .02435     .02729     .02718     .02592     .02444     .02602     .02429     .02728
                       .02572     .03442     .02908        0.3        0.3        0.3        0.3        0.3        0.3        0.3
                          0.3        0.3     .03444
             Random switching times for simulation number  82  :
                                  10  2.9951899E-02   11  2.8221587E-02   12  2.9229390E-02

 190.557           32.3923178 473420.747 18.0311386 123.626995 .034923706 115.949326 3085.43861 17.2719271 1144.75687 129553.533
                   112863.661  -125466.1 129553.446 -2177.4715 -125466.11 -138101.85 168026.516  37696.749 171839.609 48424.2286
                   -149886.49 219911.013  -131693.2 -123693.98 -137821.47 259389.471 -165080.16   269121.1 -164852.61  -153456.7
                   179.978659  21758.234 134.280075  12.344409 .002034695 12.3274373 13.9736089 .038809761  12.701229 .183907164
                   27609.8709 .164694566 -21774.715
Times of maxima :      .03094     .03437     .03432     .03379     .03446     .03647     .03396     .03091     .03626     .03379
                       .00561     .03647     .03379     .03446     .03647     .03641     .03384     .03225     .03396     .03091
                       .03626     .03521     .03379     .03647     .03651     .03388     .03389     .03402     .03402     .03665
                       .03094     .03437     .03432        0.3        0.3        0.3        0.3        0.3        0.3        0.3
                          0.3        0.3     .03446
             Random switching times for simulation number  83  :
                                  10  2.1851158E-02   11  2.0633813E-02   12  2.1228457E-02

  23.532           26.6999471 375319.475 13.9659525 115.297164 .027664145 111.373335 1776.01387 8.34765806 511.003152 -125112.83
                   112863.661 122965.389 -125112.77 1937.98734   122965.4 133613.875 -155870.37  -25917.75 -157611.68 33664.6914
                   141329.362 -216292.29 127033.319 121511.872  134706.28  -260717.4 153040.598 -268546.49 154474.578 145236.908
                   -163.40118 -19373.164 -118.17763 12.7237447 .002009086 12.7021128 13.6543902 .022679594 12.9723059 .178308978
                   27261.7836 .159306516 19379.8734
Times of maxima :      .02281     .02607     .02749     .02569       .026     .02838     .02587     .02341     .02816     .02569
                       .00561     .02838     .02569       .026     .02838     .02831     .02574     .02414     .02587     .02341
                       .02816     .02571     .02569     .02838     .02841     .02579     .02579     .02592     .02458     .02855
                       .02281     .02607     .02749        0.3        0.3        0.3        0.3        0.3        0.3        0.3
                          0.3        0.3       .026
             Random switching times for simulation number  84  :
                                  10  2.4138776E-02   11  2.3693730E-02   12  2.4215612E-02

 107.966           31.4556649 380848.557 58.7679838 2895.55751 .028026395 546.220408 .1095257E8 38.0891053 .1503636E7 -169898.49
                   112863.661 141830.576 -169898.22 -1950.6346 141830.495 179823.391 -204144.61 -45990.438 -198739.13 71910.5645
                   188474.187 -254737.74 170308.971 141338.847 187003.912 -304330.43 216657.829 -319041.47 213401.922 204620.071
                    177.35745 19515.3416 242.421088 12.8292247 .001961915 12.7072688 2927.93592 .058471801 259.833957 .237767187
                   26621.5658 .227134826 -19506.346
Times of maxima :      .02794     .03441      .0245     .02482     .03458     .02745     .02506     .02594     .02747     .02482
                       .00561     .02745     .02482     .03458     .02745     .02879     .02493      .0265     .02506     .02594
                       .02747     .02615     .02482     .02745     .02757     .02622     .02492     .02635     .02505     .02634
                       .02794     .03441      .0245        0.3        0.3        0.3        0.3        0.3        0.3        0.3
                          0.3        0.3     .03458
             Random switching times for simulation number  85  :
                                  10  3.2794421E-02   11  3.3271998E-02   12  3.1955326E-02

 255.959           36.7996178 522219.356 42.3255293 1486.88181 .038679972 252.644385 .6911785E7 78.9133378 609117.055 154158.433
                   112863.661 -137544.38  154158.19 2291.58193 -137544.49 -183690.65 202220.548  87630.293 196871.605 103506.475
                   -185743.52 232203.691 -154164.52 -137672.98 -183215.89 237168.562 -204416.14 279204.147 -203411.72 -185385.18
                   191.832265 -22852.119 -205.73169 12.3617534 .002024155 12.3009745 1440.63652 .197177451 122.724501 .169078488
                   27466.9589 .186590052 22915.8193
Times of maxima :      .03335      .0427     .03249     .03256     .04268     .03656     .03281     .03292     .03521     .03256
                       .00561     .03656     .03256     .04268     .03656     .03655     .03267     .03423     .03281     .03292
                       .03521     .03392     .03256     .03656     .03651     .03482     .03266     .03369      .0337     .03665
                       .03335      .0427     .03249        0.3        0.3        0.3        0.3        0.3        0.3        0.3
                          0.3        0.3     .04268
             Random switching times for simulation number  86  :
                                  10  2.6265373E-02   11  2.5362263E-02   12  2.6190022E-02

  130.24           65.9397218 556557.614 64.2712195 541.614263  .04101609 3473.40816 .1051926E8  31.717119 .9414616E7 -141764.85
                   112863.661 175698.961 -141765.14 -2359.7687 175698.744 203522.426 -193173.08 -53523.656 -198540.52  65620.446
                     198032.4   -306288. 141827.649 175619.391 230667.766 -387028.38 181341.917 -384787.84 199282.725 260696.045
                   -256.78731 23591.4733 -253.51769 12.4674118 .002115591 12.9454444 872.818741 .048566805 1946.43626 .449711729
                   28707.9961 .382551723 -23597.687
Times of maxima :      .02676     .03434     .02705     .02695     .03436     .02687     .02663     .02885      .0271     .02695
                       .00561     .02687     .02695     .03436     .02687     .02692     .02681     .02838     .02663     .02885
                        .0271     .02687     .02695     .02687     .02697     .02692     .02689     .02705     .02675     .02711
                       .02676     .03434     .02705        0.3        0.3        0.3        0.3        0.3        0.3        0.3
                          0.3        0.3     .03436
             Random switching times for simulation number  87  :
                                  10  2.8969279E-02   11  2.8648723E-02   12  2.9182923E-02

 200.254           57.6054966 419882.141 37.7215022  132.69832 .031075235  130.24394 .5415308E7 51.6103316 .1459653E7 134222.254
                   112863.661 132975.542 134222.407 -2053.9957 132975.329 183504.614 189927.543 62079.1931 196171.073 83706.7803
                    188341.73 225697.769 -136085.95 133376.345 182467.703 266899.806 -188211.69 284775.726 -188080.61 188338.637
                   240.011451 20491.0259 -194.22024 12.3491586 .001987458 12.3901681 642.061926 .080983438 174.747253 .240760154
                   26968.4697  .20695953 -20539.957
Times of maxima :      .02995     .03439      .0326     .03299     .03424     .02956     .03298     .02993     .02955     .03299
                       .00561     .02956     .03299     .03424     .02956     .02968     .03286     .03126     .03298     .02993
                       .02955     .03423     .03299     .02956     .02954     .03421     .03291     .03428     .03282     .02964
                       .02995     .03439      .0326        0.3        0.3        0.3        0.3        0.3        0.3        0.3
                          0.3        0.3     .03424
             Random switching times for simulation number  88  :
                                  10  2.3495441E-02   11  2.3897833E-02   12  2.5090063E-02

 86.9978           31.5647071 405840.579 65.8818555 2701.30257 .029971561  373.94509  .131338E8 50.0273625 .1139951E7  -167873.8
                   112863.661 139346.292 -167873.51 -2017.1909 139346.106 162630.001 -202883.42 -58578.336 -199733.16 82413.0745
                     187373.4 -271050.98 168379.551 138848.944 181403.535 -314069.06  208369.03 -331338.54 209941.978 216299.005
                   177.664591 20145.4853  256.67461 12.7272822 .001979755 12.6930493 4753.01365  .07805532  93.980341 .199136908
                   26863.8297 .205807125 -20171.909
Times of maxima :      .03015     .03439     .02537      .0257     .03445     .02698     .02595     .02682     .02832      .0257
                       .00561     .02698      .0257     .03445     .02698     .02709     .02581     .02737     .02595     .02682
                       .02832     .02571      .0257     .02698     .02846     .02582      .0258     .02596     .02564     .02722
                       .03015     .03439     .02537        0.3        0.3        0.3        0.3        0.3        0.3        0.3
                          0.3        0.3     .03445
             Random switching times for simulation number  89  :
                                  10  2.6493266E-02   11  2.4437909E-02   12  2.4349938E-02

 96.9152           64.6218719 469685.607 48.6016584 2279.83373 .034651702 2349.97538 .9931671E7 847.677604 .2165622E8 -163334.93
                   112863.661 164104.992 -163334.65 -2168.9752 164104.702 227069.417 -204549.37 96169.4046 -198270.55 145990.479
                   203528.241 -251014.58 163492.752 163839.691 191354.103 -280973.19  209331.74  -293477.3 211228.433 210272.193
                   -254.20832 21672.2312 220.457838 12.7389816 .002032249 12.7674905 2917.84872 .244503188 5674.60516 .190681192
                   27576.3616 .221167647 -21689.752
Times of maxima :      .02705     .03438     .02463     .02494      .0341     .02711      .0252     .02746     .02735     .02494
                       .00561     .02711     .02494      .0341     .02711     .02724     .02506     .02726      .0252     .02746
                       .02735     .02711     .02494     .02711     .02702     .02703     .02504     .02716     .02488     .02691
                       .02705     .03438     .02463        0.3        0.3        0.3        0.3        0.3        0.3        0.3
                          0.3        0.3      .0341
             Random switching times for simulation number  90  :
                                  10  2.7697107E-02   11  2.6926583E-02   12  2.8135911E-02

 152.909           55.3584684 582135.319 48.1544396 588.612003 .043345273 2053.21768 116341.525 92.2561225 .1437631E8 142429.404
                   112863.661 160803.893 142429.312 -2425.8458 160803.609 207021.999 174133.509 81042.6045 178993.084 111915.415
                   200295.119 222914.002 -144664.93 161123.031  213720.55 242861.709 -184714.78 -293663.33 -205393.82   211096.5
                    -235.2838 24127.4806  -219.4412 12.3830899 .002142264 12.6264212 18.4303375 .181869192 3791.26705 .207024259
                   29070.0418 .188280857 -24258.458
Times of maxima :      .02824     .03434     .02892     .03292     .03434      .0283     .03318     .02983      .0285     .03292
                       .00561      .0283     .03292     .03434      .0283     .02832     .03304     .02999     .03318     .02983
                        .0285     .03423     .03292      .0283     .02825     .03462     .03286     .02857     .03178     .02839
                       .02824     .03434     .02892        0.3        0.3        0.3        0.3        0.3        0.3        0.3
                          0.3        0.3     .03434
             Random switching times for simulation number  91  :
                                  10  2.2818216E-02   11  2.4115617E-02   12  2.4561317E-02

 78.9862           25.2531834 432639.944 67.4276725 2873.38544 .031865422 314.112295  .164383E8 31.4712892 4440.26382 -169669.45
                   112863.661 138463.154 -169669.13 -2079.9464 138463.102 166730.838 -204499.76 -44929.109 -201221.04 65365.6493
                    176213.13 -261628.48 169997.796 138214.772 172904.094 -297467.63 203738.322 -329579.77  207355.67  191811.23
                   158.912502 20799.9986 259.668389 12.8034429 .002000702 12.6943698 5651.43775 .044828516 14.3920075 .187055598
                   27148.1862 .195786314 -20799.464
Times of maxima :      .02964     .03438      .0251     .02517     .03431      .0278     .02542     .02628     .02929     .02517
                       .00561      .0278     .02517     .03431      .0278     .02914     .02516     .02684     .02542     .02628
                       .02929     .02519     .02517      .0278     .02788     .02529     .02527     .02544      .0254      .0267
                       .02964     .03438      .0251        0.3        0.3        0.3        0.3        0.3        0.3        0.3
                          0.3        0.3     .03431
             Random switching times for simulation number  92  :
                                  10  2.8889665E-02   11  2.9190315E-02   12  2.8228798E-02

 200.082           48.2889853 343430.288 36.7795143 133.503675 .025379041 125.842606  .622004E7 79.0354546 .4064524E7 134629.266
                   112863.661 130709.393 134629.094  -1856.222 130709.202  186778.74 198782.054 80393.9239 196548.396 103586.531
                   195534.475 218808.385 -136204.33 130848.813 197498.448  250278.99 -195307.81 254751.286 -193491.21 196078.901
                   219.747549 18531.8722 -191.77986 12.3516922  .00192797 12.3933148 1060.69979 .154147394 911.737766 .199978642
                   26160.8136 .191006079  -18562.22
Times of maxima :       .0299     .03443     .03257     .03272     .03417     .02948     .03292     .02984      .0295     .03272
                       .00561     .02948     .03272     .03417     .02948      .0296     .03277     .03117     .03292     .02984
                        .0295     .03413     .03272     .02948     .02948     .03413     .03282     .03423     .03297     .02936
                        .0299     .03443     .03257        0.3        0.3        0.3        0.3        0.3        0.3        0.3
                          0.3        0.3     .03417
             Random switching times for simulation number  93  :
                                  10  3.4283801E-02   11  3.4685281E-02   12  3.4888529E-02

 330.943           37.3172855 593392.712  48.382612 135.047473 .043602698 433.140229 .2057892E7 987.474848  .772762E7 135405.439
                   112863.661 -140209.48 135405.263 2433.03857 -140209.25 -200307.83 179022.272   -118280.  190128.06  147847.17
                   -197251.46 233727.361 -135360.93 -140217.53 -188120.84 245966.468 -204277.25 270787.754 -209728.77 -196155.88
                   193.176825 -24359.653 -219.96048 12.0384724 .002097304 12.2646011  406.37038 .447070213 1553.35161 .206053617
                   28459.9965 .212160797 24330.3857
Times of maxima :      .03477     .04268     .03517     .03548      .0423     .03489     .03567     .03584     .03661     .03548
                       .00561     .03489     .03548      .0423     .03489     .03507     .03562     .03658     .03567     .03584
                       .03661     .03548     .03548     .03489     .03499     .03559     .03554     .03531     .03544     .03701
                       .03477     .04268     .03517        0.3        0.3        0.3        0.3        0.3        0.3        0.3
                          0.3        0.3      .0423
             Random switching times for simulation number  94  :
                                  10  2.6147985E-02   11  2.5403305E-02   12  2.4416665E-02

 107.824           64.2344128 559179.019  83.986923 2435.38932 .041280656 1869.63181 .1084778E8 935.654422 .3686239E7 -165034.57
                   112863.661 158702.306 -165034.27 -2367.3671 158702.065 204038.411 -204653.66 106779.992 -198691.14 147163.932
                   194833.338 -256432.33 165039.795 158632.322 256560.084 -312453.75 210234.619 -333113.95 212843.003 271527.495
                   -253.44509 23646.9664 -289.80497 12.7583176 .002118518 12.7831929 3418.96806 .343149064 540.184028 .296159227
                   28747.5613 .318757194 -23673.671
Times of maxima :      .02636     .03435     .02976     .02501     .03415     .02675     .02527     .02714       .027     .02501
                       .00561     .02675     .02501     .03415     .02675     .02686     .02513     .02734     .02527     .02714
                         .027     .02675     .02501     .02675     .02676     .02686     .02511     .02669     .02492     .02668
                       .02636     .03435     .02976        0.3        0.3        0.3        0.3        0.3        0.3        0.3
                          0.3        0.3     .03415
             Random switching times for simulation number  95  :
                                  10  2.9437280E-02   11  2.9672727E-02   12  2.8806105E-02

 223.827           48.4100392 274975.592 25.3026714 157.394037  .02033282 118.138005 .2400299E7 46.4424539 3007.26877 136097.082
                   112863.661 -126644.75  136096.95 -1661.4647 -126644.73 160415.889 190062.553 62591.4048  191136.01 79405.3733
                    171044.76 225343.781 -137616.75 -125186.68 160360.268 264424.823 -185494.38 274583.571 -185704.46 -169164.53
                   220.022815  16582.388 -159.06813 12.3485267 .001884774 12.3565842 340.310346 .092585526 14.1857602 .207034429
                   25574.4229 .188213911 -16614.647
Times of maxima :      .03043     .03445     .03303     .03327     .03465     .03593     .03344     .03039     .03004     .03327
                       .00561     .03593     .03327     .03465     .03593     .03015     .03332     .03172     .03344     .03039
                       .03004     .03469     .03327     .03593     .03003     .03464     .03337     .03476     .03351     .03614
                       .03043     .03445     .03303        0.3        0.3        0.3        0.3        0.3        0.3        0.3
                          0.3        0.3     .03465
             Random switching times for simulation number  96  :
                                  10  3.4057138E-02   11  3.2611783E-02   12  3.2652607E-02

 270.517           80.9626762 452340.828 48.4249141 2190.70263 .033307767 1968.01986 .9813061E7 93.8098634 .1159773E8 162347.446
                   112863.661 -159834.51 162347.157 2126.49847 -159834.24 -202245.36 204513.361 -66686.253  198215.97 112853.898
                   -199034.15 295811.733 -162552.54 -159433.42 -225644.57 357452.841 -209332.47 363515.188 -211211.36 -289878.06
                   284.539411 -21268.306 -220.05662 12.3782215 .001960041 12.4692429 2855.56885 .137941444 2007.20613 .309123616
                   26596.4609 .267664199 21264.9847
Times of maxima :      .03565     .04272     .03294     .03325     .04283     .03466     .03351     .03362     .03596     .03325
                       .00561     .03466     .03325     .04283     .03466     .03604     .03337     .03438     .03351     .03362
                       .03596     .03468     .03325     .03466      .0361     .03478     .03335     .03492     .03316     .03597
                       .03565     .04272     .03294        0.3        0.3        0.3        0.3        0.3        0.3        0.3
                          0.3        0.3     .04283
             Random switching times for simulation number  97  :
                                  10  2.8533815E-02   11  2.6860527E-02   12  2.7628479E-02

 159.826           56.7576667 584463.616  28.665845 189.923825 .042932129 1694.59845 160472.691   76.70901 .1465476E8 136594.741
                   112863.661 156652.911 136594.688 -2414.2571 156652.653 203747.295 178053.281 73665.3892 180066.341 102050.586
                   200420.637 226250.957 -138989.75 157300.823 181040.443 245178.518 -173802.32 267125.732 -189678.75 201149.698
                   -238.23868 24175.6823 -169.30991 12.3683686 .002144696 12.5205379 31.1012169 .133034499 3655.28124 .216051975
                   29103.1855 .195651466 -24142.571
Times of maxima :      .02906     .03434     .02975     .03375      .0342     .02914      .0339     .02949     .02938     .03375
                       .00561     .02914     .03375      .0342     .02914     .02926     .03377     .02931      .0339     .02949
                       .02938     .03508     .03375     .02914     .02912     .03375     .03246     .03389     .03232     .02894
                       .02906     .03434     .02975        0.3        0.3        0.3        0.3        0.3        0.3        0.3
                          0.3        0.3      .0342
             Random switching times for simulation number  98  :
                                  10  2.8179784E-02   11  2.9044004E-02   12  2.8086579E-02

 192.617           55.8874991 364455.254 46.8747926  451.15729 .026827471 2727.05148 .5416118E7 40.9010566 .6921192E7 140470.038
                   112863.661  168144.41  140469.95 -1908.4561 168144.219 199560.352 180543.036 48232.1205 196171.454 74517.7231
                   196875.994 242338.081 -142280.93 168145.835  214520.85 291119.686 -169751.69  301358.09 -194333.33  231130.57
                   -236.40537 19090.7112 -216.50587 12.3830743 .001943345 12.6411526 559.132136 .045895443 2439.06772 .312988051
                   26369.6099 .269270677 -19084.561
Times of maxima :      .02838     .03441     .02892     .03339     .03434     .02878     .03223     .03073     .02881     .03339
                       .00561     .02878     .03339     .03434     .02878     .02881     .03208     .02944     .03223     .03073
                       .02881     .03468     .03339     .02878     .02887     .03468     .03212     .03477     .03357       .029
                       .02838     .03441     .02892        0.3        0.3        0.3        0.3        0.3        0.3        0.3
                          0.3        0.3     .03434
             Random switching times for simulation number  99  :
                                  10  3.2286714E-02   11  3.0983167E-02   12  3.2529946E-02

 268.508           30.0484834 252685.475 58.8125261 2403.62122 .018648611 243.999092 .8217733E7 48.5301818  .375121E7 164689.852
                   112863.661  -137414.4 164689.569 1591.16626 -137414.33 -178359.28 204397.298 56430.2397 197478.964 -81170.509
                   -195016.62 253157.387 -165573.74 -136476.88 -187993.68 297354.527 -211058.53 306197.875 -210513.57 -198887.05
                   173.344984 -15896.084 -242.51294 12.4238657 .001845592 12.3080868 2535.17077 .078935315 529.902714 .217792347
                   25042.7347 .211966341 15911.6626
Times of maxima :       .0354     .04278     .03281     .03313     .04293     .03576     .03338     .03425     .03577     .03313
                       .00561     .03576     .03313     .04293     .03576      .0371     .03326     .03481     .03338     .03425
                       .03577     .03446     .03313     .03576     .03708     .03453     .03323     .03466     .03306      .0372
                        .0354     .04278     .03281        0.3        0.3        0.3        0.3        0.3        0.3        0.3
                          0.3        0.3     .04293
             Random switching times for simulation number  100  :
                                  10  2.5377752E-02   11  2.6164827E-02   12  2.6352166E-02

 131.452           44.1306178 591660.897 58.3271742  599.56427  .04364874 1004.14594 .1138927E8 114.673699  2948.7018 -142583.51
                   112863.661 148065.578 -142583.25 -2434.3228 148065.753 163992.565  -201572.6 -87277.587 -198938.92 -124774.04
                   170445.242 -263372.72 142569.098 148188.853 180300.828 -309741.04 186384.046 -351878.36  216250.16 244557.612
                   210.072887 24324.0806 241.510195 12.4507381  .00215223 12.7161671 2373.59023 .182847053 15.2320725  .23503434
                   29205.3923 .241205189 -24343.228
Times of maxima :       .0314     .03434     .02687     .02696     .03445      .0275      .0272     .02848     .02623     .02696
                       .00561      .0275     .02696     .03445      .0275     .02613     .02707     .02862      .0272     .02848
                       .02623     .02699     .02696      .0275     .02742     .02708      .0269     .02723     .02677     .02848
                        .0314     .03434     .02687        0.3        0.3        0.3        0.3        0.3        0.3        0.3
                          0.3        0.3     .03445
             Random switching times for simulation number  101  :
                                  10  2.7569090E-02   11  2.5678215E-02   12  2.7698051E-02

 145.664           64.0122685 575220.021 59.0506277 382.081272 .042412031 2129.85752 261589.131 61.2069817 .1598685E8 139465.481
                   112863.661 161667.483  139465.35 -2399.5889 161667.145 204382.561 169059.863 -41259.817  182479.48 91157.5815
                   201019.024 229923.594 -141649.28 161921.335  209052.23 -311203.41 -163858.38 -312916.64 -174271.66 211876.346
                   -253.00646 23983.7449 -243.00335 12.3805298 .002134955 12.6649552 26.4899153 .047556729 4115.01022 .333296815
                   28970.8909 .279553474 -23995.889
Times of maxima :      .02793     .03434     .02878     .03279     .03426     .02816     .03305     .02852     .02806     .03279
                       .00561     .02816     .03279     .03426     .02816     .02827      .0329     .02809     .03305     .02852
                       .02806     .03414     .03279     .02816      .0281     .02829      .0315     .02843     .03137     .02838
                       .02793     .03434     .02878        0.3        0.3        0.3        0.3        0.3        0.3        0.3
                          0.3        0.3     .03426
             Random switching times for simulation number  102  :
                                  10  3.0341626E-02   11  2.9751867E-02   12  3.1290702E-02

 211.118           31.8120771 263838.826 44.1464452 135.326595 .019741903 134.799852 2461.54454 86.9740158 475782.157 135544.999
                   112863.661 -135280.98 135545.121 -1637.1438 -135281.07 -174747.86 163602.068 62079.3956 -165317.17 -108664.35
                   -185329.65 227394.961 -137041.65 -133859.56 -185587.83 277250.391 -199909.41 305573.091 -226391.05 -212450.03
                   178.359404 16243.1163 -210.11055 12.3159387  .00187873 12.3187201 13.8584218 .138275023  63.199106 .228030048
                   25492.4624 .205094117 -16371.438
Times of maxima :      .03417     .03446     .03159     .03326     .03448     .03593     .04061     .03304     .03459     .03326
                       .00561     .03593     .03326     .03448     .03593     .03586     .03202     .03257     .04061     .03304
                       .03459     .03452     .03326     .03593     .03583     .03455     .03201     .03443     .03304     .03594
                       .03417     .03446     .03159        0.3        0.3        0.3        0.3        0.3        0.3        0.3
                          0.3        0.3     .03448
             Random switching times for simulation number  103  :
                                  10  2.0378991E-02   11  1.9758848E-02   12  2.1844636E-02

 11.5733           44.4122555 489475.463 38.9716543 131.197341 .036210906 454.110112 .7580367E7 91.9897875 .2298653E7 -133461.21
                   112863.661 -140512.81 -133461.14 2217.23643 -140512.59 -189436.49 -175068.81 81360.3617   -197183. 111753.754
                   -190837.87 -207013.34 135655.587 -140985.73 -192924.99 -229228.46 171690.175  -244368.6  188393.53 -196585.93
                   -210.74215 -22124.092 197.412396 12.7239118 .002107179 12.7968146 1064.16833 .178232025 603.268455  .18710155
                   28593.3635 .167552082 22172.3643
Times of maxima :      .02138     .02603     .02395      .0256     .02597     .02097     .02424     .02196     .02101      .0256
                       .00561     .02097      .0256     .02597     .02097     .02109     .02572     .02328     .02424     .02196
                       .02101     .02579      .0256     .02097     .02094     .02569      .0244     .02555     .02427     .02106
                       .02138     .02603     .02395        0.3        0.3        0.3        0.3        0.3        0.3        0.3
                          0.3        0.3     .02597
             Random switching times for simulation number  104  :
                                  10  2.3987339E-02   11  2.3287884E-02   12  2.3731837E-02

 71.8175           27.3349992 329425.962 50.7448163 1473.09873 .024390728 131.893607 .7574779E7 61.1893223 .2229231E7 -153990.43
                   112863.661 133814.823 -153990.14 -1819.7205 133814.811 180975.218 -203483.26  -72009.26  -197180.4  -91144.43
                   190633.721  -228181.5 154437.057 133424.129 182413.352  -265332.6 200383.564 -300018.39 203062.467 205012.978
                   -165.33299 18150.0954 225.266101 12.7226909  .00193077  12.685221 1850.28095 .126203294 196.375843 .184140483
                   26198.6573 .194590918 -18197.205
Times of maxima :      .02812     .03442     .02427     .02434     .03427     .02834     .02459      .0247     .02848     .02434
                       .00561     .02834     .02434     .03427     .02834     .02831     .02445     .02603     .02459      .0247
                       .02848     .02566     .02434     .02834     .02831     .02578     .02439     .02589     .02425     .02705
                       .02812     .03442     .02427        0.3        0.3        0.3        0.3        0.3        0.3        0.3
                          0.3        0.3     .03427
             Random switching times for simulation number  105  :
                                  10  2.8144797E-02   11  2.8398075E-02   12  2.8534632E-02

 186.113           50.8177826 452516.736 40.2822312 684.137202 .033556992 1637.33457 .1362036E7 79.0860472 .1070262E8 143761.699
                   112863.661 155972.188 143761.606 -2134.4394 155971.942 198845.535 176667.064  73990.103 188047.098  103619.68
                   198624.608 226328.904 -145799.38  156114.23 208207.223 240924.088 -187944.49 282569.179 -208788.49 205866.938
                     -225.428 21272.4408 -200.70434 12.3882056 .002015895 12.5472386 118.080599 .138292665 2800.75467  .21883355
                   27354.4545 .193090897 -21344.394
Times of maxima :      .02865     .03438     .02936     .03336     .03454     .02875     .03218     .03027      .0289     .03336
                       .00561     .02875     .03336     .03454     .02875     .02886     .03344     .03042     .03218     .03027
                        .0289     .03465     .03336     .02875     .02868     .03476     .03209     .03487     .03222     .02881
                       .02865     .03438     .02936        0.3        0.3        0.3        0.3        0.3        0.3        0.3
                          0.3        0.3     .03454
             Random switching times for simulation number  106  :
                                  10  3.4880184E-02   11  3.3970868E-02   12  3.4062915E-02

  305.99           80.6116028 573443.806 44.5762373 1202.89976 .042608319  2234.9521 .3932928E7 747.310623 .2590284E8 150628.049
                   112863.661 -162839.06 150627.806 2405.13532 -162838.67 -223048.87 196152.662 -90207.808 195472.237 -144630.16
                   -205369.78 252857.943 -150685.44 -162864.41 -198613.26 267203.432 -198314.53 291375.605 -207206.76 -218489.64
                   283.921825 -23946.687 -211.13085 12.1439767 .002076205 12.4019471 1320.12991 .285128632 7490.80493 .168132249
                   28173.5962 .186026353 24051.3532
Times of maxima :      .03544     .04267     .03431     .03466     .04248     .03549     .03461     .03583     .03575     .03466
                       .00561     .03549     .03466     .04248     .03549     .03561     .03478     .03572     .03461     .03583
                       .03575     .03554     .03466     .03549     .03537     .03562     .03476     .03577     .03456     .03529
                       .03544     .04267     .03431        0.3        0.3        0.3        0.3        0.3        0.3        0.3
                          0.3        0.3     .04248
             Random switching times for simulation number  107  :
                                  10  2.7886629E-02   11  2.8227788E-02   12  2.5979720E-02

 170.905           52.5159927 473607.377 65.0588741 713.159542 .035308647 2676.34939 .1299381E8 255164.199  .157802E8 -144162.06
                   112863.661 167610.682 -144161.84  -2189.439 167610.482 212410.274 213453.846 -124550.81 199669.649 -182327.99
                   200926.422 235844.631 144167.777 167724.235 258171.001 254152.966 -229067.59 280434.525 -231687.84 269383.204
                   -229.16368 21762.5223 -255.06641 12.4892917 .002034936 12.6557473 2319.69554  4.6078018 2251.88891 .224204188
                   27612.8459 .299503546  -21894.39
Times of maxima :      .02823     .03436     .03009     .02657     .03437     .02849     .03197     .02825     .02874     .02657
                       .00561     .02849     .02657     .03437     .02849      .0286     .03179     .02956     .03197     .02825
                       .02874     .03441     .02657     .02849      .0284     .03432     .03182     .03425     .03167     .02829
                       .02823     .03436     .03009        0.3        0.3        0.3        0.3        0.3        0.3        0.3
                          0.3        0.3     .03437
             Random switching times for simulation number  108  :
                                  10  2.7355928E-02   11  2.7099526E-02   12  2.7038804E-02

 133.004           65.7489096 573981.374 68.0235206 382.813779 .042542971 2774.68525 .4060206E7 133.606116 .1234801E8 139476.199
                   112863.661 168643.381 139476.076 -2403.2902 168643.107  214670.74 175582.032 87986.8722 195532.433 134680.736
                   199376.167 -238063.94 -141588.86 168828.856 234462.415 -290828.15 -180326.22 -345141.71 -208711.64 272695.303
                    -256.4155 23957.9084 -260.81319 12.4077532 .002133782 12.7560533  478.60141 .207271443 2988.14717  .30517929
                   28954.8987 .293248502 -24032.902
Times of maxima :       .0276     .03434      .0281     .03258     .03412     .02796     .03137     .02984     .02821     .03258
                       .00561     .02796     .03258     .03412     .02796     .02811     .03269     .02849     .03137     .02984
                       .02821     .02797     .03258     .02796     .02807     .02788     .03386     .02789     .03376       .028
                        .0276     .03434      .0281        0.3        0.3        0.3        0.3        0.3        0.3        0.3
                          0.3        0.3     .03412
             Random switching times for simulation number  109  :
                                  10  3.0801354E-02   11  3.1882091E-02   12  3.1651115E-02

  251.15           35.2457083 362843.299 49.8772476 888.948029 .026726875 352.369533 275119.698 52.2819977 .1577161E7 146543.319
                   112863.661 -139028.94 146543.103 1904.87466 -139028.94 -185549.91 183734.207 53468.1238 182797.724 -84249.707
                   -188695.21 238831.353  -146703.3 -138601.89 -200420.97  299139.74 -201313.83 304693.025  -226594.5 -226160.46
                   187.738404 -19048.446 -223.33215 12.3650956 .001892928 12.3260805 66.6625405 .097067826 305.324572 .250777873
                   25685.3135 .227621054 19048.7466
Times of maxima :      .03604     .04274     .03205     .03226     .04265     .03624      .0325     .03349     .03638     .03226
                       .00561     .03624     .03226     .04265     .03624     .03624      .0324     .03395      .0325     .03349
                       .03638     .03487     .03226     .03624     .03622     .03492     .03224     .03479     .03237     .03634
                       .03604     .04274     .03205        0.3        0.3        0.3        0.3        0.3        0.3        0.3
                          0.3        0.3     .04265
             Random switching times for simulation number  110  :
                                  10  2.5320075E-02   11  2.7353811E-02   12  2.5976880E-02

 145.545           31.2888899 558184.523 59.4825664 597.528787 .041509509 278.832948 .7697967E7 131.237591 .7029014E7  -142554.9
                   112863.661 137937.446 -142554.67 -2373.9202 137937.316 182870.503 -195925.05 104574.607 -197237.68 133481.611
                   196926.276 -248663.39 142568.578 137977.197  175107.43 -271463.88 223712.189 -281646.18 227807.438 191405.785
                   176.886658  23625.929  243.89048 12.4702998 .002117233  12.665705 2170.03647 .322951083  1070.3442 .187678868
                   28730.1941 .204691496 -23739.202
Times of maxima :       .0297     .03434     .02623     .02657     .03438     .02748     .02671     .02769     .02768     .02657
                       .00561     .02748     .02657     .03438     .02748      .0275     .02668     .02762     .02671     .02769
                       .02768     .02659     .02657     .02748     .02934     .02658     .02658     .02644     .02646     .02811
                        .0297     .03434     .02623        0.3        0.3        0.3        0.3        0.3        0.3        0.3
                          0.3        0.3     .03438
             Random switching times for simulation number  111  :
                                  10  2.6818158E-02   11  2.6938890E-02   12  2.8594079E-02

 159.447            47.377297 581880.786 30.1671873 122.972811 .043285202 1886.36151 2568.73897 90.3209553 .8693018E7  129210.18
                   112863.661 158895.847 129210.219 -2424.1642 158895.559 205250.002 153915.464 -85154.078 166468.203 110735.424
                   197699.098 215735.473 -131569.72 158971.232 208733.286 230334.969 -167234.57 253066.835 -196138.35 209998.205
                   -217.66327 24122.2053 -173.68704 12.3540121 .002142009 12.6847048 13.4354344 .202332279 2612.89741   .1942889
                   29066.5035 .167022107 -24241.642
Times of maxima :      .02727     .03434     .02944     .03351     .03444     .02741     .03332     .02778     .02766     .03351
                       .00561     .02741     .03351     .03444     .02741     .02753     .03354     .02973     .03332     .02778
                       .02766     .03479     .03351     .02741     .02738     .03487     .03314       .035     .03328     .02754
                       .02727     .03434     .02944        0.3        0.3        0.3        0.3        0.3        0.3        0.3
                          0.3        0.3     .03444
             Random switching times for simulation number  112  :
                                  10  3.0679505E-02   11  3.0559816E-02   12  2.9585627E-02

 230.657           15.3908339 205337.942 7.98353671 110.656252 .015164376 106.665357  1315.4211 8.21804942 346.189624 122568.868
                   112863.661 -120338.35 122568.901 1434.84366 -120338.34 -129266.64 139674.917 25189.9243 152044.134 33402.3242
                   -138937.84 216520.818 -123691.44 -119219.16 -126300.75 244668.487 -134281.19 252003.511 -146838.75 -131561.78
                     124.0598 -14329.618 89.3506391 12.3437018 .001843783 12.3029384 12.7269029 .019542773 12.4941654 .139898839
                   25018.0477 .134406214 14348.4366
Times of maxima :      .03149      .0428     .03504      .0333      .0427     .03575     .03319     .03316     .03699      .0333
                       .00561     .03575      .0333      .0427     .03575     .03585     .03332     .03298     .03319     .03316
                       .03699     .03453      .0333     .03575     .03567     .03458     .03462     .03444     .03341     .03438
                       .03149      .0428     .03504        0.3        0.3        0.3        0.3        0.3        0.3        0.3
                          0.3        0.3      .0427
             Random switching times for simulation number  113  :
                                  10  3.3379992E-02   11  3.4218149E-02   12  3.2069927E-02

 298.237           73.5273746 584088.886 43.8655575 1683.41004 .043223124 423.352798 .7827841E7 83.8913743 .1855001E8 156520.304
                   112863.661 -140067.16  156520.06 2422.42528 -140067.23 -183718.75 203761.366 64752.7229 197298.021 -106721.27
                   -202160.86 259206.728 -156526.58 -140408.88 -198894.82 312601.336 -206428.59 324564.164 -205852.76 -244109.67
                   271.159316 -24167.931 -209.44106 12.3879967 .002087354  12.321313 1754.86911 .080764337 2203.75421 .251636132
                   28325.0593 .218425564 24224.2528
Times of maxima :      .03502     .04267     .03235     .03267     .04258     .03671     .03292     .03364     .03532     .03267
                       .00561     .03671     .03267     .04258     .03671     .03521     .03278     .03436     .03292     .03364
                       .03532     .03404     .03267     .03671     .03663     .03413     .03276     .03403     .03261     .03536
                       .03502     .04267     .03235        0.3        0.3        0.3        0.3        0.3        0.3        0.3
                          0.3        0.3     .04258
             Random switching times for simulation number  114  :
                                  10  3.3238524E-02   11  3.4276492E-02   12  3.1519181E-02

 294.109           29.7056046 586198.794 50.8727276 570.571483 .043084424 122.236661 .2885558E7 92.8184707 1975.87141 142175.291
                   112863.661 -128823.04 142175.056 2418.53545 -128822.89  -143711.2 192170.903 -95214.231 192547.185 -112255.99
                   -159923.99 228987.312 -142180.48 -128979.67 -199563.68 272440.416 -192886.11 296684.217 -191234.95 -223677.43
                   172.353139 -24211.543 225.549834 12.3274424 .002089612 12.2955632 328.038169 .238505374 13.3111107 .209857013
                   28355.6065 .241255568 24185.3545
Times of maxima :       .0335     .04267     .03688     .03212     .04239     .03612     .03237     .03424     .03634     .03212
                       .00561     .03612     .03212     .04239     .03612     .03746     .03224     .03444     .03237     .03424
                       .03634     .03384     .03212     .03612     .03504     .03519     .03222     .03515     .03235     .03517
                        .0335     .04267     .03688        0.3        0.3        0.3        0.3        0.3        0.3        0.3
                          0.3        0.3     .04239
             Random switching times for simulation number  115  :
                                  10  3.1661011E-02   11  2.9113217E-02   12  2.9125601E-02

 234.026           3.38780049 354525.939 2.26161506 93.6224677 .026121338 93.0923801 107.829694 .816897323 104.179353 112774.072
                   112863.661 -112888.11 112741.123 -1883.1721 112421.501 116489.935 117579.294 -8316.3991  120993.35 -10531.156
                   -118927.73 196076.877  -114555.4 111559.777  113979.97 200175.656 -117734.27 204277.433 -118246.48 114940.572
                    58.204815 18828.8592 47.5564408 12.3385867 .001936012 12.2931801 12.5007999 .004699739 12.4369195 .107888526
                   26270.1673 .107726721 -18831.721
Times of maxima :      .03225     .03442     .03685     .03357     .03445     .06099      .0335     .03569     .03561     .01672
                       .00561     .00283     .03357     .03445     .06099     .04399     .03346     .03114      .0335     .03569
                       .03561     .03503     .03357     .06099     .04393      .0352     .03366     .03517      .0335     .04396
                       .03225     .03442     .03685        0.3        0.3        0.3        0.3        0.3        0.3        0.3
                          0.3        0.3     .03445
             Random switching times for simulation number  116  :
                                  10  2.3379803E-02   11  2.3448618E-02   12  2.5440332E-02

 105.964           38.5731295 349343.378 65.7392951 2488.09532 .025660229 812.342066 .9910665E7    71.0939 .1617065E7 -165603.77
                   112863.661 145514.398 -165603.52 -1866.4767 145514.242 171336.658 -201310.74    -64193. -198260.89 98244.5532
                   188814.953 -278930.41 166323.073 144895.057 186340.994 -322887.73 216477.065 -330996.71 226263.238 223040.442
                   196.400432 18690.7297 256.396753 12.6655439 .001941903 12.7168953  3187.4232  .12245482 262.878253 .223931835
                   26349.9197 .224862695 -18664.767
Times of maxima :      .02917     .03442     .02567     .02605     .03431     .02733      .0263     .02717      .0272     .02605
                       .00561     .02733     .02605     .03431     .02733     .02744     .02616     .02772      .0263     .02717
                        .0272     .02606     .02605     .02733     .02881     .02617     .02615     .02631     .02599     .02757
                       .02917     .03442     .02567        0.3        0.3        0.3        0.3        0.3        0.3        0.3
                          0.3        0.3     .03431
             Random switching times for simulation number  117  :
                                  10  1.9772761E-02   11  1.9841825E-02   12  2.1195032E-02

 12.7603           45.8164043 478982.275 46.8291112 132.281546 .035490383 1608.04608 .3247534E7  100.49167 .6666512E7 -134011.56
                   112863.661 -155622.02 -134011.46 2195.06635 -155621.76 -199604.39 -175619.27  71235.063 -193587.09  -116803.9
                   -196757.12 -222502.44 136103.923 -155814.05 -208889.91 -247397.89 180460.783 -261872.76 202617.321 -207875.26
                   214.047668 -21885.664 216.400349 12.7311635 .002097574 12.9212931 364.194654 .137660209 2238.19489 .193439201
                     28462.91 .173070336 21950.6635
Times of maxima :      .02015     .02604     .02335     .02501     .02621     .02037     .02363     .02074     .02041     .02501
                       .00561     .02037     .02501     .02621     .02037     .02049     .02513     .02268     .02363     .02074
                       .02041     .02643     .02501     .02037     .02033     .02636      .0238     .02623     .02367     .02047
                       .02015     .02604     .02335        0.3        0.3        0.3        0.3        0.3        0.3        0.3
                          0.3        0.3     .02621
             Random switching times for simulation number  118  :
                                  10  2.3084520E-02   11  2.1678722E-02   12  2.0732289E-02

 45.3245            3.8686896 229153.779 2.58819828 94.1734774 .016893321 93.0545047 108.670164 1.16015074 108.131065 -113072.41
                   112863.661 -112888.11  -113072.4 1514.43219 -112398.63  -117192.3 -118717.87 9120.01883 -121463.97 12550.1675
                   121162.312 -197520.12 114503.385 -111338.99 114742.472 -202981.39 118212.355  -207616.8 118490.805 117038.688
                   -62.198791 -15137.826 -50.874338 12.7196521 .001919999 12.6772064 12.8878236 .005388795 12.8272306 .112250908
                    26052.356 .111646324 15144.3219
Times of maxima :      .02387     .02614     .02992     .02521     .02615     .05265     .02507     .02731     .02718     .02521
                       .00561     .00283     .02521     .02615     .05265     .03562      .0252     .02276     .02507     .02731
                       .02718     .02659     .02521     .05267     .02803     .02695     .02521     .02682     .02506     .02813
                       .02387     .02614     .02992        0.3        0.3        0.3        0.3        0.3        0.3        0.3
                          0.3        0.3     .02615
             Random switching times for simulation number  119  :
                                  10  2.7027508E-02   11  2.7610891E-02   12  2.8100043E-02

 159.124           49.3580513 537472.502 68.4983369 124.084282 .039538624 2167.02093 32408.2819 96.5518037 .9993563E7 129792.803
                   112863.661 162083.357 129792.829 -2316.8776 162083.065 205602.597 168465.341 64930.2832 176916.089 114491.306
                   198299.021  219859.58 -132072.86  162088.39 212878.216 255102.513 -149796.57  276474.93 -173861.19 219440.404
                   -222.16672 23183.4532 -261.72187 12.3593005 .002096267 12.6936945 15.5441974 .112369951 3565.00914 .237813666
                   28445.6442 .218883356 -23168.776
Times of maxima :      .02748     .03436     .03059     .03368     .03419     .02762     .03097     .02799     .02787     .03368
                       .00561     .02762     .03368     .03419     .02762     .02774     .03236     .02816     .03097     .02799
                       .02787     .03492     .03368     .02762     .02758     .03481     .03234     .03474     .03347     .02898
                       .02748     .03436     .03059        0.3        0.3        0.3        0.3        0.3        0.3        0.3
                          0.3        0.3     .03419
             Random switching times for simulation number  120  :
                                  10  2.7070530E-02   11  2.9454740E-02   12  2.6821477E-02

 180.806           68.8163784 306110.283 70.3631408  132.99475 .022563464 2700.53174 .4031763E7 615.346238 .1435662E8 134372.348
                   112863.661  167865.67 134372.241 -1750.2303 167865.399 212767.949 169435.828 90115.7391 -195518.98  142804.53
                   200286.234 -247377.34 -135712.61 167867.975 241885.684 -332503.51  -174432.8 -358629.69 -209301.88 283379.184
                   -262.32876 17496.0076 -265.26051 12.4091576 .001903068 12.7904302 532.689453 .198189698 2801.21374 .340147849
                   25822.7779 .318594752 -17502.303
Times of maxima :      .02741     .03445     .02782     .03232     .03423     .02768     .02744     .02956      .0277     .03232
                       .00561     .02768     .03232     .03423     .02768     .02782     .03243     .02823     .02744     .02956
                        .0277     .02768     .03232     .02768     .02763      .0276     .03369     .02768     .03355     .02778
                       .02741     .03445     .02782        0.3        0.3        0.3        0.3        0.3        0.3        0.3
                          0.3        0.3     .03423
             Random switching times for simulation number  121  :
                                  10  2.1303037E-02   11  2.0686146E-02   12  2.0754530E-02

 10.6111           40.2297934 368167.555 23.5093737 132.731136 .027130471 120.100774 970107.777 33.1766238 1914.15168 -134239.12
                   112863.661 127692.437   -134239. 1919.20331 127692.449 -144106.43 -182293.63  -52644.28 -186854.96 -67113.271
                   159216.083 -224640.14 136069.044 126053.039 -146207.85 -263635.77 178325.178   -273901.  180704.45 161719.885
                   -200.57366 -19187.693 -153.32767 12.7261242 .002003719 12.7273738 106.732617 .068814227 13.7676336 .199618863
                   27188.8628 .181561843 19192.0331
Times of maxima :      .02231     .02608     .02567     .02514     .02615     .02782     .02531     .02226     .02762     .02514
                       .00561     .02782     .02514     .02615     .02782     .02202     .02519      .0236     .02531     .02226
                       .02762     .02656     .02514     .02782     .02184      .0265     .02524     .02662     .02537     .02801
                       .02231     .02608     .02567        0.3        0.3        0.3        0.3        0.3        0.3        0.3
                          0.3        0.3     .02615
             Random switching times for simulation number  122  :
                                  10  3.3859827E-02   11  3.4510314E-02   12  3.3627430E-02

  307.75           78.8259149 591991.445 64.0631089 2012.66572 .043677359 962.768537 .1982145E8 104.923228 .3358221E7 160343.772
                   112863.661 -147521.89 160343.466 2435.12072 -147522.15 -202163.12 198513.126 -73447.066  202722.69 -119351.57
                   -193902.96  253978.17 -160356.99 -147689.04 -220668.66 331525.764 -210294.49 387424.809 -212522.49 -296608.96
                   280.759532 -24330.874 -253.10691 12.2567406 .002095733 12.3340013 3959.38985 .139061037 401.166287 .308158889
                   28438.7743  .28568042 24351.2072
Times of maxima :      .03546     .04268       .034     .03423     .04289     .03599     .03422     .03634     .03578     .03423
                       .00561     .03599     .03423     .04289     .03599     .03465     .03433     .03652     .03422     .03634
                       .03578     .03424     .03423     .03599     .03591     .03438     .03418     .03449     .03407     .03576
                       .03546     .04268       .034        0.3        0.3        0.3        0.3        0.3        0.3        0.3
                          0.3        0.3     .04289
             Random switching times for simulation number  123  :
                                  10  2.5326019E-02   11  2.3904129E-02   12  2.5839349E-02

 117.495           35.0659936 407036.552 55.4906744 2280.32467 .030267638 752.861022 .1205936E8 114.196826  .149042E8 -163340.31
                   112863.661 144705.973 -163340.06 -2027.1299 144706.005 190232.908 -203886.37 87973.2206 -199244.72 -124514.33
                   200532.951 -275817.16 163873.308 144352.089 174565.011 -301838.33 233600.249 -337889.38 252791.433 209464.659
                   -187.25916 20175.1469 235.564586 12.6194647 .001980682 12.6841534  1739.5673 .274326419 2626.46391 .197413006
                    26876.289 .209116824 -20271.299
Times of maxima :      .02722     .03438     .02638     .02644      .0343     .02773     .02669     .02684     .02756     .02644
                       .00561     .02773     .02644      .0343     .02773     .02739     .02655     .02751     .02669     .02684
                       .02756     .02645     .02644     .02773     .02811     .02637     .02644     .02624      .0263     .02798
                       .02722     .03438     .02638        0.3        0.3        0.3        0.3        0.3        0.3        0.3
                          0.3        0.3      .0343
             Random switching times for simulation number  124  :
                                  10  3.5819501E-02   11  3.5843640E-02   12  3.4841045E-02

 341.155           89.2655795 546254.464 54.6317963 122.101474 .040143459 68262.0365 31985.2873  91.765028 .2794466E8 -128751.74
                   112863.661  -177809.5 -128751.64 2334.53134  -177809.2 -217793.84 172285.729 -83347.109 176905.498 -111617.15
                   -206244.18 241413.031 130710.631 -177970.43 -202507.25 263383.342 -171004.69 308479.241 -184104.46 -222523.11
                   298.773459 -23372.087 233.734457 12.0428158 .002048223 13.7010506 15.9535865 .152333274 9149.04138 .197836167
                   27793.7733 .186239028 23345.3134
Times of maxima :       .0363     .04269     .03703     .04063     .04255     .03642     .03537     .03792     .03659     .04063
                       .00561     .03642     .04063     .04255     .03642     .03639     .03556     .03658     .03537     .03792
                       .03659     .03644     .04063     .03642     .03634     .03654     .03554     .03669     .03533     .03621
                        .0363     .04269     .03703        0.3        0.3        0.3        0.3        0.3        0.3        0.3
                          0.3        0.3     .04255
             Random switching times for simulation number  125  :
                                  10  3.3044420E-02   11  3.3963477E-02   12  3.3278910E-02

 289.799           41.8516123 572913.014 69.2239472 2764.70472 .042315932 1151.12004 .1014775E8 49.2221448 .9431568E7 168539.052
                   112863.661  -149968.1 168538.779 2396.86884 -149967.94 -184007.79 202299.078 58860.0523 198369.912 81747.1422
                   -198040.22 272678.108 -168545.27 -149927.81 -183690.43 324599.096 -221577.18 337108.481 -231757.74 -212175.65
                   204.576666 -23935.601 -263.10444 12.3819027 .002075582 12.3558301 2990.83624 .090536326 1715.02998 .254181949
                   28165.2339 .235615987 23968.6884
Times of maxima :      .03473     .04268     .03356     .03388      .0428     .03516     .03393     .03574     .03504     .03388
                       .00561     .03516     .03388      .0428     .03516     .03654     .03402     .03441     .03393     .03574
                       .03504     .03389     .03388     .03516     .03657     .03382     .03382      .0339       .034      .0354
                       .03473     .04268     .03356        0.3        0.3        0.3        0.3        0.3        0.3        0.3
                          0.3        0.3      .0428
             Random switching times for simulation number  126  :
                                  10  3.0735363E-02   11  3.0333421E-02   12  3.0087552E-02

 242.144           19.0828428 191413.819 12.3614693 111.927713 .014088029 110.042073 394.695855 7.70266816 1122.17936 123271.029
                   112863.661 -122228.26 123271.059 -1382.9849 -122228.28 -138909.62 134967.798 -23405.778 139649.843 32337.9814
                   -149596.84 218611.966 -124518.73 -121086.79 -145576.07 257014.293 -140005.85 261069.268 -147612.26 -153298.85
                   138.140663 13835.2383 111.182145 12.3419157 .001848577 12.3043154 12.5622842 .014520328 12.7168529 .158458678
                   25083.1165 .144414474 -13829.849
Times of maxima :      .03156     .05115     .03905     .03337     .05116     .03604     .03323     .03119     .03484     .03337
                       .00561     .03604     .03337     .05116     .03604     .03468     .03339     .03172     .03323     .03119
                       .03484     .03471     .03337     .03604     .03594     .03466     .03332      .0348     .03316     .03606
                       .03156     .05115     .03905        0.3        0.3        0.3        0.3        0.3        0.3        0.3
                          0.3        0.3     .05116
             Random switching times for simulation number  127  :
                                  10  2.5386783E-02   11  2.7006757E-02   12  2.6481218E-02

 149.485           46.8354095 578701.945 75.9856345 131.630113 .042591358 775.912241 .8196235E7 42.6617363 766397.649 -133681.35
                   112863.661 145020.375 -133681.08 -2404.6566  145020.22 169678.715 -190565.21 -65263.582   -197469. -76104.717
                   186229.371 -261708.79 133682.389 145029.792 182233.842  -321748.8 166499.858 -373708.95 -177065.23 233447.248
                   216.414901 24056.2247 -275.65492 12.4300004 .002138544 12.7127553 1929.25054 .105441266 45.7412989 .285068188
                   29019.6086 .278564432 -24046.566
Times of maxima :       .0315     .03434     .02896     .02708     .03444     .02715     .02714     .02856     .02736     .02708
                       .00561     .02715     .02708     .03444     .02715     .02751     .02718     .02865     .02714     .02856
                       .02736     .02709     .02708     .02715     .02725     .02721     .02718     .02734     .03318     .02737
                        .0315     .03434     .02896        0.3        0.3        0.3        0.3        0.3        0.3        0.3
                          0.3        0.3     .03444
             Random switching times for simulation number  128  :
                                  10  2.2719853E-02   11  2.3982207E-02   12  2.3429403E-02

 63.0903           32.2107241 416775.373 54.9260849 2097.28636 .030760478 700.167037 .5043452E7 28.5405239  .214767E7 -161301.43
                   112863.661  143982.87 -161301.12 -2043.5669  143982.92  188139.01 -198061.64 -44881.567 -195996.23 62247.6963
                    190393.34 -241541.19 161313.909 143760.249 195505.421 -304252.82 217096.725  -308624.9 230134.467  206905.95
                   -179.47346 20415.0771 234.363148 12.8412327 .001988117  12.729674 498.493189  .06431256  212.00948 .255504221
                   26977.2764 .237801396 -20435.669
Times of maxima :       .0278     .03439     .02396     .02402     .03432     .02804     .02428     .02514     .02815     .02402
                       .00561     .02804     .02402     .03432     .02804       .028     .02415     .02571     .02428     .02514
                       .02815     .02536     .02403     .02804     .02798      .0267     .02413     .02556     .02426      .0281
                        .0278     .03439     .02396        0.3        0.3        0.3        0.3        0.3        0.3        0.3
                          0.3        0.3     .03432
             Random switching times for simulation number  129  :
                                  10  3.2726395E-02   11  3.2118562E-02   12  3.2333096E-02

 267.956           22.4353071 391675.013 55.6196755 1894.38373 .029087719 123.691939 .1229527E8 81.1064012 235401.888 158988.497
                   112863.661 -129587.45   158988.2 1987.22549 -129587.47 -171637.98 205526.491 84255.3703 199352.166 -104934.88
                   -181860.48 229751.364 -159304.09  -129496.5 -182822.24 243367.928 -209615.91 298377.142 -208764.17 -207558.87
                    -149.7842 -19790.781 -235.83824 12.3620391 .001912354  12.299604 2995.88411 .177637565 24.4855292 .165200343
                   25949.0555 .192022961 19872.2549
Times of maxima :      .03746     .04274     .03288     .03294     .04282     .03695     .03309     .03406     .03709     .03294
                       .00561     .03695     .03294     .04282     .03695      .0369     .03305      .0346     .03309     .03406
                       .03709     .03471     .03294     .03695     .03573     .03467     .03304     .03321     .03287     .03582
                       .03746     .04274     .03288        0.3        0.3        0.3        0.3        0.3        0.3        0.3
                          0.3        0.3     .04282
             Random switching times for simulation number  130  :
                                  10  2.0850815E-02   11  2.1360043E-02   12  2.0996417E-02

 19.8035           55.1105408 271776.674 32.8576767 139.172792 .020178342 121.900228 .4573228E7  50.801567 205241.986 -135816.41
                   112863.661 128645.528 -135816.58 1655.14119 128645.492  -175861.2 -193394.21  -61987.05  -195774.7 -83048.323
                   -181142.47 -228963.29 137313.601 127135.754 -176062.92 -270099.64 189126.389 -278967.72 191212.934 -182271.49
                   -234.75634 -16485.651 181.266866 12.7296524 .001940428 12.7593475 638.617612  .08552724 38.4179406 .235762723
                   26329.6005 .207627255 16551.4119
Times of maxima :      .02185     .02613     .02446     .02487     .02612     .02735     .02487     .02182     .02136     .02487
                       .00561     .02735     .02487     .02612     .02735     .02156     .02475     .02315     .02487     .02182
                       .02136      .0261     .02487     .02735     .02141      .0261      .0248     .02617     .02494     .02153
                       .02185     .02613     .02446        0.3        0.3        0.3        0.3        0.3        0.3        0.3
                          0.3        0.3     .02612
             Random switching times for simulation number  131  :
                                  10  2.2610940E-02   11  2.2490390E-02   12  2.3557357E-02

 72.9454           33.3988184  234922.57 54.0127715   1080.283 .017379793 236.578106 .2033516E7 85.5901056 .3385364E7 -149056.88
                   112863.661 137302.321 -149056.64 -1536.0828  137302.41 185033.297 -194502.09 58210.1252 -190055.91 107796.359
                   193980.267 -232112.94  149813.51 136521.074 196643.168 -284384.42 217233.396 -300635.79  232326.21 218942.357
                   -182.75344  15327.184 232.406479  12.730725 .001900528 12.6946358 294.731041 .132297398  576.19511 .225644176
                   25788.0466 .213166516 -15360.828
Times of maxima :      .02643     .03446     .02385     .02416     .03432     .02818     .02441     .02529     .02683     .02416
                       .00561     .02818     .02416     .03432     .02818     .02812     .02427      .0252     .02441     .02529
                       .02683     .02678     .02416     .02818      .0281     .02682     .02426     .02669     .02415     .02821
                       .02643     .03446     .02385        0.3        0.3        0.3        0.3        0.3        0.3        0.3
                          0.3        0.3     .03432
             Random switching times for simulation number  132  :
                                  10  3.5944839E-02   11  3.5811541E-02   12  3.4611328E-02

 325.797           84.6522724 548574.093 41.7950561 131.912054 .040613984 223132.236 627083.753 109.022939 .2463921E8 133824.374
                   112863.661 -181569.28 133824.169  2348.1731 -181569.05 -194606.33 182890.993 -70569.719 185799.144 -121660.96
                   -204825.09 258381.316  135260.91 -181755.99 -234332.36 308324.586 182856.069 318366.737 225302.304 -300709.01
                   290.950636 -23421.659 204.438392 12.0662965 .002050523  18.733397 101.561247 .116068817 6122.45386 .353206545
                   27825.0184 .296423034  23481.731
Times of maxima :       .0361     .04269     .03549     .03521     .04278     .03655     .03514      .0362      .0364     .03521
                       .00561     .03655     .03521     .04278     .03655     .03646     .03533     .03633     .03514      .0362
                        .0364     .03658     .04252     .03655     .03665     .03668     .04264     .03657     .04135     .03677
                        .0361     .04269     .03549        0.3        0.3        0.3        0.3        0.3        0.3        0.3
                          0.3        0.3     .04278
             Random switching times for simulation number  133  :
                                  10  3.4333053E-02   11  3.5225954E-02   12  3.4636889E-02

 332.621           61.7026539 583277.288 81.6458318   223.4608 .042969105 1050.65377 .4141624E7 89.2880393  .217232E8 137104.423
                   112863.661 -148672.48 137104.147 2415.29659 -148672.45 -197723.53 199337.519 67822.0209 195570.921 110100.415
                   -203557.53 269572.998 -137108.61 -148944.34 -183742.37 323579.648 -206884.96 390810.682 -240051.79 -189976.74
                   248.400189 -24151.134 285.737348 12.0615777 .002086513 12.3185357 332.509068 .164857794 5248.50855 .268208295
                   28313.5739 .246387235 24152.9659
Times of maxima :      .03602     .04267     .03553     .03523     .04301     .03652      .0352     .03701     .03637     .03523
                       .00561     .03652     .03523     .04301     .03652     .03509     .03535     .03577      .0352     .03701
                       .03637     .03531     .03523     .03652     .03495     .03519     .03535     .03519     .03525     .03509
                       .03602     .04267     .03553        0.3        0.3        0.3        0.3        0.3        0.3        0.3
                          0.3        0.3     .04301
             Random switching times for simulation number  134  :
                                  10  2.0802227E-02   11  2.2327683E-02   12  2.1491020E-02

 21.3304           53.1102591 216232.309 31.2242873 391.554238 .015907663 122.909716 .1940338E7 77.2945843 258778.871 -139603.76
                   113337.927 -129177.27 -139603.94 -1469.5877 -129177.07 -178671.65 -185442.65 -62408.031 -189779.62 -102439.36
                   -182413.25 -228018.33 140651.173 -129182.77 -178899.04 -272555.24 200434.566 -281869.64 203411.466 193982.076
                   -230.45663 14704.8396 176.703954 12.7420973 .001900196 12.7660757 266.744363 .103780394 59.7204176 .237175835
                   25783.4477 .207628553 -14695.877
Times of maxima :      .02181     .03447     .02435     .02484     .03459      .0214     .02463     .02177     .02143     .02484
                       .02211      .0214     .02484     .03459      .0214     .02152     .02472     .02309     .02463     .02177
                       .02143     .02609     .02484      .0214     .02138     .02607     .02475     .02618     .02464     .02752
                       .02181     .03447     .02435        0.3        0.3        0.3        0.3        0.3        0.3        0.3
                          0.3        0.3     .03459
             Random switching times for simulation number  135  :
                                  10  3.4870859E-02   11  3.3623787E-02   12  3.5636289E-02

 305.599           45.0355341 551231.182 44.0067232 121.719443 .041091774 1527.31207 3258.33493 1120.96671 .7192039E7 -128550.21
                   112863.661 -154649.55 -128550.06 2361.94487 -154649.27 -203318.62 -164932.09 -113102.19 -173576.64 -149581.25
                   -197002.25 -210321.54 130704.923  -154598.8 -203145.14 -219242.73 169056.168 -229791.15 185354.976 -207557.85
                   212.215772 -23478.313 209.777795 11.9989098 .002053228 12.2939878 15.7955087 .398431975 1867.34001 .200629603
                   27861.6272 .201047144 23619.4487
Times of maxima :      .03534     .04268     .03654     .04124     .04272     .03547     .04191     .03736     .03572     .04124
                       .00561     .03547     .04124     .04272     .03547     .03559     .04024     .03719     .04191     .03736
                       .03572     .04347     .04124     .03547     .03546     .04358     .04133      .0437     .04016     .03561
                       .03534     .04268     .03654        0.3        0.3        0.3        0.3        0.3        0.3        0.3
                          0.3        0.3     .04272
             Random switching times for simulation number  136  :
                                  10  2.4268922E-02   11  2.4848921E-02   12  2.4680301E-02

 105.944           29.7602225 512887.701 63.1068896  2915.2242  .03792232 467.349192 .1400587E8 83.1257816 .3540666E7 -170101.27
                   112863.661 140703.513 -170100.99 -2269.0275 140703.459 176072.082 -209888.21 -60340.337 -200127.89  106233.18
                   194421.479 -260545.72 170213.572 140703.466  185369.78 -301459.42  230230.77  -304272.6 237536.341 205145.973
                   172.511514 22647.0241 251.210847 12.8042046 .002072096 12.6980502 3431.72045 .122631371 749.518573 .208899685
                   28117.4137 .210778971 -22690.275
Times of maxima :      .02841     .03436     .02488     .02529     .03425     .02791     .02554     .02641      .0279     .02529
                       .00561     .02791     .02529     .03425     .02791     .02796     .02541     .02696     .02554     .02641
                        .0279      .0253     .02529     .02791     .02799     .02541     .02539     .02513     .02523     .02811
                       .02841     .03436     .02488        0.3        0.3        0.3        0.3        0.3        0.3        0.3
                          0.3        0.3     .03425
             Random switching times for simulation number  137  :
                                  10  2.3673160E-02   11  2.3156118E-02   12  2.3506743E-02

 61.1641           27.5545368 313216.466 46.0387944 1041.29925 .023093213 281.925878 .5543565E7 54.8084029 .2329553E7 -148551.06
                   112863.661 137983.545 -148550.78 -1770.6572 137983.567 183179.124 -202492.02 -69310.592 -196231.31 -86261.278
                   190928.595 -217597.33 148973.759 137464.887 187102.375 -260828.35 195755.883 -281849.18 193358.104 199851.087
                   -165.99559 17697.9226 214.566527 12.7039909 .001922818 12.6894002  1045.0779 .110813765 245.731849 .182536444
                    26090.693 .189527271 -17706.572
Times of maxima :      .02789     .03442     .02405     .02411      .0343     .02812     .02436     .02447     .02826     .02411
                       .00561     .02812     .02411      .0343     .02812     .02808     .02422     .02579     .02436     .02447
                       .02826     .02689     .02411     .02812     .02806     .02554     .02421     .02564     .02433     .02679
                       .02789     .03442     .02405        0.3        0.3        0.3        0.3        0.3        0.3        0.3
                          0.3        0.3      .0343
             Random switching times for simulation number  138  :
                                  10  2.0550089E-02   11  2.0080688E-02   12  2.0344257E-02

 25.2021           60.1875216 449512.915  37.418447 143.789188 .033196905 135.267149 .6672147E7 59.1584607 .1477054E7 -135887.56
                   112863.661 -135515.52 -135887.72 2122.95657 -135515.35 -182885.88  -196815.6 -59992.617 -196759.76 -89619.134
                   -188394.16 -229044.03 137799.209 -135967.68 -193783.32 -278646.18 184699.256 -285339.02 188900.078 -206903.91
                   -245.33145  -21201.72 193.438484 12.7312847 .002070706 12.7815398 925.296321 .076050731 191.733064 .259399873
                    28098.244 .229499641 21229.5657
Times of maxima :      .02155     .02605     .02423     .02457     .02619     .02116     .02459     .02304     .02121     .02457
                       .00561     .02116     .02457     .02619     .02116     .02131     .02445     .02286     .02459     .02304
                       .02121     .02581     .02457     .02116     .02114     .02577      .0245     .02569     .02465     .02126
                       .02155     .02605     .02423        0.3        0.3        0.3        0.3        0.3        0.3        0.3
                          0.3        0.3     .02619
             Random switching times for simulation number  139  :
                                  10  3.6590726E-02   11  3.4934532E-02   12  3.3865392E-02

 321.753           71.1040972 591447.748 47.2156944 1612.76531 .043526092 2576.33965  .576857E7 113.504361 .2030868E8 155678.536
                   112863.661 -166549.57 155678.281 2430.90033 -166549.31 -191288.35 198121.753 -76709.998 196336.887 -124136.24
                   -202937.21 -238405.08 -155684.31 -167086.78 -240266.85 -271299.28 -202994.43 -300270.73  240883.71 -274188.43
                   266.653515 -24319.699 -217.29173 12.2490862 .002095323 12.2407257 2085.49732 .248755534 4023.25605 .279775103
                   28433.2093 .267026708 24309.0033
Times of maxima :      .03683     .04267     .03412     .03446     .04256      .0372     .03441     .03545     .03713     .03446
                       .00561      .0372     .03446     .04256      .0372     .03734     .03458     .03673     .03441     .03545
                       .03713     .04314     .03446      .0372     .03731     .04325     .03442     .04332     .04198     .03739
                       .03683     .04267     .03412        0.3        0.3        0.3        0.3        0.3        0.3        0.3
                          0.3        0.3     .04256
             Random switching times for simulation number  140  :
                                  10  3.2761244E-02   11  3.5121197E-02   12  3.5652075E-02

 317.797            36.025669 586891.013 53.0769545 116.766691 .043479315 135.520749 1504.85521 36.2046032 1554.87206  -125907.6
                   112863.661  -135642.3 -125907.56 2429.59375 -135642.32 -138389.73 140019.463  62814.694  154376.84 70109.0703
                   154982.453 232450.545 128301.583 -135855.83 -144647.98 271345.945 -160245.66 -273198.79 -170017.08 -192165.91
                   -189.80429 -24225.834 230.384362 12.0023783 .002090341 12.2984315 12.4988834 .129776395 13.0809529 .218937844
                   28365.5512  .21765927 24295.9375
Times of maxima :      .04065     .04267     .03651     .04218     .04273     .03632     .03611     .03798     .04367     .04218
                       .00561     .03632     .04218     .04273     .03632      .0362     .03626     .03794     .03611     .03798
                       .04367     .03628     .04218     .03632     .03792     .03638     .03623     .04364     .03611     .03779
                       .04065     .04267     .03651        0.3        0.3        0.3        0.3        0.3        0.3        0.3
                          0.3        0.3     .04273
             Random switching times for simulation number  141  :
                                  10  2.2988646E-02   11  2.2730402E-02   12  2.3497048E-02

 57.2436           34.1570312 262418.348 47.3410327 889.862792 .019318424 293.406686 .3330483E7 32.6464647 .2612174E7 -146555.58
                   112863.661 138154.991 -146555.31 -1619.4896 138154.986 186733.205  -195368.5 -47359.118 -193823.89 66574.8799
                   191754.614 -235090.24 147174.866 137446.382 187306.701 -289043.91 194425.988 -304954.42 196887.783 204960.483
                   -184.81621 16199.3317 217.579946 12.7312981 .001904893 12.6963677  790.35443  .05607341 270.752858 .228263168
                   25847.3576 .218082984 -16194.896
Times of maxima :      .02787     .03444     .02373      .0241     .03441     .02809     .02435     .02522     .02823      .0241
                       .00561     .02809      .0241     .03441     .02809     .02807     .02421     .02578     .02435     .02522
                       .02823     .02544      .0241     .02809     .02805     .02552      .0242     .02563     .02404     .02817
                       .02787     .03444     .02373        0.3        0.3        0.3        0.3        0.3        0.3        0.3
                          0.3        0.3     .03441
             Random switching times for simulation number  142  :
                                  10  2.1442262E-02   11  2.0064253E-02   12  2.2880126E-02

 45.5243           35.3287012 452003.268 30.0760698 127.269468 .033681061 121.604698  .329233E7 89.2031038 .1493118E7 -131448.27
                   112863.661 128489.461 -131448.13 2138.38152 128489.456 175293.365 -185172.68 -81676.288 -193715.04 -110048.04
                    188442.53 -207893.01 133489.551 126569.075 155628.445 -227913.17 154998.457 -232290.87  170062.49 174294.126
                   -187.95931 -21260.368 173.424536 12.6946198 .002072955 12.7187105 516.831697 .219653358 163.548652 .186160938
                   28128.8612 .180566487 21383.8152
Times of maxima :      .02243     .02604     .02341     .02509     .02602     .02751     .02375     .02383     .02763     .02509
                       .00561     .02751     .02509     .02602     .02751     .02746     .02519     .02374     .02375     .02383
                       .02763     .02636     .02509     .02751     .02755     .02647     .02544     .02636     .02343     .02617
                       .02243     .02604     .02341        0.3        0.3        0.3        0.3        0.3        0.3        0.3
                          0.3        0.3     .02602
             Random switching times for simulation number  143  :
                                  10  2.1276064E-02   11  2.0106957E-02   12  2.0976580E-02

  25.209            39.219386 446842.256 23.8213052 133.501564 .032920639 120.005469 .1177645E7 32.0145205 2068.31363 -134628.15
                   112863.661 127641.759 -134628.03 2114.10445 127641.774 -145568.76 -183596.51 -52046.346 -187488.08 -65927.379
                   160974.329 -225334.76 136653.112 125807.179 -148219.91 -265124.68 179360.367 -274182.57  182917.64 160831.437
                   -198.03885 -21138.644 -154.34152  12.726037 .002068442 12.7289353 137.226844 .070003289 13.8665596 .200848452
                   28067.5615 .183071223 21141.0445
Times of maxima :      .02228     .02605     .02565     .02511     .02612     .02779     .02529     .02223     .02759     .02511
                       .00561     .02779     .02511     .02612     .02779     .02199     .02517     .02357     .02529     .02223
                       .02759     .02653     .02511     .02779     .02186     .02647     .02521      .0266     .02535     .02798
                       .02228     .02605     .02565        0.3        0.3        0.3        0.3        0.3        0.3        0.3
                          0.3        0.3     .02612
             Random switching times for simulation number  144  :
                                  10  3.2029710E-02   11  3.1340827E-02   12  3.2011628E-02

 253.451           29.6377722 295596.001 50.0819944 1534.41465  .02186687 175.236382 .7776711E7 43.9505699 .2080996E7  154735.54
                   112863.661 -136370.35 154735.255 1723.00136  -136370.4 -186584.48 202711.513 57410.4405 197274.268 -77245.745
                    -190196.4 237069.125 -155289.57 -135852.97 -189368.06 281779.253 -202720.07 298219.808 -203313.06 -201139.35
                   172.156243 -17192.906 -223.79007  12.387314 .001858085 12.3031294 1486.11319 .082714311 200.420258 .198620548
                   25212.3077 .198989777 17230.0136
Times of maxima :       .0364     .04277     .03256     .03262      .0427     .03663     .03287     .03374     .03675     .03262
                       .00561     .03663     .03262      .0427     .03663     .03659     .03274     .03429     .03287     .03374
                       .03675     .03395     .03262     .03663     .03657     .03404     .03272     .03416     .03256     .03669
                        .0364     .04277     .03256        0.3        0.3        0.3        0.3        0.3        0.3        0.3
                          0.3        0.3      .0427
             Random switching times for simulation number  145  :
                                  10  3.0094371E-02   11  3.0227020E-02   12  3.0968430E-02

 220.655           38.4261382 200880.841 37.8626533 171.360067 .014924552 123.794677 3014.34951 64.6461687 2826.46966 136311.024
                   112863.661  -129641.5 136311.081 -1423.4524 -129641.28  -164800.9 150442.078 -52960.172 171117.008  -93683.63
                   -169182.71 227189.734 -137489.29 -128300.78  -180859.3  281316.21 -185212.25  293363.61 -217336.73 -214929.48
                   196.025861 14173.2438 -194.58328 12.3304132 .001852408  12.328278 13.4569992 .104741958 14.2442872 .240413046
                   25135.0765 .210991341 -14234.524
Times of maxima :       .0311     .03448     .03135      .0329     .03425     .03543     .03408      .0328      .0357      .0329
                       .00561     .03543      .0329     .03425     .03543     .03555     .03278     .03151     .03408      .0328
                        .0357     .03418      .0329     .03543     .03553     .03422     .03291     .03411      .0328     .03565
                        .0311     .03448     .03135        0.3        0.3        0.3        0.3        0.3        0.3        0.3
                          0.3        0.3     .03425
             Random switching times for simulation number  146  :
                                  10  2.4669773E-02   11  2.2707234E-02   12  2.4043389E-02

 68.3367           32.5552177  258831.75 46.0177261 1906.66331 .019258823  118.61933  .872082E7 119.545656  128322.75 -159130.11
                   112863.661 126902.381 -159129.82 -1616.9895 126902.462 166019.595 -204779.63  -103889.8 -197711.96   -127397.
                   179285.712 -206946.37 159943.238 126002.889  166095.31 -214066.68  208910.63 -226977.56 209580.132 177140.092
                   -180.43065 16088.2488 214.517426 12.7203118 .001904108 12.6783423 2298.79531 .276296912 19.4725052 .159630981
                   25836.6315 .197486604 -16169.895
Times of maxima :      .02514     .03446     .02433     .02464     .03452     .02749      .0249     .02501     .02727     .02464
                       .00561     .02749     .02464     .03452     .02749     .02861     .02476     .02635      .0249     .02501
                       .02727     .02649     .02464     .02749     .02861     .02663     .02474     .02674     .02458     .02733
                       .02514     .03446     .02433        0.3        0.3        0.3        0.3        0.3        0.3        0.3
                          0.3        0.3     .03452
             Random switching times for simulation number  147  :
                                  10  3.1087010E-02   11  2.9605821E-02   12  3.2033404E-02

 230.272           32.2830972 284740.966 55.9986695 1416.17319 .021175959 208.745457 .3528134E7 89.3510172  .376201E7 153292.891
                   112863.661   -136881. 153292.637 -1695.5627 -136881.06 -183777.49 198056.807 -58419.864 194385.947 -110139.24
                   -195047.06  236719.41 -154680.53 -135636.07  -194232.4 280742.241 -219823.37 294669.674 -233645.81 -213848.98
                   179.674977 16874.2694 -236.64038  12.370935 .001890231 12.3079119 696.976147 .132235593 616.248633 .214982263
                   25648.6946 .206861952 -16955.627
Times of maxima :      .03491     .03445     .03233     .03264     .03422     .03665     .03289     .03377      .0353     .03264
                       .00561     .03665     .03264     .03422     .03665      .0366     .03275     .03365     .03289     .03377
                        .0353     .03397     .03264     .03665     .03658     .03401     .03274     .03517     .03261     .03669
                       .03491     .03445     .03233        0.3        0.3        0.3        0.3        0.3        0.3        0.3
                          0.3        0.3     .03422
             Random switching times for simulation number  148  :
                                  10  3.2976967E-02   11  3.3847407E-02   12  3.2907367E-02

 287.552           44.1264144 566158.361 65.4866046 2371.69309 .041681047 482.749217 .1180978E8  42.536333 .2119715E7 164342.217
                   112863.661 -140925.07 164341.899 2378.82023 -140924.87 -178097.25 203832.769 47099.1062 199130.932 75992.7807
                   -190310.81 264895.389 -164353.39 -141039.29  -206025.8  326618.14 -206187.32 344609.055  -213704.9 -223086.58
                   210.062882 -23794.082 -255.90351 12.4303234 .002068548 12.3291012 4308.30128 .052077529  188.17322 .263840966
                    28069.747 .244521267 23788.2023
Times of maxima :      .03472     .04267     .03318     .03351     .04264     .03614     .03335     .03385     .03613     .03351
                       .00561     .03614     .03351     .04264     .03614     .03629     .03362     .03517     .03335     .03385
                       .03613     .03357     .03351     .03614     .03624     .03363     .03361     .03377     .03345     .03502
                       .03472     .04267     .03318        0.3        0.3        0.3        0.3        0.3        0.3        0.3
                          0.3        0.3     .04264
             Random switching times for simulation number  149  :
                                  10  2.7249974E-02   11  2.5499686E-02   12  2.6254774E-02

 137.455           92.1846987  565152.42 59.4249348 134.483364 .041778348  21297.599 827668.678 94.8203472 .3042185E8 -135122.37
                   112863.661 176637.795 -135122.16 -2381.5952 176637.496 219573.159 -184109.41 80112.6197 -186417.97 113460.079
                   207295.738 -251218.84 135180.423 176779.968 208219.933 -272431.09 183425.259 -322718.52  194992.41 224768.865
                   -303.61933 23772.9346  -243.7723 12.4427938 .002124421 13.0516728 136.067748  .15751102 9351.89099 .206514192
                   28827.8412 .195752525 -23815.952
Times of maxima :      .02771     .03434     .02846     .02685     .03441     .02785     .02679     .02934       .028     .02685
                       .00561     .02785     .02685     .03441     .02785     .02782     .02697     .02801     .02679     .02934
                         .028     .02788     .02685     .02785     .02777     .02797     .02695     .02812     .02674     .02763
                       .02771     .03434     .02846        0.3        0.3        0.3        0.3        0.3        0.3        0.3
                          0.3        0.3     .03441
             Random switching times for simulation number  150  :
                                  10  2.7685471E-02   11  2.9558336E-02   12  2.6620705E-02

 165.849           89.6397306 291855.482 64.1936065 180.479199  .02149053 3347.89051 3031.50574 70.0660315 .3017534E8 136450.623
                   112863.661 174465.686 136450.542 -1708.1102 174465.359 216134.407 -165920.05 59657.1145 -171291.85 -97531.763
                   207191.543 -236308.24 -137946.55 174474.795 194052.333 -264774.84 164564.623 -322978.31 178193.701 192273.815
                   -299.39895 17083.7783 -253.36457 12.4194462 .001894383 12.7027942 14.7333179 .099452817 8640.00316 .236600015
                   25704.8775 .210498267 -17081.102
Times of maxima :      .02809     .03445     .02889     .03291     .03436     .02828     .02714     .02759     .02837     .03291
                       .00561     .02828     .03291     .03436     .02828     .02828     .02734     .02845     .02714     .02759
                       .02837     .02829     .03291     .02828     .02819     .02841     .02732     .02856     .02711     .02851
                       .02809     .03445     .02889        0.3        0.3        0.3        0.3        0.3        0.3        0.3
                          0.3        0.3     .03436
             Random switching times for simulation number  151  :
                                  10  2.7055188E-02   11  2.7724786E-02   12  2.7360784E-02

 152.714           67.8099285 527147.973 79.2168625  120.36423 .039075997 2293.15627 3194.57948 82.7457661 .2101344E8 127832.366
                   112863.661 163481.699 127832.427 -2303.2832 163481.381 203748.131 -157296.67 -65393.903 172939.421 -105990.08
                   203246.722 -236973.97 -130103.66 163493.469 210382.469 -268661.91 161272.426 -351878.21 195119.088 205890.093
                    -260.4034 22959.7033  -281.4549  12.382135 .002086095 12.7194216 13.8950163 .148472302  5236.2375 .262127831
                   28307.5095 .232546537 -23032.832
Times of maxima :      .02752     .03436     .02826     .03389     .03461     .02766     .03367     .02976     .02773     .03389
                       .00561     .02766     .03389     .03461     .02766     .02776     .02808     .02962     .03367     .02976
                       .02773     .02767     .03389     .02766     .02762     .02808     .02808     .02792     .02796     .02782
                       .02752     .03436     .02826        0.3        0.3        0.3        0.3        0.3        0.3        0.3
                          0.3        0.3     .03461
             Random switching times for simulation number  152  :
                                  10  2.2752762E-02   11  2.2101778E-02   12  2.1489917E-02

  40.894           4.60684514 193347.619 8.47726768 102.988497  .01429404 100.379705 715.789592 14.2258483 243.586739 -118246.05
                   112863.661 116738.824 -118246.06   -1393.06 116738.812 129232.397 -134601.68 34479.4386   -144198. 43947.2191
                   137408.114 -206189.91 119490.198  115598.27 127646.059 -215078.36 130968.404 -222379.09 141668.147 134475.281
                   67.8737441 13904.9494 92.0720787 12.7206712 .001903193 12.6791129 12.9703011 .031922656  12.842892 .116619924
                   25824.1928 .122046519   -13930.6
Times of maxima :      .03088     .03448     .02203     .02531     .03453     .02754     .02529     .02308     .02755     .02531
                       .00561     .02754     .02531     .03453     .02754     .02766     .02515     .02443     .02529     .02308
                       .02755     .02658     .02531     .02754      .0274     .02663     .02545      .0265     .02546     .02753
                       .03088     .03448     .02203        0.3        0.3        0.3        0.3        0.3        0.3        0.3
                          0.3        0.3     .03453
             Random switching times for simulation number  153  :
                                  10  3.5366863E-02   11  3.6928138E-02   12  3.5676606E-02

 347.236           67.8545211 427074.101  81.210038 120.551838   .0317635 2276.55082 3156.59804 84.6106918 .2101615E8 -127931.95
                   112863.661 -163298.77 -127932.01  2076.6174 -163298.45   -203780. 157584.379 67198.8697 -172557.98 107177.824
                   -203247.91 237609.122 129967.855 -163310.56 -210090.84 270331.209 -161501.52 353390.728 -196596.03 -205753.35
                   260.489004 -20665.771  284.97375 12.0030693 .001936509 12.3389366  13.417475 .152665038 5158.04634 .260131972
                   26277.1239  .23129077  20766.174
Times of maxima :      .03583     .04273     .03657      .0422     .04292     .03597     .04197     .03807     .03604      .0422
                       .00561     .03597      .0422     .04292     .03597     .03607     .03639     .03793     .04197     .03807
                       .03604     .03598      .0422     .03597     .03593     .03639     .03639     .03623     .03627     .03613
                       .03583     .04273     .03657        0.3        0.3        0.3        0.3        0.3        0.3        0.3
                          0.3        0.3     .04292
             Random switching times for simulation number  154  :
                                  10  3.0063810E-02   11  2.7668958E-02   12  3.0225704E-02

 217.981           25.9058837 532896.615 20.7081458 128.833094 .039320574 111.560449 272408.442 44.1979917 3484.87096 132253.249
                   112863.661 -123068.77 132253.152 -2310.4801 -123068.65 -147297.91 175704.488 58868.3518  182734.04 77462.8695
                   -175810.69 217560.768 -134534.72   -121064. -128080.15 249413.197 -164862.67 254195.177  -177057.9 -143547.72
                   160.953048 23084.5536 -143.90325 12.3400331 .002091676 12.3216626 34.5555702 .091800964  13.253334 .163889405
                   28383.4724 .164145111 -23104.801
Times of maxima :      .03106     .03436     .03079     .03389     .03446     .03614     .03408     .03255     .03636     .03389
                       .00561     .03614     .03389     .03446     .03614     .03622     .03395     .03238     .03408     .03255
                       .03636      .0339     .03389     .03614     .03501     .03524       .034      .0351     .03413     .03489
                       .03106     .03436     .03079        0.3        0.3        0.3        0.3        0.3        0.3        0.3
                          0.3        0.3     .03446
             Random switching times for simulation number  155  :
                                  10  2.7773926E-02   11  2.7793558E-02   12  2.8314312E-02

 162.571           48.2597753 520511.302 20.3746941 152.045627 .038792776  1443.5746 3470.46281 94.7624674 .1196924E8 136014.863
                   112863.661 153629.333 136014.771  -2294.921 153629.085 209377.784 173834.936 91011.9245 175669.962 -113425.45
                   199203.649 216194.882 -138133.77 153816.518 213038.342 222250.712 -184499.48 243085.999 -189318.15 210570.486
                   -219.68108 22814.7168 -142.73995  12.353383 .002079593 12.5697003 15.0105731  .22077934 3343.84118  .18377082
                   28219.1787  .16847059  -22949.21
Times of maxima :      .02816     .03436     .03287       .033     .03442     .02838     .03326     .02931     .02863       .033
                       .00561     .02838       .033     .03442     .02838      .0285     .03305     .03004     .03326     .02931
                       .02863     .03435       .033     .02838     .02833     .03473     .03173     .03456     .03187     .02847
                       .02816     .03436     .03287        0.3        0.3        0.3        0.3        0.3        0.3        0.3
                          0.3        0.3     .03442
             Random switching times for simulation number  156  :
                                  10  2.8540234E-02   11  2.6169732E-02   12  2.9011642E-02

 187.245           41.1229014 591627.245 30.0297889 452.892891 .043615463 786.604537 .2648105E7 65.1849244 .4860501E7 140495.061
                   112863.661 145165.752 140495.015 -2433.3947  145165.54 193123.641 185722.581  74938.079  191859.14 94073.1953
                   195910.098 224352.624  -142906.3 145832.312 198490.008 243769.908 -194474.98 265527.556 -205365.61 201102.208
                   202.787824 24323.3889 -173.29105 12.3666318 .002152272 12.4460955 275.230269 .140034894 1193.67772 .210652367
                   29205.9923  .18680559 -24333.947
Times of maxima :      .02969     .03433     .03226     .03378     .03421     .02915     .03259     .02951     .02939     .03378
                       .00561     .02915     .03378     .03421     .02915     .02926     .03244     .03085     .03259     .02951
                       .02939     .03508     .03378     .02915     .02911     .03375     .03248     .03527     .03264     .02923
                       .02969     .03433     .03226        0.3        0.3        0.3        0.3        0.3        0.3        0.3
                          0.3        0.3     .03421
             Random switching times for simulation number  157  :
                                  10  3.2430671E-02   11  3.3933963E-02   12  3.3631404E-02

 274.423           34.6155528  571156.38 69.7622793  2202.4658 .042025111 393.434269 .1361226E8 44.5136357 365413.555 162478.354
                   112863.661 -139631.62 162478.066 2388.61825 -139631.41   -162586. 202259.147  54927.232 199949.916 -77738.981
                    -184894.7 273259.896 -162521.74 -139627.91 -176265.98 314912.646 -201681.16 339539.315 -206458.77 -217405.09
                   -186.05255 -23898.878  -264.1255 12.2897129 .002073788 12.3072557 5119.42826 .066576101 39.8240677 .200496448
                   28140.8867 .205637933 23886.1825
Times of maxima :       .0387     .04268     .03391     .03424     .04275     .03552     .03419     .03535     .03687     .03424
                       .00561     .03552     .03424     .04275     .03552     .03563     .03423     .03591     .03419     .03535
                       .03687     .03425     .03424     .03552       .037     .03436     .03418      .0345     .03411     .03577
                        .0387     .04268     .03391        0.3        0.3        0.3        0.3        0.3        0.3        0.3
                          0.3        0.3     .04275
             Random switching times for simulation number  158  :
                                  10  2.8353511E-02   11  2.7949031E-02   12  2.8443011E-02

 180.584           51.0803204  505113.25 36.4420044  611.85743 .037205384 1124.48288 .1947146E7 47.3034613 .7154923E7 142755.785
                   112863.661 149626.714 142755.669 -2247.4768 149626.435 195740.423 178404.172 38490.5095 189799.833 80138.0504
                   196984.961 237731.261 -144949.33 149989.543 196616.116 284615.606 -184556.25 300207.485 -185804.46  206132.88
                   -226.00956 22474.7247 -190.89789 12.3854471 .002064575 12.4947851 221.138854  .04083308 1766.40913 .306562479
                   28015.4212 .257348007 -22474.768
Times of maxima :      .02859     .03436     .03194     .03357     .03442     .02895     .03236     .02931     .02882     .03357
                       .00561     .02895     .03357     .03442     .02895     .02899     .03363     .03065     .03236     .02931
                       .02882     .03492     .03357     .02895     .02889      .0349     .03229     .03506     .03215     .02907
                       .02859     .03436     .03194        0.3        0.3        0.3        0.3        0.3        0.3        0.3
                          0.3        0.3     .03442
             Random switching times for simulation number  159  :
                                  10  3.5593977E-02   11  3.5239924E-02   12  3.5013716E-02

 320.658           69.9154309 582892.618 36.2269531 138.062825 .043075097 96425.8841 .1078716E7 2787.79915 .2039169E8 -135799.55
                   112863.661 -178504.83 -135799.46 2418.27364 -178504.57 -214890.79  -170602.2 -109245.77 -187186.81 -168780.03
                   -202973.71 229356.101 137909.172  -178692.1 -250251.25 241465.483 187862.995 255193.124 198578.114  -243786.7
                   264.415262 -24143.169 190.333794 12.0310797 .002086143 13.8984236 83.1943093 .536877398 5514.69404 .193087438
                   28308.5121 .206633156 24182.7364
Times of maxima :      .03609     .04268     .03933     .04081     .04236     .03619     .03967     .03656     .03643     .04081
                       .00561     .03619     .04081     .04236     .03619      .0363     .04093     .03789     .03967     .03656
                       .03643     .03619     .04081     .03619     .03613     .03612     .04074     .03598      .0406       .036
                       .03609     .04268     .03933        0.3        0.3        0.3        0.3        0.3        0.3        0.3
                          0.3        0.3     .04236
             Random switching times for simulation number  160  :
                                  10  2.7708621E-02   11  2.8834661E-02   12  2.8308031E-02

 157.802           49.8607093 393771.135 21.7538872 135.130287 .029402831 2197.16657 167004.856 124.688572 .9526072E7 135446.888
                   112863.661 162419.395 135446.773 -1997.9605 162419.114 203103.405 174638.962 96518.5615 180224.139  130108.49
                   198083.783 206903.279 -137231.34 162424.966 215825.274 211474.172 -178147.09 221984.224 -185576.74 212043.159
                   -223.29512 19843.6674 -147.49199 12.3511517 .001966066 12.6156548 23.8208767 .229257231 3601.49601 .175285851
                   26677.9465 .159838666 -19979.605
Times of maxima :      .02809     .03441     .03128     .03292     .03437      .0283     .03318     .02867     .02855     .03292
                       .00561      .0283     .03292     .03437      .0283     .02842     .03303        .03     .03318     .02867
                       .02855     .03429     .03292      .0283     .02825     .03441     .03285      .0345     .03296      .0284
                       .02809     .03441     .03128        0.3        0.3        0.3        0.3        0.3        0.3        0.3
                          0.3        0.3     .03437
             Random switching times for simulation number  161  :
                                  10  2.2021334E-02   11  2.1574581E-02   12  2.2929735E-02

 40.4651           31.9567524 242726.352 42.7820073 231.505138 .018171821 128.001142 2240.73014 66.6454587 210193.054 -137225.75
                   112863.661 131825.394  -137225.8 1570.69384 131825.441 175763.344 -162139.85  -54438.59 162902.664 95121.2597
                   181260.722 -230625.19 138631.418 130451.129 189435.513 -284095.53 192642.035 -301455.39 221744.699  219758.94
                   -178.76452 -15579.678 206.838119 12.7010716 .001925858 12.7030886 14.3504234 .114771321 44.1632074 .240728078
                   26131.8635 .215005812 15706.9384
Times of maxima :      .02305     .02613     .02327     .02486     .02615     .02754     .03224     .02473     .02766     .02486
                       .00561     .02754     .02486     .02615     .02754      .0275     .02366      .0242     .03224     .02473
                       .02766     .02614     .02486     .02754     .02748     .02618     .02364     .02607     .02359      .0276
                       .02305     .02613     .02327        0.3        0.3        0.3        0.3        0.3        0.3        0.3
                          0.3        0.3     .02615
             Random switching times for simulation number  162  :
                                  10  3.2970819E-02   11  3.4685890E-02   12  3.2761051E-02

 309.713           52.6826617 593244.378  61.878171 2464.94991 .043602227 360.664937 .1679339E8 80.1039949 .1008674E7 165354.253
                   112863.661 -139151.03 165353.944 2433.02544 -139151.05 -164314.22 203203.938 68710.7525 201379.667 104284.413
                   -186972.93 234126.137 -165365.61 -139357.56 -200437.63 299310.656 -211652.25 339346.987 -212742.47 -261787.39
                   229.527039 -24356.609 -248.75323 12.3798135 .002097195   12.30651 4330.45454 .107938035 129.585531 .225773994
                   28458.6461 .221139744 24330.2544
Times of maxima :       .0346     .04267      .0333     .03337      .0428      .0362     .03334     .03373     .03604     .03337
                       .00561      .0362     .03337      .0428      .0362     .03733     .03351     .03505     .03334     .03373
                       .03604     .03466     .03337      .0362     .03618     .03351     .03332     .03363     .03322      .0349
                        .0346     .04267      .0333        0.3        0.3        0.3        0.3        0.3        0.3        0.3
                          0.3        0.3      .0428
             Random switching times for simulation number  163  :
                                  10  3.2008880E-02   11  3.1700687E-02   12  3.1309389E-02

 250.662           16.2675428 340111.425 31.8054118 130.090894  .02511051  133.33482 574125.484 60.6669425 513324.924 132897.398
                   112863.661 -134543.88 132897.179 1846.37573 -134543.93 -177607.05 180707.696 74544.4285 185635.081 -90754.541
                   -185446.37  210388.45  -132992.7 -133958.28 -176401.79 229171.003 -181420.87 233116.684 -182272.01 -183571.83
                   127.544278  -18442.11 -178.34072 12.3121669 .001879403 12.2972831 38.0269967 .151791482 50.8722715 .148525802
                    25501.676 .162750796 18463.7573
Times of maxima :      .03568     .04275     .03184     .03191      .0429     .03592     .03216     .03303     .03604     .03191
                       .00561     .03592     .03191      .0429     .03592     .03588     .03203      .0336     .03216     .03303
                       .03604     .03453     .03191     .03592     .03587     .03457     .03201     .03443     .03214     .03599
                       .03568     .04275     .03184        0.3        0.3        0.3        0.3        0.3        0.3        0.3
                          0.3        0.3      .0429
             Random switching times for simulation number  164  :
                                  10  2.6084774E-02   11  2.5732341E-02   12  2.5813943E-02

 107.636           71.6703486 578025.179 58.2747837 1050.57579 .042707153 1010.02973 .1627677E8 119.950745  .693152E7 -148671.73
                   112863.661 148143.048 -148671.44 -2407.9232 148142.758  213924.59 -195792.83 82888.3923 -201148.81 127612.668
                   196880.811 -259018.72 148724.937 148113.527 218561.731 -324953.71 198968.404 -391979.86 -214343.04 294197.454
                   -267.71318 24042.1542 241.401706 12.5191188 .002138005 12.7235198 2334.60932  .19062648 1001.04681 .342285843
                   29012.2133 .321890034 -24079.232
Times of maxima :      .02766     .03435     .02623     .02642     .03423     .02669     .02645     .02856     .02669     .02642
                       .00561     .02669     .02642     .03423     .02669     .02684     .02653     .02726     .02645     .02856
                       .02669     .02676     .02642     .02669     .02664     .02663     .02638     .02668     .03253     .02797
                       .02766     .03435     .02623        0.3        0.3        0.3        0.3        0.3        0.3        0.3
                          0.3        0.3     .03423
             Random switching times for simulation number  165  :
                                  10  3.3314108E-02   11  3.5112382E-02   12  3.4338277E-02

 323.807           37.8208754 587346.967 62.3065313 1599.71464 .043429873 773.738085 .1301017E8  75.613556 2449.29598 155522.166
                   112863.661 -144990.84   155521.9 2428.21194 -144990.64 -161213.51 204069.378 76679.2781 199677.072 101319.291
                   -165184.79 279187.374 -155534.54 -145176.53 -180362.34 319188.823 -195205.83  362810.97 -208754.35 -239523.68
                    -194.4759 -24235.242 -249.61276 12.1590791 .002090806 12.3412157  3757.6054 .125884298 13.5562718 .214992284
                   28371.9151 .221280072 24282.1194
Times of maxima :      .03939     .04267     .03479     .03494     .04275     .03622     .03518     .03644     .03521     .03494
                       .00561     .03622     .03494     .04275     .03622     .03537     .03505     .03659     .03518     .03644
                       .03521     .03496     .03494     .03622     .03538     .03506     .03486     .03521     .03473     .03646
                       .03939     .04267     .03479        0.3        0.3        0.3        0.3        0.3        0.3        0.3
                          0.3        0.3     .04275
             Random switching times for simulation number  166  :
                                  10  3.4523369E-02   11  3.3392592E-02   12  3.4336691E-02

 301.336           80.8674953 532685.923 59.3509068 663.148524 .039417053 886.708957 .1679672E8 114.286212 .9406824E7 143471.187
                   112863.661 -146513.23 143470.861 2313.31296 -146513.22 -197612.99 196009.812 -83244.295  201381.15 -124563.05
                   -198028.81 262725.162 -143640.36 -146379.04 -228768.21  374966.52 -190828.46 392028.187 211766.496 -299770.94
                   284.372107  -23079.99 -243.62042    12.1039  .00203461 12.3610895   1858.558 .130811259 1395.26731 .381956529
                   27608.9489   .3397146 23133.1296
Times of maxima :      .03615     .04269     .03465     .03493     .04275      .0352     .03489     .03704     .03521     .03493
                       .00561      .0352     .03493     .04275      .0352     .03533     .03507      .0372     .03489     .03704
                       .03521      .0352     .03493      .0352     .03514     .03507      .0349     .03519     .04105     .03646
                       .03615     .04269     .03465        0.3        0.3        0.3        0.3        0.3        0.3        0.3
                          0.3        0.3     .04275
             Random switching times for simulation number  167  :
                                  10  2.3943911E-02   11  2.3796361E-02   12  2.3103222E-02

 48.7077            20.965814 393390.241  35.401333 396.557742 .028847343 346.988762 .2309578E7 60.3873405 854224.578 -139677.27
                   112863.661 138949.577 -139677.03 -1978.9974 138949.626 183756.729 -189100.31 -78631.475 -190869.95 -90545.165
                   186499.591 -220839.96 139682.288 138562.922 184162.036 -233398.13  189732.66 -250326.05 189837.717 190244.869
                   -144.79577 19834.0677  188.15242 12.6986306 .001970663 12.6918138  182.59252 .163976981 97.1265826 .164143565
                   26740.3048 .176074756 -19789.974
Times of maxima :      .02451     .03439     .02364     .02371      .0346     .02771     .02396     .02407     .02785     .02371
                       .00561     .02771     .02371      .0346     .02771      .0277     .02383     .02538     .02396     .02407
                       .02785     .02635     .02371     .02771     .02767     .02638     .02381     .02622     .02486      .0278
                       .02451     .03439     .02364        0.3        0.3        0.3        0.3        0.3        0.3        0.3
                          0.3        0.3      .0346
             Random switching times for simulation number  168  :
                                  10  3.2869450E-02   11  3.4411611E-02   12  3.2738962E-02

 298.497             46.90567 589958.883 63.2308129 2402.62572 .043411947 427.657506  .151378E8 74.8075975 .2803554E7 164679.104
                   112863.661 -140129.64 164678.748 2427.71076 -140129.73 -173556.69 206526.749 61319.6463 200638.024 100777.868
                    -192310.1 232554.598 -164688.49  -140317.2 -208198.11 313976.735 -207709.66 335894.354 -207997.96 -242933.07
                   216.577169 -24289.069 -251.45738    12.3907 .002093643 12.3118685 4232.84979 .075052678 238.472991 .236622165
                   28410.4318 .225346418 24277.1076
Times of maxima :      .03456     .04267     .03302     .03333     .04274     .03616     .03323     .03369     .03598     .03333
                       .00561     .03616     .03333     .04274     .03616     .03612     .03345       .035     .03323     .03369
                       .03598      .0347     .03333     .03616     .03611     .03346     .03328      .0336      .0333     .03485
                       .03456     .04267     .03302        0.3        0.3        0.3        0.3        0.3        0.3        0.3
                          0.3        0.3     .04274
             Random switching times for simulation number  169  :
                                  10  2.5913264E-02   11  2.5618264E-02   12  2.6493433E-02

 104.504           36.7639311 572080.036 48.8135984 662.387902 .042013207  432.03983 .3009682E7 997.099537 .9456543E7  -143460.5
                   112863.661 140193.425  -143460.3 -2388.2799 140193.294 205125.146 -179272.65 116146.106 -192904.98 -147973.44
                   198051.732  -245197.8 143477.304 140289.056 186811.151 -254598.97 207355.709 -281796.59  217555.33 204074.783
                   -191.73923 23918.1947 220.937997 12.4349551 .002131682 12.6494963 512.417429 .428694505 1847.08497 .207412363
                    28926.302 .213664134 -23882.799
Times of maxima :       .0264     .03435     .02678     .02709     .03464     .02764     .02733     .02745     .02821     .02709
                       .00561     .02764     .02709     .03464     .02764     .02668     .02724      .0282     .02733     .02745
                       .02821     .02709     .02709     .02764     .02662     .02721     .02717      .0269     .02691     .02862
                        .0264     .03435     .02678        0.3        0.3        0.3        0.3        0.3        0.3        0.3
                          0.3        0.3     .03464
             Random switching times for simulation number  170  :
                                  10  2.8786377E-02   11  2.8384509E-02   12  2.7745223E-02

 175.837           61.4838521 453776.998 33.1757007  317.60588 .033339217 807.626474 301210.837 40.9666472 .1012085E8 138515.016
                   112863.661 145450.658 138514.959 -2127.5022 145450.469 192457.385 177167.689 -51120.078 183408.399 74577.4489
                   198357.545 228185.087 -140639.77 145870.063 178241.761 263554.395 -176557.08 296775.926 -181270.07 -183564.81
                   247.959376 21302.0421 -182.14198 12.3723395 .002016887 12.4332099  53.891239 .078102736 2185.50738 .262230757
                   27368.0006 .218526801 -21275.022
Times of maxima :      .03126     .03438     .02998     .03401     .03445     .02939     .03283     .03086     .02948     .03401
                       .00561     .02939     .03401     .03445     .02939     .02941     .03269     .03015     .03283     .03086
                       .02948     .03404     .03401     .02939      .0293     .03399     .03272     .03412     .03257     .03548
                       .03126     .03438     .02998        0.3        0.3        0.3        0.3        0.3        0.3        0.3
                          0.3        0.3     .03445
             Random switching times for simulation number  171  :
                                  10  2.1760417E-02   11  2.3181083E-02   12  2.1099181E-02

 42.2416           29.9361011 316942.432 15.6470479 120.246915 .023338718 115.012619 2298.16126   12.95678  749.64349 -127770.19
                   113052.324 124958.278 -127770.11 -1780.0443 124958.286 137184.677 -161179.48 -30605.223 -163536.45   -41941.2
                   144662.046 -218197.88 128556.333 124509.214 140414.593 -263662.28 157705.387 -272779.61    160960. 153422.193
                   -173.02052 17802.8771 -125.08816 12.7302929 .001924562 12.7081098  13.866918 .025007931  13.013595 .187005187
                   26114.3851 .165728753 -17800.443
Times of maxima :      .02273     .03443     .02614      .0256     .03451     .02829     .02578     .02272     .02807      .0256
                       .02235     .02829      .0256     .03451     .02829     .02822     .02565     .02406     .02578     .02272
                       .02807     .02701      .0256     .02829     .02832     .02569     .02569     .02583     .02448     .02847
                       .02273     .03443     .02614        0.3        0.3        0.3        0.3        0.3        0.3        0.3
                          0.3        0.3     .03451
             Random switching times for simulation number  172  :
                                  10  3.3896489E-02   11  3.5985809E-02   12  3.4669810E-02

 322.369           33.4433297 534266.651 54.8735246 133.765386 .039431538 129.233292 .5453686E7 1318.03987 .2555669E7 134761.241
                   112863.661  -132458.4 134760.988 2313.73794  -132458.4 -183616.55 198569.957 -105943.78   196189.1 -152076.82
                   -191590.01 244589.674 -134776.89 -132601.28 -188264.51 261370.943 -196401.31 281734.212 -218414.99 -207950.66
                   -182.87518 -23114.209 -234.25099 12.0539214  .00203602 12.2708833 1344.77892 .416722582 228.771339 .203299115
                   27628.0771 .219446107 23137.3794
Times of maxima :      .03835     .04269     .03496     .03527     .04292     .03656     .03527     .03638     .03638     .03527
                       .00561     .03656     .03527     .04292     .03656      .0362     .03541     .03624     .03527     .03638
                       .03638     .03528     .03527     .03656     .03571      .0354     .03517     .03554     .03521     .03681
                       .03835     .04269     .03496        0.3        0.3        0.3        0.3        0.3        0.3        0.3
                          0.3        0.3     .04292
             Random switching times for simulation number  173  :
                                  10  3.4369148E-02   11  3.4866973E-02   12  3.5926175E-02

 320.363           45.1428987 592532.611  61.312407  123.85592 .043424836 654.292886 2338.94372 65.1804162 .5200161E7  -129673.4
                   112863.661 -143347.63 -129673.34 2428.07114 -143347.86 -195012.04 -157849.53 70356.5216 -163983.99 -94069.942
                   -196069.95 237016.009 131870.096 -143665.85 -191124.09 289086.097 -163795.26 309466.515 198055.876 -197626.35
                   -212.46858 -24341.993 247.613422 12.0011071 .002096407 12.3121224 13.0564963 .171125342   826.9962 .288617985
                   28447.8601 .261210743 24280.7114
Times of maxima :      .03966     .04267     .03797     .04103      .0424     .03659     .04127     .03533      .0363     .04103
                       .00561     .03659     .04103      .0424     .03659     .03512      .0411      .0372     .04127     .03533
                        .0363     .03653     .04103     .03659     .03507      .0365     .03662     .03636     .03961     .03511
                       .03966     .04267     .03797        0.3        0.3        0.3        0.3        0.3        0.3        0.3
                          0.3        0.3      .0424
             Random switching times for simulation number  174  :
                                  10  3.1603130E-02   11  3.1908564E-02   12  3.2425503E-02

 246.711           28.4134077 365327.249 55.8278941  2321.1476 .026997597 161.003119 .9925149E7 58.5750556 .3100144E7 163789.225
                   112863.661 -136152.38 163788.954  1914.4978 -136152.35 -180746.01 205589.638 62578.3165 198267.551 -89176.139
                   -193164.95 248397.998 -164218.77 -135584.96 -191201.14 287145.112 -215829.06 289966.576 -215224.88 -201345.96
                   168.562771 -19113.536 -236.27927 12.4188252 .001894535 12.3041517 2283.63676 .104914478  407.30393 .205067326
                   25707.1892 .204574452  19144.978
Times of maxima :       .0353     .04274     .03283     .03303     .04286     .03567     .03328     .03415     .03567     .03303
                       .00561     .03567     .03303     .04286     .03567       .037     .03315     .03471     .03328     .03415
                       .03567     .03436     .03303     .03567     .03697     .03443     .03313     .03456     .03297      .0371
                        .0353     .04274     .03283        0.3        0.3        0.3        0.3        0.3        0.3        0.3
                          0.3        0.3     .04286
             Random switching times for simulation number  175  :
                                  10  2.0466482E-02   11  2.0474817E-02   12  2.0277951E-02

 .144428           59.8398762 397650.772 39.2426928 134.337634 .029424453 298.646194 .6853531E7 57.4686558 .2015287E7 -135048.78
                   112863.661 -138233.25 -135048.93 1998.69494 -138233.08 -183037.76 -196581.48  -57392.93 -196844.43 -88329.919
                   -190001.92 -228451.28 136803.661 -138496.13 -197467.63 -279763.26 183463.348 -285441.52 187987.728 -210033.07
                    -244.6219 -19941.183 198.097685 12.7324791 .002026677 12.7930635 921.067911 .069941955 343.099318 .268792001
                   27500.4784 .236038951 19986.9494
Times of maxima :      .02147     .02607     .02415     .02448     .02612     .02107      .0245     .02295     .02114     .02448
                       .00561     .02107     .02448     .02612     .02107     .02122     .02436     .02277      .0245     .02295
                       .02114     .02572     .02448     .02107     .02105     .02568     .02441      .0256     .02584      .0212
                       .02147     .02607     .02415        0.3        0.3        0.3        0.3        0.3        0.3        0.3
                          0.3        0.3     .02612
             Random switching times for simulation number  176  :
                                  10  2.7016677E-02   11  2.6277530E-02   12  2.5752161E-02

 140.138           88.1511198 592739.518 44.6389033 1180.36527 .043822668 182303.115 .3985738E7 96.4054514 .2944685E8 -150341.51
                   112863.661 180592.846 -150341.27  -2439.168 180592.649 202365.238 -195786.15 -62207.633 -195497.22  -114404.5
                   206883.051 -254000.76 150348.353 180732.674 211525.965 -298435.84 197867.143 -333928.58 207271.512 264343.796
                   -296.90254 24346.2424 211.279207 12.5240903 .002153494 17.7421119 1312.10101 .081553707 8115.72951 .298989325
                    29222.574  .25594218  -24391.68
Times of maxima :      .02722     .03433       .026     .02635     .03418     .02764      .0263     .02672     .02751     .02635
                       .00561     .02764     .02635     .03418     .02764     .02754     .02647     .02688      .0263     .02672
                       .02751     .02766     .02635     .02764     .02774     .02775     .02645     .02771     .02625     .02787
                       .02722     .03433       .026        0.3        0.3        0.3        0.3        0.3        0.3        0.3
                          0.3        0.3     .03418
             Random switching times for simulation number  177  :
                                  10  2.6690865E-02   11  2.7130694E-02   12  2.5929334E-02

 131.481           69.2949989 572254.647 42.3368383  823.74276 .042600512 1928.30198 .2991781E7 2420.20348 .1993207E8 -145668.44
                   112863.661 159379.142 -145668.21 -2404.9149 159378.862  217487.84 -192145.35  -93991.63 -192853.46 164869.649
                   202771.433 -233000.91 145674.169 159430.535 231035.422 -239402.67 193362.974 -265435.14 203596.296 227114.289
                   -263.23943 23921.8446 205.759176 12.4860545 .002131836  12.724087 846.062175 .421089701  7602.0374 .172667181
                   28928.4393  .19194087 -24049.149
Times of maxima :      .02702     .03433     .02616     .02652     .03429     .02732     .02646     .02766     .02732     .02652
                       .00561     .02732     .02652     .03429     .02732     .02745     .02664     .02827     .02646     .02766
                       .02732     .02735     .02652     .02732      .0272     .02744     .02662     .02759     .02642      .0271
                       .02702     .03433     .02616        0.3        0.3        0.3        0.3        0.3        0.3        0.3
                          0.3        0.3     .03429
             Random switching times for simulation number  178  :
                                  10  3.4099840E-02   11  3.5886424E-02   12  3.3580548E-02

 302.804           57.6418116  542710.62 49.6000288  1322.5653 .040107751 1668.51875 .2088683E8 135.397924 .9707935E7 152133.552
                   112863.661 -156343.32 152133.265 2333.49283 -156343.28 -189553.02 211865.673 -104427.42 203191.186 -135580.84
                   -198167.57 267348.071 -152145.22 -156358.42 -228411.74  280152.88 -207749.08 325825.574 -212872.89 -230478.11
                   240.087092  -23296.15 -222.71064 12.2132383 .002044677 12.3985304 3770.82144 .308302138  1327.1044 .197114071
                   27745.5484  .23052425 23334.9283
Times of maxima :      .03464     .04269     .03385     .03419     .04283     .03475     .03445      .0351     .03495     .03419
                       .00561     .03475     .03419     .04283     .03475     .03489     .03429     .03526     .03445      .0351
                       .03495     .03476     .03419     .03475     .03466     .03464     .03414     .03449     .03403     .03474
                       .03464     .04269     .03385        0.3        0.3        0.3        0.3        0.3        0.3        0.3
                          0.3        0.3     .04283
             Random switching times for simulation number  179  :
                                  10  2.4766206E-02   11  2.4393083E-02   12  2.3501117E-02

 105.919           63.5796851 465463.654 40.9751343 1262.55553  .03436446  425.33319 .5823244E7 75.0369352 .1441067E8  -151381.9
                   112863.661 140095.945 -151381.66 -2159.9668 140095.992 177613.668 -200386.08 -58432.489 -196362.53 -100932.23
                   200310.616 -233573.08 151387.763 140040.062 190406.165 -292553.61 202046.036 -313660.59 200490.122 218623.565
                   -252.15012 21574.6067 202.423156 12.7236687 .002028465 12.6946843 1093.96356 .071128678 2209.58831 .237887037
                   27525.0942 .208152785 -21599.668
Times of maxima :      .02645     .03438     .02404     .02411     .03428     .02812     .02436     .02447     .02676     .02411
                       .00561     .02812     .02411     .03428     .02812     .02675     .02422     .02578     .02436     .02447
                       .02676     .02546     .02411     .02812     .02805     .02542     .02421     .02546     .02405     .02679
                       .02645     .03438     .02404        0.3        0.3        0.3        0.3        0.3        0.3        0.3
                          0.3        0.3     .03428
             Random switching times for simulation number  180  :
                                  10  2.7214626E-02   11  2.6569952E-02   12  2.6556267E-02

 139.758           71.8532807 591957.768 34.4358178 114.597529 .043580929 1311.56738 334630.552 1110.34253 .2203325E8 124732.684
                   112863.661 151996.266  124732.59 -2432.4311 151996.016  207186.12 -170887.61 103736.738 184184.936 149444.573
                   203693.024 205133.013 -126852.44 152200.931 249897.354 -226151.91 -177285.92 220209.919 -186254.46 236433.624
                   -268.05462 24330.1822  -185.5689 12.4158325 .002152697 12.5863889 41.5912393 .395836954 6638.23177 .181557039
                    29211.644 .195629875 -24324.311
Times of maxima :      .02764     .03434     .03091     .03243     .03397     .02781     .03126     .02816     .02794     .03243
                       .00561     .02781     .03243     .03397     .02781     .02782     .02727     .02949     .03126     .02816
                       .02794     .03458     .03243     .02781     .02781     .02781     .03233     .03482      .0322     .02769
                       .02764     .03434     .03091        0.3        0.3        0.3        0.3        0.3        0.3        0.3
                          0.3        0.3     .03397
             Random switching times for simulation number  181  :
                                  10  2.3673582E-02   11  2.5200290E-02   12  2.5317376E-02

 120.057           35.5916392 544564.958 65.5454962 2602.55287 .040016798 690.289395 .1101211E8 57.6887038 .1200164E7 -166828.81
                   112863.661 143846.797 -166828.54 -2330.8455 143846.621 169340.002 -201371.38  -60527.83  -198766.4 88498.8654
                   187556.526 -277176.72 166945.205 143775.341 182776.238 -319894.56 212763.084 -334181.41 216707.066 219941.754
                   188.657465 23335.9156 256.018546 12.6911475 .002103491  12.707234 3953.96688 .094417068 149.804219 .215496212
                   28543.6883 .218449278 -23308.455
Times of maxima :      .03036     .03435     .02558     .02592     .03453      .0272     .02617     .02703     .02855     .02592
                       .00561      .0272     .02592     .03453      .0272     .02731     .02603     .02759     .02617     .02703
                       .02855     .02593     .02592      .0272     .02867     .02604     .02602     .02618     .02585     .02744
                       .03036     .03435     .02558        0.3        0.3        0.3        0.3        0.3        0.3        0.3
                          0.3        0.3     .03453
             Random switching times for simulation number  182  :
                                  10  3.0422468E-02   11  2.9930098E-02   12  2.9515071E-02

 203.488           24.0529385 239075.937 12.3646738 107.039708 .017602583 105.657647 1591.05611  8.2444369 469.919821 120549.293
                   112863.661 -119768.61 120549.321 -1545.8968 -119768.55 -132621.64 145737.486 24204.2056 155417.995 33455.9073
                   -140740.46 216738.144 -121903.33 -118325.76 -129995.03 254205.578 -144690.37 256293.856 -150570.59 -134759.36
                   155.090098 15462.0806 111.196555 12.3434103 .001866825 12.3097833 12.9149138 .017512295 12.5373462 .158342239
                    25330.839   .1452624 -15458.968
Times of maxima :      .03138     .03447     .03602     .03306     .03454      .0355     .03295     .03291     .03674     .03306
                       .00561      .0355     .03306     .03454      .0355     .03688     .03432     .03271     .03295     .03291
                       .03674     .03427     .03306      .0355     .03563     .03435     .03436     .03444      .0345     .03556
                       .03138     .03447     .03602        0.3        0.3        0.3        0.3        0.3        0.3        0.3
                          0.3        0.3     .03454
             Random switching times for simulation number  183  :
                                  10  2.7631444E-02   11  2.8434233E-02   12  2.7972136E-02

 155.843           62.6746444 447204.742 61.2435022 307.005143 .033210664 2339.17138 11310.4033 78.0837315  .184413E8  138357.59
                   112863.661 163986.777 138357.491 -2123.3965 163986.487 203022.711 167311.628 65771.3953 176386.325 102960.962
                   202112.683 225496.069 -140264.56 163998.011  211299.22 247792.992 -173046.21 -308301.79 -194365.79 205310.811
                   -250.34905 21147.2159 -247.47425 12.3699302 .002011113 12.6658737 14.9311423 .137305727 4389.38599 .239413533
                   27289.5671 .210031943 -21233.965
Times of maxima :      .02811     .03439     .02884     .03285     .03426     .02824     .03169     .02974     .02834     .03285
                       .00561     .02824     .03285     .03426     .02824     .02834      .0329     .02991     .03169     .02974
                       .02834     .03449     .03285     .02824     .02819     .03452     .03277      .0285     .03169     .02842
                       .02811     .03439     .02884        0.3        0.3        0.3        0.3        0.3        0.3        0.3
                          0.3        0.3     .03426
             Random switching times for simulation number  184  :
                                  10  2.8267199E-02   11  3.1031708E-02   12  2.9643596E-02

 208.274           45.6836574 258536.024  45.226804 133.208858 .019020083  1530.4434 .3643854E7 100.570616 .6629701E7 134480.445
                   -113027.33 154687.445 134480.361 1606.93577 154687.188 199082.795 174622.946  74371.041  194713.59 116849.772
                   196739.931 218084.107 -135424.14 154693.189 208639.709 240970.384 -180186.93 255894.166  -198333.6 207427.603
                   -213.73736 -16079.055 -212.66594  12.354139 .001846773 12.5250999 439.817305 .148287752 2203.87039 .185622321
                   25058.5836  .16556476 16069.3577
Times of maxima :      .02864     .04278     .03184      .0335      .0426     .02886     .03213     .02923      .0289      .0335
                       .03055     .02886      .0335      .0426     .02886     .02898     .03362     .03056     .03213     .02923
                        .0289     .03491      .0335     .02886     .02882     .03483     .03228      .0347     .03215     .02896
                       .02864     .04278     .03184        0.3        0.3        0.3        0.3        0.3        0.3        0.3
                          0.3        0.3      .0426
             Random switching times for simulation number  185  :
                                  10  2.1076368E-02   11  2.0589514E-02   12  2.2175274E-02

 22.3525           42.6136307 382184.767 23.0595822 179.472794 .028260948 114.014454 32766.9646  84.001115 2370.19945 -136435.07
                   112863.661 124414.941 -136435.16 1958.78007 124414.864 -159638.56 -170116.66 -82882.574 -176925.07 -106791.05
                    -164325.6 -224356.74 138291.814 122673.193 167980.294 -245602.14 200843.383 -273467.48 207839.734 186314.083
                   -206.43069 -19549.546 151.853818 12.7216021  .00201453 12.7418149 15.8092906 .193972803 14.1048618 .204666149
                    27335.569 .183952634 19587.8007
Times of maxima :      .02207     .02608     .02234     .02508     .02633     .02761     .02617      .0232     .02169     .02508
                       .00561     .02761     .02508     .02633     .02761     .02179     .02636     .02336     .02617      .0232
                       .02169     .02634     .02508     .02761     .02794      .0264     .02504     .02655     .02517     .02781
                       .02207     .02608     .02234        0.3        0.3        0.3        0.3        0.3        0.3        0.3
                          0.3        0.3     .02633
             Random switching times for simulation number  186  :
                                  10  2.1036959E-02   11  2.1099350E-02   12  2.0383458E-02

 36.1372           49.3949321 309877.452 26.3287964  135.64744 .022957911 116.903449 .2698126E7 46.2354381  3225.4743 -135705.85
                   112863.661 125981.301 -135705.71 1765.46249 125981.268 -163924.92  -191460.6 -63114.656 -192004.48 -79228.202
                   -173248.68 -225374.08 137316.144 124404.632 -163899.51  -263690.2 186327.219 -273358.73 186799.395 167981.511
                   -222.24971 -17603.336 162.261506 12.7278143 .001963002 12.7436158 423.001591 .095716987 14.7495109 .210416847
                   26636.0345 .192321664 17654.6249
Times of maxima :      .02204      .0261     .02471     .02487     .02626     .02752     .02504     .02199     .02165     .02487
                       .00561     .02752     .02487     .02626     .02752     .02175     .02492     .02332     .02504     .02199
                       .02165     .02629     .02487     .02752     .02163     .02625     .02497     .02636     .02511     .02773
                       .02204      .0261     .02471        0.3        0.3        0.3        0.3        0.3        0.3        0.3
                          0.3        0.3     .02626
             Random switching times for simulation number  187  :
                                  10  2.9855291E-02   11  2.8402747E-02   12  2.9160553E-02

 193.955           35.3022997 451186.593 19.8290902 126.488784  .03331427 117.554149 43084.6392 21.3831285 1417.02012 131044.451
                   112863.661 -126331.38 131044.356  -2126.706  -126331.4 -139654.75 172774.741 42265.5465  177182.97 53880.0432
                   -153303.06 221790.988 -133118.88 -124574.87 -138718.86 259786.907 -169806.64 268949.476 -169849.67   -156108.
                   187.889062 21241.1533 140.815802 12.3449411 .002014608 12.3321085 16.0625755 .048106356 12.8366218 .188288982
                   27337.1576 .169137941  -21267.06
Times of maxima :      .03084     .03437     .03423     .03369     .03438     .03638     .03386     .03081     .03616     .03369
                       .00561     .03638     .03369     .03438     .03638     .03631     .03374     .03214     .03386     .03081
                       .03616     .03511     .03369     .03638     .03641     .03505     .03379     .03517     .03392     .03655
                       .03084     .03437     .03423        0.3        0.3        0.3        0.3        0.3        0.3        0.3
                          0.3        0.3     .03438
             Random switching times for simulation number  188  :
                                  10  3.1923328E-02   11  3.0006044E-02   12  3.2343082E-02

 242.094           28.1585155 229556.903 54.1135772 2182.32854 .017174632 206.141924 .9847015E7 54.1030276 .2538596E7 162254.138
                   112863.661 -136841.59 162253.855 -1526.9894 -136841.52 -182717.51 205975.487 57283.9957 198231.598 -85704.396
                   -191540.23    246192.  -163555.3 -135433.76 -188173.91 288495.064 -213721.44 297171.043 -213902.45 -198210.86
                   167.804993 15151.1354 -232.62325 12.4190548 .001862756 12.3054767  2244.3684 .086381658 315.577683 .205221517
                    25275.753 .204152805 -15269.894
Times of maxima :      .03673     .03448     .03262     .03295     .03445     .03558      .0332     .03407     .03559     .03295
                       .00561     .03558     .03295     .03445     .03558     .03692     .03306     .03462      .0332     .03407
                       .03559     .03428     .03295     .03558      .0369     .03436     .03305     .03448     .03289     .03702
                       .03673     .03448     .03262        0.3        0.3        0.3        0.3        0.3        0.3        0.3
                          0.3        0.3     .03445
             Random switching times for simulation number  189  :
                                  10  2.4124337E-02   11  2.4068986E-02   12  2.4801612E-02

  99.674           26.0857067 426691.104 63.6692606  2239.9025 .031614543 132.991067 .1326861E8 83.7638133 .2699356E7 -162893.82
                   112863.661 134370.413  -162893.5 -2071.7424 134370.381 170429.925 -204923.28 -73004.342 -199794.27 106640.097
                   192008.046 -254302.75 163290.879 134168.968 183252.921 -282248.29 223476.455 -291370.17 225276.674 201110.973
                   161.510701 20656.5027 252.327685 12.7244542 .001995839 12.6834488 4257.48784 .148252325 405.370239 .173248054
                   27082.1352 .187688522 -20717.424
Times of maxima :      .02853     .03439     .02508      .0254     .03434     .02804     .02566     .02653     .02805      .0254
                       .00561     .02804      .0254     .03434     .02804      .0279     .02552     .02708     .02566     .02653
                       .02805     .02542      .0254     .02804     .02813     .02553     .02537     .02567     .02529     .02694
                       .02853     .03439     .02508        0.3        0.3        0.3        0.3        0.3        0.3        0.3
                          0.3        0.3     .03434
             Random switching times for simulation number  190  :
                                  10  2.2343016E-02   11  2.2652938E-02   12  2.1823002E-02

 55.2877           24.6838434 253104.218 13.4268193 113.590019 .018603392 108.218789 180.160347 16.4932243 1627.52815 -124183.07
                   112863.661 121211.516 -124183.07  -1589.236  121211.45 144686.983 -131755.45 -32173.264 -136445.67 47320.0391
                   155854.848 -216238.95 125110.116 120332.543 148518.079 -249511.39 141006.431 -251123.18 156900.052 155561.153
                   -157.11093 15909.2495 115.874153 12.7223485 .001902942 12.6887148 12.9589482 .034950349 13.3172956 .166907138
                    25820.835  .15232534  -15892.36
Times of maxima :      .02329     .03445     .02236     .02499      .0344     .02763     .02485     .02356     .02658     .02499
                       .00561     .02763     .02499      .0344     .02763     .02642     .02603      .0231     .02485     .02356
                       .02658     .02635     .02499     .02763     .02771     .02631     .02488     .02642     .02492     .02769
                       .02329     .03445     .02236        0.3        0.3        0.3        0.3        0.3        0.3        0.3
                          0.3        0.3      .0344
             Random switching times for simulation number  191  :
                                  10  3.5422829E-02   11  3.4231553E-02   12  3.3721370E-02

 305.757           73.3692584 584641.466 93.3159999 1816.44021 .043006099  3245.8777 .6918504E7 577.033585 .6449424E7 158084.389
                   112863.661 -173452.69 158084.128 2416.33607 -173452.43 -212879.08 199070.678  -114029.5 196874.739 -142266.23
                   -196655.69 255061.542 -158096.81 -173597.31 -273267.73  301164.25 213041.039 323411.778 219218.218  -294436.5
                   270.867603  -24179.36 305.476677 12.2382245 .002088029  12.465837 3018.69898 .347902973  1489.2231 .314619347
                   28334.0519 .334862559 24163.3607
Times of maxima :      .03562     .04268     .03907     .03432     .04299     .03603     .03458     .03643     .03596     .03432
                       .00561     .03603     .03432     .04299     .03603     .03617     .03444     .03664     .03458     .03643
                       .03596     .03604     .03432     .03603     .03603     .03615     .04063       .036     .04188     .03589
                       .03562     .04268     .03907        0.3        0.3        0.3        0.3        0.3        0.3        0.3
                          0.3        0.3     .04299
             Random switching times for simulation number  192  :
                                  10  2.6078004E-02   11  2.6176329E-02   12  2.5150666E-02

 109.883           82.9887424  591947.86 50.1851527 2166.92147 .043635917 2399.13637 .8819829E7 104.526374  .285426E8 -162082.23
                   112863.661 164641.143 -162081.95 -2433.9652 164640.808 222499.485 -201087.82 99930.5838 -197757.75 119125.642
                   206498.925 -271616.22 162087.929 164659.053 189764.836 -297840.78 208935.635 -328085.35 213581.113  209469.77
                   -288.07767 24329.9786 224.020429 12.6494827 .002152717 12.7919738 3004.23061 .198477798 5743.10819 .183509754
                   29211.9762 .193022859 -24339.652
Times of maxima :      .02655     .03435     .02542     .02575     .03444     .02668     .02601     .02821     .02692     .02575
                       .00561     .02668     .02575     .03444     .02668      .0267     .02587     .02685     .02601     .02821
                       .02692      .0267     .02575     .02668     .02667      .0268     .02571     .02695      .0256     .02653
                       .02655     .03435     .02542        0.3        0.3        0.3        0.3        0.3        0.3        0.3
                          0.3        0.3     .03444
             Random switching times for simulation number  193  :
                                  10  2.0573907E-02   11  2.2060226E-02   12  2.3443341E-02

 45.2575           46.6497747 189358.716 47.0080853  651.21015 .013889658 241.854248 .1335729E8 89.4228047 .3460788E7   -143305.
                   112863.661 -137382.22 -143304.99 -1373.2136   -137382. -186892.05 -209840.92 92325.7414 -199834.46 110183.473
                   194194.783 -210303.62 144286.214 -137387.84 -188972.08 -231122.39 148213.951 -235395.47 161909.687   -193181.
                   -215.98559 13760.7673 216.813481 12.6905667 .001904157 12.7833779 3459.95552 .227435286 723.970439 .219115143
                   25837.2385 .178330361 -13732.136
Times of maxima :      .02158     .03448       .024     .02421     .03448     .02117     .02431     .02216     .02672     .02421
                       .00561     .02117     .02421     .03448     .02117     .02129     .02416     .02347     .02431     .02216
                       .02672     .02669     .02421     .02117     .02115      .0267     .02415     .02553       .024     .02125
                       .02158     .03448       .024        0.3        0.3        0.3        0.3        0.3        0.3        0.3
                          0.3        0.3     .03448
             Random switching times for simulation number  194  :
                                  10  2.8019900E-02   11  2.7889792E-02   12  2.7447897E-02

 172.849           58.7508132 511288.075 36.6972178 517.468541 .037975605 3084.69969 .4404018E7 852.778278 .1521362E8 141421.686
                   112863.661 171832.375 141421.615 -2270.6211 171832.124 209853.732 182596.653 96868.6657 195694.858 146058.988
                   200672.102 222988.761   -143571. 172078.022 237067.436 241315.462 -193858.77 260301.621 -202321.61 233183.554
                   -242.38567 22611.6801 -191.56518 12.3920011 .002070586 12.6473988 567.170456 .265742206 3881.32517 .190222895
                    28096.919  .19569185 -22706.211
Times of maxima :      .02849     .03438     .03173     .03323     .03448     .02861     .03208     .02898     .02885     .03323
                       .00561     .02861     .03323     .03448     .02861     .02872     .03191     .03031     .03208     .02898
                       .02885     .03453     .03323     .02861     .02855      .0345     .03196     .03437      .0321     .02843
                       .02849     .03438     .03173        0.3        0.3        0.3        0.3        0.3        0.3        0.3
                          0.3        0.3     .03448
             Random switching times for simulation number  195  :
                                  10  2.2948591E-02   11  2.3621176E-02   12  2.4137814E-02

 82.4939           26.4242017 372065.423 57.0974914 2720.20872 .027531045 248.857537 .1383158E8 90.0008161 .3435801E7 -168072.63
                   112863.661 137487.533 -168072.35 -1933.3196 137487.504 181500.769  -212168.3 77563.7022 -200049.12 110539.001
                   194123.766 -241320.77 168495.803 136947.841 193809.172 -265806.68 218614.045 -275348.52 224170.243 204233.055
                   -162.55523 19288.9975 238.950814 12.8096367 .001956052 12.6899869 2591.18395 .163425931 382.721718 .180905946
                   26541.9228 .188558305 -19333.196
Times of maxima :      .02701      .0344     .02468     .02474     .03456     .02737     .02499     .02586     .02737     .02474
                       .00561     .02737     .02474     .03456     .02737     .02872     .02485     .02581     .02499     .02586
                       .02737     .02607     .02474     .02737     .02868     .02486     .02483     .02591     .02467      .0274
                       .02701      .0344     .02468        0.3        0.3        0.3        0.3        0.3        0.3        0.3
                          0.3        0.3     .03456
             Random switching times for simulation number  196  :
                                  10  3.0568182E-02   11  3.0570602E-02   12  3.0615352E-02

 232.434           14.0582183 207413.418 18.0822074 112.580827 .015293536 109.274391  2424.1945  41.406792 3079.40307 123630.146
                   112863.661 -121801.23 123630.188 1440.94124 -121801.18 -152259.73 159829.619 66725.0185 164912.942 74977.0079
                   -171778.45   211100.1 -124672.21 -120952.63 -146826.75 220551.651  -144433.7 223649.632  -156180.2 -164319.38
                   118.567358 -14401.855  -134.4701 12.3323868 .001843544 12.3051992 14.1907878 .112863656  13.395641  .13646705
                   25014.7643 .146232202 14409.4124
Times of maxima :      .03155     .04281     .03117     .03304     .04258     .03661     .03458     .03156     .03535     .03304
                       .00561     .03661     .03304     .04258     .03661      .0367     .03293     .03288     .03458     .03156
                       .03535     .03437     .03304     .03661     .03522     .03441     .03452     .03414     .03462     .03536
                       .03155     .04281     .03117        0.3        0.3        0.3        0.3        0.3        0.3        0.3
                          0.3        0.3     .04258
             Random switching times for simulation number  197  :
                                  10  2.1571974E-02   11  2.1294514E-02   12  2.0174242E-02

 33.9235           37.3563421 281559.348 20.6761313 126.442116 .020912665 124.304278 3061.10494 23.7720906 1653.60147 -131020.05
                   112863.661 129907.804 -131020.18 1684.98875 129907.837 147474.451 -167164.69 -36681.022 -171592.83 -56810.158
                   156165.838  -228004.7 132667.291 128597.802 -138966.81 -274084.95 165003.969 -277991.58  171754.16 150540.912
                   -193.27789  -16779.73 -143.79197 12.7293103 .001945845 12.7173912 14.0580548 .038228727 13.2157024 .214075379
                   26403.1677 .187276652 16849.8875
Times of maxima :      .02256     .02611      .0272     .02559      .0261     .02811     .02562     .02406     .02789     .02559
                       .00561     .02811     .02559      .0261     .02811     .02803     .02547     .02389     .02562     .02406
                       .02789     .02683     .02559     .02811     .02217     .02549     .02551     .02689     .02567     .02827
                       .02256     .02611      .0272        0.3        0.3        0.3        0.3        0.3        0.3        0.3
                          0.3        0.3      .0261
             Random switching times for simulation number  198  :
                                  10  2.5351147E-02   11  2.5557627E-02   12  2.5629191E-02

 118.746            62.103837 568807.742 68.9505743 2026.70337 .042026535 1869.67757 .8454333E7 58.8463194 .1939706E8 -160503.26
                   112863.661 158702.668 -160503.01 -2388.6587 158702.594 182025.375 -204851.86 -68881.388 -197588.61 89382.3904
                   202535.493 -279593.05 160570.773 158756.472 182024.755 -341820.93 217543.618 -378452.54 241100.507 207512.178
                   -249.20641 23849.6906 262.584414 12.6115932 .002128278 12.7705001 1427.45713 .134082882 3665.58931 .278508076
                    28880.193 .253808912 -23886.587
Times of maxima :      .02705     .03434     .02591     .02623      .0341     .02751     .02622     .02745     .02737     .02623
                       .00561     .02751     .02623      .0341     .02751     .02612     .02635     .02676     .02622     .02745
                       .02737     .02623     .02623     .02751     .02899     .02617     .02617     .02621      .0263     .03029
                       .02705     .03434     .02591        0.3        0.3        0.3        0.3        0.3        0.3        0.3
                          0.3        0.3      .0341
             Random switching times for simulation number  199  :
                                  10  3.6481387E-02   11  3.5171175E-02   12  3.5505255E-02

 337.905           73.2423745 585192.105 46.6050869 131.999445 .043370983 2544.20167 20697.4064 76.4310507 .2042032E8 -133868.53
                   112863.661 -166206.16 -133868.49 2426.56508  -166205.9 -209596.67 -165722.37 -70727.401 -176622.42 -101865.52
                   -202986.29 -227211.84 136211.856 -166698.45 -200256.52 -239789.85 157568.823 -274519.33 184700.947 -215361.68
                   270.633284 -24190.744 215.882113 12.0060124 .002088621 12.2490983 14.1392587 .117218522 6331.36155 .210135379
                   28342.3015 .187585577 24265.6508
Times of maxima :      .03696     .04267      .0377     .04171     .04277     .03709     .04154     .03859     .03724     .04171
                       .00561     .03709     .04171     .04277     .03709     .03707     .04169     .03725     .04154     .03859
                       .03724     .04302     .04171     .03709     .03702     .04317     .04044     .04323     .04148     .03688
                       .03696     .04267      .0377        0.3        0.3        0.3        0.3        0.3        0.3        0.3
                          0.3        0.3     .04277
             Random switching times for simulation number  200  :
                                  10  3.1965342E-02   11  3.0737986E-02   12  3.1588544E-02

 253.925           21.9806421 224597.746 40.6169388 503.553131 .016401408 135.763377 .3228183E7 62.9775723 .1192078E7 141223.177
                   112863.661 -135763.68 141222.918 1492.22006 -135763.69 -180497.54 191322.123 71465.4178 193531.764 -92466.681
                   -187531.96 218032.376 -141912.34 -134836.19 -178479.46 237867.609 -192571.31  256731.82 -189084.27 -192077.14
                     148.2587 -14986.586 -201.53645  12.309093 .001842747 12.2988692 504.307758 .142242822 99.2592982 .153898102
                    25004.017 .171480389 14922.2006
Times of maxima :      .03597     .04279     .03213     .03219     .04297     .03619     .03244     .03331     .03633     .03219
                       .00561     .03619     .03219     .04297     .03619     .03616      .0323     .03386     .03244     .03331
                       .03633     .03482     .03219     .03619     .03614     .03486     .03229     .03373     .03214     .03626
                       .03597     .04279     .03213        0.3        0.3        0.3        0.3        0.3        0.3        0.3
                          0.3        0.3     .04297

 MAIN20 dumps OVER12 dice seed  SEEDSV =   1.8633670440000000E+09

Comment card.   Card index = 346.                 |C TENSOES FASE-TERRA
Comment card.   Card index = 347.                 |C                         MODTAB   AINCR  XMAXMX
Comment card.   Card index = 348.                 |C                          25-32   33-40   41-48
MODTAB, AINCR, XMAXMX =      3    0.050   10.000  |STATISTICS DATA                3
Statistical output of  node  voltage   0.1127E+06 |0      112677.T_MANAT_MANBT_MANC

1 ) -------------------------------------------------------------------------------------------------------------------------------
Statistical distribution of peak voltage at node  "T_MANA".   The base voltage for per unit printout is  V-base = 1.12677000E+05
  Interval             voltage         voltage  in     Frequency    Cumulative               Per cent
    number         in per unit      physical units     (density)     frequency     .GE. current value
        20           1.0000000      1.12677000E+05             0             0          100.000000
        21           1.0500000      1.18310850E+05             4             4           98.000000
        22           1.1000000      1.23944700E+05             7            11           94.500000
        23           1.1500000      1.29578550E+05            21            32           84.000000
        24           1.2000000      1.35212400E+05            37            69           65.500000
        25           1.2500000      1.40846250E+05            36           105           47.500000
        26           1.3000000      1.46480100E+05            22           127           36.500000
        27           1.3500000      1.52113950E+05            10           137           31.500000
        28           1.4000000      1.57747800E+05            12           149           25.500000
        29           1.4500000      1.63381650E+05            19           168           16.000000
        30           1.5000000      1.69015500E+05            24           192            4.000000
        31           1.5500000      1.74649350E+05             8           200             .000000
Summary of preceding table follows:       Grouped data     Ungrouped data
                                 Mean = 1.27650000E+00     1.27596764E+00
                             Variance = 1.75605528E-02     1.68746239E-02
                   Standard deviation = 1.32516236E-01     1.29902363E-01

2 ) -------------------------------------------------------------------------------------------------------------------------------
Statistical distribution of peak voltage at node  "T_MANB".   The base voltage for per unit printout is  V-base = 1.12677000E+05
  Interval             voltage         voltage  in     Frequency    Cumulative               Per cent
    number         in per unit      physical units     (density)     frequency     .GE. current value
         1            .0500000      5.63385000E+03           200           200             .000000
Summary of preceding table follows:       Grouped data     Ungrouped data
                                 Mean = 2.50000000E-02     1.82853342E-02
                             Variance = 7.14113302E-19     8.54353724E-06
                   Standard deviation = 8.45052248E-10     2.92293299E-03

3 ) -------------------------------------------------------------------------------------------------------------------------------
Statistical distribution of peak voltage at node  "T_MANC".   The base voltage for per unit printout is  V-base = 1.12677000E+05
  Interval             voltage         voltage  in     Frequency    Cumulative               Per cent
    number         in per unit      physical units     (density)     frequency     .GE. current value
        19            .9500000      1.07043150E+05             0             0          100.000000
        20           1.0000000      1.12677000E+05             2             2           99.000000
        21           1.0500000      1.18310850E+05             1             3           98.500000
        22           1.1000000      1.23944700E+05            12            15           92.500000
        23           1.1500000      1.29578550E+05            21            36           82.000000
        24           1.2000000      1.35212400E+05            17            53           73.500000
        25           1.2500000      1.40846250E+05            52           105           47.500000
        26           1.3000000      1.46480100E+05            18           123           38.500000
        27           1.3500000      1.52113950E+05            18           141           29.500000
        28           1.4000000      1.57747800E+05            11           152           24.000000
        29           1.4500000      1.63381650E+05            21           173           13.500000
        30           1.5000000      1.69015500E+05            12           185            7.500000
        31           1.5500000      1.74649350E+05             6           191            4.500000
        32           1.6000000      1.80283200E+05             5           196            2.000000
        33           1.6500000      1.85917050E+05             4           200             .000000
Summary of preceding table follows:       Grouped data     Ungrouped data
                                 Mean = 1.28125000E+00     1.28232612E+00
                             Variance = 1.96466709E-02     1.97237830E-02
                   Standard deviation = 1.40166583E-01     1.40441386E-01

4 ) -------------------------------------------------------------------------------------------------------------------------------
  SUMMARY   SUMMARY   SUMMARY   SUMMARY   SUMMARY   SUMMARY   SUMMARY   SUMMARY   SUMMARY   SUMMARY   SUMMARY   SUMMARY   SUMMARY
4 ) -------------------------------------------------------------------------------------------------------------------------------
The following is a distribution of peak overvoltages among all output nodes of the last data card that have the same base voltage.
This distribution is for the maximum of the peaks at all output nodes with  V-base = 1.12677000E+05
  Interval             voltage         voltage  in     Frequency    Cumulative               Per cent
    number         in per unit      physical units     (density)     frequency     .GE. current value
        20           1.0000000      1.12677000E+05             0             0          100.000000
        21           1.0500000      1.18310850E+05             3             3           98.500000
        22           1.1000000      1.23944700E+05             7            10           95.000000
        23           1.1500000      1.29578550E+05             9            19           90.500000
        24           1.2000000      1.35212400E+05            16            35           82.500000
        25           1.2500000      1.40846250E+05            21            56           72.000000
        26           1.3000000      1.46480100E+05            15            71           64.500000
        27           1.3500000      1.52113950E+05            19            90           55.000000
        28           1.4000000      1.57747800E+05            20           110           45.000000
        29           1.4500000      1.63381650E+05            32           142           29.000000
        30           1.5000000      1.69015500E+05            35           177           11.500000
        31           1.5500000      1.74649350E+05            14           191            4.500000
        32           1.6000000      1.80283200E+05             5           196            2.000000
        33           1.6500000      1.85917050E+05             4           200             .000000
Summary of preceding table follows:       Grouped data     Ungrouped data
                                 Mean = 1.35000000E+00     1.35040316E+00
                             Variance = 1.97989950E-02     1.95758422E-02
                   Standard deviation = 1.40708902E-01     1.39913696E-01

Statistical output of  node  voltage   0.1127E+06 |0      112677.1_2LTC1_2LTA1_2LTB

5 ) -------------------------------------------------------------------------------------------------------------------------------
Statistical distribution of peak voltage at node  "1_2LTC".   The base voltage for per unit printout is  V-base = 1.12677000E+05
  Interval             voltage         voltage  in     Frequency    Cumulative               Per cent
    number         in per unit      physical units     (density)     frequency     .GE. current value
        20           1.0000000      1.12677000E+05             0             0          100.000000
        21           1.0500000      1.18310850E+05             2             2           99.000000
        22           1.1000000      1.23944700E+05             0             2           99.000000
        23           1.1500000      1.29578550E+05             2             4           98.000000
        24           1.2000000      1.35212400E+05             3             7           96.500000
        25           1.2500000      1.40846250E+05             8            15           92.500000
        26           1.3000000      1.46480100E+05             7            22           89.000000
        27           1.3500000      1.52113950E+05             4            26           87.000000
        28           1.4000000      1.57747800E+05             4            30           85.000000
        29           1.4500000      1.63381650E+05             5            35           82.500000
        30           1.5000000      1.69015500E+05            11            46           77.000000
        31           1.5500000      1.74649350E+05            16            62           69.000000
        32           1.6000000      1.80283200E+05            18            80           60.000000
        33           1.6500000      1.85917050E+05            30           110           45.000000
        34           1.7000000      1.91550900E+05            16           126           37.000000
        35           1.7500000      1.97184750E+05            12           138           31.000000
        36           1.8000000      2.02818600E+05            13           151           24.500000
        37           1.8500000      2.08452450E+05            26           177           11.500000
        38           1.9000000      2.14086300E+05            10           187            6.500000
        39           1.9500000      2.19720150E+05             7           194            3.000000
        40           2.0000000      2.25354000E+05             5           199             .500000
        41           2.0500000      2.30987850E+05             1           200             .000000
Summary of preceding table follows:       Grouped data     Ungrouped data
                                 Mean = 1.62175000E+00     1.61895634E+00
                             Variance = 4.39466709E-02     4.31638771E-02
                   Standard deviation = 2.09634613E-01     2.07759181E-01

6 ) -------------------------------------------------------------------------------------------------------------------------------
Statistical distribution of peak voltage at node  "1_2LTA".   The base voltage for per unit printout is  V-base = 1.12677000E+05
  Interval             voltage         voltage  in     Frequency    Cumulative               Per cent
    number         in per unit      physical units     (density)     frequency     .GE. current value
        20           1.0000000      1.12677000E+05             0             0          100.000000
        21           1.0500000      1.18310850E+05             1             1           99.500000
        22           1.1000000      1.23944700E+05             1             2           99.000000
        23           1.1500000      1.29578550E+05             0             2           99.000000
        24           1.2000000      1.35212400E+05             4             6           97.000000
        25           1.2500000      1.40846250E+05             4            10           95.000000
        26           1.3000000      1.46480100E+05             1            11           94.500000
        27           1.3500000      1.52113950E+05             4            15           92.500000
        28           1.4000000      1.57747800E+05             7            22           89.000000
        29           1.4500000      1.63381650E+05            10            32           84.000000
        30           1.5000000      1.69015500E+05            13            45           77.500000
        31           1.5500000      1.74649350E+05            17            62           69.000000
        32           1.6000000      1.80283200E+05            15            77           61.500000
        33           1.6500000      1.85917050E+05            18            95           52.500000
        34           1.7000000      1.91550900E+05            14           109           45.500000
        35           1.7500000      1.97184750E+05            16           125           37.500000
        36           1.8000000      2.02818600E+05            29           154           23.000000
        37           1.8500000      2.08452450E+05            37           191            4.500000
        38           1.9000000      2.14086300E+05             9           200             .000000
Summary of preceding table follows:       Grouped data     Ungrouped data
                                 Mean = 1.63525000E+00     1.63621403E+00
                             Variance = 3.41783291E-02     3.38276604E-02
                   Standard deviation = 1.84873820E-01     1.83922974E-01

7 ) -------------------------------------------------------------------------------------------------------------------------------
Statistical distribution of peak voltage at node  "1_2LTB".   The base voltage for per unit printout is  V-base = 1.12677000E+05
  Interval             voltage         voltage  in     Frequency    Cumulative               Per cent
    number         in per unit      physical units     (density)     frequency     .GE. current value
         1            .0500000      5.63385000E+03             0             0          100.000000
         2            .1000000      1.12677000E+04             2             2           99.000000
         3            .1500000      1.69015500E+04             0             2           99.000000
         4            .2000000      2.25354000E+04             0             2           99.000000
         5            .2500000      2.81692500E+04             5             7           96.500000
         6            .3000000      3.38031000E+04             3            10           95.000000
         7            .3500000      3.94369500E+04            10            20           90.000000
         8            .4000000      4.50708000E+04             6            26           87.000000
         9            .4500000      5.07046500E+04             9            35           82.500000
        10            .5000000      5.63385000E+04            18            53           73.500000
        11            .5500000      6.19723500E+04            23            76           62.000000
        12            .6000000      6.76062000E+04            32           108           46.000000
        13            .6500000      7.32400500E+04            18           126           37.000000
        14            .7000000      7.88739000E+04            13           139           30.500000
        15            .7500000      8.45077500E+04            15           154           23.000000
        16            .8000000      9.01416000E+04            13           167           16.500000
        17            .8500000      9.57754500E+04             9           176           12.000000
        18            .9000000      1.01409300E+05             6           182            9.000000
        19            .9500000      1.07043150E+05            10           192            4.000000
        20           1.0000000      1.12677000E+05             2           194            3.000000
        21           1.0500000      1.18310850E+05             5           199             .500000
        22           1.1000000      1.23944700E+05             0           199             .500000
        23           1.1500000      1.29578550E+05             1           200             .000000
Summary of preceding table follows:       Grouped data     Ungrouped data
                                 Mean = 6.07750000E-01     6.05762944E-01
                             Variance = 3.75275754E-02     3.77939750E-02
                   Standard deviation = 1.93720354E-01     1.94406726E-01

8 ) -------------------------------------------------------------------------------------------------------------------------------
  SUMMARY   SUMMARY   SUMMARY   SUMMARY   SUMMARY   SUMMARY   SUMMARY   SUMMARY   SUMMARY   SUMMARY   SUMMARY   SUMMARY   SUMMARY
8 ) -------------------------------------------------------------------------------------------------------------------------------
The following is a distribution of peak overvoltages among all output nodes of the last data card that have the same base voltage.
This distribution is for the maximum of the peaks at all output nodes with  V-base = 1.12677000E+05
  Interval             voltage         voltage  in     Frequency    Cumulative               Per cent
    number         in per unit      physical units     (density)     frequency     .GE. current value
        20           1.0000000      1.12677000E+05             0             0          100.000000
        21           1.0500000      1.18310850E+05             1             1           99.500000
        22           1.1000000      1.23944700E+05             1             2           99.000000
        23           1.1500000      1.29578550E+05             0             2           99.000000
        24           1.2000000      1.35212400E+05             1             3           98.500000
        25           1.2500000      1.40846250E+05             4             7           96.500000
        26           1.3000000      1.46480100E+05             4            11           94.500000
        27           1.3500000      1.52113950E+05             0            11           94.500000
        28           1.4000000      1.57747800E+05             2            13           93.500000
        29           1.4500000      1.63381650E+05             3            16           92.000000
        30           1.5000000      1.69015500E+05             8            24           88.000000
        31           1.5500000      1.74649350E+05             2            26           87.000000
        32           1.6000000      1.80283200E+05             4            30           85.000000
        33           1.6500000      1.85917050E+05            11            41           79.500000
        34           1.7000000      1.91550900E+05            18            59           70.500000
        35           1.7500000      1.97184750E+05            17            76           62.000000
        36           1.8000000      2.02818600E+05            33           109           45.500000
        37           1.8500000      2.08452450E+05            60           169           15.500000
        38           1.9000000      2.14086300E+05            18           187            6.500000
        39           1.9500000      2.19720150E+05             7           194            3.000000
        40           2.0000000      2.25354000E+05             5           199             .500000
        41           2.0500000      2.30987850E+05             1           200             .000000
Summary of preceding table follows:       Grouped data     Ungrouped data
                                 Mean = 1.73000000E+00     1.72824373E+00
                             Variance = 3.08040201E-02     3.04510036E-02
                   Standard deviation = 1.75510741E-01     1.74502159E-01

Statistical output of  node  voltage   0.1127E+06 |0      112677.T_OPOAT_OPOBT_OPOC

9 ) -------------------------------------------------------------------------------------------------------------------------------
Statistical distribution of peak voltage at node  "T_OPOA".   The base voltage for per unit printout is  V-base = 1.12677000E+05
  Interval             voltage         voltage  in     Frequency    Cumulative               Per cent
    number         in per unit      physical units     (density)     frequency     .GE. current value
        21           1.0500000      1.18310850E+05             0             0          100.000000
        22           1.1000000      1.23944700E+05             2             2           99.000000
        23           1.1500000      1.29578550E+05             0             2           99.000000
        24           1.2000000      1.35212400E+05             0             2           99.000000
        25           1.2500000      1.40846250E+05             4             6           97.000000
        26           1.3000000      1.46480100E+05             1             7           96.500000
        27           1.3500000      1.52113950E+05             2             9           95.500000
        28           1.4000000      1.57747800E+05             4            13           93.500000
        29           1.4500000      1.63381650E+05             2            15           92.500000
        30           1.5000000      1.69015500E+05             9            24           88.000000
        31           1.5500000      1.74649350E+05            14            38           81.000000
        32           1.6000000      1.80283200E+05            16            54           73.000000
        33           1.6500000      1.85917050E+05            10            64           68.000000
        34           1.7000000      1.91550900E+05            21            85           57.500000
        35           1.7500000      1.97184750E+05            46           131           34.500000
        36           1.8000000      2.02818600E+05            67           198            1.000000
        37           1.8500000      2.08452450E+05             2           200             .000000
Summary of preceding table follows:       Grouped data     Ungrouped data
                                 Mean = 1.66250000E+00     1.66166413E+00
                             Variance = 2.04962312E-02     1.96308569E-02
                   Standard deviation = 1.43165049E-01     1.40110160E-01

10 ) -------------------------------------------------------------------------------------------------------------------------------
Statistical distribution of peak voltage at node  "T_OPOB".   The base voltage for per unit printout is  V-base = 1.12677000E+05
  Interval             voltage         voltage  in     Frequency    Cumulative               Per cent
    number         in per unit      physical units     (density)     frequency     .GE. current value
         1            .0500000      5.63385000E+03             0             0          100.000000
         2            .1000000      1.12677000E+04             1             1           99.500000
         3            .1500000      1.69015500E+04             1             2           99.000000
         4            .2000000      2.25354000E+04             0             2           99.000000
         5            .2500000      2.81692500E+04             0             2           99.000000
         6            .3000000      3.38031000E+04             4             6           97.000000
         7            .3500000      3.94369500E+04             1             7           96.500000
         8            .4000000      4.50708000E+04             2             9           95.500000
         9            .4500000      5.07046500E+04             4            13           93.500000
        10            .5000000      5.63385000E+04             3            16           92.000000
        11            .5500000      6.19723500E+04             3            19           90.500000
        12            .6000000      6.76062000E+04             9            28           86.000000
        13            .6500000      7.32400500E+04             8            36           82.000000
        14            .7000000      7.88739000E+04            12            48           76.000000
        15            .7500000      8.45077500E+04            15            63           68.500000
        16            .8000000      9.01416000E+04            13            76           62.000000
        17            .8500000      9.57754500E+04            18            94           53.000000
        18            .9000000      1.01409300E+05             9           103           48.500000
        19            .9500000      1.07043150E+05            21           124           38.000000
        20           1.0000000      1.12677000E+05            18           142           29.000000
        21           1.0500000      1.18310850E+05            15           157           21.500000
        22           1.1000000      1.23944700E+05             8           165           17.500000
        23           1.1500000      1.29578550E+05             7           172           14.000000
        24           1.2000000      1.35212400E+05             9           181            9.500000
        25           1.2500000      1.40846250E+05             1           182            9.000000
        26           1.3000000      1.46480100E+05             5           187            6.500000
        27           1.3500000      1.52113950E+05             9           196            2.000000
        28           1.4000000      1.57747800E+05             0           196            2.000000
        29           1.4500000      1.63381650E+05             1           197            1.500000
        30           1.5000000      1.69015500E+05             2           199             .500000
        31           1.5500000      1.74649350E+05             0           199             .500000
        32           1.6000000      1.80283200E+05             0           199             .500000
        33           1.6500000      1.85917050E+05             1           200             .000000
Summary of preceding table follows:       Grouped data     Ungrouped data
                                 Mean = 8.69750000E-01     8.69591162E-01
                             Variance = 6.96833543E-02     6.85430382E-02
                   Standard deviation = 2.63976049E-01     2.61807254E-01

11 ) -------------------------------------------------------------------------------------------------------------------------------
Statistical distribution of peak voltage at node  "T_OPOC".   The base voltage for per unit printout is  V-base = 1.12677000E+05
  Interval             voltage         voltage  in     Frequency    Cumulative               Per cent
    number         in per unit      physical units     (density)     frequency     .GE. current value
        21           1.0500000      1.18310850E+05             0             0          100.000000
        22           1.1000000      1.23944700E+05             2             2           99.000000
        23           1.1500000      1.29578550E+05             0             2           99.000000
        24           1.2000000      1.35212400E+05             0             2           99.000000
        25           1.2500000      1.40846250E+05             4             6           97.000000
        26           1.3000000      1.46480100E+05             3             9           95.500000
        27           1.3500000      1.52113950E+05             4            13           93.500000
        28           1.4000000      1.57747800E+05             7            20           90.000000
        29           1.4500000      1.63381650E+05             5            25           87.500000
        30           1.5000000      1.69015500E+05             3            28           86.000000
        31           1.5500000      1.74649350E+05             7            35           82.500000
        32           1.6000000      1.80283200E+05             7            42           79.000000
        33           1.6500000      1.85917050E+05            12            54           73.000000
        34           1.7000000      1.91550900E+05            36            90           55.000000
        35           1.7500000      1.97184750E+05            44           134           33.000000
        36           1.8000000      2.02818600E+05            46           180           10.000000
        37           1.8500000      2.08452450E+05            20           200             .000000
Summary of preceding table follows:       Grouped data     Ungrouped data
                                 Mean = 1.66450000E+00     1.66415295E+00
                             Variance = 2.42108040E-02     2.41306083E-02
                   Standard deviation = 1.55598213E-01     1.55340298E-01

12 ) -------------------------------------------------------------------------------------------------------------------------------
  SUMMARY   SUMMARY   SUMMARY   SUMMARY   SUMMARY   SUMMARY   SUMMARY   SUMMARY   SUMMARY   SUMMARY   SUMMARY   SUMMARY   SUMMARY
12 ) -------------------------------------------------------------------------------------------------------------------------------
The following is a distribution of peak overvoltages among all output nodes of the last data card that have the same base voltage.
This distribution is for the maximum of the peaks at all output nodes with  V-base = 1.12677000E+05
  Interval             voltage         voltage  in     Frequency    Cumulative               Per cent
    number         in per unit      physical units     (density)     frequency     .GE. current value
        21           1.0500000      1.18310850E+05             0             0          100.000000
        22           1.1000000      1.23944700E+05             2             2           99.000000
        23           1.1500000      1.29578550E+05             0             2           99.000000
        24           1.2000000      1.35212400E+05             0             2           99.000000
        25           1.2500000      1.40846250E+05             0             2           99.000000
        26           1.3000000      1.46480100E+05             2             4           98.000000
        27           1.3500000      1.52113950E+05             2             6           97.000000
        28           1.4000000      1.57747800E+05             6            12           94.000000
        29           1.4500000      1.63381650E+05             1            13           93.500000
        30           1.5000000      1.69015500E+05             2            15           92.500000
        31           1.5500000      1.74649350E+05             7            22           89.000000
        32           1.6000000      1.80283200E+05             3            25           87.500000
        33           1.6500000      1.85917050E+05             5            30           85.000000
        34           1.7000000      1.91550900E+05            11            41           79.500000
        35           1.7500000      1.97184750E+05            44            85           57.500000
        36           1.8000000      2.02818600E+05            93           178           11.000000
        37           1.8500000      2.08452450E+05            22           200             .000000
Summary of preceding table follows:       Grouped data     Ungrouped data
                                 Mean = 1.71525000E+00     1.71521033E+00
                             Variance = 1.69773241E-02     1.64157730E-02
                   Standard deviation = 1.30297061E-01     1.28124053E-01

Comment card.   Card index = 353.                 |C
MODTAB, AINCR, XMAXMX =      3    0.050   10.000  |STATISTICS DATA                3
Statistical output of branch voltage   0.1952E+06 |-1     195161.T_MANAT_MANBT_MANBT_MANCT_MANCT_MANA

13 ) -------------------------------------------------------------------------------------------------------------------------------
Statistical distribution of peak voltage  for branch  "T_MANA"  to  "T_MANB".   Base voltage  for per unit output = 1.95161000E+05
  Interval             voltage         voltage  in     Frequency    Cumulative               Per cent
    number         in per unit      physical units     (density)     frequency     .GE. current value
        11            .5500000      1.07338550E+05             0             0          100.000000
        12            .6000000      1.17096600E+05             3             3           98.500000
        13            .6500000      1.26854650E+05            10            13           93.500000
        14            .7000000      1.36612700E+05            52            65           67.500000
        15            .7500000      1.46370750E+05            61           126           37.000000
        16            .8000000      1.56128800E+05            21           147           26.500000
        17            .8500000      1.65886850E+05            36           183            8.500000
        18            .9000000      1.75644900E+05            17           200             .000000
Summary of preceding table follows:       Grouped data     Ungrouped data
                                 Mean = 7.40750000E-01     7.41997682E-01
                             Variance = 5.24064070E-03     5.22300171E-03
                   Standard deviation = 7.23922696E-02     7.22703377E-02

14 ) -------------------------------------------------------------------------------------------------------------------------------
Statistical distribution of peak voltage  for branch  "T_MANB"  to  "T_MANC".   Base voltage  for per unit output = 1.95161000E+05
  Interval             voltage         voltage  in     Frequency    Cumulative               Per cent
    number         in per unit      physical units     (density)     frequency     .GE. current value
        11            .5500000      1.07338550E+05             0             0          100.000000
        12            .6000000      1.17096600E+05             3             3           98.500000
        13            .6500000      1.26854650E+05            28            31           84.500000
        14            .7000000      1.36612700E+05            35            66           67.000000
        15            .7500000      1.46370750E+05            58           124           38.000000
        16            .8000000      1.56128800E+05            25           149           25.500000
        17            .8500000      1.65886850E+05            30           179           10.500000
        18            .9000000      1.75644900E+05            13           192            4.000000
        19            .9500000      1.85402950E+05             8           200             .000000
Summary of preceding table follows:       Grouped data     Ungrouped data
                                 Mean = 7.39000000E-01     7.38921993E-01
                             Variance = 6.88844221E-03     6.88875569E-03
                   Standard deviation = 8.29966398E-02     8.29985283E-02

15 ) -------------------------------------------------------------------------------------------------------------------------------
Statistical distribution of peak voltage  for branch  "T_MANC"  to  "T_MANA".   Base voltage  for per unit output = 1.95161000E+05
  Interval             voltage         voltage  in     Frequency    Cumulative               Per cent
    number         in per unit      physical units     (density)     frequency     .GE. current value
        20           1.0000000      1.95161000E+05             0             0          100.000000
        21           1.0500000      2.04919050E+05             4             4           98.000000
        22           1.1000000      2.14677100E+05            18            22           89.000000
        23           1.1500000      2.24435150E+05            34            56           72.000000
        24           1.2000000      2.34193200E+05            50           106           47.000000
        25           1.2500000      2.43951250E+05            21           127           36.500000
        26           1.3000000      2.53709300E+05            24           151           24.500000
        27           1.3500000      2.63467350E+05            22           173           13.500000
        28           1.4000000      2.73225400E+05            12           185            7.500000
        29           1.4500000      2.82983450E+05             9           194            3.000000
        30           1.5000000      2.92741500E+05             2           196            2.000000
        31           1.5500000      3.02499550E+05             2           198            1.000000
        32           1.6000000      3.12257600E+05             2           200             .000000
Summary of preceding table follows:       Grouped data     Ungrouped data
                                 Mean = 1.22200000E+00     1.22107266E+00
                             Variance = 1.25035176E-02     1.27215868E-02
                   Standard deviation = 1.11819129E-01     1.12790012E-01

16 ) -------------------------------------------------------------------------------------------------------------------------------
  SUMMARY   SUMMARY   SUMMARY   SUMMARY   SUMMARY   SUMMARY   SUMMARY   SUMMARY   SUMMARY   SUMMARY   SUMMARY   SUMMARY   SUMMARY
16 ) -------------------------------------------------------------------------------------------------------------------------------
A distribution of peak values among all output branches of the last data card that have the same base value follows.  This
statistical distribution is for the maximum of the peaks at all of these output branches having base  voltage  = 1.95161000E+05
  Interval             voltage         voltage  in     Frequency    Cumulative               Per cent
    number         in per unit      physical units     (density)     frequency     .GE. current value
        20           1.0000000      1.95161000E+05             0             0          100.000000
        21           1.0500000      2.04919050E+05             4             4           98.000000
        22           1.1000000      2.14677100E+05            18            22           89.000000
        23           1.1500000      2.24435150E+05            34            56           72.000000
        24           1.2000000      2.34193200E+05            50           106           47.000000
        25           1.2500000      2.43951250E+05            21           127           36.500000
        26           1.3000000      2.53709300E+05            24           151           24.500000
        27           1.3500000      2.63467350E+05            22           173           13.500000
        28           1.4000000      2.73225400E+05            12           185            7.500000
        29           1.4500000      2.82983450E+05             9           194            3.000000
        30           1.5000000      2.92741500E+05             2           196            2.000000
        31           1.5500000      3.02499550E+05             2           198            1.000000
        32           1.6000000      3.12257600E+05             2           200             .000000
Summary of preceding table follows:       Grouped data     Ungrouped data
                                 Mean = 1.22200000E+00     1.22107266E+00
                             Variance = 1.25035176E-02     1.27215868E-02
                   Standard deviation = 1.11819129E-01     1.12790012E-01

Statistical output of branch voltage   0.1952E+06 |-1     195161.1_2LTC1_2LTA1_2LTA1_2LTB1_2LTB1_2LTC

17 ) -------------------------------------------------------------------------------------------------------------------------------
Statistical distribution of peak voltage  for branch  "1_2LTC"  to  "1_2LTA".   Base voltage  for per unit output = 1.95161000E+05
  Interval             voltage         voltage  in     Frequency    Cumulative               Per cent
    number         in per unit      physical units     (density)     frequency     .GE. current value
        20           1.0000000      1.95161000E+05             0             0          100.000000
        21           1.0500000      2.04919050E+05             2             2           99.000000
        22           1.1000000      2.14677100E+05             4             6           97.000000
        23           1.1500000      2.24435150E+05             8            14           93.000000
        24           1.2000000      2.34193200E+05             9            23           88.500000
        25           1.2500000      2.43951250E+05            20            43           78.500000
        26           1.3000000      2.53709300E+05            13            56           72.000000
        27           1.3500000      2.63467350E+05            17            73           63.500000
        28           1.4000000      2.73225400E+05            30           103           48.500000
        29           1.4500000      2.82983450E+05            15           118           41.000000
        30           1.5000000      2.92741500E+05            22           140           30.000000
        31           1.5500000      3.02499550E+05            19           159           20.500000
        32           1.6000000      3.12257600E+05            12           171           14.500000
        33           1.6500000      3.22015650E+05            11           182            9.000000
        34           1.7000000      3.31773700E+05             9           191            4.500000
        35           1.7500000      3.41531750E+05             2           193            3.500000
        36           1.8000000      3.51289800E+05             2           195            2.500000
        37           1.8500000      3.61047850E+05             1           196            2.000000
        38           1.9000000      3.70805900E+05             0           196            2.000000
        39           1.9500000      3.80563950E+05             2           198            1.000000
        40           2.0000000      3.90322000E+05             2           200             .000000
Summary of preceding table follows:       Grouped data     Ungrouped data
                                 Mean = 1.41025000E+00     1.41136180E+00
                             Variance = 3.31356156E-02     3.33972400E-02
                   Standard deviation = 1.82031908E-01     1.82749118E-01

18 ) -------------------------------------------------------------------------------------------------------------------------------
Statistical distribution of peak voltage  for branch  "1_2LTA"  to  "1_2LTB".   Base voltage  for per unit output = 1.95161000E+05
  Interval             voltage         voltage  in     Frequency    Cumulative               Per cent
    number         in per unit      physical units     (density)     frequency     .GE. current value
        12            .6000000      1.17096600E+05             0             0          100.000000
        13            .6500000      1.26854650E+05             2             2           99.000000
        14            .7000000      1.36612700E+05             3             5           97.500000
        15            .7500000      1.46370750E+05             6            11           94.500000
        16            .8000000      1.56128800E+05             7            18           91.000000
        17            .8500000      1.65886850E+05            22            40           80.000000
        18            .9000000      1.75644900E+05            15            55           72.500000
        19            .9500000      1.85402950E+05            33            88           56.000000
        20           1.0000000      1.95161000E+05            27           115           42.500000
        21           1.0500000      2.04919050E+05            29           144           28.000000
        22           1.1000000      2.14677100E+05            32           176           12.000000
        23           1.1500000      2.24435150E+05            19           195            2.500000
        24           1.2000000      2.34193200E+05             4           199             .500000
        25           1.2500000      2.43951250E+05             1           200             .000000
Summary of preceding table follows:       Grouped data     Ungrouped data
                                 Mean = 9.63000000E-01     9.63643417E-01
                             Variance = 1.46291457E-02     1.45766318E-02
                   Standard deviation = 1.20951005E-01     1.20733723E-01

19 ) -------------------------------------------------------------------------------------------------------------------------------
Statistical distribution of peak voltage  for branch  "1_2LTB"  to  "1_2LTC".   Base voltage  for per unit output = 1.95161000E+05
  Interval             voltage         voltage  in     Frequency    Cumulative               Per cent
    number         in per unit      physical units     (density)     frequency     .GE. current value
        11            .5500000      1.07338550E+05             0             0          100.000000
        12            .6000000      1.17096600E+05             2             2           99.000000
        13            .6500000      1.26854650E+05             1             3           98.500000
        14            .7000000      1.36612700E+05             5             8           96.000000
        15            .7500000      1.46370750E+05            14            22           89.000000
        16            .8000000      1.56128800E+05             5            27           86.500000
        17            .8500000      1.65886850E+05             7            34           83.000000
        18            .9000000      1.75644900E+05             9            43           78.500000
        19            .9500000      1.85402950E+05            41            84           58.000000
        20           1.0000000      1.95161000E+05            37           121           39.500000
        21           1.0500000      2.04919050E+05            23           144           28.000000
        22           1.1000000      2.14677100E+05            25           169           15.500000
        23           1.1500000      2.24435150E+05             8           177           11.500000
        24           1.2000000      2.34193200E+05             8           185            7.500000
        25           1.2500000      2.43951250E+05             6           191            4.500000
        26           1.3000000      2.53709300E+05             5           196            2.000000
        27           1.3500000      2.63467350E+05             3           199             .500000
        28           1.4000000      2.73225400E+05             0           199             .500000
        29           1.4500000      2.82983450E+05             1           200             .000000
Summary of preceding table follows:       Grouped data     Ungrouped data
                                 Mean = 9.74000000E-01     9.73476551E-01
                             Variance = 2.27125628E-02     2.25279180E-02
                   Standard deviation = 1.50706877E-01     1.50093031E-01

20 ) -------------------------------------------------------------------------------------------------------------------------------
  SUMMARY   SUMMARY   SUMMARY   SUMMARY   SUMMARY   SUMMARY   SUMMARY   SUMMARY   SUMMARY   SUMMARY   SUMMARY   SUMMARY   SUMMARY
20 ) -------------------------------------------------------------------------------------------------------------------------------
A distribution of peak values among all output branches of the last data card that have the same base value follows.  This
statistical distribution is for the maximum of the peaks at all of these output branches having base  voltage  = 1.95161000E+05
  Interval             voltage         voltage  in     Frequency    Cumulative               Per cent
    number         in per unit      physical units     (density)     frequency     .GE. current value
        20           1.0000000      1.95161000E+05             0             0          100.000000
        21           1.0500000      2.04919050E+05             2             2           99.000000
        22           1.1000000      2.14677100E+05             3             5           97.500000
        23           1.1500000      2.24435150E+05             9            14           93.000000
        24           1.2000000      2.34193200E+05             8            22           89.000000
        25           1.2500000      2.43951250E+05            19            41           79.500000
        26           1.3000000      2.53709300E+05            15            56           72.000000
        27           1.3500000      2.63467350E+05            17            73           63.500000
        28           1.4000000      2.73225400E+05            30           103           48.500000
        29           1.4500000      2.82983450E+05            15           118           41.000000
        30           1.5000000      2.92741500E+05            22           140           30.000000
        31           1.5500000      3.02499550E+05            19           159           20.500000
        32           1.6000000      3.12257600E+05            12           171           14.500000
        33           1.6500000      3.22015650E+05            11           182            9.000000
        34           1.7000000      3.31773700E+05             9           191            4.500000
        35           1.7500000      3.41531750E+05             2           193            3.500000
        36           1.8000000      3.51289800E+05             2           195            2.500000
        37           1.8500000      3.61047850E+05             1           196            2.000000
        38           1.9000000      3.70805900E+05             0           196            2.000000
        39           1.9500000      3.80563950E+05             2           198            1.000000
        40           2.0000000      3.90322000E+05             2           200             .000000
Summary of preceding table follows:       Grouped data     Ungrouped data
                                 Mean = 1.41125000E+00     1.41258800E+00
                             Variance = 3.27119975E-02     3.28827214E-02
                   Standard deviation = 1.80864583E-01     1.81335935E-01

Statistical output of branch voltage   0.1952E+06 |-1     195161.T_OPOAT_OPOBT_OPOBT_OPOCT_OPOCT_OPOA

21 ) -------------------------------------------------------------------------------------------------------------------------------
Statistical distribution of peak voltage  for branch  "T_OPOA"  to  "T_OPOB".   Base voltage  for per unit output = 1.95161000E+05
  Interval             voltage         voltage  in     Frequency    Cumulative               Per cent
    number         in per unit      physical units     (density)     frequency     .GE. current value
        12            .6000000      1.17096600E+05             0             0          100.000000
        13            .6500000      1.26854650E+05             2             2           99.000000
        14            .7000000      1.36612700E+05             0             2           99.000000
        15            .7500000      1.46370750E+05             2             4           98.000000
        16            .8000000      1.56128800E+05             5             9           95.500000
        17            .8500000      1.65886850E+05             8            17           91.500000
        18            .9000000      1.75644900E+05            10            27           86.500000
        19            .9500000      1.85402950E+05            20            47           76.500000
        20           1.0000000      1.95161000E+05            33            80           60.000000
        21           1.0500000      2.04919050E+05            30           110           45.000000
        22           1.1000000      2.14677100E+05            43           153           23.500000
        23           1.1500000      2.24435150E+05            24           177           11.500000
        24           1.2000000      2.34193200E+05            15           192            4.000000
        25           1.2500000      2.43951250E+05             5           197            1.500000
        26           1.3000000      2.53709300E+05             2           199             .500000
        27           1.3500000      2.63467350E+05             1           200             .000000
Summary of preceding table follows:       Grouped data     Ungrouped data
                                 Mean = 1.02100000E+00     1.02098756E+00
                             Variance = 1.37527638E-02     1.39504500E-02
                   Standard deviation = 1.17272178E-01     1.18112023E-01

22 ) -------------------------------------------------------------------------------------------------------------------------------
Statistical distribution of peak voltage  for branch  "T_OPOB"  to  "T_OPOC".   Base voltage  for per unit output = 1.95161000E+05
  Interval             voltage         voltage  in     Frequency    Cumulative               Per cent
    number         in per unit      physical units     (density)     frequency     .GE. current value
        11            .5500000      1.07338550E+05             0             0          100.000000
        12            .6000000      1.17096600E+05             2             2           99.000000
        13            .6500000      1.26854650E+05             0             2           99.000000
        14            .7000000      1.36612700E+05             3             5           97.500000
        15            .7500000      1.46370750E+05             4             9           95.500000
        16            .8000000      1.56128800E+05            10            19           90.500000
        17            .8500000      1.65886850E+05             7            26           87.000000
        18            .9000000      1.75644900E+05             6            32           84.000000
        19            .9500000      1.85402950E+05             8            40           80.000000
        20           1.0000000      1.95161000E+05            17            57           71.500000
        21           1.0500000      2.04919050E+05            30            87           56.500000
        22           1.1000000      2.14677100E+05            48           135           32.500000
        23           1.1500000      2.24435150E+05            19           154           23.000000
        24           1.2000000      2.34193200E+05            10           164           18.000000
        25           1.2500000      2.43951250E+05             8           172           14.000000
        26           1.3000000      2.53709300E+05             6           178           11.000000
        27           1.3500000      2.63467350E+05             5           183            8.500000
        28           1.4000000      2.73225400E+05             6           189            5.500000
        29           1.4500000      2.82983450E+05             2           191            4.500000
        30           1.5000000      2.92741500E+05             2           193            3.500000
        31           1.5500000      3.02499550E+05             7           200             .000000
Summary of preceding table follows:       Grouped data     Ungrouped data
                                 Mean = 1.06550000E+00     1.06614923E+00
                             Variance = 3.44570352E-02     3.37458185E-02
                   Standard deviation = 1.85626063E-01     1.83700350E-01

23 ) -------------------------------------------------------------------------------------------------------------------------------
Statistical distribution of peak voltage  for branch  "T_OPOC"  to  "T_OPOA".   Base voltage  for per unit output = 1.95161000E+05
  Interval             voltage         voltage  in     Frequency    Cumulative               Per cent
    number         in per unit      physical units     (density)     frequency     .GE. current value
        20           1.0000000      1.95161000E+05             0             0          100.000000
        21           1.0500000      2.04919050E+05             1             1           99.500000
        22           1.1000000      2.14677100E+05             2             3           98.500000
        23           1.1500000      2.24435150E+05             6             9           95.500000
        24           1.2000000      2.34193200E+05             6            15           92.500000
        25           1.2500000      2.43951250E+05             6            21           89.500000
        26           1.3000000      2.53709300E+05            10            31           84.500000
        27           1.3500000      2.63467350E+05            12            43           78.500000
        28           1.4000000      2.73225400E+05            15            58           71.000000
        29           1.4500000      2.82983450E+05            23            81           59.500000
        30           1.5000000      2.92741500E+05            16            97           51.500000
        31           1.5500000      3.02499550E+05            22           119           40.500000
        32           1.6000000      3.12257600E+05            16           135           32.500000
        33           1.6500000      3.22015650E+05            11           146           27.000000
        34           1.7000000      3.31773700E+05            18           164           18.000000
        35           1.7500000      3.41531750E+05            12           176           12.000000
        36           1.8000000      3.51289800E+05             6           182            9.000000
        37           1.8500000      3.61047850E+05             5           187            6.500000
        38           1.9000000      3.70805900E+05             3           190            5.000000
        39           1.9500000      3.80563950E+05             2           192            4.000000
        40           2.0000000      3.90322000E+05             2           194            3.000000
        41           2.0500000      4.00080050E+05             6           200             .000000
Summary of preceding table follows:       Grouped data     Ungrouped data
                                 Mean = 1.51400000E+00     1.51339616E+00
                             Variance = 4.53809045E-02     4.40496535E-02
                   Standard deviation = 2.13027943E-01     2.09880093E-01

24 ) -------------------------------------------------------------------------------------------------------------------------------
  SUMMARY   SUMMARY   SUMMARY   SUMMARY   SUMMARY   SUMMARY   SUMMARY   SUMMARY   SUMMARY   SUMMARY   SUMMARY   SUMMARY   SUMMARY
24 ) -------------------------------------------------------------------------------------------------------------------------------
A distribution of peak values among all output branches of the last data card that have the same base value follows.  This
statistical distribution is for the maximum of the peaks at all of these output branches having base  voltage  = 1.95161000E+05
  Interval             voltage         voltage  in     Frequency    Cumulative               Per cent
    number         in per unit      physical units     (density)     frequency     .GE. current value
        20           1.0000000      1.95161000E+05             0             0          100.000000
        21           1.0500000      2.04919050E+05             1             1           99.500000
        22           1.1000000      2.14677100E+05             2             3           98.500000
        23           1.1500000      2.24435150E+05             5             8           96.000000
        24           1.2000000      2.34193200E+05             6            14           93.000000
        25           1.2500000      2.43951250E+05             7            21           89.500000
        26           1.3000000      2.53709300E+05            10            31           84.500000
        27           1.3500000      2.63467350E+05            12            43           78.500000
        28           1.4000000      2.73225400E+05            15            58           71.000000
        29           1.4500000      2.82983450E+05            23            81           59.500000
        30           1.5000000      2.92741500E+05            16            97           51.500000
        31           1.5500000      3.02499550E+05            22           119           40.500000
        32           1.6000000      3.12257600E+05            16           135           32.500000
        33           1.6500000      3.22015650E+05            11           146           27.000000
        34           1.7000000      3.31773700E+05            18           164           18.000000
        35           1.7500000      3.41531750E+05            12           176           12.000000
        36           1.8000000      3.51289800E+05             6           182            9.000000
        37           1.8500000      3.61047850E+05             5           187            6.500000
        38           1.9000000      3.70805900E+05             3           190            5.000000
        39           1.9500000      3.80563950E+05             2           192            4.000000
        40           2.0000000      3.90322000E+05             2           194            3.000000
        41           2.0500000      4.00080050E+05             6           200             .000000
Summary of preceding table follows:       Grouped data     Ungrouped data
                                 Mean = 1.51450000E+00     1.51382477E+00
                             Variance = 4.50399497E-02     4.37513198E-02
                   Standard deviation = 2.12226176E-01     2.09168161E-01

Initialize variables as  "FIND"  begins.          |FIND
Send (request, ALL, SPY, RESET, EXCLUDE, DISK, HELP, QUIT) :
Statistical output of  node  voltage   0.1127E+06 |0      112677.T_MANAT_MANBT_MANC
      Peak extremum of subset has value 1.84864485E+05     This occurred during
      simulation 69  for the variable having names  "T_MANC"  and  "      ".
      This was variable 3  of 3  in the subset;  200  shots were searched.
Send (request, ALL, SPY, RESET, EXCLUDE, DISK, HELP, QUIT) :
Create deterministic data file for shot JP = 69   |DISK
Send (request, ALL, SPY, RESET, EXCLUDE, DISK, HELP, QUIT) :
Initialize variables as  "FIND"  begins.          |RESET
Send (request, ALL, SPY, RESET, EXCLUDE, DISK, HELP, QUIT) :
Exit  FIND  by resuming statistical tabulations.  |QUIT
Comment card.   Card index = 363.                 |C
Initialize variables as  "FIND"  begins.          |FIND
Send (request, ALL, SPY, RESET, EXCLUDE, DISK, HELP, QUIT) :
Statistical output of  node  voltage   0.1127E+06 |0      112677.1_2LTC1_2LTA1_2LTB
      Peak extremum of subset has value 2.27069417E+05     This occurred during
      simulation 89  for the variable having names  "1_2LTC"  and  "      ".
      This was variable 1  of 3  in the subset;  200  shots were searched.
Send (request, ALL, SPY, RESET, EXCLUDE, DISK, HELP, QUIT) :
Create deterministic data file for shot JP = 89   |DISK
Send (request, ALL, SPY, RESET, EXCLUDE, DISK, HELP, QUIT) :
Initialize variables as  "FIND"  begins.          |RESET
Send (request, ALL, SPY, RESET, EXCLUDE, DISK, HELP, QUIT) :
Exit  FIND  by resuming statistical tabulations.  |QUIT
Comment card.   Card index = 369.                 |C
Initialize variables as  "FIND"  begins.          |FIND
Send (request, ALL, SPY, RESET, EXCLUDE, DISK, HELP, QUIT) :
Statistical output of  node  voltage   0.1127E+06 |0      112677.T_OPOAT_OPOBT_OPOC
      Peak extremum of subset has value 2.08231027E+05     This occurred during
      simulation 44  for the variable having names  "T_OPOC"  and  "      ".
      This was variable 3  of 3  in the subset;  200  shots were searched.
Send (request, ALL, SPY, RESET, EXCLUDE, DISK, HELP, QUIT) :
Create deterministic data file for shot JP = 44   |DISK
Send (request, ALL, SPY, RESET, EXCLUDE, DISK, HELP, QUIT) :
Initialize variables as  "FIND"  begins.          |RESET
Send (request, ALL, SPY, RESET, EXCLUDE, DISK, HELP, QUIT) :
Exit  FIND  by resuming statistical tabulations.  |QUIT
Comment card.   Card index = 375.                 |C
Initialize variables as  "FIND"  begins.          |FIND
Send (request, ALL, SPY, RESET, EXCLUDE, DISK, HELP, QUIT) :
Statistical output of branch voltage   0.1952E+06 |-1     195161.T_MANAT_MANBT_MANBT_MANCT_MANCT_MANA
      Peak extremum of subset has value 3.07970191E+05     This occurred during
      simulation 1  for the variable having names  "T_MANC"  and  "T_MANA".
      This was variable 3  of 3  in the subset;  200  shots were searched.
Send (request, ALL, SPY, RESET, EXCLUDE, DISK, HELP, QUIT) :
Create deterministic data file for shot JP = 1    |DISK
Send (request, ALL, SPY, RESET, EXCLUDE, DISK, HELP, QUIT) :
Initialize variables as  "FIND"  begins.          |RESET
Send (request, ALL, SPY, RESET, EXCLUDE, DISK, HELP, QUIT) :
Exit  FIND  by resuming statistical tabulations.  |QUIT
Initialize variables as  "FIND"  begins.          |FIND
Send (request, ALL, SPY, RESET, EXCLUDE, DISK, HELP, QUIT) :
Statistical output of branch voltage   0.1952E+06 |-1     195161.1_2LTC1_2LTA1_2LTA1_2LTB1_2LTB1_2LTC
      Peak extremum of subset has value 3.87798276E+05     This occurred during
      simulation 54  for the variable having names  "1_2LTC"  and  "1_2LTA".
      This was variable 1  of 3  in the subset;  200  shots were searched.
Send (request, ALL, SPY, RESET, EXCLUDE, DISK, HELP, QUIT) :
Create deterministic data file for shot JP = 54   |DISK
Send (request, ALL, SPY, RESET, EXCLUDE, DISK, HELP, QUIT) :
Initialize variables as  "FIND"  begins.          |RESET
Send (request, ALL, SPY, RESET, EXCLUDE, DISK, HELP, QUIT) :
Exit  FIND  by resuming statistical tabulations.  |QUIT
Comment card.   Card index = 386.                 |C
Initialize variables as  "FIND"  begins.          |FIND
Send (request, ALL, SPY, RESET, EXCLUDE, DISK, HELP, QUIT) :
Statistical output of branch voltage   0.1952E+06 |-1     195161.T_OPOAT_OPOBT_OPOBT_OPOCT_OPOCT_OPOA
      Peak extremum of subset has value 3.92281528E+05     This occurred during
      simulation 71  for the variable having names  "T_OPOC"  and  "T_OPOA".
      This was variable 3  of 3  in the subset;  200  shots were searched.
Send (request, ALL, SPY, RESET, EXCLUDE, DISK, HELP, QUIT) :
Create deterministic data file for shot JP = 71   |DISK
Send (request, ALL, SPY, RESET, EXCLUDE, DISK, HELP, QUIT) :
Initialize variables as  "FIND"  begins.          |RESET
Send (request, ALL, SPY, RESET, EXCLUDE, DISK, HELP, QUIT) :
Exit  FIND  by resuming statistical tabulations.  |QUIT
Comment card.   Card index = 392.                 |C
Initialize variables as  "FIND"  begins.          |FIND
Send (request, ALL, SPY, RESET, EXCLUDE, DISK, HELP, QUIT) :
Statistical output of branch energy    0.1000E+04 |-4        1.E3PRMANA      PRMANB      PRMANC
      Peak extremum of subset has value 2.73820575E+01     This occurred during
      simulation 69  for the variable having names  "PRMANC"  and  "      ".
      This was variable 3  of 3  in the subset;  200  shots were searched.
Send (request, ALL, SPY, RESET, EXCLUDE, DISK, HELP, QUIT) :
Create deterministic data file for shot JP = 69   |DISK
Send (request, ALL, SPY, RESET, EXCLUDE, DISK, HELP, QUIT) :
Initialize variables as  "FIND"  begins.          |RESET
Send (request, ALL, SPY, RESET, EXCLUDE, DISK, HELP, QUIT) :
Exit  FIND  by resuming statistical tabulations.  |QUIT
Comment card.   Card index = 398.                 |C
Initialize variables as  "FIND"  begins.          |FIND
Send (request, ALL, SPY, RESET, EXCLUDE, DISK, HELP, QUIT) :
Statistical output of branch energy    0.1000E+04 |-4        1.E3PROPOA      PROPOB      PROPOC
      Peak extremum of subset has value 9.60312654E+03     This occurred during
      simulation 44  for the variable having names  "PROPOC"  and  "      ".
      This was variable 3  of 3  in the subset;  200  shots were searched.
Send (request, ALL, SPY, RESET, EXCLUDE, DISK, HELP, QUIT) :
Create deterministic data file for shot JP = 44   |DISK
Send (request, ALL, SPY, RESET, EXCLUDE, DISK, HELP, QUIT) :
Initialize variables as  "FIND"  begins.          |RESET
Send (request, ALL, SPY, RESET, EXCLUDE, DISK, HELP, QUIT) :
Exit  FIND  by resuming statistical tabulations.  |QUIT
Comment card.   Card index = 404.                 |C
Blank card ends statistical tabulation requests.  |BLANK STATISTICS

                                      Sample curve symbols : "A", "B", and "C"
                                      Theoretical curve symbol : "*"
                                      Common curve symbol : "X"

        Switch  "XX0014"  to  "XX0015"            Switch  "XX0016"  to  "XX0017"            Switch  "XX0018"  to  "XX0019"
8.82800000E-01   switchings per column          8.82800000E-01   switchings per column     8.82800000E-01   switchings per column
              Columns                                     Columns                                     Columns
          5   10   15   20   25   30                5   10   15   20   25   30                5   10   15   20   25   30
     +----+----+----+----+----+----+           +----+----+----+----+----+----+           +----+----+----+----+----+----+
    X                                         X                                         X
    X                                         X                                         X
    X                                         X                                         X
    X                                         * B                                       X
    A*                                        B*                                        |X
    | X                                       |B*                                       | X
    |  A*                                     |  B*                                     |   *    C
    |       *A                                |  B    *                                 |      C*
    |          A*                             |       B   *                             |        C  *
    |                 *    A                  |              B  *                       |                C*
    |                      A*                 |                       *            B    |                       X
    |                           *     A       |                         B *             |                       C   *
    |  2.0000E-02             A   *           |  2.0000E-02                 *          B|  2.0000E-02                 *    C
    |                      A    *             |                        B  *             |                           *  C
    |                     A *                 |                   B   *                 |          C            *
    |                 *     A                 |          B      *                       |                 *     C
    |           *    A                        |           *    B                        |           *    C
    |  A    *                                 |       *B                                |       *     C
    |   *A                                    |  B*                                     |C  *
    |A*                                       | *B                                      |C*
    |X                                        B*                                        C*
    X                                         X                                         X
    X                                         X                                         X
    X                                         X                                         X
    X                                         X                                         X
   Time (scale = 2.77666667E-04  Sec/line)   Time (scale = 2.77666667E-04  Sec/line)   Time  (scale = 2.77666667E-04  Sec/line)
 .... Questionable Kolmogorov-Smirnov test result = 8.88549784E-01
 .... Questionable Kolmogorov-Smirnov test result = 4.23762813E-01
 .... Questionable Kolmogorov-Smirnov test result = 5.34902362E-01

Memory storage figures for the preceding, now-completed data case.  -------------------------------  Present   Program
A value of  "-9999"  indicates that no figure is available.         03-Sep-26  15.34.09              figure     limit  (name)
     Size List 1.   Number of electric network nodes.                                                  100      100K  (LBUS)
     Size List 2.   Number of electric network branches.                                               145      120K  (LBRNCH)
     Size List 3.   Number of data values in R, L, C tables.                                           137      500K  (LDATA)
     Size List 4.   Number of electric network sources.                                                  9     20000  (LEXCT)
     Size List 5.   Storage for [Y] & triangularized [Y].  No. times = 755   Factors = 621            1032     2000K  (LYMAT)
     Size List 6.   Number of entries in switch table.                  No. flops = 15                  15      5000  (LSWTCH)
     Size List 7.   Number of distinct ALPHANUMERIC data names plus program SPY variables.             181      200K  (LSIZE7)
     Size List 8.   History points of distributed lines.                                               112     2000K  (LPAST)
     Size List 9.   Number of nonlinear elements.                                                       18     10000  (LNONL)
     Size List 10.  Points of nonlinear characteristics.                                                48     16000  (LCHAR)
     Size List 11.  Number of Type-59 S.M. outputs.                                                      0      3000  (LSMOUT)
     Size List 12.  Total number of EMTP output variables.                                              43     12000  (LSIZ12)
     Size List 13.  Working space for batch/SPY plotting.                                            -9999     1000K  (LSIZ13)
     Size List 14.  S.M./U.M. connections to TACS.                                                   -9999      2000  (LBSTAC)
     Size List 15.  Character storage in bytes for MODELS.                                           -9999     2000K  (LCTACS)
     Size List 16.  Total number of Type-59 S.M. masses.                                                 0      3200  (LIMASS)
     Size List 17.  Number of Type-59 Synchronous machines.                                              0       360  (LSYN)
     Size List 18.  Branch and switch power/energy outputs.                                              9      1016  (MAXPE)
     Size List 19.  Total floating-point TACS table space.                                              23     2000K  (LTACST)
     Size List 20.  Non-copied recursive convolution data plus SEEK of MODELS.                           0     2000K  (LFSEM)
     Size List 21.  Total modal/phase [T] matrix storage.                                               36     12000  (LFD)
     Size List 22.  Total recursive convolution history.                                                 0     1000K  (LHIST)
     Size List 23.  Giant vectors for renumbering, phasors;  also extrema accumulation.              18257     2000K  (LSIZ23)
     Size List 24.  Peak phases of compensation for data.                                                3        36  (LCOMP)
     Size List 25.  Total table space for all U.M usage.                                             -9999      240K  (LSPCUM)
     Size List 26.  Square of max number of coupled phases.                                              9     2000K  (LSIZ26)
     Size List 27.  Maximum number of MODELS top variables.                                          -9999      100K  (LSIZ27)
     Size List 28.  MODELS.  Total work space is divided into INTEGER and REAL.  1st, REAL:          -9999     2000K  (LRTACS)
                             Second  and last,  statistics for INTEGER work space.                       0         0  (LITACS)
     Size List 29.  RAM disk used by "TAPSAV" table saving (limit is "LABCOM" size LTLABL).          -9999  84700944  (LSIZ29)
     Size List 30.  ULM line or Noda line or User line circuits.                                           0        39  (LSIZ30)
Timing figures characterizing central processor (CP) solution speed.  ----------------------------   CP sec  Wait sec  Real sec
     Data input time (through blank card ending branches) ....                                       0.000     0.000     0.000
     Node renumbering and phasor solution  ....                                                      0.020     0.000     0.020
     After phasor solution, but before time-step loop  ....                                          0.000     0.000     0.000
     Integration of equations (time-step loop)  ....                                                71.160     0.000    71.160
     Plotting or STATISTICS termination overlays ....                                                0.020     0.000     0.020
                                                                                                    ---------------------------
                                                                                          Totals     71.200     0.000    71.200

