   ---   422   cards of disk file read into card cache cells  1   onward.
 <===> Done with  "/"-card sorting by data class.    Remember that the source file appears different from interpreted input data.
Alternative Transients Program (ATP),  Intel Visual Fortran.    All rights reserved by Can/Am user group of Portland, Oregon, USA.
 Date (dd-mth-yy) and time of day (hh.mm.ss) = 03-Sep-26  18.30.09    Name of disk plot file is  case.pl4
Consult the 860-page ATP Rule Book of the Can/Am EMTP User Group in Portland,  Oregon, USA.  Source code date is 19 June 2017.
Total size of LABCOM tables = 80605677 INTEGER words.  31 VARDIM  List Sizes follow:  100K  120K  500K  20K  2000K  5K  200K
 2000K  10K  16K  3K  12K 1000K  2K 2000K  3200  360  1016 2000K 2000K  12K 1000K 2000K  36  240K 2000K  100K 2000K84700K  39  100K
--------------------------------------------------+--------------------------------------------------------------------------------
Descriptive interpretation of input data cards.   |  Input data card images are shown below, all 80 columns, character by character
                                                  0         1         2         3         4         5         6         7         8
                                                  012345678901234567890123456789012345678901234567890123456789012345678901234567890
--------------------------------------------------+--------------------------------------------------------------------------------
Comment card.   Card index = 1.                   |C data:case.atp
Marker card preceding new EMTP data case.         |BEGIN NEW DATA CASE
Comment card.   Card index = 3.                   |C ------------------------------------------------------------------------------
Comment card.   Card index = 4.                   |C Generated by ATPDraw September, 3, 2026
Comment card.   Card index = 5.                   |C from project /tmp/tmp4zmnzi21/case.xml
Comment card.   Card index = 6.                   |C ATPDraw developed by H. K. Høidalen at NTNU - NORWAY 1999-2022
Comment card.   Card index = 7.                   |C ------------------------------------------------------------------------------
Use  SPY  DEPOSIT  on following variable.         |$DEPOSIT, SIGMAX=3.0
Comment card.   Card index = 9.                   |C $DUMMY, XYZ000
Comment card.   Card index = 10.                  |C  dT  >< Tmax >< Xopt >< Copt ><Epsiln>
Misc. data.     1.000E-05   3.000E-01   6.000E+01 |   1.E-5      .3     60.     60.  1.E-16
Misc. data.  500  1  1  1  1  0  0  1  100  0     |     500       1       1       1       1       0       0       1     100
Statistics data.      1    0    0    0    1    0  |       1       0       0       0       1      -1                               0
Comment card.   Card index = 14.                  |C        1         2         3         4         5         6         7         8
Comment card.   Card index = 15.                  |C 345678901234567890123456789012345678901234567890123456789012345678901234567890
Comment card.   Card index = 16.                  |C < n1 >< n2 ><ref1><ref2>< R  >< L  >< C  >
Comment card.   Card index = 17.                  |C < n1 >< n2 ><ref1><ref2>< R  >< A  >< B  ><Leng><><>0
Comment card.   Card index = 18.                  |C bar from: 390 - bar to: 391 - fictional: 1505 1505 - SGOTA3-MG000
Sat. Xformer.    2.456E-02  2.878E+01  0.000E+00  |  TRANSFORMER             .0245628.784X0001A                                   0
    Breakpoint.      2.45605E-02    2.87840E+01   |     0.024560452        28.78395
    Breakpoint.      9.03510E-01    1.08293E+03   |     0.903510298      1082.93048
    Breakpoint.      1.66111E+00    1.13708E+03   |      1.66111143        1137.077
    Breakpoint.      3.75350E+00    1.19122E+03   |      3.75349629      1191.22352
    Breakpoint.      7.42970E+00    1.23454E+03   |      7.42970164      1234.54074
    Breakpoint.      1.75927E+01    1.28869E+03   |      17.5926808      1288.68727
    Breakpoint.      2.79951E+01    1.30601E+03   |      27.9951131      1306.01415
    Breakpoint.      8.30078E+02    1.55942E+03   |       830.07831      1559.41988
Special termination-of-points card.               |            9999
  Winding 1.   1.7190E+00  1.8237E-01  2.8868E+02 | 1390A                     1.719 68.75288.68
  Winding 2.   1.8700E-01 -1.9892E-02  1.9919E+02 | 2391A                      .187-7.499199.19
  Winding 3.   3.2000E-02  1.1247E-03  1.3800E+01 | 3395A  395B                .032  .424  13.8
Transformer copy using reference name  "X0001A"   |  TRANSFORMER X0001A                  X0001B                                   0
  Winding 1.   (No values read, since copy)       | 1390B
  Winding 2.   (No values read, since copy)       | 2391B
  Winding 3.   (No values read, since copy)       | 3395B  395C
Transformer copy using reference name  "X0001A"   |  TRANSFORMER X0001A                  X0001C                                   0
  Winding 1.   (No values read, since copy)       | 1390C
  Winding 2.   (No values read, since copy)       | 2391C
  Winding 3.   (No values read, since copy)       | 3395C  395A
Series R-L-C.   1.000E+06  0.000E+00  0.000E+00   |  395A                      1.E6                                               0
Series R-L-C.   1.000E+06  0.000E+00  0.000E+00   |  395B                      1.E6                                               0
Series R-L-C.   1.000E+06  0.000E+00  0.000E+00   |  395C                      1.E6                                               0
Comment card.   Card index = 43.                  |C bar from: 390 - bar to: 391 - fictional: 393 393 - SGOTA4-MG000
Sat. Xformer.    2.456E-02  2.878E+01  0.000E+00  |  TRANSFORMER             .0245628.784X0002A                                   0
    Breakpoint.      2.45605E-02    2.87840E+01   |     0.024560452        28.78395
    Breakpoint.      9.03510E-01    1.08293E+03   |     0.903510298      1082.93048
    Breakpoint.      1.66111E+00    1.13708E+03   |      1.66111143        1137.077
    Breakpoint.      3.75350E+00    1.19122E+03   |      3.75349629      1191.22352
    Breakpoint.      7.42970E+00    1.23454E+03   |      7.42970164      1234.54074
    Breakpoint.      1.75927E+01    1.28869E+03   |      17.5926808      1288.68727
    Breakpoint.      2.79951E+01    1.30601E+03   |      27.9951131      1306.01415
    Breakpoint.      8.30078E+02    1.55942E+03   |       830.07831      1559.41988
Special termination-of-points card.               |            9999
  Winding 1.   1.5120E+00  1.6048E-01  2.8868E+02 | 1390A                     1.512  60.5288.68
  Winding 2.   5.4000E-02 -5.6818E-03  1.9919E+02 | 2391A                      .054-2.142199.19
  Winding 3.   3.2000E-02  1.1194E-03  1.3800E+01 | 3397A  397B                .032  .422  13.8
Transformer copy using reference name  "X0002A"   |  TRANSFORMER X0002A                  X0002B                                   0
  Winding 1.   (No values read, since copy)       | 1390B
  Winding 2.   (No values read, since copy)       | 2391B
  Winding 3.   (No values read, since copy)       | 3397B  397C
Transformer copy using reference name  "X0002A"   |  TRANSFORMER X0002A                  X0002C                                   0
  Winding 1.   (No values read, since copy)       | 1390C
  Winding 2.   (No values read, since copy)       | 2391C
  Winding 3.   (No values read, since copy)       | 3397C  397A
Series R-L-C.   1.000E+06  0.000E+00  0.000E+00   |  397A                      1.E6                                               0
Series R-L-C.   1.000E+06  0.000E+00  0.000E+00   |  397B                      1.E6                                               0
Series R-L-C.   1.000E+06  0.000E+00  0.000E+00   |  397C                      1.E6                                               0
Comment card.   Card index = 68.                  |C bar from: 391 - bar to: 9098 - fictional: 42076 42076 - SGOTA6-MG000
Sat. Xformer.    6.149E-02  9.864E+00  0.000E+00  |  TRANSFORMER             .061499.8638X0003A                                   0
    Breakpoint.      6.14884E-02    9.86378E+00   |     0.061488436        9.863778
    Breakpoint.      9.82097E-01    7.47225E+02   |     0.982097019      747.225029
    Breakpoint.      1.80559E+00    7.84586E+02   |      1.80559379      784.586281
    Breakpoint.      4.07997E+00    8.21948E+02   |      4.07997288      821.947532
    Breakpoint.      8.07593E+00    8.51837E+02   |      8.07593211      851.836533
    Breakpoint.      1.91229E+01    8.89198E+02   |      19.1228804      889.197785
    Breakpoint.      3.04301E+01    9.01153E+02   |      30.4301093      901.153385
    Breakpoint.      9.02278E+02    1.07600E+03   |      902.277966      1076.00404
Special termination-of-points card.               |            9999
  Winding 1.   7.4000E-01  7.8564E-02  1.9919E+02 | 1391A                       .7429.618199.19
  Winding 2.   9.0000E-03 -9.0453E-04  7.9674E+01 | 29098A                     .009 -.34179.674
  Winding 3.   5.4000E-02  1.8966E-03  1.3800E+01 | 342077A42077B              .054  .715  13.8
Transformer copy using reference name  "X0003A"   |  TRANSFORMER X0003A                  X0003B                                   0
  Winding 1.   (No values read, since copy)       | 1391B
  Winding 2.   (No values read, since copy)       | 29098B
  Winding 3.   (No values read, since copy)       | 342077B42077C
Transformer copy using reference name  "X0003A"   |  TRANSFORMER X0003A                  X0003C                                   0
  Winding 1.   (No values read, since copy)       | 1391C
  Winding 2.   (No values read, since copy)       | 29098C
  Winding 3.   (No values read, since copy)       | 342077C42077A
Series R-L-C.   1.000E+06  0.000E+00  0.000E+00   |  42077A                    1.E6                                               0
Series R-L-C.   1.000E+06  0.000E+00  0.000E+00   |  42077B                    1.E6                                               0
Series R-L-C.   1.000E+06  0.000E+00  0.000E+00   |  42077C                    1.E6                                               0
Comment card.   Card index = 93.                  |C 42077 - SGOTA6-MG013
Comment card.   Card index = 94.                  |C bar from: 9098 - bar to: 9049 - circuit: 7 SGO-DF-MG138 SGOTA2-MG138 300.0
Sat. Xformer.    1.538E-01  8.392E+01  0.000E+00  |  TRANSFORMER             .1538183.924X0004A                                   0
    Breakpoint.      1.53808E-01    8.39241E+01   |      0.15380798       83.924129
    Breakpoint.      2.45543E+00    2.98868E+02   |      2.45542745      298.867504
    Breakpoint.      4.51432E+00    3.13811E+02   |      4.51432442      313.810879
    Breakpoint.      1.02007E+01    3.28754E+02   |      10.2007004      328.754254
    Breakpoint.      2.01914E+01    3.40709E+02   |      20.1913508      340.708954
    Breakpoint.      4.78108E+01    3.55652E+02   |      47.8108014       355.65233
    Breakpoint.      7.60810E+01    3.60434E+02   |      76.0810026       360.43421
    Breakpoint.      2.25586E+03    4.30369E+02   |      2255.86479      430.369205
Special termination-of-points card.               |            9999
  Winding 1.   3.6000E-02  3.8038E-03  7.9674E+01 | 19049A                     .036 1.43479.674
  Winding 2.   3.6000E-02  3.8038E-03  7.9674E+01 | 29098A                     .036 1.43479.674
Transformer copy using reference name  "X0004A"   |  TRANSFORMER X0004A                  X0004B                                   0
  Winding 1.   (No values read, since copy)       | 19049B
  Winding 2.   (No values read, since copy)       | 29098B
Transformer copy using reference name  "X0004A"   |  TRANSFORMER X0004A                  X0004C                                   0
  Winding 1.   (No values read, since copy)       | 19049C
  Winding 2.   (No values read, since copy)       | 29098C
Series R-L-C.   1.000E+06  0.000E+00  0.000E+00   |  9098A                     1.E6                                               0
Series R-L-C.   1.000E+06  0.000E+00  0.000E+00   |  9098B                     1.E6                                               0
Series R-L-C.   1.000E+06  0.000E+00  0.000E+00   |  9098C                     1.E6                                               0
1st of coupled R-L.   1.13780E+01  1.41787E-01    |51X0005AX0010A            11.378     53.4525
2nd coil. 1.373E+00 5.617E-02 0.000E+00 0.000E+00 |52X0005BX0010B            1.3727     21.1765
Zca, Zcc= 3.335E+00 2.854E-02 4.708E+00 8.471E-02 |53X0005CX0010C
1st of coupled R-L.   3.17140E+01  3.38011E-01    |51X0006AX0009A            31.714 127.4272128
2nd coil. 1.489E+01 1.352E-01 0.000E+00 0.000E+00 |52X0006BX0009B             14.89  50.9674572
Zca, Zcc= 5.608E+00 6.761E-02 2.050E+01 2.028E-01 |53X0006CX0009C
1st of coupled R-L.   3.90950E+02  1.44245E+00    |51X0008AX0007A            390.95 543.7895175
2nd coil. 8.644E+00 2.480E-01 0.000E+00 0.000E+00 |52X0008BX0007B            8.6441  93.4941375
Zca, Zcc= 1.274E+02 3.981E-01 1.361E+02 6.461E-01 |53X0008CX0007C
Comment card.   Card index = 125.                 |C < n1 >< n2 ><ref1><ref2>< R  >< L  >< C  >
Comment card.   Card index = 126.                 |C < n1 >< n2 ><ref1><ref2>< R  >< A  >< B  ><Leng><><>0
Comment card.   Card index = 127.                 |C < n1 >< n2 ><ref1><ref2>< R  >< L  >< C  >
Comment card.   Card index = 128.                 |C < n1 >< n2 ><ref1><ref2>< R  >< A  >< B  ><Leng><><>0
1st of coupled R-L.   3.69000E+07  8.17724E+04    |51391A  E001A             3.69E7   30827475.
2nd coil. 2.160E+04 1.538E+02 0.000E+00 0.000E+00 |52391B  E001B             21598.   57981.719
Zca, Zcc= 1.229E+07 2.721E+04 1.231E+07 2.736E+04 |53391C  E001C
Sat. Xformer.    0.000E+00  0.000E+00  1.000E+06  |  TRANSFORMER                         ST001A  1.E6                             0
Special termination-of-points card.               |            9999
  Winding 1.   1.0000E-04  2.6526E-07  1.9919E+02 | 1E001A                    .0001 .0001199.19
  Winding 2.   1.0000E-04  2.6526E-07  7.9674E+01 | 29049A                    .0001 .000179.674
Transformer copy using reference name  "ST001A"   |  TRANSFORMER ST001A                  ST001B                                   0
  Winding 1.   (No values read, since copy)       | 1E001B
  Winding 2.   (No values read, since copy)       | 29049B
Transformer copy using reference name  "ST001A"   |  TRANSFORMER ST001A                  ST001C                                   0
  Winding 1.   (No values read, since copy)       | 1E001C
  Winding 2.   (No values read, since copy)       | 29049C
1st of coupled R-L.   1.58000E+05  4.43667E+02    |51390A  E002A             1.58E5    167258.5
2nd coil. 1.673E+02 3.619E+00 0.000E+00 0.000E+00 |52390B  E002B             167.31    1364.325
Zca, Zcc= 5.261E+04 1.467E+02 5.278E+04 1.503E+02 |53390C  E002C
Sat. Xformer.    0.000E+00  0.000E+00  1.000E+06  |  TRANSFORMER                         ST002A  1.E6                             0
Special termination-of-points card.               |            9999
  Winding 1.   1.0000E-04  2.6526E-07  2.8868E+02 | 1E002A                    .0001 .0001288.68
  Winding 2.   1.0000E-04  2.6526E-07  1.9919E+02 | 2391A                     .0001 .0001199.19
Transformer copy using reference name  "ST002A"   |  TRANSFORMER ST002A                  ST002B                                   0
  Winding 1.   (No values read, since copy)       | 1E002B
  Winding 2.   (No values read, since copy)       | 2391B
Transformer copy using reference name  "ST002A"   |  TRANSFORMER ST002A                  ST002C                                   0
  Winding 1.   (No values read, since copy)       | 1E002C
  Winding 2.   (No values read, since copy)       | 2391C
1st of coupled R-L.   6.29570E+04  3.30096E+02    |51390A  E003A             62957.   124443.25
2nd coil. 1.236E+03 1.123E+01 0.000E+00 0.000E+00 |52390B  E003B             1235.6     4232.25
Zca, Zcc= 2.057E+04 1.063E+02 2.181E+04 1.175E+02 |53390C  E003C
Sat. Xformer.    0.000E+00  0.000E+00  1.000E+06  |  TRANSFORMER                         ST003A  1.E6                             0
Special termination-of-points card.               |            9999
  Winding 1.   1.0000E-04  2.6526E-07  2.8868E+02 | 1E003A                    .0001 .0001288.68
  Winding 2.   1.0000E-04  2.6526E-07  7.9674E+01 | 29049A                    .0001 .000179.674
Transformer copy using reference name  "ST003A"   |  TRANSFORMER ST003A                  ST003B                                   0
  Winding 1.   (No values read, since copy)       | 1E003B
  Winding 2.   (No values read, since copy)       | 29049B
Transformer copy using reference name  "ST003A"   |  TRANSFORMER ST003A                  ST003C                                   0
  Winding 1.   (No values read, since copy)       | 1E003C
  Winding 2.   (No values read, since copy)       | 29049C
Series R-L-C.   2.000E+02  0.000E+00  0.000E+00   |  T_MANCXX0014              200.                                               0
Series R-L-C.   2.000E+02  0.000E+00  0.000E+00   |  RPI_C MEASUC              200.                                               4
Series R-L-C.   2.000E+02  0.000E+00  0.000E+00   |  T_MANBXX0015              200.                                               0
Series R-L-C.   2.000E+02  0.000E+00  0.000E+00   |  RPI_B MEASUB              200.                                               4
Series R-L-C.   2.000E+02  0.000E+00  0.000E+00   |  T_MANAXX0016              200.                                               0
Series R-L-C.   2.000E+02  0.000E+00  0.000E+00   |  RPI_A MEASUA              200.                                               4
Series R-L-C.   1.000E-01  0.000E+00  0.000E+00   |  T_OPOB                      .1                                               1
Series R-L-C.   1.000E-03  0.000E+00  0.000E+00   |  T_MANAPRMANA              .001                                               0
Series R-L-C.   1.000E-03  0.000E+00  0.000E+00   |  T_MANBPRMANB              .001                                               0
Series R-L-C.   1.000E-03  0.000E+00  0.000E+00   |  T_MANCPRMANC              .001                                               0
Series R-L-C.   1.000E-03  0.000E+00  0.000E+00   |  T_OPOAPROPOA              .001                                               0
Series R-L-C.   1.000E-03  0.000E+00  0.000E+00   |  T_OPOBPROPOB              .001                                               0
Series R-L-C.   1.000E-03  0.000E+00  0.000E+00   |  T_OPOCPROPOC              .001                                               0
Comment card.   Card index = 181.                 |C 145 kV, Ur=120, MCOV = 96.kV Classe 3: 8kJ/kVr
Type-92 R(i)   0.0000E+00  0.0000E+00  4.4440E+03 |92      PRMANA                         4444.                                   4
Piecewise-lin.   0.000E+00  1.000E+19  0.000E+00  |                                               -1.
    Breakpoint.      1.00000E-03    1.35764E+05   |                    0.001                  135764.
    Breakpoint.      2.00000E-02    1.76190E+05   |                     0.02                  176190.
    Breakpoint.      2.00000E+00    1.85000E+05   |                       2.                   1.85E5
    Breakpoint.      2.00000E+01    1.95461E+05   |                      20.                  195461.
    Breakpoint.      2.50000E+02    2.16935E+05   |                     250.                  216935.
    Breakpoint.      5.00000E+02    2.26000E+05   |                     500.                   2.26E5
    Breakpoint.      1.00000E+03    2.31000E+05   |                     1.E3                   2.31E5
    Breakpoint.      2.00000E+03    2.43000E+05   |                     2.E3                   2.43E5
Special termination-of-points card.               |            9999
Reference branch.   Copy  (      , PRMANA )       |92      PRMANB      PRMANA             4444.                                   4
Reference branch.   Copy  (      , PRMANA )       |92      PRMANC      PRMANA             4444.                                   4
Comment card.   Card index = 195.                 |C 145 kV, Ur=120, MCOV = 96.kV Classe 3: 8kJ/kVr
Type-92 R(i)   0.0000E+00  0.0000E+00  4.4440E+03 |92      PROPOA                         4444.                                   4
Piecewise-lin.   0.000E+00  1.000E+19  0.000E+00  |                                               -1.
    Breakpoint.      1.00000E-03    1.35764E+05   |                    0.001                  135764.
    Breakpoint.      2.00000E-02    1.76190E+05   |                     0.02                  176190.
    Breakpoint.      2.00000E+00    1.85000E+05   |                       2.                   1.85E5
    Breakpoint.      2.00000E+01    1.95461E+05   |                      20.                  195461.
    Breakpoint.      2.50000E+02    2.16935E+05   |                     250.                  216935.
    Breakpoint.      5.00000E+02    2.26000E+05   |                     500.                   2.26E5
    Breakpoint.      1.00000E+03    2.31000E+05   |                     1.E3                   2.31E5
    Breakpoint.      2.00000E+03    2.43000E+05   |                     2.E3                   2.43E5
Special termination-of-points card.               |            9999
Reference branch.   Copy  (      , PROPOA )       |92      PROPOB      PROPOA             4444.                                   4
Reference branch.   Copy  (      , PROPOA )       |92      PROPOC      PROPOA             4444.                                   4
Comment card.   Card index = 209.                 |C 1/6
Comment card.   Card index = 210.                 |C  <++++++>  Cards punched by support routine on  03-Sep-26  16.24.01  <++++++>
Comment card.   Card index = 211.                 |C    **** UNTRANSPOSED K.C. Lee line calculated at   6.000E+01 HZ. ****
Comment card.   Card index = 212.                 |C LINE CONSTANTS
Comment card.   Card index = 213.                 |C $ERASE
Comment card.   Card index = 214.                 |C BRANCH  IN_001OUT001IN_002OUT002IN_003OUT003
Comment card.   Card index = 215.                 |C METRIC
Comment card.   Card index = 216.                 |C   1   .5   .1899 4           1.828    -3.2   22.04      7.     0.0   0.0
Comment card.   Card index = 217.                 |C   2   .5   .1899 4           1.828     3.2    23.9    8.86     0.0   0.0
Comment card.   Card index = 218.                 |C   3   .5   .1899 4           1.828    -3.2   25.76   10.72     0.0   0.0
Comment card.   Card index = 219.                 |C   0.2742    .667 4            1.24     0.0   29.44    18.6     0.0   0.0
Comment card.   Card index = 220.                 |C BLANK CARD ENDING CONDUCTOR CARDS
Comment card.   Card index = 221.                 |C     1.E3       60.                              13.3                 1
Comment card.   Card index = 222.                 |C    The transformation matrix was calculated at  6.00000000E+01 Hz.
New MOLDAT = 1     (data vintage).                |$VINTAGE, 1
 5.284E-01 8.593E+02 2.210E+05 8.593E+02 6.017E-05|-1T_MANAX0011A             5.28357E-01 8.59331E+02 2.21024E+05-1.33000E+01 1  3
 1.912E-01 3.671E+02 2.934E+05 3.671E+02 4.533E-05|-2T_MANBX0011B             1.91185E-01 3.67062E+02 2.93377E+05-1.33000E+01 1  3
 1.906E-01 4.134E+02 2.936E+05 4.134E+02 4.529E-05|-3T_MANCX0011C             1.90555E-01 4.13371E+02 2.93650E+05-1.33000E+01 1  3
New MOLDAT = 0     (data vintage).                |$VINTAGE, 0
TR(1,1 )...  0.594-0.699 0.402                    |  0.59364229 -0.69928374  0.40193149
TI(1,1 )...  0.000 0.000 0.000                    |  0.00000000  0.00000000  0.00000000
TR(2,1 )...  0.611 0.022-0.814                    |  0.61125068  0.02235166 -0.81448972
TI(2,1 )...  0.000 0.000 0.000                    |  0.00000000  0.00000000  0.00000000
TR(3,1 )...  0.523 0.714 0.418                    |  0.52341326  0.71449469  0.41839881
TI(3,1 )...  0.000 0.000 0.000                    |  0.00000000  0.00000000  0.00000000
Comment card.   Card index = 234.                 |C 1/6
Comment card.   Card index = 235.                 |C  <++++++>  Cards punched by support routine on  03-Sep-26  16.24.02  <++++++>
Comment card.   Card index = 236.                 |C    **** UNTRANSPOSED K.C. Lee line calculated at   6.000E+01 HZ. ****
Comment card.   Card index = 237.                 |C LINE CONSTANTS
Comment card.   Card index = 238.                 |C $ERASE
Comment card.   Card index = 239.                 |C BRANCH  IN_001OUT001IN_002OUT002IN_003OUT003
Comment card.   Card index = 240.                 |C METRIC
Comment card.   Card index = 241.                 |C   1   .5   .1899 4           1.828    -3.2   22.04      7.     0.0   0.0
Comment card.   Card index = 242.                 |C   2   .5   .1899 4           1.828     3.2    23.9    8.86     0.0   0.0
Comment card.   Card index = 243.                 |C   3   .5   .1899 4           1.828    -3.2   25.76   10.72     0.0   0.0
Comment card.   Card index = 244.                 |C   0.2742    .667 4            1.24     0.0   29.44    18.6     0.0   0.0
Comment card.   Card index = 245.                 |C BLANK CARD ENDING CONDUCTOR CARDS
Comment card.   Card index = 246.                 |C     1.E3       60.                              13.3                 1
Comment card.   Card index = 247.                 |C    The transformation matrix was calculated at  6.00000000E+01 Hz.
New MOLDAT = 1     (data vintage).                |$VINTAGE, 1
 5.284E-01 8.593E+02 2.210E+05 8.593E+02 6.017E-05|-1X0012AT_OPOA             5.28357E-01 8.59331E+02 2.21024E+05-1.33000E+01 1  3
 1.912E-01 3.671E+02 2.934E+05 3.671E+02 4.533E-05|-2X0012BT_OPOB             1.91185E-01 3.67062E+02 2.93377E+05-1.33000E+01 1  3
 1.906E-01 4.134E+02 2.936E+05 4.134E+02 4.529E-05|-3X0012CT_OPOC             1.90555E-01 4.13371E+02 2.93650E+05-1.33000E+01 1  3
New MOLDAT = 0     (data vintage).                |$VINTAGE, 0
TR(1,1 )...  0.594-0.699 0.402                    |  0.59364229 -0.69928374  0.40193149
TI(1,1 )...  0.000 0.000 0.000                    |  0.00000000  0.00000000  0.00000000
TR(2,1 )...  0.611 0.022-0.814                    |  0.61125068  0.02235166 -0.81448972
TI(2,1 )...  0.000 0.000 0.000                    |  0.00000000  0.00000000  0.00000000
TR(3,1 )...  0.523 0.714 0.418                    |  0.52341326  0.71449469  0.41839881
TI(3,1 )...  0.000 0.000 0.000                    |  0.00000000  0.00000000  0.00000000
Comment card.   Card index = 259.                 |C 1/3
Comment card.   Card index = 260.                 |C  <++++++>  Cards punched by support routine on  03-Sep-26  16.24.02  <++++++>
Comment card.   Card index = 261.                 |C    **** UNTRANSPOSED K.C. Lee line calculated at   6.000E+01 HZ. ****
Comment card.   Card index = 262.                 |C LINE CONSTANTS
Comment card.   Card index = 263.                 |C $ERASE
Comment card.   Card index = 264.                 |C BRANCH  IN_001OUT001IN_002OUT002IN_003OUT003
Comment card.   Card index = 265.                 |C METRIC
Comment card.   Card index = 266.                 |C   1   .5   .1899 4           1.828    -3.2   22.04      7.     0.0   0.0
Comment card.   Card index = 267.                 |C   2   .5   .1899 4           1.828     3.2    23.9    8.86     0.0   0.0
Comment card.   Card index = 268.                 |C   3   .5   .1899 4           1.828    -3.2   25.76   10.72     0.0   0.0
Comment card.   Card index = 269.                 |C   0.2742    .667 4            1.24     0.0   29.44    18.6     0.0   0.0
Comment card.   Card index = 270.                 |C BLANK CARD ENDING CONDUCTOR CARDS
Comment card.   Card index = 271.                 |C     1.E3       60.                              26.7                 1
Comment card.   Card index = 272.                 |C    The transformation matrix was calculated at  6.00000000E+01 Hz.
New MOLDAT = 1     (data vintage).                |$VINTAGE, 1
 5.284E-01 8.593E+02 2.210E+05 8.593E+02 1.208E-04|-1X0011B1_2LTB             5.28357E-01 8.59331E+02 2.21024E+05-2.67000E+01 1  3
 1.912E-01 3.671E+02 2.934E+05 3.671E+02 9.101E-05|-2X0011C1_2LTC             1.91185E-01 3.67062E+02 2.93377E+05-2.67000E+01 1  3
 1.906E-01 4.134E+02 2.936E+05 4.134E+02 9.092E-05|-3X0011A1_2LTA             1.90555E-01 4.13371E+02 2.93650E+05-2.67000E+01 1  3
New MOLDAT = 0     (data vintage).                |$VINTAGE, 0
TR(1,1 )...  0.594-0.699 0.402                    |  0.59364229 -0.69928374  0.40193149
TI(1,1 )...  0.000 0.000 0.000                    |  0.00000000  0.00000000  0.00000000
TR(2,1 )...  0.611 0.022-0.814                    |  0.61125068  0.02235166 -0.81448972
TI(2,1 )...  0.000 0.000 0.000                    |  0.00000000  0.00000000  0.00000000
TR(3,1 )...  0.523 0.714 0.418                    |  0.52341326  0.71449469  0.41839881
TI(3,1 )...  0.000 0.000 0.000                    |  0.00000000  0.00000000  0.00000000
Comment card.   Card index = 284.                 |C 1/3
Comment card.   Card index = 285.                 |C  <++++++>  Cards punched by support routine on  03-Sep-26  16.24.03  <++++++>
Comment card.   Card index = 286.                 |C    **** UNTRANSPOSED K.C. Lee line calculated at   6.000E+01 HZ. ****
Comment card.   Card index = 287.                 |C LINE CONSTANTS
Comment card.   Card index = 288.                 |C $ERASE
Comment card.   Card index = 289.                 |C BRANCH  IN_001OUT001IN_002OUT002IN_003OUT003
Comment card.   Card index = 290.                 |C METRIC
Comment card.   Card index = 291.                 |C   1   .5   .1899 4           1.828    -3.2   22.04      7.     0.0   0.0
Comment card.   Card index = 292.                 |C   2   .5   .1899 4           1.828     3.2    23.9    8.86     0.0   0.0
Comment card.   Card index = 293.                 |C   3   .5   .1899 4           1.828    -3.2   25.76   10.72     0.0   0.0
Comment card.   Card index = 294.                 |C   0.2742    .667 4            1.24     0.0   29.44    18.6     0.0   0.0
Comment card.   Card index = 295.                 |C BLANK CARD ENDING CONDUCTOR CARDS
Comment card.   Card index = 296.                 |C     1.E3       60.                              26.7                 1
Comment card.   Card index = 297.                 |C    The transformation matrix was calculated at  6.00000000E+01 Hz.
New MOLDAT = 1     (data vintage).                |$VINTAGE, 1
 5.284E-01 8.593E+02 2.210E+05 8.593E+02 1.208E-04|-11_2LTCX0012C             5.28357E-01 8.59331E+02 2.21024E+05-2.67000E+01 1  3
 1.912E-01 3.671E+02 2.934E+05 3.671E+02 9.101E-05|-21_2LTAX0012A             1.91185E-01 3.67062E+02 2.93377E+05-2.67000E+01 1  3
 1.906E-01 4.134E+02 2.936E+05 4.134E+02 9.092E-05|-31_2LTBX0012B             1.90555E-01 4.13371E+02 2.93650E+05-2.67000E+01 1  3
New MOLDAT = 0     (data vintage).                |$VINTAGE, 0
TR(1,1 )...  0.594-0.699 0.402                    |  0.59364229 -0.69928374  0.40193149
TI(1,1 )...  0.000 0.000 0.000                    |  0.00000000  0.00000000  0.00000000
TR(2,1 )...  0.611 0.022-0.814                    |  0.61125068  0.02235166 -0.81448972
TI(2,1 )...  0.000 0.000 0.000                    |  0.00000000  0.00000000  0.00000000
TR(3,1 )...  0.523 0.714 0.418                    |  0.52341326  0.71449469  0.41839881
TI(3,1 )...  0.000 0.000 0.000                    |  0.00000000  0.00000000  0.00000000
Blank card ending branches.  IBR, NTOT = 145  100 |BLANK BRANCH
Comment card.   Card index = 310.                 |C < n 1>< n 2>< Tclose ><Top/Tde ><   Ie   ><Vf/CLOP ><  type  >
Permanently-closed switch used for metering.      |  X0005A390A                                          MEASURING                0
Permanently-closed switch used for metering.      |  X0005B390B                                          MEASURING                0
Permanently-closed switch used for metering.      |  X0005C390C                                          MEASURING                0
Permanently-closed switch used for metering.      |  X0006A9049A                                         MEASURING                0
Permanently-closed switch used for metering.      |  X0006B9049B                                         MEASURING                0
Permanently-closed switch used for metering.      |  X0006C9049C                                         MEASURING                0
Permanently-closed switch used for metering.      |  X0008A391A                                          MEASURING                0
Permanently-closed switch used for metering.      |  X0008B391B                                          MEASURING                0
Permanently-closed switch used for metering.      |  X0008C391C                                          MEASURING                0
Switch.   2.00E-02  8.33E-04  0.00E+00  0.00E+00  |  XX0014RPI_C        .02   .000833                    STATISTICS               1
Switch.   2.00E-02  8.33E-04  0.00E+00  0.00E+00  |  XX0015RPI_B        .02   .000833                    STATISTICS               1
Switch.   2.00E-02  8.33E-04  0.00E+00  0.00E+00  |  XX0016RPI_A        .02   .000833                    STATISTICS               1
Comment card.   Card index = 323.                 |C 0.0008125
Permanently-closed switch used for metering.      |  9049A MEASUA                                        MEASURING                0
Permanently-closed switch used for metering.      |  9049B MEASUB                                        MEASURING                0
Permanently-closed switch used for metering.      |  9049C MEASUC                                        MEASURING                0
Switch.   1.00E-02  5.00E-04  0.00E+00  0.00E+00  |  T_MANCMEASUC       .01     .0005                    STATISTICSXX0014RPI_C    3
Switch.   1.00E-02  5.00E-04  0.00E+00  0.00E+00  |  T_MANAMEASUA       .01     .0005                    STATISTICSXX0016RPI_A    3
Comment card.   Card index = 329.                 |C 0.0008125
Switch.   1.00E-02  5.00E-04  0.00E+00  0.00E+00  |  T_MANBMEASUB       .01     .0005                    STATISTICSXX0015RPI_B    3
Blank card ending switches.   KSWTCH = 18.        |BLANK SWITCH
Comment card.   Card index = 332.                 |C < n 1><>< Ampl.  >< Freq.  ><Phase/T0><   A1   ><   T1   >< TSTART >< TSTOP  >
Comment card.   Card index = 333.                 |C 1 - 390
Source.   4.08E+05  6.00E+01  0.00E+00 -1.00E+00  |14X0010A   408248.29       60.                                     -1.      100.
Source.   4.08E+05  6.00E+01 -1.20E+02 -1.00E+00  |14X0010B   408248.29       60.     -120.                           -1.      100.
Source.   4.08E+05  6.00E+01 -2.40E+02 -1.00E+00  |14X0010C   408248.29       60.     -240.                           -1.      100.
Comment card.   Card index = 337.                 |C 1 - 9049
Source.   1.13E+05  6.00E+01  0.00E+00 -1.00E+00  |14X0009A  112676.528       60.                                     -1.      100.
Source.   1.13E+05  6.00E+01 -1.20E+02 -1.00E+00  |14X0009B  112676.528       60.     -120.                           -1.      100.
Source.   1.13E+05  6.00E+01 -2.40E+02 -1.00E+00  |14X0009C  112676.528       60.     -240.                           -1.      100.
Comment card.   Card index = 341.                 |C 1 - 391
Source.   2.82E+05  6.00E+01  0.00E+00 -1.00E+00  |14X0007A   281691.32       60.                                     -1.      100.
Source.   2.82E+05  6.00E+01 -1.20E+02 -1.00E+00  |14X0007B   281691.32       60.     -120.                           -1.      100.
Source.   2.82E+05  6.00E+01 -2.40E+02 -1.00E+00  |14X0007C   281691.32       60.     -240.                           -1.      100.
Blank card ends electric sources.  KCONST = 9     |BLANK SOURCE

List of input elements that are connected to each node.   Only the physical connections of multi-phase lines are shown (capacitive
and inductive coupling are ignored).   Repeated entries indicate parallel connections.   Switches are included,  although sources
(including rotating machinery) are omitted -- except that U.M. usage produces extra,  internally-defined nodes  "UMXXXX".
--------------+------------------------------
From bus name |  Names of all adjacent busses.
--------------+------------------------------
       X0001A |TERRA *TERRA *TERRA *390A  *
       390A   |X0001A*X0002A*X0005A*E002A *E003A *
       391A   |TERRA *TERRA *TERRA *X0003A*X0008A*E001A *
       395A   |TERRA *395B  *395C  *
       395B   |TERRA *395A  *395C  *
       X0001B |TERRA *TERRA *TERRA *390B  *
       390B   |X0001B*X0002B*X0005B*E002B *E003B *
       391B   |TERRA *TERRA *TERRA *X0003B*X0008B*E001B *
       395C   |TERRA *395A  *395B  *
       X0001C |TERRA *TERRA *TERRA *390C  *
       390C   |X0001C*X0002C*X0005C*E002C *E003C *
       391C   |TERRA *TERRA *TERRA *X0003C*X0008C*E001C *
       X0002A |TERRA *TERRA *TERRA *390A  *
       397A   |TERRA *397B  *397C  *
       397B   |TERRA *397A  *397C  *
       X0002B |TERRA *TERRA *TERRA *390B  *
       397C   |TERRA *397A  *397B  *
       X0002C |TERRA *TERRA *TERRA *390C  *
       X0003A |TERRA *TERRA *TERRA *391A  *
       9098A  |TERRA *TERRA *TERRA *
       42077A |TERRA *42077B*42077C*
       42077B |TERRA *42077A*42077C*
       X0003B |TERRA *TERRA *TERRA *391B  *
       9098B  |TERRA *TERRA *TERRA *
       42077C |TERRA *42077A*42077B*
       X0003C |TERRA *TERRA *TERRA *391C  *
       9098C  |TERRA *TERRA *TERRA *
       X0004A |TERRA *TERRA *9049A *
       9049A  |TERRA *TERRA *X0004A*X0006A*MEASUA*
       X0004B |TERRA *TERRA *9049B *
       9049B  |TERRA *TERRA *X0004B*X0006B*MEASUB*
       X0004C |TERRA *TERRA *9049C *
       9049C  |TERRA *TERRA *X0004C*X0006C*MEASUC*
       X0005A |390A  *X0010A*
       X0010A |X0005A*
       X0005B |390B  *X0010B*
       X0010B |X0005B*
       X0005C |390C  *X0010C*
       X0010C |X0005C*
       X0006A |9049A *X0009A*
       X0009A |X0006A*
       X0006B |9049B *X0009B*
       X0009B |X0006B*
       X0006C |9049C *X0009C*
       X0009C |X0006C*
       X0008A |391A  *X0007A*
       X0007A |X0008A*
       X0008B |391B  *X0007B*
       X0007B |X0008B*
       X0008C |391C  *X0007C*
       X0007C |X0008C*
       E001A  |391A  *ST001A*
       E001B  |391B  *ST001B*
       E001C  |391C  *ST001C*
       ST001A |TERRA *TERRA *E001A *
       ST001B |TERRA *TERRA *E001B *
       ST001C |TERRA *TERRA *E001C *
       E002A  |390A  *ST002A*
       E002B  |390B  *ST002B*
       E002C  |390C  *ST002C*
       ST002A |TERRA *TERRA *E002A *
       ST002B |TERRA *TERRA *E002B *
       ST002C |TERRA *TERRA *E002C *
       E003A  |390A  *ST003A*
       E003B  |390B  *ST003B*
       E003C  |390C  *ST003C*
       ST003A |TERRA *TERRA *E003A *
       ST003B |TERRA *TERRA *E003B *
       ST003C |TERRA *TERRA *E003C *
       T_MANC |XX0014*MEASUC*PRMANC*X0011C*
       XX0014 |T_MANC*RPI_C *
       RPI_C  |XX0014*MEASUC*
       MEASUC |9049C *T_MANC*RPI_C *
       T_MANB |XX0015*MEASUB*PRMANB*X0011B*
       XX0015 |T_MANB*RPI_B *
       RPI_B  |XX0015*MEASUB*
       MEASUB |9049B *T_MANB*RPI_B *
       T_MANA |XX0016*MEASUA*PRMANA*X0011A*
       XX0016 |T_MANA*RPI_A *
       RPI_A  |XX0016*MEASUA*
       MEASUA |9049A *T_MANA*RPI_A *
       T_OPOB |TERRA *PROPOB*X0012B*
       PRMANA |TERRA *T_MANA*
       PRMANB |TERRA *T_MANB*
       PRMANC |TERRA *T_MANC*
       T_OPOA |PROPOA*X0012A*
       PROPOA |TERRA *T_OPOA*
       PROPOB |TERRA *T_OPOB*
       T_OPOC |PROPOC*X0012C*
       PROPOC |TERRA *T_OPOC*
       X0011A |T_MANA*1_2LTA*
       X0011B |T_MANB*1_2LTB*
       X0011C |T_MANC*1_2LTC*
       X0012A |T_OPOA*1_2LTA*
       X0012B |T_OPOB*1_2LTB*
       X0012C |T_OPOC*1_2LTC*
       1_2LTB |X0011B*X0012B*
       1_2LTC |X0011C*X0012C*
       1_2LTA |X0011A*X0012A*
       TERRA  |X0001A*X0001A*X0001A*391A  *391A  *391A  *395A  *395B  *X0001B*X0001B*X0001B*391B  *391B  *391B  *395C  *
              |X0001C*X0001C*X0001C*391C  *391C  *391C  *X0002A*X0002A*X0002A*397A  *397B  *X0002B*X0002B*X0002B*397C  *
              |X0002C*X0002C*X0002C*X0003A*X0003A*X0003A*9098A *9098A *9098A *42077A*42077B*X0003B*X0003B*X0003B*9098B *
              |9098B *9098B *42077C*X0003C*X0003C*X0003C*9098C *9098C *9098C *X0004A*X0004A*9049A *9049A *X0004B*X0004B*
              |9049B *9049B *X0004C*X0004C*9049C *9049C *ST001A*ST001A*ST001B*ST001B*ST001C*ST001C*ST002A*ST002A*ST002B*
              |ST002B*ST002C*ST002C*ST003A*ST003A*ST003B*ST003B*ST003C*ST003C*T_OPOB*PRMANA*PRMANB*PRMANC*PROPOA*PROPOB*
              |PROPOC*
              |-------

Sinusoidal steady-state phasor solution, branch by branch.   All flows are away from a bus,  and the real part,  magnitude,  or  "P"
is printed above the imaginary part,  the angle,  or  "Q".   The first solution frequency  =  6.00000000E+01  Hertz.
  Bus K                        Phasor  node  voltage              Phasor  branch  current               Power flow       Power loss
             Bus M         Rectangular            Polar          Rectangular            Polar            P  and  Q        P  and  Q

 390A                 408167.18434489  408167.18442614      .30438842310048  1.8065804192189       62127.93436547  2.8051783511401
                       -8.14437967846       -0.0011433       -1.78075278997      -80.3000383      363421.18662082      112.1908154

            X0001A    408044.23434688  408044.23517586      -.3043884231005  1.8065804192189      -62125.12918712
                      -26.00996972066       -0.0036522      1.7807527899704       99.6999617      -363308.9958054

 391A                 281560.88636572  281560.88673442      -.4407757483018  1.3182151192725      -62061.55578552  -62061.55578552
                      -14.40925633333       -0.0029322      1.2423396638551      109.5344243      -174893.9528358  -174893.9528358

            TERRA                 0.0              0.0       .4407757483018  1.3182151192725                  0.0
                                  0.0              0.0      -1.242339663855      -70.4655757                  0.0

 X0001A               408044.23434688  408044.23517586      .30413648782132  .90957208538363      62061.718259653  62061.718259653
                      -26.00996972066       -0.0036522       -.857217810877      -70.4655757       174887.4373635   174887.4373635

            TERRA                 0.0              0.0      -.3041364878213  .90957208538363                  0.0
                                  0.0              0.0      .85721781087705      109.5344243                  0.0

 395A                 9752.6719554317  11261.830960578      -.0065016631406  .00650166314556      -31.70500738243  -63.41092677634
                      -5631.538538833      -30.0036603      .25339249987E-6      179.9977670      18.305947644508        0.0015796

            395B      -9753.391415412  11261.830965198      .00650166314063  .00650166314556       -31.7059193939
                      -5630.292406834     -150.0036603      -.2533924999E-6       -0.0022330      -18.30436802434

 X0001A               408044.23434688  408044.23517586      .31080418233E-3  .31080418257E-3       63.41092746364   63.41092746364
                      -26.00996972066       -0.0036522      -.1211265044E-7       -0.0022329      -.0015707550988       -0.0015708

            TERRA                 0.0              0.0      -.3108041823E-3  .31080418257E-3                  0.0
                                  0.0              0.0      .12112650438E-7      179.9977671                  0.0

 390B                 -204090.6454112  408167.18442614       -1.69437140234  1.8065804634787      62127.933163951  2.8051784885902
                      -353479.0784445     -120.0011433      .62676831601144      159.6999613      363421.19598998      112.1908209

            X0001B    -204044.6424651  408044.23517271      1.6943714023399  1.8065804634787      -62125.12798546
                      -353363.6678254     -120.0036522      -.6267683160114      -20.3000387      -363309.0051691

 391B                 -140792.9219632  281560.88673247       1.296285589633  1.3182151338491      -62061.55071557  -62061.55071557
                      -243831.6756753     -120.0029322      -.2394468818311      -10.4655775       -174893.956811  -174893.9568110

            TERRA                 0.0              0.0      -1.296285589633  1.3182151338491                  0.0
                                  0.0              0.0       .2394468818311      169.5344225                  0.0

 X0001B               -204044.6424651  408044.23517271      -.8944406491537  .90957209543524       62061.71318879   62061.71318879
                      -353363.6678254     -120.0036522      .16521901202941      169.5344224      174887.44133751   174887.4413375

            TERRA                 0.0              0.0      .89444064915369  .90957209543524                  0.0
                                  0.0              0.0      -.1652190120294      -10.4655776                  0.0

 395B                 -9753.391415412  11261.830965198      .00325172828161  .00650205987989       -31.7084989502  -63.41479604256
                      -5630.292406834     -150.0036603      .00563054578743       59.9928940      18.304367947059       -0.0038137

            395C      .71945184471786  11261.830956744      -.0032517282816  .00650205987989      -31.70629709236
                      11261.830933763       89.9963397      -.0056305457874     -120.0071060      -18.30818162175

 X0001B               -204044.6424651  408044.23517271      -.1554449568E-3  .31082314769E-3      63.414796670981  63.414796670981
                      -353363.6678254     -120.0036522      -.2691614656E-3     -120.0071059      .00382254090783        0.0038225

            TERRA                 0.0              0.0      .15544495682E-3  .31082314769E-3                  0.0
                                  0.0              0.0      .26916146555E-3       59.9928941                  0.0

 390C                  -204076.538937   408167.1844243      1.3899830388868  1.8065804609951      62127.915540381  2.8051784808922
                      353487.22281907      119.9988567      1.1539844512195       39.6999585      363421.19848687      112.1908206

            X0001C    -203999.5918869  408044.23517017      -1.389983038887  1.8065804609951       -62125.1103619
                      353389.67778588      119.9963478      -1.153984451219     -140.3000415      -363309.0076663

 391C                 -140767.9644055   281560.8867312      -.8555100022058     1.3182151427      -62061.53035427  -62061.53035427
                      243846.08492652      119.9970678      -1.002892715383     -130.4655844      -174893.9653575  -174893.9653575

            TERRA                 0.0              0.0      .85551000220585     1.3182151427                  0.0
                                  0.0              0.0      1.0028927153835       49.5344156                  0.0

 X0001C               -203999.5918869  408044.23517017      .59030427233301  .90957210153971      62061.692828844  62061.692828844
                      353389.67778588      119.9963478      .69199875286358       49.5344156      174887.44988289   174887.4498829

            TERRA                 0.0              0.0       -.590304272333  .90957210153971                  0.0
                                  0.0              0.0      -.6919987528636     -130.4655844                  0.0

 395C                 .71945184471786  11261.830956744      .00325100881309     .00650234041      -31.70812120943   -63.4175321373
                      11261.830933763       89.9963397      -.0056312851557      -60.0016421      18.308181527871        0.0022338

            395A      9752.6719554317  11261.830960578      -.0032510088131     .00650234041      -31.70941092787
                      -5631.538538833      -30.0036603      .00563128515569      119.9983579      -18.30594769494

 X0001C               -203999.5918869  408044.23517017      -.1554105638E-3  .31083655791E-3      63.417532729587  63.417532729587
                      353389.67778588      119.9963478      .26919680977E-3      119.9983579      -.0022248715991       -0.0022249

            TERRA                 0.0              0.0      .15541056382E-3  .31083655791E-3                  0.0
                                  0.0              0.0      -.2691968098E-3      -60.0016421                  0.0

 395A                 9752.6719554317  11261.830960578      .00975267195543  .01126183096058      63.414418292314  63.414418292314
                      -5631.538538833      -30.0036603      -.0056315385388      -30.0036603                  0.0              0.0

            TERRA                 0.0              0.0      -.0097526719554  .01126183096058                  0.0
                                  0.0              0.0      .00563153853883      149.9963397                  0.0

 395B                 -9753.391415412  11261.830965198      -.0097533914154   .0112618309652      63.414418344343  63.414418344343
                      -5630.292406834     -150.0036603      -.0056302924068     -150.0036603      -.355271368E-14       -0.0000000

            TERRA                 0.0              0.0      .00975339141541   .0112618309652                  0.0
                                  0.0              0.0      .00563029240683       29.9963397                  0.0

 395C                 .71945184471786  11261.830956744      .71945184472E-6  .01126183095674      63.414418249139  63.414418249139
                      11261.830933763       89.9963397      .01126183093376       89.9963397      -.867361738E-18       -0.0000000

            TERRA                 0.0              0.0      -.7194518447E-6  .01126183095674                  0.0
                                  0.0              0.0      -.0112618309338      -90.0036603                  0.0

 390A                 408167.18434489  408167.18442614      .27997670997721  1.8950043774209      57146.284826465  2.7148274423816
                       -8.14437967846       -0.0011433      -1.874207734568      -81.5037532      382493.90682972      108.6290081

            X0002A    408053.37145216  408053.37205873      -.2799767099772  1.8950043774209      -57143.56999902
                      -22.24916853741       -0.0031241      1.8742077345681       98.4962468      -382385.2778216

 391A                 281560.88636572  281560.88673442      -.4053842463723  1.4361526667676      -57080.10004802  -57080.10004802
                      -14.40925633333       -0.0029322      1.3777511005464      106.3957918      -193957.4898878  -193957.4898878

            TERRA                 0.0              0.0      .40538424637225  1.4361526667676                  0.0
                                  0.0              0.0      -1.377751100546      -73.6042082                  0.0

 X0002A               408053.37145216  408053.37205873      .27971625341024  .99094931996766      57080.155736154  57080.155736154
                      -22.24916853741       -0.0031241      -.9506520774303      -73.6042082      193955.28090968   193955.2809097

            TERRA                 0.0              0.0      -.2797162534102  .99094931996766                  0.0
                                  0.0              0.0      .95065207743028      106.3957918                  0.0

 397A                 9752.9422521482  11262.083132415      -.0065018595533  .00650185955662      -31.70671687445  -63.41426231658
                      -5631.574727168      -30.0031321      .20828883862E-6      179.9981645      18.306838255422        0.0014351

            397B      -9753.557907031   11262.08313593      .00650185955328  .00650185955662      -31.70754544213
                      -5630.508388663     -150.0031321      -.2082888386E-6       -0.0018355      -18.30540315696

 X0002A               408053.37145216  408053.37205873      .31081357153E-3  .31081357169E-3      63.414262988893  63.414262988893
                      -22.24916853741       -0.0031241      -.9957147995E-8       -0.0018355      -.0014261478636       -0.0014261

            TERRA                 0.0              0.0      -.3108135715E-3  .31081357169E-3                  0.0
                                  0.0              0.0       .9957147995E-8      179.9981645                  0.0

 390B                 -204090.6454112  408167.18442614      -1.763099906455  1.8950044253727      57146.284480102  2.7148275797663
                      -353479.0784445     -120.0011433      .69463694981058      158.4962465      382493.91677626      108.6290136

            X0002B    -204045.9540687  408053.37205578      1.7630999064546  1.8950044253727      -57143.56965252
                      -353373.4611913     -120.0031241      -.6946369498106      -21.5037535      -382385.2877627

 391B                 -140792.9219632  281560.88673247      1.3958595955482  1.4361526949774      -57080.09644774  -57080.09644774
                      -243831.6756753     -120.0029322      -.3378025352285      -13.6042096      -193957.4950857  -193957.4950857

            TERRA                 0.0              0.0      -1.395859595548  1.4361526949774                  0.0
                                  0.0              0.0      .33780253522855      166.3957904                  0.0

 X0002B               -204045.9540687  408053.37205578      -.9631469891901  .99094933945271      57080.152140687  57080.152140687
                      -353373.4611913     -120.0031241      .23308468541654      166.3957904      193955.28611034   193955.2861103

            TERRA                 0.0              0.0      .96314698919014  .99094933945271                  0.0
                                  0.0              0.0      -.2330846854165      -13.6042096                  0.0

 397B                 -9753.557907031   11262.08313593      .00325169836287  .00650219290626      -31.70971289387  -63.41751348759
                      -5630.508388663     -150.0031321      .00563071668148       59.9938754      18.305403150671       -0.0033122

            397C      .61564867144561  11262.083135344      -.0032516983629  .00650219290626      -31.70780059371
                      11262.083118517       89.9968679      -.0056307166815     -120.0061246      -18.30871534789

 X0002B               -204045.9540687  408053.37205578      -.1554435275E-3  .31082950717E-3      63.417514180325  63.417514180325
                      -353373.4611913     -120.0031241      -.2691696347E-3     -120.0061247      .00332121018767        0.0033212

            TERRA                 0.0              0.0      .15544352755E-3  .31082950717E-3                  0.0
                                  0.0              0.0      .26916963475E-3       59.9938753                  0.0

 390C                  -204076.538937   408167.1844243      1.4831232415671  1.8950044178641      57146.268271203  2.7148275582585
                      353487.22281907      119.9988567      1.1795707668673       38.4962441      382493.91764678      108.6290127

            X0002C     -204007.417388   408053.3720538      -1.483123241567  1.8950044178641      -57143.55344364
                      353395.71035196      119.9968759      -1.179570766867     -141.5037559       -382385.288634

 391C                 -140767.9644055   281560.8867312       -.990475478422  1.4361526988285      -57080.07775496  -57080.07775496
                      243846.08492652      119.9970678       -1.03994850882     -133.6042151       -193957.501151  -193957.5011510

            TERRA                 0.0              0.0      .99047547842201  1.4361526988285                  0.0
                                  0.0              0.0      1.0399485088201       46.3957849                  0.0

 X0002C                -204007.417388   408053.3720538      .68343082492356  .99094934207965      57080.133443989  57080.133443989
                      353395.71035196      119.9968759       .7175673530146       46.3957849      193955.29217036   193955.2921704

            TERRA                 0.0              0.0      -.6834308249236  .99094934207965                  0.0
                                  0.0              0.0      -.7175673530146     -133.6042151                  0.0

 397C                 .61564867144561  11262.083135344      .00325108269317  .00650244773656      -31.70945765035  -63.41999897035
                      11262.083118517       89.9968679      -.0056313664318      -60.0014364      18.308715229449        0.0018770

            397A      9752.9422521482  11262.083132415      -.0032510826932  .00650244773656      -31.71054132001
                      -5631.574727168      -30.0031321      .00563136643177      119.9985636      -18.30683823949

 X0002C                -204007.417388   408053.3720538      -.1554140956E-3    .310841689E-3      63.419999657722  63.419999657722
                      353395.71035196      119.9968759      .26920069558E-3      119.9985636      -.0018680268782       -0.0018680

            TERRA                 0.0              0.0      .15541409562E-3    .310841689E-3                  0.0
                                  0.0              0.0      -.2692006956E-3      -60.0014364                  0.0

 397A                 9752.9422521482  11262.083132415      .00975294225215  .01126208313241      63.417258240708  63.417258240708
                      -5631.574727168      -30.0031321      -.0056315747272      -30.0031321      .3552713679E-14        0.0000000

            TERRA                 0.0              0.0      -.0097529422521  .01126208313241                  0.0
                                  0.0              0.0      .00563157472717      149.9968679                  0.0

 397B                 -9753.557907031   11262.08313593       -.009753557907  .01126208313593      63.417258280304  63.417258280304
                      -5630.508388663     -150.0031321      -.0056305083887     -150.0031321                  0.0              0.0

            TERRA                 0.0              0.0      .00975355790703  .01126208313593                  0.0
                                  0.0              0.0      .00563050838866       29.9968679                  0.0

 397C                 .61564867144561  11262.083135344      .61564867145E-6  .01126208313534      63.417258273705  63.417258273705
                      11262.083118517       89.9968679      .01126208311852       89.9968679                  0.0              0.0

            TERRA                 0.0              0.0      -.6156486714E-6  .01126208313534                  0.0
                                  0.0              0.0      -.0112620831185      -90.0031321                  0.0

 391A                 281560.88636572  281560.88673442      .56190955229207  4.1389945992772      79135.419637642   6.338572228371
                      -14.40925633333       -0.0029322       -4.10067481616      -82.1974357       577290.7696184      253.6970706

            X0003A    281439.01676594  281439.01816051      -.5619095522921  4.1389945992772      -79129.08106541
                      -28.01739408915       -0.0057038        4.10067481616       97.8025643      -577037.0725478

 9098A                112572.29662479  112572.29713712      -1.404841706702  1.9713627217976      -79065.70189547  -79065.70189547
                      -10.74007230614       -0.0054664      -1.383000636299     -135.4488688      77851.322981595    77851.3229816

            TERRA                 0.0              0.0      1.4048417067024  1.9713627217976                  0.0
                                  0.0              0.0      1.3830006362987       44.5511312                  0.0

 X0003A               281439.01676594  281439.01816051      .56192257713565  .78852529495431      79065.719383577  79065.719383577
                      -28.01739408915       -0.0057038      .55318636831362       44.5511312       -77851.9855964   -77851.9855964

            TERRA                 0.0              0.0      -.5619225771356  .78852529495431                  0.0
                                  0.0              0.0      -.5531863683136     -135.4488688                  0.0

 42077A               9748.5682023144  11257.325577194      -.0064992138841  .00649921390894       -31.6806136231  -63.36168082333
                       -5629.63561483      -30.0057175      .56796488934E-6      179.9949929      18.291334553006        0.0007856

            42077B    -9749.691556619  11257.325576359      .00649921388413  .00649921390894      -31.68106720022
                      -5627.689906431     -150.0057175      -.5679648893E-6       -0.0050071      -18.29054892896

 X0003A               281439.01676594  281439.01816051      .45026934887E-3  .45026935059E-3      63.361681964783  63.361681964783
                      -28.01739408915       -0.0057038       -.393490609E-7       -0.0050071      -.7705063919E-3       -0.0007705

            TERRA                 0.0              0.0      -.4502693489E-3  .45026935059E-3                  0.0
                                  0.0              0.0      .39349060899E-7      179.9949929                  0.0

 391B                 -140792.9219632  281560.88673247       -3.83224325929   4.138994498548      79135.422491821  6.3385719198268
                      -243831.6756753     -120.0029322      1.5637093913642      157.8025648      577290.75490975      253.6970583

            X0003B    -140743.7721585  281439.01816164      3.8322432592895   4.138994498548       -79129.0839199
                      -243719.3294394     -120.0057038      -1.563709391364      -22.1974352      -577037.0578515

 9098B                -56295.44948798  112572.29713746      -.4952930975705  1.9713629480272       -79065.7024176   -79065.7024176
                      -97485.09860359     -120.0054664      1.9081290890172      104.5511375      77851.340600822    77851.3406008

            TERRA                 0.0              0.0      .49529309757054  1.9713629480272                  0.0
                                  0.0              0.0      -1.908129089017      -75.4488625                  0.0

 X0003B               -140743.7721585  281439.01816164      .19811226596357  .78852538542835      79065.719906566  79065.719906566
                      -243719.3294394     -120.0057038      -.7632324767328      -75.4488625      -77852.00321179   -77852.0032118

            TERRA                 0.0              0.0      -.1981122659636  .78852538542835                  0.0
                                  0.0              0.0      .76323247673281      104.5511375                  0.0

 42077B               -9749.691556619  11257.325576359       .0032504776791  .00649945319647      -31.68262240924    -63.364013637
                      -5627.689906431     -150.0057175      .00562825787529       59.9923543      18.290548929696       -0.0021325

            42077C    1.1233558013003   11257.32557604      -.0032504776791  .00649945319647      -31.68139122776
                      11257.325519991       89.9942825      -.0056282578753     -120.0076457       -18.2926813965

 X0003B               -140743.7721585  281439.01816164      -.2251949991E-3  .45028592833E-3      63.364014744626  63.364014744626
                      -243719.3294394     -120.0057038      -.3899290059E-3     -120.0076457        .002147501285        0.0021475

            TERRA                 0.0              0.0      .22519499908E-3  .45028592833E-3                  0.0
                                  0.0              0.0      .38992900591E-3       59.9923543                  0.0

 391C                 -140767.9644055   281560.8867312      3.2703337427913  4.1389946079193      79135.431470647  6.3385722547828
                      243846.08492652      119.9970678      2.5369654264781       37.8025655       577290.7692176      253.6970717

            X0003C    -140695.2446105  281439.01815731      -3.270333742791  4.1389946079193      -79129.09289839
                      243747.34682731      119.9942962      -2.536965426478     -142.1974345      -577037.0721459

 9098C                -56276.84713799  112572.29713584      1.9001346073928  1.9713628226156      -79065.71003394  -79065.71003394
                      97495.838673489      119.9945336      -.5251284149417      -15.4488719      77851.322802397    77851.3228024

            TERRA                 0.0              0.0      -1.900134607393  1.9713628226156                  0.0
                                  0.0              0.0      .52512841494172      164.5511281                  0.0

 X0003C               -140695.2446105  281439.01815731      -.7600347643602  .78852533526751      79065.727522232  79065.727522232
                      243747.34682731      119.9942962      .21004609332886      164.5511281      -77851.98541447   -77851.9854145

            TERRA                 0.0              0.0      .76003476436017  .78852533526751                  0.0
                                  0.0              0.0      -.2100460933289      -15.4488719                  0.0

 42077C               1.1233558013003   11257.32557604      .00324935431854  .00649959275697      -31.68229831994  -63.36537425189
                      11257.325519991       89.9942825      -.0056290676421      -60.0044996      18.292681369699        0.0013469

            42077A    9748.5682023144  11257.325577194      -.0032493543185  .00649959275697      -31.68307593195
                       -5629.63561483      -30.0057175      .00562906764208      119.9955004      -18.29133451368

 X0003C               -140695.2446105  281439.01815731      -.2251171729E-3  .45029559757E-3      63.365375416296  63.365375416296
                      243747.34682731      119.9942962      .38998510695E-3      119.9955004      -.0013318053108       -0.0013318

            TERRA                 0.0              0.0      .22511717293E-3  .45029559757E-3                  0.0
                                  0.0              0.0      -.3899851069E-3      -60.0044996                  0.0

 42077A               9748.5682023144  11257.325577194      .00974856820231  .01125732557719      63.363689575468  63.363689575468
                       -5629.63561483      -30.0057175      -.0056296356148      -30.0057175                  0.0              0.0

            TERRA                 0.0              0.0      -.0097485682023  .01125732557719                  0.0
                                  0.0              0.0      .00562963561483      149.9942825                  0.0

 42077B               -9749.691556619  11257.325576359      -.0097496915566  .01125732557636      63.363689566075  63.363689566075
                      -5627.689906431     -150.0057175      -.0056276899064     -150.0057175                  0.0              0.0

            TERRA                 0.0              0.0      .00974969155662  .01125732557636                  0.0
                                  0.0              0.0      .00562768990643       29.9942825                  0.0

 42077C               1.1233558013003   11257.32557604      .11233558013E-5  .01125732557604      63.363689562487  63.363689562487
                      11257.325519991       89.9942825      .01125732551999       89.9942825                  0.0              0.0

            TERRA                 0.0              0.0      -.1123355801E-5  .01125732557604                  0.0
                                  0.0              0.0        -.01125732552      -90.0057175                  0.0

 9049A                112576.95484936  112576.95579164      -1.292330873477  2.3229566987811      -72729.27923569  .09713030084094
                       -14.5656678621       -0.0074132      -1.930287216419     -123.8023819      108662.34023568        3.8690237

            X0004A     112574.2333414  112574.23405135      1.2923308734769  2.3229566987811      72729.376365987
                      -12.64297504974       -0.0064348      1.9302872164189       56.1976181       -108658.471212

 9098A                112572.29662479  112572.29713712      1.2922694100769   1.892797056006      72729.440854064  72729.440854064
                      -10.74007230614       -0.0054664      1.3830113763106       46.9426519       -77851.3229782   -77851.3229782

            TERRA                 0.0              0.0      -1.292269410077   1.892797056006                  0.0
                                  0.0              0.0      -1.383011376311     -133.0573481                  0.0

 X0004A                112574.2333414  112574.23405135      -1.292269410077   1.892797056006      -72729.37636581  -72729.37636581
                      -12.64297504974       -0.0064348      -1.383011376311     -133.0573481      77853.891760255    77853.8917603

            TERRA                 0.0              0.0      1.2922694100769   1.892797056006                  0.0
                                  0.0              0.0      1.3830113763106       46.9426519                  0.0

 9049B                -56301.09166369  112576.95579288      -1.025512595748  2.3229569640878      -72729.27975731  .09713032301806
                      -97487.21994738     -120.0074132      2.0843351393111      116.1976222      108662.35785833        3.8690245

            X0004B    -56298.06580865  112574.23405215      1.0255125957476  2.3229569640878      72729.376887637
                      -97485.82439838     -120.0064348      -2.084335139311      -63.8023778      -108658.4888338

 9098B                -56295.44948798  112572.29713746      .55158854703768  1.8927972910933      72729.441375785  72729.441375785
                      -97485.09860359     -120.0054664      -1.810643990393      -73.0573419      -77851.34059923   -77851.3405992

            TERRA                 0.0              0.0      -.5515885470377  1.8927972910933                  0.0
                                  0.0              0.0      1.8106439903931      106.9426581                  0.0

 X0004B               -56298.06580865  112574.23405215      -.5515885470377  1.8927972911002      -72729.37688787  -72729.37688787
                      -97485.82439838     -120.0064348      1.8106439904004      106.9426581      77853.909382133    77853.9093821

            TERRA                 0.0              0.0      .55158854703768  1.8927972911002                  0.0
                                  0.0              0.0        -1.8106439904      -73.0573419                  0.0

 9049C                -56275.86318697  112576.95579034      2.3178432724004   2.322956776677      -72729.28737581  .09713030734565
                      97501.785612273      119.9925868      -.1540478850808       -3.8023849      108662.34006169        3.8690239

            X0004C      -56276.167534  112574.23405006        -2.3178432724   2.322956776677      72729.384506115
                      97498.467370744      119.9935652      .15404788508078      176.1976151      -108658.4710378

 9098C                -56276.84713799  112572.29713584      -1.843857760265  1.8927971524671      72729.448993759  72729.448993759
                      97495.838673489      119.9945336      .42763257628394      166.9426486      -77851.32280243   -77851.3228024

            TERRA                 0.0              0.0      1.8438577602647  1.8927971524671                  0.0
                                  0.0              0.0      -.4276325762839      -13.0573514                  0.0

 X0004C                 -56276.167534  112574.23405006      1.8438577602792  1.8927971524796      -72729.38450555  -72729.38450555
                      97498.467370744      119.9935652      -.4276325762767      -13.0573514      77853.891585668    77853.8915857

            TERRA                 0.0              0.0      -1.843857760279  1.8927971524796                  0.0
                                  0.0              0.0      .42763257627666      166.9426486                  0.0

 9098A                112572.29662479  112572.29713712      .11257229662479  .11257229713712       6336.261041364   6336.261041364
                      -10.74007230614       -0.0054664      -.1074007231E-4       -0.0054664                  0.0              0.0

            TERRA                 0.0              0.0      -.1125722966248  .11257229713712                  0.0
                                  0.0              0.0      .10740072306E-4      179.9945336                  0.0

 9098B                -56295.44948798  112572.29713746       -.056295449488  .11257229713746      6336.2610414026  6336.2610414026
                      -97485.09860359     -120.0054664      -.0974850986036     -120.0054664      .4547473509E-12        0.0000000

            TERRA                 0.0              0.0      .05629544948798  .11257229713746                  0.0
                                  0.0              0.0      .09748509860359       59.9945336                  0.0

 9098C                -56276.84713799  112572.29713584       -.056276847138  .11257229713584      6336.2610412198  6336.2610412198
                      97495.838673489      119.9945336      .09749583867349      119.9945336      .4547473509E-12        0.0000000

            TERRA                 0.0              0.0      .05627684713799  .11257229713584                  0.0
                                  0.0              0.0      -.0974958386735      -60.0054664                  0.0

 X0005A               408167.18434489  408167.18442614      -.6302137077901  3.8411837809194      -128631.7073881  10.126881798744
                       -8.14437967846       -0.0011433      3.7891322913448       99.4430723      -773297.1628844      156.2263783

            X0010A          408248.29        408248.29      .63021370779012  3.8411837809194      128641.83426994
                                  0.0              0.0      -3.789132291345      -80.5569277      773453.38926265

 X0005B               -204090.6454112  408167.18442614      3.5965917572463  3.8411838753609      -128631.7061449  10.126883182471
                      -353479.0784445     -120.0011433      -1.348785118557      -20.5569280        -773297.18263      156.2263818

            X0010B        -204124.145        408248.29      -3.596591757246  3.8411838753609       128641.8330281
                      -353553.3901916     -120.0000000       1.348785118557      159.4430720      773453.40901181

 X0005C                -204076.538937   408167.1844243      -2.966378154231  3.8411838643033      -128631.6717854  10.126886246202
                      353487.22281907      119.9988567      -2.440347132169     -140.5569306      -773297.1860541      156.2263837

            X0010C        -204124.145        408248.29      2.9663781542313  3.8411838643033      128641.79867167
                      353553.39019156      120.0000000      2.4403471321687       39.4430694      773453.41243789

 X0006A               112576.95484936  112576.95579164       -.789183560505  1.8952299561745      -44434.49010652  26.741669669806
                       -14.5656678621       -0.0074132      1.7231035646791      114.6078382      -96985.12860801       91.5349182

            X0009A         112676.528       112676.528      .78918356050503  1.8952299561745      44461.231776193
                                  0.0              0.0      -1.723103564679      -65.3921618      97076.663526232

 X0006B               -56301.09166369  112576.95579288      1.8868432370944  1.8952299513423      -44434.49069567  26.741669776558
                      -97487.21994738     -120.0074132      -.1780987565825       -5.3921614      -96985.12804019       91.5349167

            X0009B         -56338.264       112676.528      -1.886843237094  1.8952299513423       44461.23236545
                      -97580.73565823     -120.0000000      .17809875658249      174.6078386      97076.662956918

 X0006C               -56275.86318697  112576.95579034      -1.097659700936  1.8952299763471      -44434.49000378  26.741671252305
                      97501.785612273      119.9925868      -1.545004803936     -125.3921621      -96985.12990271       91.5349199

            X0009C         -56338.264       112676.528      1.0976597009362  1.8952299763471      44461.231675029
                      97580.735658229      120.0000000      1.5450048039359       54.6078379       97076.66482258

 X0008A               281560.88636572  281560.88673442      -.2807052561167  1.3976258805896      -39527.67455268  8.4425105452756
                      -14.40925633333       -0.0029322      1.3691466909291      101.5863384      -192747.0555544       91.3137664

            X0007A          281691.32        281691.32      .28070525611673  1.3976258805896       39536.11706323
                                  0.0              0.0      -1.369146690929      -78.4136616      192838.36932073

 X0008B               -140792.9219632  281560.88673247       1.326068491449  1.3976259308452      -39527.67591034  8.4425116449347
                      -243831.6756753     -120.0029322      -.4414754789986      -18.4136616      -192747.0624968       91.3137709

            X0007B         -140845.66        281691.32      -1.326068491449  1.3976259308452      39536.118421982
                      -243951.8391456     -120.0000000      .44147547899856      161.5863384      192838.37626767

 X0008C               -140767.9644055   281560.8867312      -1.045363244166  1.3976259124826      -39527.66869294  8.4425129577285
                      243846.08492652      119.9970678      -.9276712127635     -138.4136636      -192747.0613371       91.3137699

            X0007C         -140845.66        281691.32      1.0453632441657  1.3976259124826      39536.111205898
                      243951.83914557      120.0000000      .92767121276351       41.5863364      192838.37510704

 391A                 281560.88636572  281560.88673442      .96195657449E-3  .00183578274068      135.43593778963  .03639369067142
                      -14.40925633333       -0.0029322      -.0015635657389      -58.3988167      220.11254712435        0.0977020

            E001A     281449.45179822  281449.45415401      -.9619565745E-3  .00183578274068       -135.399544099
                      -36.41526006257       -0.0074132      .00156356573887      121.6011833      -220.0148450784

 391B                 -140792.9219632  281560.88673247      -.0018350658747  .00183578267894       135.4359383963  .03639368868232
                      -243831.6756753     -120.0029322      -.5129600273E-4     -178.3988153      220.11253654315        0.0977020

            E001B      -140756.262441  281449.45415712      .00183506587467  .00183578267894      -135.3995447076
                      -243724.1675111     -120.0074132      .51296002735E-4        1.6011847      -220.0148345049

 391C                 -140767.9644055   281560.8867312      .87310930022E-3  .00183578274715      135.43594725074  .03639369213974
                      243846.08492652      119.9970678      .00161486174164       61.6011856      220.11254236862        0.0977020

            E001C     -140693.1893605  281449.45415077      -.8731093002E-3  .00183578274715      -135.3995535586
                      243760.58276376      119.9925868      -.0016148617416     -118.3988144      -220.0148403222

 E001A                281449.45179822  281449.45415401      .96172385611E-3  .00183545530793      135.36679047504  .16845547179E-9
                      -36.41526006257       -0.0074132      -.0015633244743      -58.4010576      219.98089742768        0.0000000

            ST001A    281449.45179797  281449.45415376      -.9617238561E-3  .00183545530793      -135.3667904749
                      -36.41526000241       -0.0074132      .00156332447432      121.5989424      -219.9808974275

 ST001A               281449.45179797  281449.45415376      .28144945179797  .28144945415376      39606.897621725  39606.897621725
                      -36.41526000241       -0.0074132         -.3641526E-4       -0.0074132                  0.0              0.0

            TERRA                 0.0              0.0       -.281449451798  .28144945415376                  0.0
                                  0.0              0.0      .36415260002E-4      179.9925868                  0.0

 9049A                112576.95484936  112576.95579164      .70123636722565  .70124676251137      39471.499618092  39471.499618092
                       -14.5656678621       -0.0074132      .00381827354431        0.3119758      -220.0317922091     -220.0317922

            TERRA                 0.0              0.0      -.7012363672256  .70124676251137                  0.0
                                  0.0              0.0      -.0038182735443     -179.6880242                  0.0

 ST001A               281449.45179797  281449.45415376      -.2804874777794   .2804916358362      -39471.49562046  -39471.49562046
                      -36.41526000241       -0.0074132      -.0015272796154     -179.6880224      220.03301746397      220.0330175

            TERRA                 0.0              0.0      .28048747777939   .2804916358362                  0.0
                                  0.0              0.0       .0015272796154        0.3119776                  0.0

 E001B                 -140756.262441  281449.45415712      -.0018348509911  .00183556990004      135.39322711945  .16845547179E-9
                      -243724.1675111     -120.0074132      -.5136826076E-4     -178.3963733       219.9835629658        0.0000000

            ST001B    -140756.2624408  281449.45415686      .00183485099114  .00183556990004      -135.3932271193
                      -243724.1675109     -120.0074132      .51368260756E-4        1.6036267      -219.9835629656

 ST001B               -140756.2624408  281449.45415686      -.1407562624408  .28144945415686      39606.897622598  39606.897622598
                      -243724.1675109     -120.0074132      -.2437241675109     -120.0074132      .3637978807E-11        0.0000000

            TERRA                 0.0              0.0      .14075626244078  .28144945415686                  0.0
                                  0.0              0.0      .24372416751094       59.9925868                  0.0

 9049B                -56301.09166369  112576.95579288      -.3473114967346  .70124680707247      39471.502131438  39471.502131438
                      -97487.21994738     -120.0074132      -.6091976761818     -119.6880254      -220.0309677976     -220.0309678

            TERRA                 0.0              0.0      .34731149673462  .70124680707247                  0.0
                                  0.0              0.0      .60919767618179       60.3119746                  0.0

 ST001B               -140756.2624408  281449.45415686      .13892108201981  .28049166581773      -39471.49983205  -39471.49983205
                      -243724.1675109     -120.0074132      .24367295205593       60.3119797       220.0344621543      220.0344622

            TERRA                 0.0              0.0      -.1389210820198  .28049166581773                  0.0
                                  0.0              0.0      -.2436729520559     -119.6880203                  0.0

 E001C                -140693.1893605  281449.45415077       .8731149137E-3  .00183588201321       135.4125423931  .16851231521E-9
                      243760.58276376      119.9925868      .00161497155204       61.6026615      220.02324928367        0.0000000

            ST001C    -140693.1893604  281449.45415051      -.8731149137E-3  .00183588201321      -135.4125423929
                      243760.58276351      119.9925868       -.001614971552     -118.3973385      -220.0232492835

 ST001C               -140693.1893604  281449.45415051      -.1406931893604  .28144945415051      39606.897620811  39606.897620811
                      243760.58276351      119.9925868      .24376058276351      119.9925868                  0.0              0.0

            TERRA                 0.0              0.0      .14069318936045  .28144945415051                  0.0
                                  0.0              0.0      -.2437605827635      -60.0074132                  0.0

 9049C                -56275.86318697  112576.95579034      -.3539248108864  .70124679326577      39471.501388761  39471.501388761
                      97501.785612273      119.9925868      .60537946224213      120.3119654      -220.0246202842     -220.0246203

            TERRA                 0.0              0.0      .35392481088638  .70124679326577                  0.0
                                  0.0              0.0      -.6053794622421      -59.6880346                  0.0

 ST001C               -140693.1893604  281449.45415051      .14156636595726  .28049168312364       -39471.5023287   -39471.5023287
                      243760.58276351      119.9925868       -.242145717144      -59.6880365      220.02331524497      220.0233152

            TERRA                 0.0              0.0      -.1415663659573  .28049168312364                  0.0
                                  0.0              0.0      .24214571714401      120.3119635                  0.0

 390A                 408167.18434489  408167.18442614      .01890115958053  .08024885221848      3857.7341383167  .53872799118062
                       -8.14437967846       -0.0011433      -.0779911818663      -76.3770252      15916.643583929        4.3930435

            E002A     408057.61667235  408057.61720671      -.0189011595805  .08024885221848      -3857.195410325
                      -20.88300034538       -0.0029322      .07799118186625      103.6229748      -15912.25054044

 390B                 -204090.6454112  408167.18442614      -.0769929274389  .08024885515956      3857.7343215544  .53872805311357
                      -353479.0784445     -120.0011433      .02262670720201      163.6229750      15916.644157122        4.3930438

            E002B     -204046.8935426  408057.61720388      .07699292743892  .08024885515956      -3857.195593501
                      -353377.8207439     -120.0029322       -.022626707202      -16.3770250      -15912.25111336

 390C                  -204076.538937   408167.1844243      .05809176786859  .08024885388191      3857.7337329338  .53872807066455
                      353487.22281907      119.9988567      .05536447466798       43.6229731      15916.644031413        4.3930437

            E002C     -204010.7231341  408057.61720204      -.0580917678686  .08024885388191      -3857.195004863
                      353398.70373686      119.9970678       -.055364474668     -136.3770269      -15912.25098775

 E002A                408057.61667235  408057.61720671      .01890076566369  .08024870380002      3857.1150393446  .32199295674E-6
                      -20.88300034538       -0.0029322      -.0779911246163      -76.3772889      15912.238863906        0.0000003

            ST002A    408057.61666266  408057.61719702      -.0189007656637  .08024870380002      -3857.115039023
                      -20.88299443634       -0.0029322      .07799112461626      103.6227111      -15912.23886358

 ST002A               408057.61666266  408057.61719702      .40805761666266  .40805761719702      83255.509476255  83255.509476255
                      -20.88299443634       -0.0029322      -.2088299444E-4       -0.0029322                  0.0              0.0

            TERRA                 0.0              0.0      -.4080576166627  .40805761719702                  0.0
                                  0.0              0.0      .20882994436E-4      179.9970678                  0.0

 391A                 281560.88636572  281560.88673442      .56399369239807  .57520259713107      79398.467840605  79398.467840605
                      -14.40925633333       -0.0029322       .1130006313324       11.3296524      -15912.34232376   -15912.3423238

            TERRA                 0.0              0.0      -.5639936923981  .57520259713107                  0.0
                                  0.0              0.0      -.1130006313324     -168.6703476                  0.0

 ST002A               408057.61666266  408057.61719702      -.3891571760178  .39689135092372      -79398.46074519  -79398.46074519
                      -20.88299443634       -0.0029322      -.0779707431793     -168.6703474      15912.341199156    15912.3411992

            TERRA                 0.0              0.0      .38915717601776  .39689135092372                  0.0
                                  0.0              0.0      .07797074317932       11.3296526                  0.0

 E002B                -204046.8935426  408057.61720388      -.0769928738009  .08024886327718      3857.1527857877  .32199477573E-6
                      -353377.8207439     -120.0029322      .02262691850774      163.6228194      15912.263194264        0.0000003

            ST002B    -204046.8935326  408057.61719419      .07699287380092  .08024886327718      -3857.152785466
                      -353377.8207385     -120.0029322      -.0226269185077      -16.3771806      -15912.26319394

 ST002B               -204046.8935326  408057.61719419      -.2040468935326  .40805761719419        83255.5094751    83255.5094751
                      -353377.8207385     -120.0029322      -.3533778207385     -120.0029322                  0.0              0.0

            TERRA                 0.0              0.0      .20404689353259  .40805761719419                  0.0
                                  0.0              0.0      .35337782073851       59.9970678                  0.0

 391B                 -140792.9219632  281560.88673247      -.1841349601746  .57520212632274       79398.39356801   79398.39356801
                      -243831.6756753     -120.0029322      -.5449328422546     -108.6703141      -15912.37562249   -15912.3756225

            TERRA                 0.0              0.0      .18413496017456  .57520212632274                  0.0
                                  0.0              0.0      .54493284225464       71.3296859                  0.0

 ST002B               -204046.8935326  408057.61719419      .12705373764038  .39689109610537      -79398.40450139  -79398.40450139
                      -353377.8207385     -120.0029322      .37600517272949       71.3296716      15912.357261799    15912.3572618

            TERRA                 0.0              0.0      -.1270537376404  .39689109610537                  0.0
                                  0.0              0.0      -.3760051727295     -108.6703284                  0.0

 E002C                -204010.7231341  408057.61720204       .0580916821491  .08024871423513      3857.1838751602  .32199386624E-6
                      353398.70373686      119.9970678        .055364362197       43.6229572      15912.224368527        0.0000003

            ST002C    -204010.7231344  408057.61719235      -.0580916821491  .08024871423513      -3857.183874838
                      353398.70372551      119.9970678       -.055364362197     -136.3770428      -15912.22436821

 ST002C               -204010.7231344  408057.61719235      -.2040107231344  .40805761719235      83255.509474351  83255.509474351
                      353398.70372551      119.9970678      .35339870372551      119.9970678                  0.0              0.0

            TERRA                 0.0              0.0      .20401072313442  .40805761719235                  0.0
                                  0.0              0.0      -.3533987037255      -60.0029322                  0.0

 391C                 -140767.9644055   281560.8867312      -.3798581361771  .57520225873347      79398.417589779  79398.417589779
                      243846.08492652      119.9970678      .43193221092224      131.3296652      -15912.35062079   -15912.3506208

            TERRA                 0.0              0.0      .37985813617706  .57520225873347                  0.0
                                  0.0              0.0      -.4319322109222      -48.6703348                  0.0

 ST002C               -204010.7231344  408057.61719235      .26210296154022  .39689102237951      -79398.39789405  -79398.39789405
                      353398.70372551      119.9970678      -.2980344295502      -48.6703577      15912.313679724    15912.3136797

            TERRA                 0.0              0.0      -.2621029615402  .39689102237951                  0.0
                                  0.0              0.0      .29803442955017      131.3296423                  0.0

 390A                 408167.18434489  408167.18442614      .02694741513211  .06230907884616      5499.7540579309  2.3985598383415
                       -8.14437967846       -0.0011433      -.0561805849414      -64.3749652      11465.425850194        8.2156888

            E003A     407896.11783769   407896.1212519      -.0269474151321  .06230907884616      -5497.355498093
                      -52.77584843174       -0.0074132      .05618058494137      115.6250348      -11457.21016137

 390B                 -204090.6454112  408167.18442614      -.0621275210111  .06230907846715       5499.754179442  2.3985598444497
                      -353479.0784445     -120.0011433      .00475314553117      175.6250356      11465.425706119        8.2156886

            E003B     -203993.7641465  407896.12125639       .0621275210111  .06230907846715      -5497.355619598
                      -353222.0122322     -120.0074132      -.0047531455312       -4.3749644      -11457.21001749

 390C                  -204076.538937   408167.1844243      .03518010591936  .06230907941679      5499.7542408581  2.3985599817179
                      353487.22281907      119.9988567      .05142743941973       55.6250355      11465.425891545        8.2156890

            E003C     -203902.3536959  407896.12124719      -.0351801059194  .06230907941679      -5497.355680876
                      353274.78806984      119.9925868      -.0514274394197     -124.3749645      -11457.21020259

 E003A                407896.11783769   407896.1212519      .02694727502472  .06230871596538      5497.3269146157  .19411800167E-6
                      -52.77584843174       -0.0074132       -.056180249679      -64.3749480       11457.14178896        0.0000002

            ST003A    407896.11782937  407896.12124359      -.0269472750247  .06230871596538      -5497.326914422
                      -52.77584550844       -0.0074132      .05618024967902      115.6250520      -11457.14178877

 ST003A               407896.11782937  407896.12124359      .40789611782937  .40789612124359      83189.622862782  83189.622862782
                      -52.77584550844       -0.0074132      -.5277584551E-4       -0.0074132                  0.0              0.0

            TERRA                 0.0              0.0      -.4078961178294  .40789612124359                  0.0
                                  0.0              0.0      .52775845508E-4      179.9925868                  0.0

 9049A                112576.95484936  112576.95579164      1.3802773952484  1.3951784999244      77692.231928075  77692.231928075
                       -14.5656678621       -0.0074132      .20336508750916        8.3814522      -11457.16346828   -11457.1634683

            TERRA                 0.0              0.0      -1.380277395248  1.3951784999244                  0.0
                                  0.0              0.0      -.2033650875092     -171.6185478                  0.0

 ST003A               407896.11782937  407896.12124359      -.3809486329556  .38506125397211      -77692.25314651  -77692.25314651
                      -52.77584550844       -0.0074132      -.0561276078224     -171.6185461      11457.169110007    11457.1691100

            TERRA                 0.0              0.0      .38094863295555  .38506125397211                  0.0
                                  0.0              0.0      .05612760782242        8.3814539                  0.0

 E003B                -203993.7641465  407896.12125639      -.0621272192802  .06230877353735      5497.3342856363  .19411891117E-6
                      -353222.0122322     -120.0074132      .00475309207104      175.6250635      11457.151275729        0.0000002

            ST003B    -203993.7641398  407896.12124808      .06212721928023  .06230877353735      -5497.334285442
                      -353222.0122264     -120.0074132       -.004753092071       -4.3749365      -11457.15127553

 ST003B               -203993.7641398  407896.12124808      -.2039937641398  .40789612124808      83189.622864615  83189.622864615
                      -353222.0122264     -120.0074132      -.3532220122264     -120.0074132                  0.0              0.0

            TERRA                 0.0              0.0      .20399376413984  .40789612124808                  0.0
                                  0.0              0.0      .35322201222643       59.9925868                  0.0

 9049B                -56301.09166369  112576.95579288      -.5140196084976  1.3951788735213        77692.2536629    77692.2536629
                      -97487.21994738     -120.0074132      -1.297038137913     -111.6185525      -11457.16023153   -11457.1602315

            TERRA                 0.0              0.0      .51401960849762  1.3951788735213                  0.0
                                  0.0              0.0      1.2970381379128       68.3814475                  0.0

 ST003B               -203993.7641398  407896.12124808      .14186644554138  .38506134061901      -77692.27163373  -77692.27163373
                      -353222.0122264     -120.0074132      .35797506570816       68.3814489      11457.164880239    11457.1648802

            TERRA                 0.0              0.0      -.1418664455414  .38506134061901                  0.0
                                  0.0              0.0      -.3579750657082     -111.6185511                  0.0

 E003C                -203902.3536959  407896.12124719      .03518027369864   .0623092134592      5497.3469890642  .19412254915E-6
                      353274.78806984      119.9925868      .05142748705111       55.6249329      11457.244694757        0.0000002

            ST003C    -203902.3536942  407896.12123888      -.0351802736986   .0623092134592       -5497.34698887
                      353274.78806117      119.9925868      -.0514274870511     -124.3750671      -11457.24469456

 ST003C               -203902.3536942  407896.12123888      -.2039023536942  .40789612123888      83189.622860861  83189.622860861
                      353274.78806117      119.9925868      .35327478806117      119.9925868                  0.0              0.0

            TERRA                 0.0              0.0      .20390235369425  .40789612123888                  0.0
                                  0.0              0.0      -.3532747880612      -60.0074132                  0.0

 9049C                -56275.86318697  112576.95579034      -.8662582039833  1.3951788010042      77692.248825384  77692.248825384
                      97501.785612273      119.9925868       1.093672990799      128.3814515      -11457.16504408   -11457.1650441

            TERRA                 0.0              0.0      .86625820398331  1.3951788010042                  0.0
                                  0.0              0.0      -1.093672990799      -51.6185485                  0.0

 ST003C               -203902.3536942  407896.12123888      .23908227682114  .38506132358634       -77692.2678409   -77692.2678409
                      353274.78806117      119.9925868      -.3018474578857      -51.6185493      11457.166776821    11457.1667768

            TERRA                 0.0              0.0      -.2390822768211  .38506132358634                  0.0
                                  0.0              0.0      .30184745788574      128.3814507                  0.0

 RPI_C                -56275.86318697  112576.95579034                  0.0              0.0                  0.0              0.0
                      97501.785612273      119.9925868                  0.0              0.0                  0.0              0.0

            MEASUC    -56275.86318697  112576.95579034                  0.0              0.0                  0.0
                      97501.785612273      119.9925868                  0.0              0.0                  0.0

 RPI_B                -56301.09166369  112576.95579288                  0.0              0.0                  0.0              0.0
                      -97487.21994738     -120.0074132                  0.0              0.0                  0.0              0.0

            MEASUB    -56301.09166369  112576.95579288                  0.0              0.0                  0.0
                      -97487.21994738     -120.0074132                  0.0              0.0                  0.0

 RPI_A                112576.95484936  112576.95579164                  0.0              0.0                  0.0              0.0
                       -14.5656678621       -0.0074132                  0.0              0.0                  0.0              0.0

            MEASUA    112576.95484936  112576.95579164                  0.0              0.0                  0.0
                       -14.5656678621       -0.0074132                  0.0              0.0                  0.0

 X0001A               408044.23434688  408044.23517586      -.5886890319E-4  .92353496885842      -.177635684E-14  -.177635684E-14
                      -26.00996972066       -0.0036522      -.9235349669822      -90.0036522        188421.560013   188421.5600130

            TERRA                 0.0              0.0      .58868903186E-4  .92353496885842                  0.0
                                  0.0              0.0      .92353496698218       89.9963478                  0.0

 X0001B               -204044.6424651  408044.23517271      -.7997753082338  .92353496885129                  0.0              0.0
                      -353363.6678254     -120.0036522      .46181846545014      149.9963478      188421.56001009   188421.5600101

            TERRA                 0.0              0.0      .79977530823378  .92353496885129                  0.0
                                  0.0              0.0      -.4618184654501      -30.0036522                  0.0

 X0001C               -203999.5918869  408044.23517017      .79983417711614  .92353496884555                  0.0              0.0
                      353389.67778588      119.9963478      .46171650154342       29.9963478      188421.56000775   188421.5600077

            TERRA                 0.0              0.0      -.7998341771161  .92353496884555                  0.0
                                  0.0              0.0      -.4617165015434     -150.0036522                  0.0

 X0002A               408053.37145216  408053.37205873      -.5035700397E-4  .92355564855467      -.177635684E-14  -.177635684E-14
                      -22.24916853741       -0.0031241      -.9235556471818      -90.0031241      188429.99833831   188429.9983383

            TERRA                 0.0              0.0      .50357003974E-4  .92355564855467                  0.0
                                  0.0              0.0      .92355564718181       89.9968759                  0.0

 X0002B               -204045.9540687  408053.37205578      -.7997974737617    .923555648548      .1455191523E-10  .1455191523E-10
                      -353373.4611913     -120.0031241      .46182143402983      149.9968759      188429.99833559   188429.9983356

            TERRA                 0.0              0.0      .79979747376167    .923555648548                  0.0
                                  0.0              0.0      -.4618214340298      -30.0031241                  0.0

 X0002C                -204007.417388   408053.3720538       .7998478307479  .92355564854352                  0.0              0.0
                      353395.71035196      119.9968759       .4617342131622       29.9968759      188429.99833376   188429.9983338

            TERRA                 0.0              0.0      -.7998478307479  .92355564854352                  0.0
                                  0.0              0.0      -.4617342131622     -150.0031241                  0.0

 X0003A               281439.01676594  281439.01816051      -.4632941915E-3  4.6538611681436                  0.0              0.0
                      -28.01739408915       -0.0057038      -4.653861145083      -90.0057038      654889.05890884   654889.0589088

            TERRA                 0.0              0.0      .46329419153E-3  4.6538611681436                  0.0
                                  0.0              0.0       4.653861145083       89.9942962                  0.0

 X0003B               -140743.7721585  281439.01816164      -4.030130330249  4.6538611681622      .5820766091E-10  .5820766091E-10
                      -243719.3294394     -120.0057038      2.3273317970883      149.9942962      654889.05891408   654889.0589141

            TERRA                 0.0              0.0      4.0301303302487  4.6538611681622                  0.0
                                  0.0              0.0      -2.327331797088      -30.0057038                  0.0

 X0003C               -140695.2446105  281439.01815731      4.0305936243378  4.6538611680907                  0.0              0.0
                      243747.34682731      119.9942962       2.326529348044       29.9942962      654889.05889395   654889.0588940

            TERRA                 0.0              0.0      -4.030593624338  4.6538611680907                  0.0
                                  0.0              0.0      -2.326529348044     -150.0057038                  0.0

 X0004A                112574.2333414  112574.23405135      -.6146339696E-4  .54727584355291       -.44408921E-15   -.44408921E-15
                      -12.64297504974       -0.0064348      -.5472758401015      -90.0064348      30804.579451389    30804.5794514

            TERRA                 0.0              0.0      .61463396964E-4  .54727584355291                  0.0
                                  0.0              0.0       .5472758401015       89.9935652                  0.0

 X0004B               -56298.06580865  112574.23405215      -.4739240487103  .54727584355676                  0.0              0.0
                      -97485.82439838     -120.0064348      .27369114891574      149.9935652      30804.579451822    30804.5794518

            TERRA                 0.0              0.0      .47392404871029  .54727584355676                  0.0
                                  0.0              0.0      -.2736911489157      -30.0064348                  0.0

 X0004C                 -56276.167534  112574.23405006      .47398551209418  .54727584354664                  0.0              0.0
                      97498.467370744      119.9935652       .2735846911918       29.9935652      30804.579450683    30804.5794507

            TERRA                 0.0              0.0      -.4739855120942  .54727584354664                  0.0
                                  0.0              0.0      -.2735846911918     -150.0064348                  0.0

     Total network loss  P-loss  by summing injections =   6.379174637391E+05

Output for steady-state phasor switch currents.
      Node-K    Node-M            I-real            I-imag            I-magn          Degrees        Power            Reactive
      X0005A    390A          6.30213708E-01   -3.78913229E+00    3.84118378E+00     -80.5569    1.28631707E+05    7.73297163E+05
      X0005B    390B         -3.59659176E+00    1.34878512E+00    3.84118388E+00     159.4431    1.28631706E+05    7.73297183E+05
      X0005C    390C          2.96637815E+00    2.44034713E+00    3.84118386E+00      39.4431    1.28631672E+05    7.73297186E+05
      X0006A    9049A         7.89183561E-01   -1.72310356E+00    1.89522996E+00     -65.3922    4.44344901E+04    9.69851286E+04
      X0006B    9049B        -1.88684324E+00    1.78098757E-01    1.89522995E+00     174.6078    4.44344907E+04    9.69851280E+04
      X0006C    9049C         1.09765970E+00    1.54500480E+00    1.89522998E+00      54.6078    4.44344900E+04    9.69851299E+04
      X0008A    391A          2.80705256E-01   -1.36914669E+00    1.39762588E+00     -78.4137    3.95276746E+04    1.92747056E+05
      X0008B    391B         -1.32606849E+00    4.41475479E-01    1.39762593E+00     161.5863    3.95276759E+04    1.92747062E+05
      X0008C    391C          1.04536324E+00    9.27671213E-01    1.39762591E+00      41.5863    3.95276687E+04    1.92747061E+05
      XX0014    RPI_C             Open              Open              Open             Open          Open              Open
      XX0015    RPI_B             Open              Open              Open             Open          Open              Open
      XX0016    RPI_A             Open              Open              Open             Open          Open              Open
      9049A     MEASUA        6.44396152E-07    1.96993909E-07    6.73834551E-07      16.9986    3.62706436E-02   -1.10931802E-02
      9049B     MEASUB        4.44241323E-07   -5.18052673E-07    6.82443349E-07     -49.3862    1.27461217E-02   -3.62373913E-02
      9049C     MEASUC       -4.82970108E-07    1.97688678E-07    5.21862950E-07     157.7398    2.32272794E-02   -1.79826735E-02
      T_MANC    MEASUC            Open              Open              Open             Open          Open              Open
      T_MANA    MEASUA            Open              Open              Open             Open          Open              Open
      T_MANB    MEASUB            Open              Open              Open             Open          Open              Open

Solution at nodes with known voltage.   Nodes that are shorted together by switches are shown as a group of names, with the printed
result applying to the composite group.   The entry "MVA" is  SQRT( P**2 + Q**2 )  in units of power,  while  "P.F."  is the
associated power factor.
              Node                Source  node  voltage             Injected  source  current              Injected  source  power
              name         Rectangular            Polar          Rectangular            Polar            P  and  Q    MVA and P.F.

              X0010A        408248.29        408248.29      .63021370779006  3.8411837809155      128641.83426993  784078.35506724
                                  0.0              0.0      -3.789132291341      -80.5569277      773453.38926184        0.1640676

              X0010B      -204124.145        408248.29       -3.59659175725  3.8411838753642      128641.83302848   784078.3743465
                      -353553.3901916     -120.0000000      1.3487851185569      159.4430720      773453.40901241        0.1640676

              X0010C      -204124.145        408248.29      2.9663781542313  3.8411838643044      128641.79867195  784078.37208892
                      353553.39019156      120.0000000      2.4403471321702       39.4430694      773453.41243805        0.1640675

              X0009A       112676.528       112676.528      .78918356050514  1.8952299561745      44461.231776198  106773.96561167
                                  0.0              0.0      -1.723103564679      -65.3921618       97076.66352623        0.4164052

              X0009B       -56338.264       112676.528      -1.886843237095  1.8952299513425      44461.232365455  106773.96533944
                      -97580.73565823     -120.0000000      .17809875658253      174.6078386       97076.66295693        0.4164052

              X0009C       -56338.264       112676.528      1.0976597009362  1.8952299763468      44461.231675015  106773.96674814
                      97580.735658229      120.0000000      1.5450048039356       54.6078379      97076.664822571        0.4164052

              X0007A        281691.32        281691.32      .28070525611679  1.3976258805896      39536.117063238  196849.53958473
                                  0.0              0.0      -1.369146690929      -78.4136616      192838.36932074        0.2008443

              X0007B       -140845.66        281691.32      -1.326068491449  1.3976259308449      39536.118422016  196849.54666296
                      -243951.8391456     -120.0000000       .4414754789982      161.5863384      192838.37626763        0.2008443

              X0007C       -140845.66        281691.32      1.0453632441659  1.3976259124827      39536.111205885  196849.54407672
                      243951.83914557      120.0000000      .92767121276347       41.5863364      192838.37510706        0.2008443

  ---- Initial flux of coil  "X0001A"  to  "      "  =  -6.89935875E-02
  ---- Initial flux of coil  "X0001B"  to  "      "  =  -9.37326241E+02
   Warning.  Preceding flux exceeds the 1st segment.  This means that the steady state solution is not really sinusoidal.
  ---- Initial flux of coil  "X0001C"  to  "      "  =  9.37395234E+02
   Warning.  Preceding flux exceeds the 1st segment.  This means that the steady state solution is not really sinusoidal.
  ---- Initial flux of coil  "X0002A"  to  "      "  =  -5.90177525E-02
  ---- Initial flux of coil  "X0002B"  to  "      "  =  -9.37352218E+02
   Warning.  Preceding flux exceeds the 1st segment.  This means that the steady state solution is not really sinusoidal.
  ---- Initial flux of coil  "X0002C"  to  "      "  =  9.37411236E+02
   Warning.  Preceding flux exceeds the 1st segment.  This means that the steady state solution is not really sinusoidal.
  ---- Initial flux of coil  "X0003A"  to  "      "  =  -7.43184460E-02
  ---- Initial flux of coil  "X0003B"  to  "      "  =  -6.46485600E+02
   Warning.  Preceding flux exceeds the 1st segment.  This means that the steady state solution is not really sinusoidal.
  ---- Initial flux of coil  "X0003C"  to  "      "  =  6.46559919E+02
   Warning.  Preceding flux exceeds the 1st segment.  This means that the steady state solution is not really sinusoidal.
  ---- Initial flux of coil  "X0004A"  to  "      "  =  -3.35365329E-02
  ---- Initial flux of coil  "X0004B"  to  "      "  =  -2.58589181E+02
   Warning.  Preceding flux exceeds the 1st segment.  This means that the steady state solution is not really sinusoidal.
  ---- Initial flux of coil  "X0004C"  to  "      "  =  2.58622717E+02
   Warning.  Preceding flux exceeds the 1st segment.  This means that the steady state solution is not really sinusoidal.

Card of names for time-step loop output.          |  9049A 9049B 9049C T_MANAT_MANBT_MANC1_2LTC1_2LTA1_2LTBT_OPOAT_OPOBT_OPOC
Output voltage differences for pairs of A6 names  |-5T_MANAT_MANCT_MANBT_MANAT_MANCT_MANB1_2LTC1_2LTB1_2LTA1_2LTC1_2LTB1_2LTA
Output voltage differences for pairs of A6 names  |-5T_OPOAT_OPOCT_OPOBT_OPOAT_OPOCT_OPOB
Blank card ending requests for output variables.  |BLANK OUTPUT

Column headings for the  49   EMTP output variables follow.  These are divided among the 5 possible classes as follows ....
  First  33     output variables are electric-network voltage differences (upper voltage minus lower voltage);
  Next   16     output variables are branch currents (flowing from the upper node to the lower node);
Branch power  consumption (power  flow, if a switch) is treated like a branch voltage for this grouping (9  variables);
Branch energy consumption (energy flow, if a switch) is treated like a branch current for this grouping (9  variables).
   Step      Time      RPI_C      RPI_B      RPI_A      TERRA      TERRA      TERRA      TERRA      TERRA      TERRA      T_MANC
                       MEASUC     MEASUB     MEASUA     PRMANA     PRMANB     PRMANC     PROPOA     PROPOB     PROPOC     MEASUC

                       T_MANA     T_MANB     9049A      9049B      9049C      T_MANA     T_MANB     T_MANC     1_2LTC     1_2LTA
                       MEASUA     MEASUB

                       1_2LTB     T_OPOA     T_OPOB     T_OPOC     T_MANA     T_MANB     T_MANC     1_2LTC     1_2LTA     1_2LTB
                                                                   T_MANC     T_MANA     T_MANB     1_2LTB     1_2LTC     1_2LTA

                       T_OPOA     T_OPOB     T_OPOC     XX0014     XX0015     XX0016     T_MANC     T_MANA     T_MANB     TERRA
                       T_OPOC     T_OPOA     T_OPOB     RPI_C      RPI_B      RPI_A      MEASUC     MEASUA     MEASUB     PRMANA

                       TERRA      TERRA      TERRA      TERRA      TERRA      RPI_C      RPI_B      RPI_A      T_OPOB
                       PRMANB     PRMANC     PROPOA     PROPOB     PROPOC     MEASUC     MEASUB     MEASUA     TERRA
 ***      Phasor I(0) =  6.3021371E-01                     Switch  "X0005A"  to  "390A  "  closed in the steady-state.
 ***      Phasor I(0) = -3.5965918E+00                     Switch  "X0005B"  to  "390B  "  closed in the steady-state.
 ***      Phasor I(0) =  2.9663782E+00                     Switch  "X0005C"  to  "390C  "  closed in the steady-state.
 ***      Phasor I(0) =  7.8918356E-01                     Switch  "X0006A"  to  "9049A "  closed in the steady-state.
 ***      Phasor I(0) = -1.8868432E+00                     Switch  "X0006B"  to  "9049B "  closed in the steady-state.
 ***      Phasor I(0) =  1.0976597E+00                     Switch  "X0006C"  to  "9049C "  closed in the steady-state.
 ***      Phasor I(0) =  2.8070526E-01                     Switch  "X0008A"  to  "391A  "  closed in the steady-state.
 ***      Phasor I(0) = -1.3260685E+00                     Switch  "X0008B"  to  "391B  "  closed in the steady-state.
 ***      Phasor I(0) =  1.0453632E+00                     Switch  "X0008C"  to  "391C  "  closed in the steady-state.
 ***      Phasor I(0) =  6.4439615E-07                     Switch  "9049A "  to  "MEASUA"  closed in the steady-state.
 ***      Phasor I(0) =  4.4424132E-07                     Switch  "9049B "  to  "MEASUB"  closed in the steady-state.
 ***      Phasor I(0) = -4.8297011E-07                     Switch  "9049C "  to  "MEASUC"  closed in the steady-state.
      0       0.0         0.0        0.0        0.0        0.0        0.0        0.0        0.0        0.0        0.0 56275.8632
                   -112576.95 56301.0917 112576.955 -56301.092 -56275.863        0.0        0.0        0.0        0.0        0.0
                          0.0        0.0        0.0        0.0        0.0        0.0        0.0        0.0        0.0        0.0
                          0.0        0.0        0.0        0.0        0.0        0.0        0.0        0.0        0.0        0.0
                          0.0        0.0        0.0        0.0        0.0        0.0        0.0        0.0        0.0
    500      .005         0.0        0.0        0.0        0.0        0.0        0.0        0.0        0.0        0.0 75284.5352
                   34783.6459 -110085.21 -34783.646 110085.214 -75284.535        0.0        0.0        0.0        0.0        0.0
                          0.0        0.0        0.0        0.0        0.0        0.0        0.0        0.0        0.0        0.0
                          0.0        0.0        0.0        0.0        0.0        0.0        0.0        0.0        0.0        0.0
                          0.0        0.0        0.0        0.0        0.0        0.0        0.0        0.0        0.0
   1000       .01         0.0        0.0        0.0        0.0        0.0        0.0        0.0        0.0        0.0 -102907.78
                   91119.2383 11787.5299 -91119.238  -11787.53 102907.777        0.0        0.0        0.0        0.0        0.0
                          0.0        0.0        0.0        0.0        0.0        0.0        0.0        0.0        0.0        0.0
                          0.0        0.0        0.0        0.0        0.0        0.0        0.0        0.0        0.0        0.0
                          0.0        0.0        0.0        0.0        0.0        0.0        0.0        0.0        0.0
   1500      .015         0.0        0.0        0.0        0.0        0.0        0.0        0.0        0.0        0.0 -11803.095
                   -91098.581 102900.483 91098.5814 -102900.48 11803.0947        0.0        0.0        0.0        0.0        0.0
                          0.0        0.0        0.0        0.0        0.0        0.0        0.0        0.0        0.0        0.0
                          0.0        0.0        0.0        0.0        0.0        0.0        0.0        0.0        0.0        0.0
                          0.0        0.0        0.0        0.0        0.0        0.0        0.0        0.0        0.0
   2000       .02         0.0        0.0        0.0        0.0        0.0        0.0        0.0        0.0        0.0 110173.868
                    -34817.45 -75337.682 34817.4504 75337.6824 -110173.87        0.0        0.0        0.0        0.0        0.0
                          0.0        0.0        0.0        0.0        0.0        0.0        0.0        0.0        0.0        0.0
                          0.0        0.0        0.0        0.0        0.0        0.0        0.0        0.0        0.0        0.0
                          0.0        0.0        0.0        0.0        0.0        0.0        0.0        0.0        0.0
 ***                                                             Close switch  "XX0014"  to  "RPI_C "  after  2.00100000E-02  sec.
 ***                                                             Close switch  "XX0015"  to  "RPI_B "  after  2.00100000E-02  sec.
 ***                                                             Close switch  "XX0016"  to  "RPI_A "  after  2.00100000E-02  sec.
   2500      .025  127207.808 .5544021E7 5874.28468  90.016929 .563770921  15.665252 86.0468027  .21717E-5 18.1633712 -10087.926
                   2167.81635 -66597.425 -112716.71  57848.723 56204.9213  -110548.9 -8748.7025 46116.9955 47979.9284 -109418.64
                   -4270.8685 -108083.57 17.1708742 49658.1506 -156665.89 101800.193  54865.698 52250.7969 -157398.56 105147.768
                   -157741.72 108100.741 49640.9797 -25.219814 -166.49356 5.41954089        0.0        0.0        0.0 .168413061
                   .012924518 .141728363 .169764917 .177068E-7 .234124008  2655.2178 46801.0987 469.365455 171.708742
   3000       .03  97202.0982 .1163601E8 145099.641 4.23773992 1.19612748 52.3850894 6.14472536 .430459E-5 59.5654061 8818.25825
                    -10774.03 96482.1799 34760.1197 -109225.45 75514.4713 23986.0902 -12743.275 84332.7296 87246.3632  26530.758
                   -6343.8364 28883.0832 -24.174536 89926.8469 -60346.639 -36729.365 97076.0044 93590.1996 -60715.605 -32874.594
                   -61043.764 -28907.258 89951.0215 22.0456456  241.20545 -26.935074        0.0        0.0        0.0 .382661954
                   .022219728 .489004455 .360074374 .246477E-7 .631180055 2871.16433 65565.3331 822.776535 -241.74536
 ***                                                             Close switch  "T_MANC"  to  "MEASUC"  after  3.00100000E-02  sec.
 ***                                                             Close switch  "T_MANA"  to  "MEASUA"  after  3.00100000E-02  sec.
 ***                                                             Close switch  "T_MANB"  to  "MEASUB"  after  3.00100000E-02  sec.
   3500      .035         0.0        0.0        0.0 67.3944334 2.41998335 71.3175906 84.3302483 .141221E-3  44.707079        0.0
                          0.0        0.0 95654.2621  18125.855 -98398.991 95654.2621  18125.855 -98398.991 -67380.824 121682.242
                   48169.9877 107000.055 -138.46574 -77907.714 194053.253 -77528.407 -116524.85 -115550.81 189063.066 -73512.254
                   184907.769 -107138.52 -77769.248        0.0        0.0        0.0 -9.5648724 54.5531086 1334.47167  .71444752
                   .235173716 .616574891 3.30816454 .548444E-6 .844518086 2872.62884  65740.223 824.951631 -1384.6574
   4000       .04         0.0        0.0        0.0  63.218692 71.8811937 1.67010564 1095.81874 .669329E-4 52.7336668        0.0
                          0.0        0.0 -92643.524 98787.0355 -15057.896 -92643.524 98787.0355 -15057.896 -36096.899  -107975.3
                   79520.6306 -149257.36   95.32616 -84612.845 -77585.628 191430.559 -113844.93 -115617.53 -71878.398 187495.928
                   -64644.518 149352.689 -84708.171        0.0        0.0        0.0 -43.790326 24.3125283 -946.01389   .8294501
                   .470040979 .908897508 3.55943264 .758623E-6  26.001365 2872.62884  65740.223 824.951631   953.2616
   4500      .045         0.0        0.0        0.0 7.74951748 25.5563693 90.7138029 .269319084 .362779E-4  614.11335        0.0
                          0.0        0.0 -32436.176 -58903.607 110975.983 -32436.176 -58903.607 110975.983 136252.865 -2844.1725
                   -12854.699  6046.8038 70.1800376 142787.267 -143412.16 -26467.431  169879.59 149107.565 -139097.04 -10010.527
                   -136740.46 -5976.6238 142717.087        0.0        0.0        0.0 10.3838851 -37.209539 -692.60348  1.1600675
                   .575972065 1.15606544 4.66107514  .13155E-5 26.5357758 2872.62884  65740.223 824.951631 701.800376
   5000       .05         0.0        0.0        0.0 91.0362505 15.4156608 24.7972141 111.183588 .149248E-3 16.1256202        0.0
                          0.0        0.0 111173.043 -45748.134 -58022.142 111173.043 -45748.134 -58022.142 -51317.216 118182.565
                   -13150.526 122860.606 -142.34663 -46789.729 169195.185 -156921.18 -12274.008  -38166.69  169499.78 -131333.09
                   169650.335 -123002.95 -46647.382        0.0        0.0        0.0 36.6567285 -10.429499  1403.1527 1.35674422
                   .860146811 1.31044137 5.53195024 .157578E-5 26.9713988 2872.62884  65740.223 824.951631 -1423.4663
   5500      .055         0.0        0.0        0.0 8.58383596 74.4105216 38.8475059  37.813331 .188785E-5 83.9058114        0.0
                          0.0        0.0 -34137.603  100510.05 -72622.949 -34137.603  100510.05 -72622.949 -82529.244  -48667.11
                   59674.8689 -71649.767 16.0094349 -106730.45  38485.347 134647.652   -173133. -142204.11 33862.1336 108341.979
                   35080.6815 71665.7762 -106746.46        0.0        0.0        0.0 -17.676441   30.04666 -165.22685 1.55544576
                   .981640945 1.66002828 5.76703593 .197696E-5 27.9096604 2872.62884  65740.223 824.951631 160.094349
   6000       .06         0.0        0.0        0.0 63.2475253 .212505509 77.4474667 69.5563717 .126096E-3 74.9071098        0.0
                          0.0        0.0 -92664.648 -5371.2753 102540.616 -92664.648 -5371.2753 102540.616  103687.61  -92811.06
                   3805.00013 -97176.392  130.84093 100844.875 -195205.26  87293.373 107911.891 99882.6097 -196498.67 96616.0597
                   -198021.27 97307.2333 100714.034        0.0        0.0        0.0 -21.258042 -17.584624 -1289.0779 1.88478626
                   1.18614442 1.78610616 6.46201967 .245732E-5 28.0830136 2872.62884  65740.223 824.951631  1308.4093
   6500      .065         0.0        0.0        0.0 61.8628613 62.6148635 1.07093436 129.369633 .701098E-4 19.2151502        0.0
                          0.0        0.0 91644.6916 -92200.023 12057.9572 91644.6916 -92200.023 12057.9572 33511.5572 115306.176
                   -41387.042 132528.257 -97.562232 51075.6856 79586.7344 -183844.72 104257.981 74898.5993  81794.619 -156693.22
                   81452.5714 -132625.82 51173.2478        0.0        0.0        0.0 29.3471335 -11.406696  968.43937 2.00108266
                   1.41820839 2.07896652 6.65895614 .266173E-5 28.7238093 2872.62884  65740.223 824.951631 -975.62232
   7000       .07         0.0        0.0        0.0 9.08095132 33.3481369 90.5571487 .389343676 .368382E-4 545.533409        0.0
                          0.0        0.0 35112.1955 67286.5251 -110880.12 35112.1955 67286.5251 -110880.12 -125472.06 21383.3142
                   36179.5967 7270.40954 -70.719875 -141820.75 145992.314 32174.3295 -178166.64 -161651.65 146855.372 14796.2825
                   149091.161 -7341.1294 -141750.03        0.0        0.0        0.0 -6.0130576  27.970793 695.484151 2.33102222
                   1.52251872 2.32565587 7.27959731 .323247E-5   29.08758 2872.62884  65740.223 824.951631 -707.19875
   7500      .075         0.0        0.0        0.0 93.0515742 21.3211153 23.8389293 128.762508 .146983E-3 10.4491092        0.0
                          0.0        0.0 -112396.86 53801.8578 56889.9674 -112396.86 53801.8578 56889.9674 49057.7297  -121253.2
                   29288.3129 -132216.92 141.262286 37664.4774 -169286.83 166198.717 3088.10959 19769.4168 -170310.93 150541.512
                   -169881.39 132358.179 37523.2151        0.0        0.0        0.0 -23.381899 -2.7572625 -1397.4885 2.52816756
                   1.80577079 2.48036398 7.80210487 .348865E-5 29.4743432 2872.62884  65740.223 824.951631 1412.62286
   8000       .08         0.0        0.0        0.0 8.54614802 70.4167958 41.6487501 36.9669102 .205115E-5  94.636337        0.0
                          0.0        0.0 34062.5783 -97775.589 75195.7506 34062.5783 -97775.589 75195.7506 94231.6731 53681.4309
                   -47100.635 70843.3173 -16.687491 113349.935 -41133.172 -131838.17  172971.34 141332.308 -40550.242 -100782.07
                   -42506.617 -70860.005 113366.622        0.0        0.0        0.0  21.327442 -31.143732 172.083842 2.72632337
                   1.92692477 2.82972254 8.02442705 .388665E-5 29.9648942 2872.62884  65740.223 824.951631 -166.87491
   8500      .085         0.0        0.0        0.0 61.5737462 .473323573 77.7408411 58.0401821 .126212E-3 82.3519934        0.0
                          0.0        0.0 91430.2908 8016.25234 -102734.65 91430.2908 8016.25234 -102734.65 -103306.08  90584.066
                    5064.4681 88768.0533 -130.90102 -105737.58 194164.937 -83414.038  -110750.9 -108370.55 193890.149 -85519.598
                   194505.634 -88898.954 -105606.68        0.0        0.0        0.0 14.0518369 21.2913876 1292.22734 3.05581884
                   2.13146597 2.95595828 8.60389059 .436942E-5  30.137459 2872.62884  65740.223 824.951631 -1309.0102
   9000       .09         0.0        0.0        0.0 61.1870293 65.2532683 1.01069017 122.238626 .702046E-4 18.1555581        0.0
                          0.0        0.0 -91142.722 94122.4985 -11713.895 -91142.722 94122.4985 -11713.895 -30033.527 -110618.72
                   47613.1505 -128823.93 97.6281471 -49647.469 -79428.827 185265.221 -105836.39 -77646.678 -80585.194 158231.871
                    -79176.46 128921.557 -49745.097        0.0        0.0        0.0 -32.180742  17.349828 -968.84273 3.17176467
                   2.36330102 3.24857991 8.79824085 .457371E-5 30.7128503 2872.62884  65740.223 824.951631 976.281471
   9500      .095         0.0        0.0        0.0  8.9916311 31.5295957 89.4666378 .536358159 .367592E-4 229.579912        0.0
                          0.0        0.0 -34939.087 -65426.172 110210.474 -34939.087 -65426.172 110210.474 123615.274 -20678.833
                   -31866.896 -8533.3539 70.6439994 137196.704 -145149.56 -30487.085 175636.647  155482.17 -144294.11 -11188.063
                   -145730.06 8603.99792  137126.06        0.0        0.0        0.0 5.52673149 -29.101253 -693.27934 3.50188943
                   2.46756944 3.49523489 9.31238731 .514366E-5 31.0099661 2872.62884  65740.223 824.951631 706.439994
  10000       0.1         0.0        0.0        0.0 93.5881048 20.7157687 23.6072226 131.208921 .146995E-3 10.0166677        0.0
                          0.0        0.0 112720.431  -53032.59 -56612.816 112720.431  -53032.59 -56612.816 -46850.068 123688.706
                   -26079.392  133467.03 -141.26792 -36876.861 169333.247 -165753.02 -3580.2261 -20770.676 170538.774  -149768.1
                   170343.891  -133608.3 -36735.593        0.0        0.0        0.0  27.172273 .468974426 1398.63056 3.69893613
                   2.75086067  3.6498712 9.78683206 .540026E-5 31.3499501 2872.62884  65740.223 824.951631 -1412.6792
  10500      .105         0.0        0.0        0.0 8.78669823 71.5299947 41.6569093 39.4575745 .205712E-5 96.3817125        0.0
                          0.0        0.0 -34538.635 98545.4119 -75203.116 -34538.635 98545.4119 -75203.116 -94017.979 -54658.253
                   49345.9815  -73190.97 16.7117704 -114390.41 40664.4809 133084.047 -173748.53 -143363.96 39359.7255 104004.235
                   41199.4437 73207.6821 -114407.13        0.0        0.0        0.0 -20.994855 28.9886019 -170.93342 3.89721215
                   2.87203606 3.99929124 10.0096176 .579836E-5 31.8578281 2872.62884  65740.223 824.951631 167.117704
  11000       .11         0.0        0.0        0.0 61.6127657 .419710413 78.1928177 58.0029506 .126309E-3 84.2826397        0.0
                          0.0        0.0 -91459.256 -7548.6134 103032.857 -91459.256 -7548.6134 103032.857 104911.537 -89956.052
                   -3488.9924 -88739.577  130.95131 106969.848 -194492.11 83910.6427 110581.471  108400.53 -194867.59 86467.0595
                   -195709.42 88870.5287 106838.896        0.0        0.0        0.0 -14.047212 -19.643909 -1292.2306 4.22662031
                   3.07653097 4.12553798 10.6130216 .628088E-5 32.0303962 2872.62884  65740.223 824.951631  1309.5131
  11500      .115         0.0        0.0        0.0 61.0925053 64.6252926 .996623063 120.834215 .701866E-4 17.4222957        0.0
                          0.0        0.0 91072.2948 -93668.502 11632.0907 91072.2948 -93668.502 11632.0907  29769.713  110515.43
                   -46532.804 128081.757 -97.615669 48634.5614 79440.2042  -184740.8 105300.592 76302.5171 80745.7174 -157048.23
                   79447.1953 -128179.37  48732.177        0.0        0.0        0.0 30.4051866 -16.634583 969.714283 4.34263479
                   3.30835061 4.41815437   10.80762 .648524E-5 32.5789109 2872.62884  65740.223 824.951631 -976.15669
  12000       .12         0.0        0.0        0.0 9.06922253 31.7226918 89.4918522 .628044872 .367295E-4 230.415167        0.0
                          0.0        0.0 35089.5131 65626.2107   -110226. 35089.5131 65626.2107   -110226. -123277.78 21551.9478
                   32690.8248 9233.95278 -70.615419 -137209.33 145315.516 30536.6976 -175852.21 -155968.61 144829.732  11138.877
                   146443.282 -9304.5682 -137138.71        0.0        0.0        0.0 -5.2420646 29.6939077 693.447968 4.67274112
                   3.41264199 4.66480165  11.323462 .705527E-5 32.8721429 2872.62884  65740.223 824.951631 -706.15419
  12500      .125         0.0        0.0        0.0 93.6260639 20.8677174 23.5295327 131.694762 .147018E-3 9.70046629        0.0
                          0.0        0.0 -112743.29 53226.7299 56519.5849 -112743.29 53226.7299 56519.5849 46634.5512 -123673.92
                    26651.878  -133713.9 141.278941 36290.1379 -169262.87 165970.018   3292.855 19982.6733 -170308.47 150325.799
                   -170004.04 133855.181 36148.8589        0.0        0.0        0.0 -26.964191 -1.4097831 -1398.1502 4.86981985
                   3.69593145 4.81944915 11.7914339  .73118E-5 33.2133638 2872.62884  65740.223 824.951631 1412.78941
  13000       .13         0.0        0.0        0.0 8.78770604 71.3623915 41.7457072 39.4825492 .205196E-5 96.8362414        0.0
                          0.0        0.0 34540.6156 -98429.892 75283.2265 34540.6156 -98429.892 75283.2265 94435.9938 54844.6878
                   -48953.503 73214.1298 -16.690776 114659.825 -40742.611 -132970.51 173713.119 143389.496 -39591.306 -103798.19
                   -41445.695 -73230.821 114676.516        0.0        0.0        0.0 21.7404001 -29.124213   170.9746 5.06805981
                   3.81710213 5.16888357   12.01401 .770989E-5 33.7368234 2872.62884  65740.223 824.951631 -166.90776
  13500      .135         0.0        0.0        0.0 61.5262222 .432174529 78.1714591  57.512902 .126296E-3 84.4040262        0.0
                          0.0        0.0     91395. 7659.87877 -103018.78     91395. 7659.87877 -103018.78 -104853.41 89784.4184
                   3763.16981 88363.9158 -130.94468 -107046.85 194413.785 -83735.121 -110678.66 -108616.58  194637.83 -86021.249
                   195410.766 -88494.861 -106915.91        0.0        0.0        0.0 13.7063261 19.4896007 1292.55242 5.39746627
                   4.02160117 5.29512528 12.6220849 .819244E-5 33.9093426 2872.62884  65740.223 824.951631 -1309.4468
  14000       .14         0.0        0.0        0.0 61.0953363 64.6955131  .99184066 120.729551 .702052E-4 17.3532744        0.0
                          0.0        0.0 -91074.405 93719.3771 -11604.148 -91074.405 93719.3771 -11604.148   -29604.9 -110385.56
                   46731.8223 -128026.27 97.6285913 -48538.129 -79470.257 184793.782 -105323.53 -76336.723 -80780.664 157117.387
                   -79488.145 128123.903 -48635.757        0.0        0.0        0.0 -30.494409 17.1137583   -969.676 5.51346948
                   4.25341705 5.58773155 12.8166056 .839679E-5 34.4554243 2872.62884  65740.223 824.951631 976.285913
  14500      .145         0.0        0.0        0.0 9.06595089 31.6705477 89.4386598 .631783219 .367345E-4 218.196026        0.0
                          0.0        0.0 -35083.183 -65572.252  110193.24 -35083.183 -65572.252  110193.24 123191.567 -21513.464
                   -32550.738 -9261.3939 70.6202933 137024.414 -145276.42 -30489.069 175765.492 155742.306 -144705.03 -11037.275
                   -146285.81 9332.01419 136953.794        0.0        0.0        0.0 4.98245438 -29.713186 -693.28449 5.84359047
                   4.35770419  5.8343687 13.3284657 .896681E-5 34.7449132 2872.62884  65740.223 824.951631 706.202933
  15000       .15         0.0        0.0        0.0 93.6630483 20.8515616 23.5356388 131.889397 .147003E-3 9.70343532        0.0
                          0.0        0.0 112765.554 -53206.122 -56526.918 112765.554 -53206.122 -56526.918 -46591.349 123784.157
                   -26549.474 133812.676 -141.27185 -36295.691 169292.472 -165971.68 -3320.7962 -20041.875 170375.506 -150333.63
                   170108.367 -133953.95 -36154.419        0.0        0.0        0.0 27.1826657 1.42046599 1398.17625 6.04066896
                   4.64099867 5.98902112 13.7944227 .922336E-5 35.0878027 2872.62884  65740.223 824.951631 -1412.7185
  15500      .155         0.0        0.0        0.0  8.7940323 71.4041476 41.7490222 39.5555376 .205247E-5 96.9316572        0.0
                          0.0        0.0 -34553.046 98458.6852 -75286.216 -34553.046 98458.6852 -75286.216 -94426.529 -54866.583
                   49021.7862 -73281.771 16.6928672  -114716.3 40733.1694 133011.731  -173744.9 -143448.32  39559.946 103888.369
                   41434.5288 73298.4642 -114732.99        0.0        0.0        0.0 -21.714738 28.9262404 -170.85892 6.23891121
                   4.76217294 6.33845883 14.0170176 .962145E-5 35.6118963 2872.62884  65740.223 824.951631 166.928672
  16000       .16         0.0        0.0        0.0 61.5333388 .430795838 78.1886571 57.5414731 .126303E-3 84.4960975        0.0
                          0.0        0.0 -91400.286  -7647.651 103030.116 -91400.286  -7647.651 103030.116  104918.55 -89771.875
                   -3709.9375 -88385.862 130.947854  107105.22  -194430.4 83752.6346 110677.767 108628.488 -194690.42 86061.9372
                   -195491.08 88516.8096 106974.272        0.0        0.0        0.0 -13.626715 -19.441549 -1292.5458 6.56831378
                   4.96666707 6.46470398 14.6263515  .10104E-4 35.7844262 2872.62884  65740.223 824.951631 1309.47854
  16500      .165         0.0        0.0        0.0  61.076129 64.6775178 .992522301 120.630454 .702035E-4 17.3377079        0.0
                          0.0        0.0 91060.0878 -93706.342  11608.135 91060.0878 -93706.342  11608.135 29607.7078 110373.469
                   -46702.406  127973.72 -97.627419 48516.3537 79451.9528 -184766.43 105314.477 76310.1138 80765.7612 -157075.88
                   79457.3659 -128071.35 48613.9811        0.0        0.0        0.0 30.3670381 -17.095512 969.749698 6.68431908
                   5.19848181 6.75730695 14.8208796 .103083E-4 36.3287512 2872.62884  65740.223 824.951631 -976.27419
  17000       .17         0.0        0.0        0.0 9.06797194 31.6801033 89.4447222 .634715572 .367322E-4 218.322694        0.0
                          0.0        0.0 35087.0937 65582.1435 -110196.97 35087.0937 65582.1435 -110196.97 -123187.42 21539.8756
                   32574.0918 9282.86189 -70.618066 -137026.33 145284.069 30495.0499 -175779.12 -155761.51 144727.292 11034.2162
                   146309.196   -9353.48 -136955.72        0.0        0.0        0.0 -4.9901248 29.7892656 693.280006 7.01444022
                   5.30277088 7.00394489 15.3326427 .108784E-4 36.6182645 2872.62884  65740.223 824.951631 -706.18066
  17500      .175         0.0        0.0        0.0 93.6595045  20.851128 23.5263627 131.867327 .147003E-3 9.69129879        0.0
                          0.0        0.0 -112763.42 53205.5687 56515.7775 -112763.42 53205.5687 56515.7775 46582.4847 -123777.32
                   26569.0406 -133801.48 141.271718 36272.9857  -169279.2 165968.989 3310.20879 20013.4441 -170359.81 150346.365
                   -170074.46 133942.751 36131.7139        0.0        0.0        0.0  -27.20287 -1.4504142 -1398.1267 7.21151913
                   5.58606559 7.15859662 15.7987408 .111349E-4  36.961231 2872.62884  65740.223 824.951631 1412.71718
  18000       .18         0.0        0.0        0.0 8.79363436 71.3967953 41.7491503 39.5560714 .205219E-5 96.9074977        0.0
                          0.0        0.0 34552.2644 -98453.616  75286.331 34552.2644 -98453.616  75286.331 94445.9014   54877.49
                    -49009.61 73282.2657 -16.691738 114702.003 -40734.067 -133005.88 173739.947 143455.511 -39568.411  -103887.1
                   -41419.737 -73298.957 114718.695        0.0        0.0        0.0 21.7716409 -28.925904 170.863133 7.40976035
                    5.7072389 7.50803607  16.021324  .11533E-4 37.4860258 2872.62884  65740.223 824.951631 -166.91738
  18500      .185         0.0        0.0        0.0 61.5320268 .431055888 78.1903469 57.5220128 .126304E-3 84.4868854        0.0
                          0.0        0.0 91399.3112 7649.95893 -103031.23 91399.3112 7649.95893 -103031.23 -104912.15 89774.3979
                   3722.26663 88370.9146 -130.94859 -107099.38 194430.541 -83749.352 -110681.19 -108634.42 194686.552 -86052.131
                   195470.296 -88501.863 -106968.43        0.0        0.0        0.0 13.6136442 19.4075872 1292.56676 7.73916189
                   5.91173406 7.63428031 16.6310805 .120155E-4 37.6585502 2872.62884  65740.223 824.951631 -1309.4859
  19000       .19         0.0        0.0        0.0 61.0885456 64.6804968  .99177569 120.664684 .702039E-4 17.3383029        0.0
                          0.0        0.0 -91069.343    93708.5 -11603.768 -91069.343    93708.5 -11603.768 -29602.467 -110371.42
                   46703.9604 -127991.88  97.627654 -48517.186 -79465.575 184777.843 -105312.27 -76306.428 -80768.956 157075.384
                   -79474.689 128089.503 -48614.814        0.0        0.0        0.0 -30.380739  17.123271 -969.73523 7.85516718
                   6.14354857 7.92688305 16.8256068 .122199E-4 38.2027363 2872.62884  65740.223 824.951631  976.27654
  19500      .195         0.0        0.0        0.0  9.0685319 31.6757837 89.4394176 .634890412 .367319E-4 218.228831        0.0
                          0.0        0.0 -35088.177 -65577.672 110193.707 -35088.177 -65577.672 110193.707 123183.258 -21539.149
                   -32571.331 -9284.1403 70.6177762 137024.912 -145281.88 -30489.495 175771.379 155754.589 -144722.41 -11032.181
                   -146309.05 9354.75812 136954.294        0.0        0.0        0.0 4.95649477  -29.78668 -693.27558 8.18528914
                   6.24783719 8.17351971 17.3370603 .127899E-4 38.4920506 2872.62884  65740.223 824.951631 706.177762
  20000       0.2         0.0        0.0        0.0 93.6608728 20.8557914 23.5322867 131.887761 .147004E-3 9.69171726        0.0
                          0.0        0.0 112764.244 -53211.518 -56522.893 112764.244 -53211.518 -56522.893 -46579.865 123778.463
                   -26563.757 133811.845  -141.2721 -36273.769 169287.137 -165975.76 -3311.3744 -20016.108 170358.328 -150342.22
                   170085.614 -133953.12 -36132.497        0.0        0.0        0.0 27.2085892  1.4687759 1398.13982 8.38236873
                   6.53113221 8.32817245 17.8031607 .130465E-4 38.8353247 2872.62884  65740.223 824.951631  -1412.721
  20500      .205         0.0        0.0        0.0 8.79433949 71.4004679 41.7503883 39.5588074 .205218E-5  96.939396        0.0
                          0.0        0.0  -34553.65 98456.1482 -75287.447  -34553.65 98456.1482 -75287.447  -94434.74 -54873.194
                   49011.7042   -73284.8  16.691684 -114720.88 40733.7976 133009.798  -173743.6 -143446.44 39561.5454 103884.899
                   41436.0793 73301.4918 -114737.57        0.0        0.0        0.0 -21.766697 28.9222302 -170.85475 8.58060929
                   6.65230625 8.67761193 18.0257452 .134446E-4 39.3601092 2872.62884  65740.223 824.951631  166.91684
  21000       .21         0.0        0.0        0.0 61.5303461 .431083654 78.1867797 57.5262991 .126302E-3 84.4945542        0.0
                          0.0        0.0 -91398.063 -7650.2053 103028.879 -91398.063 -7650.2053 103028.879  104914.55 -89765.728
                   -3716.6068 -88374.207 130.947688 107104.242 -194426.94 83747.8576 110679.085 108631.157 -194680.28 86049.1216
                   -195478.45 88505.1547 106973.294        0.0        0.0        0.0 -13.609892 -19.415684 -1292.5663 8.91001108
                    6.8568004  8.8038564 18.6354504 .139271E-4 39.5326339 2872.62884  65740.223 824.951631 1309.47688
  21500      .215         0.0        0.0        0.0 61.0770803 64.6795303 .992319507 120.634255 .702046E-4 17.3345227        0.0
                          0.0        0.0 91060.7969   -93707.8  11606.949 91060.7969   -93707.8  11606.949  29602.203 110373.336
                   -46707.224 127975.736 -97.628142 48511.8969 79453.8479  -184768.6 105314.749 76309.4267 80771.1326 -157080.56
                    79463.839 -128073.36 48609.5251        0.0        0.0        0.0  30.359196 -17.120252 969.752254 9.02601637
                   7.08861475 9.09645884  18.829977 .141314E-4 40.0767332 2872.62884  65740.223 824.951631 -976.28142
  22000       .22         0.0        0.0        0.0 9.06783329 31.6789655 89.4437912  .63468752 .367323E-4 218.088092        0.0
                          0.0        0.0 35086.8254 65580.9658  -110196.4 35086.8254 65580.9658  -110196.4 -123186.11 21538.3746
                   32570.6509 9282.65676 -70.618125 -137022.78 145283.227 30494.1403 -175777.37 -155756.76 144724.485 11032.2763
                   146305.436 -9353.2749 -136952.16        0.0        0.0        0.0 -4.9701008 29.7918846 693.268448 9.35613827
                    7.1929037 9.34309606 19.3414761 .147015E-4  40.366106 2872.62884  65740.223 824.951631 -706.18125
  22500      .225         0.0        0.0        0.0 93.6608688 20.8506113 23.5268374 131.873352 .147002E-3 9.69267629        0.0
                          0.0        0.0 -112764.24 53204.9095 56516.3477 -112764.24 53204.9095 56516.3477 46583.3538 -123780.78
                   26566.5513 -133804.54 141.271369 36275.5635 -169280.59 165969.151 3311.43818 20016.8025 -170364.13 150347.327
                    -170080.1 133945.807 36134.2921        0.0        0.0        0.0 -27.213161 -1.4580186 -1398.1256 9.55321741
                   7.47619883 9.49774832  19.807532  .14958E-4 40.7093059 2872.62884  65740.223 824.951631 1412.71369
  23000       .23         0.0        0.0        0.0 8.79357672  71.397575 41.7493037 39.5559825 .205219E-5 96.9092349        0.0
                          0.0        0.0 34552.1512 -98454.154 75286.4693 34552.1512 -98454.154 75286.4693 94445.9647 54876.7516
                   -49011.282 73282.1834  -16.69173 114703.031 -40734.318  -133006.3 173740.623 143457.246 -39569.213 -103888.03
                   -41420.848 -73298.875 114719.723        0.0        0.0        0.0 21.7736443 -28.914371   170.8563 9.75145849
                   7.59737225   9.847188 20.0301147 .153561E-4 41.2341301 2872.62884  65740.223 824.951631  -166.9173
  23500      .235         0.0        0.0        0.0 61.5325261 .431012235 78.1908223 57.5239771 .126304E-3  84.488487        0.0
                          0.0        0.0  91399.682 7649.57156 -103031.54  91399.682 7649.57156 -103031.54 -104913.42 89775.1611
                   3721.13791 88372.4234 -130.94875  -107100.4 194431.225  -83750.11 -110681.11 -108634.56 194688.582 -86054.023
                    195472.82 -88503.372 -106969.45        0.0        0.0        0.0 13.6061043 19.4054161 1292.56711 10.0808598
                   7.80186712 9.97343245 20.6399104 .158386E-4 41.4066549 2872.62884  65740.223 824.951631 -1309.4875
  24000       .24         0.0        0.0        0.0 61.0881979 64.6801675 .991826911 120.662606 .702039E-4 17.3389636        0.0
                          0.0        0.0 -91069.084 93708.2614 -11604.068 -91069.084 93708.2614 -11604.068  -29603.57  -110370.9
                   46703.1854 -127990.77 97.6276726 -48518.111 -79465.016 184777.346 -105312.33 -76306.755 -80767.329 157074.084
                   -79472.663 128088.401 -48615.738        0.0        0.0        0.0 -30.375588 17.1251221 -969.73907 10.1968651
                   8.03368161 10.2660349 20.8344367  .16043E-4 41.9507243 2872.62884  65740.223 824.951631 976.276726
  24500      .245         0.0        0.0        0.0 9.06853262 31.6759664  89.439518 .634874114 .367318E-4 218.258363        0.0
                          0.0        0.0 -35088.178 -65577.861 110193.769 -35088.178 -65577.861 110193.769 123183.353 -21539.293
                   -32571.896 -9284.0212 70.6176941 137025.359 -145281.95 -30489.683  175771.63 155755.249 -144722.65 -11032.603
                   -146309.38 9354.63887 136954.741        0.0        0.0        0.0 4.95571801 -29.791407 -693.27547 10.5269872
                   8.13797033 10.5126716 21.3458491  .16613E-4 42.2400379 2872.62884  65740.223 824.951631 706.176941
  25000       .25         0.0        0.0        0.0 93.6605447 20.8558635 23.5321854 131.886133 .147004E-3 9.69146659        0.0
                          0.0        0.0 112764.047  -53211.61 -56522.771 112764.047  -53211.61 -56522.771 -46579.669  123777.67
                   -26564.171 133811.019 -141.27207   -36273.3 169286.817 -165975.66 -3311.1607 -20015.498 170357.338 -150341.84
                   170084.319 -133952.29 -36132.028        0.0        0.0        0.0 27.2109431  1.4702639 1398.13757 10.7240668
                   8.42126533 10.6673243 21.8119764 .168696E-4 42.5833342 2872.62884  65740.223 824.951631 -1412.7207
  25500      .255         0.0        0.0        0.0 8.79435915 71.4003218 41.7502751 39.5588687 .205218E-5 96.9385138        0.0
                          0.0        0.0 -34553.688 98456.0475 -75287.345 -34553.688 98456.0475 -75287.345 -94434.455 -54873.353
                    49011.428 -73284.857 16.6916623 -114720.36 40733.6569 133009.736 -173743.39 -143445.88 39561.1029 103884.781
                   41435.5004 73301.5486 -114737.05        0.0        0.0        0.0 -21.769211  28.921899 -170.85489 10.9223073
                   8.54243938 11.0167639 22.0345605 .172677E-4 43.1081352 2872.62884  65740.223 824.951631 166.916623
  26000       .26         0.0        0.0        0.0 61.5303097 .431087575 78.1866503 57.5261921 .126302E-3 84.4939961        0.0
                          0.0        0.0 -91398.036 -7650.2401 103028.794 -91398.036 -7650.2401 103028.794 104914.186 -89765.749
                   -3716.7921 -88374.125 130.947719 107103.888 -194426.83 83747.7958 110679.034 108630.978 -194679.94 86048.9571
                   -195478.01 88505.0726 106972.941        0.0        0.0        0.0 -13.609546 -19.413896 -1292.5677  11.251709
                   8.74693356 11.1430083 22.6442828 .177502E-4 43.2806595 2872.62884  65740.223 824.951631 1309.47719
  26500      .265         0.0        0.0        0.0 61.0772179 64.6796037 .992312206 120.635135 .702046E-4 17.3344787        0.0
                          0.0        0.0 91060.8995 -93707.853 11606.9063 91060.8995 -93707.853 11606.9063 29602.0944 110373.646
                   -46707.341 127976.203 -97.628144 48511.8353 79453.9931 -184768.75 105314.759 76309.4352 80771.5516 -157080.99
                   79464.3673 -128073.83 48609.4634        0.0        0.0        0.0 30.3585212 -17.121112 969.752068 11.3677144
                   8.97874786 11.4356107 22.8388096 .179546E-4 43.8247497 2872.62884  65740.223 824.951631 -976.28144
  27000       .27         0.0        0.0        0.0  9.0678288 31.6789562 89.4438432 .634675929 .367322E-4  218.09867        0.0
                          0.0        0.0 35086.8167 65580.9562 -110196.43 35086.8167 65580.9562 -110196.43 -123186.28 21538.2747
                   32570.5614 9282.57199   -70.6181 -137022.94  145283.25 30494.1395 -175777.39 -155756.84  144724.55 11032.2866
                   146305.511 -9353.1901 -136952.32        0.0        0.0        0.0 -4.9690473 29.7918851 693.267649 11.6978363
                   9.08303679 11.6822479 23.3502968 .185246E-4 44.1141196 2872.62884  65740.223 824.951631   -706.181
  27500      .275         0.0        0.0        0.0 93.6608946 20.8505934 23.5268844 131.873387 .147002E-3 9.69281194        0.0
                          0.0        0.0 -112764.26 53204.8866 56516.4041 -112764.26 53204.8866 56516.4041 46583.5275 -123780.81
                   26566.4884 -133804.55 141.271378 36275.8173 -169280.66 165969.144 3311.51748 20017.0391 -170364.34 150347.303
                   -170080.37 133945.825 36134.5459        0.0        0.0        0.0 -27.213404 -1.4586091 -1398.1258 11.8949154
                   9.36633198 11.8369002 23.8163545 .187811E-4 44.4573347 2872.62884  65740.223 824.951631 1412.71378
  28000       .28         0.0        0.0        0.0 8.79355702 71.3975735 41.7493099 39.5557897 .205219E-5 96.9092318        0.0
                          0.0        0.0 34552.1125 -98454.153 75286.4749 34552.1125 -98454.153 75286.4749 94445.9343 54876.5877
                   -49011.327 73282.0048 -16.691707 114703.029 -40734.362 -133006.27 173740.628 143457.261 -39569.347 -103887.91
                   -41421.025 -73298.697 114719.721        0.0        0.0        0.0 21.7737743 -28.913919 170.855779 12.0931565
                   9.48750538 12.1863399 24.0389371 .191792E-4 44.9821584 2872.62884  65740.223 824.951631 -166.91707
  28500      .285         0.0        0.0        0.0 61.5325502  .43101083 78.1908108 57.5241113 .126304E-3 84.4883908        0.0
                          0.0        0.0 91399.6999  7649.5591 -103031.54 91399.6999  7649.5591 -103031.54 -104913.38 89775.2286
                   3721.11116 88372.5265 -130.94874 -107100.34 194431.235 -83750.141 -110681.09  -108634.5 194688.613 -86054.117
                   195472.862 -88503.475 -106969.39        0.0        0.0        0.0 13.6056897 19.4054352 1292.56692 12.4225579
                   9.69200022 12.3125843 24.6487318 .196618E-4 45.1546833 2872.62884  65740.223 824.951631 -1309.4874
  29000       .29         0.0        0.0        0.0 61.0881825 64.6801715 .991831138 120.662575 .702039E-4 17.3390506        0.0
                          0.0        0.0 -91069.073 93708.2643 -11604.092 -91069.073 93708.2643 -11604.092 -29603.676  -110370.9
                   46703.1703 -127990.76 97.6276909 -48518.232  -79464.98 184777.337 -105312.36 -76306.846 -80767.223 157074.069
                   -79472.524 128088.384  -48615.86        0.0        0.0        0.0 -30.375441 17.1252728 -969.73942 12.5385632
                   9.92381474 12.6051868  24.843258 .198661E-4 45.6987476 2872.62884  65740.223 824.951631 976.276909
  29500      .295         0.0        0.0        0.0 9.06852479 31.6759732 89.4395267 .634864221 .367318E-4 218.260403        0.0
                          0.0        0.0 -35088.163 -65577.868 110193.774 -35088.163 -65577.868 110193.774 123183.374  -21539.24
                   -32571.906 -9283.9488 70.6177074  137025.39 -145281.94 -30489.705 175771.643  155755.28 -144722.61 -11032.666
                   -146309.34 9354.56655 136954.772        0.0        0.0        0.0 4.95571122 -29.791613 -693.27563 12.8686852
                   10.0281035 12.8518235 25.3546678 .204361E-4 45.9880615 2872.62884  65740.223 824.951631 706.177074
  % % % % % %   Final time step,  PLTFIL  dumps plot data to ".PL4" disk file.
  Done dumping plot points to C-like disk file.
  30000       0.3         0.0        0.0        0.0 93.6605257  20.855859 23.5321853 131.886003 .147004E-3 9.69147532        0.0
                          0.0        0.0 112764.035 -53211.604 -56522.771 112764.035 -53211.604 -56522.771 -46579.689 123777.616
                   -26564.181 133810.954 -141.27206 -36273.316 169286.806 -165975.64 -3311.1662 -20015.508 170357.305  -150341.8
                    170084.27 -133952.23 -36132.044        0.0        0.0        0.0 27.2110843 1.47025764 1398.13734 13.0657648
                   10.3113984 13.0064762 25.8207969 .206927E-4 46.3313587 2872.62884  65740.223 824.951631 -1412.7206

Extrema of output variables follow.   Order and column positioning are the same as for the preceding time-step loop output.
Variable maxima :  .3646855E7 .1371919E8 494875.605 109.591901 106.414704 103.339357 2968.30456 .174423E-3 286625.714 112888.108
                   112691.968 112763.478  121978.01  115465.71 114334.998  121978.01 111974.111 114334.998 137538.032   164425.3
                   86170.5381  170646.29 147.263763 147060.479 203924.059 198009.736 191087.178 172353.734 216559.895 188883.625
                    219151.53 160694.508  146987.65 135.034352 241.567643 49.7431204 79.6097913 60.5522948 1512.97021 13.0657648
                   10.3113984 13.0064762 25.8207969 .206927E-4 46.3313587 2872.62884  65740.223 824.951631 1472.63763
Times of maxima :      .02015     .02262     .02065     .03345      .0313     .02069     .03215     .03407     .03717     .00283
                       .00838     .01394     .03345     .02197     .04475     .03345     .03876     .04475     .04495     .03222
                       .03931     .03215     .04228     .04482     .03462     .04015     .04603     .04472     .03456     .04003
                       .03469     .04145     .04482     .02015     .03001     .02065     .03405     .03506     .03371        0.3
                          0.3        0.3        0.3        0.3        0.3     .03002     .03002     .03002     .04228
Variable minima :         0.0        0.0        0.0        0.0        0.0        0.0        0.0        0.0        0.0 -112747.27
                   -112774.07 -112863.66  -116980.8 -120196.86 -128012.87  -116980.8 -120196.86 -118447.31 -147977.39 -137948.83
                   -108819.85 -160556.64 -153.88446 -183067.51 -198704.55 -216468.08 -202723.18  -206693.8 -204695.43 -210940.72
                   -210803.39 -170768.24 -183019.37 -50.131142 -261.90833 -42.175019  -85.10838 -107.04259 -1443.5702        0.0
                          0.0        0.0        0.0        0.0        0.0        0.0        0.0        0.0 -1538.8446
Times of minima :         0.0        0.0        0.0        0.0        0.0        0.0        0.0        0.0        0.0     .01116
                       .01672     .00561     .04165      .0313     .02067     .04165      .0313     .02069     .03598     .04164
                       .03114     .04145     .03407     .03717      .0431     .03198      .0371     .03711     .04304     .03185
                       .04316     .03215     .03717     .02117     .02262     .02011     .03897      .0303     .04261        0.0
                          0.0        0.0        0.0        0.0        0.0        0.0        0.0        0.0     .03407

Blank card terminating all plot cards.            |BLANK PLOT

  ---- Initial flux of coil  "X0001A"  to  "      "  =  -6.89935875E-02
  ---- Initial flux of coil  "X0001B"  to  "      "  =  -9.37326241E+02
   Warning.  Preceding flux exceeds the 1st segment.  This means that the steady state solution is not really sinusoidal.
  ---- Initial flux of coil  "X0001C"  to  "      "  =  9.37395234E+02
   Warning.  Preceding flux exceeds the 1st segment.  This means that the steady state solution is not really sinusoidal.
  ---- Initial flux of coil  "X0002A"  to  "      "  =  -5.90177525E-02
  ---- Initial flux of coil  "X0002B"  to  "      "  =  -9.37352218E+02
   Warning.  Preceding flux exceeds the 1st segment.  This means that the steady state solution is not really sinusoidal.
  ---- Initial flux of coil  "X0002C"  to  "      "  =  9.37411236E+02
   Warning.  Preceding flux exceeds the 1st segment.  This means that the steady state solution is not really sinusoidal.
  ---- Initial flux of coil  "X0003A"  to  "      "  =  -7.43184460E-02
  ---- Initial flux of coil  "X0003B"  to  "      "  =  -6.46485600E+02
   Warning.  Preceding flux exceeds the 1st segment.  This means that the steady state solution is not really sinusoidal.
  ---- Initial flux of coil  "X0003C"  to  "      "  =  6.46559919E+02
   Warning.  Preceding flux exceeds the 1st segment.  This means that the steady state solution is not really sinusoidal.
  ---- Initial flux of coil  "X0004A"  to  "      "  =  -3.35365329E-02
  ---- Initial flux of coil  "X0004B"  to  "      "  =  -2.58589181E+02
   Warning.  Preceding flux exceeds the 1st segment.  This means that the steady state solution is not really sinusoidal.
  ---- Initial flux of coil  "X0004C"  to  "      "  =  2.58622717E+02
   Warning.  Preceding flux exceeds the 1st segment.  This means that the steady state solution is not really sinusoidal.

Card of names for time-step loop output.          |  9049A 9049B 9049C T_MANAT_MANBT_MANC1_2LTC1_2LTA1_2LTBT_OPOAT_OPOBT_OPOC
Output voltage differences for pairs of A6 names  |-5T_MANAT_MANCT_MANBT_MANAT_MANCT_MANB1_2LTC1_2LTB1_2LTA1_2LTC1_2LTB1_2LTA
Output voltage differences for pairs of A6 names  |-5T_OPOAT_OPOCT_OPOBT_OPOAT_OPOCT_OPOB
Blank card ending requests for output variables.  |BLANK OUTPUT

The data case now ready to be solved is a statistical overvoltage study that involves  NENERG = 100   simulations.
Closing or opening times for  "STATISTICS"  switches are to be varied randomly according to a Normal   distribution.   The following
is a listing of switches that are to have closing or opening times varied randomly.
          Entry    Switch      From        To         Columns 15-24        Columns 25-34       Reference switch number
         number    number       bus       bus          (in seconds)         (in seconds)       (0 implies independence)
              1        10    XX0014    RPI_C              0.020000             0.000833               0
              2        11    XX0015    RPI_B              0.020000             0.000833               0
              3        12    XX0016    RPI_A              0.020000             0.000833               0
              4        16    T_MANC    MEASUC             0.010000             0.000500              10
              5        17    T_MANA    MEASUA             0.010000             0.000500              12
              6        18    T_MANB    MEASUB             0.010000             0.000500              11
In addition to variation of the switching time that is caused by each switch`s own distribution, there is the added random delay
that is the same for all switches.  This added random delay is called "reference angle," and it has a uniform distribution over the
time interval  0.00000000E+00   to  3.60000000E+02   degrees at frequency  6.00000000E+01   (data fields  DEGMIN, DEGMAX, and STATFR
of the  STARTUP file).   However, if  "ITEST"  (columns 9-16 of the  STATISTICS  miscellaneous data card) is positive, the reference
angle is set to zero, and there is no such added random delay.
In the following output, for each simulation there will be a tabulation of switch times that were used, followed by a display of
peak values that occurred during the simulation.  Format for this latter output is identical to that for the extrema of a
conventional (non-statistical) simulation.
Well, almost identical!  Output of the reference angle in degrees has been added at the extreme left in otherwise blank space.

                       RPI_C      RPI_B      RPI_A      TERRA      TERRA      TERRA      TERRA      TERRA      TERRA      T_MANC
  Reference angle      MEASUC     MEASUB     MEASUA     PRMANA     PRMANB     PRMANC     PROPOA     PROPOB     PROPOC     MEASUC

                       T_MANA     T_MANB     9049A      9049B      9049C      T_MANA     T_MANB     T_MANC     1_2LTC     1_2LTA
                       MEASUA     MEASUB

                       1_2LTB     T_OPOA     T_OPOB     T_OPOC     T_MANA     T_MANB     T_MANC     1_2LTC     1_2LTA     1_2LTB
                                                                   T_MANC     T_MANA     T_MANB     1_2LTB     1_2LTC     1_2LTA

                       T_OPOA     T_OPOB     T_OPOC     XX0014     XX0015     XX0016     T_MANC     T_MANA     T_MANB     TERRA
                       T_OPOC     T_OPOA     T_OPOB     RPI_C      RPI_B      RPI_A      MEASUC     MEASUA     MEASUB     PRMANA

                       TERRA      TERRA      TERRA      TERRA      TERRA      RPI_C      RPI_B      RPI_A      T_OPOB
                       PRMANB     PRMANC     PROPOA     PROPOB     PROPOC     MEASUC     MEASUB     MEASUA     TERRA
             Random switching times for simulation number  1  :
                                  10  3.0180142E-02   11  3.1136573E-02   12  2.9982359E-02   16  3.9941467E-02   17  4.0636832E-02
                                  18  4.0463226E-02
             ==== Table dumping for all subsequent restorations.  Time [sec] = 1.75000000E-02

 215.282           802176.683 .1351052E8 478622.383 109.710004 99.7895627 104.050808 .1338262E7 .222728E-3 759593.716 112888.108
                   -112774.07 130380.348 -122043.72 -116395.15 118854.339 -122043.72 -116395.15 118854.339 148638.619 -170837.09
                    90372.635 -187975.21 -173.89195 186208.405 -200368.66 -203721.77 206153.469 211358.667 -200377.92  -203179.8
                   -205604.15 188026.959 186187.438 -63.331536 -259.90882 -48.919443 -87.890298 -87.668525 1750.17496 12.6505606
                   9.85528196 12.5114179 65.7882797 .197661E-4  59.461644 1260.27063 59741.4691 1068.66309 -1738.9195
Times of maxima :      .03029     .03936     .03053     .04132     .04756     .04478      .0415     .05059     .04485     .00283
                       .01672     .03057     .04132     .04756     .04478     .04132     .04756     .04478     .04501     .04131
                       .04082      .0415     .05059     .04485     .04304     .04895     .04612     .04474     .04314     .04908
                       .04329      .0415     .04485     .03029     .03936     .03053      .0415     .04447     .05025        0.3
                          0.3        0.3        0.3        0.3        0.3     .03996     .04048     .04065     .05059
             Random switching times for simulation number  2  :
                                  10  2.3342779E-02   11  2.2283968E-02   12  2.2160303E-02   16  3.3813729E-02   17  3.1377704E-02
                                  18  3.2569972E-02

 55.4932           288023.722 .1350985E8 .1864391E7 118.155028 92.9604323 107.459733 3000.53082 .240527E-3 147956.464 112888.108
                   -112774.07 -122561.64 126653.856 115642.616 -120785.61 126653.856   112341.8 -120785.61 -154613.21 164567.835
                   84144.5704 170975.963 180.706547 -179763.23 207002.038 199134.212 -197322.35 -199968.55 227642.234 -191181.08
                   232254.544 -171011.31 -179772.56 -37.948895 259.902388 96.5502692 -89.008498 77.7936107 -1783.4036 13.0462586
                   10.1473814 12.8777071 24.1613404 .204354E-4 27.7215407 943.632128 70580.5175 1512.94232 1807.06547
Times of maxima :      .02411     .03102     .02271     .03327     .03891     .03589     .03293       .042     .03696     .00283
                       .01672     .02229     .03327     .02284     .03589     .03327     .03891     .03589     .03575     .03341
                       .03827     .03293       .042     .03696     .03447     .04036     .03677     .03685     .03457     .03306
                       .03469     .03293     .03696     .02411     .03102     .02271     .04016     .03501     .04234        0.3
                          0.3        0.3        0.3        0.3        0.3     .03383     .03258     .03139       .042
             Random switching times for simulation number  3  :
                                  10  3.4599294E-02   11  3.6748195E-02   12  3.6128245E-02   16  4.4642727E-02   17  4.6720408E-02
                                  18  4.6789975E-02

 343.983           .2344795E7 .1370356E8 .1624175E7 109.060305 104.065837 113.703987 3195.48131 .167346E-3 366885.254 112888.108
                   -116021.18 -112863.66 121681.812 -118862.92 -128690.07 121681.812 -118862.92 -124245.35 -147312.59 167244.203
                   -109924.07 172948.462 -150.73011  -184928.5 200504.639 -217382.17 -203689.97 -207172.71 208720.286 -211974.13
                   211284.048 -173062.74 -184888.41 108.277316 -261.75909 -90.115906 91.2337236 -102.90557 1477.79602 12.2956252
                   9.68006805  12.389183 24.9761906 .193882E-4   70.36899 2118.82386 66961.0961 1565.44063 -1507.3011
Times of maxima :      .03513     .03936     .03623     .05024     .04808     .03591     .04919     .05015     .05395     .00283
                       .03469     .00561     .05024     .04808     .03527     .05024     .04808     .03591     .05276       .049
                       .04791     .04919     .05015     .05395     .05137     .04876     .05388     .05388     .05129     .04864
                        .0514     .04919     .05395     .03513     .03936     .03623     .04941     .04708     .05048        0.3
                          0.3        0.3        0.3        0.3        0.3     .04466      .0468     .04674     .05015
             Random switching times for simulation number  4  :
                                  10  3.1247448E-02   11  2.9456471E-02   12  3.0712819E-02   16  4.1915575E-02   17  4.1068588E-02
                                  18  3.9420436E-02

 220.209           400991.366 .1497008E8 .1446278E7 99.6760673 96.4526663  98.773252 2920.13191 .189961E-3 2353.35687 112888.108
                   -112774.07 -112863.66 -116328.94  -121175.9 115800.914 -116328.94 -114432.51 115800.914 143123.985 -145916.17
                   104836.069 -170151.53 -160.59222 164141.672 -200651.18  201565.97 196248.831 190560.031 -207575.27 201925.645
                   -211534.91 170217.529 164105.609 44.7767443 273.587987  -85.03758 -55.703671  43.820665 1588.67982 12.6302933
                   9.92324479 12.4858077 22.4941634 .198209E-4   20.65619 1060.83806  69096.314 1620.85297 -1605.9222
Times of maxima :      .03204     .03132     .03126      .0415     .04721     .04398     .04046     .05029      .0452     .00283
                       .01672     .00561      .0415     .03075     .04398      .0415     .04721     .04398       .044     .04164
                       .03985     .04046     .05029      .0452     .04254     .04072     .04577     .04515     .04264     .04058
                       .04278     .04046      .0452     .03204     .03132     .03126     .04242     .05412     .05063        0.3
                          0.3        0.3        0.3        0.3        0.3     .04193     .03944     .04108     .05029
             Random switching times for simulation number  5  :
                                  10  3.3470745E-02   11  3.3613191E-02   12  3.4718734E-02   16  4.3354182E-02   17  4.5045316E-02
                                  18  4.3440302E-02

 315.812           .1189458E7 .1351323E8  .305793E7 98.1369203 79.5182804 105.716605 954.516292  .28584E-3 936.463139 112888.108
                   -127226.93 -112863.66 115427.297 112863.661 -120757.26 115427.297 -103902.45 -119801.96 -129593.18 130749.727
                   -53977.114 147413.291 -196.99423 -147174.64 202257.458 -191476.69 188262.627 -165285.98 206106.322 -169706.91
                   216037.099 -147608.32 -147084.04 77.1186846 -259.93488 -123.65133 47.3957001  -56.58036 1951.63212 12.3507512
                   9.77939768 12.4479955 21.3463845 .200834E-4 20.1265782 1473.99268 57028.7311 2275.91648 -1969.9423
Times of maxima :      .03402     .03936     .03483     .04996     .04711     .03534     .04975     .05007     .05364     .00283
                       .03377     .00561     .04996     .00561     .03531     .04996     .04711     .03534     .05348     .04995
                       .04762     .04975     .05007     .05364     .03585     .04847     .04573     .05358     .03544     .04857
                       .03558     .04975     .05364     .03402     .03936     .03483     .04912     .04536     .05026        0.3
                          0.3        0.3        0.3        0.3        0.3     .04337     .04346     .04506     .05007
             Random switching times for simulation number  6  :
                                  10  2.3716328E-02   11  2.3290060E-02   12  2.4280845E-02   16  3.3702073E-02   17  3.4759965E-02
                                  18  3.3305062E-02

 70.7903           753884.483  .135131E8 .3411596E7 114.888697 94.1898307 103.455032 1790.74713  .26319E-3 1551.66269 112888.108
                   117679.483 -112863.66 -137299.16 113082.219 -118513.58 -124890.95 113082.219 -118513.58 -140672.87 -133831.23
                   80308.5795 157784.144 189.028267 -154943.72 207563.277 199385.238 -199095.38 -186873.18 212249.404 184810.342
                   213111.849 -157810.16 -154946.08 -61.395622 259.933661   130.6062 56.6945876  -48.81064 -1869.4376 12.9008342
                   10.1197254 12.8756249 22.4849581 .205273E-4 21.3916912 1096.17579 64384.2425 2530.69741 1890.28267
Times of maxima :      .02445     .03105     .02467     .02542     .03895     .03599     .03367     .04202      .0363     .00283
                       .02389     .00561     .02495     .03895     .03599     .02542     .03895     .03599     .03581     .04165
                        .0383     .03367     .04202      .0363     .03461     .04041      .0375     .03757     .03456     .04041
                       .03468     .03367      .0363     .02445     .03105     .02467     .03417     .04488     .04168        0.3
                          0.3        0.3        0.3        0.3        0.3     .03372     .03332     .03477     .04202
             Random switching times for simulation number  7  :
                                  10  3.0256088E-02   11  3.1948396E-02   12  3.1181415E-02   16  3.9491461E-02   17  4.2202536E-02
                                  18  4.1478717E-02

 247.172           880387.031 .1351249E8 .2109861E7 103.394858 96.9048472  103.77801 2456.16443 .257575E-3 2691.50986 112888.108
                   -112774.07 131893.645 117593.016 -114700.43 118698.432  118479.11 -114700.43 118698.432 137859.625 138241.896
                   -81092.074 165259.046 -187.00113 167770.371 -203738.71 -202954.07 203473.888 200584.052  -212734.4 -194660.62
                   -215944.42 -165417.92 167763.782 -66.347081 -259.92776  -102.7098 -73.778473 -72.138654 1851.14877 12.6044629
                   9.81290356 12.5068476 22.8171749 .198642E-4  21.884564 1337.79765 59460.2798 1706.10482 -1870.0113
Times of maxima :      .03036     .03933     .03148      .0331     .04713     .04414     .04865     .05019     .04447     .00283
                       .01672     .03165     .04998     .04713     .04414      .0331     .04713     .04414     .04419     .04985
                       .04647     .04865     .05019     .04447     .04278     .04858     .04568     .04575     .04283     .04859
                         .043     .04865     .04447     .03036     .03933     .03148     .04241     .04552     .04985        0.3
                          0.3        0.3        0.3        0.3        0.3     .03951     .04149     .04222     .05019
             Random switching times for simulation number  8  :
                                  10  2.8987503E-02   11  3.0056272E-02   12  2.8985888E-02   16  3.8839830E-02   17  3.9355852E-02
                                  18  3.8841204E-02

 200.186           .2297379E7 .1304034E8  695176.33 106.502025 98.6532362 98.0198012  707012.18 .172381E-3 2011.73388 112888.108
                   -112774.07 120426.486 -120246.17  -116445.9  -115358.4 -120246.17  115730.54  -115358.4 140172.481 -156228.58
                   109452.396 -186046.22 -152.98066 160332.866 -203360.87 210128.519 197338.654 182685.963 -212228.33 221049.087
                   -218329.98 186157.076 160255.369 -107.17694 -255.34627 58.9566082 -73.705341 78.2147698 1505.76509 12.6638865
                   9.96891036 12.5652973 63.2989077 .199224E-4 20.9874369 1999.75725  53408.543 1140.37084 -1529.8066
Times of maxima :      .02911     .03885     .03913     .04143     .04014     .05263     .04126      .0504     .04461     .00283
                       .01672     .02944     .04143     .03135     .05263     .04143     .04014     .05263     .04484     .04107
                       .03997     .04126      .0504     .04461     .04275     .04003     .04595     .04526     .04263     .04137
                       .04273     .04126     .04461     .02911     .03885     .03913     .03979     .03946     .05007        0.3
                          0.3        0.3        0.3        0.3        0.3     .03885     .03886     .03937      .0504
             Random switching times for simulation number  9  :
                                  10  3.6854218E-02   11  3.6491096E-02   12  3.4761828E-02   16  4.6688632E-02   17  4.5145947E-02
                                  18  4.6417756E-02

 346.932           .3604414E7 .1366887E8 .1946246E7 108.619656 109.143641  106.24698 3002.16938 .192165E-3 95942.6045 140645.128
                   -112774.07 -112863.66  121435.74 -121728.29 -127882.77  121435.74 -121728.29  -120102.1 -143017.67 161084.485
                   -107079.55 170992.697 -161.52122 -178492.68 200880.234  -213485.5  -196428.7  -199322.4 208339.017 -202843.17
                   210075.813 -171111.13 -178425.99 134.246302 -261.42752 -98.646995 -75.781538 -97.473561  1595.1433 12.3481795
                   9.70374852 12.2123374 24.0092854  .19493E-4 25.4266918  2616.2724 64220.6805 1810.48968 -1615.2122
Times of maxima :      .03696     .03912      .0349     .04987     .04771     .03753     .04882     .05049     .05358      .0367
                       .01672     .00561     .04987     .04771     .03752     .04987     .04771     .03753     .05239     .05001
                       .04755     .04882     .05049     .05358     .05107     .04839     .05352     .05353     .05103     .04894
                       .05114     .04882     .05358     .03696     .03912      .0349     .05541     .04672     .05084        0.3
                          0.3        0.3        0.3        0.3        0.3      .0467     .04643     .04516     .05049
             Random switching times for simulation number  10  :
                                  10  2.5839084E-02   11  2.4380319E-02   12  2.5988866E-02   16  3.5677630E-02   17  3.6148440E-02
                                  18  3.5464895E-02

 112.556           .3175695E7 .1351722E8 .2944255E7 96.1928088  83.416171 115.336643 1223.91329 .286775E-3 776.597832 112888.108
                   125047.698 -112863.66 -116476.98 112863.661 122349.499 -114278.26 106418.575 125134.184 -131278.31 -130190.07
                   58747.4109 -150894.12 197.316155 145029.546 -212474.84 190121.694 -192622.72 -168004.96 -211742.63 172665.391
                   -226512.31 151080.662 144911.063 -126.00981 259.973311 121.331265 44.7794936 56.4069724  -1954.106 12.7631794
                   10.0989389 12.8083734 22.0378911 .207147E-4 20.8338736 2326.08339 59535.2632 2241.99206 1973.16155
Times of maxima :      .02632     .03101     .02637       .042     .03881     .02713     .04084     .04179     .04477     .00283
                       .02465     .00561     .02665     .00561     .02657       .042     .03881     .02713      .0363     .04094
                        .0387     .04084     .04179     .04477     .02712     .04073     .03743     .03732     .02671     .04085
                       .02685     .04084     .04477     .02632     .03101     .02637     .04898     .03774       .042        0.3
                          0.3        0.3        0.3        0.3        0.3     .03569     .03548     .03616     .04179
             Random switching times for simulation number  11  :
                                  10  3.5749413E-02   11  3.4008540E-02   12  3.6852850E-02   16  4.5591950E-02   17  4.7138314E-02
                                  18  4.3978376E-02

 353.919           .3226778E7  .135484E8 483777.747 96.7980483 86.8001458 115.027189 1016.08775 .286511E-3 1587.61534 116427.906
                   -112774.07 -112863.66 114637.211  113037.12 -141076.25 114637.211 -108555.68  -124966.2  -134417.9 133508.659
                   -61855.094 148221.967 -197.22553 -155376.67 199367.611 -192554.58 190804.516 169518.017 206651.202 -174260.59
                   208030.916 -148407.81 -155390.57 127.019254 -260.27292 -49.182199 46.7533773 -50.764232 1953.28652 12.2845798
                   9.77584119 12.2919189 21.3579483 .200647E-4 20.2798197 2582.01765 56568.1271 1093.99242 -1972.2553
Times of maxima :      .03609     .03947     .03708     .05029     .04732     .03643     .04924     .05024     .03668     .03575
                       .01672     .00561     .05029     .03901     .03642     .05029     .04732     .03643     .03648     .04913
                        .0472     .04924     .05024     .03668     .05158     .04872     .04594     .04514     .05168      .0493
                       .05181     .04924     .03668     .03609     .03947     .03708     .04985     .04738     .05002        0.3
                          0.3        0.3        0.3        0.3        0.3     .04561     .04399     .04715     .05024
             Random switching times for simulation number  12  :
                                  10  2.7754885E-02   11  2.9680968E-02   12  2.7480084E-02   16  3.7924934E-02   17  3.7701186E-02
                                  18  3.9370426E-02

  180.77           .3378353E7 .1408835E8 .1222416E7 109.132875 94.1002631 112.867609 123435.814 .189591E-3 .1114665E7  -124193.1
                   -112774.07 140395.475 -121722.29  -123475.1 136446.076 -121722.29 -113028.44 123787.552 147283.254 -162506.81
                   106210.783 -179166.47 -160.43568 187296.396 -198047.56 202979.558 200635.736 214092.779 -207683.63 217172.178
                   -208465.11 179211.509 187255.827 -129.96833 -265.40862 78.1797917 -83.856318 92.6596988 1594.56276 12.6910187
                   9.94189513 12.6638554 26.5724916 .198274E-4 83.5885895 2697.56067 64578.0452 1564.78883 -1604.3568
Times of maxima :      .02791     .03921     .02787     .04145     .04647     .02843     .03974     .05024     .04514     .02758
                       .01672     .02965     .04145     .03098     .02842     .04145     .04647     .02843     .04497     .04159
                       .03981     .03974     .05024     .04514     .04258     .04134     .04503     .04507     .04247     .04122
                       .04256     .03974     .04514     .02791     .03921     .02787     .04187     .03959     .05057        0.3
                          0.3        0.3        0.3        0.3        0.3     .03794     .03939     .03772     .05024
             Random switching times for simulation number  13  :
                                  10  2.3665899E-02   11  2.2583230E-02   12  2.3178507E-02   16  3.3995975E-02   17  3.3101494E-02
                                  18  3.2389701E-02

 54.4199           531752.775 .1351329E8 .2371436E7 108.364363 95.5085455 98.3160141 3142.89216  .23438E-3 1978.89625 112888.108
                   -112774.07 -112863.66 -122770.13 113871.077 -115532.57 -121292.95 113871.077 -115532.57 -140998.32 144094.187
                   85484.5096 172419.996 178.382454 -159958.55 202178.755 197758.097 -198949.01 -191679.11 208372.956 186615.343
                    210387.63 -172456.68 -159930.44 -51.563203 259.935506 108.890677 45.4992372 53.7893485 -1760.9878 12.9782829
                   10.1565823 12.8737786 22.7455786 .204188E-4 21.1309508 1075.74515  65453.471 2033.85246 1783.82454
Times of maxima :       .0245     .03102     .02342     .02447      .0388     .03603     .03275     .04182     .03608     .00283
                       .01672     .00561     .02385      .0388     .03603     .02447      .0388     .03603     .03626     .03323
                       .03809     .03275     .04182     .03608     .03462     .04018     .03727     .03736     .03471     .04031
                       .03453     .03275     .03608      .0245     .03102     .02342     .03408     .03739     .04217        0.3
                          0.3        0.3        0.3        0.3        0.3     .03401      .0324     .03312     .04182
             Random switching times for simulation number  14  :
                                  10  1.9369266E-02   11  2.2246786E-02   12  2.0459407E-02   16  2.8901959E-02   17  2.9816661E-02
                                  18  3.2133952E-02

 3.90999           .2813193E7 .1374336E8 550010.979 109.747777  99.382755 107.200487 359858.169 .222813E-3 124018.468 112888.108
                   -112774.07 -142547.58 122064.725 116157.653 -135880.92 122064.725 116157.653 -120639.82 -144564.57 165182.357
                   -87928.916 184766.992 173.925083 -179180.69  199132.21  203051.12 -204269.18 -205088.83 201645.965 195049.214
                   208243.092 -184818.12 -179160.49 118.600023 262.138891 52.4409658 73.9099628 83.3604202 -1746.4361 13.0682382
                   10.1801005 13.0503782 36.2583069 .204067E-4 26.6744845 2415.61491  67221.124 937.002534 1739.25083
Times of maxima :       .0197     .03136     .02161     .03284     .03923     .02005     .03317     .04159     .03652     .00283
                       .01672     .02117     .03284     .03923     .02003     .03284     .03923     .02005      .0367     .03298
                       .03251     .03317     .04159     .03652     .03469      .0406     .03779     .03641     .03467     .04074
                       .03453     .03317     .03652      .0197     .03136     .02161       .033     .03615     .04192        0.3
                          0.3        0.3        0.3        0.3        0.3     .02892     .03215     .02983     .04159
             Random switching times for simulation number  15  :
                                  10  2.5834920E-02   11  2.5520100E-02   12  2.6817235E-02   16  3.5406207E-02   17  3.6631478E-02
                                  18  3.6009425E-02

 159.686           .2298896E7 .1352164E8 .2504941E7 97.0721555 95.1738174 121.253559 1340.87051 .280495E-3 1291.53424 112888.108
                     122385.7 -112863.66 -114799.41  113671.36 126084.499 -114799.41  113671.36 128303.812 -135024.33 -134586.11
                   70696.4841 -152361.22 195.143853 -151745.44 197656.675 200613.097 -193709.37 -174197.65 -203378.56 180395.014
                   -209194.05 152551.014 -151783.45 -107.21232  260.01578 111.913839 -47.066405 56.8453833 -1935.1681 12.7151127
                   10.0894564 12.8058387 22.0889057 .206611E-4 20.9538364 1933.27897 57070.3056 1930.47114 1951.43853
Times of maxima :      .02637       .031     .02693     .04156     .03866     .02743     .04132     .04166     .03704     .00283
                       .02592     .00561     .04156     .03866      .0274     .04156     .03866     .02743     .03686     .04115
                       .03922     .04132     .04166     .03704     .05127     .04004      .0373     .03717     .04265     .03994
                       .04264     .04132     .03704     .02637       .031     .02693     .03974     .03694     .04203        0.3
                          0.3        0.3        0.3        0.3        0.3     .03542     .03602     .03665     .04166
             Random switching times for simulation number  16  :
                                  10  2.0968418E-02   11  2.0096351E-02   12  1.9551412E-02   16  3.0679938E-02   17  2.9823515E-02
                                  18  3.0278666E-02

 4.76818           .2334005E7 .1383149E8 528155.638 105.437683  102.46013 100.236842  2728.5572  .16436E-3 3460.02188 125205.276
                   -112774.07 -112863.66 119643.811 -117942.35 -116655.71 119643.811 -117942.35 -116655.71 -139502.65  155192.68
                   -111506.19 168160.026  149.37917 -175567.87 199965.493 -215914.65 -202582.57 -200410.72 203924.687 -216121.33
                   205931.425 -168261.82 -175474.63 108.027883 -262.97808 51.3885025 68.9301677 -86.723635 -1479.5858 13.0734409
                   10.2924557 12.9367204 24.8156129 .206203E-4 22.5108487 1927.15479 69028.0111 1035.88701  1493.7917
Times of maxima :      .02113     .02271     .02161     .03372     .03157     .03587     .03202     .04254     .03604     .02029
                       .01672     .00561     .03372     .03157     .03587     .03372     .03157     .03587     .03586     .03237
                        .0314     .03202     .04254     .03604     .03477     .03225     .03736     .03737     .03485     .03212
                        .0347     .03202     .03604     .02113     .02271     .02161     .03263     .03047     .04221        0.3
                          0.3        0.3        0.3        0.3        0.3     .03069     .03029     .02984     .04254
             Random switching times for simulation number  17  :
                                  10  3.4882486E-02   11  3.5482599E-02   12  3.4644143E-02   16  4.5640536E-02   17  4.4412736E-02
                                  18  4.5291518E-02

 303.426           .3399861E7  .135875E8  .269537E7 98.9932614 107.706155 122.288938 1860.62292 .252188E-3 2659.15006 115939.412
                   -112774.07 -112863.66 115929.811 -120924.02 -134076.12 115929.811 -120924.02 -128850.44 -134927.69 142598.947
                   -91263.583 158597.699 -185.03534 -167428.78 201560.658 -204933.96 193715.389 -181527.59  211647.37 -191819.81
                   216938.689 -158758.48 -167430.04 130.381384 -260.64828 -116.08984 51.1250073 -72.095074 1828.86947 12.3475971
                   9.75721376 12.3713224 21.9104064 .198206E-4 20.8286234 2505.61672 59011.4784 2126.56325 -1850.3534
Times of maxima :      .03519     .03948       .035     .05024     .04727     .03618      .0491     .05012     .03583     .03474
                       .01672     .00561     .05024     .04727     .03555     .05024     .04727     .03618     .05274      .0489
                       .04712      .0491     .05012     .03583     .03577     .04864     .04586     .05391     .03563     .04921
                       .03575      .0491     .03583     .03519     .03948       .035     .04934     .04591     .05041        0.3
                          0.3        0.3        0.3        0.3        0.3     .04566     .04531     .04443     .05012
             Random switching times for simulation number  18  :
                                  10  2.7959843E-02   11  2.7166162E-02   12  2.7040180E-02   16  3.8770336E-02   17  3.7144082E-02
                                  18  3.7584266E-02

 147.348           .4117479E7 .1352889E8 .1320519E7 101.993401 111.994037 110.851759 2115.74276 .220246E-3 2607.12682 -134492.93
                   -112774.07 -112863.66 -117673.41 123307.576  136098.24 -117673.41 123307.576  122677.13  136036.39   -143068.
                   102720.206  -161508.7 172.920587 166877.184 -200768.89 208247.293 196474.069 185359.699 -215015.86 206376.632
                   -217849.94 161657.563 166777.618 -143.48309 260.085514 81.2563641 -66.583715 82.0494449 -1724.6581  12.703774
                   10.0387258 12.6493412 22.9802722 .202773E-4 21.5041926 2906.96961  63879.923 1270.82207 1729.20587
Times of maxima :      .02838     .03104     .02717      .0421     .03956     .02863     .04074     .04173     .04475     .02778
                       .01672     .00561      .0421     .03956     .02862      .0421     .03956     .02863     .04457     .04118
                       .03941     .04074     .04173     .04475     .04342     .04093     .04605     .04469     .04343     .04082
                       .04333     .04074     .04475     .02838     .03104     .02717     .04164     .03778     .04202        0.3
                          0.3        0.3        0.3        0.3        0.3     .03879      .0376     .03716     .04173
             Random switching times for simulation number  19  :
                                  10  3.2851525E-02   11  3.3129426E-02   12  3.4036851E-02   16  4.2216414E-02   17  4.3818392E-02
                                  18  4.3730296E-02

 279.313           545506.948 .1351067E8 .3409313E7 97.9971359  84.219721 104.262789 739.518605 .287135E-3 862.016896 112888.108
                   -130579.24 -112863.66 124094.029 112863.661 -117607.62 115345.061 -106929.91 -118975.35 130879.035 130901.081
                   -57535.925 144523.552 -197.44012 -146182.92 213238.093 -191561.92 189075.629 167049.118 211155.632 -169068.51
                   223755.824 -144700.87 -146098.97 52.2258053 -259.91023  -130.5625 -42.572254 -57.776066  1952.4345 12.3900092
                   9.78162424 12.4725367 21.4151962 .200811E-4 20.2812993 1201.77077 58112.8076 2470.92344 -1974.4012
Times of maxima :       .0334     .03928      .0342     .05003     .04708       .036     .04871     .05012     .05376     .00283
                       .03338     .00561      .0347     .00561     .03599     .05003     .04708       .036     .04459     .05012
                       .04696     .04871     .05012     .05376     .03517     .04846     .04562     .04559     .03476     .04859
                        .0349     .04871     .05376      .0334     .03928      .0342     .05695     .04563      .0498        0.3
                          0.3        0.3        0.3        0.3        0.3     .04223     .04375     .04383     .05012
             Random switching times for simulation number  20  :
                                  10  2.4105908E-02   11  2.3717201E-02   12  2.4406967E-02   16  3.3862049E-02   17  3.4816722E-02
                                  18  3.3396185E-02

 94.3633           775745.279    .1351E8 .3542905E7 114.663433 93.4207339 104.475738 1582.37371 .264846E-3 1417.02602 112888.108
                   124255.271 -112863.66 -138344.46 112863.661 -119096.78 -124768.45 112619.592 -119096.78  -141929.6 -132680.56
                   79410.8072 155313.682 189.622191 -153303.13 207881.292 199087.601 -198722.43 -184459.18  213061.26 184964.025
                   214104.758 -155338.46 -153310.26 -62.279422 259.903864  133.09593  54.998808 -49.733197 -1881.7389 12.8904244
                   10.1146283 12.8733695 22.4295769 .205394E-4 21.3640784 1174.84802 60843.6843 2563.57666 1896.22191
Times of maxima :      .02459     .03104     .02456     .02554     .03904     .03608     .03376     .04211     .03639     .00283
                       .02431     .00561     .02507     .00561     .03608     .02554     .03904     .03608      .0359     .04174
                       .03839     .03376     .04211     .03639      .0347      .0405     .03759     .03766     .03465     .04051
                       .03477     .03376     .03639     .02459     .03104     .02456     .03426     .04495     .04176        0.3
                          0.3        0.3        0.3        0.3        0.3     .03388     .03341     .03483     .04211
             Random switching times for simulation number  21  :
                                  10  2.9250407E-02   11  2.9907016E-02   12  2.8814078E-02   16  3.8829301E-02   17  3.8390760E-02
                                  18  4.0705999E-02

 198.477           .1955434E7 .1368766E8 573881.146 107.721977 96.1972756 99.3822966 176461.957 .234308E-3 80884.6541 112888.108
                   -112774.07 127745.282  -120932.9 -120784.16 -116157.39  -120932.9 -114280.91 -116157.39 -142427.96 -160830.53
                   -83961.222 -180452.12 -178.35533 178121.518 -200637.28 -201351.18 200819.715 207121.654 -203708.65 -195741.08
                   -208333.41 180499.222 178116.867 -98.879577 -261.60713 -53.566834 -77.674605  -83.14439 1775.28602 12.6757703
                   9.85242489 12.5481995 27.8788492  .19786E-4 24.2611134 1842.84789 77558.6339 806.165501 -1783.5533
Times of maxima :      .02937      .0399     .03042     .04141      .0478     .05271     .04174     .05015     .04509     .00283
                       .01672     .02968     .04141      .0312     .05271     .04141      .0478     .05271     .05284     .04155
                       .04641     .04174     .05015     .04509     .04327     .04918     .04636     .04498     .04335     .04931
                       .04312     .04174     .04509     .02937      .0399     .03042     .04165     .04473     .05048        0.3
                          0.3        0.3        0.3        0.3        0.3     .03884     .04072     .03841     .05015
             Random switching times for simulation number  22  :
                                  10  2.5762990E-02   11  2.4616271E-02   12  2.4746837E-02   16  3.5132318E-02   17  3.4030638E-02
                                  18  3.5237193E-02

 84.7395           .3755925E7  .135204E8 .3606531E7 123.238929 79.3035177  101.54985 1360.24969 .285557E-3 409.392781 112888.108
                   124071.903 -112863.66 -141078.58 112863.661 125703.947 -129349.95 103762.049 117417.264 -125839.02 -145258.34
                   54736.5258 -152601.89 196.896979 139864.204 -210929.95 189135.055 -187575.91 -163791.81 -207983.53 165022.513
                   -219520.59 152608.639 139775.185 -137.03878 260.003852  134.28572 36.4210008 41.5477227 -1953.4667 12.8588235
                   10.0960423 12.8180038 21.8813459 .207206E-4 20.4831192 2395.82432 58241.6284 2596.21385 1968.96979
Times of maxima :      .02609     .03103     .02491     .02543     .03861     .02796     .02567     .04169     .04533     .00283
                       .02475     .00561     .02542     .00561     .02643     .02543     .03861     .02796     .03613     .02547
                       .02493     .02567     .04169     .04533      .0269     .04036     .03721     .03714     .02681      .0406
                       .02664     .02567     .04534     .02609     .03103     .02491     .04857     .03719     .04195        0.3
                          0.3        0.3        0.3        0.3        0.3     .03515     .03525     .03405     .04169
             Random switching times for simulation number  23  :
                                  10  3.4346250E-02   11  3.2046560E-02   12  3.4548872E-02   16  4.4391271E-02   17  4.4213058E-02
                                  18  4.2031962E-02

 287.013           .3212162E7 .1351361E8 .2806387E7 95.5401345 90.1623962 113.403215 974.893745 .273211E-3 1250.48714 112888.108
                   -121910.14 -112863.66 113889.907 112863.661 -124280.31 113889.907 -110638.18 -124080.92 134203.133 129153.383
                   -74500.516 147681.823 -192.59332 151229.697 208763.815 -195860.26 199318.322 179246.161  209706.57 -180332.81
                   223735.695 -147859.86 151252.999 126.731251 -259.93851 -118.45646 50.2335864 -54.040185 1911.14063   12.35416
                   9.79448546 12.4051715  21.335168 .199495E-4 20.1870097 2417.00926 62257.7588 2138.84237 -1925.9332
Times of maxima :      .03467      .0394     .03471     .05002     .04768     .03516     .04919     .05006     .04503     .00283
                       .03264     .00561     .05002     .00561     .03501     .05002     .04768     .03516     .04453     .04949
                       .04703     .04919     .05006     .04503     .03568     .04913     .04551     .04561     .03527     .04914
                       .03541     .04919     .04503     .03467      .0394     .03471     .04829     .04601     .05039        0.3
                          0.3        0.3        0.3        0.3        0.3     .04441     .04205     .04423     .05006
             Random switching times for simulation number  24  :
                                  10  1.9385900E-02   11  1.9653382E-02   12  2.1246557E-02   16  2.8642351E-02   17  3.1269974E-02
                                  18  3.0701092E-02

 11.1128           .3434785E7 .1371236E8 622762.971  112.41783 94.7771198 116.823239 .1535178E7 .177717E-3 2642.60495 112888.108
                   -112774.07 -112863.66 123540.659 115621.248  -136685.4 123540.659 113434.214 -125938.04 141668.271 157160.583
                   -107959.08 188569.068 155.330408 -167253.68 207481.965 -211429.78 -195437.92 -188883.48 220996.037 -220055.09
                   223925.757 -188635.71 -167190.75 131.049325 -261.84312 -55.801567 96.7184596 90.9913169 -1544.9623 13.0524513
                   10.2636458 13.0485504 113.110357 .205271E-4  22.489919 2621.43195 76633.5551 1050.81573 1553.30408
Times of maxima :      .01983     .02227     .03098      .0333     .03918     .02052     .03174     .04226     .03648     .00283
                       .01672     .00561      .0333     .02231     .02006      .0333     .03918     .02052     .04428     .03293
                       .03183     .03174     .04226     .03648     .03463     .03199     .03778     .03639     .03458     .03186
                       .03465     .03174     .03648     .01983     .02227     .03098     .03171     .03754     .04192        0.3
                          0.3        0.3        0.3        0.3        0.3     .02866     .03072     .03128     .04226
             Random switching times for simulation number  25  :
                                  10  3.4590328E-02   11  3.4738497E-02   12  3.3936777E-02   16  4.4795302E-02   17  4.2812587E-02
                                  18  4.5286115E-02

 323.475           .3566489E7 .1353054E8 .2595411E7 109.789487 109.089136  123.26608 1937.33751 .253509E-3 1844.19851 112888.108
                   -112774.07 -112863.66 123975.704 -121697.89 -127136.48 122087.919 -121697.89  -129364.2 138698.058 144231.121
                   -91887.818 159482.653 -185.51929 158407.122 203009.859 -205071.73 194627.695 -184025.12 203381.379 -192198.51
                   213375.879 -159642.76 158437.862 133.538176 -260.10133 -113.91688 61.6647217 -64.620869 1828.76456 12.3895754
                   9.75574941 12.3931765 22.4182949 .198251E-4 21.2499692 2510.09007 59947.8284 2092.17844 -1855.1929
Times of maxima :      .03502     .03941     .03408     .03523     .04726      .0359     .04908     .05011     .04565     .00283
                       .01672     .00561      .0346     .04726     .03527     .03523     .04726      .0359     .04613     .04889
                       .04711     .04908     .05011     .04565      .0356     .04863     .04585      .0539      .0352      .0492
                       .03534     .04908     .04565     .03502     .03941     .03408     .04791     .04561     .05039        0.3
                          0.3        0.3        0.3        0.3        0.3     .04481      .0453     .04283     .05011
             Random switching times for simulation number  26  :
                                  10  3.3250067E-02   11  3.2129689E-02   12  3.3147389E-02   16  4.3143960E-02   17  4.2815541E-02
                                  18  4.1656304E-02

  297.33            .176757E7 .1351317E8 .3754022E7 127.210567 92.6843451 98.7485547 1753.61031  .26433E-3 1753.83215 112888.108
                   -122412.56 -112863.66  141630.41 112863.661 -114870.73 131417.714 -112174.85 -115786.44 138002.787 131786.302
                   -79784.254 -157348.79 -189.43737 157351.396 203636.194 -197630.47 196753.812 189393.084 199451.628 -178850.07
                   206099.348 157374.578   157378.6 94.0098369 -259.93436 -137.00404 44.2090819 -45.214431 1871.02259  12.460175
                   9.80052366  12.462183 21.4207144 .198908E-4 20.3552432 1628.70245  59800.874 2619.41601 -1894.3737
Times of maxima :      .03369     .03933     .03344     .03385     .04731     .03651     .04202     .05037     .04534     .00283
                        .0324     .00561     .03383     .00561     .03588     .03385     .04731     .03651     .04485     .04979
                       .04665     .04202     .05037     .04534     .03427     .04875     .04584     .04522     .05112     .04956
                       .03411     .04202     .04534     .03369     .03933     .03344     .04819     .04565     .05004        0.3
                          0.3        0.3        0.3        0.3        0.3     .04316     .04167     .04283     .05037
             Random switching times for simulation number  27  :
                                  10  2.6352872E-02   11  2.6647930E-02   12  2.8124363E-02   16  3.6768311E-02   17  3.8746590E-02
                                  18  3.6976969E-02

 156.377           .2692383E7 .1354311E8 835877.974 98.2446289 108.255997 111.715632 2516.42736 .253642E-3 1977.99204 112888.108
                   114387.312 -112863.66 -115490.62 121232.286 131310.816 -115490.62 121232.286 123154.217 -135406.49 -140553.49
                   92409.4588 -165908.16 185.567915 -159948.22 -197373.97 203291.648 -194690.14 -181456.86 -203957.81 203460.659
                   -209756.93 166069.833 -159979.08 -116.02549 260.222132 64.6482008 -58.395458 -64.666864 -1832.9996 12.6769356
                   10.0661895 12.7726703 22.7739698 .204562E-4 21.3360542 2165.60822 59818.6978 1352.46153 1855.67915
Times of maxima :      .02689     .03096     .02831     .04229     .03895     .02766     .04079     .04181     .03734     .00283
                       .02645     .00561     .04229     .03895     .02703     .04229     .03895     .02766      .0377       .042
                        .0388     .04079     .04181     .03734     .04335       .041      .0376     .03747      .0435      .0409
                       .04343     .04079     .03734     .02689     .03096     .02831     .03949      .0452     .04209        0.3
                          0.3        0.3        0.3        0.3        0.3     .03678     .03699     .03876     .04181
             Random switching times for simulation number  28  :
                                  10  3.0458722E-02   11  3.0802861E-02   12  3.2120915E-02   16  4.0123674E-02   17  4.1582777E-02
                                  18  4.0680052E-02

  255.95           808858.252 .1351025E8 .3109571E7 115.594223 96.0437255 102.806738 3400.53561 .233259E-3 3469.90368 112888.108
                   -112774.07 121407.757 132517.814  -117160.3 118141.669 125273.836 -114189.67 118141.669 144106.867 -147882.56
                   -84442.098 -174984.38 -177.95569 175664.497 -205360.83 -202100.94 201555.033 208532.952 -221047.36 -202282.85
                   -225366.93 175032.697 175656.774 -63.594742 -259.90628 -124.69105 -96.870775 -81.793353 1771.09657 12.5453627
                   9.84598046 12.5037627 23.4955824 .197794E-4 22.3839309 1489.46317 66113.0214 2309.78099 -1779.5569
Times of maxima :      .03092     .03936     .03228     .03342     .04778     .04474     .04172     .05013     .04506     .00283
                       .01672     .03061     .03279     .03113     .04474     .03342     .04778     .04474     .04474     .04154
                       .04639     .04172     .05013     .04506     .04335     .04916     .04632     .04496     .04337     .04929
                        .0435     .04172     .04506     .03092     .03936     .03228     .04167     .04611     .05046        0.3
                          0.3        0.3        0.3        0.3        0.3     .04014      .0407      .0416     .05013
             Random switching times for simulation number  29  :
                                  10  3.2034833E-02   11  3.0264144E-02   12  2.8709045E-02   16  4.1762614E-02   17  3.9290205E-02
                                  18  3.9536095E-02

 221.695           421808.335 .1376925E8 489272.047 112.653468 96.0791329 100.285794 318695.943 .195498E-3 354545.716 112888.108
                   -112774.07 113491.605 -123670.07 -117304.88 116684.192 -123670.07 -114210.71 116684.192 143199.054 -163249.41
                    104616.63 -183815.47  -162.9161 184644.714 -204959.68 203515.763 202229.711  208036.58 -216940.48 219791.058
                   -222539.99 183859.703 184614.589 45.9243038 -262.38574 -49.460694 74.4702186 98.8710484 1602.97286 12.6712492
                   9.91705143 12.4876241 31.1954482 .198033E-4  42.857239 965.828119 59454.9781 907.117389  -1629.161
Times of maxima :       .0326     .03949     .03045     .04161     .04663     .04411      .0399      .0504      .0453     .00283
                       .01672     .02962     .04161     .03156     .04411     .04161     .04663     .04411      .0441     .04163
                       .03996      .0399      .0504      .0453     .04289      .0415     .04519     .04526     .04281     .04138
                        .0427      .0399      .0453      .0326     .03949     .03045     .04851     .03982     .05072        0.3
                          0.3        0.3        0.3        0.3        0.3     .04178     .03955     .03931      .0504
             Random switching times for simulation number  30  :
                                  10  2.2257643E-02   11  2.3474075E-02   12  2.2043829E-02   16  3.1182187E-02   17  3.1993005E-02
                                  18  3.3988865E-02

 45.7398           462645.633 .1351183E8 883799.739 98.9896993 87.9683629 96.4889727 1202.48076 .280365E-3 1493.23808 112888.108
                   -112774.07 -129091.86 115927.726 112863.661 114454.047 115927.726 109283.745 114454.047 -135354.91 -129968.54
                   72405.7926 -150622.49 195.098765 -154235.58 200125.034 192949.075 -194569.55  -185224.1 201034.209 177139.931
                   203048.313 150808.593 -154274.29 48.0960307  259.92143 66.4755496 51.9334366 49.0392482  -1925.363 13.0379254
                   10.1085705 12.8877337 22.3128991 .206312E-4 21.1434038 932.209663 65846.3703 1164.50079 1950.98765
Times of maxima :      .02268     .03102     .02259     .03314     .03893     .04459     .04114     .04198     .03698     .00283
                       .01672     .02233     .03314     .00561     .04459     .03314     .03893     .04459     .03649     .04095
                       .03898     .04114     .04198     .03698     .03439     .04032     .03676     .03685     .03447     .04108
                       .03464     .04114     .03698     .02268     .03102     .02259     .03167     .03622     .04165        0.3
                          0.3        0.3        0.3        0.3        0.3      .0312       .034     .03201     .04198
             Random switching times for simulation number  31  :
                                  10  3.1895037E-02   11  3.1831760E-02   12  3.2048009E-02   16  4.1043391E-02   17  4.1643095E-02
                                  18  4.2972207E-02

 260.366           751684.696 .1351148E8 .3428841E7  115.37951 85.0814474 99.5132012 822.424542  .28617E-3 1019.48315 112888.108
                   -116526.77 -112863.66 135685.041 112863.661  116233.86 125157.436 -107475.57  116233.86 131947.257 131777.872
                   -69335.444 145650.422 -197.10816 148266.328 -199255.89 -193087.85 193175.986 175661.999 -203792.85 -174076.78
                   -206500.58 -145827.43 148286.272 61.3059824 -259.91806 -130.93588 -48.278921 43.8937679 1955.02868 12.5589449
                   9.78866558 12.4904913 21.5861685 .200646E-4  20.608047 983.499043 65580.0079 2512.70317 -1971.0816
Times of maxima :      .03259     .03935     .03247     .03334     .04717     .04429     .04875     .05024     .04458     .00283
                       .03205     .00561     .03271     .00561     .04429     .03334     .04717     .04429     .04445     .03277
                       .03223     .04875     .05024     .04458     .04298     .04865     .04575     .04584     .04307     .04871
                       .04318     .04875     .04458     .03259     .03935     .03247     .04123     .05331     .04992        0.3
                          0.3        0.3        0.3        0.3        0.3     .04106     .04299     .04166     .05024
             Random switching times for simulation number  32  :
                                  10  2.4555188E-02   11  2.6260929E-02   12  2.4640589E-02   16  3.5266135E-02   17  3.4755934E-02
                                  18  3.6785689E-02

 109.181           .1336638E7 .1351665E8 .3394188E7 107.148679 107.589379 96.9428623  1712.8026 .258314E-3 2470.91582 112888.108
                   119429.139 -112863.66 -136732.98 120858.448 -114722.93 -120610.67 120858.448 -114722.93 -139997.69 -144634.16
                   89428.9664 -156867.97 187.269259 -165418.33 -206505.87 204518.559 -196045.03 -187220.78 -199146.92  190638.49
                   -210383.72 157027.731 -165446.81 -81.750783  259.96781 130.272553 -57.928616 60.0299907 -1854.3469 12.8689599
                   10.0736638  12.855362 23.0193946 .205055E-4 21.8949825 1468.20667 58926.3263 2517.11778 1872.69259
Times of maxima :       .0251     .03103      .0251     .02532     .03876     .03595     .04058     .04161     .03715     .00283
                       .02465     .00561     .02531     .03876     .03595     .02532     .03876     .03595     .03747     .04179
                       .03861     .04058     .04161     .03715     .02578     .04013     .03732     .03728     .02618      .0407
                       .02551     .04058     .03715      .0251     .03103      .0251     .03917     .03878      .0419        0.3
                          0.3        0.3        0.3        0.3        0.3     .03528      .0368     .03477     .04161
             Random switching times for simulation number  33  :
                                  10  2.9503605E-02   11  2.8905645E-02   12  2.8688426E-02   16  4.0279590E-02   17  3.7987333E-02
                                  18  3.9282067E-02

 195.789           .2016906E7 .1373103E8 414175.375 115.623287 92.5653618 105.491193  155552.04 .184198E-3 .1862758E7 -113813.75
                   -112774.07 -112863.66 -125289.58 -128493.41 119674.167 -125289.58 -112102.83 119674.167 156899.371 -166686.45
                   105873.411 -179947.29 -158.13741 189548.985 -204789.77 210100.081 198359.363 208819.303 -224896.78 213621.361
                   -230895.74  180011.37 189501.567 -100.42176 262.021297 -45.506888  89.136989 99.5136601 1581.72998  12.678344
                    9.9302258 12.5422823 28.2584732 .198441E-4 157.793185 1909.29942 73083.1706 644.446923 -1581.3741
Times of maxima :      .02959     .03152     .02946     .04138     .04707     .04398     .04031     .05016     .04505     .02898
                       .01672     .00561     .04138      .0302     .04398     .04138     .04707     .04398     .04385      .0415
                       .03972     .04031     .05016     .04505     .04263     .04125      .0464     .04501     .04258     .04113
                       .04246     .04031     .04505     .02959     .03152     .02946     .04826     .03958     .05049        0.3
                          0.3        0.3        0.3        0.3        0.3     .04029      .0393       .038     .05016
             Random switching times for simulation number  34  :
                                  10  3.1811034E-02   11  3.0735011E-02   12  3.0030723E-02   16  4.1677477E-02   17  4.0309064E-02
                                  18  4.1297265E-02

 249.964           253882.031 .1351013E8 696960.021 113.168101 96.5891939 97.5375941 2459.00671 .250408E-3 2666.93862 112888.108
                   -112774.07 121728.191 -123952.22 -114513.47 115074.297 -123952.22 -114513.47 115074.297 141921.455 -151643.55
                   -81923.179 -165289.76 -184.38122 167511.104 -197178.49 -200138.55 202393.799 197208.665 -202301.57 -187791.48
                   -209351.22 165320.596 167545.158 35.6287826 -259.90509 -59.032195 66.8091808  -72.02159 1827.37315 12.6563791
                   9.82125026 12.4905352 22.8034842 .198447E-4 21.2048597  910.19162 72080.6923 1129.28375 -1843.8122
Times of maxima :      .03259     .03933     .03058     .04197     .04695     .04451     .04166     .05002     .04568     .00283
                       .01672     .03061     .04197     .04695     .04451     .04197     .04695     .04451     .04447     .04214
                       .04629     .04166     .05002     .04568     .04318     .04839     .04549     .04557     .04338     .04839
                       .04344     .04166     .04568     .03259     .03933     .03058     .04886     .04529     .05038        0.3
                          0.3        0.3        0.3        0.3        0.3     .04169     .04131     .04032     .05002
             Random switching times for simulation number  35  :
                                  10  3.3250100E-02   11  3.3073144E-02   12  3.5235437E-02   16  4.2982596E-02   17  4.5002117E-02
                                  18  4.3473001E-02

 291.321           .1292211E7 .1352333E8 .2139658E7 96.6282576 79.2724335 123.131281 850.503907 .285571E-3 858.868805 112888.108
                   -131351.16 -112863.66 114536.626 112863.661  -127704.3 114536.626 -103741.71 -129293.45 -128828.45 130038.505
                   -53349.324 146028.447  -196.9018 -146140.71 -200713.56 -190225.98 188103.493 -163484.07  203795.28 -165825.35
                   208433.387 -146222.83 -146048.54 80.3806961 -260.03201 -103.43253 51.1026944  -54.65496 1953.43906 12.3216571
                   9.78283306 12.4568601 21.2104898 .200833E-4 20.2389468 1361.24344 58154.6601 1847.26998  -1969.018
Times of maxima :       .0338     .03926      .0354     .04994      .0476     .03584      .0497     .05003     .05361     .00283
                       .03334     .00561     .04994     .00561     .03582     .04994      .0476     .03584     .05344     .04955
                       .04756      .0497     .05003     .05361      .0436     .04842     .04625     .05354     .05087     .04852
                       .05098      .0497     .05361      .0338     .03926      .0354     .04908     .04554     .05025        0.3
                          0.3        0.3        0.3        0.3        0.3       .043     .04349     .04502     .05003
             Random switching times for simulation number  36  :
                                  10  2.7424720E-02   11  2.6857499E-02   12  2.8905869E-02   16  3.7428103E-02   17  3.8872141E-02
                                  18  3.6726938E-02

  150.49           .3248067E7 .1351818E8 429279.925 99.6304992 104.127954 118.241816  1091.3838 .259749E-3 2165.79855 -118442.43
                   -112774.07 -112863.66 -116302.34 118898.391 141525.463 -116302.34 118898.391 126700.363 134061.572 -138287.82
                   87765.3386 -149200.11 187.788778 -162069.41 -200213.28 205374.397 -191641.68 -180118.97 -208223.19 191415.756
                   -209892.76 149379.334 -162096.74 -127.43758 259.982483 46.3292524 -50.598921 51.4611887 -1871.4088 12.6734801
                   10.0728583 12.6809405 22.1597165 .205203E-4 21.0407596 2583.08426 58560.3242 1005.29738 1877.88778
Times of maxima :      .02777     .03104     .03702     .04204      .0387     .02856       .041     .04222     .03709     .02743
                       .01672     .00561     .04204      .0387      .0281     .04204      .0387     .02856     .02816     .04105
                       .03855       .041     .04222     .03709     .04335     .04076     .03802     .03722     .04342     .04066
                       .04354       .041     .03709     .02777     .03104     .03702     .04061     .03907     .04192        0.3
                          0.3        0.3        0.3        0.3        0.3     .03744     .03674     .03889     .04222
             Random switching times for simulation number  37  :
                                  10  2.9398155E-02   11  3.1748089E-02   12  3.0570986E-02   16  3.9132447E-02   17  3.9867587E-02
                                  18  4.1626072E-02

 227.783           .1747612E7 .1343431E8 .1085228E7 106.016431 98.2070687 102.439583  2685.4543 .262461E-3 2696.92637 112888.108
                   -112774.07 147008.758 -119971.73 -115468.54  117930.52 -119971.73 -115468.54  117930.52 139763.352 -144154.15
                   -82025.202 -167706.54  -188.7663 167827.434 -198116.51 -203384.74 205770.162 201951.929 -198582.54 -192660.74
                   -201563.36 167733.376 167829.621 -93.477586 -259.17477 -73.662353 -65.931201 -62.507002 1877.89237 12.6486214
                   9.81414459 12.5419096 22.8909093 .198883E-4 22.0002175 1863.87956 63041.5947 1187.37494  -1887.663
Times of maxima :      .02951     .03915     .03112     .04232     .04728     .04451     .04199     .05033     .04462     .00283
                       .01672     .03119     .04232     .04728     .04451     .04232     .04728     .04451     .04413     .04232
                       .04662     .04199     .05033     .04462     .04332     .04871     .04583     .04589     .04319     .04872
                       .04305     .04199     .04462     .02951     .03915     .03112     .04254      .0439     .04998        0.3
                          0.3        0.3        0.3        0.3        0.3     .03915     .04164     .03988     .05033
             Random switching times for simulation number  38  :
                                  10  3.0233878E-02   11  3.0919571E-02   12  3.0888039E-02   16  4.0110763E-02   17  4.1146726E-02
                                  18  4.1612093E-02

 249.372           899621.159 .1351211E8 .2660305E7 103.156622 96.2204837 98.2640491 2392.65859 .262228E-3 2686.07811 112888.108
                   -112774.07 123530.105 -118342.54  -114294.7 115502.036 -118342.54  -114294.7 115502.036  142147.16 -138361.28
                   -80036.517 -164570.34 -188.68246 167713.114 -202348.07 -200150.13 203821.106 198050.655 -206561.75  -185724.7
                   -207021.52 164597.116 167715.719 -67.067919 -259.92409 -115.33223 62.6906996 -54.284785  1873.8277 12.6289312
                   9.81151379 12.5095787 22.1014213 .198912E-4 21.2437061 1405.54827 71727.4722 1764.41678 -1886.8246
Times of maxima :      .03034     .03935     .03143      .0423     .04726     .04451     .04198     .05033     .04462     .00283
                       .01672     .03061      .0423     .04726     .04451      .0423     .04726     .04451     .04479     .04219
                       .04661     .04198     .05033     .04462     .04333     .04871     .04582     .04589     .04338     .04872
                       .04325     .04198     .04462     .03034     .03935     .03143     .04778     .04387     .04998        0.3
                          0.3        0.3        0.3        0.3        0.3     .04013     .04163     .04116     .05033
             Random switching times for simulation number  39  :
                                  10  3.4737019E-02   11  3.5198985E-02   12  3.6297674E-02   16  4.4649666E-02   17  4.6324443E-02
                                  18  4.6001405E-02

 340.955            .266708E7 .1353448E8 960960.731 106.331209   112.7041 115.810489 130508.987 .214811E-3 2751.67373 112888.108
                    -113521.5 -112863.66   120149.7 -123697.86 -132288.97   120149.7 -123697.86 -125390.97 -146768.37 162839.334
                   -104148.88 179339.007 -170.77336  -168402.4 203527.247 -212871.32  -194208.6 -184596.68 208156.398 -214967.63
                   219958.008 -179459.61  -168309.5  115.47901 -260.13919 -69.316691 -74.012112 -90.427983 1704.72089 12.2919634
                   9.72160731 12.3785467 28.2319591 .196163E-4 21.4299257  2155.5413 64557.9122 1246.20747 -1707.7336
Times of maxima :      .03528     .03935     .03638     .04996     .04798     .03692     .04842     .05081     .05318     .00283
                       .03483     .00561     .04996     .04798     .03541     .04996     .04798     .03692     .05341     .04962
                       .04783     .04842     .05081     .05318     .05127     .04866     .05476     .05464     .05088     .04853
                       .05103     .04842     .05318     .03528     .03935     .03638     .05656     .04662     .05045        0.3
                          0.3        0.3        0.3        0.3        0.3     .04466     .04602     .04634     .05081
             Random switching times for simulation number  40  :
                                  10  2.3919209E-02   11  2.4548805E-02   12  2.4794611E-02   16  3.4292262E-02   17  3.4019889E-02
                                  18  3.5031750E-02

 98.9335           623939.777 .1351671E8 .3999658E7 118.927446 81.1201884 97.7914904  793.15286 .285686E-3 890.864739 112888.108
                   129429.137 -112863.66 -139643.13 112863.661 -115223.97 -127067.17   104943.8 -115223.97 -131677.79 -134056.84
                   54481.7064 -145254.41 196.941305 -146568.68 -210950.79 190653.745 -188223.73 -164438.89 201899.099 170761.385
                   -215929.75 145440.768 -146593.12 -55.854265 259.968334 141.415315 -42.293654 41.7968548 -1959.4605 12.8551567
                   10.0959098 12.8651431 21.9524939 .207184E-4 20.8761951 1129.90842 58820.6227 2795.21198 1969.41305
Times of maxima :      .02533     .03105     .02499     .02548     .03919     .03633      .0408     .04164      .0364     .00283
                        .0248     .00561     .02546     .00561     .03633     .02548     .03919     .03633     .03629     .02552
                       .03861      .0408     .04164      .0364     .02593     .04061     .03778     .03767     .03488     .04069
                       .02566      .0408      .0364     .02533     .03105     .02499     .03937     .03767      .0419        0.3
                          0.3        0.3        0.3        0.3        0.3     .03431     .03505     .03403     .04164
             Random switching times for simulation number  41  :
                                  10  3.4880169E-02   11  3.5146314E-02   12  3.5507116E-02   16  4.5595984E-02   17  4.5514139E-02
                                  18  4.5311958E-02

 339.079           .2883598E7 .1351453E8 .1872695E7 103.471472 110.431565 125.013213 2460.28022 .252987E-3 2379.78964 112888.108
                   -112774.07 -112863.66 118522.997  -122444.4 -129655.28 118522.997  -122444.4 -130277.76 -140745.16 149135.875
                   -93088.569 165303.515 -185.32808 164430.181 202538.516 -209171.78  195348.47 -190545.85 210123.708 -191689.73
                    211733.06 -165468.23 164460.758 120.074925 -259.94737 -96.765057 -66.258905 -85.927594 1826.73748 12.3091472
                   9.75220209 12.3694569 22.6720495 .198169E-4 21.5354937 2338.60106 59870.0336 1617.95784 -1853.2808
Times of maxima :      .03542     .03937     .03564     .05013     .04729     .03609     .04892     .05014     .04568     .00283
                       .01672     .00561     .05013     .04729     .03556     .05013     .04729     .03609     .05266     .04891
                       .04714     .04892     .05014     .04568     .05138     .04866     .04585     .05394     .05136     .04923
                       .05148     .04892     .04568     .03542     .03937     .03564     .05578     .04566     .05042        0.3
                          0.3        0.3        0.3        0.3        0.3     .04561     .04533     .04553     .05014
             Random switching times for simulation number  42  :
                                  10  3.4888417E-02   11  3.5409493E-02   12  3.3843260E-02   16  4.4550993E-02   17  4.4228306E-02
                                  18  4.5291238E-02

 322.709           .4260394E7 .1353593E8 .2641913E7 104.250456 109.203433   122.8648 2203.27828 .253186E-3 2088.88716 114943.037
                   -112774.07 -112863.66 126465.094 -121761.63  -135712.3 118968.311 -121761.63 -129153.46 -139349.46 146574.544
                   -91514.777 162487.101   -185.401 161206.496  205420.52 -205869.18 195288.001 -185019.29 203445.017 -193754.42
                   218865.559 -162647.32 161237.399 145.951939 -260.15313 -114.93286 -57.839497 -72.781751 1828.36589 12.4076175
                   9.76256778 12.3721213 22.5587173 .198225E-4 21.4788226 2769.28637 58872.9725 2180.08826   -1854.01
Times of maxima :      .03522     .03938     .03399     .03551     .04727     .03618     .04909     .05012     .04566     .03489
                       .01672     .00561     .03452     .04727     .03555     .03551     .04727     .03618       .036      .0489
                       .04712     .04909     .05012     .04566     .03552     .04864     .04592     .05392     .03563     .04921
                       .03576     .04909     .04566     .03522     .03938     .03399     .05708      .0459     .04994        0.3
                          0.3        0.3        0.3        0.3        0.3     .04457     .04531     .04424     .05012
             Random switching times for simulation number  43  :
                                  10  2.7087563E-02   11  2.9583808E-02   12  2.8268703E-02   16  3.6638394E-02   17  3.7975508E-02
                                  18  3.9581849E-02

 180.357           .2775709E7 .1376628E8 887681.412 113.856677 97.8118257  109.23463 243988.665 .197364E-3 .1432358E7 112888.108
                   -112774.07 126043.986 -124328.75 -119662.36 137657.559 -124328.75 -115235.95 121779.023 146968.245 -162686.37
                   104123.362  -182063.9 -163.69169 188259.439 -198800.17  201461.17 205224.856 215381.486 -205787.77 208850.553
                   -209724.74 182108.559  188233.83 -117.80725  -262.3574 66.6213709  -92.43609 93.1275744 1611.71407 12.6801645
                   9.92271826 12.7135768  30.879474 .198022E-4 119.576561 2387.85232 69025.8762 1244.87793 -1636.9169
Times of maxima :      .02742     .03953     .02844     .04165     .04668     .02877     .03995     .05044     .04535     .00283
                       .01672     .02893     .04165     .03088     .02775     .04165     .04668     .02877     .04517      .0418
                       .04002     .03995     .05044     .04535     .04267     .04009     .04523     .04528     .04257     .04143
                       .04273     .03995     .04535     .02742     .03953     .02844     .04067     .03982     .05077        0.3
                          0.3        0.3        0.3        0.3        0.3     .03665      .0396     .03799     .05044
             Random switching times for simulation number  44  :
                                  10  3.1864574E-02   11  3.2535045E-02   12  3.2662039E-02   16  4.2429357E-02   17  4.2401391E-02
                                  18  4.2789153E-02

 252.945           496946.596   .13509E8 .3945682E7 121.979147 86.8536098 98.5102246 1025.44951   .2841E-3 1290.54899 112888.108
                   -124537.99 -112863.66 139528.872 112863.661 115646.626 128687.128  -108589.1 115646.626 133733.117 143325.678
                   -63627.316 148344.221 -196.39381 151733.097 -200378.24 -192624.61  196589.84 179590.913 -203845.15 -171336.21
                   -203932.39 -148352.83 151794.802  49.847096 -259.89422 -140.45786 49.3835108 44.8199147 1940.59416 12.5074511
                   9.78311696 12.4783955 21.5138972 .200459E-4 20.5314445 1092.64434 60145.6921 2801.30536 -1963.9381
Times of maxima :      .03322     .03938     .03283      .0338     .04697     .04447     .03355     .05006     .04578     .00283
                       .03267     .00561     .03333     .00561     .04447      .0338     .04697     .04447     .04458     .03339
                       .04706     .03355     .05006     .04578     .04309     .04841     .04557     .04566     .04314      .0485
                       .04291     .03355     .04578     .03322     .03938     .03283     .04752     .05456     .05041        0.3
                          0.3        0.3        0.3        0.3        0.3     .04244      .0428     .04242     .05006
             Random switching times for simulation number  45  :
                                  10  3.0437171E-02   11  2.9781120E-02   12  2.9739319E-02   16  4.0077240E-02   17  3.9242326E-02
                                  18  3.9599441E-02

 230.453           619496.401 .1379808E8 896510.703 114.040302 97.8463423 99.9102041 337724.445 .198106E-3 301114.672 112888.108
                   -112774.07 -112863.66 -124428.97 -125607.33 116465.484 -124428.97 -115256.28 116465.484 143367.173 -160556.27
                   104538.946 -184256.51 -163.99917 183406.155  -199604.6 203058.291 202743.614  209601.46 -204983.32  214217.72
                   -209279.35 184300.471 183381.034 -55.655027  -262.6602 -66.951875 -72.777661 93.5600173 1608.61696 12.6704926
                   9.91156993 12.5052048 31.5800715 .197991E-4 37.7215775 1087.90607 66843.2731  1020.4928 -1639.9917
Times of maxima :      .03054     .03946     .03029     .04166     .04669     .04429     .03996     .05046     .04536     .00283
                       .01672     .00561     .04166     .03108     .04429     .04166     .04669     .04429     .04517      .0418
                       .04003     .03996     .05046     .04536     .04283     .03994     .04526     .04527     .04291     .04144
                       .04277     .03996     .04536     .03054     .03946     .03029     .04057     .03982     .05078        0.3
                          0.3        0.3        0.3        0.3        0.3     .04009     .03961     .03926     .05046
             Random switching times for simulation number  46  :
                                  10  3.1188663E-02   11  3.0663892E-02   12  3.1582134E-02   16  4.1195330E-02   17  4.2729357E-02
                                  18  4.0649030E-02

 248.096           600212.094 .1350812E8 .2850047E7 102.385481 95.7427754 99.3642262 3171.47865 .231682E-3 2509.29178 112888.108
                   -112774.07 -112863.66 123213.928 -114010.62 116146.824 117899.374 -114010.62 116146.824 143618.056 -145095.72
                   -85418.254 -172707.59 -177.35312 165831.524 -199955.51 -198891.11 198145.505 198133.561  -205771.5 -191745.06
                   -205868.18 172744.952 165821.156 54.7819356 -259.88574 -119.37434 -70.658177 -60.506551 1760.53876 12.5869288
                   9.84598559 12.4955812  22.400739 .197779E-4 20.9447171 1048.96464  68020.597 2085.76803 -1773.5312
Times of maxima :      .03193     .03936     .03183     .03288     .04774      .0447     .04101     .05009     .04502     .00283
                       .01672     .00561     .03225     .04774      .0447     .03288     .04774      .0447     .04455     .04149
                       .04705     .04101     .05009     .04502     .04318     .04912     .04628     .04492     .04326     .04925
                       .04343     .04101     .04502     .03193     .03936     .03183     .04152     .04603     .05043        0.3
                          0.3        0.3        0.3        0.3        0.3     .04121     .04066     .04274     .05009
             Random switching times for simulation number  47  :
                                  10  3.4988274E-02   11  3.5963158E-02   12  3.4997982E-02   16  4.4479837E-02   17  4.4628895E-02
                                  18  4.6250961E-02

 339.991           .3468834E7 .1364083E8  .264182E7 103.897907 111.126854 116.011121 2359.52857 .201816E-3 66594.2584 112888.108
                   -112774.07 -112863.66  118766.98 -122829.26 -138027.38  118766.98 -122829.26 -125499.54 -143721.19 155609.144
                   -106502.21 -164209.11 -165.52756 -177767.85 212288.939 -210578.06 -193450.05 -197375.09 213859.158 -201480.76
                   234056.873 164333.258 -177688.97 131.697266 -261.15921 -114.93085 85.0576391 -89.480748 1647.96569 12.3285006
                   9.70693167 12.3611994 23.5980346 .195407E-4 23.8486888 2590.02704 65147.1563 1991.88189 -1655.2756
Times of maxima :      .03552     .03927     .03511     .04971     .04822     .03612     .05769     .05032     .05341     .00283
                       .01672     .00561     .04971     .04822     .03558     .04971     .04822     .03612     .05323     .04985
                       .04808     .05769     .05032     .05341     .03612     .04891     .05472     .05336     .03572     .04878
                       .03586     .05769     .05341     .03552     .03927     .03511     .04871      .0465     .05069        0.3
                          0.3        0.3        0.3        0.3        0.3     .04449     .04627     .04464     .05032
             Random switching times for simulation number  48  :
                                  10  2.2319419E-02   11  2.1880686E-02   12  2.1965685E-02   16  3.2052743E-02   17  3.2408945E-02
                                  18  3.1541814E-02

 50.3314           797479.419 .1351067E8 .1343432E7 98.6433169 98.2950719 98.6586138 10714.2023  .20391E-3 2064.20126 112888.108
                   -112774.07 -112863.66 115724.722 117532.501 -115733.69 115724.722 115520.267 -115733.69 -141086.03 141838.008
                   -99780.081 176371.308 166.384117 -160927.85 198093.205 200498.001 -201466.45 -194893.49 209849.856 -206259.63
                   213732.172  -176431.8 -160923.26 63.1458399 259.910301 81.9582852 75.4837452 64.3810401 -1650.5136 13.0310856
                   10.2056606 12.8910944 23.5546427 .204118E-4 21.5808357 1126.41075 64605.8847 1570.69172 1663.84117
Times of maxima :      .02242     .03101     .02233     .03361     .03864      .0356     .03258     .04239     .03731     .00283
                       .01672     .00561     .03361     .02318      .0356     .03361     .03864      .0356     .03685      .0324
                       .03194     .03258     .04239     .03731     .03409     .04002     .03719     .03722      .0342      .0327
                       .03434     .03258     .03731     .02242     .03101     .02233     .03246     .03694     .04205        0.3
                          0.3        0.3        0.3        0.3        0.3     .03207     .03156     .03242     .04239
             Random switching times for simulation number  49  :
                                  10  2.0393314E-02   11  2.0834230E-02   12  1.8997035E-02   16  3.0404978E-02   17  2.7939604E-02
                                  18  3.1134648E-02

 2.05693           .3175891E7 .1399372E8 .1030048E7 112.014501 96.8044326  99.346586 346626.012 .193809E-3 842705.883 124494.453
                   -112774.07 -112863.66 123318.841 121662.148 -119778.18 123318.841 114640.992 -116136.51 -147958.49 167167.196
                   -105502.31 184462.136 162.210733 -186464.19  201582.03 -200795.91  -203189.2 -211650.71 202951.749 -204556.43
                   203352.424  -184523.5 -186430.06  126.01371 -264.51583 -71.765158 104.362898 86.4298999 -1604.8182 13.0817257
                   10.2407921 12.9788756 36.6686636  .20455E-4 67.3315769 2537.26014 72112.1178 1104.01557 1622.10733
Times of maxima :      .02094     .02242     .01911     .03322     .03823     .03672     .03216       .042      .0369     .01909
                       .01672     .00561     .03322     .02213     .02106     .03322     .03823     .03672     .03672     .03335
                       .03153     .03216       .042      .0369     .03503     .03242     .03678     .03681     .03499     .03229
                       .03527     .03216      .0369     .02094     .02242     .01911     .03217     .03654     .04232        0.3
                          0.3        0.3        0.3        0.3        0.3     .03042     .03115     .02795       .042
             Random switching times for simulation number  50  :
                                  10  2.0131822E-02   11  1.9991338E-02   12  2.0492909E-02   16  2.9484680E-02   17  2.9560577E-02
                                  18  2.9152962E-02

 23.0281           .3450573E7 .1388384E8 604179.741  103.57353 111.895752 103.961014 3279.92299 .226626E-3 2398.93065 121152.586
                   -112774.07 -112863.66 118581.435 -123253.46 -127305.51 118581.435 -123253.46 -118803.04 -144755.59 153194.505
                   -101053.38  173791.55 -175.40696  164638.57 199822.369 -209552.88 -194043.22 182440.694  207375.34 -211233.37
                   215956.682 -173948.19 164674.701 131.350155 -263.47525 -54.962703 -62.478471 -90.911147 1738.98784 13.0662916
                   10.3624953 12.9855637 24.0035639 .209436E-4 21.9005999  2651.5646 57410.4735  774.83173 -1754.0696
Times of maxima :      .02046     .02261     .02944     .03299     .03113     .02082     .03296     .03398     .02952     .02013
                       .01672     .00561     .03299     .03113      .0208     .03299     .03113     .02082     .03662     .03281
                       .03098     .03296     .03398     .02952      .0345      .0318     .03792     .02965     .03413     .03168
                       .03426     .03296     .02952     .02046     .02261     .02944     .04107     .02977      .0336        0.3
                          0.3        0.3        0.3        0.3        0.3      .0295     .02917     .02958     .03398
             Random switching times for simulation number  51  :
                                  10  3.5023181E-02   11  3.5990641E-02   12  3.3688464E-02   16  4.5438294E-02   17  4.3241543E-02
                                  18  4.5375152E-02

 309.696           .4245907E7 .1361053E8 .2710936E7  99.294514 110.257439 122.401302 1668.72409 .249928E-3 2332.16606 135909.898
                   -112774.07 -112863.66  129448.01 -122347.83 -144455.32 116106.074 -122347.83 -128909.62  -140657.9 144446.893
                   -94181.203 156345.719 -184.20438  163909.76 198795.255 -207134.71 195535.381 184607.318 206683.974 -190102.29
                   214916.527 -156506.18 163941.234 145.703585 -260.86905 -116.42458 53.7711154 -63.995252 1815.66301  12.414705
                   9.75819194 12.3661538 22.1996378 .197993E-4 20.9605746 2926.31761 58294.7429 2154.09555 -1842.0438
Times of maxima :      .03531      .0393     .03384     .03437     .04735      .0357     .04918      .0502     .04574     .03501
                       .01672     .00561     .03436     .04735     .03569     .03437     .04735      .0357     .03585     .04898
                        .0472     .04918      .0502     .04574     .03616     .04872      .0459     .04581     .03576     .04929
                       .03589     .04918     .04574     .03531      .0393     .03384      .0494     .04567     .04991        0.3
                          0.3        0.3        0.3        0.3        0.3     .04545     .04539     .04326      .0502
             Random switching times for simulation number  52  :
                                  10  3.0791589E-02   11  3.0825482E-02   12  3.0123205E-02   16  4.1458571E-02   17  4.0724359E-02
                                  18  4.0822907E-02

 228.276           633558.899 .1350935E8 780551.435 117.676458 94.4348357  100.36053 428741.419 .239841E-3 236885.223 112888.108
                   -112774.07 122200.401  -126397.1  -113229.2 -116727.66  -126397.1  -113229.2 -116727.66 -143161.23 -162400.61
                   -85142.664  -185183.2 -180.44876  181895.65  198934.54  -197016.2 200629.242 208957.815 -204152.48 198646.615
                   -208840.34 185219.257 181898.635 56.2831635 -259.89758 -62.472051 78.9203109 -70.589993 1782.41154 12.6508325
                    9.8397466  12.498176 32.8984641 .197911E-4 32.5816622 1349.31617 66681.2154 1151.00526 -1804.4876
Times of maxima :      .03196     .03936     .03067      .0415     .04792     .05282     .04119     .05026     .04521     .00283
                       .01672     .03067      .0415     .04792     .05282      .0415     .04792     .05282     .05293     .04151
                       .04653     .04119     .05026     .04521     .05149     .04929     .04503      .0451     .04278     .04132
                       .04284     .04119     .04521     .03196     .03936     .03067     .04836      .0445      .0506        0.3
                          0.3        0.3        0.3        0.3        0.3     .04147     .04084     .04074     .05026
             Random switching times for simulation number  53  :
                                  10  2.6427098E-02   11  2.8609532E-02   12  2.4828404E-02   16  3.7015350E-02   17  3.4447292E-02
                                  18  3.7988941E-02

 153.416            .418625E7 .1374563E8 .2805195E7 110.806008 109.631402 124.369795 3183.52921 .198044E-3 3423.20898 -129697.94
                   -112774.07 -112863.66  -135915.7 121999.991  135731.08 -122651.81 121999.991 129942.067 -140678.96 -161252.29
                   106854.623 -172828.59 163.973252 175207.151  -209115.9 211910.876 193706.704 195097.255 -207010.63 206151.225
                   -225146.27 172947.146 175133.984 -144.67636 262.160509 118.431319 -75.659045 77.2522979 -1628.4701 12.8526796
                   10.0442917 12.7784439 24.5551674 .201575E-4 22.3937372 2753.08384 59312.2886 2465.20265 1639.73252
Times of maxima :      .02678     .03122     .02499     .02614     .03928     .02808     .04039     .04206     .04515     .02643
                       .01672     .00561      .0255     .03928     .02709     .02614     .03928     .02808     .05294     .04158
                       .03981     .04039     .04206     .04515     .02756     .04064     .04508     .04509     .02716     .04051
                       .02729     .04039     .04515     .02678     .03122     .02499     .03897     .03831     .04242        0.3
                          0.3        0.3        0.3        0.3        0.3     .03703       .038     .03446     .04206
             Random switching times for simulation number  54  :
                                  10  2.9434155E-02   11  2.8879337E-02   12  3.0739166E-02   16  3.9193777E-02   17  4.0450750E-02
                                  18  3.9143564E-02

 224.375           .2322066E7 .1481727E8 .1648288E7 99.7809335 94.0257482 98.5617806 2679.82278 .179873E-3 2915.67427 -115384.49
                   -112774.07 -112863.66 -116390.11 -123556.98 115676.884 -116390.11 -112983.68 115676.884 139611.253 -150022.92
                   107512.215 -167647.14 -156.27003 170105.623 -202100.29 205780.975  196554.38 193583.606 -204336.13 208990.336
                   -207108.49 167740.931 170048.044 -107.75124 272.188063 -90.782384 -71.126337 -57.432993  1557.6927 12.6331111
                   9.94236883 12.5421364 22.8715462 .198671E-4 21.0386054 1981.42771 71726.1547 1555.08041 -1562.7003
Times of maxima :      .02952     .03127     .03128     .04174     .04762     .04439     .04088      .0507     .04491     .02899
                       .01672     .00561     .04174     .03017     .04439     .04174     .04762     .04439     .04455     .04136
                       .04027     .04088      .0507     .04491     .04305     .04112     .04623     .04483     .04309     .04099
                       .04329     .04088     .04491     .02952     .03127     .03128     .04009     .04592     .05036        0.3
                          0.3        0.3        0.3        0.3        0.3     .03921     .03916     .04047      .0507
             Random switching times for simulation number  55  :
                                  10  3.6015111E-02   11  3.5086734E-02   12  3.4862007E-02   16  4.5922648E-02   17  4.4291924E-02
                                  18  4.4977100E-02

 338.686           .4507822E7 .1354909E8 .1848654E7 94.8099296 104.172879 113.656758  866.92243  .26265E-3  2138.1431 133618.114
                   -112774.07 -112863.66 113453.846 -118924.04  -137404.1 113453.846 -118924.04 -124219.55 -134283.93 134324.129
                   -85846.507 -146248.65 -188.83444 161760.032 196212.537  -202252.7 195871.692 183022.296 198872.205 -184235.64
                   -199488.76 146365.572 161785.922  150.13031 -260.27956 -96.141923 49.4697383 -49.415113 1876.42619   12.33235
                   9.75964244 12.2731558 21.2867543 .199005E-4  20.362629 2937.03238 58627.1766 1564.60894 -1888.3444
Times of maxima :      .03621     .03939     .03499      .0496     .04763      .0367     .05783     .05047     .04534     .03593
                       .01672     .00561      .0496     .04763     .03668      .0496     .04763      .0367     .03682     .04999
                        .0468     .05783     .05047     .04534     .06811     .04832     .04591     .04613      .0509      .0489
                        .0595     .05783     .04534     .03621     .03939     .03499     .04909      .0456      .0501        0.3
                          0.3        0.3        0.3        0.3        0.3     .04594     .04499     .04431     .05047
             Random switching times for simulation number  56  :
                                  10  3.3952866E-02   11  3.4196436E-02   12  3.5065033E-02   16  4.4671370E-02   17  4.5042761E-02
                                  18  4.3734782E-02

 303.336           .1826519E7 .1351306E8 .2654857E7 97.3188196 84.4443409 125.758635 905.897887 .287086E-3  898.69063 112888.108
                   -123268.74 -112863.66  114945.17 112863.661 -127781.34  114945.17 -107072.41 -130665.59 -129703.94 130450.294
                   -56387.148 146768.961 -197.42341   -146673. 197375.995 -193783.29 190430.433 -164748.79 203744.635 -170388.78
                   213162.005 -146963.18 -146583.62  95.564606 -259.93329 -115.21409 50.1086108 -55.396695 1949.90198 12.3300545
                   9.77713897 12.4223041 21.2459891  .20079E-4 20.0982277 1775.63908 56664.7181    1999.48 -1974.2341
Times of maxima :      .03449     .03927     .03529     .04997     .04709     .03567     .04975      .0501     .05367     .00283
                       .03405     .00561     .04997     .00561     .03565     .04997     .04709     .03567     .05349     .04959
                       .04767     .04975      .0501     .05367     .05124     .04847     .04572     .05377     .03579     .04857
                       .03592     .04975     .05367     .03449     .03927     .03529     .04912     .04535     .05029        0.3
                          0.3        0.3        0.3        0.3        0.3     .04469     .04375     .04506      .0501
             Random switching times for simulation number  57  :
                                  10  2.7385298E-02   11  2.7303966E-02   12  2.7565991E-02   16  3.7184150E-02   17  3.6910070E-02
                                  18  3.6687335E-02

 143.433           .4102597E7 .1352049E8 .1099837E7 103.531549 104.808042  124.82243 1772.10525 .260939E-3 2119.33829 -117389.32
                   -112774.07 -112863.66  -118557.4 119286.039  139290.77  -118557.4 119286.039  130178.31  136440.52 -144595.14
                   87087.7229 -157565.87 188.218371 -161549.09 -201369.93 203629.882 -194307.85 185659.724 -208964.17 189368.252
                   -210858.68 157728.298 -161575.88 -143.22356 260.004741 74.1564891 60.5862403 79.9802013 -1872.7444 12.6856443
                   10.0749629 12.6871692 22.9251439 .205297E-4 21.7135077 2912.48773 57622.3602 1146.13842 1882.18371
Times of maxima :      .02772     .03107     .02769     .04152     .03866     .02868     .04029     .04166     .03705     .02739
                       .01672     .00561     .04152     .03866     .02805     .04152     .03866     .02868     .04404     .04169
                       .03851     .04029     .04166     .03705     .04279     .04004     .03761     .04532     .04277     .04059
                       .04291     .04029     .03705     .02772     .03107     .02769     .04718      .0373      .0418        0.3
                          0.3        0.3        0.3        0.3        0.3      .0372      .0367     .03693     .04166
             Random switching times for simulation number  58  :
                                  10  2.9873032E-02   11  2.9579777E-02   12  2.8405606E-02   16  4.0302431E-02   17  3.8808024E-02
                                  18  4.0010682E-02

 208.381           .2092036E7 .1375767E8 592002.675 112.655956 100.729407 103.556873 704559.188 .207648E-3 177630.736 -114022.29
                   -112774.07 113979.372 -123671.43 -123630.02 118571.899 -123671.43 -116941.98 118571.899 150342.182 -173133.21
                   97333.5261 -186038.65   -167.902 180480.255 -200687.15 -200602.66 205298.452 205480.346  -211412.4 203663.763
                   -211867.76 186094.983 180485.427 -102.27502 -262.27532 -54.406005 82.2926479 88.0282628 1656.11888 12.6756615
                   9.88412229 12.5261917 44.4622774 .197716E-4 36.0138415 1846.68908 74310.4046  920.21113   -1679.02
Times of maxima :         .03     .03935     .02977     .04207     .04711     .04471     .04104     .05017     .04578     .02848
                       .01672     .02958     .04207     .03087     .04471     .04207     .04711     .04471     .04458     .04086
                       .04041     .04104     .05017     .04578     .04324     .04849     .04567     .04572     .04336     .04051
                       .04324     .04104     .04578        .03     .03935     .02977     .04901     .04032     .05052        0.3
                          0.3        0.3        0.3        0.3        0.3     .04032     .04003     .03882     .05017
             Random switching times for simulation number  59  :
                                  10  3.7811704E-02   11  3.5233973E-02   12  3.7671418E-02   16  4.7422777E-02   17  4.7265132E-02
                                  18  4.5365360E-02

 355.549           .1894057E7 .1362702E8 555919.482 99.3794009 106.569399 96.6817303 2344.95598 .250108E-3 2407.22493 119459.399
                   -112774.07 -112863.66 116155.693  -120284.2 -114568.31 116155.693  -120284.2 -114568.31 131101.002 136335.915
                   -93530.507 164049.799 -184.27071 164728.733 197206.209 -207453.81 197784.599 186207.345 205797.331  -202322.9
                   210876.819 -164211.34 164759.912 97.3153856 -261.02703 52.7218874  59.784991 59.4035241 1820.02553 12.2815605
                   9.74731241  12.139779 21.8120905 .198029E-4 20.1142096 1748.41891 60193.2836 924.315105 -1842.7071
Times of maxima :      .03794     .03829     .03846     .04932     .04734     .05283     .04918     .05018     .04573     .03586
                       .01672     .00561     .04932     .04734     .05283     .04932     .04734     .05283     .06172       .049
                       .04719     .04918     .05018     .04573     .05189     .04939     .04666     .04652     .05185     .04929
                       .05195     .04918     .04573     .03794     .03829     .03846      .0477     .05363     .05048        0.3
                          0.3        0.3        0.3        0.3        0.3     .04744     .04538     .04728     .05018
             Random switching times for simulation number  60  :
                                  10  2.0570248E-02   11  2.1541767E-02   12  1.8934716E-02   16  3.1276373E-02   17  2.8576890E-02
                                  18  3.1893703E-02

 11.4434           .2696428E7 .1333301E8 .1090672E7 104.453178 101.721827 105.120974 347023.419 .215805E-3 272711.403 125408.616
                   -112774.07 -132047.37 119083.925 117516.646 -119463.99 119083.925 117516.646 -119463.99 -145706.16 162847.137
                   -93666.021 184471.305 171.168081 -182741.16 202896.794 206238.131   -208896. -211707.91 211757.129 203996.577
                   219290.299 -184526.25 -182705.29 116.112626 258.195747 -73.846852 99.8849147   85.03472 -1705.9661 13.0881678
                   10.1946607 12.9705179 37.9022399 .204049E-4 36.3067612 2251.17871 73223.2958 1303.01397 1711.68081
Times of maxima :      .02089     .03056     .01905     .03399     .03899     .03613     .03293     .04204     .03628     .02025
                       .01672     .02103     .03399     .03899     .03613     .03399     .03899     .03613      .0361     .03274
                       .03232     .03293     .04204     .03628     .03448     .04037     .03753     .03617     .03455     .04049
                       .03471     .03293     .03628     .02089     .03056     .01905     .03305      .0373     .04168        0.3
                          0.3        0.3        0.3        0.3        0.3     .03129     .03191     .02859     .04204
             Random switching times for simulation number  61  :
                                  10  2.9018917E-02   11  3.0198304E-02   12  3.0681909E-02   16  3.9361650E-02   17  4.0100914E-02
                                  18  4.0289147E-02

 190.383           .2103574E7 .1350931E8 .1554184E7 111.799483 102.168875 103.265596 .1346161E7  .21825E-3 346092.894 112888.108
                   -112774.07 120911.044 -123200.43 -117774.59 118405.027 -123200.43 -117774.59 118405.027 145718.733  -169613.1
                   95267.4979  -187999.1 -172.13512 184449.833 -197019.22 -204023.19 207785.746 211575.277 -199382.65 210465.003
                   -199681.76 188040.411 184415.922 -102.55666 -259.89723 -88.152829 -94.817706 -81.130404 1716.73816 12.6444275
                   9.86771635 12.5680941 53.2781629  .19767E-4 43.0675004  2066.0313 71284.1449 1311.03676 -1721.3512
Times of maxima :      .02913     .03933     .03084     .04098     .04738     .04453     .04065     .05044     .04466     .00283
                       .01672     .02947     .04098     .04738     .04453     .04098     .04738     .04453     .04435     .04113
                       .04071     .04065     .05044     .04466     .04348     .04875     .04593     .04456     .04339     .04072
                        .0431     .04065     .04466     .02913     .03933     .03084     .04121     .04565     .05007        0.3
                          0.3        0.3        0.3        0.3        0.3     .03938      .0403     .04012     .05044
             Random switching times for simulation number  62  :
                                  10  3.3109436E-02   11  3.3494920E-02   12  3.2580460E-02   16  4.3201759E-02   17  4.2280747E-02
                                  18  4.3428315E-02

 270.667           .1547568E7 .1351017E8 .2868572E7 127.292092 79.4176598 97.5796868 1157.25362 .285288E-3 468.281674 112888.108
                   -112774.07 -112863.66 135450.162 112863.661 -113621.06 131459.818 -103836.69 -115099.13 126188.018 130949.078
                   -53365.527 150046.377 -196.80389 140716.884 206648.549  -188544.1 186116.293 162644.352 199605.221 -172024.19
                   209937.687 -150037.38  140751.61 87.9649954  -259.9055 -119.76169 37.3595442 -40.057442 1956.25298 12.5104046
                   9.78573445 12.4638691 21.2084625 .200827E-4 19.9233442  1489.2463 56948.0854 2279.31832 -1968.0389
Times of maxima :      .03365     .03937     .03314     .03372     .04756     .03636     .03346     .05001     .04503     .00283
                       .01672     .00561     .03325     .00561     .03594     .03372     .04756     .03636     .04513     .03329
                       .04755     .03346     .05001     .04503     .03424     .04855     .04554     .04539     .03465      .0336
                       .03398     .03346     .04503     .03365     .03937     .03314      .0482     .04563     .05026        0.3
                          0.3        0.3        0.3        0.3        0.3     .04322     .04344      .0423     .05001
             Random switching times for simulation number  63  :
                                  10  3.4683851E-02   11  3.5489056E-02   12  3.5659514E-02   16  4.4274072E-02   17  4.6003552E-02
                                  18  4.6103049E-02

 328.249           .2405318E7 .1354782E8 .1654242E7 105.557656 114.744347 124.424946 2298.26109 .210162E-3 258466.419 112888.108
                   -114448.41 -112863.66 119711.861 -124812.47 -130291.14 119711.861 -124812.47 -129970.88 -146653.36 158302.325
                   -104545.09 -163537.55 -168.91555 -182405.88 196995.592 -209653.96  -195934.7 -196539.98 203086.036 -202381.52
                   206796.259 163656.329 -182318.24 109.665818 -260.26736  -90.94619 85.6425125 -99.560311 1691.06975 12.3054199
                   9.71810256 12.3818903 23.9693125 .195858E-4 38.4945714 2109.02225  65316.368 1526.04119 -1689.1555
Times of maxima :      .03522     .03931     .03577     .04957     .04808     .03627     .05754     .05018     .05327     .00283
                       .03478     .00561     .04957     .04808     .03536     .04957     .04808     .03627     .05309      .0497
                       .04724     .05754     .05018     .05327     .05176     .04808     .05457     .05321     .05183     .04934
                       .05195     .05754     .05327     .03522     .03931     .03577     .04872      .0464     .05054        0.3
                          0.3        0.3        0.3        0.3        0.3     .04429     .04612     .04602     .05018
             Random switching times for simulation number  64  :
                                  10  2.0554664E-02   11  2.0826552E-02   12  2.1130681E-02   16  3.1040727E-02   17  3.1075405E-02
                                  18  3.0760317E-02

  27.907           .2805241E7 .1411068E8 675075.924 105.109842 93.6970063 102.280238 808849.285 .179544E-3 3337.01833 112888.108
                   -112774.07 -112864.36  119457.66 124829.988 117838.764  119457.66 112785.994 117838.764 -148925.34 169171.657
                   -109116.78  186360.08 156.127059 -174357.86 202395.904 -211978.18 -195332.55 -191029.02 213458.889 -217460.27
                   220373.255 -186426.33 -174298.55 118.432285 -265.61891 -58.098017 75.9371415 93.1474883 -1555.5433 13.0559968
                   10.2644151 12.9679092 62.0798233 .205117E-4 22.5402277 2453.75255 67334.8052 926.849159 1561.27059
Times of maxima :      .02095     .02257     .03104     .03315     .03924     .04442      .0318     .04233     .03654     .00283
                       .01672     .02083     .03315     .02212     .04442     .03315     .03924     .04442     .03675     .03299
                       .03189      .0318     .04233     .03654      .0347     .03176     .03785     .03648     .03434     .03186
                       .03447      .0318     .03654     .02095     .02257     .03104     .03163     .03478     .04198        0.3
                          0.3        0.3        0.3        0.3        0.3     .03106     .03078     .03109     .04233
             Random switching times for simulation number  65  :
                                  10  2.7902706E-02   11  2.9126765E-02   12  3.0400141E-02   16  3.8368051E-02   17  4.1325409E-02
                                  18  3.9219515E-02

 191.918           .2758319E7 .1459526E8 .1113924E7 99.8419708 94.0179439 104.596615 3093.10518 .182128E-3 2742.13037 112888.108
                   -112774.07 -112863.66 -116425.71 -119037.46  133627.91 -116425.71 -112978.99 119165.662 150760.334 -145924.06
                   107865.123 171917.241  -157.2465 168302.411 -206482.53 205754.086 196569.513 197333.118 -222247.09 -203425.93
                   -224061.72 -172050.69 168247.939 -117.43763  270.14125 -74.629899 -108.22612 -81.192197 1568.72939 12.6377924
                    9.9393716 12.6518723 23.6270745 .198558E-4 22.1105071 2382.30704 71151.7039 1389.17406  -1572.465
Times of maxima :      .02824     .03097     .03093     .04172     .04769     .02859     .04918     .05009     .04497     .00283
                       .01672     .00561     .04172     .03042     .02857     .04172     .04769     .02859     .04462     .04144
                       .04034     .04918     .05009     .04497     .04315     .04051     .04629     .04489     .04323     .04923
                       .04336     .04918     .04497     .02824     .03097     .03093     .04019       .046     .05042        0.3
                          0.3        0.3        0.3        0.3        0.3     .03838     .03923     .04134     .05009
             Random switching times for simulation number  66  :
                                  10  2.9935337E-02   11  3.0048151E-02   12  3.0580409E-02   16  4.1048670E-02   17  4.0012548E-02
                                  18  3.9982243E-02

 206.229           .1738167E7 .1350918E8 .1495413E7 114.578887 99.4070986 110.104305  182870.92 .206785E-3 .1397477E7 112888.108
                   -112774.07 122045.386 -124722.44  -122167.5 122262.835 -124722.44 -116171.88 122262.835 162528.504 -170485.06
                   98369.5901  -180606.3 -167.55286 188154.173 -208346.41 202465.978 206241.441 208520.041 -228298.18 206854.092
                   -240846.85 180649.468 188104.002 -93.224644  -259.8959 -86.470027 95.0700116 91.0650675 1653.53975  12.648158
                    9.8842692 12.5226113 30.8556709 .197702E-4 136.027899 2168.40108  68198.679 1242.30057 -1675.5286
Times of maxima :      .03017     .03933     .03113     .04069     .04708     .04469     .04035     .05015     .04438     .00283
                       .01672     .03005     .04069     .03134     .04469     .04069     .04708     .04469     .04457     .04083
                       .04038     .04035     .05015     .04438     .04321     .04061     .04565      .0457      .0433     .04048
                       .04318     .04035     .04438     .03017     .03933     .03113     .04755     .04027     .05048        0.3
                          0.3        0.3        0.3        0.3        0.3     .04106        .04     .04003     .05015
             Random switching times for simulation number  67  :
                                  10  3.2533949E-02   11  3.2410991E-02   12  3.0381905E-02   16  4.2248179E-02   17  4.0065310E-02
                                  18  4.2695789E-02

 264.125           885580.471 .1350989E8 .1036358E7 110.916307 87.2531735 99.0517509 1183.45862 .282533E-3 1818.39466 112888.108
                   -112774.07 123753.194 121128.105 112863.661 115964.054 122712.842  -108838.6 115964.054 134359.328 132437.567
                   -65094.957 150380.664 -195.85153 158106.908 -199191.77 -192987.92 198274.294 185590.174  -203444.7 -174472.27
                   -206002.71 -150573.69  158164.03 66.5424854  -259.9028 -71.984638 54.2661248 47.7945589  1936.7603 12.6512423
                   9.79057407 12.4821327 21.8567054 .200357E-4 20.9684739 1184.74299 60433.7858 1256.56568 -1958.5153
Times of maxima :      .03311     .03939     .03093     .03313     .04688     .04428     .04985        .05     .04569     .00283
                       .01672     .03065     .03312     .00561     .04428     .03313     .04688     .04428     .04448     .05003
                       .04698     .04985        .05     .04569     .04292     .04837     .04548     .04557     .04297     .04841
                       .04311     .04985     .04569     .03311     .03939     .03093     .04743     .05314     .05033        0.3
                          0.3        0.3        0.3        0.3        0.3     .04226     .04271     .04008        .05
             Random switching times for simulation number  68  :
                                  10  2.8388444E-02   11  2.7710386E-02   12  2.7931085E-02   16  3.9269058E-02   17  3.7335160E-02
                                  18  3.7254302E-02

 167.409           .3382572E7 .1351765E8  761623.09 101.488611  113.48841 104.054743 2720.45282 .239666E-3 2600.58666  -129117.4
                   -112774.07 -112863.66 -117381.85 124127.517 129436.815 -117381.85 124127.517 118856.586  138813.27 -157420.19
                   97409.3973 -168074.91 180.382838 166807.624 -200863.09 213030.137 196172.632 191240.479 -206862.11  198234.62
                   -207941.69 168240.082 166687.439 -130.04946  259.97742  -61.70993  69.731823 94.4191023   -1795.74 12.6804053
                   10.0570464 12.6130609 23.9843693 .203763E-4 22.0983062  2668.1552 59544.8206 791.156197 1803.82838
Times of maxima :      .02872     .03091     .02903     .04211     .03923     .02907     .04086       .042     .04442     .02803
                       .01672     .00561     .04211     .03923     .02905     .04211     .03923     .02907     .04461     .04085
                       .03908     .04086       .042     .04442     .04323      .0406     .04573     .04586     .04332      .0405
                       .04342     .04086     .04442     .02872     .03091     .02903     .04763     .03756     .04171        0.3
                          0.3        0.3        0.3        0.3        0.3     .03928     .03727     .03735       .042
             Random switching times for simulation number  69  :
                                  10  2.3648273E-02   11  2.3760830E-02   12  2.4368743E-02   16  3.3080378E-02   17  3.4323461E-02
                                  18  3.3664774E-02

 85.0647           789480.849 .1351651E8 .3493496E7 116.923248  91.877287 102.979374  2383.5334   .2726E-3 2698.89516 112888.108
                   126567.729 -112863.66 -139270.76 112863.661 -118240.82 -125991.94 111685.397 -118240.82 -139906.98 -138262.59
                   75708.2532 -164470.97 192.377877 -167848.17 201630.881 198718.506 -197956.11 -195023.44 207887.679 190948.908
                   210190.617  164648.79 -167869.51 -62.828371 259.966429 132.164593 65.0545411 66.3324412 -1914.6578 12.8899419
                   10.1091311 12.8776343 22.9082131 .205792E-4 22.3104939  1106.5531  61552.732 2514.56203 1923.77877
Times of maxima :       .0245     .03097      .0246      .0255     .03931     .03634     .04083     .04169     .03666     .00283
                       .02437     .00561     .02503     .00561     .03634      .0255     .03931     .03634     .03638     .04102
                       .03866     .04083     .04169     .03666       .035     .04076     .03786     .03654     .03501     .04078
                       .03502     .04083     .03666      .0245     .03097      .0246      .0346     .03772     .04201        0.3
                          0.3        0.3        0.3        0.3        0.3      .0331     .03368     .03434     .04169
             Random switching times for simulation number  70  :
                                  10  2.1157439E-02   11  2.1291799E-02   12  2.2166255E-02   16  3.1528584E-02   17  3.2058610E-02
                                  18  3.1117885E-02

 29.4353           .2275879E7 .1421924E8 .1086397E7 102.165673 95.4572121 98.2978337 3201.87732 .192394E-3 2502.65216 112888.108
                   -112774.07 -119337.63 117772.749 125207.548 -115521.89 117772.749 113840.471 -115521.89 -142857.02 145539.547
                   -105416.93 173012.555 161.617462 -165760.16 203134.578 -206302.34 -198276.96 -194693.25 209457.246 -207599.56
                   210958.913 -173077.35 -165724.26 106.674238 -266.63867 73.7020144 74.6294478 58.1957828 -1592.0674 13.0279759
                   10.2378064 12.9313756 23.4768423 .204544E-4 21.6518571 2309.94158 66612.6452 1417.00715 1616.17462
Times of maxima :      .02148     .02277      .0227     .03319      .0389     .03636     .03215     .04197     .03688     .00283
                       .01672      .0213     .03319     .02259     .03636     .03319      .0389     .03636     .03642     .03333
                       .03224     .03215     .04197     .03688       .035     .03241     .03676     .03679     .03507     .03227
                       .03519     .03215     .03688     .02148     .02277      .0227     .03201     .03651     .04231        0.3
                          0.3        0.3        0.3        0.3        0.3     .03154     .03113     .03207     .04197
             Random switching times for simulation number  71  :
                                  10  2.9750106E-02   11  2.8365272E-02   12  2.9992446E-02   16  3.9335777E-02   17  3.9871032E-02
                                  18  3.8714465E-02

 209.892           .1612602E7 .1497401E8 .1269954E7  98.835379 100.601139 100.745978 2500.67173 .167743E-3 2308.16064 -121256.34
                   -112774.07 -112863.66 -115837.33 -118344.62 116951.601 -115837.33 116867.502 116951.601 137360.197 -148273.71
                   109604.686 -165738.86   -150.909 163646.373 -200118.71   209322.4  198871.66 188688.614 -204534.72  211641.49
                   -211122.84 165837.338 163559.748 -89.794267 273.623905 -79.685447  -69.67529 -50.735505 1491.57844 12.6546671
                   9.97138755 12.5212887 22.9536634 .199583E-4 20.9946346 1513.69294  70597.976 1229.57774   -1509.09
Times of maxima :      .02988      .0303      .0304     .04179     .04001     .04434     .04045     .05028     .04448     .02875
                       .01672     .00561     .04179     .03043     .04434     .04179     .04001     .04434     .04413     .04093
                       .03984     .04045     .05028     .04448     .04262     .04069     .04579      .0458     .04269     .04056
                       .04287     .04045     .04448     .02988      .0303      .0304     .03961     .04547     .05064        0.3
                          0.3        0.3        0.3        0.3        0.3     .03935     .03873     .03989     .05028
             Random switching times for simulation number  72  :
                                  10  2.4872900E-02   11  2.3977476E-02   12  2.5588938E-02   16  3.5721933E-02   17  3.6150275E-02
                                  18  3.4148355E-02

 104.007           .1241609E7 .1351423E8 .3441442E7  98.088123 86.7061321  103.62356 819.519646 .280735E-3 994.805612 112888.108
                   125433.745 -112863.66 -127961.09 112863.661 118000.702  -115398.6 108496.872 118610.071 131574.135 -133458.08
                   69071.8241 -145611.21 195.227481 -147943.36  -214384.8 194456.135 -193600.33 -174394.28 -208710.19 174847.699
                   -223123.89 145795.162 -147989.77 -78.791145  259.94452 131.176264 -46.528917 55.9249281 -1939.7949 12.7967198
                   10.1040389 12.8436615 22.0809329 .206493E-4 20.8522163 1493.93511 61511.3409 2573.77595 1952.27481
Times of maxima :       .0254     .03098     .02587     .02627     .03834     .02755     .04085     .04213     .03714     .00283
                       .02528     .00561     .02625     .00561     .02754     .02627     .03834     .02755     .04482     .04092
                       .03913     .04085     .04213     .03714     .02672     .04057     .03763     .03701     .02659     .04065
                       .02645     .04085     .03714      .0254     .03098     .02587     .04027     .03775      .0418        0.3
                          0.3        0.3        0.3        0.3        0.3     .03574     .03416     .03617     .04213
             Random switching times for simulation number  73  :
                                  10  3.0074627E-02   11  2.9506399E-02   12  2.9287423E-02   16  3.9428390E-02   17  3.9434478E-02
                                  18  3.9721878E-02

 206.224            .150767E7 .1350794E8 494293.365 114.654448 98.8679077  105.81758 363993.456 .201155E-3 .1197614E7 112888.108
                   -112774.07 -112863.66 -124763.56 -125905.91 119859.159 -124763.56 -115856.39 119859.159 147653.662 -157859.22
                   100693.039 -184862.07 -165.25626 187548.777 -203276.78 203786.096 207774.851 214873.643 -217326.88 210797.004
                   -220651.29 184906.261  187533.58 -86.823682 -259.88397 -49.713849 -97.634129 96.2721652 1616.88129 12.6693391
                   9.90119926 12.5153111 32.7026459 .197884E-4 143.706969 1357.97072 72089.9614 880.041314 -1652.5626
Times of maxima :      .03016     .03934     .02983      .0418     .04682     .04399     .04009     .05058     .04549     .00283
                       .01672     .00561      .0418     .03079     .04399      .0418     .04682     .04399     .04429     .04043
                       .04016     .04009     .05058     .04549     .04282     .04006     .04536     .04541     .04272     .04016
                       .04287     .04009     .04549     .03016     .03934     .02983     .04088     .03998      .0509        0.3
                          0.3        0.3        0.3        0.3        0.3     .03944     .03974     .03945     .05058
             Random switching times for simulation number  74  :
                                  10  3.6420730E-02   11  3.5525645E-02   12  3.6164779E-02   16  4.5267982E-02   17  4.6727408E-02
                                  18  4.5509263E-02

 334.032           .3544511E7 .1353109E8 802791.502  99.449318  112.37002 107.426437 1289.19418 .244047E-3 1940.66366 124458.372
                   -112774.07 -112863.66 -116196.55 -123514.39 -133765.21 -116196.55 -123514.39 -120766.89  -135706.1 137792.553
                   -95871.188 151716.122 -182.02417 -159520.83 201787.799 -207878.44 194205.712 -181319.02 204577.557 -194585.83
                   208126.495 -151876.33 159482.091 133.126086 -260.10665 63.3558009 78.5040285 54.6476339 1800.65826 12.2899321
                   9.74274253 12.2341943 22.0242227  .19764E-4 20.7795621 2638.58549 60495.9028 1338.76148 -1820.2417
Times of maxima :      .03658     .03938     .03707     .05831     .04747      .0371     .04931     .05033     .05266     .03626
                       .01672     .00561     .05831     .04747     .03709     .05831     .04747      .0371     .05247      .0491
                       .04733     .04931     .05033     .05266     .05116     .04885     .04613     .05411     .05121     .04874
                       .05107     .04931     .04587     .03658     .03938     .03707     .04804     .05518     .04995        0.3
                          0.3        0.3        0.3        0.3        0.3     .04528     .04552     .04674     .05033
             Random switching times for simulation number  75  :
                                  10  3.2218145E-02   11  3.1970904E-02   12  3.1974650E-02   16  4.2316463E-02   17  4.0922786E-02
                                  18  4.2702102E-02

 251.638           740372.313 .1351368E8  .352423E7 118.797684 87.8506283 99.5361517 1126.16056 .282802E-3 1658.42671 112888.108
                   -112774.07 -112863.66 136906.235 112863.661 116247.263  126997.83 -109210.59 116247.263 133395.736 139057.255
                   -65610.966 149647.985 -195.94461 156223.273 -202062.23 -192623.78 198964.661 185556.866 -208526.67  -172281.3
                   -208098.27 -149841.66 156281.232 60.8429253  -259.9392 -132.74468 52.2454752 50.1618021 1941.76602 12.5694041
                   9.78729579 12.4809757 21.6597331 .200392E-4 20.8107206 1147.25711 63951.3212 2553.86728 -1959.4461
Times of maxima :      .03278     .03934     .03251     .03311      .0469     .04421     .04987        .05      .0457     .00283
                       .01672     .00561     .03264     .00561     .04421     .03311      .0469     .04421      .0445     .03271
                       .04699     .04987        .05      .0457     .04294     .04834     .04549     .04558     .04303     .04841
                       .04317     .04987      .0457     .03278     .03934     .03251     .04733     .05447     .05034        0.3
                          0.3        0.3        0.3        0.3        0.3     .04233     .04272     .04094        .05
             Random switching times for simulation number  76  :
                                  10  2.4421350E-02   11  2.6276877E-02   12  2.3630033E-02   16  3.4902559E-02   17  3.2724418E-02
                                  18  3.5881588E-02

 91.1328           .1547336E7 .1351632E8 .2527379E7 114.891675 90.1886795 96.6837209 921.141796 .281278E-3  1651.3584 112888.108
                   -112774.07 -112863.66  -130767.9 112863.661 -114569.49 -124892.57 110654.308 -114569.49  -137534.1 -131810.07
                   66742.9976 -146971.54 195.416028 -156139.13 -196311.89 193935.542 -190791.53 -176659.56 -197683.41 171642.269
                   -200449.12  147157.54 -156174.45 -87.958402 259.964638 112.413935 -50.490554 47.5407871 -1950.7976 12.9553866
                   10.1002277 12.8610317 22.2234283 .206775E-4 21.1114487  1423.6956 56540.0489  2107.3707 1954.16028
Times of maxima :      .02498     .03101     .02417     .02531     .03923     .03657     .04109     .04207     .03692     .00283
                       .01672     .00561     .02431     .00561     .03657     .02531     .03923     .03657     .03673     .04101
                       .03841     .04109     .04207     .03692     .02662     .04062     .03785     .03704     .04309      .0412
                       .04295     .04109     .03692     .02498     .03101     .02417     .03995     .03788     .04192        0.3
                          0.3        0.3        0.3        0.3        0.3     .03492      .0359     .03274     .04207
             Random switching times for simulation number  77  :
                                  10  2.8518852E-02   11  2.9604058E-02   12  2.9767082E-02   16  3.7548363E-02   17  3.9894798E-02
                                  18  3.8909952E-02

 211.172           .2480729E7 .1340499E8  654856.69 103.050048 95.6195151 103.153182 2674.58974 .173809E-3 2585.48962 112888.108
                   -112774.07 -112863.66 -118281.39 -119784.43 122348.724 -118281.39  113937.21 118340.562 140689.955 -147586.13
                   108704.749 -167591.91 -153.61336  166646.87 -204996.84 208114.833 199037.321 191160.097 -214540.59 207173.256
                   -221636.06 167701.683 166573.223 -111.37166 258.891819 -57.221355 -81.578973 -64.654285 1515.98669 12.6568677
                   9.96385596 12.5890923 23.1180824 .199113E-4 21.3821215 2119.65107 60793.9717 1158.16656 -1536.1336
Times of maxima :      .02866     .03132     .03025      .0415      .0402     .04454     .04132     .05047     .04467     .00283
                       .01672     .00561      .0415      .0309     .02918      .0415      .0402     .04454     .04432     .04112
                       .04003     .04132     .05047     .04467      .0428      .0402     .04598     .04458      .0429     .04074
                       .04303     .04132     .04467     .02866     .03132     .03025     .03985     .04585     .05012        0.3
                          0.3        0.3        0.3        0.3        0.3     .03756     .03892     .03991     .05047
             Random switching times for simulation number  78  :
                                  10  2.7682322E-02   11  2.5807235E-02   12  2.4762005E-02   16  3.7163253E-02   17  3.5405800E-02
                                  18  3.6308475E-02

  133.14            .444454E7 .1353341E8  .280501E7 110.680755 99.7246758 113.328344 1169.53443 .274204E-3 1815.70771  -141606.1
                   -112774.07 -112863.66 -136314.08 116357.298 137722.816 -122582.47 116357.298  124039.95 135053.284 -136283.76
                   77376.0414 -150203.21 192.943011 -158075.59 -196569.97 200746.803 -196440.57 -180468.36 -197173.43 179205.232
                   -199636.79 150202.906 -158119.81  -149.0728 260.128882 118.427403 -46.634777   61.04981 -1905.0437 12.8648935
                     10.08881 12.6646309 22.2446279 .206104E-4  20.974024  2910.2301 57274.2863 2284.53789 1929.43011
Times of maxima :      .02797     .03105     .02495     .02591     .03896     .02836     .02571     .04181     .03734     .02733
                       .01672     .00561     .02544     .03896     .02835     .02591     .03896     .02836     .02848     .04132
                       .03883     .02571     .04181     .03734     .04304     .04034      .0376     .03746     .04347     .04023
                       .04363     .02571     .03734     .02797     .03105     .02495     .04035     .03692     .04217        0.3
                          0.3        0.3        0.3        0.3        0.3     .03718     .03632     .03542     .04181
             Random switching times for simulation number  79  :
                                  10  2.7470847E-02   11  2.7130528E-02   12  2.7103401E-02   16  3.8055195E-02   17  3.6510025E-02
                                  18  3.6969563E-02

 154.826           .4093171E7 .1354845E8 .1345756E7 98.7756124 109.369393 121.954387 1235.75772 .252133E-3 2499.74296 -127260.41
                   -112774.07 -112863.66  -115802.3 121854.119 140361.386  -115802.3 121854.119 128674.066 133969.583 -135873.78
                   93014.1483 -151043.86 185.015176 -165728.87  -201328.7 207048.762 -195656.05 -188164.09 -211096.72 192456.171
                   -214547.87 151197.318 -165759.32 -143.05893  260.27345 82.0291539 -62.454757 71.0433762 -1829.3363 12.6973383
                   10.0661202 12.6853806 22.5469646 .204566E-4 21.3871537 2932.50002 59496.5193 1287.82359 1850.15176
Times of maxima :      .02786     .03112     .02759     .04147     .03894     .02877     .04018     .04179     .03733     .02748
                       .01672     .00561     .04147     .03894     .02814     .04147     .03894     .02877     .02861     .04131
                       .03879     .04018     .04179     .03733     .04292     .04031      .0379     .03812     .04282      .0402
                       .04273     .04018     .03733     .02786     .03112     .02759     .04108     .03715     .04208        0.3
                          0.3        0.3        0.3        0.3        0.3     .03807     .03698     .03653     .04179
             Random switching times for simulation number  80  :
                                  10  2.9921383E-02   11  3.1502506E-02   12  3.1707789E-02   16  4.0830179E-02   17  4.1844464E-02
                                  18  4.0745983E-02

 241.595           .1208346E7 .1351211E8 .3202874E7 111.364213 94.5694663 99.6055453 3131.40504 .236057E-3 2323.74675 112888.108
                   -112774.07 128971.455 130657.745 -113309.88 116287.778 122960.363 -113309.88 116287.778 142789.034 -144351.64
                    -85420.17 -172304.21 -179.01969 163817.465 -201909.89 -197417.09 196063.787 196447.021 -206641.32 -189656.69
                   -206283.87 172340.638  163813.93 -77.728564 -259.92414  -126.5479 -60.187263 -59.184882 1770.36475 12.5777313
                   9.83877339  12.518685 22.1886302 .197815E-4 20.7433477 1746.28704 58663.9162 2394.84913 -1790.1969
Times of maxima :      .03003     .03937     .03215       .033     .04716     .04463     .04111     .05019     .04512     .00283
                       .01672     .03136     .03237     .04716     .04463       .033     .04716     .04463     .04465     .04159
                       .04645     .04111     .05019     .04512     .04329     .04921      .0457     .04502     .04331     .04935
                       .04316     .04111     .04512     .03003     .03937     .03215     .04163     .04613     .05052        0.3
                          0.3        0.3        0.3        0.3        0.3     .04085     .04076     .04186     .05019
             Random switching times for simulation number  81  :
                                  10  2.7388876E-02   11  2.6793679E-02   12  2.8005388E-02   16  3.6625170E-02   17  3.8371795E-02
                                  18  3.7033244E-02

  155.06           .3251557E7 .1351662E8 884407.329 98.4970518 110.331254 118.635203 1520.82673 .250366E-3 1964.72673 -117983.34
                   -112774.07 -112863.66 -115638.89 122388.776 138321.312 -115638.89 122388.776 126910.952 -136788.26 -141734.98
                   92705.9791 -154570.68 184.365487 159796.565 -197055.68 207373.464  -194839.7 -183437.24 -198812.01 190985.206
                   -201409.12 154730.519 159808.997 -127.50603  259.96753 66.4983958 -66.224867  -54.75959 -1817.9911 12.6781918
                   10.0626487 12.6862654 22.7785812 .204399E-4 21.8166582 2588.27241 60179.3447 1359.69036 1843.65487
Times of maxima :      .02774     .03101     .02814     .04186     .03901     .02858     .04083     .04186     .02832     .02739
                       .01672     .00561     .04186     .03901     .02805     .04186     .03901     .02858     .03788     .04064
                       .03886     .04083     .04186     .02832     .04303     .04039     .03766     .03753     .04269     .04095
                       .04278     .04083     .02832     .02774     .03101     .02814     .04104     .04528     .04157        0.3
                          0.3        0.3        0.3        0.3        0.3     .03664     .03705     .03839     .04186
             Random switching times for simulation number  82  :
                                  10  2.4529977E-02   11  2.4115996E-02   12  2.4851647E-02   16  3.5729477E-02   17  3.4962552E-02
                                  18  3.3674580E-02

 99.2528           .1346994E7 .1351127E8 .3607559E7 110.159737 90.2432005 97.7475709 1018.11394 .271902E-3 1197.84316 112888.108
                   127634.497 -112863.66 -137733.73 112863.661  -115198.1 -122293.61 110687.749  -115198.1 -137724.56 -131392.55
                     75733.47 -148248.44 192.131437 -150563.59  -210571.6 195106.856 -196727.28 -179994.31  -202106.7 179492.118
                   -215225.34 148426.635 -150611.61 -82.066868 259.916041  134.30486 -42.573972 44.8339631 -1905.5459 12.8507989
                   10.1066345 12.8517716 21.9974672 .205813E-4 20.8502735 1437.54146 59128.5874 2607.49582 1921.31437
Times of maxima :      .02498     .03098     .02499     .02554     .03862     .03622     .04084      .0417     .03736     .00283
                       .02471     .00561     .02552     .00561     .03622     .02554     .03862     .03622     .03616     .04112
                       .03867     .04084      .0417     .03736     .02599     .04077     .03717     .03725     .02586     .04079
                       .02572     .04084     .03736     .02498     .03098     .02499      .0406     .03653     .04203        0.3
                          0.3        0.3        0.3        0.3        0.3     .03574     .03369     .03498      .0417
             Random switching times for simulation number  83  :
                                  10  2.4946573E-02   11  2.2979154E-02   12  2.4510251E-02   16  3.4866708E-02   17  3.5120249E-02
                                  18  3.2947482E-02

  84.296            .228693E7 .1350936E8 .3511717E7 116.367335 95.2228756  96.854245 2517.21151 .250674E-3 1757.92542 112888.108
                   116616.013 -112863.66 -136616.28 113700.653 -114670.48 -125692.06 113700.653 -114670.48 -140807.08 138202.233
                   82290.9497 165916.581 184.479193 -157399.48 -200858.06 199755.888 -199548.42 -187627.84 200892.893 184352.973
                   205535.998 -165947.22 -157405.35 -106.93292 259.897628 132.508814 43.3549539 57.1418885 -1832.7808 12.8825986
                   10.1322574 12.8520594 22.4746013  .20477E-4 21.0193763 1764.81518 65725.4995 2455.69282 1844.79193
Times of maxima :      .02548     .03099     .02505     .02557      .0386     .03561     .03331     .04167     .03664     .00283
                       .02428     .00561     .02519      .0386     .03561     .02557      .0386     .03561     .03683     .03379
                       .03865     .03331     .04167     .03664     .02618     .04005     .03717     .03723     .03526     .04006
                       .03539     .03331     .03664     .02548     .03099     .02505     .04816     .03693     .04203        0.3
                          0.3        0.3        0.3        0.3        0.3     .03488     .03296     .03514     .04167
             Random switching times for simulation number  84  :
                                  10  2.9032012E-02   11  2.8367666E-02   12  2.5721038E-02   16  3.8356636E-02   17  3.5388598E-02
                                  18  3.7601038E-02

 167.576            .257866E7 .1378708E8  .252199E7 99.6803207  111.27012  98.824606 1947.02966 .218161E-3 2568.57957 -140883.23
                   -112774.07 -112863.66 -121773.77 122908.407 115831.014 -116331.42 122908.407 115831.014 138134.027 -153942.61
                   102147.535 -159593.86 172.100036 166466.502 -196168.87  209188.93 195507.899 185204.339 -201420.83 196814.249
                   -204383.81 159748.856 166369.511 -113.54866  262.55551 112.294038 -59.866303 72.4554208 -1723.2655 12.7829626
                   10.0564858 12.5587924 23.2086734 .202704E-4 21.3281948 2082.72205  57645.742 2219.22634 1721.00036
Times of maxima :      .02949     .03101     .02587     .04108     .03957     .04465     .04141     .04235     .04478     .02766
                       .01672     .00561      .0264     .03957     .04465     .04108     .03957     .04465     .04497     .04121
                       .03943     .04141     .04235     .04478     .04353     .04026     .04607     .04472     .04344     .04014
                       .04358     .04141     .04478     .02949     .03101     .02587     .04024     .03821     .04204        0.3
                          0.3        0.3        0.3        0.3        0.3     .03837     .03762      .0354     .04235
             Random switching times for simulation number  85  :
                                  10  2.4206363E-02   11  2.6746009E-02   12  2.6117284E-02   16  3.3821025E-02   17  3.6294330E-02
                                  18  3.7036937E-02

 132.415           454726.215 .1351667E8 .3058177E7 98.6003226 109.653874 107.513597 1892.31653 .249973E-3 2709.13127 112888.108
                   123321.763 -112863.66  -115699.5 122012.493 122366.328  -115699.5 122012.493 120815.876 -135865.48 -145021.26
                   94799.7066 -158964.34 184.221061  -167955.9 -211513.19 206173.908 -198620.41 -189415.41 -213825.07 192044.657
                   -225479.21 159124.728 -167987.41 -47.682608 259.968002 123.656317 -61.596805 64.6332726 -1815.7028 12.7541148
                   10.0631801 12.8665172 22.7979492 .204375E-4 21.5901441 1106.78296 60734.3879 2329.57864 1842.21061
Times of maxima :      .02476       .031     .02625     .04196       .039     .02674     .04084     .04186      .0374     .00283
                        .0258     .00561     .04196       .039     .02671     .04196       .039     .02674     .03769     .04064
                       .03886     .04084     .04186      .0374     .02725     .04038     .03757     .03746     .02684     .04095
                       .02698     .04084      .0374     .02476       .031     .02625      .0394     .03767     .04157        0.3
                          0.3        0.3        0.3        0.3        0.3     .03384     .03705     .03631     .04186
             Random switching times for simulation number  86  :
                                  10  2.0969500E-02   11  2.2639250E-02   12  2.1773498E-02   16  3.1231572E-02   17  3.2009631E-02
                                  18  3.1621746E-02

 44.2415           .1842309E7 .1350977E8 994961.914 108.839387 98.0086729 102.458769  .234365E7 .205394E-3 109920.123 112888.108
                   -112774.07 -142821.62 121558.507 116529.956 -117941.56 121558.507 115351.851 -117941.56 -150461.63 162035.837
                   -96698.515 190969.959 166.988383 -178835.86 200319.932 -205930.66  -201843.8 -199174.45  207780.15 -216493.94
                   211930.697 -191029.31 -178782.11 95.9767916 259.901596   70.53233 86.1671533 98.5690422 -1646.7017 13.0405887
                   10.2056765 12.9414363 115.181864 .204045E-4 26.0130301 1986.08508 55408.9064 1235.90807 1669.88383
Times of maxima :      .02108     .03098      .0222     .03268     .03872     .03612     .03266     .04179     .03601     .00283
                       .01672     .02237     .03268     .02291     .03612     .03268     .03872     .03612     .03619     .03248
                         .032     .03266     .04179     .03601      .0344     .03268     .03727     .03733     .03429     .03272
                       .03416     .03266     .03601     .02108     .03098      .0222     .03278     .03704     .04213        0.3
                          0.3        0.3        0.3        0.3        0.3     .03125     .03164     .03202     .04179
             Random switching times for simulation number  87  :
                                  10  3.1613532E-02   11  3.1687446E-02   12  3.1369015E-02   16  4.1540099E-02   17  4.1613480E-02
                                  18  4.2198297E-02

 244.262           784142.477 .1351507E8 .3094561E7 112.375614 88.8045054 98.7224806 2343.79977 .278334E-3 2333.61641 112888.108
                   -112774.07 121401.337 118591.059 112863.661 115771.149  123517.46 -109801.89 115771.149 139445.849 136466.412
                   -73954.868 164037.148 -194.39075  163925.65  -199035.1 -196038.27 198575.337  196198.43 -205902.86 -188712.97
                   -207772.37 -164221.25 163957.862 62.6155922 -259.95256 -124.38973 -59.794319 -65.829844  1920.6201 12.6037454
                   9.79745827 12.4890277 22.3591133 .199732E-4 21.5441375 1070.55593 65265.7075 2010.34953 -1943.9075
Times of maxima :      .03268     .03934     .03191     .03266     .04783     .04475     .04937     .05021     .04519     .00283
                       .01672     .03154     .03204     .00561     .04475     .03266     .04783     .04475     .04485     .04954
                       .04719     .04937     .05021     .04519     .04349     .04929     .04498     .04507     .04349     .04929
                       .04365     .04937     .04519     .03268     .03934     .03191     .04314     .04624     .05052        0.3
                          0.3        0.3        0.3        0.3        0.3     .04156     .04221     .04163     .05021
             Random switching times for simulation number  88  :
                                  10  2.1898762E-02   11  2.4515026E-02   12  2.2913469E-02   16  3.1627795E-02   17  3.2662407E-02
                                  18  3.4969156E-02

  60.634           906051.853 .1352256E8 .2113834E7 100.277328 80.7330454 96.9153037 1100.29681 .284398E-3 614.698566 112888.108
                   -112774.07 -132570.82 -117463.33 112863.661 -114706.62 -116679.27 104693.081 -114706.62 -127304.89 -127478.69
                   54761.5874 -149315.13 196.496715 -142795.46 199896.428 190550.362 -187152.32 -162035.95 204962.072 169761.661
                    207772.64 149322.343 -142817.39 67.3072007 260.024659 102.806481 52.2668268  44.146682 -1959.3931 13.0009085
                   10.1041692  12.898746 22.0975318 .207184E-4 20.6862281 1397.28066  59058.926 1634.73061 1964.96715
Times of maxima :        .022     .03103     .02313      .0256     .03914     .03625     .02487     .04166     .03632     .00283
                       .01672     .02329     .02519     .00561     .03625      .0256     .03914     .03625      .0361     .04084
                       .03922     .02487     .04166     .03632     .03485     .04066     .03755     .03768      .0349     .04063
                       .03478     .02487     .03632       .022     .03103     .02313       .032     .03768     .04186        0.3
                          0.3        0.3        0.3        0.3        0.3     .03164     .03498     .03268     .04166
             Random switching times for simulation number  89  :
                                  10  3.2600065E-02   11  3.3609828E-02   12  3.3656694E-02   16  4.2430643E-02   17  4.4310850E-02
                                  18  4.3831739E-02

 277.139           506346.605 .1352175E8 .3994089E7 109.166913 84.5343716 100.213244 1443.03625 .288667E-3 807.142334 112888.108
                   -127106.67 -112863.66 134063.144 112863.661 116641.977  121741.27 -107129.48 116641.977 134323.142 133389.567
                   -59406.074 153622.488 -197.96603 145443.918 217993.006 -192128.23 191027.655 169249.164  211274.92 -175120.16
                   226261.044 -153804.67 145464.453 50.3163296 -260.01679 -141.31682 -48.491594 -62.915513 1954.07106 12.4287844
                   9.77674648 12.4743769 21.5888465 .200762E-4 20.5210673 1154.76294 56860.3828 2884.99206 -1979.6603
Times of maxima :      .03315     .03934     .03394     .03433     .04719     .04451     .04903     .05021      .0446     .00283
                       .03366     .00561     .03432     .00561     .04451     .03433     .04719     .04451     .04468     .03438
                       .04707     .04903     .05021      .0446     .03479     .04924     .04582      .0457     .03466     .04915
                       .03452     .04903      .0446     .03315     .03934     .03394     .05716     .04586      .0499        0.3
                          0.3        0.3        0.3        0.3        0.3     .04245     .04385     .04433     .05021
             Random switching times for simulation number  90  :
                                  10  3.6612912E-02   11  3.5739896E-02   12  3.7915258E-02   16  4.7027908E-02   17  4.8049271E-02
                                  18  4.5824477E-02

 359.351           .3073082E7 .1351128E8 604805.713 99.6762774 110.543371 103.811926 1752.19728 .225235E-3 2397.68818 123357.825
                   -112774.07 -112863.66  116329.06 -122506.37 -130966.52  116329.06 -122506.37 -118717.83 133066.045 143308.675
                   -100361.21 157332.183 -174.86801 164625.057 199044.105 -209784.88 190747.424 182250.838 204466.877  -195843.3
                   212304.433 -157477.25 164661.218 123.957294 -259.91618 -54.991168  53.674884 55.8450393 1731.42357 12.2732333
                   9.72866371 12.2255083 21.8518902 .196697E-4 20.1592192 2530.54362 62295.2675 1091.28541 -1748.6801
Times of maxima :       .0368     .03945     .04611     .04996     .04712      .0373     .04895     .05064     .04619     .03618
                       .01672     .00561     .04996     .04712     .03729     .04996     .04712      .0373     .06146     .05014
                       .04765     .04895     .05064     .04619     .05123     .04848     .06255     .04625     .05134     .04836
                       .05143     .04895     .04619      .0368     .03945     .04611     .04743     .05308     .05026        0.3
                          0.3        0.3        0.3        0.3        0.3     .04704     .04584     .04806     .05064
             Random switching times for simulation number  91  :
                                  10  2.7205293E-02   11  2.7677031E-02   12  2.5811802E-02   16  3.7998489E-02   17  3.4954542E-02
                                  18  3.7469185E-02

 158.312           .4515386E7 .1359209E8 .2462851E7 98.2085747 113.046669 124.565939 1841.36045 .227733E-3 2672.80446 -140024.08
                   -112774.07 -112863.66 -119554.62 123885.705 144182.709 -115469.43 123885.705 130044.493 140520.266 -153887.43
                   100613.736 -158374.15 175.835083 167573.059 -197778.43 208272.196 195275.971 186869.476 -202409.73 196966.232
                   -205824.36 158530.492 167465.667 -150.25621 260.692294 110.969619 60.2736993 78.2334566   -1754.31 12.7665243
                   10.0545013 12.7141463 23.2891286 .203149E-4 21.9146096 3067.75882 60840.5587  1968.2397 1758.35083
Times of maxima :      .02776     .03098     .02596     .04093     .03944      .0285     .04126     .04221     .04463     .02714
                       .01672     .00561     .02649     .03944     .02787     .04093     .03944      .0285     .02833     .04106
                       .03929     .04126     .04221     .04463     .04343     .04081     .04594     .04608     .04339     .04071
                       .04343     .04126     .04463     .02776     .03098     .02596     .04783     .03778     .04191        0.3
                          0.3        0.3        0.3        0.3        0.3     .03801     .03748     .03497     .04221
             Random switching times for simulation number  92  :
                                  10  3.5386583E-02   11  3.6412570E-02   12  3.5693723E-02   16  4.4470926E-02   17  4.6081518E-02
                                  18  4.6642427E-02

 331.701           .3526117E7  .136687E8 .1685236E7 106.511895 107.275124 118.033978 3142.23585 .176132E-3 3290.16921 112888.108
                   -112774.07 -112863.66  120251.74 -120681.81 -136849.26  120251.74 -120681.81 -126588.96 140559.609 154025.544
                   -108976.16 172413.384 -154.63617  -173893.4 -197071.84 -211458.99 -198537.12 -196148.71 200481.737 -209792.42
                   207426.173  -172530.4 -173842.06 132.780219  -261.4259 -91.794218 84.7813132 70.7561845 1521.08472 12.3038025
                   9.68490907 12.3257808 23.4302457 .194256E-4 21.5268754 2512.20356 68232.9876 1532.54206 -1546.3617
Times of maxima :      .03581     .03904     .03582      .0501     .04794     .03632     .04906      .0507      .0538     .00283
                       .01672     .00561      .0501     .04794     .03605      .0501     .04794     .03632      .0616     .04886
                       .04777     .04906      .0507      .0538     .05946     .04929     .05373     .05373     .05066     .04917
                       .05081     .04906      .0538     .03581     .03904     .03582     .04915     .05488     .05035        0.3
                          0.3        0.3        0.3        0.3        0.3     .04449     .04666      .0461      .0507
             Random switching times for simulation number  93  :
                                  10  2.1421881E-02   11  2.0446563E-02   12  2.2081882E-02   16  3.1057802E-02   17  3.1995168E-02
                                  18  3.0119225E-02

 42.5067           .1706593E7 .1421736E8 .1440776E7  97.628384 108.491271 97.3162823 2799.95409 .167709E-3 1780.91889   116759.6
                   -112774.07 -112863.66 -115127.84 -121363.95 -114943.67 -115127.84 -121363.95 -114943.67 -140334.61 141423.799
                   -107039.99 168906.768 -150.89341 -157669.13 199555.347 -208803.46 -195607.68 -185280.26 203896.041 -214210.44
                   205455.581 -169026.03 -157566.99 92.3740572  -266.6211 84.8756839 61.6262882 60.0996838 1500.32139 13.0353049
                   10.3068921 12.9114446 23.4445185 .206614E-4 21.3520697 1683.74032 63700.2506 1395.72384 -1508.9341
Times of maxima :      .02153     .02274     .02263     .04152     .03141     .03604     .03254     .03348     .03589     .02056
                       .01672     .00561     .04152     .03141     .03604     .04152     .03141     .03604      .0361     .03234
                       .03194     .03254     .03348     .03589     .03471     .03209     .03722     .03735     .03431     .03264
                       .03417     .03254     .03589     .02153     .02274     .02263     .03159     .03578     .03383        0.3
                          0.3        0.3        0.3        0.3        0.3     .03107     .03013     .03201     .03348
             Random switching times for simulation number  94  :
                                  10  2.9260717E-02   11  3.0598120E-02   12  3.0556083E-02   16  3.8770996E-02   17  4.0499865E-02
                                  18  4.1002024E-02

 215.201           .1874413E7 .1381369E8 .1812806E7 112.327015 96.9427676 98.9464781 290339.333 .246178E-3 58701.0204 112888.108
                   -112774.07 131754.024 -123490.75 -124004.31 115902.414 -123490.75 -114722.87 115902.414 144486.404 -152821.61
                   -84908.735 -183154.42 -182.81731 177571.907 -197063.73 -199797.06 205540.195 210407.327 -200379.78 -192601.27
                   -202901.38  183188.89  177585.87 -96.809427  -262.8088 -95.205198 -86.776817 -75.486041 1792.68354 12.6444325
                    9.8290723 12.5462282  29.657749 .198108E-4 23.8170302  1830.6891 73372.1825 1406.88268 -1828.1731
Times of maxima :      .02938     .03961      .0311     .04168     .04666      .0438     .04137     .05043     .04538     .00283
                       .01672      .0306     .04168     .03122      .0438     .04168     .04666      .0438     .04506     .04166
                       .04601     .04137     .05043     .04538     .04342      .0481      .0452     .04528     .04357     .04811
                       .04349     .04137     .04538     .02938     .03961      .0311     .04193     .04641     .05011        0.3
                          0.3        0.3        0.3        0.3        0.3     .03879     .04102     .04051     .05043
             Random switching times for simulation number  95  :
                                  10  2.4539334E-02   11  2.4134604E-02   12  2.5962975E-02   16  3.5061637E-02   17  3.6163476E-02
                                  18  3.3227722E-02

  109.41           794698.392 .1351482E8 .3448446E7  100.16509  92.741682 105.710634 1972.20335 .260991E-3 1625.70133 112888.108
                   127708.643 -112863.66 -117232.49 112863.661 117566.805  116613.95 112209.544 119798.575 -139255.63 132969.927
                   79988.8521 159882.072 188.236943 -155833.02 -212204.78 196719.652 -201901.18 -185017.91 -211973.52 179340.982
                   -224308.97 -159909.15 -155855.52  -63.03564 259.950225 131.309676 -59.123239 55.0364244 -1856.0291 12.7660175
                   10.1158648 12.8523429 22.1948453 .205126E-4 21.1362243 1301.77724 56874.9841 2499.53728 1882.36943
Times of maxima :      .02507     .03099     .02615     .03393     .03888     .02793     .03359     .04195     .03692     .00283
                       .02473     .00561     .02663     .00561     .02793     .03393     .03888     .02793     .03572     .03407
                       .03822     .03359     .04195     .03692      .0271     .04032     .03743      .0375     .02669     .04113
                       .02683     .03359     .03692     .02507     .03099     .02615     .04024     .03651      .0423        0.3
                          0.3        0.3        0.3        0.3        0.3     .03508     .03324     .03618     .04195
             Random switching times for simulation number  96  :
                                  10  2.8734687E-02   11  2.6935823E-02   12  2.7741723E-02   16  3.8144893E-02   17  3.7555030E-02
                                  18  3.7227067E-02

 171.084           .3064998E7 .1374546E8  652495.64 98.1514353 111.411404 102.169019 2336.87061 .243608E-3 2458.78531 -125606.89
                   -112774.07 -112863.66 -115435.83 122986.413  121018.07 -115435.83 122986.413 117774.677 145586.417 -149450.17
                   97317.2842 -163961.29 181.860408 -165287.37 -199627.09  207039.97 196645.574 186084.289 -206510.28 199463.983
                   -211874.75 164120.978 -165320.76 -123.79414 262.158948 -57.118107 -68.041221 89.1444144 -1787.0579 12.6847555
                    10.054933 12.5740502 23.1004914 .203856E-4 21.6394185 2324.14984  61346.907 989.585231 1818.60408
Times of maxima :      .02908     .03075     .02938     .04205      .0392     .04469     .04103     .04204     .03759     .02783
                       .01672     .00561     .04205      .0392      .0294     .04205      .0392     .04469     .04465     .04086
                       .03905     .04103     .04204     .03759     .04345     .04057     .04599     .04587     .04336     .04113
                       .04323     .04103     .03759     .02908     .03075     .02938     .04161     .03784     .04187        0.3
                          0.3        0.3        0.3        0.3        0.3     .03816     .03724     .03757     .04204
             Random switching times for simulation number  97  :
                                  10  2.0143264E-02   11  1.9901721E-02   12  2.0295637E-02   16  3.0025928E-02   17  2.9965354E-02
                                  18  2.9807140E-02

 1.17036           .3603334E7 .1379485E8 577398.176 110.602843 109.391592 104.894595 19414.9689 .187609E-3 108433.289 121625.719
                   -112774.07 -112863.66 122539.318 -121866.48 -126460.11 122539.318 -121866.48 -119335.28 -147060.64 165870.777
                   -108043.67 176590.204 -159.59486 -178799.42 202796.462 -212465.47 -197372.54  -201226.4 216313.199 -205538.29
                    218907.76 -176709.62 -178734.88 134.226184  -262.6295 -53.730726 -81.834718 -103.54569 1573.10288 13.0649498
                   10.3251071 12.9923696 25.7562897 .207495E-4 27.1095009 2666.46321 64288.6411 764.432342 -1595.9486
Times of maxima :      .02037     .02253     .02997     .03323      .0311     .03585     .03222     .03387     .03696     .02006
                       .01672     .00561     .03323      .0311     .02081     .03323      .0311     .03585     .03578     .03202
                       .03094     .03222     .03387     .03696     .03443     .03178     .03718     .03704     .03453     .03232
                       .03467     .03222     .03696     .02037     .02253     .02997     .04022     .03012     .03423        0.3
                          0.3        0.3        0.3        0.3        0.3     .03004     .02982     .02998     .03387
             Random switching times for simulation number  98  :
                                  10  2.4247909E-02   11  2.1839285E-02   12  2.2616458E-02   16  3.3382706E-02   17  3.3974343E-02
                                  18  3.1696652E-02

  81.788           .1140306E7 .1350734E8 .2079271E7 108.264183 97.6907257 98.8611455 3326.65593 .209219E-3  2579.3446 112888.108
                   -112774.07 -112863.66 -121729.97 120681.649 -115852.43 -121236.87 115164.594 -115852.43 -141245.14 142569.872
                   -97516.097   174255.3 168.536021 -166581.36 199250.842 199138.133 -198086.74 -193115.79 205266.212 -199310.72
                   210501.393  -174314.9 -166557.43 -75.508472 259.878282 101.962509 54.2287038 48.0330716 -1672.7014 13.0093037
                   10.1972645 12.8776026 22.9939996 .204054E-4 21.1401428 1202.07119 67623.2862 1782.88764 1685.36021
Times of maxima :      .02479       .031     .02316     .02485     .03879     .03574     .03273     .04185     .03677     .00283
                       .01672     .00561     .02483     .02313     .03574     .02485     .03879     .03574     .03558     .03255
                       .03209     .03273     .04185     .03677      .0349     .04018     .03737     .03668     .03411     .03285
                       .03424     .03273     .03677     .02479       .031     .02316     .03393     .03676     .04219        0.3
                          0.3        0.3        0.3        0.3        0.3      .0334     .03171     .03399     .04185
             Random switching times for simulation number  99  :
                                  10  2.2793941E-02   11  2.3002595E-02   12  2.3742825E-02   16  3.3549998E-02   17  3.3614084E-02
                                  18  3.2670948E-02

 59.8958           950110.827 .1351103E8 .2950275E7 111.520119 93.4450532 99.1605921 2904.86295 .243675E-3 2767.01949 112888.108
                   116887.204 -113915.95 -132443.65 112863.661 -116027.75  -123046.4  112634.25 -116027.75 -143083.78 141818.733
                   84551.9042 169994.208 181.885327 -168562.99 199091.702 196267.999  -197854.2 -197106.44 204560.894 188313.678
                   208502.149 -170027.95 -168576.76 -68.924264 259.913727 121.455231 59.1464178 55.1552555  -1792.973 12.9384644
                   10.1416433 12.8794515 22.7891448 .204439E-4 21.4926221 1417.01309 62812.5157 2299.42116 1818.85327
Times of maxima :      .02399     .03103     .02397     .02504     .03902     .03589     .03304     .04211     .03705     .00283
                       .02342     .02287     .02441     .00561     .03589     .02504     .03902     .03589     .03585     .03352
                       .03838     .03304     .04211     .03705     .03416     .04046     .03695     .03695     .03427     .04129
                        .0344     .03304     .03705     .02399     .03103     .02397     .03365     .03693     .04177        0.3
                          0.3        0.3        0.3        0.3        0.3     .03356     .03269     .03363     .04211
             Random switching times for simulation number  100  :
                                  10  2.3849122E-02   11  2.2540429E-02   12  2.3626847E-02   16  3.4142163E-02   17  3.3474506E-02
                                  18  3.2894449E-02

 68.4661            705566.65 .1351075E8 .2898739E7 112.562791 94.1957851 104.777511 2599.83479 .248884E-3 2224.62423 112888.108
                   -112774.07 -112863.66 -130838.97 113085.793 -119268.66 -123620.28 113085.793 -119268.66 -150622.27 142641.976
                   82894.6933 166799.625 183.819193 -162724.17 202767.549 198194.406 -199210.09 -190009.76 209993.957 185121.242
                   211905.387 -166830.86 -162755.61 -59.395566 259.911048 120.389772 -56.699282 -50.665793 -1826.1092 12.9483829
                   10.1357814 12.8734945 22.5486321 .204725E-4 21.3480959 1086.19434 70604.2969 2231.60564 1838.19193
Times of maxima :      .02439     .03099     .02389     .02492     .03855     .03621     .03326     .04162     .03729     .00283
                       .01672     .00561      .0243     .03855     .03621     .02492     .03855     .03621     .03608     .03374
                       .03789     .03326     .04162     .03729     .03479     .04068     .03709     .03718     .03474     .04081
                       .03503     .03326     .03729     .02439     .03099     .02389     .03917     .04509     .04198        0.3
                          0.3        0.3        0.3        0.3        0.3     .03416     .03291     .03349     .04162

 MAIN20 dumps OVER12 dice seed  SEEDSV =   1.0886548850000000E+09

Comment card.   Card index = 351.                 |C TENSOES FASE-TERRA
Comment card.   Card index = 352.                 |C                         MODTAB   AINCR  XMAXMX
Comment card.   Card index = 353.                 |C                          25-32   33-40   41-48
MODTAB, AINCR, XMAXMX =      3    0.050   10.000  |STATISTICS DATA                3
Statistical output of  node  voltage   0.1127E+06 |0      112677.T_MANAT_MANBT_MANC

1 ) -------------------------------------------------------------------------------------------------------------------------------
Statistical distribution of peak voltage at node  "T_MANA".   The base voltage for per unit printout is  V-base = 1.12677000E+05
  Interval             voltage         voltage  in     Frequency    Cumulative               Per cent
    number         in per unit      physical units     (density)     frequency     .GE. current value
        20           1.0000000      1.12677000E+05             0             0          100.000000
        21           1.0500000      1.18310850E+05            37            37           63.000000
        22           1.1000000      1.23944700E+05            42            79           21.000000
        23           1.1500000      1.29578550E+05            19            98            2.000000
        24           1.2000000      1.35212400E+05             2           100             .000000
Summary of preceding table follows:       Grouped data     Ungrouped data
                                 Mean = 1.06800000E+00     1.06799152E+00
                             Variance = 1.56666667E-03     1.41719828E-03
                   Standard deviation = 3.95811403E-02     3.76456941E-02

2 ) -------------------------------------------------------------------------------------------------------------------------------
Statistical distribution of peak voltage at node  "T_MANB".   The base voltage for per unit printout is  V-base = 1.12677000E+05
  Interval             voltage         voltage  in     Frequency    Cumulative               Per cent
    number         in per unit      physical units     (density)     frequency     .GE. current value
        18            .9000000      1.01409300E+05             0             0          100.000000
        19            .9500000      1.07043150E+05             8             8           92.000000
        20           1.0000000      1.12677000E+05            20            28           72.000000
        21           1.0500000      1.18310850E+05            41            69           31.000000
        22           1.1000000      1.23944700E+05            29            98            2.000000
        23           1.1500000      1.29578550E+05             2           100             .000000
Summary of preceding table follows:       Grouped data     Ungrouped data
                                 Mean = 1.02350000E+00     1.02295266E+00
                             Variance = 2.24520202E-03     2.40497345E-03
                   Standard deviation = 4.73835628E-02     4.90405286E-02

3 ) -------------------------------------------------------------------------------------------------------------------------------
Statistical distribution of peak voltage at node  "T_MANC".   The base voltage for per unit printout is  V-base = 1.12677000E+05
  Interval             voltage         voltage  in     Frequency    Cumulative               Per cent
    number         in per unit      physical units     (density)     frequency     .GE. current value
        20           1.0000000      1.12677000E+05             0             0          100.000000
        21           1.0500000      1.18310850E+05            45            45           55.000000
        22           1.1000000      1.23944700E+05            30            75           25.000000
        23           1.1500000      1.29578550E+05            19            94            6.000000
        24           1.2000000      1.35212400E+05             6           100             .000000
Summary of preceding table follows:       Grouped data     Ungrouped data
                                 Mean = 1.06800000E+00     1.06558445E+00
                             Variance = 2.17272727E-03     1.86871736E-03
                   Standard deviation = 4.66125227E-02     4.32286636E-02

4 ) -------------------------------------------------------------------------------------------------------------------------------
  SUMMARY   SUMMARY   SUMMARY   SUMMARY   SUMMARY   SUMMARY   SUMMARY   SUMMARY   SUMMARY   SUMMARY   SUMMARY   SUMMARY   SUMMARY
4 ) -------------------------------------------------------------------------------------------------------------------------------
The following is a distribution of peak overvoltages among all output nodes of the last data card that have the same base voltage.
This distribution is for the maximum of the peaks at all output nodes with  V-base = 1.12677000E+05
  Interval             voltage         voltage  in     Frequency    Cumulative               Per cent
    number         in per unit      physical units     (density)     frequency     .GE. current value
        20           1.0000000      1.12677000E+05             0             0          100.000000
        21           1.0500000      1.18310850E+05             8             8           92.000000
        22           1.1000000      1.23944700E+05            45            53           47.000000
        23           1.1500000      1.29578550E+05            39            92            8.000000
        24           1.2000000      1.35212400E+05             8           100             .000000
Summary of preceding table follows:       Grouped data     Ungrouped data
                                 Mean = 1.09850000E+00     1.09768918E+00
                             Variance = 1.43712121E-03     1.15848868E-03
                   Standard deviation = 3.79093816E-02     3.40365786E-02

Statistical output of  node  voltage   0.1127E+06 |0      112677.1_2LTC1_2LTA1_2LTB

5 ) -------------------------------------------------------------------------------------------------------------------------------
Statistical distribution of peak voltage at node  "1_2LTC".   The base voltage for per unit printout is  V-base = 1.12677000E+05
  Interval             voltage         voltage  in     Frequency    Cumulative               Per cent
    number         in per unit      physical units     (density)     frequency     .GE. current value
        22           1.1000000      1.23944700E+05             0             0          100.000000
        23           1.1500000      1.29578550E+05             4             4           96.000000
        24           1.2000000      1.35212400E+05            21            25           75.000000
        25           1.2500000      1.40846250E+05            33            58           42.000000
        26           1.3000000      1.46480100E+05            25            83           17.000000
        27           1.3500000      1.52113950E+05            14            97            3.000000
        28           1.4000000      1.57747800E+05             2            99            1.000000
        29           1.4500000      1.63381650E+05             1           100             .000000
Summary of preceding table follows:       Grouped data     Ungrouped data
                                 Mean = 1.24200000E+00     1.24345406E+00
                             Variance = 3.54646465E-03     3.38595188E-03
                   Standard deviation = 5.95522010E-02     5.81889327E-02

6 ) -------------------------------------------------------------------------------------------------------------------------------
Statistical distribution of peak voltage at node  "1_2LTA".   The base voltage for per unit printout is  V-base = 1.12677000E+05
  Interval             voltage         voltage  in     Frequency    Cumulative               Per cent
    number         in per unit      physical units     (density)     frequency     .GE. current value
        22           1.1000000      1.23944700E+05             0             0          100.000000
        23           1.1500000      1.29578550E+05             2             2           98.000000
        24           1.2000000      1.35212400E+05            21            23           77.000000
        25           1.2500000      1.40846250E+05            12            35           65.000000
        26           1.3000000      1.46480100E+05            23            58           42.000000
        27           1.3500000      1.52113950E+05             8            66           34.000000
        28           1.4000000      1.57747800E+05            10            76           24.000000
        29           1.4500000      1.63381650E+05            13            89           11.000000
        30           1.5000000      1.69015500E+05             6            95            5.000000
        31           1.5500000      1.74649350E+05             5           100             .000000
Summary of preceding table follows:       Grouped data     Ungrouped data
                                 Mean = 1.30300000E+00     1.30298648E+00
                             Variance = 1.18343434E-02     1.20316029E-02
                   Standard deviation = 1.08785769E-01     1.09688664E-01

7 ) -------------------------------------------------------------------------------------------------------------------------------
Statistical distribution of peak voltage at node  "1_2LTB".   The base voltage for per unit printout is  V-base = 1.12677000E+05
  Interval             voltage         voltage  in     Frequency    Cumulative               Per cent
    number         in per unit      physical units     (density)     frequency     .GE. current value
         9            .4500000      5.07046500E+04             0             0          100.000000
        10            .5000000      5.63385000E+04             6             6           94.000000
        11            .5500000      6.19723500E+04             5            11           89.000000
        12            .6000000      6.76062000E+04             4            15           85.000000
        13            .6500000      7.32400500E+04             4            19           81.000000
        14            .7000000      7.88739000E+04             5            24           76.000000
        15            .7500000      8.45077500E+04            13            37           63.000000
        16            .8000000      9.01416000E+04            11            48           52.000000
        17            .8500000      9.57754500E+04            13            61           39.000000
        18            .9000000      1.01409300E+05            12            73           27.000000
        19            .9500000      1.07043150E+05            15            88           12.000000
        20           1.0000000      1.12677000E+05            12           100             .000000
Summary of preceding table follows:       Grouped data     Ungrouped data
                                 Mean = 7.84000000E-01     7.82882899E-01
                             Variance = 2.16858586E-02     2.16334707E-02
                   Standard deviation = 1.47261192E-01     1.47083210E-01

8 ) -------------------------------------------------------------------------------------------------------------------------------
  SUMMARY   SUMMARY   SUMMARY   SUMMARY   SUMMARY   SUMMARY   SUMMARY   SUMMARY   SUMMARY   SUMMARY   SUMMARY   SUMMARY   SUMMARY
8 ) -------------------------------------------------------------------------------------------------------------------------------
The following is a distribution of peak overvoltages among all output nodes of the last data card that have the same base voltage.
This distribution is for the maximum of the peaks at all output nodes with  V-base = 1.12677000E+05
  Interval             voltage         voltage  in     Frequency    Cumulative               Per cent
    number         in per unit      physical units     (density)     frequency     .GE. current value
        22           1.1000000      1.23944700E+05             0             0          100.000000
        23           1.1500000      1.29578550E+05             1             1           99.000000
        24           1.2000000      1.35212400E+05            15            16           84.000000
        25           1.2500000      1.40846250E+05            17            33           67.000000
        26           1.3000000      1.46480100E+05            23            56           44.000000
        27           1.3500000      1.52113950E+05            10            66           34.000000
        28           1.4000000      1.57747800E+05            10            76           24.000000
        29           1.4500000      1.63381650E+05            13            89           11.000000
        30           1.5000000      1.69015500E+05             6            95            5.000000
        31           1.5500000      1.74649350E+05             5           100             .000000
Summary of preceding table follows:       Grouped data     Ungrouped data
                                 Mean = 1.30900000E+00     1.31023212E+00
                             Variance = 1.08020202E-02     1.07818050E-02
                   Standard deviation = 1.03932768E-01     1.03835471E-01

Statistical output of  node  voltage   0.1127E+06 |0      112677.T_OPOAT_OPOBT_OPOC

9 ) -------------------------------------------------------------------------------------------------------------------------------
Statistical distribution of peak voltage at node  "T_OPOA".   The base voltage for per unit printout is  V-base = 1.12677000E+05
  Interval             voltage         voltage  in     Frequency    Cumulative               Per cent
    number         in per unit      physical units     (density)     frequency     .GE. current value
        25           1.2500000      1.40846250E+05             0             0          100.000000
        26           1.3000000      1.46480100E+05             6             6           94.000000
        27           1.3500000      1.52113950E+05            17            23           77.000000
        28           1.4000000      1.57747800E+05            10            33           67.000000
        29           1.4500000      1.63381650E+05             9            42           58.000000
        30           1.5000000      1.69015500E+05            20            62           38.000000
        31           1.5500000      1.74649350E+05            14            76           24.000000
        32           1.6000000      1.80283200E+05             6            82           18.000000
        33           1.6500000      1.85917050E+05            11            93            7.000000
        34           1.7000000      1.91550900E+05             7           100             .000000
Summary of preceding table follows:       Grouped data     Ungrouped data
                                 Mean = 1.46650000E+00     1.46675416E+00
                             Variance = 1.37401515E-02     1.35127018E-02
                   Standard deviation = 1.17218392E-01     1.16244147E-01

10 ) -------------------------------------------------------------------------------------------------------------------------------
Statistical distribution of peak voltage at node  "T_OPOB".   The base voltage for per unit printout is  V-base = 1.12677000E+05
  Interval             voltage         voltage  in     Frequency    Cumulative               Per cent
    number         in per unit      physical units     (density)     frequency     .GE. current value
         1            .0500000      5.63385000E+03           100           100             .000000
Summary of preceding table follows:       Grouped data     Ungrouped data
                                 Mean = 2.50000000E-02     1.58609163E-03
                             Variance = 7.17719935E-19     1.62037420E-08
                   Standard deviation = 8.47183531E-10     1.27293920E-04

11 ) -------------------------------------------------------------------------------------------------------------------------------
Statistical distribution of peak voltage at node  "T_OPOC".   The base voltage for per unit printout is  V-base = 1.12677000E+05
  Interval             voltage         voltage  in     Frequency    Cumulative               Per cent
    number         in per unit      physical units     (density)     frequency     .GE. current value
        24           1.2000000      1.35212400E+05             0             0          100.000000
        25           1.2500000      1.40846250E+05             2             2           98.000000
        26           1.3000000      1.46480100E+05             5             7           93.000000
        27           1.3500000      1.52113950E+05             9            16           84.000000
        28           1.4000000      1.57747800E+05            10            26           74.000000
        29           1.4500000      1.63381650E+05            14            40           60.000000
        30           1.5000000      1.69015500E+05            31            71           29.000000
        31           1.5500000      1.74649350E+05             3            74           26.000000
        32           1.6000000      1.80283200E+05            11            85           15.000000
        33           1.6500000      1.85917050E+05             8            93            7.000000
        34           1.7000000      1.91550900E+05             7           100             .000000
Summary of preceding table follows:       Grouped data     Ungrouped data
                                 Mean = 1.46800000E+00     1.46934250E+00
                             Variance = 1.24757576E-02     1.19653753E-02
                   Standard deviation = 1.11694931E-01     1.09386358E-01

12 ) -------------------------------------------------------------------------------------------------------------------------------
  SUMMARY   SUMMARY   SUMMARY   SUMMARY   SUMMARY   SUMMARY   SUMMARY   SUMMARY   SUMMARY   SUMMARY   SUMMARY   SUMMARY   SUMMARY
12 ) -------------------------------------------------------------------------------------------------------------------------------
The following is a distribution of peak overvoltages among all output nodes of the last data card that have the same base voltage.
This distribution is for the maximum of the peaks at all output nodes with  V-base = 1.12677000E+05
  Interval             voltage         voltage  in     Frequency    Cumulative               Per cent
    number         in per unit      physical units     (density)     frequency     .GE. current value
        25           1.2500000      1.40846250E+05             0             0          100.000000
        26           1.3000000      1.46480100E+05             2             2           98.000000
        27           1.3500000      1.52113950E+05            11            13           87.000000
        28           1.4000000      1.57747800E+05             9            22           78.000000
        29           1.4500000      1.63381650E+05            11            33           67.000000
        30           1.5000000      1.69015500E+05            25            58           42.000000
        31           1.5500000      1.74649350E+05            11            69           31.000000
        32           1.6000000      1.80283200E+05             9            78           22.000000
        33           1.6500000      1.85917050E+05             9            87           13.000000
        34           1.7000000      1.91550900E+05            13           100             .000000
Summary of preceding table follows:       Grouped data     Ungrouped data
                                 Mean = 1.49400000E+00     1.49425112E+00
                             Variance = 1.26151515E-02     1.25126453E-02
                   Standard deviation = 1.12317192E-01     1.11859936E-01

Comment card.   Card index = 358.                 |C
MODTAB, AINCR, XMAXMX =      3    0.050   10.000  |STATISTICS DATA                3
Statistical output of branch voltage   0.1952E+06 |-1     195161.T_MANAT_MANBT_MANBT_MANCT_MANCT_MANA

13 ) -------------------------------------------------------------------------------------------------------------------------------
Statistical distribution of peak voltage  for branch  "T_MANA"  to  "T_MANB".   Base voltage  for per unit output = 1.95161000E+05
  Interval             voltage         voltage  in     Frequency    Cumulative               Per cent
    number         in per unit      physical units     (density)     frequency     .GE. current value
        19            .9500000      1.85402950E+05             0             0          100.000000
        20           1.0000000      1.95161000E+05            19            19           81.000000
        21           1.0500000      2.04919050E+05            42            61           39.000000
        22           1.1000000      2.14677100E+05            37            98            2.000000
        23           1.1500000      2.24435150E+05             2           100             .000000
Summary of preceding table follows:       Grouped data     Ungrouped data
                                 Mean = 1.03600000E+00     1.03638433E+00
                             Variance = 1.49393939E-03     1.21500570E-03
                   Standard deviation = 3.86515122E-02     3.48569319E-02

14 ) -------------------------------------------------------------------------------------------------------------------------------
Statistical distribution of peak voltage  for branch  "T_MANB"  to  "T_MANC".   Base voltage  for per unit output = 1.95161000E+05
  Interval             voltage         voltage  in     Frequency    Cumulative               Per cent
    number         in per unit      physical units     (density)     frequency     .GE. current value
        19            .9500000      1.85402950E+05             0             0          100.000000
        20           1.0000000      1.95161000E+05            28            28           72.000000
        21           1.0500000      2.04919050E+05            63            91            9.000000
        22           1.1000000      2.14677100E+05             9           100             .000000
Summary of preceding table follows:       Grouped data     Ungrouped data
                                 Mean = 1.01550000E+00     1.01116962E+00
                             Variance = 8.43181818E-04     6.21868724E-04
                   Standard deviation = 2.90375932E-02     2.49372958E-02

15 ) -------------------------------------------------------------------------------------------------------------------------------
Statistical distribution of peak voltage  for branch  "T_MANC"  to  "T_MANA".   Base voltage  for per unit output = 1.95161000E+05
  Interval             voltage         voltage  in     Frequency    Cumulative               Per cent
    number         in per unit      physical units     (density)     frequency     .GE. current value
        20           1.0000000      1.95161000E+05             0             0          100.000000
        21           1.0500000      2.04919050E+05            76            76           24.000000
        22           1.1000000      2.14677100E+05            23            99            1.000000
        23           1.1500000      2.24435150E+05             1           100             .000000
Summary of preceding table follows:       Grouped data     Ungrouped data
                                 Mean = 1.03750000E+00     1.03672228E+00
                             Variance = 5.23989899E-04     5.67487088E-04
                   Standard deviation = 2.28908257E-02     2.38219875E-02

16 ) -------------------------------------------------------------------------------------------------------------------------------
  SUMMARY   SUMMARY   SUMMARY   SUMMARY   SUMMARY   SUMMARY   SUMMARY   SUMMARY   SUMMARY   SUMMARY   SUMMARY   SUMMARY   SUMMARY
16 ) -------------------------------------------------------------------------------------------------------------------------------
A distribution of peak values among all output branches of the last data card that have the same base value follows.  This
statistical distribution is for the maximum of the peaks at all of these output branches having base  voltage  = 1.95161000E+05
  Interval             voltage         voltage  in     Frequency    Cumulative               Per cent
    number         in per unit      physical units     (density)     frequency     .GE. current value
        20           1.0000000      1.95161000E+05             0             0          100.000000
        21           1.0500000      2.04919050E+05            37            37           63.000000
        22           1.1000000      2.14677100E+05            60            97            3.000000
        23           1.1500000      2.24435150E+05             3           100             .000000
Summary of preceding table follows:       Grouped data     Ungrouped data
                                 Mean = 1.05800000E+00     1.05657463E+00
                             Variance = 7.18181818E-04     5.77318158E-04
                   Standard deviation = 2.67989145E-02     2.40274459E-02

Statistical output of branch voltage   0.1952E+06 |-1     195161.1_2LTC1_2LTA1_2LTA1_2LTB1_2LTB1_2LTC

17 ) -------------------------------------------------------------------------------------------------------------------------------
Statistical distribution of peak voltage  for branch  "1_2LTC"  to  "1_2LTA".   Base voltage  for per unit output = 1.95161000E+05
  Interval             voltage         voltage  in     Frequency    Cumulative               Per cent
    number         in per unit      physical units     (density)     frequency     .GE. current value
        20           1.0000000      1.95161000E+05             0             0          100.000000
        21           1.0500000      2.04919050E+05            40            40           60.000000
        22           1.1000000      2.14677100E+05            50            90           10.000000
        23           1.1500000      2.24435150E+05             7            97            3.000000
        24           1.2000000      2.34193200E+05             3           100             .000000
Summary of preceding table follows:       Grouped data     Ungrouped data
                                 Mean = 1.06150000E+00     1.06293325E+00
                             Variance = 1.30580808E-03     1.03446835E-03
                   Standard deviation = 3.61359666E-02     3.21631520E-02

18 ) -------------------------------------------------------------------------------------------------------------------------------
Statistical distribution of peak voltage  for branch  "1_2LTA"  to  "1_2LTB".   Base voltage  for per unit output = 1.95161000E+05
  Interval             voltage         voltage  in     Frequency    Cumulative               Per cent
    number         in per unit      physical units     (density)     frequency     .GE. current value
        16            .8000000      1.56128800E+05             0             0          100.000000
        17            .8500000      1.65886850E+05             2             2           98.000000
        18            .9000000      1.75644900E+05            15            17           83.000000
        19            .9500000      1.85402950E+05            12            29           71.000000
        20           1.0000000      1.95161000E+05            25            54           46.000000
        21           1.0500000      2.04919050E+05            20            74           26.000000
        22           1.1000000      2.14677100E+05            18            92            8.000000
        23           1.1500000      2.24435150E+05             8           100             .000000
Summary of preceding table follows:       Grouped data     Ungrouped data
                                 Mean = 9.91000000E-01     9.94031652E-01
                             Variance = 6.15555556E-03     5.65958965E-03
                   Standard deviation = 7.84573486E-02     7.52302442E-02

19 ) -------------------------------------------------------------------------------------------------------------------------------
Statistical distribution of peak voltage  for branch  "1_2LTB"  to  "1_2LTC".   Base voltage  for per unit output = 1.95161000E+05
  Interval             voltage         voltage  in     Frequency    Cumulative               Per cent
    number         in per unit      physical units     (density)     frequency     .GE. current value
        16            .8000000      1.56128800E+05             0             0          100.000000
        17            .8500000      1.65886850E+05             7             7           93.000000
        18            .9000000      1.75644900E+05             6            13           87.000000
        19            .9500000      1.85402950E+05            25            38           62.000000
        20           1.0000000      1.95161000E+05            27            65           35.000000
        21           1.0500000      2.04919050E+05            17            82           18.000000
        22           1.1000000      2.14677100E+05            16            98            2.000000
        23           1.1500000      2.24435150E+05             2           100             .000000
Summary of preceding table follows:       Grouped data     Ungrouped data
                                 Mean = 9.73500000E-01     9.73757201E-01
                             Variance = 5.32601010E-03     4.67330386E-03
                   Standard deviation = 7.29795184E-02     6.83615672E-02

20 ) -------------------------------------------------------------------------------------------------------------------------------
  SUMMARY   SUMMARY   SUMMARY   SUMMARY   SUMMARY   SUMMARY   SUMMARY   SUMMARY   SUMMARY   SUMMARY   SUMMARY   SUMMARY   SUMMARY
20 ) -------------------------------------------------------------------------------------------------------------------------------
A distribution of peak values among all output branches of the last data card that have the same base value follows.  This
statistical distribution is for the maximum of the peaks at all of these output branches having base  voltage  = 1.95161000E+05
  Interval             voltage         voltage  in     Frequency    Cumulative               Per cent
    number         in per unit      physical units     (density)     frequency     .GE. current value
        20           1.0000000      1.95161000E+05             0             0          100.000000
        21           1.0500000      2.04919050E+05            28            28           72.000000
        22           1.1000000      2.14677100E+05            55            83           17.000000
        23           1.1500000      2.24435150E+05            14            97            3.000000
        24           1.2000000      2.34193200E+05             3           100             .000000
Summary of preceding table follows:       Grouped data     Ungrouped data
                                 Mean = 1.07100000E+00     1.07149744E+00
                             Variance = 1.34747475E-03     1.08895373E-03
                   Standard deviation = 3.67079657E-02     3.29992990E-02

Statistical output of branch voltage   0.1952E+06 |-1     195161.T_OPOAT_OPOBT_OPOBT_OPOCT_OPOCT_OPOA

21 ) -------------------------------------------------------------------------------------------------------------------------------
Statistical distribution of peak voltage  for branch  "T_OPOA"  to  "T_OPOB".   Base voltage  for per unit output = 1.95161000E+05
  Interval             voltage         voltage  in     Frequency    Cumulative               Per cent
    number         in per unit      physical units     (density)     frequency     .GE. current value
        14            .7000000      1.36612700E+05             0             0          100.000000
        15            .7500000      1.46370750E+05             6             6           94.000000
        16            .8000000      1.56128800E+05            22            28           72.000000
        17            .8500000      1.65886850E+05            25            53           47.000000
        18            .9000000      1.75644900E+05            24            77           23.000000
        19            .9500000      1.85402950E+05            16            93            7.000000
        20           1.0000000      1.95161000E+05             7           100             .000000
Summary of preceding table follows:       Grouped data     Ungrouped data
                                 Mean = 8.46500000E-01     8.47378295E-01
                             Variance = 4.50782828E-03     4.48139943E-03
                   Standard deviation = 6.71403625E-02     6.69432553E-02

22 ) -------------------------------------------------------------------------------------------------------------------------------
Statistical distribution of peak voltage  for branch  "T_OPOB"  to  "T_OPOC".   Base voltage  for per unit output = 1.95161000E+05
  Interval             voltage         voltage  in     Frequency    Cumulative               Per cent
    number         in per unit      physical units     (density)     frequency     .GE. current value
        14            .7000000      1.36612700E+05             0             0          100.000000
        15            .7500000      1.46370750E+05             7             7           93.000000
        16            .8000000      1.56128800E+05            14            21           79.000000
        17            .8500000      1.65886850E+05            33            54           46.000000
        18            .9000000      1.75644900E+05            22            76           24.000000
        19            .9500000      1.85402950E+05            17            93            7.000000
        20           1.0000000      1.95161000E+05             7           100             .000000
Summary of preceding table follows:       Grouped data     Ungrouped data
                                 Mean = 8.49500000E-01     8.48251583E-01
                             Variance = 4.31792929E-03     3.98141046E-03
                   Standard deviation = 6.57109526E-02     6.30984188E-02

23 ) -------------------------------------------------------------------------------------------------------------------------------
Statistical distribution of peak voltage  for branch  "T_OPOC"  to  "T_OPOA".   Base voltage  for per unit output = 1.95161000E+05
  Interval             voltage         voltage  in     Frequency    Cumulative               Per cent
    number         in per unit      physical units     (density)     frequency     .GE. current value
        20           1.0000000      1.95161000E+05             0             0          100.000000
        21           1.0500000      2.04919050E+05            11            11           89.000000
        22           1.1000000      2.14677100E+05            56            67           33.000000
        23           1.1500000      2.24435150E+05            24            91            9.000000
        24           1.2000000      2.34193200E+05             8            99            1.000000
        25           1.2500000      2.43951250E+05             1           100             .000000
Summary of preceding table follows:       Grouped data     Ungrouped data
                                 Mean = 1.09100000E+00     1.09055761E+00
                             Variance = 1.66060606E-03     1.72308498E-03
                   Standard deviation = 4.07505345E-02     4.15100587E-02

24 ) -------------------------------------------------------------------------------------------------------------------------------
  SUMMARY   SUMMARY   SUMMARY   SUMMARY   SUMMARY   SUMMARY   SUMMARY   SUMMARY   SUMMARY   SUMMARY   SUMMARY   SUMMARY   SUMMARY
24 ) -------------------------------------------------------------------------------------------------------------------------------
A distribution of peak values among all output branches of the last data card that have the same base value follows.  This
statistical distribution is for the maximum of the peaks at all of these output branches having base  voltage  = 1.95161000E+05
  Interval             voltage         voltage  in     Frequency    Cumulative               Per cent
    number         in per unit      physical units     (density)     frequency     .GE. current value
        20           1.0000000      1.95161000E+05             0             0          100.000000
        21           1.0500000      2.04919050E+05            11            11           89.000000
        22           1.1000000      2.14677100E+05            56            67           33.000000
        23           1.1500000      2.24435150E+05            24            91            9.000000
        24           1.2000000      2.34193200E+05             8            99            1.000000
        25           1.2500000      2.43951250E+05             1           100             .000000
Summary of preceding table follows:       Grouped data     Ungrouped data
                                 Mean = 1.09100000E+00     1.09055761E+00
                             Variance = 1.66060606E-03     1.72308498E-03
                   Standard deviation = 4.07505345E-02     4.15100587E-02

Initialize variables as  "FIND"  begins.          |FIND
Send (request, ALL, SPY, RESET, EXCLUDE, DISK, HELP, QUIT) :
Statistical output of  node  voltage   0.1127E+06 |0      112677.T_MANAT_MANBT_MANC
      Peak extremum of subset has value 1.31459818E+05     This occurred during
      simulation 62  for the variable having names  "T_MANA"  and  "      ".
      This was variable 1  of 3  in the subset;  100  shots were searched.
Send (request, ALL, SPY, RESET, EXCLUDE, DISK, HELP, QUIT) :
Create deterministic data file for shot JP = 62   |DISK
Send (request, ALL, SPY, RESET, EXCLUDE, DISK, HELP, QUIT) :
Initialize variables as  "FIND"  begins.          |RESET
Send (request, ALL, SPY, RESET, EXCLUDE, DISK, HELP, QUIT) :
Exit  FIND  by resuming statistical tabulations.  |QUIT
Comment card.   Card index = 368.                 |C
Initialize variables as  "FIND"  begins.          |FIND
Send (request, ALL, SPY, RESET, EXCLUDE, DISK, HELP, QUIT) :
Statistical output of  node  voltage   0.1127E+06 |0      112677.1_2LTC1_2LTA1_2LTB
      Peak extremum of subset has value 1.73133215E+05     This occurred during
      simulation 58  for the variable having names  "1_2LTA"  and  "      ".
      This was variable 2  of 3  in the subset;  100  shots were searched.
Send (request, ALL, SPY, RESET, EXCLUDE, DISK, HELP, QUIT) :
Create deterministic data file for shot JP = 58   |DISK
Send (request, ALL, SPY, RESET, EXCLUDE, DISK, HELP, QUIT) :
Initialize variables as  "FIND"  begins.          |RESET
Send (request, ALL, SPY, RESET, EXCLUDE, DISK, HELP, QUIT) :
Exit  FIND  by resuming statistical tabulations.  |QUIT
Comment card.   Card index = 374.                 |C
Initialize variables as  "FIND"  begins.          |FIND
Send (request, ALL, SPY, RESET, EXCLUDE, DISK, HELP, QUIT) :
Statistical output of  node  voltage   0.1127E+06 |0      112677.T_OPOAT_OPOBT_OPOC
      Peak extremum of subset has value 1.90969959E+05     This occurred during
      simulation 86  for the variable having names  "T_OPOA"  and  "      ".
      This was variable 1  of 3  in the subset;  100  shots were searched.
Send (request, ALL, SPY, RESET, EXCLUDE, DISK, HELP, QUIT) :
Create deterministic data file for shot JP = 86   |DISK
Send (request, ALL, SPY, RESET, EXCLUDE, DISK, HELP, QUIT) :
Initialize variables as  "FIND"  begins.          |RESET
Send (request, ALL, SPY, RESET, EXCLUDE, DISK, HELP, QUIT) :
Exit  FIND  by resuming statistical tabulations.  |QUIT
Comment card.   Card index = 380.                 |C
Initialize variables as  "FIND"  begins.          |FIND
Send (request, ALL, SPY, RESET, EXCLUDE, DISK, HELP, QUIT) :
Statistical output of branch voltage   0.1952E+06 |-1     195161.T_MANAT_MANBT_MANBT_MANCT_MANCT_MANA
      Peak extremum of subset has value 2.17993006E+05     This occurred during
      simulation 89  for the variable having names  "T_MANC"  and  "T_MANA".
      This was variable 3  of 3  in the subset;  100  shots were searched.
Send (request, ALL, SPY, RESET, EXCLUDE, DISK, HELP, QUIT) :
Create deterministic data file for shot JP = 89   |DISK
Send (request, ALL, SPY, RESET, EXCLUDE, DISK, HELP, QUIT) :
Initialize variables as  "FIND"  begins.          |RESET
Send (request, ALL, SPY, RESET, EXCLUDE, DISK, HELP, QUIT) :
Exit  FIND  by resuming statistical tabulations.  |QUIT
Initialize variables as  "FIND"  begins.          |FIND
Send (request, ALL, SPY, RESET, EXCLUDE, DISK, HELP, QUIT) :
Statistical output of branch voltage   0.1952E+06 |-1     195161.1_2LTC1_2LTA1_2LTA1_2LTB1_2LTB1_2LTC
      Peak extremum of subset has value 2.28298179E+05     This occurred during
      simulation 66  for the variable having names  "1_2LTC"  and  "1_2LTA".
      This was variable 1  of 3  in the subset;  100  shots were searched.
Send (request, ALL, SPY, RESET, EXCLUDE, DISK, HELP, QUIT) :
Create deterministic data file for shot JP = 66   |DISK
Send (request, ALL, SPY, RESET, EXCLUDE, DISK, HELP, QUIT) :
Initialize variables as  "FIND"  begins.          |RESET
Send (request, ALL, SPY, RESET, EXCLUDE, DISK, HELP, QUIT) :
Exit  FIND  by resuming statistical tabulations.  |QUIT
Comment card.   Card index = 391.                 |C
Initialize variables as  "FIND"  begins.          |FIND
Send (request, ALL, SPY, RESET, EXCLUDE, DISK, HELP, QUIT) :
Statistical output of branch voltage   0.1952E+06 |-1     195161.T_OPOAT_OPOBT_OPOBT_OPOCT_OPOCT_OPOA
      Peak extremum of subset has value 2.40846853E+05     This occurred during
      simulation 66  for the variable having names  "T_OPOC"  and  "T_OPOA".
      This was variable 3  of 3  in the subset;  100  shots were searched.
Send (request, ALL, SPY, RESET, EXCLUDE, DISK, HELP, QUIT) :
Create deterministic data file for shot JP = 66   |DISK
Send (request, ALL, SPY, RESET, EXCLUDE, DISK, HELP, QUIT) :
Initialize variables as  "FIND"  begins.          |RESET
Send (request, ALL, SPY, RESET, EXCLUDE, DISK, HELP, QUIT) :
Exit  FIND  by resuming statistical tabulations.  |QUIT
Comment card.   Card index = 397.                 |C
Initialize variables as  "FIND"  begins.          |FIND
Send (request, ALL, SPY, RESET, EXCLUDE, DISK, HELP, QUIT) :
Statistical output of branch energy    0.1000E+04 |-4        1.E3PRMANA      PRMANB      PRMANC
      Peak extremum of subset has value 1.30881678E+01     This occurred during
      simulation 60  for the variable having names  "PRMANA"  and  "      ".
      This was variable 1  of 3  in the subset;  100  shots were searched.
Send (request, ALL, SPY, RESET, EXCLUDE, DISK, HELP, QUIT) :
Create deterministic data file for shot JP = 60   |DISK
Send (request, ALL, SPY, RESET, EXCLUDE, DISK, HELP, QUIT) :
Initialize variables as  "FIND"  begins.          |RESET
Send (request, ALL, SPY, RESET, EXCLUDE, DISK, HELP, QUIT) :
Exit  FIND  by resuming statistical tabulations.  |QUIT
Comment card.   Card index = 403.                 |C
Initialize variables as  "FIND"  begins.          |FIND
Send (request, ALL, SPY, RESET, EXCLUDE, DISK, HELP, QUIT) :
Statistical output of branch energy    0.1000E+04 |-4        1.E3PROPOA      PROPOB      PROPOC
      Peak extremum of subset has value 1.57793185E+02     This occurred during
      simulation 33  for the variable having names  "PROPOC"  and  "      ".
      This was variable 3  of 3  in the subset;  100  shots were searched.
Send (request, ALL, SPY, RESET, EXCLUDE, DISK, HELP, QUIT) :
Create deterministic data file for shot JP = 33   |DISK
Send (request, ALL, SPY, RESET, EXCLUDE, DISK, HELP, QUIT) :
Initialize variables as  "FIND"  begins.          |RESET
Send (request, ALL, SPY, RESET, EXCLUDE, DISK, HELP, QUIT) :
Exit  FIND  by resuming statistical tabulations.  |QUIT
Comment card.   Card index = 409.                 |C
Initialize variables as  "FIND"  begins.          |FIND
Send (request, ALL, SPY, RESET, EXCLUDE, DISK, HELP, QUIT) :
Statistical output of branch energy    0.1000E+04 |-4        1.E3RPI_C MEASUCRPI_A MEASUARPI_B MEASUB
      Peak extremum of subset has value 7.75586339E+04     This occurred during
      simulation 21  for the variable having names  "RPI_B "  and  "MEASUB".
      This was variable 3  of 3  in the subset;  100  shots were searched.
Send (request, ALL, SPY, RESET, EXCLUDE, DISK, HELP, QUIT) :
Create deterministic data file for shot JP = 21   |DISK
Send (request, ALL, SPY, RESET, EXCLUDE, DISK, HELP, QUIT) :
Initialize variables as  "FIND"  begins.          |RESET
Send (request, ALL, SPY, RESET, EXCLUDE, DISK, HELP, QUIT) :
Exit  FIND  by resuming statistical tabulations.  |QUIT
Comment card.   Card index = 415.                 |C
Blank card ends statistical tabulation requests.  |BLANK STATISTICS

                                      Sample curve symbols : "A", "B", and "C"
                                      Theoretical curve symbol : "*"
                                      Common curve symbol : "X"

        Switch  "XX0014"  to  "RPI_C "            Switch  "XX0015"  to  "RPI_B "            Switch  "XX0016"  to  "RPI_A "
4.41400000E-01   switchings per column          4.41400000E-01   switchings per column     4.41400000E-01   switchings per column
              Columns                                     Columns                                     Columns
          5   10   15   20   25   30                5   10   15   20   25   30                5   10   15   20   25   30
     +----+----+----+----+----+----+           +----+----+----+----+----+----+           +----+----+----+----+----+----+
    X                                         X                                         X
    X                                         X                                         X
    X                                         X                                         X
    X                                         * B                                       X
    A*                                        B*                                        |*C
    | X                                       | *  B                                    | *  C
    | A *                                     | B *                                     |   *  C
    |       *     A                           |      B*                                 |      C*
    |           *   A                         |           * B                           |          C*
    |                 * A                     |                 *    B                  |        C        *
    |                   A   *                 |                      B*                 |                 C     *
    |                      A    *             |                      B    *             |                          C*
    |  2.0000E-02                 * A         |  2.0000E-02              B  *           |  2.0000E-02                 *   C
    |                           *     A       |                           *B            |                          C*
    |                       *A                |                      B*                 |                       *C
    |               A *                       |               B *                       |                 *          C
    |          A*                             |           * B                           |          C*
    |      A*                                 |       *  B                              |      C*
    | A *                                     |   *B                                    | C *
    | X                                       | *  B                                    | *  C
    A*                                        B*                                        C*
    X                                         X                                         X
    X                                         X                                         X
    X                                         X                                         X
    X                                         X                                         X
   Time (scale = 2.77666667E-04  Sec/line)   Time (scale = 2.77666667E-04  Sec/line)   Time  (scale = 2.77666667E-04  Sec/line)

        Switch  "T_MANC"  to  "MEASUC"            Switch  "T_MANA"  to  "MEASUA"            Switch  "T_MANB"  to  "MEASUB"
4.41400000E-01   switchings per column          4.41400000E-01   switchings per column     4.41400000E-01   switchings per column
              Columns                                     Columns                                     Columns
          5   10   15   20   25   30                5   10   15   20   25   30                5   10   15   20   25   30
     +----+----+----+----+----+----+           +----+----+----+----+----+----+           +----+----+----+----+----+----+
    X                                         X                                         X
    X                                         X                                         X
    X                                         X                                         X
    X                                         X                                         X
    A*                                        |*B                                       C*
    | *  A                                    | *        B                              | *  C
    |   *  A                                  | B *                                     |   *    C
    |      A*                                 |    B  *                                 C       *
    |           *          A                  |        B  *                             |          C*
    |               A *                       |               B *                       |                 * C
    |                 A     *                 |                   B   *                 |                 C     *
    |                           *     A       |                          B*             |                           *C
    |  3.0000E-02     A           *           |  3.0000E-02                B*           |  3.0000E-02                 * C
    |                        A  *             |                          B*             |                           *   C
    |                       *    A            |                       *       B         |        C              *
    |                 * A                     |               B *                       |                 *               C
    |        A  *                             |           *   B                         |          C*
    |       *     A                           |       *B                                |       *C
    | A *                                     | B *                                     |   *C
    A *                                       B *                                       | X
    A*                                        |*B                                       C*
    X                                         X                                         X
    X                                         X                                         X
    X                                         X                                         X
    X                                         X                                         X
   Time (scale = 3.23846500E-04  Sec/line)   Time (scale = 3.23846500E-04  Sec/line)   Time  (scale = 3.23846500E-04  Sec/line)
 .... Questionable Kolmogorov-Smirnov test result = 9.04585461E-01
 .... Questionable Kolmogorov-Smirnov test result = 8.87867886E-01
 .... Questionable Kolmogorov-Smirnov test result = 6.48325794E-01
 .... Questionable Kolmogorov-Smirnov test result = 8.29388103E-01
 .... Questionable Kolmogorov-Smirnov test result = 9.54474931E-01
 .... Questionable Kolmogorov-Smirnov test result = 6.55664765E-01

Memory storage figures for the preceding, now-completed data case.  -------------------------------  Present   Program
A value of  "-9999"  indicates that no figure is available.         03-Sep-26  18.30.32              figure     limit  (name)
     Size List 1.   Number of electric network nodes.                                                  100      100K  (LBUS)
     Size List 2.   Number of electric network branches.                                               145      120K  (LBRNCH)
     Size List 3.   Number of data values in R, L, C tables.                                           137      500K  (LDATA)
     Size List 4.   Number of electric network sources.                                                  9     20000  (LEXCT)
     Size List 5.   Storage for [Y] & triangularized [Y].  No. times = 835   Factors = 594            1032     2000K  (LYMAT)
     Size List 6.   Number of entries in switch table.                  No. flops = 18                  18      5000  (LSWTCH)
     Size List 7.   Number of distinct ALPHANUMERIC data names plus program SPY variables.             184      200K  (LSIZE7)
     Size List 8.   History points of distributed lines.                                               112     2000K  (LPAST)
     Size List 9.   Number of nonlinear elements.                                                       18     10000  (LNONL)
     Size List 10.  Points of nonlinear characteristics.                                                48     16000  (LCHAR)
     Size List 11.  Number of Type-59 S.M. outputs.                                                      0      3000  (LSMOUT)
     Size List 12.  Total number of EMTP output variables.                                              49     12000  (LSIZ12)
     Size List 13.  Working space for batch/SPY plotting.                                            -9999     1000K  (LSIZ13)
     Size List 14.  S.M./U.M. connections to TACS.                                                   -9999      2000  (LBSTAC)
     Size List 15.  Character storage in bytes for MODELS.                                           -9999     2000K  (LCTACS)
     Size List 16.  Total number of Type-59 S.M. masses.                                                 0      3200  (LIMASS)
     Size List 17.  Number of Type-59 Synchronous machines.                                              0       360  (LSYN)
     Size List 18.  Branch and switch power/energy outputs.                                              9      1016  (MAXPE)
     Size List 19.  Total floating-point TACS table space.                                              23     2000K  (LTACST)
     Size List 20.  Non-copied recursive convolution data plus SEEK of MODELS.                           0     2000K  (LFSEM)
     Size List 21.  Total modal/phase [T] matrix storage.                                               36     12000  (LFD)
     Size List 22.  Total recursive convolution history.                                                 0     1000K  (LHIST)
     Size List 23.  Giant vectors for renumbering, phasors;  also extrema accumulation.              10653     2000K  (LSIZ23)
     Size List 24.  Peak phases of compensation for data.                                                3        36  (LCOMP)
     Size List 25.  Total table space for all U.M usage.                                             -9999      240K  (LSPCUM)
     Size List 26.  Square of max number of coupled phases.                                              9     2000K  (LSIZ26)
     Size List 27.  Maximum number of MODELS top variables.                                          -9999      100K  (LSIZ27)
     Size List 28.  MODELS.  Total work space is divided into INTEGER and REAL.  1st, REAL:          -9999     2000K  (LRTACS)
                             Second  and last,  statistics for INTEGER work space.                       0         0  (LITACS)
     Size List 29.  RAM disk used by "TAPSAV" table saving (limit is "LABCOM" size LTLABL).          -9999  84700944  (LSIZ29)
     Size List 30.  ULM line or Noda line or User line circuits.                                           0        39  (LSIZ30)
Timing figures characterizing central processor (CP) solution speed.  ----------------------------   CP sec  Wait sec  Real sec
     Data input time (through blank card ending branches) ....                                       0.000     0.000     0.000
     Node renumbering and phasor solution  ....                                                      0.010     0.000     0.010
     After phasor solution, but before time-step loop  ....                                          0.000     0.000     0.000
     Integration of equations (time-step loop)  ....                                                22.260     0.000    22.260
     Plotting or STATISTICS termination overlays ....                                                0.010     0.000     0.010
                                                                                                    ---------------------------
                                                                                          Totals     22.280     0.000    22.280

