source_file,simulation,terminal,phase,value_pu,time,source_value,scenario,sample_size,source_lineage,base_voltage,event_definition,sigma_3_threshold,sigma_decision,sigma_applicability,sigma_flag,sigma_reason,mad_median,median_absolute_deviation,modified_mad_score,mad_threshold,mad_flag,mad_applicability,mad_reason,kmeans_cluster,score,threshold,flag,applicability,reason,method,group_key,feature_space,scaling_policy,threshold_policy,random_state,n_clusters,parameter_source,configuration_id,calibration_count,dbscan_cluster,dbscan_score,dbscan_threshold,dbscan_flag,dbscan_applicability,dbscan_reason,dbscan_method,dbscan_group_key,dbscan_feature_space,dbscan_scaling_policy,dbscan_threshold_policy,dbscan_parameter_source,dbscan_calibration_source,dbscan_configuration_id,dbscan_calibration_count,dbscan_effective_eps,dbscan_min_samples,dbscan_cluster_count,dbscan_noise_count,dbscan_noise_rate,hierarchical_cluster,method_agreement,applicable_method_count,method_disagreement,anomaly_candidate,anomaly_reasons
case.lis,1,T_MAN,A,1.555374832485778,0.03426,175254.97,SRPI,200,srpi-200,112677.0,absolute_phase_to_ground_maximum,1.6579768140784057,rejected,non_applicable,,Gaussian adequacy status: rejected.,1.2431039608793277,0.06948989589712162,3.0309946426624537,3.5,false,applicable,,1,0.7551697062397527,1.4646167600081432,false,applicable,,kmeans,scenario=SRPI|source_lineage=srpi-200|terminal=T_MAN|phase=A,value_pu,standard_scaler_fit_on_calibration_group,calibration_distance_percentile_99,42,2,all_observations,"kmeans|feature=value_pu|groups=scenario,source_lineage,terminal,phase|scale=standard|clusters=2|seed=42|threshold=p99",200,0,0.02507250847203535,3.0,false,applicable,,dbscan,scenario=SRPI|source_lineage=srpi-200|terminal=T_MAN|phase=A,value_pu,standard_scaler_fit_on_calibration_group,explicit_effective_eps,explicit_effective_eps,all_observations,"dbscan|feature=value_pu|groups=scenario,source_lineage,terminal,phase|scale=standard|min_samples=2|eps=3.0",200,3.0,2,1,0,0.0,0,0,3,false,false,""
case.lis,1,1_2LT,A,1.8674815800917668,0.03436,210422.222,SRPI,200,srpi-200,112677.0,absolute_phase_to_ground_maximum,2.4232717330313314,rejected,non_applicable,,Gaussian adequacy status: rejected.,1.7070286305102194,0.18248979827293954,0.5930406570980925,3.5,false,applicable,,1,0.046765151125301774,1.2079243785947944,false,applicable,,kmeans,scenario=SRPI|source_lineage=srpi-200|terminal=1_2LT|phase=A,value_pu,standard_scaler_fit_on_calibration_group,calibration_distance_percentile_99,42,2,all_observations,"kmeans|feature=value_pu|groups=scenario,source_lineage,terminal,phase|scale=standard|clusters=2|seed=42|threshold=p99",200,0,0.010848556024146916,3.0,false,applicable,,dbscan,scenario=SRPI|source_lineage=srpi-200|terminal=1_2LT|phase=A,value_pu,standard_scaler_fit_on_calibration_group,explicit_effective_eps,explicit_effective_eps,all_observations,"dbscan|feature=value_pu|groups=scenario,source_lineage,terminal,phase|scale=standard|min_samples=2|eps=3.0",200,3.0,2,1,0,0.0,0,0,3,false,false,""
case.lis,1,T_OPO,A,1.79856496001846,0.03451,202656.904,SRPI,200,srpi-200,112677.0,absolute_phase_to_ground_maximum,2.1517703848351477,rejected,non_applicable,,Gaussian adequacy status: rejected.,1.7540467575459056,0.052284552304374454,0.5743010113214551,3.5,false,applicable,,1,0.21505369003831748,1.7893062664422041,false,applicable,,kmeans,scenario=SRPI|source_lineage=srpi-200|terminal=T_OPO|phase=A,value_pu,standard_scaler_fit_on_calibration_group,calibration_distance_percentile_99,42,2,all_observations,"kmeans|feature=value_pu|groups=scenario,source_lineage,terminal,phase|scale=standard|clusters=2|seed=42|threshold=p99",200,0,0.0059349762068980905,3.0,false,applicable,,dbscan,scenario=SRPI|source_lineage=srpi-200|terminal=T_OPO|phase=A,value_pu,standard_scaler_fit_on_calibration_group,explicit_effective_eps,explicit_effective_eps,all_observations,"dbscan|feature=value_pu|groups=scenario,source_lineage,terminal,phase|scale=standard|min_samples=2|eps=3.0",200,3.0,2,1,0,0.0,0,0,3,false,false,""
case.lis,2,T_MAN,A,1.2085961642571244,0.04123,-136180.99,SRPI,200,srpi-200,112677.0,absolute_phase_to_ground_maximum,1.6579768140784057,rejected,non_applicable,,Gaussian adequacy status: rejected.,1.2431039608793277,0.06948989589712162,-0.33494301326894405,3.5,false,applicable,,0,0.0714359870560991,1.4646167600081432,false,applicable,,kmeans,scenario=SRPI|source_lineage=srpi-200|terminal=T_MAN|phase=A,value_pu,standard_scaler_fit_on_calibration_group,calibration_distance_percentile_99,42,2,all_observations,"kmeans|feature=value_pu|groups=scenario,source_lineage,terminal,phase|scale=standard|clusters=2|seed=42|threshold=p99",200,0,0.00015867337232311485,3.0,false,applicable,,dbscan,scenario=SRPI|source_lineage=srpi-200|terminal=T_MAN|phase=A,value_pu,standard_scaler_fit_on_calibration_group,explicit_effective_eps,explicit_effective_eps,all_observations,"dbscan|feature=value_pu|groups=scenario,source_lineage,terminal,phase|scale=standard|min_samples=2|eps=3.0",200,3.0,2,1,0,0.0,0,0,3,false,false,""
case.lis,2,1_2LT,A,1.6527709292934671,0.04129,-186229.27,SRPI,200,srpi-200,112677.0,absolute_phase_to_ground_maximum,2.4232717330313314,rejected,non_applicable,,Gaussian adequacy status: rejected.,1.7070286305102194,0.18248979827293954,-0.20053868044265086,3.5,false,applicable,,1,0.8187578396755786,1.2079243785947944,false,applicable,,kmeans,scenario=SRPI|source_lineage=srpi-200|terminal=1_2LT|phase=A,value_pu,standard_scaler_fit_on_calibration_group,calibration_distance_percentile_99,42,2,all_observations,"kmeans|feature=value_pu|groups=scenario,source_lineage,terminal,phase|scale=standard|clusters=2|seed=42|threshold=p99",200,0,0.04367971523741881,3.0,false,applicable,,dbscan,scenario=SRPI|source_lineage=srpi-200|terminal=1_2LT|phase=A,value_pu,standard_scaler_fit_on_calibration_group,explicit_effective_eps,explicit_effective_eps,all_observations,"dbscan|feature=value_pu|groups=scenario,source_lineage,terminal,phase|scale=standard|min_samples=2|eps=3.0",200,3.0,2,1,0,0.0,0,0,3,false,false,""
case.lis,2,T_OPO,A,1.7512928991719694,0.04123,-197330.43,SRPI,200,srpi-200,112677.0,absolute_phase_to_ground_maximum,2.1517703848351477,rejected,non_applicable,,Gaussian adequacy status: rejected.,1.7540467575459056,0.052284552304374454,-0.035525775106544824,3.5,false,applicable,,1,0.0985187945040914,1.7893062664422041,false,applicable,,kmeans,scenario=SRPI|source_lineage=srpi-200|terminal=T_OPO|phase=A,value_pu,standard_scaler_fit_on_calibration_group,calibration_distance_percentile_99,42,2,all_observations,"kmeans|feature=value_pu|groups=scenario,source_lineage,terminal,phase|scale=standard|clusters=2|seed=42|threshold=p99",200,0,0.0021870411459345984,3.0,false,applicable,,dbscan,scenario=SRPI|source_lineage=srpi-200|terminal=T_OPO|phase=A,value_pu,standard_scaler_fit_on_calibration_group,explicit_effective_eps,explicit_effective_eps,all_observations,"dbscan|feature=value_pu|groups=scenario,source_lineage,terminal,phase|scale=standard|min_samples=2|eps=3.0",200,3.0,2,1,0,0.0,0,0,3,false,false,""
case.lis,3,T_MAN,A,1.317267410385438,0.0255,-148425.74,SRPI,200,srpi-200,112677.0,absolute_phase_to_ground_maximum,1.6579768140784057,rejected,non_applicable,,Gaussian adequacy status: rejected.,1.2431039608793277,0.06948989589712162,0.7198526618188252,3.5,false,applicable,,0,0.7920821355016696,1.4646167600081432,false,applicable,,kmeans,scenario=SRPI|source_lineage=srpi-200|terminal=T_MAN|phase=A,value_pu,standard_scaler_fit_on_calibration_group,calibration_distance_percentile_99,42,2,all_observations,"kmeans|feature=value_pu|groups=scenario,source_lineage,terminal,phase|scale=standard|clusters=2|seed=42|threshold=p99",200,0,0.031418032934988405,3.0,false,applicable,,dbscan,scenario=SRPI|source_lineage=srpi-200|terminal=T_MAN|phase=A,value_pu,standard_scaler_fit_on_calibration_group,explicit_effective_eps,explicit_effective_eps,all_observations,"dbscan|feature=value_pu|groups=scenario,source_lineage,terminal,phase|scale=standard|min_samples=2|eps=3.0",200,3.0,2,1,0,0.0,0,0,3,false,false,""
case.lis,3,1_2LT,A,1.8645571855835708,0.02552,-210092.71,SRPI,200,srpi-200,112677.0,absolute_phase_to_ground_maximum,2.4232717330313314,rejected,non_applicable,,Gaussian adequacy status: rejected.,1.7070286305102194,0.18248979827293954,0.5822319755171209,3.5,false,applicable,,1,0.03497658511050605,1.2079243785947944,false,applicable,,kmeans,scenario=SRPI|source_lineage=srpi-200|terminal=1_2LT|phase=A,value_pu,standard_scaler_fit_on_calibration_group,calibration_distance_percentile_99,42,2,all_observations,"kmeans|feature=value_pu|groups=scenario,source_lineage,terminal,phase|scale=standard|clusters=2|seed=42|threshold=p99",200,0,0.0009400099906488046,3.0,false,applicable,,dbscan,scenario=SRPI|source_lineage=srpi-200|terminal=1_2LT|phase=A,value_pu,standard_scaler_fit_on_calibration_group,explicit_effective_eps,explicit_effective_eps,all_observations,"dbscan|feature=value_pu|groups=scenario,source_lineage,terminal,phase|scale=standard|min_samples=2|eps=3.0",200,3.0,2,1,0,0.0,0,0,3,false,false,""
case.lis,3,T_OPO,A,1.80339927403108,0.0257,-203201.62,SRPI,200,srpi-200,112677.0,absolute_phase_to_ground_maximum,2.1517703848351477,rejected,non_applicable,,Gaussian adequacy status: rejected.,1.7540467575459056,0.052284552304374454,0.6366654212098565,3.5,false,applicable,,1,0.24712142368162487,1.7893062664422041,false,applicable,,kmeans,scenario=SRPI|source_lineage=srpi-200|terminal=T_OPO|phase=A,value_pu,standard_scaler_fit_on_calibration_group,calibration_distance_percentile_99,42,2,all_observations,"kmeans|feature=value_pu|groups=scenario,source_lineage,terminal,phase|scale=standard|clusters=2|seed=42|threshold=p99",200,0,0.000595181318583049,3.0,false,applicable,,dbscan,scenario=SRPI|source_lineage=srpi-200|terminal=T_OPO|phase=A,value_pu,standard_scaler_fit_on_calibration_group,explicit_effective_eps,explicit_effective_eps,all_observations,"dbscan|feature=value_pu|groups=scenario,source_lineage,terminal,phase|scale=standard|min_samples=2|eps=3.0",200,3.0,2,1,0,0.0,0,0,3,false,false,""
case.lis,4,T_MAN,A,1.2178084258544335,0.02441,-137219.0,SRPI,200,srpi-200,112677.0,absolute_phase_to_ground_maximum,1.6579768140784057,rejected,non_applicable,,Gaussian adequacy status: rejected.,1.2431039608793277,0.06948989589712162,-0.2455260420202164,3.5,false,applicable,,0,0.0017660339240100353,1.4646167600081432,false,applicable,,kmeans,scenario=SRPI|source_lineage=srpi-200|terminal=T_MAN|phase=A,value_pu,standard_scaler_fit_on_calibration_group,calibration_distance_percentile_99,42,2,all_observations,"kmeans|feature=value_pu|groups=scenario,source_lineage,terminal,phase|scale=standard|clusters=2|seed=42|threshold=p99",200,0,0.00257473992156515,3.0,false,applicable,,dbscan,scenario=SRPI|source_lineage=srpi-200|terminal=T_MAN|phase=A,value_pu,standard_scaler_fit_on_calibration_group,explicit_effective_eps,explicit_effective_eps,all_observations,"dbscan|feature=value_pu|groups=scenario,source_lineage,terminal,phase|scale=standard|min_samples=2|eps=3.0",200,3.0,2,1,0,0.0,0,0,3,false,false,""
case.lis,4,1_2LT,A,1.6212344134117875,0.02453,-182675.83,SRPI,200,srpi-200,112677.0,absolute_phase_to_ground_maximum,2.4232717330313314,rejected,non_applicable,,Gaussian adequacy status: rejected.,1.7070286305102194,0.18248979827293954,-0.31709893159310115,3.5,false,applicable,,0,0.789801476466679,1.2079243785947944,false,applicable,,kmeans,scenario=SRPI|source_lineage=srpi-200|terminal=1_2LT|phase=A,value_pu,standard_scaler_fit_on_calibration_group,calibration_distance_percentile_99,42,2,all_observations,"kmeans|feature=value_pu|groups=scenario,source_lineage,terminal,phase|scale=standard|clusters=2|seed=42|threshold=p99",200,0,0.01806475603076335,3.0,false,applicable,,dbscan,scenario=SRPI|source_lineage=srpi-200|terminal=1_2LT|phase=A,value_pu,standard_scaler_fit_on_calibration_group,explicit_effective_eps,explicit_effective_eps,all_observations,"dbscan|feature=value_pu|groups=scenario,source_lineage,terminal,phase|scale=standard|min_samples=2|eps=3.0",200,3.0,2,1,0,0.0,0,0,3,false,false,""
case.lis,4,T_OPO,A,1.810503740781171,0.02467,-204002.13,SRPI,200,srpi-200,112677.0,absolute_phase_to_ground_maximum,2.1517703848351477,rejected,non_applicable,,Gaussian adequacy status: rejected.,1.7540467575459056,0.052284552304374454,0.7283156274820509,3.5,false,applicable,,1,0.2942478922612228,1.7893062664422041,false,applicable,,kmeans,scenario=SRPI|source_lineage=srpi-200|terminal=T_OPO|phase=A,value_pu,standard_scaler_fit_on_calibration_group,calibration_distance_percentile_99,42,2,all_observations,"kmeans|feature=value_pu|groups=scenario,source_lineage,terminal,phase|scale=standard|clusters=2|seed=42|threshold=p99",200,0,0.00022253070071676095,3.0,false,applicable,,dbscan,scenario=SRPI|source_lineage=srpi-200|terminal=T_OPO|phase=A,value_pu,standard_scaler_fit_on_calibration_group,explicit_effective_eps,explicit_effective_eps,all_observations,"dbscan|feature=value_pu|groups=scenario,source_lineage,terminal,phase|scale=standard|min_samples=2|eps=3.0",200,3.0,2,1,0,0.0,0,0,3,false,false,""
case.lis,5,T_MAN,A,1.356833825891708,0.03448,152883.965,SRPI,200,srpi-200,112677.0,absolute_phase_to_ground_maximum,1.6579768140784057,rejected,non_applicable,,Gaussian adequacy status: rejected.,1.2431039608793277,0.06948989589712162,1.1038961456439877,3.5,false,applicable,,1,0.8224670962535983,1.4646167600081432,false,applicable,,kmeans,scenario=SRPI|source_lineage=srpi-200|terminal=T_MAN|phase=A,value_pu,standard_scaler_fit_on_calibration_group,calibration_distance_percentile_99,42,2,all_observations,"kmeans|feature=value_pu|groups=scenario,source_lineage,terminal,phase|scale=standard|clusters=2|seed=42|threshold=p99",200,0,0.01329689912218579,3.0,false,applicable,,dbscan,scenario=SRPI|source_lineage=srpi-200|terminal=T_MAN|phase=A,value_pu,standard_scaler_fit_on_calibration_group,explicit_effective_eps,explicit_effective_eps,all_observations,"dbscan|feature=value_pu|groups=scenario,source_lineage,terminal,phase|scale=standard|min_samples=2|eps=3.0",200,3.0,2,1,0,0.0,0,0,3,false,false,""
case.lis,5,1_2LT,A,1.8602116847271404,0.03453,209603.072,SRPI,200,srpi-200,112677.0,absolute_phase_to_ground_maximum,2.4232717330313314,rejected,non_applicable,,Gaussian adequacy status: rejected.,1.7070286305102194,0.18248979827293954,0.5661708268125405,3.5,false,applicable,,1,0.017459378191327035,1.2079243785947944,false,applicable,,kmeans,scenario=SRPI|source_lineage=srpi-200|terminal=1_2LT|phase=A,value_pu,standard_scaler_fit_on_calibration_group,calibration_distance_percentile_99,42,2,all_observations,"kmeans|feature=value_pu|groups=scenario,source_lineage,terminal,phase|scale=standard|clusters=2|seed=42|threshold=p99",200,0,0.006015241096014368,3.0,false,applicable,,dbscan,scenario=SRPI|source_lineage=srpi-200|terminal=1_2LT|phase=A,value_pu,standard_scaler_fit_on_calibration_group,explicit_effective_eps,explicit_effective_eps,all_observations,"dbscan|feature=value_pu|groups=scenario,source_lineage,terminal,phase|scale=standard|min_samples=2|eps=3.0",200,3.0,2,1,0,0.0,0,0,3,false,false,""
case.lis,5,T_OPO,A,1.8457584955226,0.03471,207974.53,SRPI,200,srpi-200,112677.0,absolute_phase_to_ground_maximum,2.1517703848351477,rejected,non_applicable,,Gaussian adequacy status: rejected.,1.7540467575459056,0.052284552304374454,1.183114792259084,3.5,false,applicable,,1,0.5281052879034924,1.7893062664422041,false,applicable,,kmeans,scenario=SRPI|source_lineage=srpi-200|terminal=T_OPO|phase=A,value_pu,standard_scaler_fit_on_calibration_group,calibration_distance_percentile_99,42,2,all_observations,"kmeans|feature=value_pu|groups=scenario,source_lineage,terminal,phase|scale=standard|clusters=2|seed=42|threshold=p99",200,0,0.0060248126749635755,3.0,false,applicable,,dbscan,scenario=SRPI|source_lineage=srpi-200|terminal=T_OPO|phase=A,value_pu,standard_scaler_fit_on_calibration_group,explicit_effective_eps,explicit_effective_eps,all_observations,"dbscan|feature=value_pu|groups=scenario,source_lineage,terminal,phase|scale=standard|min_samples=2|eps=3.0",200,3.0,2,1,0,0.0,0,0,3,false,false,""
case.lis,6,T_MAN,A,1.4011142291683307,0.03332,157873.348,SRPI,200,srpi-200,112677.0,absolute_phase_to_ground_maximum,1.6579768140784057,rejected,non_applicable,,Gaussian adequacy status: rejected.,1.2431039608793277,0.06948989589712162,1.533695007177008,3.5,false,applicable,,1,0.47060832895482496,1.4646167600081432,false,applicable,,kmeans,scenario=SRPI|source_lineage=srpi-200|terminal=T_MAN|phase=A,value_pu,standard_scaler_fit_on_calibration_group,calibration_distance_percentile_99,42,2,all_observations,"kmeans|feature=value_pu|groups=scenario,source_lineage,terminal,phase|scale=standard|clusters=2|seed=42|threshold=p99",200,0,0.01304915709686505,3.0,false,applicable,,dbscan,scenario=SRPI|source_lineage=srpi-200|terminal=T_MAN|phase=A,value_pu,standard_scaler_fit_on_calibration_group,explicit_effective_eps,explicit_effective_eps,all_observations,"dbscan|feature=value_pu|groups=scenario,source_lineage,terminal,phase|scale=standard|min_samples=2|eps=3.0",200,3.0,2,1,0,0.0,0,0,3,false,false,""
case.lis,6,1_2LT,A,1.9838091890980414,0.03344,223529.668,SRPI,200,srpi-200,112677.0,absolute_phase_to_ground_maximum,2.4232717330313314,rejected,non_applicable,,Gaussian adequacy status: rejected.,1.7070286305102194,0.18248979827293954,1.0229922526508413,3.5,false,applicable,,1,0.5156949395893566,1.2079243785947944,false,applicable,,kmeans,scenario=SRPI|source_lineage=srpi-200|terminal=1_2LT|phase=A,value_pu,standard_scaler_fit_on_calibration_group,calibration_distance_percentile_99,42,2,all_observations,"kmeans|feature=value_pu|groups=scenario,source_lineage,terminal,phase|scale=standard|clusters=2|seed=42|threshold=p99",200,0,0.006294471466213647,3.0,false,applicable,,dbscan,scenario=SRPI|source_lineage=srpi-200|terminal=1_2LT|phase=A,value_pu,standard_scaler_fit_on_calibration_group,explicit_effective_eps,explicit_effective_eps,all_observations,"dbscan|feature=value_pu|groups=scenario,source_lineage,terminal,phase|scale=standard|min_samples=2|eps=3.0",200,3.0,2,1,0,0.0,0,0,3,false,false,""
case.lis,6,T_OPO,A,1.827019320713189,0.03359,205863.056,SRPI,200,srpi-200,112677.0,absolute_phase_to_ground_maximum,2.1517703848351477,rejected,non_applicable,,Gaussian adequacy status: rejected.,1.7540467575459056,0.052284552304374454,0.9413726183469846,3.5,false,applicable,,1,0.4038016400819319,1.7893062664422041,false,applicable,,kmeans,scenario=SRPI|source_lineage=srpi-200|terminal=T_OPO|phase=A,value_pu,standard_scaler_fit_on_calibration_group,calibration_distance_percentile_99,42,2,all_observations,"kmeans|feature=value_pu|groups=scenario,source_lineage,terminal,phase|scale=standard|clusters=2|seed=42|threshold=p99",200,0,0.001099819722432338,3.0,false,applicable,,dbscan,scenario=SRPI|source_lineage=srpi-200|terminal=T_OPO|phase=A,value_pu,standard_scaler_fit_on_calibration_group,explicit_effective_eps,explicit_effective_eps,all_observations,"dbscan|feature=value_pu|groups=scenario,source_lineage,terminal,phase|scale=standard|min_samples=2|eps=3.0",200,3.0,2,1,0,0.0,0,0,3,false,false,""
case.lis,7,T_MAN,A,1.1457277882797732,0.04172,-129097.17,SRPI,200,srpi-200,112677.0,absolute_phase_to_ground_maximum,1.6579768140784057,rejected,non_applicable,,Gaussian adequacy status: rejected.,1.2431039608793277,0.06948989589712162,-0.9451623071785983,3.5,false,applicable,,0,0.5709975907586794,1.4646167600081432,false,applicable,,kmeans,scenario=SRPI|source_lineage=srpi-200|terminal=T_MAN|phase=A,value_pu,standard_scaler_fit_on_calibration_group,calibration_distance_percentile_99,42,2,all_observations,"kmeans|feature=value_pu|groups=scenario,source_lineage,terminal,phase|scale=standard|clusters=2|seed=42|threshold=p99",200,0,0.015252530805695219,3.0,false,applicable,,dbscan,scenario=SRPI|source_lineage=srpi-200|terminal=T_MAN|phase=A,value_pu,standard_scaler_fit_on_calibration_group,explicit_effective_eps,explicit_effective_eps,all_observations,"dbscan|feature=value_pu|groups=scenario,source_lineage,terminal,phase|scale=standard|min_samples=2|eps=3.0",200,3.0,2,1,0,0.0,0,0,3,false,false,""
case.lis,7,1_2LT,A,1.3498750410465312,0.04178,-152099.87,SRPI,200,srpi-200,112677.0,absolute_phase_to_ground_maximum,2.4232717330313314,rejected,non_applicable,,Gaussian adequacy status: rejected.,1.7070286305102194,0.18248979827293954,-1.3200542584780652,3.5,false,applicable,,0,0.30407893737484226,1.2079243785947944,false,applicable,,kmeans,scenario=SRPI|source_lineage=srpi-200|terminal=1_2LT|phase=A,value_pu,standard_scaler_fit_on_calibration_group,calibration_distance_percentile_99,42,2,all_observations,"kmeans|feature=value_pu|groups=scenario,source_lineage,terminal,phase|scale=standard|clusters=2|seed=42|threshold=p99",200,0,0.012177735517298949,3.0,false,applicable,,dbscan,scenario=SRPI|source_lineage=srpi-200|terminal=1_2LT|phase=A,value_pu,standard_scaler_fit_on_calibration_group,explicit_effective_eps,explicit_effective_eps,all_observations,"dbscan|feature=value_pu|groups=scenario,source_lineage,terminal,phase|scale=standard|min_samples=2|eps=3.0",200,3.0,2,1,0,0.0,0,0,3,false,false,""
case.lis,7,T_OPO,A,1.4852563522280502,0.04196,-167354.23,SRPI,200,srpi-200,112677.0,absolute_phase_to_ground_maximum,2.1517703848351477,rejected,non_applicable,,Gaussian adequacy status: rejected.,1.7540467575459056,0.052284552304374454,-3.4674940369103138,3.5,false,applicable,,0,0.2774164150713807,1.7893062664422041,false,applicable,,kmeans,scenario=SRPI|source_lineage=srpi-200|terminal=T_OPO|phase=A,value_pu,standard_scaler_fit_on_calibration_group,calibration_distance_percentile_99,42,2,all_observations,"kmeans|feature=value_pu|groups=scenario,source_lineage,terminal,phase|scale=standard|clusters=2|seed=42|threshold=p99",200,0,0.049182228386222215,3.0,false,applicable,,dbscan,scenario=SRPI|source_lineage=srpi-200|terminal=T_OPO|phase=A,value_pu,standard_scaler_fit_on_calibration_group,explicit_effective_eps,explicit_effective_eps,all_observations,"dbscan|feature=value_pu|groups=scenario,source_lineage,terminal,phase|scale=standard|min_samples=2|eps=3.0",200,3.0,2,1,0,0.0,0,0,3,false,false,""
case.lis,8,T_MAN,A,1.1247334416074266,0.04126,-126731.59,SRPI,200,srpi-200,112677.0,absolute_phase_to_ground_maximum,1.6579768140784057,rejected,non_applicable,,Gaussian adequacy status: rejected.,1.2431039608793277,0.06948989589712162,-1.1489397263234662,3.5,false,applicable,,0,0.7378218379144158,1.4646167600081432,false,applicable,,kmeans,scenario=SRPI|source_lineage=srpi-200|terminal=T_MAN|phase=A,value_pu,standard_scaler_fit_on_calibration_group,calibration_distance_percentile_99,42,2,all_observations,"kmeans|feature=value_pu|groups=scenario,source_lineage,terminal,phase|scale=standard|clusters=2|seed=42|threshold=p99",200,0,0.006695663704547217,3.0,false,applicable,,dbscan,scenario=SRPI|source_lineage=srpi-200|terminal=T_MAN|phase=A,value_pu,standard_scaler_fit_on_calibration_group,explicit_effective_eps,explicit_effective_eps,all_observations,"dbscan|feature=value_pu|groups=scenario,source_lineage,terminal,phase|scale=standard|min_samples=2|eps=3.0",200,3.0,2,1,0,0.0,0,0,3,false,false,""
case.lis,8,1_2LT,A,1.1055508222618635,0.04125,-124570.15,SRPI,200,srpi-200,112677.0,absolute_phase_to_ground_maximum,2.4232717330313314,rejected,non_applicable,,Gaussian adequacy status: rejected.,1.7070286305102194,0.18248979827293954,-2.22308655318448,3.5,false,applicable,,0,1.2889775801824996,1.2079243785947944,true,applicable,Distance exceeds calibrated threshold.,kmeans,scenario=SRPI|source_lineage=srpi-200|terminal=1_2LT|phase=A,value_pu,standard_scaler_fit_on_calibration_group,calibration_distance_percentile_99,42,2,all_observations,"kmeans|feature=value_pu|groups=scenario,source_lineage,terminal,phase|scale=standard|clusters=2|seed=42|threshold=p99",200,0,0.11306272021115626,3.0,false,applicable,,dbscan,scenario=SRPI|source_lineage=srpi-200|terminal=1_2LT|phase=A,value_pu,standard_scaler_fit_on_calibration_group,explicit_effective_eps,explicit_effective_eps,all_observations,"dbscan|feature=value_pu|groups=scenario,source_lineage,terminal,phase|scale=standard|min_samples=2|eps=3.0",200,3.0,2,1,0,0.0,0,1,3,true,true,kmeans_distance
case.lis,8,T_OPO,A,1.1736912590857052,0.04101,-132248.01,SRPI,200,srpi-200,112677.0,absolute_phase_to_ground_maximum,2.1517703848351477,rejected,non_applicable,,Gaussian adequacy status: rejected.,1.7540467575459056,0.052284552304374454,-7.486797111746378,3.5,true,applicable,,0,1.7893062664422041,1.7893062664422041,false,applicable,,kmeans,scenario=SRPI|source_lineage=srpi-200|terminal=T_OPO|phase=A,value_pu,standard_scaler_fit_on_calibration_group,calibration_distance_percentile_99,42,2,all_observations,"kmeans|feature=value_pu|groups=scenario,source_lineage,terminal,phase|scale=standard|clusters=2|seed=42|threshold=p99",200,0,0.14701743886251117,3.0,false,applicable,,dbscan,scenario=SRPI|source_lineage=srpi-200|terminal=T_OPO|phase=A,value_pu,standard_scaler_fit_on_calibration_group,explicit_effective_eps,explicit_effective_eps,all_observations,"dbscan|feature=value_pu|groups=scenario,source_lineage,terminal,phase|scale=standard|min_samples=2|eps=3.0",200,3.0,2,1,0,0.0,0,1,3,true,true,mad_modified_z
case.lis,9,T_MAN,A,1.1873225236738643,0.02452,-133783.94,SRPI,200,srpi-200,112677.0,absolute_phase_to_ground_maximum,1.6579768140784057,rejected,non_applicable,,Gaussian adequacy status: rejected.,1.2431039608793277,0.06948989589712162,-0.5414313427954051,3.5,false,applicable,,0,0.24047954577939656,1.4646167600081432,false,applicable,,kmeans,scenario=SRPI|source_lineage=srpi-200|terminal=T_MAN|phase=A,value_pu,standard_scaler_fit_on_calibration_group,calibration_distance_percentile_99,42,2,all_observations,"kmeans|feature=value_pu|groups=scenario,source_lineage,terminal,phase|scale=standard|clusters=2|seed=42|threshold=p99",200,0,0.006507864953215425,3.0,false,applicable,,dbscan,scenario=SRPI|source_lineage=srpi-200|terminal=T_MAN|phase=A,value_pu,standard_scaler_fit_on_calibration_group,explicit_effective_eps,explicit_effective_eps,all_observations,"dbscan|feature=value_pu|groups=scenario,source_lineage,terminal,phase|scale=standard|min_samples=2|eps=3.0",200,3.0,2,1,0,0.0,0,0,3,false,false,""
case.lis,9,1_2LT,A,1.1826818250397153,0.02402,-133261.04,SRPI,200,srpi-200,112677.0,absolute_phase_to_ground_maximum,2.4232717330313314,rejected,non_applicable,,Gaussian adequacy status: rejected.,1.7070286305102194,0.18248979827293954,-1.9380072156633925,3.5,false,applicable,,0,0.9780537580081134,1.2079243785947944,false,applicable,,kmeans,scenario=SRPI|source_lineage=srpi-200|terminal=1_2LT|phase=A,value_pu,standard_scaler_fit_on_calibration_group,calibration_distance_percentile_99,42,2,all_observations,"kmeans|feature=value_pu|groups=scenario,source_lineage,terminal,phase|scale=standard|clusters=2|seed=42|threshold=p99",200,0,0.03162869771771715,3.0,false,applicable,,dbscan,scenario=SRPI|source_lineage=srpi-200|terminal=1_2LT|phase=A,value_pu,standard_scaler_fit_on_calibration_group,explicit_effective_eps,explicit_effective_eps,all_observations,"dbscan|feature=value_pu|groups=scenario,source_lineage,terminal,phase|scale=standard|min_samples=2|eps=3.0",200,3.0,2,1,0,0.0,0,0,3,false,false,""
case.lis,9,T_OPO,A,1.2708857175821153,0.02421,-143199.59,SRPI,200,srpi-200,112677.0,absolute_phase_to_ground_maximum,2.1517703848351477,rejected,non_applicable,,Gaussian adequacy status: rejected.,1.7540467575459056,0.052284552304374454,-6.232953229713132,3.5,true,applicable,,0,1.1445806655540833,1.7893062664422041,false,applicable,,kmeans,scenario=SRPI|source_lineage=srpi-200|terminal=T_OPO|phase=A,value_pu,standard_scaler_fit_on_calibration_group,calibration_distance_percentile_99,42,2,all_observations,"kmeans|feature=value_pu|groups=scenario,source_lineage,terminal,phase|scale=standard|clusters=2|seed=42|threshold=p99",200,0,0.00006358020020513777,3.0,false,applicable,,dbscan,scenario=SRPI|source_lineage=srpi-200|terminal=T_OPO|phase=A,value_pu,standard_scaler_fit_on_calibration_group,explicit_effective_eps,explicit_effective_eps,all_observations,"dbscan|feature=value_pu|groups=scenario,source_lineage,terminal,phase|scale=standard|min_samples=2|eps=3.0",200,3.0,2,1,0,0.0,0,1,3,true,true,mad_modified_z
case.lis,10,T_MAN,A,1.3263566655129264,0.02512,-149449.89,SRPI,200,srpi-200,112677.0,absolute_phase_to_ground_maximum,1.6579768140784057,rejected,non_applicable,,Gaussian adequacy status: rejected.,1.2431039608793277,0.06948989589712162,0.8080756954161749,3.5,false,applicable,,0,0.864306728508268,1.4646167600081432,false,applicable,,kmeans,scenario=SRPI|source_lineage=srpi-200|terminal=T_MAN|phase=A,value_pu,standard_scaler_fit_on_calibration_group,calibration_distance_percentile_99,42,2,all_observations,"kmeans|feature=value_pu|groups=scenario,source_lineage,terminal,phase|scale=standard|clusters=2|seed=42|threshold=p99",200,0,0.001360077626056777,3.0,false,applicable,,dbscan,scenario=SRPI|source_lineage=srpi-200|terminal=T_MAN|phase=A,value_pu,standard_scaler_fit_on_calibration_group,explicit_effective_eps,explicit_effective_eps,all_observations,"dbscan|feature=value_pu|groups=scenario,source_lineage,terminal,phase|scale=standard|min_samples=2|eps=3.0",200,3.0,2,1,0,0.0,0,0,3,false,false,""
case.lis,10,1_2LT,A,1.9239727717280368,0.02507,-216787.48,SRPI,200,srpi-200,112677.0,absolute_phase_to_ground_maximum,2.4232717330313314,rejected,non_applicable,,Gaussian adequacy status: rejected.,1.7070286305102194,0.18248979827293954,0.8018344093824733,3.5,false,applicable,,1,0.2744875531446679,1.2079243785947944,false,applicable,,kmeans,scenario=SRPI|source_lineage=srpi-200|terminal=1_2LT|phase=A,value_pu,standard_scaler_fit_on_calibration_group,calibration_distance_percentile_99,42,2,all_observations,"kmeans|feature=value_pu|groups=scenario,source_lineage,terminal,phase|scale=standard|clusters=2|seed=42|threshold=p99",200,0,0.003805117511148537,3.0,false,applicable,,dbscan,scenario=SRPI|source_lineage=srpi-200|terminal=1_2LT|phase=A,value_pu,standard_scaler_fit_on_calibration_group,explicit_effective_eps,explicit_effective_eps,all_observations,"dbscan|feature=value_pu|groups=scenario,source_lineage,terminal,phase|scale=standard|min_samples=2|eps=3.0",200,3.0,2,1,0,0.0,0,0,3,false,false,""
case.lis,10,T_OPO,A,1.797045714742139,0.02522,-202485.72,SRPI,200,srpi-200,112677.0,absolute_phase_to_ground_maximum,2.1517703848351477,rejected,non_applicable,,Gaussian adequacy status: rejected.,1.7540467575459056,0.052284552304374454,0.5547021944290993,3.5,false,applicable,,1,0.20497599282362927,1.7893062664422041,false,applicable,,kmeans,scenario=SRPI|source_lineage=srpi-200|terminal=T_OPO|phase=A,value_pu,standard_scaler_fit_on_calibration_group,calibration_distance_percentile_99,42,2,all_observations,"kmeans|feature=value_pu|groups=scenario,source_lineage,terminal,phase|scale=standard|clusters=2|seed=42|threshold=p99",200,0,0.0033391379218685735,3.0,false,applicable,,dbscan,scenario=SRPI|source_lineage=srpi-200|terminal=T_OPO|phase=A,value_pu,standard_scaler_fit_on_calibration_group,explicit_effective_eps,explicit_effective_eps,all_observations,"dbscan|feature=value_pu|groups=scenario,source_lineage,terminal,phase|scale=standard|min_samples=2|eps=3.0",200,3.0,2,1,0,0.0,0,0,3,false,false,""
case.lis,11,T_MAN,A,1.123742289908322,0.04146,-126619.91,SRPI,200,srpi-200,112677.0,absolute_phase_to_ground_maximum,1.6579768140784057,rejected,non_applicable,,Gaussian adequacy status: rejected.,1.2431039608793277,0.06948989589712162,-1.158560141684646,3.5,false,applicable,,0,0.7456976789015536,1.4646167600081432,false,applicable,,kmeans,scenario=SRPI|source_lineage=srpi-200|terminal=T_MAN|phase=A,value_pu,standard_scaler_fit_on_calibration_group,calibration_distance_percentile_99,42,2,all_observations,"kmeans|feature=value_pu|groups=scenario,source_lineage,terminal,phase|scale=standard|clusters=2|seed=42|threshold=p99",200,0,0.007875840987137783,3.0,false,applicable,,dbscan,scenario=SRPI|source_lineage=srpi-200|terminal=T_MAN|phase=A,value_pu,standard_scaler_fit_on_calibration_group,explicit_effective_eps,explicit_effective_eps,all_observations,"dbscan|feature=value_pu|groups=scenario,source_lineage,terminal,phase|scale=standard|min_samples=2|eps=3.0",200,3.0,2,1,0,0.0,0,0,3,false,false,""
case.lis,11,1_2LT,A,1.2979752744570763,0.04248,-146251.96,SRPI,200,srpi-200,112677.0,absolute_phase_to_ground_maximum,2.4232717330313314,rejected,non_applicable,,Gaussian adequacy status: rejected.,1.7070286305102194,0.18248979827293954,-1.5118779162027571,3.5,false,applicable,,0,0.5132927841651962,1.2079243785947944,false,applicable,,kmeans,scenario=SRPI|source_lineage=srpi-200|terminal=1_2LT|phase=A,value_pu,standard_scaler_fit_on_calibration_group,calibration_distance_percentile_99,42,2,all_observations,"kmeans|feature=value_pu|groups=scenario,source_lineage,terminal,phase|scale=standard|clusters=2|seed=42|threshold=p99",200,0,0.0024361552926075447,3.0,false,applicable,,dbscan,scenario=SRPI|source_lineage=srpi-200|terminal=1_2LT|phase=A,value_pu,standard_scaler_fit_on_calibration_group,explicit_effective_eps,explicit_effective_eps,all_observations,"dbscan|feature=value_pu|groups=scenario,source_lineage,terminal,phase|scale=standard|min_samples=2|eps=3.0",200,3.0,2,1,0,0.0,0,0,3,false,false,""
case.lis,11,T_OPO,A,1.3139977102691767,0.04238,-148057.32,SRPI,200,srpi-200,112677.0,absolute_phase_to_ground_maximum,2.1517703848351477,rejected,non_applicable,,Gaussian adequacy status: rejected.,1.7540467575459056,0.052284552304374454,-5.676792836320638,3.5,true,applicable,,0,0.858603400793907,1.7893062664422041,false,applicable,,kmeans,scenario=SRPI|source_lineage=srpi-200|terminal=T_OPO|phase=A,value_pu,standard_scaler_fit_on_calibration_group,calibration_distance_percentile_99,42,2,all_observations,"kmeans|feature=value_pu|groups=scenario,source_lineage,terminal,phase|scale=standard|clusters=2|seed=42|threshold=p99",200,0,0.09729124654120591,3.0,false,applicable,,dbscan,scenario=SRPI|source_lineage=srpi-200|terminal=T_OPO|phase=A,value_pu,standard_scaler_fit_on_calibration_group,explicit_effective_eps,explicit_effective_eps,all_observations,"dbscan|feature=value_pu|groups=scenario,source_lineage,terminal,phase|scale=standard|min_samples=2|eps=3.0",200,3.0,2,1,0,0.0,0,1,3,true,true,mad_modified_z
case.lis,12,T_MAN,A,1.3063513139327458,0.03287,147195.747,SRPI,200,srpi-200,112677.0,absolute_phase_to_ground_maximum,1.6579768140784057,rejected,non_applicable,,Gaussian adequacy status: rejected.,1.2431039608793277,0.06948989589712162,0.6138977589593769,3.5,false,applicable,,0,0.7053411856154574,1.4646167600081432,false,applicable,,kmeans,scenario=SRPI|source_lineage=srpi-200|terminal=T_MAN|phase=A,value_pu,standard_scaler_fit_on_calibration_group,calibration_distance_percentile_99,42,2,all_observations,"kmeans|feature=value_pu|groups=scenario,source_lineage,terminal,phase|scale=standard|clusters=2|seed=42|threshold=p99",200,0,0.016193358121323387,3.0,false,applicable,,dbscan,scenario=SRPI|source_lineage=srpi-200|terminal=T_MAN|phase=A,value_pu,standard_scaler_fit_on_calibration_group,explicit_effective_eps,explicit_effective_eps,all_observations,"dbscan|feature=value_pu|groups=scenario,source_lineage,terminal,phase|scale=standard|min_samples=2|eps=3.0",200,3.0,2,1,0,0.0,0,0,3,false,false,""
case.lis,12,1_2LT,A,1.909970331123477,0.03283,215209.727,SRPI,200,srpi-200,112677.0,absolute_phase_to_ground_maximum,2.4232717330313314,rejected,non_applicable,,Gaussian adequacy status: rejected.,1.7070286305102194,0.18248979827293954,0.7500808168261409,3.5,false,applicable,,1,0.2180421265879977,1.2079243785947944,false,applicable,,kmeans,scenario=SRPI|source_lineage=srpi-200|terminal=1_2LT|phase=A,value_pu,standard_scaler_fit_on_calibration_group,calibration_distance_percentile_99,42,2,all_observations,"kmeans|feature=value_pu|groups=scenario,source_lineage,terminal,phase|scale=standard|clusters=2|seed=42|threshold=p99",200,0,0.0005678697842645963,3.0,false,applicable,,dbscan,scenario=SRPI|source_lineage=srpi-200|terminal=1_2LT|phase=A,value_pu,standard_scaler_fit_on_calibration_group,explicit_effective_eps,explicit_effective_eps,all_observations,"dbscan|feature=value_pu|groups=scenario,source_lineage,terminal,phase|scale=standard|min_samples=2|eps=3.0",200,3.0,2,1,0,0.0,0,0,3,false,false,""
case.lis,12,T_OPO,A,1.7837633767317198,0.03297,200989.106,SRPI,200,srpi-200,112677.0,absolute_phase_to_ground_maximum,2.1517703848351477,rejected,non_applicable,,Gaussian adequacy status: rejected.,1.7540467575459056,0.052284552304374454,0.3833552008751728,3.5,false,applicable,,1,0.1168694949075681,1.7893062664422041,false,applicable,,kmeans,scenario=SRPI|source_lineage=srpi-200|terminal=T_OPO|phase=A,value_pu,standard_scaler_fit_on_calibration_group,calibration_distance_percentile_99,42,2,all_observations,"kmeans|feature=value_pu|groups=scenario,source_lineage,terminal,phase|scale=standard|clusters=2|seed=42|threshold=p99",200,0,0.007312488340778023,3.0,false,applicable,,dbscan,scenario=SRPI|source_lineage=srpi-200|terminal=T_OPO|phase=A,value_pu,standard_scaler_fit_on_calibration_group,explicit_effective_eps,explicit_effective_eps,all_observations,"dbscan|feature=value_pu|groups=scenario,source_lineage,terminal,phase|scale=standard|min_samples=2|eps=3.0",200,3.0,2,1,0,0.0,0,0,3,false,false,""
case.lis,13,T_MAN,A,1.379831287662966,0.0248,-155475.25,SRPI,200,srpi-200,112677.0,absolute_phase_to_ground_maximum,1.6579768140784057,rejected,non_applicable,,Gaussian adequacy status: rejected.,1.2431039608793277,0.06948989589712162,1.3271164001138487,3.5,false,applicable,,1,0.6397257942088751,1.4646167600081432,false,applicable,,kmeans,scenario=SRPI|source_lineage=srpi-200|terminal=T_MAN|phase=A,value_pu,standard_scaler_fit_on_calibration_group,calibration_distance_percentile_99,42,2,all_observations,"kmeans|feature=value_pu|groups=scenario,source_lineage,terminal,phase|scale=standard|clusters=2|seed=42|threshold=p99",200,0,0.013385262560196343,3.0,false,applicable,,dbscan,scenario=SRPI|source_lineage=srpi-200|terminal=T_MAN|phase=A,value_pu,standard_scaler_fit_on_calibration_group,explicit_effective_eps,explicit_effective_eps,all_observations,"dbscan|feature=value_pu|groups=scenario,source_lineage,terminal,phase|scale=standard|min_samples=2|eps=3.0",200,3.0,2,1,0,0.0,0,0,3,false,false,""
case.lis,13,1_2LT,A,1.9228372249882406,0.02475,-216659.53,SRPI,200,srpi-200,112677.0,absolute_phase_to_ground_maximum,2.4232717330313314,rejected,non_applicable,,Gaussian adequacy status: rejected.,1.7070286305102194,0.18248979827293954,0.7976373822384376,3.5,false,applicable,,1,0.26991003541665404,1.2079243785947944,false,applicable,,kmeans,scenario=SRPI|source_lineage=srpi-200|terminal=1_2LT|phase=A,value_pu,standard_scaler_fit_on_calibration_group,calibration_distance_percentile_99,42,2,all_observations,"kmeans|feature=value_pu|groups=scenario,source_lineage,terminal,phase|scale=standard|clusters=2|seed=42|threshold=p99",200,0,0.0005137409501709822,3.0,false,applicable,,dbscan,scenario=SRPI|source_lineage=srpi-200|terminal=1_2LT|phase=A,value_pu,standard_scaler_fit_on_calibration_group,explicit_effective_eps,explicit_effective_eps,all_observations,"dbscan|feature=value_pu|groups=scenario,source_lineage,terminal,phase|scale=standard|min_samples=2|eps=3.0",200,3.0,2,1,0,0.0,0,0,3,false,false,""
case.lis,13,T_OPO,A,1.7946831207788636,0.02473,-202219.51,SRPI,200,srpi-200,112677.0,absolute_phase_to_ground_maximum,2.1517703848351477,rejected,non_applicable,,Gaussian adequacy status: rejected.,1.7540467575459056,0.052284552304374454,0.5242238725946194,3.5,false,applicable,,1,0.18930406217869794,1.7893062664422041,false,applicable,,kmeans,scenario=SRPI|source_lineage=srpi-200|terminal=T_OPO|phase=A,value_pu,standard_scaler_fit_on_calibration_group,calibration_distance_percentile_99,42,2,all_observations,"kmeans|feature=value_pu|groups=scenario,source_lineage,terminal,phase|scale=standard|clusters=2|seed=42|threshold=p99",200,0,0.00002884657231472243,3.0,false,applicable,,dbscan,scenario=SRPI|source_lineage=srpi-200|terminal=T_OPO|phase=A,value_pu,standard_scaler_fit_on_calibration_group,explicit_effective_eps,explicit_effective_eps,all_observations,"dbscan|feature=value_pu|groups=scenario,source_lineage,terminal,phase|scale=standard|min_samples=2|eps=3.0",200,3.0,2,1,0,0.0,0,0,3,false,false,""
case.lis,14,T_MAN,A,1.2139709967429022,0.0271,-136786.61,SRPI,200,srpi-200,112677.0,absolute_phase_to_ground_maximum,1.6579768140784057,rejected,non_applicable,,Gaussian adequacy status: rejected.,1.2431039608793277,0.06948989589712162,-0.2827732787503425,3.5,false,applicable,,0,0.02872675694658855,1.4646167600081432,false,applicable,,kmeans,scenario=SRPI|source_lineage=srpi-200|terminal=T_MAN|phase=A,value_pu,standard_scaler_fit_on_calibration_group,calibration_distance_percentile_99,42,2,all_observations,"kmeans|feature=value_pu|groups=scenario,source_lineage,terminal,phase|scale=standard|clusters=2|seed=42|threshold=p99",200,0,0.013084558889268294,3.0,false,applicable,,dbscan,scenario=SRPI|source_lineage=srpi-200|terminal=T_MAN|phase=A,value_pu,standard_scaler_fit_on_calibration_group,explicit_effective_eps,explicit_effective_eps,all_observations,"dbscan|feature=value_pu|groups=scenario,source_lineage,terminal,phase|scale=standard|min_samples=2|eps=3.0",200,3.0,2,1,0,0.0,0,0,3,false,false,""
case.lis,14,1_2LT,A,1.8495603361821844,0.02722,-208402.91,SRPI,200,srpi-200,112677.0,absolute_phase_to_ground_maximum,2.4232717330313314,rejected,non_applicable,,Gaussian adequacy status: rejected.,1.7070286305102194,0.18248979827293954,0.5268030074202821,3.5,false,applicable,,1,0.02547741611494736,1.2079243785947944,false,applicable,,kmeans,scenario=SRPI|source_lineage=srpi-200|terminal=1_2LT|phase=A,value_pu,standard_scaler_fit_on_calibration_group,calibration_distance_percentile_99,42,2,all_observations,"kmeans|feature=value_pu|groups=scenario,source_lineage,terminal,phase|scale=standard|clusters=2|seed=42|threshold=p99",200,0,0.02462128546772835,3.0,false,applicable,,dbscan,scenario=SRPI|source_lineage=srpi-200|terminal=1_2LT|phase=A,value_pu,standard_scaler_fit_on_calibration_group,explicit_effective_eps,explicit_effective_eps,all_observations,"dbscan|feature=value_pu|groups=scenario,source_lineage,terminal,phase|scale=standard|min_samples=2|eps=3.0",200,3.0,2,1,0,0.0,0,0,3,false,false,""
case.lis,14,T_OPO,A,1.7603276622558286,0.02735,-198348.44,SRPI,200,srpi-200,112677.0,absolute_phase_to_ground_maximum,2.1517703848351477,rejected,non_applicable,,Gaussian adequacy status: rejected.,1.7540467575459056,0.052284552304374454,0.08102595627364567,3.5,false,applicable,,1,0.03858798004991065,1.7893062664422041,false,applicable,,kmeans,scenario=SRPI|source_lineage=srpi-200|terminal=T_OPO|phase=A,value_pu,standard_scaler_fit_on_calibration_group,calibration_distance_percentile_99,42,2,all_observations,"kmeans|feature=value_pu|groups=scenario,source_lineage,terminal,phase|scale=standard|clusters=2|seed=42|threshold=p99",200,0,0.004259873413722137,3.0,false,applicable,,dbscan,scenario=SRPI|source_lineage=srpi-200|terminal=T_OPO|phase=A,value_pu,standard_scaler_fit_on_calibration_group,explicit_effective_eps,explicit_effective_eps,all_observations,"dbscan|feature=value_pu|groups=scenario,source_lineage,terminal,phase|scale=standard|min_samples=2|eps=3.0",200,3.0,2,1,0,0.0,0,0,3,false,false,""
case.lis,15,T_MAN,A,1.4425735509465107,0.02394,-162544.86,SRPI,200,srpi-200,112677.0,absolute_phase_to_ground_maximum,1.6579768140784057,rejected,non_applicable,,Gaussian adequacy status: rejected.,1.2431039608793277,0.06948989589712162,1.9361116064314317,3.5,false,applicable,,1,0.14116630100439087,1.4646167600081432,false,applicable,,kmeans,scenario=SRPI|source_lineage=srpi-200|terminal=T_MAN|phase=A,value_pu,standard_scaler_fit_on_calibration_group,calibration_distance_percentile_99,42,2,all_observations,"kmeans|feature=value_pu|groups=scenario,source_lineage,terminal,phase|scale=standard|clusters=2|seed=42|threshold=p99",200,0,0.011462564416630405,3.0,false,applicable,,dbscan,scenario=SRPI|source_lineage=srpi-200|terminal=T_MAN|phase=A,value_pu,standard_scaler_fit_on_calibration_group,explicit_effective_eps,explicit_effective_eps,all_observations,"dbscan|feature=value_pu|groups=scenario,source_lineage,terminal,phase|scale=standard|min_samples=2|eps=3.0",200,3.0,2,1,0,0.0,0,0,3,false,false,""
case.lis,15,1_2LT,A,2.0014064094713206,0.02398,-225512.47,SRPI,200,srpi-200,112677.0,absolute_phase_to_ground_maximum,2.4232717330313314,rejected,non_applicable,,Gaussian adequacy status: rejected.,1.7070286305102194,0.18248979827293954,1.0880322981002124,3.5,false,applicable,,1,0.5866313311965468,1.2079243785947944,false,applicable,,kmeans,scenario=SRPI|source_lineage=srpi-200|terminal=1_2LT|phase=A,value_pu,standard_scaler_fit_on_calibration_group,calibration_distance_percentile_99,42,2,all_observations,"kmeans|feature=value_pu|groups=scenario,source_lineage,terminal,phase|scale=standard|clusters=2|seed=42|threshold=p99",200,0,0.016876175558097062,3.0,false,applicable,,dbscan,scenario=SRPI|source_lineage=srpi-200|terminal=1_2LT|phase=A,value_pu,standard_scaler_fit_on_calibration_group,explicit_effective_eps,explicit_effective_eps,all_observations,"dbscan|feature=value_pu|groups=scenario,source_lineage,terminal,phase|scale=standard|min_samples=2|eps=3.0",200,3.0,2,1,0,0.0,0,0,3,false,false,""
case.lis,15,T_OPO,A,1.805097934804796,0.02417,-203393.02,SRPI,200,srpi-200,112677.0,absolute_phase_to_ground_maximum,2.1517703848351477,rejected,non_applicable,,Gaussian adequacy status: rejected.,1.7540467575459056,0.052284552304374454,0.6585787633048922,3.5,false,applicable,,1,0.25838924805125746,1.7893062664422041,false,applicable,,kmeans,scenario=SRPI|source_lineage=srpi-200|terminal=T_OPO|phase=A,value_pu,standard_scaler_fit_on_calibration_group,calibration_distance_percentile_99,42,2,all_observations,"kmeans|feature=value_pu|groups=scenario,source_lineage,terminal,phase|scale=standard|clusters=2|seed=42|threshold=p99",200,0,0.00224179076277764,3.0,false,applicable,,dbscan,scenario=SRPI|source_lineage=srpi-200|terminal=T_OPO|phase=A,value_pu,standard_scaler_fit_on_calibration_group,explicit_effective_eps,explicit_effective_eps,all_observations,"dbscan|feature=value_pu|groups=scenario,source_lineage,terminal,phase|scale=standard|min_samples=2|eps=3.0",200,3.0,2,1,0,0.0,0,0,3,false,false,""
case.lis,16,T_MAN,A,1.2086161328398874,0.02513,-136183.24,SRPI,200,srpi-200,112677.0,absolute_phase_to_ground_maximum,1.6579768140784057,rejected,non_applicable,,Gaussian adequacy status: rejected.,1.2431039608793277,0.06948989589712162,-0.33474919222164257,3.5,false,applicable,,0,0.07127731368377599,1.4646167600081432,false,applicable,,kmeans,scenario=SRPI|source_lineage=srpi-200|terminal=T_MAN|phase=A,value_pu,standard_scaler_fit_on_calibration_group,calibration_distance_percentile_99,42,2,all_observations,"kmeans|feature=value_pu|groups=scenario,source_lineage,terminal,phase|scale=standard|clusters=2|seed=42|threshold=p99",200,0,0.00011706568802571926,3.0,false,applicable,,dbscan,scenario=SRPI|source_lineage=srpi-200|terminal=T_MAN|phase=A,value_pu,standard_scaler_fit_on_calibration_group,explicit_effective_eps,explicit_effective_eps,all_observations,"dbscan|feature=value_pu|groups=scenario,source_lineage,terminal,phase|scale=standard|min_samples=2|eps=3.0",200,3.0,2,1,0,0.0,0,0,3,false,false,""
case.lis,16,1_2LT,A,1.286599128482299,0.025,-144970.13,SRPI,200,srpi-200,112677.0,absolute_phase_to_ground_maximum,2.4232717330313314,rejected,non_applicable,,Gaussian adequacy status: rejected.,1.7070286305102194,0.18248979827293954,-1.5539246165078637,3.5,false,applicable,,0,0.5591513191343174,1.2079243785947944,false,applicable,,kmeans,scenario=SRPI|source_lineage=srpi-200|terminal=1_2LT|phase=A,value_pu,standard_scaler_fit_on_calibration_group,calibration_distance_percentile_99,42,2,all_observations,"kmeans|feature=value_pu|groups=scenario,source_lineage,terminal,phase|scale=standard|clusters=2|seed=42|threshold=p99",200,0,0.0018135127092666625,3.0,false,applicable,,dbscan,scenario=SRPI|source_lineage=srpi-200|terminal=1_2LT|phase=A,value_pu,standard_scaler_fit_on_calibration_group,explicit_effective_eps,explicit_effective_eps,all_observations,"dbscan|feature=value_pu|groups=scenario,source_lineage,terminal,phase|scale=standard|min_samples=2|eps=3.0",200,3.0,2,1,0,0.0,0,0,3,false,false,""
case.lis,16,T_OPO,A,1.4676364297949005,0.02634,-165368.87,SRPI,200,srpi-200,112677.0,absolute_phase_to_ground_maximum,2.1517703848351477,rejected,non_applicable,,Gaussian adequacy status: rejected.,1.7540467575459056,0.052284552304374454,-3.6947974478915175,3.5,true,applicable,,0,0.16053716851707134,1.7893062664422041,false,applicable,,kmeans,scenario=SRPI|source_lineage=srpi-200|terminal=T_OPO|phase=A,value_pu,standard_scaler_fit_on_calibration_group,calibration_distance_percentile_99,42,2,all_observations,"kmeans|feature=value_pu|groups=scenario,source_lineage,terminal,phase|scale=standard|clusters=2|seed=42|threshold=p99",200,0,0.01791990281606215,3.0,false,applicable,,dbscan,scenario=SRPI|source_lineage=srpi-200|terminal=T_OPO|phase=A,value_pu,standard_scaler_fit_on_calibration_group,explicit_effective_eps,explicit_effective_eps,all_observations,"dbscan|feature=value_pu|groups=scenario,source_lineage,terminal,phase|scale=standard|min_samples=2|eps=3.0",200,3.0,2,1,0,0.0,0,1,3,true,true,mad_modified_z
case.lis,17,T_MAN,A,1.1639149959619088,0.02496,-131146.45,SRPI,200,srpi-200,112677.0,absolute_phase_to_ground_maximum,1.6579768140784057,rejected,non_applicable,,Gaussian adequacy status: rejected.,1.2431039608793277,0.06948989589712162,-0.7686318201499646,3.5,false,applicable,,0,0.4264792936766497,1.4646167600081432,false,applicable,,kmeans,scenario=SRPI|source_lineage=srpi-200|terminal=T_MAN|phase=A,value_pu,standard_scaler_fit_on_calibration_group,calibration_distance_percentile_99,42,2,all_observations,"kmeans|feature=value_pu|groups=scenario,source_lineage,terminal,phase|scale=standard|clusters=2|seed=42|threshold=p99",200,0,0.005572467792993585,3.0,false,applicable,,dbscan,scenario=SRPI|source_lineage=srpi-200|terminal=T_MAN|phase=A,value_pu,standard_scaler_fit_on_calibration_group,explicit_effective_eps,explicit_effective_eps,all_observations,"dbscan|feature=value_pu|groups=scenario,source_lineage,terminal,phase|scale=standard|min_samples=2|eps=3.0",200,3.0,2,1,0,0.0,0,0,3,false,false,""
case.lis,17,1_2LT,A,1.3468541050968699,0.02388,-151759.48,SRPI,200,srpi-200,112677.0,absolute_phase_to_ground_maximum,2.4232717330313314,rejected,non_applicable,,Gaussian adequacy status: rejected.,1.7070286305102194,0.18248979827293954,-1.331219761170977,3.5,false,applicable,,0,0.3162566728921412,1.2079243785947944,false,applicable,,kmeans,scenario=SRPI|source_lineage=srpi-200|terminal=1_2LT|phase=A,value_pu,standard_scaler_fit_on_calibration_group,calibration_distance_percentile_99,42,2,all_observations,"kmeans|feature=value_pu|groups=scenario,source_lineage,terminal,phase|scale=standard|clusters=2|seed=42|threshold=p99",200,0,0.012177735517298949,3.0,false,applicable,,dbscan,scenario=SRPI|source_lineage=srpi-200|terminal=1_2LT|phase=A,value_pu,standard_scaler_fit_on_calibration_group,explicit_effective_eps,explicit_effective_eps,all_observations,"dbscan|feature=value_pu|groups=scenario,source_lineage,terminal,phase|scale=standard|min_samples=2|eps=3.0",200,3.0,2,1,0,0.0,0,0,3,false,false,""
case.lis,17,T_OPO,A,1.547232531927545,0.0262,-174337.52,SRPI,200,srpi-200,112677.0,absolute_phase_to_ground_maximum,2.1517703848351477,rejected,non_applicable,,Gaussian adequacy status: rejected.,1.7540467575459056,0.052284552304374454,-2.667978766696891,3.5,false,applicable,,0,0.688526578301343,1.7893062664422041,false,applicable,,kmeans,scenario=SRPI|source_lineage=srpi-200|terminal=T_OPO|phase=A,value_pu,standard_scaler_fit_on_calibration_group,calibration_distance_percentile_99,42,2,all_observations,"kmeans|feature=value_pu|groups=scenario,source_lineage,terminal,phase|scale=standard|clusters=2|seed=42|threshold=p99",200,0,0.0037930299066644135,3.0,false,applicable,,dbscan,scenario=SRPI|source_lineage=srpi-200|terminal=T_OPO|phase=A,value_pu,standard_scaler_fit_on_calibration_group,explicit_effective_eps,explicit_effective_eps,all_observations,"dbscan|feature=value_pu|groups=scenario,source_lineage,terminal,phase|scale=standard|min_samples=2|eps=3.0",200,3.0,2,1,0,0.0,0,0,3,false,false,""
case.lis,18,T_MAN,A,1.4979539746354624,0.02538,-168784.96,SRPI,200,srpi-200,112677.0,absolute_phase_to_ground_maximum,1.6579768140784057,rejected,non_applicable,,Gaussian adequacy status: rejected.,1.2431039608793277,0.06948989589712162,2.47365059188358,3.5,false,applicable,,1,0.29889490372193994,1.4646167600081432,false,applicable,,kmeans,scenario=SRPI|source_lineage=srpi-200|terminal=T_MAN|phase=A,value_pu,standard_scaler_fit_on_calibration_group,calibration_distance_percentile_99,42,2,all_observations,"kmeans|feature=value_pu|groups=scenario,source_lineage,terminal,phase|scale=standard|clusters=2|seed=42|threshold=p99",200,0,0.011818697985621629,3.0,false,applicable,,dbscan,scenario=SRPI|source_lineage=srpi-200|terminal=T_MAN|phase=A,value_pu,standard_scaler_fit_on_calibration_group,explicit_effective_eps,explicit_effective_eps,all_observations,"dbscan|feature=value_pu|groups=scenario,source_lineage,terminal,phase|scale=standard|min_samples=2|eps=3.0",200,3.0,2,1,0,0.0,0,0,3,false,false,""
case.lis,18,1_2LT,A,1.9821688543358449,0.0255,-223344.84,SRPI,200,srpi-200,112677.0,absolute_phase_to_ground_maximum,2.4232717330313314,rejected,non_applicable,,Gaussian adequacy status: rejected.,1.7070286305102194,0.18248979827293954,1.016929508352461,3.5,false,applicable,,1,0.5090825640783501,1.2079243785947944,false,applicable,,kmeans,scenario=SRPI|source_lineage=srpi-200|terminal=1_2LT|phase=A,value_pu,standard_scaler_fit_on_calibration_group,calibration_distance_percentile_99,42,2,all_observations,"kmeans|feature=value_pu|groups=scenario,source_lineage,terminal,phase|scale=standard|clusters=2|seed=42|threshold=p99",200,0,0.006612375511006574,3.0,false,applicable,,dbscan,scenario=SRPI|source_lineage=srpi-200|terminal=1_2LT|phase=A,value_pu,standard_scaler_fit_on_calibration_group,explicit_effective_eps,explicit_effective_eps,all_observations,"dbscan|feature=value_pu|groups=scenario,source_lineage,terminal,phase|scale=standard|min_samples=2|eps=3.0",200,3.0,2,1,0,0.0,0,0,3,false,false,""
case.lis,18,T_OPO,A,1.8134855383086166,0.02565,-204338.11,SRPI,200,srpi-200,112677.0,absolute_phase_to_ground_maximum,2.1517703848351477,rejected,non_applicable,,Gaussian adequacy status: rejected.,1.7540467575459056,0.052284552304374454,0.766781900612093,3.5,false,applicable,,1,0.31402722158049706,1.7893062664422041,false,applicable,,kmeans,scenario=SRPI|source_lineage=srpi-200|terminal=T_OPO|phase=A,value_pu,standard_scaler_fit_on_calibration_group,calibration_distance_percentile_99,42,2,all_observations,"kmeans|feature=value_pu|groups=scenario,source_lineage,terminal,phase|scale=standard|clusters=2|seed=42|threshold=p99",200,0,0.0005965353413653895,3.0,false,applicable,,dbscan,scenario=SRPI|source_lineage=srpi-200|terminal=T_OPO|phase=A,value_pu,standard_scaler_fit_on_calibration_group,explicit_effective_eps,explicit_effective_eps,all_observations,"dbscan|feature=value_pu|groups=scenario,source_lineage,terminal,phase|scale=standard|min_samples=2|eps=3.0",200,3.0,2,1,0,0.0,0,0,3,false,false,""
case.lis,19,T_MAN,A,1.2715691756081544,0.04182,-143276.6,SRPI,200,srpi-200,112677.0,absolute_phase_to_ground_maximum,1.6579768140784057,rejected,non_applicable,,Gaussian adequacy status: rejected.,1.2431039608793277,0.06948989589712162,0.2762919029285725,3.5,false,applicable,,0,0.4289570651174562,1.4646167600081432,false,applicable,,kmeans,scenario=SRPI|source_lineage=srpi-200|terminal=T_MAN|phase=A,value_pu,standard_scaler_fit_on_calibration_group,calibration_distance_percentile_99,42,2,all_observations,"kmeans|feature=value_pu|groups=scenario,source_lineage,terminal,phase|scale=standard|clusters=2|seed=42|threshold=p99",200,0,0.0055376301725813745,3.0,false,applicable,,dbscan,scenario=SRPI|source_lineage=srpi-200|terminal=T_MAN|phase=A,value_pu,standard_scaler_fit_on_calibration_group,explicit_effective_eps,explicit_effective_eps,all_observations,"dbscan|feature=value_pu|groups=scenario,source_lineage,terminal,phase|scale=standard|min_samples=2|eps=3.0",200,3.0,2,1,0,0.0,0,0,3,false,false,""
case.lis,19,1_2LT,A,1.5328018140348076,0.04194,-172711.51,SRPI,200,srpi-200,112677.0,absolute_phase_to_ground_maximum,2.4232717330313314,rejected,non_applicable,,Gaussian adequacy status: rejected.,1.7070286305102194,0.18248979827293954,-0.6439494318811168,3.5,false,applicable,,0,0.4333196363135223,1.2079243785947944,false,applicable,,kmeans,scenario=SRPI|source_lineage=srpi-200|terminal=1_2LT|phase=A,value_pu,standard_scaler_fit_on_calibration_group,calibration_distance_percentile_99,42,2,all_observations,"kmeans|feature=value_pu|groups=scenario,source_lineage,terminal,phase|scale=standard|clusters=2|seed=42|threshold=p99",200,0,0.03376558817410025,3.0,false,applicable,,dbscan,scenario=SRPI|source_lineage=srpi-200|terminal=1_2LT|phase=A,value_pu,standard_scaler_fit_on_calibration_group,explicit_effective_eps,explicit_effective_eps,all_observations,"dbscan|feature=value_pu|groups=scenario,source_lineage,terminal,phase|scale=standard|min_samples=2|eps=3.0",200,3.0,2,1,0,0.0,0,0,3,false,false,""
case.lis,19,T_OPO,A,1.6862827373820743,0.04059,-190005.28,SRPI,200,srpi-200,112677.0,absolute_phase_to_ground_maximum,2.1517703848351477,rejected,non_applicable,,Gaussian adequacy status: rejected.,1.7540467575459056,0.052284552304374454,-0.8741805183012095,3.5,false,applicable,,1,0.5297544459211121,1.7893062664422041,false,applicable,,kmeans,scenario=SRPI|source_lineage=srpi-200|terminal=T_OPO|phase=A,value_pu,standard_scaler_fit_on_calibration_group,calibration_distance_percentile_99,42,2,all_observations,"kmeans|feature=value_pu|groups=scenario,source_lineage,terminal,phase|scale=standard|clusters=2|seed=42|threshold=p99",200,0,0.010686771984427787,3.0,false,applicable,,dbscan,scenario=SRPI|source_lineage=srpi-200|terminal=T_OPO|phase=A,value_pu,standard_scaler_fit_on_calibration_group,explicit_effective_eps,explicit_effective_eps,all_observations,"dbscan|feature=value_pu|groups=scenario,source_lineage,terminal,phase|scale=standard|min_samples=2|eps=3.0",200,3.0,2,1,0,0.0,0,0,3,false,false,""
case.lis,20,T_MAN,A,1.395361608846526,0.02626,-157225.16,SRPI,200,srpi-200,112677.0,absolute_phase_to_ground_maximum,1.6579768140784057,rejected,non_applicable,,Gaussian adequacy status: rejected.,1.2431039608793277,0.06948989589712162,1.477858350728833,3.5,false,applicable,,1,0.516319518225694,1.4646167600081432,false,applicable,,kmeans,scenario=SRPI|source_lineage=srpi-200|terminal=T_MAN|phase=A,value_pu,standard_scaler_fit_on_calibration_group,calibration_distance_percentile_99,42,2,all_observations,"kmeans|feature=value_pu|groups=scenario,source_lineage,terminal,phase|scale=standard|clusters=2|seed=42|threshold=p99",200,0,0.032662032174003985,3.0,false,applicable,,dbscan,scenario=SRPI|source_lineage=srpi-200|terminal=T_MAN|phase=A,value_pu,standard_scaler_fit_on_calibration_group,explicit_effective_eps,explicit_effective_eps,all_observations,"dbscan|feature=value_pu|groups=scenario,source_lineage,terminal,phase|scale=standard|min_samples=2|eps=3.0",200,3.0,2,1,0,0.0,0,0,3,false,false,""
case.lis,20,1_2LT,A,1.8758606459170906,0.02637,-211366.35,SRPI,200,srpi-200,112677.0,absolute_phase_to_ground_maximum,2.4232717330313314,rejected,non_applicable,,Gaussian adequacy status: rejected.,1.7070286305102194,0.18248979827293954,0.6240100267225052,3.5,false,applicable,,1,0.08054211601403716,1.2079243785947944,false,applicable,,kmeans,scenario=SRPI|source_lineage=srpi-200|terminal=1_2LT|phase=A,value_pu,standard_scaler_fit_on_calibration_group,calibration_distance_percentile_99,42,2,all_observations,"kmeans|feature=value_pu|groups=scenario,source_lineage,terminal,phase|scale=standard|clusters=2|seed=42|threshold=p99",200,0,0.007312651650186464,3.0,false,applicable,,dbscan,scenario=SRPI|source_lineage=srpi-200|terminal=1_2LT|phase=A,value_pu,standard_scaler_fit_on_calibration_group,explicit_effective_eps,explicit_effective_eps,all_observations,"dbscan|feature=value_pu|groups=scenario,source_lineage,terminal,phase|scale=standard|min_samples=2|eps=3.0",200,3.0,2,1,0,0.0,0,0,3,false,false,""
case.lis,20,T_OPO,A,1.7813734834970758,0.02651,-200719.82,SRPI,200,srpi-200,112677.0,absolute_phase_to_ground_maximum,2.1517703848351477,rejected,non_applicable,,Gaussian adequacy status: rejected.,1.7540467575459056,0.052284552304374454,0.3525247085062924,3.5,false,applicable,,1,0.10101647843316469,1.7893062664422041,false,applicable,,kmeans,scenario=SRPI|source_lineage=srpi-200|terminal=T_OPO|phase=A,value_pu,standard_scaler_fit_on_calibration_group,calibration_distance_percentile_99,42,2,all_observations,"kmeans|feature=value_pu|groups=scenario,source_lineage,terminal,phase|scale=standard|clusters=2|seed=42|threshold=p99",200,0,0.00854052813362538,3.0,false,applicable,,dbscan,scenario=SRPI|source_lineage=srpi-200|terminal=T_OPO|phase=A,value_pu,standard_scaler_fit_on_calibration_group,explicit_effective_eps,explicit_effective_eps,all_observations,"dbscan|feature=value_pu|groups=scenario,source_lineage,terminal,phase|scale=standard|min_samples=2|eps=3.0",200,3.0,2,1,0,0.0,0,0,3,false,false,""
case.lis,21,T_MAN,A,1.234363800953167,0.02449,-139084.41,SRPI,200,srpi-200,112677.0,absolute_phase_to_ground_maximum,1.6579768140784057,rejected,non_applicable,,Gaussian adequacy status: rejected.,1.2431039608793277,0.06948989589712162,-0.08483461097707788,3.5,false,applicable,,0,0.13331754301978443,1.4646167600081432,false,applicable,,kmeans,scenario=SRPI|source_lineage=srpi-200|terminal=T_MAN|phase=A,value_pu,standard_scaler_fit_on_calibration_group,calibration_distance_percentile_99,42,2,all_observations,"kmeans|feature=value_pu|groups=scenario,source_lineage,terminal,phase|scale=standard|clusters=2|seed=42|threshold=p99",200,0,0.003955903475765354,3.0,false,applicable,,dbscan,scenario=SRPI|source_lineage=srpi-200|terminal=T_MAN|phase=A,value_pu,standard_scaler_fit_on_calibration_group,explicit_effective_eps,explicit_effective_eps,all_observations,"dbscan|feature=value_pu|groups=scenario,source_lineage,terminal,phase|scale=standard|min_samples=2|eps=3.0",200,3.0,2,1,0,0.0,0,0,3,false,false,""
case.lis,21,1_2LT,A,1.3402860388544247,0.02593,-151019.41,SRPI,200,srpi-200,112677.0,absolute_phase_to_ground_maximum,2.4232717330313314,rejected,non_applicable,,Gaussian adequacy status: rejected.,1.7070286305102194,0.18248979827293954,-1.3554956023471088,3.5,false,applicable,,0,0.3427332930169613,1.2079243785947944,false,applicable,,kmeans,scenario=SRPI|source_lineage=srpi-200|terminal=1_2LT|phase=A,value_pu,standard_scaler_fit_on_calibration_group,calibration_distance_percentile_99,42,2,all_observations,"kmeans|feature=value_pu|groups=scenario,source_lineage,terminal,phase|scale=standard|clusters=2|seed=42|threshold=p99",200,0,0.004726524069061044,3.0,false,applicable,,dbscan,scenario=SRPI|source_lineage=srpi-200|terminal=1_2LT|phase=A,value_pu,standard_scaler_fit_on_calibration_group,explicit_effective_eps,explicit_effective_eps,all_observations,"dbscan|feature=value_pu|groups=scenario,source_lineage,terminal,phase|scale=standard|min_samples=2|eps=3.0",200,3.0,2,1,0,0.0,0,0,3,false,false,""
case.lis,21,T_OPO,A,1.4588230073573132,0.02472,-164375.8,SRPI,200,srpi-200,112677.0,absolute_phase_to_ground_maximum,2.1517703848351477,rejected,non_applicable,,Gaussian adequacy status: rejected.,1.7540467575459056,0.052284552304374454,-3.8084938043926604,3.5,true,applicable,,0,0.10207458572317485,1.7893062664422041,false,applicable,,kmeans,scenario=SRPI|source_lineage=srpi-200|terminal=T_OPO|phase=A,value_pu,standard_scaler_fit_on_calibration_group,calibration_distance_percentile_99,42,2,all_observations,"kmeans|feature=value_pu|groups=scenario,source_lineage,terminal,phase|scale=standard|clusters=2|seed=42|threshold=p99",200,0,0.030613866398621736,3.0,false,applicable,,dbscan,scenario=SRPI|source_lineage=srpi-200|terminal=T_OPO|phase=A,value_pu,standard_scaler_fit_on_calibration_group,explicit_effective_eps,explicit_effective_eps,all_observations,"dbscan|feature=value_pu|groups=scenario,source_lineage,terminal,phase|scale=standard|min_samples=2|eps=3.0",200,3.0,2,1,0,0.0,0,1,3,true,true,mad_modified_z
case.lis,22,T_MAN,A,1.2049631513086079,0.03364,135771.633,SRPI,200,srpi-200,112677.0,absolute_phase_to_ground_maximum,1.6579768140784057,rejected,non_applicable,,Gaussian adequacy status: rejected.,1.2431039608793277,0.06948989589712162,-0.3702061254735129,3.5,false,applicable,,0,0.10030445624459805,1.4646167600081432,false,applicable,,kmeans,scenario=SRPI|source_lineage=srpi-200|terminal=T_MAN|phase=A,value_pu,standard_scaler_fit_on_calibration_group,calibration_distance_percentile_99,42,2,all_observations,"kmeans|feature=value_pu|groups=scenario,source_lineage,terminal,phase|scale=standard|clusters=2|seed=42|threshold=p99",200,0,0.016826429616144556,3.0,false,applicable,,dbscan,scenario=SRPI|source_lineage=srpi-200|terminal=T_MAN|phase=A,value_pu,standard_scaler_fit_on_calibration_group,explicit_effective_eps,explicit_effective_eps,all_observations,"dbscan|feature=value_pu|groups=scenario,source_lineage,terminal,phase|scale=standard|min_samples=2|eps=3.0",200,3.0,2,1,0,0.0,0,0,3,false,false,""
case.lis,22,1_2LT,A,1.5475552242249973,0.02769,-174373.88,SRPI,200,srpi-200,112677.0,absolute_phase_to_ground_maximum,2.4232717330313314,rejected,non_applicable,,Gaussian adequacy status: rejected.,1.7070286305102194,0.18248979827293954,-0.5894202250547815,3.5,false,applicable,,0,0.492792306462153,1.2079243785947944,false,applicable,,kmeans,scenario=SRPI|source_lineage=srpi-200|terminal=1_2LT|phase=A,value_pu,standard_scaler_fit_on_calibration_group,calibration_distance_percentile_99,42,2,all_observations,"kmeans|feature=value_pu|groups=scenario,source_lineage,terminal,phase|scale=standard|clusters=2|seed=42|threshold=p99",200,0,0.0016202874396382683,3.0,false,applicable,,dbscan,scenario=SRPI|source_lineage=srpi-200|terminal=1_2LT|phase=A,value_pu,standard_scaler_fit_on_calibration_group,explicit_effective_eps,explicit_effective_eps,all_observations,"dbscan|feature=value_pu|groups=scenario,source_lineage,terminal,phase|scale=standard|min_samples=2|eps=3.0",200,3.0,2,1,0,0.0,0,0,3,false,false,""
case.lis,22,T_OPO,A,1.6247992048066597,0.02751,-183077.5,SRPI,200,srpi-200,112677.0,absolute_phase_to_ground_maximum,2.1517703848351477,rejected,non_applicable,,Gaussian adequacy status: rejected.,1.7540467575459056,0.052284552304374454,-1.6673404613479899,3.5,false,applicable,,1,0.9375967046016582,1.7893062664422041,false,applicable,,kmeans,scenario=SRPI|source_lineage=srpi-200|terminal=T_OPO|phase=A,value_pu,standard_scaler_fit_on_calibration_group,calibration_distance_percentile_99,42,2,all_observations,"kmeans|feature=value_pu|groups=scenario,source_lineage,terminal,phase|scale=standard|clusters=2|seed=42|threshold=p99",200,0,0.011223553711711576,3.0,false,applicable,,dbscan,scenario=SRPI|source_lineage=srpi-200|terminal=T_OPO|phase=A,value_pu,standard_scaler_fit_on_calibration_group,explicit_effective_eps,explicit_effective_eps,all_observations,"dbscan|feature=value_pu|groups=scenario,source_lineage,terminal,phase|scale=standard|min_samples=2|eps=3.0",200,3.0,2,1,0,0.0,0,0,3,false,false,""
case.lis,23,T_MAN,A,1.1947647700950506,0.02513,-134622.51,SRPI,200,srpi-200,112677.0,absolute_phase_to_ground_maximum,1.6579768140784057,rejected,non_applicable,,Gaussian adequacy status: rejected.,1.2431039608793277,0.06948989589712162,-0.46919466917949965,3.5,false,applicable,,0,0.18134233252201892,1.4646167600081432,false,applicable,,kmeans,scenario=SRPI|source_lineage=srpi-200|terminal=T_MAN|phase=A,value_pu,standard_scaler_fit_on_calibration_group,calibration_distance_percentile_99,42,2,all_observations,"kmeans|feature=value_pu|groups=scenario,source_lineage,terminal,phase|scale=standard|clusters=2|seed=42|threshold=p99",200,0,0.00019040804678727152,3.0,false,applicable,,dbscan,scenario=SRPI|source_lineage=srpi-200|terminal=T_MAN|phase=A,value_pu,standard_scaler_fit_on_calibration_group,explicit_effective_eps,explicit_effective_eps,all_observations,"dbscan|feature=value_pu|groups=scenario,source_lineage,terminal,phase|scale=standard|min_samples=2|eps=3.0",200,3.0,2,1,0,0.0,0,0,3,false,false,""
case.lis,23,1_2LT,A,1.2673575796302705,0.0247,-142802.05,SRPI,200,srpi-200,112677.0,absolute_phase_to_ground_maximum,2.4232717330313314,rejected,non_applicable,,Gaussian adequacy status: rejected.,1.7070286305102194,0.18248979827293954,-1.625042167195161,3.5,false,applicable,,0,0.6367161853769978,1.2079243785947944,false,applicable,,kmeans,scenario=SRPI|source_lineage=srpi-200|terminal=1_2LT|phase=A,value_pu,standard_scaler_fit_on_calibration_group,calibration_distance_percentile_99,42,2,all_observations,"kmeans|feature=value_pu|groups=scenario,source_lineage,terminal,phase|scale=standard|clusters=2|seed=42|threshold=p99",200,0,0.0052662024975660415,3.0,false,applicable,,dbscan,scenario=SRPI|source_lineage=srpi-200|terminal=1_2LT|phase=A,value_pu,standard_scaler_fit_on_calibration_group,explicit_effective_eps,explicit_effective_eps,all_observations,"dbscan|feature=value_pu|groups=scenario,source_lineage,terminal,phase|scale=standard|min_samples=2|eps=3.0",200,3.0,2,1,0,0.0,0,0,3,false,false,""
case.lis,23,T_OPO,A,1.528073519884271,0.02486,-172178.74,SRPI,200,srpi-200,112677.0,absolute_phase_to_ground_maximum,2.1517703848351477,rejected,non_applicable,,Gaussian adequacy status: rejected.,1.7540467575459056,0.052284552304374454,-2.9151369936975358,3.5,false,applicable,,0,0.5614379999697003,1.7893062664422041,false,applicable,,kmeans,scenario=SRPI|source_lineage=srpi-200|terminal=T_OPO|phase=A,value_pu,standard_scaler_fit_on_calibration_group,calibration_distance_percentile_99,42,2,all_observations,"kmeans|feature=value_pu|groups=scenario,source_lineage,terminal,phase|scale=standard|clusters=2|seed=42|threshold=p99",200,0,0.0040149719018232055,3.0,false,applicable,,dbscan,scenario=SRPI|source_lineage=srpi-200|terminal=T_OPO|phase=A,value_pu,standard_scaler_fit_on_calibration_group,explicit_effective_eps,explicit_effective_eps,all_observations,"dbscan|feature=value_pu|groups=scenario,source_lineage,terminal,phase|scale=standard|min_samples=2|eps=3.0",200,3.0,2,1,0,0.0,0,0,3,false,false,""
case.lis,24,T_MAN,A,1.3026482778206732,0.02426,-146778.5,SRPI,200,srpi-200,112677.0,absolute_phase_to_ground_maximum,1.6579768140784057,rejected,non_applicable,,Gaussian adequacy status: rejected.,1.2431039608793277,0.06948989589712162,0.5779549809489348,3.5,false,applicable,,0,0.6759163018013434,1.4646167600081432,false,applicable,,kmeans,scenario=SRPI|source_lineage=srpi-200|terminal=T_MAN|phase=A,value_pu,standard_scaler_fit_on_calibration_group,calibration_distance_percentile_99,42,2,all_observations,"kmeans|feature=value_pu|groups=scenario,source_lineage,terminal,phase|scale=standard|clusters=2|seed=42|threshold=p99",200,0,0.005911958288268182,3.0,false,applicable,,dbscan,scenario=SRPI|source_lineage=srpi-200|terminal=T_MAN|phase=A,value_pu,standard_scaler_fit_on_calibration_group,explicit_effective_eps,explicit_effective_eps,all_observations,"dbscan|feature=value_pu|groups=scenario,source_lineage,terminal,phase|scale=standard|min_samples=2|eps=3.0",200,3.0,2,1,0,0.0,0,0,3,false,false,""
case.lis,24,1_2LT,A,1.8921917516440798,0.02423,-213206.49,SRPI,200,srpi-200,112677.0,absolute_phase_to_ground_maximum,2.4232717330313314,rejected,non_applicable,,Gaussian adequacy status: rejected.,1.7070286305102194,0.18248979827293954,0.6843704607109741,3.5,false,applicable,,1,0.14637465585011433,1.2079243785947944,false,applicable,,kmeans,scenario=SRPI|source_lineage=srpi-200|terminal=1_2LT|phase=A,value_pu,standard_scaler_fit_on_calibration_group,calibration_distance_percentile_99,42,2,all_observations,"kmeans|feature=value_pu|groups=scenario,source_lineage,terminal,phase|scale=standard|clusters=2|seed=42|threshold=p99",200,0,0.004557483261990347,3.0,false,applicable,,dbscan,scenario=SRPI|source_lineage=srpi-200|terminal=1_2LT|phase=A,value_pu,standard_scaler_fit_on_calibration_group,explicit_effective_eps,explicit_effective_eps,all_observations,"dbscan|feature=value_pu|groups=scenario,source_lineage,terminal,phase|scale=standard|min_samples=2|eps=3.0",200,3.0,2,1,0,0.0,0,0,3,false,false,""
case.lis,24,T_OPO,A,1.8042426582177373,0.02414,-203296.65,SRPI,200,srpi-200,112677.0,absolute_phase_to_ground_maximum,2.1517703848351477,rejected,non_applicable,,Gaussian adequacy status: rejected.,1.7540467575459056,0.052284552304374454,0.6475453841110634,3.5,false,applicable,,1,0.2527158925940913,1.7893062664422041,false,applicable,,kmeans,scenario=SRPI|source_lineage=srpi-200|terminal=T_OPO|phase=A,value_pu,standard_scaler_fit_on_calibration_group,calibration_distance_percentile_99,42,2,all_observations,"kmeans|feature=value_pu|groups=scenario,source_lineage,terminal,phase|scale=standard|clusters=2|seed=42|threshold=p99",200,0,0.005594468912466399,3.0,false,applicable,,dbscan,scenario=SRPI|source_lineage=srpi-200|terminal=T_OPO|phase=A,value_pu,standard_scaler_fit_on_calibration_group,explicit_effective_eps,explicit_effective_eps,all_observations,"dbscan|feature=value_pu|groups=scenario,source_lineage,terminal,phase|scale=standard|min_samples=2|eps=3.0",200,3.0,2,1,0,0.0,0,0,3,false,false,""
case.lis,25,T_MAN,A,1.1270232700551133,0.03348,126989.601,SRPI,200,srpi-200,112677.0,absolute_phase_to_ground_maximum,1.6579768140784057,rejected,non_applicable,,Gaussian adequacy status: rejected.,1.2431039608793277,0.06948989589712162,-1.126713965329974,3.5,false,applicable,,0,0.7196265154848648,1.4646167600081432,false,applicable,,kmeans,scenario=SRPI|source_lineage=srpi-200|terminal=T_MAN|phase=A,value_pu,standard_scaler_fit_on_calibration_group,calibration_distance_percentile_99,42,2,all_observations,"kmeans|feature=value_pu|groups=scenario,source_lineage,terminal,phase|scale=standard|clusters=2|seed=42|threshold=p99",200,0,0.011499658725003803,3.0,false,applicable,,dbscan,scenario=SRPI|source_lineage=srpi-200|terminal=T_MAN|phase=A,value_pu,standard_scaler_fit_on_calibration_group,explicit_effective_eps,explicit_effective_eps,all_observations,"dbscan|feature=value_pu|groups=scenario,source_lineage,terminal,phase|scale=standard|min_samples=2|eps=3.0",200,3.0,2,1,0,0.0,0,0,3,false,false,""
case.lis,25,1_2LT,A,1.3584001881484244,0.03364,153060.458,SRPI,200,srpi-200,112677.0,absolute_phase_to_ground_maximum,2.4232717330313314,rejected,non_applicable,,Gaussian adequacy status: rejected.,1.7070286305102194,0.18248979827293954,-1.2885449664871744,3.5,false,applicable,,0,0.26971310228834877,1.2079243785947944,false,applicable,,kmeans,scenario=SRPI|source_lineage=srpi-200|terminal=1_2LT|phase=A,value_pu,standard_scaler_fit_on_calibration_group,calibration_distance_percentile_99,42,2,all_observations,"kmeans|feature=value_pu|groups=scenario,source_lineage,terminal,phase|scale=standard|clusters=2|seed=42|threshold=p99",200,0,0.03436583508649349,3.0,false,applicable,,dbscan,scenario=SRPI|source_lineage=srpi-200|terminal=1_2LT|phase=A,value_pu,standard_scaler_fit_on_calibration_group,explicit_effective_eps,explicit_effective_eps,all_observations,"dbscan|feature=value_pu|groups=scenario,source_lineage,terminal,phase|scale=standard|min_samples=2|eps=3.0",200,3.0,2,1,0,0.0,0,0,3,false,false,""
case.lis,25,T_OPO,A,1.4329439637193038,0.03359,161459.827,SRPI,200,srpi-200,112677.0,absolute_phase_to_ground_maximum,2.1517703848351477,rejected,non_applicable,,Gaussian adequacy status: rejected.,1.7540467575459056,0.052284552304374454,-4.142342884271921,3.5,true,applicable,,0,0.06959036532484975,1.7893062664422041,false,applicable,,kmeans,scenario=SRPI|source_lineage=srpi-200|terminal=T_OPO|phase=A,value_pu,standard_scaler_fit_on_calibration_group,calibration_distance_percentile_99,42,2,all_observations,"kmeans|feature=value_pu|groups=scenario,source_lineage,terminal,phase|scale=standard|clusters=2|seed=42|threshold=p99",200,0,0.02637760007775558,3.0,false,applicable,,dbscan,scenario=SRPI|source_lineage=srpi-200|terminal=T_OPO|phase=A,value_pu,standard_scaler_fit_on_calibration_group,explicit_effective_eps,explicit_effective_eps,all_observations,"dbscan|feature=value_pu|groups=scenario,source_lineage,terminal,phase|scale=standard|min_samples=2|eps=3.0",200,3.0,2,1,0,0.0,0,1,3,true,true,mad_modified_z
case.lis,26,T_MAN,A,1.2099316630723218,0.02537,-136331.47,SRPI,200,srpi-200,112677.0,absolute_phase_to_ground_maximum,1.6579768140784057,rejected,non_applicable,,Gaussian adequacy status: rejected.,1.2431039608793277,0.06948989589712162,-0.3219802616254061,3.5,false,applicable,,0,0.0608239119151206,1.4646167600081432,false,applicable,,kmeans,scenario=SRPI|source_lineage=srpi-200|terminal=T_MAN|phase=A,value_pu,standard_scaler_fit_on_calibration_group,calibration_distance_percentile_99,42,2,all_observations,"kmeans|feature=value_pu|groups=scenario,source_lineage,terminal,phase|scale=standard|clusters=2|seed=42|threshold=p99",200,0,0.0041219816054636205,3.0,false,applicable,,dbscan,scenario=SRPI|source_lineage=srpi-200|terminal=T_MAN|phase=A,value_pu,standard_scaler_fit_on_calibration_group,explicit_effective_eps,explicit_effective_eps,all_observations,"dbscan|feature=value_pu|groups=scenario,source_lineage,terminal,phase|scale=standard|min_samples=2|eps=3.0",200,3.0,2,1,0,0.0,0,0,3,false,false,""
case.lis,26,1_2LT,A,1.4021022036440447,0.02652,-157984.67,SRPI,200,srpi-200,112677.0,absolute_phase_to_ground_maximum,2.4232717330313314,rejected,non_applicable,,Gaussian adequacy status: rejected.,1.7070286305102194,0.18248979827293954,-1.1270205317315407,3.5,false,applicable,,0,0.0935453201351999,1.2079243785947944,false,applicable,,kmeans,scenario=SRPI|source_lineage=srpi-200|terminal=1_2LT|phase=A,value_pu,standard_scaler_fit_on_calibration_group,calibration_distance_percentile_99,42,2,all_observations,"kmeans|feature=value_pu|groups=scenario,source_lineage,terminal,phase|scale=standard|clusters=2|seed=42|threshold=p99",200,0,0.0042440869720536956,3.0,false,applicable,,dbscan,scenario=SRPI|source_lineage=srpi-200|terminal=1_2LT|phase=A,value_pu,standard_scaler_fit_on_calibration_group,explicit_effective_eps,explicit_effective_eps,all_observations,"dbscan|feature=value_pu|groups=scenario,source_lineage,terminal,phase|scale=standard|min_samples=2|eps=3.0",200,3.0,2,1,0,0.0,0,0,3,false,false,""
case.lis,26,T_OPO,A,1.5531754484056195,0.02507,-175007.15,SRPI,200,srpi-200,112677.0,absolute_phase_to_ground_maximum,2.1517703848351477,rejected,non_applicable,,Gaussian adequacy status: rejected.,1.7540467575459056,0.052284552304374454,-2.591312981602328,3.5,false,applicable,,0,0.7279480685450072,1.7893062664422041,false,applicable,,kmeans,scenario=SRPI|source_lineage=srpi-200|terminal=T_OPO|phase=A,value_pu,standard_scaler_fit_on_calibration_group,calibration_distance_percentile_99,42,2,all_observations,"kmeans|feature=value_pu|groups=scenario,source_lineage,terminal,phase|scale=standard|clusters=2|seed=42|threshold=p99",200,0,0.005839370424368329,3.0,false,applicable,,dbscan,scenario=SRPI|source_lineage=srpi-200|terminal=T_OPO|phase=A,value_pu,standard_scaler_fit_on_calibration_group,explicit_effective_eps,explicit_effective_eps,all_observations,"dbscan|feature=value_pu|groups=scenario,source_lineage,terminal,phase|scale=standard|min_samples=2|eps=3.0",200,3.0,2,1,0,0.0,0,0,3,false,false,""
case.lis,27,T_MAN,A,1.4151184447580252,0.03326,159451.301,SRPI,200,srpi-200,112677.0,absolute_phase_to_ground_maximum,1.6579768140784057,rejected,non_applicable,,Gaussian adequacy status: rejected.,1.2431039608793277,0.06948989589712162,1.669624119644945,3.5,false,applicable,,1,0.35932871834257063,1.4646167600081432,false,applicable,,kmeans,scenario=SRPI|source_lineage=srpi-200|terminal=T_MAN|phase=A,value_pu,standard_scaler_fit_on_calibration_group,calibration_distance_percentile_99,42,2,all_observations,"kmeans|feature=value_pu|groups=scenario,source_lineage,terminal,phase|scale=standard|clusters=2|seed=42|threshold=p99",200,0,0.001661980162464216,3.0,false,applicable,,dbscan,scenario=SRPI|source_lineage=srpi-200|terminal=T_MAN|phase=A,value_pu,standard_scaler_fit_on_calibration_group,explicit_effective_eps,explicit_effective_eps,all_observations,"dbscan|feature=value_pu|groups=scenario,source_lineage,terminal,phase|scale=standard|min_samples=2|eps=3.0",200,3.0,2,1,0,0.0,0,0,3,false,false,""
case.lis,27,1_2LT,A,2.086203519795522,0.03339,235067.154,SRPI,200,srpi-200,112677.0,absolute_phase_to_ground_maximum,2.4232717330313314,rejected,non_applicable,,Gaussian adequacy status: rejected.,1.7070286305102194,0.18248979827293954,1.4014458823180937,3.5,false,applicable,,1,0.9284581025569556,1.2079243785947944,false,applicable,,kmeans,scenario=SRPI|source_lineage=srpi-200|terminal=1_2LT|phase=A,value_pu,standard_scaler_fit_on_calibration_group,calibration_distance_percentile_99,42,2,all_observations,"kmeans|feature=value_pu|groups=scenario,source_lineage,terminal,phase|scale=standard|clusters=2|seed=42|threshold=p99",200,0,0.0044910833174569564,3.0,false,applicable,,dbscan,scenario=SRPI|source_lineage=srpi-200|terminal=1_2LT|phase=A,value_pu,standard_scaler_fit_on_calibration_group,explicit_effective_eps,explicit_effective_eps,all_observations,"dbscan|feature=value_pu|groups=scenario,source_lineage,terminal,phase|scale=standard|min_samples=2|eps=3.0",200,3.0,2,1,0,0.0,1,0,3,false,false,""
case.lis,27,T_OPO,A,1.837121266984389,0.03353,207001.313,SRPI,200,srpi-200,112677.0,absolute_phase_to_ground_maximum,2.1517703848351477,rejected,non_applicable,,Gaussian adequacy status: rejected.,1.7540467575459056,0.052284552304374454,1.0716914011738932,3.5,false,applicable,,1,0.47081146225280673,1.7893062664422041,false,applicable,,kmeans,scenario=SRPI|source_lineage=srpi-200|terminal=T_OPO|phase=A,value_pu,standard_scaler_fit_on_calibration_group,calibration_distance_percentile_99,42,2,all_observations,"kmeans|feature=value_pu|groups=scenario,source_lineage,terminal,phase|scale=standard|clusters=2|seed=42|threshold=p99",200,0,0.010375523356203065,3.0,false,applicable,,dbscan,scenario=SRPI|source_lineage=srpi-200|terminal=T_OPO|phase=A,value_pu,standard_scaler_fit_on_calibration_group,explicit_effective_eps,explicit_effective_eps,all_observations,"dbscan|feature=value_pu|groups=scenario,source_lineage,terminal,phase|scale=standard|min_samples=2|eps=3.0",200,3.0,2,1,0,0.0,0,0,3,false,false,""
case.lis,28,T_MAN,A,1.139572139833329,0.04158,-128403.57,SRPI,200,srpi-200,112677.0,absolute_phase_to_ground_maximum,1.6579768140784057,rejected,non_applicable,,Gaussian adequacy status: rejected.,1.2431039608793277,0.06948989589712162,-1.004910875360135,3.5,false,applicable,,0,0.6199113023335231,1.4646167600081432,false,applicable,,kmeans,scenario=SRPI|source_lineage=srpi-200|terminal=T_MAN|phase=A,value_pu,standard_scaler_fit_on_calibration_group,calibration_distance_percentile_99,42,2,all_observations,"kmeans|feature=value_pu|groups=scenario,source_lineage,terminal,phase|scale=standard|clusters=2|seed=42|threshold=p99",200,0,0.01190402899918297,3.0,false,applicable,,dbscan,scenario=SRPI|source_lineage=srpi-200|terminal=T_MAN|phase=A,value_pu,standard_scaler_fit_on_calibration_group,explicit_effective_eps,explicit_effective_eps,all_observations,"dbscan|feature=value_pu|groups=scenario,source_lineage,terminal,phase|scale=standard|min_samples=2|eps=3.0",200,3.0,2,1,0,0.0,0,0,3,false,false,""
case.lis,28,1_2LT,A,1.2648812091198736,0.04273,-142523.02,SRPI,200,srpi-200,112677.0,absolute_phase_to_ground_maximum,2.4232717330313314,rejected,non_applicable,,Gaussian adequacy status: rejected.,1.7070286305102194,0.18248979827293954,-1.6341949337758575,3.5,false,applicable,,0,0.6466987158314528,1.2079243785947944,false,applicable,,kmeans,scenario=SRPI|source_lineage=srpi-200|terminal=1_2LT|phase=A,value_pu,standard_scaler_fit_on_calibration_group,calibration_distance_percentile_99,42,2,all_observations,"kmeans|feature=value_pu|groups=scenario,source_lineage,terminal,phase|scale=standard|clusters=2|seed=42|threshold=p99",200,0,0.009982530454454963,3.0,false,applicable,,dbscan,scenario=SRPI|source_lineage=srpi-200|terminal=1_2LT|phase=A,value_pu,standard_scaler_fit_on_calibration_group,explicit_effective_eps,explicit_effective_eps,all_observations,"dbscan|feature=value_pu|groups=scenario,source_lineage,terminal,phase|scale=standard|min_samples=2|eps=3.0",200,3.0,2,1,0,0.0,0,0,3,false,false,""
case.lis,28,T_OPO,A,1.3952753445689892,0.04137,-157215.44,SRPI,200,srpi-200,112677.0,absolute_phase_to_ground_maximum,2.1517703848351477,rejected,non_applicable,,Gaussian adequacy status: rejected.,1.7540467575459056,0.052284552304374454,-4.628281778288257,3.5,true,applicable,,0,0.3194597868125917,1.7893062664422041,false,applicable,,kmeans,scenario=SRPI|source_lineage=srpi-200|terminal=T_OPO|phase=A,value_pu,standard_scaler_fit_on_calibration_group,calibration_distance_percentile_99,42,2,all_observations,"kmeans|feature=value_pu|groups=scenario,source_lineage,terminal,phase|scale=standard|clusters=2|seed=42|threshold=p99",200,0,0.12616542914700224,3.0,false,applicable,,dbscan,scenario=SRPI|source_lineage=srpi-200|terminal=T_OPO|phase=A,value_pu,standard_scaler_fit_on_calibration_group,explicit_effective_eps,explicit_effective_eps,all_observations,"dbscan|feature=value_pu|groups=scenario,source_lineage,terminal,phase|scale=standard|min_samples=2|eps=3.0",200,3.0,2,1,0,0.0,0,1,3,true,true,mad_modified_z
case.lis,29,T_MAN,A,1.3823710251426646,0.02469,-155761.42,SRPI,200,srpi-200,112677.0,absolute_phase_to_ground_maximum,1.6579768140784057,rejected,non_applicable,,Gaussian adequacy status: rejected.,1.2431039608793277,0.06948989589712162,1.351767853049995,3.5,false,applicable,,1,0.6195446568943226,1.4646167600081432,false,applicable,,kmeans,scenario=SRPI|source_lineage=srpi-200|terminal=T_MAN|phase=A,value_pu,standard_scaler_fit_on_calibration_group,calibration_distance_percentile_99,42,2,all_observations,"kmeans|feature=value_pu|groups=scenario,source_lineage,terminal,phase|scale=standard|clusters=2|seed=42|threshold=p99",200,0,0.0009817297849363804,3.0,false,applicable,,dbscan,scenario=SRPI|source_lineage=srpi-200|terminal=T_MAN|phase=A,value_pu,standard_scaler_fit_on_calibration_group,explicit_effective_eps,explicit_effective_eps,all_observations,"dbscan|feature=value_pu|groups=scenario,source_lineage,terminal,phase|scale=standard|min_samples=2|eps=3.0",200,3.0,2,1,0,0.0,0,0,3,false,false,""
case.lis,29,1_2LT,A,1.9476026163280882,0.02481,-219450.02,SRPI,200,srpi-200,112677.0,absolute_phase_to_ground_maximum,2.4232717330313314,rejected,non_applicable,,Gaussian adequacy status: rejected.,1.7070286305102194,0.18248979827293954,0.8891712804420993,3.5,false,applicable,,1,0.36974213736931993,1.2079243785947944,false,applicable,,kmeans,scenario=SRPI|source_lineage=srpi-200|terminal=1_2LT|phase=A,value_pu,standard_scaler_fit_on_calibration_group,calibration_distance_percentile_99,42,2,all_observations,"kmeans|feature=value_pu|groups=scenario,source_lineage,terminal,phase|scale=standard|clusters=2|seed=42|threshold=p99",200,0,0.0016632184382598947,3.0,false,applicable,,dbscan,scenario=SRPI|source_lineage=srpi-200|terminal=1_2LT|phase=A,value_pu,standard_scaler_fit_on_calibration_group,explicit_effective_eps,explicit_effective_eps,all_observations,"dbscan|feature=value_pu|groups=scenario,source_lineage,terminal,phase|scale=standard|min_samples=2|eps=3.0",200,3.0,2,1,0,0.0,0,0,3,false,false,""
case.lis,29,T_OPO,A,1.78840686209253,0.02495,-201512.32,SRPI,200,srpi-200,112677.0,absolute_phase_to_ground_maximum,2.1517703848351477,rejected,non_applicable,,Gaussian adequacy status: rejected.,1.7540467575459056,0.052284552304374454,0.44325785171588705,3.5,false,applicable,,1,0.14767139386124245,1.7893062664422041,false,applicable,,kmeans,scenario=SRPI|source_lineage=srpi-200|terminal=T_OPO|phase=A,value_pu,standard_scaler_fit_on_calibration_group,calibration_distance_percentile_99,42,2,all_observations,"kmeans|feature=value_pu|groups=scenario,source_lineage,terminal,phase|scale=standard|clusters=2|seed=42|threshold=p99",200,0,0.0017001816499213618,3.0,false,applicable,,dbscan,scenario=SRPI|source_lineage=srpi-200|terminal=T_OPO|phase=A,value_pu,standard_scaler_fit_on_calibration_group,explicit_effective_eps,explicit_effective_eps,all_observations,"dbscan|feature=value_pu|groups=scenario,source_lineage,terminal,phase|scale=standard|min_samples=2|eps=3.0",200,3.0,2,1,0,0.0,0,0,3,false,false,""
case.lis,30,T_MAN,A,1.2090125580198265,0.03255,136227.908,SRPI,200,srpi-200,112677.0,absolute_phase_to_ground_maximum,1.6579768140784057,rejected,non_applicable,,Gaussian adequacy status: rejected.,1.2431039608793277,0.06948989589712162,-0.3309013706479218,3.5,false,applicable,,0,0.06812725937491648,1.4646167600081432,false,applicable,,kmeans,scenario=SRPI|source_lineage=srpi-200|terminal=T_MAN|phase=A,value_pu,standard_scaler_fit_on_calibration_group,calibration_distance_percentile_99,42,2,all_observations,"kmeans|feature=value_pu|groups=scenario,source_lineage,terminal,phase|scale=standard|clusters=2|seed=42|threshold=p99",200,0,0.0030329886208337875,3.0,false,applicable,,dbscan,scenario=SRPI|source_lineage=srpi-200|terminal=T_MAN|phase=A,value_pu,standard_scaler_fit_on_calibration_group,explicit_effective_eps,explicit_effective_eps,all_observations,"dbscan|feature=value_pu|groups=scenario,source_lineage,terminal,phase|scale=standard|min_samples=2|eps=3.0",200,3.0,2,1,0,0.0,0,0,3,false,false,""
case.lis,30,1_2LT,A,1.5826439823566478,0.03386,178327.576,SRPI,200,srpi-200,112677.0,absolute_phase_to_ground_maximum,2.4232717330313314,rejected,non_applicable,,Gaussian adequacy status: rejected.,1.7070286305102194,0.18248979827293954,-0.4597307414184944,3.5,false,applicable,,0,0.6342390710668804,1.2079243785947944,false,applicable,,kmeans,scenario=SRPI|source_lineage=srpi-200|terminal=1_2LT|phase=A,value_pu,standard_scaler_fit_on_calibration_group,calibration_distance_percentile_99,42,2,all_observations,"kmeans|feature=value_pu|groups=scenario,source_lineage,terminal,phase|scale=standard|clusters=2|seed=42|threshold=p99",200,0,0.006914895947957578,3.0,false,applicable,,dbscan,scenario=SRPI|source_lineage=srpi-200|terminal=1_2LT|phase=A,value_pu,standard_scaler_fit_on_calibration_group,explicit_effective_eps,explicit_effective_eps,all_observations,"dbscan|feature=value_pu|groups=scenario,source_lineage,terminal,phase|scale=standard|min_samples=2|eps=3.0",200,3.0,2,1,0,0.0,0,0,3,false,false,""
case.lis,30,T_OPO,A,1.7556063526717964,0.03249,197816.457,SRPI,200,srpi-200,112677.0,absolute_phase_to_ground_maximum,2.1517703848351477,rejected,non_applicable,,Gaussian adequacy status: rejected.,1.7540467575459056,0.052284552304374454,0.02011934463444098,3.5,false,applicable,,1,0.0699061149069139,1.7893062664422041,false,applicable,,kmeans,scenario=SRPI|source_lineage=srpi-200|terminal=T_OPO|phase=A,value_pu,standard_scaler_fit_on_calibration_group,calibration_distance_percentile_99,42,2,all_observations,"kmeans|feature=value_pu|groups=scenario,source_lineage,terminal,phase|scale=standard|clusters=2|seed=42|threshold=p99",200,0,0.003543242138638436,3.0,false,applicable,,dbscan,scenario=SRPI|source_lineage=srpi-200|terminal=T_OPO|phase=A,value_pu,standard_scaler_fit_on_calibration_group,explicit_effective_eps,explicit_effective_eps,all_observations,"dbscan|feature=value_pu|groups=scenario,source_lineage,terminal,phase|scale=standard|min_samples=2|eps=3.0",200,3.0,2,1,0,0.0,0,0,3,false,false,""
case.lis,31,T_MAN,A,1.0773187962050819,0.02456,-121389.05,SRPI,200,srpi-200,112677.0,absolute_phase_to_ground_maximum,1.6579768140784057,rejected,non_applicable,,Gaussian adequacy status: rejected.,1.2431039608793277,0.06948989589712162,-1.6091604810128968,3.5,false,applicable,,0,1.1145857661685477,1.4646167600081432,false,applicable,,kmeans,scenario=SRPI|source_lineage=srpi-200|terminal=T_MAN|phase=A,value_pu,standard_scaler_fit_on_calibration_group,calibration_distance_percentile_99,42,2,all_observations,"kmeans|feature=value_pu|groups=scenario,source_lineage,terminal,phase|scale=standard|clusters=2|seed=42|threshold=p99",200,0,0.04081036823254336,3.0,false,applicable,,dbscan,scenario=SRPI|source_lineage=srpi-200|terminal=T_MAN|phase=A,value_pu,standard_scaler_fit_on_calibration_group,explicit_effective_eps,explicit_effective_eps,all_observations,"dbscan|feature=value_pu|groups=scenario,source_lineage,terminal,phase|scale=standard|min_samples=2|eps=3.0",200,3.0,2,1,0,0.0,0,0,3,false,false,""
case.lis,31,1_2LT,A,1.2686639686892622,0.02455,-142949.25,SRPI,200,srpi-200,112677.0,absolute_phase_to_ground_maximum,2.4232717330313314,rejected,non_applicable,,Gaussian adequacy status: rejected.,1.7070286305102194,0.18248979827293954,-1.6202136998594674,3.5,false,applicable,,0,0.6314499828794318,1.2079243785947944,false,applicable,,kmeans,scenario=SRPI|source_lineage=srpi-200|terminal=1_2LT|phase=A,value_pu,standard_scaler_fit_on_calibration_group,calibration_distance_percentile_99,42,2,all_observations,"kmeans|feature=value_pu|groups=scenario,source_lineage,terminal,phase|scale=standard|clusters=2|seed=42|threshold=p99",200,0,0.0052662024975660415,3.0,false,applicable,,dbscan,scenario=SRPI|source_lineage=srpi-200|terminal=1_2LT|phase=A,value_pu,standard_scaler_fit_on_calibration_group,explicit_effective_eps,explicit_effective_eps,all_observations,"dbscan|feature=value_pu|groups=scenario,source_lineage,terminal,phase|scale=standard|min_samples=2|eps=3.0",200,3.0,2,1,0,0.0,0,0,3,false,false,""
case.lis,31,T_OPO,A,1.368228032340229,0.02475,-154167.83,SRPI,200,srpi-200,112677.0,absolute_phase_to_ground_maximum,2.1517703848351477,rejected,non_applicable,,Gaussian adequacy status: rejected.,1.7540467575459056,0.052284552304374454,-4.977201948101504,3.5,true,applicable,,0,0.4988742812072502,1.7893062664422041,false,applicable,,kmeans,scenario=SRPI|source_lineage=srpi-200|terminal=T_OPO|phase=A,value_pu,standard_scaler_fit_on_calibration_group,calibration_distance_percentile_99,42,2,all_observations,"kmeans|feature=value_pu|groups=scenario,source_lineage,terminal,phase|scale=standard|clusters=2|seed=42|threshold=p99",200,0,0.023024686445840548,3.0,false,applicable,,dbscan,scenario=SRPI|source_lineage=srpi-200|terminal=T_OPO|phase=A,value_pu,standard_scaler_fit_on_calibration_group,explicit_effective_eps,explicit_effective_eps,all_observations,"dbscan|feature=value_pu|groups=scenario,source_lineage,terminal,phase|scale=standard|min_samples=2|eps=3.0",200,3.0,2,1,0,0.0,0,1,3,true,true,mad_modified_z
case.lis,32,T_MAN,A,1.2164534643272362,0.03324,137066.327,SRPI,200,srpi-200,112677.0,absolute_phase_to_ground_maximum,1.6579768140784057,rejected,non_applicable,,Gaussian adequacy status: rejected.,1.2431039608793277,0.06948989589712162,-0.25867770457785805,3.5,false,applicable,,0,0.009000694863859682,1.4646167600081432,false,applicable,,kmeans,scenario=SRPI|source_lineage=srpi-200|terminal=T_MAN|phase=A,value_pu,standard_scaler_fit_on_calibration_group,calibration_distance_percentile_99,42,2,all_observations,"kmeans|feature=value_pu|groups=scenario,source_lineage,terminal,phase|scale=standard|clusters=2|seed=42|threshold=p99",200,0,0.00042150699838805483,3.0,false,applicable,,dbscan,scenario=SRPI|source_lineage=srpi-200|terminal=T_MAN|phase=A,value_pu,standard_scaler_fit_on_calibration_group,explicit_effective_eps,explicit_effective_eps,all_observations,"dbscan|feature=value_pu|groups=scenario,source_lineage,terminal,phase|scale=standard|min_samples=2|eps=3.0",200,3.0,2,1,0,0.0,0,0,3,false,false,""
case.lis,32,1_2LT,A,1.5491737444198905,0.02743,-174556.25,SRPI,200,srpi-200,112677.0,absolute_phase_to_ground_maximum,2.4232717330313314,rejected,non_applicable,,Gaussian adequacy status: rejected.,1.7070286305102194,0.18248979827293954,-0.5834381082884068,3.5,false,applicable,,0,0.499316744977649,1.2079243785947944,false,applicable,,kmeans,scenario=SRPI|source_lineage=srpi-200|terminal=1_2LT|phase=A,value_pu,standard_scaler_fit_on_calibration_group,calibration_distance_percentile_99,42,2,all_observations,"kmeans|feature=value_pu|groups=scenario,source_lineage,terminal,phase|scale=standard|clusters=2|seed=42|threshold=p99",200,0,0.004904151075857732,3.0,false,applicable,,dbscan,scenario=SRPI|source_lineage=srpi-200|terminal=1_2LT|phase=A,value_pu,standard_scaler_fit_on_calibration_group,explicit_effective_eps,explicit_effective_eps,all_observations,"dbscan|feature=value_pu|groups=scenario,source_lineage,terminal,phase|scale=standard|min_samples=2|eps=3.0",200,3.0,2,1,0,0.0,0,0,3,false,false,""
case.lis,32,T_OPO,A,1.704770015176123,0.03312,192088.371,SRPI,200,srpi-200,112677.0,absolute_phase_to_ground_maximum,2.1517703848351477,rejected,non_applicable,,Gaussian adequacy status: rejected.,1.7540467575459056,0.052284552304374454,-0.635687907548375,3.5,false,applicable,,1,0.4071217210832675,1.7893062664422041,false,applicable,,kmeans,scenario=SRPI|source_lineage=srpi-200|terminal=T_OPO|phase=A,value_pu,standard_scaler_fit_on_calibration_group,calibration_distance_percentile_99,42,2,all_observations,"kmeans|feature=value_pu|groups=scenario,source_lineage,terminal,phase|scale=standard|clusters=2|seed=42|threshold=p99",200,0,0.002910619146598771,3.0,false,applicable,,dbscan,scenario=SRPI|source_lineage=srpi-200|terminal=T_OPO|phase=A,value_pu,standard_scaler_fit_on_calibration_group,explicit_effective_eps,explicit_effective_eps,all_observations,"dbscan|feature=value_pu|groups=scenario,source_lineage,terminal,phase|scale=standard|min_samples=2|eps=3.0",200,3.0,2,1,0,0.0,0,0,3,false,false,""
case.lis,33,T_MAN,A,1.3260972514355192,0.02661,-149420.66,SRPI,200,srpi-200,112677.0,absolute_phase_to_ground_maximum,1.6579768140784057,rejected,non_applicable,,Gaussian adequacy status: rejected.,1.2431039608793277,0.06948989589712162,0.805557744655005,3.5,false,applicable,,0,0.8622453850980408,1.4646167600081432,false,applicable,,kmeans,scenario=SRPI|source_lineage=srpi-200|terminal=T_MAN|phase=A,value_pu,standard_scaler_fit_on_calibration_group,calibration_distance_percentile_99,42,2,all_observations,"kmeans|feature=value_pu|groups=scenario,source_lineage,terminal,phase|scale=standard|clusters=2|seed=42|threshold=p99",200,0,0.0007012657841704018,3.0,false,applicable,,dbscan,scenario=SRPI|source_lineage=srpi-200|terminal=T_MAN|phase=A,value_pu,standard_scaler_fit_on_calibration_group,explicit_effective_eps,explicit_effective_eps,all_observations,"dbscan|feature=value_pu|groups=scenario,source_lineage,terminal,phase|scale=standard|min_samples=2|eps=3.0",200,3.0,2,1,0,0.0,0,0,3,false,false,""
case.lis,33,1_2LT,A,1.897642997239898,0.02674,-213820.72,SRPI,200,srpi-200,112677.0,absolute_phase_to_ground_maximum,2.4232717330313314,rejected,non_applicable,,Gaussian adequacy status: rejected.,1.7070286305102194,0.18248979827293954,0.7045184871484944,3.5,false,applicable,,1,0.16834924525283101,1.2079243785947944,false,applicable,,kmeans,scenario=SRPI|source_lineage=srpi-200|terminal=1_2LT|phase=A,value_pu,standard_scaler_fit_on_calibration_group,calibration_distance_percentile_99,42,2,all_observations,"kmeans|feature=value_pu|groups=scenario,source_lineage,terminal,phase|scale=standard|clusters=2|seed=42|threshold=p99",200,0,0.0015555331833846386,3.0,false,applicable,,dbscan,scenario=SRPI|source_lineage=srpi-200|terminal=1_2LT|phase=A,value_pu,standard_scaler_fit_on_calibration_group,explicit_effective_eps,explicit_effective_eps,all_observations,"dbscan|feature=value_pu|groups=scenario,source_lineage,terminal,phase|scale=standard|min_samples=2|eps=3.0",200,3.0,2,1,0,0.0,0,0,3,false,false,""
case.lis,33,T_OPO,A,1.7951597042874765,0.02687,-202273.21,SRPI,200,srpi-200,112677.0,absolute_phase_to_ground_maximum,2.1517703848351477,rejected,non_applicable,,Gaussian adequacy status: rejected.,1.7540467575459056,0.052284552304374454,0.5303719732764531,3.5,false,applicable,,1,0.19246541102221432,1.7893062664422041,false,applicable,,kmeans,scenario=SRPI|source_lineage=srpi-200|terminal=T_OPO|phase=A,value_pu,standard_scaler_fit_on_calibration_group,calibration_distance_percentile_99,42,2,all_observations,"kmeans|feature=value_pu|groups=scenario,source_lineage,terminal,phase|scale=standard|clusters=2|seed=42|threshold=p99",200,0,0.001351667959908931,3.0,false,applicable,,dbscan,scenario=SRPI|source_lineage=srpi-200|terminal=T_OPO|phase=A,value_pu,standard_scaler_fit_on_calibration_group,explicit_effective_eps,explicit_effective_eps,all_observations,"dbscan|feature=value_pu|groups=scenario,source_lineage,terminal,phase|scale=standard|min_samples=2|eps=3.0",200,3.0,2,1,0,0.0,0,0,3,false,false,""
case.lis,34,T_MAN,A,1.1919259476201889,0.02484,-134302.64,SRPI,200,srpi-200,112677.0,absolute_phase_to_ground_maximum,1.6579768140784057,rejected,non_applicable,,Gaussian adequacy status: rejected.,1.2431039608793277,0.06948989589712162,-0.496749130690785,3.5,false,applicable,,0,0.2039000443464778,1.4646167600081432,false,applicable,,kmeans,scenario=SRPI|source_lineage=srpi-200|terminal=T_MAN|phase=A,value_pu,standard_scaler_fit_on_calibration_group,calibration_distance_percentile_99,42,2,all_observations,"kmeans|feature=value_pu|groups=scenario,source_lineage,terminal,phase|scale=standard|clusters=2|seed=42|threshold=p99",200,0,0.0038899658743790644,3.0,false,applicable,,dbscan,scenario=SRPI|source_lineage=srpi-200|terminal=T_MAN|phase=A,value_pu,standard_scaler_fit_on_calibration_group,explicit_effective_eps,explicit_effective_eps,all_observations,"dbscan|feature=value_pu|groups=scenario,source_lineage,terminal,phase|scale=standard|min_samples=2|eps=3.0",200,3.0,2,1,0,0.0,0,0,3,false,false,""
case.lis,34,1_2LT,A,1.3204717910487498,0.0248,-148786.8,SRPI,200,srpi-200,112677.0,absolute_phase_to_ground_maximum,2.4232717330313314,rejected,non_applicable,,Gaussian adequacy status: rejected.,1.7070286305102194,0.18248979827293954,-1.4287298717651964,3.5,false,applicable,,0,0.42260677371051103,1.2079243785947944,false,applicable,,kmeans,scenario=SRPI|source_lineage=srpi-200|terminal=1_2LT|phase=A,value_pu,standard_scaler_fit_on_calibration_group,calibration_distance_percentile_99,42,2,all_observations,"kmeans|feature=value_pu|groups=scenario,source_lineage,terminal,phase|scale=standard|clusters=2|seed=42|threshold=p99",200,0,0.0013469600817475058,3.0,false,applicable,,dbscan,scenario=SRPI|source_lineage=srpi-200|terminal=1_2LT|phase=A,value_pu,standard_scaler_fit_on_calibration_group,explicit_effective_eps,explicit_effective_eps,all_observations,"dbscan|feature=value_pu|groups=scenario,source_lineage,terminal,phase|scale=standard|min_samples=2|eps=3.0",200,3.0,2,1,0,0.0,0,0,3,false,false,""
case.lis,34,T_OPO,A,1.523317003470096,0.02463,-171642.79,SRPI,200,srpi-200,112677.0,absolute_phase_to_ground_maximum,2.1517703848351477,rejected,non_applicable,,Gaussian adequacy status: rejected.,1.7540467575459056,0.052284552304374454,-2.9764977862567563,3.5,false,applicable,,0,0.5298863256180557,1.7893062664422041,false,applicable,,kmeans,scenario=SRPI|source_lineage=srpi-200|terminal=T_OPO|phase=A,value_pu,standard_scaler_fit_on_calibration_group,calibration_distance_percentile_99,42,2,all_observations,"kmeans|feature=value_pu|groups=scenario,source_lineage,terminal,phase|scale=standard|clusters=2|seed=42|threshold=p99",200,0,0.027536702449821426,3.0,false,applicable,,dbscan,scenario=SRPI|source_lineage=srpi-200|terminal=T_OPO|phase=A,value_pu,standard_scaler_fit_on_calibration_group,explicit_effective_eps,explicit_effective_eps,all_observations,"dbscan|feature=value_pu|groups=scenario,source_lineage,terminal,phase|scale=standard|min_samples=2|eps=3.0",200,3.0,2,1,0,0.0,0,0,3,false,false,""
case.lis,35,T_MAN,A,1.226901763447731,0.04082,-138243.61,SRPI,200,srpi-200,112677.0,absolute_phase_to_ground_maximum,1.6579768140784057,rejected,non_applicable,,Gaussian adequacy status: rejected.,1.2431039608793277,0.06948989589712162,-0.15726338278653115,3.5,false,applicable,,0,0.07402306682005982,1.4646167600081432,false,applicable,,kmeans,scenario=SRPI|source_lineage=srpi-200|terminal=T_MAN|phase=A,value_pu,standard_scaler_fit_on_calibration_group,calibration_distance_percentile_99,42,2,all_observations,"kmeans|feature=value_pu|groups=scenario,source_lineage,terminal,phase|scale=standard|clusters=2|seed=42|threshold=p99",200,0,0.006974294146345372,3.0,false,applicable,,dbscan,scenario=SRPI|source_lineage=srpi-200|terminal=T_MAN|phase=A,value_pu,standard_scaler_fit_on_calibration_group,explicit_effective_eps,explicit_effective_eps,all_observations,"dbscan|feature=value_pu|groups=scenario,source_lineage,terminal,phase|scale=standard|min_samples=2|eps=3.0",200,3.0,2,1,0,0.0,0,0,3,false,false,""
case.lis,35,1_2LT,A,1.3391135280492028,0.03618,150887.295,SRPI,200,srpi-200,112677.0,absolute_phase_to_ground_maximum,2.4232717330313314,rejected,non_applicable,,Gaussian adequacy status: rejected.,1.7070286305102194,0.18248979827293954,-1.3598292501871567,3.5,false,applicable,,0,0.34745981708602236,1.2079243785947944,false,applicable,,kmeans,scenario=SRPI|source_lineage=srpi-200|terminal=1_2LT|phase=A,value_pu,standard_scaler_fit_on_calibration_group,calibration_distance_percentile_99,42,2,all_observations,"kmeans|feature=value_pu|groups=scenario,source_lineage,terminal,phase|scale=standard|clusters=2|seed=42|threshold=p99",200,0,0.004726524069061044,3.0,false,applicable,,dbscan,scenario=SRPI|source_lineage=srpi-200|terminal=1_2LT|phase=A,value_pu,standard_scaler_fit_on_calibration_group,explicit_effective_eps,explicit_effective_eps,all_observations,"dbscan|feature=value_pu|groups=scenario,source_lineage,terminal,phase|scale=standard|min_samples=2|eps=3.0",200,3.0,2,1,0,0.0,0,0,3,false,false,""
case.lis,35,T_OPO,A,1.5022416997257646,0.03602,169268.088,SRPI,200,srpi-200,112677.0,absolute_phase_to_ground_maximum,2.1517703848351477,rejected,non_applicable,,Gaussian adequacy status: rejected.,1.7540467575459056,0.052284552304374454,-3.248376873507376,3.5,false,applicable,,0,0.39008629914879367,1.7893062664422041,false,applicable,,kmeans,scenario=SRPI|source_lineage=srpi-200|terminal=T_OPO|phase=A,value_pu,standard_scaler_fit_on_calibration_group,calibration_distance_percentile_99,42,2,all_observations,"kmeans|feature=value_pu|groups=scenario,source_lineage,terminal,phase|scale=standard|clusters=2|seed=42|threshold=p99",200,0,0.03427455529597423,3.0,false,applicable,,dbscan,scenario=SRPI|source_lineage=srpi-200|terminal=T_OPO|phase=A,value_pu,standard_scaler_fit_on_calibration_group,explicit_effective_eps,explicit_effective_eps,all_observations,"dbscan|feature=value_pu|groups=scenario,source_lineage,terminal,phase|scale=standard|min_samples=2|eps=3.0",200,3.0,2,1,0,0.0,0,0,3,false,false,""
case.lis,36,T_MAN,A,1.431008102807139,0.02464,-161241.7,SRPI,200,srpi-200,112677.0,absolute_phase_to_ground_maximum,1.6579768140784057,rejected,non_applicable,,Gaussian adequacy status: rejected.,1.2431039608793277,0.06948989589712162,1.823853901541797,3.5,false,applicable,,1,0.23306709739405695,1.4646167600081432,false,applicable,,kmeans,scenario=SRPI|source_lineage=srpi-200|terminal=T_MAN|phase=A,value_pu,standard_scaler_fit_on_calibration_group,calibration_distance_percentile_99,42,2,all_observations,"kmeans|feature=value_pu|groups=scenario,source_lineage,terminal,phase|scale=standard|clusters=2|seed=42|threshold=p99",200,0,0.0024389860363569493,3.0,false,applicable,,dbscan,scenario=SRPI|source_lineage=srpi-200|terminal=T_MAN|phase=A,value_pu,standard_scaler_fit_on_calibration_group,explicit_effective_eps,explicit_effective_eps,all_observations,"dbscan|feature=value_pu|groups=scenario,source_lineage,terminal,phase|scale=standard|min_samples=2|eps=3.0",200,3.0,2,1,0,0.0,0,0,3,false,false,""
case.lis,36,1_2LT,A,1.9101112028186764,0.02477,-215225.6,SRPI,200,srpi-200,112677.0,absolute_phase_to_ground_maximum,2.4232717330313314,rejected,non_applicable,,Gaussian adequacy status: rejected.,1.7070286305102194,0.18248979827293954,0.7506014843670333,3.5,false,applicable,,1,0.2186099963722623,1.2079243785947944,false,applicable,,kmeans,scenario=SRPI|source_lineage=srpi-200|terminal=1_2LT|phase=A,value_pu,standard_scaler_fit_on_calibration_group,calibration_distance_percentile_99,42,2,all_observations,"kmeans|feature=value_pu|groups=scenario,source_lineage,terminal,phase|scale=standard|clusters=2|seed=42|threshold=p99",200,0,0.0005678697842645963,3.0,false,applicable,,dbscan,scenario=SRPI|source_lineage=srpi-200|terminal=1_2LT|phase=A,value_pu,standard_scaler_fit_on_calibration_group,explicit_effective_eps,explicit_effective_eps,all_observations,"dbscan|feature=value_pu|groups=scenario,source_lineage,terminal,phase|scale=standard|min_samples=2|eps=3.0",200,3.0,2,1,0,0.0,0,0,3,false,false,""
case.lis,36,T_OPO,A,1.805969541255092,0.0246,-203491.23,SRPI,200,srpi-200,112677.0,absolute_phase_to_ground_maximum,2.1517703848351477,rejected,non_applicable,,Gaussian adequacy status: rejected.,1.7540467575459056,0.052284552304374454,0.6698228036766464,3.5,false,applicable,,1,0.2641709253309949,1.7893062664422041,false,applicable,,kmeans,scenario=SRPI|source_lineage=srpi-200|terminal=T_OPO|phase=A,value_pu,standard_scaler_fit_on_calibration_group,calibration_distance_percentile_99,42,2,all_observations,"kmeans|feature=value_pu|groups=scenario,source_lineage,terminal,phase|scale=standard|clusters=2|seed=42|threshold=p99",200,0,0.0035398865169598004,3.0,false,applicable,,dbscan,scenario=SRPI|source_lineage=srpi-200|terminal=T_OPO|phase=A,value_pu,standard_scaler_fit_on_calibration_group,explicit_effective_eps,explicit_effective_eps,all_observations,"dbscan|feature=value_pu|groups=scenario,source_lineage,terminal,phase|scale=standard|min_samples=2|eps=3.0",200,3.0,2,1,0,0.0,0,0,3,false,false,""
case.lis,37,T_MAN,A,1.2086308652165039,0.04138,-136184.9,SRPI,200,srpi-200,112677.0,absolute_phase_to_ground_maximum,1.6579768140784057,rejected,non_applicable,,Gaussian adequacy status: rejected.,1.2431039608793277,0.06948989589712162,-0.3346061953600771,3.5,false,applicable,,0,0.07116024799575027,1.4646167600081432,false,applicable,,kmeans,scenario=SRPI|source_lineage=srpi-200|terminal=T_MAN|phase=A,value_pu,standard_scaler_fit_on_calibration_group,calibration_distance_percentile_99,42,2,all_observations,"kmeans|feature=value_pu|groups=scenario,source_lineage,terminal,phase|scale=standard|clusters=2|seed=42|threshold=p99",200,0,0.00011706568802571926,3.0,false,applicable,,dbscan,scenario=SRPI|source_lineage=srpi-200|terminal=T_MAN|phase=A,value_pu,standard_scaler_fit_on_calibration_group,explicit_effective_eps,explicit_effective_eps,all_observations,"dbscan|feature=value_pu|groups=scenario,source_lineage,terminal,phase|scale=standard|min_samples=2|eps=3.0",200,3.0,2,1,0,0.0,0,0,3,false,false,""
case.lis,37,1_2LT,A,1.5411780576337675,0.04031,-173655.32,SRPI,200,srpi-200,112677.0,absolute_phase_to_ground_maximum,2.4232717330313314,rejected,non_applicable,,Gaussian adequacy status: rejected.,1.7070286305102194,0.18248979827293954,-0.6129904933206498,3.5,false,applicable,,0,0.4670852244876226,1.2079243785947944,false,applicable,,kmeans,scenario=SRPI|source_lineage=srpi-200|terminal=1_2LT|phase=A,value_pu,standard_scaler_fit_on_calibration_group,calibration_distance_percentile_99,42,2,all_observations,"kmeans|feature=value_pu|groups=scenario,source_lineage,terminal,phase|scale=standard|clusters=2|seed=42|threshold=p99",200,0,0.02200764627165408,3.0,false,applicable,,dbscan,scenario=SRPI|source_lineage=srpi-200|terminal=1_2LT|phase=A,value_pu,standard_scaler_fit_on_calibration_group,explicit_effective_eps,explicit_effective_eps,all_observations,"dbscan|feature=value_pu|groups=scenario,source_lineage,terminal,phase|scale=standard|min_samples=2|eps=3.0",200,3.0,2,1,0,0.0,0,0,3,false,false,""
case.lis,37,T_OPO,A,1.684671672124746,0.04015,-189823.75,SRPI,200,srpi-200,112677.0,absolute_phase_to_ground_maximum,2.1517703848351477,rejected,non_applicable,,Gaussian adequacy status: rejected.,1.7540467575459056,0.052284552304374454,-0.8949638463603108,3.5,false,applicable,,1,0.5404412179055399,1.7893062664422041,false,applicable,,kmeans,scenario=SRPI|source_lineage=srpi-200|terminal=T_OPO|phase=A,value_pu,standard_scaler_fit_on_calibration_group,calibration_distance_percentile_99,42,2,all_observations,"kmeans|feature=value_pu|groups=scenario,source_lineage,terminal,phase|scale=standard|clusters=2|seed=42|threshold=p99",200,0,0.010686771984427787,3.0,false,applicable,,dbscan,scenario=SRPI|source_lineage=srpi-200|terminal=T_OPO|phase=A,value_pu,standard_scaler_fit_on_calibration_group,explicit_effective_eps,explicit_effective_eps,all_observations,"dbscan|feature=value_pu|groups=scenario,source_lineage,terminal,phase|scale=standard|min_samples=2|eps=3.0",200,3.0,2,1,0,0.0,0,0,3,false,false,""
case.lis,38,T_MAN,A,1.2075915404208488,0.03329,136067.792,SRPI,200,srpi-200,112677.0,absolute_phase_to_ground_maximum,1.6579768140784057,rejected,non_applicable,,Gaussian adequacy status: rejected.,1.2431039608793277,0.06948989589712162,-0.34469419323003797,3.5,false,applicable,,0,0.07941887967843198,1.4646167600081432,false,applicable,,kmeans,scenario=SRPI|source_lineage=srpi-200|terminal=T_MAN|phase=A,value_pu,standard_scaler_fit_on_calibration_group,calibration_distance_percentile_99,42,2,all_observations,"kmeans|feature=value_pu|groups=scenario,source_lineage,terminal,phase|scale=standard|clusters=2|seed=42|threshold=p99",200,0,0.007982892622332871,3.0,false,applicable,,dbscan,scenario=SRPI|source_lineage=srpi-200|terminal=T_MAN|phase=A,value_pu,standard_scaler_fit_on_calibration_group,explicit_effective_eps,explicit_effective_eps,all_observations,"dbscan|feature=value_pu|groups=scenario,source_lineage,terminal,phase|scale=standard|min_samples=2|eps=3.0",200,3.0,2,1,0,0.0,0,0,3,false,false,""
case.lis,38,1_2LT,A,1.6085046726483665,0.03339,181241.481,SRPI,200,srpi-200,112677.0,absolute_phase_to_ground_maximum,2.4232717330313314,rejected,non_applicable,,Gaussian adequacy status: rejected.,1.7070286305102194,0.18248979827293954,-0.36414857353932667,3.5,false,applicable,,0,0.7384864473486017,1.2079243785947944,false,applicable,,kmeans,scenario=SRPI|source_lineage=srpi-200|terminal=1_2LT|phase=A,value_pu,standard_scaler_fit_on_calibration_group,calibration_distance_percentile_99,42,2,all_observations,"kmeans|feature=value_pu|groups=scenario,source_lineage,terminal,phase|scale=standard|clusters=2|seed=42|threshold=p99",200,0,0.004929015279225735,3.0,false,applicable,,dbscan,scenario=SRPI|source_lineage=srpi-200|terminal=1_2LT|phase=A,value_pu,standard_scaler_fit_on_calibration_group,explicit_effective_eps,explicit_effective_eps,all_observations,"dbscan|feature=value_pu|groups=scenario,source_lineage,terminal,phase|scale=standard|min_samples=2|eps=3.0",200,3.0,2,1,0,0.0,0,0,3,false,false,""
case.lis,38,T_OPO,A,1.7157207060890864,0.03355,193322.262,SRPI,200,srpi-200,112677.0,absolute_phase_to_ground_maximum,2.1517703848351477,rejected,non_applicable,,Gaussian adequacy status: rejected.,1.7540467575459056,0.052284552304374454,-0.4944200099988095,3.5,false,applicable,,1,0.3344818721842559,1.7893062664422041,false,applicable,,kmeans,scenario=SRPI|source_lineage=srpi-200|terminal=T_OPO|phase=A,value_pu,standard_scaler_fit_on_calibration_group,calibration_distance_percentile_99,42,2,all_observations,"kmeans|feature=value_pu|groups=scenario,source_lineage,terminal,phase|scale=standard|clusters=2|seed=42|threshold=p99",200,0,0.032372447639845356,3.0,false,applicable,,dbscan,scenario=SRPI|source_lineage=srpi-200|terminal=T_OPO|phase=A,value_pu,standard_scaler_fit_on_calibration_group,explicit_effective_eps,explicit_effective_eps,all_observations,"dbscan|feature=value_pu|groups=scenario,source_lineage,terminal,phase|scale=standard|min_samples=2|eps=3.0",200,3.0,2,1,0,0.0,0,0,3,false,false,""
case.lis,39,T_MAN,A,1.3863488555783345,0.02481,-156209.63,SRPI,200,srpi-200,112677.0,absolute_phase_to_ground_maximum,1.6579768140784057,rejected,non_applicable,,Gaussian adequacy status: rejected.,1.2431039608793277,0.06948989589712162,1.3903778670993687,3.5,false,applicable,,1,0.5879362159125469,1.4646167600081432,false,applicable,,kmeans,scenario=SRPI|source_lineage=srpi-200|terminal=T_MAN|phase=A,value_pu,standard_scaler_fit_on_calibration_group,calibration_distance_percentile_99,42,2,all_observations,"kmeans|feature=value_pu|groups=scenario,source_lineage,terminal,phase|scale=standard|clusters=2|seed=42|threshold=p99",200,0,0.0033264990988832732,3.0,false,applicable,,dbscan,scenario=SRPI|source_lineage=srpi-200|terminal=T_MAN|phase=A,value_pu,standard_scaler_fit_on_calibration_group,explicit_effective_eps,explicit_effective_eps,all_observations,"dbscan|feature=value_pu|groups=scenario,source_lineage,terminal,phase|scale=standard|min_samples=2|eps=3.0",200,3.0,2,1,0,0.0,0,0,3,false,false,""
case.lis,39,1_2LT,A,1.898967136150235,0.0248,-213969.92,SRPI,200,srpi-200,112677.0,absolute_phase_to_ground_maximum,2.4232717330313314,rejected,non_applicable,,Gaussian adequacy status: rejected.,1.7070286305102194,0.18248979827293954,0.7094125586599453,3.5,false,applicable,,1,0.17368699941476695,1.2079243785947944,false,applicable,,kmeans,scenario=SRPI|source_lineage=srpi-200|terminal=1_2LT|phase=A,value_pu,standard_scaler_fit_on_calibration_group,calibration_distance_percentile_99,42,2,all_observations,"kmeans|feature=value_pu|groups=scenario,source_lineage,terminal,phase|scale=standard|clusters=2|seed=42|threshold=p99",200,0,0.003422673865096204,3.0,false,applicable,,dbscan,scenario=SRPI|source_lineage=srpi-200|terminal=1_2LT|phase=A,value_pu,standard_scaler_fit_on_calibration_group,explicit_effective_eps,explicit_effective_eps,all_observations,"dbscan|feature=value_pu|groups=scenario,source_lineage,terminal,phase|scale=standard|min_samples=2|eps=3.0",200,3.0,2,1,0,0.0,0,0,3,false,false,""
case.lis,39,T_OPO,A,1.8033095485325312,0.02498,-203191.51,SRPI,200,srpi-200,112677.0,absolute_phase_to_ground_maximum,2.1517703848351477,rejected,non_applicable,,Gaussian adequacy status: rejected.,1.7540467575459056,0.052284552304374454,0.6355079296289764,3.5,false,applicable,,1,0.24652624236304183,1.7893062664422041,false,applicable,,kmeans,scenario=SRPI|source_lineage=srpi-200|terminal=T_OPO|phase=A,value_pu,standard_scaler_fit_on_calibration_group,calibration_distance_percentile_99,42,2,all_observations,"kmeans|feature=value_pu|groups=scenario,source_lineage,terminal,phase|scale=standard|clusters=2|seed=42|threshold=p99",200,0,0.000595181318583049,3.0,false,applicable,,dbscan,scenario=SRPI|source_lineage=srpi-200|terminal=T_OPO|phase=A,value_pu,standard_scaler_fit_on_calibration_group,explicit_effective_eps,explicit_effective_eps,all_observations,"dbscan|feature=value_pu|groups=scenario,source_lineage,terminal,phase|scale=standard|min_samples=2|eps=3.0",200,3.0,2,1,0,0.0,0,0,3,false,false,""
case.lis,40,T_MAN,A,1.5457856527951577,0.02552,-174174.49,SRPI,200,srpi-200,112677.0,absolute_phase_to_ground_maximum,1.6579768140784057,rejected,non_applicable,,Gaussian adequacy status: rejected.,1.2431039608793277,0.06948989589712162,2.937919191467546,3.5,false,applicable,,1,0.6789726372051679,1.4646167600081432,false,applicable,,kmeans,scenario=SRPI|source_lineage=srpi-200|terminal=T_MAN|phase=A,value_pu,standard_scaler_fit_on_calibration_group,calibration_distance_percentile_99,42,2,all_observations,"kmeans|feature=value_pu|groups=scenario,source_lineage,terminal,phase|scale=standard|clusters=2|seed=42|threshold=p99",200,0,0.037301641580734124,3.0,false,applicable,,dbscan,scenario=SRPI|source_lineage=srpi-200|terminal=T_MAN|phase=A,value_pu,standard_scaler_fit_on_calibration_group,explicit_effective_eps,explicit_effective_eps,all_observations,"dbscan|feature=value_pu|groups=scenario,source_lineage,terminal,phase|scale=standard|min_samples=2|eps=3.0",200,3.0,2,1,0,0.0,0,0,3,false,false,""
case.lis,40,1_2LT,A,2.0061026651401797,0.02563,-226041.63,SRPI,200,srpi-200,112677.0,absolute_phase_to_ground_maximum,2.4232717330313314,rejected,non_applicable,,Gaussian adequacy status: rejected.,1.7070286305102194,0.18248979827293954,1.1053898509219218,3.5,false,applicable,,1,0.6055624705553244,1.2079243785947944,false,applicable,,kmeans,scenario=SRPI|source_lineage=srpi-200|terminal=1_2LT|phase=A,value_pu,standard_scaler_fit_on_calibration_group,calibration_distance_percentile_99,42,2,all_observations,"kmeans|feature=value_pu|groups=scenario,source_lineage,terminal,phase|scale=standard|clusters=2|seed=42|threshold=p99",200,0,0.002054963800680598,3.0,false,applicable,,dbscan,scenario=SRPI|source_lineage=srpi-200|terminal=1_2LT|phase=A,value_pu,standard_scaler_fit_on_calibration_group,explicit_effective_eps,explicit_effective_eps,all_observations,"dbscan|feature=value_pu|groups=scenario,source_lineage,terminal,phase|scale=standard|min_samples=2|eps=3.0",200,3.0,2,1,0,0.0,0,0,3,false,false,""
case.lis,40,T_OPO,A,1.8204464975105834,0.02577,-205122.45,SRPI,200,srpi-200,112677.0,absolute_phase_to_ground_maximum,2.1517703848351477,rejected,non_applicable,,Gaussian adequacy status: rejected.,1.7540467575459056,0.052284552304374454,0.856580807293501,3.5,false,applicable,,1,0.3602017532736956,1.7893062664422041,false,applicable,,kmeans,scenario=SRPI|source_lineage=srpi-200|terminal=T_OPO|phase=A,value_pu,standard_scaler_fit_on_calibration_group,calibration_distance_percentile_99,42,2,all_observations,"kmeans|feature=value_pu|groups=scenario,source_lineage,terminal,phase|scale=standard|clusters=2|seed=42|threshold=p99",200,0,0.0003661748567351797,3.0,false,applicable,,dbscan,scenario=SRPI|source_lineage=srpi-200|terminal=T_OPO|phase=A,value_pu,standard_scaler_fit_on_calibration_group,explicit_effective_eps,explicit_effective_eps,all_observations,"dbscan|feature=value_pu|groups=scenario,source_lineage,terminal,phase|scale=standard|min_samples=2|eps=3.0",200,3.0,2,1,0,0.0,0,0,3,false,false,""
case.lis,41,T_MAN,A,1.2536487659415854,0.03386,141257.382,SRPI,200,srpi-200,112677.0,absolute_phase_to_ground_maximum,1.6579768140784057,rejected,non_applicable,,Gaussian adequacy status: rejected.,1.2431039608793277,0.06948989589712162,0.10235103737726473,3.5,false,applicable,,0,0.28655878533266244,1.4646167600081432,false,applicable,,kmeans,scenario=SRPI|source_lineage=srpi-200|terminal=T_MAN|phase=A,value_pu,standard_scaler_fit_on_calibration_group,calibration_distance_percentile_99,42,2,all_observations,"kmeans|feature=value_pu|groups=scenario,source_lineage,terminal,phase|scale=standard|clusters=2|seed=42|threshold=p99",200,0,0.030249562221201953,3.0,false,applicable,,dbscan,scenario=SRPI|source_lineage=srpi-200|terminal=T_MAN|phase=A,value_pu,standard_scaler_fit_on_calibration_group,explicit_effective_eps,explicit_effective_eps,all_observations,"dbscan|feature=value_pu|groups=scenario,source_lineage,terminal,phase|scale=standard|min_samples=2|eps=3.0",200,3.0,2,1,0,0.0,0,0,3,false,false,""
case.lis,41,1_2LT,A,1.6636065745449382,0.0325,187450.198,SRPI,200,srpi-200,112677.0,absolute_phase_to_ground_maximum,2.4232717330313314,rejected,non_applicable,,Gaussian adequacy status: rejected.,1.7070286305102194,0.18248979827293954,-0.16048969289351056,3.5,false,applicable,,1,0.7750781244381597,1.2079243785947944,false,applicable,,kmeans,scenario=SRPI|source_lineage=srpi-200|terminal=1_2LT|phase=A,value_pu,standard_scaler_fit_on_calibration_group,calibration_distance_percentile_99,42,2,all_observations,"kmeans|feature=value_pu|groups=scenario,source_lineage,terminal,phase|scale=standard|clusters=2|seed=42|threshold=p99",200,0,0.026044233417037668,3.0,false,applicable,,dbscan,scenario=SRPI|source_lineage=srpi-200|terminal=1_2LT|phase=A,value_pu,standard_scaler_fit_on_calibration_group,explicit_effective_eps,explicit_effective_eps,all_observations,"dbscan|feature=value_pu|groups=scenario,source_lineage,terminal,phase|scale=standard|min_samples=2|eps=3.0",200,3.0,2,1,0,0.0,0,0,3,false,false,""
case.lis,41,T_OPO,A,1.7415734710721797,0.03266,196235.274,SRPI,200,srpi-200,112677.0,absolute_phase_to_ground_maximum,2.1517703848351477,rejected,non_applicable,,Gaussian adequacy status: rejected.,1.7540467575459056,0.052284552304374454,-0.16090993433032785,3.5,false,applicable,,1,0.16299123685179184,1.7893062664422041,false,applicable,,kmeans,scenario=SRPI|source_lineage=srpi-200|terminal=T_OPO|phase=A,value_pu,standard_scaler_fit_on_calibration_group,calibration_distance_percentile_99,42,2,all_observations,"kmeans|feature=value_pu|groups=scenario,source_lineage,terminal,phase|scale=standard|clusters=2|seed=42|threshold=p99",200,0,0.002637047674049431,3.0,false,applicable,,dbscan,scenario=SRPI|source_lineage=srpi-200|terminal=T_OPO|phase=A,value_pu,standard_scaler_fit_on_calibration_group,explicit_effective_eps,explicit_effective_eps,all_observations,"dbscan|feature=value_pu|groups=scenario,source_lineage,terminal,phase|scale=standard|min_samples=2|eps=3.0",200,3.0,2,1,0,0.0,0,0,3,false,false,""
case.lis,42,T_MAN,A,1.3271090817114408,0.02496,-149534.67,SRPI,200,srpi-200,112677.0,absolute_phase_to_ground_maximum,1.6579768140784057,rejected,non_applicable,,Gaussian adequacy status: rejected.,1.2431039608793277,0.06948989589712162,0.8153788724785035,3.5,false,applicable,,0,0.8702855411774082,1.4646167600081432,false,applicable,,kmeans,scenario=SRPI|source_lineage=srpi-200|terminal=T_MAN|phase=A,value_pu,standard_scaler_fit_on_calibration_group,calibration_distance_percentile_99,42,2,all_observations,"kmeans|feature=value_pu|groups=scenario,source_lineage,terminal,phase|scale=standard|clusters=2|seed=42|threshold=p99",200,0,0.0044331929797146175,3.0,false,applicable,,dbscan,scenario=SRPI|source_lineage=srpi-200|terminal=T_MAN|phase=A,value_pu,standard_scaler_fit_on_calibration_group,explicit_effective_eps,explicit_effective_eps,all_observations,"dbscan|feature=value_pu|groups=scenario,source_lineage,terminal,phase|scale=standard|min_samples=2|eps=3.0",200,3.0,2,1,0,0.0,0,0,3,false,false,""
case.lis,42,1_2LT,A,1.9249167088225636,0.02491,-216893.84,SRPI,200,srpi-200,112677.0,absolute_phase_to_ground_maximum,2.4232717330313314,rejected,non_applicable,,Gaussian adequacy status: rejected.,1.7070286305102194,0.18248979827293954,0.8053232394492146,3.5,false,applicable,,1,0.2782926706558164,1.2079243785947944,false,applicable,,kmeans,scenario=SRPI|source_lineage=srpi-200|terminal=1_2LT|phase=A,value_pu,standard_scaler_fit_on_calibration_group,calibration_distance_percentile_99,42,2,all_observations,"kmeans|feature=value_pu|groups=scenario,source_lineage,terminal,phase|scale=standard|clusters=2|seed=42|threshold=p99",200,0,0.003805117511148537,3.0,false,applicable,,dbscan,scenario=SRPI|source_lineage=srpi-200|terminal=1_2LT|phase=A,value_pu,standard_scaler_fit_on_calibration_group,explicit_effective_eps,explicit_effective_eps,all_observations,"dbscan|feature=value_pu|groups=scenario,source_lineage,terminal,phase|scale=standard|min_samples=2|eps=3.0",200,3.0,2,1,0,0.0,0,0,3,false,false,""
case.lis,42,T_OPO,A,1.7949559359940361,0.02506,-202250.25,SRPI,200,srpi-200,112677.0,absolute_phase_to_ground_maximum,2.1517703848351477,rejected,non_applicable,,Gaussian adequacy status: rejected.,1.7540467575459056,0.052284552304374454,0.5277432881432158,3.5,false,applicable,,1,0.19111374306230539,1.7893062664422041,false,applicable,,kmeans,scenario=SRPI|source_lineage=srpi-200|terminal=T_OPO|phase=A,value_pu,standard_scaler_fit_on_calibration_group,calibration_distance_percentile_99,42,2,all_observations,"kmeans|feature=value_pu|groups=scenario,source_lineage,terminal,phase|scale=standard|clusters=2|seed=42|threshold=p99",200,0,0.001351667959908931,3.0,false,applicable,,dbscan,scenario=SRPI|source_lineage=srpi-200|terminal=T_OPO|phase=A,value_pu,standard_scaler_fit_on_calibration_group,explicit_effective_eps,explicit_effective_eps,all_observations,"dbscan|feature=value_pu|groups=scenario,source_lineage,terminal,phase|scale=standard|min_samples=2|eps=3.0",200,3.0,2,1,0,0.0,0,0,3,false,false,""
case.lis,43,T_MAN,A,1.330390709727806,0.03466,149904.434,SRPI,200,srpi-200,112677.0,absolute_phase_to_ground_maximum,1.6579768140784057,rejected,non_applicable,,Gaussian adequacy status: rejected.,1.2431039608793277,0.06948989589712162,0.8472313372493757,3.5,false,applicable,,0,0.8963618526635093,1.4646167600081432,false,applicable,,kmeans,scenario=SRPI|source_lineage=srpi-200|terminal=T_MAN|phase=A,value_pu,standard_scaler_fit_on_calibration_group,calibration_distance_percentile_99,42,2,all_observations,"kmeans|feature=value_pu|groups=scenario,source_lineage,terminal,phase|scale=standard|clusters=2|seed=42|threshold=p99",200,0,0.013391609495088053,3.0,false,applicable,,dbscan,scenario=SRPI|source_lineage=srpi-200|terminal=T_MAN|phase=A,value_pu,standard_scaler_fit_on_calibration_group,explicit_effective_eps,explicit_effective_eps,all_observations,"dbscan|feature=value_pu|groups=scenario,source_lineage,terminal,phase|scale=standard|min_samples=2|eps=3.0",200,3.0,2,1,0,0.0,0,0,3,false,false,""
case.lis,43,1_2LT,A,1.7976913655848132,0.03476,202558.47,SRPI,200,srpi-200,112677.0,absolute_phase_to_ground_maximum,2.4232717330313314,rejected,non_applicable,,Gaussian adequacy status: rejected.,1.7070286305102194,0.18248979827293954,0.33509317294052887,3.5,false,applicable,,1,0.23456712076761999,1.2079243785947944,false,applicable,,kmeans,scenario=SRPI|source_lineage=srpi-200|terminal=1_2LT|phase=A,value_pu,standard_scaler_fit_on_calibration_group,calibration_distance_percentile_99,42,2,all_observations,"kmeans|feature=value_pu|groups=scenario,source_lineage,terminal,phase|scale=standard|clusters=2|seed=42|threshold=p99",200,0,0.0005570297071139652,3.0,false,applicable,,dbscan,scenario=SRPI|source_lineage=srpi-200|terminal=1_2LT|phase=A,value_pu,standard_scaler_fit_on_calibration_group,explicit_effective_eps,explicit_effective_eps,all_observations,"dbscan|feature=value_pu|groups=scenario,source_lineage,terminal,phase|scale=standard|min_samples=2|eps=3.0",200,3.0,2,1,0,0.0,0,0,3,false,false,""
case.lis,43,T_OPO,A,1.748109312459508,0.03492,196971.713,SRPI,200,srpi-200,112677.0,absolute_phase_to_ground_maximum,2.1517703848351477,rejected,non_applicable,,Gaussian adequacy status: rejected.,1.7540467575459056,0.052284552304374454,-0.0765952021509842,3.5,false,applicable,,1,0.11963666364934672,1.7893062664422041,false,applicable,,kmeans,scenario=SRPI|source_lineage=srpi-200|terminal=T_OPO|phase=A,value_pu,standard_scaler_fit_on_calibration_group,calibration_distance_percentile_99,42,2,all_observations,"kmeans|feature=value_pu|groups=scenario,source_lineage,terminal,phase|scale=standard|clusters=2|seed=42|threshold=p99",200,0,0.008993360448417975,3.0,false,applicable,,dbscan,scenario=SRPI|source_lineage=srpi-200|terminal=T_OPO|phase=A,value_pu,standard_scaler_fit_on_calibration_group,explicit_effective_eps,explicit_effective_eps,all_observations,"dbscan|feature=value_pu|groups=scenario,source_lineage,terminal,phase|scale=standard|min_samples=2|eps=3.0",200,3.0,2,1,0,0.0,0,0,3,false,false,""
case.lis,44,T_MAN,A,1.20284559404315,0.03375,135533.033,SRPI,200,srpi-200,112677.0,absolute_phase_to_ground_maximum,1.6579768140784057,rejected,non_applicable,,Gaussian adequacy status: rejected.,1.2431039608793277,0.06948989589712162,-0.3907597707562622,3.5,false,applicable,,0,0.1171308858607426,1.4646167600081432,false,applicable,,kmeans,scenario=SRPI|source_lineage=srpi-200|terminal=T_MAN|phase=A,value_pu,standard_scaler_fit_on_calibration_group,calibration_distance_percentile_99,42,2,all_observations,"kmeans|feature=value_pu|groups=scenario,source_lineage,terminal,phase|scale=standard|clusters=2|seed=42|threshold=p99",200,0,0.004630935262378344,3.0,false,applicable,,dbscan,scenario=SRPI|source_lineage=srpi-200|terminal=T_MAN|phase=A,value_pu,standard_scaler_fit_on_calibration_group,explicit_effective_eps,explicit_effective_eps,all_observations,"dbscan|feature=value_pu|groups=scenario,source_lineage,terminal,phase|scale=standard|min_samples=2|eps=3.0",200,3.0,2,1,0,0.0,0,0,3,false,false,""
case.lis,44,1_2LT,A,1.683726492540625,0.027,-189717.25,SRPI,200,srpi-200,112677.0,absolute_phase_to_ground_maximum,2.4232717330313314,rejected,non_applicable,,Gaussian adequacy status: rejected.,1.7070286305102194,0.18248979827293954,-0.08612565396471766,3.5,false,applicable,,1,0.6939724525325106,1.2079243785947944,false,applicable,,kmeans,scenario=SRPI|source_lineage=srpi-200|terminal=1_2LT|phase=A,value_pu,standard_scaler_fit_on_calibration_group,calibration_distance_percentile_99,42,2,all_observations,"kmeans|feature=value_pu|groups=scenario,source_lineage,terminal,phase|scale=standard|clusters=2|seed=42|threshold=p99",200,0,0.012952854697409812,3.0,false,applicable,,dbscan,scenario=SRPI|source_lineage=srpi-200|terminal=1_2LT|phase=A,value_pu,standard_scaler_fit_on_calibration_group,explicit_effective_eps,explicit_effective_eps,all_observations,"dbscan|feature=value_pu|groups=scenario,source_lineage,terminal,phase|scale=standard|min_samples=2|eps=3.0",200,3.0,2,1,0,0.0,0,0,3,false,false,""
case.lis,44,T_OPO,A,1.674167931343575,0.02714,-188640.22,SRPI,200,srpi-200,112677.0,absolute_phase_to_ground_maximum,2.1517703848351477,rejected,non_applicable,,Gaussian adequacy status: rejected.,1.7540467575459056,0.052284552304374454,-1.0304659245721104,3.5,false,applicable,,1,0.6101162867466663,1.7893062664422041,false,applicable,,kmeans,scenario=SRPI|source_lineage=srpi-200|terminal=T_OPO|phase=A,value_pu,standard_scaler_fit_on_calibration_group,calibration_distance_percentile_99,42,2,all_observations,"kmeans|feature=value_pu|groups=scenario,source_lineage,terminal,phase|scale=standard|clusters=2|seed=42|threshold=p99",200,0,0.014806768957700805,3.0,false,applicable,,dbscan,scenario=SRPI|source_lineage=srpi-200|terminal=T_OPO|phase=A,value_pu,standard_scaler_fit_on_calibration_group,explicit_effective_eps,explicit_effective_eps,all_observations,"dbscan|feature=value_pu|groups=scenario,source_lineage,terminal,phase|scale=standard|min_samples=2|eps=3.0",200,3.0,2,1,0,0.0,0,0,3,false,false,""
case.lis,45,T_MAN,A,1.644656682375285,0.03304,185314.981,SRPI,200,srpi-200,112677.0,absolute_phase_to_ground_maximum,1.6579768140784057,rejected,non_applicable,,Gaussian adequacy status: rejected.,1.2431039608793277,0.06948989589712162,3.8975910283898374,3.5,true,applicable,,1,1.4646167600081432,1.4646167600081432,false,applicable,,kmeans,scenario=SRPI|source_lineage=srpi-200|terminal=T_MAN|phase=A,value_pu,standard_scaler_fit_on_calibration_group,calibration_distance_percentile_99,42,2,all_observations,"kmeans|feature=value_pu|groups=scenario,source_lineage,terminal,phase|scale=standard|clusters=2|seed=42|threshold=p99",200,0,0.07005112041326278,3.0,false,applicable,,dbscan,scenario=SRPI|source_lineage=srpi-200|terminal=T_MAN|phase=A,value_pu,standard_scaler_fit_on_calibration_group,explicit_effective_eps,explicit_effective_eps,all_observations,"dbscan|feature=value_pu|groups=scenario,source_lineage,terminal,phase|scale=standard|min_samples=2|eps=3.0",200,3.0,2,1,0,0.0,1,1,3,true,true,mad_modified_z
case.lis,45,1_2LT,A,2.155530835929249,0.03316,242878.748,SRPI,200,srpi-200,112677.0,absolute_phase_to_ground_maximum,2.4232717330313314,rejected,non_applicable,,Gaussian adequacy status: rejected.,1.7070286305102194,0.18248979827293954,1.6576824751760972,3.5,false,applicable,,1,1.2079243785947944,1.2079243785947944,false,applicable,,kmeans,scenario=SRPI|source_lineage=srpi-200|terminal=1_2LT|phase=A,value_pu,standard_scaler_fit_on_calibration_group,calibration_distance_percentile_99,42,2,all_observations,"kmeans|feature=value_pu|groups=scenario,source_lineage,terminal,phase|scale=standard|clusters=2|seed=42|threshold=p99",200,0,0.14171265058952365,3.0,false,applicable,,dbscan,scenario=SRPI|source_lineage=srpi-200|terminal=1_2LT|phase=A,value_pu,standard_scaler_fit_on_calibration_group,explicit_effective_eps,explicit_effective_eps,all_observations,"dbscan|feature=value_pu|groups=scenario,source_lineage,terminal,phase|scale=standard|min_samples=2|eps=3.0",200,3.0,2,1,0,0.0,1,0,3,false,false,""
case.lis,45,T_OPO,A,1.8736360126733937,0.03331,211115.685,SRPI,200,srpi-200,112677.0,absolute_phase_to_ground_maximum,2.1517703848351477,rejected,non_applicable,,Gaussian adequacy status: rejected.,1.7540467575459056,0.052284552304374454,1.5427449076641768,3.5,false,applicable,,1,0.7130268284353343,1.7893062664422041,false,applicable,,kmeans,scenario=SRPI|source_lineage=srpi-200|terminal=T_OPO|phase=A,value_pu,standard_scaler_fit_on_calibration_group,calibration_distance_percentile_99,42,2,all_observations,"kmeans|feature=value_pu|groups=scenario,source_lineage,terminal,phase|scale=standard|clusters=2|seed=42|threshold=p99",200,0,0.09701196462474959,3.0,false,applicable,,dbscan,scenario=SRPI|source_lineage=srpi-200|terminal=T_OPO|phase=A,value_pu,standard_scaler_fit_on_calibration_group,explicit_effective_eps,explicit_effective_eps,all_observations,"dbscan|feature=value_pu|groups=scenario,source_lineage,terminal,phase|scale=standard|min_samples=2|eps=3.0",200,3.0,2,1,0,0.0,0,0,3,false,false,""
case.lis,46,T_MAN,A,1.4831176726394917,0.02486,-167113.25,SRPI,200,srpi-200,112677.0,absolute_phase_to_ground_maximum,1.6579768140784057,rejected,non_applicable,,Gaussian adequacy status: rejected.,1.2431039608793277,0.06948989589712162,2.329644999445926,3.5,false,applicable,,1,0.1810034089457262,1.4646167600081432,false,applicable,,kmeans,scenario=SRPI|source_lineage=srpi-200|terminal=T_MAN|phase=A,value_pu,standard_scaler_fit_on_calibration_group,calibration_distance_percentile_99,42,2,all_observations,"kmeans|feature=value_pu|groups=scenario,source_lineage,terminal,phase|scale=standard|clusters=2|seed=42|threshold=p99",200,0,0.003994055606622027,3.0,false,applicable,,dbscan,scenario=SRPI|source_lineage=srpi-200|terminal=T_MAN|phase=A,value_pu,standard_scaler_fit_on_calibration_group,explicit_effective_eps,explicit_effective_eps,all_observations,"dbscan|feature=value_pu|groups=scenario,source_lineage,terminal,phase|scale=standard|min_samples=2|eps=3.0",200,3.0,2,1,0,0.0,0,0,3,false,false,""
case.lis,46,1_2LT,A,2.114477045004748,0.02489,-238252.93,SRPI,200,srpi-200,112677.0,absolute_phase_to_ground_maximum,2.4232717330313314,rejected,non_applicable,,Gaussian adequacy status: rejected.,1.7070286305102194,0.18248979827293954,1.5059459866308356,3.5,false,applicable,,1,1.0424318901105214,1.2079243785947944,false,applicable,,kmeans,scenario=SRPI|source_lineage=srpi-200|terminal=1_2LT|phase=A,value_pu,standard_scaler_fit_on_calibration_group,calibration_distance_percentile_99,42,2,all_observations,"kmeans|feature=value_pu|groups=scenario,source_lineage,terminal,phase|scale=standard|clusters=2|seed=42|threshold=p99",200,0,0.022352739948905187,3.0,false,applicable,,dbscan,scenario=SRPI|source_lineage=srpi-200|terminal=1_2LT|phase=A,value_pu,standard_scaler_fit_on_calibration_group,explicit_effective_eps,explicit_effective_eps,all_observations,"dbscan|feature=value_pu|groups=scenario,source_lineage,terminal,phase|scale=standard|min_samples=2|eps=3.0",200,3.0,2,1,0,0.0,1,0,3,false,false,""
case.lis,46,T_OPO,A,1.843195594486896,0.02503,-207685.75,SRPI,200,srpi-200,112677.0,absolute_phase_to_ground_maximum,2.1517703848351477,rejected,non_applicable,,Gaussian adequacy status: rejected.,1.7540467575459056,0.052284552304374454,1.1500524363018991,3.5,false,applicable,,1,0.5111046488153896,1.7893062664422041,false,applicable,,kmeans,scenario=SRPI|source_lineage=srpi-200|terminal=T_OPO|phase=A,value_pu,standard_scaler_fit_on_calibration_group,calibration_distance_percentile_99,42,2,all_observations,"kmeans|feature=value_pu|groups=scenario,source_lineage,terminal,phase|scale=standard|clusters=2|seed=42|threshold=p99",200,0,0.00035905151949033876,3.0,false,applicable,,dbscan,scenario=SRPI|source_lineage=srpi-200|terminal=T_OPO|phase=A,value_pu,standard_scaler_fit_on_calibration_group,explicit_effective_eps,explicit_effective_eps,all_observations,"dbscan|feature=value_pu|groups=scenario,source_lineage,terminal,phase|scale=standard|min_samples=2|eps=3.0",200,3.0,2,1,0,0.0,0,0,3,false,false,""
case.lis,47,T_MAN,A,1.2677802124657207,0.03258,142849.671,SRPI,200,srpi-200,112677.0,absolute_phase_to_ground_maximum,1.6579768140784057,rejected,non_applicable,,Gaussian adequacy status: rejected.,1.2431039608793277,0.06948989589712162,0.23951509141592014,3.5,false,applicable,,0,0.39884939215186127,1.4646167600081432,false,applicable,,kmeans,scenario=SRPI|source_lineage=srpi-200|terminal=T_MAN|phase=A,value_pu,standard_scaler_fit_on_calibration_group,calibration_distance_percentile_99,42,2,all_observations,"kmeans|feature=value_pu|groups=scenario,source_lineage,terminal,phase|scale=standard|clusters=2|seed=42|threshold=p99",200,0,0.004986998309872273,3.0,false,applicable,,dbscan,scenario=SRPI|source_lineage=srpi-200|terminal=T_MAN|phase=A,value_pu,standard_scaler_fit_on_calibration_group,explicit_effective_eps,explicit_effective_eps,all_observations,"dbscan|feature=value_pu|groups=scenario,source_lineage,terminal,phase|scale=standard|min_samples=2|eps=3.0",200,3.0,2,1,0,0.0,0,0,3,false,false,""
case.lis,47,1_2LT,A,1.6890054314545115,0.03271,190312.065,SRPI,200,srpi-200,112677.0,absolute_phase_to_ground_maximum,2.4232717330313314,rejected,non_applicable,,Gaussian adequacy status: rejected.,1.7070286305102194,0.18248979827293954,-0.06661448006335617,3.5,false,applicable,,1,0.6726924509116576,1.2079243785947944,false,applicable,,kmeans,scenario=SRPI|source_lineage=srpi-200|terminal=1_2LT|phase=A,value_pu,standard_scaler_fit_on_calibration_group,calibration_distance_percentile_99,42,2,all_observations,"kmeans|feature=value_pu|groups=scenario,source_lineage,terminal,phase|scale=standard|clusters=2|seed=42|threshold=p99",200,0,0.01600700171517251,3.0,false,applicable,,dbscan,scenario=SRPI|source_lineage=srpi-200|terminal=1_2LT|phase=A,value_pu,standard_scaler_fit_on_calibration_group,explicit_effective_eps,explicit_effective_eps,all_observations,"dbscan|feature=value_pu|groups=scenario,source_lineage,terminal,phase|scale=standard|min_samples=2|eps=3.0",200,3.0,2,1,0,0.0,0,0,3,false,false,""
case.lis,47,T_OPO,A,1.743231422561836,0.03256,196422.087,SRPI,200,srpi-200,112677.0,absolute_phase_to_ground_maximum,2.1517703848351477,rejected,non_applicable,,Gaussian adequacy status: rejected.,1.7540467575459056,0.052284552304374454,-0.13952175681308693,3.5,false,applicable,,1,0.15199345172136258,1.7893062664422041,false,applicable,,kmeans,scenario=SRPI|source_lineage=srpi-200|terminal=T_OPO|phase=A,value_pu,standard_scaler_fit_on_calibration_group,calibration_distance_percentile_99,42,2,all_observations,"kmeans|feature=value_pu|groups=scenario,source_lineage,terminal,phase|scale=standard|clusters=2|seed=42|threshold=p99",200,0,0.001906640688919381,3.0,false,applicable,,dbscan,scenario=SRPI|source_lineage=srpi-200|terminal=T_OPO|phase=A,value_pu,standard_scaler_fit_on_calibration_group,explicit_effective_eps,explicit_effective_eps,all_observations,"dbscan|feature=value_pu|groups=scenario,source_lineage,terminal,phase|scale=standard|min_samples=2|eps=3.0",200,3.0,2,1,0,0.0,0,0,3,false,false,""
case.lis,48,T_MAN,A,1.2722660702716615,0.03291,143355.124,SRPI,200,srpi-200,112677.0,absolute_phase_to_ground_maximum,1.6579768140784057,rejected,non_applicable,,Gaussian adequacy status: rejected.,1.2431039608793277,0.06948989589712162,0.28305617133671307,3.5,false,applicable,,0,0.43449469529003754,1.4646167600081432,false,applicable,,kmeans,scenario=SRPI|source_lineage=srpi-200|terminal=T_MAN|phase=A,value_pu,standard_scaler_fit_on_calibration_group,calibration_distance_percentile_99,42,2,all_observations,"kmeans|feature=value_pu|groups=scenario,source_lineage,terminal,phase|scale=standard|clusters=2|seed=42|threshold=p99",200,0,0.0055376301725813745,3.0,false,applicable,,dbscan,scenario=SRPI|source_lineage=srpi-200|terminal=T_MAN|phase=A,value_pu,standard_scaler_fit_on_calibration_group,explicit_effective_eps,explicit_effective_eps,all_observations,"dbscan|feature=value_pu|groups=scenario,source_lineage,terminal,phase|scale=standard|min_samples=2|eps=3.0",200,3.0,2,1,0,0.0,0,0,3,false,false,""
case.lis,48,1_2LT,A,1.753743266150146,0.03215,197606.53,SRPI,200,srpi-200,112677.0,absolute_phase_to_ground_maximum,2.4232717330313314,rejected,non_applicable,,Gaussian adequacy status: rejected.,1.7070286305102194,0.18248979827293954,0.17265920189220418,3.5,false,applicable,,1,0.41172689519558203,1.2079243785947944,false,applicable,,kmeans,scenario=SRPI|source_lineage=srpi-200|terminal=1_2LT|phase=A,value_pu,standard_scaler_fit_on_calibration_group,calibration_distance_percentile_99,42,2,all_observations,"kmeans|feature=value_pu|groups=scenario,source_lineage,terminal,phase|scale=standard|clusters=2|seed=42|threshold=p99",200,0,0.02911472999010878,3.0,false,applicable,,dbscan,scenario=SRPI|source_lineage=srpi-200|terminal=1_2LT|phase=A,value_pu,standard_scaler_fit_on_calibration_group,explicit_effective_eps,explicit_effective_eps,all_observations,"dbscan|feature=value_pu|groups=scenario,source_lineage,terminal,phase|scale=standard|min_samples=2|eps=3.0",200,3.0,2,1,0,0.0,0,0,3,false,false,""
case.lis,48,T_OPO,A,1.7494650904798672,0.0323,197124.478,SRPI,200,srpi-200,112677.0,absolute_phase_to_ground_maximum,2.1517703848351477,rejected,non_applicable,,Gaussian adequacy status: rejected.,1.7540467575459056,0.052284552304374454,-0.05910517234351972,3.5,false,applicable,,1,0.11064330320092874,1.7893062664422041,false,applicable,,kmeans,scenario=SRPI|source_lineage=srpi-200|terminal=T_OPO|phase=A,value_pu,standard_scaler_fit_on_calibration_group,calibration_distance_percentile_99,42,2,all_observations,"kmeans|feature=value_pu|groups=scenario,source_lineage,terminal,phase|scale=standard|clusters=2|seed=42|threshold=p99",200,0,0.008993360448417975,3.0,false,applicable,,dbscan,scenario=SRPI|source_lineage=srpi-200|terminal=T_OPO|phase=A,value_pu,standard_scaler_fit_on_calibration_group,explicit_effective_eps,explicit_effective_eps,all_observations,"dbscan|feature=value_pu|groups=scenario,source_lineage,terminal,phase|scale=standard|min_samples=2|eps=3.0",200,3.0,2,1,0,0.0,0,0,3,false,false,""
case.lis,49,T_MAN,A,1.2419568323615289,0.02554,-139939.97,SRPI,200,srpi-200,112677.0,absolute_phase_to_ground_maximum,1.6579768140784057,rejected,non_applicable,,Gaussian adequacy status: rejected.,1.2431039608793277,0.06948989589712162,-0.011134373097326818,3.5,false,applicable,,0,0.19365291654194833,1.4646167600081432,false,applicable,,kmeans,scenario=SRPI|source_lineage=srpi-200|terminal=T_MAN|phase=A,value_pu,standard_scaler_fit_on_calibration_group,calibration_distance_percentile_99,42,2,all_observations,"kmeans|feature=value_pu|groups=scenario,source_lineage,terminal,phase|scale=standard|clusters=2|seed=42|threshold=p99",200,0,0.004801526768000608,3.0,false,applicable,,dbscan,scenario=SRPI|source_lineage=srpi-200|terminal=T_MAN|phase=A,value_pu,standard_scaler_fit_on_calibration_group,explicit_effective_eps,explicit_effective_eps,all_observations,"dbscan|feature=value_pu|groups=scenario,source_lineage,terminal,phase|scale=standard|min_samples=2|eps=3.0",200,3.0,2,1,0,0.0,0,0,3,false,false,""
case.lis,49,1_2LT,A,1.7175125358325125,0.02387,-193524.16,SRPI,200,srpi-200,112677.0,absolute_phase_to_ground_maximum,2.4232717330313314,rejected,non_applicable,,Gaussian adequacy status: rejected.,1.7070286305102194,0.18248979827293954,0.03874894240025824,3.5,false,applicable,,1,0.557777079230824,1.2079243785947944,false,applicable,,kmeans,scenario=SRPI|source_lineage=srpi-200|terminal=1_2LT|phase=A,value_pu,standard_scaler_fit_on_calibration_group,calibration_distance_percentile_99,42,2,all_observations,"kmeans|feature=value_pu|groups=scenario,source_lineage,terminal,phase|scale=standard|clusters=2|seed=42|threshold=p99",200,0,0.002531784092037276,3.0,false,applicable,,dbscan,scenario=SRPI|source_lineage=srpi-200|terminal=1_2LT|phase=A,value_pu,standard_scaler_fit_on_calibration_group,explicit_effective_eps,explicit_effective_eps,all_observations,"dbscan|feature=value_pu|groups=scenario,source_lineage,terminal,phase|scale=standard|min_samples=2|eps=3.0",200,3.0,2,1,0,0.0,0,0,3,false,false,""
case.lis,49,T_OPO,A,1.8029951099159542,0.02385,-203156.08,SRPI,200,srpi-200,112677.0,absolute_phase_to_ground_maximum,2.1517703848351477,rejected,non_applicable,,Gaussian adequacy status: rejected.,1.7540467575459056,0.052284552304374454,0.6314515570562066,3.5,false,applicable,,1,0.2444404585729864,1.7893062664422041,false,applicable,,kmeans,scenario=SRPI|source_lineage=srpi-200|terminal=T_OPO|phase=A,value_pu,standard_scaler_fit_on_calibration_group,calibration_distance_percentile_99,42,2,all_observations,"kmeans|feature=value_pu|groups=scenario,source_lineage,terminal,phase|scale=standard|clusters=2|seed=42|threshold=p99",200,0,0.001876322352709181,3.0,false,applicable,,dbscan,scenario=SRPI|source_lineage=srpi-200|terminal=T_OPO|phase=A,value_pu,standard_scaler_fit_on_calibration_group,explicit_effective_eps,explicit_effective_eps,all_observations,"dbscan|feature=value_pu|groups=scenario,source_lineage,terminal,phase|scale=standard|min_samples=2|eps=3.0",200,3.0,2,1,0,0.0,0,0,3,false,false,""
case.lis,50,T_MAN,A,1.552219530161435,0.02559,-174899.44,SRPI,200,srpi-200,112677.0,absolute_phase_to_ground_maximum,1.6579768140784057,rejected,non_applicable,,Gaussian adequacy status: rejected.,1.2431039608793277,0.06948989589712162,3.000368332908156,3.5,false,applicable,,1,0.7300971977677173,1.4646167600081432,false,applicable,,kmeans,scenario=SRPI|source_lineage=srpi-200|terminal=T_MAN|phase=A,value_pu,standard_scaler_fit_on_calibration_group,calibration_distance_percentile_99,42,2,all_observations,"kmeans|feature=value_pu|groups=scenario,source_lineage,terminal,phase|scale=standard|clusters=2|seed=42|threshold=p99",200,0,0.02507250847203535,3.0,false,applicable,,dbscan,scenario=SRPI|source_lineage=srpi-200|terminal=T_MAN|phase=A,value_pu,standard_scaler_fit_on_calibration_group,explicit_effective_eps,explicit_effective_eps,all_observations,"dbscan|feature=value_pu|groups=scenario,source_lineage,terminal,phase|scale=standard|min_samples=2|eps=3.0",200,3.0,2,1,0,0.0,0,0,3,false,false,""
case.lis,50,1_2LT,A,1.986453224704243,0.0257,-223827.59,SRPI,200,srpi-200,112677.0,absolute_phase_to_ground_maximum,2.4232717330313314,rejected,non_applicable,,Gaussian adequacy status: rejected.,1.7070286305102194,0.18248979827293954,1.032764716275735,3.5,false,applicable,,1,0.5263533470654416,1.2079243785947944,false,applicable,,kmeans,scenario=SRPI|source_lineage=srpi-200|terminal=1_2LT|phase=A,value_pu,standard_scaler_fit_on_calibration_group,calibration_distance_percentile_99,42,2,all_observations,"kmeans|feature=value_pu|groups=scenario,source_lineage,terminal,phase|scale=standard|clusters=2|seed=42|threshold=p99",200,0,0.004363936009871283,3.0,false,applicable,,dbscan,scenario=SRPI|source_lineage=srpi-200|terminal=1_2LT|phase=A,value_pu,standard_scaler_fit_on_calibration_group,explicit_effective_eps,explicit_effective_eps,all_observations,"dbscan|feature=value_pu|groups=scenario,source_lineage,terminal,phase|scale=standard|min_samples=2|eps=3.0",200,3.0,2,1,0,0.0,0,0,3,false,false,""
case.lis,50,T_OPO,A,1.8065786274039954,0.02584,-203559.86,SRPI,200,srpi-200,112677.0,absolute_phase_to_ground_maximum,2.1517703848351477,rejected,non_applicable,,Gaussian adequacy status: rejected.,1.7540467575459056,0.052284552304374454,0.677680236633711,3.5,false,applicable,,1,0.2682112115717881,1.7893062664422041,false,applicable,,kmeans,scenario=SRPI|source_lineage=srpi-200|terminal=T_OPO|phase=A,value_pu,standard_scaler_fit_on_calibration_group,calibration_distance_percentile_99,42,2,all_observations,"kmeans|feature=value_pu|groups=scenario,source_lineage,terminal,phase|scale=standard|clusters=2|seed=42|threshold=p99",200,0,0.00020722435622366753,3.0,false,applicable,,dbscan,scenario=SRPI|source_lineage=srpi-200|terminal=T_OPO|phase=A,value_pu,standard_scaler_fit_on_calibration_group,explicit_effective_eps,explicit_effective_eps,all_observations,"dbscan|feature=value_pu|groups=scenario,source_lineage,terminal,phase|scale=standard|min_samples=2|eps=3.0",200,3.0,2,1,0,0.0,0,0,3,false,false,""
case.lis,51,T_MAN,A,1.2463957861852908,0.03233,140440.138,SRPI,200,srpi-200,112677.0,absolute_phase_to_ground_maximum,1.6579768140784057,rejected,non_applicable,,Gaussian adequacy status: rejected.,1.2431039608793277,0.06948989589712162,0.03195144271902891,3.5,false,applicable,,0,0.22892551355891416,1.4646167600081432,false,applicable,,kmeans,scenario=SRPI|source_lineage=srpi-200|terminal=T_MAN|phase=A,value_pu,standard_scaler_fit_on_calibration_group,calibration_distance_percentile_99,42,2,all_observations,"kmeans|feature=value_pu|groups=scenario,source_lineage,terminal,phase|scale=standard|clusters=2|seed=42|threshold=p99",200,0,0.007305181018765372,3.0,false,applicable,,dbscan,scenario=SRPI|source_lineage=srpi-200|terminal=T_MAN|phase=A,value_pu,standard_scaler_fit_on_calibration_group,explicit_effective_eps,explicit_effective_eps,all_observations,"dbscan|feature=value_pu|groups=scenario,source_lineage,terminal,phase|scale=standard|min_samples=2|eps=3.0",200,3.0,2,1,0,0.0,0,0,3,false,false,""
case.lis,51,1_2LT,A,1.671692075578867,0.03225,188361.248,SRPI,200,srpi-200,112677.0,absolute_phase_to_ground_maximum,2.4232717330313314,rejected,non_applicable,,Gaussian adequacy status: rejected.,1.7070286305102194,0.18248979827293954,-0.13060535073193885,3.5,false,applicable,,1,0.7424845525264258,1.2079243785947944,false,applicable,,kmeans,scenario=SRPI|source_lineage=srpi-200|terminal=1_2LT|phase=A,value_pu,standard_scaler_fit_on_calibration_group,calibration_distance_percentile_99,42,2,all_observations,"kmeans|feature=value_pu|groups=scenario,source_lineage,terminal,phase|scale=standard|clusters=2|seed=42|threshold=p99",200,0,0.0008792268517679239,3.0,false,applicable,,dbscan,scenario=SRPI|source_lineage=srpi-200|terminal=1_2LT|phase=A,value_pu,standard_scaler_fit_on_calibration_group,explicit_effective_eps,explicit_effective_eps,all_observations,"dbscan|feature=value_pu|groups=scenario,source_lineage,terminal,phase|scale=standard|min_samples=2|eps=3.0",200,3.0,2,1,0,0.0,0,0,3,false,false,""
case.lis,51,T_OPO,A,1.7644217808425855,0.03364,198809.753,SRPI,200,srpi-200,112677.0,absolute_phase_to_ground_maximum,2.1517703848351477,rejected,non_applicable,,Gaussian adequacy status: rejected.,1.7540467575459056,0.052284552304374454,0.133841575823739,3.5,false,applicable,,1,0.011430227367420442,1.7893062664422041,false,applicable,,kmeans,scenario=SRPI|source_lineage=srpi-200|terminal=T_OPO|phase=A,value_pu,standard_scaler_fit_on_calibration_group,calibration_distance_percentile_99,42,2,all_observations,"kmeans|feature=value_pu|groups=scenario,source_lineage,terminal,phase|scale=standard|clusters=2|seed=42|threshold=p99",200,0,0.001352609888801981,3.0,false,applicable,,dbscan,scenario=SRPI|source_lineage=srpi-200|terminal=T_OPO|phase=A,value_pu,standard_scaler_fit_on_calibration_group,explicit_effective_eps,explicit_effective_eps,all_observations,"dbscan|feature=value_pu|groups=scenario,source_lineage,terminal,phase|scale=standard|min_samples=2|eps=3.0",200,3.0,2,1,0,0.0,0,0,3,false,false,""
case.lis,52,T_MAN,A,1.4149092893847013,0.03363,159427.734,SRPI,200,srpi-200,112677.0,absolute_phase_to_ground_maximum,1.6579768140784057,rejected,non_applicable,,Gaussian adequacy status: rejected.,1.2431039608793277,0.06948989589712162,1.6675939949241616,3.5,false,applicable,,1,0.36099069850503485,1.4646167600081432,false,applicable,,kmeans,scenario=SRPI|source_lineage=srpi-200|terminal=T_MAN|phase=A,value_pu,standard_scaler_fit_on_calibration_group,calibration_distance_percentile_99,42,2,all_observations,"kmeans|feature=value_pu|groups=scenario,source_lineage,terminal,phase|scale=standard|clusters=2|seed=42|threshold=p99",200,0,0.001661980162464216,3.0,false,applicable,,dbscan,scenario=SRPI|source_lineage=srpi-200|terminal=T_MAN|phase=A,value_pu,standard_scaler_fit_on_calibration_group,explicit_effective_eps,explicit_effective_eps,all_observations,"dbscan|feature=value_pu|groups=scenario,source_lineage,terminal,phase|scale=standard|min_samples=2|eps=3.0",200,3.0,2,1,0,0.0,0,0,3,false,false,""
case.lis,52,1_2LT,A,1.9277415266647142,0.03375,217212.132,SRPI,200,srpi-200,112677.0,absolute_phase_to_ground_maximum,2.4232717330313314,rejected,non_applicable,,Gaussian adequacy status: rejected.,1.7070286305102194,0.18248979827293954,0.815763881604191,3.5,false,applicable,,1,0.28967983183350143,1.2079243785947944,false,applicable,,kmeans,scenario=SRPI|source_lineage=srpi-200|terminal=1_2LT|phase=A,value_pu,standard_scaler_fit_on_calibration_group,calibration_distance_percentile_99,42,2,all_observations,"kmeans|feature=value_pu|groups=scenario,source_lineage,terminal,phase|scale=standard|clusters=2|seed=42|threshold=p99",200,0,0.011387161177685012,3.0,false,applicable,,dbscan,scenario=SRPI|source_lineage=srpi-200|terminal=1_2LT|phase=A,value_pu,standard_scaler_fit_on_calibration_group,explicit_effective_eps,explicit_effective_eps,all_observations,"dbscan|feature=value_pu|groups=scenario,source_lineage,terminal,phase|scale=standard|min_samples=2|eps=3.0",200,3.0,2,1,0,0.0,0,0,3,false,false,""
case.lis,52,T_OPO,A,1.8080778597229248,0.03389,203728.789,SRPI,200,srpi-200,112677.0,absolute_phase_to_ground_maximum,2.1517703848351477,rejected,non_applicable,,Gaussian adequacy status: rejected.,1.7540467575459056,0.052284552304374454,0.6970208790933374,3.5,false,applicable,,1,0.27815615568327073,1.7893062664422041,false,applicable,,kmeans,scenario=SRPI|source_lineage=srpi-200|terminal=T_OPO|phase=A,value_pu,standard_scaler_fit_on_calibration_group,calibration_distance_percentile_99,42,2,all_observations,"kmeans|feature=value_pu|groups=scenario,source_lineage,terminal,phase|scale=standard|clusters=2|seed=42|threshold=p99",200,0,0.009737719755258945,3.0,false,applicable,,dbscan,scenario=SRPI|source_lineage=srpi-200|terminal=T_OPO|phase=A,value_pu,standard_scaler_fit_on_calibration_group,explicit_effective_eps,explicit_effective_eps,all_observations,"dbscan|feature=value_pu|groups=scenario,source_lineage,terminal,phase|scale=standard|min_samples=2|eps=3.0",200,3.0,2,1,0,0.0,0,0,3,false,false,""
case.lis,53,T_MAN,A,1.1939197174223666,0.03281,134527.292,SRPI,200,srpi-200,112677.0,absolute_phase_to_ground_maximum,1.6579768140784057,rejected,non_applicable,,Gaussian adequacy status: rejected.,1.2431039608793277,0.06948989589712162,-0.47739700361593324,3.5,false,applicable,,0,0.1880572485957417,1.4646167600081432,false,applicable,,kmeans,scenario=SRPI|source_lineage=srpi-200|terminal=T_MAN|phase=A,value_pu,standard_scaler_fit_on_calibration_group,calibration_distance_percentile_99,42,2,all_observations,"kmeans|feature=value_pu|groups=scenario,source_lineage,terminal,phase|scale=standard|clusters=2|seed=42|threshold=p99",200,0,0.000020662799149917532,3.0,false,applicable,,dbscan,scenario=SRPI|source_lineage=srpi-200|terminal=T_MAN|phase=A,value_pu,standard_scaler_fit_on_calibration_group,explicit_effective_eps,explicit_effective_eps,all_observations,"dbscan|feature=value_pu|groups=scenario,source_lineage,terminal,phase|scale=standard|min_samples=2|eps=3.0",200,3.0,2,1,0,0.0,0,0,3,false,false,""
case.lis,53,1_2LT,A,1.509412852667359,0.03246,170076.112,SRPI,200,srpi-200,112677.0,absolute_phase_to_ground_maximum,2.4232717330313314,rejected,non_applicable,,Gaussian adequacy status: rejected.,1.7070286305102194,0.18248979827293954,-0.7303959886715495,3.5,false,applicable,,0,0.3390360797260221,1.2079243785947944,false,applicable,,kmeans,scenario=SRPI|source_lineage=srpi-200|terminal=1_2LT|phase=A,value_pu,standard_scaler_fit_on_calibration_group,calibration_distance_percentile_99,42,2,all_observations,"kmeans|feature=value_pu|groups=scenario,source_lineage,terminal,phase|scale=standard|clusters=2|seed=42|threshold=p99",200,0,0.0015991439228175697,3.0,false,applicable,,dbscan,scenario=SRPI|source_lineage=srpi-200|terminal=1_2LT|phase=A,value_pu,standard_scaler_fit_on_calibration_group,explicit_effective_eps,explicit_effective_eps,all_observations,"dbscan|feature=value_pu|groups=scenario,source_lineage,terminal,phase|scale=standard|min_samples=2|eps=3.0",200,3.0,2,1,0,0.0,0,0,3,false,false,""
case.lis,53,T_OPO,A,1.7670283287627466,0.03263,199103.451,SRPI,200,srpi-200,112677.0,absolute_phase_to_ground_maximum,2.1517703848351477,rejected,non_applicable,,Gaussian adequacy status: rejected.,1.7540467575459056,0.052284552304374454,0.1674669924727882,3.5,false,applicable,,1,0.005859937113835811,1.7893062664422041,false,applicable,,kmeans,scenario=SRPI|source_lineage=srpi-200|terminal=T_OPO|phase=A,value_pu,standard_scaler_fit_on_calibration_group,calibration_distance_percentile_99,42,2,all_observations,"kmeans|feature=value_pu|groups=scenario,source_lineage,terminal,phase|scale=standard|clusters=2|seed=42|threshold=p99",200,0,0.005443112713646225,3.0,false,applicable,,dbscan,scenario=SRPI|source_lineage=srpi-200|terminal=T_OPO|phase=A,value_pu,standard_scaler_fit_on_calibration_group,explicit_effective_eps,explicit_effective_eps,all_observations,"dbscan|feature=value_pu|groups=scenario,source_lineage,terminal,phase|scale=standard|min_samples=2|eps=3.0",200,3.0,2,1,0,0.0,0,0,3,false,false,""
case.lis,54,T_MAN,A,1.2959269859864924,0.03483,146021.165,SRPI,200,srpi-200,112677.0,absolute_phase_to_ground_maximum,1.6579768140784057,rejected,non_applicable,,Gaussian adequacy status: rejected.,1.2431039608793277,0.06948989589712162,0.5127161085674993,3.5,false,applicable,,0,0.6225079024998241,1.4646167600081432,false,applicable,,kmeans,scenario=SRPI|source_lineage=srpi-200|terminal=T_MAN|phase=A,value_pu,standard_scaler_fit_on_calibration_group,calibration_distance_percentile_99,42,2,all_observations,"kmeans|feature=value_pu|groups=scenario,source_lineage,terminal,phase|scale=standard|clusters=2|seed=42|threshold=p99",200,0,0.00416887840217281,3.0,false,applicable,,dbscan,scenario=SRPI|source_lineage=srpi-200|terminal=T_MAN|phase=A,value_pu,standard_scaler_fit_on_calibration_group,explicit_effective_eps,explicit_effective_eps,all_observations,"dbscan|feature=value_pu|groups=scenario,source_lineage,terminal,phase|scale=standard|min_samples=2|eps=3.0",200,3.0,2,1,0,0.0,0,0,3,false,false,""
case.lis,54,1_2LT,A,1.7971528528448573,0.03494,202497.792,SRPI,200,srpi-200,112677.0,absolute_phase_to_ground_maximum,2.4232717330313314,rejected,non_applicable,,Gaussian adequacy status: rejected.,1.7070286305102194,0.18248979827293954,0.33310280785224566,3.5,false,applicable,,1,0.23673792671291483,1.2079243785947944,false,applicable,,kmeans,scenario=SRPI|source_lineage=srpi-200|terminal=1_2LT|phase=A,value_pu,standard_scaler_fit_on_calibration_group,calibration_distance_percentile_99,42,2,all_observations,"kmeans|feature=value_pu|groups=scenario,source_lineage,terminal,phase|scale=standard|clusters=2|seed=42|threshold=p99",200,0,0.0021708059452948403,3.0,false,applicable,,dbscan,scenario=SRPI|source_lineage=srpi-200|terminal=1_2LT|phase=A,value_pu,standard_scaler_fit_on_calibration_group,explicit_effective_eps,explicit_effective_eps,all_observations,"dbscan|feature=value_pu|groups=scenario,source_lineage,terminal,phase|scale=standard|min_samples=2|eps=3.0",200,3.0,2,1,0,0.0,0,0,3,false,false,""
case.lis,54,T_OPO,A,1.8271851220746027,0.0347,205881.738,SRPI,200,srpi-200,112677.0,absolute_phase_to_ground_maximum,2.1517703848351477,rejected,non_applicable,,Gaussian adequacy status: rejected.,1.7540467575459056,0.052284552304374454,0.9435115162415488,3.5,false,applicable,,1,0.40490145980436426,1.7893062664422041,false,applicable,,kmeans,scenario=SRPI|source_lineage=srpi-200|terminal=T_OPO|phase=A,value_pu,standard_scaler_fit_on_calibration_group,calibration_distance_percentile_99,42,2,all_observations,"kmeans|feature=value_pu|groups=scenario,source_lineage,terminal,phase|scale=standard|clusters=2|seed=42|threshold=p99",200,0,0.001099819722432338,3.0,false,applicable,,dbscan,scenario=SRPI|source_lineage=srpi-200|terminal=T_OPO|phase=A,value_pu,standard_scaler_fit_on_calibration_group,explicit_effective_eps,explicit_effective_eps,all_observations,"dbscan|feature=value_pu|groups=scenario,source_lineage,terminal,phase|scale=standard|min_samples=2|eps=3.0",200,3.0,2,1,0,0.0,0,0,3,false,false,""
case.lis,55,T_MAN,A,1.3261855036964065,0.03269,149430.604,SRPI,200,srpi-200,112677.0,absolute_phase_to_ground_maximum,1.6579768140784057,rejected,non_applicable,,Gaussian adequacy status: rejected.,1.2431039608793277,0.06948989589712162,0.8064143475413915,3.5,false,applicable,,0,0.8629466508822112,1.4646167600081432,false,applicable,,kmeans,scenario=SRPI|source_lineage=srpi-200|terminal=T_MAN|phase=A,value_pu,standard_scaler_fit_on_calibration_group,calibration_distance_percentile_99,42,2,all_observations,"kmeans|feature=value_pu|groups=scenario,source_lineage,terminal,phase|scale=standard|clusters=2|seed=42|threshold=p99",200,0,0.0007012657841704018,3.0,false,applicable,,dbscan,scenario=SRPI|source_lineage=srpi-200|terminal=T_MAN|phase=A,value_pu,standard_scaler_fit_on_calibration_group,explicit_effective_eps,explicit_effective_eps,all_observations,"dbscan|feature=value_pu|groups=scenario,source_lineage,terminal,phase|scale=standard|min_samples=2|eps=3.0",200,3.0,2,1,0,0.0,0,0,3,false,false,""
case.lis,55,1_2LT,A,1.7672872280944647,0.03281,199132.623,SRPI,200,srpi-200,112677.0,absolute_phase_to_ground_maximum,2.4232717330313314,rejected,non_applicable,,Gaussian adequacy status: rejected.,1.7070286305102194,0.18248979827293954,0.22271823858874149,3.5,false,applicable,,1,0.3571296481295651,1.2079243785947944,false,applicable,,kmeans,scenario=SRPI|source_lineage=srpi-200|terminal=1_2LT|phase=A,value_pu,standard_scaler_fit_on_calibration_group,calibration_distance_percentile_99,42,2,all_observations,"kmeans|feature=value_pu|groups=scenario,source_lineage,terminal,phase|scale=standard|clusters=2|seed=42|threshold=p99",200,0,0.015832701860768628,3.0,false,applicable,,dbscan,scenario=SRPI|source_lineage=srpi-200|terminal=1_2LT|phase=A,value_pu,standard_scaler_fit_on_calibration_group,explicit_effective_eps,explicit_effective_eps,all_observations,"dbscan|feature=value_pu|groups=scenario,source_lineage,terminal,phase|scale=standard|min_samples=2|eps=3.0",200,3.0,2,1,0,0.0,0,0,3,false,false,""
case.lis,55,T_OPO,A,1.7685427993290557,0.03135,199274.097,SRPI,200,srpi-200,112677.0,absolute_phase_to_ground_maximum,2.1517703848351477,rejected,non_applicable,,Gaussian adequacy status: rejected.,1.7540467575459056,0.052284552304374454,0.18700421386855487,3.5,false,applicable,,1,0.015905961969533033,1.7893062664422041,false,applicable,,kmeans,scenario=SRPI|source_lineage=srpi-200|terminal=T_OPO|phase=A,value_pu,standard_scaler_fit_on_calibration_group,calibration_distance_percentile_99,42,2,all_observations,"kmeans|feature=value_pu|groups=scenario,source_lineage,terminal,phase|scale=standard|clusters=2|seed=42|threshold=p99",200,0,0.004278711991561324,3.0,false,applicable,,dbscan,scenario=SRPI|source_lineage=srpi-200|terminal=T_OPO|phase=A,value_pu,standard_scaler_fit_on_calibration_group,explicit_effective_eps,explicit_effective_eps,all_observations,"dbscan|feature=value_pu|groups=scenario,source_lineage,terminal,phase|scale=standard|min_samples=2|eps=3.0",200,3.0,2,1,0,0.0,0,0,3,false,false,""
case.lis,56,T_MAN,A,1.2910721797704945,0.02405,-145474.14,SRPI,200,srpi-200,112677.0,absolute_phase_to_ground_maximum,1.6579768140784057,rejected,non_applicable,,Gaussian adequacy status: rejected.,1.2431039608793277,0.06948989589712162,0.46559390483407226,3.5,false,applicable,,0,0.5839308796131047,1.4646167600081432,false,applicable,,kmeans,scenario=SRPI|source_lineage=srpi-200|terminal=T_MAN|phase=A,value_pu,standard_scaler_fit_on_calibration_group,calibration_distance_percentile_99,42,2,all_observations,"kmeans|feature=value_pu|groups=scenario,source_lineage,terminal,phase|scale=standard|clusters=2|seed=42|threshold=p99",200,0,0.0004428750125305275,3.0,false,applicable,,dbscan,scenario=SRPI|source_lineage=srpi-200|terminal=T_MAN|phase=A,value_pu,standard_scaler_fit_on_calibration_group,explicit_effective_eps,explicit_effective_eps,all_observations,"dbscan|feature=value_pu|groups=scenario,source_lineage,terminal,phase|scale=standard|min_samples=2|eps=3.0",200,3.0,2,1,0,0.0,0,0,3,false,false,""
case.lis,56,1_2LT,A,1.5843593634903306,0.02398,-178520.86,SRPI,200,srpi-200,112677.0,absolute_phase_to_ground_maximum,2.4232717330313314,rejected,non_applicable,,Gaussian adequacy status: rejected.,1.7070286305102194,0.18248979827293954,-0.45339062266501606,3.5,false,applicable,,0,0.641153967014838,1.2079243785947944,false,applicable,,kmeans,scenario=SRPI|source_lineage=srpi-200|terminal=1_2LT|phase=A,value_pu,standard_scaler_fit_on_calibration_group,calibration_distance_percentile_99,42,2,all_observations,"kmeans|feature=value_pu|groups=scenario,source_lineage,terminal,phase|scale=standard|clusters=2|seed=42|threshold=p99",200,0,0.0024724677622750546,3.0,false,applicable,,dbscan,scenario=SRPI|source_lineage=srpi-200|terminal=1_2LT|phase=A,value_pu,standard_scaler_fit_on_calibration_group,explicit_effective_eps,explicit_effective_eps,all_observations,"dbscan|feature=value_pu|groups=scenario,source_lineage,terminal,phase|scale=standard|min_samples=2|eps=3.0",200,3.0,2,1,0,0.0,0,0,3,false,false,""
case.lis,56,T_OPO,A,1.758920897787481,0.02531,-198189.93,SRPI,200,srpi-200,112677.0,absolute_phase_to_ground_maximum,2.1517703848351477,rejected,non_applicable,,Gaussian adequacy status: rejected.,1.7540467575459056,0.052284552304374454,0.06287818273402097,3.5,false,applicable,,1,0.047919551841083485,1.7893062664422041,false,applicable,,kmeans,scenario=SRPI|source_lineage=srpi-200|terminal=T_OPO|phase=A,value_pu,standard_scaler_fit_on_calibration_group,calibration_distance_percentile_99,42,2,all_observations,"kmeans|feature=value_pu|groups=scenario,source_lineage,terminal,phase|scale=standard|clusters=2|seed=42|threshold=p99",200,0,0.009331571791172832,3.0,false,applicable,,dbscan,scenario=SRPI|source_lineage=srpi-200|terminal=T_OPO|phase=A,value_pu,standard_scaler_fit_on_calibration_group,explicit_effective_eps,explicit_effective_eps,all_observations,"dbscan|feature=value_pu|groups=scenario,source_lineage,terminal,phase|scale=standard|min_samples=2|eps=3.0",200,3.0,2,1,0,0.0,0,0,3,false,false,""
case.lis,57,T_MAN,A,1.3859302253343628,0.02494,-156162.46,SRPI,200,srpi-200,112677.0,absolute_phase_to_ground_maximum,1.6579768140784057,rejected,non_applicable,,Gaussian adequacy status: rejected.,1.2431039608793277,0.06948989589712162,1.3863145165210482,3.5,false,applicable,,1,0.5912627150114301,1.4646167600081432,false,applicable,,kmeans,scenario=SRPI|source_lineage=srpi-200|terminal=T_MAN|phase=A,value_pu,standard_scaler_fit_on_calibration_group,calibration_distance_percentile_99,42,2,all_observations,"kmeans|feature=value_pu|groups=scenario,source_lineage,terminal,phase|scale=standard|clusters=2|seed=42|threshold=p99",200,0,0.0033264990988832732,3.0,false,applicable,,dbscan,scenario=SRPI|source_lineage=srpi-200|terminal=T_MAN|phase=A,value_pu,standard_scaler_fit_on_calibration_group,explicit_effective_eps,explicit_effective_eps,all_observations,"dbscan|feature=value_pu|groups=scenario,source_lineage,terminal,phase|scale=standard|min_samples=2|eps=3.0",200,3.0,2,1,0,0.0,0,0,3,false,false,""
case.lis,57,1_2LT,A,1.8972571154716578,0.02491,-213777.24,SRPI,200,srpi-200,112677.0,absolute_phase_to_ground_maximum,2.4232717330313314,rejected,non_applicable,,Gaussian adequacy status: rejected.,1.7070286305102194,0.18248979827293954,0.7030922523675434,3.5,false,applicable,,1,0.16679371206944638,1.2079243785947944,false,applicable,,kmeans,scenario=SRPI|source_lineage=srpi-200|terminal=1_2LT|phase=A,value_pu,standard_scaler_fit_on_calibration_group,calibration_distance_percentile_99,42,2,all_observations,"kmeans|feature=value_pu|groups=scenario,source_lineage,terminal,phase|scale=standard|clusters=2|seed=42|threshold=p99",200,0,0.0015555331833846386,3.0,false,applicable,,dbscan,scenario=SRPI|source_lineage=srpi-200|terminal=1_2LT|phase=A,value_pu,standard_scaler_fit_on_calibration_group,explicit_effective_eps,explicit_effective_eps,all_observations,"dbscan|feature=value_pu|groups=scenario,source_lineage,terminal,phase|scale=standard|min_samples=2|eps=3.0",200,3.0,2,1,0,0.0,0,0,3,false,false,""
case.lis,57,T_OPO,A,1.7881505542391083,0.02505,-201483.44,SRPI,200,srpi-200,112677.0,absolute_phase_to_ground_maximum,2.1517703848351477,rejected,non_applicable,,Gaussian adequacy status: rejected.,1.7540467575459056,0.052284552304374454,0.43995138714062826,3.5,false,applicable,,1,0.1459712122113211,1.7893062664422041,false,applicable,,kmeans,scenario=SRPI|source_lineage=srpi-200|terminal=T_OPO|phase=A,value_pu,standard_scaler_fit_on_calibration_group,calibration_distance_percentile_99,42,2,all_observations,"kmeans|feature=value_pu|groups=scenario,source_lineage,terminal,phase|scale=standard|clusters=2|seed=42|threshold=p99",200,0,0.0017001816499213618,3.0,false,applicable,,dbscan,scenario=SRPI|source_lineage=srpi-200|terminal=T_OPO|phase=A,value_pu,standard_scaler_fit_on_calibration_group,explicit_effective_eps,explicit_effective_eps,all_observations,"dbscan|feature=value_pu|groups=scenario,source_lineage,terminal,phase|scale=standard|min_samples=2|eps=3.0",200,3.0,2,1,0,0.0,0,0,3,false,false,""
case.lis,58,T_MAN,A,1.2856806801743035,0.03348,144866.642,SRPI,200,srpi-200,112677.0,absolute_phase_to_ground_maximum,1.6579768140784057,rejected,non_applicable,,Gaussian adequacy status: rejected.,1.2431039608793277,0.06948989589712162,0.41326239434798767,3.5,false,applicable,,0,0.5410892101288268,1.4646167600081432,false,applicable,,kmeans,scenario=SRPI|source_lineage=srpi-200|terminal=T_MAN|phase=A,value_pu,standard_scaler_fit_on_calibration_group,calibration_distance_percentile_99,42,2,all_observations,"kmeans|feature=value_pu|groups=scenario,source_lineage,terminal,phase|scale=standard|clusters=2|seed=42|threshold=p99",200,0,0.02482977347313243,3.0,false,applicable,,dbscan,scenario=SRPI|source_lineage=srpi-200|terminal=T_MAN|phase=A,value_pu,standard_scaler_fit_on_calibration_group,explicit_effective_eps,explicit_effective_eps,all_observations,"dbscan|feature=value_pu|groups=scenario,source_lineage,terminal,phase|scale=standard|min_samples=2|eps=3.0",200,3.0,2,1,0,0.0,0,0,3,false,false,""
case.lis,58,1_2LT,A,1.6708691835955873,0.03349,188268.527,SRPI,200,srpi-200,112677.0,absolute_phase_to_ground_maximum,2.4232717330313314,rejected,non_applicable,,Gaussian adequacy status: rejected.,1.7070286305102194,0.18248979827293954,-0.13364679312210723,3.5,false,applicable,,1,0.7458017234624091,1.2079243785947944,false,applicable,,kmeans,scenario=SRPI|source_lineage=srpi-200|terminal=1_2LT|phase=A,value_pu,standard_scaler_fit_on_calibration_group,calibration_distance_percentile_99,42,2,all_observations,"kmeans|feature=value_pu|groups=scenario,source_lineage,terminal,phase|scale=standard|clusters=2|seed=42|threshold=p99",200,0,0.002128554687483849,3.0,false,applicable,,dbscan,scenario=SRPI|source_lineage=srpi-200|terminal=1_2LT|phase=A,value_pu,standard_scaler_fit_on_calibration_group,explicit_effective_eps,explicit_effective_eps,all_observations,"dbscan|feature=value_pu|groups=scenario,source_lineage,terminal,phase|scale=standard|min_samples=2|eps=3.0",200,3.0,2,1,0,0.0,0,0,3,false,false,""
case.lis,58,T_OPO,A,1.740696113670048,0.03344,196136.416,SRPI,200,srpi-200,112677.0,absolute_phase_to_ground_maximum,2.1517703848351477,rejected,non_applicable,,Gaussian adequacy status: rejected.,1.7540467575459056,0.052284552304374454,-0.17222816407343636,3.5,false,applicable,,1,0.16881106225165127,1.7893062664422041,false,applicable,,kmeans,scenario=SRPI|source_lineage=srpi-200|terminal=T_OPO|phase=A,value_pu,standard_scaler_fit_on_calibration_group,calibration_distance_percentile_99,42,2,all_observations,"kmeans|feature=value_pu|groups=scenario,source_lineage,terminal,phase|scale=standard|clusters=2|seed=42|threshold=p99",200,0,0.003182777725809993,3.0,false,applicable,,dbscan,scenario=SRPI|source_lineage=srpi-200|terminal=T_OPO|phase=A,value_pu,standard_scaler_fit_on_calibration_group,explicit_effective_eps,explicit_effective_eps,all_observations,"dbscan|feature=value_pu|groups=scenario,source_lineage,terminal,phase|scale=standard|min_samples=2|eps=3.0",200,3.0,2,1,0,0.0,0,0,3,false,false,""
case.lis,59,T_MAN,A,1.1649960772828527,0.03239,131268.263,SRPI,200,srpi-200,112677.0,absolute_phase_to_ground_maximum,1.6579768140784057,rejected,non_applicable,,Gaussian adequacy status: rejected.,1.2431039608793277,0.06948989589712162,-0.7581385209344267,3.5,false,applicable,,0,0.4178888583420677,1.4646167600081432,false,applicable,,kmeans,scenario=SRPI|source_lineage=srpi-200|terminal=T_MAN|phase=A,value_pu,standard_scaler_fit_on_calibration_group,calibration_distance_percentile_99,42,2,all_observations,"kmeans|feature=value_pu|groups=scenario,source_lineage,terminal,phase|scale=standard|clusters=2|seed=42|threshold=p99",200,0,0.003017967541588451,3.0,false,applicable,,dbscan,scenario=SRPI|source_lineage=srpi-200|terminal=T_MAN|phase=A,value_pu,standard_scaler_fit_on_calibration_group,explicit_effective_eps,explicit_effective_eps,all_observations,"dbscan|feature=value_pu|groups=scenario,source_lineage,terminal,phase|scale=standard|min_samples=2|eps=3.0",200,3.0,2,1,0,0.0,0,0,3,false,false,""
case.lis,59,1_2LT,A,1.434219743159651,0.03374,161603.578,SRPI,200,srpi-200,112677.0,absolute_phase_to_ground_maximum,2.4232717330313314,rejected,non_applicable,,Gaussian adequacy status: rejected.,1.7070286305102194,0.18248979827293954,-1.0083127934918716,3.5,false,applicable,,0,0.0359241251641258,1.2079243785947944,false,applicable,,kmeans,scenario=SRPI|source_lineage=srpi-200|terminal=1_2LT|phase=A,value_pu,standard_scaler_fit_on_calibration_group,calibration_distance_percentile_99,42,2,all_observations,"kmeans|feature=value_pu|groups=scenario,source_lineage,terminal,phase|scale=standard|clusters=2|seed=42|threshold=p99",200,0,0.012338619434633324,3.0,false,applicable,,dbscan,scenario=SRPI|source_lineage=srpi-200|terminal=1_2LT|phase=A,value_pu,standard_scaler_fit_on_calibration_group,explicit_effective_eps,explicit_effective_eps,all_observations,"dbscan|feature=value_pu|groups=scenario,source_lineage,terminal,phase|scale=standard|min_samples=2|eps=3.0",200,3.0,2,1,0,0.0,0,0,3,false,false,""
case.lis,59,T_OPO,A,1.5102675790090259,0.03507,170172.42,SRPI,200,srpi-200,112677.0,absolute_phase_to_ground_maximum,2.1517703848351477,rejected,non_applicable,,Gaussian adequacy status: rejected.,1.7540467575459056,0.052284552304374454,-3.1448401102707546,3.5,false,applicable,,0,0.44332482656697203,1.7893062664422041,false,applicable,,kmeans,scenario=SRPI|source_lineage=srpi-200|terminal=T_OPO|phase=A,value_pu,standard_scaler_fit_on_calibration_group,calibration_distance_percentile_99,42,2,all_observations,"kmeans|feature=value_pu|groups=scenario,source_lineage,terminal,phase|scale=standard|clusters=2|seed=42|threshold=p99",200,0,0.01896397212220413,3.0,false,applicable,,dbscan,scenario=SRPI|source_lineage=srpi-200|terminal=T_OPO|phase=A,value_pu,standard_scaler_fit_on_calibration_group,explicit_effective_eps,explicit_effective_eps,all_observations,"dbscan|feature=value_pu|groups=scenario,source_lineage,terminal,phase|scale=standard|min_samples=2|eps=3.0",200,3.0,2,1,0,0.0,0,0,3,false,false,""
case.lis,60,T_MAN,A,1.2412829592552164,0.04122,-139864.04,SRPI,200,srpi-200,112677.0,absolute_phase_to_ground_maximum,1.6579768140784057,rejected,non_applicable,,Gaussian adequacy status: rejected.,1.2431039608793277,0.06948989589712162,-0.01767518737359927,3.5,false,applicable,,0,0.1882982191372819,1.4646167600081432,false,applicable,,kmeans,scenario=SRPI|source_lineage=srpi-200|terminal=T_MAN|phase=A,value_pu,standard_scaler_fit_on_calibration_group,calibration_distance_percentile_99,42,2,all_observations,"kmeans|feature=value_pu|groups=scenario,source_lineage,terminal,phase|scale=standard|clusters=2|seed=42|threshold=p99",200,0,0.0005531706366658229,3.0,false,applicable,,dbscan,scenario=SRPI|source_lineage=srpi-200|terminal=T_MAN|phase=A,value_pu,standard_scaler_fit_on_calibration_group,explicit_effective_eps,explicit_effective_eps,all_observations,"dbscan|feature=value_pu|groups=scenario,source_lineage,terminal,phase|scale=standard|min_samples=2|eps=3.0",200,3.0,2,1,0,0.0,0,0,3,false,false,""
case.lis,60,1_2LT,A,1.794639722392325,0.04115,-202214.62,SRPI,200,srpi-200,112677.0,absolute_phase_to_ground_maximum,2.4232717330313314,rejected,non_applicable,,Gaussian adequacy status: rejected.,1.7070286305102194,0.18248979827293954,0.3238141750235576,3.5,false,applicable,,1,0.24686864066427777,1.2079243785947944,false,applicable,,kmeans,scenario=SRPI|source_lineage=srpi-200|terminal=1_2LT|phase=A,value_pu,standard_scaler_fit_on_calibration_group,calibration_distance_percentile_99,42,2,all_observations,"kmeans|feature=value_pu|groups=scenario,source_lineage,terminal,phase|scale=standard|clusters=2|seed=42|threshold=p99",200,0,0.000821770865278848,3.0,false,applicable,,dbscan,scenario=SRPI|source_lineage=srpi-200|terminal=1_2LT|phase=A,value_pu,standard_scaler_fit_on_calibration_group,explicit_effective_eps,explicit_effective_eps,all_observations,"dbscan|feature=value_pu|groups=scenario,source_lineage,terminal,phase|scale=standard|min_samples=2|eps=3.0",200,3.0,2,1,0,0.0,0,0,3,false,false,""
case.lis,60,T_OPO,A,1.745443169413456,0.04127,-196671.3,SRPI,200,srpi-200,112677.0,absolute_phase_to_ground_maximum,2.1517703848351477,rejected,non_applicable,,Gaussian adequacy status: rejected.,1.7540467575459056,0.052284552304374454,-0.11098941760968947,3.5,false,applicable,,1,0.13732214391243203,1.7893062664422041,false,applicable,,kmeans,scenario=SRPI|source_lineage=srpi-200|terminal=T_OPO|phase=A,value_pu,standard_scaler_fit_on_calibration_group,calibration_distance_percentile_99,42,2,all_observations,"kmeans|feature=value_pu|groups=scenario,source_lineage,terminal,phase|scale=standard|clusters=2|seed=42|threshold=p99",200,0,0.000767672046917689,3.0,false,applicable,,dbscan,scenario=SRPI|source_lineage=srpi-200|terminal=T_OPO|phase=A,value_pu,standard_scaler_fit_on_calibration_group,explicit_effective_eps,explicit_effective_eps,all_observations,"dbscan|feature=value_pu|groups=scenario,source_lineage,terminal,phase|scale=standard|min_samples=2|eps=3.0",200,3.0,2,1,0,0.0,0,0,3,false,false,""
case.lis,61,T_MAN,A,1.2936704917596316,0.04122,-145766.91,SRPI,200,srpi-200,112677.0,absolute_phase_to_ground_maximum,1.6579768140784057,rejected,non_applicable,,Gaussian adequacy status: rejected.,1.2431039608793277,0.06948989589712162,0.49081389950896914,3.5,false,applicable,,0,0.6045774588198044,1.4646167600081432,false,applicable,,kmeans,scenario=SRPI|source_lineage=srpi-200|terminal=T_MAN|phase=A,value_pu,standard_scaler_fit_on_calibration_group,calibration_distance_percentile_99,42,2,all_observations,"kmeans|feature=value_pu|groups=scenario,source_lineage,terminal,phase|scale=standard|clusters=2|seed=42|threshold=p99",200,0,0.0048985643503628995,3.0,false,applicable,,dbscan,scenario=SRPI|source_lineage=srpi-200|terminal=T_MAN|phase=A,value_pu,standard_scaler_fit_on_calibration_group,explicit_effective_eps,explicit_effective_eps,all_observations,"dbscan|feature=value_pu|groups=scenario,source_lineage,terminal,phase|scale=standard|min_samples=2|eps=3.0",200,3.0,2,1,0,0.0,0,0,3,false,false,""
case.lis,61,1_2LT,A,1.6805132724513432,0.03543,189355.194,SRPI,200,srpi-200,112677.0,absolute_phase_to_ground_maximum,2.4232717330313314,rejected,non_applicable,,Gaussian adequacy status: rejected.,1.7070286305102194,0.18248979827293954,-0.0980018466936024,3.5,false,applicable,,1,0.7069253072299204,1.2079243785947944,false,applicable,,kmeans,scenario=SRPI|source_lineage=srpi-200|terminal=1_2LT|phase=A,value_pu,standard_scaler_fit_on_calibration_group,calibration_distance_percentile_99,42,2,all_observations,"kmeans|feature=value_pu|groups=scenario,source_lineage,terminal,phase|scale=standard|clusters=2|seed=42|threshold=p99",200,0,0.012952854697409812,3.0,false,applicable,,dbscan,scenario=SRPI|source_lineage=srpi-200|terminal=1_2LT|phase=A,value_pu,standard_scaler_fit_on_calibration_group,explicit_effective_eps,explicit_effective_eps,all_observations,"dbscan|feature=value_pu|groups=scenario,source_lineage,terminal,phase|scale=standard|min_samples=2|eps=3.0",200,3.0,2,1,0,0.0,0,0,3,false,false,""
case.lis,61,T_OPO,A,1.698603707943946,0.04121,-191393.57,SRPI,200,srpi-200,112677.0,absolute_phase_to_ground_maximum,2.1517703848351477,rejected,non_applicable,,Gaussian adequacy status: rejected.,1.7540467575459056,0.052284552304374454,-0.715235514659,3.5,false,applicable,,1,0.44802504208559474,1.7893062664422041,false,applicable,,kmeans,scenario=SRPI|source_lineage=srpi-200|terminal=T_OPO|phase=A,value_pu,standard_scaler_fit_on_calibration_group,calibration_distance_percentile_99,42,2,all_observations,"kmeans|feature=value_pu|groups=scenario,source_lineage,terminal,phase|scale=standard|clusters=2|seed=42|threshold=p99",200,0,0.006210196055007288,3.0,false,applicable,,dbscan,scenario=SRPI|source_lineage=srpi-200|terminal=T_OPO|phase=A,value_pu,standard_scaler_fit_on_calibration_group,explicit_effective_eps,explicit_effective_eps,all_observations,"dbscan|feature=value_pu|groups=scenario,source_lineage,terminal,phase|scale=standard|min_samples=2|eps=3.0",200,3.0,2,1,0,0.0,0,0,3,false,false,""
case.lis,62,T_MAN,A,1.185781064458585,0.03336,133610.253,SRPI,200,srpi-200,112677.0,absolute_phase_to_ground_maximum,1.6579768140784057,rejected,non_applicable,,Gaussian adequacy status: rejected.,1.2431039608793277,0.06948989589712162,-0.5563932077921571,3.5,false,applicable,,0,0.25272821334326667,1.4646167600081432,false,applicable,,kmeans,scenario=SRPI|source_lineage=srpi-200|terminal=T_MAN|phase=A,value_pu,standard_scaler_fit_on_calibration_group,calibration_distance_percentile_99,42,2,all_observations,"kmeans|feature=value_pu|groups=scenario,source_lineage,terminal,phase|scale=standard|clusters=2|seed=42|threshold=p99",200,0,0.0018746730028742498,3.0,false,applicable,,dbscan,scenario=SRPI|source_lineage=srpi-200|terminal=T_MAN|phase=A,value_pu,standard_scaler_fit_on_calibration_group,explicit_effective_eps,explicit_effective_eps,all_observations,"dbscan|feature=value_pu|groups=scenario,source_lineage,terminal,phase|scale=standard|min_samples=2|eps=3.0",200,3.0,2,1,0,0.0,0,0,3,false,false,""
case.lis,62,1_2LT,A,1.6727591256423229,0.02752,-188481.48,SRPI,200,srpi-200,112677.0,absolute_phase_to_ground_maximum,2.4232717330313314,rejected,non_applicable,,Gaussian adequacy status: rejected.,1.7070286305102194,0.18248979827293954,-0.12666149010214792,3.5,false,applicable,,1,0.7381831526712119,1.2079243785947944,false,applicable,,kmeans,scenario=SRPI|source_lineage=srpi-200|terminal=1_2LT|phase=A,value_pu,standard_scaler_fit_on_calibration_group,calibration_distance_percentile_99,42,2,all_observations,"kmeans|feature=value_pu|groups=scenario,source_lineage,terminal,phase|scale=standard|clusters=2|seed=42|threshold=p99",200,0,0.0034221730034459663,3.0,false,applicable,,dbscan,scenario=SRPI|source_lineage=srpi-200|terminal=1_2LT|phase=A,value_pu,standard_scaler_fit_on_calibration_group,explicit_effective_eps,explicit_effective_eps,all_observations,"dbscan|feature=value_pu|groups=scenario,source_lineage,terminal,phase|scale=standard|min_samples=2|eps=3.0",200,3.0,2,1,0,0.0,0,0,3,false,false,""
case.lis,62,T_OPO,A,1.738436238096506,0.02731,-195881.78,SRPI,200,srpi-200,112677.0,absolute_phase_to_ground_maximum,2.1517703848351477,rejected,non_applicable,,Gaussian adequacy status: rejected.,1.7540467575459056,0.052284552304374454,-0.20138138130286123,3.5,false,applicable,,1,0.18380162508438874,1.7893062664422041,false,applicable,,kmeans,scenario=SRPI|source_lineage=srpi-200|terminal=T_OPO|phase=A,value_pu,standard_scaler_fit_on_calibration_group,calibration_distance_percentile_99,42,2,all_observations,"kmeans|feature=value_pu|groups=scenario,source_lineage,terminal,phase|scale=standard|clusters=2|seed=42|threshold=p99",200,0,0.0007218118839911747,3.0,false,applicable,,dbscan,scenario=SRPI|source_lineage=srpi-200|terminal=T_OPO|phase=A,value_pu,standard_scaler_fit_on_calibration_group,explicit_effective_eps,explicit_effective_eps,all_observations,"dbscan|feature=value_pu|groups=scenario,source_lineage,terminal,phase|scale=standard|min_samples=2|eps=3.0",200,3.0,2,1,0,0.0,0,0,3,false,false,""
case.lis,63,T_MAN,A,1.156353914285968,0.04149,-130294.49,SRPI,200,srpi-200,112677.0,absolute_phase_to_ground_maximum,1.6579768140784057,rejected,non_applicable,,Gaussian adequacy status: rejected.,1.2431039608793277,0.06948989589712162,-0.8420219443540323,3.5,false,applicable,,0,0.486560789803096,1.4646167600081432,false,applicable,,kmeans,scenario=SRPI|source_lineage=srpi-200|terminal=T_MAN|phase=A,value_pu,standard_scaler_fit_on_calibration_group,calibration_distance_percentile_99,42,2,all_observations,"kmeans|feature=value_pu|groups=scenario,source_lineage,terminal,phase|scale=standard|clusters=2|seed=42|threshold=p99",200,0,0.016438561372685623,3.0,false,applicable,,dbscan,scenario=SRPI|source_lineage=srpi-200|terminal=T_MAN|phase=A,value_pu,standard_scaler_fit_on_calibration_group,explicit_effective_eps,explicit_effective_eps,all_observations,"dbscan|feature=value_pu|groups=scenario,source_lineage,terminal,phase|scale=standard|min_samples=2|eps=3.0",200,3.0,2,1,0,0.0,0,0,3,false,false,""
case.lis,63,1_2LT,A,1.4549026864400012,0.04163,-163934.07,SRPI,200,srpi-200,112677.0,absolute_phase_to_ground_maximum,2.4232717330313314,rejected,non_applicable,,Gaussian adequacy status: rejected.,1.7070286305102194,0.18248979827293954,-0.9318677901080757,3.5,false,applicable,,0,0.11929941586356319,1.2079243785947944,false,applicable,,kmeans,scenario=SRPI|source_lineage=srpi-200|terminal=1_2LT|phase=A,value_pu,standard_scaler_fit_on_calibration_group,calibration_distance_percentile_99,42,2,all_observations,"kmeans|feature=value_pu|groups=scenario,source_lineage,terminal,phase|scale=standard|clusters=2|seed=42|threshold=p99",200,0,0.0014903496171432273,3.0,false,applicable,,dbscan,scenario=SRPI|source_lineage=srpi-200|terminal=1_2LT|phase=A,value_pu,standard_scaler_fit_on_calibration_group,explicit_effective_eps,explicit_effective_eps,all_observations,"dbscan|feature=value_pu|groups=scenario,source_lineage,terminal,phase|scale=standard|min_samples=2|eps=3.0",200,3.0,2,1,0,0.0,0,0,3,false,false,""
case.lis,63,T_OPO,A,1.546660720466466,0.04154,-174273.09,SRPI,200,srpi-200,112677.0,absolute_phase_to_ground_maximum,2.1517703848351477,rejected,non_applicable,,Gaussian adequacy status: rejected.,1.7540467575459056,0.052284552304374454,-2.6753553426173897,3.5,false,applicable,,0,0.6847335483946786,1.7893062664422041,false,applicable,,kmeans,scenario=SRPI|source_lineage=srpi-200|terminal=T_OPO|phase=A,value_pu,standard_scaler_fit_on_calibration_group,calibration_distance_percentile_99,42,2,all_observations,"kmeans|feature=value_pu|groups=scenario,source_lineage,terminal,phase|scale=standard|clusters=2|seed=42|threshold=p99",200,0,0.0037930299066644135,3.0,false,applicable,,dbscan,scenario=SRPI|source_lineage=srpi-200|terminal=T_OPO|phase=A,value_pu,standard_scaler_fit_on_calibration_group,explicit_effective_eps,explicit_effective_eps,all_observations,"dbscan|feature=value_pu|groups=scenario,source_lineage,terminal,phase|scale=standard|min_samples=2|eps=3.0",200,3.0,2,1,0,0.0,0,0,3,false,false,""
case.lis,64,T_MAN,A,1.5207855196712727,0.02425,-171357.55,SRPI,200,srpi-200,112677.0,absolute_phase_to_ground_maximum,1.6579768140784057,rejected,non_applicable,,Gaussian adequacy status: rejected.,1.2431039608793277,0.06948989589712162,2.6952604088070817,3.5,false,applicable,,1,0.48031780634640264,1.4646167600081432,false,applicable,,kmeans,scenario=SRPI|source_lineage=srpi-200|terminal=T_MAN|phase=A,value_pu,standard_scaler_fit_on_calibration_group,calibration_distance_percentile_99,42,2,all_observations,"kmeans|feature=value_pu|groups=scenario,source_lineage,terminal,phase|scale=standard|clusters=2|seed=42|threshold=p99",200,0,0.049081552742012535,3.0,false,applicable,,dbscan,scenario=SRPI|source_lineage=srpi-200|terminal=T_MAN|phase=A,value_pu,standard_scaler_fit_on_calibration_group,explicit_effective_eps,explicit_effective_eps,all_observations,"dbscan|feature=value_pu|groups=scenario,source_lineage,terminal,phase|scale=standard|min_samples=2|eps=3.0",200,3.0,2,1,0,0.0,0,0,3,false,false,""
case.lis,64,1_2LT,A,1.9584115658031365,0.02429,-220667.94,SRPI,200,srpi-200,112677.0,absolute_phase_to_ground_maximum,2.4232717330313314,rejected,non_applicable,,Gaussian adequacy status: rejected.,1.7070286305102194,0.18248979827293954,0.9291215993109019,3.5,false,applicable,,1,0.4133142389035278,1.2079243785947944,false,applicable,,kmeans,scenario=SRPI|source_lineage=srpi-200|terminal=1_2LT|phase=A,value_pu,standard_scaler_fit_on_calibration_group,calibration_distance_percentile_99,42,2,all_observations,"kmeans|feature=value_pu|groups=scenario,source_lineage,terminal,phase|scale=standard|clusters=2|seed=42|threshold=p99",200,0,0.000133443854048787,3.0,false,applicable,,dbscan,scenario=SRPI|source_lineage=srpi-200|terminal=1_2LT|phase=A,value_pu,standard_scaler_fit_on_calibration_group,explicit_effective_eps,explicit_effective_eps,all_observations,"dbscan|feature=value_pu|groups=scenario,source_lineage,terminal,phase|scale=standard|min_samples=2|eps=3.0",200,3.0,2,1,0,0.0,0,0,3,false,false,""
case.lis,64,T_OPO,A,1.8263023509678105,0.02443,-205782.27,SRPI,200,srpi-200,112677.0,absolute_phase_to_ground_maximum,2.1517703848351477,rejected,non_applicable,,Gaussian adequacy status: rejected.,1.7540467575459056,0.052284552304374454,0.932123447738363,3.5,false,applicable,,1,0.399045723365498,1.7893062664422041,false,applicable,,kmeans,scenario=SRPI|source_lineage=srpi-200|terminal=T_OPO|phase=A,value_pu,standard_scaler_fit_on_calibration_group,calibration_distance_percentile_99,42,2,all_observations,"kmeans|feature=value_pu|groups=scenario,source_lineage,terminal,phase|scale=standard|clusters=2|seed=42|threshold=p99",200,0,0.004755916716433939,3.0,false,applicable,,dbscan,scenario=SRPI|source_lineage=srpi-200|terminal=T_OPO|phase=A,value_pu,standard_scaler_fit_on_calibration_group,explicit_effective_eps,explicit_effective_eps,all_observations,"dbscan|feature=value_pu|groups=scenario,source_lineage,terminal,phase|scale=standard|min_samples=2|eps=3.0",200,3.0,2,1,0,0.0,0,0,3,false,false,""
case.lis,65,T_MAN,A,1.355160449781233,0.03317,152695.414,SRPI,200,srpi-200,112677.0,absolute_phase_to_ground_maximum,1.6579768140784057,rejected,non_applicable,,Gaussian adequacy status: rejected.,1.2431039608793277,0.06948989589712162,1.0876538557374182,3.5,false,applicable,,1,0.835763995375784,1.4646167600081432,false,applicable,,kmeans,scenario=SRPI|source_lineage=srpi-200|terminal=T_MAN|phase=A,value_pu,standard_scaler_fit_on_calibration_group,calibration_distance_percentile_99,42,2,all_observations,"kmeans|feature=value_pu|groups=scenario,source_lineage,terminal,phase|scale=standard|clusters=2|seed=42|threshold=p99",200,0,0.01329689912218579,3.0,false,applicable,,dbscan,scenario=SRPI|source_lineage=srpi-200|terminal=T_MAN|phase=A,value_pu,standard_scaler_fit_on_calibration_group,explicit_effective_eps,explicit_effective_eps,all_observations,"dbscan|feature=value_pu|groups=scenario,source_lineage,terminal,phase|scale=standard|min_samples=2|eps=3.0",200,3.0,2,1,0,0.0,0,0,3,false,false,""
case.lis,65,1_2LT,A,1.9783739006185823,0.03317,222917.236,SRPI,200,srpi-200,112677.0,absolute_phase_to_ground_maximum,2.4232717330313314,rejected,non_applicable,,Gaussian adequacy status: rejected.,1.7070286305102194,0.18248979827293954,1.0029032043673265,3.5,false,applicable,,1,0.4937846751329078,1.2079243785947944,false,applicable,,kmeans,scenario=SRPI|source_lineage=srpi-200|terminal=1_2LT|phase=A,value_pu,standard_scaler_fit_on_calibration_group,calibration_distance_percentile_99,42,2,all_observations,"kmeans|feature=value_pu|groups=scenario,source_lineage,terminal,phase|scale=standard|clusters=2|seed=42|threshold=p99",200,0,0.015297888945442262,3.0,false,applicable,,dbscan,scenario=SRPI|source_lineage=srpi-200|terminal=1_2LT|phase=A,value_pu,standard_scaler_fit_on_calibration_group,explicit_effective_eps,explicit_effective_eps,all_observations,"dbscan|feature=value_pu|groups=scenario,source_lineage,terminal,phase|scale=standard|min_samples=2|eps=3.0",200,3.0,2,1,0,0.0,0,0,3,false,false,""
case.lis,65,T_OPO,A,1.8209994408796826,0.03331,205184.754,SRPI,200,srpi-200,112677.0,absolute_phase_to_ground_maximum,2.1517703848351477,rejected,non_applicable,,Gaussian adequacy status: rejected.,1.7540467575459056,0.052284552304374454,0.8637139779616769,3.5,false,applicable,,1,0.36386962437884435,1.7893062664422041,false,applicable,,kmeans,scenario=SRPI|source_lineage=srpi-200|terminal=T_OPO|phase=A,value_pu,standard_scaler_fit_on_calibration_group,calibration_distance_percentile_99,42,2,all_observations,"kmeans|feature=value_pu|groups=scenario,source_lineage,terminal,phase|scale=standard|clusters=2|seed=42|threshold=p99",200,0,0.001801321264691902,3.0,false,applicable,,dbscan,scenario=SRPI|source_lineage=srpi-200|terminal=T_OPO|phase=A,value_pu,standard_scaler_fit_on_calibration_group,explicit_effective_eps,explicit_effective_eps,all_observations,"dbscan|feature=value_pu|groups=scenario,source_lineage,terminal,phase|scale=standard|min_samples=2|eps=3.0",200,3.0,2,1,0,0.0,0,0,3,false,false,""
case.lis,66,T_MAN,A,1.1847700950504538,0.04197,-133496.34,SRPI,200,srpi-200,112677.0,absolute_phase_to_ground_maximum,1.6579768140784057,rejected,non_applicable,,Gaussian adequacy status: rejected.,1.2431039608793277,0.06948989589712162,-0.5662059797749482,3.5,false,applicable,,0,0.26076152883724824,1.4646167600081432,false,applicable,,kmeans,scenario=SRPI|source_lineage=srpi-200|terminal=T_MAN|phase=A,value_pu,standard_scaler_fit_on_calibration_group,calibration_distance_percentile_99,42,2,all_observations,"kmeans|feature=value_pu|groups=scenario,source_lineage,terminal,phase|scale=standard|clusters=2|seed=42|threshold=p99",200,0,0.0025030900787753607,3.0,false,applicable,,dbscan,scenario=SRPI|source_lineage=srpi-200|terminal=T_MAN|phase=A,value_pu,standard_scaler_fit_on_calibration_group,explicit_effective_eps,explicit_effective_eps,all_observations,"dbscan|feature=value_pu|groups=scenario,source_lineage,terminal,phase|scale=standard|min_samples=2|eps=3.0",200,3.0,2,1,0,0.0,0,0,3,false,false,""
case.lis,66,1_2LT,A,1.37454067822182,0.04061,-154879.12,SRPI,200,srpi-200,112677.0,absolute_phase_to_ground_maximum,2.4232717330313314,rejected,non_applicable,,Gaussian adequacy status: rejected.,1.7070286305102194,0.18248979827293954,-1.2288890557421563,3.5,false,applicable,,0,0.20464895577593079,1.2079243785947944,false,applicable,,kmeans,scenario=SRPI|source_lineage=srpi-200|terminal=1_2LT|phase=A,value_pu,standard_scaler_fit_on_calibration_group,calibration_distance_percentile_99,42,2,all_observations,"kmeans|feature=value_pu|groups=scenario,source_lineage,terminal,phase|scale=standard|clusters=2|seed=42|threshold=p99",200,0,0.008597290232269295,3.0,false,applicable,,dbscan,scenario=SRPI|source_lineage=srpi-200|terminal=1_2LT|phase=A,value_pu,standard_scaler_fit_on_calibration_group,explicit_effective_eps,explicit_effective_eps,all_observations,"dbscan|feature=value_pu|groups=scenario,source_lineage,terminal,phase|scale=standard|min_samples=2|eps=3.0",200,3.0,2,1,0,0.0,0,0,3,false,false,""
case.lis,66,T_OPO,A,1.4747969860752417,0.04079,-166175.7,SRPI,200,srpi-200,112677.0,absolute_phase_to_ground_maximum,2.1517703848351477,rejected,non_applicable,,Gaussian adequacy status: rejected.,1.7540467575459056,0.052284552304374454,-3.6024236662690585,3.5,true,applicable,,0,0.2080356990089789,1.7893062664422041,false,applicable,,kmeans,scenario=SRPI|source_lineage=srpi-200|terminal=T_OPO|phase=A,value_pu,standard_scaler_fit_on_calibration_group,calibration_distance_percentile_99,42,2,all_observations,"kmeans|feature=value_pu|groups=scenario,source_lineage,terminal,phase|scale=standard|clusters=2|seed=42|threshold=p99",200,0,0.0201984876761796,3.0,false,applicable,,dbscan,scenario=SRPI|source_lineage=srpi-200|terminal=T_OPO|phase=A,value_pu,standard_scaler_fit_on_calibration_group,explicit_effective_eps,explicit_effective_eps,all_observations,"dbscan|feature=value_pu|groups=scenario,source_lineage,terminal,phase|scale=standard|min_samples=2|eps=3.0",200,3.0,2,1,0,0.0,0,1,3,true,true,mad_modified_z
case.lis,67,T_MAN,A,1.4045318032961474,0.02485,-158258.43,SRPI,200,srpi-200,112677.0,absolute_phase_to_ground_maximum,1.6579768140784057,rejected,non_applicable,,Gaussian adequacy status: rejected.,1.2431039608793277,0.06948989589712162,1.5668670056379108,3.5,false,applicable,,1,0.44345176914994644,1.4646167600081432,false,applicable,,kmeans,scenario=SRPI|source_lineage=srpi-200|terminal=T_MAN|phase=A,value_pu,standard_scaler_fit_on_calibration_group,calibration_distance_percentile_99,42,2,all_observations,"kmeans|feature=value_pu|groups=scenario,source_lineage,terminal,phase|scale=standard|clusters=2|seed=42|threshold=p99",200,0,0.02715655980487852,3.0,false,applicable,,dbscan,scenario=SRPI|source_lineage=srpi-200|terminal=T_MAN|phase=A,value_pu,standard_scaler_fit_on_calibration_group,explicit_effective_eps,explicit_effective_eps,all_observations,"dbscan|feature=value_pu|groups=scenario,source_lineage,terminal,phase|scale=standard|min_samples=2|eps=3.0",200,3.0,2,1,0,0.0,0,0,3,false,false,""
case.lis,67,1_2LT,A,1.9471900210335737,0.02497,-219403.53,SRPI,200,srpi-200,112677.0,absolute_phase_to_ground_maximum,2.4232717330313314,rejected,non_applicable,,Gaussian adequacy status: rejected.,1.7070286305102194,0.18248979827293954,0.8876463113766346,3.5,false,applicable,,1,0.36807891893106004,1.2079243785947944,false,applicable,,kmeans,scenario=SRPI|source_lineage=srpi-200|terminal=1_2LT|phase=A,value_pu,standard_scaler_fit_on_calibration_group,calibration_distance_percentile_99,42,2,all_observations,"kmeans|feature=value_pu|groups=scenario,source_lineage,terminal,phase|scale=standard|clusters=2|seed=42|threshold=p99",200,0,0.0016632184382598947,3.0,false,applicable,,dbscan,scenario=SRPI|source_lineage=srpi-200|terminal=1_2LT|phase=A,value_pu,standard_scaler_fit_on_calibration_group,explicit_effective_eps,explicit_effective_eps,all_observations,"dbscan|feature=value_pu|groups=scenario,source_lineage,terminal,phase|scale=standard|min_samples=2|eps=3.0",200,3.0,2,1,0,0.0,0,0,3,false,false,""
case.lis,67,T_OPO,A,1.7976702432617127,0.02511,-202556.09,SRPI,200,srpi-200,112677.0,absolute_phase_to_ground_maximum,2.1517703848351477,rejected,non_applicable,,Gaussian adequacy status: rejected.,1.7540467575459056,0.052284552304374454,0.5627588395870285,3.5,false,applicable,,1,0.2091187138314194,1.7893062664422041,false,applicable,,kmeans,scenario=SRPI|source_lineage=srpi-200|terminal=T_OPO|phase=A,value_pu,standard_scaler_fit_on_calibration_group,calibration_distance_percentile_99,42,2,all_observations,"kmeans|feature=value_pu|groups=scenario,source_lineage,terminal,phase|scale=standard|clusters=2|seed=42|threshold=p99",200,0,0.0008035830859215443,3.0,false,applicable,,dbscan,scenario=SRPI|source_lineage=srpi-200|terminal=T_OPO|phase=A,value_pu,standard_scaler_fit_on_calibration_group,explicit_effective_eps,explicit_effective_eps,all_observations,"dbscan|feature=value_pu|groups=scenario,source_lineage,terminal,phase|scale=standard|min_samples=2|eps=3.0",200,3.0,2,1,0,0.0,0,0,3,false,false,""
case.lis,68,T_MAN,A,1.2442510893971264,0.02432,-140198.48,SRPI,200,srpi-200,112677.0,absolute_phase_to_ground_maximum,1.6579768140784057,rejected,non_applicable,,Gaussian adequacy status: rejected.,1.2431039608793277,0.06948989589712162,0.011134373097324663,3.5,false,applicable,,0,0.2118834291994076,1.4646167600081432,false,applicable,,kmeans,scenario=SRPI|source_lineage=srpi-200|terminal=T_MAN|phase=A,value_pu,standard_scaler_fit_on_calibration_group,calibration_distance_percentile_99,42,2,all_observations,"kmeans|feature=value_pu|groups=scenario,source_lineage,terminal,phase|scale=standard|clusters=2|seed=42|threshold=p99",200,0,0.009736903340741176,3.0,false,applicable,,dbscan,scenario=SRPI|source_lineage=srpi-200|terminal=T_MAN|phase=A,value_pu,standard_scaler_fit_on_calibration_group,explicit_effective_eps,explicit_effective_eps,all_observations,"dbscan|feature=value_pu|groups=scenario,source_lineage,terminal,phase|scale=standard|min_samples=2|eps=3.0",200,3.0,2,1,0,0.0,0,0,3,false,false,""
case.lis,68,1_2LT,A,1.5534778171232817,0.02422,-175041.22,SRPI,200,srpi-200,112677.0,absolute_phase_to_ground_maximum,2.4232717330313314,rejected,non_applicable,,Gaussian adequacy status: rejected.,1.7070286305102194,0.18248979827293954,-0.5675300797300424,3.5,false,applicable,,0,0.5166669503121906,1.2079243785947944,false,applicable,,kmeans,scenario=SRPI|source_lineage=srpi-200|terminal=1_2LT|phase=A,value_pu,standard_scaler_fit_on_calibration_group,calibration_distance_percentile_99,42,2,all_observations,"kmeans|feature=value_pu|groups=scenario,source_lineage,terminal,phase|scale=standard|clusters=2|seed=42|threshold=p99",200,0,0.0006031805306324078,3.0,false,applicable,,dbscan,scenario=SRPI|source_lineage=srpi-200|terminal=1_2LT|phase=A,value_pu,standard_scaler_fit_on_calibration_group,explicit_effective_eps,explicit_effective_eps,all_observations,"dbscan|feature=value_pu|groups=scenario,source_lineage,terminal,phase|scale=standard|min_samples=2|eps=3.0",200,3.0,2,1,0,0.0,0,0,3,false,false,""
case.lis,68,T_OPO,A,1.7771158266549516,0.02415,-200240.08,SRPI,200,srpi-200,112677.0,absolute_phase_to_ground_maximum,2.1517703848351477,rejected,non_applicable,,Gaussian adequacy status: rejected.,1.7540467575459056,0.052284552304374454,0.29759938595313895,3.5,false,applicable,,1,0.0727739180199562,1.7893062664422041,false,applicable,,kmeans,scenario=SRPI|source_lineage=srpi-200|terminal=T_OPO|phase=A,value_pu,standard_scaler_fit_on_calibration_group,calibration_distance_percentile_99,42,2,all_observations,"kmeans|feature=value_pu|groups=scenario,source_lineage,terminal,phase|scale=standard|clusters=2|seed=42|threshold=p99",200,0,0.007691084884777322,3.0,false,applicable,,dbscan,scenario=SRPI|source_lineage=srpi-200|terminal=T_OPO|phase=A,value_pu,standard_scaler_fit_on_calibration_group,explicit_effective_eps,explicit_effective_eps,all_observations,"dbscan|feature=value_pu|groups=scenario,source_lineage,terminal,phase|scale=standard|min_samples=2|eps=3.0",200,3.0,2,1,0,0.0,0,0,3,false,false,""
case.lis,69,T_MAN,A,1.1939171170691447,0.03254,134526.999,SRPI,200,srpi-200,112677.0,absolute_phase_to_ground_maximum,1.6579768140784057,rejected,non_applicable,,Gaussian adequacy status: rejected.,1.2431039608793277,0.06948989589712162,-0.4774222434234245,3.5,false,applicable,,0,0.1880779113948916,1.4646167600081432,false,applicable,,kmeans,scenario=SRPI|source_lineage=srpi-200|terminal=T_MAN|phase=A,value_pu,standard_scaler_fit_on_calibration_group,calibration_distance_percentile_99,42,2,all_observations,"kmeans|feature=value_pu|groups=scenario,source_lineage,terminal,phase|scale=standard|clusters=2|seed=42|threshold=p99",200,0,0.000020662799149917532,3.0,false,applicable,,dbscan,scenario=SRPI|source_lineage=srpi-200|terminal=T_MAN|phase=A,value_pu,standard_scaler_fit_on_calibration_group,explicit_effective_eps,explicit_effective_eps,all_observations,"dbscan|feature=value_pu|groups=scenario,source_lineage,terminal,phase|scale=standard|min_samples=2|eps=3.0",200,3.0,2,1,0,0.0,0,0,3,false,false,""
case.lis,69,1_2LT,A,1.6072819297638383,0.03257,181103.706,SRPI,200,srpi-200,112677.0,absolute_phase_to_ground_maximum,2.4232717330313314,rejected,non_applicable,,Gaussian adequacy status: rejected.,1.7070286305102194,0.18248979827293954,-0.36866788119676597,3.5,false,applicable,,0,0.7335574320693761,1.2079243785947944,false,applicable,,kmeans,scenario=SRPI|source_lineage=srpi-200|terminal=1_2LT|phase=A,value_pu,standard_scaler_fit_on_calibration_group,calibration_distance_percentile_99,42,2,all_observations,"kmeans|feature=value_pu|groups=scenario,source_lineage,terminal,phase|scale=standard|clusters=2|seed=42|threshold=p99",200,0,0.004929015279225735,3.0,false,applicable,,dbscan,scenario=SRPI|source_lineage=srpi-200|terminal=1_2LT|phase=A,value_pu,standard_scaler_fit_on_calibration_group,explicit_effective_eps,explicit_effective_eps,all_observations,"dbscan|feature=value_pu|groups=scenario,source_lineage,terminal,phase|scale=standard|min_samples=2|eps=3.0",200,3.0,2,1,0,0.0,0,0,3,false,false,""
case.lis,69,T_OPO,A,1.7865778819102391,0.03117,201306.236,SRPI,200,srpi-200,112677.0,absolute_phase_to_ground_maximum,2.1517703848351477,rejected,non_applicable,,Gaussian adequacy status: rejected.,1.7540467575459056,0.052284552304374454,0.4196633418291932,3.5,false,applicable,,1,0.13553911425104764,1.7893062664422041,false,applicable,,kmeans,scenario=SRPI|source_lineage=srpi-200|terminal=T_OPO|phase=A,value_pu,standard_scaler_fit_on_calibration_group,calibration_distance_percentile_99,42,2,all_observations,"kmeans|feature=value_pu|groups=scenario,source_lineage,terminal,phase|scale=standard|clusters=2|seed=42|threshold=p99",200,0,0.004001313932889827,3.0,false,applicable,,dbscan,scenario=SRPI|source_lineage=srpi-200|terminal=T_OPO|phase=A,value_pu,standard_scaler_fit_on_calibration_group,explicit_effective_eps,explicit_effective_eps,all_observations,"dbscan|feature=value_pu|groups=scenario,source_lineage,terminal,phase|scale=standard|min_samples=2|eps=3.0",200,3.0,2,1,0,0.0,0,0,3,false,false,""
case.lis,70,T_MAN,A,1.2888614979099549,0.03414,145225.047,SRPI,200,srpi-200,112677.0,absolute_phase_to_ground_maximum,1.6579768140784057,rejected,non_applicable,,Gaussian adequacy status: rejected.,1.2431039608793277,0.06948989589712162,0.44413636432939374,3.5,false,applicable,,0,0.5663644679099419,1.4646167600081432,false,applicable,,kmeans,scenario=SRPI|source_lineage=srpi-200|terminal=T_MAN|phase=A,value_pu,standard_scaler_fit_on_calibration_group,calibration_distance_percentile_99,42,2,all_observations,"kmeans|feature=value_pu|groups=scenario,source_lineage,terminal,phase|scale=standard|clusters=2|seed=42|threshold=p99",200,0,0.0004454843079826215,3.0,false,applicable,,dbscan,scenario=SRPI|source_lineage=srpi-200|terminal=T_MAN|phase=A,value_pu,standard_scaler_fit_on_calibration_group,explicit_effective_eps,explicit_effective_eps,all_observations,"dbscan|feature=value_pu|groups=scenario,source_lineage,terminal,phase|scale=standard|min_samples=2|eps=3.0",200,3.0,2,1,0,0.0,0,0,3,false,false,""
case.lis,70,1_2LT,A,1.8895747490614767,0.03427,212911.614,SRPI,200,srpi-200,112677.0,absolute_phase_to_ground_maximum,2.4232717330313314,rejected,non_applicable,,Gaussian adequacy status: rejected.,1.7070286305102194,0.18248979827293954,0.6746979122457583,3.5,false,applicable,,1,0.1358252215588639,1.2079243785947944,false,applicable,,kmeans,scenario=SRPI|source_lineage=srpi-200|terminal=1_2LT|phase=A,value_pu,standard_scaler_fit_on_calibration_group,calibration_distance_percentile_99,42,2,all_observations,"kmeans|feature=value_pu|groups=scenario,source_lineage,terminal,phase|scale=standard|clusters=2|seed=42|threshold=p99",200,0,0.0004540668620873767,3.0,false,applicable,,dbscan,scenario=SRPI|source_lineage=srpi-200|terminal=1_2LT|phase=A,value_pu,standard_scaler_fit_on_calibration_group,explicit_effective_eps,explicit_effective_eps,all_observations,"dbscan|feature=value_pu|groups=scenario,source_lineage,terminal,phase|scale=standard|min_samples=2|eps=3.0",200,3.0,2,1,0,0.0,0,0,3,false,false,""
case.lis,70,T_OPO,A,1.7878693610941008,0.03442,201451.756,SRPI,200,srpi-200,112677.0,absolute_phase_to_ground_maximum,2.1517703848351477,rejected,non_applicable,,Gaussian adequacy status: rejected.,1.7540467575459056,0.052284552304374454,0.4363238932485728,3.5,false,applicable,,1,0.14410595752308913,1.7893062664422041,false,applicable,,kmeans,scenario=SRPI|source_lineage=srpi-200|terminal=T_OPO|phase=A,value_pu,standard_scaler_fit_on_calibration_group,calibration_distance_percentile_99,42,2,all_observations,"kmeans|feature=value_pu|groups=scenario,source_lineage,terminal,phase|scale=standard|clusters=2|seed=42|threshold=p99",200,0,0.0012460541829022453,3.0,false,applicable,,dbscan,scenario=SRPI|source_lineage=srpi-200|terminal=T_OPO|phase=A,value_pu,standard_scaler_fit_on_calibration_group,explicit_effective_eps,explicit_effective_eps,all_observations,"dbscan|feature=value_pu|groups=scenario,source_lineage,terminal,phase|scale=standard|min_samples=2|eps=3.0",200,3.0,2,1,0,0.0,0,0,3,false,false,""
case.lis,71,T_MAN,A,1.1855451423094332,0.0265,-133583.67,SRPI,200,srpi-200,112677.0,absolute_phase_to_ground_maximum,1.6579768140784057,rejected,non_applicable,,Gaussian adequacy status: rejected.,1.2431039608793277,0.06948989589712162,-0.5586831388590101,3.5,false,applicable,,0,0.2546028863461409,1.4646167600081432,false,applicable,,kmeans,scenario=SRPI|source_lineage=srpi-200|terminal=T_MAN|phase=A,value_pu,standard_scaler_fit_on_calibration_group,calibration_distance_percentile_99,42,2,all_observations,"kmeans|feature=value_pu|groups=scenario,source_lineage,terminal,phase|scale=standard|clusters=2|seed=42|threshold=p99",200,0,0.0018746730028742498,3.0,false,applicable,,dbscan,scenario=SRPI|source_lineage=srpi-200|terminal=T_MAN|phase=A,value_pu,standard_scaler_fit_on_calibration_group,explicit_effective_eps,explicit_effective_eps,all_observations,"dbscan|feature=value_pu|groups=scenario,source_lineage,terminal,phase|scale=standard|min_samples=2|eps=3.0",200,3.0,2,1,0,0.0,0,0,3,false,false,""
case.lis,71,1_2LT,A,1.81463714866388,0.02662,-204467.87,SRPI,200,srpi-200,112677.0,absolute_phase_to_ground_maximum,2.4232717330313314,rejected,non_applicable,,Gaussian adequacy status: rejected.,1.7070286305102194,0.18248979827293954,0.39772547953545345,3.5,false,applicable,,1,0.1662567467944398,1.2079243785947944,false,applicable,,kmeans,scenario=SRPI|source_lineage=srpi-200|terminal=1_2LT|phase=A,value_pu,standard_scaler_fit_on_calibration_group,calibration_distance_percentile_99,42,2,all_observations,"kmeans|feature=value_pu|groups=scenario,source_lineage,terminal,phase|scale=standard|clusters=2|seed=42|threshold=p99",200,0,0.0011956283116072441,3.0,false,applicable,,dbscan,scenario=SRPI|source_lineage=srpi-200|terminal=1_2LT|phase=A,value_pu,standard_scaler_fit_on_calibration_group,explicit_effective_eps,explicit_effective_eps,all_observations,"dbscan|feature=value_pu|groups=scenario,source_lineage,terminal,phase|scale=standard|min_samples=2|eps=3.0",200,3.0,2,1,0,0.0,0,0,3,false,false,""
case.lis,71,T_OPO,A,1.809927758105026,0.02652,-203937.23,SRPI,200,srpi-200,112677.0,absolute_phase_to_ground_maximum,2.1517703848351477,rejected,non_applicable,,Gaussian adequacy status: rejected.,1.7540467575459056,0.052284552304374454,0.7208852413693657,3.5,false,applicable,,1,0.29042719319335847,1.7893062664422041,false,applicable,,kmeans,scenario=SRPI|source_lineage=srpi-200|terminal=T_OPO|phase=A,value_pu,standard_scaler_fit_on_calibration_group,calibration_distance_percentile_99,42,2,all_observations,"kmeans|feature=value_pu|groups=scenario,source_lineage,terminal,phase|scale=standard|clusters=2|seed=42|threshold=p99",200,0,0.0035981683671475473,3.0,false,applicable,,dbscan,scenario=SRPI|source_lineage=srpi-200|terminal=T_OPO|phase=A,value_pu,standard_scaler_fit_on_calibration_group,explicit_effective_eps,explicit_effective_eps,all_observations,"dbscan|feature=value_pu|groups=scenario,source_lineage,terminal,phase|scale=standard|min_samples=2|eps=3.0",200,3.0,2,1,0,0.0,0,0,3,false,false,""
case.lis,72,T_MAN,A,1.238539453482077,0.04115,-139554.91,SRPI,200,srpi-200,112677.0,absolute_phase_to_ground_maximum,1.6579768140784057,rejected,non_applicable,,Gaussian adequacy status: rejected.,1.2431039608793277,0.06948989589712162,-0.04430447641910049,3.5,false,applicable,,0,0.1664979082100438,1.4646167600081432,false,applicable,,kmeans,scenario=SRPI|source_lineage=srpi-200|terminal=T_MAN|phase=A,value_pu,standard_scaler_fit_on_calibration_group,calibration_distance_percentile_99,42,2,all_observations,"kmeans|feature=value_pu|groups=scenario,source_lineage,terminal,phase|scale=standard|clusters=2|seed=42|threshold=p99",200,0,0.0030415922436884957,3.0,false,applicable,,dbscan,scenario=SRPI|source_lineage=srpi-200|terminal=T_MAN|phase=A,value_pu,standard_scaler_fit_on_calibration_group,explicit_effective_eps,explicit_effective_eps,all_observations,"dbscan|feature=value_pu|groups=scenario,source_lineage,terminal,phase|scale=standard|min_samples=2|eps=3.0",200,3.0,2,1,0,0.0,0,0,3,false,false,""
case.lis,72,1_2LT,A,1.4184657915989953,0.04103,-159828.47,SRPI,200,srpi-200,112677.0,absolute_phase_to_ground_maximum,2.4232717330313314,rejected,non_applicable,,Gaussian adequacy status: rejected.,1.7070286305102194,0.18248979827293954,-1.0665400421014368,3.5,false,applicable,,0,0.027581840753327036,1.2079243785947944,false,applicable,,kmeans,scenario=SRPI|source_lineage=srpi-200|terminal=1_2LT|phase=A,value_pu,standard_scaler_fit_on_calibration_group,calibration_distance_percentile_99,42,2,all_observations,"kmeans|feature=value_pu|groups=scenario,source_lineage,terminal,phase|scale=standard|clusters=2|seed=42|threshold=p99",200,0,0.05116734648281951,3.0,false,applicable,,dbscan,scenario=SRPI|source_lineage=srpi-200|terminal=1_2LT|phase=A,value_pu,standard_scaler_fit_on_calibration_group,explicit_effective_eps,explicit_effective_eps,all_observations,"dbscan|feature=value_pu|groups=scenario,source_lineage,terminal,phase|scale=standard|min_samples=2|eps=3.0",200,3.0,2,1,0,0.0,0,0,3,false,false,""
case.lis,72,T_OPO,A,1.5274682499534067,0.03996,-172110.54,SRPI,200,srpi-200,112677.0,absolute_phase_to_ground_maximum,2.1517703848351477,rejected,non_applicable,,Gaussian adequacy status: rejected.,1.7540467575459056,0.052284552304374454,-2.9229451960532375,3.5,false,applicable,,0,0.5574230280678771,1.7893062664422041,false,applicable,,kmeans,scenario=SRPI|source_lineage=srpi-200|terminal=T_OPO|phase=A,value_pu,standard_scaler_fit_on_calibration_group,calibration_distance_percentile_99,42,2,all_observations,"kmeans|feature=value_pu|groups=scenario,source_lineage,terminal,phase|scale=standard|clusters=2|seed=42|threshold=p99",200,0,0.0040149719018232055,3.0,false,applicable,,dbscan,scenario=SRPI|source_lineage=srpi-200|terminal=T_OPO|phase=A,value_pu,standard_scaler_fit_on_calibration_group,explicit_effective_eps,explicit_effective_eps,all_observations,"dbscan|feature=value_pu|groups=scenario,source_lineage,terminal,phase|scale=standard|min_samples=2|eps=3.0",200,3.0,2,1,0,0.0,0,0,3,false,false,""
case.lis,73,T_MAN,A,1.1947887323943662,0.02663,-134625.21,SRPI,200,srpi-200,112677.0,absolute_phase_to_ground_maximum,1.6579768140784057,rejected,non_applicable,,Gaussian adequacy status: rejected.,1.2431039608793277,0.06948989589712162,-0.46896208392273825,3.5,false,applicable,,0,0.18115192447523165,1.4646167600081432,false,applicable,,kmeans,scenario=SRPI|source_lineage=srpi-200|terminal=T_MAN|phase=A,value_pu,standard_scaler_fit_on_calibration_group,calibration_distance_percentile_99,42,2,all_observations,"kmeans|feature=value_pu|groups=scenario,source_lineage,terminal,phase|scale=standard|clusters=2|seed=42|threshold=p99",200,0,0.00019040804678727152,3.0,false,applicable,,dbscan,scenario=SRPI|source_lineage=srpi-200|terminal=T_MAN|phase=A,value_pu,standard_scaler_fit_on_calibration_group,explicit_effective_eps,explicit_effective_eps,all_observations,"dbscan|feature=value_pu|groups=scenario,source_lineage,terminal,phase|scale=standard|min_samples=2|eps=3.0",200,3.0,2,1,0,0.0,0,0,3,false,false,""
case.lis,73,1_2LT,A,1.7465207628886108,0.02675,-196792.72,SRPI,200,srpi-200,112677.0,absolute_phase_to_ground_maximum,2.4232717330313314,rejected,non_applicable,,Gaussian adequacy status: rejected.,1.7070286305102194,0.18248979827293954,0.14596453475592286,3.5,false,applicable,,1,0.4408416251856908,1.2079243785947944,false,applicable,,kmeans,scenario=SRPI|source_lineage=srpi-200|terminal=1_2LT|phase=A,value_pu,standard_scaler_fit_on_calibration_group,calibration_distance_percentile_99,42,2,all_observations,"kmeans|feature=value_pu|groups=scenario,source_lineage,terminal,phase|scale=standard|clusters=2|seed=42|threshold=p99",200,0,0.008988320078046341,3.0,false,applicable,,dbscan,scenario=SRPI|source_lineage=srpi-200|terminal=1_2LT|phase=A,value_pu,standard_scaler_fit_on_calibration_group,explicit_effective_eps,explicit_effective_eps,all_observations,"dbscan|feature=value_pu|groups=scenario,source_lineage,terminal,phase|scale=standard|min_samples=2|eps=3.0",200,3.0,2,1,0,0.0,0,0,3,false,false,""
case.lis,73,T_OPO,A,1.7306136123609965,0.02689,-195000.35,SRPI,200,srpi-200,112677.0,absolute_phase_to_ground_maximum,2.1517703848351477,rejected,non_applicable,,Gaussian adequacy status: rejected.,1.7540467575459056,0.052284552304374454,-0.30229609981293504,3.5,false,applicable,,1,0.23569189903488824,1.7893062664422041,false,applicable,,kmeans,scenario=SRPI|source_lineage=srpi-200|terminal=T_OPO|phase=A,value_pu,standard_scaler_fit_on_calibration_group,calibration_distance_percentile_99,42,2,all_observations,"kmeans|feature=value_pu|groups=scenario,source_lineage,terminal,phase|scale=standard|clusters=2|seed=42|threshold=p99",200,0,0.013516208634654303,3.0,false,applicable,,dbscan,scenario=SRPI|source_lineage=srpi-200|terminal=T_OPO|phase=A,value_pu,standard_scaler_fit_on_calibration_group,explicit_effective_eps,explicit_effective_eps,all_observations,"dbscan|feature=value_pu|groups=scenario,source_lineage,terminal,phase|scale=standard|min_samples=2|eps=3.0",200,3.0,2,1,0,0.0,0,0,3,false,false,""
case.lis,74,T_MAN,A,1.2164004188964919,0.04216,-137060.35,SRPI,200,srpi-200,112677.0,absolute_phase_to_ground_maximum,1.6579768140784057,rejected,non_applicable,,Gaussian adequacy status: rejected.,1.2431039608793277,0.06948989589712162,-0.2591925794221775,3.5,false,applicable,,0,0.009422201862247737,1.4646167600081432,false,applicable,,kmeans,scenario=SRPI|source_lineage=srpi-200|terminal=T_MAN|phase=A,value_pu,standard_scaler_fit_on_calibration_group,calibration_distance_percentile_99,42,2,all_observations,"kmeans|feature=value_pu|groups=scenario,source_lineage,terminal,phase|scale=standard|clusters=2|seed=42|threshold=p99",200,0,0.00042150699838805483,3.0,false,applicable,,dbscan,scenario=SRPI|source_lineage=srpi-200|terminal=T_MAN|phase=A,value_pu,standard_scaler_fit_on_calibration_group,explicit_effective_eps,explicit_effective_eps,all_observations,"dbscan|feature=value_pu|groups=scenario,source_lineage,terminal,phase|scale=standard|min_samples=2|eps=3.0",200,3.0,2,1,0,0.0,0,0,3,false,false,""
case.lis,74,1_2LT,A,1.5533281858764432,0.04213,-175024.36,SRPI,200,srpi-200,112677.0,absolute_phase_to_ground_maximum,2.4232717330313314,rejected,non_applicable,,Gaussian adequacy status: rejected.,1.7070286305102194,0.18248979827293954,-0.5680831229316723,3.5,false,applicable,,0,0.5160637697815582,1.2079243785947944,false,applicable,,kmeans,scenario=SRPI|source_lineage=srpi-200|terminal=1_2LT|phase=A,value_pu,standard_scaler_fit_on_calibration_group,calibration_distance_percentile_99,42,2,all_observations,"kmeans|feature=value_pu|groups=scenario,source_lineage,terminal,phase|scale=standard|clusters=2|seed=42|threshold=p99",200,0,0.0006031805306324078,3.0,false,applicable,,dbscan,scenario=SRPI|source_lineage=srpi-200|terminal=1_2LT|phase=A,value_pu,standard_scaler_fit_on_calibration_group,explicit_effective_eps,explicit_effective_eps,all_observations,"dbscan|feature=value_pu|groups=scenario,source_lineage,terminal,phase|scale=standard|min_samples=2|eps=3.0",200,3.0,2,1,0,0.0,0,0,3,false,false,""
case.lis,74,T_OPO,A,1.7005795326464141,0.04091,-191616.2,SRPI,200,srpi-200,112677.0,absolute_phase_to_ground_maximum,2.1517703848351477,rejected,non_applicable,,Gaussian adequacy status: rejected.,1.7540467575459056,0.052284552304374454,-0.6897466570277664,3.5,false,applicable,,1,0.4349186902600385,1.7893062664422041,false,applicable,,kmeans,scenario=SRPI|source_lineage=srpi-200|terminal=T_OPO|phase=A,value_pu,standard_scaler_fit_on_calibration_group,calibration_distance_percentile_99,42,2,all_observations,"kmeans|feature=value_pu|groups=scenario,source_lineage,terminal,phase|scale=standard|clusters=2|seed=42|threshold=p99",200,0,0.006896155770548921,3.0,false,applicable,,dbscan,scenario=SRPI|source_lineage=srpi-200|terminal=T_OPO|phase=A,value_pu,standard_scaler_fit_on_calibration_group,explicit_effective_eps,explicit_effective_eps,all_observations,"dbscan|feature=value_pu|groups=scenario,source_lineage,terminal,phase|scale=standard|min_samples=2|eps=3.0",200,3.0,2,1,0,0.0,0,0,3,false,false,""
case.lis,75,T_MAN,A,1.1680730761379874,0.04102,-131614.97,SRPI,200,srpi-200,112677.0,absolute_phase_to_ground_maximum,1.6579768140784057,rejected,non_applicable,,Gaussian adequacy status: rejected.,1.2431039608793277,0.06948989589712162,-0.7282722481136122,3.5,false,applicable,,0,0.3934385610540344,1.4646167600081432,false,applicable,,kmeans,scenario=SRPI|source_lineage=srpi-200|terminal=T_MAN|phase=A,value_pu,standard_scaler_fit_on_calibration_group,calibration_distance_percentile_99,42,2,all_observations,"kmeans|feature=value_pu|groups=scenario,source_lineage,terminal,phase|scale=standard|clusters=2|seed=42|threshold=p99",200,0,0.0016260847195667116,3.0,false,applicable,,dbscan,scenario=SRPI|source_lineage=srpi-200|terminal=T_MAN|phase=A,value_pu,standard_scaler_fit_on_calibration_group,explicit_effective_eps,explicit_effective_eps,all_observations,"dbscan|feature=value_pu|groups=scenario,source_lineage,terminal,phase|scale=standard|min_samples=2|eps=3.0",200,3.0,2,1,0,0.0,0,0,3,false,false,""
case.lis,75,1_2LT,A,1.4520476228511585,0.04113,-163612.37,SRPI,200,srpi-200,112677.0,absolute_phase_to_ground_maximum,2.4232717330313314,rejected,non_applicable,,Gaussian adequacy status: rejected.,1.7070286305102194,0.18248979827293954,-0.9424202217785425,3.5,false,applicable,,0,0.10779033064979238,1.2079243785947944,false,applicable,,kmeans,scenario=SRPI|source_lineage=srpi-200|terminal=1_2LT|phase=A,value_pu,standard_scaler_fit_on_calibration_group,calibration_distance_percentile_99,42,2,all_observations,"kmeans|feature=value_pu|groups=scenario,source_lineage,terminal,phase|scale=standard|clusters=2|seed=42|threshold=p99",200,0,0.0021719149960921502,3.0,false,applicable,,dbscan,scenario=SRPI|source_lineage=srpi-200|terminal=1_2LT|phase=A,value_pu,standard_scaler_fit_on_calibration_group,explicit_effective_eps,explicit_effective_eps,all_observations,"dbscan|feature=value_pu|groups=scenario,source_lineage,terminal,phase|scale=standard|min_samples=2|eps=3.0",200,3.0,2,1,0,0.0,0,0,3,false,false,""
case.lis,75,T_OPO,A,1.6664275761690495,0.04125,-187768.06,SRPI,200,srpi-200,112677.0,absolute_phase_to_ground_maximum,2.1517703848351477,rejected,non_applicable,,Gaussian adequacy status: rejected.,1.7540467575459056,0.052284552304374454,-1.1303193229086195,3.5,false,applicable,,1,0.6614608306454097,1.7893062664422041,false,applicable,,kmeans,scenario=SRPI|source_lineage=srpi-200|terminal=T_OPO|phase=A,value_pu,standard_scaler_fit_on_calibration_group,calibration_distance_percentile_99,42,2,all_observations,"kmeans|feature=value_pu|groups=scenario,source_lineage,terminal,phase|scale=standard|clusters=2|seed=42|threshold=p99",200,0,0.01334089211964487,3.0,false,applicable,,dbscan,scenario=SRPI|source_lineage=srpi-200|terminal=T_OPO|phase=A,value_pu,standard_scaler_fit_on_calibration_group,explicit_effective_eps,explicit_effective_eps,all_observations,"dbscan|feature=value_pu|groups=scenario,source_lineage,terminal,phase|scale=standard|min_samples=2|eps=3.0",200,3.0,2,1,0,0.0,0,0,3,false,false,""
case.lis,76,T_MAN,A,1.4307011635027556,0.03371,161207.115,SRPI,200,srpi-200,112677.0,absolute_phase_to_ground_maximum,1.6579768140784057,rejected,non_applicable,,Gaussian adequacy status: rejected.,1.2431039608793277,0.06948989589712162,1.8208746566880483,3.5,false,applicable,,1,0.2355060834304139,1.4646167600081432,false,applicable,,kmeans,scenario=SRPI|source_lineage=srpi-200|terminal=T_MAN|phase=A,value_pu,standard_scaler_fit_on_calibration_group,calibration_distance_percentile_99,42,2,all_observations,"kmeans|feature=value_pu|groups=scenario,source_lineage,terminal,phase|scale=standard|clusters=2|seed=42|threshold=p99",200,0,0.0024389860363569493,3.0,false,applicable,,dbscan,scenario=SRPI|source_lineage=srpi-200|terminal=T_MAN|phase=A,value_pu,standard_scaler_fit_on_calibration_group,explicit_effective_eps,explicit_effective_eps,all_observations,"dbscan|feature=value_pu|groups=scenario,source_lineage,terminal,phase|scale=standard|min_samples=2|eps=3.0",200,3.0,2,1,0,0.0,0,0,3,false,false,""
case.lis,76,1_2LT,A,2.0077526025719536,0.03383,226227.54,SRPI,200,srpi-200,112677.0,absolute_phase_to_ground_maximum,2.4232717330313314,rejected,non_applicable,,Gaussian adequacy status: rejected.,1.7070286305102194,0.18248979827293954,1.111488087079386,3.5,false,applicable,,1,0.612213555516754,1.2079243785947944,false,applicable,,kmeans,scenario=SRPI|source_lineage=srpi-200|terminal=1_2LT|phase=A,value_pu,standard_scaler_fit_on_calibration_group,calibration_distance_percentile_99,42,2,all_observations,"kmeans|feature=value_pu|groups=scenario,source_lineage,terminal,phase|scale=standard|clusters=2|seed=42|threshold=p99",200,0,0.006651084961429632,3.0,false,applicable,,dbscan,scenario=SRPI|source_lineage=srpi-200|terminal=1_2LT|phase=A,value_pu,standard_scaler_fit_on_calibration_group,explicit_effective_eps,explicit_effective_eps,all_observations,"dbscan|feature=value_pu|groups=scenario,source_lineage,terminal,phase|scale=standard|min_samples=2|eps=3.0",200,3.0,2,1,0,0.0,0,0,3,false,false,""
case.lis,76,T_OPO,A,1.8135754679304559,0.03397,204348.243,SRPI,200,srpi-200,112677.0,absolute_phase_to_ground_maximum,2.1517703848351477,rejected,non_applicable,,Gaussian adequacy status: rejected.,1.7540467575459056,0.052284552304374454,0.7679420254576974,3.5,false,applicable,,1,0.31462375692186245,1.7893062664422041,false,applicable,,kmeans,scenario=SRPI|source_lineage=srpi-200|terminal=T_OPO|phase=A,value_pu,standard_scaler_fit_on_calibration_group,calibration_distance_percentile_99,42,2,all_observations,"kmeans|feature=value_pu|groups=scenario,source_lineage,terminal,phase|scale=standard|clusters=2|seed=42|threshold=p99",200,0,0.0005965353413653895,3.0,false,applicable,,dbscan,scenario=SRPI|source_lineage=srpi-200|terminal=T_OPO|phase=A,value_pu,standard_scaler_fit_on_calibration_group,explicit_effective_eps,explicit_effective_eps,all_observations,"dbscan|feature=value_pu|groups=scenario,source_lineage,terminal,phase|scale=standard|min_samples=2|eps=3.0",200,3.0,2,1,0,0.0,0,0,3,false,false,""
case.lis,77,T_MAN,A,1.2498419464486985,0.03314,140828.441,SRPI,200,srpi-200,112677.0,absolute_phase_to_ground_maximum,1.6579768140784057,rejected,non_applicable,,Gaussian adequacy status: rejected.,1.2431039608793277,0.06948989589712162,0.06540090677698002,3.5,false,applicable,,0,0.2563092231114605,1.4646167600081432,false,applicable,,kmeans,scenario=SRPI|source_lineage=srpi-200|terminal=T_MAN|phase=A,value_pu,standard_scaler_fit_on_calibration_group,calibration_distance_percentile_99,42,2,all_observations,"kmeans|feature=value_pu|groups=scenario,source_lineage,terminal,phase|scale=standard|clusters=2|seed=42|threshold=p99",200,0,0.0066952405755537625,3.0,false,applicable,,dbscan,scenario=SRPI|source_lineage=srpi-200|terminal=T_MAN|phase=A,value_pu,standard_scaler_fit_on_calibration_group,explicit_effective_eps,explicit_effective_eps,all_observations,"dbscan|feature=value_pu|groups=scenario,source_lineage,terminal,phase|scale=standard|min_samples=2|eps=3.0",200,3.0,2,1,0,0.0,0,0,3,false,false,""
case.lis,77,1_2LT,A,1.3187058849632134,0.03321,148587.823,SRPI,200,srpi-200,112677.0,absolute_phase_to_ground_maximum,2.4232717330313314,rejected,non_applicable,,Gaussian adequacy status: rejected.,1.7070286305102194,0.18248979827293954,-1.4352567328049666,3.5,false,applicable,,0,0.42972534147109576,1.2079243785947944,false,applicable,,kmeans,scenario=SRPI|source_lineage=srpi-200|terminal=1_2LT|phase=A,value_pu,standard_scaler_fit_on_calibration_group,calibration_distance_percentile_99,42,2,all_observations,"kmeans|feature=value_pu|groups=scenario,source_lineage,terminal,phase|scale=standard|clusters=2|seed=42|threshold=p99",200,0,0.00026688770809579765,3.0,false,applicable,,dbscan,scenario=SRPI|source_lineage=srpi-200|terminal=1_2LT|phase=A,value_pu,standard_scaler_fit_on_calibration_group,explicit_effective_eps,explicit_effective_eps,all_observations,"dbscan|feature=value_pu|groups=scenario,source_lineage,terminal,phase|scale=standard|min_samples=2|eps=3.0",200,3.0,2,1,0,0.0,0,0,3,false,false,""
case.lis,77,T_OPO,A,1.6644163937627021,0.03339,187541.446,SRPI,200,srpi-200,112677.0,absolute_phase_to_ground_maximum,2.1517703848351477,rejected,non_applicable,,Gaussian adequacy status: rejected.,1.7540467575459056,0.052284552304374454,-1.156264307785969,3.5,false,applicable,,1,0.6748017227650546,1.7893062664422041,false,applicable,,kmeans,scenario=SRPI|source_lineage=srpi-200|terminal=T_OPO|phase=A,value_pu,standard_scaler_fit_on_calibration_group,calibration_distance_percentile_99,42,2,all_observations,"kmeans|feature=value_pu|groups=scenario,source_lineage,terminal,phase|scale=standard|clusters=2|seed=42|threshold=p99",200,0,0.01334089211964487,3.0,false,applicable,,dbscan,scenario=SRPI|source_lineage=srpi-200|terminal=T_OPO|phase=A,value_pu,standard_scaler_fit_on_calibration_group,explicit_effective_eps,explicit_effective_eps,all_observations,"dbscan|feature=value_pu|groups=scenario,source_lineage,terminal,phase|scale=standard|min_samples=2|eps=3.0",200,3.0,2,1,0,0.0,0,0,3,false,false,""
case.lis,78,T_MAN,A,1.2221358041126404,0.03233,137706.596,SRPI,200,srpi-200,112677.0,absolute_phase_to_ground_maximum,1.6579768140784057,rejected,non_applicable,,Gaussian adequacy status: rejected.,1.2431039608793277,0.06948989589712162,-0.20352321207349805,3.5,false,applicable,,0,0.03615203465792982,1.4646167600081432,false,applicable,,kmeans,scenario=SRPI|source_lineage=srpi-200|terminal=T_MAN|phase=A,value_pu,standard_scaler_fit_on_calibration_group,calibration_distance_percentile_99,42,2,all_observations,"kmeans|feature=value_pu|groups=scenario,source_lineage,terminal,phase|scale=standard|clusters=2|seed=42|threshold=p99",200,0,0.008443609574059263,3.0,false,applicable,,dbscan,scenario=SRPI|source_lineage=srpi-200|terminal=T_MAN|phase=A,value_pu,standard_scaler_fit_on_calibration_group,explicit_effective_eps,explicit_effective_eps,all_observations,"dbscan|feature=value_pu|groups=scenario,source_lineage,terminal,phase|scale=standard|min_samples=2|eps=3.0",200,3.0,2,1,0,0.0,0,0,3,false,false,""
case.lis,78,1_2LT,A,1.5606495025604161,0.0335,175849.304,SRPI,200,srpi-200,112677.0,absolute_phase_to_ground_maximum,2.4232717330313314,rejected,non_applicable,,Gaussian adequacy status: rejected.,1.7070286305102194,0.18248979827293954,-0.5410232373489526,3.5,false,applicable,,0,0.5455768278872106,1.2079243785947944,false,applicable,,kmeans,scenario=SRPI|source_lineage=srpi-200|terminal=1_2LT|phase=A,value_pu,standard_scaler_fit_on_calibration_group,calibration_distance_percentile_99,42,2,all_observations,"kmeans|feature=value_pu|groups=scenario,source_lineage,terminal,phase|scale=standard|clusters=2|seed=42|threshold=p99",200,0,0.013240420836509226,3.0,false,applicable,,dbscan,scenario=SRPI|source_lineage=srpi-200|terminal=1_2LT|phase=A,value_pu,standard_scaler_fit_on_calibration_group,explicit_effective_eps,explicit_effective_eps,all_observations,"dbscan|feature=value_pu|groups=scenario,source_lineage,terminal,phase|scale=standard|min_samples=2|eps=3.0",200,3.0,2,1,0,0.0,0,0,3,false,false,""
case.lis,78,T_OPO,A,1.6698378018584095,0.03217,188152.314,SRPI,200,srpi-200,112677.0,absolute_phase_to_ground_maximum,2.1517703848351477,rejected,non_applicable,,Gaussian adequacy status: rejected.,1.7540467575459056,0.052284552304374454,-1.086326170592075,3.5,false,applicable,,1,0.638839584118089,1.7893062664422041,false,applicable,,kmeans,scenario=SRPI|source_lineage=srpi-200|terminal=T_OPO|phase=A,value_pu,standard_scaler_fit_on_calibration_group,calibration_distance_percentile_99,42,2,all_observations,"kmeans|feature=value_pu|groups=scenario,source_lineage,terminal,phase|scale=standard|clusters=2|seed=42|threshold=p99",200,0,0.013916528413721874,3.0,false,applicable,,dbscan,scenario=SRPI|source_lineage=srpi-200|terminal=T_OPO|phase=A,value_pu,standard_scaler_fit_on_calibration_group,explicit_effective_eps,explicit_effective_eps,all_observations,"dbscan|feature=value_pu|groups=scenario,source_lineage,terminal,phase|scale=standard|min_samples=2|eps=3.0",200,3.0,2,1,0,0.0,0,0,3,false,false,""
case.lis,79,T_MAN,A,1.6621029313879496,0.03354,187280.772,SRPI,200,srpi-200,112677.0,absolute_phase_to_ground_maximum,1.6579768140784057,rejected,non_applicable,,Gaussian adequacy status: rejected.,1.2431039608793277,0.06948989589712162,4.066929548565951,3.5,true,applicable,,1,1.6032472876759976,1.4646167600081432,true,applicable,Distance exceeds calibrated threshold.,kmeans,scenario=SRPI|source_lineage=srpi-200|terminal=T_MAN|phase=A,value_pu,standard_scaler_fit_on_calibration_group,calibration_distance_percentile_99,42,2,all_observations,"kmeans|feature=value_pu|groups=scenario,source_lineage,terminal,phase|scale=standard|clusters=2|seed=42|threshold=p99",200,0,0.13863052766785433,3.0,false,applicable,,dbscan,scenario=SRPI|source_lineage=srpi-200|terminal=T_MAN|phase=A,value_pu,standard_scaler_fit_on_calibration_group,explicit_effective_eps,explicit_effective_eps,all_observations,"dbscan|feature=value_pu|groups=scenario,source_lineage,terminal,phase|scale=standard|min_samples=2|eps=3.0",200,3.0,2,1,0,0.0,1,2,3,true,true,mad_modified_z;kmeans_distance
case.lis,79,1_2LT,A,2.0525963772553406,0.03366,231280.402,SRPI,200,srpi-200,112677.0,absolute_phase_to_ground_maximum,2.4232717330313314,rejected,non_applicable,,Gaussian adequacy status: rejected.,1.7070286305102194,0.18248979827293954,1.2772325104405695,3.5,false,applicable,,1,0.7929838984804449,1.2079243785947944,false,applicable,,kmeans,scenario=SRPI|source_lineage=srpi-200|terminal=1_2LT|phase=A,value_pu,standard_scaler_fit_on_calibration_group,calibration_distance_percentile_99,42,2,all_observations,"kmeans|feature=value_pu|groups=scenario,source_lineage,terminal,phase|scale=standard|clusters=2|seed=42|threshold=p99",200,0,0.045450654706385984,3.0,false,applicable,,dbscan,scenario=SRPI|source_lineage=srpi-200|terminal=1_2LT|phase=A,value_pu,standard_scaler_fit_on_calibration_group,explicit_effective_eps,explicit_effective_eps,all_observations,"dbscan|feature=value_pu|groups=scenario,source_lineage,terminal,phase|scale=standard|min_samples=2|eps=3.0",200,3.0,2,1,0,0.0,1,0,3,false,false,""
case.lis,79,T_OPO,A,1.8007507832121905,0.0338,202903.196,SRPI,200,srpi-200,112677.0,absolute_phase_to_ground_maximum,2.1517703848351477,rejected,non_applicable,,Gaussian adequacy status: rejected.,1.7540467575459056,0.052284552304374454,0.6024989259048953,3.5,false,applicable,,1,0.22955303695391566,1.7893062664422041,false,applicable,,kmeans,scenario=SRPI|source_lineage=srpi-200|terminal=T_OPO|phase=A,value_pu,standard_scaler_fit_on_calibration_group,calibration_distance_percentile_99,42,2,all_observations,"kmeans|feature=value_pu|groups=scenario,source_lineage,terminal,phase|scale=standard|clusters=2|seed=42|threshold=p99",200,0,0.012466546625718777,3.0,false,applicable,,dbscan,scenario=SRPI|source_lineage=srpi-200|terminal=T_OPO|phase=A,value_pu,standard_scaler_fit_on_calibration_group,explicit_effective_eps,explicit_effective_eps,all_observations,"dbscan|feature=value_pu|groups=scenario,source_lineage,terminal,phase|scale=standard|min_samples=2|eps=3.0",200,3.0,2,1,0,0.0,0,0,3,false,false,""
case.lis,80,T_MAN,A,1.1116695510175103,0.02444,-125259.59,SRPI,200,srpi-200,112677.0,absolute_phase_to_ground_maximum,1.6579768140784057,rejected,non_applicable,,Gaussian adequacy status: rejected.,1.2431039608793277,0.06948989589712162,-1.275741762602622,3.5,false,applicable,,0,0.8416294841632191,1.4646167600081432,false,applicable,,kmeans,scenario=SRPI|source_lineage=srpi-200|terminal=T_MAN|phase=A,value_pu,standard_scaler_fit_on_calibration_group,calibration_distance_percentile_99,42,2,all_observations,"kmeans|feature=value_pu|groups=scenario,source_lineage,terminal,phase|scale=standard|clusters=2|seed=42|threshold=p99",200,0,0.011867357819801638,3.0,false,applicable,,dbscan,scenario=SRPI|source_lineage=srpi-200|terminal=T_MAN|phase=A,value_pu,standard_scaler_fit_on_calibration_group,explicit_effective_eps,explicit_effective_eps,all_observations,"dbscan|feature=value_pu|groups=scenario,source_lineage,terminal,phase|scale=standard|min_samples=2|eps=3.0",200,3.0,2,1,0,0.0,0,0,3,false,false,""
case.lis,80,1_2LT,A,1.1905279693282569,0.02448,-134145.12,SRPI,200,srpi-200,112677.0,absolute_phase_to_ground_maximum,2.4232717330313314,rejected,non_applicable,,Gaussian adequacy status: rejected.,1.7070286305102194,0.18248979827293954,-1.9090075458118994,3.5,false,applicable,,0,0.9464250602903963,1.2079243785947944,false,applicable,,kmeans,scenario=SRPI|source_lineage=srpi-200|terminal=1_2LT|phase=A,value_pu,standard_scaler_fit_on_calibration_group,calibration_distance_percentile_99,42,2,all_observations,"kmeans|feature=value_pu|groups=scenario,source_lineage,terminal,phase|scale=standard|clusters=2|seed=42|threshold=p99",200,0,0.024707505223293902,3.0,false,applicable,,dbscan,scenario=SRPI|source_lineage=srpi-200|terminal=1_2LT|phase=A,value_pu,standard_scaler_fit_on_calibration_group,explicit_effective_eps,explicit_effective_eps,all_observations,"dbscan|feature=value_pu|groups=scenario,source_lineage,terminal,phase|scale=standard|min_samples=2|eps=3.0",200,3.0,2,1,0,0.0,0,0,3,false,false,""
case.lis,80,T_OPO,A,1.2708953025018417,0.02562,-143200.67,SRPI,200,srpi-200,112677.0,absolute_phase_to_ground_maximum,2.1517703848351477,rejected,non_applicable,,Gaussian adequacy status: rejected.,1.7540467575459056,0.052284552304374454,-6.23282958076087,3.5,true,applicable,,0,1.1445170853538782,1.7893062664422041,false,applicable,,kmeans,scenario=SRPI|source_lineage=srpi-200|terminal=T_OPO|phase=A,value_pu,standard_scaler_fit_on_calibration_group,calibration_distance_percentile_99,42,2,all_observations,"kmeans|feature=value_pu|groups=scenario,source_lineage,terminal,phase|scale=standard|clusters=2|seed=42|threshold=p99",200,0,0.00006358020020513777,3.0,false,applicable,,dbscan,scenario=SRPI|source_lineage=srpi-200|terminal=T_OPO|phase=A,value_pu,standard_scaler_fit_on_calibration_group,explicit_effective_eps,explicit_effective_eps,all_observations,"dbscan|feature=value_pu|groups=scenario,source_lineage,terminal,phase|scale=standard|min_samples=2|eps=3.0",200,3.0,2,1,0,0.0,0,1,3,true,true,mad_modified_z
case.lis,81,T_MAN,A,1.4649819395262564,0.02443,-165069.77,SRPI,200,srpi-200,112677.0,absolute_phase_to_ground_maximum,1.6579768140784057,rejected,non_applicable,,Gaussian adequacy status: rejected.,1.2431039608793277,0.06948989589712162,2.1536141400058915,3.5,false,applicable,,1,0.03689413655679585,1.4646167600081432,false,applicable,,kmeans,scenario=SRPI|source_lineage=srpi-200|terminal=T_MAN|phase=A,value_pu,standard_scaler_fit_on_calibration_group,calibration_distance_percentile_99,42,2,all_observations,"kmeans|feature=value_pu|groups=scenario,source_lineage,terminal,phase|scale=standard|clusters=2|seed=42|threshold=p99",200,0,0.002120581469227112,3.0,false,applicable,,dbscan,scenario=SRPI|source_lineage=srpi-200|terminal=T_MAN|phase=A,value_pu,standard_scaler_fit_on_calibration_group,explicit_effective_eps,explicit_effective_eps,all_observations,"dbscan|feature=value_pu|groups=scenario,source_lineage,terminal,phase|scale=standard|min_samples=2|eps=3.0",200,3.0,2,1,0,0.0,0,0,3,false,false,""
case.lis,81,1_2LT,A,2.0850894148761503,0.02448,-234941.62,SRPI,200,srpi-200,112677.0,absolute_phase_to_ground_maximum,2.4232717330313314,rejected,non_applicable,,Gaussian adequacy status: rejected.,1.7070286305102194,0.18248979827293954,1.3973281050183715,3.5,false,applicable,,1,0.9239670192394986,1.2079243785947944,false,applicable,,kmeans,scenario=SRPI|source_lineage=srpi-200|terminal=1_2LT|phase=A,value_pu,standard_scaler_fit_on_calibration_group,calibration_distance_percentile_99,42,2,all_observations,"kmeans|feature=value_pu|groups=scenario,source_lineage,terminal,phase|scale=standard|clusters=2|seed=42|threshold=p99",200,0,0.0044910833174569564,3.0,false,applicable,,dbscan,scenario=SRPI|source_lineage=srpi-200|terminal=1_2LT|phase=A,value_pu,standard_scaler_fit_on_calibration_group,explicit_effective_eps,explicit_effective_eps,all_observations,"dbscan|feature=value_pu|groups=scenario,source_lineage,terminal,phase|scale=standard|min_samples=2|eps=3.0",200,3.0,2,1,0,0.0,1,0,3,false,false,""
case.lis,81,T_OPO,A,1.8403795805710128,0.02462,-207368.45,SRPI,200,srpi-200,112677.0,absolute_phase_to_ground_maximum,2.1517703848351477,rejected,non_applicable,,Gaussian adequacy status: rejected.,1.7540467575459056,0.052284552304374454,1.1137248320868798,3.5,false,applicable,,1,0.492425021477436,1.7893062664422041,false,applicable,,kmeans,scenario=SRPI|source_lineage=srpi-200|terminal=T_OPO|phase=A,value_pu,standard_scaler_fit_on_calibration_group,calibration_distance_percentile_99,42,2,all_observations,"kmeans|feature=value_pu|groups=scenario,source_lineage,terminal,phase|scale=standard|clusters=2|seed=42|threshold=p99",200,0,0.018679627337953697,3.0,false,applicable,,dbscan,scenario=SRPI|source_lineage=srpi-200|terminal=T_OPO|phase=A,value_pu,standard_scaler_fit_on_calibration_group,explicit_effective_eps,explicit_effective_eps,all_observations,"dbscan|feature=value_pu|groups=scenario,source_lineage,terminal,phase|scale=standard|min_samples=2|eps=3.0",200,3.0,2,1,0,0.0,0,0,3,false,false,""
case.lis,82,T_MAN,A,1.2210732003869467,0.03379,137586.865,SRPI,200,srpi-200,112677.0,absolute_phase_to_ground_maximum,1.6579768140784057,rejected,non_applicable,,Gaussian adequacy status: rejected.,1.2431039608793277,0.06948989589712162,-0.21383716221326665,3.5,false,applicable,,0,0.027708425083870558,1.4646167600081432,false,applicable,,kmeans,scenario=SRPI|source_lineage=srpi-200|terminal=T_MAN|phase=A,value_pu,standard_scaler_fit_on_calibration_group,calibration_distance_percentile_99,42,2,all_observations,"kmeans|feature=value_pu|groups=scenario,source_lineage,terminal,phase|scale=standard|clusters=2|seed=42|threshold=p99",200,0,0.004552303791204804,3.0,false,applicable,,dbscan,scenario=SRPI|source_lineage=srpi-200|terminal=T_MAN|phase=A,value_pu,standard_scaler_fit_on_calibration_group,explicit_effective_eps,explicit_effective_eps,all_observations,"dbscan|feature=value_pu|groups=scenario,source_lineage,terminal,phase|scale=standard|min_samples=2|eps=3.0",200,3.0,2,1,0,0.0,0,0,3,false,false,""
case.lis,82,1_2LT,A,1.5090161523647239,0.03264,170031.413,SRPI,200,srpi-200,112677.0,absolute_phase_to_ground_maximum,2.4232717330313314,rejected,non_applicable,,Gaussian adequacy status: rejected.,1.7070286305102194,0.18248979827293954,-0.7318622091976242,3.5,false,applicable,,0,0.33743693580320455,1.2079243785947944,false,applicable,,kmeans,scenario=SRPI|source_lineage=srpi-200|terminal=1_2LT|phase=A,value_pu,standard_scaler_fit_on_calibration_group,calibration_distance_percentile_99,42,2,all_observations,"kmeans|feature=value_pu|groups=scenario,source_lineage,terminal,phase|scale=standard|clusters=2|seed=42|threshold=p99",200,0,0.0015991439228175697,3.0,false,applicable,,dbscan,scenario=SRPI|source_lineage=srpi-200|terminal=1_2LT|phase=A,value_pu,standard_scaler_fit_on_calibration_group,explicit_effective_eps,explicit_effective_eps,all_observations,"dbscan|feature=value_pu|groups=scenario,source_lineage,terminal,phase|scale=standard|min_samples=2|eps=3.0",200,3.0,2,1,0,0.0,0,0,3,false,false,""
case.lis,82,T_OPO,A,1.6995399149782122,0.03407,191499.059,SRPI,200,srpi-200,112677.0,absolute_phase_to_ground_maximum,2.1517703848351477,rejected,non_applicable,,Gaussian adequacy status: rejected.,1.7540467575459056,0.052284552304374454,-0.7031581032469642,3.5,false,applicable,,1,0.4418148460305874,1.7893062664422041,false,applicable,,kmeans,scenario=SRPI|source_lineage=srpi-200|terminal=T_OPO|phase=A,value_pu,standard_scaler_fit_on_calibration_group,calibration_distance_percentile_99,42,2,all_observations,"kmeans|feature=value_pu|groups=scenario,source_lineage,terminal,phase|scale=standard|clusters=2|seed=42|threshold=p99",200,0,0.006210196055007288,3.0,false,applicable,,dbscan,scenario=SRPI|source_lineage=srpi-200|terminal=T_OPO|phase=A,value_pu,standard_scaler_fit_on_calibration_group,explicit_effective_eps,explicit_effective_eps,all_observations,"dbscan|feature=value_pu|groups=scenario,source_lineage,terminal,phase|scale=standard|min_samples=2|eps=3.0",200,3.0,2,1,0,0.0,0,0,3,false,false,""
case.lis,83,T_MAN,A,1.087977049442211,0.0257,-122589.99,SRPI,200,srpi-200,112677.0,absolute_phase_to_ground_maximum,1.6579768140784057,rejected,non_applicable,,Gaussian adequacy status: rejected.,1.2431039608793277,0.06948989589712162,-1.5057082816588963,3.5,false,applicable,,0,1.029893677387272,1.4646167600081432,false,applicable,,kmeans,scenario=SRPI|source_lineage=srpi-200|terminal=T_MAN|phase=A,value_pu,standard_scaler_fit_on_calibration_group,calibration_distance_percentile_99,42,2,all_observations,"kmeans|feature=value_pu|groups=scenario,source_lineage,terminal,phase|scale=standard|clusters=2|seed=42|threshold=p99",200,0,0.04388172054873207,3.0,false,applicable,,dbscan,scenario=SRPI|source_lineage=srpi-200|terminal=T_MAN|phase=A,value_pu,standard_scaler_fit_on_calibration_group,explicit_effective_eps,explicit_effective_eps,all_observations,"dbscan|feature=value_pu|groups=scenario,source_lineage,terminal,phase|scale=standard|min_samples=2|eps=3.0",200,3.0,2,1,0,0.0,0,0,3,false,false,""
case.lis,83,1_2LT,A,1.2261149125376076,0.02573,-138154.95,SRPI,200,srpi-200,112677.0,absolute_phase_to_ground_maximum,2.4232717330313314,rejected,non_applicable,,Gaussian adequacy status: rejected.,1.7070286305102194,0.18248979827293954,-1.777476749774648,3.5,false,applicable,,0,0.8029700551218206,1.2079243785947944,false,applicable,,kmeans,scenario=SRPI|source_lineage=srpi-200|terminal=1_2LT|phase=A,value_pu,standard_scaler_fit_on_calibration_group,calibration_distance_percentile_99,42,2,all_observations,"kmeans|feature=value_pu|groups=scenario,source_lineage,terminal,phase|scale=standard|clusters=2|seed=42|threshold=p99",200,0,0.10801653908152486,3.0,false,applicable,,dbscan,scenario=SRPI|source_lineage=srpi-200|terminal=1_2LT|phase=A,value_pu,standard_scaler_fit_on_calibration_group,explicit_effective_eps,explicit_effective_eps,all_observations,"dbscan|feature=value_pu|groups=scenario,source_lineage,terminal,phase|scale=standard|min_samples=2|eps=3.0",200,3.0,2,1,0,0.0,0,0,3,false,false,""
case.lis,83,T_OPO,A,1.4542078685091013,0.02557,-163855.78,SRPI,200,srpi-200,112677.0,absolute_phase_to_ground_maximum,2.1517703848351477,rejected,non_applicable,,Gaussian adequacy status: rejected.,1.7540467575459056,0.052284552304374454,-3.868030774906037,3.5,true,applicable,,0,0.07146071932455311,1.7893062664422041,false,applicable,,kmeans,scenario=SRPI|source_lineage=srpi-200|terminal=T_OPO|phase=A,value_pu,standard_scaler_fit_on_calibration_group,calibration_distance_percentile_99,42,2,all_observations,"kmeans|feature=value_pu|groups=scenario,source_lineage,terminal,phase|scale=standard|clusters=2|seed=42|threshold=p99",200,0,0.030613866398621736,3.0,false,applicable,,dbscan,scenario=SRPI|source_lineage=srpi-200|terminal=T_OPO|phase=A,value_pu,standard_scaler_fit_on_calibration_group,explicit_effective_eps,explicit_effective_eps,all_observations,"dbscan|feature=value_pu|groups=scenario,source_lineage,terminal,phase|scale=standard|min_samples=2|eps=3.0",200,3.0,2,1,0,0.0,0,1,3,true,true,mad_modified_z
case.lis,84,T_MAN,A,1.4652488085412285,0.02483,-165099.84,SRPI,200,srpi-200,112677.0,absolute_phase_to_ground_maximum,1.6579768140784057,rejected,non_applicable,,Gaussian adequacy status: rejected.,1.2431039608793277,0.06948989589712162,2.1562044506247195,3.5,false,applicable,,1,0.039014718026022965,1.4646167600081432,false,applicable,,kmeans,scenario=SRPI|source_lineage=srpi-200|terminal=T_MAN|phase=A,value_pu,standard_scaler_fit_on_calibration_group,calibration_distance_percentile_99,42,2,all_observations,"kmeans|feature=value_pu|groups=scenario,source_lineage,terminal,phase|scale=standard|clusters=2|seed=42|threshold=p99",200,0,0.002120581469227112,3.0,false,applicable,,dbscan,scenario=SRPI|source_lineage=srpi-200|terminal=T_MAN|phase=A,value_pu,standard_scaler_fit_on_calibration_group,explicit_effective_eps,explicit_effective_eps,all_observations,"dbscan|feature=value_pu|groups=scenario,source_lineage,terminal,phase|scale=standard|min_samples=2|eps=3.0",200,3.0,2,1,0,0.0,0,0,3,false,false,""
case.lis,84,1_2LT,A,2.1203761193500004,0.02494,-238917.62,SRPI,200,srpi-200,112677.0,absolute_phase_to_ground_maximum,2.4232717330313314,rejected,non_applicable,,Gaussian adequacy status: rejected.,1.7070286305102194,0.18248979827293954,1.5277492064226974,3.5,false,applicable,,1,1.0662117280052708,1.2079243785947944,false,applicable,,kmeans,scenario=SRPI|source_lineage=srpi-200|terminal=1_2LT|phase=A,value_pu,standard_scaler_fit_on_calibration_group,calibration_distance_percentile_99,42,2,all_observations,"kmeans|feature=value_pu|groups=scenario,source_lineage,terminal,phase|scale=standard|clusters=2|seed=42|threshold=p99",200,0,0.023779837894749356,3.0,false,applicable,,dbscan,scenario=SRPI|source_lineage=srpi-200|terminal=1_2LT|phase=A,value_pu,standard_scaler_fit_on_calibration_group,explicit_effective_eps,explicit_effective_eps,all_observations,"dbscan|feature=value_pu|groups=scenario,source_lineage,terminal,phase|scale=standard|min_samples=2|eps=3.0",200,3.0,2,1,0,0.0,1,0,3,false,false,""
case.lis,84,T_OPO,A,1.848342341382891,0.02507,-208265.67,SRPI,200,srpi-200,112677.0,absolute_phase_to_ground_maximum,2.1517703848351477,rejected,non_applicable,,Gaussian adequacy status: rejected.,1.7540467575459056,0.052284552304374454,1.2164473440749093,3.5,false,applicable,,1,0.5452448615031527,1.7893062664422041,false,applicable,,kmeans,scenario=SRPI|source_lineage=srpi-200|terminal=T_OPO|phase=A,value_pu,standard_scaler_fit_on_calibration_group,calibration_distance_percentile_99,42,2,all_observations,"kmeans|feature=value_pu|groups=scenario,source_lineage,terminal,phase|scale=standard|clusters=2|seed=42|threshold=p99",200,0,0.011114760924696765,3.0,false,applicable,,dbscan,scenario=SRPI|source_lineage=srpi-200|terminal=T_OPO|phase=A,value_pu,standard_scaler_fit_on_calibration_group,explicit_effective_eps,explicit_effective_eps,all_observations,"dbscan|feature=value_pu|groups=scenario,source_lineage,terminal,phase|scale=standard|min_samples=2|eps=3.0",200,3.0,2,1,0,0.0,0,0,3,false,false,""
case.lis,85,T_MAN,A,1.3287054145921529,0.03393,149714.54,SRPI,200,srpi-200,112677.0,absolute_phase_to_ground_maximum,1.6579768140784057,rejected,non_applicable,,Gaussian adequacy status: rejected.,1.2431039608793277,0.06948989589712162,0.830873357713239,3.5,false,applicable,,0,0.8829702431684212,1.4646167600081432,false,applicable,,kmeans,scenario=SRPI|source_lineage=srpi-200|terminal=T_MAN|phase=A,value_pu,standard_scaler_fit_on_calibration_group,calibration_distance_percentile_99,42,2,all_observations,"kmeans|feature=value_pu|groups=scenario,source_lineage,terminal,phase|scale=standard|clusters=2|seed=42|threshold=p99",200,0,0.01268470199101307,3.0,false,applicable,,dbscan,scenario=SRPI|source_lineage=srpi-200|terminal=T_MAN|phase=A,value_pu,standard_scaler_fit_on_calibration_group,explicit_effective_eps,explicit_effective_eps,all_observations,"dbscan|feature=value_pu|groups=scenario,source_lineage,terminal,phase|scale=standard|min_samples=2|eps=3.0",200,3.0,2,1,0,0.0,0,0,3,false,false,""
case.lis,85,1_2LT,A,1.8903697116536649,0.03269,213001.188,SRPI,200,srpi-200,112677.0,absolute_phase_to_ground_maximum,2.4232717330313314,rejected,non_applicable,,Gaussian adequacy status: rejected.,1.7070286305102194,0.18248979827293954,0.6776361264653732,3.5,false,applicable,,1,0.13902980595096226,1.2079243785947944,false,applicable,,kmeans,scenario=SRPI|source_lineage=srpi-200|terminal=1_2LT|phase=A,value_pu,standard_scaler_fit_on_calibration_group,calibration_distance_percentile_99,42,2,all_observations,"kmeans|feature=value_pu|groups=scenario,source_lineage,terminal,phase|scale=standard|clusters=2|seed=42|threshold=p99",200,0,0.003204584392098364,3.0,false,applicable,,dbscan,scenario=SRPI|source_lineage=srpi-200|terminal=1_2LT|phase=A,value_pu,standard_scaler_fit_on_calibration_group,explicit_effective_eps,explicit_effective_eps,all_observations,"dbscan|feature=value_pu|groups=scenario,source_lineage,terminal,phase|scale=standard|min_samples=2|eps=3.0",200,3.0,2,1,0,0.0,0,0,3,false,false,""
case.lis,85,T_OPO,A,1.7782752824445094,0.03284,200370.724,SRPI,200,srpi-200,112677.0,absolute_phase_to_ground_maximum,2.1517703848351477,rejected,non_applicable,,Gaussian adequacy status: rejected.,1.7540467575459056,0.052284552304374454,0.3125567875449051,3.5,false,applicable,,1,0.08046500290473352,1.7893062664422041,false,applicable,,kmeans,scenario=SRPI|source_lineage=srpi-200|terminal=T_OPO|phase=A,value_pu,standard_scaler_fit_on_calibration_group,calibration_distance_percentile_99,42,2,all_observations,"kmeans|feature=value_pu|groups=scenario,source_lineage,terminal,phase|scale=standard|clusters=2|seed=42|threshold=p99",200,0,0.00043246310250510955,3.0,false,applicable,,dbscan,scenario=SRPI|source_lineage=srpi-200|terminal=T_OPO|phase=A,value_pu,standard_scaler_fit_on_calibration_group,explicit_effective_eps,explicit_effective_eps,all_observations,"dbscan|feature=value_pu|groups=scenario,source_lineage,terminal,phase|scale=standard|min_samples=2|eps=3.0",200,3.0,2,1,0,0.0,0,0,3,false,false,""
case.lis,86,T_MAN,A,1.3212212785217923,0.02695,-148871.25,SRPI,200,srpi-200,112677.0,absolute_phase_to_ground_maximum,1.6579768140784057,rejected,non_applicable,,Gaussian adequacy status: rejected.,1.2431039608793277,0.06948989589712162,0.7582300906114373,3.5,false,applicable,,0,0.8235001684366581,1.4646167600081432,false,applicable,,kmeans,scenario=SRPI|source_lineage=srpi-200|terminal=T_MAN|phase=A,value_pu,standard_scaler_fit_on_calibration_group,calibration_distance_percentile_99,42,2,all_observations,"kmeans|feature=value_pu|groups=scenario,source_lineage,terminal,phase|scale=standard|clusters=2|seed=42|threshold=p99",200,0,0.031418032934988405,3.0,false,applicable,,dbscan,scenario=SRPI|source_lineage=srpi-200|terminal=T_MAN|phase=A,value_pu,standard_scaler_fit_on_calibration_group,explicit_effective_eps,explicit_effective_eps,all_observations,"dbscan|feature=value_pu|groups=scenario,source_lineage,terminal,phase|scale=standard|min_samples=2|eps=3.0",200,3.0,2,1,0,0.0,0,0,3,false,false,""
case.lis,86,1_2LT,A,1.7080454751191458,0.02691,-192457.44,SRPI,200,srpi-200,112677.0,absolute_phase_to_ground_maximum,2.4232717330313314,rejected,non_applicable,,Gaussian adequacy status: rejected.,1.7070286305102194,0.18248979827293954,0.00375829921866244,3.5,false,applicable,,1,0.5959398749387281,1.2079243785947944,false,applicable,,kmeans,scenario=SRPI|source_lineage=srpi-200|terminal=1_2LT|phase=A,value_pu,standard_scaler_fit_on_calibration_group,calibration_distance_percentile_99,42,2,all_observations,"kmeans|feature=value_pu|groups=scenario,source_lineage,terminal,phase|scale=standard|clusters=2|seed=42|threshold=p99",200,0,0.00819803194508946,3.0,false,applicable,,dbscan,scenario=SRPI|source_lineage=srpi-200|terminal=1_2LT|phase=A,value_pu,standard_scaler_fit_on_calibration_group,explicit_effective_eps,explicit_effective_eps,all_observations,"dbscan|feature=value_pu|groups=scenario,source_lineage,terminal,phase|scale=standard|min_samples=2|eps=3.0",200,3.0,2,1,0,0.0,0,0,3,false,false,""
case.lis,86,T_OPO,A,1.794687469492443,0.02663,-202220.0,SRPI,200,srpi-200,112677.0,absolute_phase_to_ground_maximum,2.1517703848351477,rejected,non_applicable,,Gaussian adequacy status: rejected.,1.7540467575459056,0.052284552304374454,0.5242799725822184,3.5,false,applicable,,1,0.18933290875101266,1.7893062664422041,false,applicable,,kmeans,scenario=SRPI|source_lineage=srpi-200|terminal=T_OPO|phase=A,value_pu,standard_scaler_fit_on_calibration_group,calibration_distance_percentile_99,42,2,all_observations,"kmeans|feature=value_pu|groups=scenario,source_lineage,terminal,phase|scale=standard|clusters=2|seed=42|threshold=p99",200,0,0.00002884657231472243,3.0,false,applicable,,dbscan,scenario=SRPI|source_lineage=srpi-200|terminal=T_OPO|phase=A,value_pu,standard_scaler_fit_on_calibration_group,explicit_effective_eps,explicit_effective_eps,all_observations,"dbscan|feature=value_pu|groups=scenario,source_lineage,terminal,phase|scale=standard|min_samples=2|eps=3.0",200,3.0,2,1,0,0.0,0,0,3,false,false,""
case.lis,87,T_MAN,A,1.2108937405149234,0.03281,136439.874,SRPI,200,srpi-200,112677.0,absolute_phase_to_ground_maximum,1.6579768140784057,rejected,non_applicable,,Gaussian adequacy status: rejected.,1.2431039608793277,0.06948989589712162,-0.3126420497090964,3.5,false,applicable,,0,0.053179099358084514,1.4646167600081432,false,applicable,,kmeans,scenario=SRPI|source_lineage=srpi-200|terminal=T_MAN|phase=A,value_pu,standard_scaler_fit_on_calibration_group,calibration_distance_percentile_99,42,2,all_observations,"kmeans|feature=value_pu|groups=scenario,source_lineage,terminal,phase|scale=standard|clusters=2|seed=42|threshold=p99",200,0,0.0027985751587903396,3.0,false,applicable,,dbscan,scenario=SRPI|source_lineage=srpi-200|terminal=T_MAN|phase=A,value_pu,standard_scaler_fit_on_calibration_group,explicit_effective_eps,explicit_effective_eps,all_observations,"dbscan|feature=value_pu|groups=scenario,source_lineage,terminal,phase|scale=standard|min_samples=2|eps=3.0",200,3.0,2,1,0,0.0,0,0,3,false,false,""
case.lis,87,1_2LT,A,1.4581922930145461,0.03291,164304.733,SRPI,200,srpi-200,112677.0,absolute_phase_to_ground_maximum,2.4232717330313314,rejected,non_applicable,,Gaussian adequacy status: rejected.,1.7070286305102194,0.18248979827293954,-0.9197092698088224,3.5,false,applicable,,0,0.13256019314858503,1.2079243785947944,false,applicable,,kmeans,scenario=SRPI|source_lineage=srpi-200|terminal=1_2LT|phase=A,value_pu,standard_scaler_fit_on_calibration_group,calibration_distance_percentile_99,42,2,all_observations,"kmeans|feature=value_pu|groups=scenario,source_lineage,terminal,phase|scale=standard|clusters=2|seed=42|threshold=p99",200,0,0.006798946475848444,3.0,false,applicable,,dbscan,scenario=SRPI|source_lineage=srpi-200|terminal=1_2LT|phase=A,value_pu,standard_scaler_fit_on_calibration_group,explicit_effective_eps,explicit_effective_eps,all_observations,"dbscan|feature=value_pu|groups=scenario,source_lineage,terminal,phase|scale=standard|min_samples=2|eps=3.0",200,3.0,2,1,0,0.0,0,0,3,false,false,""
case.lis,87,T_OPO,A,1.5923029633376822,0.03306,179415.921,SRPI,200,srpi-200,112677.0,absolute_phase_to_ground_maximum,2.1517703848351477,rejected,non_applicable,,Gaussian adequacy status: rejected.,1.7540467575459056,0.052284552304374454,-2.086553801133791,3.5,false,applicable,,0,0.9874948674683711,1.7893062664422041,false,applicable,,kmeans,scenario=SRPI|source_lineage=srpi-200|terminal=T_OPO|phase=A,value_pu,standard_scaler_fit_on_calibration_group,calibration_distance_percentile_99,42,2,all_observations,"kmeans|feature=value_pu|groups=scenario,source_lineage,terminal,phase|scale=standard|clusters=2|seed=42|threshold=p99",200,0,0.0164118157895361,3.0,false,applicable,,dbscan,scenario=SRPI|source_lineage=srpi-200|terminal=T_OPO|phase=A,value_pu,standard_scaler_fit_on_calibration_group,explicit_effective_eps,explicit_effective_eps,all_observations,"dbscan|feature=value_pu|groups=scenario,source_lineage,terminal,phase|scale=standard|min_samples=2|eps=3.0",200,3.0,2,1,0,0.0,0,0,3,false,false,""
case.lis,88,T_MAN,A,1.4629779813094066,0.0257,-164843.97,SRPI,200,srpi-200,112677.0,absolute_phase_to_ground_maximum,1.6579768140784057,rejected,non_applicable,,Gaussian adequacy status: rejected.,1.2431039608793277,0.06948989589712162,2.1341631211255705,3.5,false,applicable,,1,0.020970382125424347,1.4646167600081432,false,applicable,,kmeans,scenario=SRPI|source_lineage=srpi-200|terminal=T_MAN|phase=A,value_pu,standard_scaler_fit_on_calibration_group,calibration_distance_percentile_99,42,2,all_observations,"kmeans|feature=value_pu|groups=scenario,source_lineage,terminal,phase|scale=standard|clusters=2|seed=42|threshold=p99",200,0,0.015923754431371506,3.0,false,applicable,,dbscan,scenario=SRPI|source_lineage=srpi-200|terminal=T_MAN|phase=A,value_pu,standard_scaler_fit_on_calibration_group,explicit_effective_eps,explicit_effective_eps,all_observations,"dbscan|feature=value_pu|groups=scenario,source_lineage,terminal,phase|scale=standard|min_samples=2|eps=3.0",200,3.0,2,1,0,0.0,0,0,3,false,false,""
case.lis,88,1_2LT,A,1.8400399371655263,0.02567,-207330.18,SRPI,200,srpi-200,112677.0,absolute_phase_to_ground_maximum,2.4232717330313314,rejected,non_applicable,,Gaussian adequacy status: rejected.,1.7070286305102194,0.18248979827293954,0.49161522369053834,3.5,false,applicable,,1,0.0638552245742795,1.2079243785947944,false,applicable,,kmeans,scenario=SRPI|source_lineage=srpi-200|terminal=1_2LT|phase=A,value_pu,standard_scaler_fit_on_calibration_group,calibration_distance_percentile_99,42,2,all_observations,"kmeans|feature=value_pu|groups=scenario,source_lineage,terminal,phase|scale=standard|clusters=2|seed=42|threshold=p99",200,0,0.0013966884884843989,3.0,false,applicable,,dbscan,scenario=SRPI|source_lineage=srpi-200|terminal=1_2LT|phase=A,value_pu,standard_scaler_fit_on_calibration_group,explicit_effective_eps,explicit_effective_eps,all_observations,"dbscan|feature=value_pu|groups=scenario,source_lineage,terminal,phase|scale=standard|min_samples=2|eps=3.0",200,3.0,2,1,0,0.0,0,0,3,false,false,""
case.lis,88,T_OPO,A,1.824634219938408,0.02577,-205594.31,SRPI,200,srpi-200,112677.0,absolute_phase_to_ground_maximum,2.1517703848351477,rejected,non_applicable,,Gaussian adequacy status: rejected.,1.7540467575459056,0.052284552304374454,0.910603950454232,3.5,false,applicable,,1,0.38798041370762965,1.7893062664422041,false,applicable,,kmeans,scenario=SRPI|source_lineage=srpi-200|terminal=T_OPO|phase=A,value_pu,standard_scaler_fit_on_calibration_group,calibration_distance_percentile_99,42,2,all_observations,"kmeans|feature=value_pu|groups=scenario,source_lineage,terminal,phase|scale=standard|clusters=2|seed=42|threshold=p99",200,0,0.00961886010320967,3.0,false,applicable,,dbscan,scenario=SRPI|source_lineage=srpi-200|terminal=T_OPO|phase=A,value_pu,standard_scaler_fit_on_calibration_group,explicit_effective_eps,explicit_effective_eps,all_observations,"dbscan|feature=value_pu|groups=scenario,source_lineage,terminal,phase|scale=standard|min_samples=2|eps=3.0",200,3.0,2,1,0,0.0,0,0,3,false,false,""
case.lis,89,T_MAN,A,1.5589036804316763,0.02511,-175652.59,SRPI,200,srpi-200,112677.0,absolute_phase_to_ground_maximum,1.6579768140784057,rejected,non_applicable,,Gaussian adequacy status: rejected.,1.2431039608793277,0.06948989589712162,3.065246698141609,3.5,false,applicable,,1,0.7832104645967146,1.4646167600081432,false,applicable,,kmeans,scenario=SRPI|source_lineage=srpi-200|terminal=T_MAN|phase=A,value_pu,standard_scaler_fit_on_calibration_group,calibration_distance_percentile_99,42,2,all_observations,"kmeans|feature=value_pu|groups=scenario,source_lineage,terminal,phase|scale=standard|clusters=2|seed=42|threshold=p99",200,0,0.02804075835696196,3.0,false,applicable,,dbscan,scenario=SRPI|source_lineage=srpi-200|terminal=T_MAN|phase=A,value_pu,standard_scaler_fit_on_calibration_group,explicit_effective_eps,explicit_effective_eps,all_observations,"dbscan|feature=value_pu|groups=scenario,source_lineage,terminal,phase|scale=standard|min_samples=2|eps=3.0",200,3.0,2,1,0,0.0,0,0,3,false,false,""
case.lis,89,1_2LT,A,1.898118072011147,0.02507,-213874.25,SRPI,200,srpi-200,112677.0,absolute_phase_to_ground_maximum,2.4232717330313314,rejected,non_applicable,,Gaussian adequacy status: rejected.,1.7070286305102194,0.18248979827293954,0.7062743829126232,3.5,false,applicable,,1,0.17026432554967075,1.2079243785947944,false,applicable,,kmeans,scenario=SRPI|source_lineage=srpi-200|terminal=1_2LT|phase=A,value_pu,standard_scaler_fit_on_calibration_group,calibration_distance_percentile_99,42,2,all_observations,"kmeans|feature=value_pu|groups=scenario,source_lineage,terminal,phase|scale=standard|clusters=2|seed=42|threshold=p99",200,0,0.001915080296839733,3.0,false,applicable,,dbscan,scenario=SRPI|source_lineage=srpi-200|terminal=1_2LT|phase=A,value_pu,standard_scaler_fit_on_calibration_group,explicit_effective_eps,explicit_effective_eps,all_observations,"dbscan|feature=value_pu|groups=scenario,source_lineage,terminal,phase|scale=standard|min_samples=2|eps=3.0",200,3.0,2,1,0,0.0,0,0,3,false,false,""
case.lis,89,T_OPO,A,1.8107921758655272,0.0248,-204034.63,SRPI,200,srpi-200,112677.0,absolute_phase_to_ground_maximum,2.1517703848351477,rejected,non_applicable,,Gaussian adequacy status: rejected.,1.7540467575459056,0.052284552304374454,0.732036545026924,3.5,false,applicable,,1,0.29616118532294206,1.7893062664422041,false,applicable,,kmeans,scenario=SRPI|source_lineage=srpi-200|terminal=T_OPO|phase=A,value_pu,standard_scaler_fit_on_calibration_group,calibration_distance_percentile_99,42,2,all_observations,"kmeans|feature=value_pu|groups=scenario,source_lineage,terminal,phase|scale=standard|clusters=2|seed=42|threshold=p99",200,0,0.001913293061719279,3.0,false,applicable,,dbscan,scenario=SRPI|source_lineage=srpi-200|terminal=T_OPO|phase=A,value_pu,standard_scaler_fit_on_calibration_group,explicit_effective_eps,explicit_effective_eps,all_observations,"dbscan|feature=value_pu|groups=scenario,source_lineage,terminal,phase|scale=standard|min_samples=2|eps=3.0",200,3.0,2,1,0,0.0,0,0,3,false,false,""
case.lis,90,T_MAN,A,1.1860301747472863,0.03303,133638.322,SRPI,200,srpi-200,112677.0,absolute_phase_to_ground_maximum,1.6579768140784057,rejected,non_applicable,,Gaussian adequacy status: rejected.,1.2431039608793277,0.06948989589712162,-0.5539752686913975,3.5,false,applicable,,0,0.2507487453931605,1.4646167600081432,false,applicable,,kmeans,scenario=SRPI|source_lineage=srpi-200|terminal=T_MAN|phase=A,value_pu,standard_scaler_fit_on_calibration_group,calibration_distance_percentile_99,42,2,all_observations,"kmeans|feature=value_pu|groups=scenario,source_lineage,terminal,phase|scale=standard|clusters=2|seed=42|threshold=p99",200,0,0.001979467950106173,3.0,false,applicable,,dbscan,scenario=SRPI|source_lineage=srpi-200|terminal=T_MAN|phase=A,value_pu,standard_scaler_fit_on_calibration_group,explicit_effective_eps,explicit_effective_eps,all_observations,"dbscan|feature=value_pu|groups=scenario,source_lineage,terminal,phase|scale=standard|min_samples=2|eps=3.0",200,3.0,2,1,0,0.0,0,0,3,false,false,""
case.lis,90,1_2LT,A,1.455272398093666,0.03319,163975.728,SRPI,200,srpi-200,112677.0,absolute_phase_to_ground_maximum,2.4232717330313314,rejected,non_applicable,,Gaussian adequacy status: rejected.,1.7070286305102194,0.18248979827293954,-0.9305013207312401,3.5,false,applicable,,0,0.12078976548070641,1.2079243785947944,false,applicable,,kmeans,scenario=SRPI|source_lineage=srpi-200|terminal=1_2LT|phase=A,value_pu,standard_scaler_fit_on_calibration_group,calibration_distance_percentile_99,42,2,all_observations,"kmeans|feature=value_pu|groups=scenario,source_lineage,terminal,phase|scale=standard|clusters=2|seed=42|threshold=p99",200,0,0.0014903496171432273,3.0,false,applicable,,dbscan,scenario=SRPI|source_lineage=srpi-200|terminal=1_2LT|phase=A,value_pu,standard_scaler_fit_on_calibration_group,explicit_effective_eps,explicit_effective_eps,all_observations,"dbscan|feature=value_pu|groups=scenario,source_lineage,terminal,phase|scale=standard|min_samples=2|eps=3.0",200,3.0,2,1,0,0.0,0,0,3,false,false,""
case.lis,90,T_OPO,A,1.5514562155541947,0.03184,174813.432,SRPI,200,srpi-200,112677.0,absolute_phase_to_ground_maximum,2.1517703848351477,rejected,non_applicable,,Gaussian adequacy status: rejected.,1.7540467575459056,0.052284552304374454,-2.613491710985642,3.5,false,applicable,,0,0.7165437822271569,1.7893062664422041,false,applicable,,kmeans,scenario=SRPI|source_lineage=srpi-200|terminal=T_OPO|phase=A,value_pu,standard_scaler_fit_on_calibration_group,calibration_distance_percentile_99,42,2,all_observations,"kmeans|feature=value_pu|groups=scenario,source_lineage,terminal,phase|scale=standard|clusters=2|seed=42|threshold=p99",200,0,0.011404286317850287,3.0,false,applicable,,dbscan,scenario=SRPI|source_lineage=srpi-200|terminal=T_OPO|phase=A,value_pu,standard_scaler_fit_on_calibration_group,explicit_effective_eps,explicit_effective_eps,all_observations,"dbscan|feature=value_pu|groups=scenario,source_lineage,terminal,phase|scale=standard|min_samples=2|eps=3.0",200,3.0,2,1,0,0.0,0,0,3,false,false,""
case.lis,91,T_MAN,A,1.541091349609947,0.02517,-173645.55,SRPI,200,srpi-200,112677.0,absolute_phase_to_ground_maximum,1.6579768140784057,rejected,non_applicable,,Gaussian adequacy status: rejected.,1.2431039608793277,0.06948989589712162,2.892354878240987,3.5,false,applicable,,1,0.6416709956244337,1.4646167600081432,false,applicable,,kmeans,scenario=SRPI|source_lineage=srpi-200|terminal=T_MAN|phase=A,value_pu,standard_scaler_fit_on_calibration_group,calibration_distance_percentile_99,42,2,all_observations,"kmeans|feature=value_pu|groups=scenario,source_lineage,terminal,phase|scale=standard|clusters=2|seed=42|threshold=p99",200,0,0.037301641580734124,3.0,false,applicable,,dbscan,scenario=SRPI|source_lineage=srpi-200|terminal=T_MAN|phase=A,value_pu,standard_scaler_fit_on_calibration_group,explicit_effective_eps,explicit_effective_eps,all_observations,"dbscan|feature=value_pu|groups=scenario,source_lineage,terminal,phase|scale=standard|min_samples=2|eps=3.0",200,3.0,2,1,0,0.0,0,0,3,false,false,""
case.lis,91,1_2LT,A,2.0921140960444458,0.02529,-235733.14,SRPI,200,srpi-200,112677.0,absolute_phase_to_ground_maximum,2.4232717330313314,rejected,non_applicable,,Gaussian adequacy status: rejected.,1.7070286305102194,0.18248979827293954,1.423291613615845,3.5,false,applicable,,1,0.9522843059302148,1.2079243785947944,false,applicable,,kmeans,scenario=SRPI|source_lineage=srpi-200|terminal=1_2LT|phase=A,value_pu,standard_scaler_fit_on_calibration_group,calibration_distance_percentile_99,42,2,all_observations,"kmeans|feature=value_pu|groups=scenario,source_lineage,terminal,phase|scale=standard|clusters=2|seed=42|threshold=p99",200,0,0.023826203373259247,3.0,false,applicable,,dbscan,scenario=SRPI|source_lineage=srpi-200|terminal=1_2LT|phase=A,value_pu,standard_scaler_fit_on_calibration_group,explicit_effective_eps,explicit_effective_eps,all_observations,"dbscan|feature=value_pu|groups=scenario,source_lineage,terminal,phase|scale=standard|min_samples=2|eps=3.0",200,3.0,2,1,0,0.0,1,0,3,false,false,""
case.lis,91,T_OPO,A,1.8352808470229063,0.02543,-206793.94,SRPI,200,srpi-200,112677.0,absolute_phase_to_ground_maximum,2.1517703848351477,rejected,non_applicable,,Gaussian adequacy status: rejected.,1.7540467575459056,0.052284552304374454,1.04794931397288,3.5,false,applicable,,1,0.45860329849625586,1.7893062664422041,false,applicable,,kmeans,scenario=SRPI|source_lineage=srpi-200|terminal=T_OPO|phase=A,value_pu,standard_scaler_fit_on_calibration_group,calibration_distance_percentile_99,42,2,all_observations,"kmeans|feature=value_pu|groups=scenario,source_lineage,terminal,phase|scale=standard|clusters=2|seed=42|threshold=p99",200,0,0.001832640400347807,3.0,false,applicable,,dbscan,scenario=SRPI|source_lineage=srpi-200|terminal=T_OPO|phase=A,value_pu,standard_scaler_fit_on_calibration_group,explicit_effective_eps,explicit_effective_eps,all_observations,"dbscan|feature=value_pu|groups=scenario,source_lineage,terminal,phase|scale=standard|min_samples=2|eps=3.0",200,3.0,2,1,0,0.0,0,0,3,false,false,""
case.lis,92,T_MAN,A,1.1368860193295882,0.03378,128100.906,SRPI,200,srpi-200,112677.0,absolute_phase_to_ground_maximum,1.6579768140784057,rejected,non_applicable,,Gaussian adequacy status: rejected.,1.2431039608793277,0.06948989589712162,-1.030983165787033,3.5,false,applicable,,0,0.6412556212494519,1.4646167600081432,false,applicable,,kmeans,scenario=SRPI|source_lineage=srpi-200|terminal=T_MAN|phase=A,value_pu,standard_scaler_fit_on_calibration_group,calibration_distance_percentile_99,42,2,all_observations,"kmeans|feature=value_pu|groups=scenario,source_lineage,terminal,phase|scale=standard|clusters=2|seed=42|threshold=p99",200,0,0.002746177685174267,3.0,false,applicable,,dbscan,scenario=SRPI|source_lineage=srpi-200|terminal=T_MAN|phase=A,value_pu,standard_scaler_fit_on_calibration_group,explicit_effective_eps,explicit_effective_eps,all_observations,"dbscan|feature=value_pu|groups=scenario,source_lineage,terminal,phase|scale=standard|min_samples=2|eps=3.0",200,3.0,2,1,0,0.0,0,0,3,false,false,""
case.lis,92,1_2LT,A,1.4687905872538316,0.03114,165498.917,SRPI,200,srpi-200,112677.0,absolute_phase_to_ground_maximum,2.4232717330313314,rejected,non_applicable,,Gaussian adequacy status: rejected.,1.7070286305102194,0.18248979827293954,-0.8805375412979018,3.5,false,applicable,,0,0.17528311953005893,1.2079243785947944,false,applicable,,kmeans,scenario=SRPI|source_lineage=srpi-200|terminal=1_2LT|phase=A,value_pu,standard_scaler_fit_on_calibration_group,calibration_distance_percentile_99,42,2,all_observations,"kmeans|feature=value_pu|groups=scenario,source_lineage,terminal,phase|scale=standard|clusters=2|seed=42|threshold=p99",200,0,0.01106049205400883,3.0,false,applicable,,dbscan,scenario=SRPI|source_lineage=srpi-200|terminal=1_2LT|phase=A,value_pu,standard_scaler_fit_on_calibration_group,explicit_effective_eps,explicit_effective_eps,all_observations,"dbscan|feature=value_pu|groups=scenario,source_lineage,terminal,phase|scale=standard|min_samples=2|eps=3.0",200,3.0,2,1,0,0.0,0,0,3,false,false,""
case.lis,92,T_OPO,A,1.7546209696743789,0.03253,197705.427,SRPI,200,srpi-200,112677.0,absolute_phase_to_ground_maximum,2.1517703848351477,rejected,non_applicable,,Gaussian adequacy status: rejected.,1.7540467575459056,0.052284552304374454,0.007407545403446373,3.5,false,applicable,,1,0.07644251271130564,1.7893062664422041,false,applicable,,kmeans,scenario=SRPI|source_lineage=srpi-200|terminal=T_OPO|phase=A,value_pu,standard_scaler_fit_on_calibration_group,calibration_distance_percentile_99,42,2,all_observations,"kmeans|feature=value_pu|groups=scenario,source_lineage,terminal,phase|scale=standard|clusters=2|seed=42|threshold=p99",200,0,0.002993155665753311,3.0,false,applicable,,dbscan,scenario=SRPI|source_lineage=srpi-200|terminal=T_OPO|phase=A,value_pu,standard_scaler_fit_on_calibration_group,explicit_effective_eps,explicit_effective_eps,all_observations,"dbscan|feature=value_pu|groups=scenario,source_lineage,terminal,phase|scale=standard|min_samples=2|eps=3.0",200,3.0,2,1,0,0.0,0,0,3,false,false,""
case.lis,93,T_MAN,A,1.1380740523798114,0.04271,-128234.77,SRPI,200,srpi-200,112677.0,absolute_phase_to_ground_maximum,1.6579768140784057,rejected,non_applicable,,Gaussian adequacy status: rejected.,1.2431039608793277,0.06948989589712162,-1.0194517610421467,3.5,false,applicable,,0,0.6318153313327061,1.4646167600081432,false,applicable,,kmeans,scenario=SRPI|source_lineage=srpi-200|terminal=T_MAN|phase=A,value_pu,standard_scaler_fit_on_calibration_group,calibration_distance_percentile_99,42,2,all_observations,"kmeans|feature=value_pu|groups=scenario,source_lineage,terminal,phase|scale=standard|clusters=2|seed=42|threshold=p99",200,0,0.009440289916745837,3.0,false,applicable,,dbscan,scenario=SRPI|source_lineage=srpi-200|terminal=T_MAN|phase=A,value_pu,standard_scaler_fit_on_calibration_group,explicit_effective_eps,explicit_effective_eps,all_observations,"dbscan|feature=value_pu|groups=scenario,source_lineage,terminal,phase|scale=standard|min_samples=2|eps=3.0",200,3.0,2,1,0,0.0,0,0,3,false,false,""
case.lis,93,1_2LT,A,1.6719101857521943,0.03562,188385.824,SRPI,200,srpi-200,112677.0,absolute_phase_to_ground_maximum,2.4232717330313314,rejected,non_applicable,,Gaussian adequacy status: rejected.,1.7070286305102194,0.18248979827293954,-0.1297992066202401,3.5,false,applicable,,1,0.7416053256746579,1.2079243785947944,false,applicable,,kmeans,scenario=SRPI|source_lineage=srpi-200|terminal=1_2LT|phase=A,value_pu,standard_scaler_fit_on_calibration_group,calibration_distance_percentile_99,42,2,all_observations,"kmeans|feature=value_pu|groups=scenario,source_lineage,terminal,phase|scale=standard|clusters=2|seed=42|threshold=p99",200,0,0.0008792268517679239,3.0,false,applicable,,dbscan,scenario=SRPI|source_lineage=srpi-200|terminal=1_2LT|phase=A,value_pu,standard_scaler_fit_on_calibration_group,explicit_effective_eps,explicit_effective_eps,all_observations,"dbscan|feature=value_pu|groups=scenario,source_lineage,terminal,phase|scale=standard|min_samples=2|eps=3.0",200,3.0,2,1,0,0.0,0,0,3,false,false,""
case.lis,93,T_OPO,A,1.7678488955155,0.03573,199195.91,SRPI,200,srpi-200,112677.0,absolute_phase_to_ground_maximum,2.1517703848351477,rejected,non_applicable,,Gaussian adequacy status: rejected.,1.7540467575459056,0.052284552304374454,0.1780526021737547,3.5,false,applicable,,1,0.011303049827482037,1.7893062664422041,false,applicable,,kmeans,scenario=SRPI|source_lineage=srpi-200|terminal=T_OPO|phase=A,value_pu,standard_scaler_fit_on_calibration_group,calibration_distance_percentile_99,42,2,all_observations,"kmeans|feature=value_pu|groups=scenario,source_lineage,terminal,phase|scale=standard|clusters=2|seed=42|threshold=p99",200,0,0.004602912142050997,3.0,false,applicable,,dbscan,scenario=SRPI|source_lineage=srpi-200|terminal=T_OPO|phase=A,value_pu,standard_scaler_fit_on_calibration_group,explicit_effective_eps,explicit_effective_eps,all_observations,"dbscan|feature=value_pu|groups=scenario,source_lineage,terminal,phase|scale=standard|min_samples=2|eps=3.0",200,3.0,2,1,0,0.0,0,0,3,false,false,""
case.lis,94,T_MAN,A,1.325196978975301,0.02519,-149319.22,SRPI,200,srpi-200,112677.0,absolute_phase_to_ground_maximum,1.6579768140784057,rejected,non_applicable,,Gaussian adequacy status: rejected.,1.2431039608793277,0.06948989589712162,0.7968194304157683,3.5,false,applicable,,0,0.8550916842587217,1.4646167600081432,false,applicable,,kmeans,scenario=SRPI|source_lineage=srpi-200|terminal=T_MAN|phase=A,value_pu,standard_scaler_fit_on_calibration_group,calibration_distance_percentile_99,42,2,all_observations,"kmeans|feature=value_pu|groups=scenario,source_lineage,terminal,phase|scale=standard|clusters=2|seed=42|threshold=p99",200,0,0.007153700839319099,3.0,false,applicable,,dbscan,scenario=SRPI|source_lineage=srpi-200|terminal=T_MAN|phase=A,value_pu,standard_scaler_fit_on_calibration_group,explicit_effective_eps,explicit_effective_eps,all_observations,"dbscan|feature=value_pu|groups=scenario,source_lineage,terminal,phase|scale=standard|min_samples=2|eps=3.0",200,3.0,2,1,0,0.0,0,0,3,false,false,""
case.lis,94,1_2LT,A,1.922964668920898,0.02514,-216673.89,SRPI,200,srpi-200,112677.0,absolute_phase_to_ground_maximum,2.4232717330313314,rejected,non_applicable,,Gaussian adequacy status: rejected.,1.7070286305102194,0.18248979827293954,0.7981084202203717,3.5,false,applicable,,1,0.270423776366825,1.2079243785947944,false,applicable,,kmeans,scenario=SRPI|source_lineage=srpi-200|terminal=1_2LT|phase=A,value_pu,standard_scaler_fit_on_calibration_group,calibration_distance_percentile_99,42,2,all_observations,"kmeans|feature=value_pu|groups=scenario,source_lineage,terminal,phase|scale=standard|clusters=2|seed=42|threshold=p99",200,0,0.0005137409501709822,3.0,false,applicable,,dbscan,scenario=SRPI|source_lineage=srpi-200|terminal=1_2LT|phase=A,value_pu,standard_scaler_fit_on_calibration_group,explicit_effective_eps,explicit_effective_eps,all_observations,"dbscan|feature=value_pu|groups=scenario,source_lineage,terminal,phase|scale=standard|min_samples=2|eps=3.0",200,3.0,2,1,0,0.0,0,0,3,false,false,""
case.lis,94,T_OPO,A,1.7975491005262831,0.02529,-202542.44,SRPI,200,srpi-200,112677.0,absolute_phase_to_ground_maximum,2.1517703848351477,rejected,non_applicable,,Gaussian adequacy status: rejected.,1.7540467575459056,0.052284552304374454,0.5611960542181829,3.5,false,applicable,,1,0.20831513074549785,1.7893062664422041,false,applicable,,kmeans,scenario=SRPI|source_lineage=srpi-200|terminal=T_OPO|phase=A,value_pu,standard_scaler_fit_on_calibration_group,calibration_distance_percentile_99,42,2,all_observations,"kmeans|feature=value_pu|groups=scenario,source_lineage,terminal,phase|scale=standard|clusters=2|seed=42|threshold=p99",200,0,0.0008035830859215443,3.0,false,applicable,,dbscan,scenario=SRPI|source_lineage=srpi-200|terminal=T_OPO|phase=A,value_pu,standard_scaler_fit_on_calibration_group,explicit_effective_eps,explicit_effective_eps,all_observations,"dbscan|feature=value_pu|groups=scenario,source_lineage,terminal,phase|scale=standard|min_samples=2|eps=3.0",200,3.0,2,1,0,0.0,0,0,3,false,false,""
case.lis,95,T_MAN,A,1.1752355582771994,0.03297,132422.017,SRPI,200,srpi-200,112677.0,absolute_phase_to_ground_maximum,1.6579768140784057,rejected,non_applicable,,Gaussian adequacy status: rejected.,1.2431039608793277,0.06948989589712162,-0.6587510504417489,3.5,false,applicable,,0,0.336524397003656,1.4646167600081432,false,applicable,,kmeans,scenario=SRPI|source_lineage=srpi-200|terminal=T_MAN|phase=A,value_pu,standard_scaler_fit_on_calibration_group,calibration_distance_percentile_99,42,2,all_observations,"kmeans|feature=value_pu|groups=scenario,source_lineage,terminal,phase|scale=standard|clusters=2|seed=42|threshold=p99",200,0,0.017314579430909638,3.0,false,applicable,,dbscan,scenario=SRPI|source_lineage=srpi-200|terminal=T_MAN|phase=A,value_pu,standard_scaler_fit_on_calibration_group,explicit_effective_eps,explicit_effective_eps,all_observations,"dbscan|feature=value_pu|groups=scenario,source_lineage,terminal,phase|scale=standard|min_samples=2|eps=3.0",200,3.0,2,1,0,0.0,0,0,3,false,false,""
case.lis,95,1_2LT,A,1.5920358458247912,0.03165,179385.823,SRPI,200,srpi-200,112677.0,absolute_phase_to_ground_maximum,2.4232717330313314,rejected,non_applicable,,Gaussian adequacy status: rejected.,1.7070286305102194,0.18248979827293954,-0.4250180303274928,3.5,false,applicable,,0,0.6720987381486838,1.2079243785947944,false,applicable,,kmeans,scenario=SRPI|source_lineage=srpi-200|terminal=1_2LT|phase=A,value_pu,standard_scaler_fit_on_calibration_group,calibration_distance_percentile_99,42,2,all_observations,"kmeans|feature=value_pu|groups=scenario,source_lineage,terminal,phase|scale=standard|clusters=2|seed=42|threshold=p99",200,0,0.0017099774509252152,3.0,false,applicable,,dbscan,scenario=SRPI|source_lineage=srpi-200|terminal=1_2LT|phase=A,value_pu,standard_scaler_fit_on_calibration_group,explicit_effective_eps,explicit_effective_eps,all_observations,"dbscan|feature=value_pu|groups=scenario,source_lineage,terminal,phase|scale=standard|min_samples=2|eps=3.0",200,3.0,2,1,0,0.0,0,0,3,false,false,""
case.lis,95,T_OPO,A,1.7534725454174322,0.03303,197576.026,SRPI,200,srpi-200,112677.0,absolute_phase_to_ground_maximum,2.1517703848351477,rejected,non_applicable,,Gaussian adequacy status: rejected.,1.7540467575459056,0.052284552304374454,-0.007407545403446373,3.5,false,applicable,,1,0.08406042149528992,1.7893062664422041,false,applicable,,kmeans,scenario=SRPI|source_lineage=srpi-200|terminal=T_OPO|phase=A,value_pu,standard_scaler_fit_on_calibration_group,calibration_distance_percentile_99,42,2,all_observations,"kmeans|feature=value_pu|groups=scenario,source_lineage,terminal,phase|scale=standard|clusters=2|seed=42|threshold=p99",200,0,0.00364208580173353,3.0,false,applicable,,dbscan,scenario=SRPI|source_lineage=srpi-200|terminal=T_OPO|phase=A,value_pu,standard_scaler_fit_on_calibration_group,explicit_effective_eps,explicit_effective_eps,all_observations,"dbscan|feature=value_pu|groups=scenario,source_lineage,terminal,phase|scale=standard|min_samples=2|eps=3.0",200,3.0,2,1,0,0.0,0,0,3,false,false,""
case.lis,96,T_MAN,A,1.5841159686537625,0.03326,178493.435,SRPI,200,srpi-200,112677.0,absolute_phase_to_ground_maximum,1.6579768140784057,rejected,non_applicable,,Gaussian adequacy status: rejected.,1.2431039608793277,0.06948989589712162,3.309964721751297,3.5,false,applicable,,1,0.9835511118845426,1.4646167600081432,false,applicable,,kmeans,scenario=SRPI|source_lineage=srpi-200|terminal=T_MAN|phase=A,value_pu,standard_scaler_fit_on_calibration_group,calibration_distance_percentile_99,42,2,all_observations,"kmeans|feature=value_pu|groups=scenario,source_lineage,terminal,phase|scale=standard|clusters=2|seed=42|threshold=p99",200,0,0.0024883510855220337,3.0,false,applicable,,dbscan,scenario=SRPI|source_lineage=srpi-200|terminal=T_MAN|phase=A,value_pu,standard_scaler_fit_on_calibration_group,explicit_effective_eps,explicit_effective_eps,all_observations,"dbscan|feature=value_pu|groups=scenario,source_lineage,terminal,phase|scale=standard|min_samples=2|eps=3.0",200,3.0,2,1,0,0.0,0,0,3,false,false,""
case.lis,96,1_2LT,A,1.8574970313373624,0.03337,209297.193,SRPI,200,srpi-200,112677.0,absolute_phase_to_ground_maximum,2.4232717330313314,rejected,non_applicable,,Gaussian adequacy status: rejected.,1.7070286305102194,0.18248979827293954,0.5561373569743978,3.5,false,applicable,,1,0.006516302418548725,1.2079243785947944,false,applicable,,kmeans,scenario=SRPI|source_lineage=srpi-200|terminal=1_2LT|phase=A,value_pu,standard_scaler_fit_on_calibration_group,calibration_distance_percentile_99,42,2,all_observations,"kmeans|feature=value_pu|groups=scenario,source_lineage,terminal,phase|scale=standard|clusters=2|seed=42|threshold=p99",200,0,0.0033520523723634676,3.0,false,applicable,,dbscan,scenario=SRPI|source_lineage=srpi-200|terminal=1_2LT|phase=A,value_pu,standard_scaler_fit_on_calibration_group,explicit_effective_eps,explicit_effective_eps,all_observations,"dbscan|feature=value_pu|groups=scenario,source_lineage,terminal,phase|scale=standard|min_samples=2|eps=3.0",200,3.0,2,1,0,0.0,0,0,3,false,false,""
case.lis,96,T_OPO,A,1.7691878289269327,0.03351,199346.777,SRPI,200,srpi-200,112677.0,absolute_phase_to_ground_maximum,2.1517703848351477,rejected,non_applicable,,Gaussian adequacy status: rejected.,1.7540467575459056,0.052284552304374454,0.19532533039659614,3.5,false,applicable,,1,0.020184673961094357,1.7893062664422041,false,applicable,,kmeans,scenario=SRPI|source_lineage=srpi-200|terminal=T_OPO|phase=A,value_pu,standard_scaler_fit_on_calibration_group,calibration_distance_percentile_99,42,2,all_observations,"kmeans|feature=value_pu|groups=scenario,source_lineage,terminal,phase|scale=standard|clusters=2|seed=42|threshold=p99",200,0,0.004278711991561324,3.0,false,applicable,,dbscan,scenario=SRPI|source_lineage=srpi-200|terminal=T_OPO|phase=A,value_pu,standard_scaler_fit_on_calibration_group,explicit_effective_eps,explicit_effective_eps,all_observations,"dbscan|feature=value_pu|groups=scenario,source_lineage,terminal,phase|scale=standard|min_samples=2|eps=3.0",200,3.0,2,1,0,0.0,0,0,3,false,false,""
case.lis,97,T_MAN,A,1.2174833284521243,0.03286,137182.369,SRPI,200,srpi-200,112677.0,absolute_phase_to_ground_maximum,1.6579768140784057,rejected,non_applicable,,Gaussian adequacy status: rejected.,1.2431039608793277,0.06948989589712162,-0.24868153481297559,3.5,false,applicable,,0,0.0008172390989109601,1.4646167600081432,false,applicable,,kmeans,scenario=SRPI|source_lineage=srpi-200|terminal=T_MAN|phase=A,value_pu,standard_scaler_fit_on_calibration_group,calibration_distance_percentile_99,42,2,all_observations,"kmeans|feature=value_pu|groups=scenario,source_lineage,terminal,phase|scale=standard|clusters=2|seed=42|threshold=p99",200,0,8.533101355845396e-6,3.0,false,applicable,,dbscan,scenario=SRPI|source_lineage=srpi-200|terminal=T_MAN|phase=A,value_pu,standard_scaler_fit_on_calibration_group,explicit_effective_eps,explicit_effective_eps,all_observations,"dbscan|feature=value_pu|groups=scenario,source_lineage,terminal,phase|scale=standard|min_samples=2|eps=3.0",200,3.0,2,1,0,0.0,0,0,3,false,false,""
case.lis,97,1_2LT,A,1.4515088349885068,0.03248,163551.661,SRPI,200,srpi-200,112677.0,absolute_phase_to_ground_maximum,2.4232717330313314,rejected,non_applicable,,Gaussian adequacy status: rejected.,1.7070286305102194,0.18248979827293954,-0.9444116037315494,3.5,false,applicable,,0,0.10561841565370023,1.2079243785947944,false,applicable,,kmeans,scenario=SRPI|source_lineage=srpi-200|terminal=1_2LT|phase=A,value_pu,standard_scaler_fit_on_calibration_group,calibration_distance_percentile_99,42,2,all_observations,"kmeans|feature=value_pu|groups=scenario,source_lineage,terminal,phase|scale=standard|clusters=2|seed=42|threshold=p99",200,0,0.0021719149960921502,3.0,false,applicable,,dbscan,scenario=SRPI|source_lineage=srpi-200|terminal=1_2LT|phase=A,value_pu,standard_scaler_fit_on_calibration_group,explicit_effective_eps,explicit_effective_eps,all_observations,"dbscan|feature=value_pu|groups=scenario,source_lineage,terminal,phase|scale=standard|min_samples=2|eps=3.0",200,3.0,2,1,0,0.0,0,0,3,false,false,""
case.lis,97,T_OPO,A,1.6719357632879825,0.03266,188388.706,SRPI,200,srpi-200,112677.0,absolute_phase_to_ground_maximum,2.1517703848351477,rejected,non_applicable,,Gaussian adequacy status: rejected.,1.7540467575459056,0.052284552304374454,-1.059261704737686,3.5,false,applicable,,1,0.6249230557043671,1.7893062664422041,false,applicable,,kmeans,scenario=SRPI|source_lineage=srpi-200|terminal=T_OPO|phase=A,value_pu,standard_scaler_fit_on_calibration_group,calibration_distance_percentile_99,42,2,all_observations,"kmeans|feature=value_pu|groups=scenario,source_lineage,terminal,phase|scale=standard|clusters=2|seed=42|threshold=p99",200,0,0.013916528413721874,3.0,false,applicable,,dbscan,scenario=SRPI|source_lineage=srpi-200|terminal=T_OPO|phase=A,value_pu,standard_scaler_fit_on_calibration_group,explicit_effective_eps,explicit_effective_eps,all_observations,"dbscan|feature=value_pu|groups=scenario,source_lineage,terminal,phase|scale=standard|min_samples=2|eps=3.0",200,3.0,2,1,0,0.0,0,0,3,false,false,""
case.lis,98,T_MAN,A,1.2685113110927695,0.0321,142932.049,SRPI,200,srpi-200,112677.0,absolute_phase_to_ground_maximum,1.6579768140784057,rejected,non_applicable,,Gaussian adequacy status: rejected.,1.2431039608793277,0.06948989589712162,0.24661135374241558,3.5,false,applicable,,0,0.4046588121808568,1.4646167600081432,false,applicable,,kmeans,scenario=SRPI|source_lineage=srpi-200|terminal=T_MAN|phase=A,value_pu,standard_scaler_fit_on_calibration_group,calibration_distance_percentile_99,42,2,all_observations,"kmeans|feature=value_pu|groups=scenario,source_lineage,terminal,phase|scale=standard|clusters=2|seed=42|threshold=p99",200,0,0.005809420028995552,3.0,false,applicable,,dbscan,scenario=SRPI|source_lineage=srpi-200|terminal=T_MAN|phase=A,value_pu,standard_scaler_fit_on_calibration_group,explicit_effective_eps,explicit_effective_eps,all_observations,"dbscan|feature=value_pu|groups=scenario,source_lineage,terminal,phase|scale=standard|min_samples=2|eps=3.0",200,3.0,2,1,0,0.0,0,0,3,false,false,""
case.lis,98,1_2LT,A,1.7194516893421017,0.0321,193742.658,SRPI,200,srpi-200,112677.0,absolute_phase_to_ground_maximum,2.4232717330313314,rejected,non_applicable,,Gaussian adequacy status: rejected.,1.7070286305102194,0.18248979827293954,0.04591613299750165,3.5,false,applicable,,1,0.5499601314501649,1.2079243785947944,false,applicable,,kmeans,scenario=SRPI|source_lineage=srpi-200|terminal=1_2LT|phase=A,value_pu,standard_scaler_fit_on_calibration_group,calibration_distance_percentile_99,42,2,all_observations,"kmeans|feature=value_pu|groups=scenario,source_lineage,terminal,phase|scale=standard|clusters=2|seed=42|threshold=p99",200,0,0.007816947780659111,3.0,false,applicable,,dbscan,scenario=SRPI|source_lineage=srpi-200|terminal=1_2LT|phase=A,value_pu,standard_scaler_fit_on_calibration_group,explicit_effective_eps,explicit_effective_eps,all_observations,"dbscan|feature=value_pu|groups=scenario,source_lineage,terminal,phase|scale=standard|min_samples=2|eps=3.0",200,3.0,2,1,0,0.0,0,0,3,false,false,""
case.lis,98,T_OPO,A,1.7565198842709693,0.0309,197919.391,SRPI,200,srpi-200,112677.0,absolute_phase_to_ground_maximum,2.1517703848351477,rejected,non_applicable,,Gaussian adequacy status: rejected.,1.7540467575459056,0.052284552304374454,0.03190423468256265,3.5,false,applicable,,1,0.06384633312183657,1.7893062664422041,false,applicable,,kmeans,scenario=SRPI|source_lineage=srpi-200|terminal=T_OPO|phase=A,value_pu,standard_scaler_fit_on_calibration_group,calibration_distance_percentile_99,42,2,all_observations,"kmeans|feature=value_pu|groups=scenario,source_lineage,terminal,phase|scale=standard|clusters=2|seed=42|threshold=p99",200,0,0.00035846281393214774,3.0,false,applicable,,dbscan,scenario=SRPI|source_lineage=srpi-200|terminal=T_OPO|phase=A,value_pu,standard_scaler_fit_on_calibration_group,explicit_effective_eps,explicit_effective_eps,all_observations,"dbscan|feature=value_pu|groups=scenario,source_lineage,terminal,phase|scale=standard|min_samples=2|eps=3.0",200,3.0,2,1,0,0.0,0,0,3,false,false,""
case.lis,99,T_MAN,A,1.484063686466626,0.03314,167219.844,SRPI,200,srpi-200,112677.0,absolute_phase_to_ground_maximum,1.6579768140784057,rejected,non_applicable,,Gaussian adequacy status: rejected.,1.2431039608793277,0.06948989589712162,2.338827293097516,3.5,false,applicable,,1,0.18852057758991458,1.4646167600081432,false,applicable,,kmeans,scenario=SRPI|source_lineage=srpi-200|terminal=T_MAN|phase=A,value_pu,standard_scaler_fit_on_calibration_group,calibration_distance_percentile_99,42,2,all_observations,"kmeans|feature=value_pu|groups=scenario,source_lineage,terminal,phase|scale=standard|clusters=2|seed=42|threshold=p99",200,0,0.00006600812288515279,3.0,false,applicable,,dbscan,scenario=SRPI|source_lineage=srpi-200|terminal=T_MAN|phase=A,value_pu,standard_scaler_fit_on_calibration_group,explicit_effective_eps,explicit_effective_eps,all_observations,"dbscan|feature=value_pu|groups=scenario,source_lineage,terminal,phase|scale=standard|min_samples=2|eps=3.0",200,3.0,2,1,0,0.0,0,0,3,false,false,""
case.lis,99,1_2LT,A,1.8641908730264385,0.03325,210051.435,SRPI,200,srpi-200,112677.0,absolute_phase_to_ground_maximum,2.4232717330313314,rejected,non_applicable,,Gaussian adequacy status: rejected.,1.7070286305102194,0.18248979827293954,0.5808780693399422,3.5,false,applicable,,1,0.03349993763708903,1.2079243785947944,false,applicable,,kmeans,scenario=SRPI|source_lineage=srpi-200|terminal=1_2LT|phase=A,value_pu,standard_scaler_fit_on_calibration_group,calibration_distance_percentile_99,42,2,all_observations,"kmeans|feature=value_pu|groups=scenario,source_lineage,terminal,phase|scale=standard|clusters=2|seed=42|threshold=p99",200,0,0.0014766474734170254,3.0,false,applicable,,dbscan,scenario=SRPI|source_lineage=srpi-200|terminal=1_2LT|phase=A,value_pu,standard_scaler_fit_on_calibration_group,explicit_effective_eps,explicit_effective_eps,all_observations,"dbscan|feature=value_pu|groups=scenario,source_lineage,terminal,phase|scale=standard|min_samples=2|eps=3.0",200,3.0,2,1,0,0.0,0,0,3,false,false,""
case.lis,99,T_OPO,A,1.7642178705503342,0.03339,198786.777,SRPI,200,srpi-200,112677.0,absolute_phase_to_ground_maximum,2.1517703848351477,rejected,non_applicable,,Gaussian adequacy status: rejected.,1.7540467575459056,0.052284552304374454,0.13121105885416962,3.5,false,applicable,,1,0.012782837256222424,1.7893062664422041,false,applicable,,kmeans,scenario=SRPI|source_lineage=srpi-200|terminal=T_OPO|phase=A,value_pu,standard_scaler_fit_on_calibration_group,calibration_distance_percentile_99,42,2,all_observations,"kmeans|feature=value_pu|groups=scenario,source_lineage,terminal,phase|scale=standard|clusters=2|seed=42|threshold=p99",200,0,0.001352609888801981,3.0,false,applicable,,dbscan,scenario=SRPI|source_lineage=srpi-200|terminal=T_OPO|phase=A,value_pu,standard_scaler_fit_on_calibration_group,explicit_effective_eps,explicit_effective_eps,all_observations,"dbscan|feature=value_pu|groups=scenario,source_lineage,terminal,phase|scale=standard|min_samples=2|eps=3.0",200,3.0,2,1,0,0.0,0,0,3,false,false,""
case.lis,100,T_MAN,A,1.245476450384728,0.02696,-140336.55,SRPI,200,srpi-200,112677.0,absolute_phase_to_ground_maximum,1.6579768140784057,rejected,non_applicable,,Gaussian adequacy status: rejected.,1.2431039608793277,0.06948989589712162,0.023028093986632765,3.5,false,applicable,,0,0.2216203325401488,1.4646167600081432,false,applicable,,kmeans,scenario=SRPI|source_lineage=srpi-200|terminal=T_MAN|phase=A,value_pu,standard_scaler_fit_on_calibration_group,calibration_distance_percentile_99,42,2,all_observations,"kmeans|feature=value_pu|groups=scenario,source_lineage,terminal,phase|scale=standard|clusters=2|seed=42|threshold=p99",200,0,0.007305181018765372,3.0,false,applicable,,dbscan,scenario=SRPI|source_lineage=srpi-200|terminal=T_MAN|phase=A,value_pu,standard_scaler_fit_on_calibration_group,explicit_effective_eps,explicit_effective_eps,all_observations,"dbscan|feature=value_pu|groups=scenario,source_lineage,terminal,phase|scale=standard|min_samples=2|eps=3.0",200,3.0,2,1,0,0.0,0,0,3,false,false,""
case.lis,100,1_2LT,A,1.7766371131641774,0.02708,-200186.14,SRPI,200,srpi-200,112677.0,absolute_phase_to_ground_maximum,2.4232717330313314,rejected,non_applicable,,Gaussian adequacy status: rejected.,1.7070286305102194,0.18248979827293954,0.2572757958040794,3.5,false,applicable,,1,0.3194392007339937,1.2079243785947944,false,applicable,,kmeans,scenario=SRPI|source_lineage=srpi-200|terminal=1_2LT|phase=A,value_pu,standard_scaler_fit_on_calibration_group,calibration_distance_percentile_99,42,2,all_observations,"kmeans|feature=value_pu|groups=scenario,source_lineage,terminal,phase|scale=standard|clusters=2|seed=42|threshold=p99",200,0,0.01572741358665003,3.0,false,applicable,,dbscan,scenario=SRPI|source_lineage=srpi-200|terminal=1_2LT|phase=A,value_pu,standard_scaler_fit_on_calibration_group,explicit_effective_eps,explicit_effective_eps,all_observations,"dbscan|feature=value_pu|groups=scenario,source_lineage,terminal,phase|scale=standard|min_samples=2|eps=3.0",200,3.0,2,1,0,0.0,0,0,3,false,false,""
case.lis,100,T_OPO,A,1.756573923693389,0.02687,-197925.48,SRPI,200,srpi-200,112677.0,absolute_phase_to_ground_maximum,2.1517703848351477,rejected,non_applicable,,Gaussian adequacy status: rejected.,1.7540467575459056,0.052284552304374454,0.03260136289581509,3.5,false,applicable,,1,0.06348787030790443,1.7893062664422041,false,applicable,,kmeans,scenario=SRPI|source_lineage=srpi-200|terminal=T_OPO|phase=A,value_pu,standard_scaler_fit_on_calibration_group,calibration_distance_percentile_99,42,2,all_observations,"kmeans|feature=value_pu|groups=scenario,source_lineage,terminal,phase|scale=standard|clusters=2|seed=42|threshold=p99",200,0,0.00035846281393214774,3.0,false,applicable,,dbscan,scenario=SRPI|source_lineage=srpi-200|terminal=T_OPO|phase=A,value_pu,standard_scaler_fit_on_calibration_group,explicit_effective_eps,explicit_effective_eps,all_observations,"dbscan|feature=value_pu|groups=scenario,source_lineage,terminal,phase|scale=standard|min_samples=2|eps=3.0",200,3.0,2,1,0,0.0,0,0,3,false,false,""
case.lis,101,T_MAN,A,1.2158073431135015,0.03289,136993.524,SRPI,200,srpi-200,112677.0,absolute_phase_to_ground_maximum,1.6579768140784057,rejected,non_applicable,,Gaussian adequacy status: rejected.,1.2431039608793277,0.06948989589712162,-0.2649491506697264,3.5,false,applicable,,0,0.014134871541747418,1.4646167600081432,false,applicable,,kmeans,scenario=SRPI|source_lineage=srpi-200|terminal=T_MAN|phase=A,value_pu,standard_scaler_fit_on_calibration_group,calibration_distance_percentile_99,42,2,all_observations,"kmeans|feature=value_pu|groups=scenario,source_lineage,terminal,phase|scale=standard|clusters=2|seed=42|threshold=p99",200,0,0.001020164001788726,3.0,false,applicable,,dbscan,scenario=SRPI|source_lineage=srpi-200|terminal=T_MAN|phase=A,value_pu,standard_scaler_fit_on_calibration_group,explicit_effective_eps,explicit_effective_eps,all_observations,"dbscan|feature=value_pu|groups=scenario,source_lineage,terminal,phase|scale=standard|min_samples=2|eps=3.0",200,3.0,2,1,0,0.0,0,0,3,false,false,""
case.lis,101,1_2LT,A,1.3022438474577775,0.03398,146732.93,SRPI,200,srpi-200,112677.0,absolute_phase_to_ground_maximum,2.4232717330313314,rejected,non_applicable,,Gaussian adequacy status: rejected.,1.7070286305102194,0.18248979827293954,-1.4961010959959058,3.5,false,applicable,,0,0.4960856821593924,1.2079243785947944,false,applicable,,kmeans,scenario=SRPI|source_lineage=srpi-200|terminal=1_2LT|phase=A,value_pu,standard_scaler_fit_on_calibration_group,calibration_distance_percentile_99,42,2,all_observations,"kmeans|feature=value_pu|groups=scenario,source_lineage,terminal,phase|scale=standard|clusters=2|seed=42|threshold=p99",200,0,0.006858227029778341,3.0,false,applicable,,dbscan,scenario=SRPI|source_lineage=srpi-200|terminal=1_2LT|phase=A,value_pu,standard_scaler_fit_on_calibration_group,explicit_effective_eps,explicit_effective_eps,all_observations,"dbscan|feature=value_pu|groups=scenario,source_lineage,terminal,phase|scale=standard|min_samples=2|eps=3.0",200,3.0,2,1,0,0.0,0,0,3,false,false,""
case.lis,101,T_OPO,A,1.4369204717910489,0.03413,161907.888,SRPI,200,srpi-200,112677.0,absolute_phase_to_ground_maximum,2.1517703848351477,rejected,non_applicable,,Gaussian adequacy status: rejected.,1.7540467575459056,0.052284552304374454,-4.091044483161968,3.5,true,applicable,,0,0.043212765247094165,1.7893062664422041,false,applicable,,kmeans,scenario=SRPI|source_lineage=srpi-200|terminal=T_OPO|phase=A,value_pu,standard_scaler_fit_on_calibration_group,calibration_distance_percentile_99,42,2,all_observations,"kmeans|feature=value_pu|groups=scenario,source_lineage,terminal,phase|scale=standard|clusters=2|seed=42|threshold=p99",200,0,0.02637760007775558,3.0,false,applicable,,dbscan,scenario=SRPI|source_lineage=srpi-200|terminal=T_OPO|phase=A,value_pu,standard_scaler_fit_on_calibration_group,explicit_effective_eps,explicit_effective_eps,all_observations,"dbscan|feature=value_pu|groups=scenario,source_lineage,terminal,phase|scale=standard|min_samples=2|eps=3.0",200,3.0,2,1,0,0.0,0,1,3,true,true,mad_modified_z
case.lis,102,T_MAN,A,1.3620187083433177,0.03327,153468.182,SRPI,200,srpi-200,112677.0,absolute_phase_to_ground_maximum,1.6579768140784057,rejected,non_applicable,,Gaussian adequacy status: rejected.,1.2431039608793277,0.06948989589712162,1.1542221682179703,3.5,false,applicable,,1,0.7812672377831232,1.4646167600081432,false,applicable,,kmeans,scenario=SRPI|source_lineage=srpi-200|terminal=T_MAN|phase=A,value_pu,standard_scaler_fit_on_calibration_group,calibration_distance_percentile_99,42,2,all_observations,"kmeans|feature=value_pu|groups=scenario,source_lineage,terminal,phase|scale=standard|clusters=2|seed=42|threshold=p99",200,0,0.041199858470475026,3.0,false,applicable,,dbscan,scenario=SRPI|source_lineage=srpi-200|terminal=T_MAN|phase=A,value_pu,standard_scaler_fit_on_calibration_group,explicit_effective_eps,explicit_effective_eps,all_observations,"dbscan|feature=value_pu|groups=scenario,source_lineage,terminal,phase|scale=standard|min_samples=2|eps=3.0",200,3.0,2,1,0,0.0,0,0,3,false,false,""
case.lis,102,1_2LT,A,1.5118415648268946,0.03201,170349.772,SRPI,200,srpi-200,112677.0,absolute_phase_to_ground_maximum,2.4232717330313314,rejected,non_applicable,,Gaussian adequacy status: rejected.,1.7070286305102194,0.18248979827293954,-0.7214193693027598,3.5,false,applicable,,0,0.3488264939616462,1.2079243785947944,false,applicable,,kmeans,scenario=SRPI|source_lineage=srpi-200|terminal=1_2LT|phase=A,value_pu,standard_scaler_fit_on_calibration_group,calibration_distance_percentile_99,42,2,all_observations,"kmeans|feature=value_pu|groups=scenario,source_lineage,terminal,phase|scale=standard|clusters=2|seed=42|threshold=p99",200,0,1.1448266303837329e-6,3.0,false,applicable,,dbscan,scenario=SRPI|source_lineage=srpi-200|terminal=1_2LT|phase=A,value_pu,standard_scaler_fit_on_calibration_group,explicit_effective_eps,explicit_effective_eps,all_observations,"dbscan|feature=value_pu|groups=scenario,source_lineage,terminal,phase|scale=standard|min_samples=2|eps=3.0",200,3.0,2,1,0,0.0,0,0,3,false,false,""
case.lis,102,T_OPO,A,1.756964393798202,0.03441,197969.477,SRPI,200,srpi-200,112677.0,absolute_phase_to_ground_maximum,2.1517703848351477,rejected,non_applicable,,Gaussian adequacy status: rejected.,1.7540467575459056,0.052284552304374454,0.0376385693334095,3.5,false,applicable,,1,0.06089774246678181,1.7893062664422041,false,applicable,,kmeans,scenario=SRPI|source_lineage=srpi-200|terminal=T_OPO|phase=A,value_pu,standard_scaler_fit_on_calibration_group,calibration_distance_percentile_99,42,2,all_observations,"kmeans|feature=value_pu|groups=scenario,source_lineage,terminal,phase|scale=standard|clusters=2|seed=42|threshold=p99",200,0,0.0025901278411226136,3.0,false,applicable,,dbscan,scenario=SRPI|source_lineage=srpi-200|terminal=T_OPO|phase=A,value_pu,standard_scaler_fit_on_calibration_group,explicit_effective_eps,explicit_effective_eps,all_observations,"dbscan|feature=value_pu|groups=scenario,source_lineage,terminal,phase|scale=standard|min_samples=2|eps=3.0",200,3.0,2,1,0,0.0,0,0,3,false,false,""
case.lis,103,T_MAN,A,1.113163023509678,0.0242,-125427.87,SRPI,200,srpi-200,112677.0,absolute_phase_to_ground_maximum,1.6579768140784057,rejected,non_applicable,,Gaussian adequacy status: rejected.,1.2431039608793277,0.06948989589712162,-1.2612456711182096,3.5,false,applicable,,0,0.8297621263434175,1.4646167600081432,false,applicable,,kmeans,scenario=SRPI|source_lineage=srpi-200|terminal=T_MAN|phase=A,value_pu,standard_scaler_fit_on_calibration_group,calibration_distance_percentile_99,42,2,all_observations,"kmeans|feature=value_pu|groups=scenario,source_lineage,terminal,phase|scale=standard|clusters=2|seed=42|threshold=p99",200,0,0.011867357819801638,3.0,false,applicable,,dbscan,scenario=SRPI|source_lineage=srpi-200|terminal=T_MAN|phase=A,value_pu,standard_scaler_fit_on_calibration_group,explicit_effective_eps,explicit_effective_eps,all_observations,"dbscan|feature=value_pu|groups=scenario,source_lineage,terminal,phase|scale=standard|min_samples=2|eps=3.0",200,3.0,2,1,0,0.0,0,0,3,false,false,""
case.lis,103,1_2LT,A,1.4393230206697019,0.0241,-162178.6,SRPI,200,srpi-200,112677.0,absolute_phase_to_ground_maximum,2.4232717330313314,rejected,non_applicable,,Gaussian adequacy status: rejected.,1.7070286305102194,0.18248979827293954,-0.9894508713158864,3.5,false,applicable,,0,0.05649601573855001,1.2079243785947944,false,applicable,,kmeans,scenario=SRPI|source_lineage=srpi-200|terminal=1_2LT|phase=A,value_pu,standard_scaler_fit_on_calibration_group,calibration_distance_percentile_99,42,2,all_observations,"kmeans|feature=value_pu|groups=scenario,source_lineage,terminal,phase|scale=standard|clusters=2|seed=42|threshold=p99",200,0,0.020571890574424212,3.0,false,applicable,,dbscan,scenario=SRPI|source_lineage=srpi-200|terminal=1_2LT|phase=A,value_pu,standard_scaler_fit_on_calibration_group,explicit_effective_eps,explicit_effective_eps,all_observations,"dbscan|feature=value_pu|groups=scenario,source_lineage,terminal,phase|scale=standard|min_samples=2|eps=3.0",200,3.0,2,1,0,0.0,0,0,3,false,false,""
case.lis,103,T_OPO,A,1.5540557522830747,0.02425,-175106.34,SRPI,200,srpi-200,112677.0,absolute_phase_to_ground_maximum,2.1517703848351477,rejected,non_applicable,,Gaussian adequacy status: rejected.,1.7540467575459056,0.052284552304374454,-2.5799567412553737,3.5,false,applicable,,0,0.7337874389693755,1.7893062664422041,false,applicable,,kmeans,scenario=SRPI|source_lineage=srpi-200|terminal=T_OPO|phase=A,value_pu,standard_scaler_fit_on_calibration_group,calibration_distance_percentile_99,42,2,all_observations,"kmeans|feature=value_pu|groups=scenario,source_lineage,terminal,phase|scale=standard|clusters=2|seed=42|threshold=p99",200,0,0.005839370424368329,3.0,false,applicable,,dbscan,scenario=SRPI|source_lineage=srpi-200|terminal=T_OPO|phase=A,value_pu,standard_scaler_fit_on_calibration_group,explicit_effective_eps,explicit_effective_eps,all_observations,"dbscan|feature=value_pu|groups=scenario,source_lineage,terminal,phase|scale=standard|min_samples=2|eps=3.0",200,3.0,2,1,0,0.0,0,0,3,false,false,""
case.lis,104,T_MAN,A,1.4994413234289161,0.02441,-168952.55,SRPI,200,srpi-200,112677.0,absolute_phase_to_ground_maximum,1.6579768140784057,rejected,non_applicable,,Gaussian adequacy status: rejected.,1.2431039608793277,0.06948989589712162,2.488087244913486,3.5,false,applicable,,1,0.31071360170756157,1.4646167600081432,false,applicable,,kmeans,scenario=SRPI|source_lineage=srpi-200|terminal=T_MAN|phase=A,value_pu,standard_scaler_fit_on_calibration_group,calibration_distance_percentile_99,42,2,all_observations,"kmeans|feature=value_pu|groups=scenario,source_lineage,terminal,phase|scale=standard|clusters=2|seed=42|threshold=p99",200,0,0.011818697985621629,3.0,false,applicable,,dbscan,scenario=SRPI|source_lineage=srpi-200|terminal=T_MAN|phase=A,value_pu,standard_scaler_fit_on_calibration_group,explicit_effective_eps,explicit_effective_eps,all_observations,"dbscan|feature=value_pu|groups=scenario,source_lineage,terminal,phase|scale=standard|min_samples=2|eps=3.0",200,3.0,2,1,0,0.0,0,0,3,false,false,""
case.lis,104,1_2LT,A,2.070030707242827,0.02447,-233244.85,SRPI,200,srpi-200,112677.0,absolute_phase_to_ground_maximum,2.4232717330313314,rejected,non_applicable,,Gaussian adequacy status: rejected.,1.7070286305102194,0.18248979827293954,1.3416705063690217,3.5,false,applicable,,1,0.8632636604637205,1.2079243785947944,false,applicable,,kmeans,scenario=SRPI|source_lineage=srpi-200|terminal=1_2LT|phase=A,value_pu,standard_scaler_fit_on_calibration_group,calibration_distance_percentile_99,42,2,all_observations,"kmeans|feature=value_pu|groups=scenario,source_lineage,terminal,phase|scale=standard|clusters=2|seed=42|threshold=p99",200,0,0.024829107276889584,3.0,false,applicable,,dbscan,scenario=SRPI|source_lineage=srpi-200|terminal=1_2LT|phase=A,value_pu,standard_scaler_fit_on_calibration_group,explicit_effective_eps,explicit_effective_eps,all_observations,"dbscan|feature=value_pu|groups=scenario,source_lineage,terminal,phase|scale=standard|min_samples=2|eps=3.0",200,3.0,2,1,0,0.0,1,0,3,false,false,""
case.lis,104,T_OPO,A,1.835557123459091,0.0246,-206825.07,SRPI,200,srpi-200,112677.0,absolute_phase_to_ground_maximum,2.1517703848351477,rejected,non_applicable,,Gaussian adequacy status: rejected.,1.7540467575459056,0.052284552304374454,1.0515133805320143,3.5,false,applicable,,1,0.46043593889660367,1.7893062664422041,false,applicable,,kmeans,scenario=SRPI|source_lineage=srpi-200|terminal=T_OPO|phase=A,value_pu,standard_scaler_fit_on_calibration_group,calibration_distance_percentile_99,42,2,all_observations,"kmeans|feature=value_pu|groups=scenario,source_lineage,terminal,phase|scale=standard|clusters=2|seed=42|threshold=p99",200,0,0.001832640400347807,3.0,false,applicable,,dbscan,scenario=SRPI|source_lineage=srpi-200|terminal=T_OPO|phase=A,value_pu,standard_scaler_fit_on_calibration_group,explicit_effective_eps,explicit_effective_eps,all_observations,"dbscan|feature=value_pu|groups=scenario,source_lineage,terminal,phase|scale=standard|min_samples=2|eps=3.0",200,3.0,2,1,0,0.0,0,0,3,false,false,""
case.lis,105,T_MAN,A,1.1884802044782874,0.03297,133914.384,SRPI,200,srpi-200,112677.0,absolute_phase_to_ground_maximum,1.6579768140784057,rejected,non_applicable,,Gaussian adequacy status: rejected.,1.2431039608793277,0.06948989589712162,-0.5301945460424184,3.5,false,applicable,,0,0.23128043938858311,1.4646167600081432,false,applicable,,kmeans,scenario=SRPI|source_lineage=srpi-200|terminal=T_MAN|phase=A,value_pu,standard_scaler_fit_on_calibration_group,calibration_distance_percentile_99,42,2,all_observations,"kmeans|feature=value_pu|groups=scenario,source_lineage,terminal,phase|scale=standard|clusters=2|seed=42|threshold=p99",200,0,0.0024403259448323444,3.0,false,applicable,,dbscan,scenario=SRPI|source_lineage=srpi-200|terminal=T_MAN|phase=A,value_pu,standard_scaler_fit_on_calibration_group,explicit_effective_eps,explicit_effective_eps,all_observations,"dbscan|feature=value_pu|groups=scenario,source_lineage,terminal,phase|scale=standard|min_samples=2|eps=3.0",200,3.0,2,1,0,0.0,0,0,3,false,false,""
case.lis,105,1_2LT,A,1.306923799888176,0.03337,147260.253,SRPI,200,srpi-200,112677.0,absolute_phase_to_ground_maximum,2.4232717330313314,rejected,non_applicable,,Gaussian adequacy status: rejected.,1.7070286305102194,0.18248979827293954,-1.4788038006096298,3.5,false,applicable,,0,0.47722026300433873,1.2079243785947944,false,applicable,,kmeans,scenario=SRPI|source_lineage=srpi-200|terminal=1_2LT|phase=A,value_pu,standard_scaler_fit_on_calibration_group,calibration_distance_percentile_99,42,2,all_observations,"kmeans|feature=value_pu|groups=scenario,source_lineage,terminal,phase|scale=standard|clusters=2|seed=42|threshold=p99",200,0,0.012007192125275346,3.0,false,applicable,,dbscan,scenario=SRPI|source_lineage=srpi-200|terminal=1_2LT|phase=A,value_pu,standard_scaler_fit_on_calibration_group,explicit_effective_eps,explicit_effective_eps,all_observations,"dbscan|feature=value_pu|groups=scenario,source_lineage,terminal,phase|scale=standard|min_samples=2|eps=3.0",200,3.0,2,1,0,0.0,0,0,3,false,false,""
case.lis,105,T_OPO,A,1.5816111185068824,0.03321,178211.196,SRPI,200,srpi-200,112677.0,absolute_phase_to_ground_maximum,2.1517703848351477,rejected,non_applicable,,Gaussian adequacy status: rejected.,1.7540467575459056,0.052284552304374454,-2.224482490033706,3.5,false,applicable,,0,0.9165720371982223,1.7893062664422041,false,applicable,,kmeans,scenario=SRPI|source_lineage=srpi-200|terminal=T_OPO|phase=A,value_pu,standard_scaler_fit_on_calibration_group,calibration_distance_percentile_99,42,2,all_observations,"kmeans|feature=value_pu|groups=scenario,source_lineage,terminal,phase|scale=standard|clusters=2|seed=42|threshold=p99",200,0,0.005736464692926324,3.0,false,applicable,,dbscan,scenario=SRPI|source_lineage=srpi-200|terminal=T_OPO|phase=A,value_pu,standard_scaler_fit_on_calibration_group,explicit_effective_eps,explicit_effective_eps,all_observations,"dbscan|feature=value_pu|groups=scenario,source_lineage,terminal,phase|scale=standard|min_samples=2|eps=3.0",200,3.0,2,1,0,0.0,0,0,3,false,false,""
case.lis,106,T_MAN,A,1.3131229887199694,0.03467,147958.759,SRPI,200,srpi-200,112677.0,absolute_phase_to_ground_maximum,1.6579768140784057,rejected,non_applicable,,Gaussian adequacy status: rejected.,1.2431039608793277,0.06948989589712162,0.6796256633788262,3.5,false,applicable,,0,0.7591499354657225,1.4646167600081432,false,applicable,,kmeans,scenario=SRPI|source_lineage=srpi-200|terminal=T_MAN|phase=A,value_pu,standard_scaler_fit_on_calibration_group,calibration_distance_percentile_99,42,2,all_observations,"kmeans|feature=value_pu|groups=scenario,source_lineage,terminal,phase|scale=standard|clusters=2|seed=42|threshold=p99",200,0,0.008409124561141568,3.0,false,applicable,,dbscan,scenario=SRPI|source_lineage=srpi-200|terminal=T_MAN|phase=A,value_pu,standard_scaler_fit_on_calibration_group,explicit_effective_eps,explicit_effective_eps,all_observations,"dbscan|feature=value_pu|groups=scenario,source_lineage,terminal,phase|scale=standard|min_samples=2|eps=3.0",200,3.0,2,1,0,0.0,0,0,3,false,false,""
case.lis,106,1_2LT,A,1.7805895790622754,0.03479,200631.492,SRPI,200,srpi-200,112677.0,absolute_phase_to_ground_maximum,2.4232717330313314,rejected,non_applicable,,Gaussian adequacy status: rejected.,1.7070286305102194,0.18248979827293954,0.2718842712448789,3.5,false,applicable,,1,0.30350636231894,1.2079243785947944,false,applicable,,kmeans,scenario=SRPI|source_lineage=srpi-200|terminal=1_2LT|phase=A,value_pu,standard_scaler_fit_on_calibration_group,calibration_distance_percentile_99,42,2,all_observations,"kmeans|feature=value_pu|groups=scenario,source_lineage,terminal,phase|scale=standard|clusters=2|seed=42|threshold=p99",200,0,0.00020542482840363308,3.0,false,applicable,,dbscan,scenario=SRPI|source_lineage=srpi-200|terminal=1_2LT|phase=A,value_pu,standard_scaler_fit_on_calibration_group,explicit_effective_eps,explicit_effective_eps,all_observations,"dbscan|feature=value_pu|groups=scenario,source_lineage,terminal,phase|scale=standard|min_samples=2|eps=3.0",200,3.0,2,1,0,0.0,0,0,3,false,false,""
case.lis,106,T_OPO,A,1.7385450535601763,0.03493,195894.041,SRPI,200,srpi-200,112677.0,absolute_phase_to_ground_maximum,2.1517703848351477,rejected,non_applicable,,Gaussian adequacy status: rejected.,1.7540467575459056,0.052284552304374454,-0.19997762222539553,3.5,false,applicable,,1,0.18307981320039757,1.7893062664422041,false,applicable,,kmeans,scenario=SRPI|source_lineage=srpi-200|terminal=T_OPO|phase=A,value_pu,standard_scaler_fit_on_calibration_group,calibration_distance_percentile_99,42,2,all_observations,"kmeans|feature=value_pu|groups=scenario,source_lineage,terminal,phase|scale=standard|clusters=2|seed=42|threshold=p99",200,0,0.0007218118839911747,3.0,false,applicable,,dbscan,scenario=SRPI|source_lineage=srpi-200|terminal=T_OPO|phase=A,value_pu,standard_scaler_fit_on_calibration_group,explicit_effective_eps,explicit_effective_eps,all_observations,"dbscan|feature=value_pu|groups=scenario,source_lineage,terminal,phase|scale=standard|min_samples=2|eps=3.0",200,3.0,2,1,0,0.0,0,0,3,false,false,""
case.lis,107,T_MAN,A,1.2291926213867959,0.03268,138501.737,SRPI,200,srpi-200,112677.0,absolute_phase_to_ground_maximum,1.6579768140784057,rejected,non_applicable,,Gaussian adequacy status: rejected.,1.2431039608793277,0.06948989589712162,-0.13502762924126596,3.5,false,applicable,,0,0.09222656974347382,1.4646167600081432,false,applicable,,kmeans,scenario=SRPI|source_lineage=srpi-200|terminal=T_MAN|phase=A,value_pu,standard_scaler_fit_on_calibration_group,calibration_distance_percentile_99,42,2,all_observations,"kmeans|feature=value_pu|groups=scenario,source_lineage,terminal,phase|scale=standard|clusters=2|seed=42|threshold=p99",200,0,0.01234450628075301,3.0,false,applicable,,dbscan,scenario=SRPI|source_lineage=srpi-200|terminal=T_MAN|phase=A,value_pu,standard_scaler_fit_on_calibration_group,explicit_effective_eps,explicit_effective_eps,all_observations,"dbscan|feature=value_pu|groups=scenario,source_lineage,terminal,phase|scale=standard|min_samples=2|eps=3.0",200,3.0,2,1,0,0.0,0,0,3,false,false,""
case.lis,107,1_2LT,A,1.7944358653496277,0.0267,-202191.65,SRPI,200,srpi-200,112677.0,absolute_phase_to_ground_maximum,2.4232717330313314,rejected,non_applicable,,Gaussian adequacy status: rejected.,1.7070286305102194,0.18248979827293954,0.32306071106499207,3.5,false,applicable,,1,0.24769041152955662,1.2079243785947944,false,applicable,,kmeans,scenario=SRPI|source_lineage=srpi-200|terminal=1_2LT|phase=A,value_pu,standard_scaler_fit_on_calibration_group,calibration_distance_percentile_99,42,2,all_observations,"kmeans|feature=value_pu|groups=scenario,source_lineage,terminal,phase|scale=standard|clusters=2|seed=42|threshold=p99",200,0,0.000821770865278848,3.0,false,applicable,,dbscan,scenario=SRPI|source_lineage=srpi-200|terminal=1_2LT|phase=A,value_pu,standard_scaler_fit_on_calibration_group,explicit_effective_eps,explicit_effective_eps,all_observations,"dbscan|feature=value_pu|groups=scenario,source_lineage,terminal,phase|scale=standard|min_samples=2|eps=3.0",200,3.0,2,1,0,0.0,0,0,3,false,false,""
case.lis,107,T_OPO,A,1.7519647310453776,0.02685,-197406.13,SRPI,200,srpi-200,112677.0,absolute_phase_to_ground_maximum,2.1517703848351477,rejected,non_applicable,,Gaussian adequacy status: rejected.,1.7540467575459056,0.052284552304374454,-0.026858899471253583,3.5,false,applicable,,1,0.09406229343417782,1.7893062664422041,false,applicable,,kmeans,scenario=SRPI|source_lineage=srpi-200|terminal=T_OPO|phase=A,value_pu,standard_scaler_fit_on_calibration_group,calibration_distance_percentile_99,42,2,all_observations,"kmeans|feature=value_pu|groups=scenario,source_lineage,terminal,phase|scale=standard|clusters=2|seed=42|threshold=p99",200,0,0.0019499105473944067,3.0,false,applicable,,dbscan,scenario=SRPI|source_lineage=srpi-200|terminal=T_OPO|phase=A,value_pu,standard_scaler_fit_on_calibration_group,explicit_effective_eps,explicit_effective_eps,all_observations,"dbscan|feature=value_pu|groups=scenario,source_lineage,terminal,phase|scale=standard|min_samples=2|eps=3.0",200,3.0,2,1,0,0.0,0,0,3,false,false,""
case.lis,108,T_MAN,A,1.1215125890820665,0.03257,126368.674,SRPI,200,srpi-200,112677.0,absolute_phase_to_ground_maximum,1.6579768140784057,rejected,non_applicable,,Gaussian adequacy status: rejected.,1.2431039608793277,0.06948989589712162,-1.1802022859690409,3.5,false,applicable,,0,0.7634152181766648,1.4646167600081432,false,applicable,,kmeans,scenario=SRPI|source_lineage=srpi-200|terminal=T_MAN|phase=A,value_pu,standard_scaler_fit_on_calibration_group,calibration_distance_percentile_99,42,2,all_observations,"kmeans|feature=value_pu|groups=scenario,source_lineage,terminal,phase|scale=standard|clusters=2|seed=42|threshold=p99",200,0,0.017717539275111216,3.0,false,applicable,,dbscan,scenario=SRPI|source_lineage=srpi-200|terminal=T_MAN|phase=A,value_pu,standard_scaler_fit_on_calibration_group,explicit_effective_eps,explicit_effective_eps,all_observations,"dbscan|feature=value_pu|groups=scenario,source_lineage,terminal,phase|scale=standard|min_samples=2|eps=3.0",200,3.0,2,1,0,0.0,0,0,3,false,false,""
case.lis,108,1_2LT,A,1.2529106206235523,0.02775,-141174.21,SRPI,200,srpi-200,112677.0,absolute_phase_to_ground_maximum,2.4232717330313314,rejected,non_applicable,,Gaussian adequacy status: rejected.,1.7070286305102194,0.18248979827293954,-1.6784387179270566,3.5,false,applicable,,0,0.6949535160402958,1.2079243785947944,false,applicable,,kmeans,scenario=SRPI|source_lineage=srpi-200|terminal=1_2LT|phase=A,value_pu,standard_scaler_fit_on_calibration_group,calibration_distance_percentile_99,42,2,all_observations,"kmeans|feature=value_pu|groups=scenario,source_lineage,terminal,phase|scale=standard|clusters=2|seed=42|threshold=p99",200,0,0.048254800208842985,3.0,false,applicable,,dbscan,scenario=SRPI|source_lineage=srpi-200|terminal=1_2LT|phase=A,value_pu,standard_scaler_fit_on_calibration_group,explicit_effective_eps,explicit_effective_eps,all_observations,"dbscan|feature=value_pu|groups=scenario,source_lineage,terminal,phase|scale=standard|min_samples=2|eps=3.0",200,3.0,2,1,0,0.0,0,0,3,false,false,""
case.lis,108,T_OPO,A,1.6898923471515925,0.02772,-190412.0,SRPI,200,srpi-200,112677.0,absolute_phase_to_ground_maximum,2.1517703848351477,rejected,non_applicable,,Gaussian adequacy status: rejected.,1.7540467575459056,0.052284552304374454,-0.8276152387981092,3.5,false,applicable,,1,0.5058106134884205,1.7893062664422041,false,applicable,,kmeans,scenario=SRPI|source_lineage=srpi-200|terminal=T_OPO|phase=A,value_pu,standard_scaler_fit_on_calibration_group,calibration_distance_percentile_99,42,2,all_observations,"kmeans|feature=value_pu|groups=scenario,source_lineage,terminal,phase|scale=standard|clusters=2|seed=42|threshold=p99",200,0,0.023943832432691582,3.0,false,applicable,,dbscan,scenario=SRPI|source_lineage=srpi-200|terminal=T_OPO|phase=A,value_pu,standard_scaler_fit_on_calibration_group,explicit_effective_eps,explicit_effective_eps,all_observations,"dbscan|feature=value_pu|groups=scenario,source_lineage,terminal,phase|scale=standard|min_samples=2|eps=3.0",200,3.0,2,1,0,0.0,0,0,3,false,false,""
case.lis,109,T_MAN,A,1.3265511772588905,0.03228,149471.807,SRPI,200,srpi-200,112677.0,absolute_phase_to_ground_maximum,1.6579768140784057,rejected,non_applicable,,Gaussian adequacy status: rejected.,1.2431039608793277,0.06948989589712162,0.8099636847022682,3.5,false,applicable,,0,0.8658523481976936,1.4646167600081432,false,applicable,,kmeans,scenario=SRPI|source_lineage=srpi-200|terminal=T_MAN|phase=A,value_pu,standard_scaler_fit_on_calibration_group,calibration_distance_percentile_99,42,2,all_observations,"kmeans|feature=value_pu|groups=scenario,source_lineage,terminal,phase|scale=standard|clusters=2|seed=42|threshold=p99",200,0,0.0015456196894255703,3.0,false,applicable,,dbscan,scenario=SRPI|source_lineage=srpi-200|terminal=T_MAN|phase=A,value_pu,standard_scaler_fit_on_calibration_group,explicit_effective_eps,explicit_effective_eps,all_observations,"dbscan|feature=value_pu|groups=scenario,source_lineage,terminal,phase|scale=standard|min_samples=2|eps=3.0",200,3.0,2,1,0,0.0,0,0,3,false,false,""
case.lis,109,1_2LT,A,1.8359390026358529,0.03237,206868.099,SRPI,200,srpi-200,112677.0,absolute_phase_to_ground_maximum,2.4232717330313314,rejected,non_applicable,,Gaussian adequacy status: rejected.,1.7070286305102194,0.18248979827293954,0.4764580021216213,3.5,false,applicable,,1,0.08038655688594909,1.2079243785947944,false,applicable,,kmeans,scenario=SRPI|source_lineage=srpi-200|terminal=1_2LT|phase=A,value_pu,standard_scaler_fit_on_calibration_group,calibration_distance_percentile_99,42,2,all_observations,"kmeans|feature=value_pu|groups=scenario,source_lineage,terminal,phase|scale=standard|clusters=2|seed=42|threshold=p99",200,0,0.01653133231166959,3.0,false,applicable,,dbscan,scenario=SRPI|source_lineage=srpi-200|terminal=1_2LT|phase=A,value_pu,standard_scaler_fit_on_calibration_group,explicit_effective_eps,explicit_effective_eps,all_observations,"dbscan|feature=value_pu|groups=scenario,source_lineage,terminal,phase|scale=standard|min_samples=2|eps=3.0",200,3.0,2,1,0,0.0,0,0,3,false,false,""
case.lis,109,T_OPO,A,1.7871810928583474,0.03371,201374.204,SRPI,200,srpi-200,112677.0,absolute_phase_to_ground_maximum,2.1517703848351477,rejected,non_applicable,,Gaussian adequacy status: rejected.,1.7540467575459056,0.052284552304374454,0.42744498255811303,3.5,false,applicable,,1,0.13954042818393747,1.7893062664422041,false,applicable,,kmeans,scenario=SRPI|source_lineage=srpi-200|terminal=T_OPO|phase=A,value_pu,standard_scaler_fit_on_calibration_group,calibration_distance_percentile_99,42,2,all_observations,"kmeans|feature=value_pu|groups=scenario,source_lineage,terminal,phase|scale=standard|clusters=2|seed=42|threshold=p99",200,0,0.0033194751562494185,3.0,false,applicable,,dbscan,scenario=SRPI|source_lineage=srpi-200|terminal=T_OPO|phase=A,value_pu,standard_scaler_fit_on_calibration_group,explicit_effective_eps,explicit_effective_eps,all_observations,"dbscan|feature=value_pu|groups=scenario,source_lineage,terminal,phase|scale=standard|min_samples=2|eps=3.0",200,3.0,2,1,0,0.0,0,0,3,false,false,""
case.lis,110,T_MAN,A,1.1502607453162579,0.02673,-129607.93,SRPI,200,srpi-200,112677.0,absolute_phase_to_ground_maximum,1.6579768140784057,rejected,non_applicable,,Gaussian adequacy status: rejected.,1.2431039608793277,0.06948989589712162,-0.9011640680142368,3.5,false,applicable,,0,0.534978030026317,1.4646167600081432,false,applicable,,kmeans,scenario=SRPI|source_lineage=srpi-200|terminal=T_MAN|phase=A,value_pu,standard_scaler_fit_on_calibration_group,calibration_distance_percentile_99,42,2,all_observations,"kmeans|feature=value_pu|groups=scenario,source_lineage,terminal,phase|scale=standard|clusters=2|seed=42|threshold=p99",200,0,0.006225637914976989,3.0,false,applicable,,dbscan,scenario=SRPI|source_lineage=srpi-200|terminal=T_MAN|phase=A,value_pu,standard_scaler_fit_on_calibration_group,explicit_effective_eps,explicit_effective_eps,all_observations,"dbscan|feature=value_pu|groups=scenario,source_lineage,terminal,phase|scale=standard|min_samples=2|eps=3.0",200,3.0,2,1,0,0.0,0,0,3,false,false,""
case.lis,110,1_2LT,A,1.8722847608651276,0.0267,-210963.43,SRPI,200,srpi-200,112677.0,absolute_phase_to_ground_maximum,2.4232717330313314,rejected,non_applicable,,Gaussian adequacy status: rejected.,1.7070286305102194,0.18248979827293954,0.6107934094745587,3.5,false,applicable,,1,0.06612731771023717,1.2079243785947944,false,applicable,,kmeans,scenario=SRPI|source_lineage=srpi-200|terminal=1_2LT|phase=A,value_pu,standard_scaler_fit_on_calibration_group,calibration_distance_percentile_99,42,2,all_observations,"kmeans|feature=value_pu|groups=scenario,source_lineage,terminal,phase|scale=standard|clusters=2|seed=42|threshold=p99",200,0,0.0016145633064890141,3.0,false,applicable,,dbscan,scenario=SRPI|source_lineage=srpi-200|terminal=1_2LT|phase=A,value_pu,standard_scaler_fit_on_calibration_group,explicit_effective_eps,explicit_effective_eps,all_observations,"dbscan|feature=value_pu|groups=scenario,source_lineage,terminal,phase|scale=standard|min_samples=2|eps=3.0",200,3.0,2,1,0,0.0,0,0,3,false,false,""
case.lis,110,T_OPO,A,1.7888026837775235,0.02684,-201556.92,SRPI,200,srpi-200,112677.0,absolute_phase_to_ground_maximum,2.1517703848351477,rejected,non_applicable,,Gaussian adequacy status: rejected.,1.7540467575459056,0.052284552304374454,0.4483640954851607,3.5,false,applicable,,1,0.15029702064747968,1.7893062664422041,false,applicable,,kmeans,scenario=SRPI|source_lineage=srpi-200|terminal=T_OPO|phase=A,value_pu,standard_scaler_fit_on_calibration_group,calibration_distance_percentile_99,42,2,all_observations,"kmeans|feature=value_pu|groups=scenario,source_lineage,terminal,phase|scale=standard|clusters=2|seed=42|threshold=p99",200,0,0.000013422486708436487,3.0,false,applicable,,dbscan,scenario=SRPI|source_lineage=srpi-200|terminal=T_OPO|phase=A,value_pu,standard_scaler_fit_on_calibration_group,explicit_effective_eps,explicit_effective_eps,all_observations,"dbscan|feature=value_pu|groups=scenario,source_lineage,terminal,phase|scale=standard|min_samples=2|eps=3.0",200,3.0,2,1,0,0.0,0,0,3,false,false,""
case.lis,111,T_MAN,A,1.1781385109649707,0.03354,132749.113,SRPI,200,srpi-200,112677.0,absolute_phase_to_ground_maximum,1.6579768140784057,rejected,non_applicable,,Gaussian adequacy status: rejected.,1.2431039608793277,0.06948989589712162,-0.6305741218692166,3.5,false,applicable,,0,0.3134570968287924,1.4646167600081432,false,applicable,,kmeans,scenario=SRPI|source_lineage=srpi-200|terminal=T_MAN|phase=A,value_pu,standard_scaler_fit_on_calibration_group,calibration_distance_percentile_99,42,2,all_observations,"kmeans|feature=value_pu|groups=scenario,source_lineage,terminal,phase|scale=standard|clusters=2|seed=42|threshold=p99",200,0,0.005752720743953943,3.0,false,applicable,,dbscan,scenario=SRPI|source_lineage=srpi-200|terminal=T_MAN|phase=A,value_pu,standard_scaler_fit_on_calibration_group,explicit_effective_eps,explicit_effective_eps,all_observations,"dbscan|feature=value_pu|groups=scenario,source_lineage,terminal,phase|scale=standard|min_samples=2|eps=3.0",200,3.0,2,1,0,0.0,0,0,3,false,false,""
case.lis,111,1_2LT,A,1.3186396780176968,0.03362,148580.363,SRPI,200,srpi-200,112677.0,absolute_phase_to_ground_maximum,2.4232717330313314,rejected,non_applicable,,Gaussian adequacy status: rejected.,1.7070286305102194,0.18248979827293954,-1.4355014363805385,3.5,false,applicable,,0,0.42999222917919155,1.2079243785947944,false,applicable,,kmeans,scenario=SRPI|source_lineage=srpi-200|terminal=1_2LT|phase=A,value_pu,standard_scaler_fit_on_calibration_group,calibration_distance_percentile_99,42,2,all_observations,"kmeans|feature=value_pu|groups=scenario,source_lineage,terminal,phase|scale=standard|clusters=2|seed=42|threshold=p99",200,0,0.00026688770809579765,3.0,false,applicable,,dbscan,scenario=SRPI|source_lineage=srpi-200|terminal=1_2LT|phase=A,value_pu,standard_scaler_fit_on_calibration_group,explicit_effective_eps,explicit_effective_eps,all_observations,"dbscan|feature=value_pu|groups=scenario,source_lineage,terminal,phase|scale=standard|min_samples=2|eps=3.0",200,3.0,2,1,0,0.0,0,0,3,false,false,""
case.lis,111,T_OPO,A,1.3369048519218654,0.03378,150638.428,SRPI,200,srpi-200,112677.0,absolute_phase_to_ground_maximum,2.1517703848351477,rejected,non_applicable,,Gaussian adequacy status: rejected.,1.7540467575459056,0.052284552304374454,-5.381282373477188,3.5,true,applicable,,0,0.7066521383955009,1.7893062664422041,false,applicable,,kmeans,scenario=SRPI|source_lineage=srpi-200|terminal=T_OPO|phase=A,value_pu,standard_scaler_fit_on_calibration_group,calibration_distance_percentile_99,42,2,all_observations,"kmeans|feature=value_pu|groups=scenario,source_lineage,terminal,phase|scale=standard|clusters=2|seed=42|threshold=p99",200,0,0.15195126239840606,3.0,false,applicable,,dbscan,scenario=SRPI|source_lineage=srpi-200|terminal=T_OPO|phase=A,value_pu,standard_scaler_fit_on_calibration_group,explicit_effective_eps,explicit_effective_eps,all_observations,"dbscan|feature=value_pu|groups=scenario,source_lineage,terminal,phase|scale=standard|min_samples=2|eps=3.0",200,3.0,2,1,0,0.0,0,1,3,true,true,mad_modified_z
case.lis,112,T_MAN,A,1.1476472749540723,0.03294,129313.452,SRPI,200,srpi-200,112677.0,absolute_phase_to_ground_maximum,1.6579768140784057,rejected,non_applicable,,Gaussian adequacy status: rejected.,1.2431039608793277,0.06948989589712162,-0.9265311943997069,3.5,false,applicable,,0,0.5557450599529842,1.4646167600081432,false,applicable,,kmeans,scenario=SRPI|source_lineage=srpi-200|terminal=T_MAN|phase=A,value_pu,standard_scaler_fit_on_calibration_group,calibration_distance_percentile_99,42,2,all_observations,"kmeans|feature=value_pu|groups=scenario,source_lineage,terminal,phase|scale=standard|clusters=2|seed=42|threshold=p99",200,0,0.005213583885548934,3.0,false,applicable,,dbscan,scenario=SRPI|source_lineage=srpi-200|terminal=T_MAN|phase=A,value_pu,standard_scaler_fit_on_calibration_group,explicit_effective_eps,explicit_effective_eps,all_observations,"dbscan|feature=value_pu|groups=scenario,source_lineage,terminal,phase|scale=standard|min_samples=2|eps=3.0",200,3.0,2,1,0,0.0,0,0,3,false,false,""
case.lis,112,1_2LT,A,1.2985796125207452,0.03374,146320.055,SRPI,200,srpi-200,112677.0,absolute_phase_to_ground_maximum,2.4232717330313314,rejected,non_applicable,,Gaussian adequacy status: rejected.,1.7070286305102194,0.18248979827293954,-1.50964425802868,3.5,false,applicable,,0,0.5108566288725886,1.2079243785947944,false,applicable,,kmeans,scenario=SRPI|source_lineage=srpi-200|terminal=1_2LT|phase=A,value_pu,standard_scaler_fit_on_calibration_group,calibration_distance_percentile_99,42,2,all_observations,"kmeans|feature=value_pu|groups=scenario,source_lineage,terminal,phase|scale=standard|clusters=2|seed=42|threshold=p99",200,0,0.0024361552926075447,3.0,false,applicable,,dbscan,scenario=SRPI|source_lineage=srpi-200|terminal=1_2LT|phase=A,value_pu,standard_scaler_fit_on_calibration_group,explicit_effective_eps,explicit_effective_eps,all_observations,"dbscan|feature=value_pu|groups=scenario,source_lineage,terminal,phase|scale=standard|min_samples=2|eps=3.0",200,3.0,2,1,0,0.0,0,0,3,false,false,""
case.lis,112,T_OPO,A,1.3762555002351855,0.03393,155072.341,SRPI,200,srpi-200,112677.0,absolute_phase_to_ground_maximum,2.1517703848351477,rejected,non_applicable,,Gaussian adequacy status: rejected.,1.7540467575459056,0.052284552304374454,-4.873644691195943,3.5,true,applicable,,0,0.4456252159595939,1.7893062664422041,false,applicable,,kmeans,scenario=SRPI|source_lineage=srpi-200|terminal=T_OPO|phase=A,value_pu,standard_scaler_fit_on_calibration_group,calibration_distance_percentile_99,42,2,all_observations,"kmeans|feature=value_pu|groups=scenario,source_lineage,terminal,phase|scale=standard|clusters=2|seed=42|threshold=p99",200,0,0.05324906524765627,3.0,false,applicable,,dbscan,scenario=SRPI|source_lineage=srpi-200|terminal=T_OPO|phase=A,value_pu,standard_scaler_fit_on_calibration_group,explicit_effective_eps,explicit_effective_eps,all_observations,"dbscan|feature=value_pu|groups=scenario,source_lineage,terminal,phase|scale=standard|min_samples=2|eps=3.0",200,3.0,2,1,0,0.0,0,1,3,true,true,mad_modified_z
case.lis,113,T_MAN,A,1.30339228058965,0.03284,146862.332,SRPI,200,srpi-200,112677.0,absolute_phase_to_ground_maximum,1.6579768140784057,rejected,non_applicable,,Gaussian adequacy status: rejected.,1.2431039608793277,0.06948989589712162,0.585176494743334,3.5,false,applicable,,0,0.6818282600896116,1.4646167600081432,false,applicable,,kmeans,scenario=SRPI|source_lineage=srpi-200|terminal=T_MAN|phase=A,value_pu,standard_scaler_fit_on_calibration_group,calibration_distance_percentile_99,42,2,all_observations,"kmeans|feature=value_pu|groups=scenario,source_lineage,terminal,phase|scale=standard|clusters=2|seed=42|threshold=p99",200,0,0.005911958288268182,3.0,false,applicable,,dbscan,scenario=SRPI|source_lineage=srpi-200|terminal=T_MAN|phase=A,value_pu,standard_scaler_fit_on_calibration_group,explicit_effective_eps,explicit_effective_eps,all_observations,"dbscan|feature=value_pu|groups=scenario,source_lineage,terminal,phase|scale=standard|min_samples=2|eps=3.0",200,3.0,2,1,0,0.0,0,0,3,false,false,""
case.lis,113,1_2LT,A,1.905994036049948,0.0328,214761.69,SRPI,200,srpi-200,112677.0,absolute_phase_to_ground_maximum,2.4232717330313314,rejected,non_applicable,,Gaussian adequacy status: rejected.,1.7070286305102194,0.18248979827293954,0.7353842677793873,3.5,false,applicable,,1,0.20201323006352767,1.2079243785947944,false,applicable,,kmeans,scenario=SRPI|source_lineage=srpi-200|terminal=1_2LT|phase=A,value_pu,standard_scaler_fit_on_calibration_group,calibration_distance_percentile_99,42,2,all_observations,"kmeans|feature=value_pu|groups=scenario,source_lineage,terminal,phase|scale=standard|clusters=2|seed=42|threshold=p99",200,0,0.016028896524470038,3.0,false,applicable,,dbscan,scenario=SRPI|source_lineage=srpi-200|terminal=1_2LT|phase=A,value_pu,standard_scaler_fit_on_calibration_group,explicit_effective_eps,explicit_effective_eps,all_observations,"dbscan|feature=value_pu|groups=scenario,source_lineage,terminal,phase|scale=standard|min_samples=2|eps=3.0",200,3.0,2,1,0,0.0,0,0,3,false,false,""
case.lis,113,T_OPO,A,1.7826609955891621,0.03294,200864.893,SRPI,200,srpi-200,112677.0,absolute_phase_to_ground_maximum,2.1517703848351477,rejected,non_applicable,,Gaussian adequacy status: rejected.,1.7540467575459056,0.052284552304374454,0.3691340829982126,3.5,false,applicable,,1,0.10955700656679007,1.7893062664422041,false,applicable,,kmeans,scenario=SRPI|source_lineage=srpi-200|terminal=T_OPO|phase=A,value_pu,standard_scaler_fit_on_calibration_group,calibration_distance_percentile_99,42,2,all_observations,"kmeans|feature=value_pu|groups=scenario,source_lineage,terminal,phase|scale=standard|clusters=2|seed=42|threshold=p99",200,0,0.007312488340778023,3.0,false,applicable,,dbscan,scenario=SRPI|source_lineage=srpi-200|terminal=T_OPO|phase=A,value_pu,standard_scaler_fit_on_calibration_group,explicit_effective_eps,explicit_effective_eps,all_observations,"dbscan|feature=value_pu|groups=scenario,source_lineage,terminal,phase|scale=standard|min_samples=2|eps=3.0",200,3.0,2,1,0,0.0,0,0,3,false,false,""
case.lis,114,T_MAN,A,1.2307461416260639,0.03371,138676.783,SRPI,200,srpi-200,112677.0,absolute_phase_to_ground_maximum,1.6579768140784057,rejected,non_applicable,,Gaussian adequacy status: rejected.,1.2431039608793277,0.06948989589712162,-0.11994869633194426,3.5,false,applicable,,0,0.10457107602422683,1.4646167600081432,false,applicable,,kmeans,scenario=SRPI|source_lineage=srpi-200|terminal=T_MAN|phase=A,value_pu,standard_scaler_fit_on_calibration_group,calibration_distance_percentile_99,42,2,all_observations,"kmeans|feature=value_pu|groups=scenario,source_lineage,terminal,phase|scale=standard|clusters=2|seed=42|threshold=p99",200,0,0.01234450628075301,3.0,false,applicable,,dbscan,scenario=SRPI|source_lineage=srpi-200|terminal=T_MAN|phase=A,value_pu,standard_scaler_fit_on_calibration_group,explicit_effective_eps,explicit_effective_eps,all_observations,"dbscan|feature=value_pu|groups=scenario,source_lineage,terminal,phase|scale=standard|min_samples=2|eps=3.0",200,3.0,2,1,0,0.0,0,0,3,false,false,""
case.lis,114,1_2LT,A,1.7926160263407793,0.03225,201986.596,SRPI,200,srpi-200,112677.0,absolute_phase_to_ground_maximum,2.4232717330313314,rejected,non_applicable,,Gaussian adequacy status: rejected.,1.7070286305102194,0.18248979827293954,0.31633451173718413,3.5,false,applicable,,1,0.2550263890223278,1.2079243785947944,false,applicable,,kmeans,scenario=SRPI|source_lineage=srpi-200|terminal=1_2LT|phase=A,value_pu,standard_scaler_fit_on_calibration_group,calibration_distance_percentile_99,42,2,all_observations,"kmeans|feature=value_pu|groups=scenario,source_lineage,terminal,phase|scale=standard|clusters=2|seed=42|threshold=p99",200,0,0.007335977492771206,3.0,false,applicable,,dbscan,scenario=SRPI|source_lineage=srpi-200|terminal=1_2LT|phase=A,value_pu,standard_scaler_fit_on_calibration_group,explicit_effective_eps,explicit_effective_eps,all_observations,"dbscan|feature=value_pu|groups=scenario,source_lineage,terminal,phase|scale=standard|min_samples=2|eps=3.0",200,3.0,2,1,0,0.0,0,0,3,false,false,""
case.lis,114,T_OPO,A,1.7627793870976332,0.0336,198624.693,SRPI,200,srpi-200,112677.0,absolute_phase_to_ground_maximum,2.1517703848351477,rejected,non_applicable,,Gaussian adequacy status: rejected.,1.7540467575459056,0.052284552304374454,0.11265409887437958,3.5,false,applicable,,1,0.022324812413628603,1.7893062664422041,false,applicable,,kmeans,scenario=SRPI|source_lineage=srpi-200|terminal=T_OPO|phase=A,value_pu,standard_scaler_fit_on_calibration_group,calibration_distance_percentile_99,42,2,all_observations,"kmeans|feature=value_pu|groups=scenario,source_lineage,terminal,phase|scale=standard|clusters=2|seed=42|threshold=p99",200,0,0.0009523489802887308,3.0,false,applicable,,dbscan,scenario=SRPI|source_lineage=srpi-200|terminal=T_OPO|phase=A,value_pu,standard_scaler_fit_on_calibration_group,explicit_effective_eps,explicit_effective_eps,all_observations,"dbscan|feature=value_pu|groups=scenario,source_lineage,terminal,phase|scale=standard|min_samples=2|eps=3.0",200,3.0,2,1,0,0.0,0,0,3,false,false,""
case.lis,115,T_MAN,A,1.1483033893341144,0.03359,129387.381,SRPI,200,srpi-200,112677.0,absolute_phase_to_ground_maximum,1.6579768140784057,rejected,non_applicable,,Gaussian adequacy status: rejected.,1.2431039608793277,0.06948989589712162,-0.920162751641499,3.5,false,applicable,,0,0.5505314760674352,1.4646167600081432,false,applicable,,kmeans,scenario=SRPI|source_lineage=srpi-200|terminal=T_MAN|phase=A,value_pu,standard_scaler_fit_on_calibration_group,calibration_distance_percentile_99,42,2,all_observations,"kmeans|feature=value_pu|groups=scenario,source_lineage,terminal,phase|scale=standard|clusters=2|seed=42|threshold=p99",200,0,0.005213583885548934,3.0,false,applicable,,dbscan,scenario=SRPI|source_lineage=srpi-200|terminal=T_MAN|phase=A,value_pu,standard_scaler_fit_on_calibration_group,explicit_effective_eps,explicit_effective_eps,all_observations,"dbscan|feature=value_pu|groups=scenario,source_lineage,terminal,phase|scale=standard|min_samples=2|eps=3.0",200,3.0,2,1,0,0.0,0,0,3,false,false,""
case.lis,115,1_2LT,A,1.5469939206759142,0.03367,174310.634,SRPI,200,srpi-200,112677.0,absolute_phase_to_ground_maximum,2.4232717330313314,rejected,non_applicable,,Gaussian adequacy status: rejected.,1.7070286305102194,0.18248979827293954,-0.5914948259047367,3.5,false,applicable,,0,0.49052962817980794,1.2079243785947944,false,applicable,,kmeans,scenario=SRPI|source_lineage=srpi-200|terminal=1_2LT|phase=A,value_pu,standard_scaler_fit_on_calibration_group,calibration_distance_percentile_99,42,2,all_observations,"kmeans|feature=value_pu|groups=scenario,source_lineage,terminal,phase|scale=standard|clusters=2|seed=42|threshold=p99",200,0,0.0014367574205312872,3.0,false,applicable,,dbscan,scenario=SRPI|source_lineage=srpi-200|terminal=1_2LT|phase=A,value_pu,standard_scaler_fit_on_calibration_group,explicit_effective_eps,explicit_effective_eps,all_observations,"dbscan|feature=value_pu|groups=scenario,source_lineage,terminal,phase|scale=standard|min_samples=2|eps=3.0",200,3.0,2,1,0,0.0,0,0,3,false,false,""
case.lis,115,T_OPO,A,1.6351723155568572,0.03222,184246.311,SRPI,200,srpi-200,112677.0,absolute_phase_to_ground_maximum,2.1517703848351477,rejected,non_applicable,,Gaussian adequacy status: rejected.,1.7540467575459056,0.052284552304374454,-1.5335235580698188,3.5,false,applicable,,1,0.8687881514705447,1.7893062664422041,false,applicable,,kmeans,scenario=SRPI|source_lineage=srpi-200|terminal=T_OPO|phase=A,value_pu,standard_scaler_fit_on_calibration_group,calibration_distance_percentile_99,42,2,all_observations,"kmeans|feature=value_pu|groups=scenario,source_lineage,terminal,phase|scale=standard|clusters=2|seed=42|threshold=p99",200,0,0.05758499941940204,3.0,false,applicable,,dbscan,scenario=SRPI|source_lineage=srpi-200|terminal=T_OPO|phase=A,value_pu,standard_scaler_fit_on_calibration_group,explicit_effective_eps,explicit_effective_eps,all_observations,"dbscan|feature=value_pu|groups=scenario,source_lineage,terminal,phase|scale=standard|min_samples=2|eps=3.0",200,3.0,2,1,0,0.0,0,0,3,false,false,""
case.lis,116,T_MAN,A,1.435024627918741,0.02605,-161694.27,SRPI,200,srpi-200,112677.0,absolute_phase_to_ground_maximum,1.6579768140784057,rejected,non_applicable,,Gaussian adequacy status: rejected.,1.2431039608793277,0.06948989589712162,1.8628394977094969,3.5,false,applicable,,1,0.20115118267746812,1.4646167600081432,false,applicable,,kmeans,scenario=SRPI|source_lineage=srpi-200|terminal=T_MAN|phase=A,value_pu,standard_scaler_fit_on_calibration_group,calibration_distance_percentile_99,42,2,all_observations,"kmeans|feature=value_pu|groups=scenario,source_lineage,terminal,phase|scale=standard|clusters=2|seed=42|threshold=p99",200,0,0.031915914716588833,3.0,false,applicable,,dbscan,scenario=SRPI|source_lineage=srpi-200|terminal=T_MAN|phase=A,value_pu,standard_scaler_fit_on_calibration_group,explicit_effective_eps,explicit_effective_eps,all_observations,"dbscan|feature=value_pu|groups=scenario,source_lineage,terminal,phase|scale=standard|min_samples=2|eps=3.0",200,3.0,2,1,0,0.0,0,0,3,false,false,""
case.lis,116,1_2LT,A,1.8872745990752329,0.02617,-212652.44,SRPI,200,srpi-200,112677.0,absolute_phase_to_ground_maximum,2.4232717330313314,rejected,non_applicable,,Gaussian adequacy status: rejected.,1.7070286305102194,0.18248979827293954,0.6661964639219744,3.5,false,applicable,,1,0.1265530560282654,1.2079243785947944,false,applicable,,kmeans,scenario=SRPI|source_lineage=srpi-200|terminal=1_2LT|phase=A,value_pu,standard_scaler_fit_on_calibration_group,calibration_distance_percentile_99,42,2,all_observations,"kmeans|feature=value_pu|groups=scenario,source_lineage,terminal,phase|scale=standard|clusters=2|seed=42|threshold=p99",200,0,0.0002627734873951182,3.0,false,applicable,,dbscan,scenario=SRPI|source_lineage=srpi-200|terminal=1_2LT|phase=A,value_pu,standard_scaler_fit_on_calibration_group,explicit_effective_eps,explicit_effective_eps,all_observations,"dbscan|feature=value_pu|groups=scenario,source_lineage,terminal,phase|scale=standard|min_samples=2|eps=3.0",200,3.0,2,1,0,0.0,0,0,3,false,false,""
case.lis,116,T_OPO,A,1.811973960968077,0.02631,-204167.79,SRPI,200,srpi-200,112677.0,absolute_phase_to_ground_maximum,2.1517703848351477,rejected,non_applicable,,Gaussian adequacy status: rejected.,1.7540467575459056,0.052284552304374454,0.7472820028815479,3.5,false,applicable,,1,0.30400038852597394,1.7893062664422041,false,applicable,,kmeans,scenario=SRPI|source_lineage=srpi-200|terminal=T_OPO|phase=A,value_pu,standard_scaler_fit_on_calibration_group,calibration_distance_percentile_99,42,2,all_observations,"kmeans|feature=value_pu|groups=scenario,source_lineage,terminal,phase|scale=standard|clusters=2|seed=42|threshold=p99",200,0,0.0023129063941170758,3.0,false,applicable,,dbscan,scenario=SRPI|source_lineage=srpi-200|terminal=T_OPO|phase=A,value_pu,standard_scaler_fit_on_calibration_group,explicit_effective_eps,explicit_effective_eps,all_observations,"dbscan|feature=value_pu|groups=scenario,source_lineage,terminal,phase|scale=standard|min_samples=2|eps=3.0",200,3.0,2,1,0,0.0,0,0,3,false,false,""
case.lis,117,T_MAN,A,1.0599546491298135,0.02466,-119432.51,SRPI,200,srpi-200,112677.0,absolute_phase_to_ground_maximum,1.6579768140784057,rejected,non_applicable,,Gaussian adequacy status: rejected.,1.2431039608793277,0.06948989589712162,-1.777702095185194,3.5,false,applicable,,0,1.2525638994509083,1.4646167600081432,false,applicable,,kmeans,scenario=SRPI|source_lineage=srpi-200|terminal=T_MAN|phase=A,value_pu,standard_scaler_fit_on_calibration_group,calibration_distance_percentile_99,42,2,all_observations,"kmeans|feature=value_pu|groups=scenario,source_lineage,terminal,phase|scale=standard|clusters=2|seed=42|threshold=p99",200,0,0.13797813328236064,3.0,false,applicable,,dbscan,scenario=SRPI|source_lineage=srpi-200|terminal=T_MAN|phase=A,value_pu,standard_scaler_fit_on_calibration_group,explicit_effective_eps,explicit_effective_eps,all_observations,"dbscan|feature=value_pu|groups=scenario,source_lineage,terminal,phase|scale=standard|min_samples=2|eps=3.0",200,3.0,2,1,0,0.0,0,0,3,false,false,""
case.lis,117,1_2LT,A,1.1335983386139141,0.02478,-127730.46,SRPI,200,srpi-200,112677.0,absolute_phase_to_ground_maximum,2.4232717330313314,rejected,non_applicable,,Gaussian adequacy status: rejected.,1.7070286305102194,0.18248979827293954,-2.1194217868416465,3.5,false,applicable,,0,1.1759148599713434,1.2079243785947944,false,applicable,,kmeans,scenario=SRPI|source_lineage=srpi-200|terminal=1_2LT|phase=A,value_pu,standard_scaler_fit_on_calibration_group,calibration_distance_percentile_99,42,2,all_observations,"kmeans|feature=value_pu|groups=scenario,source_lineage,terminal,phase|scale=standard|clusters=2|seed=42|threshold=p99",200,0,0.05097082983663004,3.0,false,applicable,,dbscan,scenario=SRPI|source_lineage=srpi-200|terminal=1_2LT|phase=A,value_pu,standard_scaler_fit_on_calibration_group,explicit_effective_eps,explicit_effective_eps,all_observations,"dbscan|feature=value_pu|groups=scenario,source_lineage,terminal,phase|scale=standard|min_samples=2|eps=3.0",200,3.0,2,1,0,0.0,0,0,3,false,false,""
case.lis,117,T_OPO,A,1.1515279072037772,0.02494,-129750.71,SRPI,200,srpi-200,112677.0,absolute_phase_to_ground_maximum,2.1517703848351477,rejected,non_applicable,,Gaussian adequacy status: rejected.,1.7540467575459056,0.052284552304374454,-7.77271241589442,3.5,true,applicable,,0,1.9363237053047153,1.7893062664422041,true,applicable,Distance exceeds calibrated threshold.,kmeans,scenario=SRPI|source_lineage=srpi-200|terminal=T_OPO|phase=A,value_pu,standard_scaler_fit_on_calibration_group,calibration_distance_percentile_99,42,2,all_observations,"kmeans|feature=value_pu|groups=scenario,source_lineage,terminal,phase|scale=standard|clusters=2|seed=42|threshold=p99",200,0,0.14701743886251117,3.0,false,applicable,,dbscan,scenario=SRPI|source_lineage=srpi-200|terminal=T_OPO|phase=A,value_pu,standard_scaler_fit_on_calibration_group,explicit_effective_eps,explicit_effective_eps,all_observations,"dbscan|feature=value_pu|groups=scenario,source_lineage,terminal,phase|scale=standard|min_samples=2|eps=3.0",200,3.0,2,1,0,0.0,0,2,3,true,true,mad_modified_z;kmeans_distance
case.lis,118,T_MAN,A,1.2104504024778793,0.02486,-136389.92,SRPI,200,srpi-200,112677.0,absolute_phase_to_ground_maximum,1.6579768140784057,rejected,non_applicable,,Gaussian adequacy status: rejected.,1.2431039608793277,0.06948989589712162,-0.31694522152994653,3.5,false,applicable,,0,0.05670193030965698,1.4646167600081432,false,applicable,,kmeans,scenario=SRPI|source_lineage=srpi-200|terminal=T_MAN|phase=A,value_pu,standard_scaler_fit_on_calibration_group,calibration_distance_percentile_99,42,2,all_observations,"kmeans|feature=value_pu|groups=scenario,source_lineage,terminal,phase|scale=standard|clusters=2|seed=42|threshold=p99",200,0,0.0007242557927821247,3.0,false,applicable,,dbscan,scenario=SRPI|source_lineage=srpi-200|terminal=T_MAN|phase=A,value_pu,standard_scaler_fit_on_calibration_group,explicit_effective_eps,explicit_effective_eps,all_observations,"dbscan|feature=value_pu|groups=scenario,source_lineage,terminal,phase|scale=standard|min_samples=2|eps=3.0",200,3.0,2,1,0,0.0,0,0,3,false,false,""
case.lis,118,1_2LT,A,1.590930269708991,0.02493,-179261.25,SRPI,200,srpi-200,112677.0,absolute_phase_to_ground_maximum,2.4232717330313314,rejected,non_applicable,,Gaussian adequacy status: rejected.,1.7070286305102194,0.18248979827293954,-0.4291042848207629,3.5,false,applicable,,0,0.6676420354059576,1.2079243785947944,false,applicable,,kmeans,scenario=SRPI|source_lineage=srpi-200|terminal=1_2LT|phase=A,value_pu,standard_scaler_fit_on_calibration_group,calibration_distance_percentile_99,42,2,all_observations,"kmeans|feature=value_pu|groups=scenario,source_lineage,terminal,phase|scale=standard|clusters=2|seed=42|threshold=p99",200,0,0.0044567027427262484,3.0,false,applicable,,dbscan,scenario=SRPI|source_lineage=srpi-200|terminal=1_2LT|phase=A,value_pu,standard_scaler_fit_on_calibration_group,explicit_effective_eps,explicit_effective_eps,all_observations,"dbscan|feature=value_pu|groups=scenario,source_lineage,terminal,phase|scale=standard|min_samples=2|eps=3.0",200,3.0,2,1,0,0.0,0,0,3,false,false,""
case.lis,118,T_OPO,A,1.6781379518446533,0.02508,-189087.55,SRPI,200,srpi-200,112677.0,absolute_phase_to_ground_maximum,2.1517703848351477,rejected,non_applicable,,Gaussian adequacy status: rejected.,1.7540467575459056,0.052284552304374454,-0.9792512154844795,3.5,false,applicable,,1,0.5837817210451626,1.7893062664422041,false,applicable,,kmeans,scenario=SRPI|source_lineage=srpi-200|terminal=T_OPO|phase=A,value_pu,standard_scaler_fit_on_calibration_group,calibration_distance_percentile_99,42,2,all_observations,"kmeans|feature=value_pu|groups=scenario,source_lineage,terminal,phase|scale=standard|clusters=2|seed=42|threshold=p99",200,0,0.026334565701503804,3.0,false,applicable,,dbscan,scenario=SRPI|source_lineage=srpi-200|terminal=T_OPO|phase=A,value_pu,standard_scaler_fit_on_calibration_group,explicit_effective_eps,explicit_effective_eps,all_observations,"dbscan|feature=value_pu|groups=scenario,source_lineage,terminal,phase|scale=standard|min_samples=2|eps=3.0",200,3.0,2,1,0,0.0,0,0,3,false,false,""
case.lis,119,T_MAN,A,1.1365404208489753,0.03374,128061.965,SRPI,200,srpi-200,112677.0,absolute_phase_to_ground_maximum,1.6579768140784057,rejected,non_applicable,,Gaussian adequacy status: rejected.,1.2431039608793277,0.06948989589712162,-1.034337648188357,3.5,false,applicable,,0,0.6440017989346262,1.4646167600081432,false,applicable,,kmeans,scenario=SRPI|source_lineage=srpi-200|terminal=T_MAN|phase=A,value_pu,standard_scaler_fit_on_calibration_group,calibration_distance_percentile_99,42,2,all_observations,"kmeans|feature=value_pu|groups=scenario,source_lineage,terminal,phase|scale=standard|clusters=2|seed=42|threshold=p99",200,0,0.002746177685174267,3.0,false,applicable,,dbscan,scenario=SRPI|source_lineage=srpi-200|terminal=T_MAN|phase=A,value_pu,standard_scaler_fit_on_calibration_group,explicit_effective_eps,explicit_effective_eps,all_observations,"dbscan|feature=value_pu|groups=scenario,source_lineage,terminal,phase|scale=standard|min_samples=2|eps=3.0",200,3.0,2,1,0,0.0,0,0,3,false,false,""
case.lis,119,1_2LT,A,1.511841280829273,0.03231,170349.74,SRPI,200,srpi-200,112677.0,absolute_phase_to_ground_maximum,2.4232717330313314,rejected,non_applicable,,Gaussian adequacy status: rejected.,1.7070286305102194,0.18248979827293954,-0.7214204189695724,3.5,false,applicable,,0,0.34882534913501584,1.2079243785947944,false,applicable,,kmeans,scenario=SRPI|source_lineage=srpi-200|terminal=1_2LT|phase=A,value_pu,standard_scaler_fit_on_calibration_group,calibration_distance_percentile_99,42,2,all_observations,"kmeans|feature=value_pu|groups=scenario,source_lineage,terminal,phase|scale=standard|clusters=2|seed=42|threshold=p99",200,0,1.1448266303837329e-6,3.0,false,applicable,,dbscan,scenario=SRPI|source_lineage=srpi-200|terminal=1_2LT|phase=A,value_pu,standard_scaler_fit_on_calibration_group,explicit_effective_eps,explicit_effective_eps,all_observations,"dbscan|feature=value_pu|groups=scenario,source_lineage,terminal,phase|scale=standard|min_samples=2|eps=3.0",200,3.0,2,1,0,0.0,0,0,3,false,false,""
case.lis,119,T_OPO,A,1.7362258313586623,0.03088,195632.718,SRPI,200,srpi-200,112677.0,absolute_phase_to_ground_maximum,2.1517703848351477,rejected,non_applicable,,Gaussian adequacy status: rejected.,1.7540467575459056,0.052284552304374454,-0.22989643255089834,3.5,false,applicable,,1,0.19846404343940277,1.7893062664422041,false,applicable,,kmeans,scenario=SRPI|source_lineage=srpi-200|terminal=T_OPO|phase=A,value_pu,standard_scaler_fit_on_calibration_group,calibration_distance_percentile_99,42,2,all_observations,"kmeans|feature=value_pu|groups=scenario,source_lineage,terminal,phase|scale=standard|clusters=2|seed=42|threshold=p99",200,0,0.001961095952984826,3.0,false,applicable,,dbscan,scenario=SRPI|source_lineage=srpi-200|terminal=T_OPO|phase=A,value_pu,standard_scaler_fit_on_calibration_group,explicit_effective_eps,explicit_effective_eps,all_observations,"dbscan|feature=value_pu|groups=scenario,source_lineage,terminal,phase|scale=standard|min_samples=2|eps=3.0",200,3.0,2,1,0,0.0,0,0,3,false,false,""
case.lis,120,T_MAN,A,1.288805435004482,0.0337,145218.73,SRPI,200,srpi-200,112677.0,absolute_phase_to_ground_maximum,1.6579768140784057,rejected,non_applicable,,Gaussian adequacy status: rejected.,1.2431039608793277,0.06948989589712162,0.4435922009712609,3.5,false,applicable,,0,0.5659189836019592,1.4646167600081432,false,applicable,,kmeans,scenario=SRPI|source_lineage=srpi-200|terminal=T_MAN|phase=A,value_pu,standard_scaler_fit_on_calibration_group,calibration_distance_percentile_99,42,2,all_observations,"kmeans|feature=value_pu|groups=scenario,source_lineage,terminal,phase|scale=standard|clusters=2|seed=42|threshold=p99",200,0,0.0004454843079826215,3.0,false,applicable,,dbscan,scenario=SRPI|source_lineage=srpi-200|terminal=T_MAN|phase=A,value_pu,standard_scaler_fit_on_calibration_group,explicit_effective_eps,explicit_effective_eps,all_observations,"dbscan|feature=value_pu|groups=scenario,source_lineage,terminal,phase|scale=standard|min_samples=2|eps=3.0",200,3.0,2,1,0,0.0,0,0,3,false,false,""
case.lis,120,1_2LT,A,1.5994583632862076,0.02755,-180222.17,SRPI,200,srpi-200,112677.0,absolute_phase_to_ground_maximum,2.4232717330313314,rejected,non_applicable,,Gaussian adequacy status: rejected.,1.7070286305102194,0.18248979827293954,-0.3975841025366964,3.5,false,applicable,,0,0.7020197480687365,1.2079243785947944,false,applicable,,kmeans,scenario=SRPI|source_lineage=srpi-200|terminal=1_2LT|phase=A,value_pu,standard_scaler_fit_on_calibration_group,calibration_distance_percentile_99,42,2,all_observations,"kmeans|feature=value_pu|groups=scenario,source_lineage,terminal,phase|scale=standard|clusters=2|seed=42|threshold=p99",200,0,0.028211032469127484,3.0,false,applicable,,dbscan,scenario=SRPI|source_lineage=srpi-200|terminal=1_2LT|phase=A,value_pu,standard_scaler_fit_on_calibration_group,explicit_effective_eps,explicit_effective_eps,all_observations,"dbscan|feature=value_pu|groups=scenario,source_lineage,terminal,phase|scale=standard|min_samples=2|eps=3.0",200,3.0,2,1,0,0.0,0,0,3,false,false,""
case.lis,120,T_OPO,A,1.7609698518774903,0.02744,-198420.8,SRPI,200,srpi-200,112677.0,absolute_phase_to_ground_maximum,2.1517703848351477,rejected,non_applicable,,Gaussian adequacy status: rejected.,1.7540467575459056,0.052284552304374454,0.08931043607508984,3.5,false,applicable,,1,0.034328106636188516,1.7893062664422041,false,applicable,,kmeans,scenario=SRPI|source_lineage=srpi-200|terminal=T_OPO|phase=A,value_pu,standard_scaler_fit_on_calibration_group,calibration_distance_percentile_99,42,2,all_observations,"kmeans|feature=value_pu|groups=scenario,source_lineage,terminal,phase|scale=standard|clusters=2|seed=42|threshold=p99",200,0,0.004259873413722137,3.0,false,applicable,,dbscan,scenario=SRPI|source_lineage=srpi-200|terminal=T_OPO|phase=A,value_pu,standard_scaler_fit_on_calibration_group,explicit_effective_eps,explicit_effective_eps,all_observations,"dbscan|feature=value_pu|groups=scenario,source_lineage,terminal,phase|scale=standard|min_samples=2|eps=3.0",200,3.0,2,1,0,0.0,0,0,3,false,false,""
case.lis,121,T_MAN,A,1.266163813378063,0.02526,-142667.54,SRPI,200,srpi-200,112677.0,absolute_phase_to_ground_maximum,1.6579768140784057,rejected,non_applicable,,Gaussian adequacy status: rejected.,1.2431039608793277,0.06948989589712162,0.2238258375643175,3.5,false,applicable,,0,0.38600524105203726,1.4646167600081432,false,applicable,,kmeans,scenario=SRPI|source_lineage=srpi-200|terminal=T_MAN|phase=A,value_pu,standard_scaler_fit_on_calibration_group,calibration_distance_percentile_99,42,2,all_observations,"kmeans|feature=value_pu|groups=scenario,source_lineage,terminal,phase|scale=standard|clusters=2|seed=42|threshold=p99",200,0,0.00011382169908007167,3.0,false,applicable,,dbscan,scenario=SRPI|source_lineage=srpi-200|terminal=T_MAN|phase=A,value_pu,standard_scaler_fit_on_calibration_group,explicit_effective_eps,explicit_effective_eps,all_observations,"dbscan|feature=value_pu|groups=scenario,source_lineage,terminal,phase|scale=standard|min_samples=2|eps=3.0",200,3.0,2,1,0,0.0,0,0,3,false,false,""
case.lis,121,1_2LT,A,1.721777381364431,0.02523,-194004.71,SRPI,200,srpi-200,112677.0,absolute_phase_to_ground_maximum,2.4232717330313314,rejected,non_applicable,,Gaussian adequacy status: rejected.,1.7070286305102194,0.18248979827293954,0.054511985730199594,3.5,false,applicable,,1,0.5405850030745389,1.2079243785947944,false,applicable,,kmeans,scenario=SRPI|source_lineage=srpi-200|terminal=1_2LT|phase=A,value_pu,standard_scaler_fit_on_calibration_group,calibration_distance_percentile_99,42,2,all_observations,"kmeans|feature=value_pu|groups=scenario,source_lineage,terminal,phase|scale=standard|clusters=2|seed=42|threshold=p99",200,0,0.00937512837562593,3.0,false,applicable,,dbscan,scenario=SRPI|source_lineage=srpi-200|terminal=1_2LT|phase=A,value_pu,standard_scaler_fit_on_calibration_group,explicit_effective_eps,explicit_effective_eps,all_observations,"dbscan|feature=value_pu|groups=scenario,source_lineage,terminal,phase|scale=standard|min_samples=2|eps=3.0",200,3.0,2,1,0,0.0,0,0,3,false,false,""
case.lis,121,T_OPO,A,1.7451731941744988,0.02377,-196640.88,SRPI,200,srpi-200,112677.0,absolute_phase_to_ground_maximum,2.1517703848351477,rejected,non_applicable,,Gaussian adequacy status: rejected.,1.7540467575459056,0.052284552304374454,-0.11447219643168864,3.5,false,applicable,,1,0.13911298621820029,1.7893062664422041,false,applicable,,kmeans,scenario=SRPI|source_lineage=srpi-200|terminal=T_OPO|phase=A,value_pu,standard_scaler_fit_on_calibration_group,calibration_distance_percentile_99,42,2,all_observations,"kmeans|feature=value_pu|groups=scenario,source_lineage,terminal,phase|scale=standard|clusters=2|seed=42|threshold=p99",200,0,0.0017908423057682588,3.0,false,applicable,,dbscan,scenario=SRPI|source_lineage=srpi-200|terminal=T_OPO|phase=A,value_pu,standard_scaler_fit_on_calibration_group,explicit_effective_eps,explicit_effective_eps,all_observations,"dbscan|feature=value_pu|groups=scenario,source_lineage,terminal,phase|scale=standard|min_samples=2|eps=3.0",200,3.0,2,1,0,0.0,0,0,3,false,false,""
case.lis,122,T_MAN,A,1.3014852986856236,0.03422,146647.459,SRPI,200,srpi-200,112677.0,absolute_phase_to_ground_maximum,1.6579768140784057,rejected,non_applicable,,Gaussian adequacy status: rejected.,1.2431039608793277,0.06948989589712162,0.5666667570113977,3.5,false,applicable,,0,0.6666750940757404,1.4646167600081432,false,applicable,,kmeans,scenario=SRPI|source_lineage=srpi-200|terminal=T_MAN|phase=A,value_pu,standard_scaler_fit_on_calibration_group,calibration_distance_percentile_99,42,2,all_observations,"kmeans|feature=value_pu|groups=scenario,source_lineage,terminal,phase|scale=standard|clusters=2|seed=42|threshold=p99",200,0,0.009241207725603023,3.0,false,applicable,,dbscan,scenario=SRPI|source_lineage=srpi-200|terminal=T_MAN|phase=A,value_pu,standard_scaler_fit_on_calibration_group,explicit_effective_eps,explicit_effective_eps,all_observations,"dbscan|feature=value_pu|groups=scenario,source_lineage,terminal,phase|scale=standard|min_samples=2|eps=3.0",200,3.0,2,1,0,0.0,0,0,3,false,false,""
case.lis,122,1_2LT,A,1.821503110661448,0.03434,205241.506,SRPI,200,srpi-200,112677.0,absolute_phase_to_ground_maximum,2.4232717330313314,rejected,non_applicable,,Gaussian adequacy status: rejected.,1.7070286305102194,0.18248979827293954,0.4231023555933095,3.5,false,applicable,,1,0.13857927508651346,1.2079243785947944,false,applicable,,kmeans,scenario=SRPI|source_lineage=srpi-200|terminal=1_2LT|phase=A,value_pu,standard_scaler_fit_on_calibration_group,calibration_distance_percentile_99,42,2,all_observations,"kmeans|feature=value_pu|groups=scenario,source_lineage,terminal,phase|scale=standard|clusters=2|seed=42|threshold=p99",200,0,0.01793285053749849,3.0,false,applicable,,dbscan,scenario=SRPI|source_lineage=srpi-200|terminal=1_2LT|phase=A,value_pu,standard_scaler_fit_on_calibration_group,explicit_effective_eps,explicit_effective_eps,all_observations,"dbscan|feature=value_pu|groups=scenario,source_lineage,terminal,phase|scale=standard|min_samples=2|eps=3.0",200,3.0,2,1,0,0.0,0,0,3,false,false,""
case.lis,122,T_OPO,A,1.8207278859039555,0.03422,205154.156,SRPI,200,srpi-200,112677.0,absolute_phase_to_ground_maximum,2.1517703848351477,rejected,non_applicable,,Gaussian adequacy status: rejected.,1.7540467575459056,0.052284552304374454,0.8602108199605072,3.5,false,applicable,,1,0.36206830311415245,1.7893062664422041,false,applicable,,kmeans,scenario=SRPI|source_lineage=srpi-200|terminal=T_OPO|phase=A,value_pu,standard_scaler_fit_on_calibration_group,calibration_distance_percentile_99,42,2,all_observations,"kmeans|feature=value_pu|groups=scenario,source_lineage,terminal,phase|scale=standard|clusters=2|seed=42|threshold=p99",200,0,0.0015003749837216862,3.0,false,applicable,,dbscan,scenario=SRPI|source_lineage=srpi-200|terminal=T_OPO|phase=A,value_pu,standard_scaler_fit_on_calibration_group,explicit_effective_eps,explicit_effective_eps,all_observations,"dbscan|feature=value_pu|groups=scenario,source_lineage,terminal,phase|scale=standard|min_samples=2|eps=3.0",200,3.0,2,1,0,0.0,0,0,3,false,false,""
case.lis,123,T_MAN,A,1.3002472554292357,0.02653,-146507.96,SRPI,200,srpi-200,112677.0,absolute_phase_to_ground_maximum,1.6579768140784057,rejected,non_applicable,,Gaussian adequacy status: rejected.,1.2431039608793277,0.06948989589712162,0.5546499382213785,3.5,false,applicable,,0,0.6568374155131972,1.4646167600081432,false,applicable,,kmeans,scenario=SRPI|source_lineage=srpi-200|terminal=T_MAN|phase=A,value_pu,standard_scaler_fit_on_calibration_group,calibration_distance_percentile_99,42,2,all_observations,"kmeans|feature=value_pu|groups=scenario,source_lineage,terminal,phase|scale=standard|clusters=2|seed=42|threshold=p99",200,0,0.009837678562543195,3.0,false,applicable,,dbscan,scenario=SRPI|source_lineage=srpi-200|terminal=T_MAN|phase=A,value_pu,standard_scaler_fit_on_calibration_group,explicit_effective_eps,explicit_effective_eps,all_observations,"dbscan|feature=value_pu|groups=scenario,source_lineage,terminal,phase|scale=standard|min_samples=2|eps=3.0",200,3.0,2,1,0,0.0,0,0,3,false,false,""
case.lis,123,1_2LT,A,1.7997518570781972,0.02655,-202790.64,SRPI,200,srpi-200,112677.0,absolute_phase_to_ground_maximum,2.4232717330313314,rejected,non_applicable,,Gaussian adequacy status: rejected.,1.7070286305102194,0.18248979827293954,0.34270883368324656,3.5,false,applicable,,1,0.22626104580933215,1.2079243785947944,false,applicable,,kmeans,scenario=SRPI|source_lineage=srpi-200|terminal=1_2LT|phase=A,value_pu,standard_scaler_fit_on_calibration_group,calibration_distance_percentile_99,42,2,all_observations,"kmeans|feature=value_pu|groups=scenario,source_lineage,terminal,phase|scale=standard|clusters=2|seed=42|threshold=p99",200,0,0.0077490452511738694,3.0,false,applicable,,dbscan,scenario=SRPI|source_lineage=srpi-200|terminal=1_2LT|phase=A,value_pu,standard_scaler_fit_on_calibration_group,explicit_effective_eps,explicit_effective_eps,all_observations,"dbscan|feature=value_pu|groups=scenario,source_lineage,terminal,phase|scale=standard|min_samples=2|eps=3.0",200,3.0,2,1,0,0.0,0,0,3,false,false,""
case.lis,123,T_OPO,A,1.7876815144173168,0.02669,-201430.59,SRPI,200,srpi-200,112677.0,absolute_phase_to_ground_maximum,2.1517703848351477,rejected,non_applicable,,Gaussian adequacy status: rejected.,1.7540467575459056,0.052284552304374454,0.43390060276381187,3.5,false,applicable,,1,0.1428599033401869,1.7893062664422041,false,applicable,,kmeans,scenario=SRPI|source_lineage=srpi-200|terminal=T_OPO|phase=A,value_pu,standard_scaler_fit_on_calibration_group,calibration_distance_percentile_99,42,2,all_observations,"kmeans|feature=value_pu|groups=scenario,source_lineage,terminal,phase|scale=standard|clusters=2|seed=42|threshold=p99",200,0,0.0012460541829022453,3.0,false,applicable,,dbscan,scenario=SRPI|source_lineage=srpi-200|terminal=T_OPO|phase=A,value_pu,standard_scaler_fit_on_calibration_group,explicit_effective_eps,explicit_effective_eps,all_observations,"dbscan|feature=value_pu|groups=scenario,source_lineage,terminal,phase|scale=standard|min_samples=2|eps=3.0",200,3.0,2,1,0,0.0,0,0,3,false,false,""
case.lis,124,T_MAN,A,1.1660306007437187,0.04235,-131384.83,SRPI,200,srpi-200,112677.0,absolute_phase_to_ground_maximum,1.6579768140784057,rejected,non_applicable,,Gaussian adequacy status: rejected.,1.2431039608793277,0.06948989589712162,-0.7480971262585083,3.5,false,applicable,,0,0.40966837879024454,1.4646167600081432,false,applicable,,kmeans,scenario=SRPI|source_lineage=srpi-200|terminal=T_MAN|phase=A,value_pu,standard_scaler_fit_on_calibration_group,calibration_distance_percentile_99,42,2,all_observations,"kmeans|feature=value_pu|groups=scenario,source_lineage,terminal,phase|scale=standard|clusters=2|seed=42|threshold=p99",200,0,0.008220479551823145,3.0,false,applicable,,dbscan,scenario=SRPI|source_lineage=srpi-200|terminal=T_MAN|phase=A,value_pu,standard_scaler_fit_on_calibration_group,explicit_effective_eps,explicit_effective_eps,all_observations,"dbscan|feature=value_pu|groups=scenario,source_lineage,terminal,phase|scale=standard|min_samples=2|eps=3.0",200,3.0,2,1,0,0.0,0,0,3,false,false,""
case.lis,124,1_2LT,A,1.6167530818179396,0.03557,182170.887,SRPI,200,srpi-200,112677.0,absolute_phase_to_ground_maximum,2.4232717330313314,rejected,non_applicable,,Gaussian adequacy status: rejected.,1.7070286305102194,0.18248979827293954,-0.3336621162526596,3.5,false,applicable,,0,0.7717367204359157,1.2079243785947944,false,applicable,,kmeans,scenario=SRPI|source_lineage=srpi-200|terminal=1_2LT|phase=A,value_pu,standard_scaler_fit_on_calibration_group,calibration_distance_percentile_99,42,2,all_observations,"kmeans|feature=value_pu|groups=scenario,source_lineage,terminal,phase|scale=standard|clusters=2|seed=42|threshold=p99",200,0,0.01806475603076335,3.0,false,applicable,,dbscan,scenario=SRPI|source_lineage=srpi-200|terminal=1_2LT|phase=A,value_pu,standard_scaler_fit_on_calibration_group,explicit_effective_eps,explicit_effective_eps,all_observations,"dbscan|feature=value_pu|groups=scenario,source_lineage,terminal,phase|scale=standard|min_samples=2|eps=3.0",200,3.0,2,1,0,0.0,0,0,3,false,false,""
case.lis,124,T_OPO,A,1.655812286447101,0.03572,186571.961,SRPI,200,srpi-200,112677.0,absolute_phase_to_ground_maximum,2.1517703848351477,rejected,non_applicable,,Gaussian adequacy status: rejected.,1.7540467575459056,0.052284552304374454,-1.267260423047236,3.5,false,applicable,,1,0.7318758435016982,1.7893062664422041,false,applicable,,kmeans,scenario=SRPI|source_lineage=srpi-200|terminal=T_OPO|phase=A,value_pu,standard_scaler_fit_on_calibration_group,calibration_distance_percentile_99,42,2,all_observations,"kmeans|feature=value_pu|groups=scenario,source_lineage,terminal,phase|scale=standard|clusters=2|seed=42|threshold=p99",200,0,0.004233440534194444,3.0,false,applicable,,dbscan,scenario=SRPI|source_lineage=srpi-200|terminal=T_OPO|phase=A,value_pu,standard_scaler_fit_on_calibration_group,explicit_effective_eps,explicit_effective_eps,all_observations,"dbscan|feature=value_pu|groups=scenario,source_lineage,terminal,phase|scale=standard|min_samples=2|eps=3.0",200,3.0,2,1,0,0.0,0,0,3,false,false,""
case.lis,125,T_MAN,A,1.3842120042244646,0.03389,155968.856,SRPI,200,srpi-200,112677.0,absolute_phase_to_ground_maximum,1.6579768140784057,rejected,non_applicable,,Gaussian adequacy status: rejected.,1.2431039608793277,0.06948989589712162,1.3696369476135815,3.5,false,applicable,,1,0.6049159592671055,1.4646167600081432,false,applicable,,kmeans,scenario=SRPI|source_lineage=srpi-200|terminal=T_MAN|phase=A,value_pu,standard_scaler_fit_on_calibration_group,calibration_distance_percentile_99,42,2,all_observations,"kmeans|feature=value_pu|groups=scenario,source_lineage,terminal,phase|scale=standard|clusters=2|seed=42|threshold=p99",200,0,0.0136469678422807,3.0,false,applicable,,dbscan,scenario=SRPI|source_lineage=srpi-200|terminal=T_MAN|phase=A,value_pu,standard_scaler_fit_on_calibration_group,explicit_effective_eps,explicit_effective_eps,all_observations,"dbscan|feature=value_pu|groups=scenario,source_lineage,terminal,phase|scale=standard|min_samples=2|eps=3.0",200,3.0,2,1,0,0.0,0,0,3,false,false,""
case.lis,125,1_2LT,A,1.8583285763731727,0.03401,209390.889,SRPI,200,srpi-200,112677.0,absolute_phase_to_ground_maximum,2.4232717330313314,rejected,non_applicable,,Gaussian adequacy status: rejected.,1.7070286305102194,0.18248979827293954,0.5592107814002478,3.5,false,applicable,,1,0.009868354790912193,1.2079243785947944,false,applicable,,kmeans,scenario=SRPI|source_lineage=srpi-200|terminal=1_2LT|phase=A,value_pu,standard_scaler_fit_on_calibration_group,calibration_distance_percentile_99,42,2,all_observations,"kmeans|feature=value_pu|groups=scenario,source_lineage,terminal,phase|scale=standard|clusters=2|seed=42|threshold=p99",200,0,0.0033520523723634676,3.0,false,applicable,,dbscan,scenario=SRPI|source_lineage=srpi-200|terminal=1_2LT|phase=A,value_pu,standard_scaler_fit_on_calibration_group,explicit_effective_eps,explicit_effective_eps,all_observations,"dbscan|feature=value_pu|groups=scenario,source_lineage,terminal,phase|scale=standard|min_samples=2|eps=3.0",200,3.0,2,1,0,0.0,0,0,3,false,false,""
case.lis,125,T_OPO,A,1.7799857113696673,0.03414,200563.45,SRPI,200,srpi-200,112677.0,absolute_phase_to_ground_maximum,2.1517703848351477,rejected,non_applicable,,Gaussian adequacy status: rejected.,1.7540467575459056,0.052284552304374454,0.3346219430757751,3.5,false,applicable,,1,0.09181088963128597,1.7893062664422041,false,applicable,,kmeans,scenario=SRPI|source_lineage=srpi-200|terminal=T_OPO|phase=A,value_pu,standard_scaler_fit_on_calibration_group,calibration_distance_percentile_99,42,2,all_observations,"kmeans|feature=value_pu|groups=scenario,source_lineage,terminal,phase|scale=standard|clusters=2|seed=42|threshold=p99",200,0,0.008447571526103204,3.0,false,applicable,,dbscan,scenario=SRPI|source_lineage=srpi-200|terminal=T_OPO|phase=A,value_pu,standard_scaler_fit_on_calibration_group,explicit_effective_eps,explicit_effective_eps,all_observations,"dbscan|feature=value_pu|groups=scenario,source_lineage,terminal,phase|scale=standard|min_samples=2|eps=3.0",200,3.0,2,1,0,0.0,0,0,3,false,false,""
case.lis,126,T_MAN,A,1.2260240687984238,0.03341,138144.714,SRPI,200,srpi-200,112677.0,absolute_phase_to_ground_maximum,1.6579768140784057,rejected,non_applicable,,Gaussian adequacy status: rejected.,1.2431039608793277,0.06948989589712162,-0.16578255002828515,3.5,false,applicable,,0,0.06704877267371445,1.4646167600081432,false,applicable,,kmeans,scenario=SRPI|source_lineage=srpi-200|terminal=T_MAN|phase=A,value_pu,standard_scaler_fit_on_calibration_group,calibration_distance_percentile_99,42,2,all_observations,"kmeans|feature=value_pu|groups=scenario,source_lineage,terminal,phase|scale=standard|clusters=2|seed=42|threshold=p99",200,0,0.006974294146345372,3.0,false,applicable,,dbscan,scenario=SRPI|source_lineage=srpi-200|terminal=T_MAN|phase=A,value_pu,standard_scaler_fit_on_calibration_group,explicit_effective_eps,explicit_effective_eps,all_observations,"dbscan|feature=value_pu|groups=scenario,source_lineage,terminal,phase|scale=standard|min_samples=2|eps=3.0",200,3.0,2,1,0,0.0,0,0,3,false,false,""
case.lis,126,1_2LT,A,1.693461789007517,0.03347,190814.194,SRPI,200,srpi-200,112677.0,absolute_phase_to_ground_maximum,2.4232717330313314,rejected,non_applicable,,Gaussian adequacy status: rejected.,1.7070286305102194,0.18248979827293954,-0.05014360047908754,3.5,false,applicable,,1,0.6547283680726618,1.2079243785947944,false,applicable,,kmeans,scenario=SRPI|source_lineage=srpi-200|terminal=1_2LT|phase=A,value_pu,standard_scaler_fit_on_calibration_group,calibration_distance_percentile_99,42,2,all_observations,"kmeans|feature=value_pu|groups=scenario,source_lineage,terminal,phase|scale=standard|clusters=2|seed=42|threshold=p99",200,0,0.001957081123823326,3.0,false,applicable,,dbscan,scenario=SRPI|source_lineage=srpi-200|terminal=1_2LT|phase=A,value_pu,standard_scaler_fit_on_calibration_group,explicit_effective_eps,explicit_effective_eps,all_observations,"dbscan|feature=value_pu|groups=scenario,source_lineage,terminal,phase|scale=standard|min_samples=2|eps=3.0",200,3.0,2,1,0,0.0,0,0,3,false,false,""
case.lis,126,T_OPO,A,1.7905501743922894,0.0322,201753.822,SRPI,200,srpi-200,112677.0,absolute_phase_to_ground_maximum,2.1517703848351477,rejected,non_applicable,,Gaussian adequacy status: rejected.,1.7540467575459056,0.052284552304374454,0.4709073602980988,3.5,false,applicable,,1,0.1618887508148213,1.7893062664422041,false,applicable,,kmeans,scenario=SRPI|source_lineage=srpi-200|terminal=T_OPO|phase=A,value_pu,standard_scaler_fit_on_calibration_group,calibration_distance_percentile_99,42,2,all_observations,"kmeans|feature=value_pu|groups=scenario,source_lineage,terminal,phase|scale=standard|clusters=2|seed=42|threshold=p99",200,0,0.0051388108109975406,3.0,false,applicable,,dbscan,scenario=SRPI|source_lineage=srpi-200|terminal=T_OPO|phase=A,value_pu,standard_scaler_fit_on_calibration_group,explicit_effective_eps,explicit_effective_eps,all_observations,"dbscan|feature=value_pu|groups=scenario,source_lineage,terminal,phase|scale=standard|min_samples=2|eps=3.0",200,3.0,2,1,0,0.0,0,0,3,false,false,""
case.lis,127,T_MAN,A,1.1774145477781623,0.03301,132667.539,SRPI,200,srpi-200,112677.0,absolute_phase_to_ground_maximum,1.6579768140784057,rejected,non_applicable,,Gaussian adequacy status: rejected.,1.2431039608793277,0.06948989589712162,-0.6376011254748118,3.5,false,applicable,,0,0.31920981757274636,1.4646167600081432,false,applicable,,kmeans,scenario=SRPI|source_lineage=srpi-200|terminal=T_MAN|phase=A,value_pu,standard_scaler_fit_on_calibration_group,calibration_distance_percentile_99,42,2,all_observations,"kmeans|feature=value_pu|groups=scenario,source_lineage,terminal,phase|scale=standard|clusters=2|seed=42|threshold=p99",200,0,0.005752720743953943,3.0,false,applicable,,dbscan,scenario=SRPI|source_lineage=srpi-200|terminal=T_MAN|phase=A,value_pu,standard_scaler_fit_on_calibration_group,explicit_effective_eps,explicit_effective_eps,all_observations,"dbscan|feature=value_pu|groups=scenario,source_lineage,terminal,phase|scale=standard|min_samples=2|eps=3.0",200,3.0,2,1,0,0.0,0,0,3,false,false,""
case.lis,127,1_2LT,A,1.6929762950735288,0.02721,-190759.49,SRPI,200,srpi-200,112677.0,absolute_phase_to_ground_maximum,2.4232717330313314,rejected,non_applicable,,Gaussian adequacy status: rejected.,1.7070286305102194,0.18248979827293954,-0.05193800589438459,3.5,false,applicable,,1,0.6566854491964851,1.2079243785947944,false,applicable,,kmeans,scenario=SRPI|source_lineage=srpi-200|terminal=1_2LT|phase=A,value_pu,standard_scaler_fit_on_calibration_group,calibration_distance_percentile_99,42,2,all_observations,"kmeans|feature=value_pu|groups=scenario,source_lineage,terminal,phase|scale=standard|clusters=2|seed=42|threshold=p99",200,0,0.001957081123823326,3.0,false,applicable,,dbscan,scenario=SRPI|source_lineage=srpi-200|terminal=1_2LT|phase=A,value_pu,standard_scaler_fit_on_calibration_group,explicit_effective_eps,explicit_effective_eps,all_observations,"dbscan|feature=value_pu|groups=scenario,source_lineage,terminal,phase|scale=standard|min_samples=2|eps=3.0",200,3.0,2,1,0,0.0,0,0,3,false,false,""
case.lis,127,T_OPO,A,1.7529234892657775,0.02706,-197514.16,SRPI,200,srpi-200,112677.0,absolute_phase_to_ground_maximum,2.1517703848351477,rejected,non_applicable,,Gaussian adequacy status: rejected.,1.7540467575459056,0.052284552304374454,-0.01449056955209684,3.5,false,applicable,,1,0.08770250729702345,1.7893062664422041,false,applicable,,kmeans,scenario=SRPI|source_lineage=srpi-200|terminal=T_OPO|phase=A,value_pu,standard_scaler_fit_on_calibration_group,calibration_distance_percentile_99,42,2,all_observations,"kmeans|feature=value_pu|groups=scenario,source_lineage,terminal,phase|scale=standard|clusters=2|seed=42|threshold=p99",200,0,0.00015188603382393362,3.0,false,applicable,,dbscan,scenario=SRPI|source_lineage=srpi-200|terminal=T_OPO|phase=A,value_pu,standard_scaler_fit_on_calibration_group,explicit_effective_eps,explicit_effective_eps,all_observations,"dbscan|feature=value_pu|groups=scenario,source_lineage,terminal,phase|scale=standard|min_samples=2|eps=3.0",200,3.0,2,1,0,0.0,0,0,3,false,false,""
case.lis,128,T_MAN,A,1.291016445237271,0.02418,-145467.86,SRPI,200,srpi-200,112677.0,absolute_phase_to_ground_maximum,1.6579768140784057,rejected,non_applicable,,Gaussian adequacy status: rejected.,1.2431039608793277,0.06948989589712162,0.4650529287553793,3.5,false,applicable,,0,0.5834880046005742,1.4646167600081432,false,applicable,,kmeans,scenario=SRPI|source_lineage=srpi-200|terminal=T_MAN|phase=A,value_pu,standard_scaler_fit_on_calibration_group,calibration_distance_percentile_99,42,2,all_observations,"kmeans|feature=value_pu|groups=scenario,source_lineage,terminal,phase|scale=standard|clusters=2|seed=42|threshold=p99",200,0,0.0004428750125305275,3.0,false,applicable,,dbscan,scenario=SRPI|source_lineage=srpi-200|terminal=T_MAN|phase=A,value_pu,standard_scaler_fit_on_calibration_group,explicit_effective_eps,explicit_effective_eps,all_observations,"dbscan|feature=value_pu|groups=scenario,source_lineage,terminal,phase|scale=standard|min_samples=2|eps=3.0",200,3.0,2,1,0,0.0,0,0,3,false,false,""
case.lis,128,1_2LT,A,1.8734748883978096,0.02416,-211097.53,SRPI,200,srpi-200,112677.0,absolute_phase_to_ground_maximum,2.4232717330313314,rejected,non_applicable,,Gaussian adequacy status: rejected.,1.7070286305102194,0.18248979827293954,0.615192169459046,3.5,false,applicable,,1,0.07092485680618565,1.2079243785947944,false,applicable,,kmeans,scenario=SRPI|source_lineage=srpi-200|terminal=1_2LT|phase=A,value_pu,standard_scaler_fit_on_calibration_group,calibration_distance_percentile_99,42,2,all_observations,"kmeans|feature=value_pu|groups=scenario,source_lineage,terminal,phase|scale=standard|clusters=2|seed=42|threshold=p99",200,0,0.0023046075576650393,3.0,false,applicable,,dbscan,scenario=SRPI|source_lineage=srpi-200|terminal=1_2LT|phase=A,value_pu,standard_scaler_fit_on_calibration_group,explicit_effective_eps,explicit_effective_eps,all_observations,"dbscan|feature=value_pu|groups=scenario,source_lineage,terminal,phase|scale=standard|min_samples=2|eps=3.0",200,3.0,2,1,0,0.0,0,0,3,false,false,""
case.lis,128,T_OPO,A,1.7783404776484997,0.02431,-200378.07,SRPI,200,srpi-200,112677.0,absolute_phase_to_ground_maximum,2.1517703848351477,rejected,non_applicable,,Gaussian adequacy status: rejected.,1.7540467575459056,0.052284552304374454,0.3133978293998186,3.5,false,applicable,,1,0.08089746600723863,1.7893062664422041,false,applicable,,kmeans,scenario=SRPI|source_lineage=srpi-200|terminal=T_OPO|phase=A,value_pu,standard_scaler_fit_on_calibration_group,calibration_distance_percentile_99,42,2,all_observations,"kmeans|feature=value_pu|groups=scenario,source_lineage,terminal,phase|scale=standard|clusters=2|seed=42|threshold=p99",200,0,0.00043246310250510955,3.0,false,applicable,,dbscan,scenario=SRPI|source_lineage=srpi-200|terminal=T_OPO|phase=A,value_pu,standard_scaler_fit_on_calibration_group,explicit_effective_eps,explicit_effective_eps,all_observations,"dbscan|feature=value_pu|groups=scenario,source_lineage,terminal,phase|scale=standard|min_samples=2|eps=3.0",200,3.0,2,1,0,0.0,0,0,3,false,false,""
case.lis,129,T_MAN,A,1.5052635852924732,0.03302,169608.585,SRPI,200,srpi-200,112677.0,absolute_phase_to_ground_maximum,1.6579768140784057,rejected,non_applicable,,Gaussian adequacy status: rejected.,1.2431039608793277,0.06948989589712162,2.544599863031963,3.5,false,applicable,,1,0.3569781731795967,1.4646167600081432,false,applicable,,kmeans,scenario=SRPI|source_lineage=srpi-200|terminal=T_MAN|phase=A,value_pu,standard_scaler_fit_on_calibration_group,calibration_distance_percentile_99,42,2,all_observations,"kmeans|feature=value_pu|groups=scenario,source_lineage,terminal,phase|scale=standard|clusters=2|seed=42|threshold=p99",200,0,0.04626457147203511,3.0,false,applicable,,dbscan,scenario=SRPI|source_lineage=srpi-200|terminal=T_MAN|phase=A,value_pu,standard_scaler_fit_on_calibration_group,explicit_effective_eps,explicit_effective_eps,all_observations,"dbscan|feature=value_pu|groups=scenario,source_lineage,terminal,phase|scale=standard|min_samples=2|eps=3.0",200,3.0,2,1,0,0.0,0,0,3,false,false,""
case.lis,129,1_2LT,A,1.7613051820691001,0.03309,198458.584,SRPI,200,srpi-200,112677.0,absolute_phase_to_ground_maximum,2.4232717330313314,rejected,non_applicable,,Gaussian adequacy status: rejected.,1.7070286305102194,0.18248979827293954,0.20060835207730515,3.5,false,applicable,,1,0.38124395427940727,1.2079243785947944,false,applicable,,kmeans,scenario=SRPI|source_lineage=srpi-200|terminal=1_2LT|phase=A,value_pu,standard_scaler_fit_on_calibration_group,calibration_distance_percentile_99,42,2,all_observations,"kmeans|feature=value_pu|groups=scenario,source_lineage,terminal,phase|scale=standard|clusters=2|seed=42|threshold=p99",200,0,0.005609292728216142,3.0,false,applicable,,dbscan,scenario=SRPI|source_lineage=srpi-200|terminal=1_2LT|phase=A,value_pu,standard_scaler_fit_on_calibration_group,explicit_effective_eps,explicit_effective_eps,all_observations,"dbscan|feature=value_pu|groups=scenario,source_lineage,terminal,phase|scale=standard|min_samples=2|eps=3.0",200,3.0,2,1,0,0.0,0,0,3,false,false,""
case.lis,129,T_OPO,A,1.7455588984442254,0.03296,196684.34,SRPI,200,srpi-200,112677.0,absolute_phase_to_ground_maximum,2.1517703848351477,rejected,non_applicable,,Gaussian adequacy status: rejected.,1.7540467575459056,0.052284552304374454,-0.10949647100091543,3.5,false,applicable,,1,0.13655447186551434,1.7893062664422041,false,applicable,,kmeans,scenario=SRPI|source_lineage=srpi-200|terminal=T_OPO|phase=A,value_pu,standard_scaler_fit_on_calibration_group,calibration_distance_percentile_99,42,2,all_observations,"kmeans|feature=value_pu|groups=scenario,source_lineage,terminal,phase|scale=standard|clusters=2|seed=42|threshold=p99",200,0,0.000767672046917689,3.0,false,applicable,,dbscan,scenario=SRPI|source_lineage=srpi-200|terminal=T_OPO|phase=A,value_pu,standard_scaler_fit_on_calibration_group,explicit_effective_eps,explicit_effective_eps,all_observations,"dbscan|feature=value_pu|groups=scenario,source_lineage,terminal,phase|scale=standard|min_samples=2|eps=3.0",200,3.0,2,1,0,0.0,0,0,3,false,false,""
case.lis,130,T_MAN,A,1.1911607515287062,0.02472,-134216.42,SRPI,200,srpi-200,112677.0,absolute_phase_to_ground_maximum,1.6579768140784057,rejected,non_applicable,,Gaussian adequacy status: rejected.,1.2431039608793277,0.06948989589712162,-0.5041763532233862,3.5,false,applicable,,0,0.20998040797390438,1.4646167600081432,false,applicable,,kmeans,scenario=SRPI|source_lineage=srpi-200|terminal=T_MAN|phase=A,value_pu,standard_scaler_fit_on_calibration_group,calibration_distance_percentile_99,42,2,all_observations,"kmeans|feature=value_pu|groups=scenario,source_lineage,terminal,phase|scale=standard|clusters=2|seed=42|threshold=p99",200,0,0.002190397753047524,3.0,false,applicable,,dbscan,scenario=SRPI|source_lineage=srpi-200|terminal=T_MAN|phase=A,value_pu,standard_scaler_fit_on_calibration_group,explicit_effective_eps,explicit_effective_eps,all_observations,"dbscan|feature=value_pu|groups=scenario,source_lineage,terminal,phase|scale=standard|min_samples=2|eps=3.0",200,3.0,2,1,0,0.0,0,0,3,false,false,""
case.lis,130,1_2LT,A,1.584972709603557,0.0246,-178589.97,SRPI,200,srpi-200,112677.0,absolute_phase_to_ground_maximum,2.4232717330313314,rejected,non_applicable,,Gaussian adequacy status: rejected.,1.7070286305102194,0.18248979827293954,-0.4511236703717424,3.5,false,applicable,,0,0.643626434777113,1.2079243785947944,false,applicable,,kmeans,scenario=SRPI|source_lineage=srpi-200|terminal=1_2LT|phase=A,value_pu,standard_scaler_fit_on_calibration_group,calibration_distance_percentile_99,42,2,all_observations,"kmeans|feature=value_pu|groups=scenario,source_lineage,terminal,phase|scale=standard|clusters=2|seed=42|threshold=p99",200,0,0.0024724677622750546,3.0,false,applicable,,dbscan,scenario=SRPI|source_lineage=srpi-200|terminal=1_2LT|phase=A,value_pu,standard_scaler_fit_on_calibration_group,explicit_effective_eps,explicit_effective_eps,all_observations,"dbscan|feature=value_pu|groups=scenario,source_lineage,terminal,phase|scale=standard|min_samples=2|eps=3.0",200,3.0,2,1,0,0.0,0,0,3,false,false,""
case.lis,130,T_OPO,A,1.762922956770237,0.02317,-198640.87,SRPI,200,srpi-200,112677.0,absolute_phase_to_ground_maximum,2.1517703848351477,rejected,non_applicable,,Gaussian adequacy status: rejected.,1.7540467575459056,0.052284552304374454,0.11450619989355845,3.5,false,applicable,,1,0.021372463433339872,1.7893062664422041,false,applicable,,kmeans,scenario=SRPI|source_lineage=srpi-200|terminal=T_OPO|phase=A,value_pu,standard_scaler_fit_on_calibration_group,calibration_distance_percentile_99,42,2,all_observations,"kmeans|feature=value_pu|groups=scenario,source_lineage,terminal,phase|scale=standard|clusters=2|seed=42|threshold=p99",200,0,0.0009523489802887308,3.0,false,applicable,,dbscan,scenario=SRPI|source_lineage=srpi-200|terminal=T_OPO|phase=A,value_pu,standard_scaler_fit_on_calibration_group,explicit_effective_eps,explicit_effective_eps,all_observations,"dbscan|feature=value_pu|groups=scenario,source_lineage,terminal,phase|scale=standard|min_samples=2|eps=3.0",200,3.0,2,1,0,0.0,0,0,3,false,false,""
case.lis,131,T_MAN,A,1.441131020527703,0.02417,-162382.32,SRPI,200,srpi-200,112677.0,absolute_phase_to_ground_maximum,1.6579768140784057,rejected,non_applicable,,Gaussian adequacy status: rejected.,1.2431039608793277,0.06948989589712162,1.9221099739743572,3.5,false,applicable,,1,0.15262886542102128,1.4646167600081432,false,applicable,,kmeans,scenario=SRPI|source_lineage=srpi-200|terminal=T_MAN|phase=A,value_pu,standard_scaler_fit_on_calibration_group,calibration_distance_percentile_99,42,2,all_observations,"kmeans|feature=value_pu|groups=scenario,source_lineage,terminal,phase|scale=standard|clusters=2|seed=42|threshold=p99",200,0,0.011462564416630405,3.0,false,applicable,,dbscan,scenario=SRPI|source_lineage=srpi-200|terminal=T_MAN|phase=A,value_pu,standard_scaler_fit_on_calibration_group,explicit_effective_eps,explicit_effective_eps,all_observations,"dbscan|feature=value_pu|groups=scenario,source_lineage,terminal,phase|scale=standard|min_samples=2|eps=3.0",200,3.0,2,1,0,0.0,0,0,3,false,false,""
case.lis,131,1_2LT,A,1.9853706612707118,0.02419,-223705.61,SRPI,200,srpi-200,112677.0,absolute_phase_to_ground_maximum,2.4232717330313314,rejected,non_applicable,,Gaussian adequacy status: rejected.,1.7070286305102194,0.18248979827293954,1.0287635175963339,3.5,false,applicable,,1,0.5219894110555703,1.2079243785947944,false,applicable,,kmeans,scenario=SRPI|source_lineage=srpi-200|terminal=1_2LT|phase=A,value_pu,standard_scaler_fit_on_calibration_group,calibration_distance_percentile_99,42,2,all_observations,"kmeans|feature=value_pu|groups=scenario,source_lineage,terminal,phase|scale=standard|clusters=2|seed=42|threshold=p99",200,0,0.004363936009871283,3.0,false,applicable,,dbscan,scenario=SRPI|source_lineage=srpi-200|terminal=1_2LT|phase=A,value_pu,standard_scaler_fit_on_calibration_group,explicit_effective_eps,explicit_effective_eps,all_observations,"dbscan|feature=value_pu|groups=scenario,source_lineage,terminal,phase|scale=standard|min_samples=2|eps=3.0",200,3.0,2,1,0,0.0,0,0,3,false,false,""
case.lis,131,T_OPO,A,1.8231841458327787,0.02439,-205430.92,SRPI,200,srpi-200,112677.0,absolute_phase_to_ground_maximum,2.1517703848351477,rejected,non_applicable,,Gaussian adequacy status: rejected.,1.7540467575459056,0.052284552304374454,0.8918974668340228,3.5,false,applicable,,1,0.37836155360442,1.7893062664422041,false,applicable,,kmeans,scenario=SRPI|source_lineage=srpi-200|terminal=T_OPO|phase=A,value_pu,standard_scaler_fit_on_calibration_group,calibration_distance_percentile_99,42,2,all_observations,"kmeans|feature=value_pu|groups=scenario,source_lineage,terminal,phase|scale=standard|clusters=2|seed=42|threshold=p99",200,0,0.00961886010320967,3.0,false,applicable,,dbscan,scenario=SRPI|source_lineage=srpi-200|terminal=T_OPO|phase=A,value_pu,standard_scaler_fit_on_calibration_group,explicit_effective_eps,explicit_effective_eps,all_observations,"dbscan|feature=value_pu|groups=scenario,source_lineage,terminal,phase|scale=standard|min_samples=2|eps=3.0",200,3.0,2,1,0,0.0,0,0,3,false,false,""
case.lis,132,T_MAN,A,1.2406081986563364,0.04125,-139788.01,SRPI,200,srpi-200,112677.0,absolute_phase_to_ground_maximum,1.6579768140784057,rejected,non_applicable,,Gaussian adequacy status: rejected.,1.2431039608793277,0.06948989589712162,-0.0242246159186425,3.5,false,applicable,,0,0.18293646958273296,1.4646167600081432,false,applicable,,kmeans,scenario=SRPI|source_lineage=srpi-200|terminal=T_MAN|phase=A,value_pu,standard_scaler_fit_on_calibration_group,calibration_distance_percentile_99,42,2,all_observations,"kmeans|feature=value_pu|groups=scenario,source_lineage,terminal,phase|scale=standard|clusters=2|seed=42|threshold=p99",200,0,0.00134061369238625,3.0,false,applicable,,dbscan,scenario=SRPI|source_lineage=srpi-200|terminal=T_MAN|phase=A,value_pu,standard_scaler_fit_on_calibration_group,explicit_effective_eps,explicit_effective_eps,all_observations,"dbscan|feature=value_pu|groups=scenario,source_lineage,terminal,phase|scale=standard|min_samples=2|eps=3.0",200,3.0,2,1,0,0.0,0,0,3,false,false,""
case.lis,132,1_2LT,A,1.716884475092521,0.03534,193453.392,SRPI,200,srpi-200,112677.0,absolute_phase_to_ground_maximum,2.4232717330313314,rejected,non_applicable,,Gaussian adequacy status: rejected.,1.7070286305102194,0.18248979827293954,0.03642760424528212,3.5,false,applicable,,1,0.5603088633228612,1.2079243785947944,false,applicable,,kmeans,scenario=SRPI|source_lineage=srpi-200|terminal=1_2LT|phase=A,value_pu,standard_scaler_fit_on_calibration_group,calibration_distance_percentile_99,42,2,all_observations,"kmeans|feature=value_pu|groups=scenario,source_lineage,terminal,phase|scale=standard|clusters=2|seed=42|threshold=p99",200,0,0.002531784092037276,3.0,false,applicable,,dbscan,scenario=SRPI|source_lineage=srpi-200|terminal=1_2LT|phase=A,value_pu,standard_scaler_fit_on_calibration_group,explicit_effective_eps,explicit_effective_eps,all_observations,"dbscan|feature=value_pu|groups=scenario,source_lineage,terminal,phase|scale=standard|min_samples=2|eps=3.0",200,3.0,2,1,0,0.0,0,0,3,false,false,""
case.lis,132,T_OPO,A,1.7206009567169875,0.03549,193872.154,SRPI,200,srpi-200,112677.0,absolute_phase_to_ground_maximum,2.1517703848351477,rejected,non_applicable,,Gaussian adequacy status: rejected.,1.7540467575459056,0.052284552304374454,-0.43146300105772156,3.5,false,applicable,,1,0.3021094245444106,1.7893062664422041,false,applicable,,kmeans,scenario=SRPI|source_lineage=srpi-200|terminal=T_OPO|phase=A,value_pu,standard_scaler_fit_on_calibration_group,calibration_distance_percentile_99,42,2,all_observations,"kmeans|feature=value_pu|groups=scenario,source_lineage,terminal,phase|scale=standard|clusters=2|seed=42|threshold=p99",200,0,0.032372447639845356,3.0,false,applicable,,dbscan,scenario=SRPI|source_lineage=srpi-200|terminal=T_OPO|phase=A,value_pu,standard_scaler_fit_on_calibration_group,explicit_effective_eps,explicit_effective_eps,all_observations,"dbscan|feature=value_pu|groups=scenario,source_lineage,terminal,phase|scale=standard|min_samples=2|eps=3.0",200,3.0,2,1,0,0.0,0,0,3,false,false,""
case.lis,133,T_MAN,A,1.2646673234111665,0.04122,-142498.92,SRPI,200,srpi-200,112677.0,absolute_phase_to_ground_maximum,1.6579768140784057,rejected,non_applicable,,Gaussian adequacy status: rejected.,1.2431039608793277,0.06948989589712162,0.2093004575660895,3.5,false,applicable,,0,0.3741139059226395,1.4646167600081432,false,applicable,,kmeans,scenario=SRPI|source_lineage=srpi-200|terminal=T_MAN|phase=A,value_pu,standard_scaler_fit_on_calibration_group,calibration_distance_percentile_99,42,2,all_observations,"kmeans|feature=value_pu|groups=scenario,source_lineage,terminal,phase|scale=standard|clusters=2|seed=42|threshold=p99",200,0,0.011777513430317701,3.0,false,applicable,,dbscan,scenario=SRPI|source_lineage=srpi-200|terminal=T_MAN|phase=A,value_pu,standard_scaler_fit_on_calibration_group,explicit_effective_eps,explicit_effective_eps,all_observations,"dbscan|feature=value_pu|groups=scenario,source_lineage,terminal,phase|scale=standard|min_samples=2|eps=3.0",200,3.0,2,1,0,0.0,0,0,3,false,false,""
case.lis,133,1_2LT,A,1.812067609183773,0.03536,204178.342,SRPI,200,srpi-200,112677.0,absolute_phase_to_ground_maximum,2.4232717330313314,rejected,non_applicable,,Gaussian adequacy status: rejected.,1.7070286305102194,0.18248979827293954,0.3882283566362101,3.5,false,applicable,,1,0.17661485193516824,1.2079243785947944,false,applicable,,kmeans,scenario=SRPI|source_lineage=srpi-200|terminal=1_2LT|phase=A,value_pu,standard_scaler_fit_on_calibration_group,calibration_distance_percentile_99,42,2,all_observations,"kmeans|feature=value_pu|groups=scenario,source_lineage,terminal,phase|scale=standard|clusters=2|seed=42|threshold=p99",200,0,0.009162476829121191,3.0,false,applicable,,dbscan,scenario=SRPI|source_lineage=srpi-200|terminal=1_2LT|phase=A,value_pu,standard_scaler_fit_on_calibration_group,explicit_effective_eps,explicit_effective_eps,all_observations,"dbscan|feature=value_pu|groups=scenario,source_lineage,terminal,phase|scale=standard|min_samples=2|eps=3.0",200,3.0,2,1,0,0.0,0,0,3,false,false,""
case.lis,133,T_OPO,A,1.7256644568101742,0.03551,194442.694,SRPI,200,srpi-200,112677.0,absolute_phase_to_ground_maximum,2.1517703848351477,rejected,non_applicable,,Gaussian adequacy status: rejected.,1.7540467575459056,0.052284552304374454,-0.3661420073330498,3.5,false,applicable,,1,0.2685214176695391,1.7893062664422041,false,applicable,,kmeans,scenario=SRPI|source_lineage=srpi-200|terminal=T_OPO|phase=A,value_pu,standard_scaler_fit_on_calibration_group,calibration_distance_percentile_99,42,2,all_observations,"kmeans|feature=value_pu|groups=scenario,source_lineage,terminal,phase|scale=standard|clusters=2|seed=42|threshold=p99",200,0,0.00034227341110174003,3.0,false,applicable,,dbscan,scenario=SRPI|source_lineage=srpi-200|terminal=T_OPO|phase=A,value_pu,standard_scaler_fit_on_calibration_group,explicit_effective_eps,explicit_effective_eps,all_observations,"dbscan|feature=value_pu|groups=scenario,source_lineage,terminal,phase|scale=standard|min_samples=2|eps=3.0",200,3.0,2,1,0,0.0,0,0,3,false,false,""
case.lis,134,T_MAN,A,1.1914364067200938,0.02438,-134247.48,SRPI,200,srpi-200,112677.0,absolute_phase_to_ground_maximum,1.6579768140784057,rejected,non_applicable,,Gaussian adequacy status: rejected.,1.2431039608793277,0.06948989589712162,-0.5015007613437473,3.5,false,applicable,,0,0.20779001022085686,1.4646167600081432,false,applicable,,kmeans,scenario=SRPI|source_lineage=srpi-200|terminal=T_MAN|phase=A,value_pu,standard_scaler_fit_on_calibration_group,calibration_distance_percentile_99,42,2,all_observations,"kmeans|feature=value_pu|groups=scenario,source_lineage,terminal,phase|scale=standard|clusters=2|seed=42|threshold=p99",200,0,0.002190397753047524,3.0,false,applicable,,dbscan,scenario=SRPI|source_lineage=srpi-200|terminal=T_MAN|phase=A,value_pu,standard_scaler_fit_on_calibration_group,explicit_effective_eps,explicit_effective_eps,all_observations,"dbscan|feature=value_pu|groups=scenario,source_lineage,terminal,phase|scale=standard|min_samples=2|eps=3.0",200,3.0,2,1,0,0.0,0,0,3,false,false,""
case.lis,134,1_2LT,A,1.5479571696087047,0.02434,-174419.17,SRPI,200,srpi-200,112677.0,absolute_phase_to_ground_maximum,2.4232717330313314,rejected,non_applicable,,Gaussian adequacy status: rejected.,1.7070286305102194,0.18248979827293954,-0.587934618494771,3.5,false,applicable,,0,0.49441259390179126,1.2079243785947944,false,applicable,,kmeans,scenario=SRPI|source_lineage=srpi-200|terminal=1_2LT|phase=A,value_pu,standard_scaler_fit_on_calibration_group,calibration_distance_percentile_99,42,2,all_observations,"kmeans|feature=value_pu|groups=scenario,source_lineage,terminal,phase|scale=standard|clusters=2|seed=42|threshold=p99",200,0,0.0016202874396382683,3.0,false,applicable,,dbscan,scenario=SRPI|source_lineage=srpi-200|terminal=1_2LT|phase=A,value_pu,standard_scaler_fit_on_calibration_group,explicit_effective_eps,explicit_effective_eps,all_observations,"dbscan|feature=value_pu|groups=scenario,source_lineage,terminal,phase|scale=standard|min_samples=2|eps=3.0",200,3.0,2,1,0,0.0,0,0,3,false,false,""
case.lis,134,T_OPO,A,1.7256128579923145,0.02417,-194436.88,SRPI,200,srpi-200,112677.0,absolute_phase_to_ground_maximum,2.1517703848351477,rejected,non_applicable,,Gaussian adequacy status: rejected.,1.7540467575459056,0.052284552304374454,-0.36680765085938316,3.5,false,applicable,,1,0.2688636910806408,1.7893062664422041,false,applicable,,kmeans,scenario=SRPI|source_lineage=srpi-200|terminal=T_OPO|phase=A,value_pu,standard_scaler_fit_on_calibration_group,calibration_distance_percentile_99,42,2,all_observations,"kmeans|feature=value_pu|groups=scenario,source_lineage,terminal,phase|scale=standard|clusters=2|seed=42|threshold=p99",200,0,0.00034227341110174003,3.0,false,applicable,,dbscan,scenario=SRPI|source_lineage=srpi-200|terminal=T_OPO|phase=A,value_pu,standard_scaler_fit_on_calibration_group,explicit_effective_eps,explicit_effective_eps,all_observations,"dbscan|feature=value_pu|groups=scenario,source_lineage,terminal,phase|scale=standard|min_samples=2|eps=3.0",200,3.0,2,1,0,0.0,0,0,3,false,false,""
case.lis,135,T_MAN,A,1.1331750934085927,0.04177,-127682.77,SRPI,200,srpi-200,112677.0,absolute_phase_to_ground_maximum,1.6579768140784057,rejected,non_applicable,,Gaussian adequacy status: rejected.,1.2431039608793277,0.06948989589712162,-1.0670025246468313,3.5,false,applicable,,0,0.6707431986760083,1.4646167600081432,false,applicable,,kmeans,scenario=SRPI|source_lineage=srpi-200|terminal=T_MAN|phase=A,value_pu,standard_scaler_fit_on_calibration_group,calibration_distance_percentile_99,42,2,all_observations,"kmeans|feature=value_pu|groups=scenario,source_lineage,terminal,phase|scale=standard|clusters=2|seed=42|threshold=p99",200,0,0.02674139974138212,3.0,false,applicable,,dbscan,scenario=SRPI|source_lineage=srpi-200|terminal=T_MAN|phase=A,value_pu,standard_scaler_fit_on_calibration_group,explicit_effective_eps,explicit_effective_eps,all_observations,"dbscan|feature=value_pu|groups=scenario,source_lineage,terminal,phase|scale=standard|min_samples=2|eps=3.0",200,3.0,2,1,0,0.0,0,0,3,false,false,""
case.lis,135,1_2LT,A,1.512178794252598,0.04191,-170387.77,SRPI,200,srpi-200,112677.0,absolute_phase_to_ground_maximum,2.4232717330313314,rejected,non_applicable,,Gaussian adequacy status: rejected.,1.7070286305102194,0.18248979827293954,-0.720172955567559,3.5,false,applicable,,0,0.3501859040329939,1.2079243785947944,false,applicable,,kmeans,scenario=SRPI|source_lineage=srpi-200|terminal=1_2LT|phase=A,value_pu,standard_scaler_fit_on_calibration_group,calibration_distance_percentile_99,42,2,all_observations,"kmeans|feature=value_pu|groups=scenario,source_lineage,terminal,phase|scale=standard|clusters=2|seed=42|threshold=p99",200,0,0.0013594100713476553,3.0,false,applicable,,dbscan,scenario=SRPI|source_lineage=srpi-200|terminal=1_2LT|phase=A,value_pu,standard_scaler_fit_on_calibration_group,explicit_effective_eps,explicit_effective_eps,all_observations,"dbscan|feature=value_pu|groups=scenario,source_lineage,terminal,phase|scale=standard|min_samples=2|eps=3.0",200,3.0,2,1,0,0.0,0,0,3,false,false,""
case.lis,135,T_OPO,A,1.5290068958172476,0.04185,-172283.91,SRPI,200,srpi-200,112677.0,absolute_phase_to_ground_maximum,2.1517703848351477,rejected,non_applicable,,Gaussian adequacy status: rejected.,1.7540467575459056,0.052284552304374454,-2.903096104522326,3.5,false,applicable,,0,0.5676294163174243,1.7893062664422041,false,applicable,,kmeans,scenario=SRPI|source_lineage=srpi-200|terminal=T_OPO|phase=A,value_pu,standard_scaler_fit_on_calibration_group,calibration_distance_percentile_99,42,2,all_observations,"kmeans|feature=value_pu|groups=scenario,source_lineage,terminal,phase|scale=standard|clusters=2|seed=42|threshold=p99",200,0,0.00619141634772391,3.0,false,applicable,,dbscan,scenario=SRPI|source_lineage=srpi-200|terminal=T_OPO|phase=A,value_pu,standard_scaler_fit_on_calibration_group,explicit_effective_eps,explicit_effective_eps,all_observations,"dbscan|feature=value_pu|groups=scenario,source_lineage,terminal,phase|scale=standard|min_samples=2|eps=3.0",200,3.0,2,1,0,0.0,0,0,3,false,false,""
case.lis,136,T_MAN,A,1.4669020296955013,0.02529,-165286.12,SRPI,200,srpi-200,112677.0,absolute_phase_to_ground_maximum,1.6579768140784057,rejected,non_applicable,,Gaussian adequacy status: rejected.,1.2431039608793277,0.06948989589712162,2.1722511104875464,3.5,false,applicable,,1,0.052151462824410855,1.4646167600081432,false,applicable,,kmeans,scenario=SRPI|source_lineage=srpi-200|terminal=T_MAN|phase=A,value_pu,standard_scaler_fit_on_calibration_group,calibration_distance_percentile_99,42,2,all_observations,"kmeans|feature=value_pu|groups=scenario,source_lineage,terminal,phase|scale=standard|clusters=2|seed=42|threshold=p99",200,0,0.01313674479838789,3.0,false,applicable,,dbscan,scenario=SRPI|source_lineage=srpi-200|terminal=T_MAN|phase=A,value_pu,standard_scaler_fit_on_calibration_group,explicit_effective_eps,explicit_effective_eps,all_observations,"dbscan|feature=value_pu|groups=scenario,source_lineage,terminal,phase|scale=standard|min_samples=2|eps=3.0",200,3.0,2,1,0,0.0,0,0,3,false,false,""
case.lis,136,1_2LT,A,1.958378462330378,0.02541,-220664.21,SRPI,200,srpi-200,112677.0,absolute_phase_to_ground_maximum,2.4232717330313314,rejected,non_applicable,,Gaussian adequacy status: rejected.,1.7070286305102194,0.18248979827293954,0.9289992475231151,3.5,false,applicable,,1,0.413180795049479,1.2079243785947944,false,applicable,,kmeans,scenario=SRPI|source_lineage=srpi-200|terminal=1_2LT|phase=A,value_pu,standard_scaler_fit_on_calibration_group,calibration_distance_percentile_99,42,2,all_observations,"kmeans|feature=value_pu|groups=scenario,source_lineage,terminal,phase|scale=standard|clusters=2|seed=42|threshold=p99",200,0,0.000133443854048787,3.0,false,applicable,,dbscan,scenario=SRPI|source_lineage=srpi-200|terminal=1_2LT|phase=A,value_pu,standard_scaler_fit_on_calibration_group,explicit_effective_eps,explicit_effective_eps,all_observations,"dbscan|feature=value_pu|groups=scenario,source_lineage,terminal,phase|scale=standard|min_samples=2|eps=3.0",200,3.0,2,1,0,0.0,0,0,3,false,false,""
case.lis,136,T_OPO,A,1.8054358919744047,0.02521,-203431.1,SRPI,200,srpi-200,112677.0,absolute_phase_to_ground_maximum,2.1517703848351477,rejected,non_applicable,,Gaussian adequacy status: rejected.,1.7540467575459056,0.052284552304374454,0.6629385337697774,3.5,false,applicable,,1,0.2606310388140351,1.7893062664422041,false,applicable,,kmeans,scenario=SRPI|source_lineage=srpi-200|terminal=T_OPO|phase=A,value_pu,standard_scaler_fit_on_calibration_group,calibration_distance_percentile_99,42,2,all_observations,"kmeans|feature=value_pu|groups=scenario,source_lineage,terminal,phase|scale=standard|clusters=2|seed=42|threshold=p99",200,0,0.00224179076277764,3.0,false,applicable,,dbscan,scenario=SRPI|source_lineage=srpi-200|terminal=T_OPO|phase=A,value_pu,standard_scaler_fit_on_calibration_group,explicit_effective_eps,explicit_effective_eps,all_observations,"dbscan|feature=value_pu|groups=scenario,source_lineage,terminal,phase|scale=standard|min_samples=2|eps=3.0",200,3.0,2,1,0,0.0,0,0,3,false,false,""
case.lis,137,T_MAN,A,1.4840719933970552,0.02419,-167220.78,SRPI,200,srpi-200,112677.0,absolute_phase_to_ground_maximum,1.6579768140784057,rejected,non_applicable,,Gaussian adequacy status: rejected.,1.2431039608793277,0.06948989589712162,2.338907922653192,3.5,false,applicable,,1,0.18858658571279974,1.4646167600081432,false,applicable,,kmeans,scenario=SRPI|source_lineage=srpi-200|terminal=T_MAN|phase=A,value_pu,standard_scaler_fit_on_calibration_group,calibration_distance_percentile_99,42,2,all_observations,"kmeans|feature=value_pu|groups=scenario,source_lineage,terminal,phase|scale=standard|clusters=2|seed=42|threshold=p99",200,0,0.00006600812288515279,3.0,false,applicable,,dbscan,scenario=SRPI|source_lineage=srpi-200|terminal=T_MAN|phase=A,value_pu,standard_scaler_fit_on_calibration_group,explicit_effective_eps,explicit_effective_eps,all_observations,"dbscan|feature=value_pu|groups=scenario,source_lineage,terminal,phase|scale=standard|min_samples=2|eps=3.0",200,3.0,2,1,0,0.0,0,0,3,false,false,""
case.lis,137,1_2LT,A,2.0055928894095514,0.02422,-225984.19,SRPI,200,srpi-200,112677.0,absolute_phase_to_ground_maximum,2.4232717330313314,rejected,non_applicable,,Gaussian adequacy status: rejected.,1.7070286305102194,0.18248979827293954,1.1035056989941892,3.5,false,applicable,,1,0.6035075067546438,1.2079243785947944,false,applicable,,kmeans,scenario=SRPI|source_lineage=srpi-200|terminal=1_2LT|phase=A,value_pu,standard_scaler_fit_on_calibration_group,calibration_distance_percentile_99,42,2,all_observations,"kmeans|feature=value_pu|groups=scenario,source_lineage,terminal,phase|scale=standard|clusters=2|seed=42|threshold=p99",200,0,0.002054963800680598,3.0,false,applicable,,dbscan,scenario=SRPI|source_lineage=srpi-200|terminal=1_2LT|phase=A,value_pu,standard_scaler_fit_on_calibration_group,explicit_effective_eps,explicit_effective_eps,all_observations,"dbscan|feature=value_pu|groups=scenario,source_lineage,terminal,phase|scale=standard|min_samples=2|eps=3.0",200,3.0,2,1,0,0.0,0,0,3,false,false,""
case.lis,137,T_OPO,A,1.810470193562129,0.02438,-203998.35,SRPI,200,srpi-200,112677.0,absolute_phase_to_ground_maximum,2.1517703848351477,rejected,non_applicable,,Gaussian adequacy status: rejected.,1.7540467575459056,0.052284552304374454,0.7278828561491396,3.5,false,applicable,,1,0.294025361560506,1.7893062664422041,false,applicable,,kmeans,scenario=SRPI|source_lineage=srpi-200|terminal=T_OPO|phase=A,value_pu,standard_scaler_fit_on_calibration_group,calibration_distance_percentile_99,42,2,all_observations,"kmeans|feature=value_pu|groups=scenario,source_lineage,terminal,phase|scale=standard|clusters=2|seed=42|threshold=p99",200,0,0.00022253070071676095,3.0,false,applicable,,dbscan,scenario=SRPI|source_lineage=srpi-200|terminal=T_OPO|phase=A,value_pu,standard_scaler_fit_on_calibration_group,explicit_effective_eps,explicit_effective_eps,all_observations,"dbscan|feature=value_pu|groups=scenario,source_lineage,terminal,phase|scale=standard|min_samples=2|eps=3.0",200,3.0,2,1,0,0.0,0,0,3,false,false,""
case.lis,138,T_MAN,A,1.2105415479645358,0.0244,-136400.19,SRPI,200,srpi-200,112677.0,absolute_phase_to_ground_maximum,1.6579768140784057,rejected,non_applicable,,Gaussian adequacy status: rejected.,1.2431039608793277,0.06948989589712162,-0.3160605361273737,3.5,false,applicable,,0,0.055977674516874854,1.4646167600081432,false,applicable,,kmeans,scenario=SRPI|source_lineage=srpi-200|terminal=T_MAN|phase=A,value_pu,standard_scaler_fit_on_calibration_group,calibration_distance_percentile_99,42,2,all_observations,"kmeans|feature=value_pu|groups=scenario,source_lineage,terminal,phase|scale=standard|clusters=2|seed=42|threshold=p99",200,0,0.0007242557927821247,3.0,false,applicable,,dbscan,scenario=SRPI|source_lineage=srpi-200|terminal=T_MAN|phase=A,value_pu,standard_scaler_fit_on_calibration_group,explicit_effective_eps,explicit_effective_eps,all_observations,"dbscan|feature=value_pu|groups=scenario,source_lineage,terminal,phase|scale=standard|min_samples=2|eps=3.0",200,3.0,2,1,0,0.0,0,0,3,false,false,""
case.lis,138,1_2LT,A,1.6993659753099568,0.0245,-191479.46,SRPI,200,srpi-200,112677.0,absolute_phase_to_ground_maximum,2.4232717330313314,rejected,non_applicable,,Gaussian adequacy status: rejected.,1.7070286305102194,0.18248979827293954,-0.02832148668460764,3.5,false,applicable,,1,0.6309279232985743,1.2079243785947944,false,applicable,,kmeans,scenario=SRPI|source_lineage=srpi-200|terminal=1_2LT|phase=A,value_pu,standard_scaler_fit_on_calibration_group,calibration_distance_percentile_99,42,2,all_observations,"kmeans|feature=value_pu|groups=scenario,source_lineage,terminal,phase|scale=standard|clusters=2|seed=42|threshold=p99",200,0,0.016976419439876808,3.0,false,applicable,,dbscan,scenario=SRPI|source_lineage=srpi-200|terminal=1_2LT|phase=A,value_pu,standard_scaler_fit_on_calibration_group,explicit_effective_eps,explicit_effective_eps,all_observations,"dbscan|feature=value_pu|groups=scenario,source_lineage,terminal,phase|scale=standard|min_samples=2|eps=3.0",200,3.0,2,1,0,0.0,0,0,3,false,false,""
case.lis,138,T_OPO,A,1.7411759276516061,0.02465,-196190.48,SRPI,200,srpi-200,112677.0,absolute_phase_to_ground_maximum,2.1517703848351477,rejected,non_applicable,,Gaussian adequacy status: rejected.,1.7540467575459056,0.052284552304374454,-0.16603838911509552,3.5,false,applicable,,1,0.16562828452584127,1.7893062664422041,false,applicable,,kmeans,scenario=SRPI|source_lineage=srpi-200|terminal=T_OPO|phase=A,value_pu,standard_scaler_fit_on_calibration_group,calibration_distance_percentile_99,42,2,all_observations,"kmeans|feature=value_pu|groups=scenario,source_lineage,terminal,phase|scale=standard|clusters=2|seed=42|threshold=p99",200,0,0.002637047674049431,3.0,false,applicable,,dbscan,scenario=SRPI|source_lineage=srpi-200|terminal=T_OPO|phase=A,value_pu,standard_scaler_fit_on_calibration_group,explicit_effective_eps,explicit_effective_eps,all_observations,"dbscan|feature=value_pu|groups=scenario,source_lineage,terminal,phase|scale=standard|min_samples=2|eps=3.0",200,3.0,2,1,0,0.0,0,0,3,false,false,""
case.lis,139,T_MAN,A,1.2413525741721911,0.03446,139871.884,SRPI,200,srpi-200,112677.0,absolute_phase_to_ground_maximum,1.6579768140784057,rejected,non_applicable,,Gaussian adequacy status: rejected.,1.2431039608793277,0.06948989589712162,-0.016999484131364623,3.5,false,applicable,,0,0.18885138977394772,1.4646167600081432,false,applicable,,kmeans,scenario=SRPI|source_lineage=srpi-200|terminal=T_MAN|phase=A,value_pu,standard_scaler_fit_on_calibration_group,calibration_distance_percentile_99,42,2,all_observations,"kmeans|feature=value_pu|groups=scenario,source_lineage,terminal,phase|scale=standard|clusters=2|seed=42|threshold=p99",200,0,0.0005531706366658229,3.0,false,applicable,,dbscan,scenario=SRPI|source_lineage=srpi-200|terminal=T_MAN|phase=A,value_pu,standard_scaler_fit_on_calibration_group,explicit_effective_eps,explicit_effective_eps,all_observations,"dbscan|feature=value_pu|groups=scenario,source_lineage,terminal,phase|scale=standard|min_samples=2|eps=3.0",200,3.0,2,1,0,0.0,0,0,3,false,false,""
case.lis,139,1_2LT,A,1.8647903742556156,0.03459,210118.985,SRPI,200,srpi-200,112677.0,absolute_phase_to_ground_maximum,2.4232717330313314,rejected,non_applicable,,Gaussian adequacy status: rejected.,1.7070286305102194,0.18248979827293954,0.5830938503761244,3.5,false,applicable,,1,0.03591659510115486,1.2079243785947944,false,applicable,,kmeans,scenario=SRPI|source_lineage=srpi-200|terminal=1_2LT|phase=A,value_pu,standard_scaler_fit_on_calibration_group,calibration_distance_percentile_99,42,2,all_observations,"kmeans|feature=value_pu|groups=scenario,source_lineage,terminal,phase|scale=standard|clusters=2|seed=42|threshold=p99",200,0,0.0009400099906488046,3.0,false,applicable,,dbscan,scenario=SRPI|source_lineage=srpi-200|terminal=1_2LT|phase=A,value_pu,standard_scaler_fit_on_calibration_group,explicit_effective_eps,explicit_effective_eps,all_observations,"dbscan|feature=value_pu|groups=scenario,source_lineage,terminal,phase|scale=standard|min_samples=2|eps=3.0",200,3.0,2,1,0,0.0,0,0,3,false,false,""
case.lis,139,T_OPO,A,1.775865127754555,0.03474,200099.155,SRPI,200,srpi-200,112677.0,absolute_phase_to_ground_maximum,2.1517703848351477,rejected,non_applicable,,Gaussian adequacy status: rejected.,1.7540467575459056,0.052284552304374454,0.2814649150297174,3.5,false,applicable,,1,0.06447758495156303,1.7893062664422041,false,applicable,,kmeans,scenario=SRPI|source_lineage=srpi-200|terminal=T_OPO|phase=A,value_pu,standard_scaler_fit_on_calibration_group,calibration_distance_percentile_99,42,2,all_observations,"kmeans|feature=value_pu|groups=scenario,source_lineage,terminal,phase|scale=standard|clusters=2|seed=42|threshold=p99",200,0,0.008296333068393169,3.0,false,applicable,,dbscan,scenario=SRPI|source_lineage=srpi-200|terminal=T_OPO|phase=A,value_pu,standard_scaler_fit_on_calibration_group,explicit_effective_eps,explicit_effective_eps,all_observations,"dbscan|feature=value_pu|groups=scenario,source_lineage,terminal,phase|scale=standard|min_samples=2|eps=3.0",200,3.0,2,1,0,0.0,0,0,3,false,false,""
case.lis,140,T_MAN,A,1.2364060100996652,0.0409,-139314.52,SRPI,200,srpi-200,112677.0,absolute_phase_to_ground_maximum,1.6579768140784057,rejected,non_applicable,,Gaussian adequacy status: rejected.,1.2431039608793277,0.06948989589712162,-0.06501231711281563,3.5,false,applicable,,0,0.14954524511102768,1.4646167600081432,false,applicable,,kmeans,scenario=SRPI|source_lineage=srpi-200|terminal=T_MAN|phase=A,value_pu,standard_scaler_fit_on_calibration_group,calibration_distance_percentile_99,42,2,all_observations,"kmeans|feature=value_pu|groups=scenario,source_lineage,terminal,phase|scale=standard|clusters=2|seed=42|threshold=p99",200,0,0.013911070855327612,3.0,false,applicable,,dbscan,scenario=SRPI|source_lineage=srpi-200|terminal=T_MAN|phase=A,value_pu,standard_scaler_fit_on_calibration_group,explicit_effective_eps,explicit_effective_eps,all_observations,"dbscan|feature=value_pu|groups=scenario,source_lineage,terminal,phase|scale=standard|min_samples=2|eps=3.0",200,3.0,2,1,0,0.0,0,0,3,false,false,""
case.lis,140,1_2LT,A,1.3039451707091954,0.04085,-146924.63,SRPI,200,srpi-200,112677.0,absolute_phase_to_ground_maximum,2.4232717330313314,rejected,non_applicable,,Gaussian adequacy status: rejected.,1.7070286305102194,0.18248979827293954,-1.4898129357496257,3.5,false,applicable,,0,0.4892274551296141,1.2079243785947944,false,applicable,,kmeans,scenario=SRPI|source_lineage=srpi-200|terminal=1_2LT|phase=A,value_pu,standard_scaler_fit_on_calibration_group,calibration_distance_percentile_99,42,2,all_observations,"kmeans|feature=value_pu|groups=scenario,source_lineage,terminal,phase|scale=standard|clusters=2|seed=42|threshold=p99",200,0,0.006858227029778341,3.0,false,applicable,,dbscan,scenario=SRPI|source_lineage=srpi-200|terminal=1_2LT|phase=A,value_pu,standard_scaler_fit_on_calibration_group,explicit_effective_eps,explicit_effective_eps,all_observations,"dbscan|feature=value_pu|groups=scenario,source_lineage,terminal,phase|scale=standard|min_samples=2|eps=3.0",200,3.0,2,1,0,0.0,0,0,3,false,false,""
case.lis,140,T_OPO,A,1.5074086992021443,0.04207,-169850.29,SRPI,200,srpi-200,112677.0,absolute_phase_to_ground_maximum,2.1517703848351477,rejected,non_applicable,,Gaussian adequacy status: rejected.,1.7540467575459056,0.052284552304374454,-3.1817207000778294,3.5,false,applicable,,0,0.4243608544447679,1.7893062664422041,false,applicable,,kmeans,scenario=SRPI|source_lineage=srpi-200|terminal=T_OPO|phase=A,value_pu,standard_scaler_fit_on_calibration_group,calibration_distance_percentile_99,42,2,all_observations,"kmeans|feature=value_pu|groups=scenario,source_lineage,terminal,phase|scale=standard|clusters=2|seed=42|threshold=p99",200,0,0.01896397212220413,3.0,false,applicable,,dbscan,scenario=SRPI|source_lineage=srpi-200|terminal=T_OPO|phase=A,value_pu,standard_scaler_fit_on_calibration_group,explicit_effective_eps,explicit_effective_eps,all_observations,"dbscan|feature=value_pu|groups=scenario,source_lineage,terminal,phase|scale=standard|min_samples=2|eps=3.0",200,3.0,2,1,0,0.0,0,0,3,false,false,""
case.lis,141,T_MAN,A,1.2897371247015805,0.02426,-145323.71,SRPI,200,srpi-200,112677.0,absolute_phase_to_ground_maximum,1.6579768140784057,rejected,non_applicable,,Gaussian adequacy status: rejected.,1.2431039608793277,0.06948989589712162,0.4526354603249175,3.5,false,applicable,,0,0.5733223305470657,1.4646167600081432,false,applicable,,kmeans,scenario=SRPI|source_lineage=srpi-200|terminal=T_MAN|phase=A,value_pu,standard_scaler_fit_on_calibration_group,calibration_distance_percentile_99,42,2,all_observations,"kmeans|feature=value_pu|groups=scenario,source_lineage,terminal,phase|scale=standard|clusters=2|seed=42|threshold=p99",200,0,0.0018011190796142357,3.0,false,applicable,,dbscan,scenario=SRPI|source_lineage=srpi-200|terminal=T_MAN|phase=A,value_pu,standard_scaler_fit_on_calibration_group,explicit_effective_eps,explicit_effective_eps,all_observations,"dbscan|feature=value_pu|groups=scenario,source_lineage,terminal,phase|scale=standard|min_samples=2|eps=3.0",200,3.0,2,1,0,0.0,0,0,3,false,false,""
case.lis,141,1_2LT,A,1.7274418914241594,0.02423,-194642.97,SRPI,200,srpi-200,112677.0,absolute_phase_to_ground_maximum,2.4232717330313314,rejected,non_applicable,,Gaussian adequacy status: rejected.,1.7070286305102194,0.18248979827293954,0.07544824633943666,3.5,false,applicable,,1,0.5177507204244275,1.2079243785947944,false,applicable,,kmeans,scenario=SRPI|source_lineage=srpi-200|terminal=1_2LT|phase=A,value_pu,standard_scaler_fit_on_calibration_group,calibration_distance_percentile_99,42,2,all_observations,"kmeans|feature=value_pu|groups=scenario,source_lineage,terminal,phase|scale=standard|clusters=2|seed=42|threshold=p99",200,0,0.022834282650111448,3.0,false,applicable,,dbscan,scenario=SRPI|source_lineage=srpi-200|terminal=1_2LT|phase=A,value_pu,standard_scaler_fit_on_calibration_group,explicit_effective_eps,explicit_effective_eps,all_observations,"dbscan|feature=value_pu|groups=scenario,source_lineage,terminal,phase|scale=standard|min_samples=2|eps=3.0",200,3.0,2,1,0,0.0,0,0,3,false,false,""
case.lis,141,T_OPO,A,1.8066098671423627,0.02401,-203563.38,SRPI,200,srpi-200,112677.0,absolute_phase_to_ground_maximum,2.1517703848351477,rejected,non_applicable,,Gaussian adequacy status: rejected.,1.7540467575459056,0.052284552304374454,0.6780832406262645,3.5,false,applicable,,1,0.2684184359280118,1.7893062664422041,false,applicable,,kmeans,scenario=SRPI|source_lineage=srpi-200|terminal=T_OPO|phase=A,value_pu,standard_scaler_fit_on_calibration_group,calibration_distance_percentile_99,42,2,all_observations,"kmeans|feature=value_pu|groups=scenario,source_lineage,terminal,phase|scale=standard|clusters=2|seed=42|threshold=p99",200,0,0.00020722435622366753,3.0,false,applicable,,dbscan,scenario=SRPI|source_lineage=srpi-200|terminal=T_OPO|phase=A,value_pu,standard_scaler_fit_on_calibration_group,explicit_effective_eps,explicit_effective_eps,all_observations,"dbscan|feature=value_pu|groups=scenario,source_lineage,terminal,phase|scale=standard|min_samples=2|eps=3.0",200,3.0,2,1,0,0.0,0,0,3,false,false,""
case.lis,142,T_MAN,A,1.2381566779378224,0.02484,-139511.78,SRPI,200,srpi-200,112677.0,absolute_phase_to_ground_maximum,1.6579768140784057,rejected,non_applicable,,Gaussian adequacy status: rejected.,1.2431039608793277,0.06948989589712162,-0.0480198105391537,3.5,false,applicable,,0,0.1634563159663553,1.4646167600081432,false,applicable,,kmeans,scenario=SRPI|source_lineage=srpi-200|terminal=T_MAN|phase=A,value_pu,standard_scaler_fit_on_calibration_group,calibration_distance_percentile_99,42,2,all_observations,"kmeans|feature=value_pu|groups=scenario,source_lineage,terminal,phase|scale=standard|clusters=2|seed=42|threshold=p99",200,0,0.0030415922436884957,3.0,false,applicable,,dbscan,scenario=SRPI|source_lineage=srpi-200|terminal=T_MAN|phase=A,value_pu,standard_scaler_fit_on_calibration_group,explicit_effective_eps,explicit_effective_eps,all_observations,"dbscan|feature=value_pu|groups=scenario,source_lineage,terminal,phase|scale=standard|min_samples=2|eps=3.0",200,3.0,2,1,0,0.0,0,0,3,false,false,""
case.lis,142,1_2LT,A,1.8170545009185548,0.02362,-204740.25,SRPI,200,srpi-200,112677.0,absolute_phase_to_ground_maximum,2.4232717330313314,rejected,non_applicable,,Gaussian adequacy status: rejected.,1.7070286305102194,0.18248979827293954,0.4066601122317589,3.5,false,applicable,,1,0.15651212562401196,1.2079243785947944,false,applicable,,kmeans,scenario=SRPI|source_lineage=srpi-200|terminal=1_2LT|phase=A,value_pu,standard_scaler_fit_on_calibration_group,calibration_distance_percentile_99,42,2,all_observations,"kmeans|feature=value_pu|groups=scenario,source_lineage,terminal,phase|scale=standard|clusters=2|seed=42|threshold=p99",200,0,0.0016550257726895001,3.0,false,applicable,,dbscan,scenario=SRPI|source_lineage=srpi-200|terminal=1_2LT|phase=A,value_pu,standard_scaler_fit_on_calibration_group,explicit_effective_eps,explicit_effective_eps,all_observations,"dbscan|feature=value_pu|groups=scenario,source_lineage,terminal,phase|scale=standard|min_samples=2|eps=3.0",200,3.0,2,1,0,0.0,0,0,3,false,false,""
case.lis,142,T_OPO,A,1.7435462428002164,0.02375,-196457.56,SRPI,200,srpi-200,112677.0,absolute_phase_to_ground_maximum,2.1517703848351477,rejected,non_applicable,,Gaussian adequacy status: rejected.,1.7540467575459056,0.052284552304374454,-0.13546046118018637,3.5,false,applicable,,1,0.14990513649741294,1.7893062664422041,false,applicable,,kmeans,scenario=SRPI|source_lineage=srpi-200|terminal=T_OPO|phase=A,value_pu,standard_scaler_fit_on_calibration_group,calibration_distance_percentile_99,42,2,all_observations,"kmeans|feature=value_pu|groups=scenario,source_lineage,terminal,phase|scale=standard|clusters=2|seed=42|threshold=p99",200,0,0.002088315223949644,3.0,false,applicable,,dbscan,scenario=SRPI|source_lineage=srpi-200|terminal=T_OPO|phase=A,value_pu,standard_scaler_fit_on_calibration_group,explicit_effective_eps,explicit_effective_eps,all_observations,"dbscan|feature=value_pu|groups=scenario,source_lineage,terminal,phase|scale=standard|min_samples=2|eps=3.0",200,3.0,2,1,0,0.0,0,0,3,false,false,""
case.lis,143,T_MAN,A,1.2159357277882796,0.0251,-137007.99,SRPI,200,srpi-200,112677.0,absolute_phase_to_ground_maximum,1.6579768140784057,rejected,non_applicable,,Gaussian adequacy status: rejected.,1.2431039608793277,0.06948989589712162,-0.2637030105496099,3.5,false,applicable,,0,0.013114707539958692,1.4646167600081432,false,applicable,,kmeans,scenario=SRPI|source_lineage=srpi-200|terminal=T_MAN|phase=A,value_pu,standard_scaler_fit_on_calibration_group,calibration_distance_percentile_99,42,2,all_observations,"kmeans|feature=value_pu|groups=scenario,source_lineage,terminal,phase|scale=standard|clusters=2|seed=42|threshold=p99",200,0,0.001020164001788726,3.0,false,applicable,,dbscan,scenario=SRPI|source_lineage=srpi-200|terminal=T_MAN|phase=A,value_pu,standard_scaler_fit_on_calibration_group,explicit_effective_eps,explicit_effective_eps,all_observations,"dbscan|feature=value_pu|groups=scenario,source_lineage,terminal,phase|scale=standard|min_samples=2|eps=3.0",200,3.0,2,1,0,0.0,0,0,3,false,false,""
case.lis,143,1_2LT,A,1.4565056755149677,0.02496,-164114.69,SRPI,200,srpi-200,112677.0,absolute_phase_to_ground_maximum,2.4232717330313314,rejected,non_applicable,,Gaussian adequacy status: rejected.,1.7070286305102194,0.18248979827293954,-0.9259430769954881,3.5,false,applicable,,0,0.12576124667273658,1.2079243785947944,false,applicable,,kmeans,scenario=SRPI|source_lineage=srpi-200|terminal=1_2LT|phase=A,value_pu,standard_scaler_fit_on_calibration_group,calibration_distance_percentile_99,42,2,all_observations,"kmeans|feature=value_pu|groups=scenario,source_lineage,terminal,phase|scale=standard|clusters=2|seed=42|threshold=p99",200,0,0.004971481192030169,3.0,false,applicable,,dbscan,scenario=SRPI|source_lineage=srpi-200|terminal=1_2LT|phase=A,value_pu,standard_scaler_fit_on_calibration_group,explicit_effective_eps,explicit_effective_eps,all_observations,"dbscan|feature=value_pu|groups=scenario,source_lineage,terminal,phase|scale=standard|min_samples=2|eps=3.0",200,3.0,2,1,0,0.0,0,0,3,false,false,""
case.lis,143,T_OPO,A,1.6102325230526195,0.02488,-181436.17,SRPI,200,srpi-200,112677.0,absolute_phase_to_ground_maximum,2.1517703848351477,rejected,non_applicable,,Gaussian adequacy status: rejected.,1.7540467575459056,0.052284552304374454,-1.8552559565457247,3.5,false,applicable,,1,1.0342227138629418,1.7893062664422041,false,applicable,,kmeans,scenario=SRPI|source_lineage=srpi-200|terminal=T_OPO|phase=A,value_pu,standard_scaler_fit_on_calibration_group,calibration_distance_percentile_99,42,2,all_observations,"kmeans|feature=value_pu|groups=scenario,source_lineage,terminal,phase|scale=standard|clusters=2|seed=42|threshold=p99",200,0,0.032509969258063265,3.0,false,applicable,,dbscan,scenario=SRPI|source_lineage=srpi-200|terminal=T_OPO|phase=A,value_pu,standard_scaler_fit_on_calibration_group,explicit_effective_eps,explicit_effective_eps,all_observations,"dbscan|feature=value_pu|groups=scenario,source_lineage,terminal,phase|scale=standard|min_samples=2|eps=3.0",200,3.0,2,1,0,0.0,0,0,3,false,false,""
case.lis,144,T_MAN,A,1.3824945729829512,0.03269,155775.341,SRPI,200,srpi-200,112677.0,absolute_phase_to_ground_maximum,1.6579768140784057,rejected,non_applicable,,Gaussian adequacy status: rejected.,1.2431039608793277,0.06948989589712162,1.3529670454053202,3.5,false,applicable,,1,0.6185629271093862,1.4646167600081432,false,applicable,,kmeans,scenario=SRPI|source_lineage=srpi-200|terminal=T_MAN|phase=A,value_pu,standard_scaler_fit_on_calibration_group,calibration_distance_percentile_99,42,2,all_observations,"kmeans|feature=value_pu|groups=scenario,source_lineage,terminal,phase|scale=standard|clusters=2|seed=42|threshold=p99",200,0,0.0009817297849363804,3.0,false,applicable,,dbscan,scenario=SRPI|source_lineage=srpi-200|terminal=T_MAN|phase=A,value_pu,standard_scaler_fit_on_calibration_group,explicit_effective_eps,explicit_effective_eps,all_observations,"dbscan|feature=value_pu|groups=scenario,source_lineage,terminal,phase|scale=standard|min_samples=2|eps=3.0",200,3.0,2,1,0,0.0,0,0,3,false,false,""
case.lis,144,1_2LT,A,1.894458159162917,0.03273,213461.862,SRPI,200,srpi-200,112677.0,absolute_phase_to_ground_maximum,2.4232717330313314,rejected,non_applicable,,Gaussian adequacy status: rejected.,1.7070286305102194,0.18248979827293954,0.6927471954966452,3.5,false,applicable,,1,0.15551080166674802,1.2079243785947944,false,applicable,,kmeans,scenario=SRPI|source_lineage=srpi-200|terminal=1_2LT|phase=A,value_pu,standard_scaler_fit_on_calibration_group,calibration_distance_percentile_99,42,2,all_observations,"kmeans|feature=value_pu|groups=scenario,source_lineage,terminal,phase|scale=standard|clusters=2|seed=42|threshold=p99",200,0,0.004578662554643342,3.0,false,applicable,,dbscan,scenario=SRPI|source_lineage=srpi-200|terminal=1_2LT|phase=A,value_pu,standard_scaler_fit_on_calibration_group,explicit_effective_eps,explicit_effective_eps,all_observations,"dbscan|feature=value_pu|groups=scenario,source_lineage,terminal,phase|scale=standard|min_samples=2|eps=3.0",200,3.0,2,1,0,0.0,0,0,3,false,false,""
case.lis,144,T_OPO,A,1.8169011777026367,0.03289,204722.974,SRPI,200,srpi-200,112677.0,absolute_phase_to_ground_maximum,2.1517703848351477,rejected,non_applicable,,Gaussian adequacy status: rejected.,1.7540467575459056,0.052284552304374454,0.8108448916887092,3.5,false,applicable,,1,0.33668437914682164,1.7893062664422041,false,applicable,,kmeans,scenario=SRPI|source_lineage=srpi-200|terminal=T_OPO|phase=A,value_pu,standard_scaler_fit_on_calibration_group,calibration_distance_percentile_99,42,2,all_observations,"kmeans|feature=value_pu|groups=scenario,source_lineage,terminal,phase|scale=standard|clusters=2|seed=42|threshold=p99",200,0,0.01844049514051871,3.0,false,applicable,,dbscan,scenario=SRPI|source_lineage=srpi-200|terminal=T_OPO|phase=A,value_pu,standard_scaler_fit_on_calibration_group,explicit_effective_eps,explicit_effective_eps,all_observations,"dbscan|feature=value_pu|groups=scenario,source_lineage,terminal,phase|scale=standard|min_samples=2|eps=3.0",200,3.0,2,1,0,0.0,0,0,3,false,false,""
case.lis,145,T_MAN,A,1.1587562324165537,0.03286,130565.176,SRPI,200,srpi-200,112677.0,absolute_phase_to_ground_maximum,1.6579768140784057,rejected,non_applicable,,Gaussian adequacy status: rejected.,1.2431039608793277,0.06948989589712162,-0.8187043247940733,3.5,false,applicable,,0,0.46747160737612337,1.4646167600081432,false,applicable,,kmeans,scenario=SRPI|source_lineage=srpi-200|terminal=T_MAN|phase=A,value_pu,standard_scaler_fit_on_calibration_group,calibration_distance_percentile_99,42,2,all_observations,"kmeans|feature=value_pu|groups=scenario,source_lineage,terminal,phase|scale=standard|clusters=2|seed=42|threshold=p99",200,0,0.002650621054287039,3.0,false,applicable,,dbscan,scenario=SRPI|source_lineage=srpi-200|terminal=T_MAN|phase=A,value_pu,standard_scaler_fit_on_calibration_group,explicit_effective_eps,explicit_effective_eps,all_observations,"dbscan|feature=value_pu|groups=scenario,source_lineage,terminal,phase|scale=standard|min_samples=2|eps=3.0",200,3.0,2,1,0,0.0,0,0,3,false,false,""
case.lis,145,1_2LT,A,1.5516727903653806,0.03171,174837.835,SRPI,200,srpi-200,112677.0,absolute_phase_to_ground_maximum,2.4232717330313314,rejected,non_applicable,,Gaussian adequacy status: rejected.,1.7070286305102194,0.18248979827293954,-0.5742015323731816,3.5,false,applicable,,0,0.5093906826833352,1.2079243785947944,false,applicable,,kmeans,scenario=SRPI|source_lineage=srpi-200|terminal=1_2LT|phase=A,value_pu,standard_scaler_fit_on_calibration_group,calibration_distance_percentile_99,42,2,all_observations,"kmeans|feature=value_pu|groups=scenario,source_lineage,terminal,phase|scale=standard|clusters=2|seed=42|threshold=p99",200,0,0.004268593417099398,3.0,false,applicable,,dbscan,scenario=SRPI|source_lineage=srpi-200|terminal=1_2LT|phase=A,value_pu,standard_scaler_fit_on_calibration_group,explicit_effective_eps,explicit_effective_eps,all_observations,"dbscan|feature=value_pu|groups=scenario,source_lineage,terminal,phase|scale=standard|min_samples=2|eps=3.0",200,3.0,2,1,0,0.0,0,0,3,false,false,""
case.lis,145,T_OPO,A,1.6264911916362699,0.03166,183268.148,SRPI,200,srpi-200,112677.0,absolute_phase_to_ground_maximum,2.1517703848351477,rejected,non_applicable,,Gaussian adequacy status: rejected.,1.7540467575459056,0.052284552304374454,-1.645513215560455,3.5,false,applicable,,1,0.9263731508899467,1.7893062664422041,false,applicable,,kmeans,scenario=SRPI|source_lineage=srpi-200|terminal=T_OPO|phase=A,value_pu,standard_scaler_fit_on_calibration_group,calibration_distance_percentile_99,42,2,all_observations,"kmeans|feature=value_pu|groups=scenario,source_lineage,terminal,phase|scale=standard|clusters=2|seed=42|threshold=p99",200,0,0.011223553711711576,3.0,false,applicable,,dbscan,scenario=SRPI|source_lineage=srpi-200|terminal=T_OPO|phase=A,value_pu,standard_scaler_fit_on_calibration_group,explicit_effective_eps,explicit_effective_eps,all_observations,"dbscan|feature=value_pu|groups=scenario,source_lineage,terminal,phase|scale=standard|min_samples=2|eps=3.0",200,3.0,2,1,0,0.0,0,0,3,false,false,""
case.lis,146,T_MAN,A,1.5838028169014085,0.02465,-178458.15,SRPI,200,srpi-200,112677.0,absolute_phase_to_ground_maximum,1.6579768140784057,rejected,non_applicable,,Gaussian adequacy status: rejected.,1.2431039608793277,0.06948989589712162,3.306925177016168,3.5,false,applicable,,1,0.9810627607990206,1.4646167600081432,false,applicable,,kmeans,scenario=SRPI|source_lineage=srpi-200|terminal=T_MAN|phase=A,value_pu,standard_scaler_fit_on_calibration_group,calibration_distance_percentile_99,42,2,all_observations,"kmeans|feature=value_pu|groups=scenario,source_lineage,terminal,phase|scale=standard|clusters=2|seed=42|threshold=p99",200,0,0.0024883510855220337,3.0,false,applicable,,dbscan,scenario=SRPI|source_lineage=srpi-200|terminal=T_MAN|phase=A,value_pu,standard_scaler_fit_on_calibration_group,explicit_effective_eps,explicit_effective_eps,all_observations,"dbscan|feature=value_pu|groups=scenario,source_lineage,terminal,phase|scale=standard|min_samples=2|eps=3.0",200,3.0,2,1,0,0.0,0,0,3,false,false,""
case.lis,146,1_2LT,A,1.7867563034159588,0.02462,-201326.34,SRPI,200,srpi-200,112677.0,absolute_phase_to_ground_maximum,2.4232717330313314,rejected,non_applicable,,Gaussian adequacy status: rejected.,1.7070286305102194,0.18248979827293954,0.29467673640297515,3.5,false,applicable,,1,0.2786475968771703,1.2079243785947944,false,applicable,,kmeans,scenario=SRPI|source_lineage=srpi-200|terminal=1_2LT|phase=A,value_pu,standard_scaler_fit_on_calibration_group,calibration_distance_percentile_99,42,2,all_observations,"kmeans|feature=value_pu|groups=scenario,source_lineage,terminal,phase|scale=standard|clusters=2|seed=42|threshold=p99",200,0,0.023621207854842452,3.0,false,applicable,,dbscan,scenario=SRPI|source_lineage=srpi-200|terminal=1_2LT|phase=A,value_pu,standard_scaler_fit_on_calibration_group,explicit_effective_eps,explicit_effective_eps,all_observations,"dbscan|feature=value_pu|groups=scenario,source_lineage,terminal,phase|scale=standard|min_samples=2|eps=3.0",200,3.0,2,1,0,0.0,0,0,3,false,false,""
case.lis,146,T_OPO,A,1.7915240022364811,0.02462,-201863.55,SRPI,200,srpi-200,112677.0,absolute_phase_to_ground_maximum,2.1517703848351477,rejected,non_applicable,,Gaussian adequacy status: rejected.,1.7540467575459056,0.052284552304374454,0.48347009384775436,3.5,false,applicable,,1,0.16834849915563138,1.7893062664422041,false,applicable,,kmeans,scenario=SRPI|source_lineage=srpi-200|terminal=T_OPO|phase=A,value_pu,standard_scaler_fit_on_calibration_group,calibration_distance_percentile_99,42,2,all_observations,"kmeans|feature=value_pu|groups=scenario,source_lineage,terminal,phase|scale=standard|clusters=2|seed=42|threshold=p99",200,0,0.00645974834081009,3.0,false,applicable,,dbscan,scenario=SRPI|source_lineage=srpi-200|terminal=T_OPO|phase=A,value_pu,standard_scaler_fit_on_calibration_group,explicit_effective_eps,explicit_effective_eps,all_observations,"dbscan|feature=value_pu|groups=scenario,source_lineage,terminal,phase|scale=standard|min_samples=2|eps=3.0",200,3.0,2,1,0,0.0,0,0,3,false,false,""
case.lis,147,T_MAN,A,1.3513162846011166,0.03265,152262.265,SRPI,200,srpi-200,112677.0,absolute_phase_to_ground_maximum,1.6579768140784057,rejected,non_applicable,,Gaussian adequacy status: rejected.,1.2431039608793277,0.06948989589712162,1.0503412367073384,3.5,false,applicable,,1,0.8663103120639776,1.4646167600081432,false,applicable,,kmeans,scenario=SRPI|source_lineage=srpi-200|terminal=T_MAN|phase=A,value_pu,standard_scaler_fit_on_calibration_group,calibration_distance_percentile_99,42,2,all_observations,"kmeans|feature=value_pu|groups=scenario,source_lineage,terminal,phase|scale=standard|clusters=2|seed=42|threshold=p99",200,0,0.03054631668819352,3.0,false,applicable,,dbscan,scenario=SRPI|source_lineage=srpi-200|terminal=T_MAN|phase=A,value_pu,standard_scaler_fit_on_calibration_group,explicit_effective_eps,explicit_effective_eps,all_observations,"dbscan|feature=value_pu|groups=scenario,source_lineage,terminal,phase|scale=standard|min_samples=2|eps=3.0",200,3.0,2,1,0,0.0,0,0,3,false,false,""
case.lis,147,1_2LT,A,1.9221272398093665,0.03274,216579.531,SRPI,200,srpi-200,112677.0,absolute_phase_to_ground_maximum,2.4232717330313314,rejected,non_applicable,,Gaussian adequacy status: rejected.,1.7070286305102194,0.18248979827293954,0.7950132480102575,3.5,false,applicable,,1,0.26704800461772227,1.2079243785947944,false,applicable,,kmeans,scenario=SRPI|source_lineage=srpi-200|terminal=1_2LT|phase=A,value_pu,standard_scaler_fit_on_calibration_group,calibration_distance_percentile_99,42,2,all_observations,"kmeans|feature=value_pu|groups=scenario,source_lineage,terminal,phase|scale=standard|clusters=2|seed=42|threshold=p99",200,0,0.0028620307989317695,3.0,false,applicable,,dbscan,scenario=SRPI|source_lineage=srpi-200|terminal=1_2LT|phase=A,value_pu,standard_scaler_fit_on_calibration_group,explicit_effective_eps,explicit_effective_eps,all_observations,"dbscan|feature=value_pu|groups=scenario,source_lineage,terminal,phase|scale=standard|min_samples=2|eps=3.0",200,3.0,2,1,0,0.0,0,0,3,false,false,""
case.lis,147,T_OPO,A,1.811625282888256,0.03289,204128.502,SRPI,200,srpi-200,112677.0,absolute_phase_to_ground_maximum,2.1517703848351477,rejected,non_applicable,,Gaussian adequacy status: rejected.,1.7540467575459056,0.052284552304374454,0.7427839287737655,3.5,false,applicable,,1,0.30168748213185687,1.7893062664422041,false,applicable,,kmeans,scenario=SRPI|source_lineage=srpi-200|terminal=T_OPO|phase=A,value_pu,standard_scaler_fit_on_calibration_group,calibration_distance_percentile_99,42,2,all_observations,"kmeans|feature=value_pu|groups=scenario,source_lineage,terminal,phase|scale=standard|clusters=2|seed=42|threshold=p99",200,0,0.0023129063941170758,3.0,false,applicable,,dbscan,scenario=SRPI|source_lineage=srpi-200|terminal=T_OPO|phase=A,value_pu,standard_scaler_fit_on_calibration_group,explicit_effective_eps,explicit_effective_eps,all_observations,"dbscan|feature=value_pu|groups=scenario,source_lineage,terminal,phase|scale=standard|min_samples=2|eps=3.0",200,3.0,2,1,0,0.0,0,0,3,false,false,""
case.lis,148,T_MAN,A,1.4848879363135332,0.03366,167312.718,SRPI,200,srpi-200,112677.0,absolute_phase_to_ground_maximum,1.6579768140784057,rejected,non_applicable,,Gaussian adequacy status: rejected.,1.2431039608793277,0.06948989589712162,2.346827709074002,3.5,false,applicable,,1,0.19507019127042335,1.4646167600081432,false,applicable,,kmeans,scenario=SRPI|source_lineage=srpi-200|terminal=T_MAN|phase=A,value_pu,standard_scaler_fit_on_calibration_group,calibration_distance_percentile_99,42,2,all_observations,"kmeans|feature=value_pu|groups=scenario,source_lineage,terminal,phase|scale=standard|clusters=2|seed=42|threshold=p99",200,0,0.006483605557623617,3.0,false,applicable,,dbscan,scenario=SRPI|source_lineage=srpi-200|terminal=T_MAN|phase=A,value_pu,standard_scaler_fit_on_calibration_group,explicit_effective_eps,explicit_effective_eps,all_observations,"dbscan|feature=value_pu|groups=scenario,source_lineage,terminal,phase|scale=standard|min_samples=2|eps=3.0",200,3.0,2,1,0,0.0,0,0,3,false,false,""
case.lis,148,1_2LT,A,1.8873397854042973,0.03363,212659.785,SRPI,200,srpi-200,112677.0,absolute_phase_to_ground_maximum,2.4232717330313314,rejected,non_applicable,,Gaussian adequacy status: rejected.,1.7070286305102194,0.18248979827293954,0.6664373952574405,3.5,false,applicable,,1,0.1268158295156605,1.2079243785947944,false,applicable,,kmeans,scenario=SRPI|source_lineage=srpi-200|terminal=1_2LT|phase=A,value_pu,standard_scaler_fit_on_calibration_group,calibration_distance_percentile_99,42,2,all_observations,"kmeans|feature=value_pu|groups=scenario,source_lineage,terminal,phase|scale=standard|clusters=2|seed=42|threshold=p99",200,0,0.0002627734873951182,3.0,false,applicable,,dbscan,scenario=SRPI|source_lineage=srpi-200|terminal=1_2LT|phase=A,value_pu,standard_scaler_fit_on_calibration_group,explicit_effective_eps,explicit_effective_eps,all_observations,"dbscan|feature=value_pu|groups=scenario,source_lineage,terminal,phase|scale=standard|min_samples=2|eps=3.0",200,3.0,2,1,0,0.0,0,0,3,false,false,""
case.lis,148,T_OPO,A,1.7888047072605766,0.03377,201557.148,SRPI,200,srpi-200,112677.0,absolute_phase_to_ground_maximum,2.1517703848351477,rejected,non_applicable,,Gaussian adequacy status: rejected.,1.7540467575459056,0.052284552304374454,0.4483901991528573,3.5,false,applicable,,1,0.15031044313418812,1.7893062664422041,false,applicable,,kmeans,scenario=SRPI|source_lineage=srpi-200|terminal=T_OPO|phase=A,value_pu,standard_scaler_fit_on_calibration_group,calibration_distance_percentile_99,42,2,all_observations,"kmeans|feature=value_pu|groups=scenario,source_lineage,terminal,phase|scale=standard|clusters=2|seed=42|threshold=p99",200,0,0.000013422486708436487,3.0,false,applicable,,dbscan,scenario=SRPI|source_lineage=srpi-200|terminal=T_OPO|phase=A,value_pu,standard_scaler_fit_on_calibration_group,explicit_effective_eps,explicit_effective_eps,all_observations,"dbscan|feature=value_pu|groups=scenario,source_lineage,terminal,phase|scale=standard|min_samples=2|eps=3.0",200,3.0,2,1,0,0.0,0,0,3,false,false,""
case.lis,149,T_MAN,A,1.1646162748386981,0.03377,131225.468,SRPI,200,srpi-200,112677.0,absolute_phase_to_ground_maximum,1.6579768140784057,rejected,non_applicable,,Gaussian adequacy status: rejected.,1.2431039608793277,0.06948989589712162,-0.7618249972541055,3.5,false,applicable,,0,0.42090682588365613,1.4646167600081432,false,applicable,,kmeans,scenario=SRPI|source_lineage=srpi-200|terminal=T_MAN|phase=A,value_pu,standard_scaler_fit_on_calibration_group,calibration_distance_percentile_99,42,2,all_observations,"kmeans|feature=value_pu|groups=scenario,source_lineage,terminal,phase|scale=standard|clusters=2|seed=42|threshold=p99",200,0,0.003017967541588451,3.0,false,applicable,,dbscan,scenario=SRPI|source_lineage=srpi-200|terminal=T_MAN|phase=A,value_pu,standard_scaler_fit_on_calibration_group,explicit_effective_eps,explicit_effective_eps,all_observations,"dbscan|feature=value_pu|groups=scenario,source_lineage,terminal,phase|scale=standard|min_samples=2|eps=3.0",200,3.0,2,1,0,0.0,0,0,3,false,false,""
case.lis,149,1_2LT,A,1.7442910265626526,0.02698,-196541.48,SRPI,200,srpi-200,112677.0,absolute_phase_to_ground_maximum,2.4232717330313314,rejected,non_applicable,,Gaussian adequacy status: rejected.,1.7070286305102194,0.18248979827293954,0.1377233381973659,3.5,false,applicable,,1,0.44982994526373715,1.2079243785947944,false,applicable,,kmeans,scenario=SRPI|source_lineage=srpi-200|terminal=1_2LT|phase=A,value_pu,standard_scaler_fit_on_calibration_group,calibration_distance_percentile_99,42,2,all_observations,"kmeans|feature=value_pu|groups=scenario,source_lineage,terminal,phase|scale=standard|clusters=2|seed=42|threshold=p99",200,0,0.008988320078046341,3.0,false,applicable,,dbscan,scenario=SRPI|source_lineage=srpi-200|terminal=1_2LT|phase=A,value_pu,standard_scaler_fit_on_calibration_group,explicit_effective_eps,explicit_effective_eps,all_observations,"dbscan|feature=value_pu|groups=scenario,source_lineage,terminal,phase|scale=standard|min_samples=2|eps=3.0",200,3.0,2,1,0,0.0,0,0,3,false,false,""
case.lis,149,T_OPO,A,1.7366851265120655,0.02677,-195684.47,SRPI,200,srpi-200,112677.0,absolute_phase_to_ground_maximum,2.1517703848351477,rejected,non_applicable,,Gaussian adequacy status: rejected.,1.7540467575459056,0.052284552304374454,-0.22397135794221096,3.5,false,applicable,,1,0.19541737443847557,1.7893062664422041,false,applicable,,kmeans,scenario=SRPI|source_lineage=srpi-200|terminal=T_OPO|phase=A,value_pu,standard_scaler_fit_on_calibration_group,calibration_distance_percentile_99,42,2,all_observations,"kmeans|feature=value_pu|groups=scenario,source_lineage,terminal,phase|scale=standard|clusters=2|seed=42|threshold=p99",200,0,0.0010226404238481979,3.0,false,applicable,,dbscan,scenario=SRPI|source_lineage=srpi-200|terminal=T_OPO|phase=A,value_pu,standard_scaler_fit_on_calibration_group,explicit_effective_eps,explicit_effective_eps,all_observations,"dbscan|feature=value_pu|groups=scenario,source_lineage,terminal,phase|scale=standard|min_samples=2|eps=3.0",200,3.0,2,1,0,0.0,0,0,3,false,false,""
case.lis,150,T_MAN,A,1.2489993698802773,0.03414,140733.502,SRPI,200,srpi-200,112677.0,absolute_phase_to_ground_maximum,1.6579768140784057,rejected,non_applicable,,Gaussian adequacy status: rejected.,1.2431039608793277,0.06948989589712162,0.057222606150412914,3.5,false,applicable,,0,0.24961398253590672,1.4646167600081432,false,applicable,,kmeans,scenario=SRPI|source_lineage=srpi-200|terminal=T_MAN|phase=A,value_pu,standard_scaler_fit_on_calibration_group,calibration_distance_percentile_99,42,2,all_observations,"kmeans|feature=value_pu|groups=scenario,source_lineage,terminal,phase|scale=standard|clusters=2|seed=42|threshold=p99",200,0,0.0066952405755537625,3.0,false,applicable,,dbscan,scenario=SRPI|source_lineage=srpi-200|terminal=T_MAN|phase=A,value_pu,standard_scaler_fit_on_calibration_group,explicit_effective_eps,explicit_effective_eps,all_observations,"dbscan|feature=value_pu|groups=scenario,source_lineage,terminal,phase|scale=standard|min_samples=2|eps=3.0",200,3.0,2,1,0,0.0,0,0,3,false,false,""
case.lis,150,1_2LT,A,1.5573649458185788,0.02735,-175479.21,SRPI,200,srpi-200,112677.0,absolute_phase_to_ground_maximum,2.4232717330313314,rejected,non_applicable,,Gaussian adequacy status: rejected.,1.7070286305102194,0.18248979827293954,-0.5531630932602036,3.5,false,applicable,,0,0.5323364070507013,1.2079243785947944,false,applicable,,kmeans,scenario=SRPI|source_lineage=srpi-200|terminal=1_2LT|phase=A,value_pu,standard_scaler_fit_on_calibration_group,calibration_distance_percentile_99,42,2,all_observations,"kmeans|feature=value_pu|groups=scenario,source_lineage,terminal,phase|scale=standard|clusters=2|seed=42|threshold=p99",200,0,0.013240420836509226,3.0,false,applicable,,dbscan,scenario=SRPI|source_lineage=srpi-200|terminal=1_2LT|phase=A,value_pu,standard_scaler_fit_on_calibration_group,explicit_effective_eps,explicit_effective_eps,all_observations,"dbscan|feature=value_pu|groups=scenario,source_lineage,terminal,phase|scale=standard|min_samples=2|eps=3.0",200,3.0,2,1,0,0.0,0,0,3,false,false,""
case.lis,150,T_OPO,A,1.6584928867470734,0.03435,186874.003,SRPI,200,srpi-200,112677.0,absolute_phase_to_ground_maximum,2.1517703848351477,rejected,non_applicable,,Gaussian adequacy status: rejected.,1.7540467575459056,0.052284552304374454,-1.232679703752205,3.5,false,applicable,,1,0.7140944631033042,1.7893062664422041,false,applicable,,kmeans,scenario=SRPI|source_lineage=srpi-200|terminal=T_OPO|phase=A,value_pu,standard_scaler_fit_on_calibration_group,calibration_distance_percentile_99,42,2,all_observations,"kmeans|feature=value_pu|groups=scenario,source_lineage,terminal,phase|scale=standard|clusters=2|seed=42|threshold=p99",200,0,0.017781380398394053,3.0,false,applicable,,dbscan,scenario=SRPI|source_lineage=srpi-200|terminal=T_OPO|phase=A,value_pu,standard_scaler_fit_on_calibration_group,explicit_effective_eps,explicit_effective_eps,all_observations,"dbscan|feature=value_pu|groups=scenario,source_lineage,terminal,phase|scale=standard|min_samples=2|eps=3.0",200,3.0,2,1,0,0.0,0,0,3,false,false,""
case.lis,151,T_MAN,A,1.1850851016622737,0.03391,133531.834,SRPI,200,srpi-200,112677.0,absolute_phase_to_ground_maximum,1.6579768140784057,rejected,non_applicable,,Gaussian adequacy status: rejected.,1.2431039608793277,0.06948989589712162,-0.5631484312180901,3.5,false,applicable,,0,0.2582584387584729,1.4646167600081432,false,applicable,,kmeans,scenario=SRPI|source_lineage=srpi-200|terminal=T_MAN|phase=A,value_pu,standard_scaler_fit_on_calibration_group,calibration_distance_percentile_99,42,2,all_observations,"kmeans|feature=value_pu|groups=scenario,source_lineage,terminal,phase|scale=standard|clusters=2|seed=42|threshold=p99",200,0,0.0025030900787753607,3.0,false,applicable,,dbscan,scenario=SRPI|source_lineage=srpi-200|terminal=T_MAN|phase=A,value_pu,standard_scaler_fit_on_calibration_group,explicit_effective_eps,explicit_effective_eps,all_observations,"dbscan|feature=value_pu|groups=scenario,source_lineage,terminal,phase|scale=standard|min_samples=2|eps=3.0",200,3.0,2,1,0,0.0,0,0,3,false,false,""
case.lis,151,1_2LT,A,1.4715343681496669,0.03252,165808.078,SRPI,200,srpi-200,112677.0,absolute_phase_to_ground_maximum,2.4232717330313314,rejected,non_applicable,,Gaussian adequacy status: rejected.,1.7070286305102194,0.18248979827293954,-0.8703964150073418,3.5,false,applicable,,0,0.18634361158406776,1.2079243785947944,false,applicable,,kmeans,scenario=SRPI|source_lineage=srpi-200|terminal=1_2LT|phase=A,value_pu,standard_scaler_fit_on_calibration_group,calibration_distance_percentile_99,42,2,all_observations,"kmeans|feature=value_pu|groups=scenario,source_lineage,terminal,phase|scale=standard|clusters=2|seed=42|threshold=p99",200,0,0.01106049205400883,3.0,false,applicable,,dbscan,scenario=SRPI|source_lineage=srpi-200|terminal=1_2LT|phase=A,value_pu,standard_scaler_fit_on_calibration_group,explicit_effective_eps,explicit_effective_eps,all_observations,"dbscan|feature=value_pu|groups=scenario,source_lineage,terminal,phase|scale=standard|min_samples=2|eps=3.0",200,3.0,2,1,0,0.0,0,0,3,false,false,""
case.lis,151,T_OPO,A,1.7285760004259965,0.03372,194770.758,SRPI,200,srpi-200,112677.0,absolute_phase_to_ground_maximum,2.1517703848351477,rejected,non_applicable,,Gaussian adequacy status: rejected.,1.7540467575459056,0.052284552304374454,-0.3285820352271657,3.5,false,applicable,,1,0.24920810766954254,1.7893062664422041,false,applicable,,kmeans,scenario=SRPI|source_lineage=srpi-200|terminal=T_OPO|phase=A,value_pu,standard_scaler_fit_on_calibration_group,calibration_distance_percentile_99,42,2,all_observations,"kmeans|feature=value_pu|groups=scenario,source_lineage,terminal,phase|scale=standard|clusters=2|seed=42|threshold=p99",200,0,0.013516208634654303,3.0,false,applicable,,dbscan,scenario=SRPI|source_lineage=srpi-200|terminal=T_OPO|phase=A,value_pu,standard_scaler_fit_on_calibration_group,explicit_effective_eps,explicit_effective_eps,all_observations,"dbscan|feature=value_pu|groups=scenario,source_lineage,terminal,phase|scale=standard|min_samples=2|eps=3.0",200,3.0,2,1,0,0.0,0,0,3,false,false,""
case.lis,152,T_MAN,A,1.240439486319302,0.02519,-139769.0,SRPI,200,srpi-200,112677.0,absolute_phase_to_ground_maximum,1.6579768140784057,rejected,non_applicable,,Gaussian adequacy status: rejected.,1.2431039608793277,0.06948989589712162,-0.025862188411624947,3.5,false,applicable,,0,0.1815958558903467,1.4646167600081432,false,applicable,,kmeans,scenario=SRPI|source_lineage=srpi-200|terminal=T_MAN|phase=A,value_pu,standard_scaler_fit_on_calibration_group,calibration_distance_percentile_99,42,2,all_observations,"kmeans|feature=value_pu|groups=scenario,source_lineage,terminal,phase|scale=standard|clusters=2|seed=42|threshold=p99",200,0,0.00134061369238625,3.0,false,applicable,,dbscan,scenario=SRPI|source_lineage=srpi-200|terminal=T_MAN|phase=A,value_pu,standard_scaler_fit_on_calibration_group,explicit_effective_eps,explicit_effective_eps,all_observations,"dbscan|feature=value_pu|groups=scenario,source_lineage,terminal,phase|scale=standard|min_samples=2|eps=3.0",200,3.0,2,1,0,0.0,0,0,3,false,false,""
case.lis,152,1_2LT,A,1.6703411521428508,0.02532,-188209.03,SRPI,200,srpi-200,112677.0,absolute_phase_to_ground_maximum,2.4232717330313314,rejected,non_applicable,,Gaussian adequacy status: rejected.,1.7070286305102194,0.18248979827293954,-0.1355984189446052,3.5,false,applicable,,1,0.747930278149893,1.2079243785947944,false,applicable,,kmeans,scenario=SRPI|source_lineage=srpi-200|terminal=1_2LT|phase=A,value_pu,standard_scaler_fit_on_calibration_group,calibration_distance_percentile_99,42,2,all_observations,"kmeans|feature=value_pu|groups=scenario,source_lineage,terminal,phase|scale=standard|clusters=2|seed=42|threshold=p99",200,0,0.0008740035802689179,3.0,false,applicable,,dbscan,scenario=SRPI|source_lineage=srpi-200|terminal=1_2LT|phase=A,value_pu,standard_scaler_fit_on_calibration_group,explicit_effective_eps,explicit_effective_eps,all_observations,"dbscan|feature=value_pu|groups=scenario,source_lineage,terminal,phase|scale=standard|min_samples=2|eps=3.0",200,3.0,2,1,0,0.0,0,0,3,false,false,""
case.lis,152,T_OPO,A,1.74220719401475,0.02384,-196306.68,SRPI,200,srpi-200,112677.0,absolute_phase_to_ground_maximum,2.1517703848351477,rejected,non_applicable,,Gaussian adequacy status: rejected.,1.7540467575459056,0.052284552304374454,-0.15273467777004465,3.5,false,applicable,,1,0.1587875259482494,1.7893062664422041,false,applicable,,kmeans,scenario=SRPI|source_lineage=srpi-200|terminal=T_OPO|phase=A,value_pu,standard_scaler_fit_on_calibration_group,calibration_distance_percentile_99,42,2,all_observations,"kmeans|feature=value_pu|groups=scenario,source_lineage,terminal,phase|scale=standard|clusters=2|seed=42|threshold=p99",200,0,0.004203710903542435,3.0,false,applicable,,dbscan,scenario=SRPI|source_lineage=srpi-200|terminal=T_OPO|phase=A,value_pu,standard_scaler_fit_on_calibration_group,explicit_effective_eps,explicit_effective_eps,all_observations,"dbscan|feature=value_pu|groups=scenario,source_lineage,terminal,phase|scale=standard|min_samples=2|eps=3.0",200,3.0,2,1,0,0.0,0,0,3,false,false,""
case.lis,153,T_MAN,A,1.1881730965503163,0.04056,-133879.78,SRPI,200,srpi-200,112677.0,absolute_phase_to_ground_maximum,1.6579768140784057,rejected,non_applicable,,Gaussian adequacy status: rejected.,1.2431039608793277,0.06948989589712162,-0.5331754276072305,3.5,false,applicable,,0,0.23372076533341546,1.4646167600081432,false,applicable,,kmeans,scenario=SRPI|source_lineage=srpi-200|terminal=T_MAN|phase=A,value_pu,standard_scaler_fit_on_calibration_group,calibration_distance_percentile_99,42,2,all_observations,"kmeans|feature=value_pu|groups=scenario,source_lineage,terminal,phase|scale=standard|clusters=2|seed=42|threshold=p99",200,0,0.0024403259448323444,3.0,false,applicable,,dbscan,scenario=SRPI|source_lineage=srpi-200|terminal=T_MAN|phase=A,value_pu,standard_scaler_fit_on_calibration_group,explicit_effective_eps,explicit_effective_eps,all_observations,"dbscan|feature=value_pu|groups=scenario,source_lineage,terminal,phase|scale=standard|min_samples=2|eps=3.0",200,3.0,2,1,0,0.0,0,0,3,false,false,""
case.lis,153,1_2LT,A,1.4010493712115162,0.04192,-157866.04,SRPI,200,srpi-200,112677.0,absolute_phase_to_ground_maximum,2.4232717330313314,rejected,non_applicable,,Gaussian adequacy status: rejected.,1.7070286305102194,0.18248979827293954,-1.1309118434165502,3.5,false,applicable,,0,0.09778940710725359,1.2079243785947944,false,applicable,,kmeans,scenario=SRPI|source_lineage=srpi-200|terminal=1_2LT|phase=A,value_pu,standard_scaler_fit_on_calibration_group,calibration_distance_percentile_99,42,2,all_observations,"kmeans|feature=value_pu|groups=scenario,source_lineage,terminal,phase|scale=standard|clusters=2|seed=42|threshold=p99",200,0,0.0042440869720536956,3.0,false,applicable,,dbscan,scenario=SRPI|source_lineage=srpi-200|terminal=1_2LT|phase=A,value_pu,standard_scaler_fit_on_calibration_group,explicit_effective_eps,explicit_effective_eps,all_observations,"dbscan|feature=value_pu|groups=scenario,source_lineage,terminal,phase|scale=standard|min_samples=2|eps=3.0",200,3.0,2,1,0,0.0,0,0,3,false,false,""
case.lis,153,T_OPO,A,1.5769338906786654,0.0403,-177684.18,SRPI,200,srpi-200,112677.0,absolute_phase_to_ground_maximum,2.1517703848351477,rejected,non_applicable,,Gaussian adequacy status: rejected.,1.7540467575459056,0.052284552304374454,-2.2848204309822857,3.5,false,applicable,,0,0.8855463123916046,1.7893062664422041,false,applicable,,kmeans,scenario=SRPI|source_lineage=srpi-200|terminal=T_OPO|phase=A,value_pu,standard_scaler_fit_on_calibration_group,calibration_distance_percentile_99,42,2,all_observations,"kmeans|feature=value_pu|groups=scenario,source_lineage,terminal,phase|scale=standard|clusters=2|seed=42|threshold=p99",200,0,0.031025724806617694,3.0,false,applicable,,dbscan,scenario=SRPI|source_lineage=srpi-200|terminal=T_OPO|phase=A,value_pu,standard_scaler_fit_on_calibration_group,explicit_effective_eps,explicit_effective_eps,all_observations,"dbscan|feature=value_pu|groups=scenario,source_lineage,terminal,phase|scale=standard|min_samples=2|eps=3.0",200,3.0,2,1,0,0.0,0,0,3,false,false,""
case.lis,154,T_MAN,A,1.202262804299014,0.03234,135467.366,SRPI,200,srpi-200,112677.0,absolute_phase_to_ground_maximum,1.6579768140784057,rejected,non_applicable,,Gaussian adequacy status: rejected.,1.2431039608793277,0.06948989589712162,-0.3964165026287786,3.5,false,applicable,,0,0.12176182112312095,1.4646167600081432,false,applicable,,kmeans,scenario=SRPI|source_lineage=srpi-200|terminal=T_MAN|phase=A,value_pu,standard_scaler_fit_on_calibration_group,calibration_distance_percentile_99,42,2,all_observations,"kmeans|feature=value_pu|groups=scenario,source_lineage,terminal,phase|scale=standard|clusters=2|seed=42|threshold=p99",200,0,0.00355118059409143,3.0,false,applicable,,dbscan,scenario=SRPI|source_lineage=srpi-200|terminal=T_MAN|phase=A,value_pu,standard_scaler_fit_on_calibration_group,explicit_effective_eps,explicit_effective_eps,all_observations,"dbscan|feature=value_pu|groups=scenario,source_lineage,terminal,phase|scale=standard|min_samples=2|eps=3.0",200,3.0,2,1,0,0.0,0,0,3,false,false,""
case.lis,154,1_2LT,A,1.6700673784357056,0.03231,188178.182,SRPI,200,srpi-200,112677.0,absolute_phase_to_ground_maximum,2.4232717330313314,rejected,non_applicable,,Gaussian adequacy status: rejected.,1.7070286305102194,0.18248979827293954,-0.1366102977514766,3.5,false,applicable,,1,0.7490338910211221,1.2079243785947944,false,applicable,,kmeans,scenario=SRPI|source_lineage=srpi-200|terminal=1_2LT|phase=A,value_pu,standard_scaler_fit_on_calibration_group,calibration_distance_percentile_99,42,2,all_observations,"kmeans|feature=value_pu|groups=scenario,source_lineage,terminal,phase|scale=standard|clusters=2|seed=42|threshold=p99",200,0,0.00022960929096011232,3.0,false,applicable,,dbscan,scenario=SRPI|source_lineage=srpi-200|terminal=1_2LT|phase=A,value_pu,standard_scaler_fit_on_calibration_group,explicit_effective_eps,explicit_effective_eps,all_observations,"dbscan|feature=value_pu|groups=scenario,source_lineage,terminal,phase|scale=standard|min_samples=2|eps=3.0",200,3.0,2,1,0,0.0,0,0,3,false,false,""
case.lis,154,T_OPO,A,1.7374421665468553,0.0324,195769.771,SRPI,200,srpi-200,112677.0,absolute_phase_to_ground_maximum,2.1517703848351477,rejected,non_applicable,,Gaussian adequacy status: rejected.,1.7540467575459056,0.052284552304374454,-0.21420526601927983,3.5,false,applicable,,1,0.19039565716285267,1.7893062664422041,false,applicable,,kmeans,scenario=SRPI|source_lineage=srpi-200|terminal=T_OPO|phase=A,value_pu,standard_scaler_fit_on_calibration_group,calibration_distance_percentile_99,42,2,all_observations,"kmeans|feature=value_pu|groups=scenario,source_lineage,terminal,phase|scale=standard|clusters=2|seed=42|threshold=p99",200,0,0.0011762925743451502,3.0,false,applicable,,dbscan,scenario=SRPI|source_lineage=srpi-200|terminal=T_OPO|phase=A,value_pu,standard_scaler_fit_on_calibration_group,explicit_effective_eps,explicit_effective_eps,all_observations,"dbscan|feature=value_pu|groups=scenario,source_lineage,terminal,phase|scale=standard|min_samples=2|eps=3.0",200,3.0,2,1,0,0.0,0,0,3,false,false,""
case.lis,155,T_MAN,A,1.1060681771790162,0.03361,124628.444,SRPI,200,srpi-200,112677.0,absolute_phase_to_ground_maximum,1.6579768140784057,rejected,non_applicable,,Gaussian adequacy status: rejected.,1.2431039608793277,0.06948989589712162,-1.3301103753671903,3.5,false,applicable,,0,0.8861388460513627,1.4646167600081432,false,applicable,,kmeans,scenario=SRPI|source_lineage=srpi-200|terminal=T_MAN|phase=A,value_pu,standard_scaler_fit_on_calibration_group,calibration_distance_percentile_99,42,2,all_observations,"kmeans|feature=value_pu|groups=scenario,source_lineage,terminal,phase|scale=standard|clusters=2|seed=42|threshold=p99",200,0,0.02778857347721808,3.0,false,applicable,,dbscan,scenario=SRPI|source_lineage=srpi-200|terminal=T_MAN|phase=A,value_pu,standard_scaler_fit_on_calibration_group,explicit_effective_eps,explicit_effective_eps,all_observations,"dbscan|feature=value_pu|groups=scenario,source_lineage,terminal,phase|scale=standard|min_samples=2|eps=3.0",200,3.0,2,1,0,0.0,0,0,3,false,false,""
case.lis,155,1_2LT,A,1.1462426937174401,0.03329,129155.188,SRPI,200,srpi-200,112677.0,absolute_phase_to_ground_maximum,2.4232717330313314,rejected,non_applicable,,Gaussian adequacy status: rejected.,1.7070286305102194,0.18248979827293954,-2.072687733782898,3.5,false,applicable,,0,1.1249440301347133,1.2079243785947944,false,applicable,,kmeans,scenario=SRPI|source_lineage=srpi-200|terminal=1_2LT|phase=A,value_pu,standard_scaler_fit_on_calibration_group,calibration_distance_percentile_99,42,2,all_observations,"kmeans|feature=value_pu|groups=scenario,source_lineage,terminal,phase|scale=standard|clusters=2|seed=42|threshold=p99",200,0,0.05097082983663004,3.0,false,applicable,,dbscan,scenario=SRPI|source_lineage=srpi-200|terminal=1_2LT|phase=A,value_pu,standard_scaler_fit_on_calibration_group,explicit_effective_eps,explicit_effective_eps,all_observations,"dbscan|feature=value_pu|groups=scenario,source_lineage,terminal,phase|scale=standard|min_samples=2|eps=3.0",200,3.0,2,1,0,0.0,0,0,3,false,false,""
case.lis,155,T_OPO,A,1.2544916087577767,0.03464,141352.351,SRPI,200,srpi-200,112677.0,absolute_phase_to_ground_maximum,2.1517703848351477,rejected,non_applicable,,Gaussian adequacy status: rejected.,1.7540467575459056,0.052284552304374454,-6.444443199087708,3.5,true,applicable,,0,1.253328652078309,1.7893062664422041,false,applicable,,kmeans,scenario=SRPI|source_lineage=srpi-200|terminal=T_OPO|phase=A,value_pu,standard_scaler_fit_on_calibration_group,calibration_distance_percentile_99,42,2,all_observations,"kmeans|feature=value_pu|groups=scenario,source_lineage,terminal,phase|scale=standard|clusters=2|seed=42|threshold=p99",200,0,0.03888759317361101,3.0,false,applicable,,dbscan,scenario=SRPI|source_lineage=srpi-200|terminal=T_OPO|phase=A,value_pu,standard_scaler_fit_on_calibration_group,explicit_effective_eps,explicit_effective_eps,all_observations,"dbscan|feature=value_pu|groups=scenario,source_lineage,terminal,phase|scale=standard|min_samples=2|eps=3.0",200,3.0,2,1,0,0.0,0,1,3,true,true,mad_modified_z
case.lis,156,T_MAN,A,1.1427531971919735,0.03388,128762.002,SRPI,200,srpi-200,112677.0,absolute_phase_to_ground_maximum,1.6579768140784057,rejected,non_applicable,,Gaussian adequacy status: rejected.,1.2431039608793277,0.06948989589712162,-0.9740345795261609,3.5,false,applicable,,0,0.5946341404719396,1.4646167600081432,false,applicable,,kmeans,scenario=SRPI|source_lineage=srpi-200|terminal=T_MAN|phase=A,value_pu,standard_scaler_fit_on_calibration_group,calibration_distance_percentile_99,42,2,all_observations,"kmeans|feature=value_pu|groups=scenario,source_lineage,terminal,phase|scale=standard|clusters=2|seed=42|threshold=p99",200,0,0.009823080612287649,3.0,false,applicable,,dbscan,scenario=SRPI|source_lineage=srpi-200|terminal=T_MAN|phase=A,value_pu,standard_scaler_fit_on_calibration_group,explicit_effective_eps,explicit_effective_eps,all_observations,"dbscan|feature=value_pu|groups=scenario,source_lineage,terminal,phase|scale=standard|min_samples=2|eps=3.0",200,3.0,2,1,0,0.0,0,0,3,false,false,""
case.lis,156,1_2LT,A,1.4311588966692403,0.03252,161258.691,SRPI,200,srpi-200,112677.0,absolute_phase_to_ground_maximum,2.4232717330313314,rejected,non_applicable,,Gaussian adequacy status: rejected.,1.7070286305102194,0.18248979827293954,-1.019625807173973,3.5,false,applicable,,0,0.023585505729492473,1.2079243785947944,false,applicable,,kmeans,scenario=SRPI|source_lineage=srpi-200|terminal=1_2LT|phase=A,value_pu,standard_scaler_fit_on_calibration_group,calibration_distance_percentile_99,42,2,all_observations,"kmeans|feature=value_pu|groups=scenario,source_lineage,terminal,phase|scale=standard|clusters=2|seed=42|threshold=p99",200,0,0.012338619434633324,3.0,false,applicable,,dbscan,scenario=SRPI|source_lineage=srpi-200|terminal=1_2LT|phase=A,value_pu,standard_scaler_fit_on_calibration_group,explicit_effective_eps,explicit_effective_eps,all_observations,"dbscan|feature=value_pu|groups=scenario,source_lineage,terminal,phase|scale=standard|min_samples=2|eps=3.0",200,3.0,2,1,0,0.0,0,0,3,false,false,""
case.lis,156,T_OPO,A,1.5824759090142622,0.03269,178308.638,SRPI,200,srpi-200,112677.0,absolute_phase_to_ground_maximum,2.1517703848351477,rejected,non_applicable,,Gaussian adequacy status: rejected.,1.7540467575459056,0.052284552304374454,-2.213326377805779,3.5,false,applicable,,0,0.9223085018911487,1.7893062664422041,false,applicable,,kmeans,scenario=SRPI|source_lineage=srpi-200|terminal=T_OPO|phase=A,value_pu,standard_scaler_fit_on_calibration_group,calibration_distance_percentile_99,42,2,all_observations,"kmeans|feature=value_pu|groups=scenario,source_lineage,terminal,phase|scale=standard|clusters=2|seed=42|threshold=p99",200,0,0.005736464692926324,3.0,false,applicable,,dbscan,scenario=SRPI|source_lineage=srpi-200|terminal=T_OPO|phase=A,value_pu,standard_scaler_fit_on_calibration_group,explicit_effective_eps,explicit_effective_eps,all_observations,"dbscan|feature=value_pu|groups=scenario,source_lineage,terminal,phase|scale=standard|min_samples=2|eps=3.0",200,3.0,2,1,0,0.0,0,0,3,false,false,""
case.lis,157,T_MAN,A,1.41957010747535,0.03424,159952.901,SRPI,200,srpi-200,112677.0,absolute_phase_to_ground_maximum,1.6579768140784057,rejected,non_applicable,,Gaussian adequacy status: rejected.,1.2431039608793277,0.06948989589712162,1.7128332917900708,3.5,false,applicable,,1,0.3239551345393097,1.4646167600081432,false,applicable,,kmeans,scenario=SRPI|source_lineage=srpi-200|terminal=T_MAN|phase=A,value_pu,standard_scaler_fit_on_calibration_group,calibration_distance_percentile_99,42,2,all_observations,"kmeans|feature=value_pu|groups=scenario,source_lineage,terminal,phase|scale=standard|clusters=2|seed=42|threshold=p99",200,0,0.0031825647198098217,3.0,false,applicable,,dbscan,scenario=SRPI|source_lineage=srpi-200|terminal=T_MAN|phase=A,value_pu,standard_scaler_fit_on_calibration_group,explicit_effective_eps,explicit_effective_eps,all_observations,"dbscan|feature=value_pu|groups=scenario,source_lineage,terminal,phase|scale=standard|min_samples=2|eps=3.0",200,3.0,2,1,0,0.0,0,0,3,false,false,""
case.lis,157,1_2LT,A,1.8799100792530863,0.03436,211822.628,SRPI,200,srpi-200,112677.0,absolute_phase_to_ground_maximum,2.4232717330313314,rejected,non_applicable,,Gaussian adequacy status: rejected.,1.7070286305102194,0.18248979827293954,0.6389768977754633,3.5,false,applicable,,1,0.09686584117153896,1.2079243785947944,false,applicable,,kmeans,scenario=SRPI|source_lineage=srpi-200|terminal=1_2LT|phase=A,value_pu,standard_scaler_fit_on_calibration_group,calibration_distance_percentile_99,42,2,all_observations,"kmeans|feature=value_pu|groups=scenario,source_lineage,terminal,phase|scale=standard|clusters=2|seed=42|threshold=p99",200,0,0.0163237251575018,3.0,false,applicable,,dbscan,scenario=SRPI|source_lineage=srpi-200|terminal=1_2LT|phase=A,value_pu,standard_scaler_fit_on_calibration_group,explicit_effective_eps,explicit_effective_eps,all_observations,"dbscan|feature=value_pu|groups=scenario,source_lineage,terminal,phase|scale=standard|min_samples=2|eps=3.0",200,3.0,2,1,0,0.0,0,0,3,false,false,""
case.lis,157,T_OPO,A,1.7897754821303373,0.03449,201666.532,SRPI,200,srpi-200,112677.0,absolute_phase_to_ground_maximum,2.1517703848351477,rejected,non_applicable,,Gaussian adequacy status: rejected.,1.7540467575459056,0.052284552304374454,0.46091354822142644,3.5,false,applicable,,1,0.15674994000382375,1.7893062664422041,false,applicable,,kmeans,scenario=SRPI|source_lineage=srpi-200|terminal=T_OPO|phase=A,value_pu,standard_scaler_fit_on_calibration_group,calibration_distance_percentile_99,42,2,all_observations,"kmeans|feature=value_pu|groups=scenario,source_lineage,terminal,phase|scale=standard|clusters=2|seed=42|threshold=p99",200,0,0.0016455497741912906,3.0,false,applicable,,dbscan,scenario=SRPI|source_lineage=srpi-200|terminal=T_OPO|phase=A,value_pu,standard_scaler_fit_on_calibration_group,explicit_effective_eps,explicit_effective_eps,all_observations,"dbscan|feature=value_pu|groups=scenario,source_lineage,terminal,phase|scale=standard|min_samples=2|eps=3.0",200,3.0,2,1,0,0.0,0,0,3,false,false,""
case.lis,158,T_MAN,A,1.2122378568829486,0.03369,136591.325,SRPI,200,srpi-200,112677.0,absolute_phase_to_ground_maximum,1.6579768140784057,rejected,non_applicable,,Gaussian adequacy status: rejected.,1.2431039608793277,0.06948989589712162,-0.29959565351581396,3.5,false,applicable,,0,0.04249854784176299,1.4646167600081432,false,applicable,,kmeans,scenario=SRPI|source_lineage=srpi-200|terminal=T_MAN|phase=A,value_pu,standard_scaler_fit_on_calibration_group,calibration_distance_percentile_99,42,2,all_observations,"kmeans|feature=value_pu|groups=scenario,source_lineage,terminal,phase|scale=standard|clusters=2|seed=42|threshold=p99",200,0,0.010680551516321524,3.0,false,applicable,,dbscan,scenario=SRPI|source_lineage=srpi-200|terminal=T_MAN|phase=A,value_pu,standard_scaler_fit_on_calibration_group,explicit_effective_eps,explicit_effective_eps,all_observations,"dbscan|feature=value_pu|groups=scenario,source_lineage,terminal,phase|scale=standard|min_samples=2|eps=3.0",200,3.0,2,1,0,0.0,0,0,3,false,false,""
case.lis,158,1_2LT,A,1.5924600406471596,0.03234,179433.62,SRPI,200,srpi-200,112677.0,absolute_phase_to_ground_maximum,2.4232717330313314,rejected,non_applicable,,Gaussian adequacy status: rejected.,1.7070286305102194,0.18248979827293954,-0.42345018893317093,3.5,false,applicable,,0,0.673808715599609,1.2079243785947944,false,applicable,,kmeans,scenario=SRPI|source_lineage=srpi-200|terminal=1_2LT|phase=A,value_pu,standard_scaler_fit_on_calibration_group,calibration_distance_percentile_99,42,2,all_observations,"kmeans|feature=value_pu|groups=scenario,source_lineage,terminal,phase|scale=standard|clusters=2|seed=42|threshold=p99",200,0,0.0017099774509252152,3.0,false,applicable,,dbscan,scenario=SRPI|source_lineage=srpi-200|terminal=1_2LT|phase=A,value_pu,standard_scaler_fit_on_calibration_group,explicit_effective_eps,explicit_effective_eps,all_observations,"dbscan|feature=value_pu|groups=scenario,source_lineage,terminal,phase|scale=standard|min_samples=2|eps=3.0",200,3.0,2,1,0,0.0,0,0,3,false,false,""
case.lis,158,T_OPO,A,1.7020095227952465,0.03249,191777.327,SRPI,200,srpi-200,112677.0,absolute_phase_to_ground_maximum,2.1517703848351477,rejected,non_applicable,,Gaussian adequacy status: rejected.,1.7540467575459056,0.052284552304374454,-0.6712992637584524,3.5,false,applicable,,1,0.42543305422448097,1.7893062664422041,false,applicable,,kmeans,scenario=SRPI|source_lineage=srpi-200|terminal=T_OPO|phase=A,value_pu,standard_scaler_fit_on_calibration_group,calibration_distance_percentile_99,42,2,all_observations,"kmeans|feature=value_pu|groups=scenario,source_lineage,terminal,phase|scale=standard|clusters=2|seed=42|threshold=p99",200,0,0.00948563603555755,3.0,false,applicable,,dbscan,scenario=SRPI|source_lineage=srpi-200|terminal=T_OPO|phase=A,value_pu,standard_scaler_fit_on_calibration_group,explicit_effective_eps,explicit_effective_eps,all_observations,"dbscan|feature=value_pu|groups=scenario,source_lineage,terminal,phase|scale=standard|min_samples=2|eps=3.0",200,3.0,2,1,0,0.0,0,0,3,false,false,""
case.lis,159,T_MAN,A,1.097583002742352,0.04146,-123672.36,SRPI,200,srpi-200,112677.0,absolute_phase_to_ground_maximum,1.6579768140784057,rejected,non_applicable,,Gaussian adequacy status: rejected.,1.2431039608793277,0.06948989589712162,-1.412470020784256,3.5,false,applicable,,0,0.9535633227199366,1.4646167600081432,false,applicable,,kmeans,scenario=SRPI|source_lineage=srpi-200|terminal=T_MAN|phase=A,value_pu,standard_scaler_fit_on_calibration_group,calibration_distance_percentile_99,42,2,all_observations,"kmeans|feature=value_pu|groups=scenario,source_lineage,terminal,phase|scale=standard|clusters=2|seed=42|threshold=p99",200,0,0.03963590319135579,3.0,false,applicable,,dbscan,scenario=SRPI|source_lineage=srpi-200|terminal=T_MAN|phase=A,value_pu,standard_scaler_fit_on_calibration_group,explicit_effective_eps,explicit_effective_eps,all_observations,"dbscan|feature=value_pu|groups=scenario,source_lineage,terminal,phase|scale=standard|min_samples=2|eps=3.0",200,3.0,2,1,0,0.0,0,0,3,false,false,""
case.lis,159,1_2LT,A,1.5466375036609068,0.03576,174270.474,SRPI,200,srpi-200,112677.0,absolute_phase_to_ground_maximum,2.4232717330313314,rejected,non_applicable,,Gaussian adequacy status: rejected.,1.7070286305102194,0.18248979827293954,-0.592812157753931,3.5,false,applicable,,0,0.48909287075927665,1.2079243785947944,false,applicable,,kmeans,scenario=SRPI|source_lineage=srpi-200|terminal=1_2LT|phase=A,value_pu,standard_scaler_fit_on_calibration_group,calibration_distance_percentile_99,42,2,all_observations,"kmeans|feature=value_pu|groups=scenario,source_lineage,terminal,phase|scale=standard|clusters=2|seed=42|threshold=p99",200,0,0.0014367574205312872,3.0,false,applicable,,dbscan,scenario=SRPI|source_lineage=srpi-200|terminal=1_2LT|phase=A,value_pu,standard_scaler_fit_on_calibration_group,explicit_effective_eps,explicit_effective_eps,all_observations,"dbscan|feature=value_pu|groups=scenario,source_lineage,terminal,phase|scale=standard|min_samples=2|eps=3.0",200,3.0,2,1,0,0.0,0,0,3,false,false,""
case.lis,159,T_OPO,A,1.6151335055068912,0.03592,181988.398,SRPI,200,srpi-200,112677.0,absolute_phase_to_ground_maximum,2.1517703848351477,rejected,non_applicable,,Gaussian adequacy status: rejected.,1.7540467575459056,0.052284552304374454,-1.792031499500494,3.5,false,applicable,,1,1.0017127446048786,1.7893062664422041,false,applicable,,kmeans,scenario=SRPI|source_lineage=srpi-200|terminal=T_OPO|phase=A,value_pu,standard_scaler_fit_on_calibration_group,calibration_distance_percentile_99,42,2,all_observations,"kmeans|feature=value_pu|groups=scenario,source_lineage,terminal,phase|scale=standard|clusters=2|seed=42|threshold=p99",200,0,0.032509969258063265,3.0,false,applicable,,dbscan,scenario=SRPI|source_lineage=srpi-200|terminal=T_OPO|phase=A,value_pu,standard_scaler_fit_on_calibration_group,explicit_effective_eps,explicit_effective_eps,all_observations,"dbscan|feature=value_pu|groups=scenario,source_lineage,terminal,phase|scale=standard|min_samples=2|eps=3.0",200,3.0,2,1,0,0.0,0,0,3,false,false,""
case.lis,160,T_MAN,A,1.2338659619975683,0.03341,139028.315,SRPI,200,srpi-200,112677.0,absolute_phase_to_ground_maximum,1.6579768140784057,rejected,non_applicable,,Gaussian adequacy status: rejected.,1.2431039608793277,0.06948989589712162,-0.0896667850430284,3.5,false,applicable,,0,0.12936163954401908,1.4646167600081432,false,applicable,,kmeans,scenario=SRPI|source_lineage=srpi-200|terminal=T_MAN|phase=A,value_pu,standard_scaler_fit_on_calibration_group,calibration_distance_percentile_99,42,2,all_observations,"kmeans|feature=value_pu|groups=scenario,source_lineage,terminal,phase|scale=standard|clusters=2|seed=42|threshold=p99",200,0,0.003955903475765354,3.0,false,applicable,,dbscan,scenario=SRPI|source_lineage=srpi-200|terminal=T_MAN|phase=A,value_pu,standard_scaler_fit_on_calibration_group,explicit_effective_eps,explicit_effective_eps,all_observations,"dbscan|feature=value_pu|groups=scenario,source_lineage,terminal,phase|scale=standard|min_samples=2|eps=3.0",200,3.0,2,1,0,0.0,0,0,3,false,false,""
case.lis,160,1_2LT,A,1.296412550919886,0.0333,146075.877,SRPI,200,srpi-200,112677.0,absolute_phase_to_ground_maximum,2.4232717330313314,rejected,non_applicable,,Gaussian adequacy status: rejected.,1.7070286305102194,0.18248979827293954,-1.5176538062426403,3.5,false,applicable,,0,0.5195923000237479,1.2079243785947944,false,applicable,,kmeans,scenario=SRPI|source_lineage=srpi-200|terminal=1_2LT|phase=A,value_pu,standard_scaler_fit_on_calibration_group,calibration_distance_percentile_99,42,2,all_observations,"kmeans|feature=value_pu|groups=scenario,source_lineage,terminal,phase|scale=standard|clusters=2|seed=42|threshold=p99",200,0,0.0062995158585517075,3.0,false,applicable,,dbscan,scenario=SRPI|source_lineage=srpi-200|terminal=1_2LT|phase=A,value_pu,standard_scaler_fit_on_calibration_group,explicit_effective_eps,explicit_effective_eps,all_observations,"dbscan|feature=value_pu|groups=scenario,source_lineage,terminal,phase|scale=standard|min_samples=2|eps=3.0",200,3.0,2,1,0,0.0,0,0,3,false,false,""
case.lis,160,T_OPO,A,1.4649349467948207,0.03463,165064.475,SRPI,200,srpi-200,112677.0,absolute_phase_to_ground_maximum,2.1517703848351477,rejected,non_applicable,,Gaussian adequacy status: rejected.,1.7540467575459056,0.052284552304374454,-3.7296475616167966,3.5,true,applicable,,0,0.1426172657010092,1.7893062664422041,false,applicable,,kmeans,scenario=SRPI|source_lineage=srpi-200|terminal=T_OPO|phase=A,value_pu,standard_scaler_fit_on_calibration_group,calibration_distance_percentile_99,42,2,all_observations,"kmeans|feature=value_pu|groups=scenario,source_lineage,terminal,phase|scale=standard|clusters=2|seed=42|threshold=p99",200,0,0.01791990281606215,3.0,false,applicable,,dbscan,scenario=SRPI|source_lineage=srpi-200|terminal=T_OPO|phase=A,value_pu,standard_scaler_fit_on_calibration_group,explicit_effective_eps,explicit_effective_eps,all_observations,"dbscan|feature=value_pu|groups=scenario,source_lineage,terminal,phase|scale=standard|min_samples=2|eps=3.0",200,3.0,2,1,0,0.0,0,1,3,true,true,mad_modified_z
case.lis,161,T_MAN,A,1.3323612627244248,0.02484,-150126.47,SRPI,200,srpi-200,112677.0,absolute_phase_to_ground_maximum,1.6579768140784057,rejected,non_applicable,,Gaussian adequacy status: rejected.,1.2431039608793277,0.06948989589712162,0.8663581150532343,3.5,false,applicable,,0,0.9120201641733601,1.4646167600081432,false,applicable,,kmeans,scenario=SRPI|source_lineage=srpi-200|terminal=T_MAN|phase=A,value_pu,standard_scaler_fit_on_calibration_group,calibration_distance_percentile_99,42,2,all_observations,"kmeans|feature=value_pu|groups=scenario,source_lineage,terminal,phase|scale=standard|clusters=2|seed=42|threshold=p99",200,0,0.01565831150985081,3.0,false,applicable,,dbscan,scenario=SRPI|source_lineage=srpi-200|terminal=T_MAN|phase=A,value_pu,standard_scaler_fit_on_calibration_group,explicit_effective_eps,explicit_effective_eps,all_observations,"dbscan|feature=value_pu|groups=scenario,source_lineage,terminal,phase|scale=standard|min_samples=2|eps=3.0",200,3.0,2,1,0,0.0,0,0,3,false,false,""
case.lis,161,1_2LT,A,1.706011785901293,0.02366,-192228.29,SRPI,200,srpi-200,112677.0,absolute_phase_to_ground_maximum,2.4232717330313314,rejected,non_applicable,,Gaussian adequacy status: rejected.,1.7070286305102194,0.18248979827293954,-0.0037582992186616193,3.5,false,applicable,,1,0.6041379068838175,1.2079243785947944,false,applicable,,kmeans,scenario=SRPI|source_lineage=srpi-200|terminal=1_2LT|phase=A,value_pu,standard_scaler_fit_on_calibration_group,calibration_distance_percentile_99,42,2,all_observations,"kmeans|feature=value_pu|groups=scenario,source_lineage,terminal,phase|scale=standard|clusters=2|seed=42|threshold=p99",200,0,0.00819803194508946,3.0,false,applicable,,dbscan,scenario=SRPI|source_lineage=srpi-200|terminal=1_2LT|phase=A,value_pu,standard_scaler_fit_on_calibration_group,explicit_effective_eps,explicit_effective_eps,all_observations,"dbscan|feature=value_pu|groups=scenario,source_lineage,terminal,phase|scale=standard|min_samples=2|eps=3.0",200,3.0,2,1,0,0.0,0,0,3,false,false,""
case.lis,161,T_OPO,A,1.7529005919575422,0.02486,-197511.58,SRPI,200,srpi-200,112677.0,absolute_phase_to_ground_maximum,2.1517703848351477,rejected,non_applicable,,Gaussian adequacy status: rejected.,1.7540467575459056,0.052284552304374454,-0.014785953160276945,3.5,false,applicable,,1,0.08785439333084738,1.7893062664422041,false,applicable,,kmeans,scenario=SRPI|source_lineage=srpi-200|terminal=T_OPO|phase=A,value_pu,standard_scaler_fit_on_calibration_group,calibration_distance_percentile_99,42,2,all_observations,"kmeans|feature=value_pu|groups=scenario,source_lineage,terminal,phase|scale=standard|clusters=2|seed=42|threshold=p99",200,0,0.00015188603382393362,3.0,false,applicable,,dbscan,scenario=SRPI|source_lineage=srpi-200|terminal=T_OPO|phase=A,value_pu,standard_scaler_fit_on_calibration_group,explicit_effective_eps,explicit_effective_eps,all_observations,"dbscan|feature=value_pu|groups=scenario,source_lineage,terminal,phase|scale=standard|min_samples=2|eps=3.0",200,3.0,2,1,0,0.0,0,0,3,false,false,""
case.lis,162,T_MAN,A,1.34654945552331,0.03337,151725.153,SRPI,200,srpi-200,112677.0,absolute_phase_to_ground_maximum,1.6579768140784057,rejected,non_applicable,,Gaussian adequacy status: rejected.,1.2431039608793277,0.06948989589712162,1.0040729654369764,3.5,false,applicable,,1,0.9041882553329923,1.4646167600081432,false,applicable,,kmeans,scenario=SRPI|source_lineage=srpi-200|terminal=T_MAN|phase=A,value_pu,standard_scaler_fit_on_calibration_group,calibration_distance_percentile_99,42,2,all_observations,"kmeans|feature=value_pu|groups=scenario,source_lineage,terminal,phase|scale=standard|clusters=2|seed=42|threshold=p99",200,0,0.037877943269014724,3.0,false,applicable,,dbscan,scenario=SRPI|source_lineage=srpi-200|terminal=T_MAN|phase=A,value_pu,standard_scaler_fit_on_calibration_group,explicit_effective_eps,explicit_effective_eps,all_observations,"dbscan|feature=value_pu|groups=scenario,source_lineage,terminal,phase|scale=standard|min_samples=2|eps=3.0",200,3.0,2,1,0,0.0,0,0,3,false,false,""
case.lis,162,1_2LT,A,1.889462108504841,0.0335,212898.922,SRPI,200,srpi-200,112677.0,absolute_phase_to_ground_maximum,2.4232717330313314,rejected,non_applicable,,Gaussian adequacy status: rejected.,1.7070286305102194,0.18248979827293954,0.6742815881464052,3.5,false,applicable,,1,0.13537115469677652,1.2079243785947944,false,applicable,,kmeans,scenario=SRPI|source_lineage=srpi-200|terminal=1_2LT|phase=A,value_pu,standard_scaler_fit_on_calibration_group,calibration_distance_percentile_99,42,2,all_observations,"kmeans|feature=value_pu|groups=scenario,source_lineage,terminal,phase|scale=standard|clusters=2|seed=42|threshold=p99",200,0,0.0004540668620873767,3.0,false,applicable,,dbscan,scenario=SRPI|source_lineage=srpi-200|terminal=1_2LT|phase=A,value_pu,standard_scaler_fit_on_calibration_group,explicit_effective_eps,explicit_effective_eps,all_observations,"dbscan|feature=value_pu|groups=scenario,source_lineage,terminal,phase|scale=standard|min_samples=2|eps=3.0",200,3.0,2,1,0,0.0,0,0,3,false,false,""
case.lis,162,T_OPO,A,1.8027122482849207,0.03334,203124.208,SRPI,200,srpi-200,112677.0,absolute_phase_to_ground_maximum,2.1517703848351477,rejected,non_applicable,,Gaussian adequacy status: rejected.,1.7540467575459056,0.052284552304374454,0.6278025390872816,3.5,false,applicable,,1,0.24256413622027723,1.7893062664422041,false,applicable,,kmeans,scenario=SRPI|source_lineage=srpi-200|terminal=T_OPO|phase=A,value_pu,standard_scaler_fit_on_calibration_group,calibration_distance_percentile_99,42,2,all_observations,"kmeans|feature=value_pu|groups=scenario,source_lineage,terminal,phase|scale=standard|clusters=2|seed=42|threshold=p99",200,0,0.0005445526406427925,3.0,false,applicable,,dbscan,scenario=SRPI|source_lineage=srpi-200|terminal=T_OPO|phase=A,value_pu,standard_scaler_fit_on_calibration_group,explicit_effective_eps,explicit_effective_eps,all_observations,"dbscan|feature=value_pu|groups=scenario,source_lineage,terminal,phase|scale=standard|min_samples=2|eps=3.0",200,3.0,2,1,0,0.0,0,0,3,false,false,""
case.lis,163,T_MAN,A,1.2915690336093437,0.03327,145530.124,SRPI,200,srpi-200,112677.0,absolute_phase_to_ground_maximum,1.6579768140784057,rejected,non_applicable,,Gaussian adequacy status: rejected.,1.2431039608793277,0.06948989589712162,0.4704165170616905,3.5,false,applicable,,0,0.5878789552025032,1.4646167600081432,false,applicable,,kmeans,scenario=SRPI|source_lineage=srpi-200|terminal=T_MAN|phase=A,value_pu,standard_scaler_fit_on_calibration_group,calibration_distance_percentile_99,42,2,all_observations,"kmeans|feature=value_pu|groups=scenario,source_lineage,terminal,phase|scale=standard|clusters=2|seed=42|threshold=p99",200,0,0.00394807558939847,3.0,false,applicable,,dbscan,scenario=SRPI|source_lineage=srpi-200|terminal=T_MAN|phase=A,value_pu,standard_scaler_fit_on_calibration_group,explicit_effective_eps,explicit_effective_eps,all_observations,"dbscan|feature=value_pu|groups=scenario,source_lineage,terminal,phase|scale=standard|min_samples=2|eps=3.0",200,3.0,2,1,0,0.0,0,0,3,false,false,""
case.lis,163,1_2LT,A,1.843178448130497,0.03332,207683.818,SRPI,200,srpi-200,112677.0,absolute_phase_to_ground_maximum,2.4232717330313314,rejected,non_applicable,,Gaussian adequacy status: rejected.,1.7070286305102194,0.18248979827293954,0.5032152884436627,3.5,false,applicable,,1,0.05120353083219964,1.2079243785947944,false,applicable,,kmeans,scenario=SRPI|source_lineage=srpi-200|terminal=1_2LT|phase=A,value_pu,standard_scaler_fit_on_calibration_group,calibration_distance_percentile_99,42,2,all_observations,"kmeans|feature=value_pu|groups=scenario,source_lineage,terminal,phase|scale=standard|clusters=2|seed=42|threshold=p99",200,0,0.001104829249523931,3.0,false,applicable,,dbscan,scenario=SRPI|source_lineage=srpi-200|terminal=1_2LT|phase=A,value_pu,standard_scaler_fit_on_calibration_group,explicit_effective_eps,explicit_effective_eps,all_observations,"dbscan|feature=value_pu|groups=scenario,source_lineage,terminal,phase|scale=standard|min_samples=2|eps=3.0",200,3.0,2,1,0,0.0,0,0,3,false,false,""
case.lis,163,T_OPO,A,1.8307290840189212,0.03351,206281.061,SRPI,200,srpi-200,112677.0,absolute_phase_to_ground_maximum,2.1517703848351477,rejected,non_applicable,,Gaussian adequacy status: rejected.,1.7540467575459056,0.052284552304374454,0.989229914911433,3.5,false,applicable,,1,0.42840982673620703,1.7893062664422041,false,applicable,,kmeans,scenario=SRPI|source_lineage=srpi-200|terminal=T_OPO|phase=A,value_pu,standard_scaler_fit_on_calibration_group,calibration_distance_percentile_99,42,2,all_observations,"kmeans|feature=value_pu|groups=scenario,source_lineage,terminal,phase|scale=standard|clusters=2|seed=42|threshold=p99",200,0,0.023508366931842772,3.0,false,applicable,,dbscan,scenario=SRPI|source_lineage=srpi-200|terminal=T_OPO|phase=A,value_pu,standard_scaler_fit_on_calibration_group,explicit_effective_eps,explicit_effective_eps,all_observations,"dbscan|feature=value_pu|groups=scenario,source_lineage,terminal,phase|scale=standard|min_samples=2|eps=3.0",200,3.0,2,1,0,0.0,0,0,3,false,false,""
case.lis,164,T_MAN,A,1.3083892009904416,0.02642,-147425.37,SRPI,200,srpi-200,112677.0,absolute_phase_to_ground_maximum,1.6579768140784057,rejected,non_applicable,,Gaussian adequacy status: rejected.,1.2431039608793277,0.06948989589712162,0.6336781013347352,3.5,false,applicable,,0,0.7215345437367808,1.4646167600081432,false,applicable,,kmeans,scenario=SRPI|source_lineage=srpi-200|terminal=T_MAN|phase=A,value_pu,standard_scaler_fit_on_calibration_group,calibration_distance_percentile_99,42,2,all_observations,"kmeans|feature=value_pu|groups=scenario,source_lineage,terminal,phase|scale=standard|clusters=2|seed=42|threshold=p99",200,0,0.016193358121323387,3.0,false,applicable,,dbscan,scenario=SRPI|source_lineage=srpi-200|terminal=T_MAN|phase=A,value_pu,standard_scaler_fit_on_calibration_group,explicit_effective_eps,explicit_effective_eps,all_observations,"dbscan|feature=value_pu|groups=scenario,source_lineage,terminal,phase|scale=standard|min_samples=2|eps=3.0",200,3.0,2,1,0,0.0,0,0,3,false,false,""
case.lis,164,1_2LT,A,1.780538619239064,0.02654,-200625.75,SRPI,200,srpi-200,112677.0,absolute_phase_to_ground_maximum,2.4232717330313314,rejected,non_applicable,,Gaussian adequacy status: rejected.,1.7070286305102194,0.18248979827293954,0.2716959216562815,3.5,false,applicable,,1,0.30371178714734365,1.2079243785947944,false,applicable,,kmeans,scenario=SRPI|source_lineage=srpi-200|terminal=1_2LT|phase=A,value_pu,standard_scaler_fit_on_calibration_group,calibration_distance_percentile_99,42,2,all_observations,"kmeans|feature=value_pu|groups=scenario,source_lineage,terminal,phase|scale=standard|clusters=2|seed=42|threshold=p99",200,0,0.00020542482840363308,3.0,false,applicable,,dbscan,scenario=SRPI|source_lineage=srpi-200|terminal=1_2LT|phase=A,value_pu,standard_scaler_fit_on_calibration_group,explicit_effective_eps,explicit_effective_eps,all_observations,"dbscan|feature=value_pu|groups=scenario,source_lineage,terminal,phase|scale=standard|min_samples=2|eps=3.0",200,3.0,2,1,0,0.0,0,0,3,false,false,""
case.lis,164,T_OPO,A,1.7894313835121631,0.02645,-201627.76,SRPI,200,srpi-200,112677.0,absolute_phase_to_ground_maximum,2.1517703848351477,rejected,non_applicable,,Gaussian adequacy status: rejected.,1.7540467575459056,0.052284552304374454,0.45647455083527666,3.5,false,applicable,,1,0.1544674108164697,1.7893062664422041,false,applicable,,kmeans,scenario=SRPI|source_lineage=srpi-200|terminal=T_OPO|phase=A,value_pu,standard_scaler_fit_on_calibration_group,calibration_distance_percentile_99,42,2,all_observations,"kmeans|feature=value_pu|groups=scenario,source_lineage,terminal,phase|scale=standard|clusters=2|seed=42|threshold=p99",200,0,0.0006369794131627637,3.0,false,applicable,,dbscan,scenario=SRPI|source_lineage=srpi-200|terminal=T_OPO|phase=A,value_pu,standard_scaler_fit_on_calibration_group,explicit_effective_eps,explicit_effective_eps,all_observations,"dbscan|feature=value_pu|groups=scenario,source_lineage,terminal,phase|scale=standard|min_samples=2|eps=3.0",200,3.0,2,1,0,0.0,0,0,3,false,false,""
case.lis,165,T_MAN,A,1.2889515162810512,0.03494,145235.19,SRPI,200,srpi-200,112677.0,absolute_phase_to_ground_maximum,1.6579768140784057,rejected,non_applicable,,Gaussian adequacy status: rejected.,1.2431039608793277,0.06948989589712162,0.44501010961063175,3.5,false,applicable,,0,0.5670797674723767,1.4646167600081432,false,applicable,,kmeans,scenario=SRPI|source_lineage=srpi-200|terminal=T_MAN|phase=A,value_pu,standard_scaler_fit_on_calibration_group,calibration_distance_percentile_99,42,2,all_observations,"kmeans|feature=value_pu|groups=scenario,source_lineage,terminal,phase|scale=standard|clusters=2|seed=42|threshold=p99",200,0,0.000715299562434768,3.0,false,applicable,,dbscan,scenario=SRPI|source_lineage=srpi-200|terminal=T_MAN|phase=A,value_pu,standard_scaler_fit_on_calibration_group,explicit_effective_eps,explicit_effective_eps,all_observations,"dbscan|feature=value_pu|groups=scenario,source_lineage,terminal,phase|scale=standard|min_samples=2|eps=3.0",200,3.0,2,1,0,0.0,0,0,3,false,false,""
case.lis,165,1_2LT,A,1.8166439379820194,0.03506,204693.989,SRPI,200,srpi-200,112677.0,absolute_phase_to_ground_maximum,2.4232717330313314,rejected,non_applicable,,Gaussian adequacy status: rejected.,1.7070286305102194,0.18248979827293954,0.40514265484441847,3.5,false,applicable,,1,0.15816715139670146,1.2079243785947944,false,applicable,,kmeans,scenario=SRPI|source_lineage=srpi-200|terminal=1_2LT|phase=A,value_pu,standard_scaler_fit_on_calibration_group,calibration_distance_percentile_99,42,2,all_observations,"kmeans|feature=value_pu|groups=scenario,source_lineage,terminal,phase|scale=standard|clusters=2|seed=42|threshold=p99",200,0,0.0016550257726895001,3.0,false,applicable,,dbscan,scenario=SRPI|source_lineage=srpi-200|terminal=1_2LT|phase=A,value_pu,standard_scaler_fit_on_calibration_group,explicit_effective_eps,explicit_effective_eps,all_observations,"dbscan|feature=value_pu|groups=scenario,source_lineage,terminal,phase|scale=standard|min_samples=2|eps=3.0",200,3.0,2,1,0,0.0,0,0,3,false,false,""
case.lis,165,T_OPO,A,1.778712212785218,0.0352,200419.956,SRPI,200,srpi-200,112677.0,absolute_phase_to_ground_maximum,2.1517703848351477,rejected,non_applicable,,Gaussian adequacy status: rejected.,1.7540467575459056,0.052284552304374454,0.31819334793165166,3.5,false,applicable,,1,0.08336331810518277,1.7893062664422041,false,applicable,,kmeans,scenario=SRPI|source_lineage=srpi-200|terminal=T_OPO|phase=A,value_pu,standard_scaler_fit_on_calibration_group,calibration_distance_percentile_99,42,2,all_observations,"kmeans|feature=value_pu|groups=scenario,source_lineage,terminal,phase|scale=standard|clusters=2|seed=42|threshold=p99",200,0,0.0024658520979441434,3.0,false,applicable,,dbscan,scenario=SRPI|source_lineage=srpi-200|terminal=T_OPO|phase=A,value_pu,standard_scaler_fit_on_calibration_group,explicit_effective_eps,explicit_effective_eps,all_observations,"dbscan|feature=value_pu|groups=scenario,source_lineage,terminal,phase|scale=standard|min_samples=2|eps=3.0",200,3.0,2,1,0,0.0,0,0,3,false,false,""
case.lis,166,T_MAN,A,1.2671526132218642,0.03494,142778.955,SRPI,200,srpi-200,112677.0,absolute_phase_to_ground_maximum,1.6579768140784057,rejected,non_applicable,,Gaussian adequacy status: rejected.,1.2431039608793277,0.06948989589712162,0.23342342511325795,3.5,false,applicable,,0,0.39386239384198896,1.4646167600081432,false,applicable,,kmeans,scenario=SRPI|source_lineage=srpi-200|terminal=T_MAN|phase=A,value_pu,standard_scaler_fit_on_calibration_group,calibration_distance_percentile_99,42,2,all_observations,"kmeans|feature=value_pu|groups=scenario,source_lineage,terminal,phase|scale=standard|clusters=2|seed=42|threshold=p99",200,0,0.004986998309872273,3.0,false,applicable,,dbscan,scenario=SRPI|source_lineage=srpi-200|terminal=T_MAN|phase=A,value_pu,standard_scaler_fit_on_calibration_group,explicit_effective_eps,explicit_effective_eps,all_observations,"dbscan|feature=value_pu|groups=scenario,source_lineage,terminal,phase|scale=standard|min_samples=2|eps=3.0",200,3.0,2,1,0,0.0,0,0,3,false,false,""
case.lis,166,1_2LT,A,1.7626966816652911,0.03507,198615.374,SRPI,200,srpi-200,112677.0,absolute_phase_to_ground_maximum,2.4232717330313314,rejected,non_applicable,,Gaussian adequacy status: rejected.,1.7070286305102194,0.18248979827293954,0.20575139143575236,3.5,false,applicable,,1,0.37563466155119113,1.2079243785947944,false,applicable,,kmeans,scenario=SRPI|source_lineage=srpi-200|terminal=1_2LT|phase=A,value_pu,standard_scaler_fit_on_calibration_group,calibration_distance_percentile_99,42,2,all_observations,"kmeans|feature=value_pu|groups=scenario,source_lineage,terminal,phase|scale=standard|clusters=2|seed=42|threshold=p99",200,0,0.002672311560857399,3.0,false,applicable,,dbscan,scenario=SRPI|source_lineage=srpi-200|terminal=1_2LT|phase=A,value_pu,standard_scaler_fit_on_calibration_group,explicit_effective_eps,explicit_effective_eps,all_observations,"dbscan|feature=value_pu|groups=scenario,source_lineage,terminal,phase|scale=standard|min_samples=2|eps=3.0",200,3.0,2,1,0,0.0,0,0,3,false,false,""
case.lis,166,T_OPO,A,1.8196811416704386,0.03489,205036.212,SRPI,200,srpi-200,112677.0,absolute_phase_to_ground_maximum,2.1517703848351477,rejected,non_applicable,,Gaussian adequacy status: rejected.,1.7540467575459056,0.052284552304374454,0.8467074384555087,3.5,false,applicable,,1,0.35512487428734035,1.7893062664422041,false,applicable,,kmeans,scenario=SRPI|source_lineage=srpi-200|terminal=T_OPO|phase=A,value_pu,standard_scaler_fit_on_calibration_group,calibration_distance_percentile_99,42,2,all_observations,"kmeans|feature=value_pu|groups=scenario,source_lineage,terminal,phase|scale=standard|clusters=2|seed=42|threshold=p99",200,0,0.005076878986355227,3.0,false,applicable,,dbscan,scenario=SRPI|source_lineage=srpi-200|terminal=T_OPO|phase=A,value_pu,standard_scaler_fit_on_calibration_group,explicit_effective_eps,explicit_effective_eps,all_observations,"dbscan|feature=value_pu|groups=scenario,source_lineage,terminal,phase|scale=standard|min_samples=2|eps=3.0",200,3.0,2,1,0,0.0,0,0,3,false,false,""
case.lis,167,T_MAN,A,1.1615362496339092,0.0254,-130878.42,SRPI,200,srpi-200,112677.0,absolute_phase_to_ground_maximum,1.6579768140784057,rejected,non_applicable,,Gaussian adequacy status: rejected.,1.2431039608793277,0.06948989589712162,-0.7917206447314209,3.5,false,applicable,,0,0.44538117100278296,1.4646167600081432,false,applicable,,kmeans,scenario=SRPI|source_lineage=srpi-200|terminal=T_MAN|phase=A,value_pu,standard_scaler_fit_on_calibration_group,calibration_distance_percentile_99,42,2,all_observations,"kmeans|feature=value_pu|groups=scenario,source_lineage,terminal,phase|scale=standard|clusters=2|seed=42|threshold=p99",200,0,0.009696353478925501,3.0,false,applicable,,dbscan,scenario=SRPI|source_lineage=srpi-200|terminal=T_MAN|phase=A,value_pu,standard_scaler_fit_on_calibration_group,explicit_effective_eps,explicit_effective_eps,all_observations,"dbscan|feature=value_pu|groups=scenario,source_lineage,terminal,phase|scale=standard|min_samples=2|eps=3.0",200,3.0,2,1,0,0.0,0,0,3,false,false,""
case.lis,167,1_2LT,A,1.763359603113324,0.02384,-198690.07,SRPI,200,srpi-200,112677.0,absolute_phase_to_ground_maximum,2.4232717330313314,rejected,non_applicable,,Gaussian adequacy status: rejected.,1.7070286305102194,0.18248979827293954,0.20820157619191393,3.5,false,applicable,,1,0.37296234999033373,1.2079243785947944,false,applicable,,kmeans,scenario=SRPI|source_lineage=srpi-200|terminal=1_2LT|phase=A,value_pu,standard_scaler_fit_on_calibration_group,calibration_distance_percentile_99,42,2,all_observations,"kmeans|feature=value_pu|groups=scenario,source_lineage,terminal,phase|scale=standard|clusters=2|seed=42|threshold=p99",200,0,0.002672311560857399,3.0,false,applicable,,dbscan,scenario=SRPI|source_lineage=srpi-200|terminal=1_2LT|phase=A,value_pu,standard_scaler_fit_on_calibration_group,explicit_effective_eps,explicit_effective_eps,all_observations,"dbscan|feature=value_pu|groups=scenario,source_lineage,terminal,phase|scale=standard|min_samples=2|eps=3.0",200,3.0,2,1,0,0.0,0,0,3,false,false,""
case.lis,167,T_OPO,A,1.750963195683236,0.02399,-197293.28,SRPI,200,srpi-200,112677.0,absolute_phase_to_ground_maximum,2.1517703848351477,rejected,non_applicable,,Gaussian adequacy status: rejected.,1.7540467575459056,0.052284552304374454,-0.03977907008476132,3.5,false,applicable,,1,0.100705835650026,1.7893062664422041,false,applicable,,kmeans,scenario=SRPI|source_lineage=srpi-200|terminal=T_OPO|phase=A,value_pu,standard_scaler_fit_on_calibration_group,calibration_distance_percentile_99,42,2,all_observations,"kmeans|feature=value_pu|groups=scenario,source_lineage,terminal,phase|scale=standard|clusters=2|seed=42|threshold=p99",200,0,0.0021870411459345984,3.0,false,applicable,,dbscan,scenario=SRPI|source_lineage=srpi-200|terminal=T_OPO|phase=A,value_pu,standard_scaler_fit_on_calibration_group,explicit_effective_eps,explicit_effective_eps,all_observations,"dbscan|feature=value_pu|groups=scenario,source_lineage,terminal,phase|scale=standard|min_samples=2|eps=3.0",200,3.0,2,1,0,0.0,0,0,3,false,false,""
case.lis,168,T_MAN,A,1.3781467912706231,0.03352,155285.446,SRPI,200,srpi-200,112677.0,absolute_phase_to_ground_maximum,1.6579768140784057,rejected,non_applicable,,Gaussian adequacy status: rejected.,1.2431039608793277,0.06948989589712162,1.3107661734196026,3.5,false,applicable,,1,0.6531110567690714,1.4646167600081432,false,applicable,,kmeans,scenario=SRPI|source_lineage=srpi-200|terminal=T_MAN|phase=A,value_pu,standard_scaler_fit_on_calibration_group,calibration_distance_percentile_99,42,2,all_observations,"kmeans|feature=value_pu|groups=scenario,source_lineage,terminal,phase|scale=standard|clusters=2|seed=42|threshold=p99",200,0,0.013385262560196343,3.0,false,applicable,,dbscan,scenario=SRPI|source_lineage=srpi-200|terminal=T_MAN|phase=A,value_pu,standard_scaler_fit_on_calibration_group,explicit_effective_eps,explicit_effective_eps,all_observations,"dbscan|feature=value_pu|groups=scenario,source_lineage,terminal,phase|scale=standard|min_samples=2|eps=3.0",200,3.0,2,1,0,0.0,0,0,3,false,false,""
case.lis,168,1_2LT,A,1.9159411059932374,0.03346,215882.496,SRPI,200,srpi-200,112677.0,absolute_phase_to_ground_maximum,2.4232717330313314,rejected,non_applicable,,Gaussian adequacy status: rejected.,1.7070286305102194,0.18248979827293954,0.7721490446859715,3.5,false,applicable,,1,0.2421109974309651,1.2079243785947944,false,applicable,,kmeans,scenario=SRPI|source_lineage=srpi-200|terminal=1_2LT|phase=A,value_pu,standard_scaler_fit_on_calibration_group,calibration_distance_percentile_99,42,2,all_observations,"kmeans|feature=value_pu|groups=scenario,source_lineage,terminal,phase|scale=standard|clusters=2|seed=42|threshold=p99",200,0,0.023501001058702786,3.0,false,applicable,,dbscan,scenario=SRPI|source_lineage=srpi-200|terminal=1_2LT|phase=A,value_pu,standard_scaler_fit_on_calibration_group,explicit_effective_eps,explicit_effective_eps,all_observations,"dbscan|feature=value_pu|groups=scenario,source_lineage,terminal,phase|scale=standard|min_samples=2|eps=3.0",200,3.0,2,1,0,0.0,0,0,3,false,false,""
case.lis,168,T_OPO,A,1.7934145389032368,0.03323,202076.57,SRPI,200,srpi-200,112677.0,absolute_phase_to_ground_maximum,2.1517703848351477,rejected,non_applicable,,Gaussian adequacy status: rejected.,1.7540467575459056,0.052284552304374454,0.5078587047834143,3.5,false,applicable,,1,0.18088910494047733,1.7893062664422041,false,applicable,,kmeans,scenario=SRPI|source_lineage=srpi-200|terminal=T_OPO|phase=A,value_pu,standard_scaler_fit_on_calibration_group,calibration_distance_percentile_99,42,2,all_observations,"kmeans|feature=value_pu|groups=scenario,source_lineage,terminal,phase|scale=standard|clusters=2|seed=42|threshold=p99",200,0,0.00841495723822061,3.0,false,applicable,,dbscan,scenario=SRPI|source_lineage=srpi-200|terminal=T_OPO|phase=A,value_pu,standard_scaler_fit_on_calibration_group,explicit_effective_eps,explicit_effective_eps,all_observations,"dbscan|feature=value_pu|groups=scenario,source_lineage,terminal,phase|scale=standard|min_samples=2|eps=3.0",200,3.0,2,1,0,0.0,0,0,3,false,false,""
case.lis,169,T_MAN,A,1.1682777141741436,0.03305,131638.028,SRPI,200,srpi-200,112677.0,absolute_phase_to_ground_maximum,1.6579768140784057,rejected,non_applicable,,Gaussian adequacy status: rejected.,1.2431039608793277,0.06948989589712162,-0.7262859700208666,3.5,false,applicable,,0,0.3918124763344677,1.4646167600081432,false,applicable,,kmeans,scenario=SRPI|source_lineage=srpi-200|terminal=T_MAN|phase=A,value_pu,standard_scaler_fit_on_calibration_group,calibration_distance_percentile_99,42,2,all_observations,"kmeans|feature=value_pu|groups=scenario,source_lineage,terminal,phase|scale=standard|clusters=2|seed=42|threshold=p99",200,0,0.0016260847195667116,3.0,false,applicable,,dbscan,scenario=SRPI|source_lineage=srpi-200|terminal=T_MAN|phase=A,value_pu,standard_scaler_fit_on_calibration_group,explicit_effective_eps,explicit_effective_eps,all_observations,"dbscan|feature=value_pu|groups=scenario,source_lineage,terminal,phase|scale=standard|min_samples=2|eps=3.0",200,3.0,2,1,0,0.0,0,0,3,false,false,""
case.lis,169,1_2LT,A,1.6701243377086716,0.02723,-188184.6,SRPI,200,srpi-200,112677.0,absolute_phase_to_ground_maximum,2.4232717330313314,rejected,non_applicable,,Gaussian adequacy status: rejected.,1.7070286305102194,0.18248979827293954,-0.13639977395147365,3.5,false,applicable,,1,0.7488042817301619,1.2079243785947944,false,applicable,,kmeans,scenario=SRPI|source_lineage=srpi-200|terminal=1_2LT|phase=A,value_pu,standard_scaler_fit_on_calibration_group,calibration_distance_percentile_99,42,2,all_observations,"kmeans|feature=value_pu|groups=scenario,source_lineage,terminal,phase|scale=standard|clusters=2|seed=42|threshold=p99",200,0,0.00022960929096011232,3.0,false,applicable,,dbscan,scenario=SRPI|source_lineage=srpi-200|terminal=1_2LT|phase=A,value_pu,standard_scaler_fit_on_calibration_group,explicit_effective_eps,explicit_effective_eps,all_observations,"dbscan|feature=value_pu|groups=scenario,source_lineage,terminal,phase|scale=standard|min_samples=2|eps=3.0",200,3.0,2,1,0,0.0,0,0,3,false,false,""
case.lis,169,T_OPO,A,1.7561510334850945,0.02735,-197877.83,SRPI,200,srpi-200,112677.0,absolute_phase_to_ground_maximum,2.1517703848351477,rejected,non_applicable,,Gaussian adequacy status: rejected.,1.7540467575459056,0.052284552304374454,0.02714592532617752,3.5,false,applicable,,1,0.06629305228916405,1.7893062664422041,false,applicable,,kmeans,scenario=SRPI|source_lineage=srpi-200|terminal=T_OPO|phase=A,value_pu,standard_scaler_fit_on_calibration_group,calibration_distance_percentile_99,42,2,all_observations,"kmeans|feature=value_pu|groups=scenario,source_lineage,terminal,phase|scale=standard|clusters=2|seed=42|threshold=p99",200,0,0.0024467191673274713,3.0,false,applicable,,dbscan,scenario=SRPI|source_lineage=srpi-200|terminal=T_OPO|phase=A,value_pu,standard_scaler_fit_on_calibration_group,explicit_effective_eps,explicit_effective_eps,all_observations,"dbscan|feature=value_pu|groups=scenario,source_lineage,terminal,phase|scale=standard|min_samples=2|eps=3.0",200,3.0,2,1,0,0.0,0,0,3,false,false,""
case.lis,170,T_MAN,A,1.1832816990157708,0.03266,133328.632,SRPI,200,srpi-200,112677.0,absolute_phase_to_ground_maximum,1.6579768140784057,rejected,non_applicable,,Gaussian adequacy status: rejected.,1.2431039608793277,0.06948989589712162,-0.5806527976420008,3.5,false,applicable,,0,0.272588548359729,1.4646167600081432,false,applicable,,kmeans,scenario=SRPI|source_lineage=srpi-200|terminal=T_MAN|phase=A,value_pu,standard_scaler_fit_on_calibration_group,calibration_distance_percentile_99,42,2,all_observations,"kmeans|feature=value_pu|groups=scenario,source_lineage,terminal,phase|scale=standard|clusters=2|seed=42|threshold=p99",200,0,0.011827019522480775,3.0,false,applicable,,dbscan,scenario=SRPI|source_lineage=srpi-200|terminal=T_MAN|phase=A,value_pu,standard_scaler_fit_on_calibration_group,explicit_effective_eps,explicit_effective_eps,all_observations,"dbscan|feature=value_pu|groups=scenario,source_lineage,terminal,phase|scale=standard|min_samples=2|eps=3.0",200,3.0,2,1,0,0.0,0,0,3,false,false,""
case.lis,170,1_2LT,A,1.5668693522191752,0.03275,176550.138,SRPI,200,srpi-200,112677.0,absolute_phase_to_ground_maximum,2.4232717330313314,rejected,non_applicable,,Gaussian adequacy status: rejected.,1.7070286305102194,0.18248979827293954,-0.518034418892816,3.5,false,applicable,,0,0.5706497474604377,1.2079243785947944,false,applicable,,kmeans,scenario=SRPI|source_lineage=srpi-200|terminal=1_2LT|phase=A,value_pu,standard_scaler_fit_on_calibration_group,calibration_distance_percentile_99,42,2,all_observations,"kmeans|feature=value_pu|groups=scenario,source_lineage,terminal,phase|scale=standard|clusters=2|seed=42|threshold=p99",200,0,0.025072919573227104,3.0,false,applicable,,dbscan,scenario=SRPI|source_lineage=srpi-200|terminal=1_2LT|phase=A,value_pu,standard_scaler_fit_on_calibration_group,explicit_effective_eps,explicit_effective_eps,all_observations,"dbscan|feature=value_pu|groups=scenario,source_lineage,terminal,phase|scale=standard|min_samples=2|eps=3.0",200,3.0,2,1,0,0.0,0,0,3,false,false,""
case.lis,170,T_OPO,A,1.751670775757253,0.0329,197373.008,SRPI,200,srpi-200,112677.0,absolute_phase_to_ground_maximum,2.1517703848351477,rejected,non_applicable,,Gaussian adequacy status: rejected.,1.7540467575459056,0.052284552304374454,-0.030651029653450047,3.5,false,applicable,,1,0.09601220398157223,1.7893062664422041,false,applicable,,kmeans,scenario=SRPI|source_lineage=srpi-200|terminal=T_OPO|phase=A,value_pu,standard_scaler_fit_on_calibration_group,calibration_distance_percentile_99,42,2,all_observations,"kmeans|feature=value_pu|groups=scenario,source_lineage,terminal,phase|scale=standard|clusters=2|seed=42|threshold=p99",200,0,0.0019499105473944067,3.0,false,applicable,,dbscan,scenario=SRPI|source_lineage=srpi-200|terminal=T_OPO|phase=A,value_pu,standard_scaler_fit_on_calibration_group,explicit_effective_eps,explicit_effective_eps,all_observations,"dbscan|feature=value_pu|groups=scenario,source_lineage,terminal,phase|scale=standard|min_samples=2|eps=3.0",200,3.0,2,1,0,0.0,0,0,3,false,false,""
case.lis,171,T_MAN,A,1.199296573391198,0.02473,-135133.14,SRPI,200,srpi-200,112677.0,absolute_phase_to_ground_maximum,1.6579768140784057,rejected,non_applicable,,Gaussian adequacy status: rejected.,1.2431039608793277,0.06948989589712162,-0.4252076285645362,3.5,false,applicable,,0,0.14533193958450052,1.4646167600081432,false,applicable,,kmeans,scenario=SRPI|source_lineage=srpi-200|terminal=T_MAN|phase=A,value_pu,standard_scaler_fit_on_calibration_group,calibration_distance_percentile_99,42,2,all_observations,"kmeans|feature=value_pu|groups=scenario,source_lineage,terminal,phase|scale=standard|clusters=2|seed=42|threshold=p99",200,0,0.020018937867288145,3.0,false,applicable,,dbscan,scenario=SRPI|source_lineage=srpi-200|terminal=T_MAN|phase=A,value_pu,standard_scaler_fit_on_calibration_group,explicit_effective_eps,explicit_effective_eps,all_observations,"dbscan|feature=value_pu|groups=scenario,source_lineage,terminal,phase|scale=standard|min_samples=2|eps=3.0",200,3.0,2,1,0,0.0,0,0,3,false,false,""
case.lis,171,1_2LT,A,1.3201376500971804,0.02522,-148749.15,SRPI,200,srpi-200,112677.0,absolute_phase_to_ground_maximum,2.4232717330313314,rejected,non_applicable,,Gaussian adequacy status: rejected.,1.7070286305102194,0.18248979827293954,-1.4299648703738157,3.5,false,applicable,,0,0.42395373379225854,1.2079243785947944,false,applicable,,kmeans,scenario=SRPI|source_lineage=srpi-200|terminal=1_2LT|phase=A,value_pu,standard_scaler_fit_on_calibration_group,calibration_distance_percentile_99,42,2,all_observations,"kmeans|feature=value_pu|groups=scenario,source_lineage,terminal,phase|scale=standard|clusters=2|seed=42|threshold=p99",200,0,0.0013469600817475058,3.0,false,applicable,,dbscan,scenario=SRPI|source_lineage=srpi-200|terminal=1_2LT|phase=A,value_pu,standard_scaler_fit_on_calibration_group,explicit_effective_eps,explicit_effective_eps,all_observations,"dbscan|feature=value_pu|groups=scenario,source_lineage,terminal,phase|scale=standard|min_samples=2|eps=3.0",200,3.0,2,1,0,0.0,0,0,3,false,false,""
case.lis,171,T_OPO,A,1.6539543118826379,0.02505,-186362.61,SRPI,200,srpi-200,112677.0,absolute_phase_to_ground_maximum,2.1517703848351477,rejected,non_applicable,,Gaussian adequacy status: rejected.,1.7540467575459056,0.052284552304374454,-1.2912289710145206,3.5,false,applicable,,1,0.7442004532175142,1.7893062664422041,false,applicable,,kmeans,scenario=SRPI|source_lineage=srpi-200|terminal=T_OPO|phase=A,value_pu,standard_scaler_fit_on_calibration_group,calibration_distance_percentile_99,42,2,all_observations,"kmeans|feature=value_pu|groups=scenario,source_lineage,terminal,phase|scale=standard|clusters=2|seed=42|threshold=p99",200,0,0.00809116918162156,3.0,false,applicable,,dbscan,scenario=SRPI|source_lineage=srpi-200|terminal=T_OPO|phase=A,value_pu,standard_scaler_fit_on_calibration_group,explicit_effective_eps,explicit_effective_eps,all_observations,"dbscan|feature=value_pu|groups=scenario,source_lineage,terminal,phase|scale=standard|min_samples=2|eps=3.0",200,3.0,2,1,0,0.0,0,0,3,false,false,""
case.lis,172,T_MAN,A,1.1603159917285693,0.03527,130740.925,SRPI,200,srpi-200,112677.0,absolute_phase_to_ground_maximum,1.6579768140784057,rejected,non_applicable,,Gaussian adequacy status: rejected.,1.2431039608793277,0.06948989589712162,-0.8035648335753078,3.5,false,applicable,,0,0.45507752448170846,1.4646167600081432,false,applicable,,kmeans,scenario=SRPI|source_lineage=srpi-200|terminal=T_MAN|phase=A,value_pu,standard_scaler_fit_on_calibration_group,calibration_distance_percentile_99,42,2,all_observations,"kmeans|feature=value_pu|groups=scenario,source_lineage,terminal,phase|scale=standard|clusters=2|seed=42|threshold=p99",200,0,0.009696353478925501,3.0,false,applicable,,dbscan,scenario=SRPI|source_lineage=srpi-200|terminal=T_MAN|phase=A,value_pu,standard_scaler_fit_on_calibration_group,explicit_effective_eps,explicit_effective_eps,all_observations,"dbscan|feature=value_pu|groups=scenario,source_lineage,terminal,phase|scale=standard|min_samples=2|eps=3.0",200,3.0,2,1,0,0.0,0,0,3,false,false,""
case.lis,172,1_2LT,A,1.8403864142637805,0.03539,207369.22,SRPI,200,srpi-200,112677.0,absolute_phase_to_ground_maximum,2.4232717330313314,rejected,non_applicable,,Gaussian adequacy status: rejected.,1.7070286305102194,0.18248979827293954,0.49289581720130876,3.5,false,applicable,,1,0.0624585360857951,1.2079243785947944,false,applicable,,kmeans,scenario=SRPI|source_lineage=srpi-200|terminal=1_2LT|phase=A,value_pu,standard_scaler_fit_on_calibration_group,calibration_distance_percentile_99,42,2,all_observations,"kmeans|feature=value_pu|groups=scenario,source_lineage,terminal,phase|scale=standard|clusters=2|seed=42|threshold=p99",200,0,0.0013966884884843989,3.0,false,applicable,,dbscan,scenario=SRPI|source_lineage=srpi-200|terminal=1_2LT|phase=A,value_pu,standard_scaler_fit_on_calibration_group,explicit_effective_eps,explicit_effective_eps,all_observations,"dbscan|feature=value_pu|groups=scenario,source_lineage,terminal,phase|scale=standard|min_samples=2|eps=3.0",200,3.0,2,1,0,0.0,0,0,3,false,false,""
case.lis,172,T_OPO,A,1.7743788350772562,0.03553,199931.684,SRPI,200,srpi-200,112677.0,absolute_phase_to_ground_maximum,2.1517703848351477,rejected,non_applicable,,Gaussian adequacy status: rejected.,1.7540467575459056,0.052284552304374454,0.26229119865564404,3.5,false,applicable,,1,0.05461847411035775,1.7893062664422041,false,applicable,,kmeans,scenario=SRPI|source_lineage=srpi-200|terminal=T_OPO|phase=A,value_pu,standard_scaler_fit_on_calibration_group,calibration_distance_percentile_99,42,2,all_observations,"kmeans|feature=value_pu|groups=scenario,source_lineage,terminal,phase|scale=standard|clusters=2|seed=42|threshold=p99",200,0,0.008382225209226268,3.0,false,applicable,,dbscan,scenario=SRPI|source_lineage=srpi-200|terminal=T_OPO|phase=A,value_pu,standard_scaler_fit_on_calibration_group,explicit_effective_eps,explicit_effective_eps,all_observations,"dbscan|feature=value_pu|groups=scenario,source_lineage,terminal,phase|scale=standard|min_samples=2|eps=3.0",200,3.0,2,1,0,0.0,0,0,3,false,false,""
case.lis,173,T_MAN,A,1.2895104590999051,0.04114,-145298.17,SRPI,200,srpi-200,112677.0,absolute_phase_to_ground_maximum,1.6579768140784057,rejected,non_applicable,,Gaussian adequacy status: rejected.,1.2431039608793277,0.06948989589712162,0.4504353760813259,3.5,false,applicable,,0,0.5715212114674515,1.4646167600081432,false,applicable,,kmeans,scenario=SRPI|source_lineage=srpi-200|terminal=T_MAN|phase=A,value_pu,standard_scaler_fit_on_calibration_group,calibration_distance_percentile_99,42,2,all_observations,"kmeans|feature=value_pu|groups=scenario,source_lineage,terminal,phase|scale=standard|clusters=2|seed=42|threshold=p99",200,0,0.0018011190796142357,3.0,false,applicable,,dbscan,scenario=SRPI|source_lineage=srpi-200|terminal=T_MAN|phase=A,value_pu,standard_scaler_fit_on_calibration_group,explicit_effective_eps,explicit_effective_eps,all_observations,"dbscan|feature=value_pu|groups=scenario,source_lineage,terminal,phase|scale=standard|min_samples=2|eps=3.0",200,3.0,2,1,0,0.0,0,0,3,false,false,""
case.lis,173,1_2LT,A,1.6265830648668318,0.04115,-183278.5,SRPI,200,srpi-200,112677.0,absolute_phase_to_ground_maximum,2.4232717330313314,rejected,non_applicable,,Gaussian adequacy status: rejected.,1.7070286305102194,0.18248979827293954,-0.2973300972914542,3.5,false,applicable,,0,0.8113624972493427,1.2079243785947944,false,applicable,,kmeans,scenario=SRPI|source_lineage=srpi-200|terminal=1_2LT|phase=A,value_pu,standard_scaler_fit_on_calibration_group,calibration_distance_percentile_99,42,2,all_observations,"kmeans|feature=value_pu|groups=scenario,source_lineage,terminal,phase|scale=standard|clusters=2|seed=42|threshold=p99",200,0,0.021561020782663698,3.0,false,applicable,,dbscan,scenario=SRPI|source_lineage=srpi-200|terminal=1_2LT|phase=A,value_pu,standard_scaler_fit_on_calibration_group,explicit_effective_eps,explicit_effective_eps,all_observations,"dbscan|feature=value_pu|groups=scenario,source_lineage,terminal,phase|scale=standard|min_samples=2|eps=3.0",200,3.0,2,1,0,0.0,0,0,3,false,false,""
case.lis,173,T_OPO,A,1.655174081667066,0.04098,-186500.05,SRPI,200,srpi-200,112677.0,absolute_phase_to_ground_maximum,2.1517703848351477,rejected,non_applicable,,Gaussian adequacy status: rejected.,1.7540467575459056,0.052284552304374454,-1.2754934969416791,3.5,false,applicable,,1,0.7361092840358927,1.7893062664422041,false,applicable,,kmeans,scenario=SRPI|source_lineage=srpi-200|terminal=T_OPO|phase=A,value_pu,standard_scaler_fit_on_calibration_group,calibration_distance_percentile_99,42,2,all_observations,"kmeans|feature=value_pu|groups=scenario,source_lineage,terminal,phase|scale=standard|clusters=2|seed=42|threshold=p99",200,0,0.004233440534194444,3.0,false,applicable,,dbscan,scenario=SRPI|source_lineage=srpi-200|terminal=T_OPO|phase=A,value_pu,standard_scaler_fit_on_calibration_group,explicit_effective_eps,explicit_effective_eps,all_observations,"dbscan|feature=value_pu|groups=scenario,source_lineage,terminal,phase|scale=standard|min_samples=2|eps=3.0",200,3.0,2,1,0,0.0,0,0,3,false,false,""
case.lis,174,T_MAN,A,1.482615032349104,0.0331,167056.614,SRPI,200,srpi-200,112677.0,absolute_phase_to_ground_maximum,1.6579768140784057,rejected,non_applicable,,Gaussian adequacy status: rejected.,1.2431039608793277,0.06948989589712162,2.3247662221859344,3.5,false,applicable,,1,0.17700935333910417,1.4646167600081432,false,applicable,,kmeans,scenario=SRPI|source_lineage=srpi-200|terminal=T_MAN|phase=A,value_pu,standard_scaler_fit_on_calibration_group,calibration_distance_percentile_99,42,2,all_observations,"kmeans|feature=value_pu|groups=scenario,source_lineage,terminal,phase|scale=standard|clusters=2|seed=42|threshold=p99",200,0,0.003994055606622027,3.0,false,applicable,,dbscan,scenario=SRPI|source_lineage=srpi-200|terminal=T_MAN|phase=A,value_pu,standard_scaler_fit_on_calibration_group,explicit_effective_eps,explicit_effective_eps,all_observations,"dbscan|feature=value_pu|groups=scenario,source_lineage,terminal,phase|scale=standard|min_samples=2|eps=3.0",200,3.0,2,1,0,0.0,0,0,3,false,false,""
case.lis,174,1_2LT,A,2.063871340202526,0.03314,232550.831,SRPI,200,srpi-200,112677.0,absolute_phase_to_ground_maximum,2.4232717330313314,rejected,non_applicable,,Gaussian adequacy status: rejected.,1.7070286305102194,0.18248979827293954,1.3189052341417757,3.5,false,applicable,,1,0.8384345531868309,1.2079243785947944,false,applicable,,kmeans,scenario=SRPI|source_lineage=srpi-200|terminal=1_2LT|phase=A,value_pu,standard_scaler_fit_on_calibration_group,calibration_distance_percentile_99,42,2,all_observations,"kmeans|feature=value_pu|groups=scenario,source_lineage,terminal,phase|scale=standard|clusters=2|seed=42|threshold=p99",200,0,0.024829107276889584,3.0,false,applicable,,dbscan,scenario=SRPI|source_lineage=srpi-200|terminal=1_2LT|phase=A,value_pu,standard_scaler_fit_on_calibration_group,explicit_effective_eps,explicit_effective_eps,all_observations,"dbscan|feature=value_pu|groups=scenario,source_lineage,terminal,phase|scale=standard|min_samples=2|eps=3.0",200,3.0,2,1,0,0.0,1,0,3,false,false,""
case.lis,174,T_OPO,A,1.8345931467823957,0.03328,206716.452,SRPI,200,srpi-200,112677.0,absolute_phase_to_ground_maximum,2.1517703848351477,rejected,non_applicable,,Gaussian adequacy status: rejected.,1.7540467575459056,0.052284552304374454,1.0390777306277368,3.5,false,applicable,,1,0.4540415368726705,1.7893062664422041,false,applicable,,kmeans,scenario=SRPI|source_lineage=srpi-200|terminal=T_OPO|phase=A,value_pu,standard_scaler_fit_on_calibration_group,calibration_distance_percentile_99,42,2,all_observations,"kmeans|feature=value_pu|groups=scenario,source_lineage,terminal,phase|scale=standard|clusters=2|seed=42|threshold=p99",200,0,0.0018419419481551236,3.0,false,applicable,,dbscan,scenario=SRPI|source_lineage=srpi-200|terminal=T_OPO|phase=A,value_pu,standard_scaler_fit_on_calibration_group,explicit_effective_eps,explicit_effective_eps,all_observations,"dbscan|feature=value_pu|groups=scenario,source_lineage,terminal,phase|scale=standard|min_samples=2|eps=3.0",200,3.0,2,1,0,0.0,0,0,3,false,false,""
case.lis,175,T_MAN,A,1.1025710659673225,0.0243,-124234.4,SRPI,200,srpi-200,112677.0,absolute_phase_to_ground_maximum,1.6579768140784057,rejected,non_applicable,,Gaussian adequacy status: rejected.,1.2431039608793277,0.06948989589712162,-1.3640543845951696,3.5,false,applicable,,0,0.9139274195285808,1.4646167600081432,false,applicable,,kmeans,scenario=SRPI|source_lineage=srpi-200|terminal=T_MAN|phase=A,value_pu,standard_scaler_fit_on_calibration_group,calibration_distance_percentile_99,42,2,all_observations,"kmeans|feature=value_pu|groups=scenario,source_lineage,terminal,phase|scale=standard|clusters=2|seed=42|threshold=p99",200,0,0.02778857347721808,3.0,false,applicable,,dbscan,scenario=SRPI|source_lineage=srpi-200|terminal=T_MAN|phase=A,value_pu,standard_scaler_fit_on_calibration_group,explicit_effective_eps,explicit_effective_eps,all_observations,"dbscan|feature=value_pu|groups=scenario,source_lineage,terminal,phase|scale=standard|min_samples=2|eps=3.0",200,3.0,2,1,0,0.0,0,0,3,false,false,""
case.lis,175,1_2LT,A,1.1638928973969842,0.02429,-131143.96,SRPI,200,srpi-200,112677.0,absolute_phase_to_ground_maximum,2.4232717330313314,rejected,non_applicable,,Gaussian adequacy status: rejected.,1.7070286305102194,0.18248979827293954,-2.0074518598688935,3.5,false,applicable,,0,1.0537940568093818,1.2079243785947944,false,applicable,,kmeans,scenario=SRPI|source_lineage=srpi-200|terminal=1_2LT|phase=A,value_pu,standard_scaler_fit_on_calibration_group,calibration_distance_percentile_99,42,2,all_observations,"kmeans|feature=value_pu|groups=scenario,source_lineage,terminal,phase|scale=standard|clusters=2|seed=42|threshold=p99",200,0,0.005574411291836334,3.0,false,applicable,,dbscan,scenario=SRPI|source_lineage=srpi-200|terminal=1_2LT|phase=A,value_pu,standard_scaler_fit_on_calibration_group,explicit_effective_eps,explicit_effective_eps,all_observations,"dbscan|feature=value_pu|groups=scenario,source_lineage,terminal,phase|scale=standard|min_samples=2|eps=3.0",200,3.0,2,1,0,0.0,0,0,3,false,false,""
case.lis,175,T_OPO,A,1.248629178980626,0.02409,-140691.79,SRPI,200,srpi-200,112677.0,absolute_phase_to_ground_maximum,2.1517703848351477,rejected,non_applicable,,Gaussian adequacy status: rejected.,1.7540467575459056,0.052284552304374454,-6.520070676452596,3.5,true,applicable,,0,1.29221624525192,1.7893062664422041,false,applicable,,kmeans,scenario=SRPI|source_lineage=srpi-200|terminal=T_OPO|phase=A,value_pu,standard_scaler_fit_on_calibration_group,calibration_distance_percentile_99,42,2,all_observations,"kmeans|feature=value_pu|groups=scenario,source_lineage,terminal,phase|scale=standard|clusters=2|seed=42|threshold=p99",200,0,0.03888759317361101,3.0,false,applicable,,dbscan,scenario=SRPI|source_lineage=srpi-200|terminal=T_OPO|phase=A,value_pu,standard_scaler_fit_on_calibration_group,explicit_effective_eps,explicit_effective_eps,all_observations,"dbscan|feature=value_pu|groups=scenario,source_lineage,terminal,phase|scale=standard|min_samples=2|eps=3.0",200,3.0,2,1,0,0.0,0,1,3,true,true,mad_modified_z
case.lis,176,T_MAN,A,1.20181589854185,0.02636,-135417.01,SRPI,200,srpi-200,112677.0,absolute_phase_to_ground_maximum,1.6579768140784057,rejected,non_applicable,,Gaussian adequacy status: rejected.,1.2431039608793277,0.06948989589712162,-0.4007543038100766,3.5,false,applicable,,0,0.12531300171721238,1.4646167600081432,false,applicable,,kmeans,scenario=SRPI|source_lineage=srpi-200|terminal=T_MAN|phase=A,value_pu,standard_scaler_fit_on_calibration_group,calibration_distance_percentile_99,42,2,all_observations,"kmeans|feature=value_pu|groups=scenario,source_lineage,terminal,phase|scale=standard|clusters=2|seed=42|threshold=p99",200,0,0.00355118059409143,3.0,false,applicable,,dbscan,scenario=SRPI|source_lineage=srpi-200|terminal=T_MAN|phase=A,value_pu,standard_scaler_fit_on_calibration_group,explicit_effective_eps,explicit_effective_eps,all_observations,"dbscan|feature=value_pu|groups=scenario,source_lineage,terminal,phase|scale=standard|min_samples=2|eps=3.0",200,3.0,2,1,0,0.0,0,0,3,false,false,""
case.lis,176,1_2LT,A,1.8434525235851151,0.02647,-207714.7,SRPI,200,srpi-200,112677.0,absolute_phase_to_ground_maximum,2.4232717330313314,rejected,non_applicable,,Gaussian adequacy status: rejected.,1.7070286305102194,0.18248979827293954,0.5042282825215225,3.5,false,applicable,,1,0.05009870158267571,1.2079243785947944,false,applicable,,kmeans,scenario=SRPI|source_lineage=srpi-200|terminal=1_2LT|phase=A,value_pu,standard_scaler_fit_on_calibration_group,calibration_distance_percentile_99,42,2,all_observations,"kmeans|feature=value_pu|groups=scenario,source_lineage,terminal,phase|scale=standard|clusters=2|seed=42|threshold=p99",200,0,0.001104829249523931,3.0,false,applicable,,dbscan,scenario=SRPI|source_lineage=srpi-200|terminal=1_2LT|phase=A,value_pu,standard_scaler_fit_on_calibration_group,explicit_effective_eps,explicit_effective_eps,all_observations,"dbscan|feature=value_pu|groups=scenario,source_lineage,terminal,phase|scale=standard|min_samples=2|eps=3.0",200,3.0,2,1,0,0.0,0,0,3,false,false,""
case.lis,176,T_OPO,A,1.771938727513157,0.02662,-199656.74,SRPI,200,srpi-200,112677.0,absolute_phase_to_ground_maximum,2.1517703848351477,rejected,non_applicable,,Gaussian adequacy status: rejected.,1.7540467575459056,0.052284552304374454,0.23081292316464164,3.5,false,applicable,,1,0.03843236803154676,1.7893062664422041,false,applicable,,kmeans,scenario=SRPI|source_lineage=srpi-200|terminal=T_OPO|phase=A,value_pu,standard_scaler_fit_on_calibration_group,calibration_distance_percentile_99,42,2,all_observations,"kmeans|feature=value_pu|groups=scenario,source_lineage,terminal,phase|scale=standard|clusters=2|seed=42|threshold=p99",200,0,0.007803880869584723,3.0,false,applicable,,dbscan,scenario=SRPI|source_lineage=srpi-200|terminal=T_OPO|phase=A,value_pu,standard_scaler_fit_on_calibration_group,explicit_effective_eps,explicit_effective_eps,all_observations,"dbscan|feature=value_pu|groups=scenario,source_lineage,terminal,phase|scale=standard|min_samples=2|eps=3.0",200,3.0,2,1,0,0.0,0,0,3,false,false,""
case.lis,177,T_MAN,A,1.158422659460227,0.02652,-130527.59,SRPI,200,srpi-200,112677.0,absolute_phase_to_ground_maximum,1.6579768140784057,rejected,non_applicable,,Gaussian adequacy status: rejected.,1.2431039608793277,0.06948989589712162,-0.8219420838535787,3.5,false,applicable,,0,0.4701222284304104,1.4646167600081432,false,applicable,,kmeans,scenario=SRPI|source_lineage=srpi-200|terminal=T_MAN|phase=A,value_pu,standard_scaler_fit_on_calibration_group,calibration_distance_percentile_99,42,2,all_observations,"kmeans|feature=value_pu|groups=scenario,source_lineage,terminal,phase|scale=standard|clusters=2|seed=42|threshold=p99",200,0,0.002650621054287039,3.0,false,applicable,,dbscan,scenario=SRPI|source_lineage=srpi-200|terminal=T_MAN|phase=A,value_pu,standard_scaler_fit_on_calibration_group,explicit_effective_eps,explicit_effective_eps,all_observations,"dbscan|feature=value_pu|groups=scenario,source_lineage,terminal,phase|scale=standard|min_samples=2|eps=3.0",200,3.0,2,1,0,0.0,0,0,3,false,false,""
case.lis,177,1_2LT,A,1.805599723102319,0.02665,-203449.56,SRPI,200,srpi-200,112677.0,absolute_phase_to_ground_maximum,2.4232717330313314,rejected,non_applicable,,Gaussian adequacy status: rejected.,1.7070286305102194,0.18248979827293954,0.36432278542804947,3.5,false,applicable,,1,0.2026876344662889,1.2079243785947944,false,applicable,,kmeans,scenario=SRPI|source_lineage=srpi-200|terminal=1_2LT|phase=A,value_pu,standard_scaler_fit_on_calibration_group,calibration_distance_percentile_99,42,2,all_observations,"kmeans|feature=value_pu|groups=scenario,source_lineage,terminal,phase|scale=standard|clusters=2|seed=42|threshold=p99",200,0,0.02357341134304325,3.0,false,applicable,,dbscan,scenario=SRPI|source_lineage=srpi-200|terminal=1_2LT|phase=A,value_pu,standard_scaler_fit_on_calibration_group,explicit_effective_eps,explicit_effective_eps,all_observations,"dbscan|feature=value_pu|groups=scenario,source_lineage,terminal,phase|scale=standard|min_samples=2|eps=3.0",200,3.0,2,1,0,0.0,0,0,3,false,false,""
case.lis,177,T_OPO,A,1.7550721975203456,0.0268,-197756.27,SRPI,200,srpi-200,112677.0,absolute_phase_to_ground_maximum,2.1517703848351477,rejected,non_applicable,,Gaussian adequacy status: rejected.,1.7540467575459056,0.052284552304374454,0.013228548810645072,3.5,false,applicable,,1,0.07344935704555233,1.7893062664422041,false,applicable,,kmeans,scenario=SRPI|source_lineage=srpi-200|terminal=T_OPO|phase=A,value_pu,standard_scaler_fit_on_calibration_group,calibration_distance_percentile_99,42,2,all_observations,"kmeans|feature=value_pu|groups=scenario,source_lineage,terminal,phase|scale=standard|clusters=2|seed=42|threshold=p99",200,0,0.002993155665753311,3.0,false,applicable,,dbscan,scenario=SRPI|source_lineage=srpi-200|terminal=T_OPO|phase=A,value_pu,standard_scaler_fit_on_calibration_group,explicit_effective_eps,explicit_effective_eps,all_observations,"dbscan|feature=value_pu|groups=scenario,source_lineage,terminal,phase|scale=standard|min_samples=2|eps=3.0",200,3.0,2,1,0,0.0,0,0,3,false,false,""
case.lis,178,T_MAN,A,1.2205003061849355,0.03435,137522.313,SRPI,200,srpi-200,112677.0,absolute_phase_to_ground_maximum,1.6579768140784057,rejected,non_applicable,,Gaussian adequacy status: rejected.,1.2431039608793277,0.06948989589712162,-0.21939784498900916,3.5,false,applicable,,0,0.023156121292665754,1.4646167600081432,false,applicable,,kmeans,scenario=SRPI|source_lineage=srpi-200|terminal=T_MAN|phase=A,value_pu,standard_scaler_fit_on_calibration_group,calibration_distance_percentile_99,42,2,all_observations,"kmeans|feature=value_pu|groups=scenario,source_lineage,terminal,phase|scale=standard|clusters=2|seed=42|threshold=p99",200,0,0.004552303791204804,3.0,false,applicable,,dbscan,scenario=SRPI|source_lineage=srpi-200|terminal=T_MAN|phase=A,value_pu,standard_scaler_fit_on_calibration_group,explicit_effective_eps,explicit_effective_eps,all_observations,"dbscan|feature=value_pu|groups=scenario,source_lineage,terminal,phase|scale=standard|min_samples=2|eps=3.0",200,3.0,2,1,0,0.0,0,0,3,false,false,""
case.lis,178,1_2LT,A,1.9718266194520622,0.03429,222179.508,SRPI,200,srpi-200,112677.0,absolute_phase_to_ground_maximum,2.4232717330313314,rejected,non_applicable,,Gaussian adequacy status: rejected.,1.7070286305102194,0.18248979827293954,0.978704185681006,3.5,false,applicable,,1,0.4673918420070642,1.2079243785947944,false,applicable,,kmeans,scenario=SRPI|source_lineage=srpi-200|terminal=1_2LT|phase=A,value_pu,standard_scaler_fit_on_calibration_group,calibration_distance_percentile_99,42,2,all_observations,"kmeans|feature=value_pu|groups=scenario,source_lineage,terminal,phase|scale=standard|clusters=2|seed=42|threshold=p99",200,0,0.026392833125843618,3.0,false,applicable,,dbscan,scenario=SRPI|source_lineage=srpi-200|terminal=1_2LT|phase=A,value_pu,standard_scaler_fit_on_calibration_group,explicit_effective_eps,explicit_effective_eps,all_observations,"dbscan|feature=value_pu|groups=scenario,source_lineage,terminal,phase|scale=standard|min_samples=2|eps=3.0",200,3.0,2,1,0,0.0,0,0,3,false,false,""
case.lis,178,T_OPO,A,1.8590111469066446,0.03446,209467.799,SRPI,200,srpi-200,112677.0,absolute_phase_to_ground_maximum,2.1517703848351477,rejected,non_applicable,,Gaussian adequacy status: rejected.,1.7540467575459056,0.052284552304374454,1.3540788175303122,3.5,false,applicable,,1,0.6160148638105847,1.7893062664422041,false,applicable,,kmeans,scenario=SRPI|source_lineage=srpi-200|terminal=T_OPO|phase=A,value_pu,standard_scaler_fit_on_calibration_group,calibration_distance_percentile_99,42,2,all_observations,"kmeans|feature=value_pu|groups=scenario,source_lineage,terminal,phase|scale=standard|clusters=2|seed=42|threshold=p99",200,0,0.07077000230743191,3.0,false,applicable,,dbscan,scenario=SRPI|source_lineage=srpi-200|terminal=T_OPO|phase=A,value_pu,standard_scaler_fit_on_calibration_group,explicit_effective_eps,explicit_effective_eps,all_observations,"dbscan|feature=value_pu|groups=scenario,source_lineage,terminal,phase|scale=standard|min_samples=2|eps=3.0",200,3.0,2,1,0,0.0,0,0,3,false,false,""
case.lis,179,T_MAN,A,1.2806725418674618,0.02428,-144302.34,SRPI,200,srpi-200,112677.0,absolute_phase_to_ground_maximum,1.6579768140784057,rejected,non_applicable,,Gaussian adequacy status: rejected.,1.2431039608793277,0.06948989589712162,0.3646519033993464,3.5,false,applicable,,0,0.5012937873071611,1.4646167600081432,false,applicable,,kmeans,scenario=SRPI|source_lineage=srpi-200|terminal=T_MAN|phase=A,value_pu,standard_scaler_fit_on_calibration_group,calibration_distance_percentile_99,42,2,all_observations,"kmeans|feature=value_pu|groups=scenario,source_lineage,terminal,phase|scale=standard|clusters=2|seed=42|threshold=p99",200,0,0.03979542282166576,3.0,false,applicable,,dbscan,scenario=SRPI|source_lineage=srpi-200|terminal=T_MAN|phase=A,value_pu,standard_scaler_fit_on_calibration_group,explicit_effective_eps,explicit_effective_eps,all_observations,"dbscan|feature=value_pu|groups=scenario,source_lineage,terminal,phase|scale=standard|min_samples=2|eps=3.0",200,3.0,2,1,0,0.0,0,0,3,false,false,""
case.lis,179,1_2LT,A,1.8718842354695278,0.02424,-210918.3,SRPI,200,srpi-200,112677.0,absolute_phase_to_ground_maximum,2.4232717330313314,rejected,non_applicable,,Gaussian adequacy status: rejected.,1.7070286305102194,0.18248979827293954,0.6093130512486086,3.5,false,applicable,,1,0.06451275440374815,1.2079243785947944,false,applicable,,kmeans,scenario=SRPI|source_lineage=srpi-200|terminal=1_2LT|phase=A,value_pu,standard_scaler_fit_on_calibration_group,calibration_distance_percentile_99,42,2,all_observations,"kmeans|feature=value_pu|groups=scenario,source_lineage,terminal,phase|scale=standard|clusters=2|seed=42|threshold=p99",200,0,0.0016145633064890141,3.0,false,applicable,,dbscan,scenario=SRPI|source_lineage=srpi-200|terminal=1_2LT|phase=A,value_pu,standard_scaler_fit_on_calibration_group,explicit_effective_eps,explicit_effective_eps,all_observations,"dbscan|feature=value_pu|groups=scenario,source_lineage,terminal,phase|scale=standard|min_samples=2|eps=3.0",200,3.0,2,1,0,0.0,0,0,3,false,false,""
case.lis,179,T_OPO,A,1.7731151876603033,0.02439,-199789.3,SRPI,200,srpi-200,112677.0,absolute_phase_to_ground_maximum,2.1517703848351477,rejected,non_applicable,,Gaussian adequacy status: rejected.,1.7540467575459056,0.052284552304374454,0.2459896871568986,3.5,false,applicable,,1,0.04623624890113148,1.7893062664422041,false,applicable,,kmeans,scenario=SRPI|source_lineage=srpi-200|terminal=T_OPO|phase=A,value_pu,standard_scaler_fit_on_calibration_group,calibration_distance_percentile_99,42,2,all_observations,"kmeans|feature=value_pu|groups=scenario,source_lineage,terminal,phase|scale=standard|clusters=2|seed=42|threshold=p99",200,0,0.007803880869584723,3.0,false,applicable,,dbscan,scenario=SRPI|source_lineage=srpi-200|terminal=T_OPO|phase=A,value_pu,standard_scaler_fit_on_calibration_group,explicit_effective_eps,explicit_effective_eps,all_observations,"dbscan|feature=value_pu|groups=scenario,source_lineage,terminal,phase|scale=standard|min_samples=2|eps=3.0",200,3.0,2,1,0,0.0,0,0,3,false,false,""
case.lis,180,T_MAN,A,1.125576071425402,0.03306,126826.535,SRPI,200,srpi-200,112677.0,absolute_phase_to_ground_maximum,1.6579768140784057,rejected,non_applicable,,Gaussian adequacy status: rejected.,1.2431039608793277,0.06948989589712162,-1.1407609088407722,3.5,false,applicable,,0,0.7311261742098686,1.4646167600081432,false,applicable,,kmeans,scenario=SRPI|source_lineage=srpi-200|terminal=T_MAN|phase=A,value_pu,standard_scaler_fit_on_calibration_group,calibration_distance_percentile_99,42,2,all_observations,"kmeans|feature=value_pu|groups=scenario,source_lineage,terminal,phase|scale=standard|clusters=2|seed=42|threshold=p99",200,0,0.006695663704547217,3.0,false,applicable,,dbscan,scenario=SRPI|source_lineage=srpi-200|terminal=T_MAN|phase=A,value_pu,standard_scaler_fit_on_calibration_group,explicit_effective_eps,explicit_effective_eps,all_observations,"dbscan|feature=value_pu|groups=scenario,source_lineage,terminal,phase|scale=standard|min_samples=2|eps=3.0",200,3.0,2,1,0,0.0,0,0,3,false,false,""
case.lis,180,1_2LT,A,1.5527317021219946,0.02728,-174957.15,SRPI,200,srpi-200,112677.0,absolute_phase_to_ground_maximum,2.4232717330313314,rejected,non_applicable,,Gaussian adequacy status: rejected.,1.7070286305102194,0.18248979827293954,-0.5702877512579763,3.5,false,applicable,,0,0.5136592761004346,1.2079243785947944,false,applicable,,kmeans,scenario=SRPI|source_lineage=srpi-200|terminal=1_2LT|phase=A,value_pu,standard_scaler_fit_on_calibration_group,calibration_distance_percentile_99,42,2,all_observations,"kmeans|feature=value_pu|groups=scenario,source_lineage,terminal,phase|scale=standard|clusters=2|seed=42|threshold=p99",200,0,0.0024044936811236095,3.0,false,applicable,,dbscan,scenario=SRPI|source_lineage=srpi-200|terminal=1_2LT|phase=A,value_pu,standard_scaler_fit_on_calibration_group,explicit_effective_eps,explicit_effective_eps,all_observations,"dbscan|feature=value_pu|groups=scenario,source_lineage,terminal,phase|scale=standard|min_samples=2|eps=3.0",200,3.0,2,1,0,0.0,0,0,3,false,false,""
case.lis,180,T_OPO,A,1.5605029420378604,0.02742,-175832.79,SRPI,200,srpi-200,112677.0,absolute_phase_to_ground_maximum,2.1517703848351477,rejected,non_applicable,,Gaussian adequacy status: rejected.,1.7540467575459056,0.052284552304374454,-2.4967856473946664,3.5,false,applicable,,0,0.7765539541904826,1.7893062664422041,false,applicable,,kmeans,scenario=SRPI|source_lineage=srpi-200|terminal=T_OPO|phase=A,value_pu,standard_scaler_fit_on_calibration_group,calibration_distance_percentile_99,42,2,all_observations,"kmeans|feature=value_pu|groups=scenario,source_lineage,terminal,phase|scale=standard|clusters=2|seed=42|threshold=p99",200,0,0.0360177713221429,3.0,false,applicable,,dbscan,scenario=SRPI|source_lineage=srpi-200|terminal=T_OPO|phase=A,value_pu,standard_scaler_fit_on_calibration_group,explicit_effective_eps,explicit_effective_eps,all_observations,"dbscan|feature=value_pu|groups=scenario,source_lineage,terminal,phase|scale=standard|min_samples=2|eps=3.0",200,3.0,2,1,0,0.0,0,0,3,false,false,""
case.lis,181,T_MAN,A,1.4811428241788476,0.02593,-166890.73,SRPI,200,srpi-200,112677.0,absolute_phase_to_ground_maximum,1.6579768140784057,rejected,non_applicable,,Gaussian adequacy status: rejected.,1.2431039608793277,0.06948989589712162,2.3104765285812263,3.5,false,applicable,,1,0.16531096503045228,1.4646167600081432,false,applicable,,kmeans,scenario=SRPI|source_lineage=srpi-200|terminal=T_MAN|phase=A,value_pu,standard_scaler_fit_on_calibration_group,calibration_distance_percentile_99,42,2,all_observations,"kmeans|feature=value_pu|groups=scenario,source_lineage,terminal,phase|scale=standard|clusters=2|seed=42|threshold=p99",200,0,0.011698388308651886,3.0,false,applicable,,dbscan,scenario=SRPI|source_lineage=srpi-200|terminal=T_MAN|phase=A,value_pu,standard_scaler_fit_on_calibration_group,explicit_effective_eps,explicit_effective_eps,all_observations,"dbscan|feature=value_pu|groups=scenario,source_lineage,terminal,phase|scale=standard|min_samples=2|eps=3.0",200,3.0,2,1,0,0.0,0,0,3,false,false,""
case.lis,181,1_2LT,A,1.8143405486479052,0.02604,-204434.45,SRPI,200,srpi-200,112677.0,absolute_phase_to_ground_maximum,2.4232717330313314,rejected,non_applicable,,Gaussian adequacy status: rejected.,1.7070286305102194,0.18248979827293954,0.3966292337585593,3.5,false,applicable,,1,0.16745237510604705,1.2079243785947944,false,applicable,,kmeans,scenario=SRPI|source_lineage=srpi-200|terminal=1_2LT|phase=A,value_pu,standard_scaler_fit_on_calibration_group,calibration_distance_percentile_99,42,2,all_observations,"kmeans|feature=value_pu|groups=scenario,source_lineage,terminal,phase|scale=standard|clusters=2|seed=42|threshold=p99",200,0,0.0011956283116072441,3.0,false,applicable,,dbscan,scenario=SRPI|source_lineage=srpi-200|terminal=1_2LT|phase=A,value_pu,standard_scaler_fit_on_calibration_group,explicit_effective_eps,explicit_effective_eps,all_observations,"dbscan|feature=value_pu|groups=scenario,source_lineage,terminal,phase|scale=standard|min_samples=2|eps=3.0",200,3.0,2,1,0,0.0,0,0,3,false,false,""
case.lis,181,T_OPO,A,1.7703557957702105,0.02617,-199478.38,SRPI,200,srpi-200,112677.0,absolute_phase_to_ground_maximum,2.1517703848351477,rejected,non_applicable,,Gaussian adequacy status: rejected.,1.7540467575459056,0.052284552304374454,0.21039252767837985,3.5,false,applicable,,1,0.02793221570883192,1.7893062664422041,false,applicable,,kmeans,scenario=SRPI|source_lineage=srpi-200|terminal=T_OPO|phase=A,value_pu,standard_scaler_fit_on_calibration_group,calibration_distance_percentile_99,42,2,all_observations,"kmeans|feature=value_pu|groups=scenario,source_lineage,terminal,phase|scale=standard|clusters=2|seed=42|threshold=p99",200,0,0.007747541747737563,3.0,false,applicable,,dbscan,scenario=SRPI|source_lineage=srpi-200|terminal=T_OPO|phase=A,value_pu,standard_scaler_fit_on_calibration_group,explicit_effective_eps,explicit_effective_eps,all_observations,"dbscan|feature=value_pu|groups=scenario,source_lineage,terminal,phase|scale=standard|min_samples=2|eps=3.0",200,3.0,2,1,0,0.0,0,0,3,false,false,""
case.lis,182,T_MAN,A,1.2930540216725686,0.033,145697.448,SRPI,200,srpi-200,112677.0,absolute_phase_to_ground_maximum,1.6579768140784057,rejected,non_applicable,,Gaussian adequacy status: rejected.,1.2431039608793277,0.06948989589712162,0.48483025613667124,3.5,false,applicable,,0,0.5996788944694416,1.4646167600081432,false,applicable,,kmeans,scenario=SRPI|source_lineage=srpi-200|terminal=T_MAN|phase=A,value_pu,standard_scaler_fit_on_calibration_group,calibration_distance_percentile_99,42,2,all_observations,"kmeans|feature=value_pu|groups=scenario,source_lineage,terminal,phase|scale=standard|clusters=2|seed=42|threshold=p99",200,0,0.0048985643503628995,3.0,false,applicable,,dbscan,scenario=SRPI|source_lineage=srpi-200|terminal=T_MAN|phase=A,value_pu,standard_scaler_fit_on_calibration_group,explicit_effective_eps,explicit_effective_eps,all_observations,"dbscan|feature=value_pu|groups=scenario,source_lineage,terminal,phase|scale=standard|min_samples=2|eps=3.0",200,3.0,2,1,0,0.0,0,0,3,false,false,""
case.lis,182,1_2LT,A,1.7035773227899216,0.03313,191953.982,SRPI,200,srpi-200,112677.0,absolute_phase_to_ground_maximum,2.4232717330313314,rejected,non_applicable,,Gaussian adequacy status: rejected.,1.7070286305102194,0.18248979827293954,-0.012756174340396793,3.5,false,applicable,,1,0.6139515038586975,1.2079243785947944,false,applicable,,kmeans,scenario=SRPI|source_lineage=srpi-200|terminal=1_2LT|phase=A,value_pu,standard_scaler_fit_on_calibration_group,calibration_distance_percentile_99,42,2,all_observations,"kmeans|feature=value_pu|groups=scenario,source_lineage,terminal,phase|scale=standard|clusters=2|seed=42|threshold=p99",200,0,0.00981359697487992,3.0,false,applicable,,dbscan,scenario=SRPI|source_lineage=srpi-200|terminal=1_2LT|phase=A,value_pu,standard_scaler_fit_on_calibration_group,explicit_effective_eps,explicit_effective_eps,all_observations,"dbscan|feature=value_pu|groups=scenario,source_lineage,terminal,phase|scale=standard|min_samples=2|eps=3.0",200,3.0,2,1,0,0.0,0,0,3,false,false,""
case.lis,182,T_OPO,A,1.7372648366569932,0.03296,195749.79,SRPI,200,srpi-200,112677.0,absolute_phase_to_ground_maximum,2.1517703848351477,rejected,non_applicable,,Gaussian adequacy status: rejected.,1.7540467575459056,0.052284552304374454,-0.21649288612586798,3.5,false,applicable,,1,0.19157194973719782,1.7893062664422041,false,applicable,,kmeans,scenario=SRPI|source_lineage=srpi-200|terminal=T_OPO|phase=A,value_pu,standard_scaler_fit_on_calibration_group,calibration_distance_percentile_99,42,2,all_observations,"kmeans|feature=value_pu|groups=scenario,source_lineage,terminal,phase|scale=standard|clusters=2|seed=42|threshold=p99",200,0,0.0011762925743451502,3.0,false,applicable,,dbscan,scenario=SRPI|source_lineage=srpi-200|terminal=T_OPO|phase=A,value_pu,standard_scaler_fit_on_calibration_group,explicit_effective_eps,explicit_effective_eps,all_observations,"dbscan|feature=value_pu|groups=scenario,source_lineage,terminal,phase|scale=standard|min_samples=2|eps=3.0",200,3.0,2,1,0,0.0,0,0,3,false,false,""
case.lis,183,T_MAN,A,1.2391928432599377,0.03301,139628.532,SRPI,200,srpi-200,112677.0,absolute_phase_to_ground_maximum,1.6579768140784057,rejected,non_applicable,,Gaussian adequacy status: rejected.,1.2431039608793277,0.06948989589712162,-0.037962479466012944,3.5,false,applicable,,0,0.17168984199545828,1.4646167600081432,false,applicable,,kmeans,scenario=SRPI|source_lineage=srpi-200|terminal=T_MAN|phase=A,value_pu,standard_scaler_fit_on_calibration_group,calibration_distance_percentile_99,42,2,all_observations,"kmeans|feature=value_pu|groups=scenario,source_lineage,terminal,phase|scale=standard|clusters=2|seed=42|threshold=p99",200,0,0.005191933785414493,3.0,false,applicable,,dbscan,scenario=SRPI|source_lineage=srpi-200|terminal=T_MAN|phase=A,value_pu,standard_scaler_fit_on_calibration_group,explicit_effective_eps,explicit_effective_eps,all_observations,"dbscan|feature=value_pu|groups=scenario,source_lineage,terminal,phase|scale=standard|min_samples=2|eps=3.0",200,3.0,2,1,0,0.0,0,0,3,false,false,""
case.lis,183,1_2LT,A,1.5860775402256007,0.03314,178714.459,SRPI,200,srpi-200,112677.0,absolute_phase_to_ground_maximum,2.4232717330313314,rejected,non_applicable,,Gaussian adequacy status: rejected.,1.7070286305102194,0.18248979827293954,-0.44704017125385415,3.5,false,applicable,,0,0.6480801323499357,1.2079243785947944,false,applicable,,kmeans,scenario=SRPI|source_lineage=srpi-200|terminal=1_2LT|phase=A,value_pu,standard_scaler_fit_on_calibration_group,calibration_distance_percentile_99,42,2,all_observations,"kmeans|feature=value_pu|groups=scenario,source_lineage,terminal,phase|scale=standard|clusters=2|seed=42|threshold=p99",200,0,0.004453697572822657,3.0,false,applicable,,dbscan,scenario=SRPI|source_lineage=srpi-200|terminal=1_2LT|phase=A,value_pu,standard_scaler_fit_on_calibration_group,explicit_effective_eps,explicit_effective_eps,all_observations,"dbscan|feature=value_pu|groups=scenario,source_lineage,terminal,phase|scale=standard|min_samples=2|eps=3.0",200,3.0,2,1,0,0.0,0,0,3,false,false,""
case.lis,183,T_OPO,A,1.7368392928459222,0.033,195701.841,SRPI,200,srpi-200,112677.0,absolute_phase_to_ground_maximum,2.1517703848351477,rejected,non_applicable,,Gaussian adequacy status: rejected.,1.7540467575459056,0.052284552304374454,-0.22198255613692258,3.5,false,applicable,,1,0.19439473401462737,1.7893062664422041,false,applicable,,kmeans,scenario=SRPI|source_lineage=srpi-200|terminal=T_OPO|phase=A,value_pu,standard_scaler_fit_on_calibration_group,calibration_distance_percentile_99,42,2,all_observations,"kmeans|feature=value_pu|groups=scenario,source_lineage,terminal,phase|scale=standard|clusters=2|seed=42|threshold=p99",200,0,0.0010226404238481979,3.0,false,applicable,,dbscan,scenario=SRPI|source_lineage=srpi-200|terminal=T_OPO|phase=A,value_pu,standard_scaler_fit_on_calibration_group,explicit_effective_eps,explicit_effective_eps,all_observations,"dbscan|feature=value_pu|groups=scenario,source_lineage,terminal,phase|scale=standard|min_samples=2|eps=3.0",200,3.0,2,1,0,0.0,0,0,3,false,false,""
case.lis,184,T_MAN,A,1.1891468001455487,0.0331,133989.494,SRPI,200,srpi-200,112677.0,absolute_phase_to_ground_maximum,1.6579768140784057,rejected,non_applicable,,Gaussian adequacy status: rejected.,1.2431039608793277,0.06948989589712162,-0.5237243687700487,3.5,false,applicable,,0,0.22598356961293886,1.4646167600081432,false,applicable,,kmeans,scenario=SRPI|source_lineage=srpi-200|terminal=T_MAN|phase=A,value_pu,standard_scaler_fit_on_calibration_group,calibration_distance_percentile_99,42,2,all_observations,"kmeans|feature=value_pu|groups=scenario,source_lineage,terminal,phase|scale=standard|clusters=2|seed=42|threshold=p99",200,0,0.005296869775644253,3.0,false,applicable,,dbscan,scenario=SRPI|source_lineage=srpi-200|terminal=T_MAN|phase=A,value_pu,standard_scaler_fit_on_calibration_group,explicit_effective_eps,explicit_effective_eps,all_observations,"dbscan|feature=value_pu|groups=scenario,source_lineage,terminal,phase|scale=standard|min_samples=2|eps=3.0",200,3.0,2,1,0,0.0,0,0,3,false,false,""
case.lis,184,1_2LT,A,1.3771459481526842,0.03207,155172.674,SRPI,200,srpi-200,112677.0,absolute_phase_to_ground_maximum,2.4232717330313314,rejected,non_applicable,,Gaussian adequacy status: rejected.,1.7070286305102194,0.18248979827293954,-1.219259871637115,3.5,false,applicable,,0,0.1941468171348275,1.2079243785947944,false,applicable,,kmeans,scenario=SRPI|source_lineage=srpi-200|terminal=1_2LT|phase=A,value_pu,standard_scaler_fit_on_calibration_group,calibration_distance_percentile_99,42,2,all_observations,"kmeans|feature=value_pu|groups=scenario,source_lineage,terminal,phase|scale=standard|clusters=2|seed=42|threshold=p99",200,0,0.010502138641103276,3.0,false,applicable,,dbscan,scenario=SRPI|source_lineage=srpi-200|terminal=1_2LT|phase=A,value_pu,standard_scaler_fit_on_calibration_group,explicit_effective_eps,explicit_effective_eps,all_observations,"dbscan|feature=value_pu|groups=scenario,source_lineage,terminal,phase|scale=standard|min_samples=2|eps=3.0",200,3.0,2,1,0,0.0,0,0,3,false,false,""
case.lis,184,T_OPO,A,1.5550731471373929,0.03191,175220.977,SRPI,200,srpi-200,112677.0,absolute_phase_to_ground_maximum,2.1517703848351477,rejected,non_applicable,,Gaussian adequacy status: rejected.,1.7540467575459056,0.052284552304374454,-2.5668319774217845,3.5,false,applicable,,0,0.7405361828683397,1.7893062664422041,false,applicable,,kmeans,scenario=SRPI|source_lineage=srpi-200|terminal=T_OPO|phase=A,value_pu,standard_scaler_fit_on_calibration_group,calibration_distance_percentile_99,42,2,all_observations,"kmeans|feature=value_pu|groups=scenario,source_lineage,terminal,phase|scale=standard|clusters=2|seed=42|threshold=p99",200,0,0.006748743898964182,3.0,false,applicable,,dbscan,scenario=SRPI|source_lineage=srpi-200|terminal=T_OPO|phase=A,value_pu,standard_scaler_fit_on_calibration_group,explicit_effective_eps,explicit_effective_eps,all_observations,"dbscan|feature=value_pu|groups=scenario,source_lineage,terminal,phase|scale=standard|min_samples=2|eps=3.0",200,3.0,2,1,0,0.0,0,0,3,false,false,""
case.lis,185,T_MAN,A,1.2732658838982223,0.02413,-143467.78,SRPI,200,srpi-200,112677.0,absolute_phase_to_ground_maximum,1.6579768140784057,rejected,non_applicable,,Gaussian adequacy status: rejected.,1.2431039608793277,0.06948989589712162,0.2927606619610765,3.5,false,applicable,,0,0.442439365260013,1.4646167600081432,false,applicable,,kmeans,scenario=SRPI|source_lineage=srpi-200|terminal=T_MAN|phase=A,value_pu,standard_scaler_fit_on_calibration_group,calibration_distance_percentile_99,42,2,all_observations,"kmeans|feature=value_pu|groups=scenario,source_lineage,terminal,phase|scale=standard|clusters=2|seed=42|threshold=p99",200,0,0.007944669969975456,3.0,false,applicable,,dbscan,scenario=SRPI|source_lineage=srpi-200|terminal=T_MAN|phase=A,value_pu,standard_scaler_fit_on_calibration_group,explicit_effective_eps,explicit_effective_eps,all_observations,"dbscan|feature=value_pu|groups=scenario,source_lineage,terminal,phase|scale=standard|min_samples=2|eps=3.0",200,3.0,2,1,0,0.0,0,0,3,false,false,""
case.lis,185,1_2LT,A,1.4960067271936597,0.02501,-168565.55,SRPI,200,srpi-200,112677.0,absolute_phase_to_ground_maximum,2.4232717330313314,rejected,non_applicable,,Gaussian adequacy status: rejected.,1.7070286305102194,0.18248979827293954,-0.7799455761412486,3.5,false,applicable,,0,0.28499446710966325,1.2079243785947944,false,applicable,,kmeans,scenario=SRPI|source_lineage=srpi-200|terminal=1_2LT|phase=A,value_pu,standard_scaler_fit_on_calibration_group,calibration_distance_percentile_99,42,2,all_observations,"kmeans|feature=value_pu|groups=scenario,source_lineage,terminal,phase|scale=standard|clusters=2|seed=42|threshold=p99",200,0,0.03673648483036984,3.0,false,applicable,,dbscan,scenario=SRPI|source_lineage=srpi-200|terminal=1_2LT|phase=A,value_pu,standard_scaler_fit_on_calibration_group,explicit_effective_eps,explicit_effective_eps,all_observations,"dbscan|feature=value_pu|groups=scenario,source_lineage,terminal,phase|scale=standard|min_samples=2|eps=3.0",200,3.0,2,1,0,0.0,0,0,3,false,false,""
case.lis,185,T_OPO,A,1.7392632036706692,0.02519,-195974.96,SRPI,200,srpi-200,112677.0,absolute_phase_to_ground_maximum,2.1517703848351477,rejected,non_applicable,,Gaussian adequacy status: rejected.,1.7540467575459056,0.052284552304374454,-0.19071322447728414,3.5,false,applicable,,1,0.17831606670005035,1.7893062664422041,false,applicable,,kmeans,scenario=SRPI|source_lineage=srpi-200|terminal=T_OPO|phase=A,value_pu,standard_scaler_fit_on_calibration_group,calibration_distance_percentile_99,42,2,all_observations,"kmeans|feature=value_pu|groups=scenario,source_lineage,terminal,phase|scale=standard|clusters=2|seed=42|threshold=p99",200,0,0.004763746500347221,3.0,false,applicable,,dbscan,scenario=SRPI|source_lineage=srpi-200|terminal=T_OPO|phase=A,value_pu,standard_scaler_fit_on_calibration_group,explicit_effective_eps,explicit_effective_eps,all_observations,"dbscan|feature=value_pu|groups=scenario,source_lineage,terminal,phase|scale=standard|min_samples=2|eps=3.0",200,3.0,2,1,0,0.0,0,0,3,false,false,""
case.lis,186,T_MAN,A,1.1415169910452,0.02484,-128622.71,SRPI,200,srpi-200,112677.0,absolute_phase_to_ground_maximum,1.6579768140784057,rejected,non_applicable,,Gaussian adequacy status: rejected.,1.2431039608793277,0.06948989589712162,-0.9860335667798259,3.5,false,applicable,,0,0.6044572210842273,1.4646167600081432,false,applicable,,kmeans,scenario=SRPI|source_lineage=srpi-200|terminal=T_MAN|phase=A,value_pu,standard_scaler_fit_on_calibration_group,calibration_distance_percentile_99,42,2,all_observations,"kmeans|feature=value_pu|groups=scenario,source_lineage,terminal,phase|scale=standard|clusters=2|seed=42|threshold=p99",200,0,0.009823080612287649,3.0,false,applicable,,dbscan,scenario=SRPI|source_lineage=srpi-200|terminal=T_MAN|phase=A,value_pu,standard_scaler_fit_on_calibration_group,explicit_effective_eps,explicit_effective_eps,all_observations,"dbscan|feature=value_pu|groups=scenario,source_lineage,terminal,phase|scale=standard|min_samples=2|eps=3.0",200,3.0,2,1,0,0.0,0,0,3,false,false,""
case.lis,186,1_2LT,A,1.196657170496197,0.02478,-134835.74,SRPI,200,srpi-200,112677.0,absolute_phase_to_ground_maximum,2.4232717330313314,rejected,non_applicable,,Gaussian adequacy status: rejected.,1.7070286305102194,0.18248979827293954,-1.8863537678813525,3.5,false,applicable,,0,0.9217175550671024,1.2079243785947944,false,applicable,,kmeans,scenario=SRPI|source_lineage=srpi-200|terminal=1_2LT|phase=A,value_pu,standard_scaler_fit_on_calibration_group,calibration_distance_percentile_99,42,2,all_observations,"kmeans|feature=value_pu|groups=scenario,source_lineage,terminal,phase|scale=standard|clusters=2|seed=42|threshold=p99",200,0,0.024707505223293902,3.0,false,applicable,,dbscan,scenario=SRPI|source_lineage=srpi-200|terminal=1_2LT|phase=A,value_pu,standard_scaler_fit_on_calibration_group,explicit_effective_eps,explicit_effective_eps,all_observations,"dbscan|feature=value_pu|groups=scenario,source_lineage,terminal,phase|scale=standard|min_samples=2|eps=3.0",200,3.0,2,1,0,0.0,0,0,3,false,false,""
case.lis,186,T_OPO,A,1.299330741855037,0.02449,-146404.69,SRPI,200,srpi-200,112677.0,absolute_phase_to_ground_maximum,2.1517703848351477,rejected,non_applicable,,Gaussian adequacy status: rejected.,1.7540467575459056,0.052284552304374454,-5.866002065926286,3.5,true,applicable,,0,0.9558946473351129,1.7893062664422041,false,applicable,,kmeans,scenario=SRPI|source_lineage=srpi-200|terminal=T_OPO|phase=A,value_pu,standard_scaler_fit_on_calibration_group,calibration_distance_percentile_99,42,2,all_observations,"kmeans|feature=value_pu|groups=scenario,source_lineage,terminal,phase|scale=standard|clusters=2|seed=42|threshold=p99",200,0,0.09729124654120591,3.0,false,applicable,,dbscan,scenario=SRPI|source_lineage=srpi-200|terminal=T_OPO|phase=A,value_pu,standard_scaler_fit_on_calibration_group,explicit_effective_eps,explicit_effective_eps,all_observations,"dbscan|feature=value_pu|groups=scenario,source_lineage,terminal,phase|scale=standard|min_samples=2|eps=3.0",200,3.0,2,1,0,0.0,0,1,3,true,true,mad_modified_z
case.lis,187,T_MAN,A,1.1865035277829548,0.03369,133691.658,SRPI,200,srpi-200,112677.0,absolute_phase_to_ground_maximum,1.6579768140784057,rejected,non_applicable,,Gaussian adequacy status: rejected.,1.2431039608793277,0.06948989589712162,-0.5493807623007817,3.5,false,applicable,,0,0.246987410732612,1.4646167600081432,false,applicable,,kmeans,scenario=SRPI|source_lineage=srpi-200|terminal=T_MAN|phase=A,value_pu,standard_scaler_fit_on_calibration_group,calibration_distance_percentile_99,42,2,all_observations,"kmeans|feature=value_pu|groups=scenario,source_lineage,terminal,phase|scale=standard|clusters=2|seed=42|threshold=p99",200,0,0.00376133466054851,3.0,false,applicable,,dbscan,scenario=SRPI|source_lineage=srpi-200|terminal=T_MAN|phase=A,value_pu,standard_scaler_fit_on_calibration_group,explicit_effective_eps,explicit_effective_eps,all_observations,"dbscan|feature=value_pu|groups=scenario,source_lineage,terminal,phase|scale=standard|min_samples=2|eps=3.0",200,3.0,2,1,0,0.0,0,0,3,false,false,""
case.lis,187,1_2LT,A,1.2870490073395635,0.03382,145020.821,SRPI,200,srpi-200,112677.0,absolute_phase_to_ground_maximum,2.4232717330313314,rejected,non_applicable,,Gaussian adequacy status: rejected.,1.7070286305102194,0.18248979827293954,-1.5522618458712225,3.5,false,applicable,,0,0.5573378064250507,1.2079243785947944,false,applicable,,kmeans,scenario=SRPI|source_lineage=srpi-200|terminal=1_2LT|phase=A,value_pu,standard_scaler_fit_on_calibration_group,calibration_distance_percentile_99,42,2,all_observations,"kmeans|feature=value_pu|groups=scenario,source_lineage,terminal,phase|scale=standard|clusters=2|seed=42|threshold=p99",200,0,0.0018135127092666625,3.0,false,applicable,,dbscan,scenario=SRPI|source_lineage=srpi-200|terminal=1_2LT|phase=A,value_pu,standard_scaler_fit_on_calibration_group,explicit_effective_eps,explicit_effective_eps,all_observations,"dbscan|feature=value_pu|groups=scenario,source_lineage,terminal,phase|scale=standard|min_samples=2|eps=3.0",200,3.0,2,1,0,0.0,0,0,3,false,false,""
case.lis,187,T_OPO,A,1.3647569867852356,0.03401,153776.723,SRPI,200,srpi-200,112677.0,absolute_phase_to_ground_maximum,2.1517703848351477,rejected,non_applicable,,Gaussian adequacy status: rejected.,1.7540467575459056,0.052284552304374454,-5.021979698816045,3.5,true,applicable,,0,0.5218989676530907,1.7893062664422041,false,applicable,,kmeans,scenario=SRPI|source_lineage=srpi-200|terminal=T_OPO|phase=A,value_pu,standard_scaler_fit_on_calibration_group,calibration_distance_percentile_99,42,2,all_observations,"kmeans|feature=value_pu|groups=scenario,source_lineage,terminal,phase|scale=standard|clusters=2|seed=42|threshold=p99",200,0,0.023024686445840548,3.0,false,applicable,,dbscan,scenario=SRPI|source_lineage=srpi-200|terminal=T_OPO|phase=A,value_pu,standard_scaler_fit_on_calibration_group,explicit_effective_eps,explicit_effective_eps,all_observations,"dbscan|feature=value_pu|groups=scenario,source_lineage,terminal,phase|scale=standard|min_samples=2|eps=3.0",200,3.0,2,1,0,0.0,0,1,3,true,true,mad_modified_z
case.lis,188,T_MAN,A,1.6358409524570232,0.03296,184321.651,SRPI,200,srpi-200,112677.0,absolute_phase_to_ground_maximum,1.6579768140784057,rejected,non_applicable,,Gaussian adequacy status: rejected.,1.2431039608793277,0.06948989589712162,3.8120229124270844,3.5,true,applicable,,1,1.3945656395948804,1.4646167600081432,false,applicable,,kmeans,scenario=SRPI|source_lineage=srpi-200|terminal=T_MAN|phase=A,value_pu,standard_scaler_fit_on_calibration_group,calibration_distance_percentile_99,42,2,all_observations,"kmeans|feature=value_pu|groups=scenario,source_lineage,terminal,phase|scale=standard|clusters=2|seed=42|threshold=p99",200,0,0.07005112041326278,3.0,false,applicable,,dbscan,scenario=SRPI|source_lineage=srpi-200|terminal=T_MAN|phase=A,value_pu,standard_scaler_fit_on_calibration_group,explicit_effective_eps,explicit_effective_eps,all_observations,"dbscan|feature=value_pu|groups=scenario,source_lineage,terminal,phase|scale=standard|min_samples=2|eps=3.0",200,3.0,2,1,0,0.0,1,1,3,true,true,mad_modified_z
case.lis,188,1_2LT,A,2.102648322195302,0.03306,236920.105,SRPI,200,srpi-200,112677.0,absolute_phase_to_ground_maximum,2.4232717330313314,rejected,non_applicable,,Gaussian adequacy status: rejected.,1.7070286305102194,0.18248979827293954,1.4622265438543733,3.5,false,applicable,,1,0.99474896657915,1.2079243785947944,false,applicable,,kmeans,scenario=SRPI|source_lineage=srpi-200|terminal=1_2LT|phase=A,value_pu,standard_scaler_fit_on_calibration_group,calibration_distance_percentile_99,42,2,all_observations,"kmeans|feature=value_pu|groups=scenario,source_lineage,terminal,phase|scale=standard|clusters=2|seed=42|threshold=p99",200,0,0.025330183582466193,3.0,false,applicable,,dbscan,scenario=SRPI|source_lineage=srpi-200|terminal=1_2LT|phase=A,value_pu,standard_scaler_fit_on_calibration_group,explicit_effective_eps,explicit_effective_eps,all_observations,"dbscan|feature=value_pu|groups=scenario,source_lineage,terminal,phase|scale=standard|min_samples=2|eps=3.0",200,3.0,2,1,0,0.0,1,0,3,false,false,""
case.lis,188,T_OPO,A,1.8432497226585727,0.03321,207691.849,SRPI,200,srpi-200,112677.0,absolute_phase_to_ground_maximum,2.1517703848351477,rejected,non_applicable,,Gaussian adequacy status: rejected.,1.7540467575459056,0.052284552304374454,1.150750709412859,3.5,false,applicable,,1,0.5114637003348801,1.7893062664422041,false,applicable,,kmeans,scenario=SRPI|source_lineage=srpi-200|terminal=T_OPO|phase=A,value_pu,standard_scaler_fit_on_calibration_group,calibration_distance_percentile_99,42,2,all_observations,"kmeans|feature=value_pu|groups=scenario,source_lineage,terminal,phase|scale=standard|clusters=2|seed=42|threshold=p99",200,0,0.00035905151949033876,3.0,false,applicable,,dbscan,scenario=SRPI|source_lineage=srpi-200|terminal=T_OPO|phase=A,value_pu,standard_scaler_fit_on_calibration_group,explicit_effective_eps,explicit_effective_eps,all_observations,"dbscan|feature=value_pu|groups=scenario,source_lineage,terminal,phase|scale=standard|min_samples=2|eps=3.0",200,3.0,2,1,0,0.0,0,0,3,false,false,""
case.lis,189,T_MAN,A,1.419970623996024,0.02541,-159998.03,SRPI,200,srpi-200,112677.0,absolute_phase_to_ground_maximum,1.6579768140784057,rejected,non_applicable,,Gaussian adequacy status: rejected.,1.2431039608793277,0.06948989589712162,1.7167208251428152,3.5,false,applicable,,1,0.32077256981949986,1.4646167600081432,false,applicable,,kmeans,scenario=SRPI|source_lineage=srpi-200|terminal=T_MAN|phase=A,value_pu,standard_scaler_fit_on_calibration_group,calibration_distance_percentile_99,42,2,all_observations,"kmeans|feature=value_pu|groups=scenario,source_lineage,terminal,phase|scale=standard|clusters=2|seed=42|threshold=p99",200,0,0.0031825647198098217,3.0,false,applicable,,dbscan,scenario=SRPI|source_lineage=srpi-200|terminal=T_MAN|phase=A,value_pu,standard_scaler_fit_on_calibration_group,explicit_effective_eps,explicit_effective_eps,all_observations,"dbscan|feature=value_pu|groups=scenario,source_lineage,terminal,phase|scale=standard|min_samples=2|eps=3.0",200,3.0,2,1,0,0.0,0,0,3,false,false,""
case.lis,189,1_2LT,A,1.8272991826193454,0.0254,-205894.59,SRPI,200,srpi-200,112677.0,absolute_phase_to_ground_maximum,2.4232717330313314,rejected,non_applicable,,Gaussian adequacy status: rejected.,1.7070286305102194,0.18248979827293954,0.44452487435325483,3.5,false,applicable,,1,0.11521465150009869,1.2079243785947944,false,applicable,,kmeans,scenario=SRPI|source_lineage=srpi-200|terminal=1_2LT|phase=A,value_pu,standard_scaler_fit_on_calibration_group,calibration_distance_percentile_99,42,2,all_observations,"kmeans|feature=value_pu|groups=scenario,source_lineage,terminal,phase|scale=standard|clusters=2|seed=42|threshold=p99",200,0,0.02336462358641478,3.0,false,applicable,,dbscan,scenario=SRPI|source_lineage=srpi-200|terminal=1_2LT|phase=A,value_pu,standard_scaler_fit_on_calibration_group,explicit_effective_eps,explicit_effective_eps,all_observations,"dbscan|feature=value_pu|groups=scenario,source_lineage,terminal,phase|scale=standard|min_samples=2|eps=3.0",200,3.0,2,1,0,0.0,0,0,3,false,false,""
case.lis,189,T_OPO,A,1.8129970623996026,0.02546,-204283.07,SRPI,200,srpi-200,112677.0,absolute_phase_to_ground_maximum,2.1517703848351477,rejected,non_applicable,,Gaussian adequacy status: rejected.,1.7540467575459056,0.052284552304374454,0.7604803836376404,3.5,false,applicable,,1,0.31078698619228246,1.7893062664422041,false,applicable,,kmeans,scenario=SRPI|source_lineage=srpi-200|terminal=T_OPO|phase=A,value_pu,standard_scaler_fit_on_calibration_group,calibration_distance_percentile_99,42,2,all_observations,"kmeans|feature=value_pu|groups=scenario,source_lineage,terminal,phase|scale=standard|clusters=2|seed=42|threshold=p99",200,0,0.0032402353882146073,3.0,false,applicable,,dbscan,scenario=SRPI|source_lineage=srpi-200|terminal=T_OPO|phase=A,value_pu,standard_scaler_fit_on_calibration_group,explicit_effective_eps,explicit_effective_eps,all_observations,"dbscan|feature=value_pu|groups=scenario,source_lineage,terminal,phase|scale=standard|min_samples=2|eps=3.0",200,3.0,2,1,0,0.0,0,0,3,false,false,""
case.lis,190,T_MAN,A,1.2156176504521774,0.02469,-136972.15,SRPI,200,srpi-200,112677.0,absolute_phase_to_ground_maximum,1.6579768140784057,rejected,non_applicable,,Gaussian adequacy status: rejected.,1.2431039608793277,0.06948989589712162,-0.2667903644764059,3.5,false,applicable,,0,0.015642198057320256,1.4646167600081432,false,applicable,,kmeans,scenario=SRPI|source_lineage=srpi-200|terminal=T_MAN|phase=A,value_pu,standard_scaler_fit_on_calibration_group,calibration_distance_percentile_99,42,2,all_observations,"kmeans|feature=value_pu|groups=scenario,source_lineage,terminal,phase|scale=standard|clusters=2|seed=42|threshold=p99",200,0,0.0015073265155728377,3.0,false,applicable,,dbscan,scenario=SRPI|source_lineage=srpi-200|terminal=T_MAN|phase=A,value_pu,standard_scaler_fit_on_calibration_group,explicit_effective_eps,explicit_effective_eps,all_observations,"dbscan|feature=value_pu|groups=scenario,source_lineage,terminal,phase|scale=standard|min_samples=2|eps=3.0",200,3.0,2,1,0,0.0,0,0,3,false,false,""
case.lis,190,1_2LT,A,1.516777159491289,0.02585,-170905.9,SRPI,200,srpi-200,112677.0,absolute_phase_to_ground_maximum,2.4232717330313314,rejected,non_applicable,,Gaussian adequacy status: rejected.,1.7070286305102194,0.18248979827293954,-0.7031772097751485,3.5,false,applicable,,0,0.3687224359627751,1.2079243785947944,false,applicable,,kmeans,scenario=SRPI|source_lineage=srpi-200|terminal=1_2LT|phase=A,value_pu,standard_scaler_fit_on_calibration_group,calibration_distance_percentile_99,42,2,all_observations,"kmeans|feature=value_pu|groups=scenario,source_lineage,terminal,phase|scale=standard|clusters=2|seed=42|threshold=p99",200,0,0.01853653192978122,3.0,false,applicable,,dbscan,scenario=SRPI|source_lineage=srpi-200|terminal=1_2LT|phase=A,value_pu,standard_scaler_fit_on_calibration_group,explicit_effective_eps,explicit_effective_eps,all_observations,"dbscan|feature=value_pu|groups=scenario,source_lineage,terminal,phase|scale=standard|min_samples=2|eps=3.0",200,3.0,2,1,0,0.0,0,0,3,false,false,""
case.lis,190,T_OPO,A,1.704331229975949,0.02603,-192038.93,SRPI,200,srpi-200,112677.0,absolute_phase_to_ground_maximum,2.1517703848351477,rejected,non_applicable,,Gaussian adequacy status: rejected.,1.7540467575459056,0.052284552304374454,-0.6413483962971768,3.5,false,applicable,,1,0.4100323402298663,1.7893062664422041,false,applicable,,kmeans,scenario=SRPI|source_lineage=srpi-200|terminal=T_OPO|phase=A,value_pu,standard_scaler_fit_on_calibration_group,calibration_distance_percentile_99,42,2,all_observations,"kmeans|feature=value_pu|groups=scenario,source_lineage,terminal,phase|scale=standard|clusters=2|seed=42|threshold=p99",200,0,0.002910619146598771,3.0,false,applicable,,dbscan,scenario=SRPI|source_lineage=srpi-200|terminal=T_OPO|phase=A,value_pu,standard_scaler_fit_on_calibration_group,explicit_effective_eps,explicit_effective_eps,all_observations,"dbscan|feature=value_pu|groups=scenario,source_lineage,terminal,phase|scale=standard|min_samples=2|eps=3.0",200,3.0,2,1,0,0.0,0,0,3,false,false,""
case.lis,191,T_MAN,A,1.2607748253858375,0.03433,142060.325,SRPI,200,srpi-200,112677.0,absolute_phase_to_ground_maximum,1.6579768140784057,rejected,non_applicable,,Gaussian adequacy status: rejected.,1.2431039608793277,0.06948989589712162,0.1715187054588506,3.5,false,applicable,,0,0.34318352915192396,1.4646167600081432,false,applicable,,kmeans,scenario=SRPI|source_lineage=srpi-200|terminal=T_MAN|phase=A,value_pu,standard_scaler_fit_on_calibration_group,calibration_distance_percentile_99,42,2,all_observations,"kmeans|feature=value_pu|groups=scenario,source_lineage,terminal,phase|scale=standard|clusters=2|seed=42|threshold=p99",200,0,0.030930376770715556,3.0,false,applicable,,dbscan,scenario=SRPI|source_lineage=srpi-200|terminal=T_MAN|phase=A,value_pu,standard_scaler_fit_on_calibration_group,explicit_effective_eps,explicit_effective_eps,all_observations,"dbscan|feature=value_pu|groups=scenario,source_lineage,terminal,phase|scale=standard|min_samples=2|eps=3.0",200,3.0,2,1,0,0.0,0,0,3,false,false,""
case.lis,191,1_2LT,A,1.8740465933597807,0.03444,211161.948,SRPI,200,srpi-200,112677.0,absolute_phase_to_ground_maximum,2.4232717330313314,rejected,non_applicable,,Gaussian adequacy status: rejected.,1.7070286305102194,0.18248979827293954,0.6173052143559944,3.5,false,applicable,,1,0.0732294643638507,1.2079243785947944,false,applicable,,kmeans,scenario=SRPI|source_lineage=srpi-200|terminal=1_2LT|phase=A,value_pu,standard_scaler_fit_on_calibration_group,calibration_distance_percentile_99,42,2,all_observations,"kmeans|feature=value_pu|groups=scenario,source_lineage,terminal,phase|scale=standard|clusters=2|seed=42|threshold=p99",200,0,0.0023046075576650393,3.0,false,applicable,,dbscan,scenario=SRPI|source_lineage=srpi-200|terminal=1_2LT|phase=A,value_pu,standard_scaler_fit_on_calibration_group,explicit_effective_eps,explicit_effective_eps,all_observations,"dbscan|feature=value_pu|groups=scenario,source_lineage,terminal,phase|scale=standard|min_samples=2|eps=3.0",200,3.0,2,1,0,0.0,0,0,3,false,false,""
case.lis,191,T_OPO,A,1.8026301552224502,0.03459,203114.958,SRPI,200,srpi-200,112677.0,absolute_phase_to_ground_maximum,2.1517703848351477,rejected,non_applicable,,Gaussian adequacy status: rejected.,1.7540467575459056,0.052284552304374454,0.6267435087091263,3.5,false,applicable,,1,0.24201958357963443,1.7893062664422041,false,applicable,,kmeans,scenario=SRPI|source_lineage=srpi-200|terminal=T_OPO|phase=A,value_pu,standard_scaler_fit_on_calibration_group,calibration_distance_percentile_99,42,2,all_observations,"kmeans|feature=value_pu|groups=scenario,source_lineage,terminal,phase|scale=standard|clusters=2|seed=42|threshold=p99",200,0,0.0005445526406427925,3.0,false,applicable,,dbscan,scenario=SRPI|source_lineage=srpi-200|terminal=T_OPO|phase=A,value_pu,standard_scaler_fit_on_calibration_group,explicit_effective_eps,explicit_effective_eps,all_observations,"dbscan|feature=value_pu|groups=scenario,source_lineage,terminal,phase|scale=standard|min_samples=2|eps=3.0",200,3.0,2,1,0,0.0,0,0,3,false,false,""
case.lis,192,T_MAN,A,1.2954023447553626,0.02575,-145962.05,SRPI,200,srpi-200,112677.0,absolute_phase_to_ground_maximum,1.6579768140784057,rejected,non_applicable,,Gaussian adequacy status: rejected.,1.2431039608793277,0.06948989589712162,0.5076237835847256,3.5,false,applicable,,0,0.6183390240976513,1.4646167600081432,false,applicable,,kmeans,scenario=SRPI|source_lineage=srpi-200|terminal=T_MAN|phase=A,value_pu,standard_scaler_fit_on_calibration_group,calibration_distance_percentile_99,42,2,all_observations,"kmeans|feature=value_pu|groups=scenario,source_lineage,terminal,phase|scale=standard|clusters=2|seed=42|threshold=p99",200,0,0.00416887840217281,3.0,false,applicable,,dbscan,scenario=SRPI|source_lineage=srpi-200|terminal=T_MAN|phase=A,value_pu,standard_scaler_fit_on_calibration_group,explicit_effective_eps,explicit_effective_eps,all_observations,"dbscan|feature=value_pu|groups=scenario,source_lineage,terminal,phase|scale=standard|min_samples=2|eps=3.0",200,3.0,2,1,0,0.0,0,0,3,false,false,""
case.lis,192,1_2LT,A,1.8933223284254994,0.02588,-213333.88,SRPI,200,srpi-200,112677.0,absolute_phase_to_ground_maximum,2.4232717330313314,rejected,non_applicable,,Gaussian adequacy status: rejected.,1.7070286305102194,0.18248979827293954,0.6885491186857978,3.5,false,applicable,,1,0.15093213911210468,1.2079243785947944,false,applicable,,kmeans,scenario=SRPI|source_lineage=srpi-200|terminal=1_2LT|phase=A,value_pu,standard_scaler_fit_on_calibration_group,calibration_distance_percentile_99,42,2,all_observations,"kmeans|feature=value_pu|groups=scenario,source_lineage,terminal,phase|scale=standard|clusters=2|seed=42|threshold=p99",200,0,0.004557483261990347,3.0,false,applicable,,dbscan,scenario=SRPI|source_lineage=srpi-200|terminal=1_2LT|phase=A,value_pu,standard_scaler_fit_on_calibration_group,explicit_effective_eps,explicit_effective_eps,all_observations,"dbscan|feature=value_pu|groups=scenario,source_lineage,terminal,phase|scale=standard|min_samples=2|eps=3.0",200,3.0,2,1,0,0.0,0,0,3,false,false,""
case.lis,192,T_OPO,A,1.7895274102079395,0.02603,-201638.58,SRPI,200,srpi-200,112677.0,absolute_phase_to_ground_maximum,2.1517703848351477,rejected,non_applicable,,Gaussian adequacy status: rejected.,1.7540467575459056,0.052284552304374454,0.4577133301532919,3.5,false,applicable,,1,0.15510439022963246,1.7893062664422041,false,applicable,,kmeans,scenario=SRPI|source_lineage=srpi-200|terminal=T_OPO|phase=A,value_pu,standard_scaler_fit_on_calibration_group,calibration_distance_percentile_99,42,2,all_observations,"kmeans|feature=value_pu|groups=scenario,source_lineage,terminal,phase|scale=standard|clusters=2|seed=42|threshold=p99",200,0,0.0006369794131627637,3.0,false,applicable,,dbscan,scenario=SRPI|source_lineage=srpi-200|terminal=T_OPO|phase=A,value_pu,standard_scaler_fit_on_calibration_group,explicit_effective_eps,explicit_effective_eps,all_observations,"dbscan|feature=value_pu|groups=scenario,source_lineage,terminal,phase|scale=standard|min_samples=2|eps=3.0",200,3.0,2,1,0,0.0,0,0,3,false,false,""
case.lis,193,T_MAN,A,1.4136273596208633,0.02408,-159283.29,SRPI,200,srpi-200,112677.0,absolute_phase_to_ground_maximum,1.6579768140784057,rejected,non_applicable,,Gaussian adequacy status: rejected.,1.2431039608793277,0.06948989589712162,1.655151200543521,3.5,false,applicable,,1,0.37117710587919217,1.4646167600081432,false,applicable,,kmeans,scenario=SRPI|source_lineage=srpi-200|terminal=T_MAN|phase=A,value_pu,standard_scaler_fit_on_calibration_group,calibration_distance_percentile_99,42,2,all_observations,"kmeans|feature=value_pu|groups=scenario,source_lineage,terminal,phase|scale=standard|clusters=2|seed=42|threshold=p99",200,0,0.010186407374157325,3.0,false,applicable,,dbscan,scenario=SRPI|source_lineage=srpi-200|terminal=T_MAN|phase=A,value_pu,standard_scaler_fit_on_calibration_group,explicit_effective_eps,explicit_effective_eps,all_observations,"dbscan|feature=value_pu|groups=scenario,source_lineage,terminal,phase|scale=standard|min_samples=2|eps=3.0",200,3.0,2,1,0,0.0,0,0,3,false,false,""
case.lis,193,1_2LT,A,1.7978295481775342,0.02417,-202574.04,SRPI,200,srpi-200,112677.0,absolute_phase_to_ground_maximum,2.4232717330313314,rejected,non_applicable,,Gaussian adequacy status: rejected.,1.7070286305102194,0.18248979827293954,0.3356039014487953,3.5,false,applicable,,1,0.23401009106050602,1.2079243785947944,false,applicable,,kmeans,scenario=SRPI|source_lineage=srpi-200|terminal=1_2LT|phase=A,value_pu,standard_scaler_fit_on_calibration_group,calibration_distance_percentile_99,42,2,all_observations,"kmeans|feature=value_pu|groups=scenario,source_lineage,terminal,phase|scale=standard|clusters=2|seed=42|threshold=p99",200,0,0.0005570297071139652,3.0,false,applicable,,dbscan,scenario=SRPI|source_lineage=srpi-200|terminal=1_2LT|phase=A,value_pu,standard_scaler_fit_on_calibration_group,explicit_effective_eps,explicit_effective_eps,all_observations,"dbscan|feature=value_pu|groups=scenario,source_lineage,terminal,phase|scale=standard|min_samples=2|eps=3.0",200,3.0,2,1,0,0.0,0,0,3,false,false,""
case.lis,193,T_OPO,A,1.8348708254568367,0.02395,-206747.74,SRPI,200,srpi-200,112677.0,absolute_phase_to_ground_maximum,2.1517703848351477,rejected,non_applicable,,Gaussian adequacy status: rejected.,1.7540467575459056,0.052284552304374454,1.0426598865706267,3.5,false,applicable,,1,0.45588347882082564,1.7893062664422041,false,applicable,,kmeans,scenario=SRPI|source_lineage=srpi-200|terminal=T_OPO|phase=A,value_pu,standard_scaler_fit_on_calibration_group,calibration_distance_percentile_99,42,2,all_observations,"kmeans|feature=value_pu|groups=scenario,source_lineage,terminal,phase|scale=standard|clusters=2|seed=42|threshold=p99",200,0,0.0018419419481551236,3.0,false,applicable,,dbscan,scenario=SRPI|source_lineage=srpi-200|terminal=T_OPO|phase=A,value_pu,standard_scaler_fit_on_calibration_group,explicit_effective_eps,explicit_effective_eps,all_observations,"dbscan|feature=value_pu|groups=scenario,source_lineage,terminal,phase|scale=standard|min_samples=2|eps=3.0",200,3.0,2,1,0,0.0,0,0,3,false,false,""
case.lis,194,T_MAN,A,1.082454662442202,0.03289,121967.744,SRPI,200,srpi-200,112677.0,absolute_phase_to_ground_maximum,1.6579768140784057,rejected,non_applicable,,Gaussian adequacy status: rejected.,1.2431039608793277,0.06948989589712162,-1.5593102245030273,3.5,false,applicable,,0,1.073775397936004,1.4646167600081432,false,applicable,,kmeans,scenario=SRPI|source_lineage=srpi-200|terminal=T_MAN|phase=A,value_pu,standard_scaler_fit_on_calibration_group,calibration_distance_percentile_99,42,2,all_observations,"kmeans|feature=value_pu|groups=scenario,source_lineage,terminal,phase|scale=standard|clusters=2|seed=42|threshold=p99",200,0,0.04081036823254336,3.0,false,applicable,,dbscan,scenario=SRPI|source_lineage=srpi-200|terminal=T_MAN|phase=A,value_pu,standard_scaler_fit_on_calibration_group,explicit_effective_eps,explicit_effective_eps,all_observations,"dbscan|feature=value_pu|groups=scenario,source_lineage,terminal,phase|scale=standard|min_samples=2|eps=3.0",200,3.0,2,1,0,0.0,0,0,3,false,false,""
case.lis,194,1_2LT,A,1.1652757439406445,0.03375,131299.775,SRPI,200,srpi-200,112677.0,absolute_phase_to_ground_maximum,2.4232717330313314,rejected,non_applicable,,Gaussian adequacy status: rejected.,1.7070286305102194,0.18248979827293954,-2.0023408025461276,3.5,false,applicable,,0,1.0482196455175454,1.2079243785947944,false,applicable,,kmeans,scenario=SRPI|source_lineage=srpi-200|terminal=1_2LT|phase=A,value_pu,standard_scaler_fit_on_calibration_group,calibration_distance_percentile_99,42,2,all_observations,"kmeans|feature=value_pu|groups=scenario,source_lineage,terminal,phase|scale=standard|clusters=2|seed=42|threshold=p99",200,0,0.005574411291836334,3.0,false,applicable,,dbscan,scenario=SRPI|source_lineage=srpi-200|terminal=1_2LT|phase=A,value_pu,standard_scaler_fit_on_calibration_group,explicit_effective_eps,explicit_effective_eps,all_observations,"dbscan|feature=value_pu|groups=scenario,source_lineage,terminal,phase|scale=standard|min_samples=2|eps=3.0",200,3.0,2,1,0,0.0,0,0,3,false,false,""
case.lis,194,T_OPO,A,1.2219937520523265,0.02835,-137690.59,SRPI,200,srpi-200,112677.0,absolute_phase_to_ground_maximum,2.1517703848351477,rejected,non_applicable,,Gaussian adequacy status: rejected.,1.7540467575459056,0.052284552304374454,-6.863677376011762,3.5,true,applicable,,0,1.4688985571544428,1.7893062664422041,false,applicable,,kmeans,scenario=SRPI|source_lineage=srpi-200|terminal=T_OPO|phase=A,value_pu,standard_scaler_fit_on_calibration_group,calibration_distance_percentile_99,42,2,all_observations,"kmeans|feature=value_pu|groups=scenario,source_lineage,terminal,phase|scale=standard|clusters=2|seed=42|threshold=p99",200,0,0.17668231190252293,3.0,false,applicable,,dbscan,scenario=SRPI|source_lineage=srpi-200|terminal=T_OPO|phase=A,value_pu,standard_scaler_fit_on_calibration_group,explicit_effective_eps,explicit_effective_eps,all_observations,"dbscan|feature=value_pu|groups=scenario,source_lineage,terminal,phase|scale=standard|min_samples=2|eps=3.0",200,3.0,2,1,0,0.0,0,1,3,true,true,mad_modified_z
case.lis,195,T_MAN,A,1.514608748901728,0.02481,-170661.57,SRPI,200,srpi-200,112677.0,absolute_phase_to_ground_maximum,1.6579768140784057,rejected,non_applicable,,Gaussian adequacy status: rejected.,1.2431039608793277,0.06948989589712162,2.635306821028843,3.5,false,applicable,,1,0.4312362536043901,1.4646167600081432,false,applicable,,kmeans,scenario=SRPI|source_lineage=srpi-200|terminal=T_MAN|phase=A,value_pu,standard_scaler_fit_on_calibration_group,calibration_distance_percentile_99,42,2,all_observations,"kmeans|feature=value_pu|groups=scenario,source_lineage,terminal,phase|scale=standard|clusters=2|seed=42|threshold=p99",200,0,0.049081552742012535,3.0,false,applicable,,dbscan,scenario=SRPI|source_lineage=srpi-200|terminal=T_MAN|phase=A,value_pu,standard_scaler_fit_on_calibration_group,explicit_effective_eps,explicit_effective_eps,all_observations,"dbscan|feature=value_pu|groups=scenario,source_lineage,terminal,phase|scale=standard|min_samples=2|eps=3.0",200,3.0,2,1,0,0.0,0,0,3,false,false,""
case.lis,195,1_2LT,A,2.108931991444572,0.02486,-237628.13,SRPI,200,srpi-200,112677.0,absolute_phase_to_ground_maximum,2.4232717330313314,rejected,non_applicable,,Gaussian adequacy status: rejected.,1.7070286305102194,0.18248979827293954,1.4854512421244432,3.5,false,applicable,,1,1.0200791501616162,1.2079243785947944,false,applicable,,kmeans,scenario=SRPI|source_lineage=srpi-200|terminal=1_2LT|phase=A,value_pu,standard_scaler_fit_on_calibration_group,calibration_distance_percentile_99,42,2,all_observations,"kmeans|feature=value_pu|groups=scenario,source_lineage,terminal,phase|scale=standard|clusters=2|seed=42|threshold=p99",200,0,0.022352739948905187,3.0,false,applicable,,dbscan,scenario=SRPI|source_lineage=srpi-200|terminal=1_2LT|phase=A,value_pu,standard_scaler_fit_on_calibration_group,explicit_effective_eps,explicit_effective_eps,all_observations,"dbscan|feature=value_pu|groups=scenario,source_lineage,terminal,phase|scale=standard|min_samples=2|eps=3.0",200,3.0,2,1,0,0.0,1,0,3,false,false,""
case.lis,195,T_OPO,A,1.8466667554159233,0.02499,-208076.87,SRPI,200,srpi-200,112677.0,absolute_phase_to_ground_maximum,2.1517703848351477,rejected,non_applicable,,Gaussian adequacy status: rejected.,1.7540467575459056,0.052284552304374454,1.19483167538346,3.5,false,applicable,,1,0.534130100578456,1.7893062664422041,false,applicable,,kmeans,scenario=SRPI|source_lineage=srpi-200|terminal=T_OPO|phase=A,value_pu,standard_scaler_fit_on_calibration_group,calibration_distance_percentile_99,42,2,all_observations,"kmeans|feature=value_pu|groups=scenario,source_lineage,terminal,phase|scale=standard|clusters=2|seed=42|threshold=p99",200,0,0.0060248126749635755,3.0,false,applicable,,dbscan,scenario=SRPI|source_lineage=srpi-200|terminal=T_OPO|phase=A,value_pu,standard_scaler_fit_on_calibration_group,explicit_effective_eps,explicit_effective_eps,all_observations,"dbscan|feature=value_pu|groups=scenario,source_lineage,terminal,phase|scale=standard|min_samples=2|eps=3.0",200,3.0,2,1,0,0.0,0,0,3,false,false,""
case.lis,196,T_MAN,A,1.2661494892480276,0.0326,142665.926,SRPI,200,srpi-200,112677.0,absolute_phase_to_ground_maximum,1.6579768140784057,rejected,non_applicable,,Gaussian adequacy status: rejected.,1.2431039608793277,0.06948989589712162,0.22368680326638618,3.5,false,applicable,,0,0.3858914193529572,1.4646167600081432,false,applicable,,kmeans,scenario=SRPI|source_lineage=srpi-200|terminal=T_MAN|phase=A,value_pu,standard_scaler_fit_on_calibration_group,calibration_distance_percentile_99,42,2,all_observations,"kmeans|feature=value_pu|groups=scenario,source_lineage,terminal,phase|scale=standard|clusters=2|seed=42|threshold=p99",200,0,0.00011382169908007167,3.0,false,applicable,,dbscan,scenario=SRPI|source_lineage=srpi-200|terminal=T_MAN|phase=A,value_pu,standard_scaler_fit_on_calibration_group,explicit_effective_eps,explicit_effective_eps,all_observations,"dbscan|feature=value_pu|groups=scenario,source_lineage,terminal,phase|scale=standard|min_samples=2|eps=3.0",200,3.0,2,1,0,0.0,0,0,3,false,false,""
case.lis,196,1_2LT,A,1.505119962370315,0.03256,169592.402,SRPI,200,srpi-200,112677.0,absolute_phase_to_ground_maximum,2.4232717330313314,rejected,non_applicable,,Gaussian adequacy status: rejected.,1.7070286305102194,0.18248979827293954,-0.7462626865991873,3.5,false,applicable,,0,0.3217309519400331,1.2079243785947944,false,applicable,,kmeans,scenario=SRPI|source_lineage=srpi-200|terminal=1_2LT|phase=A,value_pu,standard_scaler_fit_on_calibration_group,calibration_distance_percentile_99,42,2,all_observations,"kmeans|feature=value_pu|groups=scenario,source_lineage,terminal,phase|scale=standard|clusters=2|seed=42|threshold=p99",200,0,0.015705983863171458,3.0,false,applicable,,dbscan,scenario=SRPI|source_lineage=srpi-200|terminal=1_2LT|phase=A,value_pu,standard_scaler_fit_on_calibration_group,explicit_effective_eps,explicit_effective_eps,all_observations,"dbscan|feature=value_pu|groups=scenario,source_lineage,terminal,phase|scale=standard|min_samples=2|eps=3.0",200,3.0,2,1,0,0.0,0,0,3,false,false,""
case.lis,196,T_OPO,A,1.5947770973668094,0.03271,179694.699,SRPI,200,srpi-200,112677.0,absolute_phase_to_ground_maximum,2.1517703848351477,rejected,non_applicable,,Gaussian adequacy status: rejected.,1.7540467575459056,0.052284552304374454,-2.0546365718622686,3.5,false,applicable,,0,1.0039066832579073,1.7893062664422041,false,applicable,,kmeans,scenario=SRPI|source_lineage=srpi-200|terminal=T_OPO|phase=A,value_pu,standard_scaler_fit_on_calibration_group,calibration_distance_percentile_99,42,2,all_observations,"kmeans|feature=value_pu|groups=scenario,source_lineage,terminal,phase|scale=standard|clusters=2|seed=42|threshold=p99",200,0,0.0164118157895361,3.0,false,applicable,,dbscan,scenario=SRPI|source_lineage=srpi-200|terminal=T_OPO|phase=A,value_pu,standard_scaler_fit_on_calibration_group,explicit_effective_eps,explicit_effective_eps,all_observations,"dbscan|feature=value_pu|groups=scenario,source_lineage,terminal,phase|scale=standard|min_samples=2|eps=3.0",200,3.0,2,1,0,0.0,0,0,3,false,false,""
case.lis,197,T_MAN,A,1.2174844023181306,0.02553,-137182.49,SRPI,200,srpi-200,112677.0,absolute_phase_to_ground_maximum,1.6579768140784057,rejected,non_applicable,,Gaussian adequacy status: rejected.,1.2431039608793277,0.06948989589712162,-0.24867111154776544,3.5,false,applicable,,0,0.0008087059975551147,1.4646167600081432,false,applicable,,kmeans,scenario=SRPI|source_lineage=srpi-200|terminal=T_MAN|phase=A,value_pu,standard_scaler_fit_on_calibration_group,calibration_distance_percentile_99,42,2,all_observations,"kmeans|feature=value_pu|groups=scenario,source_lineage,terminal,phase|scale=standard|clusters=2|seed=42|threshold=p99",200,0,8.533101355845396e-6,3.0,false,applicable,,dbscan,scenario=SRPI|source_lineage=srpi-200|terminal=T_MAN|phase=A,value_pu,standard_scaler_fit_on_calibration_group,explicit_effective_eps,explicit_effective_eps,all_observations,"dbscan|feature=value_pu|groups=scenario,source_lineage,terminal,phase|scale=standard|min_samples=2|eps=3.0",200,3.0,2,1,0,0.0,0,0,3,false,false,""
case.lis,197,1_2LT,A,1.4509489070529036,0.02422,-163488.57,SRPI,200,srpi-200,112677.0,absolute_phase_to_ground_maximum,2.4232717330313314,rejected,non_applicable,,Gaussian adequacy status: rejected.,1.7070286305102194,0.18248979827293954,-0.9464811202578813,3.5,false,applicable,,0,0.10336128262534605,1.2079243785947944,false,applicable,,kmeans,scenario=SRPI|source_lineage=srpi-200|terminal=1_2LT|phase=A,value_pu,standard_scaler_fit_on_calibration_group,calibration_distance_percentile_99,42,2,all_observations,"kmeans|feature=value_pu|groups=scenario,source_lineage,terminal,phase|scale=standard|clusters=2|seed=42|threshold=p99",200,0,0.0022571330283541746,3.0,false,applicable,,dbscan,scenario=SRPI|source_lineage=srpi-200|terminal=1_2LT|phase=A,value_pu,standard_scaler_fit_on_calibration_group,explicit_effective_eps,explicit_effective_eps,all_observations,"dbscan|feature=value_pu|groups=scenario,source_lineage,terminal,phase|scale=standard|min_samples=2|eps=3.0",200,3.0,2,1,0,0.0,0,0,3,false,false,""
case.lis,197,T_OPO,A,1.7365214728826646,0.02566,-195666.03,SRPI,200,srpi-200,112677.0,absolute_phase_to_ground_maximum,2.1517703848351477,rejected,non_applicable,,Gaussian adequacy status: rejected.,1.7540467575459056,0.052284552304374454,-0.226082549312288,3.5,false,applicable,,1,0.19650294748641794,1.7893062664422041,false,applicable,,kmeans,scenario=SRPI|source_lineage=srpi-200|terminal=T_OPO|phase=A,value_pu,standard_scaler_fit_on_calibration_group,calibration_distance_percentile_99,42,2,all_observations,"kmeans|feature=value_pu|groups=scenario,source_lineage,terminal,phase|scale=standard|clusters=2|seed=42|threshold=p99",200,0,0.0010855730479423786,3.0,false,applicable,,dbscan,scenario=SRPI|source_lineage=srpi-200|terminal=T_OPO|phase=A,value_pu,standard_scaler_fit_on_calibration_group,explicit_effective_eps,explicit_effective_eps,all_observations,"dbscan|feature=value_pu|groups=scenario,source_lineage,terminal,phase|scale=standard|min_samples=2|eps=3.0",200,3.0,2,1,0,0.0,0,0,3,false,false,""
case.lis,198,T_MAN,A,1.3994720306717432,0.02623,-157688.31,SRPI,200,srpi-200,112677.0,absolute_phase_to_ground_maximum,1.6579768140784057,rejected,non_applicable,,Gaussian adequacy status: rejected.,1.2431039608793277,0.06948989589712162,1.517755336532292,3.5,false,applicable,,1,0.48365748605169,1.4646167600081432,false,applicable,,kmeans,scenario=SRPI|source_lineage=srpi-200|terminal=T_MAN|phase=A,value_pu,standard_scaler_fit_on_calibration_group,calibration_distance_percentile_99,42,2,all_observations,"kmeans|feature=value_pu|groups=scenario,source_lineage,terminal,phase|scale=standard|clusters=2|seed=42|threshold=p99",200,0,0.01304915709686505,3.0,false,applicable,,dbscan,scenario=SRPI|source_lineage=srpi-200|terminal=T_MAN|phase=A,value_pu,standard_scaler_fit_on_calibration_group,explicit_effective_eps,explicit_effective_eps,all_observations,"dbscan|feature=value_pu|groups=scenario,source_lineage,terminal,phase|scale=standard|min_samples=2|eps=3.0",200,3.0,2,1,0,0.0,0,0,3,false,false,""
case.lis,198,1_2LT,A,1.8634969869627342,0.02635,-209973.25,SRPI,200,srpi-200,112677.0,absolute_phase_to_ground_maximum,2.4232717330313314,rejected,non_applicable,,Gaussian adequacy status: rejected.,1.7070286305102194,0.18248979827293954,0.5783134380991732,3.5,false,applicable,,1,0.030702804197739852,1.2079243785947944,false,applicable,,kmeans,scenario=SRPI|source_lineage=srpi-200|terminal=1_2LT|phase=A,value_pu,standard_scaler_fit_on_calibration_group,calibration_distance_percentile_99,42,2,all_observations,"kmeans|feature=value_pu|groups=scenario,source_lineage,terminal,phase|scale=standard|clusters=2|seed=42|threshold=p99",200,0,0.0027971334393491754,3.0,false,applicable,,dbscan,scenario=SRPI|source_lineage=srpi-200|terminal=1_2LT|phase=A,value_pu,standard_scaler_fit_on_calibration_group,explicit_effective_eps,explicit_effective_eps,all_observations,"dbscan|feature=value_pu|groups=scenario,source_lineage,terminal,phase|scale=standard|min_samples=2|eps=3.0",200,3.0,2,1,0,0.0,0,0,3,false,false,""
case.lis,198,T_OPO,A,1.7429439903440809,0.02621,-196389.7,SRPI,200,srpi-200,112677.0,absolute_phase_to_ground_maximum,2.1517703848351477,rejected,non_applicable,,Gaussian adequacy status: rejected.,1.7540467575459056,0.052284552304374454,-0.14322973701387948,3.5,false,applicable,,1,0.15390009241028196,1.7893062664422041,false,applicable,,kmeans,scenario=SRPI|source_lineage=srpi-200|terminal=T_OPO|phase=A,value_pu,standard_scaler_fit_on_calibration_group,calibration_distance_percentile_99,42,2,all_observations,"kmeans|feature=value_pu|groups=scenario,source_lineage,terminal,phase|scale=standard|clusters=2|seed=42|threshold=p99",200,0,0.001906640688919381,3.0,false,applicable,,dbscan,scenario=SRPI|source_lineage=srpi-200|terminal=T_OPO|phase=A,value_pu,standard_scaler_fit_on_calibration_group,explicit_effective_eps,explicit_effective_eps,all_observations,"dbscan|feature=value_pu|groups=scenario,source_lineage,terminal,phase|scale=standard|min_samples=2|eps=3.0",200,3.0,2,1,0,0.0,0,0,3,false,false,""
case.lis,199,T_MAN,A,1.1510442237546261,0.0408,-129696.21,SRPI,200,srpi-200,112677.0,absolute_phase_to_ground_maximum,1.6579768140784057,rejected,non_applicable,,Gaussian adequacy status: rejected.,1.2431039608793277,0.06948989589712162,-0.8935593915449935,3.5,false,applicable,,0,0.5287523921113401,1.4646167600081432,false,applicable,,kmeans,scenario=SRPI|source_lineage=srpi-200|terminal=T_MAN|phase=A,value_pu,standard_scaler_fit_on_calibration_group,calibration_distance_percentile_99,42,2,all_observations,"kmeans|feature=value_pu|groups=scenario,source_lineage,terminal,phase|scale=standard|clusters=2|seed=42|threshold=p99",200,0,0.006225637914976989,3.0,false,applicable,,dbscan,scenario=SRPI|source_lineage=srpi-200|terminal=T_MAN|phase=A,value_pu,standard_scaler_fit_on_calibration_group,explicit_effective_eps,explicit_effective_eps,all_observations,"dbscan|feature=value_pu|groups=scenario,source_lineage,terminal,phase|scale=standard|min_samples=2|eps=3.0",200,3.0,2,1,0,0.0,0,0,3,false,false,""
case.lis,199,1_2LT,A,1.372407944833462,0.04192,-154638.81,SRPI,200,srpi-200,112677.0,absolute_phase_to_ground_maximum,2.4232717330313314,rejected,non_applicable,,Gaussian adequacy status: rejected.,1.7070286305102194,0.18248979827293954,-1.2367717254802029,3.5,false,applicable,,0,0.21324624600820008,1.2079243785947944,false,applicable,,kmeans,scenario=SRPI|source_lineage=srpi-200|terminal=1_2LT|phase=A,value_pu,standard_scaler_fit_on_calibration_group,calibration_distance_percentile_99,42,2,all_observations,"kmeans|feature=value_pu|groups=scenario,source_lineage,terminal,phase|scale=standard|clusters=2|seed=42|threshold=p99",200,0,0.008597290232269295,3.0,false,applicable,,dbscan,scenario=SRPI|source_lineage=srpi-200|terminal=1_2LT|phase=A,value_pu,standard_scaler_fit_on_calibration_group,explicit_effective_eps,explicit_effective_eps,all_observations,"dbscan|feature=value_pu|groups=scenario,source_lineage,terminal,phase|scale=standard|min_samples=2|eps=3.0",200,3.0,2,1,0,0.0,0,0,3,false,false,""
case.lis,199,T_OPO,A,1.4778419730734753,0.04184,-166518.8,SRPI,200,srpi-200,112677.0,absolute_phase_to_ground_maximum,2.1517703848351477,rejected,non_applicable,,Gaussian adequacy status: rejected.,1.7540467575459056,0.052284552304374454,-3.563142225972264,3.5,true,applicable,,0,0.2282341866851585,1.7893062664422041,false,applicable,,kmeans,scenario=SRPI|source_lineage=srpi-200|terminal=T_OPO|phase=A,value_pu,standard_scaler_fit_on_calibration_group,calibration_distance_percentile_99,42,2,all_observations,"kmeans|feature=value_pu|groups=scenario,source_lineage,terminal,phase|scale=standard|clusters=2|seed=42|threshold=p99",200,0,0.0201984876761796,3.0,false,applicable,,dbscan,scenario=SRPI|source_lineage=srpi-200|terminal=T_OPO|phase=A,value_pu,standard_scaler_fit_on_calibration_group,explicit_effective_eps,explicit_effective_eps,all_observations,"dbscan|feature=value_pu|groups=scenario,source_lineage,terminal,phase|scale=standard|min_samples=2|eps=3.0",200,3.0,2,1,0,0.0,0,1,3,true,true,mad_modified_z
case.lis,200,T_MAN,A,1.3120647248329294,0.03218,147839.517,SRPI,200,srpi-200,112677.0,absolute_phase_to_ground_maximum,1.6579768140784057,rejected,non_applicable,,Gaussian adequacy status: rejected.,1.2431039608793277,0.06948989589712162,0.6693538370133372,3.5,false,applicable,,0,0.750740810904581,1.4646167600081432,false,applicable,,kmeans,scenario=SRPI|source_lineage=srpi-200|terminal=T_MAN|phase=A,value_pu,standard_scaler_fit_on_calibration_group,calibration_distance_percentile_99,42,2,all_observations,"kmeans|feature=value_pu|groups=scenario,source_lineage,terminal,phase|scale=standard|clusters=2|seed=42|threshold=p99",200,0,0.008409124561141568,3.0,false,applicable,,dbscan,scenario=SRPI|source_lineage=srpi-200|terminal=T_MAN|phase=A,value_pu,standard_scaler_fit_on_calibration_group,explicit_effective_eps,explicit_effective_eps,all_observations,"dbscan|feature=value_pu|groups=scenario,source_lineage,terminal,phase|scale=standard|min_samples=2|eps=3.0",200,3.0,2,1,0,0.0,0,0,3,false,false,""
case.lis,200,1_2LT,A,1.8617038881049373,0.0323,209771.209,SRPI,200,srpi-200,112677.0,absolute_phase_to_ground_maximum,2.4232717330313314,rejected,non_applicable,,Gaussian adequacy status: rejected.,1.7070286305102194,0.18248979827293954,0.5716860714621435,3.5,false,applicable,,1,0.023474619287341403,1.2079243785947944,false,applicable,,kmeans,scenario=SRPI|source_lineage=srpi-200|terminal=1_2LT|phase=A,value_pu,standard_scaler_fit_on_calibration_group,calibration_distance_percentile_99,42,2,all_observations,"kmeans|feature=value_pu|groups=scenario,source_lineage,terminal,phase|scale=standard|clusters=2|seed=42|threshold=p99",200,0,0.006015241096014368,3.0,false,applicable,,dbscan,scenario=SRPI|source_lineage=srpi-200|terminal=1_2LT|phase=A,value_pu,standard_scaler_fit_on_calibration_group,explicit_effective_eps,explicit_effective_eps,all_observations,"dbscan|feature=value_pu|groups=scenario,source_lineage,terminal,phase|scale=standard|min_samples=2|eps=3.0",200,3.0,2,1,0,0.0,0,0,3,false,false,""
case.lis,200,T_OPO,A,1.8205016995482663,0.03245,205128.67,SRPI,200,srpi-200,112677.0,absolute_phase_to_ground_maximum,2.1517703848351477,rejected,non_applicable,,Gaussian adequacy status: rejected.,1.7540467575459056,0.052284552304374454,0.8572929336667044,3.5,false,applicable,,1,0.36056792813043076,1.7893062664422041,false,applicable,,kmeans,scenario=SRPI|source_lineage=srpi-200|terminal=T_OPO|phase=A,value_pu,standard_scaler_fit_on_calibration_group,calibration_distance_percentile_99,42,2,all_observations,"kmeans|feature=value_pu|groups=scenario,source_lineage,terminal,phase|scale=standard|clusters=2|seed=42|threshold=p99",200,0,0.0003661748567351797,3.0,false,applicable,,dbscan,scenario=SRPI|source_lineage=srpi-200|terminal=T_OPO|phase=A,value_pu,standard_scaler_fit_on_calibration_group,explicit_effective_eps,explicit_effective_eps,all_observations,"dbscan|feature=value_pu|groups=scenario,source_lineage,terminal,phase|scale=standard|min_samples=2|eps=3.0",200,3.0,2,1,0,0.0,0,0,3,false,false,""
