   ---   350   cards of disk file read into card cache cells  1   onward.
Alternative Transients Program (ATP),  Intel Visual Fortran.    All rights reserved by Can/Am user group of Portland, Oregon, USA.
 Date (dd-mth-yy) and time of day (hh.mm.ss) = 03-Sep-26  15.39.54    Name of disk plot file is  shot0158.pl4
Consult the 860-page ATP Rule Book of the Can/Am EMTP User Group in Portland,  Oregon, USA.  Source code date is 19 June 2017.
Total size of LABCOM tables = 80605677 INTEGER words.  31 VARDIM  List Sizes follow:  100K  120K  500K  20K  2000K  5K  200K
 2000K  10K  16K  3K  12K 1000K  2K 2000K  3200  360  1016 2000K 2000K  12K 1000K 2000K  36  240K 2000K  100K 2000K84700K  39  100K
--------------------------------------------------+--------------------------------------------------------------------------------
Descriptive interpretation of input data cards.   |  Input data card images are shown below, all 80 columns, character by character
                                                  0         1         2         3         4         5         6         7         8
                                                  012345678901234567890123456789012345678901234567890123456789012345678901234567890
--------------------------------------------------+--------------------------------------------------------------------------------
Comment card.   Card index = 1.                   |C data:shot0158.dat
Comment card.   Card index = 2.                   |C data:case.atp
Marker card preceding new EMTP data case.         |BEGIN NEW DATA CASE
Comment card.   Card index = 4.                   |C ------------------------------------------------------------------------------
Comment card.   Card index = 5.                   |C Generated by ATPDraw September, 3, 2026
Comment card.   Card index = 6.                   |C from project /tmp/tmp_l40g6_j/case.xml
Comment card.   Card index = 7.                   |C ATPDraw developed by H. K. Høidalen at NTNU - NORWAY 1999-2022
Comment card.   Card index = 8.                   |C ------------------------------------------------------------------------------
Use  SPY  DEPOSIT  on following variable.         |$DEPOSIT, SIGMAX=3.0
Comment card.   Card index = 10.                  |C $DUMMY, XYZ000
Comment card.   Card index = 11.                  |C  dT  >< Tmax >< Xopt >< Copt ><Epsiln>
Misc. data.     1.000E-05   3.000E-01   6.000E+01 |   1.E-5      .3     60.     60.  1.E-16
Misc. data.    500    1  1  1  1  0  0  1  0  0   |     500       1       1       1       1       0               1
Comment card.   Card index = 14.                  |C        1         2         3         4         5         6         7         8
Comment card.   Card index = 15.                  |C 345678901234567890123456789012345678901234567890123456789012345678901234567890
Comment card.   Card index = 16.                  |C < n1 >< n2 ><ref1><ref2>< R  >< L  >< C  >
Comment card.   Card index = 17.                  |C < n1 >< n2 ><ref1><ref2>< R  >< A  >< B  ><Leng><><>0
Comment card.   Card index = 18.                  |C bar from: 390 - bar to: 391 - fictional: 1505 1505 - SGOTA3-MG000
Sat. Xformer.    2.456E-02  2.878E+01  0.000E+00  |  TRANSFORMER             .0245628.784X0001A                                   0
    Breakpoint.      2.45605E-02    2.87840E+01   |     0.024560452        28.78395
    Breakpoint.      9.03510E-01    1.08293E+03   |     0.903510298      1082.93048
    Breakpoint.      1.66111E+00    1.13708E+03   |      1.66111143        1137.077
    Breakpoint.      3.75350E+00    1.19122E+03   |      3.75349629      1191.22352
    Breakpoint.      7.42970E+00    1.23454E+03   |      7.42970164      1234.54074
    Breakpoint.      1.75927E+01    1.28869E+03   |      17.5926808      1288.68727
    Breakpoint.      2.79951E+01    1.30601E+03   |      27.9951131      1306.01415
    Breakpoint.      8.30078E+02    1.55942E+03   |       830.07831      1559.41988
Special termination-of-points card.               |            9999
  Winding 1.   1.7190E+00  1.8237E-01  2.8868E+02 | 1390A                     1.719 68.75288.68
  Winding 2.   1.8700E-01 -1.9892E-02  1.9919E+02 | 2391A                      .187-7.499199.19
  Winding 3.   3.2000E-02  1.1247E-03  1.3800E+01 | 3395A  395B                .032  .424  13.8
Transformer copy using reference name  "X0001A"   |  TRANSFORMER X0001A                  X0001B                                   0
  Winding 1.   (No values read, since copy)       | 1390B
  Winding 2.   (No values read, since copy)       | 2391B
  Winding 3.   (No values read, since copy)       | 3395B  395C
Transformer copy using reference name  "X0001A"   |  TRANSFORMER X0001A                  X0001C                                   0
  Winding 1.   (No values read, since copy)       | 1390C
  Winding 2.   (No values read, since copy)       | 2391C
  Winding 3.   (No values read, since copy)       | 3395C  395A
Series R-L-C.   1.000E+06  0.000E+00  0.000E+00   |  395A                      1.E6                                               0
Series R-L-C.   1.000E+06  0.000E+00  0.000E+00   |  395B                      1.E6                                               0
Series R-L-C.   1.000E+06  0.000E+00  0.000E+00   |  395C                      1.E6                                               0
Comment card.   Card index = 43.                  |C bar from: 390 - bar to: 391 - fictional: 393 393 - SGOTA4-MG000
Sat. Xformer.    2.456E-02  2.878E+01  0.000E+00  |  TRANSFORMER             .0245628.784X0002A                                   0
    Breakpoint.      2.45605E-02    2.87840E+01   |     0.024560452        28.78395
    Breakpoint.      9.03510E-01    1.08293E+03   |     0.903510298      1082.93048
    Breakpoint.      1.66111E+00    1.13708E+03   |      1.66111143        1137.077
    Breakpoint.      3.75350E+00    1.19122E+03   |      3.75349629      1191.22352
    Breakpoint.      7.42970E+00    1.23454E+03   |      7.42970164      1234.54074
    Breakpoint.      1.75927E+01    1.28869E+03   |      17.5926808      1288.68727
    Breakpoint.      2.79951E+01    1.30601E+03   |      27.9951131      1306.01415
    Breakpoint.      8.30078E+02    1.55942E+03   |       830.07831      1559.41988
Special termination-of-points card.               |            9999
  Winding 1.   1.5120E+00  1.6048E-01  2.8868E+02 | 1390A                     1.512  60.5288.68
  Winding 2.   5.4000E-02 -5.6818E-03  1.9919E+02 | 2391A                      .054-2.142199.19
  Winding 3.   3.2000E-02  1.1194E-03  1.3800E+01 | 3397A  397B                .032  .422  13.8
Transformer copy using reference name  "X0002A"   |  TRANSFORMER X0002A                  X0002B                                   0
  Winding 1.   (No values read, since copy)       | 1390B
  Winding 2.   (No values read, since copy)       | 2391B
  Winding 3.   (No values read, since copy)       | 3397B  397C
Transformer copy using reference name  "X0002A"   |  TRANSFORMER X0002A                  X0002C                                   0
  Winding 1.   (No values read, since copy)       | 1390C
  Winding 2.   (No values read, since copy)       | 2391C
  Winding 3.   (No values read, since copy)       | 3397C  397A
Series R-L-C.   1.000E+06  0.000E+00  0.000E+00   |  397A                      1.E6                                               0
Series R-L-C.   1.000E+06  0.000E+00  0.000E+00   |  397B                      1.E6                                               0
Series R-L-C.   1.000E+06  0.000E+00  0.000E+00   |  397C                      1.E6                                               0
Comment card.   Card index = 68.                  |C bar from: 391 - bar to: 9098 - fictional: 42076 42076 - SGOTA6-MG000
Sat. Xformer.    6.149E-02  9.864E+00  0.000E+00  |  TRANSFORMER             .061499.8638X0003A                                   0
    Breakpoint.      6.14884E-02    9.86378E+00   |     0.061488436        9.863778
    Breakpoint.      9.82097E-01    7.47225E+02   |     0.982097019      747.225029
    Breakpoint.      1.80559E+00    7.84586E+02   |      1.80559379      784.586281
    Breakpoint.      4.07997E+00    8.21948E+02   |      4.07997288      821.947532
    Breakpoint.      8.07593E+00    8.51837E+02   |      8.07593211      851.836533
    Breakpoint.      1.91229E+01    8.89198E+02   |      19.1228804      889.197785
    Breakpoint.      3.04301E+01    9.01153E+02   |      30.4301093      901.153385
    Breakpoint.      9.02278E+02    1.07600E+03   |      902.277966      1076.00404
Special termination-of-points card.               |            9999
  Winding 1.   7.4000E-01  7.8564E-02  1.9919E+02 | 1391A                       .7429.618199.19
  Winding 2.   9.0000E-03 -9.0453E-04  7.9674E+01 | 29098A                     .009 -.34179.674
  Winding 3.   5.4000E-02  1.8966E-03  1.3800E+01 | 342077A42077B              .054  .715  13.8
Transformer copy using reference name  "X0003A"   |  TRANSFORMER X0003A                  X0003B                                   0
  Winding 1.   (No values read, since copy)       | 1391B
  Winding 2.   (No values read, since copy)       | 29098B
  Winding 3.   (No values read, since copy)       | 342077B42077C
Transformer copy using reference name  "X0003A"   |  TRANSFORMER X0003A                  X0003C                                   0
  Winding 1.   (No values read, since copy)       | 1391C
  Winding 2.   (No values read, since copy)       | 29098C
  Winding 3.   (No values read, since copy)       | 342077C42077A
Series R-L-C.   1.000E+06  0.000E+00  0.000E+00   |  42077A                    1.E6                                               0
Series R-L-C.   1.000E+06  0.000E+00  0.000E+00   |  42077B                    1.E6                                               0
Series R-L-C.   1.000E+06  0.000E+00  0.000E+00   |  42077C                    1.E6                                               0
Comment card.   Card index = 93.                  |C 42077 - SGOTA6-MG013
Comment card.   Card index = 94.                  |C bar from: 9098 - bar to: 9049 - circuit: 7 SGO-DF-MG138 SGOTA2-MG138 300.0
Sat. Xformer.    1.538E-01  8.392E+01  0.000E+00  |  TRANSFORMER             .1538183.924X0004A                                   0
    Breakpoint.      1.53808E-01    8.39241E+01   |      0.15380798       83.924129
    Breakpoint.      2.45543E+00    2.98868E+02   |      2.45542745      298.867504
    Breakpoint.      4.51432E+00    3.13811E+02   |      4.51432442      313.810879
    Breakpoint.      1.02007E+01    3.28754E+02   |      10.2007004      328.754254
    Breakpoint.      2.01914E+01    3.40709E+02   |      20.1913508      340.708954
    Breakpoint.      4.78108E+01    3.55652E+02   |      47.8108014       355.65233
    Breakpoint.      7.60810E+01    3.60434E+02   |      76.0810026       360.43421
    Breakpoint.      2.25586E+03    4.30369E+02   |      2255.86479      430.369205
Special termination-of-points card.               |            9999
  Winding 1.   3.6000E-02  3.8038E-03  7.9674E+01 | 19049A                     .036 1.43479.674
  Winding 2.   3.6000E-02  3.8038E-03  7.9674E+01 | 29098A                     .036 1.43479.674
Transformer copy using reference name  "X0004A"   |  TRANSFORMER X0004A                  X0004B                                   0
  Winding 1.   (No values read, since copy)       | 19049B
  Winding 2.   (No values read, since copy)       | 29098B
Transformer copy using reference name  "X0004A"   |  TRANSFORMER X0004A                  X0004C                                   0
  Winding 1.   (No values read, since copy)       | 19049C
  Winding 2.   (No values read, since copy)       | 29098C
Series R-L-C.   1.000E+06  0.000E+00  0.000E+00   |  9098A                     1.E6                                               0
Series R-L-C.   1.000E+06  0.000E+00  0.000E+00   |  9098B                     1.E6                                               0
Series R-L-C.   1.000E+06  0.000E+00  0.000E+00   |  9098C                     1.E6                                               0
1st of coupled R-L.   1.13780E+01  1.41787E-01    |51X0005AX0010A            11.378     53.4525
2nd coil. 1.373E+00 5.617E-02 0.000E+00 0.000E+00 |52X0005BX0010B            1.3727     21.1765
Zca, Zcc= 3.335E+00 2.854E-02 4.708E+00 8.471E-02 |53X0005CX0010C
1st of coupled R-L.   3.17140E+01  3.38011E-01    |51X0006AX0009A            31.714 127.4272128
2nd coil. 1.489E+01 1.352E-01 0.000E+00 0.000E+00 |52X0006BX0009B             14.89  50.9674572
Zca, Zcc= 5.608E+00 6.761E-02 2.050E+01 2.028E-01 |53X0006CX0009C
1st of coupled R-L.   3.90950E+02  1.44245E+00    |51X0008AX0007A            390.95 543.7895175
2nd coil. 8.644E+00 2.480E-01 0.000E+00 0.000E+00 |52X0008BX0007B            8.6441  93.4941375
Zca, Zcc= 1.274E+02 3.981E-01 1.361E+02 6.461E-01 |53X0008CX0007C
Comment card.   Card index = 125.                 |C < n1 >< n2 ><ref1><ref2>< R  >< L  >< C  >
Comment card.   Card index = 126.                 |C < n1 >< n2 ><ref1><ref2>< R  >< A  >< B  ><Leng><><>0
Comment card.   Card index = 127.                 |C < n1 >< n2 ><ref1><ref2>< R  >< L  >< C  >
Comment card.   Card index = 128.                 |C < n1 >< n2 ><ref1><ref2>< R  >< A  >< B  ><Leng><><>0
1st of coupled R-L.   3.69000E+07  8.17724E+04    |51391A  E001A             3.69E7   30827475.
2nd coil. 2.160E+04 1.538E+02 0.000E+00 0.000E+00 |52391B  E001B             21598.   57981.719
Zca, Zcc= 1.229E+07 2.721E+04 1.231E+07 2.736E+04 |53391C  E001C
Sat. Xformer.    0.000E+00  0.000E+00  1.000E+06  |  TRANSFORMER                         ST001A  1.E6                             0
Special termination-of-points card.               |            9999
  Winding 1.   1.0000E-04  2.6526E-07  1.9919E+02 | 1E001A                    .0001 .0001199.19
  Winding 2.   1.0000E-04  2.6526E-07  7.9674E+01 | 29049A                    .0001 .000179.674
Transformer copy using reference name  "ST001A"   |  TRANSFORMER ST001A                  ST001B                                   0
  Winding 1.   (No values read, since copy)       | 1E001B
  Winding 2.   (No values read, since copy)       | 29049B
Transformer copy using reference name  "ST001A"   |  TRANSFORMER ST001A                  ST001C                                   0
  Winding 1.   (No values read, since copy)       | 1E001C
  Winding 2.   (No values read, since copy)       | 29049C
1st of coupled R-L.   1.58000E+05  4.43667E+02    |51390A  E002A             1.58E5    167258.5
2nd coil. 1.673E+02 3.619E+00 0.000E+00 0.000E+00 |52390B  E002B             167.31    1364.325
Zca, Zcc= 5.261E+04 1.467E+02 5.278E+04 1.503E+02 |53390C  E002C
Sat. Xformer.    0.000E+00  0.000E+00  1.000E+06  |  TRANSFORMER                         ST002A  1.E6                             0
Special termination-of-points card.               |            9999
  Winding 1.   1.0000E-04  2.6526E-07  2.8868E+02 | 1E002A                    .0001 .0001288.68
  Winding 2.   1.0000E-04  2.6526E-07  1.9919E+02 | 2391A                     .0001 .0001199.19
Transformer copy using reference name  "ST002A"   |  TRANSFORMER ST002A                  ST002B                                   0
  Winding 1.   (No values read, since copy)       | 1E002B
  Winding 2.   (No values read, since copy)       | 2391B
Transformer copy using reference name  "ST002A"   |  TRANSFORMER ST002A                  ST002C                                   0
  Winding 1.   (No values read, since copy)       | 1E002C
  Winding 2.   (No values read, since copy)       | 2391C
1st of coupled R-L.   6.29570E+04  3.30096E+02    |51390A  E003A             62957.   124443.25
2nd coil. 1.236E+03 1.123E+01 0.000E+00 0.000E+00 |52390B  E003B             1235.6     4232.25
Zca, Zcc= 2.057E+04 1.063E+02 2.181E+04 1.175E+02 |53390C  E003C
Sat. Xformer.    0.000E+00  0.000E+00  1.000E+06  |  TRANSFORMER                         ST003A  1.E6                             0
Special termination-of-points card.               |            9999
  Winding 1.   1.0000E-04  2.6526E-07  2.8868E+02 | 1E003A                    .0001 .0001288.68
  Winding 2.   1.0000E-04  2.6526E-07  7.9674E+01 | 29049A                    .0001 .000179.674
Transformer copy using reference name  "ST003A"   |  TRANSFORMER ST003A                  ST003B                                   0
  Winding 1.   (No values read, since copy)       | 1E003B
  Winding 2.   (No values read, since copy)       | 29049B
Transformer copy using reference name  "ST003A"   |  TRANSFORMER ST003A                  ST003C                                   0
  Winding 1.   (No values read, since copy)       | 1E003C
  Winding 2.   (No values read, since copy)       | 29049C
Series R-L-C.   2.000E+02  0.000E+00  0.000E+00   |  T_MANCXX0014              200.                                               0
Series R-L-C.   2.000E+02  0.000E+00  0.000E+00   |  RPI_C MEASUC              200.                                               4
Series R-L-C.   2.000E+02  0.000E+00  0.000E+00   |  T_MANBXX0015              200.                                               0
Series R-L-C.   2.000E+02  0.000E+00  0.000E+00   |  RPI_B MEASUB              200.                                               4
Series R-L-C.   2.000E+02  0.000E+00  0.000E+00   |  T_MANAXX0016              200.                                               0
Series R-L-C.   2.000E+02  0.000E+00  0.000E+00   |  RPI_A MEASUA              200.                                               4
Series R-L-C.   1.000E-01  0.000E+00  0.000E+00   |  T_MANB                      .1                                               1
Series R-L-C.   1.000E-03  0.000E+00  0.000E+00   |  T_MANAPRMANA              .001                                               0
Series R-L-C.   1.000E-03  0.000E+00  0.000E+00   |  T_MANBPRMANB              .001                                               0
Series R-L-C.   1.000E-03  0.000E+00  0.000E+00   |  T_MANCPRMANC              .001                                               0
Series R-L-C.   1.000E-03  0.000E+00  0.000E+00   |  T_OPOAPROPOA              .001                                               0
Series R-L-C.   1.000E-03  0.000E+00  0.000E+00   |  T_OPOBPROPOB              .001                                               0
Series R-L-C.   1.000E-03  0.000E+00  0.000E+00   |  T_OPOCPROPOC              .001                                               0
Comment card.   Card index = 181.                 |C 145 kV, Ur=120, MCOV = 96.kV Classe 3: 8kJ/kVr
Type-92 R(i)   0.0000E+00  0.0000E+00  4.4440E+03 |92      PRMANA                         4444.                                   4
Piecewise-lin.   0.000E+00  1.000E+19  0.000E+00  |                                               -1.
    Breakpoint.      1.00000E-03    1.35764E+05   |                    0.001                  135764.
    Breakpoint.      2.00000E-02    1.76190E+05   |                     0.02                  176190.
    Breakpoint.      2.00000E+00    1.85000E+05   |                       2.                   1.85E5
    Breakpoint.      2.00000E+01    1.95461E+05   |                      20.                  195461.
    Breakpoint.      2.50000E+02    2.16935E+05   |                     250.                  216935.
    Breakpoint.      5.00000E+02    2.26000E+05   |                     500.                   2.26E5
    Breakpoint.      1.00000E+03    2.31000E+05   |                     1.E3                   2.31E5
    Breakpoint.      2.00000E+03    2.43000E+05   |                     2.E3                   2.43E5
Special termination-of-points card.               |            9999
Reference branch.   Copy  (      , PRMANA )       |92      PRMANB      PRMANA             4444.                                   4
Reference branch.   Copy  (      , PRMANA )       |92      PRMANC      PRMANA             4444.                                   4
Comment card.   Card index = 195.                 |C 145 kV, Ur=120, MCOV = 96.kV Classe 3: 8kJ/kVr
Type-92 R(i)   0.0000E+00  0.0000E+00  4.4440E+03 |92      PROPOA                         4444.                                   4
Piecewise-lin.   0.000E+00  1.000E+19  0.000E+00  |                                               -1.
    Breakpoint.      1.00000E-03    1.35764E+05   |                    0.001                  135764.
    Breakpoint.      2.00000E-02    1.76190E+05   |                     0.02                  176190.
    Breakpoint.      2.00000E+00    1.85000E+05   |                       2.                   1.85E5
    Breakpoint.      2.00000E+01    1.95461E+05   |                      20.                  195461.
    Breakpoint.      2.50000E+02    2.16935E+05   |                     250.                  216935.
    Breakpoint.      5.00000E+02    2.26000E+05   |                     500.                   2.26E5
    Breakpoint.      1.00000E+03    2.31000E+05   |                     1.E3                   2.31E5
    Breakpoint.      2.00000E+03    2.43000E+05   |                     2.E3                   2.43E5
Special termination-of-points card.               |            9999
Reference branch.   Copy  (      , PROPOA )       |92      PROPOB      PROPOA             4444.                                   4
Reference branch.   Copy  (      , PROPOA )       |92      PROPOC      PROPOA             4444.                                   4
Comment card.   Card index = 209.                 |C 1/6
Comment card.   Card index = 210.                 |C  <++++++>  Cards punched by support routine on  03-Sep-26  16.23.18  <++++++>
Comment card.   Card index = 211.                 |C    **** UNTRANSPOSED K.C. Lee line calculated at   6.000E+01 HZ. ****
Comment card.   Card index = 212.                 |C LINE CONSTANTS
Comment card.   Card index = 213.                 |C $ERASE
Comment card.   Card index = 214.                 |C BRANCH  IN_001OUT001IN_002OUT002IN_003OUT003
Comment card.   Card index = 215.                 |C METRIC
Comment card.   Card index = 216.                 |C   1   .5   .1899 4           1.828    -3.2   22.04      7.     0.0   0.0
Comment card.   Card index = 217.                 |C   2   .5   .1899 4           1.828     3.2    23.9    8.86     0.0   0.0
Comment card.   Card index = 218.                 |C   3   .5   .1899 4           1.828    -3.2   25.76   10.72     0.0   0.0
Comment card.   Card index = 219.                 |C   0.2742    .667 4            1.24     0.0   29.44    18.6     0.0   0.0
Comment card.   Card index = 220.                 |C BLANK CARD ENDING CONDUCTOR CARDS
Comment card.   Card index = 221.                 |C     1.E3       60.                              13.3                 1
Comment card.   Card index = 222.                 |C    The transformation matrix was calculated at  6.00000000E+01 Hz.
New MOLDAT = 1     (data vintage).                |$VINTAGE, 1
 5.284E-01 8.593E+02 2.210E+05 8.593E+02 6.017E-05|-1T_MANAX0011A             5.28357E-01 8.59331E+02 2.21024E+05-1.33000E+01 1  3
 1.912E-01 3.671E+02 2.934E+05 3.671E+02 4.533E-05|-2T_MANBX0011B             1.91185E-01 3.67062E+02 2.93377E+05-1.33000E+01 1  3
 1.906E-01 4.134E+02 2.936E+05 4.134E+02 4.529E-05|-3T_MANCX0011C             1.90555E-01 4.13371E+02 2.93650E+05-1.33000E+01 1  3
New MOLDAT = 0     (data vintage).                |$VINTAGE, 0
TR(1,1 )...  0.594-0.699 0.402                    |  0.59364229 -0.69928374  0.40193149
TI(1,1 )...  0.000 0.000 0.000                    |  0.00000000  0.00000000  0.00000000
TR(2,1 )...  0.611 0.022-0.814                    |  0.61125068  0.02235166 -0.81448972
TI(2,1 )...  0.000 0.000 0.000                    |  0.00000000  0.00000000  0.00000000
TR(3,1 )...  0.523 0.714 0.418                    |  0.52341326  0.71449469  0.41839881
TI(3,1 )...  0.000 0.000 0.000                    |  0.00000000  0.00000000  0.00000000
Comment card.   Card index = 234.                 |C 1/6
Comment card.   Card index = 235.                 |C  <++++++>  Cards punched by support routine on  03-Sep-26  16.23.18  <++++++>
Comment card.   Card index = 236.                 |C    **** UNTRANSPOSED K.C. Lee line calculated at   6.000E+01 HZ. ****
Comment card.   Card index = 237.                 |C LINE CONSTANTS
Comment card.   Card index = 238.                 |C $ERASE
Comment card.   Card index = 239.                 |C BRANCH  IN_001OUT001IN_002OUT002IN_003OUT003
Comment card.   Card index = 240.                 |C METRIC
Comment card.   Card index = 241.                 |C   1   .5   .1899 4           1.828    -3.2   22.04      7.     0.0   0.0
Comment card.   Card index = 242.                 |C   2   .5   .1899 4           1.828     3.2    23.9    8.86     0.0   0.0
Comment card.   Card index = 243.                 |C   3   .5   .1899 4           1.828    -3.2   25.76   10.72     0.0   0.0
Comment card.   Card index = 244.                 |C   0.2742    .667 4            1.24     0.0   29.44    18.6     0.0   0.0
Comment card.   Card index = 245.                 |C BLANK CARD ENDING CONDUCTOR CARDS
Comment card.   Card index = 246.                 |C     1.E3       60.                              13.3                 1
Comment card.   Card index = 247.                 |C    The transformation matrix was calculated at  6.00000000E+01 Hz.
New MOLDAT = 1     (data vintage).                |$VINTAGE, 1
 5.284E-01 8.593E+02 2.210E+05 8.593E+02 6.017E-05|-1X0012AT_OPOA             5.28357E-01 8.59331E+02 2.21024E+05-1.33000E+01 1  3
 1.912E-01 3.671E+02 2.934E+05 3.671E+02 4.533E-05|-2X0012BT_OPOB             1.91185E-01 3.67062E+02 2.93377E+05-1.33000E+01 1  3
 1.906E-01 4.134E+02 2.936E+05 4.134E+02 4.529E-05|-3X0012CT_OPOC             1.90555E-01 4.13371E+02 2.93650E+05-1.33000E+01 1  3
New MOLDAT = 0     (data vintage).                |$VINTAGE, 0
TR(1,1 )...  0.594-0.699 0.402                    |  0.59364229 -0.69928374  0.40193149
TI(1,1 )...  0.000 0.000 0.000                    |  0.00000000  0.00000000  0.00000000
TR(2,1 )...  0.611 0.022-0.814                    |  0.61125068  0.02235166 -0.81448972
TI(2,1 )...  0.000 0.000 0.000                    |  0.00000000  0.00000000  0.00000000
TR(3,1 )...  0.523 0.714 0.418                    |  0.52341326  0.71449469  0.41839881
TI(3,1 )...  0.000 0.000 0.000                    |  0.00000000  0.00000000  0.00000000
Comment card.   Card index = 259.                 |C 1/3
Comment card.   Card index = 260.                 |C  <++++++>  Cards punched by support routine on  03-Sep-26  16.23.19  <++++++>
Comment card.   Card index = 261.                 |C    **** UNTRANSPOSED K.C. Lee line calculated at   6.000E+01 HZ. ****
Comment card.   Card index = 262.                 |C LINE CONSTANTS
Comment card.   Card index = 263.                 |C $ERASE
Comment card.   Card index = 264.                 |C BRANCH  IN_001OUT001IN_002OUT002IN_003OUT003
Comment card.   Card index = 265.                 |C METRIC
Comment card.   Card index = 266.                 |C   1   .5   .1899 4           1.828    -3.2   22.04      7.     0.0   0.0
Comment card.   Card index = 267.                 |C   2   .5   .1899 4           1.828     3.2    23.9    8.86     0.0   0.0
Comment card.   Card index = 268.                 |C   3   .5   .1899 4           1.828    -3.2   25.76   10.72     0.0   0.0
Comment card.   Card index = 269.                 |C   0.2742    .667 4            1.24     0.0   29.44    18.6     0.0   0.0
Comment card.   Card index = 270.                 |C BLANK CARD ENDING CONDUCTOR CARDS
Comment card.   Card index = 271.                 |C     1.E3       60.                              26.7                 1
Comment card.   Card index = 272.                 |C    The transformation matrix was calculated at  6.00000000E+01 Hz.
New MOLDAT = 1     (data vintage).                |$VINTAGE, 1
 5.284E-01 8.593E+02 2.210E+05 8.593E+02 1.208E-04|-1X0011B1_2LTB             5.28357E-01 8.59331E+02 2.21024E+05-2.67000E+01 1  3
 1.912E-01 3.671E+02 2.934E+05 3.671E+02 9.101E-05|-2X0011C1_2LTC             1.91185E-01 3.67062E+02 2.93377E+05-2.67000E+01 1  3
 1.906E-01 4.134E+02 2.936E+05 4.134E+02 9.092E-05|-3X0011A1_2LTA             1.90555E-01 4.13371E+02 2.93650E+05-2.67000E+01 1  3
New MOLDAT = 0     (data vintage).                |$VINTAGE, 0
TR(1,1 )...  0.594-0.699 0.402                    |  0.59364229 -0.69928374  0.40193149
TI(1,1 )...  0.000 0.000 0.000                    |  0.00000000  0.00000000  0.00000000
TR(2,1 )...  0.611 0.022-0.814                    |  0.61125068  0.02235166 -0.81448972
TI(2,1 )...  0.000 0.000 0.000                    |  0.00000000  0.00000000  0.00000000
TR(3,1 )...  0.523 0.714 0.418                    |  0.52341326  0.71449469  0.41839881
TI(3,1 )...  0.000 0.000 0.000                    |  0.00000000  0.00000000  0.00000000
Comment card.   Card index = 284.                 |C 1/3
Comment card.   Card index = 285.                 |C  <++++++>  Cards punched by support routine on  03-Sep-26  16.23.19  <++++++>
Comment card.   Card index = 286.                 |C    **** UNTRANSPOSED K.C. Lee line calculated at   6.000E+01 HZ. ****
Comment card.   Card index = 287.                 |C LINE CONSTANTS
Comment card.   Card index = 288.                 |C $ERASE
Comment card.   Card index = 289.                 |C BRANCH  IN_001OUT001IN_002OUT002IN_003OUT003
Comment card.   Card index = 290.                 |C METRIC
Comment card.   Card index = 291.                 |C   1   .5   .1899 4           1.828    -3.2   22.04      7.     0.0   0.0
Comment card.   Card index = 292.                 |C   2   .5   .1899 4           1.828     3.2    23.9    8.86     0.0   0.0
Comment card.   Card index = 293.                 |C   3   .5   .1899 4           1.828    -3.2   25.76   10.72     0.0   0.0
Comment card.   Card index = 294.                 |C   0.2742    .667 4            1.24     0.0   29.44    18.6     0.0   0.0
Comment card.   Card index = 295.                 |C BLANK CARD ENDING CONDUCTOR CARDS
Comment card.   Card index = 296.                 |C     1.E3       60.                              26.7                 1
Comment card.   Card index = 297.                 |C    The transformation matrix was calculated at  6.00000000E+01 Hz.
New MOLDAT = 1     (data vintage).                |$VINTAGE, 1
 5.284E-01 8.593E+02 2.210E+05 8.593E+02 1.208E-04|-11_2LTCX0012C             5.28357E-01 8.59331E+02 2.21024E+05-2.67000E+01 1  3
 1.912E-01 3.671E+02 2.934E+05 3.671E+02 9.101E-05|-21_2LTAX0012A             1.91185E-01 3.67062E+02 2.93377E+05-2.67000E+01 1  3
 1.906E-01 4.134E+02 2.936E+05 4.134E+02 9.092E-05|-31_2LTBX0012B             1.90555E-01 4.13371E+02 2.93650E+05-2.67000E+01 1  3
New MOLDAT = 0     (data vintage).                |$VINTAGE, 0
TR(1,1 )...  0.594-0.699 0.402                    |  0.59364229 -0.69928374  0.40193149
TI(1,1 )...  0.000 0.000 0.000                    |  0.00000000  0.00000000  0.00000000
TR(2,1 )...  0.611 0.022-0.814                    |  0.61125068  0.02235166 -0.81448972
TI(2,1 )...  0.000 0.000 0.000                    |  0.00000000  0.00000000  0.00000000
TR(3,1 )...  0.523 0.714 0.418                    |  0.52341326  0.71449469  0.41839881
TI(3,1 )...  0.000 0.000 0.000                    |  0.00000000  0.00000000  0.00000000
Blank card ending branches.  IBR, NTOT = 145  100 |BLANK BRANCH
Comment card.   Card index = 310.                 |C < n 1>< n 2>< Tclose ><Top/Tde ><   Ie   ><Vf/CLOP ><  type  >
Permanently-closed switch used for metering.      |  X0005A390A                                          MEASURING                0
Permanently-closed switch used for metering.      |  X0005B390B                                          MEASURING                0
Permanently-closed switch used for metering.      |  X0005C390C                                          MEASURING                0
Permanently-closed switch used for metering.      |  X0006A9049A                                         MEASURING                0
Permanently-closed switch used for metering.      |  X0006B9049B                                         MEASURING                0
Permanently-closed switch used for metering.      |  X0006C9049C                                         MEASURING                0
Permanently-closed switch used for metering.      |  X0008A391A                                          MEASURING                0
Permanently-closed switch used for metering.      |  X0008B391B                                          MEASURING                0
Permanently-closed switch used for metering.      |  X0008C391C                                          MEASURING                0
Switch.   2.34E-02  1.00E+09  0.00E+00  0.00E+00  |  XX0014RPI_C  .02335743     1.E+9                                             1
Switch.   2.04E-02  1.00E+09  0.00E+00  0.00E+00  |  XX0015RPI_B  .02037446     1.E+9                                             1
Switch.   2.04E-02  1.00E+09  0.00E+00  0.00E+00  |  XX0016RPI_A  .02037437     1.E+9                                             1
Comment card.   Card index = 323.                 |C 0.0008125
Permanently-closed switch used for metering.      |  9049A MEASUA                                        MEASURING                0
Permanently-closed switch used for metering.      |  9049B MEASUB                                        MEASURING                0
Permanently-closed switch used for metering.      |  9049C MEASUC                                        MEASURING                0
Switch.   3.31E-02  1.00E+09  0.00E+00  0.00E+00  |  T_MANCMEASUC .03305223     1.E+9                                             3
Switch.   3.17E-02  1.00E+09  0.00E+00  0.00E+00  |  T_MANAMEASUA .03172142     1.E+9                                             3
Comment card.   Card index = 329.                 |C 0.0008125
Switch.   3.14E-02  1.00E+09  0.00E+00  0.00E+00  |  T_MANBMEASUB .03139713     1.E+9                                             3
Blank card ending switches.   KSWTCH = 18.        |BLANK SWITCH
Comment card.   Card index = 332.                 |C < n 1><>< Ampl.  >< Freq.  ><Phase/T0><   A1   ><   T1   >< TSTART >< TSTOP  >
Comment card.   Card index = 333.                 |C 1 - 390
Source.   4.08E+05  6.00E+01  0.00E+00 -1.00E+00  |14X0010A   408248.29       60.                                     -1.      100.
Source.   4.08E+05  6.00E+01 -1.20E+02 -1.00E+00  |14X0010B   408248.29       60.     -120.                           -1.      100.
Source.   4.08E+05  6.00E+01 -2.40E+02 -1.00E+00  |14X0010C   408248.29       60.     -240.                           -1.      100.
Comment card.   Card index = 337.                 |C 1 - 9049
Source.   1.13E+05  6.00E+01  0.00E+00 -1.00E+00  |14X0009A  112676.528       60.                                     -1.      100.
Source.   1.13E+05  6.00E+01 -1.20E+02 -1.00E+00  |14X0009B  112676.528       60.     -120.                           -1.      100.
Source.   1.13E+05  6.00E+01 -2.40E+02 -1.00E+00  |14X0009C  112676.528       60.     -240.                           -1.      100.
Comment card.   Card index = 341.                 |C 1 - 391
Source.   2.82E+05  6.00E+01  0.00E+00 -1.00E+00  |14X0007A   281691.32       60.                                     -1.      100.
Source.   2.82E+05  6.00E+01 -1.20E+02 -1.00E+00  |14X0007B   281691.32       60.     -120.                           -1.      100.
Source.   2.82E+05  6.00E+01 -2.40E+02 -1.00E+00  |14X0007C   281691.32       60.     -240.                           -1.      100.
Blank card ends electric sources.  KCONST = 9     |BLANK SOURCE

List of input elements that are connected to each node.   Only the physical connections of multi-phase lines are shown (capacitive
and inductive coupling are ignored).   Repeated entries indicate parallel connections.   Switches are included,  although sources
(including rotating machinery) are omitted -- except that U.M. usage produces extra,  internally-defined nodes  "UMXXXX".
--------------+------------------------------
From bus name |  Names of all adjacent busses.
--------------+------------------------------
       X0001A |TERRA *TERRA *TERRA *390A  *
       390A   |X0001A*X0002A*X0005A*E002A *E003A *
       391A   |TERRA *TERRA *TERRA *X0003A*X0008A*E001A *
       395A   |TERRA *395B  *395C  *
       395B   |TERRA *395A  *395C  *
       X0001B |TERRA *TERRA *TERRA *390B  *
       390B   |X0001B*X0002B*X0005B*E002B *E003B *
       391B   |TERRA *TERRA *TERRA *X0003B*X0008B*E001B *
       395C   |TERRA *395A  *395B  *
       X0001C |TERRA *TERRA *TERRA *390C  *
       390C   |X0001C*X0002C*X0005C*E002C *E003C *
       391C   |TERRA *TERRA *TERRA *X0003C*X0008C*E001C *
       X0002A |TERRA *TERRA *TERRA *390A  *
       397A   |TERRA *397B  *397C  *
       397B   |TERRA *397A  *397C  *
       X0002B |TERRA *TERRA *TERRA *390B  *
       397C   |TERRA *397A  *397B  *
       X0002C |TERRA *TERRA *TERRA *390C  *
       X0003A |TERRA *TERRA *TERRA *391A  *
       9098A  |TERRA *TERRA *TERRA *
       42077A |TERRA *42077B*42077C*
       42077B |TERRA *42077A*42077C*
       X0003B |TERRA *TERRA *TERRA *391B  *
       9098B  |TERRA *TERRA *TERRA *
       42077C |TERRA *42077A*42077B*
       X0003C |TERRA *TERRA *TERRA *391C  *
       9098C  |TERRA *TERRA *TERRA *
       X0004A |TERRA *TERRA *9049A *
       9049A  |TERRA *TERRA *X0004A*X0006A*MEASUA*
       X0004B |TERRA *TERRA *9049B *
       9049B  |TERRA *TERRA *X0004B*X0006B*MEASUB*
       X0004C |TERRA *TERRA *9049C *
       9049C  |TERRA *TERRA *X0004C*X0006C*MEASUC*
       X0005A |390A  *X0010A*
       X0010A |X0005A*
       X0005B |390B  *X0010B*
       X0010B |X0005B*
       X0005C |390C  *X0010C*
       X0010C |X0005C*
       X0006A |9049A *X0009A*
       X0009A |X0006A*
       X0006B |9049B *X0009B*
       X0009B |X0006B*
       X0006C |9049C *X0009C*
       X0009C |X0006C*
       X0008A |391A  *X0007A*
       X0007A |X0008A*
       X0008B |391B  *X0007B*
       X0007B |X0008B*
       X0008C |391C  *X0007C*
       X0007C |X0008C*
       E001A  |391A  *ST001A*
       E001B  |391B  *ST001B*
       E001C  |391C  *ST001C*
       ST001A |TERRA *TERRA *E001A *
       ST001B |TERRA *TERRA *E001B *
       ST001C |TERRA *TERRA *E001C *
       E002A  |390A  *ST002A*
       E002B  |390B  *ST002B*
       E002C  |390C  *ST002C*
       ST002A |TERRA *TERRA *E002A *
       ST002B |TERRA *TERRA *E002B *
       ST002C |TERRA *TERRA *E002C *
       E003A  |390A  *ST003A*
       E003B  |390B  *ST003B*
       E003C  |390C  *ST003C*
       ST003A |TERRA *TERRA *E003A *
       ST003B |TERRA *TERRA *E003B *
       ST003C |TERRA *TERRA *E003C *
       T_MANC |XX0014*MEASUC*PRMANC*X0011C*
       XX0014 |T_MANC*RPI_C *
       RPI_C  |XX0014*MEASUC*
       MEASUC |9049C *T_MANC*RPI_C *
       T_MANB |TERRA *XX0015*MEASUB*PRMANB*X0011B*
       XX0015 |T_MANB*RPI_B *
       RPI_B  |XX0015*MEASUB*
       MEASUB |9049B *T_MANB*RPI_B *
       T_MANA |XX0016*MEASUA*PRMANA*X0011A*
       XX0016 |T_MANA*RPI_A *
       RPI_A  |XX0016*MEASUA*
       MEASUA |9049A *T_MANA*RPI_A *
       PRMANA |TERRA *T_MANA*
       PRMANB |TERRA *T_MANB*
       PRMANC |TERRA *T_MANC*
       T_OPOA |PROPOA*X0012A*
       PROPOA |TERRA *T_OPOA*
       T_OPOB |PROPOB*X0012B*
       PROPOB |TERRA *T_OPOB*
       T_OPOC |PROPOC*X0012C*
       PROPOC |TERRA *T_OPOC*
       X0011A |T_MANA*1_2LTA*
       X0011B |T_MANB*1_2LTB*
       X0011C |T_MANC*1_2LTC*
       X0012A |T_OPOA*1_2LTA*
       X0012B |T_OPOB*1_2LTB*
       X0012C |T_OPOC*1_2LTC*
       1_2LTB |X0011B*X0012B*
       1_2LTC |X0011C*X0012C*
       1_2LTA |X0011A*X0012A*
       TERRA  |X0001A*X0001A*X0001A*391A  *391A  *391A  *395A  *395B  *X0001B*X0001B*X0001B*391B  *391B  *391B  *395C  *
              |X0001C*X0001C*X0001C*391C  *391C  *391C  *X0002A*X0002A*X0002A*397A  *397B  *X0002B*X0002B*X0002B*397C  *
              |X0002C*X0002C*X0002C*X0003A*X0003A*X0003A*9098A *9098A *9098A *42077A*42077B*X0003B*X0003B*X0003B*9098B *
              |9098B *9098B *42077C*X0003C*X0003C*X0003C*9098C *9098C *9098C *X0004A*X0004A*9049A *9049A *X0004B*X0004B*
              |9049B *9049B *X0004C*X0004C*9049C *9049C *ST001A*ST001A*ST001B*ST001B*ST001C*ST001C*ST002A*ST002A*ST002B*
              |ST002B*ST002C*ST002C*ST003A*ST003A*ST003B*ST003B*ST003C*ST003C*T_MANB*PRMANA*PRMANB*PRMANC*PROPOA*PROPOB*
              |PROPOC*
              |-------

Sinusoidal steady-state phasor solution, branch by branch.   All flows are away from a bus,  and the real part,  magnitude,  or  "P"
is printed above the imaginary part,  the angle,  or  "Q".   The first solution frequency  =  6.00000000E+01  Hertz.
  Bus K                        Phasor  node  voltage              Phasor  branch  current               Power flow       Power loss
             Bus M         Rectangular            Polar          Rectangular            Polar            P  and  Q        P  and  Q

 390A                 408167.18434489  408167.18442614      .30438842310048  1.8065804192189       62127.93436547  2.8051783511401
                       -8.14437967846       -0.0011433       -1.78075278997      -80.3000383      363421.18662082      112.1908154

            X0001A    408044.23434688  408044.23517586      -.3043884231005  1.8065804192189      -62125.12918712
                      -26.00996972066       -0.0036522      1.7807527899704       99.6999617      -363308.9958054

 391A                 281560.88636572  281560.88673442      -.4407757483018  1.3182151192725      -62061.55578552  -62061.55578552
                      -14.40925633333       -0.0029322      1.2423396638551      109.5344243      -174893.9528358  -174893.9528358

            TERRA                 0.0              0.0       .4407757483018  1.3182151192725                  0.0
                                  0.0              0.0      -1.242339663855      -70.4655757                  0.0

 X0001A               408044.23434688  408044.23517586      .30413648782132  .90957208538363      62061.718259653  62061.718259653
                      -26.00996972066       -0.0036522       -.857217810877      -70.4655757       174887.4373635   174887.4373635

            TERRA                 0.0              0.0      -.3041364878213  .90957208538363                  0.0
                                  0.0              0.0      .85721781087705      109.5344243                  0.0

 395A                 9752.6719554317  11261.830960578      -.0065016631406  .00650166314556      -31.70500738243  -63.41092677634
                      -5631.538538833      -30.0036603      .25339249987E-6      179.9977670      18.305947644508        0.0015796

            395B      -9753.391415412  11261.830965198      .00650166314063  .00650166314556       -31.7059193939
                      -5630.292406834     -150.0036603      -.2533924999E-6       -0.0022330      -18.30436802434

 X0001A               408044.23434688  408044.23517586      .31080418233E-3  .31080418257E-3       63.41092746364   63.41092746364
                      -26.00996972066       -0.0036522      -.1211265044E-7       -0.0022329      -.0015707550988       -0.0015708

            TERRA                 0.0              0.0      -.3108041823E-3  .31080418257E-3                  0.0
                                  0.0              0.0      .12112650438E-7      179.9977671                  0.0

 390B                 -204090.6454112  408167.18442614       -1.69437140234  1.8065804634787      62127.933163951  2.8051784885902
                      -353479.0784445     -120.0011433      .62676831601144      159.6999613      363421.19598998      112.1908209

            X0001B    -204044.6424651  408044.23517271      1.6943714023399  1.8065804634787      -62125.12798546
                      -353363.6678254     -120.0036522      -.6267683160114      -20.3000387      -363309.0051691

 391B                 -140792.9219632  281560.88673247       1.296285589633  1.3182151338491      -62061.55071557  -62061.55071557
                      -243831.6756753     -120.0029322      -.2394468818311      -10.4655775       -174893.956811  -174893.9568110

            TERRA                 0.0              0.0      -1.296285589633  1.3182151338491                  0.0
                                  0.0              0.0       .2394468818311      169.5344225                  0.0

 X0001B               -204044.6424651  408044.23517271      -.8944406491537  .90957209543524       62061.71318879   62061.71318879
                      -353363.6678254     -120.0036522      .16521901202941      169.5344224      174887.44133751   174887.4413375

            TERRA                 0.0              0.0      .89444064915369  .90957209543524                  0.0
                                  0.0              0.0      -.1652190120294      -10.4655776                  0.0

 395B                 -9753.391415412  11261.830965198      .00325172828161  .00650205987989       -31.7084989502  -63.41479604256
                      -5630.292406834     -150.0036603      .00563054578743       59.9928940      18.304367947059       -0.0038137

            395C      .71945184471786  11261.830956744      -.0032517282816  .00650205987989      -31.70629709236
                      11261.830933763       89.9963397      -.0056305457874     -120.0071060      -18.30818162175

 X0001B               -204044.6424651  408044.23517271      -.1554449568E-3  .31082314769E-3      63.414796670981  63.414796670981
                      -353363.6678254     -120.0036522      -.2691614656E-3     -120.0071059      .00382254090783        0.0038225

            TERRA                 0.0              0.0      .15544495682E-3  .31082314769E-3                  0.0
                                  0.0              0.0      .26916146555E-3       59.9928941                  0.0

 390C                  -204076.538937   408167.1844243      1.3899830388868  1.8065804609951      62127.915540381  2.8051784808922
                      353487.22281907      119.9988567      1.1539844512195       39.6999585      363421.19848687      112.1908206

            X0001C    -203999.5918869  408044.23517017      -1.389983038887  1.8065804609951       -62125.1103619
                      353389.67778588      119.9963478      -1.153984451219     -140.3000415      -363309.0076663

 391C                 -140767.9644055   281560.8867312      -.8555100022058     1.3182151427      -62061.53035427  -62061.53035427
                      243846.08492652      119.9970678      -1.002892715383     -130.4655844      -174893.9653575  -174893.9653575

            TERRA                 0.0              0.0      .85551000220585     1.3182151427                  0.0
                                  0.0              0.0      1.0028927153835       49.5344156                  0.0

 X0001C               -203999.5918869  408044.23517017      .59030427233301  .90957210153971      62061.692828844  62061.692828844
                      353389.67778588      119.9963478      .69199875286358       49.5344156      174887.44988289   174887.4498829

            TERRA                 0.0              0.0       -.590304272333  .90957210153971                  0.0
                                  0.0              0.0      -.6919987528636     -130.4655844                  0.0

 395C                 .71945184471786  11261.830956744      .00325100881309     .00650234041      -31.70812120943   -63.4175321373
                      11261.830933763       89.9963397      -.0056312851557      -60.0016421      18.308181527871        0.0022338

            395A      9752.6719554317  11261.830960578      -.0032510088131     .00650234041      -31.70941092787
                      -5631.538538833      -30.0036603      .00563128515569      119.9983579      -18.30594769494

 X0001C               -203999.5918869  408044.23517017      -.1554105638E-3  .31083655791E-3      63.417532729587  63.417532729587
                      353389.67778588      119.9963478      .26919680977E-3      119.9983579      -.0022248715991       -0.0022249

            TERRA                 0.0              0.0      .15541056382E-3  .31083655791E-3                  0.0
                                  0.0              0.0      -.2691968098E-3      -60.0016421                  0.0

 395A                 9752.6719554317  11261.830960578      .00975267195543  .01126183096058      63.414418292314  63.414418292314
                      -5631.538538833      -30.0036603      -.0056315385388      -30.0036603                  0.0              0.0

            TERRA                 0.0              0.0      -.0097526719554  .01126183096058                  0.0
                                  0.0              0.0      .00563153853883      149.9963397                  0.0

 395B                 -9753.391415412  11261.830965198      -.0097533914154   .0112618309652      63.414418344343  63.414418344343
                      -5630.292406834     -150.0036603      -.0056302924068     -150.0036603      -.355271368E-14       -0.0000000

            TERRA                 0.0              0.0      .00975339141541   .0112618309652                  0.0
                                  0.0              0.0      .00563029240683       29.9963397                  0.0

 395C                 .71945184471786  11261.830956744      .71945184472E-6  .01126183095674      63.414418249139  63.414418249139
                      11261.830933763       89.9963397      .01126183093376       89.9963397      -.867361738E-18       -0.0000000

            TERRA                 0.0              0.0      -.7194518447E-6  .01126183095674                  0.0
                                  0.0              0.0      -.0112618309338      -90.0036603                  0.0

 390A                 408167.18434489  408167.18442614      .27997670997721  1.8950043774209      57146.284826465  2.7148274423816
                       -8.14437967846       -0.0011433      -1.874207734568      -81.5037532      382493.90682972      108.6290081

            X0002A    408053.37145216  408053.37205873      -.2799767099772  1.8950043774209      -57143.56999902
                      -22.24916853741       -0.0031241      1.8742077345681       98.4962468      -382385.2778216

 391A                 281560.88636572  281560.88673442      -.4053842463723  1.4361526667676      -57080.10004802  -57080.10004802
                      -14.40925633333       -0.0029322      1.3777511005464      106.3957918      -193957.4898878  -193957.4898878

            TERRA                 0.0              0.0      .40538424637225  1.4361526667676                  0.0
                                  0.0              0.0      -1.377751100546      -73.6042082                  0.0

 X0002A               408053.37145216  408053.37205873      .27971625341024  .99094931996766      57080.155736154  57080.155736154
                      -22.24916853741       -0.0031241      -.9506520774303      -73.6042082      193955.28090968   193955.2809097

            TERRA                 0.0              0.0      -.2797162534102  .99094931996766                  0.0
                                  0.0              0.0      .95065207743028      106.3957918                  0.0

 397A                 9752.9422521482  11262.083132415      -.0065018595533  .00650185955662      -31.70671687445  -63.41426231658
                      -5631.574727168      -30.0031321      .20828883862E-6      179.9981645      18.306838255422        0.0014351

            397B      -9753.557907031   11262.08313593      .00650185955328  .00650185955662      -31.70754544213
                      -5630.508388663     -150.0031321      -.2082888386E-6       -0.0018355      -18.30540315696

 X0002A               408053.37145216  408053.37205873      .31081357153E-3  .31081357169E-3      63.414262988893  63.414262988893
                      -22.24916853741       -0.0031241      -.9957147995E-8       -0.0018355      -.0014261478636       -0.0014261

            TERRA                 0.0              0.0      -.3108135715E-3  .31081357169E-3                  0.0
                                  0.0              0.0       .9957147995E-8      179.9981645                  0.0

 390B                 -204090.6454112  408167.18442614      -1.763099906455  1.8950044253727      57146.284480102  2.7148275797663
                      -353479.0784445     -120.0011433      .69463694981058      158.4962465      382493.91677626      108.6290136

            X0002B    -204045.9540687  408053.37205578      1.7630999064546  1.8950044253727      -57143.56965252
                      -353373.4611913     -120.0031241      -.6946369498106      -21.5037535      -382385.2877627

 391B                 -140792.9219632  281560.88673247      1.3958595955482  1.4361526949774      -57080.09644774  -57080.09644774
                      -243831.6756753     -120.0029322      -.3378025352285      -13.6042096      -193957.4950857  -193957.4950857

            TERRA                 0.0              0.0      -1.395859595548  1.4361526949774                  0.0
                                  0.0              0.0      .33780253522855      166.3957904                  0.0

 X0002B               -204045.9540687  408053.37205578      -.9631469891901  .99094933945271      57080.152140687  57080.152140687
                      -353373.4611913     -120.0031241      .23308468541654      166.3957904      193955.28611034   193955.2861103

            TERRA                 0.0              0.0      .96314698919014  .99094933945271                  0.0
                                  0.0              0.0      -.2330846854165      -13.6042096                  0.0

 397B                 -9753.557907031   11262.08313593      .00325169836287  .00650219290626      -31.70971289387  -63.41751348759
                      -5630.508388663     -150.0031321      .00563071668148       59.9938754      18.305403150671       -0.0033122

            397C      .61564867144561  11262.083135344      -.0032516983629  .00650219290626      -31.70780059371
                      11262.083118517       89.9968679      -.0056307166815     -120.0061246      -18.30871534789

 X0002B               -204045.9540687  408053.37205578      -.1554435275E-3  .31082950717E-3      63.417514180325  63.417514180325
                      -353373.4611913     -120.0031241      -.2691696347E-3     -120.0061247      .00332121018767        0.0033212

            TERRA                 0.0              0.0      .15544352755E-3  .31082950717E-3                  0.0
                                  0.0              0.0      .26916963475E-3       59.9938753                  0.0

 390C                  -204076.538937   408167.1844243      1.4831232415671  1.8950044178641      57146.268271203  2.7148275582585
                      353487.22281907      119.9988567      1.1795707668673       38.4962441      382493.91764678      108.6290127

            X0002C     -204007.417388   408053.3720538      -1.483123241567  1.8950044178641      -57143.55344364
                      353395.71035196      119.9968759      -1.179570766867     -141.5037559       -382385.288634

 391C                 -140767.9644055   281560.8867312       -.990475478422  1.4361526988285      -57080.07775496  -57080.07775496
                      243846.08492652      119.9970678       -1.03994850882     -133.6042151       -193957.501151  -193957.5011510

            TERRA                 0.0              0.0      .99047547842201  1.4361526988285                  0.0
                                  0.0              0.0      1.0399485088201       46.3957849                  0.0

 X0002C                -204007.417388   408053.3720538      .68343082492356  .99094934207965      57080.133443989  57080.133443989
                      353395.71035196      119.9968759       .7175673530146       46.3957849      193955.29217036   193955.2921704

            TERRA                 0.0              0.0      -.6834308249236  .99094934207965                  0.0
                                  0.0              0.0      -.7175673530146     -133.6042151                  0.0

 397C                 .61564867144561  11262.083135344      .00325108269317  .00650244773656      -31.70945765035  -63.41999897035
                      11262.083118517       89.9968679      -.0056313664318      -60.0014364      18.308715229449        0.0018770

            397A      9752.9422521482  11262.083132415      -.0032510826932  .00650244773656      -31.71054132001
                      -5631.574727168      -30.0031321      .00563136643177      119.9985636      -18.30683823949

 X0002C                -204007.417388   408053.3720538      -.1554140956E-3    .310841689E-3      63.419999657722  63.419999657722
                      353395.71035196      119.9968759      .26920069558E-3      119.9985636      -.0018680268782       -0.0018680

            TERRA                 0.0              0.0      .15541409562E-3    .310841689E-3                  0.0
                                  0.0              0.0      -.2692006956E-3      -60.0014364                  0.0

 397A                 9752.9422521482  11262.083132415      .00975294225215  .01126208313241      63.417258240708  63.417258240708
                      -5631.574727168      -30.0031321      -.0056315747272      -30.0031321      .3552713679E-14        0.0000000

            TERRA                 0.0              0.0      -.0097529422521  .01126208313241                  0.0
                                  0.0              0.0      .00563157472717      149.9968679                  0.0

 397B                 -9753.557907031   11262.08313593       -.009753557907  .01126208313593      63.417258280304  63.417258280304
                      -5630.508388663     -150.0031321      -.0056305083887     -150.0031321                  0.0              0.0

            TERRA                 0.0              0.0      .00975355790703  .01126208313593                  0.0
                                  0.0              0.0      .00563050838866       29.9968679                  0.0

 397C                 .61564867144561  11262.083135344      .61564867145E-6  .01126208313534      63.417258273705  63.417258273705
                      11262.083118517       89.9968679      .01126208311852       89.9968679                  0.0              0.0

            TERRA                 0.0              0.0      -.6156486714E-6  .01126208313534                  0.0
                                  0.0              0.0      -.0112620831185      -90.0031321                  0.0

 391A                 281560.88636572  281560.88673442      .56190955229207  4.1389945992772      79135.419637642   6.338572228371
                      -14.40925633333       -0.0029322       -4.10067481616      -82.1974357       577290.7696184      253.6970706

            X0003A    281439.01676594  281439.01816051      -.5619095522921  4.1389945992772      -79129.08106541
                      -28.01739408915       -0.0057038        4.10067481616       97.8025643      -577037.0725478

 9098A                112572.29662479  112572.29713712      -1.404841706702  1.9713627217976      -79065.70189547  -79065.70189547
                      -10.74007230614       -0.0054664      -1.383000636299     -135.4488688      77851.322981595    77851.3229816

            TERRA                 0.0              0.0      1.4048417067024  1.9713627217976                  0.0
                                  0.0              0.0      1.3830006362987       44.5511312                  0.0

 X0003A               281439.01676594  281439.01816051      .56192257713565  .78852529495431      79065.719383577  79065.719383577
                      -28.01739408915       -0.0057038      .55318636831362       44.5511312       -77851.9855964   -77851.9855964

            TERRA                 0.0              0.0      -.5619225771356  .78852529495431                  0.0
                                  0.0              0.0      -.5531863683136     -135.4488688                  0.0

 42077A               9748.5682023144  11257.325577194      -.0064992138841  .00649921390894       -31.6806136231  -63.36168082333
                       -5629.63561483      -30.0057175      .56796488934E-6      179.9949929      18.291334553006        0.0007856

            42077B    -9749.691556619  11257.325576359      .00649921388413  .00649921390894      -31.68106720022
                      -5627.689906431     -150.0057175      -.5679648893E-6       -0.0050071      -18.29054892896

 X0003A               281439.01676594  281439.01816051      .45026934887E-3  .45026935059E-3      63.361681964783  63.361681964783
                      -28.01739408915       -0.0057038       -.393490609E-7       -0.0050071      -.7705063919E-3       -0.0007705

            TERRA                 0.0              0.0      -.4502693489E-3  .45026935059E-3                  0.0
                                  0.0              0.0      .39349060899E-7      179.9949929                  0.0

 391B                 -140792.9219632  281560.88673247       -3.83224325929   4.138994498548      79135.422491821  6.3385719198268
                      -243831.6756753     -120.0029322      1.5637093913642      157.8025648      577290.75490975      253.6970583

            X0003B    -140743.7721585  281439.01816164      3.8322432592895   4.138994498548       -79129.0839199
                      -243719.3294394     -120.0057038      -1.563709391364      -22.1974352      -577037.0578515

 9098B                -56295.44948798  112572.29713746      -.4952930975705  1.9713629480272       -79065.7024176   -79065.7024176
                      -97485.09860359     -120.0054664      1.9081290890172      104.5511375      77851.340600822    77851.3406008

            TERRA                 0.0              0.0      .49529309757054  1.9713629480272                  0.0
                                  0.0              0.0      -1.908129089017      -75.4488625                  0.0

 X0003B               -140743.7721585  281439.01816164      .19811226596357  .78852538542835      79065.719906566  79065.719906566
                      -243719.3294394     -120.0057038      -.7632324767328      -75.4488625      -77852.00321179   -77852.0032118

            TERRA                 0.0              0.0      -.1981122659636  .78852538542835                  0.0
                                  0.0              0.0      .76323247673281      104.5511375                  0.0

 42077B               -9749.691556619  11257.325576359       .0032504776791  .00649945319647      -31.68262240924    -63.364013637
                      -5627.689906431     -150.0057175      .00562825787529       59.9923543      18.290548929696       -0.0021325

            42077C    1.1233558013003   11257.32557604      -.0032504776791  .00649945319647      -31.68139122776
                      11257.325519991       89.9942825      -.0056282578753     -120.0076457       -18.2926813965

 X0003B               -140743.7721585  281439.01816164      -.2251949991E-3  .45028592833E-3      63.364014744626  63.364014744626
                      -243719.3294394     -120.0057038      -.3899290059E-3     -120.0076457        .002147501285        0.0021475

            TERRA                 0.0              0.0      .22519499908E-3  .45028592833E-3                  0.0
                                  0.0              0.0      .38992900591E-3       59.9923543                  0.0

 391C                 -140767.9644055   281560.8867312      3.2703337427913  4.1389946079193      79135.431470647  6.3385722547828
                      243846.08492652      119.9970678      2.5369654264781       37.8025655       577290.7692176      253.6970717

            X0003C    -140695.2446105  281439.01815731      -3.270333742791  4.1389946079193      -79129.09289839
                      243747.34682731      119.9942962      -2.536965426478     -142.1974345      -577037.0721459

 9098C                -56276.84713799  112572.29713584      1.9001346073928  1.9713628226156      -79065.71003394  -79065.71003394
                      97495.838673489      119.9945336      -.5251284149417      -15.4488719      77851.322802397    77851.3228024

            TERRA                 0.0              0.0      -1.900134607393  1.9713628226156                  0.0
                                  0.0              0.0      .52512841494172      164.5511281                  0.0

 X0003C               -140695.2446105  281439.01815731      -.7600347643602  .78852533526751      79065.727522232  79065.727522232
                      243747.34682731      119.9942962      .21004609332886      164.5511281      -77851.98541447   -77851.9854145

            TERRA                 0.0              0.0      .76003476436017  .78852533526751                  0.0
                                  0.0              0.0      -.2100460933289      -15.4488719                  0.0

 42077C               1.1233558013003   11257.32557604      .00324935431854  .00649959275697      -31.68229831994  -63.36537425189
                      11257.325519991       89.9942825      -.0056290676421      -60.0044996      18.292681369699        0.0013469

            42077A    9748.5682023144  11257.325577194      -.0032493543185  .00649959275697      -31.68307593195
                       -5629.63561483      -30.0057175      .00562906764208      119.9955004      -18.29133451368

 X0003C               -140695.2446105  281439.01815731      -.2251171729E-3  .45029559757E-3      63.365375416296  63.365375416296
                      243747.34682731      119.9942962      .38998510695E-3      119.9955004      -.0013318053108       -0.0013318

            TERRA                 0.0              0.0      .22511717293E-3  .45029559757E-3                  0.0
                                  0.0              0.0      -.3899851069E-3      -60.0044996                  0.0

 42077A               9748.5682023144  11257.325577194      .00974856820231  .01125732557719      63.363689575468  63.363689575468
                       -5629.63561483      -30.0057175      -.0056296356148      -30.0057175                  0.0              0.0

            TERRA                 0.0              0.0      -.0097485682023  .01125732557719                  0.0
                                  0.0              0.0      .00562963561483      149.9942825                  0.0

 42077B               -9749.691556619  11257.325576359      -.0097496915566  .01125732557636      63.363689566075  63.363689566075
                      -5627.689906431     -150.0057175      -.0056276899064     -150.0057175                  0.0              0.0

            TERRA                 0.0              0.0      .00974969155662  .01125732557636                  0.0
                                  0.0              0.0      .00562768990643       29.9942825                  0.0

 42077C               1.1233558013003   11257.32557604      .11233558013E-5  .01125732557604      63.363689562487  63.363689562487
                      11257.325519991       89.9942825      .01125732551999       89.9942825                  0.0              0.0

            TERRA                 0.0              0.0      -.1123355801E-5  .01125732557604                  0.0
                                  0.0              0.0        -.01125732552      -90.0057175                  0.0

 9049A                112576.95484936  112576.95579164      -1.292330873477  2.3229566987811      -72729.27923569  .09713030084094
                       -14.5656678621       -0.0074132      -1.930287216419     -123.8023819      108662.34023568        3.8690237

            X0004A     112574.2333414  112574.23405135      1.2923308734769  2.3229566987811      72729.376365987
                      -12.64297504974       -0.0064348      1.9302872164189       56.1976181       -108658.471212

 9098A                112572.29662479  112572.29713712      1.2922694100769   1.892797056006      72729.440854064  72729.440854064
                      -10.74007230614       -0.0054664      1.3830113763106       46.9426519       -77851.3229782   -77851.3229782

            TERRA                 0.0              0.0      -1.292269410077   1.892797056006                  0.0
                                  0.0              0.0      -1.383011376311     -133.0573481                  0.0

 X0004A                112574.2333414  112574.23405135      -1.292269410077   1.892797056006      -72729.37636581  -72729.37636581
                      -12.64297504974       -0.0064348      -1.383011376311     -133.0573481      77853.891760255    77853.8917603

            TERRA                 0.0              0.0      1.2922694100769   1.892797056006                  0.0
                                  0.0              0.0      1.3830113763106       46.9426519                  0.0

 9049B                -56301.09166369  112576.95579288      -1.025512595748  2.3229569640878      -72729.27975731  .09713032301806
                      -97487.21994738     -120.0074132      2.0843351393111      116.1976222      108662.35785833        3.8690245

            X0004B    -56298.06580865  112574.23405215      1.0255125957476  2.3229569640878      72729.376887637
                      -97485.82439838     -120.0064348      -2.084335139311      -63.8023778      -108658.4888338

 9098B                -56295.44948798  112572.29713746      .55158854703768  1.8927972910933      72729.441375785  72729.441375785
                      -97485.09860359     -120.0054664      -1.810643990393      -73.0573419      -77851.34059923   -77851.3405992

            TERRA                 0.0              0.0      -.5515885470377  1.8927972910933                  0.0
                                  0.0              0.0      1.8106439903931      106.9426581                  0.0

 X0004B               -56298.06580865  112574.23405215      -.5515885470377  1.8927972911002      -72729.37688787  -72729.37688787
                      -97485.82439838     -120.0064348      1.8106439904004      106.9426581      77853.909382133    77853.9093821

            TERRA                 0.0              0.0      .55158854703768  1.8927972911002                  0.0
                                  0.0              0.0        -1.8106439904      -73.0573419                  0.0

 9049C                -56275.86318697  112576.95579034      2.3178432724004   2.322956776677      -72729.28737581  .09713030734565
                      97501.785612273      119.9925868      -.1540478850808       -3.8023849      108662.34006169        3.8690239

            X0004C      -56276.167534  112574.23405006        -2.3178432724   2.322956776677      72729.384506115
                      97498.467370744      119.9935652      .15404788508078      176.1976151      -108658.4710378

 9098C                -56276.84713799  112572.29713584      -1.843857760265  1.8927971524671      72729.448993759  72729.448993759
                      97495.838673489      119.9945336      .42763257628394      166.9426486      -77851.32280243   -77851.3228024

            TERRA                 0.0              0.0      1.8438577602647  1.8927971524671                  0.0
                                  0.0              0.0      -.4276325762839      -13.0573514                  0.0

 X0004C                 -56276.167534  112574.23405006      1.8438577602792  1.8927971524796      -72729.38450555  -72729.38450555
                      97498.467370744      119.9935652      -.4276325762767      -13.0573514      77853.891585668    77853.8915857

            TERRA                 0.0              0.0      -1.843857760279  1.8927971524796                  0.0
                                  0.0              0.0      .42763257627666      166.9426486                  0.0

 9098A                112572.29662479  112572.29713712      .11257229662479  .11257229713712       6336.261041364   6336.261041364
                      -10.74007230614       -0.0054664      -.1074007231E-4       -0.0054664                  0.0              0.0

            TERRA                 0.0              0.0      -.1125722966248  .11257229713712                  0.0
                                  0.0              0.0      .10740072306E-4      179.9945336                  0.0

 9098B                -56295.44948798  112572.29713746       -.056295449488  .11257229713746      6336.2610414026  6336.2610414026
                      -97485.09860359     -120.0054664      -.0974850986036     -120.0054664      .4547473509E-12        0.0000000

            TERRA                 0.0              0.0      .05629544948798  .11257229713746                  0.0
                                  0.0              0.0      .09748509860359       59.9945336                  0.0

 9098C                -56276.84713799  112572.29713584       -.056276847138  .11257229713584      6336.2610412198  6336.2610412198
                      97495.838673489      119.9945336      .09749583867349      119.9945336      .4547473509E-12        0.0000000

            TERRA                 0.0              0.0      .05627684713799  .11257229713584                  0.0
                                  0.0              0.0      -.0974958386735      -60.0054664                  0.0

 X0005A               408167.18434489  408167.18442614      -.6302137077901  3.8411837809194      -128631.7073881  10.126881798744
                       -8.14437967846       -0.0011433      3.7891322913448       99.4430723      -773297.1628844      156.2263783

            X0010A          408248.29        408248.29      .63021370779012  3.8411837809194      128641.83426994
                                  0.0              0.0      -3.789132291345      -80.5569277      773453.38926265

 X0005B               -204090.6454112  408167.18442614      3.5965917572463  3.8411838753609      -128631.7061449  10.126883182471
                      -353479.0784445     -120.0011433      -1.348785118557      -20.5569280        -773297.18263      156.2263818

            X0010B        -204124.145        408248.29      -3.596591757246  3.8411838753609       128641.8330281
                      -353553.3901916     -120.0000000       1.348785118557      159.4430720      773453.40901181

 X0005C                -204076.538937   408167.1844243      -2.966378154231  3.8411838643033      -128631.6717854  10.126886246202
                      353487.22281907      119.9988567      -2.440347132169     -140.5569306      -773297.1860541      156.2263837

            X0010C        -204124.145        408248.29      2.9663781542313  3.8411838643033      128641.79867167
                      353553.39019156      120.0000000      2.4403471321687       39.4430694      773453.41243789

 X0006A               112576.95484936  112576.95579164       -.789183560505  1.8952299561745      -44434.49010652  26.741669669806
                       -14.5656678621       -0.0074132      1.7231035646791      114.6078382      -96985.12860801       91.5349182

            X0009A         112676.528       112676.528      .78918356050503  1.8952299561745      44461.231776193
                                  0.0              0.0      -1.723103564679      -65.3921618      97076.663526232

 X0006B               -56301.09166369  112576.95579288      1.8868432370944  1.8952299513423      -44434.49069567  26.741669776558
                      -97487.21994738     -120.0074132      -.1780987565825       -5.3921614      -96985.12804019       91.5349167

            X0009B         -56338.264       112676.528      -1.886843237094  1.8952299513423       44461.23236545
                      -97580.73565823     -120.0000000      .17809875658249      174.6078386      97076.662956918

 X0006C               -56275.86318697  112576.95579034      -1.097659700936  1.8952299763471      -44434.49000378  26.741671252305
                      97501.785612273      119.9925868      -1.545004803936     -125.3921621      -96985.12990271       91.5349199

            X0009C         -56338.264       112676.528      1.0976597009362  1.8952299763471      44461.231675029
                      97580.735658229      120.0000000      1.5450048039359       54.6078379       97076.66482258

 X0008A               281560.88636572  281560.88673442      -.2807052561167  1.3976258805896      -39527.67455268  8.4425105452756
                      -14.40925633333       -0.0029322      1.3691466909291      101.5863384      -192747.0555544       91.3137664

            X0007A          281691.32        281691.32      .28070525611673  1.3976258805896       39536.11706323
                                  0.0              0.0      -1.369146690929      -78.4136616      192838.36932073

 X0008B               -140792.9219632  281560.88673247       1.326068491449  1.3976259308452      -39527.67591034  8.4425116449347
                      -243831.6756753     -120.0029322      -.4414754789986      -18.4136616      -192747.0624968       91.3137709

            X0007B         -140845.66        281691.32      -1.326068491449  1.3976259308452      39536.118421982
                      -243951.8391456     -120.0000000      .44147547899856      161.5863384      192838.37626767

 X0008C               -140767.9644055   281560.8867312      -1.045363244166  1.3976259124826      -39527.66869294  8.4425129577285
                      243846.08492652      119.9970678      -.9276712127635     -138.4136636      -192747.0613371       91.3137699

            X0007C         -140845.66        281691.32      1.0453632441657  1.3976259124826      39536.111205898
                      243951.83914557      120.0000000      .92767121276351       41.5863364      192838.37510704

 391A                 281560.88636572  281560.88673442      .96195657449E-3  .00183578274068      135.43593778963  .03639369067142
                      -14.40925633333       -0.0029322      -.0015635657389      -58.3988167      220.11254712435        0.0977020

            E001A     281449.45179822  281449.45415401      -.9619565745E-3  .00183578274068       -135.399544099
                      -36.41526006257       -0.0074132      .00156356573887      121.6011833      -220.0148450784

 391B                 -140792.9219632  281560.88673247      -.0018350658747  .00183578267894       135.4359383963  .03639368868232
                      -243831.6756753     -120.0029322      -.5129600273E-4     -178.3988153      220.11253654315        0.0977020

            E001B      -140756.262441  281449.45415712      .00183506587467  .00183578267894      -135.3995447076
                      -243724.1675111     -120.0074132      .51296002735E-4        1.6011847      -220.0148345049

 391C                 -140767.9644055   281560.8867312      .87310930022E-3  .00183578274715      135.43594725074  .03639369213974
                      243846.08492652      119.9970678      .00161486174164       61.6011856      220.11254236862        0.0977020

            E001C     -140693.1893605  281449.45415077      -.8731093002E-3  .00183578274715      -135.3995535586
                      243760.58276376      119.9925868      -.0016148617416     -118.3988144      -220.0148403222

 E001A                281449.45179822  281449.45415401      .96172385611E-3  .00183545530793      135.36679047504  .16845547179E-9
                      -36.41526006257       -0.0074132      -.0015633244743      -58.4010576      219.98089742768        0.0000000

            ST001A    281449.45179797  281449.45415376      -.9617238561E-3  .00183545530793      -135.3667904749
                      -36.41526000241       -0.0074132      .00156332447432      121.5989424      -219.9808974275

 ST001A               281449.45179797  281449.45415376      .28144945179797  .28144945415376      39606.897621725  39606.897621725
                      -36.41526000241       -0.0074132         -.3641526E-4       -0.0074132                  0.0              0.0

            TERRA                 0.0              0.0       -.281449451798  .28144945415376                  0.0
                                  0.0              0.0      .36415260002E-4      179.9925868                  0.0

 9049A                112576.95484936  112576.95579164      .70123636722565  .70124676251137      39471.499618092  39471.499618092
                       -14.5656678621       -0.0074132      .00381827354431        0.3119758      -220.0317922091     -220.0317922

            TERRA                 0.0              0.0      -.7012363672256  .70124676251137                  0.0
                                  0.0              0.0      -.0038182735443     -179.6880242                  0.0

 ST001A               281449.45179797  281449.45415376      -.2804874777794   .2804916358362      -39471.49562046  -39471.49562046
                      -36.41526000241       -0.0074132      -.0015272796154     -179.6880224      220.03301746397      220.0330175

            TERRA                 0.0              0.0      .28048747777939   .2804916358362                  0.0
                                  0.0              0.0       .0015272796154        0.3119776                  0.0

 E001B                 -140756.262441  281449.45415712      -.0018348509911  .00183556990004      135.39322711945  .16845547179E-9
                      -243724.1675111     -120.0074132      -.5136826076E-4     -178.3963733       219.9835629658        0.0000000

            ST001B    -140756.2624408  281449.45415686      .00183485099114  .00183556990004      -135.3932271193
                      -243724.1675109     -120.0074132      .51368260756E-4        1.6036267      -219.9835629656

 ST001B               -140756.2624408  281449.45415686      -.1407562624408  .28144945415686      39606.897622598  39606.897622598
                      -243724.1675109     -120.0074132      -.2437241675109     -120.0074132      .3637978807E-11        0.0000000

            TERRA                 0.0              0.0      .14075626244078  .28144945415686                  0.0
                                  0.0              0.0      .24372416751094       59.9925868                  0.0

 9049B                -56301.09166369  112576.95579288      -.3473114967346  .70124680707247      39471.502131438  39471.502131438
                      -97487.21994738     -120.0074132      -.6091976761818     -119.6880254      -220.0309677976     -220.0309678

            TERRA                 0.0              0.0      .34731149673462  .70124680707247                  0.0
                                  0.0              0.0      .60919767618179       60.3119746                  0.0

 ST001B               -140756.2624408  281449.45415686      .13892108201981  .28049166581773      -39471.49983205  -39471.49983205
                      -243724.1675109     -120.0074132      .24367295205593       60.3119797       220.0344621543      220.0344622

            TERRA                 0.0              0.0      -.1389210820198  .28049166581773                  0.0
                                  0.0              0.0      -.2436729520559     -119.6880203                  0.0

 E001C                -140693.1893605  281449.45415077       .8731149137E-3  .00183588201321       135.4125423931  .16851231521E-9
                      243760.58276376      119.9925868      .00161497155204       61.6026615      220.02324928367        0.0000000

            ST001C    -140693.1893604  281449.45415051      -.8731149137E-3  .00183588201321      -135.4125423929
                      243760.58276351      119.9925868       -.001614971552     -118.3973385      -220.0232492835

 ST001C               -140693.1893604  281449.45415051      -.1406931893604  .28144945415051      39606.897620811  39606.897620811
                      243760.58276351      119.9925868      .24376058276351      119.9925868                  0.0              0.0

            TERRA                 0.0              0.0      .14069318936045  .28144945415051                  0.0
                                  0.0              0.0      -.2437605827635      -60.0074132                  0.0

 9049C                -56275.86318697  112576.95579034      -.3539248108864  .70124679326577      39471.501388761  39471.501388761
                      97501.785612273      119.9925868      .60537946224213      120.3119654      -220.0246202842     -220.0246203

            TERRA                 0.0              0.0      .35392481088638  .70124679326577                  0.0
                                  0.0              0.0      -.6053794622421      -59.6880346                  0.0

 ST001C               -140693.1893604  281449.45415051      .14156636595726  .28049168312364       -39471.5023287   -39471.5023287
                      243760.58276351      119.9925868       -.242145717144      -59.6880365      220.02331524497      220.0233152

            TERRA                 0.0              0.0      -.1415663659573  .28049168312364                  0.0
                                  0.0              0.0      .24214571714401      120.3119635                  0.0

 390A                 408167.18434489  408167.18442614      .01890115958053  .08024885221848      3857.7341383167  .53872799118062
                       -8.14437967846       -0.0011433      -.0779911818663      -76.3770252      15916.643583929        4.3930435

            E002A     408057.61667235  408057.61720671      -.0189011595805  .08024885221848      -3857.195410325
                      -20.88300034538       -0.0029322      .07799118186625      103.6229748      -15912.25054044

 390B                 -204090.6454112  408167.18442614      -.0769929274389  .08024885515956      3857.7343215544  .53872805311357
                      -353479.0784445     -120.0011433      .02262670720201      163.6229750      15916.644157122        4.3930438

            E002B     -204046.8935426  408057.61720388      .07699292743892  .08024885515956      -3857.195593501
                      -353377.8207439     -120.0029322       -.022626707202      -16.3770250      -15912.25111336

 390C                  -204076.538937   408167.1844243      .05809176786859  .08024885388191      3857.7337329338  .53872807066455
                      353487.22281907      119.9988567      .05536447466798       43.6229731      15916.644031413        4.3930437

            E002C     -204010.7231341  408057.61720204      -.0580917678686  .08024885388191      -3857.195004863
                      353398.70373686      119.9970678       -.055364474668     -136.3770269      -15912.25098775

 E002A                408057.61667235  408057.61720671      .01890076566369  .08024870380002      3857.1150393446  .32199295674E-6
                      -20.88300034538       -0.0029322      -.0779911246163      -76.3772889      15912.238863906        0.0000003

            ST002A    408057.61666266  408057.61719702      -.0189007656637  .08024870380002      -3857.115039023
                      -20.88299443634       -0.0029322      .07799112461626      103.6227111      -15912.23886358

 ST002A               408057.61666266  408057.61719702      .40805761666266  .40805761719702      83255.509476255  83255.509476255
                      -20.88299443634       -0.0029322      -.2088299444E-4       -0.0029322                  0.0              0.0

            TERRA                 0.0              0.0      -.4080576166627  .40805761719702                  0.0
                                  0.0              0.0      .20882994436E-4      179.9970678                  0.0

 391A                 281560.88636572  281560.88673442      .56399369239807  .57520259713107      79398.467840605  79398.467840605
                      -14.40925633333       -0.0029322       .1130006313324       11.3296524      -15912.34232376   -15912.3423238

            TERRA                 0.0              0.0      -.5639936923981  .57520259713107                  0.0
                                  0.0              0.0      -.1130006313324     -168.6703476                  0.0

 ST002A               408057.61666266  408057.61719702      -.3891571760178  .39689135092372      -79398.46074519  -79398.46074519
                      -20.88299443634       -0.0029322      -.0779707431793     -168.6703474      15912.341199156    15912.3411992

            TERRA                 0.0              0.0      .38915717601776  .39689135092372                  0.0
                                  0.0              0.0      .07797074317932       11.3296526                  0.0

 E002B                -204046.8935426  408057.61720388      -.0769928738009  .08024886327718      3857.1527857877  .32199477573E-6
                      -353377.8207439     -120.0029322      .02262691850774      163.6228194      15912.263194264        0.0000003

            ST002B    -204046.8935326  408057.61719419      .07699287380092  .08024886327718      -3857.152785466
                      -353377.8207385     -120.0029322      -.0226269185077      -16.3771806      -15912.26319394

 ST002B               -204046.8935326  408057.61719419      -.2040468935326  .40805761719419        83255.5094751    83255.5094751
                      -353377.8207385     -120.0029322      -.3533778207385     -120.0029322                  0.0              0.0

            TERRA                 0.0              0.0      .20404689353259  .40805761719419                  0.0
                                  0.0              0.0      .35337782073851       59.9970678                  0.0

 391B                 -140792.9219632  281560.88673247      -.1841349601746  .57520212632274       79398.39356801   79398.39356801
                      -243831.6756753     -120.0029322      -.5449328422546     -108.6703141      -15912.37562249   -15912.3756225

            TERRA                 0.0              0.0      .18413496017456  .57520212632274                  0.0
                                  0.0              0.0      .54493284225464       71.3296859                  0.0

 ST002B               -204046.8935326  408057.61719419      .12705373764038  .39689109610537      -79398.40450139  -79398.40450139
                      -353377.8207385     -120.0029322      .37600517272949       71.3296716      15912.357261799    15912.3572618

            TERRA                 0.0              0.0      -.1270537376404  .39689109610537                  0.0
                                  0.0              0.0      -.3760051727295     -108.6703284                  0.0

 E002C                -204010.7231341  408057.61720204       .0580916821491  .08024871423513      3857.1838751602  .32199386624E-6
                      353398.70373686      119.9970678        .055364362197       43.6229572      15912.224368527        0.0000003

            ST002C    -204010.7231344  408057.61719235      -.0580916821491  .08024871423513      -3857.183874838
                      353398.70372551      119.9970678       -.055364362197     -136.3770428      -15912.22436821

 ST002C               -204010.7231344  408057.61719235      -.2040107231344  .40805761719235      83255.509474351  83255.509474351
                      353398.70372551      119.9970678      .35339870372551      119.9970678                  0.0              0.0

            TERRA                 0.0              0.0      .20401072313442  .40805761719235                  0.0
                                  0.0              0.0      -.3533987037255      -60.0029322                  0.0

 391C                 -140767.9644055   281560.8867312      -.3798581361771  .57520225873347      79398.417589779  79398.417589779
                      243846.08492652      119.9970678      .43193221092224      131.3296652      -15912.35062079   -15912.3506208

            TERRA                 0.0              0.0      .37985813617706  .57520225873347                  0.0
                                  0.0              0.0      -.4319322109222      -48.6703348                  0.0

 ST002C               -204010.7231344  408057.61719235      .26210296154022  .39689102237951      -79398.39789405  -79398.39789405
                      353398.70372551      119.9970678      -.2980344295502      -48.6703577      15912.313679724    15912.3136797

            TERRA                 0.0              0.0      -.2621029615402  .39689102237951                  0.0
                                  0.0              0.0      .29803442955017      131.3296423                  0.0

 390A                 408167.18434489  408167.18442614      .02694741513211  .06230907884616      5499.7540579309  2.3985598383415
                       -8.14437967846       -0.0011433      -.0561805849414      -64.3749652      11465.425850194        8.2156888

            E003A     407896.11783769   407896.1212519      -.0269474151321  .06230907884616      -5497.355498093
                      -52.77584843174       -0.0074132      .05618058494137      115.6250348      -11457.21016137

 390B                 -204090.6454112  408167.18442614      -.0621275210111  .06230907846715       5499.754179442  2.3985598444497
                      -353479.0784445     -120.0011433      .00475314553117      175.6250356      11465.425706119        8.2156886

            E003B     -203993.7641465  407896.12125639       .0621275210111  .06230907846715      -5497.355619598
                      -353222.0122322     -120.0074132      -.0047531455312       -4.3749644      -11457.21001749

 390C                  -204076.538937   408167.1844243      .03518010591936  .06230907941679      5499.7542408581  2.3985599817179
                      353487.22281907      119.9988567      .05142743941973       55.6250355      11465.425891545        8.2156890

            E003C     -203902.3536959  407896.12124719      -.0351801059194  .06230907941679      -5497.355680876
                      353274.78806984      119.9925868      -.0514274394197     -124.3749645      -11457.21020259

 E003A                407896.11783769   407896.1212519      .02694727502472  .06230871596538      5497.3269146157  .19411800167E-6
                      -52.77584843174       -0.0074132       -.056180249679      -64.3749480       11457.14178896        0.0000002

            ST003A    407896.11782937  407896.12124359      -.0269472750247  .06230871596538      -5497.326914422
                      -52.77584550844       -0.0074132      .05618024967902      115.6250520      -11457.14178877

 ST003A               407896.11782937  407896.12124359      .40789611782937  .40789612124359      83189.622862782  83189.622862782
                      -52.77584550844       -0.0074132      -.5277584551E-4       -0.0074132                  0.0              0.0

            TERRA                 0.0              0.0      -.4078961178294  .40789612124359                  0.0
                                  0.0              0.0      .52775845508E-4      179.9925868                  0.0

 9049A                112576.95484936  112576.95579164      1.3802773952484  1.3951784999244      77692.231928075  77692.231928075
                       -14.5656678621       -0.0074132      .20336508750916        8.3814522      -11457.16346828   -11457.1634683

            TERRA                 0.0              0.0      -1.380277395248  1.3951784999244                  0.0
                                  0.0              0.0      -.2033650875092     -171.6185478                  0.0

 ST003A               407896.11782937  407896.12124359      -.3809486329556  .38506125397211      -77692.25314651  -77692.25314651
                      -52.77584550844       -0.0074132      -.0561276078224     -171.6185461      11457.169110007    11457.1691100

            TERRA                 0.0              0.0      .38094863295555  .38506125397211                  0.0
                                  0.0              0.0      .05612760782242        8.3814539                  0.0

 E003B                -203993.7641465  407896.12125639      -.0621272192802  .06230877353735      5497.3342856363  .19411891117E-6
                      -353222.0122322     -120.0074132      .00475309207104      175.6250635      11457.151275729        0.0000002

            ST003B    -203993.7641398  407896.12124808      .06212721928023  .06230877353735      -5497.334285442
                      -353222.0122264     -120.0074132       -.004753092071       -4.3749365      -11457.15127553

 ST003B               -203993.7641398  407896.12124808      -.2039937641398  .40789612124808      83189.622864615  83189.622864615
                      -353222.0122264     -120.0074132      -.3532220122264     -120.0074132                  0.0              0.0

            TERRA                 0.0              0.0      .20399376413984  .40789612124808                  0.0
                                  0.0              0.0      .35322201222643       59.9925868                  0.0

 9049B                -56301.09166369  112576.95579288      -.5140196084976  1.3951788735213        77692.2536629    77692.2536629
                      -97487.21994738     -120.0074132      -1.297038137913     -111.6185525      -11457.16023153   -11457.1602315

            TERRA                 0.0              0.0      .51401960849762  1.3951788735213                  0.0
                                  0.0              0.0      1.2970381379128       68.3814475                  0.0

 ST003B               -203993.7641398  407896.12124808      .14186644554138  .38506134061901      -77692.27163373  -77692.27163373
                      -353222.0122264     -120.0074132      .35797506570816       68.3814489      11457.164880239    11457.1648802

            TERRA                 0.0              0.0      -.1418664455414  .38506134061901                  0.0
                                  0.0              0.0      -.3579750657082     -111.6185511                  0.0

 E003C                -203902.3536959  407896.12124719      .03518027369864   .0623092134592      5497.3469890642  .19412254915E-6
                      353274.78806984      119.9925868      .05142748705111       55.6249329      11457.244694757        0.0000002

            ST003C    -203902.3536942  407896.12123888      -.0351802736986   .0623092134592       -5497.34698887
                      353274.78806117      119.9925868      -.0514274870511     -124.3750671      -11457.24469456

 ST003C               -203902.3536942  407896.12123888      -.2039023536942  .40789612123888      83189.622860861  83189.622860861
                      353274.78806117      119.9925868      .35327478806117      119.9925868                  0.0              0.0

            TERRA                 0.0              0.0      .20390235369425  .40789612123888                  0.0
                                  0.0              0.0      -.3532747880612      -60.0074132                  0.0

 9049C                -56275.86318697  112576.95579034      -.8662582039833  1.3951788010042      77692.248825384  77692.248825384
                      97501.785612273      119.9925868       1.093672990799      128.3814515      -11457.16504408   -11457.1650441

            TERRA                 0.0              0.0      .86625820398331  1.3951788010042                  0.0
                                  0.0              0.0      -1.093672990799      -51.6185485                  0.0

 ST003C               -203902.3536942  407896.12123888      .23908227682114  .38506132358634       -77692.2678409   -77692.2678409
                      353274.78806117      119.9925868      -.3018474578857      -51.6185493      11457.166776821    11457.1667768

            TERRA                 0.0              0.0      -.2390822768211  .38506132358634                  0.0
                                  0.0              0.0      .30184745788574      128.3814507                  0.0

 RPI_C                -56275.86318697  112576.95579034                  0.0              0.0                  0.0              0.0
                      97501.785612273      119.9925868                  0.0              0.0                  0.0              0.0

            MEASUC    -56275.86318697  112576.95579034                  0.0              0.0                  0.0
                      97501.785612273      119.9925868                  0.0              0.0                  0.0

 RPI_B                -56301.09166369  112576.95579288                  0.0              0.0                  0.0              0.0
                      -97487.21994738     -120.0074132                  0.0              0.0                  0.0              0.0

            MEASUB    -56301.09166369  112576.95579288                  0.0              0.0                  0.0
                      -97487.21994738     -120.0074132                  0.0              0.0                  0.0

 RPI_A                112576.95484936  112576.95579164                  0.0              0.0                  0.0              0.0
                       -14.5656678621       -0.0074132                  0.0              0.0                  0.0              0.0

            MEASUA    112576.95484936  112576.95579164                  0.0              0.0                  0.0
                       -14.5656678621       -0.0074132                  0.0              0.0                  0.0

 X0001A               408044.23434688  408044.23517586      -.5886890319E-4  .92353496885842      -.177635684E-14  -.177635684E-14
                      -26.00996972066       -0.0036522      -.9235349669822      -90.0036522        188421.560013   188421.5600130

            TERRA                 0.0              0.0      .58868903186E-4  .92353496885842                  0.0
                                  0.0              0.0      .92353496698218       89.9963478                  0.0

 X0001B               -204044.6424651  408044.23517271      -.7997753082338  .92353496885129                  0.0              0.0
                      -353363.6678254     -120.0036522      .46181846545014      149.9963478      188421.56001009   188421.5600101

            TERRA                 0.0              0.0      .79977530823378  .92353496885129                  0.0
                                  0.0              0.0      -.4618184654501      -30.0036522                  0.0

 X0001C               -203999.5918869  408044.23517017      .79983417711614  .92353496884555                  0.0              0.0
                      353389.67778588      119.9963478      .46171650154342       29.9963478      188421.56000775   188421.5600077

            TERRA                 0.0              0.0      -.7998341771161  .92353496884555                  0.0
                                  0.0              0.0      -.4617165015434     -150.0036522                  0.0

 X0002A               408053.37145216  408053.37205873      -.5035700397E-4  .92355564855467      -.177635684E-14  -.177635684E-14
                      -22.24916853741       -0.0031241      -.9235556471818      -90.0031241      188429.99833831   188429.9983383

            TERRA                 0.0              0.0      .50357003974E-4  .92355564855467                  0.0
                                  0.0              0.0      .92355564718181       89.9968759                  0.0

 X0002B               -204045.9540687  408053.37205578      -.7997974737617    .923555648548      .1455191523E-10  .1455191523E-10
                      -353373.4611913     -120.0031241      .46182143402983      149.9968759      188429.99833559   188429.9983356

            TERRA                 0.0              0.0      .79979747376167    .923555648548                  0.0
                                  0.0              0.0      -.4618214340298      -30.0031241                  0.0

 X0002C                -204007.417388   408053.3720538       .7998478307479  .92355564854352                  0.0              0.0
                      353395.71035196      119.9968759       .4617342131622       29.9968759      188429.99833376   188429.9983338

            TERRA                 0.0              0.0      -.7998478307479  .92355564854352                  0.0
                                  0.0              0.0      -.4617342131622     -150.0031241                  0.0

 X0003A               281439.01676594  281439.01816051      -.4632941915E-3  4.6538611681436                  0.0              0.0
                      -28.01739408915       -0.0057038      -4.653861145083      -90.0057038      654889.05890884   654889.0589088

            TERRA                 0.0              0.0      .46329419153E-3  4.6538611681436                  0.0
                                  0.0              0.0       4.653861145083       89.9942962                  0.0

 X0003B               -140743.7721585  281439.01816164      -4.030130330249  4.6538611681622      .5820766091E-10  .5820766091E-10
                      -243719.3294394     -120.0057038      2.3273317970883      149.9942962      654889.05891408   654889.0589141

            TERRA                 0.0              0.0      4.0301303302487  4.6538611681622                  0.0
                                  0.0              0.0      -2.327331797088      -30.0057038                  0.0

 X0003C               -140695.2446105  281439.01815731      4.0305936243378  4.6538611680907                  0.0              0.0
                      243747.34682731      119.9942962       2.326529348044       29.9942962      654889.05889395   654889.0588940

            TERRA                 0.0              0.0      -4.030593624338  4.6538611680907                  0.0
                                  0.0              0.0      -2.326529348044     -150.0057038                  0.0

 X0004A                112574.2333414  112574.23405135      -.6146339696E-4  .54727584355291       -.44408921E-15   -.44408921E-15
                      -12.64297504974       -0.0064348      -.5472758401015      -90.0064348      30804.579451389    30804.5794514

            TERRA                 0.0              0.0      .61463396964E-4  .54727584355291                  0.0
                                  0.0              0.0       .5472758401015       89.9935652                  0.0

 X0004B               -56298.06580865  112574.23405215      -.4739240487103  .54727584355676                  0.0              0.0
                      -97485.82439838     -120.0064348      .27369114891574      149.9935652      30804.579451822    30804.5794518

            TERRA                 0.0              0.0      .47392404871029  .54727584355676                  0.0
                                  0.0              0.0      -.2736911489157      -30.0064348                  0.0

 X0004C                 -56276.167534  112574.23405006      .47398551209418  .54727584354664                  0.0              0.0
                      97498.467370744      119.9935652       .2735846911918       29.9935652      30804.579450683    30804.5794507

            TERRA                 0.0              0.0      -.4739855120942  .54727584354664                  0.0
                                  0.0              0.0      -.2735846911918     -150.0064348                  0.0

     Total network loss  P-loss  by summing injections =   6.379174637391E+05

Output for steady-state phasor switch currents.
      Node-K    Node-M            I-real            I-imag            I-magn          Degrees        Power            Reactive
      X0005A    390A          6.30213708E-01   -3.78913229E+00    3.84118378E+00     -80.5569    1.28631707E+05    7.73297163E+05
      X0005B    390B         -3.59659176E+00    1.34878512E+00    3.84118388E+00     159.4431    1.28631706E+05    7.73297183E+05
      X0005C    390C          2.96637815E+00    2.44034713E+00    3.84118386E+00      39.4431    1.28631672E+05    7.73297186E+05
      X0006A    9049A         7.89183561E-01   -1.72310356E+00    1.89522996E+00     -65.3922    4.44344901E+04    9.69851286E+04
      X0006B    9049B        -1.88684324E+00    1.78098757E-01    1.89522995E+00     174.6078    4.44344907E+04    9.69851280E+04
      X0006C    9049C         1.09765970E+00    1.54500480E+00    1.89522998E+00      54.6078    4.44344900E+04    9.69851299E+04
      X0008A    391A          2.80705256E-01   -1.36914669E+00    1.39762588E+00     -78.4137    3.95276746E+04    1.92747056E+05
      X0008B    391B         -1.32606849E+00    4.41475479E-01    1.39762593E+00     161.5863    3.95276759E+04    1.92747062E+05
      X0008C    391C          1.04536324E+00    9.27671213E-01    1.39762591E+00      41.5863    3.95276687E+04    1.92747061E+05
      XX0014    RPI_C             Open              Open              Open             Open          Open              Open
      XX0015    RPI_B             Open              Open              Open             Open          Open              Open
      XX0016    RPI_A             Open              Open              Open             Open          Open              Open
      9049A     MEASUA        6.44396152E-07    1.96993909E-07    6.73834551E-07      16.9986    3.62706436E-02   -1.10931802E-02
      9049B     MEASUB        4.44241323E-07   -5.18052673E-07    6.82443349E-07     -49.3862    1.27461217E-02   -3.62373913E-02
      9049C     MEASUC       -4.82970108E-07    1.97688678E-07    5.21862950E-07     157.7398    2.32272794E-02   -1.79826735E-02
      T_MANC    MEASUC            Open              Open              Open             Open          Open              Open
      T_MANA    MEASUA            Open              Open              Open             Open          Open              Open
      T_MANB    MEASUB            Open              Open              Open             Open          Open              Open

Solution at nodes with known voltage.   Nodes that are shorted together by switches are shown as a group of names, with the printed
result applying to the composite group.   The entry "MVA" is  SQRT( P**2 + Q**2 )  in units of power,  while  "P.F."  is the
associated power factor.
              Node                Source  node  voltage             Injected  source  current              Injected  source  power
              name         Rectangular            Polar          Rectangular            Polar            P  and  Q    MVA and P.F.

              X0010A        408248.29        408248.29      .63021370779006  3.8411837809155      128641.83426993  784078.35506724
                                  0.0              0.0      -3.789132291341      -80.5569277      773453.38926184        0.1640676

              X0010B      -204124.145        408248.29       -3.59659175725  3.8411838753642      128641.83302848   784078.3743465
                      -353553.3901916     -120.0000000      1.3487851185569      159.4430720      773453.40901241        0.1640676

              X0010C      -204124.145        408248.29      2.9663781542313  3.8411838643044      128641.79867195  784078.37208892
                      353553.39019156      120.0000000      2.4403471321702       39.4430694      773453.41243805        0.1640675

              X0009A       112676.528       112676.528      .78918356050514  1.8952299561745      44461.231776198  106773.96561167
                                  0.0              0.0      -1.723103564679      -65.3921618       97076.66352623        0.4164052

              X0009B       -56338.264       112676.528      -1.886843237095  1.8952299513425      44461.232365455  106773.96533944
                      -97580.73565823     -120.0000000      .17809875658253      174.6078386       97076.66295693        0.4164052

              X0009C       -56338.264       112676.528      1.0976597009362  1.8952299763468      44461.231675015  106773.96674814
                      97580.735658229      120.0000000      1.5450048039356       54.6078379      97076.664822571        0.4164052

              X0007A        281691.32        281691.32      .28070525611679  1.3976258805896      39536.117063238  196849.53958473
                                  0.0              0.0      -1.369146690929      -78.4136616      192838.36932074        0.2008443

              X0007B       -140845.66        281691.32      -1.326068491449  1.3976259308449      39536.118422016  196849.54666296
                      -243951.8391456     -120.0000000       .4414754789982      161.5863384      192838.37626763        0.2008443

              X0007C       -140845.66        281691.32      1.0453632441659  1.3976259124827      39536.111205885  196849.54407672
                      243951.83914557      120.0000000      .92767121276347       41.5863364      192838.37510706        0.2008443

  ---- Initial flux of coil  "X0001A"  to  "      "  =  -6.89935875E-02
  ---- Initial flux of coil  "X0001B"  to  "      "  =  -9.37326241E+02
   Warning.  Preceding flux exceeds the 1st segment.  This means that the steady state solution is not really sinusoidal.
  ---- Initial flux of coil  "X0001C"  to  "      "  =  9.37395234E+02
   Warning.  Preceding flux exceeds the 1st segment.  This means that the steady state solution is not really sinusoidal.
  ---- Initial flux of coil  "X0002A"  to  "      "  =  -5.90177525E-02
  ---- Initial flux of coil  "X0002B"  to  "      "  =  -9.37352218E+02
   Warning.  Preceding flux exceeds the 1st segment.  This means that the steady state solution is not really sinusoidal.
  ---- Initial flux of coil  "X0002C"  to  "      "  =  9.37411236E+02
   Warning.  Preceding flux exceeds the 1st segment.  This means that the steady state solution is not really sinusoidal.
  ---- Initial flux of coil  "X0003A"  to  "      "  =  -7.43184460E-02
  ---- Initial flux of coil  "X0003B"  to  "      "  =  -6.46485600E+02
   Warning.  Preceding flux exceeds the 1st segment.  This means that the steady state solution is not really sinusoidal.
  ---- Initial flux of coil  "X0003C"  to  "      "  =  6.46559919E+02
   Warning.  Preceding flux exceeds the 1st segment.  This means that the steady state solution is not really sinusoidal.
  ---- Initial flux of coil  "X0004A"  to  "      "  =  -3.35365329E-02
  ---- Initial flux of coil  "X0004B"  to  "      "  =  -2.58589181E+02
   Warning.  Preceding flux exceeds the 1st segment.  This means that the steady state solution is not really sinusoidal.
  ---- Initial flux of coil  "X0004C"  to  "      "  =  2.58622717E+02
   Warning.  Preceding flux exceeds the 1st segment.  This means that the steady state solution is not really sinusoidal.

Card of names for time-step loop output.          |  9049A 9049B 9049C T_MANAT_MANBT_MANC1_2LTC1_2LTA1_2LTBT_OPOAT_OPOBT_OPOC
Output voltage differences for pairs of A6 names  |-5T_MANAT_MANCT_MANBT_MANAT_MANCT_MANB1_2LTC1_2LTB1_2LTA1_2LTC1_2LTB1_2LTA
Output voltage differences for pairs of A6 names  |-5T_OPOAT_OPOCT_OPOBT_OPOAT_OPOCT_OPOB
Blank card ending requests for output variables.  |BLANK OUTPUT

Column headings for the  49   EMTP output variables follow.  These are divided among the 5 possible classes as follows ....
  First  33     output variables are electric-network voltage differences (upper voltage minus lower voltage);
  Next   16     output variables are branch currents (flowing from the upper node to the lower node);
Branch power  consumption (power  flow, if a switch) is treated like a branch voltage for this grouping (9  variables);
Branch energy consumption (energy flow, if a switch) is treated like a branch current for this grouping (9  variables).
   Step      Time      RPI_C      RPI_B      RPI_A      TERRA      TERRA      TERRA      TERRA      TERRA      TERRA      T_MANC
                       MEASUC     MEASUB     MEASUA     PRMANA     PRMANB     PRMANC     PROPOA     PROPOB     PROPOC     MEASUC

                       T_MANA     T_MANB     9049A      9049B      9049C      T_MANA     T_MANB     T_MANC     1_2LTC     1_2LTA
                       MEASUA     MEASUB

                       1_2LTB     T_OPOA     T_OPOB     T_OPOC     T_MANA     T_MANB     T_MANC     1_2LTC     1_2LTA     1_2LTB
                                                                   T_MANC     T_MANA     T_MANB     1_2LTB     1_2LTC     1_2LTA

                       T_OPOA     T_OPOB     T_OPOC     XX0014     XX0015     XX0016     T_MANC     T_MANA     T_MANB     TERRA
                       T_OPOC     T_OPOA     T_OPOB     RPI_C      RPI_B      RPI_A      MEASUC     MEASUA     MEASUB     PRMANA

                       TERRA      TERRA      TERRA      TERRA      TERRA      RPI_C      RPI_B      RPI_A      T_MANB
                       PRMANB     PRMANC     PROPOA     PROPOB     PROPOC     MEASUC     MEASUB     MEASUA     TERRA
 ***      Phasor I(0) =  6.3021371E-01                     Switch  "X0005A"  to  "390A  "  closed in the steady-state.
 ***      Phasor I(0) = -3.5965918E+00                     Switch  "X0005B"  to  "390B  "  closed in the steady-state.
 ***      Phasor I(0) =  2.9663782E+00                     Switch  "X0005C"  to  "390C  "  closed in the steady-state.
 ***      Phasor I(0) =  7.8918356E-01                     Switch  "X0006A"  to  "9049A "  closed in the steady-state.
 ***      Phasor I(0) = -1.8868432E+00                     Switch  "X0006B"  to  "9049B "  closed in the steady-state.
 ***      Phasor I(0) =  1.0976597E+00                     Switch  "X0006C"  to  "9049C "  closed in the steady-state.
 ***      Phasor I(0) =  2.8070526E-01                     Switch  "X0008A"  to  "391A  "  closed in the steady-state.
 ***      Phasor I(0) = -1.3260685E+00                     Switch  "X0008B"  to  "391B  "  closed in the steady-state.
 ***      Phasor I(0) =  1.0453632E+00                     Switch  "X0008C"  to  "391C  "  closed in the steady-state.
 ***      Phasor I(0) =  6.4439615E-07                     Switch  "9049A "  to  "MEASUA"  closed in the steady-state.
 ***      Phasor I(0) =  4.4424132E-07                     Switch  "9049B "  to  "MEASUB"  closed in the steady-state.
 ***      Phasor I(0) = -4.8297011E-07                     Switch  "9049C "  to  "MEASUC"  closed in the steady-state.
      0       0.0         0.0        0.0        0.0        0.0        0.0        0.0        0.0        0.0        0.0 56275.8632
                   -112576.95 56301.0917 112576.955 -56301.092 -56275.863        0.0        0.0        0.0        0.0        0.0
                          0.0        0.0        0.0        0.0        0.0        0.0        0.0        0.0        0.0        0.0
                          0.0        0.0        0.0        0.0        0.0        0.0        0.0        0.0        0.0        0.0
                          0.0        0.0        0.0        0.0        0.0        0.0        0.0        0.0        0.0
    500      .005         0.0        0.0        0.0        0.0        0.0        0.0        0.0        0.0        0.0 75284.5352
                   34783.6459 -110085.21 -34783.646 110085.214 -75284.535        0.0        0.0        0.0        0.0        0.0
                          0.0        0.0        0.0        0.0        0.0        0.0        0.0        0.0        0.0        0.0
                          0.0        0.0        0.0        0.0        0.0        0.0        0.0        0.0        0.0        0.0
                          0.0        0.0        0.0        0.0        0.0        0.0        0.0        0.0        0.0
   1000       .01         0.0        0.0        0.0        0.0        0.0        0.0        0.0        0.0        0.0 -102907.78
                   91119.2383 11787.5299 -91119.238  -11787.53 102907.777        0.0        0.0        0.0        0.0        0.0
                          0.0        0.0        0.0        0.0        0.0        0.0        0.0        0.0        0.0        0.0
                          0.0        0.0        0.0        0.0        0.0        0.0        0.0        0.0        0.0        0.0
                          0.0        0.0        0.0        0.0        0.0        0.0        0.0        0.0        0.0
   1500      .015         0.0        0.0        0.0        0.0        0.0        0.0        0.0        0.0        0.0 -11803.095
                   -91098.581 102900.483 91098.5814 -102900.48 11803.0947        0.0        0.0        0.0        0.0        0.0
                          0.0        0.0        0.0        0.0        0.0        0.0        0.0        0.0        0.0        0.0
                          0.0        0.0        0.0        0.0        0.0        0.0        0.0        0.0        0.0        0.0
                          0.0        0.0        0.0        0.0        0.0        0.0        0.0        0.0        0.0
   2000       .02         0.0        0.0        0.0        0.0        0.0        0.0        0.0        0.0        0.0 110173.868
                    -34817.45 -75337.682 34817.4504 75337.6824 -110173.87        0.0        0.0        0.0        0.0        0.0
                          0.0        0.0        0.0        0.0        0.0        0.0        0.0        0.0        0.0        0.0
                          0.0        0.0        0.0        0.0        0.0        0.0        0.0        0.0        0.0        0.0
                          0.0        0.0        0.0        0.0        0.0        0.0        0.0        0.0        0.0
 ***                                                             Close switch  "XX0015"  to  "RPI_B "  after  2.03800000E-02  sec.
 ***                                                             Close switch  "XX0016"  to  "RPI_A "  after  2.03800000E-02  sec.
 ***                                                             Close switch  "XX0014"  to  "RPI_C "  after  2.33600000E-02  sec.
   2500      .025  126326.312 .4234537E7 5678.92907 90.4368143 .165554E-5 15.8488961 89.1236046 .028327534 16.6577257 -10052.912
                   2131.46505 -58203.349 -112937.89 58218.3411 56439.4356 -110806.42 14.9920785 46386.5231 46960.6655 -110705.39
                   1138.02647 -109998.99 1961.08626 47555.4357 -157192.95 110821.416  46371.531 45822.6391 -157666.06  111843.42
                   -157554.42 111960.073 45594.3495 -25.132281 -145.50837 5.32866262        0.0        0.0        0.0 .168430883
                   .200898E-7 .007441476 .171217519 .328153E-3 .007890648 203.542479 55334.8605 333.246572 149.920785
   3000       .03  90051.4878 .1497209E8 154954.942 4.10888967 .546324E-5 51.9643613 4.14254335 .001813422 52.9413929 8487.70818
                    -11133.91 109442.559 34752.5319 -109469.79 75505.6817 23618.6218 -27.234387 83993.3899 84621.8849 23745.4642
                   315.694904 23715.1482  496.18283 84779.3328 -60374.768 -23645.856 84020.6243 84306.1899 -60876.421 -23429.769
                   -61064.185 -23218.965   84283.15 21.2192705 273.606397 -27.834775        0.0        0.0        0.0  .38174161
                   .293605E-7 .355000519 .387512347 .351399E-3 .358963052 404.763101 80881.5746 691.377108 -272.34387
 ***                                                             Close switch  "T_MANB"  to  "MEASUB"  after  3.14000000E-02  sec.
 ***                                                             Close switch  "T_MANA"  to  "MEASUA"  after  3.17300000E-02  sec.
 ***                                                             Close switch  "T_MANC"  to  "MEASUC"  after  3.30600000E-02  sec.
   3500      .035         0.0        0.0        0.0 64.9745678 .005853298 83.4507197 61.1083549 .022012942 102.285335        0.0
                          0.0        0.0  93921.282 -891.44103 -106440.61  93921.282 -891.44103 -106440.61 -111979.88  96876.953
                   -1148.5108 91084.1078 1728.74669  -117841.7 200361.892 -94812.723 -105549.17 -110831.37 208856.836 -98025.464
                   208925.808 -89355.361 -119570.45        0.0        0.0        0.0  14.170326 13.8756679 8908.09065  .68972163
                   .127202E-4 .492951933 .700340693 .580439E-3 .498934776 849.636956 102533.943 903.481496 -8914.4103
   4000       .04         0.0        0.0        0.0 57.2442652 .008059151 .479838172 56.7989694 .703524E-6 1.32991449        0.0
                          0.0        0.0 -88157.305 1046.01268 -8071.2297 -88157.305 1046.01268 -8071.2297 -10058.771 -89548.367
                   315.555557 -87813.753 -9.7730841 -13437.057 -80086.075 89203.3177 -9117.2424 -10374.327 -79489.596 89863.9228
                   -74376.696 87803.9803 -13427.284        0.0        0.0        0.0 -16.467984  .43131645 -10460.708 .803527538
                   .262884E-4  .77633262 .818077625 .898614E-3 .788140282 849.636956 102533.943 903.481496 10460.1268
   4500      .045         0.0        0.0        0.0  9.8077082 .011698992 88.7006778 11.1202171 .022767353 99.8476343        0.0
                          0.0        0.0 -36490.186 1260.27854 109737.682 -36490.186 1260.27854 109737.682 113811.481  -37844.66
                   1029.36874 -38855.182 1758.12028 116429.009 -146227.87 37750.4648 108477.403 112782.113 -151656.14 38874.0284
                   -155284.19  40613.302 114670.889        0.0        0.0        0.0 14.9710531 -29.985733 -12605.219 1.12667709
                   .112537E-3 1.02402254 1.14427341 .001106814 1.03929329 849.636956 102533.943 903.481496 12602.7854
   5000       .05         0.0        0.0        0.0  88.980929 .006640548 24.3048934 88.5787365 .735704E-3 22.9266724        0.0
                          0.0        0.0 109910.904 -949.49851 -57443.272 109910.904 -949.49851 -57443.272 -55917.029 109490.101
                   -376.62395 109662.225 -316.04139  -55790.83 167354.177  -110860.4 -56493.774 -55540.405  165407.13 -109866.72
                   165453.055 -109978.27 -55474.789        0.0        0.0        0.0 18.5501267 2.11616944 9491.53087 1.31451012
                   .129821E-3 1.17249501  1.3356315 .001201136 1.18970564 849.636956 102533.943 903.481496 -9494.9851
   5500      .055         0.0        0.0        0.0 7.64792736 .653103E-4 39.9602202 7.80440508 .006290541 41.7648845        0.0
                          0.0        0.0 -32222.868 94.1636372 -73655.681 -32222.868 94.1636372 -73655.681 -75365.264  -32483.21
                   -622.45083 -32550.841 -924.13691 -75300.516 41432.8131 32317.0315 -73749.845 -74742.813 42882.0538 31860.7594
                   42749.6755 31626.7041  -74376.38        0.0        0.0        0.0 -30.433203  32.512173 -941.18547 1.51060747
                   .155241E-3 1.51819925 1.53327718 .001259912 1.53977549 849.636956 102533.943 903.481496 941.636372
   6000       .06         0.0        0.0        0.0 61.0109623 .018217264 77.3750311 58.9169087 .021598732 76.6805837        0.0
                          0.0        0.0 -91011.495 1572.65656 102492.652 -91011.495 1572.65656 102492.652 101754.041 -90472.363
                   1544.31393 -89435.984 1712.40483 102031.675 -193504.15 92584.1519 100919.995 100209.727  -192226.4 92016.6768
                   -191467.66 91148.3886 100319.271        0.0        0.0        0.0 -8.0466809   -14.1125  -15724.06 1.82957168
                   .208336E-3 1.64416158 1.85658393 .001320728 1.66626691 849.636956 102533.943 903.481496 15726.5656
   6500      .065         0.0        0.0        0.0 57.8586975 .001535515 .579866456 59.6584515 .001956976 .700096723        0.0
                          0.0        0.0 88629.1611 -456.58253 8872.71038 88629.1611 -456.58253 8872.71038  9214.8858  89437.203
                   147.872251 89997.0556  515.44818 9749.25287 79756.4507 -89085.744 9329.29291 9067.01355 80222.3172 -89289.331
                   80247.8027 -89481.607 9233.80469        0.0        0.0        0.0 31.7560496 -22.061715  4564.2063 1.94246427
                   .241609E-3 1.92728795 1.97053336 .001369266 1.95360945 849.636956 102533.943 903.481496 -4565.8253
   7000       .07         0.0        0.0        0.0  9.6096805 .004059334 87.1754468  9.4268741 .010668869 87.3137734        0.0
                          0.0        0.0 36119.9206  -742.3688 -108790.11 36119.9206  -742.3688 -108790.11 -108909.62 35814.7628
                   -1088.4849 35774.7136  -1203.515 -108876.38 144910.027 -36862.289 -108047.74 -107821.13 144724.382 -36903.248
                   144651.098 -36978.229 -107672.87        0.0        0.0        0.0 -7.2150558  23.538884 7421.32062 2.26531961
                   .277374E-3 2.17533964 2.29788274 .001404973 2.20337009 849.636956 102533.943 903.481496  -7423.688
   7500      .075         0.0        0.0        0.0  91.633636 .014649462 24.8979553   93.84479 .007331129 25.2559357        0.0
                          0.0        0.0 -111537.21 1410.27286 58139.8831 -111537.21 1410.27286 58139.8831 58400.5292 -112561.07
                   1067.94492  -112874.9 997.648964 58556.3562 -169677.09 112947.482 56729.6102 57332.5842  -170961.6 113629.018
                   -171431.26 113872.553 57558.7073        0.0        0.0        0.0 -23.388383 4.97852953 -14099.707 2.45367983
                   .299619E-3 2.32442673 2.48837224 .001425071 2.35489091 849.636956 102533.943 903.481496 14102.7286
   8000       .08         0.0        0.0        0.0 7.63927913  .74853E-3 39.0713664 7.74026339 .003623147 39.9742568        0.0
                          0.0        0.0  32204.644 318.784329 72831.8954  32204.644 318.784329 72831.8954 73407.6641 32365.1102
                    565.76293  32416.803 701.350789 73668.6161 -40627.251  -31885.86 72513.1111 72841.9011 -41042.554 -31799.347
                   -41251.813 -31715.452 72967.2653        0.0        0.0        0.0 21.5181582  -26.36331 -3186.5334 2.65093868
                   .356518E-3 2.66857103  2.6884396 .001482698 2.70270747 849.636956 102533.943 903.481496 3187.84329
   8500      .085         0.0        0.0        0.0 61.4186383 .010626607 78.6271196  62.771886 .009054165 79.7650424        0.0
                          0.0        0.0 91315.0591 -1201.1289  -103318.6 91315.0591 -1201.1289  -103318.6 -103834.48 92067.7575
                   -1087.8254 92315.5585 -1108.7063 -104063.54 194633.655 -92516.188 -102117.47 -102746.66 195902.239 -93155.583
                   196379.103 -93424.265 -102954.84        0.0        0.0        0.0 7.59679481 13.4789723 12007.7447 2.96843828
                   .383816E-3 2.79507739 3.00982777 .001504761 2.83042008 849.636956 102533.943 903.481496 -12011.289
   9000       .09         0.0        0.0        0.0 57.9428393 .004623572 .642064865 58.5799009 .002062353 .743375311        0.0
                          0.0        0.0 -88693.583 792.284431 -9336.4498 -88693.583 792.284431 -9336.4498 -9819.0014 -89034.929
                   620.110471 -89179.828 529.143966 -10046.074 -79357.133 89485.8672 -10128.734 -10439.112 -79215.927 89655.0393
                   -79133.754 89708.9717 -10575.218        0.0        0.0        0.0 -27.234801 19.0510448 -7921.7121 3.08140462
                   .402644E-3 3.07936671 3.12422621 .001524275 3.11858706 849.636956 102533.943 903.481496 7922.84431
   9500      .095         0.0        0.0        0.0 9.86773736 .008066598 87.2110664 10.1141985  .00947581   88.41039        0.0
                          0.0        0.0 -36601.687 1046.49586  108812.33 -36601.687 1046.49586  108812.33 109370.987 -36939.217
                   1104.92738 -37055.958  1134.2283 109557.967 -145414.02 37648.1829 107765.834  108266.06  -146310.2 38044.1442
                   -146613.93 38190.1866 108423.739        0.0        0.0        0.0 9.79809326 -25.545256 -10461.972 3.40545197
                   .464876E-3 3.32652898 3.45250982 .001579874 3.36775873 849.636956 102533.943 903.481496 10464.9586
  10000       0.1         0.0        0.0        0.0 91.0162804 .009479767 24.8602718 92.1083717 .007143603   24.71682        0.0
                          0.0        0.0 111160.849 -1134.4651 -58095.868 111160.849 -1134.4651 -58095.868 -57979.998 111679.682
                     -1027.44 111825.762 -984.80663  -57928.01 169256.717 -112295.31 -56961.403 -56952.558  169659.68 -112707.12
                   169753.772 -112810.57 -56943.203        0.0        0.0        0.0 21.8664521 -3.8758059 11341.5445 3.59314744
                   .481972E-3 3.47505949 3.64233036 .001595648  3.5185189 849.636956 102533.943 903.481496 -11344.651
  10500      .105         0.0        0.0        0.0 7.68781494 .343318E-4 39.2461719 7.69092605  .31295E-3 40.1175033        0.0
                          0.0        0.0 -32306.787  -68.27164 -72994.639 -32306.787  -68.27164 -72994.639 -73561.547 -32314.957
                   -150.62329 -32313.324 -206.12456 -73800.493 40687.8513 32238.5157 -72926.367 -73410.923 41246.5898 32164.3334
                    41487.169 32107.1991 -73594.368        0.0        0.0        0.0 -23.367369 27.8423228 681.678246 3.78965721
                   .518239E-3  3.8203479 3.84155959 .001630496 3.86752624 849.636956 102533.943 903.481496  -682.7164
  11000       .11         0.0        0.0        0.0 61.4164488 .015037501 78.2128705 62.2322841 .014093278 78.6857472        0.0
                          0.0        0.0 -91313.431 1428.82866 103046.068 -91313.431 1428.82866 103046.068  103290.09 -91757.205
                   1388.07113 -91917.919 1383.24251 103357.108  -194359.5   92742.26 101617.239 101902.018 -195047.29 93145.2762
                   -195275.03 93301.1614 101973.866        0.0        0.0        0.0 -7.6890421 -13.116163 -14284.457 4.10813192
                   .559946E-3 3.94658243 4.16393544 .001664657 3.99482291 849.636956 102533.943 903.481496 14288.2866
  11500      .115         0.0        0.0        0.0 57.8538372 .002522926 .615421888 58.4714007 .001526704 .670364801        0.0
                          0.0        0.0 88625.4385 -585.25422 9140.68581 88625.4385 -585.25422 9140.68581 9440.51107 88996.8658
                   -479.96162 89097.2011 -455.27076 9539.98988 79484.7527 -89210.693 9725.94003 9920.47269 79556.3547 -89476.827
                   79557.2112 -89552.472 9995.26064        0.0        0.0        0.0 28.3041117  -19.81241 5851.15021 4.22111427
                   .586546E-3 4.23006724 4.27830978 .001692501 4.28217877 849.636956 102533.943 903.481496 -5852.5422
  12000       .12         0.0        0.0        0.0 9.78259456 .005423701 87.2854109 9.95833722 .006079423 88.2319014        0.0
                          0.0        0.0 36443.4379 -858.10452  -108858.7 36443.4379 -858.10452  -108858.7 -109277.06 36643.4717
                   -871.43463 36769.3309 -908.49703 -109447.32 145302.138 -37301.542  -108000.6 -108405.62 145920.529 -37514.906
                   146216.651 -37677.828 -108538.82        0.0        0.0        0.0 -9.2545294 24.8439561 8577.95189 4.54435523
                   .631525E-3  4.4778487 4.60583056 .001731951  4.5319177 849.636956 102533.943 903.481496 -8581.0452
  12500      .125         0.0        0.0        0.0 91.2488135 .012562465 24.8134277 92.5701855 .010131149 24.8976115        0.0
                          0.0        0.0 -111302.76 1305.95961 58041.1079 -111302.76 1305.95961 58041.1079 58126.9115 -111898.03
                   1206.41612 -112105.75 1172.79382 58139.4816 -169343.87 112608.718 56735.1483 56920.4953 -170024.94 113104.445
                   -170245.23 113278.541 56966.6878        0.0        0.0        0.0 -22.138365  4.0630811 -13056.431 4.73248785
                   .651098E-3 4.62670427 4.79609922 .001748238 4.68303225 849.636956 102533.943 903.481496 13059.5961
  13000       .13         0.0        0.0        0.0 7.63216641 .370997E-3 39.1827687 7.59945437 .583307E-3 39.9596101        0.0
                          0.0        0.0  32189.648 224.428226 72935.6525  32189.648 224.428226 72935.6525 73473.3502 32183.4632
                    292.79498 32120.5903 281.411003 73655.1186 -40746.005  -31965.22 72711.2243 73180.5552 -41289.887 -31890.668
                   -41534.528 -31839.179 73373.7076        0.0        0.0        0.0 23.0016343 -27.477322 -2243.1412 4.92943704
                   .699608E-3 4.97128131 4.99580228 .001795255 5.03131591 849.636956 102533.943 903.481496 2244.28226
  13500      .135         0.0        0.0        0.0 61.3328689 .012193041 78.4033862 62.2173708 .011231534 79.0384658        0.0
                          0.0        0.0 91251.2773 -1286.6142 -103171.49 91251.2773 -1286.6142 -103171.49 -103493.76 91759.7383
                   -1232.2116 91906.9047 -1234.8433  -103588.5 194422.772 -92537.891 -101884.88 -102261.55 195253.503  -92991.95
                   195495.409 -93141.748 -102353.66        0.0        0.0        0.0 7.51519818 13.2034841 12862.3121 5.24730841
                   .731827E-3 5.09766964   5.317558  .00182136 5.15880988 849.636956 102533.943 903.481496 -12866.142
  14000       .14         0.0        0.0        0.0 57.9248646 .003763368 .625070611 58.4545809 .002388349 .695037024        0.0
                          0.0        0.0 -88679.825 714.793559  -9212.062 -88679.825 714.793559  -9212.062 -9592.7741  -89014.62
                   603.425741 -89084.385 569.431138 -9713.9594 -79467.763 89394.6183 -9926.8556   -10196.2 -79421.846 89618.0462
                   -79370.426 89653.8165 -10283.391        0.0        0.0        0.0 -28.127479 19.6609291  -7146.661 5.36027536
                   .753164E-3 5.38165178 5.43194196 .001842956 5.44663603 849.636956 102533.943 903.481496 7147.93559
  14500      .145         0.0        0.0        0.0 9.80858036 .007018496 87.1715983 9.97380329 .008281863 88.2241302        0.0
                          0.0        0.0 -36491.809 976.145014 108787.705 -36491.809 976.145014 108787.705 109252.909 -36743.102
                   1014.86122 -36797.873 1060.36732   109442.5 -145279.51 37467.9537  107811.56 108238.047 -145996.01 37757.9631
                   -146240.37   37858.24 108382.133        0.0        0.0        0.0 9.44523061 -25.023099  -9758.341 5.68402282
                   .808609E-3 5.62903955 5.75994816 .001892221 5.69600857 849.636956 102533.943 903.481496 9761.45014
  15000       .15         0.0        0.0        0.0 91.1202668  .01057814 24.8800145 92.3649191  .00805794 24.9347694        0.0
                          0.0        0.0 111224.331 -1198.3867 -58118.932 111224.331 -1198.3867 -58118.932 -58146.323 111772.504
                   -1095.3855 111981.386 -1045.9341  -58182.85 169343.264 -112422.72 -56920.546 -57050.937 169918.827 -112867.89
                   170164.236 -113027.32 -57136.916        0.0        0.0        0.0 22.0301208 -4.0699024 11980.6957 5.87187757
                   .826348E-3 5.77769997 5.94992724 .001907767 5.84690477 849.636956 102533.943 903.481496 -11983.867
  15500      .155         0.0        0.0        0.0 7.66438246 .117611E-3 39.2109971 7.66954724 .424577E-3 40.0239421        0.0
                          0.0        0.0 -32257.514  -126.3621  -72961.92 -32257.514  -126.3621  -72961.92 -73513.047 -32263.595
                    -209.8354 -32268.381 -240.08815 -73714.384 40704.4061 32131.1521 -72835.558 -73303.211 41249.4513   32053.76
                   41446.0035 32028.2928 -73474.296        0.0        0.0        0.0 -23.053868 27.3958612 1262.57723 6.06856497
                   .866944E-3 6.12271416  6.1493768   .0019468 6.19562682 849.636956 102533.943 903.481496  -1263.621
  16000       .16         0.0        0.0        0.0  61.396556 .013946285 78.3198441 62.2211259 .013507313 78.9909709        0.0
                          0.0        0.0 -91298.642 1376.00998 103116.513 -91298.642 1376.00998 103116.513 103424.524 -91752.715
                   1340.85648 -91909.678 1354.18123 103557.376 -194415.16  92674.652 101740.503 102083.668 -195177.24 93093.5716
                   -195467.05 93263.8594 102203.195        0.0        0.0        0.0 -7.4931116 -13.203397 -13756.257 6.38680871
                   .904934E-3 6.24901307 6.47150566 .001977773 6.32302226 849.636956 102533.943 903.481496 13760.0998
  16500      .165         0.0        0.0        0.0 57.8564819 .002954167 .621783463 58.4433647 .002085532   .6785035        0.0
                          0.0        0.0 88627.4642 -633.30048 9187.80769 88627.4642 -633.30048 9187.80769 9484.60727  88959.496
                   -552.84829 89075.8383  -532.1092 9597.72625 79439.6565 -89260.765 9821.10817 10037.4556 79474.8887 -89512.344
                    79478.112 -89607.947 10129.8355        0.0        0.0        0.0 28.2586901 -19.694086 6331.59625 6.49978142
                   .929421E-3 6.53268209 6.58588455 .002003161 6.61054137 849.636956 102533.943 903.481496 -6333.0048
  17000       .17         0.0        0.0        0.0 9.79701284 .005990392 87.2665213 9.97146976 .006742849 88.2296517        0.0
                          0.0        0.0 36470.2845 -901.82018 -108846.92 36470.2845 -901.82018 -108846.92 -109274.21  36665.875
                   -908.74473 36793.5677 -956.78425 -109445.92 145317.205 -37372.105  -107945.1 -108365.47 145940.086  -37574.62
                   146239.492 -37750.352 -108489.14        0.0        0.0        0.0  -9.432453 24.9421898  9015.1012 6.82321293
                   .978148E-3 6.78032005 6.91357948 .002046147 6.86015847 849.636956 102533.943 903.481496 -9018.2018
  17500      .175         0.0        0.0        0.0 91.1996184 .011808719 24.8298042 92.4621707 .009688111  24.930302        0.0
                          0.0        0.0 -111272.75 1266.17493 58060.2578 -111272.75 1266.17493 58060.2578 58172.0504 -111828.25
                   1179.83071 -112040.32 1146.86388 58177.6376 -169333.01 112538.925 56794.0829 56992.2197  -170000.3 113008.082
                   -170217.96 113187.188 57030.7737        0.0        0.0        0.0 -22.093854 4.00230889  -12658.59 7.01124546
                   .996933E-3 6.92909465 7.10375676 .002061891  7.0111681 849.636956 102533.943 903.481496 12661.7493
  18000       .18         0.0        0.0        0.0 7.63471954 .260935E-3 39.2124999 7.58368927 .612096E-3 40.0063823        0.0
                          0.0        0.0 32195.0317 188.216754 72963.3184 32195.0317 188.216754 72963.3184 73501.5346 32179.7235
                   241.637093 32087.2559 288.271756 73698.2122 -40768.287 -32006.815 72775.1016 73259.8975 -41321.811 -31938.086
                   -41610.956 -31798.984 73409.9404        0.0        0.0        0.0 23.1395831  -27.53689 -1880.9771 7.20808756
                   .001042428 7.27383876  7.3033453 .002106014 7.35962863 849.636956 102533.943 903.481496 1882.16754
  18500      .185         0.0        0.0        0.0 61.3518693 .012826077 78.3482842 62.2127112  .01228191 78.9975663        0.0
                          0.0        0.0 91265.4107 -1319.5906 -103135.23 91265.4107 -1319.5906 -103135.23 -103467.28 91746.3844
                   -1288.8108 91903.4631 -1291.2944  -103561.7 194400.644 -92585.001 -101815.64 -102178.47 195213.666 -93035.195
                   195465.163 -93194.757 -102270.41        0.0        0.0        0.0 7.46483293 13.2439118 13192.0733 7.52610159
                   .001076701 7.40019341 7.62523975 .002133866 7.48708658 849.636956 102533.943 903.481496 -13195.906
  19000       .19         0.0        0.0        0.0 57.8950904 .003453774 .620208439 58.4273581 .002243836 .691185456        0.0
                          0.0        0.0  -88657.03 684.761387 -9176.1636  -88657.03 684.761387 -9176.1636 -9554.6881 -88989.036
                   573.003864 -89063.639 551.934899 -9687.0069 -79480.867 89341.7919  -9860.925 -10127.692 -79434.348 89562.0395
                   -79376.632 89615.5742 -10238.942        0.0        0.0        0.0 -28.205503 19.6836994 -6846.3546 7.63907159
                   .001099137 7.68405559 7.73962952 .002156708 7.77478824 849.636956 102533.943 903.481496 6847.61387
  19500      .195         0.0        0.0        0.0 9.79214271 .006630662 87.1798568 9.94087814 .007949619 88.2173561        0.0
                          0.0        0.0 -36461.219 948.791469 108792.859 -36461.219 948.791469 108792.859 109265.883 -36702.773
                   1000.09229 -36737.085 1038.88019 109438.298 -145254.08 37410.0101 107844.067 108265.791 -145968.66 37702.8652
                   -146175.38 37775.9647 108399.418        0.0        0.0        0.0 9.43070322 -24.960195 -9484.8005 7.96270031
                   .001152057   7.931534 8.06751421 .002203699 8.02425161 849.636956 102533.943 903.481496 9487.91469
  20000       0.2         0.0        0.0        0.0 91.1394552 .011022597 24.8672285 92.4026445 .008686757  24.980064        0.0
                          0.0        0.0 111236.042 -1223.3037 -58103.997 111236.042 -1223.3037 -58103.997 -58165.084 111790.179
                   -1109.0459 112004.253 -1085.9783 -58235.671 169340.038 -112459.35 -56880.693 -57056.038 169955.263 -112899.22
                   170239.924 -113090.23 -57149.693        0.0        0.0        0.0 22.0376577 -4.0834662 12229.8879 8.15061568
                   .001170137  8.0802404 8.25755479 .002219342 8.17519347 849.636956 102533.943 903.481496 -12233.037
  20500      .205         0.0        0.0        0.0 7.65323655 .163671E-3  39.199115 7.66398226 .513028E-3 40.0000472        0.0
                          0.0        0.0  -32234.05 -149.06588 -72950.865  -32234.05 -149.06588 -72950.865 -73504.905 -32235.756
                   -235.59738 -32256.672 -263.91416 -73692.377 40716.8142 32084.9846 -72801.799 -73269.308 41269.1487 32000.1589
                   41435.7049 31992.7578 -73428.463        0.0        0.0        0.0 -23.021982 27.3213961   1489.621 8.34736733
                   .001212497 8.42515172 8.45707401 .002260154 8.52381076 849.636956 102533.943 903.481496 -1490.6588
  21000       .21         0.0        0.0        0.0 61.3830055 .013530036 78.3426024 62.1775875 .013462657 79.0318786        0.0
                          0.0        0.0 -91288.566 1355.31984 103131.494 -91288.566 1355.31984 103131.494  103454.89 -91729.968
                   1330.69531 -91877.516 1351.94087 103584.188 -194420.06 92643.8863 101776.174 102124.195 -195184.86 93060.6638
                    -195461.7 93229.4571 102232.247        0.0        0.0        0.0  -7.437054 -13.251241 -13549.355 8.66552473
                   .001249093 8.55147185 8.77911541 .002289953   8.651236 849.636956 102533.943 903.481496 13553.1984
  21500      .215         0.0        0.0        0.0 57.8695191 .003132738  .62265685  58.438513 .002507891 .677067579        0.0
                          0.0        0.0 88637.4491 -652.16024 9194.25824 88637.4491 -652.16024 9194.25824 9502.46341 88948.5949
                   -584.84843 89072.1408 -583.50779 9587.56501 79443.1909 -89289.609 9846.41848 10087.3118 79446.1315 -89533.443
                   79484.5758 -89655.649 10171.0728        0.0        0.0        0.0 28.3086777 -19.735232   6520.168 8.77849018
                   .001272803 8.83521216 8.89348564 .002314483 8.93882028 849.636956 102533.943 903.481496 -6521.6024
  22000       .22         0.0        0.0        0.0 9.80137918 .006220955 87.2495837  9.9662746   .0068764 88.1986362        0.0
                          0.0        0.0 36478.4106 -919.01129 -108836.36 36478.4106 -919.01129 -108836.36 -109253.26  36666.119
                   -920.25547 36783.9816 -966.21298 -109426.69 145314.767 -37397.422 -107917.35 -108333.01 145919.384 -37586.375
                   146210.668 -37750.195 -108460.47        0.0        0.0        0.0 -9.4600868 24.9403811 9186.99365 9.10199678
                   .001323044 9.08279349 9.22125444 .002358924  9.1883827 849.636956 102533.943 903.481496 -9190.1129
  22500      .225         0.0        0.0        0.0 91.1967408 .011518238  24.845351  92.430268 .009776017 24.9738553        0.0
                          0.0        0.0 -111270.99 1250.50472 58078.4317 -111270.99 1250.50472 58078.4317 58201.3815  -111813.3
                   1170.00896 -112020.99  1152.0552 58228.4337 -169349.43   112521.5  56827.927 57031.3726 -170014.68 112983.312
                   -170249.43 113173.048 57076.3785        0.0        0.0        0.0  -22.08794 3.99076863 -12501.889 9.28999075
                   .001341555 9.23153794 9.41139458 .002374498 9.33935881 849.636956 102533.943 903.481496 12505.0472
  23000       .23         0.0        0.0        0.0 7.63013006 .222832E-3 39.2248006 7.58129316 .545194E-3 40.0335042        0.0
                          0.0        0.0 32185.3535 173.932725 72974.7616 32185.3535 173.932725 72974.7616  73498.154 32164.7527
                   216.796484 32082.1864 272.062034 73723.1894 -40789.408 -32011.421 72800.8288 73281.3575 -41333.401 -31947.956
                   -41641.003 -31810.124 73451.1274        0.0        0.0        0.0 23.1331581 -27.524235 -1738.1042 9.48679197
                    .00138589 9.57634509 9.61094287 .002417515 9.68788497 849.636956 102533.943 903.481496 1739.32725
  23500      .235         0.0        0.0        0.0 61.3636049 .013080601 78.3342536 62.2242355  .01268082 78.9901098        0.0
                          0.0        0.0 91274.1391 -1332.6195   -103126. 91274.1391 -1332.6195   -103126. -103461.78 91748.3736
                   -1311.4577 91911.9748 -1312.0971 -103556.81 194400.138 -92606.759 -101793.38 -102150.32 195210.153 -93059.831
                   195468.787 -93224.072 -102244.71        0.0        0.0        0.0 7.41536888 13.2694535 13322.3562 9.80486111
                   .001420999 9.70268915 9.93289054 .002446114 9.81533618 849.636956 102533.943 903.481496 -13326.195
  24000       .24         0.0        0.0        0.0 57.8844613 .003334953 .619558663 58.4042967 .002198199 .690789225        0.0
                          0.0        0.0 -88648.892 672.879308 -9171.3555 -88648.892 672.879308 -9171.3555   -9543.25 -88971.948
                   567.091314 -89046.061 546.293253 -9684.2299 -79477.536  89321.771 -9844.2348 -10110.341 -79428.698 89539.0396
                   -79361.831  89592.354 -10230.523        0.0        0.0        0.0  -28.21922 19.6912736 -6727.5418 9.91783204
                    .00144389 9.98650368 10.0472828 .002469456 10.1029848 849.636956 102533.943 903.481496 6728.79308
  24500      .245         0.0        0.0        0.0 9.78660104 .006480081 87.1854873 9.92544199 .007829616  88.218875        0.0
                          0.0        0.0   -36450.9 937.956125 108796.372   -36450.9 937.956125 108796.372 109269.768 -36684.928
                   992.597137 -36708.551  1031.0092  109439.24 -145247.27  37388.856 107858.416 108277.171  -145954.7 37677.5248
                   -146147.79 37739.5601 108408.231        0.0        0.0        0.0 9.44211874 -24.942153 -9376.4387 10.2414147
                   .001495825 10.2340178 10.3751195 .002515577 10.3524862 849.636956 102533.943 903.481496 9379.56125
  25000       .25         0.0        0.0        0.0 91.1469752 .011201429 24.8604965 92.4123986 .008865612 24.9922873        0.0
                          0.0        0.0 111240.631 -1233.1873 -58096.131 111240.631 -1233.1873 -58096.131 -58178.874 111793.588
                   -1117.0351 112010.164 -1097.1011 -58249.918 169336.762 -112473.82 -56862.944 -57061.839 169972.462 -112910.62
                   170260.082 -113107.27 -57152.816        0.0        0.0        0.0 22.0482762 -4.0890587 12328.7321 10.4293534
                   .001514055 10.3827414 10.5651834  .00253128 10.5034435 849.636956 102533.943 903.481496 -12331.873
  25500      .255         0.0        0.0        0.0 7.64993384  .18407E-3 39.1933682  7.6606583 .554099E-3 39.9900221        0.0
                          0.0        0.0 -32227.094 -158.08252 -72945.517 -32227.094 -158.08252 -72945.517 -73500.947 -32226.148
                   -246.37809 -32249.676 -274.27474 -73683.142 40718.4225  32069.012 -72787.434 -73254.569 41274.7984 31979.7703
                   41433.4655 31975.4014 -73408.867        0.0        0.0        0.0 -23.016777 27.2932952 1579.78748 10.6261301
                   .001557126 10.7276129 10.7647305 .002572816 10.8520205 849.636956 102533.943 903.481496 -1580.8252
  26000       .26         0.0        0.0        0.0 61.3727403 .013366294 78.3529765 62.1564375 .013439949 79.0523699        0.0
                          0.0        0.0 -91280.933 1347.09372 103138.322 -91280.933 1347.09372 103138.322 103467.657  -91717.11
                   1327.99143 -91861.889 1350.80023 103597.616 -194419.26 92628.0266 101791.228 102139.666 -195184.77 93045.1012
                    -195459.5 93212.6888 102246.815        0.0        0.0        0.0 -7.4166449 -13.269086 -13467.094 10.9442537
                   .001593179  10.853941  11.086737 .002602162 10.9794569 849.636956 102533.943 903.481496 13470.9372
  26500      .265         0.0        0.0        0.0 57.8741631 .003205264 .622595418 58.4299125 .002661197 .676567015        0.0
                          0.0        0.0 88641.0056 -659.66619 9193.80467 88641.0056 -659.66619 9193.80467 9508.40722 88946.4018
                   -598.96871 89065.5862   -601.078 9584.02025 79447.2009 -89300.672 9853.47086 10107.3759 79437.9946  -89545.37
                   79481.5659 -89666.664 10185.0983        0.0        0.0        0.0 28.3351184 -19.751835 6595.22429 11.0572163
                   .001616588 11.1377093 11.2011038 .002626366 11.2670663 849.636956 102533.943 903.481496 -6596.6619
  27000       .27         0.0        0.0        0.0 9.80263785 .006314032 87.2393156 9.96357279 .006931176  88.188048        0.0
                          0.0        0.0 36480.7528 -925.86082 -108829.95 36480.7528 -925.86082 -108829.95 -109244.67 36663.9048
                   -925.83602 36778.9953 -970.05367 -109420.12 145310.705 -37406.614 -107904.09 -108318.83 145908.571 -37589.741
                   146199.113 -37749.049 -108450.06        0.0        0.0        0.0 -9.4668255 24.9338443 9255.48316 11.3807523
                   .001667439 11.3852682 11.5289018 .002671402 11.5166076 849.636956 102533.943 903.481496 -9258.6082
  27500      .275         0.0        0.0        0.0 91.1987612 .011403387 24.8501443 92.4168412 .009765168  24.994136        0.0
                          0.0        0.0 -111272.23 1244.25458 58084.0339 -111272.23 1244.25458 58084.0339 58216.2333  -111808.9
                    1168.5436 -112012.86 1151.41577 58252.0719 -169356.26 112516.482 56839.7793 57047.6897 -170025.14 112977.449
                   -170264.93 113164.272 57100.6561        0.0        0.0        0.0  -22.08896 3.98589833 -12439.389 11.5687312
                   .001685845 11.5340009 11.7190279 .002686911 11.6675701 849.636956 102533.943 903.481496 12442.5458
  28000       .28         0.0        0.0        0.0 7.63011239 .208459E-3 39.2271141 7.57965579 .518022E-3 40.0432581        0.0
                          0.0        0.0 32185.3162  168.22976 72976.9136 32185.3162  168.22976 72976.9136  73500.634 32161.2386
                   210.461177 32078.7217 265.195723   73732.17 -40791.597 -32017.086 72808.6838 73290.1728 -41339.395 -31950.777
                   -41653.448 -31813.526 73466.9743        0.0        0.0        0.0 23.1308326 -27.509407 -1681.0636 11.7655163
                   .001729722 11.8788329 11.9185601 .002729493 12.0161222 849.636956 102533.943 903.481496  1682.2976
  28500      .285         0.0        0.0        0.0 61.3690475 .013183008 78.3293166  62.228318 .012912059 78.9914384        0.0
                          0.0        0.0 91278.1867 -1337.8258 -103122.75 91278.1867 -1337.8258 -103122.75 -103460.18 91748.2446
                   -1319.7958 91914.9899 -1324.0063 -103557.68 194400.936 -92616.013 -101784.92 -102140.38 195208.425  -93068.04
                   195472.673 -93238.996 -102233.68        0.0        0.0        0.0 7.39586521 13.2768026 13374.4194  12.083607
                   .001765169 12.0051728 12.2405287 .002758399  12.143571 849.636956 102533.943 903.481496 -13378.258
  29000       .29         0.0        0.0        0.0 57.8809327  .00328801 .619370363  58.395796 .002182379 .690730457        0.0
                          0.0        0.0  -88646.19 668.126732 -9169.9617  -88646.19 668.126732 -9169.9617 -9536.9892 -88961.829
                   567.256104  -89039.58 544.323921 -9683.8179 -79476.228 89314.3164 -9838.0885 -10104.245  -79424.84  89529.085
                   -79355.762 89583.9042 -10228.142        0.0        0.0        0.0 -28.224312 19.6919017 -6680.0187 12.1965785
                   .001788244 12.2889685 12.3549221 .002781943 12.4311982 849.636956 102533.943 903.481496 6681.26732
  29500      .295         0.0        0.0        0.0 9.78392686 .006420287 87.1822029 9.92024402 .007771077 88.2186445        0.0
                          0.0        0.0 -36445.919 933.618675 108794.322 -36445.919 933.618675 108794.322 109269.082  -36679.82
                   987.375415 -36698.937 1027.14777 109439.097 -145240.24 37379.5381 107860.704 108281.706  -145948.9 37667.1954
                   -146138.03 37726.0852  108411.95        0.0        0.0        0.0 9.44610027 -24.933573 -9333.0571 12.5201428
                   .001839789 12.5364968 12.6827396 .002827722  12.680715 849.636956 102533.943 903.481496 9336.18675
  % % % % % %   Final time step,  PLTFIL  dumps plot data to ".PL4" disk file.
  Done dumping plot points to C-like disk file.
  30000       0.3         0.0        0.0        0.0  91.150893 .011273488 24.8587193  92.414471 .008925845 24.9970152        0.0
                          0.0        0.0 111243.022 -1237.1475 -58094.055 111243.022 -1237.1475 -58094.055 -58184.153   111795.1
                   -1120.8006  112011.42 -1100.8217 -58255.427 169337.076 -112480.17 -56856.907 -57063.352 169979.254  -112915.9
                   170266.847 -113112.24 -57154.605        0.0        0.0        0.0 22.0518802 -4.0921839 12368.3378 12.7080907
                   .001858081 12.6852272 12.8728129 .002843451 12.8316781 849.636956 102533.943 903.481496 -12371.475

Extrema of output variables follow.   Order and column positioning are the same as for the preceding time-step loop output.
Variable maxima :  208962.436 .1579525E8 187463.891 96.7234473  .02173114 97.4714067 102.068708 .786688237 112.256884 112888.108
                   112691.968 112763.478 114593.028 112863.661 112894.572 114593.028 1717.64561 113776.968 115312.214 116244.545
                    6156.9607 116008.203 10334.5993 117587.385 200877.498 113524.324 113792.895 115148.934 209195.635 116551.117
                   209586.892 118047.701 116630.184 32.3235546 280.966029 30.6156733  47.249684  46.853368  13629.821 12.7080907
                   .001858081 12.6852272 12.8728129 .002843451 12.8316781 849.636956 102533.943 903.481496 17176.4561
Times of maxima :      .03186     .02227     .02121     .03371     .04276      .0363     .04108     .02132     .03649     .00283
                       .00838     .01394     .03371     .00561     .02775     .03371     .04276     .02808     .04481      .0336
                       .02115     .03393     .02132     .04491     .03497     .04215     .02808     .04488     .03503     .04206
                       .03497     .04105     .04481     .03186     .03056     .02121      .0332     .03812     .28449        0.3
                          0.3        0.3        0.3        0.3        0.3     .03307     .03141     .03174     .04276
Variable minima :         0.0        0.0        0.0        0.0        0.0        0.0        0.0        0.0        0.0 -112747.27
                   -112774.07 -112863.66 -113079.05 -112763.48 -115035.25 -111842.21 -1363.3565 -115035.25 -121076.38 -113504.56
                   -5807.4517 -117716.85 -8806.2746 -123452.19 -196785.18 -115429.99 -114405.88 -122622.96 -201591.92 -116756.91
                   -203021.57 -119017.51   -123271. -32.143487 -281.02711 -27.897319  -40.98221 -38.305677 -17177.264        0.0
                          0.0        0.0        0.0        0.0        0.0        0.0        0.0        0.0 -13633.565
Times of minima :         0.0        0.0        0.0        0.0        0.0        0.0        0.0        0.0        0.0     .01116
                       .01672     .00561     .02486     .01394      .0363     .04215     .28449      .0363     .03634     .05814
                       .03685     .04108     .02195     .03649     .04342     .03371      .0363      .0363     .04349      .0336
                       .04361     .03354     .03617     .02405     .02227      .0299     .03944     .04655     .04277        0.0
                          0.0        0.0        0.0        0.0        0.0        0.0        0.0        0.0     .28449

Blank card terminating all plot cards.            |BLANK PLOT

Memory storage figures for the preceding, now-completed data case.  -------------------------------  Present   Program
A value of  "-9999"  indicates that no figure is available.         03-Sep-26  15.39.54              figure     limit  (name)
     Size List 1.   Number of electric network nodes.                                                  100      100K  (LBUS)
     Size List 2.   Number of electric network branches.                                               145      120K  (LBRNCH)
     Size List 3.   Number of data values in R, L, C tables.                                           137      500K  (LDATA)
     Size List 4.   Number of electric network sources.                                                  9     20000  (LEXCT)
     Size List 5.   Storage for [Y] & triangularized [Y].  No. times = 922   Factors = 593            1032     2000K  (LYMAT)
     Size List 6.   Number of entries in switch table.                  No. flops = 18                  18      5000  (LSWTCH)
     Size List 7.   Number of distinct ALPHANUMERIC data names plus program SPY variables.             184      200K  (LSIZE7)
     Size List 8.   History points of distributed lines.                                               112     2000K  (LPAST)
     Size List 9.   Number of nonlinear elements.                                                       18     10000  (LNONL)
     Size List 10.  Points of nonlinear characteristics.                                                48     16000  (LCHAR)
     Size List 11.  Number of Type-59 S.M. outputs.                                                      0      3000  (LSMOUT)
     Size List 12.  Total number of EMTP output variables.                                              49     12000  (LSIZ12)
     Size List 13.  Working space for batch/SPY plotting.                                            -9999     1000K  (LSIZ13)
     Size List 14.  S.M./U.M. connections to TACS.                                                   -9999      2000  (LBSTAC)
     Size List 15.  Character storage in bytes for MODELS.                                           -9999     2000K  (LCTACS)
     Size List 16.  Total number of Type-59 S.M. masses.                                                 0      3200  (LIMASS)
     Size List 17.  Number of Type-59 Synchronous machines.                                              0       360  (LSYN)
     Size List 18.  Branch and switch power/energy outputs.                                              9      1016  (MAXPE)
     Size List 19.  Total floating-point TACS table space.                                              23     2000K  (LTACST)
     Size List 20.  Non-copied recursive convolution data plus SEEK of MODELS.                           0     2000K  (LFSEM)
     Size List 21.  Total modal/phase [T] matrix storage.                                               36     12000  (LFD)
     Size List 22.  Total recursive convolution history.                                                 0     1000K  (LHIST)
     Size List 23.  Giant vectors for renumbering, phasors;  also extrema accumulation.                513     2000K  (LSIZ23)
     Size List 24.  Peak phases of compensation for data.                                                3        36  (LCOMP)
     Size List 25.  Total table space for all U.M usage.                                             -9999      240K  (LSPCUM)
     Size List 26.  Square of max number of coupled phases.                                              9     2000K  (LSIZ26)
     Size List 27.  Maximum number of MODELS top variables.                                          -9999      100K  (LSIZ27)
     Size List 28.  MODELS.  Total work space is divided into INTEGER and REAL.  1st, REAL:          -9999     2000K  (LRTACS)
                             Second  and last,  statistics for INTEGER work space.                       0         0  (LITACS)
     Size List 29.  RAM disk used by "TAPSAV" table saving (limit is "LABCOM" size LTLABL).          -9999  84700944  (LSIZ29)
     Size List 30.  ULM line or Noda line or User line circuits.                                           0        39  (LSIZ30)
Timing figures characterizing central processor (CP) solution speed.  ----------------------------   CP sec  Wait sec  Real sec
     Data input time (through blank card ending branches) ....                                       0.000     0.000     0.000
     Node renumbering and phasor solution  ....                                                      0.020     0.000     0.020
     After phasor solution, but before time-step loop  ....                                          0.000     0.000     0.000
     Integration of equations (time-step loop)  ....                                                 0.340     0.000     0.340
     Plotting or STATISTICS termination overlays ....                                                0.000     0.000     0.000
                                                                                                    ---------------------------
                                                                                          Totals      0.360     0.000     0.360

