source_file,simulation,terminal,phase,value_pu,time,dbscan_cluster,kmeans_cluster,sigma_flag,method_agreement,anomaly_candidate,anomaly_reasons
case.lis,1,T_MAN,A,1.2755384417405504,0.03282,0,0,false,0,false,""
case.lis,1,1_2LT,A,1.380626303504708,0.03279,0,0,false,0,false,""
case.lis,1,T_OPO,A,1.5153084480417476,0.03398,0,0,false,0,false,""
case.lis,2,T_MAN,A,1.125403853492727,0.04139,0,0,false,0,false,""
case.lis,2,1_2LT,A,1.7607765204966408,0.03557,0,1,false,1,true,kmeans_highest_centroid
case.lis,2,T_OPO,A,1.7538145495531476,0.0357,0,1,false,1,true,kmeans_highest_centroid
case.lis,3,T_MAN,A,1.4662591300797856,0.02599,0,0,false,0,false,""
case.lis,3,1_2LT,A,1.92731586747961,0.02611,0,1,false,1,true,kmeans_highest_centroid
case.lis,3,T_OPO,A,1.8009774843135689,0.02625,0,1,false,1,true,kmeans_highest_centroid
case.lis,4,T_MAN,A,1.454803021024699,0.0249,0,0,false,0,false,""
case.lis,4,1_2LT,A,1.9586735536089885,0.02502,0,1,false,1,true,kmeans_highest_centroid
case.lis,4,T_OPO,A,1.805647825199464,0.02493,0,1,false,1,true,kmeans_highest_centroid
case.lis,5,T_MAN,A,1.401833586268715,0.03305,0,0,false,0,false,""
case.lis,5,1_2LT,A,1.909125526948712,0.03301,0,1,false,1,true,kmeans_highest_centroid
case.lis,5,T_OPO,A,1.8274462135129619,0.03282,0,1,false,1,true,kmeans_highest_centroid
case.lis,6,T_MAN,A,1.3170212376971344,0.03456,0,0,false,0,false,""
case.lis,6,1_2LT,A,1.8187495850972248,0.03468,0,1,false,1,true,kmeans_highest_centroid
case.lis,6,T_OPO,A,1.800798299564241,0.03482,0,1,false,1,true,kmeans_highest_centroid
case.lis,7,T_MAN,A,1.3888188361422473,0.02523,0,0,false,0,false,""
case.lis,7,1_2LT,A,1.9489194777993735,0.02535,0,1,false,1,true,kmeans_highest_centroid
case.lis,7,T_OPO,A,1.8152818232647303,0.02549,0,1,false,1,true,kmeans_highest_centroid
case.lis,8,T_MAN,A,1.131439512944079,0.02423,0,0,false,0,false,""
case.lis,8,1_2LT,A,1.5163026172155807,0.02281,0,0,false,0,false,""
case.lis,8,T_OPO,A,1.5472418505995014,0.0242,0,1,false,1,true,kmeans_highest_centroid
case.lis,9,T_MAN,A,1.1854702645615343,0.03436,0,0,false,0,false,""
case.lis,9,1_2LT,A,1.64863015522245,0.02718,0,1,false,1,true,kmeans_highest_centroid
case.lis,9,T_OPO,A,1.6631477586375214,0.02701,0,1,false,1,true,kmeans_highest_centroid
case.lis,10,T_MAN,A,1.2988723696939037,0.03261,0,0,false,0,false,""
case.lis,10,1_2LT,A,1.9271680289677573,0.03273,0,1,false,1,true,kmeans_highest_centroid
case.lis,10,T_OPO,A,1.8213966293032295,0.03264,0,1,false,1,true,kmeans_highest_centroid
case.lis,11,T_MAN,A,1.203379305448317,0.04223,0,0,false,0,false,""
case.lis,11,1_2LT,A,1.5574776573746196,0.04221,0,1,false,1,true,kmeans_highest_centroid
case.lis,11,T_OPO,A,1.7276496534341526,0.0421,0,1,false,1,true,kmeans_highest_centroid
case.lis,12,T_MAN,A,1.094322914170594,0.03334,0,0,false,0,false,""
case.lis,12,1_2LT,A,1.538669826140206,0.03193,0,1,false,1,true,kmeans_highest_centroid
case.lis,12,T_OPO,A,1.651432634876683,0.03209,0,1,false,1,true,kmeans_highest_centroid
case.lis,13,T_MAN,A,1.1070103037887058,0.04204,0,0,false,0,false,""
case.lis,13,1_2LT,A,1.3037962760811879,0.03612,0,0,false,0,false,""
case.lis,13,T_OPO,A,1.5746205703027236,0.0363,0,1,false,1,true,kmeans_highest_centroid
case.lis,14,T_MAN,A,1.2835354952652271,0.03307,0,0,false,0,false,""
case.lis,14,1_2LT,A,1.4002863317269718,0.03268,0,0,false,0,false,""
case.lis,14,T_OPO,A,1.6732098919921545,0.03282,0,1,false,1,true,kmeans_highest_centroid
case.lis,15,T_MAN,A,1.3124810653460777,0.03359,0,0,false,0,false,""
case.lis,15,1_2LT,A,1.7759874686049504,0.03242,0,1,false,1,true,kmeans_highest_centroid
case.lis,15,T_OPO,A,1.8052885859580927,0.0338,0,1,false,1,true,kmeans_highest_centroid
case.lis,16,T_MAN,A,1.1583525652972655,0.03365,0,0,false,0,false,""
case.lis,16,1_2LT,A,1.4929529185193076,0.03229,0,0,false,0,false,""
case.lis,16,T_OPO,A,1.7035724593306532,0.03369,0,1,false,1,true,kmeans_highest_centroid
case.lis,17,T_MAN,A,1.1650339465906974,0.03268,0,0,false,0,false,""
case.lis,17,1_2LT,A,1.508192594762019,0.03273,0,0,false,0,false,""
case.lis,17,T_OPO,A,1.7038438989323463,0.03285,0,1,false,1,true,kmeans_highest_centroid
case.lis,18,T_MAN,A,1.2207859634175564,0.02434,0,0,false,0,false,""
case.lis,18,1_2LT,A,1.5189662486576674,0.02313,0,0,false,0,false,""
case.lis,18,T_OPO,A,1.753903281060021,0.0233,0,1,false,1,true,kmeans_highest_centroid
case.lis,19,T_MAN,A,1.2310025027290397,0.03363,0,0,false,0,false,""
case.lis,19,1_2LT,A,1.5001409515695308,0.03366,0,0,false,0,false,""
case.lis,19,T_OPO,A,1.624459082155187,0.03389,0,1,false,1,true,kmeans_highest_centroid
case.lis,20,T_MAN,A,1.1941956388615247,0.03308,0,0,false,0,false,""
case.lis,20,1_2LT,A,1.6960261632808826,0.02696,0,1,false,1,true,kmeans_highest_centroid
case.lis,20,T_OPO,A,1.6875143108176467,0.0271,0,1,false,1,true,kmeans_highest_centroid
case.lis,21,T_MAN,A,1.1729615626969125,0.02492,0,0,false,0,false,""
case.lis,21,1_2LT,A,1.4012453295703649,0.02498,0,0,false,0,false,""
case.lis,21,T_OPO,A,1.7760766616079589,0.02474,0,1,false,1,true,kmeans_highest_centroid
case.lis,22,T_MAN,A,1.239559448689617,0.04164,0,0,false,0,false,""
case.lis,22,1_2LT,A,1.6280151938727512,0.03577,0,1,false,1,true,kmeans_highest_centroid
case.lis,22,T_OPO,A,1.672009460670767,0.04157,0,1,false,1,true,kmeans_highest_centroid
case.lis,23,T_MAN,A,1.2122128739671807,0.02669,0,0,false,0,false,""
case.lis,23,1_2LT,A,1.7642853466102222,0.02681,0,1,false,1,true,kmeans_highest_centroid
case.lis,23,T_OPO,A,1.7415060305119943,0.03247,0,1,false,1,true,kmeans_highest_centroid
case.lis,24,T_MAN,A,1.286624164647621,0.03183,0,0,false,0,false,""
case.lis,24,1_2LT,A,1.7439519955270375,0.03318,0,1,false,1,true,kmeans_highest_centroid
case.lis,24,T_OPO,A,1.7424623303779831,0.03207,0,1,false,1,true,kmeans_highest_centroid
case.lis,25,T_MAN,A,1.1674934281175395,0.03395,0,0,false,0,false,""
case.lis,25,1_2LT,A,1.6024745689004856,0.03142,0,1,false,1,true,kmeans_highest_centroid
case.lis,25,T_OPO,A,1.7358798335063943,0.03159,0,1,false,1,true,kmeans_highest_centroid
case.lis,26,T_MAN,A,1.23208465791599,0.03285,0,0,false,0,false,""
case.lis,26,1_2LT,A,1.6803828731684372,0.03296,0,1,false,1,true,kmeans_highest_centroid
case.lis,26,T_OPO,A,1.7574394241948224,0.03285,0,1,false,1,true,kmeans_highest_centroid
case.lis,27,T_MAN,A,1.3870165517363793,0.03426,0,0,false,0,false,""
case.lis,27,1_2LT,A,1.8469130612281122,0.03436,0,1,false,1,true,kmeans_highest_centroid
case.lis,27,T_OPO,A,1.7686778579479396,0.0345,0,1,false,1,true,kmeans_highest_centroid
case.lis,28,T_MAN,A,1.2262814948924803,0.02468,0,0,false,0,false,""
case.lis,28,1_2LT,A,1.5481300531608047,0.02465,0,1,false,1,true,kmeans_highest_centroid
case.lis,28,T_OPO,A,1.796581023633927,0.02337,0,1,false,1,true,kmeans_highest_centroid
case.lis,29,T_MAN,A,1.3005722552073624,0.02467,0,0,false,0,false,""
case.lis,29,1_2LT,A,1.7873919255926232,0.02464,0,1,false,1,true,kmeans_highest_centroid
case.lis,29,T_OPO,A,1.7795706310959645,0.0248,0,1,false,1,true,kmeans_highest_centroid
case.lis,30,T_MAN,A,1.1639433158497299,0.03353,0,0,false,0,false,""
case.lis,30,1_2LT,A,1.2841651446169138,0.03355,0,0,false,0,false,""
case.lis,30,T_OPO,A,1.3702208968999885,0.03373,0,0,false,0,false,""
case.lis,31,T_MAN,A,1.32657129671539,0.03343,0,0,false,0,false,""
case.lis,31,1_2LT,A,1.9242187314181243,0.03338,0,1,false,1,true,kmeans_highest_centroid
case.lis,31,T_OPO,A,1.7968147625513635,0.03353,0,1,false,1,true,kmeans_highest_centroid
case.lis,32,T_MAN,A,1.3213921740905419,0.03294,0,0,false,0,false,""
case.lis,32,1_2LT,A,1.8811881395493313,0.03295,0,1,false,1,true,kmeans_highest_centroid
case.lis,32,T_OPO,A,1.7978627137747722,0.03306,0,1,false,1,true,kmeans_highest_centroid
case.lis,33,T_MAN,A,1.4686100091411736,0.02436,0,0,false,0,false,""
case.lis,33,1_2LT,A,1.8414443054039424,0.02442,0,1,false,1,true,kmeans_highest_centroid
case.lis,33,T_OPO,A,1.7964508284743115,0.02459,0,1,false,1,true,kmeans_highest_centroid
case.lis,34,T_MAN,A,1.1929860841165454,0.03328,0,0,false,0,false,""
case.lis,34,1_2LT,A,1.5349529806437872,0.03312,0,1,false,1,true,kmeans_highest_centroid
case.lis,34,T_OPO,A,1.749916939570631,0.03327,0,1,false,1,true,kmeans_highest_centroid
case.lis,35,T_MAN,A,1.1938857530818179,0.03346,0,0,false,0,false,""
case.lis,35,1_2LT,A,1.5365173549171525,0.03338,0,1,false,1,true,kmeans_highest_centroid
case.lis,35,T_OPO,A,1.7165400747268742,0.03328,0,1,false,1,true,kmeans_highest_centroid
case.lis,36,T_MAN,A,1.6239456233304046,0.03361,0,1,true,2,true,sigma_3;kmeans_highest_centroid
case.lis,36,1_2LT,A,1.8044978922051529,0.03371,0,1,false,1,true,kmeans_highest_centroid
case.lis,36,T_OPO,A,1.836915448583118,0.03349,0,1,false,1,true,kmeans_highest_centroid
case.lis,37,T_MAN,A,1.2931896482866956,0.02577,0,0,false,0,false,""
case.lis,37,1_2LT,A,1.8920321804804885,0.0259,0,1,false,1,true,kmeans_highest_centroid
case.lis,37,T_OPO,A,1.7889620774426014,0.02605,0,1,false,1,true,kmeans_highest_centroid
case.lis,38,T_MAN,A,1.1683223550502764,0.03334,0,0,false,0,false,""
case.lis,38,1_2LT,A,1.4690975798077692,0.03331,0,0,false,0,false,""
case.lis,38,T_OPO,A,1.6187617792450988,0.03343,0,1,false,1,true,kmeans_highest_centroid
case.lis,39,T_MAN,A,1.1764767432572751,0.04121,0,0,false,0,false,""
case.lis,39,1_2LT,A,1.3617118844129679,0.04108,0,0,false,0,false,""
case.lis,39,T_OPO,A,1.5848893740514922,0.04091,0,1,false,1,true,kmeans_highest_centroid
case.lis,40,T_MAN,A,1.2398819191139274,0.03229,0,0,false,0,false,""
case.lis,40,1_2LT,A,1.6009303229585454,0.0324,0,1,false,1,true,kmeans_highest_centroid
case.lis,40,T_OPO,A,1.6531452559084818,0.03228,0,1,false,1,true,kmeans_highest_centroid
case.lis,41,T_MAN,A,1.1721337096301818,0.04148,0,0,false,0,false,""
case.lis,41,1_2LT,A,1.4479301010854035,0.04166,0,0,false,0,false,""
case.lis,41,T_OPO,A,1.5969267019888709,0.04029,0,1,false,1,true,kmeans_highest_centroid
case.lis,42,T_MAN,A,1.1536944540589473,0.04103,0,0,false,0,false,""
case.lis,42,1_2LT,A,1.2308827001073868,0.04225,0,0,false,0,false,""
case.lis,42,T_OPO,A,1.3355930402832876,0.03655,0,0,false,0,false,""
case.lis,43,T_MAN,A,1.189015149498123,0.04203,0,0,false,0,false,""
case.lis,43,1_2LT,A,1.4834924607506412,0.03622,0,0,false,0,false,""
case.lis,43,T_OPO,A,1.60640593910026,0.03602,0,1,false,1,true,kmeans_highest_centroid
case.lis,44,T_MAN,A,1.1190972248107423,0.03362,0,0,false,0,false,""
case.lis,44,1_2LT,A,1.2091605474054157,0.0333,0,0,false,0,false,""
case.lis,44,T_OPO,A,1.308395457813041,0.03347,0,0,false,0,false,""
case.lis,45,T_MAN,A,1.1725476361635472,0.04133,0,0,false,0,false,""
case.lis,45,1_2LT,A,1.6897274865323002,0.03551,0,1,false,1,true,kmeans_highest_centroid
case.lis,45,T_OPO,A,1.7227067280811523,0.03565,0,1,false,1,true,kmeans_highest_centroid
case.lis,46,T_MAN,A,1.207336670305386,0.0336,0,0,false,0,false,""
case.lis,46,1_2LT,A,1.5611338605039182,0.02765,0,1,false,1,true,kmeans_highest_centroid
case.lis,46,T_OPO,A,1.745828252438386,0.02747,0,1,false,1,true,kmeans_highest_centroid
case.lis,47,T_MAN,A,1.391828412187048,0.02374,0,0,false,0,false,""
case.lis,47,1_2LT,A,1.7824761930118835,0.02383,0,1,false,1,true,kmeans_highest_centroid
case.lis,47,T_OPO,A,1.7475356993885176,0.02397,0,1,false,1,true,kmeans_highest_centroid
case.lis,48,T_MAN,A,1.2161644168730088,0.03245,0,0,false,0,false,""
case.lis,48,1_2LT,A,1.4857641311004022,0.03365,0,0,false,0,false,""
case.lis,48,T_OPO,A,1.6857695891796904,0.03227,0,1,false,1,true,kmeans_highest_centroid
case.lis,49,T_MAN,A,1.1727066215820443,0.03324,0,0,false,0,false,""
case.lis,49,1_2LT,A,1.578693788439522,0.02731,0,1,false,1,true,kmeans_highest_centroid
case.lis,49,T_OPO,A,1.6277835760625503,0.02746,0,1,false,1,true,kmeans_highest_centroid
case.lis,50,T_MAN,A,1.1170346477098254,0.03299,0,0,false,0,false,""
case.lis,50,1_2LT,A,1.2032537962494563,0.03435,0,0,false,0,false,""
case.lis,50,T_OPO,A,1.247909759755762,0.03277,0,0,false,0,false,""
case.lis,51,T_MAN,A,1.0790043220888026,0.02456,0,0,false,0,false,""
case.lis,51,1_2LT,A,1.2350602163706879,0.02471,0,0,false,0,false,""
case.lis,51,T_OPO,A,1.279019675710216,0.02457,0,0,false,0,false,""
case.lis,52,T_MAN,A,1.420911197493721,0.03422,0,0,false,0,false,""
case.lis,52,1_2LT,A,1.8399919681922663,0.03421,0,1,false,1,true,kmeans_highest_centroid
case.lis,52,T_OPO,A,1.8068490641390877,0.03447,0,1,false,1,true,kmeans_highest_centroid
case.lis,53,T_MAN,A,1.112615733468232,0.03303,0,0,false,0,false,""
case.lis,53,1_2LT,A,1.1926851797616194,0.03215,0,0,false,0,false,""
case.lis,53,T_OPO,A,1.2547836026873276,0.03233,0,0,false,0,false,""
case.lis,54,T_MAN,A,1.286083761548497,0.02515,0,0,false,0,false,""
case.lis,54,1_2LT,A,1.9941932248817416,0.02512,0,1,false,1,true,kmeans_highest_centroid
case.lis,54,T_OPO,A,1.820676713082528,0.02528,0,1,false,1,true,kmeans_highest_centroid
case.lis,55,T_MAN,A,1.2504887421567845,0.02518,0,0,false,0,false,""
case.lis,55,1_2LT,A,1.5841271066854816,0.02381,0,1,false,1,true,kmeans_highest_centroid
case.lis,55,T_OPO,A,1.6286145353532664,0.0252,0,1,false,1,true,kmeans_highest_centroid
case.lis,56,T_MAN,A,1.1420346920844537,0.03365,0,0,false,0,false,""
case.lis,56,1_2LT,A,1.4111281716765622,0.0335,0,0,false,0,false,""
case.lis,56,T_OPO,A,1.5550220541902962,0.03351,0,1,false,1,true,kmeans_highest_centroid
case.lis,57,T_MAN,A,1.2084852276862181,0.04166,0,0,false,0,false,""
case.lis,57,1_2LT,A,1.433560620179806,0.04302,0,0,false,0,false,""
case.lis,57,T_OPO,A,1.5952974431339138,0.04286,0,1,false,1,true,kmeans_highest_centroid
case.lis,58,T_MAN,A,1.175564853519352,0.03281,0,0,false,0,false,""
case.lis,58,1_2LT,A,1.2959805017882975,0.03289,0,0,false,0,false,""
case.lis,58,T_OPO,A,1.4430690025471036,0.03306,0,0,false,0,false,""
case.lis,59,T_MAN,A,1.5157555579222024,0.03353,0,0,false,0,false,""
case.lis,59,1_2LT,A,2.136716543748946,0.03365,0,1,false,1,true,kmeans_highest_centroid
case.lis,59,T_OPO,A,1.8504083619549685,0.03379,0,1,false,1,true,kmeans_highest_centroid
case.lis,60,T_MAN,A,1.2688383521038011,0.03429,0,0,false,0,false,""
case.lis,60,1_2LT,A,1.8786435474852898,0.03442,0,1,false,1,true,kmeans_highest_centroid
case.lis,60,T_OPO,A,1.7827925219876282,0.03457,0,1,false,1,true,kmeans_highest_centroid
case.lis,61,T_MAN,A,1.1550750729962636,0.03297,0,0,false,0,false,""
case.lis,61,1_2LT,A,1.6972477080504451,0.0271,0,1,false,1,true,kmeans_highest_centroid
case.lis,61,T_OPO,A,1.770646360836728,0.027,0,1,false,1,true,kmeans_highest_centroid
case.lis,62,T_MAN,A,1.547236250521402,0.03308,0,1,false,1,true,kmeans_highest_centroid
case.lis,62,1_2LT,A,2.0212557132334017,0.03313,0,1,false,1,true,kmeans_highest_centroid
case.lis,62,T_OPO,A,1.8071772766403082,0.03328,0,1,false,1,true,kmeans_highest_centroid
case.lis,63,T_MAN,A,1.4061082119687247,0.03225,0,0,false,0,false,""
case.lis,63,1_2LT,A,1.698710073928131,0.03238,0,1,false,1,true,kmeans_highest_centroid
case.lis,63,T_OPO,A,1.7944021583819236,0.03245,0,1,false,1,true,kmeans_highest_centroid
case.lis,64,T_MAN,A,1.1690277873922805,0.03374,0,0,false,0,false,""
case.lis,64,1_2LT,A,1.4701611597752868,0.03272,0,0,false,0,false,""
case.lis,64,T_OPO,A,1.655704376225849,0.03256,0,1,false,1,true,kmeans_highest_centroid
case.lis,65,T_MAN,A,1.5458129609414522,0.03289,0,1,false,1,true,kmeans_highest_centroid
case.lis,65,1_2LT,A,2.0267020598702485,0.03294,0,1,false,1,true,kmeans_highest_centroid
case.lis,65,T_OPO,A,1.83720838325479,0.03307,0,1,false,1,true,kmeans_highest_centroid
case.lis,66,T_MAN,A,1.1977126387816501,0.03414,0,0,false,0,false,""
case.lis,66,1_2LT,A,1.410912528732572,0.03376,0,0,false,0,false,""
case.lis,66,T_OPO,A,1.7309670207762011,0.03391,0,1,false,1,true,kmeans_highest_centroid
case.lis,67,T_MAN,A,1.1868225103614758,0.0252,0,0,false,0,false,""
case.lis,67,1_2LT,A,1.7044451840215837,0.02371,0,1,false,1,true,kmeans_highest_centroid
case.lis,67,T_OPO,A,1.7626278654916265,0.02371,0,1,false,1,true,kmeans_highest_centroid
case.lis,68,T_MAN,A,1.1614968449639234,0.04137,0,0,false,0,false,""
case.lis,68,1_2LT,A,1.3355394623570027,0.04012,0,0,false,0,false,""
case.lis,68,T_OPO,A,1.4418778455230437,0.04124,0,0,false,0,false,""
case.lis,69,T_MAN,A,1.329861906156536,0.02608,0,0,false,0,false,""
case.lis,69,1_2LT,A,1.8548771266540642,0.02621,0,1,false,1,true,kmeans_highest_centroid
case.lis,69,T_OPO,A,1.7504488937405147,0.02633,0,1,false,1,true,kmeans_highest_centroid
case.lis,70,T_MAN,A,1.4088661572459331,0.03301,0,0,false,0,false,""
case.lis,70,1_2LT,A,1.856394179823744,0.03307,0,1,false,1,true,kmeans_highest_centroid
case.lis,70,T_OPO,A,1.7982422588460822,0.03282,0,1,false,1,true,kmeans_highest_centroid
case.lis,71,T_MAN,A,1.6273854468968822,0.0253,0,1,true,2,true,sigma_3;kmeans_highest_centroid
case.lis,71,1_2LT,A,1.8877302377592589,0.02542,0,1,false,1,true,kmeans_highest_centroid
case.lis,71,T_OPO,A,1.8137248063047473,0.0252,0,1,false,1,true,kmeans_highest_centroid
case.lis,72,T_MAN,A,1.217230117947762,0.03271,0,0,false,0,false,""
case.lis,72,1_2LT,A,1.5302578964651172,0.03264,0,1,false,1,true,kmeans_highest_centroid
case.lis,72,T_OPO,A,1.7344626942499357,0.03404,0,1,false,1,true,kmeans_highest_centroid
case.lis,73,T_MAN,A,1.2900556457839667,0.02481,0,0,false,0,false,""
case.lis,73,1_2LT,A,1.7377051217196056,0.02378,0,1,false,1,true,kmeans_highest_centroid
case.lis,73,T_OPO,A,1.7470548559155816,0.02393,0,1,false,1,true,kmeans_highest_centroid
case.lis,74,T_MAN,A,1.5012735252092264,0.03251,0,0,false,0,false,""
case.lis,74,1_2LT,A,1.7200318787330158,0.03256,0,1,false,1,true,kmeans_highest_centroid
case.lis,74,T_OPO,A,1.7377248240545986,0.03251,0,1,false,1,true,kmeans_highest_centroid
case.lis,75,T_MAN,A,1.5970340885895082,0.02534,0,1,false,1,true,kmeans_highest_centroid
case.lis,75,1_2LT,A,2.076587147332641,0.02544,0,1,false,1,true,kmeans_highest_centroid
case.lis,75,T_OPO,A,1.8346182450721975,0.02559,0,1,false,1,true,kmeans_highest_centroid
case.lis,76,T_MAN,A,1.1338171942809978,0.04228,0,0,false,0,false,""
case.lis,76,1_2LT,A,1.9563111193943752,0.03504,0,1,false,1,true,kmeans_highest_centroid
case.lis,76,T_OPO,A,1.8096552180125491,0.03521,0,1,false,1,true,kmeans_highest_centroid
case.lis,77,T_MAN,A,1.2100262520301392,0.0327,0,0,false,0,false,""
case.lis,77,1_2LT,A,1.448970739370058,0.03137,0,0,false,0,false,""
case.lis,77,T_OPO,A,1.6373366703053862,0.03159,0,1,false,1,true,kmeans_highest_centroid
case.lis,78,T_MAN,A,1.225445503518908,0.03412,0,0,false,0,false,""
case.lis,78,1_2LT,A,1.5579153332090843,0.03275,0,1,false,1,true,kmeans_highest_centroid
case.lis,78,T_OPO,A,1.700351393807077,0.03277,0,1,false,1,true,kmeans_highest_centroid
case.lis,79,T_MAN,A,1.3862240741233793,0.02444,0,0,false,0,false,""
case.lis,79,1_2LT,A,1.6670836994240172,0.02436,0,1,false,1,true,kmeans_highest_centroid
case.lis,79,T_OPO,A,1.6656790649378312,0.02568,0,1,false,1,true,kmeans_highest_centroid
case.lis,80,T_MAN,A,1.2870568971484864,0.02458,0,0,false,0,false,""
case.lis,80,1_2LT,A,1.3854583455363563,0.0246,0,0,false,0,false,""
case.lis,80,T_OPO,A,1.6552422410962309,0.02344,0,1,false,1,true,kmeans_highest_centroid
case.lis,81,T_MAN,A,1.4911798326189019,0.02356,0,0,false,0,false,""
case.lis,81,1_2LT,A,1.9063663391819095,0.02365,0,1,false,1,true,kmeans_highest_centroid
case.lis,81,T_OPO,A,1.7797466208720503,0.02379,0,1,false,1,true,kmeans_highest_centroid
case.lis,82,T_MAN,A,1.108010570036476,0.03378,0,0,false,0,false,""
case.lis,82,1_2LT,A,1.3998547973410724,0.03371,0,0,false,0,false,""
case.lis,82,T_OPO,A,1.4112344222867133,0.03353,0,0,false,0,false,""
case.lis,83,T_MAN,A,1.5645393469829691,0.02468,0,1,false,1,true,kmeans_highest_centroid
case.lis,83,1_2LT,A,1.8627253121755105,0.02465,0,1,false,1,true,kmeans_highest_centroid
case.lis,83,T_OPO,A,1.790194893367768,0.02467,0,1,false,1,true,kmeans_highest_centroid
case.lis,84,T_MAN,A,1.2196612440870807,0.02458,0,0,false,0,false,""
case.lis,84,1_2LT,A,1.6319954382882045,0.02342,0,1,false,1,true,kmeans_highest_centroid
case.lis,84,T_OPO,A,1.69243048714467,0.02356,0,1,false,1,true,kmeans_highest_centroid
case.lis,85,T_MAN,A,1.3447177329889863,0.02676,0,0,false,0,false,""
case.lis,85,1_2LT,A,1.8675183045341994,0.02687,0,1,false,1,true,kmeans_highest_centroid
case.lis,85,T_OPO,A,1.7866796240581486,0.02701,0,1,false,1,true,kmeans_highest_centroid
case.lis,86,T_MAN,A,1.5057978114433292,0.02554,0,0,false,0,false,""
case.lis,86,1_2LT,A,2.0185481509092362,0.02566,0,1,false,1,true,kmeans_highest_centroid
case.lis,86,T_OPO,A,1.829123246092814,0.0258,0,1,false,1,true,kmeans_highest_centroid
case.lis,87,T_MAN,A,1.411083273427585,0.02647,0,0,false,0,false,""
case.lis,87,1_2LT,A,1.7603145273658332,0.02659,0,1,false,1,true,kmeans_highest_centroid
case.lis,87,T_OPO,A,1.7354036759942135,0.02643,0,1,false,1,true,kmeans_highest_centroid
case.lis,88,T_MAN,A,1.2039769429431029,0.02671,0,0,false,0,false,""
case.lis,88,1_2LT,A,1.8208684114770537,0.02683,0,1,false,1,true,kmeans_highest_centroid
case.lis,88,T_OPO,A,1.790371415639394,0.02666,0,1,false,1,true,kmeans_highest_centroid
case.lis,89,T_MAN,A,1.2255769234182665,0.03363,0,0,false,0,false,""
case.lis,89,1_2LT,A,1.4151721203084924,0.03243,0,0,false,0,false,""
case.lis,89,T_OPO,A,1.6465779174099415,0.03386,0,1,false,1,true,kmeans_highest_centroid
case.lis,90,T_MAN,A,1.624672133620881,0.03358,0,1,true,2,true,sigma_3;kmeans_highest_centroid
case.lis,90,1_2LT,A,1.8114800891042537,0.03369,0,1,false,1,true,kmeans_highest_centroid
case.lis,90,T_OPO,A,1.845019409462446,0.03344,0,1,false,1,true,kmeans_highest_centroid
case.lis,91,T_MAN,A,1.1551752354074034,0.02676,0,0,false,0,false,""
case.lis,91,1_2LT,A,1.9448371894885381,0.0267,0,1,false,1,true,kmeans_highest_centroid
case.lis,91,T_OPO,A,1.8193438767450323,0.02687,0,1,false,1,true,kmeans_highest_centroid
case.lis,92,T_MAN,A,1.1745126334566949,0.04229,0,0,false,0,false,""
case.lis,92,1_2LT,A,1.4301197227473221,0.04216,0,0,false,0,false,""
case.lis,92,T_OPO,A,1.5993434329987486,0.04202,0,1,false,1,true,kmeans_highest_centroid
case.lis,93,T_MAN,A,1.2294950256041604,0.03337,0,0,false,0,false,""
case.lis,93,1_2LT,A,1.7224928601222966,0.03208,0,1,false,1,true,kmeans_highest_centroid
case.lis,93,T_OPO,A,1.7448224304871445,0.03223,0,1,false,1,true,kmeans_highest_centroid
case.lis,94,T_MAN,A,1.2341028781383956,0.04144,0,0,false,0,false,""
case.lis,94,1_2LT,A,1.5985984717377992,0.04146,0,1,false,1,true,kmeans_highest_centroid
case.lis,94,T_OPO,A,1.7422941682863406,0.04162,0,1,false,1,true,kmeans_highest_centroid
case.lis,95,T_MAN,A,1.29788993317181,0.03406,0,0,false,0,false,""
case.lis,95,1_2LT,A,1.8947953708387693,0.03419,0,1,false,1,true,kmeans_highest_centroid
case.lis,95,T_OPO,A,1.790162704012354,0.03434,0,1,false,1,true,kmeans_highest_centroid
case.lis,96,T_MAN,A,1.148235842274821,0.04167,0,0,false,0,false,""
case.lis,96,1_2LT,A,1.4335326641639377,0.04031,0,0,false,0,false,""
case.lis,96,T_OPO,A,1.6377375151983102,0.03884,0,1,false,1,true,kmeans_highest_centroid
case.lis,97,T_MAN,A,1.1833012061023989,0.04133,0,0,false,0,false,""
case.lis,97,1_2LT,A,1.7832980732536365,0.03548,0,1,false,1,true,kmeans_highest_centroid
case.lis,97,T_OPO,A,1.7655593599403605,0.03564,0,1,false,1,true,kmeans_highest_centroid
case.lis,98,T_MAN,A,1.254215003949342,0.03249,0,0,false,0,false,""
case.lis,98,1_2LT,A,1.6544340814895675,0.03253,0,1,false,1,true,kmeans_highest_centroid
case.lis,98,T_OPO,A,1.7311859119429873,0.03373,0,1,false,1,true,kmeans_highest_centroid
case.lis,99,T_MAN,A,1.315739121559857,0.0341,0,0,false,0,false,""
case.lis,99,1_2LT,A,1.9007456091305235,0.03422,0,1,false,1,true,kmeans_highest_centroid
case.lis,99,T_OPO,A,1.8185590315681108,0.03401,0,1,false,1,true,kmeans_highest_centroid
case.lis,100,T_MAN,A,1.2110008608677902,0.03298,0,0,false,0,false,""
case.lis,100,1_2LT,A,1.51262586863335,0.03161,0,0,false,0,false,""
case.lis,100,T_OPO,A,1.770394233073298,0.03179,0,1,false,1,true,kmeans_highest_centroid
case.lis,101,T_MAN,A,1.4668360889977548,0.03421,0,0,false,0,false,""
case.lis,101,1_2LT,A,1.8797583712736408,0.03416,0,1,false,1,true,kmeans_highest_centroid
case.lis,101,T_OPO,A,1.810421248347045,0.03391,0,1,false,1,true,kmeans_highest_centroid
case.lis,102,T_MAN,A,1.177716463874615,0.03271,0,0,false,0,false,""
case.lis,102,1_2LT,A,1.5729347870461585,0.0314,0,1,false,1,true,kmeans_highest_centroid
case.lis,102,T_OPO,A,1.7811964731045378,0.03274,0,1,false,1,true,kmeans_highest_centroid
case.lis,103,T_MAN,A,1.148429759400765,0.02577,0,0,false,0,false,""
case.lis,103,1_2LT,A,1.5150380290565066,0.02441,0,0,false,0,false,""
case.lis,103,T_OPO,A,1.6721135635489053,0.02456,0,1,false,1,true,kmeans_highest_centroid
case.lis,104,T_MAN,A,1.2752446107013853,0.0332,0,0,false,0,false,""
case.lis,104,1_2LT,A,1.5672734897095235,0.03188,0,1,false,1,true,kmeans_highest_centroid
case.lis,104,T_OPO,A,1.7399112418683493,0.03203,0,1,false,1,true,kmeans_highest_centroid
case.lis,105,T_MAN,A,1.3601827347195967,0.02504,0,0,false,0,false,""
case.lis,105,1_2LT,A,1.7055976818694143,0.02519,0,1,false,1,true,kmeans_highest_centroid
case.lis,105,T_OPO,A,1.7560611304880323,0.0253,0,1,false,1,true,kmeans_highest_centroid
case.lis,106,T_MAN,A,1.2181612041499152,0.02465,0,0,false,0,false,""
case.lis,106,1_2LT,A,1.8144388828243563,0.02472,0,1,false,1,true,kmeans_highest_centroid
case.lis,106,T_OPO,A,1.805273835831625,0.0249,0,1,false,1,true,kmeans_highest_centroid
case.lis,107,T_MAN,A,1.3033617774701136,0.03264,0,0,false,0,false,""
case.lis,107,1_2LT,A,1.624116545523931,0.03262,0,1,false,1,true,kmeans_highest_centroid
case.lis,107,T_OPO,A,1.6468328141501816,0.03251,0,1,false,1,true,kmeans_highest_centroid
case.lis,108,T_MAN,A,1.2196572769953051,0.03243,0,0,false,0,false,""
case.lis,108,1_2LT,A,1.5471654552393124,0.03255,0,1,false,1,true,kmeans_highest_centroid
case.lis,108,T_OPO,A,1.7213119980120166,0.03243,0,1,false,1,true,kmeans_highest_centroid
case.lis,109,T_MAN,A,1.242351411556928,0.02479,0,0,false,0,false,""
case.lis,109,1_2LT,A,1.4654314545115685,0.02481,0,0,false,0,false,""
case.lis,109,T_OPO,A,1.6534992056941522,0.02464,0,1,false,1,true,kmeans_highest_centroid
case.lis,110,T_MAN,A,1.1464514497191087,0.04144,0,0,false,0,false,""
case.lis,110,1_2LT,A,1.6127114317917588,0.03594,0,1,false,1,true,kmeans_highest_centroid
case.lis,110,T_OPO,A,1.666196845851416,0.03583,0,1,false,1,true,kmeans_highest_centroid
case.lis,111,T_MAN,A,1.4477525670722506,0.03237,0,0,false,0,false,""
case.lis,111,1_2LT,A,1.8496917560815427,0.03228,0,1,false,1,true,kmeans_highest_centroid
case.lis,111,T_OPO,A,1.7991347213717086,0.03207,0,1,false,1,true,kmeans_highest_centroid
case.lis,112,T_MAN,A,1.2597385890643167,0.03354,0,0,false,0,false,""
case.lis,112,1_2LT,A,1.565619176939393,0.03232,0,1,false,1,true,kmeans_highest_centroid
case.lis,112,T_OPO,A,1.7375051873940557,0.03377,0,1,false,1,true,kmeans_highest_centroid
case.lis,113,T_MAN,A,1.2220667926906112,0.03382,0,0,false,0,false,""
case.lis,113,1_2LT,A,1.7089598587111834,0.02703,0,1,false,1,true,kmeans_highest_centroid
case.lis,113,T_OPO,A,1.7143761370998518,0.02718,0,1,false,1,true,kmeans_highest_centroid
case.lis,114,T_MAN,A,1.098223239880366,0.04121,0,0,false,0,false,""
case.lis,114,1_2LT,A,1.3765809348846705,0.04255,0,0,false,0,false,""
case.lis,114,T_OPO,A,1.5464798494812606,0.04059,0,1,false,1,true,kmeans_highest_centroid
case.lis,115,T_MAN,A,1.353577580162766,0.03473,0,0,false,0,false,""
case.lis,115,1_2LT,A,1.8912675080096204,0.03485,0,1,false,1,true,kmeans_highest_centroid
case.lis,115,T_OPO,A,1.7534777106241737,0.035,0,1,false,1,true,kmeans_highest_centroid
case.lis,116,T_MAN,A,1.1912043274137578,0.03298,0,0,false,0,false,""
case.lis,116,1_2LT,A,1.5901964819794634,0.03299,0,1,false,1,true,kmeans_highest_centroid
case.lis,116,T_OPO,A,1.6465241531102177,0.03146,0,1,false,1,true,kmeans_highest_centroid
case.lis,117,T_MAN,A,1.315846756658413,0.0328,0,0,false,0,false,""
case.lis,117,1_2LT,A,1.737121160485281,0.03282,0,1,false,1,true,kmeans_highest_centroid
case.lis,117,T_OPO,A,1.7408855134588248,0.03265,0,1,false,1,true,kmeans_highest_centroid
case.lis,118,T_MAN,A,1.4110839834216389,0.02586,0,0,false,0,false,""
case.lis,118,1_2LT,A,1.867455825057465,0.02598,0,1,false,1,true,kmeans_highest_centroid
case.lis,118,T_OPO,A,1.7885152249349912,0.02611,0,1,false,1,true,kmeans_highest_centroid
case.lis,119,T_MAN,A,1.3226343441873674,0.0243,0,0,false,0,false,""
case.lis,119,1_2LT,A,1.8316204726785412,0.02426,0,1,false,1,true,kmeans_highest_centroid
case.lis,119,T_OPO,A,1.8274662974697589,0.02439,0,1,false,1,true,kmeans_highest_centroid
case.lis,120,T_MAN,A,1.2154448556493338,0.04076,0,0,false,0,false,""
case.lis,120,1_2LT,A,1.520798299564241,0.04068,0,0,false,0,false,""
case.lis,120,T_OPO,A,1.7249688046362612,0.03925,0,1,false,1,true,kmeans_highest_centroid
case.lis,121,T_MAN,A,1.324002680227553,0.02421,0,0,false,0,false,""
case.lis,121,1_2LT,A,1.7191214711076797,0.02558,0,1,false,1,true,kmeans_highest_centroid
case.lis,121,T_OPO,A,1.7289530250184153,0.02575,0,1,false,1,true,kmeans_highest_centroid
case.lis,122,T_MAN,A,1.4334707171827434,0.02542,0,0,false,0,false,""
case.lis,122,1_2LT,A,1.8523207930633583,0.02554,0,1,false,1,true,kmeans_highest_centroid
case.lis,122,T_OPO,A,1.8244718087986014,0.02568,0,1,false,1,true,kmeans_highest_centroid
case.lis,123,T_MAN,A,1.131050267579009,0.03294,0,0,false,0,false,""
case.lis,123,1_2LT,A,1.2639625655635134,0.03432,0,0,false,0,false,""
case.lis,123,T_OPO,A,1.4362208791501372,0.03438,0,0,false,0,false,""
case.lis,124,T_MAN,A,1.2019691685082137,0.03234,0,0,false,0,false,""
case.lis,124,1_2LT,A,1.3526634273187963,0.03237,0,0,false,0,false,""
case.lis,124,T_OPO,A,1.4649953850386503,0.03477,0,0,false,0,false,""
case.lis,125,T_MAN,A,1.3360686741748538,0.02414,0,0,false,0,false,""
case.lis,125,1_2LT,A,1.8348737541823088,0.02424,0,1,false,1,true,kmeans_highest_centroid
case.lis,125,T_OPO,A,1.759376891468534,0.02436,0,1,false,1,true,kmeans_highest_centroid
case.lis,126,T_MAN,A,1.4724988773219023,0.03392,0,0,false,0,false,""
case.lis,126,1_2LT,A,1.8797072073271386,0.03403,0,1,false,1,true,kmeans_highest_centroid
case.lis,126,T_OPO,A,1.7775705245968567,0.03391,0,1,false,1,true,kmeans_highest_centroid
case.lis,127,T_MAN,A,1.4705174969159633,0.02577,0,0,false,0,false,""
case.lis,127,1_2LT,A,2.0588161736645456,0.02588,0,1,false,1,true,kmeans_highest_centroid
case.lis,127,T_OPO,A,1.8237900370084401,0.02604,0,1,false,1,true,kmeans_highest_centroid
case.lis,128,T_MAN,A,1.2072701616123964,0.02458,0,0,false,0,false,""
case.lis,128,1_2LT,A,1.5093364218074674,0.02334,0,0,false,0,false,""
case.lis,128,T_OPO,A,1.6921269646866708,0.02468,0,1,false,1,true,kmeans_highest_centroid
case.lis,129,T_MAN,A,1.5380297665007054,0.025,0,1,false,1,true,kmeans_highest_centroid
case.lis,129,1_2LT,A,1.8879049850457503,0.0251,0,1,false,1,true,kmeans_highest_centroid
case.lis,129,T_OPO,A,1.7880810635710924,0.02524,0,1,false,1,true,kmeans_highest_centroid
case.lis,130,T_MAN,A,1.5096926613239616,0.02405,0,0,false,0,false,""
case.lis,130,1_2LT,A,2.016930873203937,0.0241,0,1,false,1,true,kmeans_highest_centroid
case.lis,130,T_OPO,A,1.8042158559422066,0.02427,0,1,false,1,true,kmeans_highest_centroid
case.lis,131,T_MAN,A,1.2576934955669747,0.04177,0,0,false,0,false,""
case.lis,131,1_2LT,A,1.7199591487171295,0.03452,0,1,false,1,true,kmeans_highest_centroid
case.lis,131,T_OPO,A,1.7653147581139008,0.03442,0,1,false,1,true,kmeans_highest_centroid
case.lis,132,T_MAN,A,1.1475538929861462,0.02456,0,0,false,0,false,""
case.lis,132,1_2LT,A,1.2141902961562698,0.02537,0,0,false,0,false,""
case.lis,132,T_OPO,A,1.2820622664785182,0.02558,0,0,false,0,false,""
case.lis,133,T_MAN,A,1.2894641142380432,0.0331,0,0,false,0,false,""
case.lis,133,1_2LT,A,1.6407418372871125,0.03191,0,1,false,1,true,kmeans_highest_centroid
case.lis,133,T_OPO,A,1.7278273649458187,0.03206,0,1,false,1,true,kmeans_highest_centroid
case.lis,134,T_MAN,A,1.1410690912963604,0.03256,0,0,false,0,false,""
case.lis,134,1_2LT,A,1.230390603228698,0.03249,0,0,false,0,false,""
case.lis,134,T_OPO,A,1.348468809073724,0.03388,0,0,false,0,false,""
case.lis,135,T_MAN,A,1.2430562936535405,0.03244,0,0,false,0,false,""
case.lis,135,1_2LT,A,1.841749496347968,0.03241,0,1,false,1,true,kmeans_highest_centroid
case.lis,135,T_OPO,A,1.765162082767557,0.03255,0,1,false,1,true,kmeans_highest_centroid
case.lis,136,T_MAN,A,1.1527075001996858,0.03224,0,0,false,0,false,""
case.lis,136,1_2LT,A,1.6615029686626375,0.02714,0,1,false,1,true,kmeans_highest_centroid
case.lis,136,T_OPO,A,1.7173443559910184,0.0325,0,1,false,1,true,kmeans_highest_centroid
case.lis,137,T_MAN,A,1.2062530063810715,0.02512,0,0,false,0,false,""
case.lis,137,1_2LT,A,1.4321909529007695,0.02502,0,0,false,0,false,""
case.lis,137,T_OPO,A,1.6480033192222017,0.02487,0,1,false,1,true,kmeans_highest_centroid
case.lis,138,T_MAN,A,1.1761793001233616,0.03327,0,0,false,0,false,""
case.lis,138,1_2LT,A,1.5351471906422784,0.03205,0,1,false,1,true,kmeans_highest_centroid
case.lis,138,T_OPO,A,1.6688956663737942,0.03192,0,1,false,1,true,kmeans_highest_centroid
case.lis,139,T_MAN,A,1.1386665424177072,0.04152,0,0,false,0,false,""
case.lis,139,1_2LT,A,1.6111512464833109,0.03562,0,1,false,1,true,kmeans_highest_centroid
case.lis,139,T_OPO,A,1.729975230082448,0.03579,0,1,false,1,true,kmeans_highest_centroid
case.lis,140,T_MAN,A,1.424339306158311,0.0248,0,0,false,0,false,""
case.lis,140,1_2LT,A,1.7768470939055885,0.02349,0,1,false,1,true,kmeans_highest_centroid
case.lis,140,T_OPO,A,1.773660019347338,0.0233,0,1,false,1,true,kmeans_highest_centroid
case.lis,141,T_MAN,A,1.1831549473273162,0.02508,0,0,false,0,false,""
case.lis,141,1_2LT,A,1.5063370519271901,0.02418,0,0,false,0,false,""
case.lis,141,T_OPO,A,1.6398303114211419,0.02434,0,1,false,1,true,kmeans_highest_centroid
case.lis,142,T_MAN,A,1.1188754759178892,0.03221,0,0,false,0,false,""
case.lis,142,1_2LT,A,1.5239301898346602,0.0322,0,1,false,1,true,kmeans_highest_centroid
case.lis,142,T_OPO,A,1.708306868304978,0.0337,0,1,false,1,true,kmeans_highest_centroid
case.lis,143,T_MAN,A,1.520309495282977,0.0338,0,0,false,0,false,""
case.lis,143,1_2LT,A,1.879727335658564,0.03392,0,1,false,1,true,kmeans_highest_centroid
case.lis,143,T_OPO,A,1.7771121346858718,0.03406,0,1,false,1,true,kmeans_highest_centroid
case.lis,144,T_MAN,A,1.3976871943697473,0.02495,0,0,false,0,false,""
case.lis,144,1_2LT,A,1.8911096319568323,0.02492,0,1,false,1,true,kmeans_highest_centroid
case.lis,144,T_OPO,A,1.8190007721185335,0.02498,0,1,false,1,true,kmeans_highest_centroid
case.lis,145,T_MAN,A,1.3126215554194733,0.03299,0,0,false,0,false,""
case.lis,145,1_2LT,A,1.7776874339927402,0.0331,0,1,false,1,true,kmeans_highest_centroid
case.lis,145,T_OPO,A,1.7631850422002717,0.03162,0,1,false,1,true,kmeans_highest_centroid
case.lis,146,T_MAN,A,1.1817142806428995,0.04104,0,0,false,0,false,""
case.lis,146,1_2LT,A,1.5784117788013525,0.03585,0,1,false,1,true,kmeans_highest_centroid
case.lis,146,T_OPO,A,1.737177338764788,0.03602,0,1,false,1,true,kmeans_highest_centroid
case.lis,147,T_MAN,A,1.358694054687292,0.0248,0,0,false,0,false,""
case.lis,147,1_2LT,A,1.7826466803340522,0.02482,0,1,false,1,true,kmeans_highest_centroid
case.lis,147,T_OPO,A,1.7599312193260381,0.02341,0,1,false,1,true,kmeans_highest_centroid
case.lis,148,T_MAN,A,1.3541455931556572,0.03234,0,0,false,0,false,""
case.lis,148,1_2LT,A,2.00337103401759,0.03246,0,1,false,1,true,kmeans_highest_centroid
case.lis,148,T_OPO,A,1.8040019436087222,0.0326,0,1,false,1,true,kmeans_highest_centroid
case.lis,149,T_MAN,A,1.227314048119847,0.03495,0,0,false,0,false,""
case.lis,149,1_2LT,A,1.667099612165748,0.03499,0,1,false,1,true,kmeans_highest_centroid
case.lis,149,T_OPO,A,1.735778464105363,0.03512,0,1,false,1,true,kmeans_highest_centroid
case.lis,150,T_MAN,A,1.1712930322958546,0.03322,0,0,false,0,false,""
case.lis,150,1_2LT,A,1.2407377193216007,0.03334,0,0,false,0,false,""
case.lis,150,T_OPO,A,1.350050808949475,0.03353,0,0,false,0,false,""
case.lis,151,T_MAN,A,1.360149719996095,0.02578,0,0,false,0,false,""
case.lis,151,1_2LT,A,1.8371361502347416,0.0259,0,1,false,1,true,kmeans_highest_centroid
case.lis,151,T_OPO,A,1.8068565013268014,0.02568,0,1,false,1,true,kmeans_highest_centroid
case.lis,152,T_MAN,A,1.2086515260434694,0.03359,0,0,false,0,false,""
case.lis,152,1_2LT,A,1.6413697471533677,0.03224,0,1,false,1,true,kmeans_highest_centroid
case.lis,152,T_OPO,A,1.696907727397783,0.03233,0,1,false,1,true,kmeans_highest_centroid
case.lis,153,T_MAN,A,1.442696628415737,0.03198,0,0,false,0,false,""
case.lis,153,1_2LT,A,1.7798855312086763,0.03209,0,1,false,1,true,kmeans_highest_centroid
case.lis,153,T_OPO,A,1.7506840437711335,0.03223,0,1,false,1,true,kmeans_highest_centroid
case.lis,154,T_MAN,A,1.1450098067928682,0.02492,0,0,false,0,false,""
case.lis,154,1_2LT,A,1.2074328389999733,0.02505,0,0,false,0,false,""
case.lis,154,T_OPO,A,1.4037086539400232,0.02372,0,0,false,0,false,""
case.lis,155,T_MAN,A,1.2272741109543208,0.03202,0,0,false,0,false,""
case.lis,155,1_2LT,A,1.8813632773325524,0.03212,0,1,false,1,true,kmeans_highest_centroid
case.lis,155,T_OPO,A,1.8170328017252855,0.03354,0,1,false,1,true,kmeans_highest_centroid
case.lis,156,T_MAN,A,1.420925122252101,0.02524,0,0,false,0,false,""
case.lis,156,1_2LT,A,1.8105627590368931,0.02401,0,1,false,1,true,kmeans_highest_centroid
case.lis,156,T_OPO,A,1.7736458194662619,0.02415,0,1,false,1,true,kmeans_highest_centroid
case.lis,157,T_MAN,A,1.2499693815064299,0.03441,0,0,false,0,false,""
case.lis,157,1_2LT,A,1.8690362984460005,0.03454,0,1,false,1,true,kmeans_highest_centroid
case.lis,157,T_OPO,A,1.7780335383441161,0.03469,0,1,false,1,true,kmeans_highest_centroid
case.lis,158,T_MAN,A,1.2966952439273323,0.02405,0,0,false,0,false,""
case.lis,158,1_2LT,A,1.8799123157343558,0.02397,0,1,false,1,true,kmeans_highest_centroid
case.lis,158,T_OPO,A,1.802711023545178,0.02413,0,1,false,1,true,kmeans_highest_centroid
case.lis,159,T_MAN,A,1.140336270933731,0.04047,0,0,false,0,false,""
case.lis,159,1_2LT,A,1.6095831802408653,0.03593,0,1,false,1,true,kmeans_highest_centroid
case.lis,159,T_OPO,A,1.7046955279249536,0.03571,0,1,false,1,true,kmeans_highest_centroid
case.lis,160,T_MAN,A,1.2697294035162454,0.02536,0,0,false,0,false,""
case.lis,160,1_2LT,A,1.643272096346193,0.02528,0,1,false,1,true,kmeans_highest_centroid
case.lis,160,T_OPO,A,1.7438137330599857,0.02525,0,1,false,1,true,kmeans_highest_centroid
case.lis,161,T_MAN,A,1.266273152462348,0.02498,0,0,false,0,false,""
case.lis,161,1_2LT,A,1.5311805426129554,0.02469,0,1,false,1,true,kmeans_highest_centroid
case.lis,161,T_OPO,A,1.7788983554762727,0.02487,0,1,false,1,true,kmeans_highest_centroid
case.lis,162,T_MAN,A,1.0951258020714076,0.04148,0,0,false,0,false,""
case.lis,162,1_2LT,A,1.5956633651943164,0.03555,0,1,false,1,true,kmeans_highest_centroid
case.lis,162,T_OPO,A,1.596364564196775,0.03569,0,1,false,1,true,kmeans_highest_centroid
case.lis,163,T_MAN,A,1.4410251604142814,0.03318,0,0,false,0,false,""
case.lis,163,1_2LT,A,1.9716246083939049,0.03328,0,1,false,1,true,kmeans_highest_centroid
case.lis,163,T_OPO,A,1.8044936233659044,0.03344,0,1,false,1,true,kmeans_highest_centroid
case.lis,164,T_MAN,A,1.2968235487277795,0.03319,0,0,false,0,false,""
case.lis,164,1_2LT,A,1.558158124550707,0.03285,0,1,false,1,true,kmeans_highest_centroid
case.lis,164,T_OPO,A,1.7775466954214256,0.03303,0,1,false,1,true,kmeans_highest_centroid
case.lis,165,T_MAN,A,1.4190659140729696,0.02505,0,0,false,0,false,""
case.lis,165,1_2LT,A,1.8348238771000294,0.02494,0,1,false,1,true,kmeans_highest_centroid
case.lis,165,T_OPO,A,1.7924380308314918,0.02365,0,1,false,1,true,kmeans_highest_centroid
case.lis,166,T_MAN,A,1.2310821196872477,0.04228,0,0,false,0,false,""
case.lis,166,1_2LT,A,1.3998258739583056,0.0409,0,0,false,0,false,""
case.lis,166,T_OPO,A,1.5246736246083938,0.04214,0,1,false,1,true,kmeans_highest_centroid
case.lis,167,T_MAN,A,1.212359576488547,0.0245,0,0,false,0,false,""
case.lis,167,1_2LT,A,1.513474444651526,0.02453,0,0,false,0,false,""
case.lis,167,T_OPO,A,1.577588860193296,0.0247,0,1,false,1,true,kmeans_highest_centroid
case.lis,168,T_MAN,A,1.2142131047152482,0.02451,0,0,false,0,false,""
case.lis,168,1_2LT,A,1.4466837952732146,0.02446,0,0,false,0,false,""
case.lis,168,T_OPO,A,1.5756254603867692,0.02428,0,1,false,1,true,kmeans_highest_centroid
case.lis,169,T_MAN,A,1.222855862332153,0.03303,0,0,false,0,false,""
case.lis,169,1_2LT,A,1.7191027450145104,0.027,0,1,false,1,true,kmeans_highest_centroid
case.lis,169,T_OPO,A,1.7352070165162368,0.03288,0,1,false,1,true,kmeans_highest_centroid
case.lis,170,T_MAN,A,1.1466922974520088,0.03322,0,0,false,0,false,""
case.lis,170,1_2LT,A,1.2700858915306583,0.03178,0,0,false,0,false,""
case.lis,170,T_OPO,A,1.5460079874331052,0.03044,0,1,false,1,true,kmeans_highest_centroid
case.lis,171,T_MAN,A,1.1429596279631158,0.0326,0,0,false,0,false,""
case.lis,171,1_2LT,A,1.3419249980031418,0.03379,0,0,false,0,false,""
case.lis,171,T_OPO,A,1.5563340522023128,0.03244,0,1,false,1,true,kmeans_highest_centroid
case.lis,172,T_MAN,A,1.2066742103534882,0.04228,0,0,false,0,false,""
case.lis,172,1_2LT,A,1.5754104209377247,0.04092,0,1,false,1,true,kmeans_highest_centroid
case.lis,172,T_OPO,A,1.666086335276942,0.04107,0,1,false,1,true,kmeans_highest_centroid
case.lis,173,T_MAN,A,1.3712263372294258,0.02547,0,0,false,0,false,""
case.lis,173,1_2LT,A,1.9295366401306389,0.02541,0,1,false,1,true,kmeans_highest_centroid
case.lis,173,T_OPO,A,1.7784456455177189,0.02559,0,1,false,1,true,kmeans_highest_centroid
case.lis,174,T_MAN,A,1.2818296546766421,0.02647,0,0,false,0,false,""
case.lis,174,1_2LT,A,1.8644942623605527,0.02659,0,1,false,1,true,kmeans_highest_centroid
case.lis,174,T_OPO,A,1.7774624812517197,0.02673,0,1,false,1,true,kmeans_highest_centroid
case.lis,175,T_MAN,A,1.3269864302386467,0.02521,0,0,false,0,false,""
case.lis,175,1_2LT,A,1.9185012913016855,0.02534,0,1,false,1,true,kmeans_highest_centroid
case.lis,175,T_OPO,A,1.7978778277731924,0.02549,0,1,false,1,true,kmeans_highest_centroid
case.lis,176,T_MAN,A,1.3408070857406569,0.02377,0,0,false,0,false,""
case.lis,176,1_2LT,A,1.851002955350249,0.02383,0,1,false,1,true,kmeans_highest_centroid
case.lis,176,T_OPO,A,1.809148362132467,0.02396,0,1,false,1,true,kmeans_highest_centroid
case.lis,177,T_MAN,A,1.1892886747073494,0.04187,0,0,false,0,false,""
case.lis,177,1_2LT,A,1.4225957382606922,0.04049,0,0,false,0,false,""
case.lis,177,T_OPO,A,1.5632875387168632,0.04163,0,1,false,1,true,kmeans_highest_centroid
case.lis,178,T_MAN,A,1.3868525342350257,0.03342,0,0,false,0,false,""
case.lis,178,1_2LT,A,1.7630069224420246,0.03218,0,1,false,1,true,kmeans_highest_centroid
case.lis,178,T_OPO,A,1.7639126174818287,0.03203,0,1,false,1,true,kmeans_highest_centroid
case.lis,179,T_MAN,A,1.4212755043176513,0.02409,0,0,false,0,false,""
case.lis,179,1_2LT,A,2.0530489807147863,0.02414,0,1,false,1,true,kmeans_highest_centroid
case.lis,179,T_OPO,A,1.8248473069038047,0.02428,0,1,false,1,true,kmeans_highest_centroid
case.lis,180,T_MAN,A,1.1717439228946458,0.0249,0,0,false,0,false,""
case.lis,180,1_2LT,A,1.4616688410234564,0.02458,0,0,false,0,false,""
case.lis,180,T_OPO,A,1.5895381488680034,0.02466,0,1,false,1,true,kmeans_highest_centroid
case.lis,181,T_MAN,A,1.2441826637201912,0.02521,0,0,false,0,false,""
case.lis,181,1_2LT,A,1.7547914836213248,0.02396,0,1,false,1,true,kmeans_highest_centroid
case.lis,181,T_OPO,A,1.731441465427727,0.0241,0,1,false,1,true,kmeans_highest_centroid
case.lis,182,T_MAN,A,1.2300073484384568,0.03307,0,0,false,0,false,""
case.lis,182,1_2LT,A,1.6710803447021132,0.02726,0,1,false,1,true,kmeans_highest_centroid
case.lis,182,T_OPO,A,1.6917409054199173,0.02739,0,1,false,1,true,kmeans_highest_centroid
case.lis,183,T_MAN,A,1.1738813511186845,0.03378,0,0,false,0,false,""
case.lis,183,1_2LT,A,1.7146885344835237,0.02704,0,1,false,1,true,kmeans_highest_centroid
case.lis,183,T_OPO,A,1.7296149169750703,0.02682,0,1,false,1,true,kmeans_highest_centroid
case.lis,184,T_MAN,A,1.1827179459872021,0.02482,0,0,false,0,false,""
case.lis,184,1_2LT,A,1.552863317269718,0.02479,0,1,false,1,true,kmeans_highest_centroid
case.lis,184,T_OPO,A,1.768897645482219,0.02496,0,1,false,1,true,kmeans_highest_centroid
case.lis,185,T_MAN,A,1.375022054190296,0.02592,0,0,false,0,false,""
case.lis,185,1_2LT,A,1.8527895666373793,0.02603,0,1,false,1,true,kmeans_highest_centroid
case.lis,185,T_OPO,A,1.7744173167549722,0.02617,0,1,false,1,true,kmeans_highest_centroid
case.lis,186,T_MAN,A,1.2308604240439487,0.02451,0,0,false,0,false,""
case.lis,186,1_2LT,A,1.625076368735412,0.02462,0,1,false,1,true,kmeans_highest_centroid
case.lis,186,T_OPO,A,1.7455927119110377,0.02476,0,1,false,1,true,kmeans_highest_centroid
case.lis,187,T_MAN,A,1.1988068638675151,0.0324,0,0,false,0,false,""
case.lis,187,1_2LT,A,1.3897737426449053,0.03148,0,0,false,0,false,""
case.lis,187,T_OPO,A,1.5370968964384923,0.03162,0,1,false,1,true,kmeans_highest_centroid
case.lis,188,T_MAN,A,1.1891316506474259,0.03349,0,0,false,0,false,""
case.lis,188,1_2LT,A,1.588455203812668,0.03356,0,1,false,1,true,kmeans_highest_centroid
case.lis,188,T_OPO,A,1.6450337069677041,0.03343,0,1,false,1,true,kmeans_highest_centroid
case.lis,189,T_MAN,A,1.4470317811088333,0.02375,0,0,false,0,false,""
case.lis,189,1_2LT,A,1.8906898479725234,0.02372,0,1,false,1,true,kmeans_highest_centroid
case.lis,189,T_OPO,A,1.7558288736831829,0.02388,0,1,false,1,true,kmeans_highest_centroid
case.lis,190,T_MAN,A,1.1664767432572754,0.04133,0,0,false,0,false,""
case.lis,190,1_2LT,A,1.387383228165464,0.04124,0,0,false,0,false,""
case.lis,190,T_OPO,A,1.5091188973792344,0.04253,0,0,false,0,false,""
case.lis,191,T_MAN,A,1.3586248302670465,0.02546,0,0,false,0,false,""
case.lis,191,1_2LT,A,1.894414210530987,0.02554,0,1,false,1,true,kmeans_highest_centroid
case.lis,191,T_OPO,A,1.8354680192053392,0.02571,0,1,false,1,true,kmeans_highest_centroid
case.lis,192,T_MAN,A,1.3603421283846746,0.02505,0,0,false,0,false,""
case.lis,192,1_2LT,A,1.737124790329881,0.02381,0,1,false,1,true,kmeans_highest_centroid
case.lis,192,T_OPO,A,1.7275700453508702,0.02397,0,1,false,1,true,kmeans_highest_centroid
case.lis,193,T_MAN,A,1.3065790622753535,0.03313,0,0,false,0,false,""
case.lis,193,1_2LT,A,1.9855881945738705,0.03196,0,1,false,1,true,kmeans_highest_centroid
case.lis,193,T_OPO,A,1.7971564205649777,0.0321,0,1,false,1,true,kmeans_highest_centroid
case.lis,194,T_MAN,A,1.3505005458079289,0.02631,0,0,false,0,false,""
case.lis,194,1_2LT,A,1.7736366782928192,0.02643,0,1,false,1,true,kmeans_highest_centroid
case.lis,194,T_OPO,A,1.8137725534048654,0.02637,0,1,false,1,true,kmeans_highest_centroid
case.lis,195,T_MAN,A,1.2482800571545212,0.03442,0,0,false,0,false,""
case.lis,195,1_2LT,A,1.868194005875201,0.03455,0,1,false,1,true,kmeans_highest_centroid
case.lis,195,T_OPO,A,1.7776084826539575,0.0347,0,1,false,1,true,kmeans_highest_centroid
case.lis,196,T_MAN,A,1.1926349654321644,0.04116,0,0,false,0,false,""
case.lis,196,1_2LT,A,1.7201975292206926,0.03533,0,1,false,1,true,kmeans_highest_centroid
case.lis,196,T_OPO,A,1.7232354872777942,0.03548,0,1,false,1,true,kmeans_highest_centroid
case.lis,197,T_MAN,A,1.2855328061627485,0.02433,0,0,false,0,false,""
case.lis,197,1_2LT,A,1.8800562670287637,0.02429,0,1,false,1,true,kmeans_highest_centroid
case.lis,197,T_OPO,A,1.775399327280634,0.02444,0,1,false,1,true,kmeans_highest_centroid
case.lis,198,T_MAN,A,1.4494083087054146,0.03433,0,0,false,0,false,""
case.lis,198,1_2LT,A,1.8461974848460645,0.03444,0,1,false,1,true,kmeans_highest_centroid
case.lis,198,T_OPO,A,1.7538339323908163,0.03457,0,1,false,1,true,kmeans_highest_centroid
case.lis,199,T_MAN,A,1.1737898595099265,0.04174,0,0,false,0,false,""
case.lis,199,1_2LT,A,1.3452522697622407,0.04191,0,0,false,0,false,""
case.lis,199,T_OPO,A,1.5216488724406931,0.04056,0,0,false,0,false,""
case.lis,200,T_MAN,A,1.43520871162704,0.03254,0,0,false,0,false,""
case.lis,200,1_2LT,A,2.0328564214524705,0.0326,0,1,false,1,true,kmeans_highest_centroid
case.lis,200,T_OPO,A,1.832749309974529,0.03273,0,1,false,1,true,kmeans_highest_centroid
case.lis,201,T_MAN,A,1.1730733956353117,0.0334,0,0,false,0,false,""
case.lis,201,1_2LT,A,1.490625061015114,0.02762,0,0,false,0,false,""
case.lis,201,T_OPO,A,1.7169115968653763,0.03326,0,1,false,1,true,kmeans_highest_centroid
case.lis,202,T_MAN,A,1.454057562767912,0.03453,0,0,false,0,false,""
case.lis,202,1_2LT,A,1.8788234688534484,0.03463,0,1,false,1,true,kmeans_highest_centroid
case.lis,202,T_OPO,A,1.8053121932603815,0.03476,0,1,false,1,true,kmeans_highest_centroid
case.lis,203,T_MAN,A,1.4903609787268033,0.03416,0,0,false,0,false,""
case.lis,203,1_2LT,A,1.8308930038960922,0.03428,0,1,false,1,true,kmeans_highest_centroid
case.lis,203,T_OPO,A,1.7638805967500022,0.03442,0,1,false,1,true,kmeans_highest_centroid
case.lis,204,T_MAN,A,1.3222395874934547,0.02494,0,0,false,0,false,""
case.lis,204,1_2LT,A,1.9239727717280368,0.02507,0,1,false,1,true,kmeans_highest_centroid
case.lis,204,T_OPO,A,1.797045714742139,0.02522,0,1,false,1,true,kmeans_highest_centroid
case.lis,205,T_MAN,A,1.2860353932035817,0.02505,0,0,false,0,false,""
case.lis,205,1_2LT,A,1.51764104475625,0.02543,0,0,false,0,false,""
case.lis,205,T_OPO,A,1.6960288257585843,0.02536,0,1,false,1,true,kmeans_highest_centroid
case.lis,206,T_MAN,A,1.3213205356905138,0.03351,0,0,false,0,false,""
case.lis,206,1_2LT,A,1.8936571616212714,0.03353,0,1,false,1,true,kmeans_highest_centroid
case.lis,206,T_OPO,A,1.815529238442628,0.03371,0,1,false,1,true,kmeans_highest_centroid
case.lis,207,T_MAN,A,1.220285000488121,0.03238,0,0,false,0,false,""
case.lis,207,1_2LT,A,1.8086447722250325,0.03234,0,1,false,1,true,kmeans_highest_centroid
case.lis,207,T_OPO,A,1.7584538725738172,0.03248,0,1,false,1,true,kmeans_highest_centroid
case.lis,208,T_MAN,A,1.2008356630013224,0.03263,0,0,false,0,false,""
case.lis,208,1_2LT,A,1.5432193260381444,0.03121,0,1,false,1,true,kmeans_highest_centroid
case.lis,208,T_OPO,A,1.736017803100899,0.03126,0,1,false,1,true,kmeans_highest_centroid
case.lis,209,T_MAN,A,1.3271243465835976,0.02518,0,0,false,0,false,""
case.lis,209,1_2LT,A,1.9193151219858535,0.02531,0,1,false,1,true,kmeans_highest_centroid
case.lis,209,T_OPO,A,1.7979347160467531,0.02546,0,1,false,1,true,kmeans_highest_centroid
case.lis,210,T_MAN,A,1.1687107395475564,0.04202,0,0,false,0,false,""
case.lis,210,1_2LT,A,1.5770678133070635,0.04067,0,1,false,1,true,kmeans_highest_centroid
case.lis,210,T_OPO,A,1.7521366383556538,0.04076,0,1,false,1,true,kmeans_highest_centroid
case.lis,211,T_MAN,A,1.4248983111016444,0.03386,0,0,false,0,false,""
case.lis,211,1_2LT,A,1.987315618981691,0.03398,0,1,false,1,true,kmeans_highest_centroid
case.lis,211,T_OPO,A,1.8120680706799082,0.03412,0,1,false,1,true,kmeans_highest_centroid
case.lis,212,T_MAN,A,1.1543527072960764,0.04138,0,0,false,0,false,""
case.lis,212,1_2LT,A,1.55343629134606,0.03558,0,1,false,1,true,kmeans_highest_centroid
case.lis,212,T_OPO,A,1.7547934183551213,0.03559,0,1,false,1,true,kmeans_highest_centroid
case.lis,213,T_MAN,A,1.1039419757359532,0.04197,0,0,false,0,false,""
case.lis,213,1_2LT,A,1.3521532344666614,0.04061,0,0,false,0,false,""
case.lis,213,T_OPO,A,1.5031654197396098,0.04079,0,0,false,0,false,""
case.lis,214,T_MAN,A,1.0714384479529984,0.04097,0,0,false,0,false,""
case.lis,214,1_2LT,A,1.1577751448831617,0.04215,0,0,false,0,false,""
case.lis,214,T_OPO,A,1.1731408361954967,0.04218,0,0,false,0,false,""
case.lis,215,T_MAN,A,1.1651889205427903,0.0337,0,0,false,0,false,""
case.lis,215,1_2LT,A,1.5100588141324316,0.03123,0,0,false,0,false,""
case.lis,215,T_OPO,A,1.7686129822412737,0.0326,0,1,false,1,true,kmeans_highest_centroid
case.lis,216,T_MAN,A,1.3027328558623321,0.04148,0,0,false,0,false,""
case.lis,216,1_2LT,A,1.8130316746097253,0.04015,0,1,false,1,true,kmeans_highest_centroid
case.lis,216,T_OPO,A,1.756182805719002,0.04028,0,1,false,1,true,kmeans_highest_centroid
case.lis,217,T_MAN,A,1.2220418985241,0.0322,0,0,false,0,false,""
case.lis,217,1_2LT,A,1.5489640565510263,0.03223,0,1,false,1,true,kmeans_highest_centroid
case.lis,217,T_OPO,A,1.6842125988444845,0.03241,0,1,false,1,true,kmeans_highest_centroid
case.lis,218,T_MAN,A,1.1758460111646565,0.03256,0,0,false,0,false,""
case.lis,218,1_2LT,A,1.6099435377228717,0.0339,0,1,false,1,true,kmeans_highest_centroid
case.lis,218,T_OPO,A,1.7586946581822376,0.03245,0,1,false,1,true,kmeans_highest_centroid
case.lis,219,T_MAN,A,1.3054787578654028,0.02391,0,0,false,0,false,""
case.lis,219,1_2LT,A,1.5360151583730486,0.02406,0,1,false,1,true,kmeans_highest_centroid
case.lis,219,T_OPO,A,1.7611933225059242,0.02413,0,1,false,1,true,kmeans_highest_centroid
case.lis,220,T_MAN,A,1.192819439637193,0.0325,0,0,false,0,false,""
case.lis,220,1_2LT,A,1.4823367324298657,0.03251,0,0,false,0,false,""
case.lis,220,T_OPO,A,1.6019142415932266,0.03115,0,1,false,1,true,kmeans_highest_centroid
case.lis,221,T_MAN,A,1.2809316896970988,0.02663,0,0,false,0,false,""
case.lis,221,1_2LT,A,1.8183624874641675,0.02675,0,1,false,1,true,kmeans_highest_centroid
case.lis,221,T_OPO,A,1.7624714005520203,0.02689,0,1,false,1,true,kmeans_highest_centroid
case.lis,222,T_MAN,A,1.584280554150359,0.02477,0,1,false,1,true,kmeans_highest_centroid
case.lis,222,1_2LT,A,1.8927352520922638,0.02489,0,1,false,1,true,kmeans_highest_centroid
case.lis,222,T_OPO,A,1.7986219015415748,0.02461,0,1,false,1,true,kmeans_highest_centroid
case.lis,223,T_MAN,A,1.2607653735899962,0.02641,0,0,false,0,false,""
case.lis,223,1_2LT,A,1.8224258721833206,0.02653,0,1,false,1,true,kmeans_highest_centroid
case.lis,223,T_OPO,A,1.739638258029589,0.02667,0,1,false,1,true,kmeans_highest_centroid
case.lis,224,T_MAN,A,1.362881067121063,0.02599,0,0,false,0,false,""
case.lis,224,1_2LT,A,1.9074321290059197,0.0261,0,1,false,1,true,kmeans_highest_centroid
case.lis,224,T_OPO,A,1.8191372684753764,0.02625,0,1,false,1,true,kmeans_highest_centroid
case.lis,225,T_MAN,A,1.1302838112480809,0.03389,0,0,false,0,false,""
case.lis,225,1_2LT,A,1.2631688188361423,0.03256,0,0,false,0,false,""
case.lis,225,T_OPO,A,1.3841007215314574,0.0337,0,0,false,0,false,""
case.lis,226,T_MAN,A,1.3157399469279445,0.02498,0,0,false,0,false,""
case.lis,226,1_2LT,A,1.8073351260683193,0.02501,0,1,false,1,true,kmeans_highest_centroid
case.lis,226,T_OPO,A,1.7504963745928628,0.02516,0,1,false,1,true,kmeans_highest_centroid
case.lis,227,T_MAN,A,1.1819253263753915,0.02602,0,0,false,0,false,""
case.lis,227,1_2LT,A,1.4737011102532016,0.02436,0,0,false,0,false,""
case.lis,227,T_OPO,A,1.6947385003150597,0.02451,0,1,false,1,true,kmeans_highest_centroid
case.lis,228,T_MAN,A,1.1771872431818384,0.0341,0,0,false,0,false,""
case.lis,228,1_2LT,A,1.2985815295046905,0.03399,0,0,false,0,false,""
case.lis,228,T_OPO,A,1.5729024823167106,0.03384,0,1,false,1,true,kmeans_highest_centroid
case.lis,229,T_MAN,A,1.2154539701979996,0.03335,0,0,false,0,false,""
case.lis,229,1_2LT,A,1.6286228067839932,0.03337,0,1,false,1,true,kmeans_highest_centroid
case.lis,229,T_OPO,A,1.7376474258278087,0.03472,0,1,false,1,true,kmeans_highest_centroid
case.lis,230,T_MAN,A,1.178024441545302,0.04157,0,0,false,0,false,""
case.lis,230,1_2LT,A,1.5728876345660605,0.04168,0,1,false,1,true,kmeans_highest_centroid
case.lis,230,T_OPO,A,1.7400758806144998,0.04158,0,1,false,1,true,kmeans_highest_centroid
case.lis,231,T_MAN,A,1.4142219796409206,0.03383,0,0,false,0,false,""
case.lis,231,1_2LT,A,1.776739281308519,0.03393,0,1,false,1,true,kmeans_highest_centroid
case.lis,231,T_OPO,A,1.7950659140729697,0.03382,0,1,false,1,true,kmeans_highest_centroid
case.lis,232,T_MAN,A,1.32473210149365,0.03475,0,0,false,0,false,""
case.lis,232,1_2LT,A,1.8106490765639838,0.03487,0,1,false,1,true,kmeans_highest_centroid
case.lis,232,T_OPO,A,1.7687864959130968,0.03467,0,1,false,1,true,kmeans_highest_centroid
case.lis,233,T_MAN,A,1.181522085252536,0.03289,0,0,false,0,false,""
case.lis,233,1_2LT,A,1.483125544698563,0.03405,0,0,false,0,false,""
case.lis,233,T_OPO,A,1.6459277403551746,0.03418,0,1,false,1,true,kmeans_highest_centroid
case.lis,234,T_MAN,A,1.489752504947771,0.03307,0,0,false,0,false,""
case.lis,234,1_2LT,A,1.9999531315175236,0.03312,0,1,false,1,true,kmeans_highest_centroid
case.lis,234,T_OPO,A,1.8014377202090932,0.03331,0,1,false,1,true,kmeans_highest_centroid
case.lis,235,T_MAN,A,1.2372836514994188,0.0237,0,0,false,0,false,""
case.lis,235,1_2LT,A,1.6365138404465862,0.02381,0,1,false,1,true,kmeans_highest_centroid
case.lis,235,T_OPO,A,1.7543723208818127,0.02518,0,1,false,1,true,kmeans_highest_centroid
case.lis,236,T_MAN,A,1.305360898852472,0.02565,0,0,false,0,false,""
case.lis,236,1_2LT,A,1.899400410021566,0.02578,0,1,false,1,true,kmeans_highest_centroid
case.lis,236,T_OPO,A,1.7920783300939855,0.02593,0,1,false,1,true,kmeans_highest_centroid
case.lis,237,T_MAN,A,1.3056671192878762,0.03257,0,0,false,0,false,""
case.lis,237,1_2LT,A,1.4044691108211969,0.03123,0,0,false,0,false,""
case.lis,237,T_OPO,A,1.7437489461025764,0.03145,0,1,false,1,true,kmeans_highest_centroid
case.lis,238,T_MAN,A,1.4105858870931958,0.03417,0,0,false,0,false,""
case.lis,238,1_2LT,A,1.8487596670127888,0.03416,0,1,false,1,true,kmeans_highest_centroid
case.lis,238,T_OPO,A,1.779629178980626,0.03442,0,1,false,1,true,kmeans_highest_centroid
case.lis,239,T_MAN,A,1.1035709150935862,0.04235,0,0,false,0,false,""
case.lis,239,1_2LT,A,1.432394809943467,0.04247,0,0,false,0,false,""
case.lis,239,T_OPO,A,1.501722889320802,0.04265,0,0,false,0,false,""
case.lis,240,T_MAN,A,1.2242481606716542,0.02495,0,0,false,0,false,""
case.lis,240,1_2LT,A,1.465406160973402,0.0251,0,0,false,0,false,""
case.lis,240,T_OPO,A,1.7382756019418337,0.02368,0,1,false,1,true,kmeans_highest_centroid
case.lis,241,T_MAN,A,1.0994506421008725,0.03392,0,0,false,0,false,""
case.lis,241,1_2LT,A,1.3779838742600532,0.03226,0,0,false,0,false,""
case.lis,241,T_OPO,A,1.555495584724478,0.03242,0,1,false,1,true,kmeans_highest_centroid
case.lis,242,T_MAN,A,1.254415781392831,0.03318,0,0,false,0,false,""
case.lis,242,1_2LT,A,1.395015096248569,0.03319,0,0,false,0,false,""
case.lis,242,T_OPO,A,1.551044383503288,0.03339,0,1,false,1,true,kmeans_highest_centroid
case.lis,243,T_MAN,A,1.1933129210042868,0.02441,0,0,false,0,false,""
case.lis,243,1_2LT,A,1.4380596483754449,0.01971,0,0,false,0,false,""
case.lis,243,T_OPO,A,1.5172426493428117,0.02325,0,0,false,0,false,""
case.lis,244,T_MAN,A,1.4134715070511283,0.03373,0,0,false,0,false,""
case.lis,244,1_2LT,A,1.945492868997222,0.03385,0,1,false,1,true,kmeans_highest_centroid
case.lis,244,T_OPO,A,1.8123803438146204,0.03399,0,1,false,1,true,kmeans_highest_centroid
case.lis,245,T_MAN,A,1.418333910203502,0.02489,0,0,false,0,false,""
case.lis,245,1_2LT,A,1.8776758344648865,0.02498,0,1,false,1,true,kmeans_highest_centroid
case.lis,245,T_OPO,A,1.8362960497705831,0.02512,0,1,false,1,true,kmeans_highest_centroid
case.lis,246,T_MAN,A,1.2156062905473166,0.02431,0,0,false,0,false,""
case.lis,246,1_2LT,A,1.4776809819217764,0.02428,0,0,false,0,false,""
case.lis,246,T_OPO,A,1.7398119403249999,0.0231,0,1,false,1,true,kmeans_highest_centroid
case.lis,247,T_MAN,A,1.3071306477808249,0.02563,0,0,false,0,false,""
case.lis,247,1_2LT,A,1.9005415479645358,0.02576,0,1,false,1,true,kmeans_highest_centroid
case.lis,247,T_OPO,A,1.7925343237750384,0.02591,0,1,false,1,true,kmeans_highest_centroid
case.lis,248,T_MAN,A,1.1561666533542783,0.02443,0,0,false,0,false,""
case.lis,248,1_2LT,A,1.416537447748875,0.02438,0,0,false,0,false,""
case.lis,248,T_OPO,A,1.5499608615777842,0.02427,0,1,false,1,true,kmeans_highest_centroid
case.lis,249,T_MAN,A,1.080273258961456,0.04211,0,0,false,0,false,""
case.lis,249,1_2LT,A,1.2700312219885157,0.03621,0,0,false,0,false,""
case.lis,249,T_OPO,A,1.6162887634566059,0.03637,0,1,false,1,true,kmeans_highest_centroid
case.lis,250,T_MAN,A,1.2297465321227934,0.02391,0,0,false,0,false,""
case.lis,250,1_2LT,A,1.5274615937591522,0.02509,0,1,false,1,true,kmeans_highest_centroid
case.lis,250,T_OPO,A,1.7706203573045076,0.02372,0,1,false,1,true,kmeans_highest_centroid
case.lis,251,T_MAN,A,1.5642344932861187,0.02549,0,1,false,1,true,kmeans_highest_centroid
case.lis,251,1_2LT,A,1.954883339102035,0.0255,0,1,false,1,true,kmeans_highest_centroid
case.lis,251,T_OPO,A,1.818633083947922,0.02573,0,1,false,1,true,kmeans_highest_centroid
case.lis,252,T_MAN,A,1.2667138368966162,0.03458,0,0,false,0,false,""
case.lis,252,1_2LT,A,1.8069259121204861,0.03469,0,1,false,1,true,kmeans_highest_centroid
case.lis,252,T_OPO,A,1.814697223035757,0.03465,0,1,false,1,true,kmeans_highest_centroid
case.lis,253,T_MAN,A,1.6416962645437845,0.02481,0,1,true,2,true,sigma_3;kmeans_highest_centroid
case.lis,253,1_2LT,A,1.8219555898719348,0.02492,0,1,false,1,true,kmeans_highest_centroid
case.lis,253,T_OPO,A,1.8119762684487517,0.02466,0,1,false,1,true,kmeans_highest_centroid
case.lis,254,T_MAN,A,1.1509238620126556,0.03357,0,0,false,0,false,""
case.lis,254,1_2LT,A,1.5190446852507609,0.03191,0,0,false,0,false,""
case.lis,254,T_OPO,A,1.6793817815525796,0.03174,0,1,false,1,true,kmeans_highest_centroid
case.lis,255,T_MAN,A,1.6081834802133532,0.02574,0,1,false,1,true,kmeans_highest_centroid
case.lis,255,1_2LT,A,2.113634282062888,0.02586,0,1,false,1,true,kmeans_highest_centroid
case.lis,255,T_OPO,A,1.8492702148619506,0.02601,0,1,false,1,true,kmeans_highest_centroid
case.lis,256,T_MAN,A,1.2255181181607604,0.03296,0,0,false,0,false,""
case.lis,256,1_2LT,A,1.5117691809331097,0.03165,0,0,false,0,false,""
case.lis,256,T_OPO,A,1.696017563477906,0.03181,0,1,false,1,true,kmeans_highest_centroid
case.lis,257,T_MAN,A,1.2344410128065175,0.02515,0,0,false,0,false,""
case.lis,257,1_2LT,A,1.8754572805452754,0.02378,0,1,false,1,true,kmeans_highest_centroid
case.lis,257,T_OPO,A,1.8031938195017616,0.02395,0,1,false,1,true,kmeans_highest_centroid
case.lis,258,T_MAN,A,1.2250059018255721,0.02694,0,0,false,0,false,""
case.lis,258,1_2LT,A,1.7729313879496258,0.02706,0,1,false,1,true,kmeans_highest_centroid
case.lis,258,T_OPO,A,1.750266159020918,0.0272,0,1,false,1,true,kmeans_highest_centroid
case.lis,259,T_MAN,A,1.486080832823025,0.02402,0,0,false,0,false,""
case.lis,259,1_2LT,A,1.798996689652724,0.02413,0,1,false,1,true,kmeans_highest_centroid
case.lis,259,T_OPO,A,1.7622225476361637,0.02529,0,1,false,1,true,kmeans_highest_centroid
case.lis,260,T_MAN,A,1.4012780780460963,0.0261,0,0,false,0,false,""
case.lis,260,1_2LT,A,1.9907500199685826,0.02621,0,1,false,1,true,kmeans_highest_centroid
case.lis,260,T_OPO,A,1.8190081383068417,0.02635,0,1,false,1,true,kmeans_highest_centroid
case.lis,261,T_MAN,A,1.1309713694897805,0.03314,0,0,false,0,false,""
case.lis,261,1_2LT,A,1.2019943999219005,0.03199,0,0,false,0,false,""
case.lis,261,T_OPO,A,1.3203308927287734,0.03189,0,0,false,0,false,""
case.lis,262,T_MAN,A,1.1522716525999095,0.03273,0,0,false,0,false,""
case.lis,262,1_2LT,A,1.4619839985090124,0.03391,0,0,false,0,false,""
case.lis,262,T_OPO,A,1.6901660676091839,0.0325,0,1,false,1,true,kmeans_highest_centroid
case.lis,263,T_MAN,A,1.2498517887412692,0.02585,0,0,false,0,false,""
case.lis,263,1_2LT,A,1.7293802639402895,0.02446,0,1,false,1,true,kmeans_highest_centroid
case.lis,263,T_OPO,A,1.7680148566255756,0.02312,0,1,false,1,true,kmeans_highest_centroid
case.lis,264,T_MAN,A,1.2021659344852986,0.03357,0,0,false,0,false,""
case.lis,264,1_2LT,A,1.6089470255686609,0.03211,0,1,false,1,true,kmeans_highest_centroid
case.lis,264,T_OPO,A,1.7501695199552703,0.03231,0,1,false,1,true,kmeans_highest_centroid
case.lis,265,T_MAN,A,1.1657950957160734,0.03373,0,0,false,0,false,""
case.lis,265,1_2LT,A,1.3655949040176787,0.0324,0,0,false,0,false,""
case.lis,265,T_OPO,A,1.5821262458176912,0.0339,0,1,false,1,true,kmeans_highest_centroid
case.lis,266,T_MAN,A,1.3831239560868678,0.03502,0,0,false,0,false,""
case.lis,266,1_2LT,A,1.7142786904159677,0.03512,0,1,false,1,true,kmeans_highest_centroid
case.lis,266,T_OPO,A,1.8072260621067298,0.03491,0,1,false,1,true,kmeans_highest_centroid
case.lis,267,T_MAN,A,1.1984819439637193,0.04193,0,0,false,0,false,""
case.lis,267,1_2LT,A,1.426168960834953,0.04194,0,0,false,0,false,""
case.lis,267,T_OPO,A,1.5836278921164035,0.04211,0,1,false,1,true,kmeans_highest_centroid
case.lis,268,T_MAN,A,1.2402256006105947,0.02501,0,0,false,0,false,""
case.lis,268,1_2LT,A,1.4622577810910835,0.02497,0,0,false,0,false,""
case.lis,268,T_OPO,A,1.7181618253947124,0.02514,0,1,false,1,true,kmeans_highest_centroid
case.lis,269,T_MAN,A,1.2450909236135146,0.02566,0,0,false,0,false,""
case.lis,269,1_2LT,A,1.7427312583757113,0.02429,0,1,false,1,true,kmeans_highest_centroid
case.lis,269,T_OPO,A,1.7497636607293414,0.0244,0,1,false,1,true,kmeans_highest_centroid
case.lis,270,T_MAN,A,1.1569285657232622,0.02476,0,0,false,0,false,""
case.lis,270,1_2LT,A,1.238159340415524,0.02575,0,0,false,0,false,""
case.lis,270,T_OPO,A,1.5331979907168276,0.02593,0,1,false,1,true,kmeans_highest_centroid
case.lis,271,T_MAN,A,1.1880589650061681,0.04133,0,0,false,0,false,""
case.lis,271,1_2LT,A,1.5992216512686706,0.03555,0,1,false,1,true,kmeans_highest_centroid
case.lis,271,T_OPO,A,1.6414803731018752,0.03569,0,1,false,1,true,kmeans_highest_centroid
case.lis,272,T_MAN,A,1.3536905490916515,0.02383,0,0,false,0,false,""
case.lis,272,1_2LT,A,1.8717133044010756,0.02396,0,1,false,1,true,kmeans_highest_centroid
case.lis,272,T_OPO,A,1.7863505418142123,0.02409,0,1,false,1,true,kmeans_highest_centroid
case.lis,273,T_MAN,A,1.52740317012345,0.0337,0,1,false,1,true,kmeans_highest_centroid
case.lis,273,1_2LT,A,2.0314062319728072,0.03383,0,1,false,1,true,kmeans_highest_centroid
case.lis,273,T_OPO,A,1.7880445965015042,0.03396,0,1,false,1,true,kmeans_highest_centroid
case.lis,274,T_MAN,A,1.1804273276711308,0.02446,0,0,false,0,false,""
case.lis,274,1_2LT,A,1.54906156535939,0.02447,0,1,false,1,true,kmeans_highest_centroid
case.lis,274,T_OPO,A,1.7324871979197174,0.02464,0,1,false,1,true,kmeans_highest_centroid
case.lis,275,T_MAN,A,1.2872546837420238,0.03492,0,0,false,0,false,""
case.lis,275,1_2LT,A,1.8122781934201302,0.03504,0,1,false,1,true,kmeans_highest_centroid
case.lis,275,T_OPO,A,1.774680067804432,0.03519,0,1,false,1,true,kmeans_highest_centroid
case.lis,276,T_MAN,A,1.1002162020643078,0.03334,0,0,false,0,false,""
case.lis,276,1_2LT,A,1.3184658714733264,0.03288,0,0,false,0,false,""
case.lis,276,T_OPO,A,1.5128276134437375,0.03306,0,0,false,0,false,""
case.lis,277,T_MAN,A,1.2608768426564427,0.0267,0,0,false,0,false,""
case.lis,277,1_2LT,A,1.797619123689839,0.02682,0,1,false,1,true,kmeans_highest_centroid
case.lis,277,T_OPO,A,1.7683464238487003,0.02697,0,1,false,1,true,kmeans_highest_centroid
case.lis,278,T_MAN,A,1.3862507077753223,0.03468,0,0,false,0,false,""
case.lis,278,1_2LT,A,1.818714023270055,0.0348,0,1,false,1,true,kmeans_highest_centroid
case.lis,278,T_OPO,A,1.7848017785351047,0.03459,0,1,false,1,true,kmeans_highest_centroid
case.lis,279,T_MAN,A,1.211115409533445,0.03544,0,0,false,0,false,""
case.lis,279,1_2LT,A,1.7080325621022923,0.03535,0,1,false,1,true,kmeans_highest_centroid
case.lis,279,T_OPO,A,1.7603931680822174,0.03562,0,1,false,1,true,kmeans_highest_centroid
case.lis,280,T_MAN,A,1.2313597184873577,0.03333,0,0,false,0,false,""
case.lis,280,1_2LT,A,1.3806515970428748,0.03165,0,0,false,0,false,""
case.lis,280,T_OPO,A,1.616760172883552,0.03299,0,1,false,1,true,kmeans_highest_centroid
case.lis,281,T_MAN,A,1.196538965361165,0.03226,0,0,false,0,false,""
case.lis,281,1_2LT,A,1.416257035597327,0.03338,0,0,false,0,false,""
case.lis,281,T_OPO,A,1.5598664412435546,0.03346,0,1,false,1,true,kmeans_highest_centroid
case.lis,282,T_MAN,A,1.3818379793569229,0.03477,0,0,false,0,false,""
case.lis,282,1_2LT,A,1.8720767769819928,0.03489,0,1,false,1,true,kmeans_highest_centroid
case.lis,282,T_OPO,A,1.8071155426573302,0.03502,0,1,false,1,true,kmeans_highest_centroid
case.lis,283,T_MAN,A,1.2087018912466607,0.03441,0,0,false,0,false,""
case.lis,283,1_2LT,A,1.895361307099053,0.03448,0,1,false,1,true,kmeans_highest_centroid
case.lis,283,T_OPO,A,1.8537096479316986,0.03466,0,1,false,1,true,kmeans_highest_centroid
case.lis,284,T_MAN,A,1.2431853883223727,0.02487,0,0,false,0,false,""
case.lis,284,1_2LT,A,1.4244320491315887,0.02318,0,0,false,0,false,""
case.lis,284,T_OPO,A,1.598677281077771,0.02471,0,1,false,1,true,kmeans_highest_centroid
case.lis,285,T_MAN,A,1.1554450331478474,0.03352,0,0,false,0,false,""
case.lis,285,1_2LT,A,1.5098640361386975,0.02767,0,0,false,0,false,""
case.lis,285,T_OPO,A,1.593785244548577,0.03329,0,1,false,1,true,kmeans_highest_centroid
case.lis,286,T_MAN,A,1.2618256698350152,0.03203,0,0,false,0,false,""
case.lis,286,1_2LT,A,1.8110513858196438,0.03189,0,1,false,1,true,kmeans_highest_centroid
case.lis,286,T_OPO,A,1.783389848860016,0.03323,0,1,false,1,true,kmeans_highest_centroid
case.lis,287,T_MAN,A,1.335823344604489,0.03362,0,0,false,0,false,""
case.lis,287,1_2LT,A,1.7767121417858127,0.03223,0,1,false,1,true,kmeans_highest_centroid
case.lis,287,T_OPO,A,1.7528657844990547,0.03357,0,1,false,1,true,kmeans_highest_centroid
case.lis,288,T_MAN,A,1.3972940085376784,0.03326,0,0,false,0,false,""
case.lis,288,1_2LT,A,1.7524027263771664,0.03321,0,1,false,1,true,kmeans_highest_centroid
case.lis,288,T_OPO,A,1.7497427691543084,0.03311,0,1,false,1,true,kmeans_highest_centroid
case.lis,289,T_MAN,A,1.3059352840419962,0.02398,0,0,false,0,false,""
case.lis,289,1_2LT,A,1.8833002298605748,0.02396,0,1,false,1,true,kmeans_highest_centroid
case.lis,289,T_OPO,A,1.7950706000337249,0.02408,0,1,false,1,true,kmeans_highest_centroid
case.lis,290,T_MAN,A,1.1687481029846374,0.03348,0,0,false,0,false,""
case.lis,290,1_2LT,A,1.4648989412213673,0.03363,0,0,false,0,false,""
case.lis,290,T_OPO,A,1.6099184660578467,0.0337,0,1,false,1,true,kmeans_highest_centroid
case.lis,291,T_MAN,A,1.1299690265094031,0.02445,0,0,false,0,false,""
case.lis,291,1_2LT,A,1.2123607302288844,0.02583,0,0,false,0,false,""
case.lis,291,T_OPO,A,1.2862058805257506,0.02568,0,0,false,0,false,""
case.lis,292,T_MAN,A,1.2841169537705122,0.03339,0,0,false,0,false,""
case.lis,292,1_2LT,A,1.3159212705343593,0.03204,0,0,false,0,false,""
case.lis,292,T_OPO,A,1.3800213441962423,0.03222,0,0,false,0,false,""
case.lis,293,T_MAN,A,1.136459082155187,0.04176,0,0,false,0,false,""
case.lis,293,1_2LT,A,1.8621564560646806,0.0354,0,1,false,1,true,kmeans_highest_centroid
case.lis,293,T_OPO,A,1.8003445956140118,0.03558,0,1,false,1,true,kmeans_highest_centroid
case.lis,294,T_MAN,A,1.2185177986634361,0.04134,0,0,false,0,false,""
case.lis,294,1_2LT,A,1.7047526735713587,0.0353,0,1,false,1,true,kmeans_highest_centroid
case.lis,294,T_OPO,A,1.686160751528706,0.03544,0,1,false,1,true,kmeans_highest_centroid
case.lis,295,T_MAN,A,1.1119943732971236,0.03355,0,0,false,0,false,""
case.lis,295,1_2LT,A,1.267989749460848,0.03252,0,0,false,0,false,""
case.lis,295,T_OPO,A,1.4859810875333919,0.03237,0,0,false,0,false,""
case.lis,296,T_MAN,A,1.2127814017057608,0.02441,0,0,false,0,false,""
case.lis,296,1_2LT,A,1.474816865908748,0.02609,0,0,false,0,false,""
case.lis,296,T_OPO,A,1.7304229789575512,0.02475,0,1,false,1,true,kmeans_highest_centroid
case.lis,297,T_MAN,A,1.2207423875325043,0.03313,0,0,false,0,false,""
case.lis,297,1_2LT,A,1.629615005724327,0.02721,0,1,false,1,true,kmeans_highest_centroid
case.lis,297,T_OPO,A,1.6818952315024362,0.03209,0,1,false,1,true,kmeans_highest_centroid
case.lis,298,T_MAN,A,1.1544630226221855,0.04129,0,0,false,0,false,""
case.lis,298,1_2LT,A,1.488928397099674,0.03549,0,0,false,0,false,""
case.lis,298,T_OPO,A,1.6834869405468729,0.03548,0,1,false,1,true,kmeans_highest_centroid
case.lis,299,T_MAN,A,1.2717325097402308,0.03427,0,0,false,0,false,""
case.lis,299,1_2LT,A,1.8801671503501158,0.0344,0,1,false,1,true,kmeans_highest_centroid
case.lis,299,T_OPO,A,1.78766657791741,0.03459,0,1,false,1,true,kmeans_highest_centroid
case.lis,300,T_MAN,A,1.3047500288435083,0.03399,0,0,false,0,false,""
case.lis,300,1_2LT,A,1.8990076590608553,0.03412,0,1,false,1,true,kmeans_highest_centroid
case.lis,300,T_OPO,A,1.791921820779751,0.03427,0,1,false,1,true,kmeans_highest_centroid
case.lis,301,T_MAN,A,1.109909546757546,0.03357,0,0,false,0,false,""
case.lis,301,1_2LT,A,1.216623951649405,0.03352,0,0,false,0,false,""
case.lis,301,T_OPO,A,1.315751990202082,0.03391,0,0,false,0,false,""
case.lis,302,T_MAN,A,1.272681292544175,0.02635,0,0,false,0,false,""
case.lis,302,1_2LT,A,1.7503936917028318,0.02633,0,1,false,1,true,kmeans_highest_centroid
case.lis,302,T_OPO,A,1.822574527188335,0.02633,0,1,false,1,true,kmeans_highest_centroid
case.lis,303,T_MAN,A,1.1786673411610178,0.02422,0,0,false,0,false,""
case.lis,303,1_2LT,A,1.535419650860424,0.02543,0,1,false,1,true,kmeans_highest_centroid
case.lis,303,T_OPO,A,1.7585911942987478,0.02404,0,1,false,1,true,kmeans_highest_centroid
case.lis,304,T_MAN,A,1.531554975727078,0.02559,0,1,false,1,true,kmeans_highest_centroid
case.lis,304,1_2LT,A,2.110440107564099,0.0257,0,1,false,1,true,kmeans_highest_centroid
case.lis,304,T_OPO,A,1.8456235079031214,0.02583,0,1,false,1,true,kmeans_highest_centroid
case.lis,305,T_MAN,A,1.374762728862146,0.02486,0,0,false,0,false,""
case.lis,305,1_2LT,A,1.639465906973029,0.02478,0,1,false,1,true,kmeans_highest_centroid
case.lis,305,T_OPO,A,1.7093945525706222,0.02366,0,1,false,1,true,kmeans_highest_centroid
case.lis,306,T_MAN,A,1.5620155311199269,0.03415,0,1,false,1,true,kmeans_highest_centroid
case.lis,306,1_2LT,A,1.849362931210451,0.0341,0,1,false,1,true,kmeans_highest_centroid
case.lis,306,T_OPO,A,1.8448261934556298,0.03384,0,1,false,1,true,kmeans_highest_centroid
case.lis,307,T_MAN,A,1.1704209377246464,0.0338,0,0,false,0,false,""
case.lis,307,1_2LT,A,1.4049903884554968,0.03212,0,0,false,0,false,""
case.lis,307,T_OPO,A,1.649187358555872,0.03194,0,1,false,1,true,kmeans_highest_centroid
case.lis,308,T_MAN,A,1.2857488129786911,0.03389,0,0,false,0,false,""
case.lis,308,1_2LT,A,1.6453694010312663,0.03251,0,1,false,1,true,kmeans_highest_centroid
case.lis,308,T_OPO,A,1.7651062239853743,0.03268,0,1,false,1,true,kmeans_highest_centroid
case.lis,309,T_MAN,A,1.1910468596075507,0.03334,0,0,false,0,false,""
case.lis,309,1_2LT,A,1.5032364635196178,0.03177,0,0,false,0,false,""
case.lis,309,T_OPO,A,1.775768355565022,0.03313,0,1,false,1,true,kmeans_highest_centroid
case.lis,310,T_MAN,A,1.1051565093142346,0.02475,0,0,false,0,false,""
case.lis,310,1_2LT,A,1.193732616239339,0.02494,0,0,false,0,false,""
case.lis,310,T_OPO,A,1.3328721034461337,0.02477,0,0,false,0,false,""
case.lis,311,T_MAN,A,1.2801861959406091,0.02311,0,0,false,0,false,""
case.lis,311,1_2LT,A,1.7826485440684434,0.02325,0,1,false,1,true,kmeans_highest_centroid
case.lis,311,T_OPO,A,1.7429964411548051,0.02343,0,1,false,1,true,kmeans_highest_centroid
case.lis,312,T_MAN,A,1.2152658483985197,0.02452,0,0,false,0,false,""
case.lis,312,1_2LT,A,1.5259729137268474,0.02462,0,1,false,1,true,kmeans_highest_centroid
case.lis,312,T_OPO,A,1.673196925725747,0.02578,0,1,false,1,true,kmeans_highest_centroid
case.lis,313,T_MAN,A,1.0722055077788724,0.02456,0,0,false,0,false,""
case.lis,313,1_2LT,A,1.1416207389263116,0.02573,0,0,false,0,false,""
case.lis,313,T_OPO,A,1.2359239241371354,0.02335,0,0,false,0,false,""
case.lis,314,T_MAN,A,1.2736353115542656,0.0328,0,0,false,0,false,""
case.lis,314,1_2LT,A,1.7563485627057873,0.03278,0,1,false,1,true,kmeans_highest_centroid
case.lis,314,T_OPO,A,1.7737457777541112,0.03142,0,1,false,1,true,kmeans_highest_centroid
case.lis,315,T_MAN,A,1.2405113732172492,0.02682,0,0,false,0,false,""
case.lis,315,1_2LT,A,1.8238066331194476,0.02694,0,1,false,1,true,kmeans_highest_centroid
case.lis,315,T_OPO,A,1.7655417698376776,0.02708,0,1,false,1,true,kmeans_highest_centroid
case.lis,316,T_MAN,A,1.1520627279746531,0.03249,0,0,false,0,false,""
case.lis,316,1_2LT,A,1.5302828882558108,0.03262,0,1,false,1,true,kmeans_highest_centroid
case.lis,316,T_OPO,A,1.664579940892995,0.03272,0,1,false,1,true,kmeans_highest_centroid
case.lis,317,T_MAN,A,1.1192083300052362,0.03332,0,0,false,0,false,""
case.lis,317,1_2LT,A,1.3298664234937032,0.03347,0,0,false,0,false,""
case.lis,317,T_OPO,A,1.4026063970464246,0.03365,0,0,false,0,false,""
case.lis,318,T_MAN,A,1.1005822838733725,0.04185,0,0,false,0,false,""
case.lis,318,1_2LT,A,1.3397841618076447,0.04049,0,0,false,0,false,""
case.lis,318,T_OPO,A,1.3744476690007723,0.04033,0,0,false,0,false,""
case.lis,319,T_MAN,A,1.2618551257133221,0.02511,0,0,false,0,false,""
case.lis,319,1_2LT,A,1.595444855649334,0.02506,0,1,false,1,true,kmeans_highest_centroid
case.lis,319,T_OPO,A,1.7220375054358918,0.02496,0,1,false,1,true,kmeans_highest_centroid
case.lis,320,T_MAN,A,1.216348110084578,0.03364,0,0,false,0,false,""
case.lis,320,1_2LT,A,1.3146222032890473,0.03325,0,0,false,0,false,""
case.lis,320,T_OPO,A,1.6477750916336076,0.03484,0,1,false,1,true,kmeans_highest_centroid
case.lis,321,T_MAN,A,1.3654212483470451,0.02374,0,0,false,0,false,""
case.lis,321,1_2LT,A,1.7630392182965469,0.02385,0,1,false,1,true,kmeans_highest_centroid
case.lis,321,T_OPO,A,1.7582671707624449,0.02399,0,1,false,1,true,kmeans_highest_centroid
case.lis,322,T_MAN,A,1.305038827799817,0.02499,0,0,false,0,false,""
case.lis,322,1_2LT,A,1.8012376083850297,0.02394,0,1,false,1,true,kmeans_highest_centroid
case.lis,322,T_OPO,A,1.7571281628016364,0.02409,0,1,false,1,true,kmeans_highest_centroid
case.lis,323,T_MAN,A,1.305742076910106,0.03302,0,0,false,0,false,""
case.lis,323,1_2LT,A,1.4937012700018637,0.03188,0,0,false,0,false,""
case.lis,323,T_OPO,A,1.7153434418736744,0.03427,0,1,false,1,true,kmeans_highest_centroid
case.lis,324,T_MAN,A,1.205750774337265,0.02524,0,0,false,0,false,""
case.lis,324,1_2LT,A,1.5008399229656453,0.02373,0,0,false,0,false,""
case.lis,324,T_OPO,A,1.773948188183924,0.02506,0,1,false,1,true,kmeans_highest_centroid
case.lis,325,T_MAN,A,1.1722941505364892,0.03358,0,0,false,0,false,""
case.lis,325,1_2LT,A,1.413133514381817,0.03375,0,0,false,0,false,""
case.lis,325,T_OPO,A,1.5205818490020147,0.03393,0,0,false,0,false,""
case.lis,326,T_MAN,A,1.2192977271315353,0.04124,0,0,false,0,false,""
case.lis,326,1_2LT,A,1.6711154272832964,0.03536,0,1,false,1,true,kmeans_highest_centroid
case.lis,326,T_OPO,A,1.6531292189177915,0.03523,0,1,false,1,true,kmeans_highest_centroid
case.lis,327,T_MAN,A,1.5422212430220898,0.03382,0,1,false,1,true,kmeans_highest_centroid
case.lis,327,1_2LT,A,1.8666461389635862,0.03393,0,1,false,1,true,kmeans_highest_centroid
case.lis,327,T_OPO,A,1.7909112329934238,0.03389,0,1,false,1,true,kmeans_highest_centroid
case.lis,328,T_MAN,A,1.1542500954054509,0.03397,0,0,false,0,false,""
case.lis,328,1_2LT,A,1.3520340264650283,0.03403,0,0,false,0,false,""
case.lis,328,T_OPO,A,1.3713408148956752,0.03422,0,0,false,0,false,""
case.lis,329,T_MAN,A,1.2353646263212545,0.02616,0,0,false,0,false,""
case.lis,329,1_2LT,A,1.8619095290076946,0.02629,0,1,false,1,true,kmeans_highest_centroid
case.lis,329,T_OPO,A,1.7743572335081694,0.02644,0,1,false,1,true,kmeans_highest_centroid
case.lis,330,T_MAN,A,1.4519236135147369,0.03466,0,0,false,0,false,""
case.lis,330,1_2LT,A,1.818998287139345,0.03463,0,1,false,1,true,kmeans_highest_centroid
case.lis,330,T_OPO,A,1.7829083042679517,0.03434,0,1,false,1,true,kmeans_highest_centroid
case.lis,331,T_MAN,A,1.3476474524525857,0.03376,0,0,false,0,false,""
case.lis,331,1_2LT,A,1.749727113785422,0.03238,0,1,false,1,true,kmeans_highest_centroid
case.lis,331,T_OPO,A,1.7545544609813892,0.03346,0,1,false,1,true,kmeans_highest_centroid
case.lis,332,T_MAN,A,1.1183375489230278,0.04141,0,0,false,0,false,""
case.lis,332,1_2LT,A,1.784668388402247,0.03549,0,1,false,1,true,kmeans_highest_centroid
case.lis,332,T_OPO,A,1.7819446027139523,0.03566,0,1,false,1,true,kmeans_highest_centroid
case.lis,333,T_MAN,A,1.1449943022977183,0.0329,0,0,false,0,false,""
case.lis,333,1_2LT,A,1.787390061858232,0.02716,0,1,false,1,true,kmeans_highest_centroid
case.lis,333,T_OPO,A,1.7752294612032624,0.0273,0,1,false,1,true,kmeans_highest_centroid
case.lis,334,T_MAN,A,1.1293663658066864,0.03334,0,0,false,0,false,""
case.lis,334,1_2LT,A,1.1403221331771347,0.03417,0,0,false,0,false,""
case.lis,334,T_OPO,A,1.2202570178474754,0.03307,0,0,false,0,false,""
case.lis,335,T_MAN,A,1.1752240297487508,0.0327,0,0,false,0,false,""
case.lis,335,1_2LT,A,1.5808748457981663,0.03283,0,1,false,1,true,kmeans_highest_centroid
case.lis,335,T_OPO,A,1.637304534199526,0.03301,0,1,false,1,true,kmeans_highest_centroid
case.lis,336,T_MAN,A,1.1678012371646387,0.02709,0,0,false,0,false,""
case.lis,336,1_2LT,A,1.7992031204238663,0.02713,0,1,false,1,true,kmeans_highest_centroid
case.lis,336,T_OPO,A,1.7713039040798033,0.02728,0,1,false,1,true,kmeans_highest_centroid
case.lis,337,T_MAN,A,1.3283926444616028,0.03325,0,0,false,0,false,""
case.lis,337,1_2LT,A,1.761801743035402,0.03327,0,1,false,1,true,kmeans_highest_centroid
case.lis,337,T_OPO,A,1.7583398386538514,0.03215,0,1,false,1,true,kmeans_highest_centroid
case.lis,338,T_MAN,A,1.325809579594771,0.03254,0,0,false,0,false,""
case.lis,338,1_2LT,A,1.8901563850652752,0.03255,0,1,false,1,true,kmeans_highest_centroid
case.lis,338,T_OPO,A,1.8071876248036423,0.03269,0,1,false,1,true,kmeans_highest_centroid
case.lis,339,T_MAN,A,1.1936690717715237,0.03276,0,0,false,0,false,""
case.lis,339,1_2LT,A,1.5876760119634,0.03285,0,1,false,1,true,kmeans_highest_centroid
case.lis,339,T_OPO,A,1.786459623525653,0.03295,0,1,false,1,true,kmeans_highest_centroid
case.lis,340,T_MAN,A,1.1200589738810938,0.03383,0,0,false,0,false,""
case.lis,340,1_2LT,A,1.319592410163565,0.03399,0,0,false,0,false,""
case.lis,340,T_OPO,A,1.4885984983625762,0.03264,0,0,false,0,false,""
case.lis,341,T_MAN,A,1.1823581565004393,0.04186,0,0,false,0,false,""
case.lis,341,1_2LT,A,1.3051383157166059,0.04202,0,0,false,0,false,""
case.lis,341,T_OPO,A,1.502442823291355,0.04067,0,0,false,0,false,""
case.lis,342,T_MAN,A,1.2285647470202437,0.02507,0,0,false,0,false,""
case.lis,342,1_2LT,A,1.7220507290751441,0.02367,0,1,false,1,true,kmeans_highest_centroid
case.lis,342,T_OPO,A,1.7570587608828774,0.02356,0,1,false,1,true,kmeans_highest_centroid
case.lis,343,T_MAN,A,1.2990017483603575,0.0254,0,0,false,0,false,""
case.lis,343,1_2LT,A,1.8082452496960337,0.02401,0,1,false,1,true,kmeans_highest_centroid
case.lis,343,T_OPO,A,1.751067121062861,0.02386,0,1,false,1,true,kmeans_highest_centroid
case.lis,344,T_MAN,A,1.1288385739769429,0.03341,0,0,false,0,false,""
case.lis,344,1_2LT,A,1.446873470184687,0.03352,0,0,false,0,false,""
case.lis,344,T_OPO,A,1.5022183852960231,0.03369,0,0,false,0,false,""
case.lis,345,T_MAN,A,1.3457747366365806,0.02445,0,0,false,0,false,""
case.lis,345,1_2LT,A,1.8961792557487331,0.02457,0,1,false,1,true,kmeans_highest_centroid
case.lis,345,T_OPO,A,1.7798303114211418,0.02471,0,1,false,1,true,kmeans_highest_centroid
case.lis,346,T_MAN,A,1.1671759099017547,0.02494,0,0,false,0,false,""
case.lis,346,1_2LT,A,1.5284412968041392,0.02506,0,1,false,1,true,kmeans_highest_centroid
case.lis,346,T_OPO,A,1.7418121710730674,0.02496,0,1,false,1,true,kmeans_highest_centroid
case.lis,347,T_MAN,A,1.4062940440373812,0.03506,0,0,false,0,false,""
case.lis,347,1_2LT,A,1.739876239161497,0.03518,0,1,false,1,true,kmeans_highest_centroid
case.lis,347,T_OPO,A,1.7254393531954169,0.03976,0,1,false,1,true,kmeans_highest_centroid
case.lis,348,T_MAN,A,1.1756526087844013,0.03367,0,0,false,0,false,""
case.lis,348,1_2LT,A,1.4512996796151834,0.03362,0,0,false,0,false,""
case.lis,348,T_OPO,A,1.6839326481890713,0.03235,0,1,false,1,true,kmeans_highest_centroid
case.lis,349,T_MAN,A,1.075341906511533,0.04102,0,0,false,0,false,""
case.lis,349,1_2LT,A,1.264366108433842,0.04141,0,0,false,0,false,""
case.lis,349,T_OPO,A,1.4507171827435945,0.04287,0,0,false,0,false,""
case.lis,350,T_MAN,A,1.2793829264179912,0.02341,0,0,false,0,false,""
case.lis,350,1_2LT,A,1.6331517523540742,0.02343,0,1,false,1,true,kmeans_highest_centroid
case.lis,350,T_OPO,A,1.747606876292411,0.02361,0,1,false,1,true,kmeans_highest_centroid
case.lis,351,T_MAN,A,1.3250167292348927,0.0252,0,0,false,0,false,""
case.lis,351,1_2LT,A,1.92273480834598,0.02515,0,1,false,1,true,kmeans_highest_centroid
case.lis,351,T_OPO,A,1.7975995988533597,0.0253,0,1,false,1,true,kmeans_highest_centroid
case.lis,352,T_MAN,A,1.3440447562501665,0.03394,0,0,false,0,false,""
case.lis,352,1_2LT,A,1.8068804281264146,0.0339,0,1,false,1,true,kmeans_highest_centroid
case.lis,352,T_OPO,A,1.755608775526505,0.03404,0,1,false,1,true,kmeans_highest_centroid
case.lis,353,T_MAN,A,1.3819108602465455,0.02487,0,0,false,0,false,""
case.lis,353,1_2LT,A,1.6427518482032712,0.02498,0,1,false,1,true,kmeans_highest_centroid
case.lis,353,T_OPO,A,1.755698412275797,0.0248,0,1,false,1,true,kmeans_highest_centroid
case.lis,354,T_MAN,A,1.2222968573888193,0.03351,0,0,false,0,false,""
case.lis,354,1_2LT,A,1.470378817327405,0.03362,0,0,false,0,false,""
case.lis,354,T_OPO,A,1.698453632950824,0.03378,0,1,false,1,true,kmeans_highest_centroid
case.lis,355,T_MAN,A,1.174110776822244,0.02556,0,0,false,0,false,""
case.lis,355,1_2LT,A,1.4843290999937875,0.0232,0,0,false,0,false,""
case.lis,355,T_OPO,A,1.659117832388154,0.02335,0,1,false,1,true,kmeans_highest_centroid
case.lis,356,T_MAN,A,1.204699255393736,0.03283,0,0,false,0,false,""
case.lis,356,1_2LT,A,1.4941296892888523,0.03415,0,0,false,0,false,""
case.lis,356,T_OPO,A,1.7655244371078394,0.03275,0,1,false,1,true,kmeans_highest_centroid
case.lis,357,T_MAN,A,1.1880585833843642,0.03298,0,0,false,0,false,""
case.lis,357,1_2LT,A,1.7243530356683263,0.03185,0,1,false,1,true,kmeans_highest_centroid
case.lis,357,T_OPO,A,1.8183117850138004,0.03322,0,1,false,1,true,kmeans_highest_centroid
case.lis,358,T_MAN,A,1.3218719880721,0.02519,0,0,false,0,false,""
case.lis,358,1_2LT,A,1.8476816919158303,0.02396,0,1,false,1,true,kmeans_highest_centroid
case.lis,358,T_OPO,A,1.7719327813129566,0.02396,0,1,false,1,true,kmeans_highest_centroid
case.lis,359,T_MAN,A,1.3603576595046016,0.02552,0,0,false,0,false,""
case.lis,359,1_2LT,A,1.850965503163911,0.02566,0,1,false,1,true,kmeans_highest_centroid
case.lis,359,T_OPO,A,1.8182411672302243,0.02549,0,1,false,1,true,kmeans_highest_centroid
case.lis,360,T_MAN,A,1.1856197804343387,0.04132,0,0,false,0,false,""
case.lis,360,1_2LT,A,1.6182404572361708,0.04263,0,1,false,1,true,kmeans_highest_centroid
case.lis,360,T_OPO,A,1.7128909182885594,0.04112,0,1,false,1,true,kmeans_highest_centroid
case.lis,361,T_MAN,A,1.1376266673766606,0.02482,0,0,false,0,false,""
case.lis,361,1_2LT,A,1.4438799400055025,0.02316,0,0,false,0,false,""
case.lis,361,T_OPO,A,1.755883986971609,0.02329,0,1,false,1,true,kmeans_highest_centroid
case.lis,362,T_MAN,A,1.3318872529442565,0.02645,0,0,false,0,false,""
case.lis,362,1_2LT,A,1.946639509394109,0.02657,0,1,false,1,true,kmeans_highest_centroid
case.lis,362,T_OPO,A,1.7780142353807786,0.02672,0,1,false,1,true,kmeans_highest_centroid
case.lis,363,T_MAN,A,1.2863956264366287,0.02522,0,0,false,0,false,""
case.lis,363,1_2LT,A,1.8182257248595544,0.0253,0,1,false,1,true,kmeans_highest_centroid
case.lis,363,T_OPO,A,1.7936761717120617,0.02547,0,1,false,1,true,kmeans_highest_centroid
case.lis,364,T_MAN,A,1.6649513210326863,0.02474,0,1,true,2,true,sigma_3;kmeans_highest_centroid
case.lis,364,1_2LT,A,2.047169697453784,0.02485,0,1,false,1,true,kmeans_highest_centroid
case.lis,364,T_OPO,A,1.7869164070750907,0.02499,0,1,false,1,true,kmeans_highest_centroid
case.lis,365,T_MAN,A,1.2997089911871988,0.02645,0,0,false,0,false,""
case.lis,365,1_2LT,A,1.7869468480701474,0.02657,0,1,false,1,true,kmeans_highest_centroid
case.lis,365,T_OPO,A,1.743527782954818,0.0267,0,1,false,1,true,kmeans_highest_centroid
case.lis,366,T_MAN,A,1.254916398200165,0.03282,0,0,false,0,false,""
case.lis,366,1_2LT,A,1.6939648819191138,0.03282,0,1,false,1,true,kmeans_highest_centroid
case.lis,366,T_OPO,A,1.7836099203919167,0.03296,0,1,false,1,true,kmeans_highest_centroid
case.lis,367,T_MAN,A,1.522108504841272,0.02548,0,0,false,0,false,""
case.lis,367,1_2LT,A,1.909231342687505,0.02559,0,1,false,1,true,kmeans_highest_centroid
case.lis,367,T_OPO,A,1.8245720067094437,0.02574,0,1,false,1,true,kmeans_highest_centroid
case.lis,368,T_MAN,A,1.4507743372649253,0.02471,0,0,false,0,false,""
case.lis,368,1_2LT,A,1.765152426848425,0.02345,0,1,false,1,true,kmeans_highest_centroid
case.lis,368,T_OPO,A,1.8098246314687114,0.0236,0,1,false,1,true,kmeans_highest_centroid
case.lis,369,T_MAN,A,1.1676408672577365,0.04135,0,0,false,0,false,""
case.lis,369,1_2LT,A,1.328268679499809,0.04147,0,0,false,0,false,""
case.lis,369,T_OPO,A,1.5086302439717068,0.04021,0,0,false,0,false,""
case.lis,370,T_MAN,A,1.2494654987264482,0.03512,0,0,false,0,false,""
case.lis,370,1_2LT,A,1.7889720528590571,0.03523,0,1,false,1,true,kmeans_highest_centroid
case.lis,370,T_OPO,A,1.749533844529052,0.03523,0,1,false,1,true,kmeans_highest_centroid
case.lis,371,T_MAN,A,1.3125250938523392,0.02414,0,0,false,0,false,""
case.lis,371,1_2LT,A,1.635217657552118,0.02412,0,1,false,1,true,kmeans_highest_centroid
case.lis,371,T_OPO,A,1.7838047693850563,0.02542,0,1,false,1,true,kmeans_highest_centroid
case.lis,372,T_MAN,A,1.2441616301463474,0.02428,0,0,false,0,false,""
case.lis,372,1_2LT,A,1.9052934494173612,0.02421,0,1,false,1,true,kmeans_highest_centroid
case.lis,372,T_OPO,A,1.835240288612583,0.02438,0,1,false,1,true,kmeans_highest_centroid
case.lis,373,T_MAN,A,1.4549706417458754,0.03232,0,0,false,0,false,""
case.lis,373,1_2LT,A,1.7002512491457884,0.0324,0,1,false,1,true,kmeans_highest_centroid
case.lis,373,T_OPO,A,1.733701802497404,0.03252,0,1,false,1,true,kmeans_highest_centroid
case.lis,374,T_MAN,A,1.3423299342368007,0.03297,0,0,false,0,false,""
case.lis,374,1_2LT,A,1.9200592490037895,0.03303,0,1,false,1,true,kmeans_highest_centroid
case.lis,374,T_OPO,A,1.8166438581076885,0.03316,0,1,false,1,true,kmeans_highest_centroid
case.lis,375,T_MAN,A,1.427885726457041,0.02508,0,0,false,0,false,""
case.lis,375,1_2LT,A,1.9175641878999263,0.02504,0,1,false,1,true,kmeans_highest_centroid
case.lis,375,T_OPO,A,1.81996938150643,0.02478,0,1,false,1,true,kmeans_highest_centroid
case.lis,376,T_MAN,A,1.275532788412897,0.03314,0,0,false,0,false,""
case.lis,376,1_2LT,A,1.788308057545018,0.03304,0,1,false,1,true,kmeans_highest_centroid
case.lis,376,T_OPO,A,1.7609290272193971,0.03313,0,1,false,1,true,kmeans_highest_centroid
case.lis,377,T_MAN,A,1.1952363481455843,0.03341,0,0,false,0,false,""
case.lis,377,1_2LT,A,1.343883880472501,0.03342,0,0,false,0,false,""
case.lis,377,T_OPO,A,1.4256315485857807,0.03361,0,0,false,0,false,""
case.lis,378,T_MAN,A,1.3882543997444021,0.03363,0,0,false,0,false,""
case.lis,378,1_2LT,A,1.9322409542320083,0.03376,0,1,false,1,true,kmeans_highest_centroid
case.lis,378,T_OPO,A,1.7942074868872973,0.03391,0,1,false,1,true,kmeans_highest_centroid
case.lis,379,T_MAN,A,1.2114491866130621,0.02547,0,0,false,0,false,""
case.lis,379,1_2LT,A,1.329762506989004,0.02287,0,0,false,0,false,""
case.lis,379,T_OPO,A,1.5372004934458676,0.02426,0,1,false,1,true,kmeans_highest_centroid
case.lis,380,T_MAN,A,1.2413245826566204,0.04105,0,0,false,0,false,""
case.lis,380,1_2LT,A,1.6378271519476026,0.04099,0,1,false,1,true,kmeans_highest_centroid
case.lis,380,T_OPO,A,1.650163032384604,0.0422,0,1,false,1,true,kmeans_highest_centroid
case.lis,381,T_MAN,A,1.5685135031994109,0.03387,0,1,false,1,true,kmeans_highest_centroid
case.lis,381,1_2LT,A,1.988728578148158,0.03398,0,1,false,1,true,kmeans_highest_centroid
case.lis,381,T_OPO,A,1.8090099399167532,0.03412,0,1,false,1,true,kmeans_highest_centroid
case.lis,382,T_MAN,A,1.2063989101591275,0.04109,0,0,false,0,false,""
case.lis,382,1_2LT,A,1.3477724824054598,0.04232,0,0,false,0,false,""
case.lis,382,T_OPO,A,1.567457156296316,0.04223,0,1,false,1,true,kmeans_highest_centroid
case.lis,383,T_MAN,A,1.364876319035828,0.03311,0,0,false,0,false,""
case.lis,383,1_2LT,A,1.885236490144395,0.03323,0,1,false,1,true,kmeans_highest_centroid
case.lis,383,T_OPO,A,1.7845272859589802,0.03337,0,1,false,1,true,kmeans_highest_centroid
case.lis,384,T_MAN,A,1.4191126849312636,0.02603,0,0,false,0,false,""
case.lis,384,1_2LT,A,1.8517467628708608,0.02615,0,1,false,1,true,kmeans_highest_centroid
case.lis,384,T_OPO,A,1.837023172430931,0.02588,0,1,false,1,true,kmeans_highest_centroid
case.lis,385,T_MAN,A,1.170941629613852,0.02435,0,0,false,0,false,""
case.lis,385,1_2LT,A,1.695236738642314,0.0242,0,1,false,1,true,kmeans_highest_centroid
case.lis,385,T_OPO,A,1.749189453038331,0.02435,0,1,false,1,true,kmeans_highest_centroid
case.lis,386,T_MAN,A,1.3193388801618786,0.03379,0,0,false,0,false,""
case.lis,386,1_2LT,A,1.9094477488751034,0.03392,0,1,false,1,true,kmeans_highest_centroid
case.lis,386,T_OPO,A,1.7957255517985036,0.03407,0,1,false,1,true,kmeans_highest_centroid
case.lis,387,T_MAN,A,1.5299775641878999,0.03365,0,1,false,1,true,kmeans_highest_centroid
case.lis,387,1_2LT,A,1.7565072552517371,0.0336,0,1,false,1,true,kmeans_highest_centroid
case.lis,387,T_OPO,A,1.7959265688649857,0.03362,0,1,false,1,true,kmeans_highest_centroid
case.lis,388,T_MAN,A,1.1397219929533091,0.03337,0,0,false,0,false,""
case.lis,388,1_2LT,A,1.4338641426378056,0.02752,0,0,false,0,false,""
case.lis,388,T_OPO,A,1.566247361928344,0.03451,0,1,false,1,true,kmeans_highest_centroid
case.lis,389,T_MAN,A,1.4819620685676758,0.03369,0,0,false,0,false,""
case.lis,389,1_2LT,A,1.921814886800323,0.03366,0,1,false,1,true,kmeans_highest_centroid
case.lis,389,T_OPO,A,1.838227331221101,0.03378,0,1,false,1,true,kmeans_highest_centroid
case.lis,390,T_MAN,A,1.230600477471001,0.02564,0,0,false,0,false,""
case.lis,390,1_2LT,A,1.5567804432137882,0.02451,0,1,false,1,true,kmeans_highest_centroid
case.lis,390,T_OPO,A,1.7241149480373101,0.02587,0,1,false,1,true,kmeans_highest_centroid
case.lis,391,T_MAN,A,1.1193567453872573,0.0416,0,0,false,0,false,""
case.lis,391,1_2LT,A,1.2444210442237547,0.04272,0,0,false,0,false,""
case.lis,391,T_OPO,A,1.413693211569353,0.04289,0,0,false,0,false,""
case.lis,392,T_MAN,A,1.531234945907328,0.02562,0,1,false,1,true,kmeans_highest_centroid
case.lis,392,1_2LT,A,1.7039256458727159,0.02575,0,1,false,1,true,kmeans_highest_centroid
case.lis,392,T_OPO,A,1.8408181793977476,0.02555,0,1,false,1,true,kmeans_highest_centroid
case.lis,393,T_MAN,A,1.2012217222680759,0.02545,0,0,false,0,false,""
case.lis,393,1_2LT,A,1.3980929559714939,0.02428,0,0,false,0,false,""
case.lis,393,T_OPO,A,1.6952758770645295,0.02418,0,1,false,1,true,kmeans_highest_centroid
case.lis,394,T_MAN,A,1.3262370492647124,0.03454,0,0,false,0,false,""
case.lis,394,1_2LT,A,1.7433617064707083,0.03448,0,1,false,1,true,kmeans_highest_centroid
case.lis,394,T_OPO,A,1.7424345341107768,0.03441,0,1,false,1,true,kmeans_highest_centroid
case.lis,395,T_MAN,A,1.2384825829583679,0.03325,0,0,false,0,false,""
case.lis,395,1_2LT,A,1.551194138999086,0.03314,0,1,false,1,true,kmeans_highest_centroid
case.lis,395,T_OPO,A,1.6271714724389181,0.02712,0,1,false,1,true,kmeans_highest_centroid
case.lis,396,T_MAN,A,1.2925662735074592,0.025,0,0,false,0,false,""
case.lis,396,1_2LT,A,1.6508081507317376,0.02486,0,1,false,1,true,kmeans_highest_centroid
case.lis,396,T_OPO,A,1.7425067227561968,0.02351,0,1,false,1,true,kmeans_highest_centroid
case.lis,397,T_MAN,A,1.2433631087089645,0.03237,0,0,false,0,false,""
case.lis,397,1_2LT,A,1.8216350453064956,0.03233,0,1,false,1,true,kmeans_highest_centroid
case.lis,397,T_OPO,A,1.7604371965884786,0.03248,0,1,false,1,true,kmeans_highest_centroid
case.lis,398,T_MAN,A,1.1572585620845426,0.03382,0,0,false,0,false,""
case.lis,398,1_2LT,A,1.3100939588380947,0.03248,0,0,false,0,false,""
case.lis,398,T_OPO,A,1.3807399913025729,0.03364,0,0,false,0,false,""
case.lis,399,T_MAN,A,1.1426000869742716,0.02529,0,0,false,0,false,""
case.lis,399,1_2LT,A,1.4984595791510245,0.02429,0,0,false,0,false,""
case.lis,399,T_OPO,A,1.716366782928193,0.02284,0,1,false,1,true,kmeans_highest_centroid
case.lis,400,T_MAN,A,1.1171862935647914,0.04141,0,0,false,0,false,""
case.lis,400,1_2LT,A,1.3029344941736114,0.04051,0,0,false,0,false,""
case.lis,400,T_OPO,A,1.4584022471311804,0.04165,0,0,false,0,false,""
case.lis,401,T_MAN,A,1.2359337753046318,0.02474,0,0,false,0,false,""
case.lis,401,1_2LT,A,1.5263623454653568,0.02578,0,1,false,1,true,kmeans_highest_centroid
case.lis,401,T_OPO,A,1.7508146294274787,0.02443,0,1,false,1,true,kmeans_highest_centroid
case.lis,402,T_MAN,A,1.5086870434960107,0.03321,0,0,false,0,false,""
case.lis,402,1_2LT,A,2.092077611225006,0.03326,0,1,false,1,true,kmeans_highest_centroid
case.lis,402,T_OPO,A,1.8365748733104361,0.0334,0,1,false,1,true,kmeans_highest_centroid
case.lis,403,T_MAN,A,1.4432946031576985,0.03284,0,0,false,0,false,""
case.lis,403,1_2LT,A,1.7421265386902385,0.03271,0,1,false,1,true,kmeans_highest_centroid
case.lis,403,T_OPO,A,1.742498477950247,0.03254,0,1,false,1,true,kmeans_highest_centroid
case.lis,404,T_MAN,A,1.3200306184935702,0.02553,0,0,false,0,false,""
case.lis,404,1_2LT,A,1.8585173549171525,0.0256,0,1,false,1,true,kmeans_highest_centroid
case.lis,404,T_OPO,A,1.831831962157317,0.02578,0,1,false,1,true,kmeans_highest_centroid
case.lis,405,T_MAN,A,1.1428253325878397,0.04153,0,0,false,0,false,""
case.lis,405,1_2LT,A,1.195764974218341,0.04234,0,0,false,0,false,""
case.lis,405,T_OPO,A,1.356484553191867,0.04127,0,0,false,0,false,""
case.lis,406,T_MAN,A,1.266743612272247,0.02668,0,0,false,0,false,""
case.lis,406,1_2LT,A,1.8122711822288489,0.02679,0,1,false,1,true,kmeans_highest_centroid
case.lis,406,T_OPO,A,1.76036555818845,0.02694,0,1,false,1,true,kmeans_highest_centroid
case.lis,407,T_MAN,A,1.318336679180312,0.03291,0,0,false,0,false,""
case.lis,407,1_2LT,A,1.751432279879656,0.03166,0,1,false,1,true,kmeans_highest_centroid
case.lis,407,T_OPO,A,1.788549242525094,0.0331,0,1,false,1,true,kmeans_highest_centroid
case.lis,408,T_MAN,A,1.196346459348403,0.02427,0,0,false,0,false,""
case.lis,408,1_2LT,A,1.5580443213788084,0.02441,0,1,false,1,true,kmeans_highest_centroid
case.lis,408,T_OPO,A,1.6919041153030343,0.02459,0,1,false,1,true,kmeans_highest_centroid
case.lis,409,T_MAN,A,1.2908340122651474,0.03288,0,0,false,0,false,""
case.lis,409,1_2LT,A,1.9232217843925556,0.03302,0,1,false,1,true,kmeans_highest_centroid
case.lis,409,T_OPO,A,1.7898177179016126,0.03316,0,1,false,1,true,kmeans_highest_centroid
case.lis,410,T_MAN,A,1.4116364475447518,0.02574,0,0,false,0,false,""
case.lis,410,1_2LT,A,1.8297939242258847,0.02583,0,1,false,1,true,kmeans_highest_centroid
case.lis,410,T_OPO,A,1.7796518366658678,0.02598,0,1,false,1,true,kmeans_highest_centroid
case.lis,411,T_MAN,A,1.348021867816857,0.02544,0,0,false,0,false,""
case.lis,411,1_2LT,A,1.83781827702193,0.02405,0,1,false,1,true,kmeans_highest_centroid
case.lis,411,T_OPO,A,1.7502760989376713,0.02422,0,1,false,1,true,kmeans_highest_centroid
case.lis,412,T_MAN,A,1.197923959636838,0.03305,0,0,false,0,false,""
case.lis,412,1_2LT,A,1.6609996272531216,0.03312,0,1,false,1,true,kmeans_highest_centroid
case.lis,412,T_OPO,A,1.7570186373439123,0.03329,0,1,false,1,true,kmeans_highest_centroid
case.lis,413,T_MAN,A,1.2018091535983386,0.02478,0,0,false,0,false,""
case.lis,413,1_2LT,A,1.4413077202978426,0.02492,0,0,false,0,false,""
case.lis,413,T_OPO,A,1.5707827684443143,0.02359,0,1,false,1,true,kmeans_highest_centroid
case.lis,414,T_MAN,A,1.3698201851309495,0.03443,0,0,false,0,false,""
case.lis,414,1_2LT,A,2.018828385562271,0.03455,0,1,false,1,true,kmeans_highest_centroid
case.lis,414,T_OPO,A,1.8029778659353728,0.03469,0,1,false,1,true,kmeans_highest_centroid
case.lis,415,T_MAN,A,1.196008945925078,0.0339,0,0,false,0,false,""
case.lis,415,1_2LT,A,1.5215727255784233,0.03252,0,0,false,0,false,""
case.lis,415,T_OPO,A,1.6915840588585072,0.0327,0,1,false,1,true,kmeans_highest_centroid
case.lis,416,T_MAN,A,1.2963026172155807,0.02661,0,0,false,0,false,""
case.lis,416,1_2LT,A,1.7366853040105787,0.02659,0,1,false,1,true,kmeans_highest_centroid
case.lis,416,T_OPO,A,1.7804017678851938,0.02663,0,1,false,1,true,kmeans_highest_centroid
case.lis,417,T_MAN,A,1.1644031168738962,0.04142,0,0,false,0,false,""
case.lis,417,1_2LT,A,1.5751340113776546,0.03556,0,1,false,1,true,kmeans_highest_centroid
case.lis,417,T_OPO,A,1.7951608225281115,0.03536,0,1,false,1,true,kmeans_highest_centroid
case.lis,418,T_MAN,A,1.1136562741287042,0.03328,0,0,false,0,false,""
case.lis,418,1_2LT,A,1.385814567302999,0.03196,0,0,false,0,false,""
case.lis,418,T_OPO,A,1.4952042564143526,0.02843,0,0,false,0,false,""
case.lis,419,T_MAN,A,1.3455298330626482,0.03348,0,0,false,0,false,""
case.lis,419,1_2LT,A,1.8883672000496996,0.0336,0,1,false,1,true,kmeans_highest_centroid
case.lis,419,T_OPO,A,1.817129556164967,0.03361,0,1,false,1,true,kmeans_highest_centroid
case.lis,420,T_MAN,A,1.3524882451609468,0.03189,0,0,false,0,false,""
case.lis,420,1_2LT,A,2.0349112862429775,0.032,0,1,false,1,true,kmeans_highest_centroid
case.lis,420,T_OPO,A,1.833638151530481,0.03216,0,1,false,1,true,kmeans_highest_centroid
case.lis,421,T_MAN,A,1.1429734550973136,0.02458,0,0,false,0,false,""
case.lis,421,1_2LT,A,1.356304480949972,0.02592,0,0,false,0,false,""
case.lis,421,T_OPO,A,1.5622326650514302,0.02581,0,1,false,1,true,kmeans_highest_centroid
case.lis,422,T_MAN,A,1.1410176522271627,0.03308,0,0,false,0,false,""
case.lis,422,1_2LT,A,1.1671747561614172,0.03209,0,0,false,0,false,""
case.lis,422,T_OPO,A,1.3216398200165074,0.03191,0,0,false,0,false,""
case.lis,423,T_MAN,A,1.2509455523309991,0.03311,0,0,false,0,false,""
case.lis,423,1_2LT,A,1.6924938541139718,0.02726,0,1,false,1,true,kmeans_highest_centroid
case.lis,423,T_OPO,A,1.7280564800269798,0.02711,0,1,false,1,true,kmeans_highest_centroid
case.lis,424,T_MAN,A,1.3424248959414966,0.02637,0,0,false,0,false,""
case.lis,424,1_2LT,A,1.937264481659966,0.0265,0,1,false,1,true,kmeans_highest_centroid
case.lis,424,T_OPO,A,1.8042104422375462,0.02663,0,1,false,1,true,kmeans_highest_centroid
case.lis,425,T_MAN,A,1.3202148619505312,0.02544,0,0,false,0,false,""
case.lis,425,1_2LT,A,1.9102625203013923,0.02557,0,1,false,1,true,kmeans_highest_centroid
case.lis,425,T_OPO,A,1.7959598675861088,0.02572,0,1,false,1,true,kmeans_highest_centroid
case.lis,426,T_MAN,A,1.4931277900547584,0.02538,0,0,false,0,false,""
case.lis,426,1_2LT,A,1.9012744393265706,0.02549,0,1,false,1,true,kmeans_highest_centroid
case.lis,426,T_OPO,A,1.7929451440844182,0.02563,0,1,false,1,true,kmeans_highest_centroid
case.lis,427,T_MAN,A,1.3053534439149073,0.02557,0,0,false,0,false,""
case.lis,427,1_2LT,A,1.9137422899083218,0.02571,0,1,false,1,true,kmeans_highest_centroid
case.lis,427,T_OPO,A,1.7982282985879994,0.02586,0,1,false,1,true,kmeans_highest_centroid
case.lis,428,T_MAN,A,1.1836613505861888,0.02459,0,0,false,0,false,""
case.lis,428,1_2LT,A,1.646594957267233,0.02471,0,1,false,1,true,kmeans_highest_centroid
case.lis,428,T_OPO,A,1.6839196109232586,0.02489,0,1,false,1,true,kmeans_highest_centroid
case.lis,429,T_MAN,A,1.2655808993849675,0.03311,0,0,false,0,false,""
case.lis,429,1_2LT,A,1.4226415683768647,0.033,0,0,false,0,false,""
case.lis,429,T_OPO,A,1.6642935736663205,0.03288,0,1,false,1,true,kmeans_highest_centroid
case.lis,430,T_MAN,A,1.2851944939961126,0.0248,0,0,false,0,false,""
case.lis,430,1_2LT,A,1.6425126689563974,0.02347,0,1,false,1,true,kmeans_highest_centroid
case.lis,430,T_OPO,A,1.7369855427460796,0.0237,0,1,false,1,true,kmeans_highest_centroid
case.lis,431,T_MAN,A,1.3601473415160146,0.03303,0,0,false,0,false,""
case.lis,431,1_2LT,A,1.778923986261615,0.03297,0,1,false,1,true,kmeans_highest_centroid
case.lis,431,T_OPO,A,1.7305409533445157,0.03312,0,1,false,1,true,kmeans_highest_centroid
case.lis,432,T_MAN,A,1.306770796169582,0.03299,0,0,false,0,false,""
case.lis,432,1_2LT,A,1.3168578946901321,0.03308,0,0,false,0,false,""
case.lis,432,T_OPO,A,1.6508275424443322,0.03325,0,1,false,1,true,kmeans_highest_centroid
case.lis,433,T_MAN,A,1.1655944425215439,0.03271,0,0,false,0,false,""
case.lis,433,1_2LT,A,1.5430955208250132,0.03275,0,1,false,1,true,kmeans_highest_centroid
case.lis,433,T_OPO,A,1.7406001402238258,0.0327,0,1,false,1,true,kmeans_highest_centroid
case.lis,434,T_MAN,A,1.1627938266017022,0.0416,0,0,false,0,false,""
case.lis,434,1_2LT,A,1.5210312574882185,0.03575,0,0,false,0,false,""
case.lis,434,T_OPO,A,1.5702078862589528,0.0359,0,1,false,1,true,kmeans_highest_centroid
case.lis,435,T_MAN,A,1.346624244521952,0.02585,0,0,false,0,false,""
case.lis,435,1_2LT,A,1.8369728516023678,0.02584,0,1,false,1,true,kmeans_highest_centroid
case.lis,435,T_OPO,A,1.7581766465205855,0.02581,0,1,false,1,true,kmeans_highest_centroid
case.lis,436,T_MAN,A,1.3018756267916256,0.02407,0,0,false,0,false,""
case.lis,436,1_2LT,A,1.8620016507361752,0.02407,0,1,false,1,true,kmeans_highest_centroid
case.lis,436,T_OPO,A,1.800049699583766,0.02418,0,1,false,1,true,kmeans_highest_centroid
case.lis,437,T_MAN,A,1.1009908854513344,0.04126,0,0,false,0,false,""
case.lis,437,1_2LT,A,1.6130203058299386,0.03553,0,1,false,1,true,kmeans_highest_centroid
case.lis,437,T_OPO,A,1.6693843020314705,0.03571,0,1,false,1,true,kmeans_highest_centroid
case.lis,438,T_MAN,A,1.117638559777062,0.04095,0,0,false,0,false,""
case.lis,438,1_2LT,A,1.2517924332383714,0.03611,0,0,false,0,false,""
case.lis,438,T_OPO,A,1.6749377512713333,0.03612,0,1,false,1,true,kmeans_highest_centroid
case.lis,439,T_MAN,A,1.410315947353941,0.02421,0,0,false,0,false,""
case.lis,439,1_2LT,A,1.8248404732110368,0.02418,0,1,false,1,true,kmeans_highest_centroid
case.lis,439,T_OPO,A,1.8016835734000727,0.02444,0,1,false,1,true,kmeans_highest_centroid
case.lis,440,T_MAN,A,1.2322429599652103,0.02686,0,0,false,0,false,""
case.lis,440,1_2LT,A,1.795473521659256,0.0269,0,1,false,1,true,kmeans_highest_centroid
case.lis,440,T_OPO,A,1.7672746878244894,0.02704,0,1,false,1,true,kmeans_highest_centroid
case.lis,441,T_MAN,A,1.2466325869520842,0.04014,0,0,false,0,false,""
case.lis,441,1_2LT,A,1.6759647487952287,0.04019,0,1,false,1,true,kmeans_highest_centroid
case.lis,441,T_OPO,A,1.6737672284494618,0.04039,0,1,false,1,true,kmeans_highest_centroid
case.lis,442,T_MAN,A,1.1839944797962316,0.03371,0,0,false,0,false,""
case.lis,442,1_2LT,A,1.2691377033467344,0.03236,0,0,false,0,false,""
case.lis,442,T_OPO,A,1.5392563966026784,0.03388,0,1,false,1,true,kmeans_highest_centroid
case.lis,443,T_MAN,A,1.5162073005138583,0.03307,0,0,false,0,false,""
case.lis,443,1_2LT,A,2.078453996822777,0.03313,0,1,false,1,true,kmeans_highest_centroid
case.lis,443,T_OPO,A,1.8414257301845096,0.03326,0,1,false,1,true,kmeans_highest_centroid
case.lis,444,T_MAN,A,1.1843276977555313,0.0329,0,0,false,0,false,""
case.lis,444,1_2LT,A,1.3464767610071267,0.03288,0,0,false,0,false,""
case.lis,444,T_OPO,A,1.494042005023208,0.03316,0,0,false,0,false,""
case.lis,445,T_MAN,A,1.1685884430717894,0.04141,0,0,false,0,false,""
case.lis,445,1_2LT,A,1.379310418275247,0.04135,0,0,false,0,false,""
case.lis,445,T_OPO,A,1.6479657782866068,0.04153,0,1,false,1,true,kmeans_highest_centroid
case.lis,446,T_MAN,A,1.124294487783665,0.04188,0,0,false,0,false,""
case.lis,446,1_2LT,A,1.2535984273631708,0.04138,0,0,false,0,false,""
case.lis,446,T_OPO,A,1.3511412266922265,0.04158,0,0,false,0,false,""
case.lis,447,T_MAN,A,1.2679379997692521,0.0325,0,0,false,0,false,""
case.lis,447,1_2LT,A,1.8519330919353552,0.03246,0,1,false,1,true,kmeans_highest_centroid
case.lis,447,T_OPO,A,1.767539293733415,0.03261,0,1,false,1,true,kmeans_highest_centroid
case.lis,448,T_MAN,A,1.2466939304383324,0.03328,0,0,false,0,false,""
case.lis,448,1_2LT,A,1.7155121098360802,0.03185,0,1,false,1,true,kmeans_highest_centroid
case.lis,448,T_OPO,A,1.7794589401563763,0.03323,0,1,false,1,true,kmeans_highest_centroid
case.lis,449,T_MAN,A,1.450149267374886,0.03442,0,0,false,0,false,""
case.lis,449,1_2LT,A,1.9200428303912955,0.03454,0,1,false,1,true,kmeans_highest_centroid
case.lis,449,T_OPO,A,1.8130693930438333,0.03467,0,1,false,1,true,kmeans_highest_centroid
case.lis,450,T_MAN,A,1.1766468134579373,0.03359,0,0,false,0,false,""
case.lis,450,1_2LT,A,1.5786612174623038,0.03375,0,1,false,1,true,kmeans_highest_centroid
case.lis,450,T_OPO,A,1.7156924572006709,0.03385,0,1,false,1,true,kmeans_highest_centroid
case.lis,451,T_MAN,A,1.3746677582825244,0.03427,0,0,false,0,false,""
case.lis,451,1_2LT,A,1.9216309273409835,0.03439,0,1,false,1,true,kmeans_highest_centroid
case.lis,451,T_OPO,A,1.7746828989057217,0.03454,0,1,false,1,true,kmeans_highest_centroid
case.lis,452,T_MAN,A,1.2344880410376564,0.03248,0,0,false,0,false,""
case.lis,452,1_2LT,A,1.8523761459747774,0.03244,0,1,false,1,true,kmeans_highest_centroid
case.lis,452,T_OPO,A,1.7642915501832672,0.03258,0,1,false,1,true,kmeans_highest_centroid
case.lis,453,T_MAN,A,1.402676766332082,0.02564,0,0,false,0,false,""
case.lis,453,1_2LT,A,1.879110643698359,0.02576,0,1,false,1,true,kmeans_highest_centroid
case.lis,453,T_OPO,A,1.7995587386955634,0.0259,0,1,false,1,true,kmeans_highest_centroid
case.lis,454,T_MAN,A,1.1249099638790525,0.04175,0,0,false,0,false,""
case.lis,454,1_2LT,A,1.3475715008386806,0.03595,0,0,false,0,false,""
case.lis,454,T_OPO,A,1.7273735722463324,0.03595,0,1,false,1,true,kmeans_highest_centroid
case.lis,455,T_MAN,A,1.2341768062692475,0.0241,0,0,false,0,false,""
case.lis,455,1_2LT,A,1.9688484783939935,0.02405,0,1,false,1,true,kmeans_highest_centroid
case.lis,455,T_OPO,A,1.839327546881795,0.02422,0,1,false,1,true,kmeans_highest_centroid
case.lis,456,T_MAN,A,1.3251389014617003,0.03311,0,0,false,0,false,""
case.lis,456,1_2LT,A,1.9239459428277288,0.03306,0,1,false,1,true,kmeans_highest_centroid
case.lis,456,T_OPO,A,1.7911284734240351,0.03321,0,1,false,1,true,kmeans_highest_centroid
case.lis,457,T_MAN,A,1.1299754164558873,0.04089,0,0,false,0,false,""
case.lis,457,1_2LT,A,1.3999442654667766,0.03614,0,0,false,0,false,""
case.lis,457,T_OPO,A,1.7199801556661962,0.03603,0,1,false,1,true,kmeans_highest_centroid
case.lis,458,T_MAN,A,1.5050384728027904,0.02475,0,0,false,0,false,""
case.lis,458,1_2LT,A,2.1096998500137563,0.02477,0,1,false,1,true,kmeans_highest_centroid
case.lis,458,T_OPO,A,1.8587913238726625,0.02498,0,1,false,1,true,kmeans_highest_centroid
case.lis,459,T_MAN,A,1.2464369835902624,0.0244,0,0,false,0,false,""
case.lis,459,1_2LT,A,1.63280066029447,0.02435,0,1,false,1,true,kmeans_highest_centroid
case.lis,459,T_OPO,A,1.696981105283243,0.02451,0,1,false,1,true,kmeans_highest_centroid
case.lis,460,T_MAN,A,1.376685925255376,0.03434,0,0,false,0,false,""
case.lis,460,1_2LT,A,1.8892595028266637,0.03446,0,1,false,1,true,kmeans_highest_centroid
case.lis,460,T_OPO,A,1.7925280669524393,0.0346,0,1,false,1,true,kmeans_highest_centroid
case.lis,461,T_MAN,A,1.2611247193304755,0.04198,0,0,false,0,false,""
case.lis,461,1_2LT,A,1.6343473823406727,0.03945,0,1,false,1,true,kmeans_highest_centroid
case.lis,461,T_OPO,A,1.7336805204256416,0.0408,0,1,false,1,true,kmeans_highest_centroid
case.lis,462,T_MAN,A,1.2935968653762524,0.03344,0,0,false,0,false,""
case.lis,462,1_2LT,A,1.8291079545958802,0.03189,0,1,false,1,true,kmeans_highest_centroid
case.lis,462,T_OPO,A,1.747836186621937,0.03201,0,1,false,1,true,kmeans_highest_centroid
case.lis,463,T_MAN,A,1.141414476778757,0.03288,0,0,false,0,false,""
case.lis,463,1_2LT,A,1.7064452372711378,0.02702,0,1,false,1,true,kmeans_highest_centroid
case.lis,463,T_OPO,A,1.7939611455754059,0.02691,0,1,false,1,true,kmeans_highest_centroid
case.lis,464,T_MAN,A,1.2034242125722199,0.03342,0,0,false,0,false,""
case.lis,464,1_2LT,A,1.460481136345483,0.03339,0,0,false,0,false,""
case.lis,464,T_OPO,A,1.5272988098724674,0.03356,0,1,false,1,true,kmeans_highest_centroid
case.lis,465,T_MAN,A,1.183830497794581,0.03407,0,0,false,0,false,""
case.lis,465,1_2LT,A,1.494412692918697,0.03268,0,0,false,0,false,""
case.lis,465,T_OPO,A,1.6539998757510406,0.03279,0,1,false,1,true,kmeans_highest_centroid
case.lis,466,T_MAN,A,1.3512133620880926,0.03277,0,0,false,0,false,""
case.lis,466,1_2LT,A,1.9138518686156003,0.03288,0,1,false,1,true,kmeans_highest_centroid
case.lis,466,T_OPO,A,1.8116092192727886,0.03278,0,1,false,1,true,kmeans_highest_centroid
case.lis,467,T_MAN,A,1.2786020217080682,0.02667,0,0,false,0,false,""
case.lis,467,1_2LT,A,1.8576274661199714,0.02679,0,1,false,1,true,kmeans_highest_centroid
case.lis,467,T_OPO,A,1.7837863982889144,0.02692,0,1,false,1,true,kmeans_highest_centroid
case.lis,468,T_MAN,A,1.4334763793853227,0.03333,0,0,false,0,false,""
case.lis,468,1_2LT,A,1.9453510210601987,0.03338,0,1,false,1,true,kmeans_highest_centroid
case.lis,468,T_OPO,A,1.7736184491954878,0.03327,0,1,false,1,true,kmeans_highest_centroid
case.lis,469,T_MAN,A,1.1951662717324743,0.03272,0,0,false,0,false,""
case.lis,469,1_2LT,A,1.3470171996059532,0.03274,0,0,false,0,false,""
case.lis,469,T_OPO,A,1.5325226976224073,0.03256,0,1,false,1,true,kmeans_highest_centroid
case.lis,470,T_MAN,A,1.2136415595019392,0.04199,0,0,false,0,false,""
case.lis,470,1_2LT,A,1.4688947167567472,0.04062,0,0,false,0,false,""
case.lis,470,T_OPO,A,1.6243542160334405,0.0408,0,1,false,1,true,kmeans_highest_centroid
case.lis,471,T_MAN,A,1.1341418124373208,0.03355,0,0,false,0,false,""
case.lis,471,1_2LT,A,1.4829071239028375,0.03223,0,0,false,0,false,""
case.lis,471,T_OPO,A,1.749728764521597,0.03206,0,1,false,1,true,kmeans_highest_centroid
case.lis,472,T_MAN,A,1.1870346210850484,0.02496,0,0,false,0,false,""
case.lis,472,1_2LT,A,1.3946738908561642,0.02512,0,0,false,0,false,""
case.lis,472,T_OPO,A,1.4777952909644383,0.0252,0,0,false,0,false,""
case.lis,473,T_MAN,A,1.1726472927039235,0.03302,0,0,false,0,false,""
case.lis,473,1_2LT,A,1.5798517798663436,0.03304,0,1,false,1,true,kmeans_highest_centroid
case.lis,473,T_OPO,A,1.7620404607861408,0.03164,0,1,false,1,true,kmeans_highest_centroid
case.lis,474,T_MAN,A,1.1865093852338986,0.03335,0,0,false,0,false,""
case.lis,474,1_2LT,A,1.2510352157050684,0.03217,0,0,false,0,false,""
case.lis,474,T_OPO,A,1.454254328744997,0.03453,0,0,false,0,false,""
case.lis,475,T_MAN,A,1.2127312495007854,0.03358,0,0,false,0,false,""
case.lis,475,1_2LT,A,1.5289125553573488,0.03359,0,1,false,1,true,kmeans_highest_centroid
case.lis,475,T_OPO,A,1.6955151983102141,0.03238,0,1,false,1,true,kmeans_highest_centroid
case.lis,476,T_MAN,A,1.2711447766624955,0.04098,0,0,false,0,false,""
case.lis,476,1_2LT,A,1.6731671059754876,0.03959,0,1,false,1,true,kmeans_highest_centroid
case.lis,476,T_OPO,A,1.7685185974067468,0.03971,0,1,false,1,true,kmeans_highest_centroid
case.lis,477,T_MAN,A,1.2518735944336468,0.03319,0,0,false,0,false,""
case.lis,477,1_2LT,A,1.4418516733672355,0.03306,0,0,false,0,false,""
case.lis,477,T_OPO,A,1.6703849055264162,0.03297,0,1,false,1,true,kmeans_highest_centroid
case.lis,478,T_MAN,A,1.1472743328274626,0.0418,0,0,false,0,false,""
case.lis,478,1_2LT,A,1.6136727992403064,0.03604,0,1,false,1,true,kmeans_highest_centroid
case.lis,478,T_OPO,A,1.686462552251125,0.03586,0,1,false,1,true,kmeans_highest_centroid
case.lis,479,T_MAN,A,1.4552640734133853,0.02588,0,0,false,0,false,""
case.lis,479,1_2LT,A,2.0202924288009085,0.026,0,1,false,1,true,kmeans_highest_centroid
case.lis,479,T_OPO,A,1.8278840402211631,0.02614,0,1,false,1,true,kmeans_highest_centroid
case.lis,480,T_MAN,A,1.2468782892693273,0.03323,0,0,false,0,false,""
case.lis,480,1_2LT,A,1.5053274403826868,0.02735,0,0,false,0,false,""
case.lis,480,T_OPO,A,1.5777528688197235,0.02717,0,1,false,1,true,kmeans_highest_centroid
case.lis,481,T_MAN,A,1.149800314172369,0.02482,0,0,false,0,false,""
case.lis,481,1_2LT,A,1.5570119012753267,0.02468,0,1,false,1,true,kmeans_highest_centroid
case.lis,481,T_OPO,A,1.78010676535584,0.02324,0,1,false,1,true,kmeans_highest_centroid
case.lis,482,T_MAN,A,1.1863074984247008,0.02557,0,0,false,0,false,""
case.lis,482,1_2LT,A,1.8893599403604995,0.02388,0,1,false,1,true,kmeans_highest_centroid
case.lis,482,T_OPO,A,1.8016978620304056,0.02397,0,1,false,1,true,kmeans_highest_centroid
case.lis,483,T_MAN,A,1.137880712124036,0.03443,0,0,false,0,false,""
case.lis,483,1_2LT,A,1.667230313196127,0.02735,0,1,false,1,true,kmeans_highest_centroid
case.lis,483,T_OPO,A,1.7508417867000365,0.02742,0,1,false,1,true,kmeans_highest_centroid
case.lis,484,T_MAN,A,1.1554441456552802,0.02428,0,0,false,0,false,""
case.lis,484,1_2LT,A,1.4750809836967615,0.0243,0,0,false,0,false,""
case.lis,484,T_OPO,A,1.7458847857149196,0.02289,0,1,false,1,true,kmeans_highest_centroid
case.lis,485,T_MAN,A,1.3263566655129264,0.02512,0,0,false,0,false,""
case.lis,485,1_2LT,A,1.9239727717280368,0.02507,0,1,false,1,true,kmeans_highest_centroid
case.lis,485,T_OPO,A,1.797045714742139,0.02522,0,1,false,1,true,kmeans_highest_centroid
case.lis,486,T_MAN,A,1.3121553644488229,0.02629,0,0,false,0,false,""
case.lis,486,1_2LT,A,1.7733704305226443,0.02642,0,1,false,1,true,kmeans_highest_centroid
case.lis,486,T_OPO,A,1.738971218616044,0.02656,0,1,false,1,true,kmeans_highest_centroid
case.lis,487,T_MAN,A,1.3058664146187775,0.02353,0,0,false,0,false,""
case.lis,487,1_2LT,A,1.739598498362576,0.02348,0,1,false,1,true,kmeans_highest_centroid
case.lis,487,T_OPO,A,1.7764408885575582,0.02476,0,1,false,1,true,kmeans_highest_centroid
case.lis,488,T_MAN,A,1.1642614908100144,0.03239,0,0,false,0,false,""
case.lis,488,1_2LT,A,1.3024459916398199,0.03357,0,0,false,0,false,""
case.lis,488,T_OPO,A,1.6306850200129575,0.03223,0,1,false,1,true,kmeans_highest_centroid
case.lis,489,T_MAN,A,1.3171092592099543,0.0339,0,0,false,0,false,""
case.lis,489,1_2LT,A,1.816294381284557,0.0312,0,1,false,1,true,kmeans_highest_centroid
case.lis,489,T_OPO,A,1.8106004863459269,0.03252,0,1,false,1,true,kmeans_highest_centroid
case.lis,490,T_MAN,A,1.1523361466847715,0.02488,0,0,false,0,false,""
case.lis,490,1_2LT,A,1.1779337398049292,0.02588,0,0,false,0,false,""
case.lis,490,T_OPO,A,1.3226563540030354,0.02606,0,0,false,0,false,""
case.lis,491,T_MAN,A,1.2982521721380584,0.04134,0,0,false,0,false,""
case.lis,491,1_2LT,A,1.6264178581254383,0.03555,0,1,false,1,true,kmeans_highest_centroid
case.lis,491,T_OPO,A,1.6617088136886853,0.0357,0,1,false,1,true,kmeans_highest_centroid
case.lis,492,T_MAN,A,1.2163137108726714,0.04137,0,0,false,0,false,""
case.lis,492,1_2LT,A,1.6083312477258003,0.0415,0,1,false,1,true,kmeans_highest_centroid
case.lis,492,T_OPO,A,1.689126174818286,0.04158,0,1,false,1,true,kmeans_highest_centroid
case.lis,493,T_MAN,A,1.548750286216353,0.03352,0,1,false,1,true,kmeans_highest_centroid
case.lis,493,1_2LT,A,1.77933678567942,0.03349,0,1,false,1,true,kmeans_highest_centroid
case.lis,493,T_OPO,A,1.8054057971014492,0.03346,0,1,false,1,true,kmeans_highest_centroid
case.lis,494,T_MAN,A,1.1557315157485557,0.04086,0,0,false,0,false,""
case.lis,494,1_2LT,A,1.2154317207593388,0.04076,0,0,false,0,false,""
case.lis,494,T_OPO,A,1.2391572370581396,0.04094,0,0,false,0,false,""
case.lis,495,T_MAN,A,1.2607446151388482,0.0356,0,0,false,0,false,""
case.lis,495,1_2LT,A,1.5589512677831323,0.03572,0,1,false,1,true,kmeans_highest_centroid
case.lis,495,T_OPO,A,1.6323697826530703,0.04032,0,1,false,1,true,kmeans_highest_centroid
case.lis,496,T_MAN,A,1.355611455754058,0.03279,0,0,false,0,false,""
case.lis,496,1_2LT,A,1.85794959042218,0.03291,0,1,false,1,true,kmeans_highest_centroid
case.lis,496,T_OPO,A,1.8030672896864488,0.03293,0,1,false,1,true,kmeans_highest_centroid
case.lis,497,T_MAN,A,1.2048334620197554,0.02466,0,0,false,0,false,""
case.lis,497,1_2LT,A,1.525899784339306,0.02499,0,1,false,1,true,kmeans_highest_centroid
case.lis,497,T_OPO,A,1.6803108886463076,0.02483,0,1,false,1,true,kmeans_highest_centroid
case.lis,498,T_MAN,A,1.4150544476690008,0.02577,0,0,false,0,false,""
case.lis,498,1_2LT,A,1.8437750383840537,0.02589,0,1,false,1,true,kmeans_highest_centroid
case.lis,498,T_OPO,A,1.7657031159864036,0.02592,0,1,false,1,true,kmeans_highest_centroid
case.lis,499,T_MAN,A,1.5427699708014946,0.03399,0,1,false,1,true,kmeans_highest_centroid
case.lis,499,1_2LT,A,2.1249834305137694,0.0341,0,1,false,1,true,kmeans_highest_centroid
case.lis,499,T_OPO,A,1.8456830054048299,0.03424,0,1,false,1,true,kmeans_highest_centroid
case.lis,500,T_MAN,A,1.384708849188388,0.03306,0,0,false,0,false,""
case.lis,500,1_2LT,A,1.9403825714209644,0.03318,0,1,false,1,true,kmeans_highest_centroid
case.lis,500,T_OPO,A,1.7894844644426104,0.03332,0,1,false,1,true,kmeans_highest_centroid
case.lis,501,T_MAN,A,1.20225245613568,0.02468,0,0,false,0,false,""
case.lis,501,1_2LT,A,1.3414901000204122,0.02463,0,0,false,0,false,""
case.lis,501,T_OPO,A,1.380438243829708,0.02436,0,0,false,0,false,""
case.lis,502,T_MAN,A,1.1430149719996097,0.03279,0,0,false,0,false,""
case.lis,502,1_2LT,A,1.205684540766971,0.03293,0,0,false,0,false,""
case.lis,502,T_OPO,A,1.3312269495992972,0.0331,0,0,false,0,false,""
case.lis,503,T_MAN,A,1.1987447305128818,0.0407,0,0,false,0,false,""
case.lis,503,1_2LT,A,1.5322600885717583,0.03963,0,1,false,1,true,kmeans_highest_centroid
case.lis,503,T_OPO,A,1.721649316186977,0.03951,0,1,false,1,true,kmeans_highest_centroid
case.lis,504,T_MAN,A,1.326941168117717,0.03345,0,0,false,0,false,""
case.lis,504,1_2LT,A,1.7550341773387648,0.0335,0,1,false,1,true,kmeans_highest_centroid
case.lis,504,T_OPO,A,1.7861148149134252,0.03233,0,1,false,1,true,kmeans_highest_centroid
case.lis,505,T_MAN,A,1.16512682268786,0.03493,0,0,false,0,false,""
case.lis,505,1_2LT,A,1.9085478580366888,0.03506,0,1,false,1,true,kmeans_highest_centroid
case.lis,505,T_OPO,A,1.7910647692075579,0.0352,0,1,false,1,true,kmeans_highest_centroid
case.lis,506,T_MAN,A,1.3326074709124311,0.03392,0,0,false,0,false,""
case.lis,506,1_2LT,A,2.012687744615139,0.03377,0,1,false,1,true,kmeans_highest_centroid
case.lis,506,T_OPO,A,1.8122448503243784,0.03404,0,1,false,1,true,kmeans_highest_centroid
case.lis,507,T_MAN,A,1.4476233836541619,0.03442,0,0,false,0,false,""
case.lis,507,1_2LT,A,2.0257627554869226,0.03454,0,1,false,1,true,kmeans_highest_centroid
case.lis,507,T_OPO,A,1.7887492389751234,0.0347,0,1,false,1,true,kmeans_highest_centroid
case.lis,508,T_MAN,A,1.3940048989589713,0.02624,0,0,false,0,false,""
case.lis,508,1_2LT,A,1.9558506172510806,0.02635,0,1,false,1,true,kmeans_highest_centroid
case.lis,508,T_OPO,A,1.8032626889249803,0.02649,0,1,false,1,true,kmeans_highest_centroid
case.lis,509,T_MAN,A,1.2441097917054946,0.03342,0,0,false,0,false,""
case.lis,509,1_2LT,A,1.7449411059932372,0.03346,0,1,false,1,true,kmeans_highest_centroid
case.lis,509,T_OPO,A,1.7298157742928901,0.0321,0,1,false,1,true,kmeans_highest_centroid
case.lis,510,T_MAN,A,1.2489875484792816,0.03283,0,0,false,0,false,""
case.lis,510,1_2LT,A,1.5422084010046415,0.03296,0,1,false,1,true,kmeans_highest_centroid
case.lis,510,T_OPO,A,1.6913073120512616,0.03309,0,1,false,1,true,kmeans_highest_centroid
case.lis,511,T_MAN,A,1.5824223222130516,0.02583,0,1,false,1,true,kmeans_highest_centroid
case.lis,511,1_2LT,A,1.9548934565173017,0.02594,0,1,false,1,true,kmeans_highest_centroid
case.lis,511,T_OPO,A,1.843148557380832,0.02608,0,1,false,1,true,kmeans_highest_centroid
case.lis,512,T_MAN,A,1.4894513520949262,0.02447,0,0,false,0,false,""
case.lis,512,1_2LT,A,1.7850641213379839,0.02454,0,1,false,1,true,kmeans_highest_centroid
case.lis,512,T_OPO,A,1.7633158497297587,0.02465,0,1,false,1,true,kmeans_highest_centroid
case.lis,513,T_MAN,A,1.194362798086566,0.03308,0,0,false,0,false,""
case.lis,513,1_2LT,A,1.699231750934086,0.03171,0,1,false,1,true,kmeans_highest_centroid
case.lis,513,T_OPO,A,1.7521785635045306,0.03154,0,1,false,1,true,kmeans_highest_centroid
case.lis,514,T_MAN,A,1.1093716552623871,0.02492,0,0,false,0,false,""
case.lis,514,1_2LT,A,1.1357901790072507,0.02366,0,0,false,0,false,""
case.lis,514,T_OPO,A,1.2165898985595998,0.02383,0,0,false,0,false,""
case.lis,515,T_MAN,A,1.1920999849126264,0.02568,0,0,false,0,false,""
case.lis,515,1_2LT,A,1.4614766988826469,0.02427,0,0,false,0,false,""
case.lis,515,T_OPO,A,1.6629786025542037,0.02445,0,1,false,1,true,kmeans_highest_centroid
case.lis,516,T_MAN,A,1.3214220293405041,0.0348,0,0,false,0,false,""
case.lis,516,1_2LT,A,1.908258544334691,0.03492,0,1,false,1,true,kmeans_highest_centroid
case.lis,516,T_OPO,A,1.7790259769074435,0.03506,0,1,false,1,true,kmeans_highest_centroid
case.lis,517,T_MAN,A,1.272729039644293,0.02516,0,0,false,0,false,""
case.lis,517,1_2LT,A,1.7830170309823656,0.02377,0,1,false,1,true,kmeans_highest_centroid
case.lis,517,T_OPO,A,1.7578286606849667,0.02371,0,1,false,1,true,kmeans_highest_centroid
case.lis,518,T_MAN,A,1.2909538947611314,0.03274,0,0,false,0,false,""
case.lis,518,1_2LT,A,1.5857215935816538,0.03162,0,1,false,1,true,kmeans_highest_centroid
case.lis,518,T_OPO,A,1.7383321085935906,0.03149,0,1,false,1,true,kmeans_highest_centroid
case.lis,519,T_MAN,A,1.1775341906511532,0.03305,0,0,false,0,false,""
case.lis,519,1_2LT,A,1.4916058290511818,0.02728,0,0,false,0,false,""
case.lis,519,T_OPO,A,1.6089697098786797,0.0271,0,1,false,1,true,kmeans_highest_centroid
case.lis,520,T_MAN,A,1.5524585319097952,0.02575,0,1,false,1,true,kmeans_highest_centroid
case.lis,520,1_2LT,A,1.948238416003266,0.02578,0,1,false,1,true,kmeans_highest_centroid
case.lis,520,T_OPO,A,1.854902065195204,0.026,0,1,false,1,true,kmeans_highest_centroid
case.lis,521,T_MAN,A,1.147208986749736,0.03312,0,0,false,0,false,""
case.lis,521,1_2LT,A,1.4953048093222219,0.02762,0,0,false,0,false,""
case.lis,521,T_OPO,A,1.6541636713792522,0.02749,0,1,false,1,true,kmeans_highest_centroid
case.lis,522,T_MAN,A,1.1772095192452763,0.03383,0,0,false,0,false,""
case.lis,522,1_2LT,A,1.3698976454822192,0.0323,0,0,false,0,false,""
case.lis,522,T_OPO,A,1.6412009815667794,0.03249,0,1,false,1,true,kmeans_highest_centroid
case.lis,523,T_MAN,A,1.1726725418674617,0.03197,0,0,false,0,false,""
case.lis,523,1_2LT,A,1.3522482405459855,0.03364,0,0,false,0,false,""
case.lis,523,T_OPO,A,1.5244197839843092,0.0348,0,1,false,1,true,kmeans_highest_centroid
case.lis,524,T_MAN,A,1.2510782768444315,0.03282,0,0,false,0,false,""
case.lis,524,1_2LT,A,1.6165836151122233,0.03417,0,1,false,1,true,kmeans_highest_centroid
case.lis,524,T_OPO,A,1.7535536356133017,0.03284,0,1,false,1,true,kmeans_highest_centroid
case.lis,525,T_MAN,A,1.6399201256689475,0.02509,0,1,true,2,true,sigma_3;kmeans_highest_centroid
case.lis,525,1_2LT,A,2.0273721345083735,0.02521,0,1,false,1,true,kmeans_highest_centroid
case.lis,525,T_OPO,A,1.795600699344143,0.02535,0,1,false,1,true,kmeans_highest_centroid
case.lis,526,T_MAN,A,1.1204152666471419,0.0329,0,0,false,0,false,""
case.lis,526,1_2LT,A,1.3870993902926063,0.032,0,0,false,0,false,""
case.lis,526,T_OPO,A,1.4650583082616684,0.03215,0,0,false,0,false,""
case.lis,527,T_MAN,A,1.194674157103934,0.0266,0,0,false,0,false,""
case.lis,527,1_2LT,A,1.8107745147634389,0.02648,0,1,false,1,true,kmeans_highest_centroid
case.lis,527,T_OPO,A,1.8166979951542905,0.02657,0,1,false,1,true,kmeans_highest_centroid
case.lis,528,T_MAN,A,1.1493433442494918,0.02449,0,0,false,0,false,""
case.lis,528,1_2LT,A,1.2542339607905784,0.02461,0,0,false,0,false,""
case.lis,528,T_OPO,A,1.3879369347781714,0.02479,0,0,false,0,false,""
case.lis,529,T_MAN,A,1.1404926471240804,0.02494,0,0,false,0,false,""
case.lis,529,1_2LT,A,1.4493056258153838,0.02446,0,0,false,0,false,""
case.lis,529,T_OPO,A,1.6474919460049524,0.02464,0,1,false,1,true,kmeans_highest_centroid
case.lis,530,T_MAN,A,1.1423042413269788,0.03379,0,0,false,0,false,""
case.lis,530,1_2LT,A,1.4670011271155603,0.03378,0,0,false,0,false,""
case.lis,530,T_OPO,A,1.7093775570879595,0.03227,0,1,false,1,true,kmeans_highest_centroid
case.lis,531,T_MAN,A,1.3073057766891203,0.03288,0,0,false,0,false,""
case.lis,531,1_2LT,A,1.9112522431374637,0.03284,0,1,false,1,true,kmeans_highest_centroid
case.lis,531,T_OPO,A,1.784121266984389,0.03298,0,1,false,1,true,kmeans_highest_centroid
case.lis,532,T_MAN,A,1.2265385127399557,0.02666,0,0,false,0,false,""
case.lis,532,1_2LT,A,1.7523655226887476,0.02679,0,1,false,1,true,kmeans_highest_centroid
case.lis,532,T_OPO,A,1.7900511195718736,0.02662,0,1,false,1,true,kmeans_highest_centroid
case.lis,533,T_MAN,A,1.249677414201656,0.03342,0,0,false,0,false,""
case.lis,533,1_2LT,A,1.7546737222325763,0.03219,0,1,false,1,true,kmeans_highest_centroid
case.lis,533,T_OPO,A,1.8336195408113458,0.0336,0,1,false,1,true,kmeans_highest_centroid
case.lis,534,T_MAN,A,1.327128251550893,0.02433,0,0,false,0,false,""
case.lis,534,1_2LT,A,1.97997479521109,0.02435,0,1,false,1,true,kmeans_highest_centroid
case.lis,534,T_OPO,A,1.8475122695847424,0.02453,0,1,false,1,true,kmeans_highest_centroid
case.lis,535,T_MAN,A,1.3735515677556203,0.02594,0,0,false,0,false,""
case.lis,535,1_2LT,A,1.870676713082528,0.02606,0,1,false,1,true,kmeans_highest_centroid
case.lis,535,T_OPO,A,1.8068259715824881,0.02619,0,1,false,1,true,kmeans_highest_centroid
case.lis,536,T_MAN,A,1.393285941230242,0.02586,0,0,false,0,false,""
case.lis,536,1_2LT,A,2.0329119518624035,0.02598,0,1,false,1,true,kmeans_highest_centroid
case.lis,536,T_OPO,A,1.8133119447624626,0.02613,0,1,false,1,true,kmeans_highest_centroid
case.lis,537,T_MAN,A,1.3212241717475617,0.034,0,0,false,0,false,""
case.lis,537,1_2LT,A,1.888780558587822,0.034,0,1,false,1,true,kmeans_highest_centroid
case.lis,537,T_OPO,A,1.8200551132884262,0.03418,0,1,false,1,true,kmeans_highest_centroid
case.lis,538,T_MAN,A,1.3849492797997816,0.02471,0,0,false,0,false,""
case.lis,538,1_2LT,A,2.0833611118506883,0.02472,0,1,false,1,true,kmeans_highest_centroid
case.lis,538,T_OPO,A,1.852658040238913,0.02483,0,1,false,1,true,kmeans_highest_centroid
case.lis,539,T_MAN,A,1.1649637459286277,0.04121,0,0,false,0,false,""
case.lis,539,1_2LT,A,1.7264404980608288,0.03579,0,1,false,1,true,kmeans_highest_centroid
case.lis,539,T_OPO,A,1.7387704234227037,0.03593,0,1,false,1,true,kmeans_highest_centroid
case.lis,540,T_MAN,A,1.3281557016959984,0.02425,0,0,false,0,false,""
case.lis,540,1_2LT,A,1.8023092556599838,0.0243,0,1,false,1,true,kmeans_highest_centroid
case.lis,540,T_OPO,A,1.7668355565022145,0.02428,0,1,false,1,true,kmeans_highest_centroid
case.lis,541,T_MAN,A,1.2141796817451656,0.03235,0,0,false,0,false,""
case.lis,541,1_2LT,A,1.3945408823451102,0.03347,0,0,false,0,false,""
case.lis,541,T_OPO,A,1.5151604320313816,0.03212,0,0,false,0,false,""
case.lis,542,T_MAN,A,1.3264892746523247,0.03344,0,0,false,0,false,""
case.lis,542,1_2LT,A,1.9241171223940998,0.03339,0,1,false,1,true,kmeans_highest_centroid
case.lis,542,T_OPO,A,1.7969167354473408,0.03354,0,1,false,1,true,kmeans_highest_centroid
case.lis,543,T_MAN,A,1.2067406835467753,0.02535,0,0,false,0,false,""
case.lis,543,1_2LT,A,1.3939489869272343,0.0228,0,0,false,0,false,""
case.lis,543,T_OPO,A,1.5200368309415409,0.02416,0,0,false,0,false,""
case.lis,544,T_MAN,A,1.1957324919903796,0.02453,0,0,false,0,false,""
case.lis,544,1_2LT,A,1.3182169386831386,0.02338,0,0,false,0,false,""
case.lis,544,T_OPO,A,1.5823057056897147,0.02475,0,1,false,1,true,kmeans_highest_centroid
case.lis,545,T_MAN,A,1.112152701971121,0.04193,0,0,false,0,false,""
case.lis,545,1_2LT,A,1.246286597974742,0.03613,0,0,false,0,false,""
case.lis,545,T_OPO,A,1.3345505560140933,0.03592,0,0,false,0,false,""
case.lis,546,T_MAN,A,1.1777234661909708,0.03373,0,0,false,0,false,""
case.lis,546,1_2LT,A,1.3146221855391962,0.03239,0,0,false,0,false,""
case.lis,546,T_OPO,A,1.3916889427301045,0.03358,0,0,false,0,false,""
case.lis,547,T_MAN,A,1.2435569814602803,0.03368,0,0,false,0,false,""
case.lis,547,1_2LT,A,1.5352228227588594,0.03232,0,1,false,1,true,kmeans_highest_centroid
case.lis,547,T_OPO,A,1.7442032890474544,0.03224,0,1,false,1,true,kmeans_highest_centroid
case.lis,548,T_MAN,A,1.2097927438607703,0.03322,0,0,false,0,false,""
case.lis,548,1_2LT,A,1.2383813999307756,0.03187,0,0,false,0,false,""
case.lis,548,T_OPO,A,1.3136220346654597,0.02843,0,0,false,0,false,""
case.lis,549,T_MAN,A,1.4012559794811719,0.02572,0,0,false,0,false,""
case.lis,549,1_2LT,A,1.859179069375294,0.02581,0,1,false,1,true,kmeans_highest_centroid
case.lis,549,T_OPO,A,1.773253015255997,0.02595,0,1,false,1,true,kmeans_highest_centroid
case.lis,550,T_MAN,A,1.4508557203333423,0.02526,0,0,false,0,false,""
case.lis,550,1_2LT,A,2.1534326437516085,0.02539,0,1,false,1,true,kmeans_highest_centroid
case.lis,550,T_OPO,A,1.843679987930101,0.02553,0,1,false,1,true,kmeans_highest_centroid
case.lis,551,T_MAN,A,1.4534841183205092,0.02422,0,0,false,0,false,""
case.lis,551,1_2LT,A,1.8224129147918384,0.02433,0,1,false,1,true,kmeans_highest_centroid
case.lis,551,T_OPO,A,1.761397623294905,0.02447,0,1,false,1,true,kmeans_highest_centroid
case.lis,552,T_MAN,A,1.5248045297620632,0.02598,0,1,false,1,true,kmeans_highest_centroid
case.lis,552,1_2LT,A,2.066260017572353,0.02592,0,1,false,1,true,kmeans_highest_centroid
case.lis,552,T_OPO,A,1.8188534483523702,0.02606,0,1,false,1,true,kmeans_highest_centroid
case.lis,553,T_MAN,A,1.326970144750038,0.03324,0,0,false,0,false,""
case.lis,553,1_2LT,A,1.9248611251630767,0.03319,0,1,false,1,true,kmeans_highest_centroid
case.lis,553,T_OPO,A,1.7940003461221012,0.03334,0,1,false,1,true,kmeans_highest_centroid
case.lis,554,T_MAN,A,1.2201765222716259,0.0245,0,0,false,0,false,""
case.lis,554,1_2LT,A,1.5581351118684381,0.02454,0,1,false,1,true,kmeans_highest_centroid
case.lis,554,T_OPO,A,1.6022026678026573,0.02471,0,1,false,1,true,kmeans_highest_centroid
case.lis,555,T_MAN,A,1.2186129378666453,0.04138,0,0,false,0,false,""
case.lis,555,1_2LT,A,1.5694533933278307,0.04133,0,1,false,1,true,kmeans_highest_centroid
case.lis,555,T_OPO,A,1.6546031576985543,0.04115,0,1,false,1,true,kmeans_highest_centroid
case.lis,556,T_MAN,A,1.4236896172244558,0.0336,0,0,false,0,false,""
case.lis,556,1_2LT,A,1.9496686102753888,0.03372,0,1,false,1,true,kmeans_highest_centroid
case.lis,556,T_OPO,A,1.8004700426883924,0.03387,0,1,false,1,true,kmeans_highest_centroid
case.lis,557,T_MAN,A,1.3226481890714166,0.02536,0,0,false,0,false,""
case.lis,557,1_2LT,A,1.8549106738731063,0.02539,0,1,false,1,true,kmeans_highest_centroid
case.lis,557,T_OPO,A,1.813913664723058,0.02556,0,1,false,1,true,kmeans_highest_centroid
case.lis,558,T_MAN,A,1.383482875830915,0.02404,0,0,false,0,false,""
case.lis,558,1_2LT,A,1.8154110421825218,0.02417,0,1,false,1,true,kmeans_highest_centroid
case.lis,558,T_OPO,A,1.8012267809757092,0.02428,0,1,false,1,true,kmeans_highest_centroid
case.lis,559,T_MAN,A,1.2458223062381852,0.0405,0,0,false,0,false,""
case.lis,559,1_2LT,A,1.6874509438483454,0.04061,0,1,false,1,true,kmeans_highest_centroid
case.lis,559,T_OPO,A,1.7510166227357844,0.03929,0,1,false,1,true,kmeans_highest_centroid
case.lis,560,T_MAN,A,1.2527455470060438,0.02606,0,0,false,0,false,""
case.lis,560,1_2LT,A,1.8704237777008617,0.02619,0,1,false,1,true,kmeans_highest_centroid
case.lis,560,T_OPO,A,1.7787324831154538,0.02634,0,1,false,1,true,kmeans_highest_centroid
case.lis,561,T_MAN,A,1.1161164212749717,0.02505,0,0,false,0,false,""
case.lis,561,1_2LT,A,1.2225271350852436,0.02489,0,0,false,0,false,""
case.lis,561,T_OPO,A,1.3082627332996086,0.02515,0,0,false,0,false,""
case.lis,562,T_MAN,A,1.2441736112960053,0.04175,0,0,false,0,false,""
case.lis,562,1_2LT,A,1.4210024228547087,0.04179,0,0,false,0,false,""
case.lis,562,T_OPO,A,1.528832148530756,0.04056,0,1,false,1,true,kmeans_highest_centroid
case.lis,563,T_MAN,A,1.1763171720936838,0.02559,0,0,false,0,false,""
case.lis,563,1_2LT,A,1.3471280740523799,0.02408,0,0,false,0,false,""
case.lis,563,T_OPO,A,1.5922613310613525,0.02427,0,1,false,1,true,kmeans_highest_centroid
case.lis,564,T_MAN,A,1.3143090337868422,0.0336,0,0,false,0,false,""
case.lis,564,1_2LT,A,1.8859716623623275,0.03364,0,1,false,1,true,kmeans_highest_centroid
case.lis,564,T_OPO,A,1.8224651082297187,0.03383,0,1,false,1,true,kmeans_highest_centroid
case.lis,565,T_MAN,A,1.0942343157876053,0.02458,0,0,false,0,false,""
case.lis,565,1_2LT,A,1.4567176087400269,0.02452,0,0,false,0,false,""
case.lis,565,T_OPO,A,1.6110985382997418,0.0262,0,1,false,1,true,kmeans_highest_centroid
case.lis,566,T_MAN,A,1.2472485955430124,0.02464,0,0,false,0,false,""
case.lis,566,1_2LT,A,1.597899216344063,0.02457,0,1,false,1,true,kmeans_highest_centroid
case.lis,566,T_OPO,A,1.7441867461860008,0.02448,0,1,false,1,true,kmeans_highest_centroid
case.lis,567,T_MAN,A,1.2695604781809953,0.03347,0,0,false,0,false,""
case.lis,567,1_2LT,A,1.6023874171303816,0.03338,0,1,false,1,true,kmeans_highest_centroid
case.lis,567,T_OPO,A,1.7561168650212555,0.02734,0,1,false,1,true,kmeans_highest_centroid
case.lis,568,T_MAN,A,1.1087714706639333,0.03312,0,0,false,0,false,""
case.lis,568,1_2LT,A,1.283270498859572,0.02778,0,0,false,0,false,""
case.lis,568,T_OPO,A,1.3513012327271758,0.03332,0,0,false,0,false,""
case.lis,569,T_MAN,A,1.281457884040221,0.02412,0,0,false,0,false,""
case.lis,569,1_2LT,A,1.844622327538007,0.02424,0,1,false,1,true,kmeans_highest_centroid
case.lis,569,T_OPO,A,1.7698757510405851,0.02438,0,1,false,1,true,kmeans_highest_centroid
case.lis,570,T_MAN,A,1.3477341427265548,0.03283,0,0,false,0,false,""
case.lis,570,1_2LT,A,1.8953058743133027,0.03295,0,1,false,1,true,kmeans_highest_centroid
case.lis,570,T_OPO,A,1.7806823131606273,0.03309,0,1,false,1,true,kmeans_highest_centroid
case.lis,571,T_MAN,A,1.1822449923231892,0.03362,0,0,false,0,false,""
case.lis,571,1_2LT,A,1.485267712132911,0.02777,0,0,false,0,false,""
case.lis,571,T_OPO,A,1.6491128003052975,0.03345,0,1,false,1,true,kmeans_highest_centroid
case.lis,572,T_MAN,A,1.2010231014315254,0.02445,0,0,false,0,false,""
case.lis,572,1_2LT,A,1.3591873230561693,0.02431,0,0,false,0,false,""
case.lis,572,T_OPO,A,1.738588176824019,0.0242,0,1,false,1,true,kmeans_highest_centroid
case.lis,573,T_MAN,A,1.2570968343140125,0.03272,0,0,false,0,false,""
case.lis,573,1_2LT,A,1.8903697116536649,0.03269,0,1,false,1,true,kmeans_highest_centroid
case.lis,573,T_OPO,A,1.7782752824445094,0.03284,0,1,false,1,true,kmeans_highest_centroid
case.lis,574,T_MAN,A,1.308262342802879,0.03395,0,0,false,0,false,""
case.lis,574,1_2LT,A,1.9012758859394552,0.03408,0,1,false,1,true,kmeans_highest_centroid
case.lis,574,T_OPO,A,1.792827631193589,0.03423,0,1,false,1,true,kmeans_highest_centroid
case.lis,575,T_MAN,A,1.2592522165126867,0.03316,0,0,false,0,false,""
case.lis,575,1_2LT,A,1.5991295117903388,0.03327,0,1,false,1,true,kmeans_highest_centroid
case.lis,575,T_OPO,A,1.671807218864542,0.03311,0,1,false,1,true,kmeans_highest_centroid
case.lis,576,T_MAN,A,1.1586442397294923,0.03384,0,0,false,0,false,""
case.lis,576,1_2LT,A,1.4819819927758104,0.03372,0,0,false,0,false,""
case.lis,576,T_OPO,A,1.6834183817460528,0.03233,0,1,false,1,true,kmeans_highest_centroid
case.lis,577,T_MAN,A,1.1115751040585036,0.03365,0,0,false,0,false,""
case.lis,577,1_2LT,A,1.2753901594824142,0.0332,0,0,false,0,false,""
case.lis,577,T_OPO,A,1.4125844493552366,0.03338,0,0,false,0,false,""
case.lis,578,T_MAN,A,1.1501185690069846,0.04179,0,0,false,0,false,""
case.lis,578,1_2LT,A,1.3463883844972797,0.03605,0,0,false,0,false,""
case.lis,578,T_OPO,A,1.409124027086273,0.03588,0,0,false,0,false,""
case.lis,579,T_MAN,A,1.21376456597176,0.02585,0,0,false,0,false,""
case.lis,579,1_2LT,A,1.5839867053613426,0.02323,0,1,false,1,true,kmeans_highest_centroid
case.lis,579,T_OPO,A,1.746444616026341,0.02462,0,1,false,1,true,kmeans_highest_centroid
case.lis,580,T_MAN,A,1.16753639163272,0.03345,0,0,false,0,false,""
case.lis,580,1_2LT,A,1.6295884696965663,0.0275,0,1,false,1,true,kmeans_highest_centroid
case.lis,580,T_OPO,A,1.745701074753499,0.02764,0,1,false,1,true,kmeans_highest_centroid
case.lis,581,T_MAN,A,1.3315677644949722,0.03464,0,0,false,0,false,""
case.lis,581,1_2LT,A,1.834745325132902,0.03459,0,1,false,1,true,kmeans_highest_centroid
case.lis,581,T_OPO,A,1.7827347107217977,0.03434,0,1,false,1,true,kmeans_highest_centroid
case.lis,582,T_MAN,A,1.1735008475554016,0.03326,0,0,false,0,false,""
case.lis,582,1_2LT,A,1.3886174995784408,0.0334,0,0,false,0,false,""
case.lis,582,T_OPO,A,1.5000912608606902,0.03205,0,0,false,0,false,""
case.lis,583,T_MAN,A,1.1308039173921918,0.03274,0,0,false,0,false,""
case.lis,583,1_2LT,A,1.1934518757155408,0.03377,0,0,false,0,false,""
case.lis,583,T_OPO,A,1.6363368744286766,0.02789,0,1,false,1,true,kmeans_highest_centroid
case.lis,584,T_MAN,A,1.2613024840916958,0.02413,0,0,false,0,false,""
case.lis,584,1_2LT,A,1.8450175279782033,0.02409,0,1,false,1,true,kmeans_highest_centroid
case.lis,584,T_OPO,A,1.784514852188113,0.02544,0,1,false,1,true,kmeans_highest_centroid
case.lis,585,T_MAN,A,1.3202319550573764,0.03311,0,0,false,0,false,""
case.lis,585,1_2LT,A,1.7038802062532725,0.03173,0,1,false,1,true,kmeans_highest_centroid
case.lis,585,T_OPO,A,1.7558237351012185,0.0331,0,1,false,1,true,kmeans_highest_centroid
case.lis,586,T_MAN,A,1.2169280332277217,0.02518,0,0,false,0,false,""
case.lis,586,1_2LT,A,1.589434667234662,0.02529,0,1,false,1,true,kmeans_highest_centroid
case.lis,586,T_OPO,A,1.7362092529975062,0.02384,0,1,false,1,true,kmeans_highest_centroid
case.lis,587,T_MAN,A,1.3076885256085982,0.02539,0,0,false,0,false,""
case.lis,587,1_2LT,A,1.8124896828989057,0.02415,0,1,false,1,true,kmeans_highest_centroid
case.lis,587,T_OPO,A,1.7525668060029997,0.02429,0,1,false,1,true,kmeans_highest_centroid
case.lis,588,T_MAN,A,1.2057247708050447,0.02563,0,0,false,0,false,""
case.lis,588,1_2LT,A,1.522439894565883,0.02395,0,0,false,0,false,""
case.lis,588,T_OPO,A,1.6611168206466271,0.02411,0,1,false,1,true,kmeans_highest_centroid
case.lis,589,T_MAN,A,1.0835230792442114,0.04175,0,0,false,0,false,""
case.lis,589,1_2LT,A,1.1784771515038561,0.0407,0,0,false,0,false,""
case.lis,589,T_OPO,A,1.1992624049273588,0.04089,0,0,false,0,false,""
case.lis,590,T_MAN,A,1.1757092130603406,0.03313,0,0,false,0,false,""
case.lis,590,1_2LT,A,1.7183256565226266,0.02727,0,1,false,1,true,kmeans_highest_centroid
case.lis,590,T_OPO,A,1.7498862234528785,0.02708,0,1,false,1,true,kmeans_highest_centroid
case.lis,591,T_MAN,A,1.187582869618467,0.03368,0,0,false,0,false,""
case.lis,591,1_2LT,A,1.4221348633705193,0.02759,0,0,false,0,false,""
case.lis,591,T_OPO,A,1.460584058858507,0.02774,0,0,false,0,false,""
case.lis,592,T_MAN,A,1.1968347577589038,0.0412,0,0,false,0,false,""
case.lis,592,1_2LT,A,1.3595205765151719,0.04226,0,0,false,0,false,""
case.lis,592,T_OPO,A,1.6069697453783824,0.04242,0,1,false,1,true,kmeans_highest_centroid
case.lis,593,T_MAN,A,1.1962860211045734,0.02507,0,0,false,0,false,""
case.lis,593,1_2LT,A,1.4578238682251037,0.0241,0,0,false,0,false,""
case.lis,593,T_OPO,A,1.7570982543021203,0.02396,0,1,false,1,true,kmeans_highest_centroid
case.lis,594,T_MAN,A,1.2823918812179949,0.02498,0,0,false,0,false,""
case.lis,594,1_2LT,A,1.5517959299590864,0.0236,0,1,false,1,true,kmeans_highest_centroid
case.lis,594,T_OPO,A,1.7330312308634417,0.02481,0,1,false,1,true,kmeans_highest_centroid
case.lis,595,T_MAN,A,1.327144847661901,0.02427,0,0,false,0,false,""
case.lis,595,1_2LT,A,1.9037198363463705,0.02438,0,1,false,1,true,kmeans_highest_centroid
case.lis,595,T_OPO,A,1.8322316888096062,0.02428,0,1,false,1,true,kmeans_highest_centroid
case.lis,596,T_MAN,A,1.2292680671299379,0.03272,0,0,false,0,false,""
case.lis,596,1_2LT,A,1.4175391783593814,0.03259,0,0,false,0,false,""
case.lis,596,T_OPO,A,1.7340555925344125,0.03245,0,1,false,1,true,kmeans_highest_centroid
case.lis,597,T_MAN,A,1.2475608154281708,0.04117,0,0,false,0,false,""
case.lis,597,1_2LT,A,1.8864905082669932,0.03532,0,1,false,1,true,kmeans_highest_centroid
case.lis,597,T_OPO,A,1.751145273658333,0.03548,0,1,false,1,true,kmeans_highest_centroid
case.lis,598,T_MAN,A,1.1309865367377547,0.04173,0,0,false,0,false,""
case.lis,598,1_2LT,A,1.4589956867861233,0.03586,0,0,false,0,false,""
case.lis,598,T_OPO,A,1.5016798991808442,0.03601,0,0,false,0,false,""
case.lis,599,T_MAN,A,1.3011024432670377,0.02496,0,0,false,0,false,""
case.lis,599,1_2LT,A,1.6848682517283917,0.0237,0,1,false,1,true,kmeans_highest_centroid
case.lis,599,T_OPO,A,1.754887510317101,0.02358,0,1,false,1,true,kmeans_highest_centroid
case.lis,600,T_MAN,A,1.2077013942508232,0.02511,0,0,false,0,false,""
case.lis,600,1_2LT,A,1.4302457466918714,0.02516,0,0,false,0,false,""
case.lis,600,T_OPO,A,1.7801973783469562,0.02494,0,1,false,1,true,kmeans_highest_centroid
case.lis,601,T_MAN,A,1.1921494892480275,0.03273,0,0,false,0,false,""
case.lis,601,1_2LT,A,1.6415478669116148,0.03409,0,1,false,1,true,kmeans_highest_centroid
case.lis,601,T_OPO,A,1.6956381337806297,0.03263,0,1,false,1,true,kmeans_highest_centroid
case.lis,602,T_MAN,A,1.2893101520274768,0.0327,0,0,false,0,false,""
case.lis,602,1_2LT,A,1.8858121178235132,0.03266,0,1,false,1,true,kmeans_highest_centroid
case.lis,602,T_OPO,A,1.7770049255837483,0.03281,0,1,false,1,true,kmeans_highest_centroid
case.lis,603,T_MAN,A,1.1856298978496056,0.04103,0,0,false,0,false,""
case.lis,603,1_2LT,A,1.828796675452843,0.03517,0,1,false,1,true,kmeans_highest_centroid
case.lis,603,T_OPO,A,1.8062405726102044,0.03498,0,1,false,1,true,kmeans_highest_centroid
case.lis,604,T_MAN,A,1.2149745733379482,0.02508,0,0,false,0,false,""
case.lis,604,1_2LT,A,1.6622352387798751,0.02362,0,1,false,1,true,kmeans_highest_centroid
case.lis,604,T_OPO,A,1.7670819244388827,0.02501,0,1,false,1,true,kmeans_highest_centroid
case.lis,605,T_MAN,A,1.3042680405051608,0.04195,0,0,false,0,false,""
case.lis,605,1_2LT,A,1.5809925716872122,0.04059,0,1,false,1,true,kmeans_highest_centroid
case.lis,605,T_OPO,A,1.6974392289464575,0.04173,0,1,false,1,true,kmeans_highest_centroid
case.lis,606,T_MAN,A,1.1092156340690646,0.03334,0,0,false,0,false,""
case.lis,606,1_2LT,A,1.3139375560229682,0.03432,0,0,false,0,false,""
case.lis,606,T_OPO,A,1.3253909049761707,0.03414,0,0,false,0,false,""
case.lis,607,T_MAN,A,1.1728658022489062,0.04127,0,0,false,0,false,""
case.lis,607,1_2LT,A,1.5556504876771657,0.04142,0,1,false,1,true,kmeans_highest_centroid
case.lis,607,T_OPO,A,1.7138510964970668,0.04149,0,1,false,1,true,kmeans_highest_centroid
case.lis,608,T_MAN,A,1.059465374477489,0.02468,0,0,false,0,false,""
case.lis,608,1_2LT,A,1.110890953788262,0.0256,0,0,false,0,false,""
case.lis,608,T_OPO,A,1.1606371309140286,0.02451,0,0,false,0,false,""
case.lis,609,T_MAN,A,1.2097678319444076,0.02617,0,0,false,0,false,""
case.lis,609,1_2LT,A,1.9567713020403454,0.02627,0,1,false,1,true,kmeans_highest_centroid
case.lis,609,T_OPO,A,1.8178188095174703,0.02644,0,1,false,1,true,kmeans_highest_centroid
case.lis,610,T_MAN,A,1.2685232567427247,0.03336,0,0,false,0,false,""
case.lis,610,1_2LT,A,1.7717506500883056,0.03219,0,1,false,1,true,kmeans_highest_centroid
case.lis,610,T_OPO,A,1.7656178190757652,0.0323,0,1,false,1,true,kmeans_highest_centroid
case.lis,611,T_MAN,A,1.2469906014537129,0.02414,0,0,false,0,false,""
case.lis,611,1_2LT,A,1.8396419854983714,0.02412,0,1,false,1,true,kmeans_highest_centroid
case.lis,611,T_OPO,A,1.771650913673598,0.02427,0,1,false,1,true,kmeans_highest_centroid
case.lis,612,T_MAN,A,1.2099325860645918,0.03285,0,0,false,0,false,""
case.lis,612,1_2LT,A,1.228717599865101,0.03384,0,0,false,0,false,""
case.lis,612,T_OPO,A,1.4078619949057927,0.03251,0,0,false,0,false,""
case.lis,613,T_MAN,A,1.2356920400791642,0.03217,0,0,false,0,false,""
case.lis,613,1_2LT,A,1.7360386858010064,0.03354,0,1,false,1,true,kmeans_highest_centroid
case.lis,613,T_OPO,A,1.7552791075374743,0.0337,0,1,false,1,true,kmeans_highest_centroid
case.lis,614,T_MAN,A,1.500565332765338,0.02419,0,0,false,0,false,""
case.lis,614,1_2LT,A,1.8651810041090906,0.02426,0,1,false,1,true,kmeans_highest_centroid
case.lis,614,T_OPO,A,1.7609054199171084,0.02444,0,1,false,1,true,kmeans_highest_centroid
case.lis,615,T_MAN,A,1.1149578263532043,0.03342,0,0,false,0,false,""
case.lis,615,1_2LT,A,1.2624891592782912,0.0324,0,0,false,0,false,""
case.lis,615,T_OPO,A,1.2908936162659637,0.03223,0,0,false,0,false,""
case.lis,616,T_MAN,A,1.098472359043993,0.03321,0,0,false,0,false,""
case.lis,616,1_2LT,A,1.2571538024619042,0.03365,0,0,false,0,false,""
case.lis,616,T_OPO,A,1.3767873479059614,0.03385,0,0,false,0,false,""
case.lis,617,T_MAN,A,1.2059162029518002,0.02403,0,0,false,0,false,""
case.lis,617,1_2LT,A,1.5531219326038144,0.02539,0,1,false,1,true,kmeans_highest_centroid
case.lis,617,T_OPO,A,1.6357993201806935,0.02554,0,1,false,1,true,kmeans_highest_centroid
case.lis,618,T_MAN,A,1.2570023163556006,0.0241,0,0,false,0,false,""
case.lis,618,1_2LT,A,1.5614224730867878,0.02547,0,1,false,1,true,kmeans_highest_centroid
case.lis,618,T_OPO,A,1.6360459543651322,0.02562,0,1,false,1,true,kmeans_highest_centroid
case.lis,619,T_MAN,A,1.3843287449967607,0.03278,0,0,false,0,false,""
case.lis,619,1_2LT,A,1.6604809055974157,0.0327,0,1,false,1,true,kmeans_highest_centroid
case.lis,619,T_OPO,A,1.7798063047471977,0.03406,0,1,false,1,true,kmeans_highest_centroid
case.lis,620,T_MAN,A,1.1605247388553122,0.03382,0,0,false,0,false,""
case.lis,620,1_2LT,A,1.4044351731054252,0.03213,0,0,false,0,false,""
case.lis,620,T_OPO,A,1.6447111211693601,0.03195,0,1,false,1,true,kmeans_highest_centroid
case.lis,621,T_MAN,A,1.15838139105585,0.02514,0,0,false,0,false,""
case.lis,621,1_2LT,A,1.3481468267703258,0.02417,0,0,false,0,false,""
case.lis,621,T_OPO,A,1.6487573329073368,0.02279,0,1,false,1,true,kmeans_highest_centroid
case.lis,622,T_MAN,A,1.0995911232993423,0.03384,0,0,false,0,false,""
case.lis,622,1_2LT,A,1.2229502294168288,0.034,0,0,false,0,false,""
case.lis,622,T_OPO,A,1.403619150314616,0.03266,0,0,false,0,false,""
case.lis,623,T_MAN,A,1.3182459596900875,0.04137,0,0,false,0,false,""
case.lis,623,1_2LT,A,1.6580015442370672,0.04127,0,1,false,1,true,kmeans_highest_centroid
case.lis,623,T_OPO,A,1.7383989634086814,0.04135,0,1,false,1,true,kmeans_highest_centroid
case.lis,624,T_MAN,A,1.4305069446293388,0.03472,0,0,false,0,false,""
case.lis,624,1_2LT,A,1.9785850173504798,0.03458,0,1,false,1,true,kmeans_highest_centroid
case.lis,624,T_OPO,A,1.7840485813431313,0.03481,0,1,false,1,true,kmeans_highest_centroid
case.lis,625,T_MAN,A,1.25986288239836,0.02491,0,0,false,0,false,""
case.lis,625,1_2LT,A,1.3599632578077157,0.02485,0,0,false,0,false,""
case.lis,625,T_OPO,A,1.51838680476051,0.02516,0,0,false,0,false,""
case.lis,626,T_MAN,A,1.5168712337034178,0.02627,0,0,false,0,false,""
case.lis,626,1_2LT,A,1.7801914321467558,0.02638,0,1,false,1,true,kmeans_highest_centroid
case.lis,626,T_OPO,A,1.7605776689120227,0.02614,0,1,false,1,true,kmeans_highest_centroid
case.lis,627,T_MAN,A,1.2510856696575166,0.02607,0,0,false,0,false,""
case.lis,627,1_2LT,A,1.8695932621564295,0.0262,0,1,false,1,true,kmeans_highest_centroid
case.lis,627,T_OPO,A,1.7783146516147927,0.02635,0,1,false,1,true,kmeans_highest_centroid
case.lis,628,T_MAN,A,1.1847340628522236,0.02468,0,0,false,0,false,""
case.lis,628,1_2LT,A,1.4269690353843287,0.02469,0,0,false,0,false,""
case.lis,628,T_OPO,A,1.7248890190544655,0.02603,0,1,false,1,true,kmeans_highest_centroid
case.lis,629,T_MAN,A,1.2153895914871713,0.03349,0,0,false,0,false,""
case.lis,629,1_2LT,A,1.320242072472643,0.03245,0,0,false,0,false,""
case.lis,629,T_OPO,A,1.5483182637095414,0.03223,0,1,false,1,true,kmeans_highest_centroid
case.lis,630,T_MAN,A,1.1692490037895933,0.04049,0,0,false,0,false,""
case.lis,630,1_2LT,A,1.626341737887945,0.03594,0,1,false,1,true,kmeans_highest_centroid
case.lis,630,T_OPO,A,1.7175500057687019,0.0358,0,1,false,1,true,kmeans_highest_centroid
case.lis,631,T_MAN,A,1.1801632098831172,0.02477,0,0,false,0,false,""
case.lis,631,1_2LT,A,1.618955155000577,0.02474,0,1,false,1,true,kmeans_highest_centroid
case.lis,631,T_OPO,A,1.7353416402637627,0.02493,0,1,false,1,true,kmeans_highest_centroid
case.lis,632,T_MAN,A,1.2326051545568304,0.03401,0,0,false,0,false,""
case.lis,632,1_2LT,A,1.4367091953104891,0.03266,0,0,false,0,false,""
case.lis,632,T_OPO,A,1.5288570959468213,0.03255,0,1,false,1,true,kmeans_highest_centroid
case.lis,633,T_MAN,A,1.189849303762081,0.04146,0,0,false,0,false,""
case.lis,633,1_2LT,A,1.6264178581254383,0.03555,0,1,false,1,true,kmeans_highest_centroid
case.lis,633,T_OPO,A,1.6764444385278274,0.04085,0,1,false,1,true,kmeans_highest_centroid
case.lis,634,T_MAN,A,1.149349467948206,0.04133,0,0,false,0,false,""
case.lis,634,1_2LT,A,1.5349292224677618,0.04138,0,1,false,1,true,kmeans_highest_centroid
case.lis,634,T_OPO,A,1.6016340513148204,0.04156,0,1,false,1,true,kmeans_highest_centroid
case.lis,635,T_MAN,A,1.257512713331026,0.02445,0,0,false,0,false,""
case.lis,635,1_2LT,A,1.5622179326748138,0.02582,0,1,false,1,true,kmeans_highest_centroid
case.lis,635,T_OPO,A,1.5745712079661331,0.02598,0,1,false,1,true,kmeans_highest_centroid
case.lis,636,T_MAN,A,1.1762402708627315,0.0335,0,0,false,0,false,""
case.lis,636,1_2LT,A,1.3699043638009532,0.03338,0,0,false,0,false,""
case.lis,636,T_OPO,A,1.6763479947105444,0.03323,0,1,false,1,true,kmeans_highest_centroid
case.lis,637,T_MAN,A,1.1956947203067174,0.03289,0,0,false,0,false,""
case.lis,637,1_2LT,A,1.3516343086876645,0.03284,0,0,false,0,false,""
case.lis,637,T_OPO,A,1.7482924376758346,0.03267,0,1,false,1,true,kmeans_highest_centroid
case.lis,638,T_MAN,A,1.5541911126494317,0.03358,0,1,false,1,true,kmeans_highest_centroid
case.lis,638,1_2LT,A,1.9804388561995794,0.03369,0,1,false,1,true,kmeans_highest_centroid
case.lis,638,T_OPO,A,1.8410418807742486,0.03383,0,1,false,1,true,kmeans_highest_centroid
case.lis,639,T_MAN,A,1.2787454405069358,0.02445,0,0,false,0,false,""
case.lis,639,1_2LT,A,1.920763864852632,0.02459,0,1,false,1,true,kmeans_highest_centroid
case.lis,639,T_OPO,A,1.7869522617748077,0.02473,0,1,false,1,true,kmeans_highest_centroid
case.lis,640,T_MAN,A,1.3264726607914659,0.02483,0,0,false,0,false,""
case.lis,640,1_2LT,A,1.92446967881644,0.02478,0,1,false,1,true,kmeans_highest_centroid
case.lis,640,T_OPO,A,1.79240013489887,0.02493,0,1,false,1,true,kmeans_highest_centroid
case.lis,641,T_MAN,A,1.2225883010729786,0.03333,0,0,false,0,false,""
case.lis,641,1_2LT,A,1.4454501539799605,0.03348,0,0,false,0,false,""
case.lis,641,T_OPO,A,1.5786788341897637,0.03213,0,1,false,1,true,kmeans_highest_centroid
case.lis,642,T_MAN,A,1.4715626969124134,0.02573,0,0,false,0,false,""
case.lis,642,1_2LT,A,1.8711516103552632,0.02584,0,1,false,1,true,kmeans_highest_centroid
case.lis,642,T_OPO,A,1.778139283083504,0.02598,0,1,false,1,true,kmeans_highest_centroid
case.lis,643,T_MAN,A,1.27954853253104,0.02588,0,0,false,0,false,""
case.lis,643,1_2LT,A,1.884370279648908,0.02601,0,1,false,1,true,kmeans_highest_centroid
case.lis,643,T_OPO,A,1.7855141688188363,0.02616,0,1,false,1,true,kmeans_highest_centroid
case.lis,644,T_MAN,A,1.490686120503741,0.03356,0,0,false,0,false,""
case.lis,644,1_2LT,A,1.880130585656345,0.03368,0,1,false,1,true,kmeans_highest_centroid
case.lis,644,T_OPO,A,1.7812023571802587,0.03382,0,1,false,1,true,kmeans_highest_centroid
case.lis,645,T_MAN,A,1.228374912360109,0.02325,0,0,false,0,false,""
case.lis,645,1_2LT,A,1.7946888894805506,0.02323,0,1,false,1,true,kmeans_highest_centroid
case.lis,645,T_OPO,A,1.7392726998411387,0.02339,0,1,false,1,true,kmeans_highest_centroid
case.lis,646,T_MAN,A,1.320717005245081,0.02543,0,0,false,0,false,""
case.lis,646,1_2LT,A,1.9107304063828465,0.02556,0,1,false,1,true,kmeans_highest_centroid
case.lis,646,T_OPO,A,1.7960940564622772,0.02571,0,1,false,1,true,kmeans_highest_centroid
case.lis,647,T_MAN,A,1.51115169910452,0.03336,0,0,false,0,false,""
case.lis,647,1_2LT,A,2.143397374796986,0.03348,0,1,false,1,true,kmeans_highest_centroid
case.lis,647,T_OPO,A,1.8470985471746673,0.03361,0,1,false,1,true,kmeans_highest_centroid
case.lis,648,T_MAN,A,1.3421671680999672,0.0266,0,0,false,0,false,""
case.lis,648,1_2LT,A,1.7919117477391127,0.02672,0,1,false,1,true,kmeans_highest_centroid
case.lis,648,T_OPO,A,1.7664418647993823,0.02652,0,1,false,1,true,kmeans_highest_centroid
case.lis,649,T_MAN,A,1.1928969532380165,0.02539,0,0,false,0,false,""
case.lis,649,1_2LT,A,1.5302735252092263,0.024,0,1,false,1,true,kmeans_highest_centroid
case.lis,649,T_OPO,A,1.7339921190660028,0.02417,0,1,false,1,true,kmeans_highest_centroid
case.lis,650,T_MAN,A,1.1563012771018042,0.03316,0,0,false,0,false,""
case.lis,650,1_2LT,A,1.2823836009123422,0.0333,0,0,false,0,false,""
case.lis,650,T_OPO,A,1.3976061662983572,0.03344,0,0,false,0,false,""
case.lis,651,T_MAN,A,1.1926942233108797,0.0332,0,0,false,0,false,""
case.lis,651,1_2LT,A,1.7161370998517886,0.02733,0,1,false,1,true,kmeans_highest_centroid
case.lis,651,T_OPO,A,1.7425526948711803,0.02709,0,1,false,1,true,kmeans_highest_centroid
case.lis,652,T_MAN,A,1.1229103455008564,0.03319,0,0,false,0,false,""
case.lis,652,1_2LT,A,1.4794231298312877,0.02743,0,0,false,0,false,""
case.lis,652,T_OPO,A,1.5012253609876018,0.02757,0,0,false,0,false,""
case.lis,653,T_MAN,A,1.2396116332525715,0.04122,0,0,false,0,false,""
case.lis,653,1_2LT,A,1.5857227916966194,0.03563,0,1,false,1,true,kmeans_highest_centroid
case.lis,653,T_OPO,A,1.69691019462712,0.04128,0,1,false,1,true,kmeans_highest_centroid
case.lis,654,T_MAN,A,1.2474018300096739,0.03371,0,0,false,0,false,""
case.lis,654,1_2LT,A,1.771623596652378,0.03245,0,1,false,1,true,kmeans_highest_centroid
case.lis,654,T_OPO,A,1.7735615786717787,0.03235,0,1,false,1,true,kmeans_highest_centroid
case.lis,655,T_MAN,A,1.167975096958563,0.04137,0,0,false,0,false,""
case.lis,655,1_2LT,A,1.4424109623081907,0.04101,0,0,false,0,false,""
case.lis,655,T_OPO,A,1.6498685623507903,0.0412,0,1,false,1,true,kmeans_highest_centroid
case.lis,656,T_MAN,A,1.1997432484002946,0.04222,0,0,false,0,false,""
case.lis,656,1_2LT,A,1.5650329703488732,0.04086,0,1,false,1,true,kmeans_highest_centroid
case.lis,656,T_OPO,A,1.6725571323340167,0.04103,0,1,false,1,true,kmeans_highest_centroid
case.lis,657,T_MAN,A,1.0679001038366303,0.02448,0,0,false,0,false,""
case.lis,657,1_2LT,A,1.1345909990503829,0.02586,0,0,false,0,false,""
case.lis,657,T_OPO,A,1.182548612405371,0.02454,0,0,false,0,false,""
case.lis,658,T_MAN,A,1.1713375489230278,0.03338,0,0,false,0,false,""
case.lis,658,1_2LT,A,1.1570659673225236,0.03342,0,0,false,0,false,""
case.lis,658,T_OPO,A,1.2945725835796125,0.03325,0,0,false,0,false,""
case.lis,659,T_MAN,A,1.561633057323145,0.03285,0,1,false,1,true,kmeans_highest_centroid
case.lis,659,1_2LT,A,1.8924783141191193,0.0328,0,1,false,1,true,kmeans_highest_centroid
case.lis,659,T_OPO,A,1.8121968369764903,0.03255,0,1,false,1,true,kmeans_highest_centroid
case.lis,660,T_MAN,A,1.2928003940466999,0.02642,0,0,false,0,false,""
case.lis,660,1_2LT,A,1.8617381541929587,0.02635,0,1,false,1,true,kmeans_highest_centroid
case.lis,660,T_OPO,A,1.8169336244308953,0.02613,0,1,false,1,true,kmeans_highest_centroid
case.lis,661,T_MAN,A,1.3297818632018958,0.03295,0,0,false,0,false,""
case.lis,661,1_2LT,A,1.5744562599288232,0.0316,0,1,false,1,true,kmeans_highest_centroid
case.lis,661,T_OPO,A,1.6964021317571465,0.03294,0,1,false,1,true,kmeans_highest_centroid
case.lis,662,T_MAN,A,1.246546526797838,0.03455,0,0,false,0,false,""
case.lis,662,1_2LT,A,1.8208360889977546,0.03469,0,1,false,1,true,kmeans_highest_centroid
case.lis,662,T_OPO,A,1.8188569095733822,0.03453,0,1,false,1,true,kmeans_highest_centroid
case.lis,663,T_MAN,A,1.2492541867461862,0.03502,0,0,false,0,false,""
case.lis,663,1_2LT,A,1.8889302608340655,0.03506,0,1,false,1,true,kmeans_highest_centroid
case.lis,663,T_OPO,A,1.764056231529061,0.03522,0,1,false,1,true,kmeans_highest_centroid
case.lis,664,T_MAN,A,1.2479860308669914,0.03308,0,0,false,0,false,""
case.lis,664,1_2LT,A,1.4975333386582887,0.03171,0,0,false,0,false,""
case.lis,664,T_OPO,A,1.629258384586029,0.03282,0,1,false,1,true,kmeans_highest_centroid
case.lis,665,T_MAN,A,1.1829962814061432,0.03289,0,0,false,0,false,""
case.lis,665,1_2LT,A,1.4564631113714424,0.03276,0,0,false,0,false,""
case.lis,665,T_OPO,A,1.614191858143188,0.03289,0,1,false,1,true,kmeans_highest_centroid
case.lis,666,T_MAN,A,1.5236773254523994,0.02605,0,1,false,1,true,kmeans_highest_centroid
case.lis,666,1_2LT,A,1.9619506199135581,0.02616,0,1,false,1,true,kmeans_highest_centroid
case.lis,666,T_OPO,A,1.8176682907780648,0.02631,0,1,false,1,true,kmeans_highest_centroid
case.lis,667,T_MAN,A,1.3882358422748209,0.02464,0,0,false,0,false,""
case.lis,667,1_2LT,A,2.0533358183125214,0.02461,0,1,false,1,true,kmeans_highest_centroid
case.lis,667,T_OPO,A,1.8307627111122944,0.02475,0,1,false,1,true,kmeans_highest_centroid
case.lis,668,T_MAN,A,1.2739796320455816,0.03324,0,0,false,0,false,""
case.lis,668,1_2LT,A,1.764096665690425,0.0274,0,1,false,1,true,kmeans_highest_centroid
case.lis,668,T_OPO,A,1.6625662735074596,0.02723,0,1,false,1,true,kmeans_highest_centroid
case.lis,669,T_MAN,A,1.257649209687869,0.04238,0,0,false,0,false,""
case.lis,669,1_2LT,A,1.7694447846499286,0.03514,0,1,false,1,true,kmeans_highest_centroid
case.lis,669,T_OPO,A,1.744988640095139,0.03529,0,1,false,1,true,kmeans_highest_centroid
case.lis,670,T_MAN,A,1.3393618040948907,0.03343,0,0,false,0,false,""
case.lis,670,1_2LT,A,1.8140103215385572,0.03347,0,1,false,1,true,kmeans_highest_centroid
case.lis,670,T_OPO,A,1.7597226763225857,0.03362,0,1,false,1,true,kmeans_highest_centroid
case.lis,671,T_MAN,A,1.1865123317092219,0.02482,0,0,false,0,false,""
case.lis,671,1_2LT,A,1.2973843819058015,0.02497,0,0,false,0,false,""
case.lis,671,T_OPO,A,1.4226827125322825,0.02364,0,0,false,0,false,""
case.lis,672,T_MAN,A,1.3128641692625824,0.03389,0,0,false,0,false,""
case.lis,672,1_2LT,A,1.9044440036564694,0.03402,0,1,false,1,true,kmeans_highest_centroid
case.lis,672,T_OPO,A,1.794033520594265,0.03417,0,1,false,1,true,kmeans_highest_centroid
case.lis,673,T_MAN,A,1.489438483452701,0.02469,0,0,false,0,false,""
case.lis,673,1_2LT,A,1.9473150687362992,0.02465,0,1,false,1,true,kmeans_highest_centroid
case.lis,673,T_OPO,A,1.809787356780887,0.02459,0,1,false,1,true,kmeans_highest_centroid
case.lis,674,T_MAN,A,1.2822285115862155,0.03519,0,0,false,0,false,""
case.lis,674,1_2LT,A,1.8172325496773964,0.0353,0,1,false,1,true,kmeans_highest_centroid
case.lis,674,T_OPO,A,1.7932331354224909,0.03543,0,1,false,1,true,kmeans_highest_centroid
case.lis,675,T_MAN,A,1.6163806544370192,0.03421,0,1,false,1,true,kmeans_highest_centroid
case.lis,675,1_2LT,A,1.959279169661954,0.03432,0,1,false,1,true,kmeans_highest_centroid
case.lis,675,T_OPO,A,1.7768715265759651,0.03446,0,1,false,1,true,kmeans_highest_centroid
case.lis,676,T_MAN,A,1.2682769331806847,0.02695,0,0,false,0,false,""
case.lis,676,1_2LT,A,1.6653679100437535,0.02707,0,1,false,1,true,kmeans_highest_centroid
case.lis,676,T_OPO,A,1.6778706390833975,0.02721,0,1,false,1,true,kmeans_highest_centroid
case.lis,677,T_MAN,A,1.2526150855986582,0.02653,0,0,false,0,false,""
case.lis,677,1_2LT,A,1.7825567773369897,0.02664,0,1,false,1,true,kmeans_highest_centroid
case.lis,677,T_OPO,A,1.765731693247069,0.02677,0,1,false,1,true,kmeans_highest_centroid
case.lis,678,T_MAN,A,1.2361564471897548,0.0249,0,0,false,0,false,""
case.lis,678,1_2LT,A,1.6869865189879034,0.02366,0,1,false,1,true,kmeans_highest_centroid
case.lis,678,T_OPO,A,1.7439522706497332,0.02379,0,1,false,1,true,kmeans_highest_centroid
case.lis,679,T_MAN,A,1.173905943537723,0.02434,0,0,false,0,false,""
case.lis,679,1_2LT,A,1.5482495096603566,0.02436,0,1,false,1,true,kmeans_highest_centroid
case.lis,679,T_OPO,A,1.7020085731781995,0.02419,0,1,false,1,true,kmeans_highest_centroid
case.lis,680,T_MAN,A,1.1044585851593494,0.04191,0,0,false,0,false,""
case.lis,680,1_2LT,A,1.1996481091970854,0.04067,0,0,false,0,false,""
case.lis,680,T_OPO,A,1.3144052468560574,0.04177,0,0,false,0,false,""
case.lis,681,T_MAN,A,1.3532870949705795,0.02655,0,0,false,0,false,""
case.lis,681,1_2LT,A,1.854578662903698,0.02651,0,1,false,1,true,kmeans_highest_centroid
case.lis,681,T_OPO,A,1.8086789673136487,0.02679,0,1,false,1,true,kmeans_highest_centroid
case.lis,682,T_MAN,A,1.1809902730814628,0.03346,0,0,false,0,false,""
case.lis,682,1_2LT,A,1.5714040132413891,0.02764,0,1,false,1,true,kmeans_highest_centroid
case.lis,682,T_OPO,A,1.7011786788785643,0.02745,0,1,false,1,true,kmeans_highest_centroid
case.lis,683,T_MAN,A,1.294973064600584,0.02374,0,0,false,0,false,""
case.lis,683,1_2LT,A,1.8327538006869193,0.02381,0,1,false,1,true,kmeans_highest_centroid
case.lis,683,T_OPO,A,1.7393909138510966,0.02394,0,1,false,1,true,kmeans_highest_centroid
case.lis,684,T_MAN,A,1.1533168259715825,0.02338,0,0,false,0,false,""
case.lis,684,1_2LT,A,1.6925919220426529,0.02334,0,1,false,1,true,kmeans_highest_centroid
case.lis,684,T_OPO,A,1.763387292881422,0.02352,0,1,false,1,true,kmeans_highest_centroid
case.lis,685,T_MAN,A,1.279889684673891,0.02476,0,0,false,0,false,""
case.lis,685,1_2LT,A,1.5506013649635684,0.02619,0,1,false,1,true,kmeans_highest_centroid
case.lis,685,T_OPO,A,1.720142353807787,0.02504,0,1,false,1,true,kmeans_highest_centroid
case.lis,686,T_MAN,A,1.204519023403179,0.02518,0,0,false,0,false,""
case.lis,686,1_2LT,A,1.474010135165118,0.02532,0,0,false,0,false,""
case.lis,686,T_OPO,A,1.67707251701767,0.024,0,1,false,1,true,kmeans_highest_centroid
case.lis,687,T_MAN,A,1.5130349583322238,0.02461,0,0,false,0,false,""
case.lis,687,1_2LT,A,2.1258941931361326,0.02465,0,1,false,1,true,kmeans_highest_centroid
case.lis,687,T_OPO,A,1.8520515278184544,0.02479,0,1,false,1,true,kmeans_highest_centroid
case.lis,688,T_MAN,A,1.4079249536285134,0.02507,0,0,false,0,false,""
case.lis,688,1_2LT,A,1.662240474986022,0.02642,0,1,false,1,true,kmeans_highest_centroid
case.lis,688,T_OPO,A,1.7363555117725888,0.02626,0,1,false,1,true,kmeans_highest_centroid
case.lis,689,T_MAN,A,1.180539506731631,0.02513,0,0,false,0,false,""
case.lis,689,1_2LT,A,1.5138676038588177,0.02527,0,0,false,0,false,""
case.lis,689,T_OPO,A,1.759651836665868,0.02539,0,1,false,1,true,kmeans_highest_centroid
case.lis,690,T_MAN,A,1.282270694107937,0.03282,0,0,false,0,false,""
case.lis,690,1_2LT,A,1.5976994861418035,0.03285,0,1,false,1,true,kmeans_highest_centroid
case.lis,690,T_OPO,A,1.7418698492150129,0.03304,0,1,false,1,true,kmeans_highest_centroid
case.lis,691,T_MAN,A,1.1524953628513361,0.02459,0,0,false,0,false,""
case.lis,691,1_2LT,A,1.528587644328479,0.02436,0,1,false,1,true,kmeans_highest_centroid
case.lis,691,T_OPO,A,1.7695128553298365,0.02454,0,1,false,1,true,kmeans_highest_centroid
case.lis,692,T_MAN,A,1.2611655439885692,0.02425,0,0,false,0,false,""
case.lis,692,1_2LT,A,1.9303548195283864,0.02418,0,1,false,1,true,kmeans_highest_centroid
case.lis,692,T_OPO,A,1.8497133399007784,0.02435,0,1,false,1,true,kmeans_highest_centroid
case.lis,693,T_MAN,A,1.4425792308989411,0.03385,0,0,false,0,false,""
case.lis,693,1_2LT,A,1.8597644417228008,0.03384,0,1,false,1,true,kmeans_highest_centroid
case.lis,693,T_OPO,A,1.8075106809730468,0.03411,0,1,false,1,true,kmeans_highest_centroid
case.lis,694,T_MAN,A,1.1587201469687691,0.04083,0,0,false,0,false,""
case.lis,694,1_2LT,A,1.357668823273605,0.04092,0,0,false,0,false,""
case.lis,694,T_OPO,A,1.3887969150758364,0.0381,0,0,false,0,false,""
case.lis,695,T_MAN,A,1.1912262129804663,0.03341,0,0,false,0,false,""
case.lis,695,1_2LT,A,1.5673082794181599,0.03342,0,1,false,1,true,kmeans_highest_centroid
case.lis,695,T_OPO,A,1.7623644310728899,0.03358,0,1,false,1,true,kmeans_highest_centroid
case.lis,696,T_MAN,A,1.4097539870603584,0.0259,0,0,false,0,false,""
case.lis,696,1_2LT,A,1.828788306397934,0.026,0,1,false,1,true,kmeans_highest_centroid
case.lis,696,T_OPO,A,1.811308164044126,0.02589,0,1,false,1,true,kmeans_highest_centroid
case.lis,697,T_MAN,A,1.4393778322106554,0.0327,0,0,false,0,false,""
case.lis,697,1_2LT,A,2.1025334717821735,0.03276,0,1,false,1,true,kmeans_highest_centroid
case.lis,697,T_OPO,A,1.837577207415888,0.03289,0,1,false,1,true,kmeans_highest_centroid
case.lis,698,T_MAN,A,1.1320610239889242,0.04271,0,0,false,0,false,""
case.lis,698,1_2LT,A,1.4287891051412445,0.04012,0,0,false,0,false,""
case.lis,698,T_OPO,A,1.5770982543021204,0.04026,0,1,false,1,true,kmeans_highest_centroid
case.lis,699,T_MAN,A,1.1897539870603584,0.04153,0,0,false,0,false,""
case.lis,699,1_2LT,A,1.5167972966976402,0.03614,0,0,false,0,false,""
case.lis,699,T_OPO,A,1.6642491812881068,0.03593,0,1,false,1,true,kmeans_highest_centroid
case.lis,700,T_MAN,A,1.1711331505098643,0.04172,0,0,false,0,false,""
case.lis,700,1_2LT,A,1.3271135191742771,0.0419,0,0,false,0,false,""
case.lis,700,T_OPO,A,1.498613736609956,0.04193,0,0,false,0,false,""
case.lis,701,T_MAN,A,1.19773724895054,0.03314,0,0,false,0,false,""
case.lis,701,1_2LT,A,1.58079003700844,0.03306,0,1,false,1,true,kmeans_highest_centroid
case.lis,701,T_OPO,A,1.7408334087702015,0.03434,0,1,false,1,true,kmeans_highest_centroid
case.lis,702,T_MAN,A,1.2954987619478686,0.03304,0,0,false,0,false,""
case.lis,702,1_2LT,A,1.9230659673225237,0.03301,0,1,false,1,true,kmeans_highest_centroid
case.lis,702,T_OPO,A,1.7895414325905021,0.03315,0,1,false,1,true,kmeans_highest_centroid
case.lis,703,T_MAN,A,1.4243166750978462,0.0257,0,0,false,0,false,""
case.lis,703,1_2LT,A,1.6952793382855418,0.02565,0,1,false,1,true,kmeans_highest_centroid
case.lis,703,T_OPO,A,1.8020259680325177,0.02558,0,1,false,1,true,kmeans_highest_centroid
case.lis,704,T_MAN,A,1.261837730859004,0.04151,0,0,false,0,false,""
case.lis,704,1_2LT,A,1.8007927527356957,0.03567,0,1,false,1,true,kmeans_highest_centroid
case.lis,704,T_OPO,A,1.736355778020359,0.03582,0,1,false,1,true,kmeans_highest_centroid
case.lis,705,T_MAN,A,1.2582428534661023,0.02523,0,0,false,0,false,""
case.lis,705,1_2LT,A,1.495542213583961,0.02533,0,0,false,0,false,""
case.lis,705,T_OPO,A,1.6303477195878484,0.02645,0,1,false,1,true,kmeans_highest_centroid
case.lis,706,T_MAN,A,1.2810187349680946,0.03275,0,0,false,0,false,""
case.lis,706,1_2LT,A,1.5875454351819802,0.03293,0,1,false,1,true,kmeans_highest_centroid
case.lis,706,T_OPO,A,1.735793941975736,0.033,0,1,false,1,true,kmeans_highest_centroid
case.lis,707,T_MAN,A,1.1788723341942011,0.03355,0,0,false,0,false,""
case.lis,707,1_2LT,A,1.375334558073076,0.03338,0,0,false,0,false,""
case.lis,707,T_OPO,A,1.573259662575326,0.03331,0,1,false,1,true,kmeans_highest_centroid
case.lis,708,T_MAN,A,1.2730424132697888,0.02673,0,0,false,0,false,""
case.lis,708,1_2LT,A,1.7437463723741313,0.02671,0,1,false,1,true,kmeans_highest_centroid
case.lis,708,T_OPO,A,1.7650911898612849,0.02671,0,1,false,1,true,kmeans_highest_centroid
case.lis,709,T_MAN,A,1.21060864240262,0.02461,0,0,false,0,false,""
case.lis,709,1_2LT,A,1.6957831678159696,0.0247,0,1,false,1,true,kmeans_highest_centroid
case.lis,709,T_OPO,A,1.7422362150216992,0.02486,0,1,false,1,true,kmeans_highest_centroid
case.lis,710,T_MAN,A,1.1406789584387231,0.03308,0,0,false,0,false,""
case.lis,710,1_2LT,A,1.3423310081028073,0.03442,0,0,false,0,false,""
case.lis,710,T_OPO,A,1.5028653230029199,0.03425,0,0,false,0,false,""
case.lis,711,T_MAN,A,1.2297879780256842,0.04228,0,0,false,0,false,""
case.lis,711,1_2LT,A,1.458617827950691,0.03643,0,0,false,0,false,""
case.lis,711,T_OPO,A,1.645907833896891,0.03662,0,1,false,1,true,kmeans_highest_centroid
case.lis,712,T_MAN,A,1.1996119971245243,0.03268,0,0,false,0,false,""
case.lis,712,1_2LT,A,1.5364421132973012,0.0325,0,1,false,1,true,kmeans_highest_centroid
case.lis,712,T_OPO,A,1.776114708414317,0.03266,0,1,false,1,true,kmeans_highest_centroid
case.lis,713,T_MAN,A,1.170485689182353,0.03307,0,0,false,0,false,""
case.lis,713,1_2LT,A,1.5145749886844697,0.03305,0,0,false,0,false,""
case.lis,713,T_OPO,A,1.5809995296289394,0.0329,0,1,false,1,true,kmeans_highest_centroid
case.lis,714,T_MAN,A,1.225321094810831,0.03293,0,0,false,0,false,""
case.lis,714,1_2LT,A,1.7727543065576825,0.03148,0,1,false,1,true,kmeans_highest_centroid
case.lis,714,T_OPO,A,1.7940310622398536,0.03285,0,1,false,1,true,kmeans_highest_centroid
case.lis,715,T_MAN,A,1.2912242072472642,0.0243,0,0,false,0,false,""
case.lis,715,1_2LT,A,1.7720296955013002,0.0243,0,1,false,1,true,kmeans_highest_centroid
case.lis,715,T_OPO,A,1.7817312317509342,0.02427,0,1,false,1,true,kmeans_highest_centroid
case.lis,716,T_MAN,A,1.4101935621289172,0.03428,0,0,false,0,false,""
case.lis,716,1_2LT,A,1.8512975851327245,0.0344,0,1,false,1,true,kmeans_highest_centroid
case.lis,716,T_OPO,A,1.7799708902437943,0.03453,0,1,false,1,true,kmeans_highest_centroid
case.lis,717,T_MAN,A,1.1523619727184784,0.04185,0,0,false,0,false,""
case.lis,717,1_2LT,A,1.473837162863761,0.04212,0,0,false,0,false,""
case.lis,717,T_OPO,A,1.6898459312903253,0.04072,0,1,false,1,true,kmeans_highest_centroid
case.lis,718,T_MAN,A,1.163479893855889,0.03259,0,0,false,0,false,""
case.lis,718,1_2LT,A,1.39893962388065,0.0342,0,0,false,0,false,""
case.lis,718,T_OPO,A,1.5344447136505233,0.03092,0,1,false,1,true,kmeans_highest_centroid
case.lis,719,T_MAN,A,1.1828450349228325,0.041,0,0,false,0,false,""
case.lis,719,1_2LT,A,1.3766956876736158,0.04094,0,0,false,0,false,""
case.lis,719,T_OPO,A,1.4784097908180018,0.04217,0,0,false,0,false,""
case.lis,720,T_MAN,A,1.3279292402176133,0.03279,0,0,false,0,false,""
case.lis,720,1_2LT,A,1.6953517576790293,0.03409,0,1,false,1,true,kmeans_highest_centroid
case.lis,720,T_OPO,A,1.769005555703471,0.0328,0,1,false,1,true,kmeans_highest_centroid
case.lis,721,T_MAN,A,1.2092934937919895,0.03344,0,0,false,0,false,""
case.lis,721,1_2LT,A,1.395396700302635,0.03357,0,0,false,0,false,""
case.lis,721,T_OPO,A,1.5639582079750083,0.03225,0,1,false,1,true,kmeans_highest_centroid
case.lis,722,T_MAN,A,1.164379136824729,0.03332,0,0,false,0,false,""
case.lis,722,1_2LT,A,1.5025051252695758,0.02745,0,0,false,0,false,""
case.lis,722,T_OPO,A,1.5502827551319256,0.0276,0,1,false,1,true,kmeans_highest_centroid
case.lis,723,T_MAN,A,1.2192695048678968,0.02484,0,0,false,0,false,""
case.lis,723,1_2LT,A,1.4126411778801353,0.02316,0,0,false,0,false,""
case.lis,723,T_OPO,A,1.5958742245533695,0.02468,0,1,false,1,true,kmeans_highest_centroid
case.lis,724,T_MAN,A,1.254948862678275,0.03302,0,0,false,0,false,""
case.lis,724,1_2LT,A,2.057823344604489,0.03298,0,1,false,1,true,kmeans_highest_centroid
case.lis,724,T_OPO,A,1.8396438758575397,0.03315,0,1,false,1,true,kmeans_highest_centroid
case.lis,725,T_MAN,A,1.2211533853403977,0.0253,0,0,false,0,false,""
case.lis,725,1_2LT,A,1.6350601276214314,0.02393,0,1,false,1,true,kmeans_highest_centroid
case.lis,725,T_OPO,A,1.7609759755762044,0.02405,0,1,false,1,true,kmeans_highest_centroid
case.lis,726,T_MAN,A,1.2959353727912528,0.02593,0,0,false,0,false,""
case.lis,726,1_2LT,A,1.848991009700294,0.02606,0,1,false,1,true,kmeans_highest_centroid
case.lis,726,T_OPO,A,1.8178904301676473,0.02604,0,1,false,1,true,kmeans_highest_centroid
case.lis,727,T_MAN,A,1.3323168170966568,0.03309,0,0,false,0,false,""
case.lis,727,1_2LT,A,1.628813777434614,0.03184,0,1,false,1,true,kmeans_highest_centroid
case.lis,727,T_OPO,A,1.7226379119074877,0.03156,0,1,false,1,true,kmeans_highest_centroid
case.lis,728,T_MAN,A,1.179307054678417,0.03303,0,0,false,0,false,""
case.lis,728,1_2LT,A,1.5028987282231512,0.03298,0,0,false,0,false,""
case.lis,728,T_OPO,A,1.7565083646174462,0.03156,0,1,false,1,true,kmeans_highest_centroid
case.lis,729,T_MAN,A,1.180222405637353,0.02468,0,0,false,0,false,""
case.lis,729,1_2LT,A,1.5180287902588816,0.02468,0,0,false,0,false,""
case.lis,729,T_OPO,A,1.6591029225130238,0.02486,0,1,false,1,true,kmeans_highest_centroid
case.lis,730,T_MAN,A,1.0692242782466697,0.03314,0,0,false,0,false,""
case.lis,730,1_2LT,A,1.142320633314696,0.03211,0,0,false,0,false,""
case.lis,730,T_OPO,A,1.2700282488884156,0.03208,0,0,false,0,false,""
case.lis,731,T_MAN,A,1.3568031630235098,0.02565,0,0,false,0,false,""
case.lis,731,1_2LT,A,1.9169074434001616,0.02559,0,1,false,1,true,kmeans_highest_centroid
case.lis,731,T_OPO,A,1.8154996139407331,0.02587,0,1,false,1,true,kmeans_highest_centroid
case.lis,732,T_MAN,A,1.264413500536933,0.02478,0,0,false,0,false,""
case.lis,732,1_2LT,A,1.5735595551887254,0.02426,0,1,false,1,true,kmeans_highest_centroid
case.lis,732,T_OPO,A,1.6786754173433796,0.02447,0,1,false,1,true,kmeans_highest_centroid
case.lis,733,T_MAN,A,1.258153926710864,0.02489,0,0,false,0,false,""
case.lis,733,1_2LT,A,1.4568678612316621,0.02481,0,0,false,0,false,""
case.lis,733,T_OPO,A,1.73968538388491,0.0221,0,1,false,1,true,kmeans_highest_centroid
case.lis,734,T_MAN,A,1.1655717670864507,0.04144,0,0,false,0,false,""
case.lis,734,1_2LT,A,1.5693635435803226,0.0356,0,1,false,1,true,kmeans_highest_centroid
case.lis,734,T_OPO,A,1.7502347772837403,0.03565,0,1,false,1,true,kmeans_highest_centroid
case.lis,735,T_MAN,A,1.238632950824037,0.0325,0,0,false,0,false,""
case.lis,735,1_2LT,A,1.362484002946475,0.0321,0,0,false,0,false,""
case.lis,735,T_OPO,A,1.6923186453313455,0.03229,0,1,false,1,true,kmeans_highest_centroid
case.lis,736,T_MAN,A,1.5368579390647603,0.03371,0,1,false,1,true,kmeans_highest_centroid
case.lis,736,1_2LT,A,1.9158612405371105,0.03383,0,1,false,1,true,kmeans_highest_centroid
case.lis,736,T_OPO,A,1.8425401013516511,0.03385,0,1,false,1,true,kmeans_highest_centroid
case.lis,737,T_MAN,A,1.1174196153607214,0.04111,0,0,false,0,false,""
case.lis,737,1_2LT,A,1.4235552952244026,0.04216,0,0,false,0,false,""
case.lis,737,T_OPO,A,1.6526828012815393,0.04224,0,1,false,1,true,kmeans_highest_centroid
case.lis,738,T_MAN,A,1.2276769882052236,0.02469,0,0,false,0,false,""
case.lis,738,1_2LT,A,1.4186897059737125,0.02482,0,0,false,0,false,""
case.lis,738,T_OPO,A,1.6866747428490287,0.02497,0,1,false,1,true,kmeans_highest_centroid
case.lis,739,T_MAN,A,1.3557877827773193,0.02664,0,0,false,0,false,""
case.lis,739,1_2LT,A,1.834522928370475,0.02677,0,1,false,1,true,kmeans_highest_centroid
case.lis,739,T_OPO,A,1.7885133612006001,0.0269,0,1,false,1,true,kmeans_highest_centroid
case.lis,740,T_MAN,A,1.3245365957560105,0.02519,0,0,false,0,false,""
case.lis,740,1_2LT,A,1.7466567267499136,0.0238,0,1,false,1,true,kmeans_highest_centroid
case.lis,740,T_OPO,A,1.748375888601933,0.02395,0,1,false,1,true,kmeans_highest_centroid
case.lis,741,T_MAN,A,1.312772269407244,0.03476,0,0,false,0,false,""
case.lis,741,1_2LT,A,1.8026381515304808,0.03481,0,1,false,1,true,kmeans_highest_centroid
case.lis,741,T_OPO,A,1.739527232709426,0.04045,0,1,false,1,true,kmeans_highest_centroid
case.lis,742,T_MAN,A,1.2011649404936235,0.03189,0,0,false,0,false,""
case.lis,742,1_2LT,A,1.7205700808505728,0.03179,0,1,false,1,true,kmeans_highest_centroid
case.lis,742,T_OPO,A,1.81349086326402,0.03313,0,1,false,1,true,kmeans_highest_centroid
case.lis,743,T_MAN,A,1.35497024237422,0.03356,0,0,false,0,false,""
case.lis,743,1_2LT,A,1.800662433327121,0.03231,0,1,false,1,true,kmeans_highest_centroid
case.lis,743,T_OPO,A,1.7420089370501521,0.03246,0,1,false,1,true,kmeans_highest_centroid
case.lis,744,T_MAN,A,1.4032540802470779,0.02579,0,0,false,0,false,""
case.lis,744,1_2LT,A,1.8946993618928443,0.02582,0,1,false,1,true,kmeans_highest_centroid
case.lis,744,T_OPO,A,1.8591316772722029,0.026,0,1,false,1,true,kmeans_highest_centroid
case.lis,745,T_MAN,A,1.2795460919264803,0.03404,0,0,false,0,false,""
case.lis,745,1_2LT,A,1.5258615334096577,0.03251,0,1,false,1,true,kmeans_highest_centroid
case.lis,745,T_OPO,A,1.7629047720475342,0.03384,0,1,false,1,true,kmeans_highest_centroid
case.lis,746,T_MAN,A,1.5159018699468392,0.03361,0,0,false,0,false,""
case.lis,746,1_2LT,A,1.9011121968103517,0.03369,0,1,false,1,true,kmeans_highest_centroid
case.lis,746,T_OPO,A,1.7932285027112898,0.03383,0,1,false,1,true,kmeans_highest_centroid
case.lis,747,T_MAN,A,1.2162986856235078,0.0334,0,0,false,0,false,""
case.lis,747,1_2LT,A,1.5442806517745413,0.0335,0,1,false,1,true,kmeans_highest_centroid
case.lis,747,T_OPO,A,1.6968691303460333,0.03335,0,1,false,1,true,kmeans_highest_centroid
case.lis,748,T_MAN,A,1.2239891370909768,0.0327,0,0,false,0,false,""
case.lis,748,1_2LT,A,1.601985311998012,0.03261,0,1,false,1,true,kmeans_highest_centroid
case.lis,748,T_OPO,A,1.7280623729776263,0.03401,0,1,false,1,true,kmeans_highest_centroid
case.lis,749,T_MAN,A,1.1439082510183978,0.04157,0,0,false,0,false,""
case.lis,749,1_2LT,A,1.4404949546047552,0.0416,0,0,false,0,false,""
case.lis,749,T_OPO,A,1.6485930846579158,0.03631,0,1,false,1,true,kmeans_highest_centroid
case.lis,750,T_MAN,A,1.1036618032073982,0.03404,0,0,false,0,false,""
case.lis,750,1_2LT,A,1.2511721114335668,0.03397,0,0,false,0,false,""
case.lis,750,T_OPO,A,1.24199973375223,0.03379,0,0,false,0,false,""
case.lis,751,T_MAN,A,1.1234076430859892,0.03355,0,0,false,0,false,""
case.lis,751,1_2LT,A,1.3216888096062196,0.0337,0,0,false,0,false,""
case.lis,751,T_OPO,A,1.3878568563238283,0.03387,0,0,false,0,false,""
case.lis,752,T_MAN,A,1.1593228875458168,0.03406,0,0,false,0,false,""
case.lis,752,1_2LT,A,1.6243505684389892,0.03264,0,1,false,1,true,kmeans_highest_centroid
case.lis,752,T_OPO,A,1.759479130612281,0.03122,0,1,false,1,true,kmeans_highest_centroid
case.lis,753,T_MAN,A,1.371193056258154,0.02636,0,0,false,0,false,""
case.lis,753,1_2LT,A,1.772268874748174,0.02648,0,1,false,1,true,kmeans_highest_centroid
case.lis,753,T_OPO,A,1.7962397827418195,0.02623,0,1,false,1,true,kmeans_highest_centroid
case.lis,754,T_MAN,A,1.3579332960586457,0.0255,0,0,false,0,false,""
case.lis,754,1_2LT,A,1.932166901852197,0.02562,0,1,false,1,true,kmeans_highest_centroid
case.lis,754,T_OPO,A,1.8108762214116458,0.02576,0,1,false,1,true,kmeans_highest_centroid
case.lis,755,T_MAN,A,1.2275984362380965,0.03336,0,0,false,0,false,""
case.lis,755,1_2LT,A,1.5459967606521297,0.03333,0,1,false,1,true,kmeans_highest_centroid
case.lis,755,T_OPO,A,1.6240214684452017,0.03321,0,1,false,1,true,kmeans_highest_centroid
case.lis,756,T_MAN,A,1.4346801920533916,0.02645,0,0,false,0,false,""
case.lis,756,1_2LT,A,1.7540720821463118,0.02657,0,1,false,1,true,kmeans_highest_centroid
case.lis,756,T_OPO,A,1.763073031763359,0.02641,0,1,false,1,true,kmeans_highest_centroid
case.lis,757,T_MAN,A,1.1725454973064602,0.03324,0,0,false,0,false,""
case.lis,757,1_2LT,A,1.5286106303859706,0.02785,0,1,false,1,true,kmeans_highest_centroid
case.lis,757,T_OPO,A,1.6384156482689458,0.02758,0,1,false,1,true,kmeans_highest_centroid
case.lis,758,T_MAN,A,1.142274377202091,0.02462,0,0,false,0,false,""
case.lis,758,1_2LT,A,1.6368810848709143,0.02476,0,1,false,1,true,kmeans_highest_centroid
case.lis,758,T_OPO,A,1.7016080477825999,0.02491,0,1,false,1,true,kmeans_highest_centroid
case.lis,759,T_MAN,A,1.4026887918563684,0.0334,0,0,false,0,false,""
case.lis,759,1_2LT,A,1.8127307702547992,0.03352,0,1,false,1,true,kmeans_highest_centroid
case.lis,759,T_OPO,A,1.7867157893802639,0.03337,0,1,false,1,true,kmeans_highest_centroid
case.lis,760,T_MAN,A,1.360454041197405,0.02556,0,0,false,0,false,""
case.lis,760,1_2LT,A,1.8951739929178093,0.02567,0,1,false,1,true,kmeans_highest_centroid
case.lis,760,T_OPO,A,1.8117468516201178,0.02558,0,1,false,1,true,kmeans_highest_centroid
case.lis,761,T_MAN,A,1.1776838218979917,0.04174,0,0,false,0,false,""
case.lis,761,1_2LT,A,1.2885726457040922,0.04164,0,0,false,0,false,""
case.lis,761,T_OPO,A,1.3279991480071354,0.04276,0,0,false,0,false,""
case.lis,762,T_MAN,A,1.2989250956273242,0.03405,0,0,false,0,false,""
case.lis,762,1_2LT,A,1.895414938274892,0.03418,0,1,false,1,true,kmeans_highest_centroid
case.lis,762,T_OPO,A,1.7904275140445698,0.03433,0,1,false,1,true,kmeans_highest_centroid
case.lis,763,T_MAN,A,1.3907905073795008,0.03467,0,0,false,0,false,""
case.lis,763,1_2LT,A,1.6956077549100526,0.03463,0,1,false,1,true,kmeans_highest_centroid
case.lis,763,T_OPO,A,1.7719137623472403,0.03458,0,1,false,1,true,kmeans_highest_centroid
case.lis,764,T_MAN,A,1.3229545515056311,0.02538,0,0,false,0,false,""
case.lis,764,1_2LT,A,1.9128496498841823,0.02551,0,1,false,1,true,kmeans_highest_centroid
case.lis,764,T_OPO,A,1.7966967526646964,0.02566,0,1,false,1,true,kmeans_highest_centroid
case.lis,765,T_MAN,A,1.1993223639252022,0.03227,0,0,false,0,false,""
case.lis,765,1_2LT,A,1.5595141244442077,0.03364,0,1,false,1,true,kmeans_highest_centroid
case.lis,765,T_OPO,A,1.6523501513174828,0.03379,0,1,false,1,true,kmeans_highest_centroid
case.lis,766,T_MAN,A,1.1377862030405494,0.03237,0,0,false,0,false,""
case.lis,766,1_2LT,A,1.4287374175741276,0.03404,0,0,false,0,false,""
case.lis,766,T_OPO,A,1.6881811194831244,0.03387,0,1,false,1,true,kmeans_highest_centroid
case.lis,767,T_MAN,A,1.313952199650328,0.03355,0,0,false,0,false,""
case.lis,767,1_2LT,A,1.575805861000914,0.0323,0,1,false,1,true,kmeans_highest_centroid
case.lis,767,T_OPO,A,1.7349344320491316,0.03247,0,1,false,1,true,kmeans_highest_centroid
case.lis,768,T_MAN,A,1.1830901958696096,0.03325,0,0,false,0,false,""
case.lis,768,1_2LT,A,1.6907450500102061,0.03339,0,1,false,1,true,kmeans_highest_centroid
case.lis,768,T_OPO,A,1.6967423786575786,0.03203,0,1,false,1,true,kmeans_highest_centroid
case.lis,769,T_MAN,A,1.1626385331522848,0.03417,0,0,false,0,false,""
case.lis,769,1_2LT,A,1.4474233694542809,0.03156,0,0,false,0,false,""
case.lis,769,T_OPO,A,1.7390211045732493,0.03296,0,1,false,1,true,kmeans_highest_centroid
case.lis,770,T_MAN,A,1.278678878564392,0.02521,0,0,false,0,false,""
case.lis,770,1_2LT,A,1.9773708920187794,0.02536,0,1,false,1,true,kmeans_highest_centroid
case.lis,770,T_OPO,A,1.8223152018601845,0.02553,0,1,false,1,true,kmeans_highest_centroid
case.lis,771,T_MAN,A,1.1763520505515768,0.03327,0,0,false,0,false,""
case.lis,771,1_2LT,A,1.3015127577056544,0.0307,0,0,false,0,false,""
case.lis,771,T_OPO,A,1.7376122544973684,0.03084,0,1,false,1,true,kmeans_highest_centroid
case.lis,772,T_MAN,A,1.2220559919060678,0.03244,0,0,false,0,false,""
case.lis,772,1_2LT,A,1.872994710544299,0.03258,0,1,false,1,true,kmeans_highest_centroid
case.lis,772,T_OPO,A,1.7734258100588407,0.03273,0,1,false,1,true,kmeans_highest_centroid
case.lis,773,T_MAN,A,1.232364448822741,0.03309,0,0,false,0,false,""
case.lis,773,1_2LT,A,1.6593092556599838,0.03176,0,1,false,1,true,kmeans_highest_centroid
case.lis,773,T_OPO,A,1.7757336102310144,0.03181,0,1,false,1,true,kmeans_highest_centroid
case.lis,774,T_MAN,A,1.2848330537731745,0.03303,0,0,false,0,false,""
case.lis,774,1_2LT,A,1.592042519768897,0.03422,0,1,false,1,true,kmeans_highest_centroid
case.lis,774,T_OPO,A,1.7158328141501815,0.0331,0,1,false,1,true,kmeans_highest_centroid
case.lis,775,T_MAN,A,1.30922454449444,0.03257,0,0,false,0,false,""
case.lis,775,1_2LT,A,1.7284168020092832,0.03119,0,1,false,1,true,kmeans_highest_centroid
case.lis,775,T_OPO,A,1.794967943768471,0.03253,0,1,false,1,true,kmeans_highest_centroid
case.lis,776,T_MAN,A,1.5705842363570206,0.02439,0,1,false,1,true,kmeans_highest_centroid
case.lis,776,1_2LT,A,1.9317442778916727,0.02451,0,1,false,1,true,kmeans_highest_centroid
case.lis,776,T_OPO,A,1.8017711689164604,0.02464,0,1,false,1,true,kmeans_highest_centroid
case.lis,777,T_MAN,A,1.1520848442894291,0.03312,0,0,false,0,false,""
case.lis,777,1_2LT,A,1.327129316541974,0.03309,0,0,false,0,false,""
case.lis,777,T_OPO,A,1.4472790542879204,0.03328,0,0,false,0,false,""
case.lis,778,T_MAN,A,1.3109311039520046,0.03377,0,0,false,0,false,""
case.lis,778,1_2LT,A,1.703544503314785,0.03237,0,1,false,1,true,kmeans_highest_centroid
case.lis,778,T_OPO,A,1.7398452479210487,0.03247,0,1,false,1,true,kmeans_highest_centroid
case.lis,779,T_MAN,A,1.3270232611801875,0.02514,0,0,false,0,false,""
case.lis,779,1_2LT,A,1.9202586153340966,0.02527,0,1,false,1,true,kmeans_highest_centroid
case.lis,779,T_OPO,A,1.797927616106215,0.02542,0,1,false,1,true,kmeans_highest_centroid
case.lis,780,T_MAN,A,1.1236036635693176,0.04172,0,0,false,0,false,""
case.lis,780,1_2LT,A,1.3805903600557345,0.04188,0,0,false,0,false,""
case.lis,780,T_OPO,A,1.4960716029003256,0.04192,0,0,false,0,false,""
case.lis,781,T_MAN,A,1.3782756906910905,0.02476,0,0,false,0,false,""
case.lis,781,1_2LT,A,1.9256830586543838,0.02488,0,1,false,1,true,kmeans_highest_centroid
case.lis,781,T_OPO,A,1.8118660418718993,0.02481,0,1,false,1,true,kmeans_highest_centroid
case.lis,782,T_MAN,A,1.5209867142362683,0.02573,0,0,false,0,false,""
case.lis,782,1_2LT,A,2.0797760856252827,0.02585,0,1,false,1,true,kmeans_highest_centroid
case.lis,782,T_OPO,A,1.8059200191698395,0.02601,0,1,false,1,true,kmeans_highest_centroid
case.lis,783,T_MAN,A,1.191281716765622,0.04118,0,0,false,0,false,""
case.lis,783,1_2LT,A,1.5807932408566079,0.04132,0,1,false,1,true,kmeans_highest_centroid
case.lis,783,T_OPO,A,1.6449942756729412,0.03996,0,1,false,1,true,kmeans_highest_centroid
case.lis,784,T_MAN,A,1.220758362398715,0.02529,0,0,false,0,false,""
case.lis,784,1_2LT,A,1.4309092361351474,0.0241,0,0,false,0,false,""
case.lis,784,T_OPO,A,1.6416630723217693,0.02406,0,1,false,1,true,kmeans_highest_centroid
case.lis,785,T_MAN,A,1.1585871118329383,0.02494,0,0,false,0,false,""
case.lis,785,1_2LT,A,1.497117690389343,0.02358,0,0,false,0,false,""
case.lis,785,T_OPO,A,1.6914561090550868,0.02497,0,1,false,1,true,kmeans_highest_centroid
case.lis,786,T_MAN,A,1.2943691525333476,0.03311,0,0,false,0,false,""
case.lis,786,1_2LT,A,1.6669374761486373,0.03301,0,1,false,1,true,kmeans_highest_centroid
case.lis,786,T_OPO,A,1.7603710783922184,0.03313,0,1,false,1,true,kmeans_highest_centroid
case.lis,787,T_MAN,A,1.1623933012061025,0.04216,0,0,false,0,false,""
case.lis,787,1_2LT,A,1.3747909511257843,0.04207,0,0,false,0,false,""
case.lis,787,T_OPO,A,1.6463505418142124,0.04199,0,1,false,1,true,kmeans_highest_centroid
case.lis,788,T_MAN,A,1.2518909804130391,0.02613,0,0,false,0,false,""
case.lis,788,1_2LT,A,1.9240550422890208,0.026,0,1,false,1,true,kmeans_highest_centroid
case.lis,788,T_OPO,A,1.787536231884058,0.02624,0,1,false,1,true,kmeans_highest_centroid
case.lis,789,T_MAN,A,1.33157822803234,0.04155,0,0,false,0,false,""
case.lis,789,1_2LT,A,1.7688156411690052,0.04154,0,1,false,1,true,kmeans_highest_centroid
case.lis,789,T_OPO,A,1.7598551612130249,0.04026,0,1,false,1,true,kmeans_highest_centroid
case.lis,790,T_MAN,A,1.1160373545621556,0.033,0,0,false,0,false,""
case.lis,790,1_2LT,A,1.2741483710073926,0.03287,0,0,false,0,false,""
case.lis,790,T_OPO,A,1.3974471010055292,0.03271,0,0,false,0,false,""
case.lis,791,T_MAN,A,1.5479765169466706,0.02459,0,1,false,1,true,kmeans_highest_centroid
case.lis,791,1_2LT,A,2.0362356115267537,0.02464,0,1,false,1,true,kmeans_highest_centroid
case.lis,791,T_OPO,A,1.8217991249323287,0.02478,0,1,false,1,true,kmeans_highest_centroid
case.lis,792,T_MAN,A,1.2547014031257488,0.04186,0,0,false,0,false,""
case.lis,792,1_2LT,A,1.423096284068621,0.04047,0,0,false,0,false,""
case.lis,792,T_OPO,A,1.675751040585035,0.04212,0,1,false,1,true,kmeans_highest_centroid
case.lis,793,T_MAN,A,1.4501625353887662,0.03449,0,0,false,0,false,""
case.lis,793,1_2LT,A,1.8081582399247405,0.03443,0,1,false,1,true,kmeans_highest_centroid
case.lis,793,T_OPO,A,1.7683679632933074,0.03445,0,1,false,1,true,kmeans_highest_centroid
case.lis,794,T_MAN,A,1.247670775757253,0.02471,0,0,false,0,false,""
case.lis,794,1_2LT,A,1.725722019578086,0.02342,0,1,false,1,true,kmeans_highest_centroid
case.lis,794,T_OPO,A,1.7711895950371415,0.02483,0,1,false,1,true,kmeans_highest_centroid
case.lis,795,T_MAN,A,1.30098753072943,0.03282,0,0,false,0,false,""
case.lis,795,1_2LT,A,1.5026685215261324,0.03418,0,0,false,0,false,""
case.lis,795,T_OPO,A,1.6099218474045278,0.034,0,1,false,1,true,kmeans_highest_centroid
case.lis,796,T_MAN,A,1.2525950726412667,0.03483,0,0,false,0,false,""
case.lis,796,1_2LT,A,1.8320541725463049,0.03489,0,1,false,1,true,kmeans_highest_centroid
case.lis,796,T_OPO,A,1.8076260550067893,0.03507,0,1,false,1,true,kmeans_highest_centroid
case.lis,797,T_MAN,A,1.2626111273818081,0.03298,0,0,false,0,false,""
case.lis,797,1_2LT,A,1.8123037177063641,0.03174,0,1,false,1,true,kmeans_highest_centroid
case.lis,797,T_OPO,A,1.7734138910336625,0.03321,0,1,false,1,true,kmeans_highest_centroid
case.lis,798,T_MAN,A,1.5574218252172138,0.03261,0,1,false,1,true,kmeans_highest_centroid
case.lis,798,1_2LT,A,1.9147620721176462,0.03269,0,1,false,1,true,kmeans_highest_centroid
case.lis,798,T_OPO,A,1.7890177853510478,0.03281,0,1,false,1,true,kmeans_highest_centroid
case.lis,799,T_MAN,A,1.1838417778251107,0.02559,0,0,false,0,false,""
case.lis,799,1_2LT,A,1.6848762391614969,0.02422,0,1,false,1,true,kmeans_highest_centroid
case.lis,799,T_OPO,A,1.7150747712487908,0.02282,0,1,false,1,true,kmeans_highest_centroid
case.lis,800,T_MAN,A,1.3894235647026456,0.03426,0,0,false,0,false,""
case.lis,800,1_2LT,A,1.8820504184527456,0.03437,0,1,false,1,true,kmeans_highest_centroid
case.lis,800,T_OPO,A,1.7970182557221082,0.03452,0,1,false,1,true,kmeans_highest_centroid
case.lis,801,T_MAN,A,1.2252157139433957,0.03203,0,0,false,0,false,""
case.lis,801,1_2LT,A,1.4485323446666134,0.03309,0,0,false,0,false,""
case.lis,801,T_OPO,A,1.6034877747898861,0.03446,0,1,false,1,true,kmeans_highest_centroid
case.lis,802,T_MAN,A,1.2083951471906422,0.0247,0,0,false,0,false,""
case.lis,802,1_2LT,A,1.617556555463848,0.02478,0,1,false,1,true,kmeans_highest_centroid
case.lis,802,T_OPO,A,1.767175821152498,0.02332,0,1,false,1,true,kmeans_highest_centroid
case.lis,803,T_MAN,A,1.3898671068629802,0.03291,0,0,false,0,false,""
case.lis,803,1_2LT,A,1.9944899580216016,0.03278,0,1,false,1,true,kmeans_highest_centroid
case.lis,803,T_OPO,A,1.8102874677174579,0.03301,0,1,false,1,true,kmeans_highest_centroid
case.lis,804,T_MAN,A,1.2896320012069897,0.03373,0,0,false,0,false,""
case.lis,804,1_2LT,A,1.75306162748387,0.03233,0,1,false,1,true,kmeans_highest_centroid
case.lis,804,T_OPO,A,1.7867623649901931,0.0325,0,1,false,1,true,kmeans_highest_centroid
case.lis,805,T_MAN,A,1.395120024494795,0.03332,0,0,false,0,false,""
case.lis,805,1_2LT,A,1.9389866254870116,0.03344,0,1,false,1,true,kmeans_highest_centroid
case.lis,805,T_OPO,A,1.8040448982489772,0.03358,0,1,false,1,true,kmeans_highest_centroid
case.lis,806,T_MAN,A,1.1529130168534838,0.0414,0,0,false,0,false,""
case.lis,806,1_2LT,A,1.2963913664723057,0.04142,0,0,false,0,false,""
case.lis,806,T_OPO,A,1.5741354491156134,0.04161,0,1,false,1,true,kmeans_highest_centroid
case.lis,807,T_MAN,A,1.1442637716659123,0.03254,0,0,false,0,false,""
case.lis,807,1_2LT,A,1.3005352911419368,0.03213,0,0,false,0,false,""
case.lis,807,T_OPO,A,1.471771204416163,0.03229,0,0,false,0,false,""
case.lis,808,T_MAN,A,1.1996111007570311,0.04054,0,0,false,0,false,""
case.lis,808,1_2LT,A,1.5698490641390879,0.03566,0,1,false,1,true,kmeans_highest_centroid
case.lis,808,T_OPO,A,1.7662656087755266,0.03919,0,1,false,1,true,kmeans_highest_centroid
case.lis,809,T_MAN,A,1.2747883773973392,0.02661,0,0,false,0,false,""
case.lis,809,1_2LT,A,1.8002837313737499,0.02673,0,1,false,1,true,kmeans_highest_centroid
case.lis,809,T_OPO,A,1.7731236188396922,0.02687,0,1,false,1,true,kmeans_highest_centroid
case.lis,810,T_MAN,A,1.1949400498770824,0.02395,0,0,false,0,false,""
case.lis,810,1_2LT,A,1.5598968733636855,0.02531,0,1,false,1,true,kmeans_highest_centroid
case.lis,810,T_OPO,A,1.6419078427718168,0.02546,0,1,false,1,true,kmeans_highest_centroid
case.lis,811,T_MAN,A,1.2154378444580527,0.02428,0,0,false,0,false,""
case.lis,811,1_2LT,A,1.6670897343734747,0.02429,0,1,false,1,true,kmeans_highest_centroid
case.lis,811,T_OPO,A,1.781360792353364,0.0229,0,1,false,1,true,kmeans_highest_centroid
case.lis,812,T_MAN,A,1.3099666302794712,0.02403,0,0,false,0,false,""
case.lis,812,1_2LT,A,1.5745962352565297,0.02397,0,1,false,1,true,kmeans_highest_centroid
case.lis,812,T_OPO,A,1.7586680511550716,0.02529,0,1,false,1,true,kmeans_highest_centroid
case.lis,813,T_MAN,A,1.612551186133816,0.033,0,1,false,1,true,kmeans_highest_centroid
case.lis,813,1_2LT,A,2.0099008937050153,0.03313,0,1,false,1,true,kmeans_highest_centroid
case.lis,813,T_OPO,A,1.8398558268324503,0.03325,0,1,false,1,true,kmeans_highest_centroid
case.lis,814,T_MAN,A,1.186474684274519,0.03291,0,0,false,0,false,""
case.lis,814,1_2LT,A,1.2566158399673404,0.03296,0,0,false,0,false,""
case.lis,814,T_OPO,A,1.3711442619168064,0.03414,0,0,false,0,false,""
case.lis,815,T_MAN,A,1.1349059612875743,0.03412,0,0,false,0,false,""
case.lis,815,1_2LT,A,1.407394889817798,0.03275,0,0,false,0,false,""
case.lis,815,T_OPO,A,1.5539182530596307,0.03293,0,1,false,1,true,kmeans_highest_centroid
case.lis,816,T_MAN,A,1.4744659690975088,0.03224,0,0,false,0,false,""
case.lis,816,1_2LT,A,2.23610953433265,0.03235,0,1,false,1,true,kmeans_highest_centroid
case.lis,816,T_OPO,A,1.8881135014244255,0.0325,0,1,false,1,true,kmeans_highest_centroid
case.lis,817,T_MAN,A,1.2153701287751717,0.02473,0,0,false,0,false,""
case.lis,817,1_2LT,A,1.705198665211179,0.02476,0,1,false,1,true,kmeans_highest_centroid
case.lis,817,T_OPO,A,1.7363250707775322,0.02334,0,1,false,1,true,kmeans_highest_centroid
case.lis,818,T_MAN,A,1.2887286668974147,0.0252,0,0,false,0,false,""
case.lis,818,1_2LT,A,1.8565321227934717,0.02385,0,1,false,1,true,kmeans_highest_centroid
case.lis,818,T_OPO,A,1.790165251116022,0.02396,0,1,false,1,true,kmeans_highest_centroid
case.lis,819,T_MAN,A,1.271256245728942,0.02594,0,0,false,0,false,""
case.lis,819,1_2LT,A,1.8799154219583412,0.02607,0,1,false,1,true,kmeans_highest_centroid
case.lis,819,T_OPO,A,1.7834042439894566,0.02622,0,1,false,1,true,kmeans_highest_centroid
case.lis,820,T_MAN,A,1.359567879869006,0.02619,0,0,false,0,false,""
case.lis,820,1_2LT,A,1.8729527765204967,0.02613,0,1,false,1,true,kmeans_highest_centroid
case.lis,820,T_OPO,A,1.8170219299413366,0.0259,0,1,false,1,true,kmeans_highest_centroid
case.lis,821,T_MAN,A,1.2720858649058813,0.03293,0,0,false,0,false,""
case.lis,821,1_2LT,A,1.3661812082323812,0.03292,0,0,false,0,false,""
case.lis,821,T_OPO,A,1.5991308252793381,0.03314,0,1,false,1,true,kmeans_highest_centroid
case.lis,822,T_MAN,A,1.5058413695785298,0.03418,0,0,false,0,false,""
case.lis,822,1_2LT,A,1.93394661732208,0.03412,0,1,false,1,true,kmeans_highest_centroid
case.lis,822,T_OPO,A,1.8107162153766962,0.0344,0,1,false,1,true,kmeans_highest_centroid
case.lis,823,T_MAN,A,1.1999394552570624,0.03335,0,0,false,0,false,""
case.lis,823,1_2LT,A,1.220154947327316,0.03328,0,0,false,0,false,""
case.lis,823,T_OPO,A,1.320146063526718,0.03301,0,0,false,0,false,""
case.lis,824,T_MAN,A,1.1350692244202456,0.03345,0,0,false,0,false,""
case.lis,824,1_2LT,A,1.8536783016942233,0.02709,0,1,false,1,true,kmeans_highest_centroid
case.lis,824,T_OPO,A,1.7861103863255146,0.02726,0,1,false,1,true,kmeans_highest_centroid
case.lis,825,T_MAN,A,1.1586687078995714,0.03371,0,0,false,0,false,""
case.lis,825,1_2LT,A,1.434212128473424,0.03268,0,0,false,0,false,""
case.lis,825,T_OPO,A,1.629077637849783,0.03401,0,1,false,1,true,kmeans_highest_centroid
case.lis,826,T_MAN,A,1.4964111575565555,0.03305,0,0,false,0,false,""
case.lis,826,1_2LT,A,1.8089211285355487,0.03316,0,1,false,1,true,kmeans_highest_centroid
case.lis,826,T_OPO,A,1.7526326845762668,0.0333,0,1,false,1,true,kmeans_highest_centroid
case.lis,827,T_MAN,A,1.1599074345252358,0.02442,0,0,false,0,false,""
case.lis,827,1_2LT,A,1.4226219192914258,0.02426,0,0,false,0,false,""
case.lis,827,T_OPO,A,1.660316834846508,0.0229,0,1,false,1,true,kmeans_highest_centroid
case.lis,828,T_MAN,A,1.1222938399140907,0.03309,0,0,false,0,false,""
case.lis,828,1_2LT,A,1.204990920951037,0.03323,0,0,false,0,false,""
case.lis,828,T_OPO,A,1.2625658297611757,0.03189,0,0,false,0,false,""
case.lis,829,T_MAN,A,1.2332078773840267,0.03325,0,0,false,0,false,""
case.lis,829,1_2LT,A,1.6410761646121212,0.03338,0,1,false,1,true,kmeans_highest_centroid
case.lis,829,T_OPO,A,1.7008879895630875,0.03326,0,1,false,1,true,kmeans_highest_centroid
case.lis,830,T_MAN,A,1.255062896598241,0.03397,0,0,false,0,false,""
case.lis,830,1_2LT,A,1.9437892915146835,0.03407,0,1,false,1,true,kmeans_highest_centroid
case.lis,830,T_OPO,A,1.8312748741979286,0.03423,0,1,false,1,true,kmeans_highest_centroid
case.lis,831,T_MAN,A,1.1901124541831962,0.03374,0,0,false,0,false,""
case.lis,831,1_2LT,A,1.4119187766802452,0.03364,0,0,false,0,false,""
case.lis,831,T_OPO,A,1.6814671317127718,0.03349,0,1,false,1,true,kmeans_highest_centroid
case.lis,832,T_MAN,A,1.2371961447322877,0.02464,0,0,false,0,false,""
case.lis,832,1_2LT,A,1.381099425792309,0.02352,0,0,false,0,false,""
case.lis,832,T_OPO,A,1.6779301898346604,0.02485,0,1,false,1,true,kmeans_highest_centroid
case.lis,833,T_MAN,A,1.3317702814238932,0.02448,0,0,false,0,false,""
case.lis,833,1_2LT,A,1.8876583508613114,0.02461,0,1,false,1,true,kmeans_highest_centroid
case.lis,833,T_OPO,A,1.7840951569530605,0.02476,0,1,false,1,true,kmeans_highest_centroid
case.lis,834,T_MAN,A,1.2699321068186056,0.02353,0,0,false,0,false,""
case.lis,834,1_2LT,A,1.8748457981664404,0.02486,0,1,false,1,true,kmeans_highest_centroid
case.lis,834,T_OPO,A,1.8034164913868846,0.02498,0,1,false,1,true,kmeans_highest_centroid
case.lis,835,T_MAN,A,1.2613529824187724,0.04142,0,0,false,0,false,""
case.lis,835,1_2LT,A,1.5959406977466564,0.04132,0,1,false,1,true,kmeans_highest_centroid
case.lis,835,T_OPO,A,1.7475004659335978,0.04141,0,1,false,1,true,kmeans_highest_centroid
case.lis,836,T_MAN,A,1.322682455159438,0.03372,0,0,false,0,false,""
case.lis,836,1_2LT,A,1.9125975398706037,0.03385,0,1,false,1,true,kmeans_highest_centroid
case.lis,836,T_OPO,A,1.796622567161,0.034,0,1,false,1,true,kmeans_highest_centroid
case.lis,837,T_MAN,A,1.4168925335250317,0.02608,0,0,false,0,false,""
case.lis,837,1_2LT,A,1.7863335907061777,0.02607,0,1,false,1,true,kmeans_highest_centroid
case.lis,837,T_OPO,A,1.8063189470788183,0.02607,0,1,false,1,true,kmeans_highest_centroid
case.lis,838,T_MAN,A,1.5599724078560842,0.03322,0,1,false,1,true,kmeans_highest_centroid
case.lis,838,1_2LT,A,2.0215203102674018,0.03334,0,1,false,1,true,kmeans_highest_centroid
case.lis,838,T_OPO,A,1.786676686457751,0.03348,0,1,false,1,true,kmeans_highest_centroid
case.lis,839,T_MAN,A,1.4607036662317954,0.03407,0,0,false,0,false,""
case.lis,839,1_2LT,A,1.9524679837056362,0.03419,0,1,false,1,true,kmeans_highest_centroid
case.lis,839,T_OPO,A,1.7952952244024958,0.03433,0,1,false,1,true,kmeans_highest_centroid
case.lis,840,T_MAN,A,1.4402693717440116,0.03297,0,0,false,0,false,""
case.lis,840,1_2LT,A,1.853485014688002,0.03298,0,1,false,1,true,kmeans_highest_centroid
case.lis,840,T_OPO,A,1.7709583943484475,0.03319,0,1,false,1,true,kmeans_highest_centroid
case.lis,841,T_MAN,A,1.5608666009922167,0.03291,0,1,false,1,true,kmeans_highest_centroid
case.lis,841,1_2LT,A,1.9938975744828136,0.03298,0,1,false,1,true,kmeans_highest_centroid
case.lis,841,T_OPO,A,1.810235673651233,0.03314,0,1,false,1,true,kmeans_highest_centroid
case.lis,842,T_MAN,A,1.3621840127088936,0.03355,0,0,false,0,false,""
case.lis,842,1_2LT,A,1.5400270063988213,0.03142,0,1,false,1,true,kmeans_highest_centroid
case.lis,842,T_OPO,A,1.738301845097047,0.03381,0,1,false,1,true,kmeans_highest_centroid
case.lis,843,T_MAN,A,1.3264631646209963,0.02511,0,0,false,0,false,""
case.lis,843,1_2LT,A,1.9240821108123218,0.02506,0,1,false,1,true,kmeans_highest_centroid
case.lis,843,T_OPO,A,1.7969498655448761,0.02521,0,1,false,1,true,kmeans_highest_centroid
case.lis,844,T_MAN,A,1.511280119279001,0.02477,0,0,false,0,false,""
case.lis,844,1_2LT,A,1.9514823788350772,0.02475,0,1,false,1,true,kmeans_highest_centroid
case.lis,844,T_OPO,A,1.8151093834589134,0.02471,0,1,false,1,true,kmeans_highest_centroid
case.lis,845,T_MAN,A,1.2157458043788882,0.02543,0,0,false,0,false,""
case.lis,845,1_2LT,A,1.7131089752123327,0.02372,0,1,false,1,true,kmeans_highest_centroid
case.lis,845,T_OPO,A,1.7459750437090091,0.02387,0,1,false,1,true,kmeans_highest_centroid
case.lis,846,T_MAN,A,1.3824032766225582,0.03233,0,0,false,0,false,""
case.lis,846,1_2LT,A,1.8647167034976082,0.03229,0,1,false,1,true,kmeans_highest_centroid
case.lis,846,T_OPO,A,1.802132760013135,0.03209,0,1,false,1,true,kmeans_highest_centroid
case.lis,847,T_MAN,A,1.2999737834695635,0.03318,0,0,false,0,false,""
case.lis,847,1_2LT,A,1.6404463643866984,0.03453,0,1,false,1,true,kmeans_highest_centroid
case.lis,847,T_OPO,A,1.7375982676145085,0.0332,0,1,false,1,true,kmeans_highest_centroid
case.lis,848,T_MAN,A,1.4807994888042812,0.03328,0,0,false,0,false,""
case.lis,848,1_2LT,A,1.8886198159340417,0.0334,0,1,false,1,true,kmeans_highest_centroid
case.lis,848,T_OPO,A,1.804013436637468,0.03337,0,1,false,1,true,kmeans_highest_centroid
case.lis,849,T_MAN,A,1.1146199845576292,0.0333,0,0,false,0,false,""
case.lis,849,1_2LT,A,1.7073884643716108,0.0272,0,1,false,1,true,kmeans_highest_centroid
case.lis,849,T_OPO,A,1.7829924474382526,0.02711,0,1,false,1,true,kmeans_highest_centroid
case.lis,850,T_MAN,A,1.2505044507752248,0.04171,0,0,false,0,false,""
case.lis,850,1_2LT,A,1.6341980794660846,0.03586,0,1,false,1,true,kmeans_highest_centroid
case.lis,850,T_OPO,A,1.6624175208782628,0.03603,0,1,false,1,true,kmeans_highest_centroid
case.lis,851,T_MAN,A,1.2057828128189425,0.02481,0,0,false,0,false,""
case.lis,851,1_2LT,A,1.4098733548106535,0.0252,0,0,false,0,false,""
case.lis,851,T_OPO,A,1.5930350470814807,0.02504,0,1,false,1,true,kmeans_highest_centroid
case.lis,852,T_MAN,A,1.3267109525457723,0.02511,0,0,false,0,false,""
case.lis,852,1_2LT,A,1.92083220178031,0.02524,0,1,false,1,true,kmeans_highest_centroid
case.lis,852,T_OPO,A,1.797911907487775,0.02539,0,1,false,1,true,kmeans_highest_centroid
case.lis,853,T_MAN,A,1.213497075711991,0.02406,0,0,false,0,false,""
case.lis,853,1_2LT,A,1.8590463004872335,0.02403,0,1,false,1,true,kmeans_highest_centroid
case.lis,853,T_OPO,A,1.8094114149293998,0.02418,0,1,false,1,true,kmeans_highest_centroid
case.lis,854,T_MAN,A,1.5684424505444767,0.02532,0,1,false,1,true,kmeans_highest_centroid
case.lis,854,1_2LT,A,1.8811406941966862,0.02543,0,1,false,1,true,kmeans_highest_centroid
case.lis,854,T_OPO,A,1.7964618333821454,0.02557,0,1,false,1,true,kmeans_highest_centroid
case.lis,855,T_MAN,A,1.259512464833107,0.03288,0,0,false,0,false,""
case.lis,855,1_2LT,A,1.732244646201088,0.03289,0,1,false,1,true,kmeans_highest_centroid
case.lis,855,T_OPO,A,1.7532613576861296,0.03423,0,1,false,1,true,kmeans_highest_centroid
case.lis,856,T_MAN,A,1.1759902198319088,0.02518,0,0,false,0,false,""
case.lis,856,1_2LT,A,1.3406482245711193,0.02506,0,0,false,0,false,""
case.lis,856,T_OPO,A,1.408167416597886,0.025,0,0,false,0,false,""
case.lis,857,T_MAN,A,1.1793618307196678,0.03267,0,0,false,0,false,""
case.lis,857,1_2LT,A,1.6398501912546481,0.03231,0,1,false,1,true,kmeans_highest_centroid
case.lis,857,T_OPO,A,1.7386049770583172,0.03249,0,1,false,1,true,kmeans_highest_centroid
case.lis,858,T_MAN,A,1.1762763740603672,0.03322,0,0,false,0,false,""
case.lis,858,1_2LT,A,1.6686970721620207,0.02737,0,1,false,1,true,kmeans_highest_centroid
case.lis,858,T_OPO,A,1.762121373483497,0.02721,0,1,false,1,true,kmeans_highest_centroid
case.lis,859,T_MAN,A,1.2445729829512677,0.04067,0,0,false,0,false,""
case.lis,859,1_2LT,A,1.4310759959885337,0.0407,0,0,false,0,false,""
case.lis,859,T_OPO,A,1.5066776715745007,0.04309,0,0,false,0,false,""
case.lis,860,T_MAN,A,1.2351052122438475,0.04118,0,0,false,0,false,""
case.lis,860,1_2LT,A,1.6507422100339908,0.0413,0,1,false,1,true,kmeans_highest_centroid
case.lis,860,T_OPO,A,1.65499241193855,0.04149,0,1,false,1,true,kmeans_highest_centroid
case.lis,861,T_MAN,A,1.5021608491528884,0.03356,0,0,false,0,false,""
case.lis,861,1_2LT,A,1.989821880241753,0.03368,0,1,false,1,true,kmeans_highest_centroid
case.lis,861,T_OPO,A,1.8025942206484022,0.03383,0,1,false,1,true,kmeans_highest_centroid
case.lis,862,T_MAN,A,1.1425907328026128,0.03351,0,0,false,0,false,""
case.lis,862,1_2LT,A,1.5027209279622284,0.03339,0,0,false,0,false,""
case.lis,862,T_OPO,A,1.6707540136851353,0.02759,0,1,false,1,true,kmeans_highest_centroid
case.lis,863,T_MAN,A,1.3934158168925335,0.03454,0,0,false,0,false,""
case.lis,863,1_2LT,A,1.951805701252252,0.03465,0,1,false,1,true,kmeans_highest_centroid
case.lis,863,T_OPO,A,1.795950655413261,0.03479,0,1,false,1,true,kmeans_highest_centroid
case.lis,864,T_MAN,A,1.1793926267117514,0.03304,0,0,false,0,false,""
case.lis,864,1_2LT,A,1.5317850670500635,0.03299,0,1,false,1,true,kmeans_highest_centroid
case.lis,864,T_OPO,A,1.642982605145682,0.03138,0,1,false,1,true,kmeans_highest_centroid
case.lis,865,T_MAN,A,1.4378831527285958,0.02511,0,0,false,0,false,""
case.lis,865,1_2LT,A,2.1536529194067997,0.02524,0,1,false,1,true,kmeans_highest_centroid
case.lis,865,T_OPO,A,1.847027609893767,0.02538,0,1,false,1,true,kmeans_highest_centroid
case.lis,866,T_MAN,A,1.1732218642668868,0.02406,0,0,false,0,false,""
case.lis,866,1_2LT,A,1.4306039386920135,0.02574,0,0,false,0,false,""
case.lis,866,T_OPO,A,1.736467513334576,0.02432,0,1,false,1,true,kmeans_highest_centroid
case.lis,867,T_MAN,A,1.1563368744286768,0.0352,0,0,false,0,false,""
case.lis,867,1_2LT,A,1.6888358582496872,0.03531,0,1,false,1,true,kmeans_highest_centroid
case.lis,867,T_OPO,A,1.7666217950424665,0.0353,0,1,false,1,true,kmeans_highest_centroid
case.lis,868,T_MAN,A,1.2414243279462536,0.03413,0,0,false,0,false,""
case.lis,868,1_2LT,A,1.53655005014333,0.0328,0,1,false,1,true,kmeans_highest_centroid
case.lis,868,T_OPO,A,1.6911744366640928,0.03426,0,1,false,1,true,kmeans_highest_centroid
case.lis,869,T_MAN,A,1.3993293396167805,0.0343,0,0,false,0,false,""
case.lis,869,1_2LT,A,1.9369632134330874,0.03441,0,1,false,1,true,kmeans_highest_centroid
case.lis,869,T_OPO,A,1.7953629933349309,0.03455,0,1,false,1,true,kmeans_highest_centroid
case.lis,870,T_MAN,A,1.5266522005378205,0.0254,0,1,false,1,true,kmeans_highest_centroid
case.lis,870,1_2LT,A,1.883486780798211,0.02551,0,1,false,1,true,kmeans_highest_centroid
case.lis,870,T_OPO,A,1.7952626534252776,0.02565,0,1,false,1,true,kmeans_highest_centroid
case.lis,871,T_MAN,A,1.0888719969470255,0.0258,0,0,false,0,false,""
case.lis,871,1_2LT,A,1.1414978212057474,0.02542,0,0,false,0,false,""
case.lis,871,T_OPO,A,1.2667134375249607,0.02512,0,0,false,0,false,""
case.lis,872,T_MAN,A,1.410182211098982,0.03509,0,0,false,0,false,""
case.lis,872,1_2LT,A,1.7331594291647807,0.03521,0,1,false,1,true,kmeans_highest_centroid
case.lis,872,T_OPO,A,1.7286301374725987,0.03534,0,1,false,1,true,kmeans_highest_centroid
case.lis,873,T_MAN,A,1.3424812517195168,0.02544,0,0,false,0,false,""
case.lis,873,1_2LT,A,1.920731826370954,0.02556,0,1,false,1,true,kmeans_highest_centroid
case.lis,873,T_OPO,A,1.8136175972026234,0.02536,0,1,false,1,true,kmeans_highest_centroid
case.lis,874,T_MAN,A,1.2321329108868715,0.0251,0,0,false,0,false,""
case.lis,874,1_2LT,A,1.4898556937085652,0.02508,0,0,false,0,false,""
case.lis,874,T_OPO,A,1.5427513157077308,0.0249,0,1,false,1,true,kmeans_highest_centroid
case.lis,875,T_MAN,A,1.1806884634841184,0.03371,0,0,false,0,false,""
case.lis,875,1_2LT,A,1.5068447864249137,0.02791,0,0,false,0,false,""
case.lis,875,T_OPO,A,1.6603321085935907,0.03251,0,1,false,1,true,kmeans_highest_centroid
case.lis,876,T_MAN,A,1.3485043354011912,0.03357,0,0,false,0,false,""
case.lis,876,1_2LT,A,1.915093976587946,0.0337,0,1,false,1,true,kmeans_highest_centroid
case.lis,876,T_OPO,A,1.8097129227792716,0.03352,0,1,false,1,true,kmeans_highest_centroid
case.lis,877,T_MAN,A,1.2180716650248054,0.03292,0,0,false,0,false,""
case.lis,877,1_2LT,A,1.4529135582239499,0.03288,0,0,false,0,false,""
case.lis,877,T_OPO,A,1.6720177942259733,0.03307,0,1,false,1,true,kmeans_highest_centroid
case.lis,878,T_MAN,A,1.185059320003195,0.03359,0,0,false,0,false,""
case.lis,878,1_2LT,A,1.5728698935896412,0.03372,0,1,false,1,true,kmeans_highest_centroid
case.lis,878,T_OPO,A,1.7387582470246812,0.03387,0,1,false,1,true,kmeans_highest_centroid
case.lis,879,T_MAN,A,1.2690478713490776,0.03313,0,0,false,0,false,""
case.lis,879,1_2LT,A,1.467786433788617,0.03319,0,0,false,0,false,""
case.lis,879,T_OPO,A,1.513624359895986,0.03337,0,0,false,0,false,""
case.lis,880,T_MAN,A,1.2511245773316648,0.03241,0,0,false,0,false,""
case.lis,880,1_2LT,A,1.8339510547849163,0.03237,0,1,false,1,true,kmeans_highest_centroid
case.lis,880,T_OPO,A,1.7627120707864072,0.03252,0,1,false,1,true,kmeans_highest_centroid
case.lis,881,T_MAN,A,1.2301279764281974,0.02487,0,0,false,0,false,""
case.lis,881,1_2LT,A,1.5524065248453545,0.02478,0,1,false,1,true,kmeans_highest_centroid
case.lis,881,T_OPO,A,1.7310941895861622,0.02478,0,1,false,1,true,kmeans_highest_centroid
case.lis,882,T_MAN,A,1.1332518437658086,0.03292,0,0,false,0,false,""
case.lis,882,1_2LT,A,1.5705986492363126,0.03306,0,1,false,1,true,kmeans_highest_centroid
case.lis,882,T_OPO,A,1.684705955962619,0.03321,0,1,false,1,true,kmeans_highest_centroid
case.lis,883,T_MAN,A,1.3038640538885486,0.02478,0,0,false,0,false,""
case.lis,883,1_2LT,A,1.8148860903289936,0.02491,0,1,false,1,true,kmeans_highest_centroid
case.lis,883,T_OPO,A,1.8053581476255136,0.02503,0,1,false,1,true,kmeans_highest_centroid
case.lis,884,T_MAN,A,1.1844571651712417,0.02356,0,0,false,0,false,""
case.lis,884,1_2LT,A,1.3863051021947692,0.02523,0,0,false,0,false,""
case.lis,884,T_OPO,A,1.5838634326437517,0.02379,0,1,false,1,true,kmeans_highest_centroid
case.lis,885,T_MAN,A,1.2482325319275451,0.0337,0,0,false,0,false,""
case.lis,885,1_2LT,A,1.736124488582408,0.0337,0,1,false,1,true,kmeans_highest_centroid
case.lis,885,T_OPO,A,1.770464149737746,0.03387,0,1,false,1,true,kmeans_highest_centroid
case.lis,886,T_MAN,A,1.127375941851487,0.03372,0,0,false,0,false,""
case.lis,886,1_2LT,A,1.4782186515437932,0.03361,0,0,false,0,false,""
case.lis,886,T_OPO,A,1.5385282710757298,0.02805,0,1,false,1,true,kmeans_highest_centroid
case.lis,887,T_MAN,A,1.23931402149507,0.03305,0,0,false,0,false,""
case.lis,887,1_2LT,A,1.4810837349237198,0.03138,0,0,false,0,false,""
case.lis,887,T_OPO,A,1.6945290431942632,0.03159,0,1,false,1,true,kmeans_highest_centroid
case.lis,888,T_MAN,A,1.1891758744020517,0.03343,0,0,false,0,false,""
case.lis,888,1_2LT,A,1.5687107395475564,0.02753,0,1,false,1,true,kmeans_highest_centroid
case.lis,888,T_OPO,A,1.7388639207646637,0.02765,0,1,false,1,true,kmeans_highest_centroid
case.lis,889,T_MAN,A,1.2338152240474987,0.03353,0,0,false,0,false,""
case.lis,889,1_2LT,A,1.800013010641036,0.03227,0,1,false,1,true,kmeans_highest_centroid
case.lis,889,T_OPO,A,1.75692900059462,0.03242,0,1,false,1,true,kmeans_highest_centroid
case.lis,890,T_MAN,A,1.4108513716197626,0.02513,0,0,false,0,false,""
case.lis,890,1_2LT,A,1.8343126813812936,0.02508,0,1,false,1,true,kmeans_highest_centroid
case.lis,890,T_OPO,A,1.8403140836195497,0.0251,0,1,false,1,true,kmeans_highest_centroid
case.lis,891,T_MAN,A,1.1571036147572265,0.03409,0,0,false,0,false,""
case.lis,891,1_2LT,A,1.3438440586810085,0.03208,0,0,false,0,false,""
case.lis,891,T_OPO,A,1.5829735083468677,0.03074,0,1,false,1,true,kmeans_highest_centroid
case.lis,892,T_MAN,A,1.31380494688357,0.02481,0,0,false,0,false,""
case.lis,892,1_2LT,A,1.9232192017891852,0.0247,0,1,false,1,true,kmeans_highest_centroid
case.lis,892,T_OPO,A,1.8414332117468517,0.02488,0,1,false,1,true,kmeans_highest_centroid
case.lis,893,T_MAN,A,1.3614653567276374,0.03294,0,0,false,0,false,""
case.lis,893,1_2LT,A,1.691796355955519,0.03303,0,1,false,1,true,kmeans_highest_centroid
case.lis,893,T_OPO,A,1.7825852924731755,0.03316,0,1,false,1,true,kmeans_highest_centroid
case.lis,894,T_MAN,A,1.3766736956077992,0.03436,0,0,false,0,false,""
case.lis,894,1_2LT,A,2.01595816360038,0.03448,0,1,false,1,true,kmeans_highest_centroid
case.lis,894,T_OPO,A,1.809351473681408,0.03462,0,1,false,1,true,kmeans_highest_centroid
case.lis,895,T_MAN,A,1.258581289881697,0.03326,0,0,false,0,false,""
case.lis,895,1_2LT,A,1.414932062443977,0.03377,0,0,false,0,false,""
case.lis,895,T_OPO,A,1.7693756134792369,0.03353,0,1,false,1,true,kmeans_highest_centroid
case.lis,896,T_MAN,A,1.3100066561942543,0.02534,0,0,false,0,false,""
case.lis,896,1_2LT,A,1.4128447686750623,0.02491,0,0,false,0,false,""
case.lis,896,T_OPO,A,1.6437280012779893,0.02296,0,1,false,1,true,kmeans_highest_centroid
case.lis,897,T_MAN,A,1.6074526389591486,0.03289,0,1,false,1,true,kmeans_highest_centroid
case.lis,897,1_2LT,A,1.851304951321033,0.03304,0,1,false,1,true,kmeans_highest_centroid
case.lis,897,T_OPO,A,1.8220799009558295,0.03282,0,1,false,1,true,kmeans_highest_centroid
case.lis,898,T_MAN,A,1.3220925299750617,0.02429,0,0,false,0,false,""
case.lis,898,1_2LT,A,1.8603618307196677,0.02425,0,1,false,1,true,kmeans_highest_centroid
case.lis,898,T_OPO,A,1.7688511408716951,0.02439,0,1,false,1,true,kmeans_highest_centroid
case.lis,899,T_MAN,A,1.1527511115844404,0.03339,0,0,false,0,false,""
case.lis,899,1_2LT,A,1.346118888504309,0.03453,0,0,false,0,false,""
case.lis,899,T_OPO,A,1.5341058068638675,0.03278,0,1,false,1,true,kmeans_highest_centroid
case.lis,900,T_MAN,A,1.1941737000452621,0.02415,0,0,false,0,false,""
case.lis,900,1_2LT,A,1.5565550201017067,0.02409,0,1,false,1,true,kmeans_highest_centroid
case.lis,900,T_OPO,A,1.7490959113217428,0.0255,0,1,false,1,true,kmeans_highest_centroid
case.lis,901,T_MAN,A,1.148139993077558,0.04144,0,0,false,0,false,""
case.lis,901,1_2LT,A,1.3124239196996725,0.04263,0,0,false,0,false,""
case.lis,901,T_OPO,A,1.3909695856297204,0.04126,0,0,false,0,false,""
case.lis,902,T_MAN,A,1.1219324263159296,0.02486,0,0,false,0,false,""
case.lis,902,1_2LT,A,1.1588925867745856,0.02479,0,0,false,0,false,""
case.lis,902,T_OPO,A,1.2154777816235791,0.02599,0,0,false,0,false,""
case.lis,903,T_MAN,A,1.10624546269425,0.04124,0,0,false,0,false,""
case.lis,903,1_2LT,A,1.4068379704819973,0.03588,0,0,false,0,false,""
case.lis,903,T_OPO,A,1.421885211711352,0.04156,0,0,false,0,false,""
case.lis,904,T_MAN,A,1.213497643707234,0.03376,0,0,false,0,false,""
case.lis,904,1_2LT,A,1.6595636287796092,0.03238,0,1,false,1,true,kmeans_highest_centroid
case.lis,904,T_OPO,A,1.744587528954445,0.03255,0,1,false,1,true,kmeans_highest_centroid
case.lis,905,T_MAN,A,1.513402202756552,0.02416,0,0,false,0,false,""
case.lis,905,1_2LT,A,1.9370793507104378,0.02407,0,1,false,1,true,kmeans_highest_centroid
case.lis,905,T_OPO,A,1.8164039688667608,0.02435,0,1,false,1,true,kmeans_highest_centroid
case.lis,906,T_MAN,A,1.1924698030653995,0.04179,0,0,false,0,false,""
case.lis,906,1_2LT,A,1.814987379855694,0.03494,0,1,false,1,true,kmeans_highest_centroid
case.lis,906,T_OPO,A,1.7576834757758903,0.03509,0,1,false,1,true,kmeans_highest_centroid
case.lis,907,T_MAN,A,1.1521543083326677,0.03339,0,0,false,0,false,""
case.lis,907,1_2LT,A,1.4326735713588397,0.03347,0,0,false,0,false,""
case.lis,907,T_OPO,A,1.4647367164549996,0.03213,0,0,false,0,false,""
case.lis,908,T_MAN,A,1.2366564605021433,0.02399,0,0,false,0,false,""
case.lis,908,1_2LT,A,1.4719443187163306,0.024,0,0,false,0,false,""
case.lis,908,T_OPO,A,1.5766185645695217,0.0253,0,1,false,1,true,kmeans_highest_centroid
case.lis,909,T_MAN,A,1.2446925193251508,0.03261,0,0,false,0,false,""
case.lis,909,1_2LT,A,1.8653236774142017,0.0325,0,1,false,1,true,kmeans_highest_centroid
case.lis,909,T_OPO,A,1.823941247992048,0.03268,0,1,false,1,true,kmeans_highest_centroid
case.lis,910,T_MAN,A,1.2561322186426689,0.02466,0,0,false,0,false,""
case.lis,910,1_2LT,A,1.4338700000887494,0.02418,0,0,false,0,false,""
case.lis,910,T_OPO,A,1.6682495984096133,0.02439,0,1,false,1,true,kmeans_highest_centroid
case.lis,911,T_MAN,A,1.3720166493605617,0.02633,0,0,false,0,false,""
case.lis,911,1_2LT,A,1.8883593812401822,0.02627,0,1,false,1,true,kmeans_highest_centroid
case.lis,911,T_OPO,A,1.7953914285967856,0.02603,0,1,false,1,true,kmeans_highest_centroid
case.lis,912,T_MAN,A,1.1893647328203625,0.02468,0,0,false,0,false,""
case.lis,912,1_2LT,A,1.6448671867373112,0.02563,0,1,false,1,true,kmeans_highest_centroid
case.lis,912,T_OPO,A,1.7975163520505515,0.02437,0,1,false,1,true,kmeans_highest_centroid
case.lis,913,T_MAN,A,1.235222858258562,0.03306,0,0,false,0,false,""
case.lis,913,1_2LT,A,1.5025051252695758,0.02745,0,0,false,0,false,""
case.lis,913,T_OPO,A,1.7368453100455283,0.0333,0,1,false,1,true,kmeans_highest_centroid
case.lis,914,T_MAN,A,1.2204576177924509,0.03407,0,0,false,0,false,""
case.lis,914,1_2LT,A,1.442281255269487,0.0327,0,0,false,0,false,""
case.lis,914,T_OPO,A,1.5637169253707501,0.03256,0,1,false,1,true,kmeans_highest_centroid
case.lis,915,T_MAN,A,1.1336084560291808,0.04141,0,0,false,0,false,""
case.lis,915,1_2LT,A,1.776897183986084,0.0356,0,1,false,1,true,kmeans_highest_centroid
case.lis,915,T_OPO,A,1.7505028089139754,0.03574,0,1,false,1,true,kmeans_highest_centroid
case.lis,916,T_MAN,A,1.2131468711449542,0.04093,0,0,false,0,false,""
case.lis,916,1_2LT,A,1.7813575618804194,0.03509,0,1,false,1,true,kmeans_highest_centroid
case.lis,916,T_OPO,A,1.7483182104599873,0.03524,0,1,false,1,true,kmeans_highest_centroid
case.lis,917,T_MAN,A,1.1232865624750392,0.04192,0,0,false,0,false,""
case.lis,917,1_2LT,A,1.3168216228689085,0.04184,0,0,false,0,false,""
case.lis,917,T_OPO,A,1.4478665566175883,0.04171,0,0,false,0,false,""
case.lis,918,T_MAN,A,1.1130663489443275,0.03383,0,0,false,0,false,""
case.lis,918,1_2LT,A,1.696287086095654,0.02706,0,1,false,1,true,kmeans_highest_centroid
case.lis,918,T_OPO,A,1.7450164629871225,0.02726,0,1,false,1,true,kmeans_highest_centroid
case.lis,919,T_MAN,A,1.2118563682029162,0.02435,0,0,false,0,false,""
case.lis,919,1_2LT,A,1.5084673890856164,0.02442,0,0,false,0,false,""
case.lis,919,T_OPO,A,1.7189508062869974,0.0246,0,1,false,1,true,kmeans_highest_centroid
case.lis,920,T_MAN,A,1.1087343379749195,0.0351,0,0,false,0,false,""
case.lis,920,1_2LT,A,1.736358706745831,0.03523,0,1,false,1,true,kmeans_highest_centroid
case.lis,920,T_OPO,A,1.7290730406382848,0.03537,0,1,false,1,true,kmeans_highest_centroid
case.lis,921,T_MAN,A,1.2463546242800216,0.02504,0,0,false,0,false,""
case.lis,921,1_2LT,A,1.4935086131153652,0.02366,0,0,false,0,false,""
case.lis,921,T_OPO,A,1.5848422481961713,0.02384,0,1,false,1,true,kmeans_highest_centroid
case.lis,922,T_MAN,A,1.206095742698155,0.03249,0,0,false,0,false,""
case.lis,922,1_2LT,A,1.5451792646236586,0.03383,0,1,false,1,true,kmeans_highest_centroid
case.lis,922,T_OPO,A,1.6638824072348393,0.03371,0,1,false,1,true,kmeans_highest_centroid
case.lis,923,T_MAN,A,1.224104031878733,0.04077,0,0,false,0,false,""
case.lis,923,1_2LT,A,1.58972603104449,0.04084,0,1,false,1,true,kmeans_highest_centroid
case.lis,923,T_OPO,A,1.6742344932861188,0.03948,0,1,false,1,true,kmeans_highest_centroid
case.lis,924,T_MAN,A,1.383498318201585,0.0259,0,0,false,0,false,""
case.lis,924,1_2LT,A,1.9415797367697045,0.02602,0,1,false,1,true,kmeans_highest_centroid
case.lis,924,T_OPO,A,1.7878119758247026,0.02617,0,1,false,1,true,kmeans_highest_centroid
case.lis,925,T_MAN,A,1.3276458372161133,0.02598,0,0,false,0,false,""
case.lis,925,1_2LT,A,1.8253790037008442,0.02611,0,1,false,1,true,kmeans_highest_centroid
case.lis,925,T_OPO,A,1.765318654206271,0.02623,0,1,false,1,true,kmeans_highest_centroid
case.lis,926,T_MAN,A,1.1605429324529406,0.03415,0,0,false,0,false,""
case.lis,926,1_2LT,A,1.3761398599536727,0.03405,0,0,false,0,false,""
case.lis,926,T_OPO,A,1.4492933251684017,0.03417,0,0,false,0,false,""
case.lis,927,T_MAN,A,1.1666017377104467,0.03355,0,0,false,0,false,""
case.lis,927,1_2LT,A,1.4451324227659592,0.03231,0,0,false,0,false,""
case.lis,927,T_OPO,A,1.669328762746612,0.03241,0,1,false,1,true,kmeans_highest_centroid
case.lis,928,T_MAN,A,1.2499810520336891,0.03293,0,0,false,0,false,""
case.lis,928,1_2LT,A,1.5359704553724363,0.03171,0,1,false,1,true,kmeans_highest_centroid
case.lis,928,T_OPO,A,1.6726509314234492,0.03186,0,1,false,1,true,kmeans_highest_centroid
case.lis,929,T_MAN,A,1.1433493436992466,0.03368,0,0,false,0,false,""
case.lis,929,1_2LT,A,1.3720111380317188,0.03383,0,0,false,0,false,""
case.lis,929,T_OPO,A,1.6142522697622408,0.03375,0,1,false,1,true,kmeans_highest_centroid
case.lis,930,T_MAN,A,1.1215200085199286,0.03233,0,0,false,0,false,""
case.lis,930,1_2LT,A,1.410593031408362,0.03248,0,0,false,0,false,""
case.lis,930,T_OPO,A,1.4367927704855472,0.03265,0,0,false,0,false,""
case.lis,931,T_MAN,A,1.2978751652954905,0.02539,0,0,false,0,false,""
case.lis,931,1_2LT,A,1.540631184713828,0.02542,0,1,false,1,true,kmeans_highest_centroid
case.lis,931,T_OPO,A,1.6932694338684913,0.02305,0,1,false,1,true,kmeans_highest_centroid
case.lis,932,T_MAN,A,1.2694669453393328,0.03508,0,0,false,0,false,""
case.lis,932,1_2LT,A,1.789291612307747,0.0352,0,1,false,1,true,kmeans_highest_centroid
case.lis,932,T_OPO,A,1.756229612076999,0.03533,0,1,false,1,true,kmeans_highest_centroid
case.lis,933,T_MAN,A,1.5016594336022437,0.02607,0,0,false,0,false,""
case.lis,933,1_2LT,A,1.7473750632338456,0.02618,0,1,false,1,true,kmeans_highest_centroid
case.lis,933,T_OPO,A,1.8206413021290946,0.02597,0,1,false,1,true,kmeans_highest_centroid
case.lis,934,T_MAN,A,1.2447978025684034,0.03389,0,0,false,0,false,""
case.lis,934,1_2LT,A,1.456992545062435,0.03278,0,0,false,0,false,""
case.lis,934,T_OPO,A,1.6563990787827152,0.03268,0,1,false,1,true,kmeans_highest_centroid
case.lis,935,T_MAN,A,1.165654836390745,0.04196,0,0,false,0,false,""
case.lis,935,1_2LT,A,1.299342989252465,0.04198,0,0,false,0,false,""
case.lis,935,T_OPO,A,1.3983976321698306,0.04216,0,0,false,0,false,""
case.lis,936,T_MAN,A,1.1467792894734505,0.02565,0,0,false,0,false,""
case.lis,936,1_2LT,A,1.156792424363446,0.02558,0,0,false,0,false,""
case.lis,936,T_OPO,A,1.2801982658395235,0.02448,0,0,false,0,false,""
case.lis,937,T_MAN,A,1.2582097499933438,0.02691,0,0,false,0,false,""
case.lis,937,1_2LT,A,1.8654802666027672,0.02696,0,1,false,1,true,kmeans_highest_centroid
case.lis,937,T_OPO,A,1.7821855391961092,0.0271,0,1,false,1,true,kmeans_highest_centroid
case.lis,938,T_MAN,A,1.3832786904159677,0.0338,0,0,false,0,false,""
case.lis,938,1_2LT,A,1.8770871961447324,0.03391,0,1,false,1,true,kmeans_highest_centroid
case.lis,938,T_OPO,A,1.8219125464824233,0.03387,0,1,false,1,true,kmeans_highest_centroid
case.lis,939,T_MAN,A,1.4377448192621385,0.03386,0,0,false,0,false,""
case.lis,939,1_2LT,A,2.0375599013108263,0.03398,0,1,false,1,true,kmeans_highest_centroid
case.lis,939,T_OPO,A,1.8283002653602776,0.03412,0,1,false,1,true,kmeans_highest_centroid
case.lis,940,T_MAN,A,1.1756337140676447,0.02458,0,0,false,0,false,""
case.lis,940,1_2LT,A,1.5580799098307552,0.02461,0,1,false,1,true,kmeans_highest_centroid
case.lis,940,T_OPO,A,1.6522225476361636,0.02445,0,1,false,1,true,kmeans_highest_centroid
case.lis,941,T_MAN,A,1.2676934955669745,0.02631,0,0,false,0,false,""
case.lis,941,1_2LT,A,1.8818638231404812,0.02618,0,1,false,1,true,kmeans_highest_centroid
case.lis,941,T_OPO,A,1.7776026163280882,0.02642,0,1,false,1,true,kmeans_highest_centroid
case.lis,942,T_MAN,A,1.3753359780611836,0.03427,0,0,false,0,false,""
case.lis,942,1_2LT,A,1.8816725329925361,0.03439,0,1,false,1,true,kmeans_highest_centroid
case.lis,942,T_OPO,A,1.808440569060234,0.03453,0,1,false,1,true,kmeans_highest_centroid
case.lis,943,T_MAN,A,1.43084645491094,0.03326,0,0,false,0,false,""
case.lis,943,1_2LT,A,2.0040655590759426,0.03332,0,1,false,1,true,kmeans_highest_centroid
case.lis,943,T_OPO,A,1.838181376855969,0.03351,0,1,false,1,true,kmeans_highest_centroid
case.lis,944,T_MAN,A,1.228271963222308,0.02407,0,0,false,0,false,""
case.lis,944,1_2LT,A,1.7266964864169263,0.02417,0,1,false,1,true,kmeans_highest_centroid
case.lis,944,T_OPO,A,1.7721379695945048,0.02434,0,1,false,1,true,kmeans_highest_centroid
case.lis,945,T_MAN,A,1.110339199659203,0.02564,0,0,false,0,false,""
case.lis,945,1_2LT,A,1.2565665575050808,0.02454,0,0,false,0,false,""
case.lis,945,T_OPO,A,1.3585859580926012,0.02439,0,0,false,0,false,""
case.lis,946,T_MAN,A,1.543856510201727,0.02524,0,1,false,1,true,kmeans_highest_centroid
case.lis,946,1_2LT,A,2.106676517834163,0.02537,0,1,false,1,true,kmeans_highest_centroid
case.lis,946,T_OPO,A,1.8115146835645253,0.02553,0,1,false,1,true,kmeans_highest_centroid
case.lis,947,T_MAN,A,1.2148755469172947,0.03285,0,0,false,0,false,""
case.lis,947,1_2LT,A,1.4946778224482369,0.0329,0,0,false,0,false,""
case.lis,947,T_OPO,A,1.6922334105451868,0.03429,0,1,false,1,true,kmeans_highest_centroid
case.lis,948,T_MAN,A,1.2005746514372941,0.02404,0,0,false,0,false,""
case.lis,948,1_2LT,A,1.5527560194183374,0.02369,0,1,false,1,true,kmeans_highest_centroid
case.lis,948,T_OPO,A,1.7991170336448432,0.02386,0,1,false,1,true,kmeans_highest_centroid
case.lis,949,T_MAN,A,1.1150006656194253,0.04204,0,0,false,0,false,""
case.lis,949,1_2LT,A,1.3190017749851346,0.03612,0,0,false,0,false,""
case.lis,949,T_OPO,A,1.7072582514621442,0.0363,0,1,false,1,true,kmeans_highest_centroid
case.lis,950,T_MAN,A,1.1779080646449587,0.03502,0,0,false,0,false,""
case.lis,950,1_2LT,A,1.7051119305625815,0.03513,0,1,false,1,true,kmeans_highest_centroid
case.lis,950,T_OPO,A,1.798198469962814,0.03512,0,1,false,1,true,kmeans_highest_centroid
case.lis,951,T_MAN,A,1.1696163369631778,0.02351,0,0,false,0,false,""
case.lis,951,1_2LT,A,1.711135901736823,0.02487,0,1,false,1,true,kmeans_highest_centroid
case.lis,951,T_OPO,A,1.715304454325195,0.02503,0,1,false,1,true,kmeans_highest_centroid
case.lis,952,T_MAN,A,1.1020969674378978,0.04216,0,0,false,0,false,""
case.lis,952,1_2LT,A,1.2664616558836321,0.03627,0,0,false,0,false,""
case.lis,952,T_OPO,A,1.5670041002156607,0.03645,0,1,false,1,true,kmeans_highest_centroid
case.lis,953,T_MAN,A,1.3266464229612076,0.03338,0,0,false,0,false,""
case.lis,953,1_2LT,A,1.924623623277155,0.03333,0,1,false,1,true,kmeans_highest_centroid
case.lis,953,T_OPO,A,1.7962357801503412,0.03348,0,1,false,1,true,kmeans_highest_centroid
case.lis,954,T_MAN,A,1.2923782759569389,0.03509,0,0,false,0,false,""
case.lis,954,1_2LT,A,1.7895809082598935,0.03521,0,1,false,1,true,kmeans_highest_centroid
case.lis,954,T_OPO,A,1.7466321165810235,0.03502,0,1,false,1,true,kmeans_highest_centroid
case.lis,955,T_MAN,A,1.5273890146170026,0.03352,0,1,false,1,true,kmeans_highest_centroid
case.lis,955,1_2LT,A,2.0375861267161888,0.03364,0,1,false,1,true,kmeans_highest_centroid
case.lis,955,T_OPO,A,1.825601427088048,0.03377,0,1,false,1,true,kmeans_highest_centroid
case.lis,956,T_MAN,A,1.5919005919575424,0.03343,0,1,false,1,true,kmeans_highest_centroid
case.lis,956,1_2LT,A,2.0720028044765124,0.03354,0,1,false,1,true,kmeans_highest_centroid
case.lis,956,T_OPO,A,1.8848320597814994,0.03369,0,1,false,1,true,kmeans_highest_centroid
case.lis,957,T_MAN,A,1.1676119438749701,0.03248,0,0,false,0,false,""
case.lis,957,1_2LT,A,1.4702492611624378,0.03262,0,0,false,0,false,""
case.lis,957,T_OPO,A,1.6243660995589162,0.0328,0,1,false,1,true,kmeans_highest_centroid
case.lis,958,T_MAN,A,1.2444250379403072,0.04158,0,0,false,0,false,""
case.lis,958,1_2LT,A,1.3423774150891485,0.04168,0,0,false,0,false,""
case.lis,958,T_OPO,A,1.4457295632649076,0.04038,0,0,false,0,false,""
case.lis,959,T_MAN,A,1.2778443781783329,0.03363,0,0,false,0,false,""
case.lis,959,1_2LT,A,1.8225970339998403,0.03229,0,1,false,1,true,kmeans_highest_centroid
case.lis,959,T_OPO,A,1.8007118932878938,0.03247,0,1,false,1,true,kmeans_highest_centroid
case.lis,960,T_MAN,A,1.4213283988746592,0.03458,0,0,false,0,false,""
case.lis,960,1_2LT,A,1.8335603894317385,0.03468,0,1,false,1,true,kmeans_highest_centroid
case.lis,960,T_OPO,A,1.7704489203652918,0.03482,0,1,false,1,true,kmeans_highest_centroid
case.lis,961,T_MAN,A,1.4030557522830747,0.0329,0,0,false,0,false,""
case.lis,961,1_2LT,A,1.781317376216974,0.03296,0,1,false,1,true,kmeans_highest_centroid
case.lis,961,T_OPO,A,1.7915394179823745,0.03291,0,1,false,1,true,kmeans_highest_centroid
case.lis,962,T_MAN,A,1.1050193029633377,0.0412,0,0,false,0,false,""
case.lis,962,1_2LT,A,1.2682159624413145,0.04133,0,0,false,0,false,""
case.lis,962,T_OPO,A,1.3335168667962405,0.04147,0,0,false,0,false,""
case.lis,963,T_MAN,A,1.289389085616408,0.03287,0,0,false,0,false,""
case.lis,963,1_2LT,A,1.4604177072517017,0.03521,0,0,false,0,false,""
case.lis,963,T_OPO,A,1.7114531714546892,0.03531,0,1,false,1,true,kmeans_highest_centroid
case.lis,964,T_MAN,A,1.1406817362904587,0.03301,0,0,false,0,false,""
case.lis,964,1_2LT,A,1.482235132280767,0.03262,0,0,false,0,false,""
case.lis,964,T_OPO,A,1.6010729341391765,0.03243,0,1,false,1,true,kmeans_highest_centroid
case.lis,965,T_MAN,A,1.208350470814807,0.03245,0,0,false,0,false,""
case.lis,965,1_2LT,A,1.5419490313018627,0.03229,0,1,false,1,true,kmeans_highest_centroid
case.lis,965,T_OPO,A,1.7717354917152568,0.03237,0,1,false,1,true,kmeans_highest_centroid
case.lis,966,T_MAN,A,1.1048342607630661,0.04182,0,0,false,0,false,""
case.lis,966,1_2LT,A,1.3201785635045307,0.04096,0,0,false,0,false,""
case.lis,966,T_OPO,A,1.4118123485715808,0.04113,0,0,false,0,false,""
case.lis,967,T_MAN,A,1.173015202747677,0.03318,0,0,false,0,false,""
case.lis,967,1_2LT,A,1.250735784587804,0.03229,0,0,false,0,false,""
case.lis,967,T_OPO,A,1.5519909032011858,0.03217,0,1,false,1,true,kmeans_highest_centroid
case.lis,968,T_MAN,A,1.1943395724060812,0.02506,0,0,false,0,false,""
case.lis,968,1_2LT,A,1.5417591877668024,0.02501,0,1,false,1,true,kmeans_highest_centroid
case.lis,968,T_OPO,A,1.7583892009904416,0.02498,0,1,false,1,true,kmeans_highest_centroid
case.lis,969,T_MAN,A,1.1783043478260868,0.03409,0,0,false,0,false,""
case.lis,969,1_2LT,A,1.4613182725844671,0.03415,0,0,false,0,false,""
case.lis,969,T_OPO,A,1.6489072659016482,0.03393,0,1,false,1,true,kmeans_highest_centroid
case.lis,970,T_MAN,A,1.432690176344773,0.03453,0,0,false,0,false,""
case.lis,970,1_2LT,A,1.8155849729758513,0.03448,0,1,false,1,true,kmeans_highest_centroid
case.lis,970,T_OPO,A,1.7999894743381524,0.03477,0,1,false,1,true,kmeans_highest_centroid
case.lis,971,T_MAN,A,1.2529410704935346,0.03237,0,0,false,0,false,""
case.lis,971,1_2LT,A,1.4841770636420921,0.03497,0,0,false,0,false,""
case.lis,971,T_OPO,A,1.5574465241353603,0.0316,0,1,false,1,true,kmeans_highest_centroid
case.lis,972,T_MAN,A,1.190001215864817,0.03268,0,0,false,0,false,""
case.lis,972,1_2LT,A,1.3369074966497154,0.03364,0,0,false,0,false,""
case.lis,972,T_OPO,A,1.492409844067556,0.03384,0,0,false,0,false,""
case.lis,973,T_MAN,A,1.3416581911126493,0.02668,0,0,false,0,false,""
case.lis,973,1_2LT,A,1.895539994852543,0.02679,0,1,false,1,true,kmeans_highest_centroid
case.lis,973,T_OPO,A,1.807071807023616,0.02693,0,1,false,1,true,kmeans_highest_centroid
case.lis,974,T_MAN,A,1.1681693779564595,0.03327,0,0,false,0,false,""
case.lis,974,1_2LT,A,1.7327334771071292,0.02745,0,1,false,1,true,kmeans_highest_centroid
case.lis,974,T_OPO,A,1.7675927651605916,0.02759,0,1,false,1,true,kmeans_highest_centroid
case.lis,975,T_MAN,A,1.2607382074425126,0.03456,0,0,false,0,false,""
case.lis,975,1_2LT,A,1.8279223710251427,0.03469,0,1,false,1,true,kmeans_highest_centroid
case.lis,975,T_OPO,A,1.7816432723625941,0.03447,0,1,false,1,true,kmeans_highest_centroid
case.lis,976,T_MAN,A,1.15713348775704,0.04073,0,0,false,0,false,""
case.lis,976,1_2LT,A,1.4589956867861233,0.03586,0,0,false,0,false,""
case.lis,976,T_OPO,A,1.5966044534377024,0.03941,0,1,false,1,true,kmeans_highest_centroid
case.lis,977,T_MAN,A,1.3192723892187403,0.03302,0,0,false,0,false,""
case.lis,977,1_2LT,A,1.9225600166848604,0.03298,0,1,false,1,true,kmeans_highest_centroid
case.lis,977,T_OPO,A,1.7886853750099843,0.03312,0,1,false,1,true,kmeans_highest_centroid
case.lis,978,T_MAN,A,1.2270215039449046,0.03389,0,0,false,0,false,""
case.lis,978,1_2LT,A,1.4460703337859546,0.03376,0,0,false,0,false,""
case.lis,978,T_OPO,A,1.6959118897379235,0.03366,0,1,false,1,true,kmeans_highest_centroid
case.lis,979,T_MAN,A,1.154016880108629,0.04216,0,0,false,0,false,""
case.lis,979,1_2LT,A,1.39316107102603,0.0408,0,0,false,0,false,""
case.lis,979,T_OPO,A,1.5567737870195337,0.04097,0,1,false,1,true,kmeans_highest_centroid
case.lis,980,T_MAN,A,1.155211533853404,0.04178,0,0,false,0,false,""
case.lis,980,1_2LT,A,1.3728218713668274,0.04084,0,0,false,0,false,""
case.lis,980,T_OPO,A,1.545106365984185,0.04069,0,1,false,1,true,kmeans_highest_centroid
case.lis,981,T_MAN,A,1.106535584014484,0.02692,0,0,false,0,false,""
case.lis,981,1_2LT,A,1.666294186036192,0.02704,0,1,false,1,true,kmeans_highest_centroid
case.lis,981,T_OPO,A,1.6623265617650451,0.02718,0,1,false,1,true,kmeans_highest_centroid
case.lis,982,T_MAN,A,1.350724815179673,0.02463,0,0,false,0,false,""
case.lis,982,1_2LT,A,1.811423094331585,0.02469,0,1,false,1,true,kmeans_highest_centroid
case.lis,982,T_OPO,A,1.8385273835831626,0.02482,0,1,false,1,true,kmeans_highest_centroid
case.lis,983,T_MAN,A,1.2240913407350213,0.04183,0,0,false,0,false,""
case.lis,983,1_2LT,A,1.3128667784907302,0.04142,0,0,false,0,false,""
case.lis,983,T_OPO,A,1.5973542959077718,0.04157,0,1,false,1,true,kmeans_highest_centroid
case.lis,984,T_MAN,A,1.3294715336759055,0.03273,0,0,false,0,false,""
case.lis,984,1_2LT,A,1.6854320580065143,0.0328,0,1,false,1,true,kmeans_highest_centroid
case.lis,984,T_OPO,A,1.754462658750233,0.03149,0,1,false,1,true,kmeans_highest_centroid
case.lis,985,T_MAN,A,1.2648475554017236,0.03232,0,0,false,0,false,""
case.lis,985,1_2LT,A,1.8833909582257249,0.03244,0,1,false,1,true,kmeans_highest_centroid
case.lis,985,T_OPO,A,1.8215419118364884,0.03379,0,1,false,1,true,kmeans_highest_centroid
case.lis,986,T_MAN,A,1.2654202721052212,0.02512,0,0,false,0,false,""
case.lis,986,1_2LT,A,1.4868796648828067,0.02497,0,0,false,0,false,""
case.lis,986,T_OPO,A,1.6951590830426795,0.02633,0,1,false,1,true,kmeans_highest_centroid
case.lis,987,T_MAN,A,1.2721413420662602,0.02405,0,0,false,0,false,""
case.lis,987,1_2LT,A,1.6118815729918263,0.02394,0,1,false,1,true,kmeans_highest_centroid
case.lis,987,T_OPO,A,1.8076649183063094,0.02388,0,1,false,1,true,kmeans_highest_centroid
case.lis,988,T_MAN,A,1.3362171605562803,0.03185,0,0,false,0,false,""
case.lis,988,1_2LT,A,1.577843100189036,0.03186,0,1,false,1,true,kmeans_highest_centroid
case.lis,988,T_OPO,A,1.759846809907967,0.03167,0,1,false,1,true,kmeans_highest_centroid
case.lis,989,T_MAN,A,1.0632909111886186,0.02519,0,0,false,0,false,""
case.lis,989,1_2LT,A,1.1877110679198062,0.02437,0,0,false,0,false,""
case.lis,989,T_OPO,A,1.240435315104236,0.02436,0,0,false,0,false,""
case.lis,990,T_MAN,A,1.32679577908535,0.03345,0,0,false,0,false,""
case.lis,990,1_2LT,A,1.9206830409045326,0.03358,0,1,false,1,true,kmeans_highest_centroid
case.lis,990,T_OPO,A,1.7979185459321778,0.03373,0,1,false,1,true,kmeans_highest_centroid
case.lis,991,T_MAN,A,1.1440756498664324,0.03267,0,0,false,0,false,""
case.lis,991,1_2LT,A,1.3827435501477674,0.03277,0,0,false,0,false,""
case.lis,991,T_OPO,A,1.6155044330253734,0.03294,0,1,false,1,true,kmeans_highest_centroid
case.lis,992,T_MAN,A,1.0858115587031958,0.03373,0,0,false,0,false,""
case.lis,992,1_2LT,A,1.1389064582834119,0.03383,0,0,false,0,false,""
case.lis,992,T_OPO,A,1.1626817629152355,0.03355,0,0,false,0,false,""
case.lis,993,T_MAN,A,1.2657721629081358,0.02644,0,0,false,0,false,""
case.lis,993,1_2LT,A,1.8535217480053603,0.02656,0,1,false,1,true,kmeans_highest_centroid
case.lis,993,T_OPO,A,1.771608935275167,0.0267,0,1,false,1,true,kmeans_highest_centroid
case.lis,994,T_MAN,A,1.2916229576577296,0.02581,0,0,false,0,false,""
case.lis,994,1_2LT,A,1.8030410820309382,0.02442,0,1,false,1,true,kmeans_highest_centroid
case.lis,994,T_OPO,A,1.7400315059861373,0.02459,0,1,false,1,true,kmeans_highest_centroid
case.lis,995,T_MAN,A,1.0978664146187775,0.03368,0,0,false,0,false,""
case.lis,995,1_2LT,A,1.1417171738686689,0.03373,0,0,false,0,false,""
case.lis,995,T_OPO,A,1.2706504166777601,0.03355,0,0,false,0,false,""
case.lis,996,T_MAN,A,1.1266596554753854,0.04128,0,0,false,0,false,""
case.lis,996,1_2LT,A,1.3208644177605013,0.04008,0,0,false,0,false,""
case.lis,996,T_OPO,A,1.571303637832033,0.0386,0,1,false,1,true,kmeans_highest_centroid
case.lis,997,T_MAN,A,1.2246252562634787,0.02469,0,0,false,0,false,""
case.lis,997,1_2LT,A,1.574264401785635,0.02558,0,1,false,1,true,kmeans_highest_centroid
case.lis,997,T_OPO,A,1.6526710863796514,0.02544,0,1,false,1,true,kmeans_highest_centroid
case.lis,998,T_MAN,A,1.2018699468391953,0.02378,0,0,false,0,false,""
case.lis,998,1_2LT,A,1.5216811771701413,0.02367,0,0,false,0,false,""
case.lis,998,T_OPO,A,1.7852172138058344,0.0236,0,1,false,1,true,kmeans_highest_centroid
case.lis,999,T_MAN,A,1.1698629711476165,0.02502,0,0,false,0,false,""
case.lis,999,1_2LT,A,1.399467859456677,0.02516,0,0,false,0,false,""
case.lis,999,T_OPO,A,1.6548434906857654,0.0238,0,1,false,1,true,kmeans_highest_centroid
case.lis,1000,T_MAN,A,1.2930984140507824,0.04153,0,0,false,0,false,""
case.lis,1000,1_2LT,A,1.5492099274918572,0.03572,0,1,false,1,true,kmeans_highest_centroid
case.lis,1000,T_OPO,A,1.6509494306735182,0.03586,0,1,false,1,true,kmeans_highest_centroid
