source_file,simulation,terminal,phase,value_pu,time
case.lis,1,T_MAN,A,1.2755384417405504,0.03282
case.lis,1,T_MAN,B,1.1031712771905535,0.03054
case.lis,1,T_MAN,C,1.3280513769447182,0.02824
case.lis,1,1_2LT,C,1.758382606920667,0.02682
case.lis,1,1_2LT,A,1.380626303504708,0.03279
case.lis,1,1_2LT,B,1.1926792513112703,0.04693
case.lis,1,T_OPO,A,1.5153084480417476,0.03398
case.lis,1,T_OPO,B,1.2510904621173797,0.02953
case.lis,1,T_OPO,C,1.75245081072446,0.02816
case.lis,2,T_MAN,A,1.125403853492727,0.04139
case.lis,2,T_MAN,B,1.228520541015469,0.03865
case.lis,2,T_MAN,C,1.2073110750197467,0.03637
case.lis,2,1_2LT,C,1.740133922628398,0.03493
case.lis,2,1_2LT,A,1.7607765204966408,0.03557
case.lis,2,1_2LT,B,1.7327530285683856,0.03879
case.lis,2,T_OPO,A,1.7538145495531476,0.0357
case.lis,2,T_OPO,B,1.7260638639651393,0.03865
case.lis,2,T_OPO,C,1.746023145806154,0.03508
case.lis,3,T_MAN,A,1.4662591300797856,0.02599
case.lis,3,T_MAN,B,1.133454742316533,0.03039
case.lis,3,T_MAN,C,1.2265727788279772,0.02743
case.lis,3,1_2LT,C,1.565495424975816,0.02743
case.lis,3,1_2LT,A,1.92731586747961,0.02611
case.lis,3,1_2LT,B,1.4374251178146382,0.02928
case.lis,3,T_OPO,A,1.8009774843135689,0.02625
case.lis,3,T_OPO,B,1.451647363703329,0.0292
case.lis,3,T_OPO,C,1.7374354127284184,0.02725
case.lis,4,T_MAN,A,1.454803021024699,0.0249
case.lis,4,T_MAN,B,1.210924856004331,0.03124
case.lis,4,T_MAN,C,1.2589831820158506,0.0275
case.lis,4,1_2LT,C,1.5134486718673732,0.02748
case.lis,4,1_2LT,A,1.9586735536089885,0.02502
case.lis,4,1_2LT,B,1.3422219263913666,0.02981
case.lis,4,T_OPO,A,1.805647825199464,0.02493
case.lis,4,T_OPO,B,1.5910870896456244,0.03101
case.lis,4,T_OPO,C,1.6983361289349204,0.02605
case.lis,5,T_MAN,A,1.401833586268715,0.03305
case.lis,5,T_MAN,B,1.1352755043176512,0.03883
case.lis,5,T_MAN,C,1.290201638311279,0.03548
case.lis,5,1_2LT,C,1.4846205525528724,0.03418
case.lis,5,1_2LT,A,1.909125526948712,0.03301
case.lis,5,1_2LT,B,1.2965563513405574,0.03319
case.lis,5,T_OPO,A,1.8274462135129619,0.03282
case.lis,5,T_OPO,B,1.4707188689794723,0.03313
case.lis,5,T_OPO,C,1.6677914747463989,0.03552
case.lis,6,T_MAN,A,1.3170212376971344,0.03456
case.lis,6,T_MAN,B,1.1973289757448282,0.03867
case.lis,6,T_MAN,C,1.563091136611731,0.03571
case.lis,6,1_2LT,C,1.885722374575113,0.03572
case.lis,6,1_2LT,A,1.8187495850972248,0.03468
case.lis,6,1_2LT,B,1.24643840357837,0.03918
case.lis,6,T_OPO,A,1.800798299564241,0.03482
case.lis,6,T_OPO,B,1.3308300451733717,0.03847
case.lis,6,T_OPO,C,1.8145449381861427,0.03583
case.lis,7,T_MAN,A,1.3888188361422473,0.02523
case.lis,7,T_MAN,B,1.1477632524827606,0.03032
case.lis,7,T_MAN,C,1.1374490623641027,0.02785
case.lis,7,1_2LT,C,1.4110777975984452,0.02787
case.lis,7,1_2LT,A,1.9489194777993735,0.02535
case.lis,7,1_2LT,B,1.280780283465126,0.02991
case.lis,7,T_OPO,A,1.8152818232647303,0.02549
case.lis,7,T_OPO,B,1.472589348314208,0.03009
case.lis,7,T_OPO,C,1.5640889090053869,0.02772
case.lis,8,T_MAN,A,1.131439512944079,0.02423
case.lis,8,T_MAN,B,1.3136927944478465,0.02207
case.lis,8,T_MAN,C,1.2181542462081878,0.02802
case.lis,8,1_2LT,C,1.6629211374104742,0.02664
case.lis,8,1_2LT,A,1.5163026172155807,0.02281
case.lis,8,1_2LT,B,1.9149096443817284,0.02203
case.lis,8,T_OPO,A,1.5472418505995014,0.0242
case.lis,8,T_OPO,B,1.79742685730007,0.02217
case.lis,8,T_OPO,C,1.7162781845452044,0.02664
case.lis,9,T_MAN,A,1.1854702645615343,0.03436
case.lis,9,T_MAN,B,1.1818960391206723,0.03017
case.lis,9,T_MAN,C,1.6256254515118436,0.02847
case.lis,9,1_2LT,C,1.8200047569601605,0.02856
case.lis,9,1_2LT,A,1.64863015522245,0.02718
case.lis,9,1_2LT,B,1.5546493073120513,0.03004
case.lis,9,T_OPO,A,1.6631477586375214,0.02701
case.lis,9,T_OPO,B,1.6877900547582914,0.03021
case.lis,9,T_OPO,C,1.8088494546358176,0.02833
case.lis,10,T_MAN,A,1.2988723696939037,0.03261
case.lis,10,T_MAN,B,1.203495069978789,0.03895
case.lis,10,T_MAN,C,1.2010373900618583,0.03601
case.lis,10,1_2LT,C,1.6076851531368426,0.03612
case.lis,10,1_2LT,A,1.9271680289677573,0.03273
case.lis,10,1_2LT,B,1.5585686519875395,0.03302
case.lis,10,T_OPO,A,1.8213966293032295,0.03264
case.lis,10,T_OPO,B,1.7243342030760491,0.03876
case.lis,10,T_OPO,C,1.7158936606405921,0.03627
case.lis,11,T_MAN,A,1.203379305448317,0.04223
case.lis,11,T_MAN,B,1.2308285541858586,0.03818
case.lis,11,T_MAN,C,1.2751760341507141,0.03643
case.lis,11,1_2LT,C,1.6290243794208223,0.03469
case.lis,11,1_2LT,A,1.5574776573746196,0.04221
case.lis,11,1_2LT,B,1.7165518517532417,0.03826
case.lis,11,T_OPO,A,1.7276496534341526,0.0421
case.lis,11,T_OPO,B,1.7924970047125854,0.03839
case.lis,11,T_OPO,C,1.767343645996965,0.03612
case.lis,12,T_MAN,A,1.094322914170594,0.03334
case.lis,12,T_MAN,B,1.3684277181678601,0.02938
case.lis,12,T_MAN,C,1.2828563593279905,0.02766
case.lis,12,1_2LT,C,1.906045421869592,0.02763
case.lis,12,1_2LT,A,1.538669826140206,0.03193
case.lis,12,1_2LT,B,1.7496638178155257,0.02949
case.lis,12,T_OPO,A,1.651432634876683,0.03209
case.lis,12,T_OPO,B,1.7973346823220355,0.02963
case.lis,12,T_OPO,C,1.7890726678914062,0.02777
case.lis,13,T_MAN,A,1.1070103037887058,0.04204
case.lis,13,T_MAN,B,1.1812580207140764,0.038
case.lis,13,T_MAN,C,1.4907359975860202,0.03657
case.lis,13,1_2LT,C,2.035031727859279,0.03666
case.lis,13,1_2LT,A,1.3037962760811879,0.03612
case.lis,13,1_2LT,B,1.5720800074549375,0.03914
case.lis,13,T_OPO,A,1.5746205703027236,0.0363
case.lis,13,T_OPO,B,1.7806798636811418,0.03931
case.lis,13,T_OPO,C,1.8328800021299823,0.03679
case.lis,14,T_MAN,A,1.2835354952652271,0.03307
case.lis,14,T_MAN,B,1.3270424310196403,0.03055
case.lis,14,T_MAN,C,1.3760434516360927,0.02938
case.lis,14,1_2LT,C,1.6829464398235665,0.02946
case.lis,14,1_2LT,A,1.4002863317269718,0.03268
case.lis,14,1_2LT,B,1.7361084338418664,0.03041
case.lis,14,T_OPO,A,1.6732098919921545,0.03282
case.lis,14,T_OPO,B,1.785537066127071,0.03053
case.lis,14,T_OPO,C,1.774149205250406,0.02934
case.lis,15,T_MAN,A,1.3124810653460777,0.03359
case.lis,15,T_MAN,B,1.2054676819581636,0.03864
case.lis,15,T_MAN,C,1.2390549091651357,0.03623
case.lis,15,1_2LT,C,1.5145034035339955,0.03486
case.lis,15,1_2LT,A,1.7759874686049504,0.03242
case.lis,15,1_2LT,B,1.74496205969275,0.03271
case.lis,15,T_OPO,A,1.8052885859580927,0.0338
case.lis,15,T_OPO,B,1.6996028470761557,0.03254
case.lis,15,T_OPO,C,1.6764856181829477,0.03599
case.lis,16,T_MAN,A,1.1583525652972655,0.03365
case.lis,16,T_MAN,B,1.4167681070671032,0.03093
case.lis,16,T_MAN,C,1.2373021113448175,0.03569
case.lis,16,1_2LT,C,1.4370342660880215,0.0358
case.lis,16,1_2LT,A,1.4929529185193076,0.03229
case.lis,16,1_2LT,B,1.8202870150962487,0.03102
case.lis,16,T_OPO,A,1.7035724593306532,0.03369
case.lis,16,T_OPO,B,1.7771450251604142,0.03097
case.lis,16,T_OPO,C,1.709964198549837,0.03067
case.lis,17,T_MAN,A,1.1650339465906974,0.03268
case.lis,17,T_MAN,B,1.1684222157139434,0.03012
case.lis,17,T_MAN,C,1.299474258278087,0.0281
case.lis,17,1_2LT,C,1.9212594495771096,0.02822
case.lis,17,1_2LT,A,1.508192594762019,0.03273
case.lis,17,1_2LT,B,1.5823678301694222,0.03007
case.lis,17,T_OPO,A,1.7038438989323463,0.03285
case.lis,17,T_OPO,B,1.7834112551807377,0.02882
case.lis,17,T_OPO,C,1.8116284601116464,0.02822
case.lis,18,T_MAN,A,1.2207859634175564,0.02434
case.lis,18,T_MAN,B,1.5534310551399133,0.02202
case.lis,18,T_MAN,C,1.1919808390354731,0.02684
case.lis,18,1_2LT,C,1.5594892480275477,0.02196
case.lis,18,1_2LT,A,1.5189662486576674,0.02313
case.lis,18,1_2LT,B,1.8707253033005848,0.02213
case.lis,18,T_OPO,A,1.753903281060021,0.0233
case.lis,18,T_OPO,B,1.769479698607524,0.0222
case.lis,18,T_OPO,C,1.7495886205703026,0.02543
case.lis,19,T_MAN,A,1.2310025027290397,0.03363
case.lis,19,T_MAN,B,1.3107350213441962,0.02966
case.lis,19,T_MAN,C,1.3411035082581182,0.02778
case.lis,19,1_2LT,C,1.9057606166298358,0.02774
case.lis,19,1_2LT,A,1.5001409515695308,0.03366
case.lis,19,1_2LT,B,1.9042859678550192,0.02967
case.lis,19,T_OPO,A,1.624459082155187,0.03389
case.lis,19,T_OPO,B,1.7955733645730718,0.02978
case.lis,19,T_OPO,C,1.790921306034062,0.02788
case.lis,20,T_MAN,A,1.1941956388615247,0.03308
case.lis,20,T_MAN,B,1.371328487623916,0.03009
case.lis,20,T_MAN,C,1.5721306034061964,0.02848
case.lis,20,1_2LT,C,1.9413949341924261,0.0286
case.lis,20,1_2LT,A,1.6960261632808826,0.02696
case.lis,20,1_2LT,B,1.7858476885256085,0.02993
case.lis,20,T_OPO,A,1.6875143108176467,0.0271
case.lis,20,T_OPO,B,1.7731261925681374,0.03126
case.lis,20,T_OPO,C,1.7610856962822936,0.02874
case.lis,21,T_MAN,A,1.1729615626969125,0.02492
case.lis,21,T_MAN,B,1.4810502587040832,0.02207
case.lis,21,T_MAN,C,1.1502106019862084,0.0279
case.lis,21,1_2LT,C,1.4698650123805215,0.02182
case.lis,21,1_2LT,A,1.4012453295703649,0.02498
case.lis,21,1_2LT,B,2.010019320713189,0.02212
case.lis,21,T_OPO,A,1.7760766616079589,0.02474
case.lis,21,T_OPO,B,1.8147884838964472,0.02225
case.lis,21,T_OPO,C,1.7852558197325097,0.02175
case.lis,22,T_MAN,A,1.239559448689617,0.04164
case.lis,22,T_MAN,B,1.2455259813449062,0.03778
case.lis,22,T_MAN,C,1.30541379340948,0.03667
case.lis,22,1_2LT,C,1.8115434383237041,0.03545
case.lis,22,1_2LT,A,1.6280151938727512,0.03577
case.lis,22,1_2LT,B,1.6001203084924163,0.03792
case.lis,22,T_OPO,A,1.672009460670767,0.04157
case.lis,22,T_OPO,B,1.6955847599776352,0.03902
case.lis,22,T_OPO,C,1.79171969434756,0.03684
case.lis,23,T_MAN,A,1.2122128739671807,0.02669
case.lis,23,T_MAN,B,1.1352408211081233,0.02979
case.lis,23,T_MAN,C,1.2526885078587466,0.02801
case.lis,23,1_2LT,C,1.6349784250556902,0.02813
case.lis,23,1_2LT,A,1.7642853466102222,0.02681
case.lis,23,1_2LT,B,1.548385562270916,0.02987
case.lis,23,T_OPO,A,1.7415060305119943,0.03247
case.lis,23,T_OPO,B,1.729596368380415,0.02856
case.lis,23,T_OPO,C,1.7552454804441013,0.02795
case.lis,24,T_MAN,A,1.286624164647621,0.03183
case.lis,24,T_MAN,B,1.541344728737897,0.03184
case.lis,24,T_MAN,C,1.155126689563975,0.03668
case.lis,24,1_2LT,C,1.2460128331425226,0.04398
case.lis,24,1_2LT,A,1.7439519955270375,0.03318
case.lis,24,1_2LT,B,1.8152730370883143,0.03194
case.lis,24,T_OPO,A,1.7424623303779831,0.03207
case.lis,24,T_OPO,B,1.7657961252074512,0.03207
case.lis,24,T_OPO,C,1.3028071478651368,0.04408
case.lis,25,T_MAN,A,1.1674934281175395,0.03395
case.lis,25,T_MAN,B,1.3327679118187385,0.03099
case.lis,25,T_MAN,C,1.1384309131411023,0.03625
case.lis,25,1_2LT,C,1.2830494244610702,0.03526
case.lis,25,1_2LT,A,1.6024745689004856,0.03142
case.lis,25,1_2LT,B,1.8807791297247884,0.0311
case.lis,25,T_OPO,A,1.7358798335063943,0.03159
case.lis,25,T_OPO,B,1.8232245267445886,0.03107
case.lis,25,T_OPO,C,1.3908188006425446,0.03395
case.lis,26,T_MAN,A,1.23208465791599,0.03285
case.lis,26,T_MAN,B,1.3749080113954046,0.03038
case.lis,26,T_MAN,C,1.1308805701252251,0.03565
case.lis,26,1_2LT,C,1.4355756720537465,0.0368
case.lis,26,1_2LT,A,1.6803828731684372,0.03296
case.lis,26,1_2LT,B,1.9432571864710635,0.0305
case.lis,26,T_OPO,A,1.7574394241948224,0.03285
case.lis,26,T_OPO,B,1.8118869866964864,0.03064
case.lis,26,T_OPO,C,1.5497364147075268,0.03545
case.lis,27,T_MAN,A,1.3870165517363793,0.03426
case.lis,27,T_MAN,B,1.164176602145957,0.03904
case.lis,27,T_MAN,C,1.3807959033343096,0.03521
case.lis,27,1_2LT,C,2.0033217071807026,0.03532
case.lis,27,1_2LT,A,1.8469130612281122,0.03436
case.lis,27,1_2LT,B,1.571906751155959,0.03768
case.lis,27,T_OPO,A,1.7686778579479396,0.0345
case.lis,27,T_OPO,B,1.6428020536578007,0.0376
case.lis,27,T_OPO,C,1.808500048812091,0.03549
case.lis,28,T_MAN,A,1.2262814948924803,0.02468
case.lis,28,T_MAN,B,1.3534855471835423,0.02227
case.lis,28,T_MAN,C,1.1027149906369533,0.02775
case.lis,28,1_2LT,C,1.7432555002351855,0.02168
case.lis,28,1_2LT,A,1.5481300531608047,0.02465
case.lis,28,1_2LT,B,2.1148670092387976,0.0222
case.lis,28,T_OPO,A,1.796581023633927,0.02337
case.lis,28,T_OPO,B,1.840549508772864,0.02234
case.lis,28,T_OPO,C,1.764837544485565,0.02185
case.lis,29,T_MAN,A,1.3005722552073624,0.02467
case.lis,29,T_MAN,B,1.2676887474817398,0.02226
case.lis,29,T_MAN,C,1.129956938860637,0.02732
case.lis,29,1_2LT,C,1.7658013614135983,0.02146
case.lis,29,1_2LT,A,1.7873919255926232,0.02464
case.lis,29,1_2LT,B,1.7496146773520773,0.02225
case.lis,29,T_OPO,A,1.7795706310959645,0.0248
case.lis,29,T_OPO,B,1.7823362443089539,0.02242
case.lis,29,T_OPO,C,1.7651687567116627,0.02139
case.lis,30,T_MAN,A,1.1639433158497299,0.03353
case.lis,30,T_MAN,B,1.1945546118551256,0.03126
case.lis,30,T_MAN,C,1.325992553937361,0.0288
case.lis,30,1_2LT,C,1.8446509491733005,0.02892
case.lis,30,1_2LT,A,1.2841651446169138,0.03355
case.lis,30,1_2LT,B,1.4048324857779315,0.03139
case.lis,30,T_OPO,A,1.3702208968999885,0.03373
case.lis,30,T_OPO,B,1.6256185379447448,0.03157
case.lis,30,T_OPO,C,1.78536133372383,0.02905
case.lis,31,T_MAN,A,1.32657129671539,0.03343
case.lis,31,T_MAN,B,1.0986022169564331,0.03921
case.lis,31,T_MAN,C,1.2743397499045945,0.03559
case.lis,31,1_2LT,C,1.7767545284308244,0.03441
case.lis,31,1_2LT,A,1.9242187314181243,0.03338
case.lis,31,1_2LT,B,1.2954688179486498,0.03811
case.lis,31,T_OPO,A,1.7968147625513635,0.03353
case.lis,31,T_OPO,B,1.45719511524091,0.0382
case.lis,31,T_OPO,C,1.7670197999591752,0.03576
case.lis,32,T_MAN,A,1.3213921740905419,0.03294
case.lis,32,T_MAN,B,1.3046637734408975,0.03044
case.lis,32,T_MAN,C,1.1253844174055043,0.03589
case.lis,32,1_2LT,C,1.3287109170460698,0.0369
case.lis,32,1_2LT,A,1.8811881395493313,0.03295
case.lis,32,1_2LT,B,1.9147030006123698,0.03057
case.lis,32,T_OPO,A,1.7978627137747722,0.03306
case.lis,32,T_OPO,B,1.801051678692191,0.03071
case.lis,32,T_OPO,C,1.4402540891220037,0.03707
case.lis,33,T_MAN,A,1.4686100091411736,0.02436
case.lis,33,T_MAN,B,1.2719721593581654,0.02304
case.lis,33,T_MAN,C,1.134240750108718,0.02797
case.lis,33,1_2LT,C,1.2600678931813947,0.02662
case.lis,33,1_2LT,A,1.8414443054039424,0.02442
case.lis,33,1_2LT,B,1.8788302315468108,0.02317
case.lis,33,T_OPO,A,1.7964508284743115,0.02459
case.lis,33,T_OPO,B,1.7925738171942809,0.02331
case.lis,33,T_OPO,C,1.315386671636625,0.02645
case.lis,34,T_MAN,A,1.1929860841165454,0.03328
case.lis,34,T_MAN,B,1.3186797660569594,0.0293
case.lis,34,T_MAN,C,1.2957890252669133,0.02863
case.lis,34,1_2LT,C,1.8777070475784765,0.02859
case.lis,34,1_2LT,A,1.5349529806437872,0.03312
case.lis,34,1_2LT,B,1.922332862962273,0.02941
case.lis,34,T_OPO,A,1.749916939570631,0.03327
case.lis,34,T_OPO,B,1.81924909253885,0.02956
case.lis,34,T_OPO,C,1.7866955101751023,0.02873
case.lis,35,T_MAN,A,1.1938857530818179,0.03346
case.lis,35,T_MAN,B,1.2019091740106675,0.03077
case.lis,35,T_MAN,C,1.129597610870009,0.03601
case.lis,35,1_2LT,C,1.5178585869343344,0.02854
case.lis,35,1_2LT,A,1.5365173549171525,0.03338
case.lis,35,1_2LT,B,1.62912715106011,0.0309
case.lis,35,T_OPO,A,1.7165400747268742,0.03328
case.lis,35,T_OPO,B,1.6754102434392113,0.03097
case.lis,35,T_OPO,C,1.7349521996503279,0.02727
case.lis,36,T_MAN,A,1.6239456233304046,0.03361
case.lis,36,T_MAN,B,1.186864080513326,0.03958
case.lis,36,T_MAN,C,1.203751963577305,0.03539
case.lis,36,1_2LT,C,1.3688211436229223,0.03502
case.lis,36,1_2LT,A,1.8044978922051529,0.03371
case.lis,36,1_2LT,B,1.752348305332943,0.03232
case.lis,36,T_OPO,A,1.836915448583118,0.03349
case.lis,36,T_OPO,B,1.7508413429537526,0.03247
case.lis,36,T_OPO,C,1.5847548301782974,0.03515
case.lis,37,T_MAN,A,1.2931896482866956,0.02577
case.lis,37,T_MAN,B,1.1821743567897618,0.02999
case.lis,37,T_MAN,C,1.3408565457014296,0.02702
case.lis,37,1_2LT,C,1.893481872964314,0.02713
case.lis,37,1_2LT,A,1.8920321804804885,0.0259
case.lis,37,1_2LT,B,1.2200552907869398,0.03048
case.lis,37,T_OPO,A,1.7889620774426014,0.02605
case.lis,37,T_OPO,B,1.3470284086370776,0.03028
case.lis,37,T_OPO,C,1.7873382855418585,0.02708
case.lis,38,T_MAN,A,1.1683223550502764,0.03334
case.lis,38,T_MAN,B,1.1956018530844803,0.03081
case.lis,38,T_MAN,C,1.131970322248551,0.03544
case.lis,38,1_2LT,C,1.2639789841760074,0.03548
case.lis,38,1_2LT,A,1.4690975798077692,0.03331
case.lis,38,1_2LT,B,1.7263049246962556,0.02943
case.lis,38,T_OPO,A,1.6187617792450988,0.03343
case.lis,38,T_OPO,B,1.7482921093035846,0.03079
case.lis,38,T_OPO,C,1.305628744109268,0.04416
case.lis,39,T_MAN,A,1.1764767432572751,0.04121
case.lis,39,T_MAN,B,1.3438183213965582,0.03848
case.lis,39,T_MAN,C,1.3364766545080184,0.03641
case.lis,39,1_2LT,C,1.9009386121391234,0.03637
case.lis,39,1_2LT,A,1.3617118844129679,0.04108
case.lis,39,1_2LT,B,1.7348897822980733,0.03734
case.lis,39,T_OPO,A,1.5848893740514922,0.04091
case.lis,39,T_OPO,B,1.7976080655324511,0.03871
case.lis,39,T_OPO,C,1.7931045377494965,0.03651
case.lis,40,T_MAN,A,1.2398819191139274,0.03229
case.lis,40,T_MAN,B,1.250888113812047,0.03068
case.lis,40,T_MAN,C,1.5161465072730016,0.02908
case.lis,40,1_2LT,C,1.842631788208774,0.02919
case.lis,40,1_2LT,A,1.6009303229585454,0.0324
case.lis,40,1_2LT,B,1.3609581369756028,0.03067
case.lis,40,T_OPO,A,1.6531452559084818,0.03228
case.lis,40,T_OPO,B,1.4333525919220427,0.03184
case.lis,40,T_OPO,C,1.7825997674769474,0.02893
case.lis,41,T_MAN,A,1.1721337096301818,0.04148
case.lis,41,T_MAN,B,1.2725761956743613,0.0392
case.lis,41,T_MAN,C,1.41480461851132,0.03679
case.lis,41,1_2LT,C,1.8717823513228078,0.03687
case.lis,41,1_2LT,A,1.4479301010854035,0.04166
case.lis,41,1_2LT,B,1.693893740514923,0.03783
case.lis,41,T_OPO,A,1.5969267019888709,0.04029
case.lis,41,T_OPO,B,1.7689988995092165,0.038
case.lis,41,T_OPO,C,1.820415612769243,0.03702
case.lis,42,T_MAN,A,1.1536944540589473,0.04103
case.lis,42,T_MAN,B,1.221118453632951,0.03825
case.lis,42,T_MAN,C,1.2944855649333937,0.03531
case.lis,42,1_2LT,C,1.823734923720014,0.03541
case.lis,42,1_2LT,A,1.2308827001073868,0.04225
case.lis,42,1_2LT,B,1.5206623889524926,0.03813
case.lis,42,T_OPO,A,1.3355930402832876,0.03655
case.lis,42,T_OPO,B,1.7371970410997808,0.03807
case.lis,42,T_OPO,C,1.7513805834376137,0.03554
case.lis,43,T_MAN,A,1.189015149498123,0.04203
case.lis,43,T_MAN,B,1.2954237599510103,0.03937
case.lis,43,T_MAN,C,1.3319476024388295,0.03664
case.lis,43,1_2LT,C,1.8273298011129158,0.03519
case.lis,43,1_2LT,A,1.4834924607506412,0.03622
case.lis,43,1_2LT,B,1.6523012149773246,0.03927
case.lis,43,T_OPO,A,1.60640593910026,0.03602
case.lis,43,T_OPO,B,1.7640835663001322,0.03919
case.lis,43,T_OPO,C,1.7610186639686891,0.03534
case.lis,44,T_MAN,A,1.1190972248107423,0.03362
case.lis,44,T_MAN,B,1.2838492327626756,0.0309
case.lis,44,T_MAN,C,1.3842404128615422,0.02839
case.lis,44,1_2LT,C,1.9907324032411229,0.02838
case.lis,44,1_2LT,A,1.2091605474054157,0.0333
case.lis,44,1_2LT,B,1.6358804370013402,0.03096
case.lis,44,T_OPO,A,1.308395457813041,0.03347
case.lis,44,T_OPO,B,1.7657822803234022,0.03115
case.lis,44,T_OPO,C,1.8151673988480346,0.02851
case.lis,45,T_MAN,A,1.1725476361635472,0.04133
case.lis,45,T_MAN,B,1.1942670908881137,0.0387
case.lis,45,T_MAN,C,1.20682375285107,0.03632
case.lis,45,1_2LT,C,1.6042767379323197,0.03648
case.lis,45,1_2LT,A,1.6897274865323002,0.03551
case.lis,45,1_2LT,B,1.6298037931432325,0.03878
case.lis,45,T_OPO,A,1.7227067280811523,0.03565
case.lis,45,T_OPO,B,1.6510924501007305,0.03874
case.lis,45,T_OPO,C,1.7368268590750553,0.03666
case.lis,46,T_MAN,A,1.207336670305386,0.0336
case.lis,46,T_MAN,B,1.2763191245773315,0.03065
case.lis,46,T_MAN,C,1.4528343051376944,0.0277
case.lis,46,1_2LT,C,1.8233926533365281,0.02782
case.lis,46,1_2LT,A,1.5611338605039182,0.02765
case.lis,46,1_2LT,B,1.5926501415550645,0.0307
case.lis,46,T_OPO,A,1.745828252438386,0.02747
case.lis,46,T_OPO,B,1.7546499285568484,0.03048
case.lis,46,T_OPO,C,1.7654230233321797,0.02796
case.lis,47,T_MAN,A,1.391828412187048,0.02374
case.lis,47,T_MAN,B,1.428545390807352,0.02374
case.lis,47,T_MAN,C,1.159411441554177,0.02731
case.lis,47,1_2LT,C,1.226549695146303,0.03597
case.lis,47,1_2LT,A,1.7824761930118835,0.02383
case.lis,47,1_2LT,B,1.7497085296910637,0.02385
case.lis,47,T_OPO,A,1.7475356993885176,0.02397
case.lis,47,T_OPO,B,1.7453996467779582,0.02398
case.lis,47,T_OPO,C,1.3384250290653816,0.02755
case.lis,48,T_MAN,A,1.2161644168730088,0.03245
case.lis,48,T_MAN,B,1.2378239569743603,0.02965
case.lis,48,T_MAN,C,1.5370385260523445,0.02876
case.lis,48,1_2LT,C,1.8813186364564196,0.02887
case.lis,48,1_2LT,A,1.4857641311004022,0.03365
case.lis,48,1_2LT,B,1.5439761441997923,0.03124
case.lis,48,T_OPO,A,1.6857695891796904,0.03227
case.lis,48,T_OPO,B,1.6742349370324023,0.02989
case.lis,48,T_OPO,C,1.8257062932097945,0.02901
case.lis,49,T_MAN,A,1.1727066215820443,0.03324
case.lis,49,T_MAN,B,1.3841971298490374,0.03029
case.lis,49,T_MAN,C,1.4266059266753641,0.0287
case.lis,49,1_2LT,C,1.7078555605846801,0.02867
case.lis,49,1_2LT,A,1.578693788439522,0.02731
case.lis,49,1_2LT,B,1.7561836932115695,0.03014
case.lis,49,T_OPO,A,1.6277835760625503,0.02746
case.lis,49,T_OPO,B,1.7437506323384542,0.03017
case.lis,49,T_OPO,C,1.7548775881501992,0.02853
case.lis,50,T_MAN,A,1.1170346477098254,0.03299
case.lis,50,T_MAN,B,1.3279116412400047,0.03041
case.lis,50,T_MAN,C,1.3489691596332882,0.02805
case.lis,50,1_2LT,C,1.8534584165357615,0.02801
case.lis,50,1_2LT,A,1.2032537962494563,0.03435
case.lis,50,1_2LT,B,1.7848315095361076,0.03051
case.lis,50,T_OPO,A,1.247909759755762,0.03277
case.lis,50,T_OPO,B,1.7792860122296474,0.03065
case.lis,50,T_OPO,C,1.770423280705024,0.02815
case.lis,51,T_MAN,A,1.0790043220888026,0.02456
case.lis,51,T_MAN,B,1.4757896198869334,0.02132
case.lis,51,T_MAN,C,1.3104643361111852,0.02132
case.lis,51,1_2LT,C,1.673171454689067,0.02143
case.lis,51,1_2LT,A,1.2350602163706879,0.02471
case.lis,51,1_2LT,B,1.8227382873168436,0.0214
case.lis,51,T_OPO,A,1.279019675710216,0.02457
case.lis,51,T_OPO,B,1.768062461726883,0.02153
case.lis,51,T_OPO,C,1.7300269886489699,0.02727
case.lis,52,T_MAN,A,1.420911197493721,0.03422
case.lis,52,T_MAN,B,1.0737017048732216,0.03952
case.lis,52,T_MAN,C,1.206371575388056,0.03565
case.lis,52,1_2LT,C,1.4924448645242596,0.03684
case.lis,52,1_2LT,A,1.8399919681922663,0.03421
case.lis,52,1_2LT,B,1.2560233144297417,0.03913
case.lis,52,T_OPO,A,1.8068490641390877,0.03447
case.lis,52,T_OPO,B,1.3702021353071168,0.03929
case.lis,52,T_OPO,C,1.6821746230375323,0.03548
case.lis,53,T_MAN,A,1.112615733468232,0.03303
case.lis,53,T_MAN,B,1.624070129662664,0.03058
case.lis,53,T_MAN,C,1.2011196606228423,0.03537
case.lis,53,1_2LT,C,1.810122349725321,0.02932
case.lis,53,1_2LT,A,1.1926851797616194,0.03215
case.lis,53,1_2LT,B,1.8538512739955801,0.03068
case.lis,53,T_OPO,A,1.2547836026873276,0.03233
case.lis,53,T_OPO,B,1.78992926684239,0.03082
case.lis,53,T_OPO,C,1.757369543030077,0.02946
case.lis,54,T_MAN,A,1.286083761548497,0.02515
case.lis,54,T_MAN,B,1.1439551993752053,0.03022
case.lis,54,T_MAN,C,1.2495597681869415,0.02732
case.lis,54,1_2LT,C,1.743896127869929,0.02732
case.lis,54,1_2LT,A,1.9941932248817416,0.02512
case.lis,54,1_2LT,B,1.3830185397197299,0.0314
case.lis,54,T_OPO,A,1.820676713082528,0.02528
case.lis,54,T_OPO,B,1.4412002449479486,0.02994
case.lis,54,T_OPO,C,1.8119355414148408,0.02747
case.lis,55,T_MAN,A,1.2504887421567845,0.02518
case.lis,55,T_MAN,B,1.399850528501824,0.02122
case.lis,55,T_MAN,C,1.2645957027609895,0.02055
case.lis,55,1_2LT,C,1.860554061609734,0.02051
case.lis,55,1_2LT,A,1.5841271066854816,0.02381
case.lis,55,1_2LT,B,1.9149638435528102,0.02133
case.lis,55,T_OPO,A,1.6286145353532664,0.0252
case.lis,55,T_OPO,B,1.8354387408255455,0.02148
case.lis,55,T_OPO,C,1.7790982188024176,0.02065
case.lis,56,T_MAN,A,1.1420346920844537,0.03365
case.lis,56,T_MAN,B,1.2417849250512527,0.03107
case.lis,56,T_MAN,C,1.2935500057687017,0.02708
case.lis,56,1_2LT,C,1.8436534874020432,0.0272
case.lis,56,1_2LT,A,1.4111281716765622,0.0335
case.lis,56,1_2LT,B,1.7780568350240065,0.02967
case.lis,56,T_OPO,A,1.5550220541902962,0.03351
case.lis,56,T_OPO,B,1.7599430229771826,0.02977
case.lis,56,T_OPO,C,1.7573169768453187,0.02734
case.lis,57,T_MAN,A,1.2084852276862181,0.04166
case.lis,57,T_MAN,B,1.2396981282781756,0.03868
case.lis,57,T_MAN,C,1.499046744233517,0.03588
case.lis,57,1_2LT,C,1.8886511887962938,0.03582
case.lis,57,1_2LT,A,1.433560620179806,0.04302
case.lis,57,1_2LT,B,1.2739889240927607,0.04725
case.lis,57,T_OPO,A,1.5952974431339138,0.04286
case.lis,57,T_OPO,B,1.4180071354402408,0.0474
case.lis,57,T_OPO,C,1.7801703098236552,0.03558
case.lis,58,T_MAN,A,1.175564853519352,0.03281
case.lis,58,T_MAN,B,1.365546828545311,0.0301
case.lis,58,T_MAN,C,1.3783734568722987,0.02865
case.lis,58,1_2LT,C,2.009055583659487,0.02876
case.lis,58,1_2LT,A,1.2959805017882975,0.03289
case.lis,58,1_2LT,B,1.8417353142167434,0.03008
case.lis,58,T_OPO,A,1.4430690025471036,0.03306
case.lis,58,T_OPO,B,1.7644852099363668,0.03142
case.lis,58,T_OPO,C,1.8082058627758992,0.02889
case.lis,59,T_MAN,A,1.5157555579222024,0.03353
case.lis,59,T_MAN,B,1.1596106481358217,0.03792
case.lis,59,T_MAN,C,1.2087265369152533,0.03499
case.lis,59,1_2LT,C,1.4739977990184332,0.03497
case.lis,59,1_2LT,A,2.136716543748946,0.03365
case.lis,59,1_2LT,B,1.4677496738464815,0.03311
case.lis,59,T_OPO,A,1.8504083619549685,0.03379
case.lis,59,T_OPO,B,1.714760421381471,0.03329
case.lis,59,T_OPO,C,1.7420470016063616,0.03479
case.lis,60,T_MAN,A,1.2688383521038011,0.03429
case.lis,60,T_MAN,B,1.274270694107937,0.03805
case.lis,60,T_MAN,C,1.3644981673278487,0.03524
case.lis,60,1_2LT,C,1.8104647798574687,0.03532
case.lis,60,1_2LT,A,1.8786435474852898,0.03442
case.lis,60,1_2LT,B,1.4773105868988345,0.03939
case.lis,60,T_OPO,A,1.7827925219876282,0.03457
case.lis,60,T_OPO,B,1.5282764273099214,0.03922
case.lis,60,T_OPO,C,1.8110917046069739,0.03546
case.lis,61,T_MAN,A,1.1550750729962636,0.03297
case.lis,61,T_MAN,B,1.291889027929391,0.03018
case.lis,61,T_MAN,C,1.4818306930429457,0.0273
case.lis,61,1_2LT,C,1.9225154290582818,0.02738
case.lis,61,1_2LT,A,1.6972477080504451,0.0271
case.lis,61,1_2LT,B,1.5643413473912158,0.03022
case.lis,61,T_OPO,A,1.770646360836728,0.027
case.lis,61,T_OPO,B,1.775163431756259,0.03001
case.lis,61,T_OPO,C,1.7493746993618928,0.02725
case.lis,62,T_MAN,A,1.547236250521402,0.03308
case.lis,62,T_MAN,B,1.1648986394738945,0.03872
case.lis,62,T_MAN,C,1.1664146187775677,0.03582
case.lis,62,1_2LT,C,1.4560225245613567,0.03566
case.lis,62,1_2LT,A,2.0212557132334017,0.03313
case.lis,62,1_2LT,B,1.6234298037753936,0.0328
case.lis,62,T_OPO,A,1.8071772766403082,0.03328
case.lis,62,T_OPO,B,1.7788373847369028,0.03277
case.lis,62,T_OPO,C,1.750178119758247,0.03572
case.lis,63,T_MAN,A,1.4061082119687247,0.03225
case.lis,63,T_MAN,B,1.2217204930908703,0.03179
case.lis,63,T_MAN,C,1.2363297744881385,0.03483
case.lis,63,1_2LT,C,1.6624472607541911,0.03484
case.lis,63,1_2LT,A,1.698710073928131,0.03238
case.lis,63,1_2LT,B,1.9160283820123005,0.03176
case.lis,63,T_OPO,A,1.7944021583819236,0.03245
case.lis,63,T_OPO,B,1.8113131340025026,0.0319
case.lis,63,T_OPO,C,1.678105114619665,0.03487
case.lis,64,T_MAN,A,1.1690277873922805,0.03374
case.lis,64,T_MAN,B,1.62599696477542,0.03079
case.lis,64,T_MAN,C,1.1615277297052637,0.03549
case.lis,64,1_2LT,C,1.7528455851682243,0.02958
case.lis,64,1_2LT,A,1.4701611597752868,0.03272
case.lis,64,1_2LT,B,1.8328795583836985,0.03089
case.lis,64,T_OPO,A,1.655704376225849,0.03256
case.lis,64,T_OPO,B,1.8009956779111975,0.03103
case.lis,64,T_OPO,C,1.74151758566522,0.02972
case.lis,65,T_MAN,A,1.5458129609414522,0.03289
case.lis,65,T_MAN,B,1.1523099745289633,0.03839
case.lis,65,T_MAN,C,1.1960588230073574,0.03563
case.lis,65,1_2LT,C,1.522179415497395,0.03548
case.lis,65,1_2LT,A,2.0267020598702485,0.03294
case.lis,65,1_2LT,B,1.8188739494306736,0.0324
case.lis,65,T_OPO,A,1.83720838325479,0.03307
case.lis,65,T_OPO,B,1.795898541849712,0.03258
case.lis,65,T_OPO,C,1.7381935976286198,0.03553
case.lis,66,T_MAN,A,1.1977126387816501,0.03414
case.lis,66,T_MAN,B,1.557010925033503,0.03019
case.lis,66,T_MAN,C,1.2000433362620588,0.02913
case.lis,66,1_2LT,C,1.7888794341347392,0.02926
case.lis,66,1_2LT,A,1.410912528732572,0.03376
case.lis,66,1_2LT,B,2.0991285710482175,0.03029
case.lis,66,T_OPO,A,1.7309670207762011,0.03391
case.lis,66,T_OPO,B,1.8605582328248,0.03042
case.lis,66,T_OPO,C,1.7568965627412871,0.02925
case.lis,67,T_MAN,A,1.1868225103614758,0.0252
case.lis,67,T_MAN,B,1.19133249909032,0.02138
case.lis,67,T_MAN,C,1.1135300993104182,0.02802
case.lis,67,1_2LT,C,1.631861604409063,0.02198
case.lis,67,1_2LT,A,1.7044451840215837,0.02371
case.lis,67,1_2LT,B,1.8407869840340088,0.02134
case.lis,67,T_OPO,A,1.7626278654916265,0.02371
case.lis,67,T_OPO,B,1.7710791110874446,0.02148
case.lis,67,T_OPO,C,1.7177606787543154,0.02195
case.lis,68,T_MAN,A,1.1614968449639234,0.04137
case.lis,68,T_MAN,B,1.2369055441660677,0.0384
case.lis,68,T_MAN,C,1.5226534252775632,0.0368
case.lis,68,1_2LT,C,1.8186582887368317,0.03691
case.lis,68,1_2LT,A,1.3355394623570027,0.04012
case.lis,68,1_2LT,B,1.456780230215572,0.03974
case.lis,68,T_OPO,A,1.4418778455230437,0.04124
case.lis,68,T_OPO,B,1.6881446879132387,0.03957
case.lis,68,T_OPO,C,1.7736106747605989,0.03704
case.lis,69,T_MAN,A,1.329861906156536,0.02608
case.lis,69,T_MAN,B,1.2562739512056587,0.0294
case.lis,69,T_MAN,C,1.5345403054749416,0.02699
case.lis,69,1_2LT,C,1.9659631868083105,0.02706
case.lis,69,1_2LT,A,1.8548771266540642,0.02621
case.lis,69,1_2LT,B,1.6997209723368567,0.0295
case.lis,69,T_OPO,A,1.7504488937405147,0.02633
case.lis,69,T_OPO,B,1.7550688250485904,0.02811
case.lis,69,T_OPO,C,1.8408663436193722,0.0272
case.lis,70,T_MAN,A,1.4088661572459331,0.03301
case.lis,70,T_MAN,B,1.2228867470734932,0.0317
case.lis,70,T_MAN,C,1.127355538397366,0.03648
case.lis,70,1_2LT,C,1.3470709195310488,0.03641
case.lis,70,1_2LT,A,1.856394179823744,0.03307
case.lis,70,1_2LT,B,1.853242986589987,0.03183
case.lis,70,T_OPO,A,1.7982422588460822,0.03282
case.lis,70,T_OPO,B,1.7801575299306869,0.03197
case.lis,70,T_OPO,C,1.5291701057003646,0.035
case.lis,71,T_MAN,A,1.6273854468968822,0.0253
case.lis,71,T_MAN,B,1.3101748094109713,0.02252
case.lis,71,T_MAN,C,1.2092289198327966,0.02673
case.lis,71,1_2LT,C,1.5050153269966364,0.02673
case.lis,71,1_2LT,A,1.8877302377592589,0.02542
case.lis,71,1_2LT,B,1.9058087009771294,0.02265
case.lis,71,T_OPO,A,1.8137248063047473,0.0252
case.lis,71,T_OPO,B,1.8022976738819811,0.02279
case.lis,71,T_OPO,C,1.6442266123521214,0.02681
case.lis,72,T_MAN,A,1.217230117947762,0.03271
case.lis,72,T_MAN,B,1.477435146480648,0.03128
case.lis,72,T_MAN,C,1.2180219565661137,0.03603
case.lis,72,1_2LT,C,1.3751746141626062,0.03612
case.lis,72,1_2LT,A,1.5302578964651172,0.03264
case.lis,72,1_2LT,B,1.7967080238203006,0.0314
case.lis,72,T_OPO,A,1.7344626942499357,0.03404
case.lis,72,T_OPO,B,1.7792293014546003,0.03152
case.lis,72,T_OPO,C,1.5663532042919142,0.0347
case.lis,73,T_MAN,A,1.2900556457839667,0.02481
case.lis,73,T_MAN,B,1.1486424913691347,0.02979
case.lis,73,T_MAN,C,1.191339146409649,0.02833
case.lis,73,1_2LT,C,1.328003230472945,0.03451
case.lis,73,1_2LT,A,1.7377051217196056,0.02378
case.lis,73,1_2LT,B,1.5914412879292135,0.02491
case.lis,73,T_OPO,A,1.7470548559155816,0.02393
case.lis,73,T_OPO,B,1.7340070644408354,0.02475
case.lis,73,T_OPO,C,1.4301196428729908,0.02581
case.lis,74,T_MAN,A,1.5012735252092264,0.03251
case.lis,74,T_MAN,B,1.2639021894441633,0.03831
case.lis,74,T_MAN,C,1.2491999254506243,0.03548
case.lis,74,1_2LT,C,1.3906504433025375,0.03538
case.lis,74,1_2LT,A,1.7200318787330158,0.03256
case.lis,74,1_2LT,B,1.7893580766261084,0.03238
case.lis,74,T_OPO,A,1.7377248240545986,0.03251
case.lis,74,T_OPO,B,1.7888673819856757,0.0322
case.lis,74,T_OPO,C,1.5287804077140854,0.03524
case.lis,75,T_MAN,A,1.5970340885895082,0.02534
case.lis,75,T_MAN,B,1.2790097180436113,0.02298
case.lis,75,T_MAN,C,1.3744529762063245,0.02678
case.lis,75,1_2LT,C,1.3676861205037407,0.02677
case.lis,75,1_2LT,A,2.076587147332641,0.02544
case.lis,75,1_2LT,B,1.8828557735828964,0.02311
case.lis,75,T_OPO,A,1.8346182450721975,0.02559
case.lis,75,T_OPO,B,1.7943423680076678,0.02325
case.lis,75,T_OPO,C,1.4787163396256555,0.02951
case.lis,76,T_MAN,A,1.1338171942809978,0.04228
case.lis,76,T_MAN,B,1.1026874073679633,0.03948
case.lis,76,T_MAN,C,1.4130634468436327,0.03552
case.lis,76,1_2LT,C,2.117130914028595,0.03557
case.lis,76,1_2LT,A,1.9563111193943752,0.03504
case.lis,76,1_2LT,B,1.4800682038037931,0.03949
case.lis,76,T_OPO,A,1.8096552180125491,0.03521
case.lis,76,T_OPO,B,1.6462859146054651,0.03968
case.lis,76,T_OPO,C,1.8366665779174098,0.03572
case.lis,77,T_MAN,A,1.2100262520301392,0.0327
case.lis,77,T_MAN,B,1.5372373243874082,0.03007
case.lis,77,T_MAN,C,1.1892394366197183,0.02998
case.lis,77,1_2LT,C,1.5006920400791643,0.03003
case.lis,77,1_2LT,A,1.448970739370058,0.03137
case.lis,77,1_2LT,B,1.896795619336688,0.03004
case.lis,77,T_OPO,A,1.6373366703053862,0.03159
case.lis,77,T_OPO,B,1.7819841671326002,0.03018
case.lis,77,T_OPO,C,1.6122830923791014,0.03016
case.lis,78,T_MAN,A,1.225445503518908,0.03412
case.lis,78,T_MAN,B,1.3635252979756294,0.03167
case.lis,78,T_MAN,C,1.140574385189524,0.03642
case.lis,78,1_2LT,C,1.4743694809055974,0.03656
case.lis,78,1_2LT,A,1.5579153332090843,0.03275
case.lis,78,1_2LT,B,1.8820031594735394,0.03178
case.lis,78,T_OPO,A,1.700351393807077,0.03277
case.lis,78,T_OPO,B,1.8052558197325097,0.03192
case.lis,78,T_OPO,C,1.5172646591584795,0.03672
case.lis,79,T_MAN,A,1.3862240741233793,0.02444
case.lis,79,T_MAN,B,1.5275086663649193,0.02303
case.lis,79,T_MAN,C,1.1847873390310355,0.02828
case.lis,79,1_2LT,C,1.2653921297159136,0.02822
case.lis,79,1_2LT,A,1.6670836994240172,0.02436
case.lis,79,1_2LT,B,1.8450981566779379,0.02291
case.lis,79,T_OPO,A,1.6656790649378312,0.02568
case.lis,79,T_OPO,B,1.8112824267596759,0.02296
case.lis,79,T_OPO,C,1.2819749460848264,0.02707
case.lis,80,T_MAN,A,1.2870568971484864,0.02458
case.lis,80,T_MAN,B,1.2658864453260206,0.02144
case.lis,80,T_MAN,C,1.2350583171365939,0.02718
case.lis,80,1_2LT,C,1.7279845665042555,0.02588
case.lis,80,1_2LT,A,1.3854583455363563,0.0246
case.lis,80,1_2LT,B,1.851664705308093,0.0214
case.lis,80,T_OPO,A,1.6552422410962309,0.02344
case.lis,80,T_OPO,B,1.774206732518615,0.02154
case.lis,80,T_OPO,C,1.743473335285817,0.02604
case.lis,81,T_MAN,A,1.4911798326189019,0.02356
case.lis,81,T_MAN,B,1.489485937680272,0.02264
case.lis,81,T_MAN,C,1.283846889782298,0.02752
case.lis,81,1_2LT,C,1.655657063997089,0.02753
case.lis,81,1_2LT,A,1.9063663391819095,0.02365
case.lis,81,1_2LT,B,1.8691998988258474,0.02275
case.lis,81,T_OPO,A,1.7797466208720503,0.02379
case.lis,81,T_OPO,B,1.8277506500883054,0.02268
case.lis,81,T_OPO,C,1.6939931219326039,0.0277
case.lis,82,T_MAN,A,1.108010570036476,0.03378
case.lis,82,T_MAN,B,1.5256177392014343,0.03026
case.lis,82,T_MAN,C,1.1740242995464911,0.02939
case.lis,82,1_2LT,C,1.804002902100695,0.02935
case.lis,82,1_2LT,A,1.3998547973410724,0.03371
case.lis,82,1_2LT,B,1.9550054580792886,0.03036
case.lis,82,T_OPO,A,1.4112344222867133,0.03353
case.lis,82,T_OPO,B,1.8568412364546445,0.03031
case.lis,82,T_OPO,C,1.7556769349556698,0.02949
case.lis,83,T_MAN,A,1.5645393469829691,0.02468
case.lis,83,T_MAN,B,1.2240748954977503,0.02336
case.lis,83,T_MAN,C,1.156219876283536,0.02779
case.lis,83,1_2LT,C,1.2556514550440638,0.02815
case.lis,83,1_2LT,A,1.8627253121755105,0.02465
case.lis,83,1_2LT,B,1.853820824125598,0.02349
case.lis,83,T_OPO,A,1.790194893367768,0.02467
case.lis,83,T_OPO,B,1.780457697666782,0.02363
case.lis,83,T_OPO,C,1.407742964402673,0.02663
case.lis,84,T_MAN,A,1.2196612440870807,0.02458
case.lis,84,T_MAN,B,1.2534992056941523,0.0305
case.lis,84,T_MAN,C,1.2123634903307685,0.02765
case.lis,84,1_2LT,C,1.4371213912333485,0.02759
case.lis,84,1_2LT,A,1.6319954382882045,0.02342
case.lis,84,1_2LT,B,1.586383450038606,0.02457
case.lis,84,T_OPO,A,1.69243048714467,0.02356
case.lis,84,T_OPO,B,1.7520867612733744,0.02438
case.lis,84,T_OPO,C,1.5157691631832582,0.02742
case.lis,85,T_MAN,A,1.3447177329889863,0.02676
case.lis,85,T_MAN,B,1.1229893412142673,0.03005
case.lis,85,T_MAN,C,1.2237120352867046,0.02817
case.lis,85,1_2LT,C,1.4125176122899972,0.0272
case.lis,85,1_2LT,A,1.8675183045341994,0.02687
case.lis,85,1_2LT,B,1.4290889001304614,0.02996
case.lis,85,T_OPO,A,1.7866796240581486,0.02701
case.lis,85,T_OPO,B,1.6352605234431161,0.0313
case.lis,85,T_OPO,C,1.4100121320233943,0.02592
case.lis,86,T_MAN,A,1.5057978114433292,0.02554
case.lis,86,T_MAN,B,1.1787470379935567,0.02996
case.lis,86,T_MAN,C,1.2144473850031505,0.02699
case.lis,86,1_2LT,C,1.5513933455807307,0.02698
case.lis,86,1_2LT,A,2.0185481509092362,0.02566
case.lis,86,1_2LT,B,1.4013074540500723,0.02881
case.lis,86,T_OPO,A,1.829123246092814,0.0258
case.lis,86,T_OPO,B,1.5050411175306408,0.0253
case.lis,86,T_OPO,C,1.7422142939552883,0.02831
case.lis,87,T_MAN,A,1.411083273427585,0.02647
case.lis,87,T_MAN,B,1.210763509855605,0.03104
case.lis,87,T_MAN,C,1.5400608731151877,0.02654
case.lis,87,1_2LT,C,1.7929945862953396,0.02776
case.lis,87,1_2LT,A,1.7603145273658332,0.02659
case.lis,87,1_2LT,B,1.234331496223719,0.03118
case.lis,87,T_OPO,A,1.7354036759942135,0.02643
case.lis,87,T_OPO,B,1.3584019808834102,0.03089
case.lis,87,T_OPO,C,1.780640290387568,0.02775
case.lis,88,T_MAN,A,1.2039769429431029,0.02671
case.lis,88,T_MAN,B,1.2339686892622275,0.02986
case.lis,88,T_MAN,C,1.4309392955084,0.02697
case.lis,88,1_2LT,C,1.7002977626312379,0.02816
case.lis,88,1_2LT,A,1.8208684114770537,0.02683
case.lis,88,1_2LT,B,1.6288144874286676,0.02986
case.lis,88,T_OPO,A,1.790371415639394,0.02666
case.lis,88,T_OPO,B,1.7205499791439247,0.02967
case.lis,88,T_OPO,C,1.7445393824826718,0.02696
case.lis,89,T_MAN,A,1.2255769234182665,0.03363
case.lis,89,T_MAN,B,1.5804298126503191,0.02999
case.lis,89,T_MAN,C,1.1940221518144787,0.02911
case.lis,89,1_2LT,C,1.8506031488236285,0.02906
case.lis,89,1_2LT,A,1.4151721203084924,0.03243
case.lis,89,1_2LT,B,2.005456748049735,0.03008
case.lis,89,T_OPO,A,1.6465779174099415,0.03386
case.lis,89,T_OPO,B,1.8690652928281726,0.03023
case.lis,89,T_OPO,C,1.782942801104041,0.02931
case.lis,90,T_MAN,A,1.624672133620881,0.03358
case.lis,90,T_MAN,B,1.251889054554168,0.03951
case.lis,90,T_MAN,C,1.3056091305235318,0.03535
case.lis,90,1_2LT,C,1.3864455922681647,0.03528
case.lis,90,1_2LT,A,1.8114800891042537,0.03369
case.lis,90,1_2LT,B,1.732083033804592,0.03228
case.lis,90,T_OPO,A,1.845019409462446,0.03344
case.lis,90,T_OPO,B,1.7354276382935292,0.03242
case.lis,90,T_OPO,C,1.5113453499826939,0.03687
case.lis,91,T_MAN,A,1.1551752354074034,0.02676
case.lis,91,T_MAN,B,1.1858205312530508,0.02969
case.lis,91,T_MAN,C,1.5511516281051145,0.02719
case.lis,91,1_2LT,C,1.9145240199863327,0.02724
case.lis,91,1_2LT,A,1.9448371894885381,0.0267
case.lis,91,1_2LT,B,1.718672133620881,0.02968
case.lis,91,T_OPO,A,1.8193438767450323,0.02687
case.lis,91,T_OPO,B,1.7885193961500572,0.02983
case.lis,91,T_OPO,C,1.8189970446497512,0.02738
case.lis,92,T_MAN,A,1.1745126334566949,0.04229
case.lis,92,T_MAN,B,1.1365841298579125,0.0385
case.lis,92,T_MAN,C,1.254055929781588,0.03758
case.lis,92,1_2LT,C,1.7856550138892586,0.03756
case.lis,92,1_2LT,A,1.4301197227473221,0.04216
case.lis,92,1_2LT,B,1.4646790915626082,0.03799
case.lis,92,T_OPO,A,1.5993434329987486,0.04202
case.lis,92,T_OPO,B,1.6113172519680148,0.03816
case.lis,92,T_OPO,C,1.8085270285861355,0.03766
case.lis,93,T_MAN,A,1.2294950256041604,0.03337
case.lis,93,T_MAN,B,1.1697079173211924,0.03896
case.lis,93,T_MAN,C,1.254347648588443,0.03611
case.lis,93,1_2LT,C,1.5605767814194555,0.03617
case.lis,93,1_2LT,A,1.7224928601222966,0.03208
case.lis,93,1_2LT,B,1.7102137082101938,0.03304
case.lis,93,T_OPO,A,1.7448224304871445,0.03223
case.lis,93,T_OPO,B,1.7303093799089433,0.03284
case.lis,93,T_OPO,C,1.646223896624866,0.03757
case.lis,94,T_MAN,A,1.2341028781383956,0.04144
case.lis,94,T_MAN,B,1.2588593146782396,0.03748
case.lis,94,T_MAN,C,1.2540481198469964,0.03687
case.lis,94,1_2LT,C,1.9277408876700657,0.037
case.lis,94,1_2LT,A,1.5985984717377992,0.04146
case.lis,94,1_2LT,B,1.6604043593634905,0.03742
case.lis,94,T_OPO,A,1.7422941682863406,0.04162
case.lis,94,T_OPO,B,1.8028633793941975,0.03758
case.lis,94,T_OPO,C,1.800875156420565,0.03714
case.lis,95,T_MAN,A,1.29788993317181,0.03406
case.lis,95,T_MAN,B,1.2209937076776982,0.03864
case.lis,95,T_MAN,C,1.4743046051989315,0.0358
case.lis,95,1_2LT,C,2.0409060411619055,0.03591
case.lis,95,1_2LT,A,1.8947953708387693,0.03419
case.lis,95,1_2LT,B,1.5268737719321601,0.03727
case.lis,95,T_OPO,A,1.790162704012354,0.03434
case.lis,95,T_OPO,B,1.7610851992864558,0.03857
case.lis,95,T_OPO,C,1.82519050027956,0.03606
case.lis,96,T_MAN,A,1.148235842274821,0.04167
case.lis,96,T_MAN,B,1.2500190367155675,0.03941
case.lis,96,T_MAN,C,1.4874191716144376,0.03692
case.lis,96,1_2LT,C,2.0730166759853383,0.03703
case.lis,96,1_2LT,A,1.4335326641639377,0.04031
case.lis,96,1_2LT,B,1.5677829281929763,0.03827
case.lis,96,T_OPO,A,1.6377375151983102,0.03884
case.lis,96,T_OPO,B,1.7684605287680715,0.03967
case.lis,96,T_OPO,C,1.8254082022063065,0.03717
case.lis,97,T_MAN,A,1.1833012061023989,0.04133
case.lis,97,T_MAN,B,1.2572964668920898,0.03866
case.lis,97,T_MAN,C,1.1910375675603717,0.03616
case.lis,97,1_2LT,C,1.6820914649839807,0.0348
case.lis,97,1_2LT,A,1.7832980732536365,0.03548
case.lis,97,1_2LT,B,1.7598412187047932,0.03862
case.lis,97,T_OPO,A,1.7655593599403605,0.03564
case.lis,97,T_OPO,B,1.7649259476201886,0.03878
case.lis,97,T_OPO,C,1.7559724699805639,0.03633
case.lis,98,T_MAN,A,1.254215003949342,0.03249
case.lis,98,T_MAN,B,1.1803760306007438,0.03125
case.lis,98,T_MAN,C,1.4208584626853749,0.028
case.lis,98,1_2LT,C,1.834027672018247,0.02789
case.lis,98,1_2LT,A,1.6544340814895675,0.03253
case.lis,98,1_2LT,B,1.4682560771053543,0.02863
case.lis,98,T_OPO,A,1.7311859119429873,0.03373
case.lis,98,T_OPO,B,1.7354947327316133,0.02993
case.lis,98,T_OPO,C,1.7515835973623721,0.02771
case.lis,99,T_MAN,A,1.315739121559857,0.0341
case.lis,99,T_MAN,B,1.1451334167576346,0.03829
case.lis,99,T_MAN,C,1.2724398058166264,0.03573
case.lis,99,1_2LT,C,1.4681142557931077,0.03675
case.lis,99,1_2LT,A,1.9007456091305235,0.03422
case.lis,99,1_2LT,B,1.296109365709062,0.03845
case.lis,99,T_OPO,A,1.8185590315681108,0.03401
case.lis,99,T_OPO,B,1.435069313169502,0.03854
case.lis,99,T_OPO,C,1.6688330360233234,0.03562
case.lis,100,T_MAN,A,1.2110008608677902,0.03298
case.lis,100,T_MAN,B,1.4139425969807502,0.03202
case.lis,100,T_MAN,C,1.221184980075792,0.03522
case.lis,100,1_2LT,C,1.698564392023217,0.03536
case.lis,100,1_2LT,A,1.51262586863335,0.03161
case.lis,100,1_2LT,B,1.7870063988214098,0.03206
case.lis,100,T_OPO,A,1.770394233073298,0.03179
case.lis,100,T_OPO,B,1.7526590164807367,0.0322
case.lis,100,T_OPO,C,1.7855699921013162,0.03409
case.lis,101,T_MAN,A,1.4668360889977548,0.03421
case.lis,101,T_MAN,B,1.1013089272877339,0.03822
case.lis,101,T_MAN,C,1.2582534146276525,0.03565
case.lis,101,1_2LT,C,1.595620667926906,0.03549
case.lis,101,1_2LT,A,1.8797583712736408,0.03416
case.lis,101,1_2LT,B,1.2615575139558206,0.03862
case.lis,101,T_OPO,A,1.810421248347045,0.03391
case.lis,101,T_OPO,B,1.4108562350790312,0.03848
case.lis,101,T_OPO,C,1.6846339536906378,0.03683
case.lis,102,T_MAN,A,1.177716463874615,0.03271
case.lis,102,T_MAN,B,1.4929898737098077,0.03149
case.lis,102,T_MAN,C,1.2233704305226443,0.03628
case.lis,102,1_2LT,C,1.462245001198115,0.03629
case.lis,102,1_2LT,A,1.5729347870461585,0.0314
case.lis,102,1_2LT,B,1.7320622664785181,0.03161
case.lis,102,T_OPO,A,1.7811964731045378,0.03274
case.lis,102,T_OPO,B,1.7533028923382767,0.03151
case.lis,102,T_OPO,C,1.652262396052433,0.03492
case.lis,103,T_MAN,A,1.148429759400765,0.02577
case.lis,103,T_MAN,B,1.36094899580216,0.02177
case.lis,103,T_MAN,C,1.152565199641453,0.02787
case.lis,103,1_2LT,C,1.306404909608882,0.02646
case.lis,103,1_2LT,A,1.5150380290565066,0.02441
case.lis,103,1_2LT,B,1.8731216574811185,0.02188
case.lis,103,T_OPO,A,1.6721135635489053,0.02456
case.lis,103,T_OPO,B,1.7813234644159857,0.02202
case.lis,103,T_OPO,C,1.3462617215580819,0.0278
case.lis,104,T_MAN,A,1.2752446107013853,0.0332
case.lis,104,T_MAN,B,1.3412002449479488,0.02958
case.lis,104,T_MAN,C,1.463081400818268,0.02856
case.lis,104,1_2LT,C,1.8532297274510328,0.02868
case.lis,104,1_2LT,A,1.5672734897095235,0.03188
case.lis,104,1_2LT,B,1.976497776831119,0.02968
case.lis,104,T_OPO,A,1.7399112418683493,0.03203
case.lis,104,T_OPO,B,1.8082381497554958,0.02983
case.lis,104,T_OPO,C,1.7724115303034336,0.02881
case.lis,105,T_MAN,A,1.3601827347195967,0.02504
case.lis,105,T_MAN,B,1.1542631592960408,0.03116
case.lis,105,T_MAN,C,1.2456898213477463,0.02733
case.lis,105,1_2LT,C,1.5842955971493737,0.02747
case.lis,105,1_2LT,A,1.7055976818694143,0.02519
case.lis,105,1_2LT,B,1.7722836958740469,0.02424
case.lis,105,T_OPO,A,1.7560611304880323,0.0253
case.lis,105,T_OPO,B,1.7830135875112045,0.02438
case.lis,105,T_OPO,C,1.6765948951427532,0.02734
case.lis,106,T_MAN,A,1.2181612041499152,0.02465
case.lis,106,T_MAN,B,1.2780296156269693,0.0237
case.lis,106,T_MAN,C,1.1281881839239596,0.02829
case.lis,106,1_2LT,C,1.461231591185424,0.0271
case.lis,106,1_2LT,A,1.8144388828243563,0.02472
case.lis,106,1_2LT,B,1.8720657454493819,0.0238
case.lis,106,T_OPO,A,1.805273835831625,0.0249
case.lis,106,T_OPO,B,1.8002363836452868,0.02395
case.lis,106,T_OPO,C,1.626624111398067,0.02707
case.lis,107,T_MAN,A,1.3033617774701136,0.03264
case.lis,107,T_MAN,B,1.123835210380113,0.03001
case.lis,107,T_MAN,C,1.3288660329969737,0.02804
case.lis,107,1_2LT,C,1.741518535282267,0.0266
case.lis,107,1_2LT,A,1.624116545523931,0.03262
case.lis,107,1_2LT,B,1.3040826433078623,0.0302
case.lis,107,T_OPO,A,1.6468328141501816,0.03251
case.lis,107,T_OPO,B,1.411446967881644,0.03005
case.lis,107,T_OPO,C,1.7462342802879025,0.02675
case.lis,108,T_MAN,A,1.2196572769953051,0.03243
case.lis,108,T_MAN,B,1.2986369889152178,0.03084
case.lis,108,T_MAN,C,1.408082838556227,0.02927
case.lis,108,1_2LT,C,1.780776192124391,0.02935
case.lis,108,1_2LT,A,1.5471654552393124,0.03255
case.lis,108,1_2LT,B,1.5110373013126015,0.02966
case.lis,108,T_OPO,A,1.7213119980120166,0.03243
case.lis,108,T_OPO,B,1.7054779591220925,0.02949
case.lis,108,T_OPO,C,1.785324884404093,0.02906
case.lis,109,T_MAN,A,1.242351411556928,0.02479
case.lis,109,T_MAN,B,1.4772703213610587,0.02339
case.lis,109,T_MAN,C,1.1782403862367654,0.02817
case.lis,109,1_2LT,C,1.3367338409790819,0.02826
case.lis,109,1_2LT,A,1.4654314545115685,0.02481
case.lis,109,1_2LT,B,1.8025889755673297,0.02349
case.lis,109,T_OPO,A,1.6534992056941522,0.02464
case.lis,109,T_OPO,B,1.7749717866112873,0.02363
case.lis,109,T_OPO,C,1.473291044312504,0.02676
case.lis,110,T_MAN,A,1.1464514497191087,0.04144
case.lis,110,T_MAN,B,1.2055623774150892,0.03915
case.lis,110,T_MAN,C,1.2320648402069632,0.03531
case.lis,110,1_2LT,C,1.8455120388366748,0.03529
case.lis,110,1_2LT,A,1.6127114317917588,0.03594
case.lis,110,1_2LT,B,1.6926072667891408,0.03915
case.lis,110,T_OPO,A,1.666196845851416,0.03583
case.lis,110,T_OPO,B,1.7207650185929695,0.03915
case.lis,110,T_OPO,C,1.7661094100836905,0.03543
case.lis,111,T_MAN,A,1.4477525670722506,0.03237
case.lis,111,T_MAN,B,1.1991607870284087,0.03229
case.lis,111,T_MAN,C,1.3166193633128322,0.03584
case.lis,111,1_2LT,C,1.6251526930961953,0.03591
case.lis,111,1_2LT,A,1.8496917560815427,0.03228
case.lis,111,1_2LT,B,1.6024909253884998,0.03242
case.lis,111,T_OPO,A,1.7991347213717086,0.03207
case.lis,111,T_OPO,B,1.6889797385446899,0.03241
case.lis,111,T_OPO,C,1.7540381799302431,0.03607
case.lis,112,T_MAN,A,1.2597385890643167,0.03354
case.lis,112,T_MAN,B,1.340089104253752,0.02994
case.lis,112,T_MAN,C,1.2270210424487693,0.03624
case.lis,112,1_2LT,C,1.6286504788022402,0.03484
case.lis,112,1_2LT,A,1.565619176939393,0.03232
case.lis,112,1_2LT,B,1.8647379678195195,0.03005
case.lis,112,T_OPO,A,1.7375051873940557,0.03377
case.lis,112,T_OPO,B,1.8242072472643043,0.03005
case.lis,112,T_OPO,C,1.749633110572699,0.03499
case.lis,113,T_MAN,A,1.2220667926906112,0.03382
case.lis,113,T_MAN,B,1.225642056497777,0.03002
case.lis,113,T_MAN,C,1.4891152675346344,0.02791
case.lis,113,1_2LT,C,1.8326071869148095,0.02788
case.lis,113,1_2LT,A,1.7089598587111834,0.02703
case.lis,113,1_2LT,B,1.5655344923986263,0.02988
case.lis,113,T_OPO,A,1.7143761370998518,0.02718
case.lis,113,T_OPO,B,1.7023791900742833,0.02858
case.lis,113,T_OPO,C,1.8351225804733884,0.02803
case.lis,114,T_MAN,A,1.098223239880366,0.04121
case.lis,114,T_MAN,B,1.2754916087577766,0.03906
case.lis,114,T_MAN,C,1.3217394854318096,0.03611
case.lis,114,1_2LT,C,1.8528718371983635,0.03623
case.lis,114,1_2LT,A,1.3765809348846705,0.04255
case.lis,114,1_2LT,B,1.4083627270871606,0.04027
case.lis,114,T_OPO,A,1.5464798494812606,0.04059
case.lis,114,T_OPO,B,1.656348704704598,0.03674
case.lis,114,T_OPO,C,1.8193507104378002,0.03623
case.lis,115,T_MAN,A,1.353577580162766,0.03473
case.lis,115,T_MAN,B,1.162939899003346,0.03912
case.lis,115,T_MAN,C,1.3192542399957399,0.03615
case.lis,115,1_2LT,C,1.6845347320216193,0.03619
case.lis,115,1_2LT,A,1.8912675080096204,0.03485
case.lis,115,1_2LT,B,1.5593090959113218,0.03795
case.lis,115,T_OPO,A,1.7534777106241737,0.035
case.lis,115,T_OPO,B,1.5760337158426296,0.0381
case.lis,115,T_OPO,C,1.769072570267224,0.036
case.lis,116,T_MAN,A,1.1912043274137578,0.03298
case.lis,116,T_MAN,B,1.1598339501406676,0.03075
case.lis,116,T_MAN,C,1.2934179646245463,0.02708
case.lis,116,1_2LT,C,1.8594647088580634,0.02704
case.lis,116,1_2LT,A,1.5901964819794634,0.03299
case.lis,116,1_2LT,B,1.7802940262875298,0.02911
case.lis,116,T_OPO,A,1.6465241531102177,0.03146
case.lis,116,T_OPO,B,1.7551123121843855,0.02907
case.lis,116,T_OPO,C,1.7700286571349966,0.02718
case.lis,117,T_MAN,A,1.315846756658413,0.0328
case.lis,117,T_MAN,B,1.5036218571669462,0.03141
case.lis,117,T_MAN,C,1.1457718966603654,0.03578
case.lis,117,1_2LT,C,1.2102535033769093,0.04355
case.lis,117,1_2LT,A,1.737121160485281,0.03282
case.lis,117,1_2LT,B,1.848619150314616,0.0314
case.lis,117,T_OPO,A,1.7408855134588248,0.03265
case.lis,117,T_OPO,B,1.758327431507761,0.03122
case.lis,117,T_OPO,C,1.3758464460360145,0.03603
case.lis,118,T_MAN,A,1.4110839834216389,0.02586
case.lis,118,T_MAN,B,1.1290272193970374,0.0306
case.lis,118,T_MAN,C,1.2185902890563292,0.02728
case.lis,118,1_2LT,C,1.4385559342190508,0.02849
case.lis,118,1_2LT,A,1.867455825057465,0.02598
case.lis,118,1_2LT,B,1.2926018619594062,0.03075
case.lis,118,T_OPO,A,1.7885152249349912,0.02611
case.lis,118,T_OPO,B,1.3570705645340222,0.0294
case.lis,118,T_OPO,C,1.6647377725711547,0.02712
case.lis,119,T_MAN,A,1.3226343441873674,0.0243
case.lis,119,T_MAN,B,1.2409689998846258,0.02326
case.lis,119,T_MAN,C,1.245903582807494,0.0268
case.lis,119,1_2LT,C,1.4133640583260116,0.02678
case.lis,119,1_2LT,A,1.8316204726785412,0.02426
case.lis,119,1_2LT,B,1.8622302155719446,0.02339
case.lis,119,T_OPO,A,1.8274662974697589,0.02439
case.lis,119,T_OPO,B,1.784722427824667,0.02353
case.lis,119,T_OPO,C,1.7353031585860468,0.0266
case.lis,120,T_MAN,A,1.2154448556493338,0.04076
case.lis,120,T_MAN,B,1.2341692182077975,0.03852
case.lis,120,T_MAN,C,1.3408376154849704,0.03616
case.lis,120,1_2LT,C,1.9054071372152257,0.03612
case.lis,120,1_2LT,A,1.520798299564241,0.04068
case.lis,120,1_2LT,B,1.586522706497333,0.03692
case.lis,120,T_OPO,A,1.7249688046362612,0.03925
case.lis,120,T_OPO,B,1.696328381124808,0.0384
case.lis,120,T_OPO,C,1.7915394446071515,0.03626
case.lis,121,T_MAN,A,1.324002680227553,0.02421
case.lis,121,T_MAN,B,1.3463114921412533,0.02145
case.lis,121,T_MAN,C,1.156643760483506,0.02824
case.lis,121,1_2LT,C,1.8690558854069597,0.02095
case.lis,121,1_2LT,A,1.7191214711076797,0.02558
case.lis,121,1_2LT,B,2.049378923826513,0.0215
case.lis,121,T_OPO,A,1.7289530250184153,0.02575
case.lis,121,T_OPO,B,1.8449739432182255,0.02163
case.lis,121,T_OPO,C,1.841198824959841,0.02113
case.lis,122,T_MAN,A,1.4334707171827434,0.02542
case.lis,122,T_MAN,B,1.1084996050658076,0.0308
case.lis,122,T_MAN,C,1.201095059328878,0.02785
case.lis,122,1_2LT,C,1.5784859820549002,0.02793
case.lis,122,1_2LT,A,1.8523207930633583,0.02554
case.lis,122,1_2LT,B,1.4024963302182345,0.02476
case.lis,122,T_OPO,A,1.8244718087986014,0.02568
case.lis,122,T_OPO,B,1.5533328008377931,0.03048
case.lis,122,T_OPO,C,1.7509987397605546,0.02668
case.lis,123,T_MAN,A,1.131050267579009,0.03294
case.lis,123,T_MAN,B,1.1838518952403774,0.03023
case.lis,123,T_MAN,C,1.1001934733796603,0.03607
case.lis,123,1_2LT,C,1.4996853838849098,0.03472
case.lis,123,1_2LT,A,1.2639625655635134,0.03432
case.lis,123,1_2LT,B,1.5573142699929887,0.03012
case.lis,123,T_OPO,A,1.4362208791501372,0.03438
case.lis,123,T_OPO,B,1.7016439024823167,0.03026
case.lis,123,T_OPO,C,1.6075119145877153,0.03473
case.lis,124,T_MAN,A,1.2019691685082137,0.03234
case.lis,124,T_MAN,B,1.2500208560753303,0.03111
case.lis,124,T_MAN,C,1.5426545612680493,0.02863
case.lis,124,1_2LT,C,1.8050865660250095,0.02874
case.lis,124,1_2LT,A,1.3526634273187963,0.03237
case.lis,124,1_2LT,B,1.4647851824240972,0.03118
case.lis,124,T_OPO,A,1.4649953850386503,0.03477
case.lis,124,T_OPO,B,1.5565979747419616,0.02987
case.lis,124,T_OPO,C,1.8082317686839373,0.02868
case.lis,125,T_MAN,A,1.3360686741748538,0.02414
case.lis,125,T_MAN,B,1.3228881493117495,0.02177
case.lis,125,T_MAN,C,1.1275924722880446,0.02819
case.lis,125,1_2LT,C,1.2971278965538664,0.02259
case.lis,125,1_2LT,A,1.8348737541823088,0.02424
case.lis,125,1_2LT,B,1.8709116856146328,0.02173
case.lis,125,T_OPO,A,1.759376891468534,0.02436
case.lis,125,T_OPO,B,1.7794199082332685,0.02186
case.lis,125,T_OPO,C,1.4237003115098912,0.02273
case.lis,126,T_MAN,A,1.4724988773219023,0.03392
case.lis,126,T_MAN,B,1.3117906050036832,0.0307
case.lis,126,T_MAN,C,1.1705441216929808,0.03535
case.lis,126,1_2LT,C,1.5496555641346506,0.03534
case.lis,126,1_2LT,A,1.8797072073271386,0.03403
case.lis,126,1_2LT,B,1.910303966204283,0.03083
case.lis,126,T_OPO,A,1.7775705245968567,0.03391
case.lis,126,T_OPO,B,1.8027058760882877,0.03097
case.lis,126,T_OPO,C,1.7433997177773635,0.03517
case.lis,127,T_MAN,A,1.4705174969159633,0.02577
case.lis,127,T_MAN,B,1.1778117095769323,0.03018
case.lis,127,T_MAN,C,1.1987968352015053,0.02721
case.lis,127,1_2LT,C,1.5139309885779706,0.02722
case.lis,127,1_2LT,A,2.0588161736645456,0.02588
case.lis,127,1_2LT,B,1.7193398120290742,0.02418
case.lis,127,T_OPO,A,1.8237900370084401,0.02604
case.lis,127,T_OPO,B,1.7385256440977306,0.02433
case.lis,127,T_OPO,C,1.7357430797767068,0.02703
case.lis,128,T_MAN,A,1.2072701616123964,0.02458
case.lis,128,T_MAN,B,1.5393227810467087,0.02247
case.lis,128,T_MAN,C,1.32018963941177,0.02723
case.lis,128,1_2LT,C,1.701447260754191,0.0258
case.lis,128,1_2LT,A,1.5093364218074674,0.02334
case.lis,128,1_2LT,B,1.8658331691472083,0.02258
case.lis,128,T_OPO,A,1.6921269646866708,0.02468
case.lis,128,T_OPO,B,1.7697527356958387,0.02265
case.lis,128,T_OPO,C,1.7771277013055016,0.02589
case.lis,129,T_MAN,A,1.5380297665007054,0.025
case.lis,129,T_MAN,B,1.2406737843570559,0.03092
case.lis,129,T_MAN,C,1.1980650088305511,0.02809
case.lis,129,1_2LT,C,1.5025161656771124,0.02694
case.lis,129,1_2LT,A,1.8879049850457503,0.0251
case.lis,129,1_2LT,B,1.653863965139292,0.02955
case.lis,129,T_OPO,A,1.7880810635710924,0.02524
case.lis,129,T_OPO,B,1.7086659211729103,0.02955
case.lis,129,T_OPO,C,1.6517428667784908,0.0283
case.lis,130,T_MAN,A,1.5096926613239616,0.02405
case.lis,130,T_MAN,B,1.2203545444056905,0.02366
case.lis,130,T_MAN,C,1.1331550183267216,0.02796
case.lis,130,1_2LT,C,1.356038375178608,0.02807
case.lis,130,1_2LT,A,2.016930873203937,0.0241
case.lis,130,1_2LT,B,1.7820215660693843,0.02377
case.lis,130,T_OPO,A,1.8042158559422066,0.02427
case.lis,130,T_OPO,B,1.8169894565883011,0.02371
case.lis,130,T_OPO,C,1.6142353541539087,0.02824
case.lis,131,T_MAN,A,1.2576934955669747,0.04177
case.lis,131,T_MAN,B,1.1639807769109933,0.03908
case.lis,131,T_MAN,C,1.2862278015921618,0.03583
case.lis,131,1_2LT,C,1.7579730557256583,0.03447
case.lis,131,1_2LT,A,1.7199591487171295,0.03452
case.lis,131,1_2LT,B,1.2851411113181928,0.03917
case.lis,131,T_OPO,A,1.7653147581139008,0.03442
case.lis,131,T_OPO,B,1.5125971582487996,0.03805
case.lis,131,T_OPO,C,1.7895970783744686,0.0358
case.lis,132,T_MAN,A,1.1475538929861462,0.02456
case.lis,132,T_MAN,B,1.45879458984531,0.02193
case.lis,132,T_MAN,C,1.4121292721673455,0.02064
case.lis,132,1_2LT,C,1.7752502285293361,0.02077
case.lis,132,1_2LT,A,1.2141902961562698,0.02537
case.lis,132,1_2LT,B,1.7912901923196392,0.02198
case.lis,132,T_OPO,A,1.2820622664785182,0.02558
case.lis,132,T_OPO,B,1.750724974928335,0.02212
case.lis,132,T_OPO,C,1.7489033254346493,0.02081
case.lis,133,T_MAN,A,1.2894641142380432,0.0331
case.lis,133,T_MAN,B,1.1802343335374565,0.03793
case.lis,133,T_MAN,C,1.189267818632019,0.03543
case.lis,133,1_2LT,C,1.3009681922663898,0.04399
case.lis,133,1_2LT,A,1.6407418372871125,0.03191
case.lis,133,1_2LT,B,1.5463691791581244,0.03317
case.lis,133,T_OPO,A,1.7278273649458187,0.03206
case.lis,133,T_OPO,B,1.7429653789149515,0.03654
case.lis,133,T_OPO,C,1.48676304835947,0.03532
case.lis,134,T_MAN,A,1.1410690912963604,0.03256
case.lis,134,T_MAN,B,1.5906427221172024,0.03114
case.lis,134,T_MAN,C,1.1880375764352975,0.0359
case.lis,134,1_2LT,C,1.4695669036271823,0.03598
case.lis,134,1_2LT,A,1.230390603228698,0.03249
case.lis,134,1_2LT,B,1.9100181935976286,0.03125
case.lis,134,T_OPO,A,1.348468809073724,0.03388
case.lis,134,T_OPO,B,1.8028408637077666,0.03138
case.lis,134,T_OPO,C,1.5987468604950434,0.03456
case.lis,135,T_MAN,A,1.2430562936535405,0.03244
case.lis,135,T_MAN,B,1.0494331318725205,0.03909
case.lis,135,T_MAN,C,1.1685657232620679,0.03613
case.lis,135,1_2LT,C,1.6317500465933599,0.03624
case.lis,135,1_2LT,A,1.841749496347968,0.03241
case.lis,135,1_2LT,B,1.1728153394215324,0.03853
case.lis,135,T_OPO,A,1.765162082767557,0.03255
case.lis,135,T_OPO,B,1.227640858382811,0.03835
case.lis,135,T_OPO,C,1.72161860894415,0.03639
case.lis,136,T_MAN,A,1.1527075001996858,0.03224
case.lis,136,T_MAN,B,1.3256227091598107,0.02981
case.lis,136,T_MAN,C,1.4081499241193856,0.0278
case.lis,136,1_2LT,C,2.0498135821862493,0.02768
case.lis,136,1_2LT,A,1.6615029686626375,0.02714
case.lis,136,1_2LT,B,1.99536799879301,0.02993
case.lis,136,T_OPO,A,1.7173443559910184,0.0325
case.lis,136,T_OPO,B,1.791871633075073,0.02988
case.lis,136,T_OPO,C,1.834267170762445,0.02791
case.lis,137,T_MAN,A,1.2062530063810715,0.02512
case.lis,137,T_MAN,B,1.216252260887315,0.02282
case.lis,137,T_MAN,C,1.2146658501735048,0.02722
case.lis,137,1_2LT,C,1.6376365717937111,0.02731
case.lis,137,1_2LT,A,1.4321909529007695,0.02502
case.lis,137,1_2LT,B,1.7773258428960659,0.02122
case.lis,137,T_OPO,A,1.6480033192222017,0.02487
case.lis,137,T_OPO,B,1.765185521446258,0.02134
case.lis,137,T_OPO,C,1.726199579328523,0.02746
case.lis,138,T_MAN,A,1.1761793001233616,0.03327
case.lis,138,T_MAN,B,1.5042376882593607,0.02963
case.lis,138,T_MAN,C,1.3305180737861322,0.02745
case.lis,138,1_2LT,C,1.904103650256929,0.02741
case.lis,138,1_2LT,A,1.5351471906422784,0.03205
case.lis,138,1_2LT,B,2.0974764148850253,0.02974
case.lis,138,T_OPO,A,1.6688956663737942,0.03192
case.lis,138,T_OPO,B,1.8390115107785971,0.02988
case.lis,138,T_OPO,C,1.7837727042786018,0.02755
case.lis,139,T_MAN,A,1.1386665424177072,0.04152
case.lis,139,T_MAN,B,1.297862145779529,0.03749
case.lis,139,T_MAN,C,1.5923492815747669,0.03606
case.lis,139,1_2LT,C,2.166278033671468,0.03616
case.lis,139,1_2LT,A,1.6111512464833109,0.03562
case.lis,139,1_2LT,B,1.7318935807662612,0.03869
case.lis,139,T_OPO,A,1.729975230082448,0.03579
case.lis,139,T_OPO,B,1.79281675940964,0.03881
case.lis,139,T_OPO,C,1.8447872236570018,0.0363
case.lis,140,T_MAN,A,1.424339306158311,0.0248
case.lis,140,T_MAN,B,1.2002889942046735,0.02351
case.lis,140,T_MAN,C,1.1127293857663942,0.02723
case.lis,140,1_2LT,C,1.2369154308332668,0.03578
case.lis,140,1_2LT,A,1.7768470939055885,0.02349
case.lis,140,1_2LT,B,1.7236765533338658,0.02366
case.lis,140,T_OPO,A,1.773660019347338,0.0233
case.lis,140,T_OPO,B,1.7394130834154264,0.02362
case.lis,140,T_OPO,C,1.3473904079803334,0.02857
case.lis,141,T_MAN,A,1.1831549473273162,0.02508
case.lis,141,T_MAN,B,1.3368044055131036,0.02155
case.lis,141,T_MAN,C,1.1674638391153473,0.02765
case.lis,141,1_2LT,C,1.5362079128837296,0.02646
case.lis,141,1_2LT,A,1.5063370519271901,0.02418
case.lis,141,1_2LT,B,1.8904426546677673,0.02166
case.lis,141,T_OPO,A,1.6398303114211419,0.02434
case.lis,141,T_OPO,B,1.794905774914135,0.0218
case.lis,141,T_OPO,C,1.5841140161701146,0.02637
case.lis,142,T_MAN,A,1.1188754759178892,0.03221
case.lis,142,T_MAN,B,1.3393947300691358,0.0309
case.lis,142,T_MAN,C,1.1669016746984744,0.03657
case.lis,142,1_2LT,C,1.6014494794856091,0.03066
case.lis,142,1_2LT,A,1.5239301898346602,0.0322
case.lis,142,1_2LT,B,1.8382979667545283,0.02966
case.lis,142,T_OPO,A,1.708306868304978,0.0337
case.lis,142,T_OPO,B,1.7703625407137216,0.0298
case.lis,142,T_OPO,C,1.6264528874570674,0.03081
case.lis,143,T_MAN,A,1.520309495282977,0.0338
case.lis,143,T_MAN,B,1.1164405335605314,0.03843
case.lis,143,T_MAN,C,1.333844262804299,0.03511
case.lis,143,1_2LT,C,1.650657010747535,0.03645
case.lis,143,1_2LT,A,1.879727335658564,0.03392
case.lis,143,1_2LT,B,1.144510947220817,0.04662
case.lis,143,T_OPO,A,1.7771121346858718,0.03406
case.lis,143,T_OPO,B,1.2762459685650134,0.03824
case.lis,143,T_OPO,C,1.740807973233224,0.03659
case.lis,144,T_MAN,A,1.3976871943697473,0.02495
case.lis,144,T_MAN,B,1.1367348260958314,0.03032
case.lis,144,T_MAN,C,1.173813369188033,0.02747
case.lis,144,1_2LT,C,1.6341152142850806,0.02758
case.lis,144,1_2LT,A,1.8911096319568323,0.02492
case.lis,144,1_2LT,B,1.6359727894778882,0.02438
case.lis,144,T_OPO,A,1.8190007721185335,0.02498
case.lis,144,T_OPO,B,1.6343175537154877,0.02452
case.lis,144,T_OPO,C,1.750132813262689,0.02761
case.lis,145,T_MAN,A,1.3126215554194733,0.03299
case.lis,145,T_MAN,B,1.4271781286331726,0.03049
case.lis,145,T_MAN,C,1.1483756223541628,0.03573
case.lis,145,1_2LT,C,1.6144857069322043,0.0299
case.lis,145,1_2LT,A,1.7776874339927402,0.0331
case.lis,145,1_2LT,B,1.8316632498202827,0.03058
case.lis,145,T_OPO,A,1.7631850422002717,0.03162
case.lis,145,T_OPO,B,1.805647470202437,0.03072
case.lis,145,T_OPO,C,1.6467604480062479,0.03004
case.lis,146,T_MAN,A,1.1817142806428995,0.04104
case.lis,146,T_MAN,B,1.284582647745325,0.03722
case.lis,146,T_MAN,C,1.4088368522413626,0.03644
case.lis,146,1_2LT,C,2.0895162278015924,0.03638
case.lis,146,1_2LT,A,1.5784117788013525,0.03585
case.lis,146,1_2LT,B,1.7319752478322994,0.03724
case.lis,146,T_OPO,A,1.737177338764788,0.03602
case.lis,146,T_OPO,B,1.7293967713020402,0.03907
case.lis,146,T_OPO,C,1.834714626765001,0.03653
case.lis,147,T_MAN,A,1.358694054687292,0.0248
case.lis,147,T_MAN,B,1.2860429013907009,0.02231
case.lis,147,T_MAN,C,1.2019520132768888,0.02754
case.lis,147,1_2LT,C,1.7437979356922886,0.02151
case.lis,147,1_2LT,A,1.7826466803340522,0.02482
case.lis,147,1_2LT,B,1.7383355964393798,0.02094
case.lis,147,T_OPO,A,1.7599312193260381,0.02341
case.lis,147,T_OPO,B,1.7752697711156669,0.02109
case.lis,147,T_OPO,C,1.7620913762347241,0.02147
case.lis,148,T_MAN,A,1.3541455931556572,0.03234
case.lis,148,T_MAN,B,1.313842399069908,0.03063
case.lis,148,T_MAN,C,1.2392718123485715,0.03684
case.lis,148,1_2LT,C,1.51673784357056,0.03677
case.lis,148,1_2LT,A,2.00337103401759,0.03246
case.lis,148,1_2LT,B,1.9145344657738492,0.03059
case.lis,148,T_OPO,A,1.8040019436087222,0.0326
case.lis,148,T_OPO,B,1.8012964491422383,0.03073
case.lis,148,T_OPO,C,1.6563988214098706,0.03663
case.lis,149,T_MAN,A,1.227314048119847,0.03495
case.lis,149,T_MAN,B,1.1994992766935577,0.03788
case.lis,149,T_MAN,C,1.4476044800624797,0.03615
case.lis,149,1_2LT,C,1.8447285603983068,0.03602
case.lis,149,1_2LT,A,1.667099612165748,0.03499
case.lis,149,1_2LT,B,1.4857815170797946,0.03792
case.lis,149,T_OPO,A,1.735778464105363,0.03512
case.lis,149,T_OPO,B,1.752983111016445,0.03811
case.lis,149,T_OPO,C,1.777707606698794,0.03636
case.lis,150,T_MAN,A,1.1712930322958546,0.03322
case.lis,150,T_MAN,B,1.40074602625203,0.03048
case.lis,150,T_MAN,C,1.34009435820975,0.02793
case.lis,150,1_2LT,C,1.904126254692617,0.02789
case.lis,150,1_2LT,A,1.2407377193216007,0.03334
case.lis,150,1_2LT,B,1.8810331300975356,0.02925
case.lis,150,T_OPO,A,1.350050808949475,0.03353
case.lis,150,T_OPO,B,1.7821882904230677,0.03069
case.lis,150,T_OPO,C,1.7925568305865438,0.02803
case.lis,151,T_MAN,A,1.360149719996095,0.02578
case.lis,151,T_MAN,B,1.1948642580118392,0.03035
case.lis,151,T_MAN,C,1.2581464806482245,0.02739
case.lis,151,1_2LT,C,1.8918435173105426,0.02621
case.lis,151,1_2LT,A,1.8371361502347416,0.0259
case.lis,151,1_2LT,B,1.5083710073928132,0.03039
case.lis,151,T_OPO,A,1.8068565013268014,0.02568
case.lis,151,T_OPO,B,1.6672334194201122,0.03178
case.lis,151,T_OPO,C,1.7773274048829841,0.02636
case.lis,152,T_MAN,A,1.2086515260434694,0.03359
case.lis,152,T_MAN,B,1.1780768923560265,0.03136
case.lis,152,T_MAN,C,1.4576388703994605,0.02887
case.lis,152,1_2LT,C,1.985926914987087,0.02899
case.lis,152,1_2LT,A,1.6413697471533677,0.03224
case.lis,152,1_2LT,B,1.426204460537643,0.03022
case.lis,152,T_OPO,A,1.696907727397783,0.03233
case.lis,152,T_OPO,B,1.7559562288665833,0.02863
case.lis,152,T_OPO,C,1.8037603592569913,0.02912
case.lis,153,T_MAN,A,1.442696628415737,0.03198
case.lis,153,T_MAN,B,1.4551300620357304,0.03198
case.lis,153,T_MAN,C,1.134567480497351,0.03602
case.lis,153,1_2LT,C,1.173329250867524,0.03597
case.lis,153,1_2LT,A,1.7798855312086763,0.03209
case.lis,153,1_2LT,B,1.814849791882993,0.03209
case.lis,153,T_OPO,A,1.7506840437711335,0.03223
case.lis,153,T_OPO,B,1.7742502019045592,0.03223
case.lis,153,T_OPO,C,1.3352056764024602,0.03579
case.lis,154,T_MAN,A,1.1450098067928682,0.02492
case.lis,154,T_MAN,B,1.6331891335410067,0.02247
case.lis,154,T_MAN,C,1.2572921980528413,0.02726
case.lis,154,1_2LT,C,1.7661398510787472,0.02119
case.lis,154,1_2LT,A,1.2074328389999733,0.02505
case.lis,154,1_2LT,B,1.8432149152000852,0.02257
case.lis,154,T_OPO,A,1.4037086539400232,0.02372
case.lis,154,T_OPO,B,1.7806626552002627,0.02236
case.lis,154,T_OPO,C,1.7451984877126654,0.02133
case.lis,155,T_MAN,A,1.2272741109543208,0.03202
case.lis,155,T_MAN,B,1.1983003629844602,0.03233
case.lis,155,T_MAN,C,1.1842642242871215,0.03545
case.lis,155,1_2LT,C,1.4721029136380983,0.03558
case.lis,155,1_2LT,A,1.8813632773325524,0.03212
case.lis,155,1_2LT,B,1.8218414583277867,0.03244
case.lis,155,T_OPO,A,1.8170328017252855,0.03354
case.lis,155,T_OPO,B,1.7573836719117477,0.03258
case.lis,155,T_OPO,C,1.7116739884803465,0.03569
case.lis,156,T_MAN,A,1.420925122252101,0.02524
case.lis,156,T_MAN,B,1.309635435803225,0.02254
case.lis,156,T_MAN,C,1.1702491901630325,0.02752
case.lis,156,1_2LT,C,1.194486807422988,0.02738
case.lis,156,1_2LT,A,1.8105627590368931,0.02401
case.lis,156,1_2LT,B,1.9051015646493958,0.02267
case.lis,156,T_OPO,A,1.7736458194662619,0.02415
case.lis,156,T_OPO,B,1.8021568909360386,0.02281
case.lis,156,T_OPO,C,1.2064572184207958,0.03608
case.lis,157,T_MAN,A,1.2499693815064299,0.03441
case.lis,157,T_MAN,B,1.1767992580562137,0.03792
case.lis,157,T_MAN,C,1.3947493277243803,0.03706
case.lis,157,1_2LT,C,1.8507043141013695,0.03699
case.lis,157,1_2LT,A,1.8690362984460005,0.03454
case.lis,157,1_2LT,B,1.2396875138670713,0.04737
case.lis,157,T_OPO,A,1.7780335383441161,0.03469
case.lis,157,T_OPO,B,1.4557541645588716,0.03761
case.lis,157,T_OPO,C,1.835033414095157,0.03695
case.lis,158,T_MAN,A,1.2966952439273323,0.02405
case.lis,158,T_MAN,B,1.208016826859075,0.02329
case.lis,158,T_MAN,C,1.232434800358547,0.02788
case.lis,158,1_2LT,C,1.4891103419508862,0.028
case.lis,158,1_2LT,A,1.8799123157343558,0.02397
case.lis,158,1_2LT,B,1.9077614153731464,0.02344
case.lis,158,T_OPO,A,1.802711023545178,0.02413
case.lis,158,T_OPO,B,1.8064555233099924,0.02359
case.lis,158,T_OPO,C,1.6144652147288268,0.02809
case.lis,159,T_MAN,A,1.140336270933731,0.04047
case.lis,159,T_MAN,B,1.2362794891592783,0.03903
case.lis,159,T_MAN,C,1.2410165339865278,0.03589
case.lis,159,1_2LT,C,1.7143623809650594,0.03487
case.lis,159,1_2LT,A,1.6095831802408653,0.03593
case.lis,159,1_2LT,B,1.6523546597797245,0.03751
case.lis,159,T_OPO,A,1.7046955279249536,0.03571
case.lis,159,T_OPO,B,1.7808970952368273,0.0389
case.lis,159,T_OPO,C,1.742157849428011,0.03502
case.lis,160,T_MAN,A,1.2697294035162454,0.02536
case.lis,160,T_MAN,B,1.2815598835609752,0.02284
case.lis,160,T_MAN,C,1.2001080078454343,0.02799
case.lis,160,1_2LT,C,1.6208373492372001,0.02204
case.lis,160,1_2LT,A,1.643272096346193,0.02528
case.lis,160,1_2LT,B,1.8498864364510947,0.02139
case.lis,160,T_OPO,A,1.7438137330599857,0.02525
case.lis,160,T_OPO,B,1.7736967881643992,0.02153
case.lis,160,T_OPO,C,1.7356477364502072,0.02196
case.lis,161,T_MAN,A,1.266273152462348,0.02498
case.lis,161,T_MAN,B,1.3071661208587377,0.02353
case.lis,161,T_MAN,C,1.2341101200777445,0.02794
case.lis,161,1_2LT,C,1.4158756356665514,0.02676
case.lis,161,1_2LT,A,1.5311805426129554,0.02469
case.lis,161,1_2LT,B,1.8435647825199464,0.02345
case.lis,161,T_OPO,A,1.7788983554762727,0.02487
case.lis,161,T_OPO,B,1.8225897831855657,0.02324
case.lis,161,T_OPO,C,1.6305840499835813,0.0266
case.lis,162,T_MAN,A,1.0951258020714076,0.04148
case.lis,162,T_MAN,B,1.2883885797456447,0.03859
case.lis,162,T_MAN,C,1.4557648854690841,0.03731
case.lis,162,1_2LT,C,1.9659500164186126,0.0374
case.lis,162,1_2LT,A,1.5956633651943164,0.03555
case.lis,162,1_2LT,B,1.789581130133035,0.0386
case.lis,162,T_OPO,A,1.596364564196775,0.03569
case.lis,162,T_OPO,B,1.7840706887829816,0.03853
case.lis,162,T_OPO,C,1.7894833905766039,0.03755
case.lis,163,T_MAN,A,1.4410251604142814,0.03318
case.lis,163,T_MAN,B,1.2846179788244272,0.03126
case.lis,163,T_MAN,C,1.1327220284530117,0.03567
case.lis,163,1_2LT,C,1.6494292535300017,0.03581
case.lis,163,1_2LT,A,1.9716246083939049,0.03328
case.lis,163,1_2LT,B,1.8862065905198044,0.03139
case.lis,163,T_OPO,A,1.8044936233659044,0.03344
case.lis,163,T_OPO,B,1.7957641754750304,0.03153
case.lis,163,T_OPO,C,1.7405490029021007,0.03442
case.lis,164,T_MAN,A,1.2968235487277795,0.03319
case.lis,164,T_MAN,B,1.4383387026633652,0.03178
case.lis,164,T_MAN,C,1.2648062159979412,0.03617
case.lis,164,1_2LT,C,1.587557913327476,0.03004
case.lis,164,1_2LT,A,1.558158124550707,0.03285
case.lis,164,1_2LT,B,2.0043211125606826,0.03188
case.lis,164,T_OPO,A,1.7775466954214256,0.03303
case.lis,164,T_OPO,B,1.8154795566087134,0.03202
case.lis,164,T_OPO,C,1.7139388073874882,0.03153
case.lis,165,T_MAN,A,1.4190659140729696,0.02505
case.lis,165,T_MAN,B,1.2387313293751165,0.02966
case.lis,165,T_MAN,C,1.228454964189675,0.02757
case.lis,165,1_2LT,C,1.3959250335028444,0.02882
case.lis,165,1_2LT,A,1.8348238771000294,0.02494
case.lis,165,1_2LT,B,1.8490933464682233,0.02401
case.lis,165,T_OPO,A,1.7924380308314918,0.02365
case.lis,165,T_OPO,B,1.7693570471347304,0.02416
case.lis,165,T_OPO,C,1.48042533968778,0.02862
case.lis,166,T_MAN,A,1.2310821196872477,0.04228
case.lis,166,T_MAN,B,1.2352269939739253,0.03846
case.lis,166,T_MAN,C,1.4047563389156617,0.03599
case.lis,166,1_2LT,C,1.8404865234253662,0.03611
case.lis,166,1_2LT,A,1.3998258739583056,0.0409
case.lis,166,1_2LT,B,1.3958604772935028,0.03851
case.lis,166,T_OPO,A,1.5246736246083938,0.04214
case.lis,166,T_OPO,B,1.4539444873399185,0.03725
case.lis,166,T_OPO,C,1.8089476113137553,0.03609
case.lis,167,T_MAN,A,1.212359576488547,0.0245
case.lis,167,T_MAN,B,1.4170241131730523,0.02189
case.lis,167,T_MAN,C,1.2054257656842122,0.02799
case.lis,167,1_2LT,C,1.3287824134472872,0.02682
case.lis,167,1_2LT,A,1.513474444651526,0.02453
case.lis,167,1_2LT,B,1.8837222769509305,0.022
case.lis,167,T_OPO,A,1.577588860193296,0.0247
case.lis,167,T_OPO,B,1.7871916096452691,0.02213
case.lis,167,T_OPO,C,1.3602590590803803,0.02674
case.lis,168,T_MAN,A,1.2142131047152482,0.02451
case.lis,168,T_MAN,B,1.2968287583091491,0.02361
case.lis,168,T_MAN,C,1.2330518029411504,0.02839
case.lis,168,1_2LT,C,1.7607675035721575,0.02124
case.lis,168,1_2LT,A,1.4466837952732146,0.02446
case.lis,168,1_2LT,B,1.8709226372729129,0.02358
case.lis,168,T_OPO,A,1.5756254603867692,0.02428
case.lis,168,T_OPO,B,1.8196490321893555,0.02359
case.lis,168,T_OPO,C,1.7521524357233509,0.02137
case.lis,169,T_MAN,A,1.222855862332153,0.03303
case.lis,169,T_MAN,B,1.3152126875937413,0.03028
case.lis,169,T_MAN,C,1.301003523345492,0.02937
case.lis,169,1_2LT,C,1.8649329499365441,0.02939
case.lis,169,1_2LT,A,1.7191027450145104,0.027
case.lis,169,1_2LT,B,1.6589798272939464,0.03031
case.lis,169,T_OPO,A,1.7352070165162368,0.03288
case.lis,169,T_OPO,B,1.7633629755850795,0.03046
case.lis,169,T_OPO,C,1.7907071807023616,0.0296
case.lis,170,T_MAN,A,1.1466922974520088,0.03322
case.lis,170,T_MAN,B,1.2804054066047197,0.0298
case.lis,170,T_MAN,C,1.3137733787729529,0.02727
case.lis,170,1_2LT,C,1.8873533817904276,0.02723
case.lis,170,1_2LT,A,1.2700858915306583,0.03178
case.lis,170,1_2LT,B,1.4822188201673812,0.02978
case.lis,170,T_OPO,A,1.5460079874331052,0.03044
case.lis,170,T_OPO,B,1.7555169200457947,0.02959
case.lis,170,T_OPO,C,1.7778623942774479,0.02737
case.lis,171,T_MAN,A,1.1429596279631158,0.0326
case.lis,171,T_MAN,B,1.2556349565572387,0.03138
case.lis,171,T_MAN,C,1.3640561871544326,0.02888
case.lis,171,1_2LT,C,1.9263389334114327,0.029
case.lis,171,1_2LT,A,1.3419249980031418,0.03379
case.lis,171,1_2LT,B,1.6522444687025748,0.02996
case.lis,171,T_OPO,A,1.5563340522023128,0.03244
case.lis,171,T_OPO,B,1.7821834979632045,0.03013
case.lis,171,T_OPO,C,1.7863675284219496,0.02914
case.lis,172,T_MAN,A,1.2066742103534882,0.04228
case.lis,172,T_MAN,B,1.2143682384160033,0.03848
case.lis,172,T_MAN,C,1.3451175483905322,0.03763
case.lis,172,1_2LT,C,1.9116952883019604,0.03769
case.lis,172,1_2LT,A,1.5754104209377247,0.04092
case.lis,172,1_2LT,B,1.6755670900006212,0.03856
case.lis,172,T_OPO,A,1.666086335276942,0.04107
case.lis,172,T_OPO,B,1.79805734089477,0.03732
case.lis,172,T_OPO,C,1.7819659735349715,0.03767
case.lis,173,T_MAN,A,1.3712263372294258,0.02547
case.lis,173,T_MAN,B,1.1808729731888494,0.02362
case.lis,173,T_MAN,C,1.1877892116403526,0.02821
case.lis,173,1_2LT,C,1.5558570071975646,0.02683
case.lis,173,1_2LT,A,1.9295366401306389,0.02541
case.lis,173,1_2LT,B,1.8231112560682303,0.02373
case.lis,173,T_OPO,A,1.7784456455177189,0.02559
case.lis,173,T_OPO,B,1.766982738269567,0.02387
case.lis,173,T_OPO,C,1.768550298641249,0.02664
case.lis,174,T_MAN,A,1.2818296546766421,0.02647
case.lis,174,T_MAN,B,1.1185900405584104,0.03017
case.lis,174,T_MAN,C,1.2285190677778073,0.02774
case.lis,174,1_2LT,C,1.5279022249438663,0.0276
case.lis,174,1_2LT,A,1.8644942623605527,0.02659
case.lis,174,1_2LT,B,1.3222399424904816,0.02985
case.lis,174,T_OPO,A,1.7774624812517197,0.02673
case.lis,174,T_OPO,B,1.4751118684381017,0.03002
case.lis,174,T_OPO,C,1.6932979845043796,0.02774
case.lis,175,T_MAN,A,1.3269864302386467,0.02521
case.lis,175,T_MAN,B,1.1771911747739112,0.02997
case.lis,175,T_MAN,C,1.4637165259990947,0.02786
case.lis,175,1_2LT,C,1.8787863095396578,0.02784
case.lis,175,1_2LT,A,1.9185012913016855,0.02534
case.lis,175,1_2LT,B,1.3271712061911483,0.03081
case.lis,175,T_OPO,A,1.7978778277731924,0.02549
case.lis,175,T_OPO,B,1.4215332321591807,0.031
case.lis,175,T_OPO,C,1.821488236286021,0.02792
case.lis,176,T_MAN,A,1.3408070857406569,0.02377
case.lis,176,T_MAN,B,1.275050436202597,0.02284
case.lis,176,T_MAN,C,1.1360135963861304,0.02767
case.lis,176,1_2LT,C,1.3659461469510195,0.02772
case.lis,176,1_2LT,A,1.851002955350249,0.02383
case.lis,176,1_2LT,B,1.9131158089051004,0.02297
case.lis,176,T_OPO,A,1.809148362132467,0.02396
case.lis,176,T_OPO,B,1.804773778144608,0.02311
case.lis,176,T_OPO,C,1.4544842070697657,0.0277
case.lis,177,T_MAN,A,1.1892886747073494,0.04187
case.lis,177,T_MAN,B,1.226610026891025,0.03877
case.lis,177,T_MAN,C,1.4729779813094064,0.03717
case.lis,177,1_2LT,C,1.8600495220852524,0.03728
case.lis,177,1_2LT,A,1.4225957382606922,0.04049
case.lis,177,1_2LT,B,1.3473762435989598,0.04011
case.lis,177,T_OPO,A,1.5632875387168632,0.04163
case.lis,177,T_OPO,B,1.5231712771905535,0.03992
case.lis,177,T_OPO,C,1.7916284601116466,0.03741
case.lis,178,T_MAN,A,1.3868525342350257,0.03342
case.lis,178,T_MAN,B,1.311831962157317,0.03073
case.lis,178,T_MAN,C,1.1760392981708776,0.03569
case.lis,178,1_2LT,C,1.2031676828456563,0.04426
case.lis,178,1_2LT,A,1.7630069224420246,0.03218
case.lis,178,1_2LT,B,1.9095901559324442,0.03086
case.lis,178,T_OPO,A,1.7639126174818287,0.03203
case.lis,178,T_OPO,B,1.8027220284530117,0.031
case.lis,178,T_OPO,C,1.252144945286083,0.04441
case.lis,179,T_MAN,A,1.4212755043176513,0.02409
case.lis,179,T_MAN,B,1.1526975070333787,0.02351
case.lis,179,T_MAN,C,1.2739459162029518,0.0281
case.lis,179,1_2LT,C,1.5348153216716809,0.02668
case.lis,179,1_2LT,A,2.0530489807147863,0.02414
case.lis,179,1_2LT,B,1.9644243456961048,0.0236
case.lis,179,T_OPO,A,1.8248473069038047,0.02428
case.lis,179,T_OPO,B,1.847516556173842,0.02377
case.lis,179,T_OPO,C,1.7574824498344828,0.02674
case.lis,180,T_MAN,A,1.1717439228946458,0.0249
case.lis,180,T_MAN,B,1.2164067112187935,0.02241
case.lis,180,T_MAN,C,1.202658634858933,0.02701
case.lis,180,1_2LT,C,1.6630947132067768,0.02711
case.lis,180,1_2LT,A,1.4616688410234564,0.02458
case.lis,180,1_2LT,B,1.7359107537474372,0.02102
case.lis,180,T_OPO,A,1.5895381488680034,0.02466
case.lis,180,T_OPO,B,1.7517714884137845,0.02116
case.lis,180,T_OPO,C,1.738576284423618,0.02725
case.lis,181,T_MAN,A,1.2441826637201912,0.02521
case.lis,181,T_MAN,B,1.1957533480657099,0.03103
case.lis,181,T_MAN,C,1.1819829246430062,0.02818
case.lis,181,1_2LT,C,1.3678566344506864,0.0281
case.lis,181,1_2LT,A,1.7547914836213248,0.02396
case.lis,181,1_2LT,B,1.397299271368602,0.03097
case.lis,181,T_OPO,A,1.731441465427727,0.0241
case.lis,181,T_OPO,B,1.5724993565678889,0.03082
case.lis,181,T_OPO,C,1.6132526336341932,0.02795
case.lis,182,T_MAN,A,1.2300073484384568,0.03307
case.lis,182,T_MAN,B,1.3087326606139673,0.03039
case.lis,182,T_MAN,C,1.184849525635223,0.02715
case.lis,182,1_2LT,C,1.2716456597175998,0.02757
case.lis,182,1_2LT,A,1.6710803447021132,0.02726
case.lis,182,1_2LT,B,1.6374031079989706,0.03049
case.lis,182,T_OPO,A,1.6917409054199173,0.02739
case.lis,182,T_OPO,B,1.7429535752638072,0.029
case.lis,182,T_OPO,C,1.3095244637326162,0.0284
case.lis,183,T_MAN,A,1.1738813511186845,0.03378
case.lis,183,T_MAN,B,1.2200517408166707,0.03028
case.lis,183,T_MAN,C,1.684989997958767,0.02786
case.lis,183,1_2LT,C,2.0061234147164018,0.02798
case.lis,183,1_2LT,A,1.7146885344835237,0.02704
case.lis,183,1_2LT,B,1.5586224340371149,0.03035
case.lis,183,T_OPO,A,1.7296149169750703,0.02682
case.lis,183,T_OPO,B,1.598703107111478,0.03023
case.lis,183,T_OPO,C,1.8523550680263052,0.0281
case.lis,184,T_MAN,A,1.1827179459872021,0.02482
case.lis,184,T_MAN,B,1.509973659220604,0.0222
case.lis,184,T_MAN,C,1.149924474382527,0.02811
case.lis,184,1_2LT,C,1.414957888477684,0.02203
case.lis,184,1_2LT,A,1.552863317269718,0.02479
case.lis,184,1_2LT,B,2.015849951631655,0.02231
case.lis,184,T_OPO,A,1.768897645482219,0.02496
case.lis,184,T_OPO,B,1.8172466608092157,0.02245
case.lis,184,T_OPO,C,1.7571200866192744,0.02195
case.lis,185,T_MAN,A,1.375022054190296,0.02592
case.lis,185,T_MAN,B,1.1591611420254355,0.03029
case.lis,185,T_MAN,C,1.2894283837872857,0.02733
case.lis,185,1_2LT,C,1.718601134215501,0.02737
case.lis,185,1_2LT,A,1.8527895666373793,0.02603
case.lis,185,1_2LT,B,1.6370787294656406,0.02431
case.lis,185,T_OPO,A,1.7744173167549722,0.02617
case.lis,185,T_OPO,B,1.6965184997825642,0.02568
case.lis,185,T_OPO,C,1.778919921545657,0.02718
case.lis,186,T_MAN,A,1.2308604240439487,0.02451
case.lis,186,T_MAN,B,1.2065815383796161,0.02183
case.lis,186,T_MAN,C,1.3015928716596998,0.02004
case.lis,186,1_2LT,C,1.8519494661732208,0.02012
case.lis,186,1_2LT,A,1.625076368735412,0.02462
case.lis,186,1_2LT,B,1.7296077637849783,0.02048
case.lis,186,T_OPO,A,1.7455927119110377,0.02476
case.lis,186,T_OPO,B,1.7863105957737604,0.02066
case.lis,186,T_OPO,C,1.8283048004472962,0.0203
case.lis,187,T_MAN,A,1.1988068638675151,0.0324
case.lis,187,T_MAN,B,1.318284210619736,0.03239
case.lis,187,T_MAN,C,1.1939829778925604,0.03558
case.lis,187,1_2LT,C,1.490164274874198,0.03556
case.lis,187,1_2LT,A,1.3897737426449053,0.03148
case.lis,187,1_2LT,B,1.8884479529983935,0.03249
case.lis,187,T_OPO,A,1.5370968964384923,0.03162
case.lis,187,T_OPO,B,1.8003977741686414,0.03263
case.lis,187,T_OPO,C,1.5859619088190136,0.03538
case.lis,188,T_MAN,A,1.1891316506474259,0.03349
case.lis,188,T_MAN,B,1.174830710792797,0.02969
case.lis,188,T_MAN,C,1.2842246066189196,0.02752
case.lis,188,1_2LT,C,1.9053554673979607,0.02749
case.lis,188,1_2LT,A,1.588455203812668,0.03356
case.lis,188,1_2LT,B,1.6038772775278005,0.02971
case.lis,188,T_OPO,A,1.6450337069677041,0.03343
case.lis,188,T_OPO,B,1.7005741189417538,0.0296
case.lis,188,T_OPO,C,1.785947779937343,0.02763
case.lis,189,T_MAN,A,1.4470317811088333,0.02375
case.lis,189,T_MAN,B,1.3377600220098156,0.02282
case.lis,189,T_MAN,C,1.3214215944691463,0.02761
case.lis,189,1_2LT,C,1.7419009469545694,0.02756
case.lis,189,1_2LT,A,1.8906898479725234,0.02372
case.lis,189,1_2LT,B,1.9010050498327076,0.02293
case.lis,189,T_OPO,A,1.7558288736831829,0.02388
case.lis,189,T_OPO,B,1.807184917951312,0.02272
case.lis,189,T_OPO,C,1.7660368131916897,0.02637
case.lis,190,T_MAN,A,1.1664767432572754,0.04133
case.lis,190,T_MAN,B,1.1381500039937165,0.03891
case.lis,190,T_MAN,C,1.241307276551559,0.03523
case.lis,190,1_2LT,C,1.7802234706284334,0.03519
case.lis,190,1_2LT,A,1.387383228165464,0.04124
case.lis,190,1_2LT,B,1.3667980954409507,0.03893
case.lis,190,T_OPO,A,1.5091188973792344,0.04253
case.lis,190,T_OPO,B,1.3713385074150004,0.03876
case.lis,190,T_OPO,C,1.7785564045901114,0.0365
case.lis,191,T_MAN,A,1.3586248302670465,0.02546
case.lis,191,T_MAN,B,1.2451952927394232,0.03017
case.lis,191,T_MAN,C,1.257007375063234,0.02758
case.lis,191,1_2LT,C,1.6913666054296794,0.02592
case.lis,191,1_2LT,A,1.894414210530987,0.02554
case.lis,191,1_2LT,B,1.5636536294008536,0.03021
case.lis,191,T_OPO,A,1.8354680192053392,0.02571
case.lis,191,T_OPO,B,1.6763795628211615,0.03159
case.lis,191,T_OPO,C,1.7839404226239604,0.02612
case.lis,192,T_MAN,A,1.3603421283846746,0.02505
case.lis,192,T_MAN,B,1.4126118817504905,0.02374
case.lis,192,T_MAN,C,1.2261211161106527,0.0268
case.lis,192,1_2LT,C,1.222017936224784,0.02766
case.lis,192,1_2LT,A,1.737124790329881,0.02381
case.lis,192,1_2LT,B,1.9143029455878307,0.02228
case.lis,192,T_OPO,A,1.7275700453508702,0.02397
case.lis,192,T_OPO,B,1.8015579222024014,0.02242
case.lis,192,T_OPO,C,1.407905996787277,0.02652
case.lis,193,T_MAN,A,1.3065790622753535,0.03313
case.lis,193,T_MAN,B,1.311249145788404,0.0308
case.lis,193,T_MAN,C,1.1887777452363837,0.0358
case.lis,193,1_2LT,C,1.3845961465072731,0.03578
case.lis,193,1_2LT,A,1.9855881945738705,0.03196
case.lis,193,1_2LT,B,1.9075846002289731,0.03093
case.lis,193,T_OPO,A,1.7971564205649777,0.0321
case.lis,193,T_OPO,B,1.80257710091678,0.03107
case.lis,193,T_OPO,C,1.6577054767166326,0.03558
case.lis,194,T_MAN,A,1.3505005458079289,0.02631
case.lis,194,T_MAN,B,1.2712082323810538,0.02957
case.lis,194,T_MAN,C,1.3119512145335783,0.02667
case.lis,194,1_2LT,C,2.0000639172146935,0.02673
case.lis,194,1_2LT,A,1.7736366782928192,0.02643
case.lis,194,1_2LT,B,1.5340602784951676,0.03091
case.lis,194,T_OPO,A,1.8137725534048654,0.02637
case.lis,194,T_OPO,B,1.6847040656034504,0.03087
case.lis,194,T_OPO,C,1.7966717519990771,0.02687
case.lis,195,T_MAN,A,1.2482800571545212,0.03442
case.lis,195,T_MAN,B,1.223292934671672,0.03863
case.lis,195,T_MAN,C,1.4235762400489895,0.03565
case.lis,195,1_2LT,C,1.872545417432129,0.03563
case.lis,195,1_2LT,A,1.868194005875201,0.03455
case.lis,195,1_2LT,B,1.2050912786105417,0.046
case.lis,195,T_OPO,A,1.7776084826539575,0.0347
case.lis,195,T_OPO,B,1.383040815783168,0.04735
case.lis,195,T_OPO,C,1.8079827293946413,0.03573
case.lis,196,T_MAN,A,1.1926349654321644,0.04116
case.lis,196,T_MAN,B,1.2207692785572921,0.03843
case.lis,196,T_MAN,C,1.4764801157290308,0.03593
case.lis,196,1_2LT,C,2.0034297150261366,0.03586
case.lis,196,1_2LT,A,1.7201975292206926,0.03533
case.lis,196,1_2LT,B,1.6464193313630997,0.03845
case.lis,196,T_OPO,A,1.7232354872777942,0.03548
case.lis,196,T_OPO,B,1.7678067662433328,0.03863
case.lis,196,T_OPO,C,1.8308968999884625,0.03615
case.lis,197,T_MAN,A,1.2855328061627485,0.02433
case.lis,197,T_MAN,B,1.0993673952980643,0.03119
case.lis,197,T_MAN,C,1.1928912910354377,0.02833
case.lis,197,1_2LT,C,1.5063662593075784,0.02667
case.lis,197,1_2LT,A,1.8800562670287637,0.02429
case.lis,197,1_2LT,B,1.4972981353781163,0.02526
case.lis,197,T_OPO,A,1.775399327280634,0.02444
case.lis,197,T_OPO,B,1.5913917747188866,0.02505
case.lis,197,T_OPO,C,1.6889586339714404,0.0281
case.lis,198,T_MAN,A,1.4494083087054146,0.03433
case.lis,198,T_MAN,B,1.2731793799976925,0.03892
case.lis,198,T_MAN,C,1.3158601134215502,0.03563
case.lis,198,1_2LT,C,1.6019846996281406,0.03574
case.lis,198,1_2LT,A,1.8461974848460645,0.03444
case.lis,198,1_2LT,B,1.6965798965183667,0.03772
case.lis,198,T_OPO,A,1.7538339323908163,0.03457
case.lis,198,T_OPO,B,1.751859110554949,0.03633
case.lis,198,T_OPO,C,1.7352813795184465,0.03552
case.lis,199,T_MAN,A,1.1737898595099265,0.04174
case.lis,199,T_MAN,B,1.282822261863557,0.0395
case.lis,199,T_MAN,C,1.3937623472403418,0.03706
case.lis,199,1_2LT,C,1.8378821764867719,0.03714
case.lis,199,1_2LT,A,1.3452522697622407,0.04191
case.lis,199,1_2LT,B,1.5669908588265573,0.0381
case.lis,199,T_OPO,A,1.5216488724406931,0.04056
case.lis,199,T_OPO,B,1.7547801059666126,0.03815
case.lis,199,T_OPO,C,1.788649502560416,0.03704
case.lis,200,T_MAN,A,1.43520871162704,0.03254
case.lis,200,T_MAN,B,1.1617860077921849,0.03821
case.lis,200,T_MAN,C,1.297116359150492,0.03558
case.lis,200,1_2LT,C,1.5494816155914695,0.03694
case.lis,200,1_2LT,A,2.0328564214524705,0.0326
case.lis,200,1_2LT,B,1.8958580721886455,0.03204
case.lis,200,T_OPO,A,1.832749309974529,0.03273
case.lis,200,T_OPO,B,1.8328697072162021,0.03222
case.lis,200,T_OPO,C,1.672640201638311,0.03685
case.lis,201,T_MAN,A,1.1730733956353117,0.0334
case.lis,201,T_MAN,B,1.2027766092458976,0.03082
case.lis,201,T_MAN,C,1.1770677245578067,0.02856
case.lis,201,1_2LT,C,1.5257645925965369,0.02844
case.lis,201,1_2LT,A,1.490625061015114,0.02762
case.lis,201,1_2LT,B,1.6424982028275512,0.03075
case.lis,201,T_OPO,A,1.7169115968653763,0.03326
case.lis,201,T_OPO,B,1.7171396114557542,0.03082
case.lis,201,T_OPO,C,1.6161676739707305,0.02866
case.lis,202,T_MAN,A,1.454057562767912,0.03453
case.lis,202,T_MAN,B,1.0895375986226115,0.03923
case.lis,202,T_MAN,C,1.207522387000009,0.03582
case.lis,202,1_2LT,C,1.4766794465596351,0.03558
case.lis,202,1_2LT,A,1.8788234688534484,0.03463
case.lis,202,1_2LT,B,1.3269166821977867,0.03941
case.lis,202,T_OPO,A,1.8053121932603815,0.03476
case.lis,202,T_OPO,B,1.4044472430043398,0.03925
case.lis,202,T_OPO,C,1.744277625424887,0.03567
case.lis,203,T_MAN,A,1.4903609787268033,0.03416
case.lis,203,T_MAN,B,1.176572947451565,0.03836
case.lis,203,T_MAN,C,1.421308252793383,0.03546
case.lis,203,1_2LT,C,1.7028313675372968,0.03543
case.lis,203,1_2LT,A,1.8308930038960922,0.03428
case.lis,203,1_2LT,B,1.206245817691277,0.04699
case.lis,203,T_OPO,A,1.7638805967500022,0.03442
case.lis,203,T_OPO,B,1.3168231227313472,0.03859
case.lis,203,T_OPO,C,1.7476354535530765,0.03543
case.lis,204,T_MAN,A,1.3222395874934547,0.02494
case.lis,204,T_MAN,B,1.1166478518242409,0.03122
case.lis,204,T_MAN,C,1.1927850404252864,0.0274
case.lis,204,1_2LT,C,1.6381050258704084,0.02726
case.lis,204,1_2LT,A,1.9239727717280368,0.02507
case.lis,204,1_2LT,B,1.5343274137579097,0.03122
case.lis,204,T_OPO,A,1.797045714742139,0.02522
case.lis,204,T_OPO,B,1.632675435093231,0.0314
case.lis,204,T_OPO,C,1.7399984823877102,0.0272
case.lis,205,T_MAN,A,1.2860353932035817,0.02505
case.lis,205,T_MAN,B,1.348811469953939,0.02257
case.lis,205,T_MAN,C,1.130066828190314,0.02715
case.lis,205,1_2LT,C,1.1887174844910673,0.02717
case.lis,205,1_2LT,A,1.51764104475625,0.02543
case.lis,205,1_2LT,B,1.895228467211587,0.02269
case.lis,205,T_OPO,A,1.6960288257585843,0.02536
case.lis,205,T_OPO,B,1.8168177267765382,0.02249
case.lis,205,T_OPO,C,1.2598593501779423,0.02732
case.lis,206,T_MAN,A,1.3213205356905138,0.03351
case.lis,206,T_MAN,B,1.1165549934769297,0.0386
case.lis,206,T_MAN,C,1.2824996228156589,0.03494
case.lis,206,1_2LT,C,1.6965449026864399,0.03479
case.lis,206,1_2LT,A,1.8936571616212714,0.03353
case.lis,206,1_2LT,B,1.201876789406889,0.03876
case.lis,206,T_OPO,A,1.815529238442628,0.03371
case.lis,206,T_OPO,B,1.2390763243607834,0.03858
case.lis,206,T_OPO,C,1.7888026837775235,0.03615
case.lis,207,T_MAN,A,1.220285000488121,0.03238
case.lis,207,T_MAN,B,1.0838650123805214,0.03835
case.lis,207,T_MAN,C,1.229521109010712,0.03607
case.lis,207,1_2LT,C,1.517793515979304,0.03617
case.lis,207,1_2LT,A,1.8086447722250325,0.03234
case.lis,207,1_2LT,B,1.3850312574882184,0.03848
case.lis,207,T_OPO,A,1.7584538725738172,0.03248
case.lis,207,T_OPO,B,1.4675924456632674,0.03848
case.lis,207,T_OPO,C,1.6360463981114157,0.03634
case.lis,208,T_MAN,A,1.2008356630013224,0.03263
case.lis,208,T_MAN,B,1.2144779324973154,0.03083
case.lis,208,T_MAN,C,1.3633206155648447,0.0294
case.lis,208,1_2LT,C,1.9635610106765355,0.02951
case.lis,208,1_2LT,A,1.5432193260381444,0.03121
case.lis,208,1_2LT,B,1.5538919211551603,0.03075
case.lis,208,T_OPO,A,1.736017803100899,0.03126
case.lis,208,T_OPO,B,1.7651349432448502,0.03216
case.lis,208,T_OPO,C,1.7876364031701235,0.02965
case.lis,209,T_MAN,A,1.3271243465835976,0.02518
case.lis,209,T_MAN,B,1.1151691117086895,0.03081
case.lis,209,T_MAN,C,1.2998841112205684,0.02752
case.lis,209,1_2LT,C,1.8033833080397952,0.0263
case.lis,209,1_2LT,A,1.9193151219858535,0.02531
case.lis,209,1_2LT,B,1.4023718238859748,0.02998
case.lis,209,T_OPO,A,1.7979347160467531,0.02546
case.lis,209,T_OPO,B,1.5441483177578388,0.03013
case.lis,209,T_OPO,C,1.7847661723333066,0.02767
case.lis,210,T_MAN,A,1.1687107395475564,0.04202
case.lis,210,T_MAN,B,1.5188117450766352,0.03809
case.lis,210,T_MAN,C,1.2323117406391721,0.03763
case.lis,210,1_2LT,C,1.8523940999494128,0.03761
case.lis,210,1_2LT,A,1.5770678133070635,0.04067
case.lis,210,1_2LT,B,1.8834262804299013,0.03806
case.lis,210,T_OPO,A,1.7521366383556538,0.04076
case.lis,210,T_OPO,B,1.8257707340451024,0.03827
case.lis,210,T_OPO,C,1.8323847812774567,0.03778
case.lis,211,T_MAN,A,1.4248983111016444,0.03386
case.lis,211,T_MAN,B,1.0896989713961145,0.03927
case.lis,211,T_MAN,C,1.2182012300646983,0.03649
case.lis,211,1_2LT,C,1.656619807059116,0.03638
case.lis,211,1_2LT,A,1.987315618981691,0.03398
case.lis,211,1_2LT,B,1.2386110830071797,0.03879
case.lis,211,T_OPO,A,1.8120680706799082,0.03412
case.lis,211,T_OPO,B,1.264557860077922,0.03896
case.lis,211,T_OPO,C,1.771406675719091,0.03512
case.lis,212,T_MAN,A,1.1543527072960764,0.04138
case.lis,212,T_MAN,B,1.2319320446941258,0.03866
case.lis,212,T_MAN,C,1.451689253352503,0.03588
case.lis,212,1_2LT,C,2.053634548310658,0.03595
case.lis,212,1_2LT,A,1.55343629134606,0.03558
case.lis,212,1_2LT,B,1.573790906751156,0.03728
case.lis,212,T_OPO,A,1.7547934183551213,0.03559
case.lis,212,T_OPO,B,1.8061118773130276,0.03859
case.lis,212,T_OPO,C,1.8197644594726519,0.03609
case.lis,213,T_MAN,A,1.1039419757359532,0.04197
case.lis,213,T_MAN,B,1.2214388029500254,0.03816
case.lis,213,T_MAN,C,1.3440938257142097,0.03724
case.lis,213,1_2LT,C,1.9326916762072117,0.03726
case.lis,213,1_2LT,A,1.3521532344666614,0.04061
case.lis,213,1_2LT,B,1.5150649200812942,0.03984
case.lis,213,T_OPO,A,1.5031654197396098,0.04079
case.lis,213,T_OPO,B,1.7450643787108284,0.0384
case.lis,213,T_OPO,C,1.8022895533249907,0.03749
case.lis,214,T_MAN,A,1.0714384479529984,0.04097
case.lis,214,T_MAN,B,1.256623516778047,0.03855
case.lis,214,T_MAN,C,1.4068103517133046,0.03724
case.lis,214,1_2LT,C,1.870683191778269,0.03724
case.lis,214,1_2LT,A,1.1577751448831617,0.04215
case.lis,214,1_2LT,B,1.5909141883436726,0.03983
case.lis,214,T_OPO,A,1.1731408361954967,0.04218
case.lis,214,T_OPO,B,1.75985707819697,0.04001
case.lis,214,T_OPO,C,1.7911759276516057,0.03749
case.lis,215,T_MAN,A,1.1651889205427903,0.0337
case.lis,215,T_MAN,B,1.5538246492185628,0.02991
case.lis,215,T_MAN,C,1.1706947114317916,0.0295
case.lis,215,1_2LT,C,1.7044643361111853,0.02962
case.lis,215,1_2LT,A,1.5100588141324316,0.03123
case.lis,215,1_2LT,B,2.0139794279222913,0.02995
case.lis,215,T_OPO,A,1.7686129822412737,0.0326
case.lis,215,T_OPO,B,1.815036254071372,0.0301
case.lis,215,T_OPO,C,1.7955085953655139,0.0296
case.lis,216,T_MAN,A,1.3027328558623321,0.04148
case.lis,216,T_MAN,B,1.2767267232886923,0.03751
case.lis,216,T_MAN,C,1.4131247725800298,0.0369
case.lis,216,1_2LT,C,1.817497537208126,0.03702
case.lis,216,1_2LT,A,1.8130316746097253,0.04015
case.lis,216,1_2LT,B,1.7588852472110545,0.03766
case.lis,216,T_OPO,A,1.756182805719002,0.04028
case.lis,216,T_OPO,B,1.7463775837127364,0.03776
case.lis,216,T_OPO,C,1.76111619940183,0.03716
case.lis,217,T_MAN,A,1.2220418985241,0.0322
case.lis,217,T_MAN,B,1.5821490632515953,0.03129
case.lis,217,T_MAN,C,1.216817274155329,0.03606
case.lis,217,1_2LT,C,1.59479432359754,0.03615
case.lis,217,1_2LT,A,1.5489640565510263,0.03223
case.lis,217,1_2LT,B,2.086543216450562,0.03139
case.lis,217,T_OPO,A,1.6842125988444845,0.03241
case.lis,217,T_OPO,B,1.856369711653665,0.03154
case.lis,217,T_OPO,C,1.684028595010517,0.03632
case.lis,218,T_MAN,A,1.1758460111646565,0.03256
case.lis,218,T_MAN,B,1.3942202934050427,0.0313
case.lis,218,T_MAN,C,1.1161091438359203,0.03608
case.lis,218,1_2LT,C,1.2794106161860894,0.03619
case.lis,218,1_2LT,A,1.6099435377228717,0.0339
case.lis,218,1_2LT,B,1.904732287867089,0.03127
case.lis,218,T_OPO,A,1.7586946581822376,0.03245
case.lis,218,T_OPO,B,1.8163262245178697,0.03153
case.lis,218,T_OPO,C,1.4814695989421087,0.03635
case.lis,219,T_MAN,A,1.3054787578654028,0.02391
case.lis,219,T_MAN,B,1.3892807316488722,0.02298
case.lis,219,T_MAN,C,1.2625553662238078,0.02778
case.lis,219,1_2LT,C,1.5808562528288828,0.02788
case.lis,219,1_2LT,A,1.5360151583730486,0.02406
case.lis,219,1_2LT,B,1.981366587679828,0.02308
case.lis,219,T_OPO,A,1.7611933225059242,0.02413
case.lis,219,T_OPO,B,1.7979688046362612,0.02323
case.lis,219,T_OPO,C,1.6798989323464417,0.02654
case.lis,220,T_MAN,A,1.192819439637193,0.0325
case.lis,220,T_MAN,B,1.3337845345545232,0.03087
case.lis,220,T_MAN,C,1.4027977848185522,0.02926
case.lis,220,1_2LT,C,1.8198394880942872,0.02938
case.lis,220,1_2LT,A,1.4823367324298657,0.03251
case.lis,220,1_2LT,B,1.6821171135191744,0.0307
case.lis,220,T_OPO,A,1.6019142415932266,0.03115
case.lis,220,T_OPO,B,1.755079829956424,0.03204
case.lis,220,T_OPO,C,1.73678462330378,0.02925
case.lis,221,T_MAN,A,1.2809316896970988,0.02663
case.lis,221,T_MAN,B,1.1509978966426158,0.02993
case.lis,221,T_MAN,C,1.255308332667714,0.02794
case.lis,221,1_2LT,C,1.5741442796666578,0.02771
case.lis,221,1_2LT,A,1.8183624874641675,0.02675
case.lis,221,1_2LT,B,1.4200042599643228,0.03002
case.lis,221,T_OPO,A,1.7624714005520203,0.02689
case.lis,221,T_OPO,B,1.5339023048181972,0.03017
case.lis,221,T_OPO,C,1.7603938159517913,0.02789
case.lis,222,T_MAN,A,1.584280554150359,0.02477
case.lis,222,T_MAN,B,1.236084844289429,0.02329
case.lis,222,T_MAN,C,1.183913149977369,0.02787
case.lis,222,1_2LT,C,1.5140948907052905,0.0262
case.lis,222,1_2LT,A,1.8927352520922638,0.02489
case.lis,222,1_2LT,B,1.8597608030032748,0.02342
case.lis,222,T_OPO,A,1.7986219015415748,0.02461
case.lis,222,T_OPO,B,1.7834893279018789,0.02356
case.lis,222,T_OPO,C,1.7465514790063634,0.02755
case.lis,223,T_MAN,A,1.2607653735899962,0.02641
case.lis,223,T_MAN,B,1.2534820770876045,0.03113
case.lis,223,T_MAN,C,1.4944310640148388,0.02867
case.lis,223,1_2LT,C,2.0315709949679173,0.02874
case.lis,223,1_2LT,A,1.8224258721833206,0.02653
case.lis,223,1_2LT,B,1.8111595090391117,0.02962
case.lis,223,T_OPO,A,1.739638258029589,0.02667
case.lis,223,T_OPO,B,1.7951834003390221,0.02977
case.lis,223,T_OPO,C,1.8487292881422117,0.02889
case.lis,224,T_MAN,A,1.362881067121063,0.02599
case.lis,224,T_MAN,B,1.1020711414041908,0.03072
case.lis,224,T_MAN,C,1.2166956432989873,0.0269
case.lis,224,1_2LT,C,1.4604415364271324,0.02859
case.lis,224,1_2LT,A,1.9074321290059197,0.0261
case.lis,224,1_2LT,B,1.3289193003008601,0.03089
case.lis,224,T_OPO,A,1.8191372684753764,0.02625
case.lis,224,T_OPO,B,1.3873621058423635,0.02953
case.lis,224,T_OPO,C,1.63324665193429,0.02725
case.lis,225,T_MAN,A,1.1302838112480809,0.03389
case.lis,225,T_MAN,B,1.3279810431587638,0.02941
case.lis,225,T_MAN,C,1.3242719454724565,0.02937
case.lis,225,1_2LT,C,1.7783302182344223,0.02943
case.lis,225,1_2LT,A,1.2631688188361423,0.03256
case.lis,225,1_2LT,B,1.78164896118995,0.03075
case.lis,225,T_OPO,A,1.3841007215314574,0.0337
case.lis,225,T_OPO,B,1.7521728480523975,0.02956
case.lis,225,T_OPO,C,1.7881491963754805,0.02916
case.lis,226,T_MAN,A,1.3157399469279445,0.02498
case.lis,226,T_MAN,B,1.1967006221322896,0.02104
case.lis,226,T_MAN,C,1.1232532460040647,0.02763
case.lis,226,1_2LT,C,1.6433264108913088,0.0218
case.lis,226,1_2LT,A,1.8073351260683193,0.02501
case.lis,226,1_2LT,B,1.7355530853679102,0.02115
case.lis,226,T_OPO,A,1.7504963745928628,0.02516
case.lis,226,T_OPO,B,1.7176768550813386,0.02129
case.lis,226,T_OPO,C,1.7443107288976456,0.02172
case.lis,227,T_MAN,A,1.1819253263753915,0.02602
case.lis,227,T_MAN,B,1.2635297443133915,0.02205
case.lis,227,T_MAN,C,1.1072301001979108,0.02833
case.lis,227,1_2LT,C,1.3993351615680218,0.02847
case.lis,227,1_2LT,A,1.4737011102532016,0.02436
case.lis,227,1_2LT,B,1.9171199002458352,0.02209
case.lis,227,T_OPO,A,1.6947385003150597,0.02451
case.lis,227,T_OPO,B,1.8329457298295126,0.02228
case.lis,227,T_OPO,C,1.5173960968076894,0.02286
case.lis,228,T_MAN,A,1.1771872431818384,0.0341
case.lis,228,T_MAN,B,1.2210830071798149,0.03118
case.lis,228,T_MAN,C,1.3598388313497873,0.0278
case.lis,228,1_2LT,C,1.820367217799551,0.02792
case.lis,228,1_2LT,A,1.2985815295046905,0.03399
case.lis,228,1_2LT,B,1.5282406347346842,0.02978
case.lis,228,T_OPO,A,1.5729024823167106,0.03384
case.lis,228,T_OPO,B,1.7392844147430266,0.02849
case.lis,228,T_OPO,C,1.8614909165135742,0.02791
case.lis,229,T_MAN,A,1.2154539701979996,0.03335
case.lis,229,T_MAN,B,1.4756188041925147,0.03194
case.lis,229,T_MAN,C,1.1742662655200262,0.03671
case.lis,229,1_2LT,C,1.4904358475997763,0.03518
case.lis,229,1_2LT,A,1.6286228067839932,0.03337
case.lis,229,1_2LT,B,1.8944385278273295,0.03205
case.lis,229,T_OPO,A,1.7376474258278087,0.03472
case.lis,229,T_OPO,B,1.7592048066597443,0.0322
case.lis,229,T_OPO,C,1.660021299821614,0.03532
case.lis,230,T_MAN,A,1.178024441545302,0.04157
case.lis,230,T_MAN,B,1.1955998562262042,0.0391
case.lis,230,T_MAN,C,1.2808233268546374,0.03559
case.lis,230,1_2LT,C,1.8324560469306068,0.03574
case.lis,230,1_2LT,A,1.5728876345660605,0.04168
case.lis,230,1_2LT,B,1.4803935230792442,0.03905
case.lis,230,T_OPO,A,1.7400758806144998,0.04158
case.lis,230,T_OPO,B,1.6881397978291932,0.03768
case.lis,230,T_OPO,C,1.814827515819555,0.03557
case.lis,231,T_MAN,A,1.4142219796409206,0.03383
case.lis,231,T_MAN,B,1.1314021938816263,0.03862
case.lis,231,T_MAN,C,1.2630118835254756,0.03639
case.lis,231,1_2LT,C,1.5445469794190474,0.03526
case.lis,231,1_2LT,A,1.776739281308519,0.03393
case.lis,231,1_2LT,B,1.320117424141573,0.03873
case.lis,231,T_OPO,A,1.7950659140729697,0.03382
case.lis,231,T_OPO,B,1.5897682490659142,0.03738
case.lis,231,T_OPO,C,1.7462185716694625,0.03508
case.lis,232,T_MAN,A,1.32473210149365,0.03475
case.lis,232,T_MAN,B,1.2226410270063988,0.03835
case.lis,232,T_MAN,C,1.4332424540944468,0.03591
case.lis,232,1_2LT,C,1.8887219219539035,0.0359
case.lis,232,1_2LT,A,1.8106490765639838,0.03487
case.lis,232,1_2LT,B,1.2248149577997285,0.03937
case.lis,232,T_OPO,A,1.7687864959130968,0.03467
case.lis,232,T_OPO,B,1.3908851939615006,0.03954
case.lis,232,T_OPO,C,1.8268070679908057,0.03601
case.lis,233,T_MAN,A,1.181522085252536,0.03289
case.lis,233,T_MAN,B,1.4622653247779052,0.02993
case.lis,233,T_MAN,C,1.3292267188512297,0.02823
case.lis,233,1_2LT,C,1.8965626702876364,0.02819
case.lis,233,1_2LT,A,1.483125544698563,0.03405
case.lis,233,1_2LT,B,2.0516184314456365,0.03004
case.lis,233,T_OPO,A,1.6459277403551746,0.03418
case.lis,233,T_OPO,B,1.8382511071469776,0.03017
case.lis,233,T_OPO,C,1.7927657907115027,0.02833
case.lis,234,T_MAN,A,1.489752504947771,0.03307
case.lis,234,T_MAN,B,1.3274385633270323,0.03874
case.lis,234,T_MAN,C,1.4620635089681124,0.03579
case.lis,234,1_2LT,C,1.8082379722569821,0.03586
case.lis,234,1_2LT,A,1.9999531315175236,0.03312
case.lis,234,1_2LT,B,1.6767592321414309,0.03283
case.lis,234,T_OPO,A,1.8014377202090932,0.03331
case.lis,234,T_OPO,B,1.785709772180658,0.03275
case.lis,234,T_OPO,C,1.8265007943058478,0.03601
case.lis,235,T_MAN,A,1.2372836514994188,0.0237
case.lis,235,T_MAN,B,1.2768625540261098,0.02154
case.lis,235,T_MAN,C,1.1449078161470398,0.02752
case.lis,235,1_2LT,C,1.4994811185956318,0.02768
case.lis,235,1_2LT,A,1.6365138404465862,0.02381
case.lis,235,1_2LT,B,1.8686313622123416,0.0215
case.lis,235,T_OPO,A,1.7543723208818127,0.02518
case.lis,235,T_OPO,B,1.7790909768630687,0.02164
case.lis,235,T_OPO,C,1.6523557158958793,0.02782
case.lis,236,T_MAN,A,1.305360898852472,0.02565
case.lis,236,T_MAN,B,1.176000869742716,0.03053
case.lis,236,T_MAN,C,1.624531599172857,0.02843
case.lis,236,1_2LT,C,1.770629995473788,0.02853
case.lis,236,1_2LT,A,1.899400410021566,0.02578
case.lis,236,1_2LT,B,1.3395432963248932,0.03001
case.lis,236,T_OPO,A,1.7920783300939855,0.02593
case.lis,236,T_OPO,B,1.4807220639527146,0.03018
case.lis,236,T_OPO,C,1.814340362274466,0.02836
case.lis,237,T_MAN,A,1.3056671192878762,0.03257
case.lis,237,T_MAN,B,1.3289012842017447,0.0308
case.lis,237,T_MAN,C,1.171669639766767,0.03556
case.lis,237,1_2LT,C,1.466975425330813,0.03548
case.lis,237,1_2LT,A,1.4044691108211969,0.03123
case.lis,237,1_2LT,B,1.8744395040691535,0.03091
case.lis,237,T_OPO,A,1.7437489461025764,0.03145
case.lis,237,T_OPO,B,1.821679934680547,0.03093
case.lis,237,T_OPO,C,1.5947470202437055,0.03534
case.lis,238,T_MAN,A,1.4105858870931958,0.03417
case.lis,238,T_MAN,B,1.1529780079341836,0.0389
case.lis,238,T_MAN,C,1.1676410447562502,0.03508
case.lis,238,1_2LT,C,1.3777990184332207,0.03561
case.lis,238,1_2LT,A,1.8487596670127888,0.03416
case.lis,238,1_2LT,B,1.5565408024707792,0.0375
case.lis,238,T_OPO,A,1.779629178980626,0.03442
case.lis,238,T_OPO,B,1.6671655084888666,0.03618
case.lis,238,T_OPO,C,1.668868003230473,0.03543
case.lis,239,T_MAN,A,1.1035709150935862,0.04235
case.lis,239,T_MAN,B,1.2307030183622212,0.03852
case.lis,239,T_MAN,C,1.195961110075703,0.03624
case.lis,239,1_2LT,C,1.677385535646139,0.03479
case.lis,239,1_2LT,A,1.432394809943467,0.04247
case.lis,239,1_2LT,B,1.644136877978647,0.03861
case.lis,239,T_OPO,A,1.501722889320802,0.04265
case.lis,239,T_OPO,B,1.7025103703506483,0.03868
case.lis,239,T_OPO,C,1.736764912093861,0.03494
case.lis,240,T_MAN,A,1.2242481606716542,0.02495
case.lis,240,T_MAN,B,1.4563056968147892,0.02251
case.lis,240,T_MAN,C,1.2631153740337426,0.02728
case.lis,240,1_2LT,C,1.5875106898479727,0.02739
case.lis,240,1_2LT,A,1.465406160973402,0.0251
case.lis,240,1_2LT,B,1.889842177196766,0.02261
case.lis,240,T_OPO,A,1.7382756019418337,0.02368
case.lis,240,T_OPO,B,1.791292695048679,0.02251
case.lis,240,T_OPO,C,1.7311348012460395,0.02755
case.lis,241,T_MAN,A,1.0994506421008725,0.03392
case.lis,241,T_MAN,B,1.2113252039014173,0.03007
case.lis,241,T_MAN,C,1.2206023767050953,0.02929
case.lis,241,1_2LT,C,1.8779296129644916,0.02915
case.lis,241,1_2LT,A,1.3779838742600532,0.03226
case.lis,241,1_2LT,B,1.5818959503714156,0.03006
case.lis,241,T_OPO,A,1.555495584724478,0.03242
case.lis,241,T_OPO,B,1.7664360960976953,0.03023
case.lis,241,T_OPO,C,1.7802513290201194,0.0292
case.lis,242,T_MAN,A,1.254415781392831,0.03318
case.lis,242,T_MAN,B,1.2720267667758283,0.03227
case.lis,242,T_MAN,C,1.226707846321787,0.03582
case.lis,242,1_2LT,C,1.546669417893625,0.03714
case.lis,242,1_2LT,A,1.395015096248569,0.03319
case.lis,242,1_2LT,B,1.7787012433770868,0.03237
case.lis,242,T_OPO,A,1.551044383503288,0.03339
case.lis,242,T_OPO,B,1.7547637938532263,0.03242
case.lis,242,T_OPO,C,1.6878752540447475,0.03569
case.lis,243,T_MAN,A,1.1933129210042868,0.02441
case.lis,243,T_MAN,B,1.64607641311004,0.02177
case.lis,243,T_MAN,C,1.3122142052060313,0.01899
case.lis,243,1_2LT,C,1.8954641142380433,0.01896
case.lis,243,1_2LT,A,1.4380596483754449,0.01971
case.lis,243,1_2LT,B,1.8370838946723822,0.02186
case.lis,243,T_OPO,A,1.5172426493428117,0.02325
case.lis,243,T_OPO,B,1.7629171525688472,0.02322
case.lis,243,T_OPO,C,1.7801260239445496,0.0191
case.lis,244,T_MAN,A,1.4134715070511283,0.03373
case.lis,244,T_MAN,B,1.0981966772278282,0.03843
case.lis,244,T_MAN,C,1.1419125464824231,0.03619
case.lis,244,1_2LT,C,1.4478074496126097,0.03637
case.lis,244,1_2LT,A,1.945492868997222,0.03385
case.lis,244,1_2LT,B,1.268778384231032,0.03848
case.lis,244,T_OPO,A,1.8123803438146204,0.03399
case.lis,244,T_OPO,B,1.3720753037443312,0.03849
case.lis,244,T_OPO,C,1.5235611526753463,0.035
case.lis,245,T_MAN,A,1.418333910203502,0.02489
case.lis,245,T_MAN,B,1.0947881111495692,0.02946
case.lis,245,T_MAN,C,1.3375516387550255,0.02707
case.lis,245,1_2LT,C,1.8247520700764133,0.02704
case.lis,245,1_2LT,A,1.8776758344648865,0.02498
case.lis,245,1_2LT,B,1.6876406010099665,0.02427
case.lis,245,T_OPO,A,1.8362960497705831,0.02512
case.lis,245,T_OPO,B,1.744674245853191,0.02968
case.lis,245,T_OPO,C,1.7937399203031674,0.02705
case.lis,246,T_MAN,A,1.2156062905473166,0.02431
case.lis,246,T_MAN,B,1.4632261774807636,0.02184
case.lis,246,T_MAN,C,1.196211915475208,0.02096
case.lis,246,1_2LT,C,1.8232499977812686,0.02092
case.lis,246,1_2LT,A,1.4776809819217764,0.02428
case.lis,246,1_2LT,B,1.9612920649289562,0.02195
case.lis,246,T_OPO,A,1.7398119403249999,0.0231
case.lis,246,T_OPO,B,1.8210366800678046,0.02209
case.lis,246,T_OPO,C,1.7609988728844397,0.02106
case.lis,247,T_MAN,A,1.3071306477808249,0.02563
case.lis,247,T_MAN,B,1.1201454600317722,0.03086
case.lis,247,T_MAN,C,1.3583359780611837,0.02663
case.lis,247,1_2LT,C,1.8876865642500245,0.02675
case.lis,247,1_2LT,A,1.9005415479645358,0.02576
case.lis,247,1_2LT,B,1.2788667607408788,0.03043
case.lis,247,T_OPO,A,1.7925343237750384,0.02591
case.lis,247,T_OPO,B,1.380296866263745,0.03059
case.lis,247,T_OPO,C,1.800527720830338,0.0269
case.lis,248,T_MAN,A,1.1561666533542783,0.02443
case.lis,248,T_MAN,B,1.456216388437747,0.02302
case.lis,248,T_MAN,C,1.2119030414370278,0.02778
case.lis,248,1_2LT,C,1.4719300922104777,0.0279
case.lis,248,1_2LT,A,1.416537447748875,0.02438
case.lis,248,1_2LT,B,1.8596260461318637,0.02313
case.lis,248,T_OPO,A,1.5499608615777842,0.02427
case.lis,248,T_OPO,B,1.7989297283385253,0.02291
case.lis,248,T_OPO,C,1.5874767787569781,0.02806
case.lis,249,T_MAN,A,1.080273258961456,0.04211
case.lis,249,T_MAN,B,1.251692102203644,0.03794
case.lis,249,T_MAN,C,1.4700449958731596,0.03664
case.lis,249,1_2LT,C,2.0011415816892533,0.03674
case.lis,249,1_2LT,A,1.2700312219885157,0.03621
case.lis,249,1_2LT,B,1.6058487180169865,0.03791
case.lis,249,T_OPO,A,1.6162887634566059,0.03637
case.lis,249,T_OPO,B,1.806950193917126,0.03789
case.lis,249,T_OPO,C,1.807794314722614,0.03688
case.lis,250,T_MAN,A,1.2297465321227934,0.02391
case.lis,250,T_MAN,B,1.5459281397268299,0.02247
case.lis,250,T_MAN,C,1.1524875440418187,0.02686
case.lis,250,1_2LT,C,1.4400169511080345,0.02204
case.lis,250,1_2LT,A,1.5274615937591522,0.02509
case.lis,250,1_2LT,B,2.1150624706018086,0.02257
case.lis,250,T_OPO,A,1.7706203573045076,0.02372
case.lis,250,T_OPO,B,1.8460823060606868,0.02271
case.lis,250,T_OPO,C,1.7273330848354145,0.02222
case.lis,251,T_MAN,A,1.5642344932861187,0.02549
case.lis,251,T_MAN,B,1.1312963603929818,0.03057
case.lis,251,T_MAN,C,1.2262831456286551,0.02679
case.lis,251,1_2LT,C,1.5255736396957675,0.02793
case.lis,251,1_2LT,A,1.954883339102035,0.0255
case.lis,251,1_2LT,B,1.5538161115400657,0.02453
case.lis,251,T_OPO,A,1.818633083947922,0.02573
case.lis,251,T_OPO,B,1.652832015406871,0.02433
case.lis,251,T_OPO,C,1.578511461966506,0.02656
case.lis,252,T_MAN,A,1.2667138368966162,0.03458
case.lis,252,T_MAN,B,1.175046744233517,0.03781
case.lis,252,T_MAN,C,1.3453254878990388,0.03496
case.lis,252,1_2LT,C,1.9855388411122057,0.03501
case.lis,252,1_2LT,A,1.8069259121204861,0.03469
case.lis,252,1_2LT,B,1.4007295366401307,0.03899
case.lis,252,T_OPO,A,1.814697223035757,0.03465
case.lis,252,T_OPO,B,1.7111423183080843,0.03758
case.lis,252,T_OPO,C,1.7606643769358432,0.03517
case.lis,253,T_MAN,A,1.6416962645437845,0.02481
case.lis,253,T_MAN,B,1.2240748954977503,0.02336
case.lis,253,T_MAN,C,1.1581807999858003,0.02739
case.lis,253,1_2LT,C,1.4985389032366854,0.02744
case.lis,253,1_2LT,A,1.8219555898719348,0.02492
case.lis,253,1_2LT,B,1.853820824125598,0.02349
case.lis,253,T_OPO,A,1.8119762684487517,0.02466
case.lis,253,T_OPO,B,1.780457697666782,0.02363
case.lis,253,T_OPO,C,1.7071437116714148,0.02759
case.lis,254,T_MAN,A,1.1509238620126556,0.03357
case.lis,254,T_MAN,B,1.4624414033032473,0.03047
case.lis,254,T_MAN,C,1.2145871828323438,0.03528
case.lis,254,1_2LT,C,1.4839622549411149,0.03043
case.lis,254,1_2LT,A,1.5190446852507609,0.03191
case.lis,254,1_2LT,B,1.8007169164958243,0.03048
case.lis,254,T_OPO,A,1.6793817815525796,0.03174
case.lis,254,T_OPO,B,1.7605345367732546,0.03059
case.lis,254,T_OPO,C,1.7504368415914517,0.03024
case.lis,255,T_MAN,A,1.6081834802133532,0.02574
case.lis,255,T_MAN,B,1.1465054092671974,0.03043
case.lis,255,T_MAN,C,1.2253443382411673,0.02664
case.lis,255,1_2LT,C,1.5489711032420101,0.02668
case.lis,255,1_2LT,A,2.113634282062888,0.02586
case.lis,255,1_2LT,B,1.4175576204549287,0.03059
case.lis,255,T_OPO,A,1.8492702148619506,0.02601
case.lis,255,T_OPO,B,1.471449807857859,0.03067
case.lis,255,T_OPO,C,1.729331016977733,0.02686
case.lis,256,T_MAN,A,1.2255181181607604,0.03296
case.lis,256,T_MAN,B,1.3266515792930234,0.02982
case.lis,256,T_MAN,C,1.1884293777789612,0.02904
case.lis,256,1_2LT,C,1.8324066757190909,0.02918
case.lis,256,1_2LT,A,1.5117691809331097,0.03165
case.lis,256,1_2LT,B,1.8936610843384185,0.02971
case.lis,256,T_OPO,A,1.696017563477906,0.03181
case.lis,256,T_OPO,B,1.8043426786300665,0.02977
case.lis,256,T_OPO,C,1.7745111247193304,0.02936
case.lis,257,T_MAN,A,1.2344410128065175,0.02515
case.lis,257,T_MAN,B,1.1105461629258855,0.02427
case.lis,257,T_MAN,C,1.2235835529877437,0.02746
case.lis,257,1_2LT,C,1.7138589596812126,0.02758
case.lis,257,1_2LT,A,1.8754572805452754,0.02378
case.lis,257,1_2LT,B,1.761460111646565,0.0243
case.lis,257,T_OPO,A,1.8031938195017616,0.02395
case.lis,257,T_OPO,B,1.768069641541752,0.02445
case.lis,257,T_OPO,C,1.752382660170221,0.02772
case.lis,258,T_MAN,A,1.2250059018255721,0.02694
case.lis,258,T_MAN,B,1.1940991506696133,0.03025
case.lis,258,T_MAN,C,1.2410019347337966,0.02823
case.lis,258,1_2LT,C,1.5389251932515065,0.02803
case.lis,258,1_2LT,A,1.7729313879496258,0.02706
case.lis,258,1_2LT,B,1.5280612724868428,0.03032
case.lis,258,T_OPO,A,1.750266159020918,0.0272
case.lis,258,T_OPO,B,1.595048590218057,0.03016
case.lis,258,T_OPO,C,1.7476249367661547,0.0282
case.lis,259,T_MAN,A,1.486080832823025,0.02402
case.lis,259,T_MAN,B,1.362596359505489,0.02402
case.lis,259,T_MAN,C,1.1174789797385447,0.0276
case.lis,259,1_2LT,C,1.122028754759179,0.02752
case.lis,259,1_2LT,A,1.798996689652724,0.02413
case.lis,259,1_2LT,B,1.7741520186018442,0.02413
case.lis,259,T_OPO,A,1.7622225476361637,0.02529
case.lis,259,T_OPO,B,1.755351935177543,0.02426
case.lis,259,T_OPO,C,1.2297634211063484,0.02736
case.lis,260,T_MAN,A,1.4012780780460963,0.0261
case.lis,260,T_MAN,B,1.1203131073777257,0.03039
case.lis,260,T_MAN,C,1.23256760474631,0.027
case.lis,260,1_2LT,C,1.4336591318547707,0.02872
case.lis,260,1_2LT,A,1.9907500199685826,0.02621
case.lis,260,1_2LT,B,1.4596687877739025,0.02931
case.lis,260,T_OPO,A,1.8190081383068417,0.02635
case.lis,260,T_OPO,B,1.6450215216947557,0.02931
case.lis,260,T_OPO,C,1.726405859225929,0.02734
case.lis,261,T_MAN,A,1.1309713694897805,0.03314
case.lis,261,T_MAN,B,1.6522145602030582,0.03041
case.lis,261,T_MAN,C,1.1885909813005318,0.02903
case.lis,261,1_2LT,C,1.8347195700986003,0.02917
case.lis,261,1_2LT,A,1.2019943999219005,0.03199
case.lis,261,1_2LT,B,1.8425131127026813,0.03052
case.lis,261,T_OPO,A,1.3203308927287734,0.03189
case.lis,261,T_OPO,B,1.8147790587253831,0.03031
case.lis,261,T_OPO,C,1.765585390097358,0.02931
case.lis,262,T_MAN,A,1.1522716525999095,0.03273
case.lis,262,T_MAN,B,1.1610325088527385,0.02996
case.lis,262,T_MAN,C,1.1795867834606883,0.02782
case.lis,262,1_2LT,C,1.6708299741739663,0.0277
case.lis,262,1_2LT,A,1.4619839985090124,0.03391
case.lis,262,1_2LT,B,1.667103490508267,0.02999
case.lis,262,T_OPO,A,1.6901660676091839,0.0325
case.lis,262,T_OPO,B,1.7243597184873576,0.03013
case.lis,262,T_OPO,C,1.7170110404075365,0.02788
case.lis,263,T_MAN,A,1.2498517887412692,0.02585
case.lis,263,T_MAN,B,1.3244062230978815,0.02335
case.lis,263,T_MAN,C,1.161827515819555,0.02818
case.lis,263,1_2LT,C,1.5416180764486096,0.02827
case.lis,263,1_2LT,A,1.7293802639402895,0.02446
case.lis,263,1_2LT,B,2.0194632799950303,0.02347
case.lis,263,T_OPO,A,1.7680148566255756,0.02312
case.lis,263,T_OPO,B,1.8142792317864338,0.02361
case.lis,263,T_OPO,C,1.5835695661048839,0.02692
case.lis,264,T_MAN,A,1.2021659344852986,0.03357
case.lis,264,T_MAN,B,1.5804068265928273,0.03114
case.lis,264,T_MAN,C,1.241250335028444,0.02904
case.lis,264,1_2LT,C,1.84818502445042,0.029
case.lis,264,1_2LT,A,1.6089470255686609,0.03211
case.lis,264,1_2LT,B,1.9851739041685525,0.03126
case.lis,264,T_OPO,A,1.7501695199552703,0.03231
case.lis,264,T_OPO,B,1.854011111406942,0.03138
case.lis,264,T_OPO,C,1.773025657410119,0.02914
case.lis,265,T_MAN,A,1.1657950957160734,0.03373
case.lis,265,T_MAN,B,1.3043243075339244,0.03026
case.lis,265,T_MAN,C,1.2782969816377787,0.02906
case.lis,265,1_2LT,C,1.896451707091953,0.02912
case.lis,265,1_2LT,A,1.3655949040176787,0.0324
case.lis,265,1_2LT,B,1.6867824844466928,0.03011
case.lis,265,T_OPO,A,1.5821262458176912,0.0339
case.lis,265,T_OPO,B,1.7653723475065894,0.02876
case.lis,265,T_OPO,C,1.7586688143986795,0.02928
case.lis,266,T_MAN,A,1.3831239560868678,0.03502
case.lis,266,T_MAN,B,1.2348437036839817,0.03959
case.lis,266,T_MAN,C,1.2390891663782317,0.03679
case.lis,266,1_2LT,C,1.4811130931778447,0.03543
case.lis,266,1_2LT,A,1.7142786904159677,0.03512
case.lis,266,1_2LT,B,1.6687169076208987,0.03824
case.lis,266,T_OPO,A,1.8072260621067298,0.03491
case.lis,266,T_OPO,B,1.7443962476814256,0.03823
case.lis,266,T_OPO,C,1.49241016356488,0.03557
case.lis,267,T_MAN,A,1.1984819439637193,0.04193
case.lis,267,T_MAN,B,1.1951736467957081,0.0381
case.lis,267,T_MAN,C,1.3476211649227439,0.03718
case.lis,267,1_2LT,C,1.8764586384089035,0.0373
case.lis,267,1_2LT,A,1.426168960834953,0.04194
case.lis,267,1_2LT,B,1.4589459960772828,0.03977
case.lis,267,T_OPO,A,1.5836278921164035,0.04211
case.lis,267,T_OPO,B,1.6323275291319435,0.03827
case.lis,267,T_OPO,C,1.8065623862900149,0.03744
case.lis,268,T_MAN,A,1.2402256006105947,0.02501
case.lis,268,T_MAN,B,1.26640079164337,0.0229
case.lis,268,T_MAN,C,1.2248720679464309,0.0217
case.lis,268,1_2LT,C,1.7332239942490482,0.02174
case.lis,268,1_2LT,A,1.4622577810910835,0.02497
case.lis,268,1_2LT,B,1.8349615715718381,0.02144
case.lis,268,T_OPO,A,1.7181618253947124,0.02514
case.lis,268,T_OPO,B,1.8185568572113207,0.02138
case.lis,268,T_OPO,C,1.7371885122962096,0.02194
case.lis,269,T_MAN,A,1.2450909236135146,0.02566
case.lis,269,T_MAN,B,1.3983446754883428,0.02324
case.lis,269,T_MAN,C,1.1687503394659071,0.02802
case.lis,269,1_2LT,C,1.6296951995527038,0.02812
case.lis,269,1_2LT,A,1.7427312583757113,0.02429
case.lis,269,1_2LT,B,1.8844920347542091,0.02333
case.lis,269,T_OPO,A,1.7497636607293414,0.0244
case.lis,269,T_OPO,B,1.8345611438004206,0.02347
case.lis,269,T_OPO,C,1.7009444607151414,0.02827
case.lis,270,T_MAN,A,1.1569285657232622,0.02476
case.lis,270,T_MAN,B,1.3555073795006967,0.02238
case.lis,270,T_MAN,C,1.203828003940467,0.02703
case.lis,270,1_2LT,C,1.5464035961198823,0.02841
case.lis,270,1_2LT,A,1.238159340415524,0.02575
case.lis,270,1_2LT,B,1.8071469687691366,0.02231
case.lis,270,T_OPO,A,1.5331979907168276,0.02593
case.lis,270,T_OPO,B,1.7477436566468754,0.02116
case.lis,270,T_OPO,C,1.590820957249483,0.02708
case.lis,271,T_MAN,A,1.1880589650061681,0.04133
case.lis,271,T_MAN,B,1.30394899580216,0.03868
case.lis,271,T_MAN,C,1.4446737133576506,0.03627
case.lis,271,1_2LT,C,1.9461826282204886,0.03637
case.lis,271,1_2LT,A,1.5992216512686706,0.03555
case.lis,271,1_2LT,B,1.6877870639083397,0.03883
case.lis,271,T_OPO,A,1.6414803731018752,0.03569
case.lis,271,T_OPO,B,1.7352469714316143,0.0375
case.lis,271,T_OPO,C,1.8464808257230847,0.03651
case.lis,272,T_MAN,A,1.3536905490916515,0.02383
case.lis,272,T_MAN,B,1.2694915377583713,0.02306
case.lis,272,T_MAN,C,1.227666986163991,0.02767
case.lis,272,1_2LT,C,1.547749469723191,0.02783
case.lis,272,1_2LT,A,1.8717133044010756,0.02396
case.lis,272,1_2LT,B,1.8774386787010657,0.02319
case.lis,272,T_OPO,A,1.7863505418142123,0.02409
case.lis,272,T_OPO,B,1.7919484899313969,0.02333
case.lis,272,T_OPO,C,1.7095675603716818,0.02631
case.lis,273,T_MAN,A,1.52740317012345,0.0337
case.lis,273,T_MAN,B,1.1920556102842639,0.03204
case.lis,273,T_MAN,C,1.2303438146205528,0.03514
case.lis,273,1_2LT,C,1.6144728737896819,0.03516
case.lis,273,1_2LT,A,2.0314062319728072,0.03383
case.lis,273,1_2LT,B,1.7693117495140978,0.03216
case.lis,273,T_OPO,A,1.7880445965015042,0.03396
case.lis,273,T_OPO,B,1.7533768204691285,0.03211
case.lis,273,T_OPO,C,1.7206100623907274,0.03651
case.lis,274,T_MAN,A,1.1804273276711308,0.02446
case.lis,274,T_MAN,B,1.3464183906209786,0.02353
case.lis,274,T_MAN,C,1.218598445113022,0.0283
case.lis,274,1_2LT,C,1.5332129094668832,0.02841
case.lis,274,1_2LT,A,1.54906156535939,0.02447
case.lis,274,1_2LT,B,1.8221728036777691,0.02363
case.lis,274,T_OPO,A,1.7324871979197174,0.02464
case.lis,274,T_OPO,B,1.7881358129875664,0.02352
case.lis,274,T_OPO,C,1.7147307525049478,0.02695
case.lis,275,T_MAN,A,1.2872546837420238,0.03492
case.lis,275,T_MAN,B,1.2098663081196694,0.03823
case.lis,275,T_MAN,C,1.2334880232878052,0.03498
case.lis,275,1_2LT,C,1.340005768701687,0.03536
case.lis,275,1_2LT,A,1.8122781934201302,0.03504
case.lis,275,1_2LT,B,1.443065576825794,0.03827
case.lis,275,T_OPO,A,1.774680067804432,0.03519
case.lis,275,T_OPO,B,1.655417512003337,0.03966
case.lis,275,T_OPO,C,1.4294089299502117,0.03421
case.lis,276,T_MAN,A,1.1002162020643078,0.03334
case.lis,276,T_MAN,B,1.1310404962858436,0.03064
case.lis,276,T_MAN,C,1.2402807760235008,0.02665
case.lis,276,1_2LT,C,1.8167083965671789,0.02675
case.lis,276,1_2LT,A,1.3184658714733264,0.03288
case.lis,276,1_2LT,B,1.557638559777062,0.03056
case.lis,276,T_OPO,A,1.5128276134437375,0.03306
case.lis,276,T_OPO,B,1.7167823069481793,0.03062
case.lis,276,T_OPO,C,1.7564149560247433,0.02689
case.lis,277,T_MAN,A,1.2608768426564427,0.0267
case.lis,277,T_MAN,B,1.2178900751706205,0.03004
case.lis,277,T_MAN,C,1.2529148362132467,0.02801
case.lis,277,1_2LT,C,1.382918998553387,0.02714
case.lis,277,1_2LT,A,1.797619123689839,0.02682
case.lis,277,1_2LT,B,1.5962992447438251,0.02995
case.lis,277,T_OPO,A,1.7683464238487003,0.02697
case.lis,277,T_OPO,B,1.7829641364253572,0.03007
case.lis,277,T_OPO,C,1.5424767166324982,0.02735
case.lis,278,T_MAN,A,1.3862507077753223,0.03468
case.lis,278,T_MAN,B,1.1440424576444173,0.03826
case.lis,278,T_MAN,C,1.3110127177684887,0.03598
case.lis,278,1_2LT,C,1.5202494741606538,0.03456
case.lis,278,1_2LT,A,1.818714023270055,0.0348
case.lis,278,1_2LT,B,1.4312293902038569,0.03808
case.lis,278,T_OPO,A,1.7848017785351047,0.03459
case.lis,278,T_OPO,B,1.7042054989039468,0.03822
case.lis,278,T_OPO,C,1.7589295064653834,0.03579
case.lis,279,T_MAN,A,1.211115409533445,0.03544
case.lis,279,T_MAN,B,1.1740921217284805,0.03862
case.lis,279,T_MAN,C,1.2928648260070823,0.03626
case.lis,279,1_2LT,C,1.8172982951267784,0.03495
case.lis,279,1_2LT,A,1.7080325621022923,0.03535
case.lis,279,1_2LT,B,1.6173806633119447,0.03874
case.lis,279,T_OPO,A,1.7603931680822174,0.03562
case.lis,279,T_OPO,B,1.7230063455718556,0.03864
case.lis,279,T_OPO,C,1.799028994382172,0.03513
case.lis,280,T_MAN,A,1.2313597184873577,0.03333
case.lis,280,T_MAN,B,1.473827755442548,0.03022
case.lis,280,T_MAN,C,1.2636577828660684,0.02889
case.lis,280,1_2LT,C,1.8600558321574057,0.02885
case.lis,280,1_2LT,A,1.3806515970428748,0.03165
case.lis,280,1_2LT,B,1.8734614872600441,0.03021
case.lis,280,T_OPO,A,1.616760172883552,0.03299
case.lis,280,T_OPO,B,1.7768759374140242,0.03034
case.lis,280,T_OPO,C,1.7788609299147118,0.02899
case.lis,281,T_MAN,A,1.196538965361165,0.03226
case.lis,281,T_MAN,B,1.223888726181918,0.03097
case.lis,281,T_MAN,C,1.5686416926258242,0.02855
case.lis,281,1_2LT,C,1.882293937538273,0.02864
case.lis,281,1_2LT,A,1.416257035597327,0.03338
case.lis,281,1_2LT,B,1.5313656735624839,0.03109
case.lis,281,T_OPO,A,1.5598664412435546,0.03346
case.lis,281,T_OPO,B,1.6336095210202615,0.02967
case.lis,281,T_OPO,C,1.8310411441554177,0.02877
case.lis,282,T_MAN,A,1.3818379793569229,0.03477
case.lis,282,T_MAN,B,1.1387903831305413,0.03949
case.lis,282,T_MAN,C,1.3382050462827373,0.03568
case.lis,282,1_2LT,C,1.7581501992420814,0.03573
case.lis,282,1_2LT,A,1.8720767769819928,0.03489
case.lis,282,1_2LT,B,1.5553540385349274,0.03811
case.lis,282,T_OPO,A,1.8071155426573302,0.03502
case.lis,282,T_OPO,B,1.646187118932879,0.03829
case.lis,282,T_OPO,C,1.7529944886711575,0.03591
case.lis,283,T_MAN,A,1.2087018912466607,0.03441
case.lis,283,T_MAN,B,1.1399180933109685,0.03902
case.lis,283,T_MAN,C,1.3318632906449408,0.03501
case.lis,283,1_2LT,C,1.9443979694170062,0.03503
case.lis,283,1_2LT,A,1.895361307099053,0.03448
case.lis,283,1_2LT,B,1.595588993317181,0.03754
case.lis,283,T_OPO,A,1.8537096479316986,0.03466
case.lis,283,T_OPO,B,1.754960488830906,0.03765
case.lis,283,T_OPO,C,1.8117808425854434,0.03517
case.lis,284,T_MAN,A,1.2431853883223727,0.02487
case.lis,284,T_MAN,B,1.247947566939127,0.02397
case.lis,284,T_MAN,C,1.2623053861923907,0.02715
case.lis,284,1_2LT,C,1.546351393807077,0.02729
case.lis,284,1_2LT,A,1.4244320491315887,0.02318
case.lis,284,1_2LT,B,1.7741836222121639,0.02395
case.lis,284,T_OPO,A,1.598677281077771,0.02471
case.lis,284,T_OPO,B,1.7730918377308589,0.02419
case.lis,284,T_OPO,C,1.6678741890536666,0.02859
case.lis,285,T_MAN,A,1.1554450331478474,0.03352
case.lis,285,T_MAN,B,1.137522032002982,0.03079
case.lis,285,T_MAN,C,1.236929027219397,0.0276
case.lis,285,1_2LT,C,1.4714832397028677,0.02863
case.lis,285,1_2LT,A,1.5098640361386975,0.02767
case.lis,285,1_2LT,B,1.4466096008945926,0.03078
case.lis,285,T_OPO,A,1.593785244548577,0.03329
case.lis,285,T_OPO,B,1.5952907869396593,0.03062
case.lis,285,T_OPO,C,1.7392123059719375,0.02881
case.lis,286,T_MAN,A,1.2618256698350152,0.03203
case.lis,286,T_MAN,B,1.2721586481713214,0.03197
case.lis,286,T_MAN,C,1.193009132298517,0.0368
case.lis,286,1_2LT,C,1.47835130505782,0.03679
case.lis,286,1_2LT,A,1.8110513858196438,0.03189
case.lis,286,1_2LT,B,1.61223754626055,0.03196
case.lis,286,T_OPO,A,1.783389848860016,0.03323
case.lis,286,T_OPO,B,1.7353514914312593,0.03201
case.lis,286,T_OPO,C,1.6869423218580546,0.03407
case.lis,287,T_MAN,A,1.335823344604489,0.03362
case.lis,287,T_MAN,B,1.309072925264251,0.03094
case.lis,287,T_MAN,C,1.1649689821347746,0.03658
case.lis,287,1_2LT,C,1.5645789202765428,0.03054
case.lis,287,1_2LT,A,1.7767121417858127,0.03223
case.lis,287,1_2LT,B,1.8436696042670644,0.0297
case.lis,287,T_OPO,A,1.7528657844990547,0.03357
case.lis,287,T_OPO,B,1.7697541645588717,0.02984
case.lis,287,T_OPO,C,1.6560048190846401,0.03027
case.lis,288,T_MAN,A,1.3972940085376784,0.03326
case.lis,288,T_MAN,B,1.3565050542701707,0.03201
case.lis,288,T_MAN,C,1.205806331371975,0.03504
case.lis,288,1_2LT,C,1.23782857193571,0.03515
case.lis,288,1_2LT,A,1.7524027263771664,0.03321
case.lis,288,1_2LT,B,1.803600912342359,0.03197
case.lis,288,T_OPO,A,1.7497427691543084,0.03311
case.lis,288,T_OPO,B,1.7831629347604214,0.0317
case.lis,288,T_OPO,C,1.319879656007881,0.03526
case.lis,289,T_MAN,A,1.3059352840419962,0.02398
case.lis,289,T_MAN,B,1.297986616612086,0.02277
case.lis,289,T_MAN,C,1.153749469723191,0.02805
case.lis,289,1_2LT,C,1.1800584680103305,0.02792
case.lis,289,1_2LT,A,1.8833002298605748,0.02396
case.lis,289,1_2LT,B,1.8949933438057458,0.0229
case.lis,289,T_OPO,A,1.7950706000337249,0.02408
case.lis,289,T_OPO,B,1.799175253157255,0.02304
case.lis,289,T_OPO,C,1.2421414663152197,0.02922
case.lis,290,T_MAN,A,1.1687481029846374,0.03348
case.lis,290,T_MAN,B,1.1809006274572451,0.03121
case.lis,290,T_MAN,C,1.1736073022888431,0.02889
case.lis,290,1_2LT,C,1.5454813493436992,0.02754
case.lis,290,1_2LT,A,1.4648989412213673,0.03363
case.lis,290,1_2LT,B,1.6859197529220693,0.0298
case.lis,290,T_OPO,A,1.6099184660578467,0.0337
case.lis,290,T_OPO,B,1.7467570134100128,0.02997
case.lis,290,T_OPO,C,1.6244252953131517,0.02745
case.lis,291,T_MAN,A,1.1299690265094031,0.02445
case.lis,291,T_MAN,B,1.2294185503696407,0.02124
case.lis,291,T_MAN,C,1.1751391144599164,0.02125
case.lis,291,1_2LT,C,1.7190124870204213,0.02123
case.lis,291,1_2LT,A,1.2123607302288844,0.02583
case.lis,291,1_2LT,B,1.383440950682038,0.02258
case.lis,291,T_OPO,A,1.2862058805257506,0.02568
case.lis,291,T_OPO,B,1.488137250725525,0.024
case.lis,291,T_OPO,C,1.7795828784933927,0.02128
case.lis,292,T_MAN,A,1.2841169537705122,0.03339
case.lis,292,T_MAN,B,1.1544500652307037,0.02984
case.lis,292,T_MAN,C,1.3375126334566947,0.02729
case.lis,292,1_2LT,C,1.8884025755034302,0.02741
case.lis,292,1_2LT,A,1.3159212705343593,0.03204
case.lis,292,1_2LT,B,1.3857745591380672,0.02993
case.lis,292,T_OPO,A,1.3800213441962423,0.03222
case.lis,292,T_OPO,B,1.6420759338640538,0.03009
case.lis,292,T_OPO,C,1.772184403205623,0.02755
case.lis,293,T_MAN,A,1.136459082155187,0.04176
case.lis,293,T_MAN,B,1.194646715833755,0.03832
case.lis,293,T_MAN,C,1.4131602722827197,0.0359
case.lis,293,1_2LT,C,2.1803283722498823,0.03594
case.lis,293,1_2LT,A,1.8621564560646806,0.0354
case.lis,293,1_2LT,B,1.7070354642029875,0.03686
case.lis,293,T_OPO,A,1.8003445956140118,0.03558
case.lis,293,T_OPO,B,1.786680156553689,0.03702
case.lis,293,T_OPO,C,1.847649475935639,0.03608
case.lis,294,T_MAN,A,1.2185177986634361,0.04134
case.lis,294,T_MAN,B,1.3016210140490072,0.0397
case.lis,294,T_MAN,C,1.3184835414503402,0.03812
case.lis,294,1_2LT,C,1.6782731169626455,0.03807
case.lis,294,1_2LT,A,1.7047526735713587,0.0353
case.lis,294,1_2LT,B,1.5024265821773743,0.03846
case.lis,294,T_OPO,A,1.686160751528706,0.03544
case.lis,294,T_OPO,B,1.6835628832858525,0.03834
case.lis,294,T_OPO,C,1.7043790658253237,0.03834
case.lis,295,T_MAN,A,1.1119943732971236,0.03355
case.lis,295,T_MAN,B,1.2382791519121026,0.02988
case.lis,295,T_MAN,C,1.3416450739725054,0.02771
case.lis,295,1_2LT,C,1.9060233233046673,0.02767
case.lis,295,1_2LT,A,1.267989749460848,0.03252
case.lis,295,1_2LT,B,1.6449683608899777,0.0288
case.lis,295,T_OPO,A,1.4859810875333919,0.03237
case.lis,295,T_OPO,B,1.7721895329126618,0.03015
case.lis,295,T_OPO,C,1.7898062781224209,0.02781
case.lis,296,T_MAN,A,1.2127814017057608,0.02441
case.lis,296,T_MAN,B,1.372803234022915,0.0235
case.lis,296,T_MAN,C,1.1989967162775013,0.02826
case.lis,296,1_2LT,C,1.4893706967704143,0.02838
case.lis,296,1_2LT,A,1.474816865908748,0.02609
case.lis,296,1_2LT,B,1.8626271111229442,0.0236
case.lis,296,T_OPO,A,1.7304229789575512,0.02475
case.lis,296,T_OPO,B,1.773669311394517,0.02374
case.lis,296,T_OPO,C,1.6216647674325728,0.02703
case.lis,297,T_MAN,A,1.2207423875325043,0.03313
case.lis,297,T_MAN,B,1.221285266735891,0.03016
case.lis,297,T_MAN,C,1.5451347479964854,0.02855
case.lis,297,1_2LT,C,1.8319196907975894,0.02867
case.lis,297,1_2LT,A,1.629615005724327,0.02721
case.lis,297,1_2LT,B,1.406011164656496,0.03152
case.lis,297,T_OPO,A,1.6818952315024362,0.03209
case.lis,297,T_OPO,B,1.655141421940591,0.02831
case.lis,297,T_OPO,C,1.7692121018486469,0.02841
case.lis,298,T_MAN,A,1.1544630226221855,0.04129
case.lis,298,T_MAN,B,1.3072072916389326,0.03856
case.lis,298,T_MAN,C,1.5402564853519354,0.03576
case.lis,298,1_2LT,C,2.0753426165055866,0.03585
case.lis,298,1_2LT,A,1.488928397099674,0.03549
case.lis,298,1_2LT,B,1.6697439140197199,0.03715
case.lis,298,T_OPO,A,1.6834869405468729,0.03548
case.lis,298,T_OPO,B,1.7975102904763174,0.03849
case.lis,298,T_OPO,C,1.8233544556564338,0.03598
case.lis,299,T_MAN,A,1.2717325097402308,0.03427
case.lis,299,T_MAN,B,1.238516387550254,0.03888
case.lis,299,T_MAN,C,1.268151885477959,0.03505
case.lis,299,1_2LT,C,1.9297183098591548,0.03503
case.lis,299,1_2LT,A,1.8801671503501158,0.0344
case.lis,299,1_2LT,B,1.6226578361156225,0.03903
case.lis,299,T_OPO,A,1.78766657791741,0.03459
case.lis,299,T_OPO,B,1.7348172475305519,0.03915
case.lis,299,T_OPO,C,1.8038337016427488,0.03515
case.lis,300,T_MAN,A,1.3047500288435083,0.03399
case.lis,300,T_MAN,B,1.2285695394801068,0.03845
case.lis,300,T_MAN,C,1.409082243936207,0.03567
case.lis,300,1_2LT,C,1.7412126698438901,0.0355
case.lis,300,1_2LT,A,1.8990076590608553,0.03412
case.lis,300,1_2LT,B,1.5472442290795814,0.03849
case.lis,300,T_OPO,A,1.791921820779751,0.03427
case.lis,300,T_OPO,B,1.7418201585061726,0.03829
case.lis,300,T_OPO,C,1.7710198177090268,0.03545
case.lis,301,T_MAN,A,1.109909546757546,0.03357
case.lis,301,T_MAN,B,1.2389535575139559,0.03266
case.lis,301,T_MAN,C,1.2521315796480204,0.03585
case.lis,301,1_2LT,C,1.6075815827542443,0.0359
case.lis,301,1_2LT,A,1.216623951649405,0.03352
case.lis,301,1_2LT,B,1.7324209022249437,0.03277
case.lis,301,T_OPO,A,1.315751990202082,0.03391
case.lis,301,T_OPO,B,1.7357939064760333,0.0329
case.lis,301,T_OPO,C,1.7415509820105255,0.03599
case.lis,302,T_MAN,A,1.272681292544175,0.02635
case.lis,302,T_MAN,B,1.1506339359407864,0.03073
case.lis,302,T_MAN,C,1.4013655848132274,0.02666
case.lis,302,1_2LT,C,1.9503509234360161,0.02677
case.lis,302,1_2LT,A,1.7503936917028318,0.02633
case.lis,302,1_2LT,B,1.434899225218989,0.03103
case.lis,302,T_OPO,A,1.822574527188335,0.02633
case.lis,302,T_OPO,B,1.6519374850235629,0.03091
case.lis,302,T_OPO,C,1.7699115613656737,0.02691
case.lis,303,T_MAN,A,1.1786673411610178,0.02422
case.lis,303,T_MAN,B,1.4138287050595952,0.0228
case.lis,303,T_MAN,C,1.1406532655289012,0.02718
case.lis,303,1_2LT,C,1.2336235345278985,0.02804
case.lis,303,1_2LT,A,1.535419650860424,0.02543
case.lis,303,1_2LT,B,2.003057908890013,0.02282
case.lis,303,T_OPO,A,1.7585911942987478,0.02404
case.lis,303,T_OPO,B,1.8119592552162376,0.02289
case.lis,303,T_OPO,C,1.3995464824232096,0.02787
case.lis,304,T_MAN,A,1.531554975727078,0.02559
case.lis,304,T_MAN,B,1.164747463989989,0.02997
case.lis,304,T_MAN,C,1.2923999041508027,0.02703
case.lis,304,1_2LT,C,1.5410998251639643,0.02702
case.lis,304,1_2LT,A,2.110440107564099,0.0257
case.lis,304,1_2LT,B,1.2979635595551888,0.02984
case.lis,304,T_OPO,A,1.8456235079031214,0.02583
case.lis,304,T_OPO,B,1.5594006052699307,0.02534
case.lis,304,T_OPO,C,1.7421525510973845,0.02684
case.lis,305,T_MAN,A,1.374762728862146,0.02486
case.lis,305,T_MAN,B,1.1990698190402655,0.031
case.lis,305,T_MAN,C,1.3167670509509484,0.0272
case.lis,305,1_2LT,C,1.399539648730442,0.02706
case.lis,305,1_2LT,A,1.639465906973029,0.02478
case.lis,305,1_2LT,B,1.451395404563487,0.03087
case.lis,305,T_OPO,A,1.7093945525706222,0.02366
case.lis,305,T_OPO,B,1.6605111247193305,0.02467
case.lis,305,T_OPO,C,1.4379638346778847,0.02688
case.lis,306,T_MAN,A,1.5620155311199269,0.03415
case.lis,306,T_MAN,B,1.1919059257878715,0.03872
case.lis,306,T_MAN,C,1.2233656380627813,0.03542
case.lis,306,1_2LT,C,1.5354388206998768,0.03542
case.lis,306,1_2LT,A,1.849362931210451,0.0341
case.lis,306,1_2LT,B,1.3498232381053807,0.03858
case.lis,306,T_OPO,A,1.8448261934556298,0.03384
case.lis,306,T_OPO,B,1.4591068186053944,0.03992
case.lis,306,T_OPO,C,1.6841761850244505,0.03551
case.lis,307,T_MAN,A,1.1704209377246464,0.0338
case.lis,307,T_MAN,B,1.5333885353710162,0.03069
case.lis,307,T_MAN,C,1.2201080078454343,0.03548
case.lis,307,1_2LT,C,1.4225045040247788,0.03539
case.lis,307,1_2LT,A,1.4049903884554968,0.03212
case.lis,307,1_2LT,B,1.8769093958838095,0.03069
case.lis,307,T_OPO,A,1.649187358555872,0.03194
case.lis,307,T_OPO,B,1.7775038384053532,0.03093
case.lis,307,T_OPO,C,1.7367562679162563,0.03044
case.lis,308,T_MAN,A,1.2857488129786911,0.03389
case.lis,308,T_MAN,B,1.3772449568234866,0.03142
case.lis,308,T_MAN,C,1.1348428694409685,0.03618
case.lis,308,1_2LT,C,1.3352773858018938,0.03632
case.lis,308,1_2LT,A,1.6453694010312663,0.03251
case.lis,308,1_2LT,B,1.7827782954817752,0.03154
case.lis,308,T_OPO,A,1.7651062239853743,0.03268
case.lis,308,T_OPO,B,1.7928050977573062,0.03137
case.lis,308,T_OPO,C,1.5504639811141583,0.03648
case.lis,309,T_MAN,A,1.1910468596075507,0.03334
case.lis,309,T_MAN,B,1.4465427727042786,0.03049
case.lis,309,T_MAN,C,1.15217142806429,0.03633
case.lis,309,1_2LT,C,1.5150931334700073,0.03025
case.lis,309,1_2LT,A,1.5032364635196178,0.03177
case.lis,309,1_2LT,B,2.0025339687780113,0.03053
case.lis,309,T_OPO,A,1.775768355565022,0.03313
case.lis,309,T_OPO,B,1.7845381044933748,0.03068
case.lis,309,T_OPO,C,1.7775605314305492,0.03017
case.lis,310,T_MAN,A,1.1051565093142346,0.02475
case.lis,310,T_MAN,B,1.5769233206421895,0.02301
case.lis,310,T_MAN,C,1.1937429644026731,0.02785
case.lis,310,1_2LT,C,1.512635497927705,0.0218
case.lis,310,1_2LT,A,1.193732616239339,0.02494
case.lis,310,1_2LT,B,1.7855195203990166,0.0229
case.lis,310,T_OPO,A,1.3328721034461337,0.02477
case.lis,310,T_OPO,B,1.82848821853617,0.02295
case.lis,310,T_OPO,C,1.597898027104023,0.02764
case.lis,311,T_MAN,A,1.2801861959406091,0.02311
case.lis,311,T_MAN,B,1.3027243093089096,0.02292
case.lis,311,T_MAN,C,1.182045279870781,0.0276
case.lis,311,1_2LT,C,1.4356105682614906,0.02747
case.lis,311,1_2LT,A,1.7826485440684434,0.02325
case.lis,311,1_2LT,B,1.884051944939961,0.0216
case.lis,311,T_OPO,A,1.7429964411548051,0.02343
case.lis,311,T_OPO,B,1.7835171330440107,0.02174
case.lis,311,T_OPO,C,1.5977417662877074,0.02882
case.lis,312,T_MAN,A,1.2152658483985197,0.02452
case.lis,312,T_MAN,B,1.2012611801876159,0.02172
case.lis,312,T_MAN,C,1.2704951321032685,0.0213
case.lis,312,1_2LT,C,1.8289114016170114,0.02141
case.lis,312,1_2LT,A,1.5259729137268474,0.02462
case.lis,312,1_2LT,B,1.5885054447669,0.02173
case.lis,312,T_OPO,A,1.673196925725747,0.02578
case.lis,312,T_OPO,B,1.7096778845727167,0.0219
case.lis,312,T_OPO,C,1.7676193011883525,0.02146
case.lis,313,T_MAN,A,1.0722055077788724,0.02456
case.lis,313,T_MAN,B,1.558272424718443,0.0219
case.lis,313,T_MAN,C,1.2034909520132768,0.02074
case.lis,313,1_2LT,C,1.8796742014785626,0.02071
case.lis,313,1_2LT,A,1.1416207389263116,0.02573
case.lis,313,1_2LT,B,1.736756250166405,0.02183
case.lis,313,T_OPO,A,1.2359239241371354,0.02335
case.lis,313,T_OPO,B,1.8109170283198879,0.02185
case.lis,313,T_OPO,C,1.7804729447890875,0.02085
case.lis,314,T_MAN,A,1.2736353115542656,0.0328
case.lis,314,T_MAN,B,1.516020838325479,0.03017
case.lis,314,T_MAN,C,1.3897292171428064,0.02826
case.lis,314,1_2LT,C,1.8888723785688295,0.02821
case.lis,314,1_2LT,A,1.7563485627057873,0.03278
case.lis,314,1_2LT,B,2.012215003949342,0.03028
case.lis,314,T_OPO,A,1.7737457777541112,0.03142
case.lis,314,T_OPO,B,1.7914461691383334,0.03023
case.lis,314,T_OPO,C,1.8093195860734668,0.02799
case.lis,315,T_MAN,A,1.2405113732172492,0.02682
case.lis,315,T_MAN,B,1.1844903573932568,0.0304
case.lis,315,T_MAN,C,1.3755284751990202,0.02774
case.lis,315,1_2LT,C,1.6889423573577573,0.02779
case.lis,315,1_2LT,A,1.8238066331194476,0.02694
case.lis,315,1_2LT,B,1.5118782005200706,0.03023
case.lis,315,T_OPO,A,1.7655417698376776,0.02708
case.lis,315,T_OPO,B,1.6660874890172794,0.03037
case.lis,315,T_OPO,C,1.8005737284450245,0.02794
case.lis,316,T_MAN,A,1.1520627279746531,0.03249
case.lis,316,T_MAN,B,1.2134724921678781,0.03055
case.lis,316,T_MAN,C,1.256696033795717,0.02932
case.lis,316,1_2LT,C,1.9506609955891618,0.02937
case.lis,316,1_2LT,A,1.5302828882558108,0.03262
case.lis,316,1_2LT,B,1.6808264330786231,0.03026
case.lis,316,T_OPO,A,1.664579940892995,0.03272
case.lis,316,T_OPO,B,1.8031935532539916,0.02901
case.lis,316,T_OPO,C,1.7925926409116324,0.0295
case.lis,317,T_MAN,A,1.1192083300052362,0.03332
case.lis,317,T_MAN,B,1.2913449062364102,0.03106
case.lis,317,T_MAN,C,1.359502303043212,0.02859
case.lis,317,1_2LT,C,1.8280144217542178,0.02858
case.lis,317,1_2LT,A,1.3298664234937032,0.03347
case.lis,317,1_2LT,B,1.537672373243874,0.03119
case.lis,317,T_OPO,A,1.4026063970464246,0.03365
case.lis,317,T_OPO,B,1.7456456952173025,0.02969
case.lis,317,T_OPO,C,1.817296653265529,0.02866
case.lis,318,T_MAN,A,1.1005822838733725,0.04185
case.lis,318,T_MAN,B,1.291828110439575,0.03858
case.lis,318,T_MAN,C,1.4257814815800918,0.0373
case.lis,318,1_2LT,C,1.9228019027840642,0.03737
case.lis,318,1_2LT,A,1.3397841618076447,0.04049
case.lis,318,1_2LT,B,1.9172628220488654,0.03868
case.lis,318,T_OPO,A,1.3744476690007723,0.04033
case.lis,318,T_OPO,B,1.7665015042999015,0.03879
case.lis,318,T_OPO,C,1.7854346494848108,0.03709
case.lis,319,T_MAN,A,1.2618551257133221,0.02511
case.lis,319,T_MAN,B,1.4220595063766341,0.02371
case.lis,319,T_MAN,C,1.1464632444953273,0.02808
case.lis,319,1_2LT,C,1.2550246545435182,0.02858
case.lis,319,1_2LT,A,1.595444855649334,0.02506
case.lis,319,1_2LT,B,1.8106451804716137,0.02381
case.lis,319,T_OPO,A,1.7220375054358918,0.02496
case.lis,319,T_OPO,B,1.772171019817709,0.02395
case.lis,319,T_OPO,C,1.3528268590750554,0.02707
case.lis,320,T_MAN,A,1.216348110084578,0.03364
case.lis,320,T_MAN,B,1.4356311403391995,0.03065
case.lis,320,T_MAN,C,1.1737540048102095,0.03592
case.lis,320,1_2LT,C,1.587557913327476,0.03004
case.lis,320,1_2LT,A,1.3146222032890473,0.03325
case.lis,320,1_2LT,B,1.9146980306539931,0.03065
case.lis,320,T_OPO,A,1.6477750916336076,0.03484
case.lis,320,T_OPO,B,1.8398611961624822,0.03083
case.lis,320,T_OPO,C,1.6331142114184793,0.03018
case.lis,321,T_MAN,A,1.3654212483470451,0.02374
case.lis,321,T_MAN,B,1.3119039644292978,0.02203
case.lis,321,T_MAN,C,1.2520943138351217,0.02771
case.lis,321,1_2LT,C,1.7042848052397561,0.02639
case.lis,321,1_2LT,A,1.7630392182965469,0.02385
case.lis,321,1_2LT,B,1.914680484925939,0.02199
case.lis,321,T_OPO,A,1.7582671707624449,0.02399
case.lis,321,T_OPO,B,1.7964962148442007,0.02213
case.lis,321,T_OPO,C,1.7410882256361102,0.0265
case.lis,322,T_MAN,A,1.305038827799817,0.02499
case.lis,322,T_MAN,B,1.260214329454991,0.03099
case.lis,322,T_MAN,C,1.494670749132476,0.0268
case.lis,322,1_2LT,C,1.9220725347675214,0.02692
case.lis,322,1_2LT,A,1.8012376083850297,0.02394
case.lis,322,1_2LT,B,1.595745005635578,0.02966
case.lis,322,T_OPO,A,1.7571281628016364,0.02409
case.lis,322,T_OPO,B,1.735918510432475,0.02959
case.lis,322,T_OPO,C,1.7984726785413172,0.02828
case.lis,323,T_MAN,A,1.305742076910106,0.03302
case.lis,323,T_MAN,B,1.1185048412719545,0.03878
case.lis,323,T_MAN,C,1.1336026873274936,0.0358
case.lis,323,1_2LT,C,1.3938200342572131,0.03453
case.lis,323,1_2LT,A,1.4937012700018637,0.03188
case.lis,323,1_2LT,B,1.5630124160210157,0.03312
case.lis,323,T_OPO,A,1.7153434418736744,0.03427
case.lis,323,T_OPO,B,1.740055202037683,0.033
case.lis,323,T_OPO,C,1.660931334700072,0.03437
case.lis,324,T_MAN,A,1.205750774337265,0.02524
case.lis,324,T_MAN,B,1.5311625797633945,0.0223
case.lis,324,T_MAN,C,1.1895438465702848,0.02669
case.lis,324,1_2LT,C,1.4018306220435404,0.02806
case.lis,324,1_2LT,A,1.5008399229656453,0.02373
case.lis,324,1_2LT,B,1.9100237670509508,0.02241
case.lis,324,T_OPO,A,1.773948188183924,0.02506
case.lis,324,T_OPO,B,1.8127227828216939,0.02255
case.lis,324,T_OPO,C,1.7255386636136922,0.02205
case.lis,325,T_MAN,A,1.1722941505364892,0.03358
case.lis,325,T_MAN,B,1.1818218713668274,0.03882
case.lis,325,T_MAN,C,1.2878485405184732,0.03586
case.lis,325,1_2LT,C,1.6783757111034194,0.03598
case.lis,325,1_2LT,A,1.413133514381817,0.03375
case.lis,325,1_2LT,B,1.5810989820460253,0.03278
case.lis,325,T_OPO,A,1.5205818490020147,0.03393
case.lis,325,T_OPO,B,1.68964473672533,0.03267
case.lis,325,T_OPO,C,1.7552213850209004,0.03609
case.lis,326,T_MAN,A,1.2192977271315353,0.04124
case.lis,326,T_MAN,B,1.1689680325177276,0.03858
case.lis,326,T_MAN,C,1.3166341844387055,0.03637
case.lis,326,1_2LT,C,1.8088847768399938,0.0351
case.lis,326,1_2LT,A,1.6711154272832964,0.03536
case.lis,326,1_2LT,B,1.3143829175430655,0.03893
case.lis,326,T_OPO,A,1.6531292189177915,0.03523
case.lis,326,T_OPO,B,1.4613782493321619,0.04003
case.lis,326,T_OPO,C,1.7968012105398619,0.03499
case.lis,327,T_MAN,A,1.5422212430220898,0.03382
case.lis,327,T_MAN,B,1.221421656593626,0.03833
case.lis,327,T_MAN,C,1.2110098777922733,0.03544
case.lis,327,1_2LT,C,1.6110065940697749,0.03426
case.lis,327,1_2LT,A,1.8666461389635862,0.03393
case.lis,327,1_2LT,B,1.6188229274829824,0.03965
case.lis,327,T_OPO,A,1.7909112329934238,0.03389
case.lis,327,T_OPO,B,1.7325954187633679,0.03839
case.lis,327,T_OPO,C,1.7235920374166867,0.03559
case.lis,328,T_MAN,A,1.1542500954054509,0.03397
case.lis,328,T_MAN,B,1.3159195754235558,0.03026
case.lis,328,T_MAN,C,1.1541231129689289,0.03642
case.lis,328,1_2LT,C,1.3880620712301535,0.03631
case.lis,328,1_2LT,A,1.3520340264650283,0.03403
case.lis,328,1_2LT,B,1.898887350568439,0.03022
case.lis,328,T_OPO,A,1.3713408148956752,0.03422
case.lis,328,T_OPO,B,1.7825127577056543,0.03036
case.lis,328,T_OPO,C,1.5060242995464912,0.03497
case.lis,329,T_MAN,A,1.2353646263212545,0.02616
case.lis,329,T_MAN,B,1.2359087480142352,0.03075
case.lis,329,T_MAN,C,1.3344688800731295,0.02692
case.lis,329,1_2LT,C,1.9209226195230615,0.02694
case.lis,329,1_2LT,A,1.8619095290076946,0.02629
case.lis,329,1_2LT,B,1.7317636252296387,0.02919
case.lis,329,T_OPO,A,1.7743572335081694,0.02644
case.lis,329,T_OPO,B,1.7442842816191415,0.02907
case.lis,329,T_OPO,C,1.8150773006026075,0.02716
case.lis,330,T_MAN,A,1.4519236135147369,0.03466
case.lis,330,T_MAN,B,1.1197618768692812,0.03881
case.lis,330,T_MAN,C,1.3583686999121383,0.03457
case.lis,330,1_2LT,C,1.7679487384293158,0.03595
case.lis,330,1_2LT,A,1.818998287139345,0.03463
case.lis,330,1_2LT,B,1.3214766988826467,0.04744
case.lis,330,T_OPO,A,1.7829083042679517,0.03434
case.lis,330,T_OPO,B,1.441331416349388,0.03893
case.lis,330,T_OPO,C,1.72869085971405,0.03603
case.lis,331,T_MAN,A,1.3476474524525857,0.03376
case.lis,331,T_MAN,B,1.141226115356284,0.03818
case.lis,331,T_MAN,C,1.2895732935736663,0.03608
case.lis,331,1_2LT,C,1.4467552384248783,0.03492
case.lis,331,1_2LT,A,1.749727113785422,0.03238
case.lis,331,1_2LT,B,1.369894592507788,0.03819
case.lis,331,T_OPO,A,1.7545544609813892,0.03346
case.lis,331,T_OPO,B,1.5526227357845879,0.03956
case.lis,331,T_OPO,C,1.6876179699495018,0.03508
case.lis,332,T_MAN,A,1.1183375489230278,0.04141
case.lis,332,T_MAN,B,1.2430946777070742,0.03847
case.lis,332,T_MAN,C,1.5001015291496933,0.03597
case.lis,332,1_2LT,C,2.070714786513663,0.03603
case.lis,332,1_2LT,A,1.784668388402247,0.03549
case.lis,332,1_2LT,B,1.7257280367776922,0.03855
case.lis,332,T_OPO,A,1.7819446027139523,0.03566
case.lis,332,T_OPO,B,1.7747667225786985,0.03869
case.lis,332,T_OPO,C,1.8290104457875165,0.03616
case.lis,333,T_MAN,A,1.1449943022977183,0.0329
case.lis,333,T_MAN,B,1.2133554318982578,0.03039
case.lis,333,T_MAN,C,1.3034545825678712,0.02793
case.lis,333,1_2LT,C,1.8198326544015195,0.02662
case.lis,333,1_2LT,A,1.787390061858232,0.02716
case.lis,333,1_2LT,B,1.6628271075729741,0.03046
case.lis,333,T_OPO,A,1.7752294612032624,0.0273
case.lis,333,T_OPO,B,1.7349834482636208,0.03059
case.lis,333,T_OPO,C,1.8288624830267048,0.0268
case.lis,334,T_MAN,A,1.1293663658066864,0.03334
case.lis,334,T_MAN,B,1.4178740115551534,0.03039
case.lis,334,T_MAN,C,1.2509931840570836,0.02914
case.lis,334,1_2LT,C,1.8179286633474443,0.02926
case.lis,334,1_2LT,A,1.1403221331771347,0.03417
case.lis,334,1_2LT,B,1.802513467699708,0.03049
case.lis,334,T_OPO,A,1.2202570178474754,0.03307
case.lis,334,T_OPO,B,1.820276897680982,0.03024
case.lis,334,T_OPO,C,1.7791409249447534,0.0294
case.lis,335,T_MAN,A,1.1752240297487508,0.0327
case.lis,335,T_MAN,B,1.221480870097713,0.02947
case.lis,335,T_MAN,C,1.2729417804875884,0.02948
case.lis,335,1_2LT,C,1.810104795122341,0.02959
case.lis,335,1_2LT,A,1.5808748457981663,0.03283
case.lis,335,1_2LT,B,1.4745055335161568,0.03081
case.lis,335,T_OPO,A,1.637304534199526,0.03301
case.lis,335,T_OPO,B,1.6946809020474454,0.03073
case.lis,335,T_OPO,C,1.7555959778836852,0.02972
case.lis,336,T_MAN,A,1.1678012371646387,0.02709
case.lis,336,T_MAN,B,1.142853909848505,0.0303
case.lis,336,T_MAN,C,1.2319395795060215,0.02797
case.lis,336,1_2LT,C,1.912364990193207,0.0266
case.lis,336,1_2LT,A,1.7992031204238663,0.02713
case.lis,336,1_2LT,B,1.5883916859696299,0.02862
case.lis,336,T_OPO,A,1.7713039040798033,0.02728
case.lis,336,T_OPO,B,1.745009540545098,0.02874
case.lis,336,T_OPO,C,1.808795539462357,0.02678
case.lis,337,T_MAN,A,1.3283926444616028,0.03325
case.lis,337,T_MAN,B,1.313646440711059,0.03064
case.lis,337,T_MAN,C,1.1387203244672826,0.03504
case.lis,337,1_2LT,C,1.1631145664155063,0.03607
case.lis,337,1_2LT,A,1.761801743035402,0.03327
case.lis,337,1_2LT,B,1.9144392378213833,0.0306
case.lis,337,T_OPO,A,1.7583398386538514,0.03215
case.lis,337,T_OPO,B,1.8014117344267242,0.03074
case.lis,337,T_OPO,C,1.2831699459517025,0.03623
case.lis,338,T_MAN,A,1.325809579594771,0.03254
case.lis,338,T_MAN,B,1.2060906839905214,0.03179
case.lis,338,T_MAN,C,1.2023759063517843,0.03637
case.lis,338,1_2LT,C,1.524453792699486,0.03653
case.lis,338,1_2LT,A,1.8901563850652752,0.03255
case.lis,338,1_2LT,B,1.8452110013578635,0.03192
case.lis,338,T_OPO,A,1.8071876248036423,0.03269
case.lis,338,T_OPO,B,1.7759163804503137,0.03206
case.lis,338,T_OPO,C,1.6473571358839871,0.0352
case.lis,339,T_MAN,A,1.1936690717715237,0.03276
case.lis,339,T_MAN,B,1.5076789406888715,0.03028
case.lis,339,T_MAN,C,1.1190197644594726,0.03634
case.lis,339,1_2LT,C,1.5389339439282195,0.02996
case.lis,339,1_2LT,A,1.5876760119634,0.03285
case.lis,339,1_2LT,B,2.0575547804787138,0.03032
case.lis,339,T_OPO,A,1.786459623525653,0.03295
case.lis,339,T_OPO,B,1.831150101617899,0.03046
case.lis,339,T_OPO,C,1.778707952820895,0.02997
case.lis,340,T_MAN,A,1.1200589738810938,0.03383
case.lis,340,T_MAN,B,1.229966719028728,0.03039
case.lis,340,T_MAN,C,1.3344673003363596,0.0291
case.lis,340,1_2LT,C,1.8691872964313923,0.02921
case.lis,340,1_2LT,A,1.319592410163565,0.03399
case.lis,340,1_2LT,B,1.5306050924323509,0.03169
case.lis,340,T_OPO,A,1.4885984983625762,0.03264
case.lis,340,T_OPO,B,1.735371815011049,0.03035
case.lis,340,T_OPO,C,1.7714527099585542,0.02934
case.lis,341,T_MAN,A,1.1823581565004393,0.04186
case.lis,341,T_MAN,B,1.2217325807396364,0.03959
case.lis,341,T_MAN,C,1.4015649156438315,0.03715
case.lis,341,1_2LT,C,1.9208643290112446,0.03726
case.lis,341,1_2LT,A,1.3051383157166059,0.04202
case.lis,341,1_2LT,B,1.5125568838360979,0.03971
case.lis,341,T_OPO,A,1.502442823291355,0.04067
case.lis,341,T_OPO,B,1.6716785058175139,0.03989
case.lis,341,T_OPO,C,1.8269408131206901,0.0374
case.lis,342,T_MAN,A,1.2285647470202437,0.02507
case.lis,342,T_MAN,B,1.314211853350728,0.02178
case.lis,342,T_MAN,C,1.0960604471187554,0.02787
case.lis,342,1_2LT,C,1.4831961269824365,0.02222
case.lis,342,1_2LT,A,1.7220507290751441,0.02367
case.lis,342,1_2LT,B,1.8601238052131315,0.02189
case.lis,342,T_OPO,A,1.7570587608828774,0.02356
case.lis,342,T_OPO,B,1.8290335383441163,0.02187
case.lis,342,T_OPO,C,1.64678337193926,0.02241
case.lis,343,T_MAN,A,1.2990017483603575,0.0254
case.lis,343,T_MAN,B,1.314675976463697,0.02139
case.lis,343,T_MAN,C,1.1415903423058833,0.02836
case.lis,343,1_2LT,C,1.4045947708937938,0.02784
case.lis,343,1_2LT,A,1.8082452496960337,0.02401
case.lis,343,1_2LT,B,1.8177677698199277,0.0215
case.lis,343,T_OPO,A,1.751067121062861,0.02386
case.lis,343,T_OPO,B,1.7866487126920312,0.02164
case.lis,343,T_OPO,C,1.5827181234857157,0.02223
case.lis,344,T_MAN,A,1.1288385739769429,0.03341
case.lis,344,T_MAN,B,1.3855146125651199,0.03019
case.lis,344,T_MAN,C,1.2184040221163146,0.03628
case.lis,344,1_2LT,C,1.5720384816777158,0.03617
case.lis,344,1_2LT,A,1.446873470184687,0.03352
case.lis,344,1_2LT,B,1.9791445459144281,0.03015
case.lis,344,T_OPO,A,1.5022183852960231,0.03369
case.lis,344,T_OPO,B,1.803922095902447,0.0303
case.lis,344,T_OPO,C,1.7352552872369693,0.03609
case.lis,345,T_MAN,A,1.3457747366365806,0.02445
case.lis,345,T_MAN,B,1.1599132919761797,0.03037
case.lis,345,T_MAN,C,1.3056153340965768,0.02828
case.lis,345,1_2LT,C,1.4123477462126253,0.02709
case.lis,345,1_2LT,A,1.8961792557487331,0.02457
case.lis,345,1_2LT,B,1.326880286127604,0.0304
case.lis,345,T_OPO,A,1.7798303114211418,0.02471
case.lis,345,T_OPO,B,1.4606141448565368,0.02932
case.lis,345,T_OPO,C,1.5029802976650068,0.02725
case.lis,346,T_MAN,A,1.1671759099017547,0.02494
case.lis,346,T_MAN,B,1.4901692980821286,0.02222
case.lis,346,T_MAN,C,1.3381989225840232,0.01922
case.lis,346,1_2LT,C,1.905575494555233,0.01918
case.lis,346,1_2LT,A,1.5284412968041392,0.02506
case.lis,346,1_2LT,B,1.8821533675905464,0.02218
case.lis,346,T_OPO,A,1.7418121710730674,0.02496
case.lis,346,T_OPO,B,1.8060526638089405,0.02246
case.lis,346,T_OPO,C,1.7865289278202294,0.01932
case.lis,347,T_MAN,A,1.4062940440373812,0.03506
case.lis,347,T_MAN,B,1.2574136957852977,0.03847
case.lis,347,T_MAN,C,1.5114777638737276,0.03515
case.lis,347,1_2LT,C,1.8161227224721994,0.03501
case.lis,347,1_2LT,A,1.739876239161497,0.03518
case.lis,347,1_2LT,B,1.5858733903103561,0.03739
case.lis,347,T_OPO,A,1.7254393531954169,0.03976
case.lis,347,T_OPO,B,1.7360621777292615,0.03871
case.lis,347,T_OPO,C,1.7543965494288987,0.03482
case.lis,348,T_MAN,A,1.1756526087844013,0.03367
case.lis,348,T_MAN,B,1.4702200981566778,0.03015
case.lis,348,T_MAN,C,1.201396806801743,0.02927
case.lis,348,1_2LT,C,1.8271589587937203,0.02923
case.lis,348,1_2LT,A,1.4512996796151834,0.03362
case.lis,348,1_2LT,B,1.9707471799923677,0.03026
case.lis,348,T_OPO,A,1.6839326481890713,0.03235
case.lis,348,T_OPO,B,1.8218251284645492,0.0304
case.lis,348,T_OPO,C,1.7622223612627244,0.02937
case.lis,349,T_MAN,A,1.075341906511533,0.04102
case.lis,349,T_MAN,B,1.125708849188388,0.03872
case.lis,349,T_MAN,C,1.296141182317598,0.03544
case.lis,349,1_2LT,C,1.8637052814682677,0.0354
case.lis,349,1_2LT,A,1.264366108433842,0.04141
case.lis,349,1_2LT,B,1.5479648730441882,0.03713
case.lis,349,T_OPO,A,1.4507171827435945,0.04287
case.lis,349,T_OPO,B,1.7539174809410971,0.03727
case.lis,349,T_OPO,C,1.7712208347755087,0.03554
case.lis,350,T_MAN,A,1.2793829264179912,0.02341
case.lis,350,T_MAN,B,1.3742383538787861,0.02299
case.lis,350,T_MAN,C,1.222330031860983,0.02738
case.lis,350,1_2LT,C,1.3704348092334728,0.02621
case.lis,350,1_2LT,A,1.6331517523540742,0.02343
case.lis,350,1_2LT,B,1.9210041090905865,0.02293
case.lis,350,T_OPO,A,1.747606876292411,0.02361
case.lis,350,T_OPO,B,1.8448063402469004,0.02307
case.lis,350,T_OPO,C,1.6267909777505614,0.02755
case.lis,351,T_MAN,A,1.3250167292348927,0.0252
case.lis,351,T_MAN,B,1.0997381896926612,0.02993
case.lis,351,T_MAN,C,1.3051921332658838,0.02737
case.lis,351,1_2LT,C,1.770151672479743,0.02621
case.lis,351,1_2LT,A,1.92273480834598,0.02515
case.lis,351,1_2LT,B,1.1912069011422028,0.02989
case.lis,351,T_OPO,A,1.7975995988533597,0.0253
case.lis,351,T_OPO,B,1.3825017527978203,0.02998
case.lis,351,T_OPO,C,1.783286926346992,0.02759
case.lis,352,T_MAN,A,1.3440447562501665,0.03394
case.lis,352,T_MAN,B,1.3123034159588916,0.03829
case.lis,352,T_MAN,C,1.5510386325514525,0.0354
case.lis,352,1_2LT,C,1.8772288044587628,0.03548
case.lis,352,1_2LT,A,1.8068804281264146,0.0339
case.lis,352,1_2LT,B,1.6911740461673634,0.0383
case.lis,352,T_OPO,A,1.755608775526505,0.03404
case.lis,352,T_OPO,B,1.7248931015202749,0.03712
case.lis,352,T_OPO,C,1.789453925823371,0.03684
case.lis,353,T_MAN,A,1.3819108602465455,0.02487
case.lis,353,T_MAN,B,1.2635215261322186,0.02164
case.lis,353,T_MAN,C,1.221275380068692,0.02781
case.lis,353,1_2LT,C,1.6753940910744873,0.02176
case.lis,353,1_2LT,A,1.6427518482032712,0.02498
case.lis,353,1_2LT,B,1.6618025950282667,0.02086
case.lis,353,T_OPO,A,1.755698412275797,0.0248
case.lis,353,T_OPO,B,1.740494794856093,0.021
case.lis,353,T_OPO,C,1.7455701695998296,0.0219
case.lis,354,T_MAN,A,1.2222968573888193,0.03351
case.lis,354,T_MAN,B,1.378449727983528,0.02997
case.lis,354,T_MAN,C,1.2177219840783835,0.03624
case.lis,354,1_2LT,C,1.6044568989234715,0.03039
case.lis,354,1_2LT,A,1.470378817327405,0.03362
case.lis,354,1_2LT,B,1.843710340175901,0.03008
case.lis,354,T_OPO,A,1.698453632950824,0.03378
case.lis,354,T_OPO,B,1.8061047951223408,0.03004
case.lis,354,T_OPO,C,1.6743286562475037,0.03501
case.lis,355,T_MAN,A,1.174110776822244,0.02556
case.lis,355,T_MAN,B,1.3656106037611935,0.02415
case.lis,355,T_MAN,C,1.157340850395378,0.02735
case.lis,355,1_2LT,C,1.4734610435137607,0.02191
case.lis,355,1_2LT,A,1.4843290999937875,0.0232
case.lis,355,1_2LT,B,1.9496644213104715,0.02425
case.lis,355,T_OPO,A,1.659117832388154,0.02335
case.lis,355,T_OPO,B,1.8223027237146887,0.02439
case.lis,355,T_OPO,C,1.6034036316195852,0.02713
case.lis,356,T_MAN,A,1.204699255393736,0.03283
case.lis,356,T_MAN,B,1.4623662326828013,0.03012
case.lis,356,T_MAN,C,1.1411608846525911,0.02958
case.lis,356,1_2LT,C,1.7689540190100908,0.02963
case.lis,356,1_2LT,A,1.4941296892888523,0.03415
case.lis,356,1_2LT,B,2.0911578228032344,0.03017
case.lis,356,T_OPO,A,1.7655244371078394,0.03275
case.lis,356,T_OPO,B,1.8383903547307792,0.0303
case.lis,356,T_OPO,C,1.8074153110217703,0.0298
case.lis,357,T_MAN,A,1.1880585833843642,0.03298
case.lis,357,T_MAN,B,1.3183854735216594,0.032
case.lis,357,T_MAN,C,1.1614563753028568,0.03556
case.lis,357,1_2LT,C,1.4269046034239463,0.03552
case.lis,357,1_2LT,A,1.7243530356683263,0.03185
case.lis,357,1_2LT,B,1.8202011945649954,0.03213
case.lis,357,T_OPO,A,1.8183117850138004,0.03322
case.lis,357,T_OPO,B,1.7412137348349708,0.03197
case.lis,357,T_OPO,C,1.7219265688649856,0.03539
case.lis,358,T_MAN,A,1.3218719880721,0.02519
case.lis,358,T_MAN,B,1.5440260479068488,0.02271
case.lis,358,T_MAN,C,1.2316187598178865,0.02747
case.lis,358,1_2LT,C,1.4881035437578212,0.02626
case.lis,358,1_2LT,A,1.8476816919158303,0.02396
case.lis,358,1_2LT,B,1.925010783034692,0.02282
case.lis,358,T_OPO,A,1.7719327813129566,0.02396
case.lis,358,T_OPO,B,1.7967373199499452,0.02296
case.lis,358,T_OPO,C,1.6214797784818553,0.02761
case.lis,359,T_MAN,A,1.3603576595046016,0.02552
case.lis,359,T_MAN,B,1.2575075658741357,0.03034
case.lis,359,T_MAN,C,1.6007288443959282,0.02741
case.lis,359,1_2LT,C,1.9408072454893188,0.0275
case.lis,359,1_2LT,A,1.850965503163911,0.02566
case.lis,359,1_2LT,B,1.5655928894095512,0.03019
case.lis,359,T_OPO,A,1.8182411672302243,0.02549
case.lis,359,T_OPO,B,1.7702586153340965,0.03011
case.lis,359,T_OPO,C,1.8049171791936243,0.0275
case.lis,360,T_MAN,A,1.1856197804343387,0.04132
case.lis,360,T_MAN,B,1.2638147359265866,0.03869
case.lis,360,T_MAN,C,1.2057001872609316,0.03788
case.lis,360,1_2LT,C,1.8019125464824233,0.038
case.lis,360,1_2LT,A,1.6182404572361708,0.04263
case.lis,360,1_2LT,B,1.6836732074868874,0.03878
case.lis,360,T_OPO,A,1.7128909182885594,0.04112
case.lis,360,T_OPO,B,1.7177095769322932,0.03896
case.lis,360,T_OPO,C,1.7713891033662592,0.03814
case.lis,361,T_MAN,A,1.1376266673766606,0.02482
case.lis,361,T_MAN,B,1.2879861994905792,0.02256
case.lis,361,T_MAN,C,1.0918653496276969,0.02795
case.lis,361,1_2LT,C,1.3532526780088217,0.02745
case.lis,361,1_2LT,A,1.4438799400055025,0.02316
case.lis,361,1_2LT,B,1.9422713508524367,0.02261
case.lis,361,T_OPO,A,1.755883986971609,0.02329
case.lis,361,T_OPO,B,1.854198904834172,0.02279
case.lis,361,T_OPO,C,1.5282875830914915,0.02728
case.lis,362,T_MAN,A,1.3318872529442565,0.02645
case.lis,362,T_MAN,B,1.1863532930411709,0.03099
case.lis,362,T_MAN,C,1.2813796693202695,0.02777
case.lis,362,1_2LT,C,1.6332949226550226,0.02747
case.lis,362,1_2LT,A,1.946639509394109,0.02657
case.lis,362,1_2LT,B,1.3870298286251852,0.02965
case.lis,362,T_OPO,A,1.7780142353807786,0.02672
case.lis,362,T_OPO,B,1.5123499028195637,0.02981
case.lis,362,T_OPO,C,1.817958323349042,0.02764
case.lis,363,T_MAN,A,1.2863956264366287,0.02522
case.lis,363,T_MAN,B,1.201238930748955,0.02437
case.lis,363,T_MAN,C,1.273852880357127,0.02787
case.lis,363,1_2LT,C,1.550821960116084,0.02777
case.lis,363,1_2LT,A,1.8182257248595544,0.0253
case.lis,363,1_2LT,B,1.7169500785430922,0.02441
case.lis,363,T_OPO,A,1.7936761717120617,0.02547
case.lis,363,T_OPO,B,1.757974173966293,0.02456
case.lis,363,T_OPO,C,1.7152000319497325,0.02766
case.lis,364,T_MAN,A,1.6649513210326863,0.02474
case.lis,364,T_MAN,B,1.2630104990370705,0.02311
case.lis,364,T_MAN,C,1.218212430220897,0.02772
case.lis,364,1_2LT,C,1.537389138865962,0.02617
case.lis,364,1_2LT,A,2.047169697453784,0.02485
case.lis,364,1_2LT,B,1.873809872467318,0.02324
case.lis,364,T_OPO,A,1.7869164070750907,0.02499
case.lis,364,T_OPO,B,1.7903123263842664,0.02338
case.lis,364,T_OPO,C,1.7547059648375443,0.0275
case.lis,365,T_MAN,A,1.2997089911871988,0.02645
case.lis,365,T_MAN,B,1.3021222609760643,0.02965
case.lis,365,T_MAN,C,1.3737627111122945,0.02707
case.lis,365,1_2LT,C,1.9519338108043345,0.0272
case.lis,365,1_2LT,A,1.7869468480701474,0.02657
case.lis,365,1_2LT,B,1.8189402451254473,0.02969
case.lis,365,T_OPO,A,1.743527782954818,0.0267
case.lis,365,T_OPO,B,1.7922745547006043,0.02983
case.lis,365,T_OPO,C,1.8049977013942509,0.02734
case.lis,366,T_MAN,A,1.254916398200165,0.03282
case.lis,366,T_MAN,B,1.4496378142833053,0.03033
case.lis,366,T_MAN,C,1.106351251808266,0.03543
case.lis,366,1_2LT,C,1.7232332064218963,0.0297
case.lis,366,1_2LT,A,1.6939648819191138,0.03282
case.lis,366,1_2LT,B,1.8755854344719862,0.03045
case.lis,366,T_OPO,A,1.7836099203919167,0.03296
case.lis,366,T_OPO,B,1.8325898808097483,0.03058
case.lis,366,T_OPO,C,1.7297956370865393,0.02984
case.lis,367,T_MAN,A,1.522108504841272,0.02548
case.lis,367,T_MAN,B,1.2105987912351235,0.03022
case.lis,367,T_MAN,C,1.2286897592232666,0.02725
case.lis,367,1_2LT,C,1.5927449080113953,0.02742
case.lis,367,1_2LT,A,1.909231342687505,0.02559
case.lis,367,1_2LT,B,1.5396348323082796,0.02458
case.lis,367,T_OPO,A,1.8245720067094437,0.02574
case.lis,367,T_OPO,B,1.6253441873674308,0.02473
case.lis,367,T_OPO,C,1.7598741269291869,0.02614
case.lis,368,T_MAN,A,1.4507743372649253,0.02471
case.lis,368,T_MAN,B,1.3407771239915867,0.02233
case.lis,368,T_MAN,C,1.2127366099558916,0.02717
case.lis,368,1_2LT,C,1.4574671405876976,0.02727
case.lis,368,1_2LT,A,1.765152426848425,0.02345
case.lis,368,1_2LT,B,1.8998515934929046,0.02232
case.lis,368,T_OPO,A,1.8098246314687114,0.0236
case.lis,368,T_OPO,B,1.8297272380343814,0.0225
case.lis,368,T_OPO,C,1.6606963089184128,0.02733
case.lis,369,T_MAN,A,1.1676408672577365,0.04135
case.lis,369,T_MAN,B,1.3874269105496242,0.03755
case.lis,369,T_MAN,C,1.3249229212705342,0.03714
case.lis,369,1_2LT,C,1.7812960941452116,0.03725
case.lis,369,1_2LT,A,1.328268679499809,0.04147
case.lis,369,1_2LT,B,1.814963035934574,0.03758
case.lis,369,T_OPO,A,1.5086302439717068,0.04021
case.lis,369,T_OPO,B,1.79159980297665,0.03773
case.lis,369,T_OPO,C,1.8605650665175681,0.03723
case.lis,370,T_MAN,A,1.2494654987264482,0.03512
case.lis,370,T_MAN,B,1.2477522120752238,0.03846
case.lis,370,T_MAN,C,1.2322892870772209,0.03639
case.lis,370,1_2LT,C,1.5780206253272628,0.03614
case.lis,370,1_2LT,A,1.7889720528590571,0.03523
case.lis,370,1_2LT,B,1.7221014936499908,0.03851
case.lis,370,T_OPO,A,1.749533844529052,0.03523
case.lis,370,T_OPO,B,1.7550019702334991,0.03863
case.lis,370,T_OPO,C,1.7712816280163655,0.03488
case.lis,371,T_MAN,A,1.3125250938523392,0.02414
case.lis,371,T_MAN,B,1.512561889294177,0.02269
case.lis,371,T_MAN,C,1.141116066277945,0.02709
case.lis,371,1_2LT,C,1.312894805506004,0.02844
case.lis,371,1_2LT,A,1.635217657552118,0.02412
case.lis,371,1_2LT,B,2.087691152586597,0.02279
case.lis,371,T_OPO,A,1.7838047693850563,0.02542
case.lis,371,T_OPO,B,1.8326126982436524,0.02293
case.lis,371,T_OPO,C,1.7051899677840199,0.02244
case.lis,372,T_MAN,A,1.2441616301463474,0.02428
case.lis,372,T_MAN,B,1.1263781428330537,0.03048
case.lis,372,T_MAN,C,1.249417192506013,0.02779
case.lis,372,1_2LT,C,1.7219932106818607,0.02666
case.lis,372,1_2LT,A,1.9052934494173612,0.02421
case.lis,372,1_2LT,B,1.4114948924802755,0.03057
case.lis,372,T_OPO,A,1.835240288612583,0.02438
case.lis,372,T_OPO,B,1.589743727646281,0.02487
case.lis,372,T_OPO,C,1.7700195070866283,0.02802
case.lis,373,T_MAN,A,1.4549706417458754,0.03232
case.lis,373,T_MAN,B,1.1989213415337645,0.03204
case.lis,373,T_MAN,C,1.2596008945925077,0.03507
case.lis,373,1_2LT,C,1.527389440613435,0.03495
case.lis,373,1_2LT,A,1.7002512491457884,0.0324
case.lis,373,1_2LT,B,1.7941161017776475,0.03217
case.lis,373,T_OPO,A,1.733701802497404,0.03252
case.lis,373,T_OPO,B,1.8219531048927464,0.032
case.lis,373,T_OPO,C,1.5606755593421904,0.03484
case.lis,374,T_MAN,A,1.3423299342368007,0.03297
case.lis,374,T_MAN,B,1.166472305794439,0.03227
case.lis,374,T_MAN,C,1.2449044614251357,0.03548
case.lis,374,1_2LT,C,1.6763226745476008,0.03552
case.lis,374,1_2LT,A,1.9200592490037895,0.03303
case.lis,374,1_2LT,B,1.785526771213291,0.03238
case.lis,374,T_OPO,A,1.8166438581076885,0.03316
case.lis,374,T_OPO,B,1.7535156243066465,0.03252
case.lis,374,T_OPO,C,1.745437666959539,0.03561
case.lis,375,T_MAN,A,1.427885726457041,0.02508
case.lis,375,T_MAN,B,1.2343100189035918,0.02963
case.lis,375,T_MAN,C,1.1612384603778942,0.02722
case.lis,375,1_2LT,C,1.4642559262316177,0.02686
case.lis,375,1_2LT,A,1.9175641878999263,0.02504
case.lis,375,1_2LT,B,1.65230827941816,0.02959
case.lis,375,T_OPO,A,1.81996938150643,0.02478
case.lis,375,T_OPO,B,1.7404835946998944,0.02964
case.lis,375,T_OPO,C,1.6664043061139362,0.02699
case.lis,376,T_MAN,A,1.275532788412897,0.03314
case.lis,376,T_MAN,B,1.332104599873976,0.0305
case.lis,376,T_MAN,C,1.1997614419979232,0.03571
case.lis,376,1_2LT,C,1.4669355769145433,0.03575
case.lis,376,1_2LT,A,1.788308057545018,0.03304
case.lis,376,1_2LT,B,1.9274695811922575,0.0305
case.lis,376,T_OPO,A,1.7609290272193971,0.03313
case.lis,376,T_OPO,B,1.832815481420343,0.03068
case.lis,376,T_OPO,C,1.6668533951028162,0.0356
case.lis,377,T_MAN,A,1.1952363481455843,0.03341
case.lis,377,T_MAN,B,1.214915288834456,0.03114
case.lis,377,T_MAN,C,1.3769994142549056,0.02867
case.lis,377,1_2LT,C,1.8813026615902093,0.02879
case.lis,377,1_2LT,A,1.343883880472501,0.03342
case.lis,377,1_2LT,B,1.3775440418186498,0.03126
case.lis,377,T_OPO,A,1.4256315485857807,0.03361
case.lis,377,T_OPO,B,1.583552543997444,0.03144
case.lis,377,T_OPO,C,1.794803526895462,0.02892
case.lis,378,T_MAN,A,1.3882543997444021,0.03363
case.lis,378,T_MAN,B,1.2005915581707003,0.03956
case.lis,378,T_MAN,C,1.2750303078711716,0.03548
case.lis,378,1_2LT,C,1.4226239605243307,0.0356
case.lis,378,1_2LT,A,1.9322409542320083,0.03376
case.lis,378,1_2LT,B,1.5557088580633136,0.03824
case.lis,378,T_OPO,A,1.7942074868872973,0.03391
case.lis,378,T_OPO,B,1.7598559865811125,0.03697
case.lis,378,T_OPO,C,1.7280796435829848,0.03443
case.lis,379,T_MAN,A,1.2114491866130621,0.02547
case.lis,379,T_MAN,B,1.3971471196428729,0.02146
case.lis,379,T_MAN,C,1.212666382669045,0.02752
case.lis,379,1_2LT,C,1.7542874765923835,0.02144
case.lis,379,1_2LT,A,1.329762506989004,0.02287
case.lis,379,1_2LT,B,1.7761288461709133,0.02279
case.lis,379,T_OPO,A,1.5372004934458676,0.02426
case.lis,379,T_OPO,B,1.7378148513006204,0.02159
case.lis,379,T_OPO,C,1.7815213397587797,0.02123
case.lis,380,T_MAN,A,1.2413245826566204,0.04105
case.lis,380,T_MAN,B,1.248753853936473,0.03858
case.lis,380,T_MAN,C,1.2458044676375837,0.03644
case.lis,380,1_2LT,C,1.7098247202179684,0.03486
case.lis,380,1_2LT,A,1.6378271519476026,0.04099
case.lis,380,1_2LT,B,1.492900813830684,0.03864
case.lis,380,T_OPO,A,1.650163032384604,0.0422
case.lis,380,T_OPO,B,1.6634778082483561,0.03847
case.lis,380,T_OPO,C,1.7451180808860727,0.0362
case.lis,381,T_MAN,A,1.5685135031994109,0.03387
case.lis,381,T_MAN,B,1.1266094677707075,0.03827
case.lis,381,T_MAN,C,1.22560132058894,0.0353
case.lis,381,1_2LT,C,1.673419242613843,0.03522
case.lis,381,1_2LT,A,1.988728578148158,0.03398
case.lis,381,1_2LT,B,1.3465387701128002,0.03962
case.lis,381,T_OPO,A,1.8090099399167532,0.03412
case.lis,381,T_OPO,B,1.5785026225405363,0.03362
case.lis,381,T_OPO,C,1.7687668290778065,0.03513
case.lis,382,T_MAN,A,1.2063989101591275,0.04109
case.lis,382,T_MAN,B,1.1593334220825902,0.0385
case.lis,382,T_MAN,C,1.1299034408086832,0.03647
case.lis,382,1_2LT,C,1.1533658155612947,0.03738
case.lis,382,1_2LT,A,1.3477724824054598,0.04232
case.lis,382,1_2LT,B,1.4536376367847919,0.0398
case.lis,382,T_OPO,A,1.567457156296316,0.04223
case.lis,382,T_OPO,B,1.6179958909094136,0.03846
case.lis,382,T_OPO,C,1.2228724584431605,0.03596
case.lis,383,T_MAN,A,1.364876319035828,0.03311
case.lis,383,T_MAN,B,1.1276047995598037,0.03903
case.lis,383,T_MAN,C,1.2485266735891085,0.03693
case.lis,383,1_2LT,C,1.5167653558401448,0.03576
case.lis,383,1_2LT,A,1.885236490144395,0.03323
case.lis,383,1_2LT,B,1.2171597397871792,0.03778
case.lis,383,T_OPO,A,1.7845272859589802,0.03337
case.lis,383,T_OPO,B,1.3999782031825485,0.03797
case.lis,383,T_OPO,C,1.6708290955563248,0.0359
case.lis,384,T_MAN,A,1.4191126849312636,0.02603
case.lis,384,T_MAN,B,1.1724056373527871,0.03078
case.lis,384,T_MAN,C,1.4281940679996805,0.02746
case.lis,384,1_2LT,C,1.600857894690132,0.02746
case.lis,384,1_2LT,A,1.8517467628708608,0.02615
case.lis,384,1_2LT,B,1.2145692022329313,0.03897
case.lis,384,T_OPO,A,1.837023172430931,0.02588
case.lis,384,T_OPO,B,1.3429297017137483,0.03009
case.lis,384,T_OPO,C,1.6578042990139958,0.02628
case.lis,385,T_MAN,A,1.170941629613852,0.02435
case.lis,385,T_MAN,B,1.2713018983466013,0.02205
case.lis,385,T_MAN,C,1.1357063730841255,0.02817
case.lis,385,1_2LT,C,1.4525262209678993,0.02814
case.lis,385,1_2LT,A,1.695236738642314,0.0242
case.lis,385,1_2LT,B,2.001050480577225,0.02201
case.lis,385,T_OPO,A,1.749189453038331,0.02435
case.lis,385,T_OPO,B,1.8281356621138298,0.02216
case.lis,385,T_OPO,C,1.5748482121462233,0.02832
case.lis,386,T_MAN,A,1.3193388801618786,0.03379
case.lis,386,T_MAN,B,1.145407270339111,0.03808
case.lis,386,T_MAN,C,1.375954720129219,0.03648
case.lis,386,1_2LT,C,1.7349974706461833,0.03514
case.lis,386,1_2LT,A,1.9094477488751034,0.03392
case.lis,386,1_2LT,B,1.3785902624315522,0.0381
case.lis,386,T_OPO,A,1.7957255517985036,0.03407
case.lis,386,T_OPO,B,1.4560818800642543,0.03826
case.lis,386,T_OPO,C,1.7908770201549562,0.0351
case.lis,387,T_MAN,A,1.5299775641878999,0.03365
case.lis,387,T_MAN,B,1.2149496259218828,0.03821
case.lis,387,T_MAN,C,1.2768864098263177,0.03675
case.lis,387,1_2LT,C,1.5391139274208578,0.03533
case.lis,387,1_2LT,A,1.7565072552517371,0.0336
case.lis,387,1_2LT,B,1.7603351171933934,0.03235
case.lis,387,T_OPO,A,1.7959265688649857,0.03362
case.lis,387,T_OPO,B,1.75011164656496,0.0325
case.lis,387,T_OPO,C,1.6660687629241107,0.03539
case.lis,388,T_MAN,A,1.1397219929533091,0.03337
case.lis,388,T_MAN,B,1.1811449541610088,0.03079
case.lis,388,T_MAN,C,1.5733073031763358,0.02837
case.lis,388,1_2LT,C,2.0202422410962306,0.02849
case.lis,388,1_2LT,A,1.4338641426378056,0.02752
case.lis,388,1_2LT,B,1.4780325177276639,0.03084
case.lis,388,T_OPO,A,1.566247361928344,0.03451
case.lis,388,T_OPO,B,1.659067422810334,0.03067
case.lis,388,T_OPO,C,1.8421709754430806,0.02862
case.lis,389,T_MAN,A,1.4819620685676758,0.03369
case.lis,389,T_MAN,B,1.1740180338489663,0.03849
case.lis,389,T_MAN,C,1.1269500430433896,0.03601
case.lis,389,1_2LT,C,1.3429383103916506,0.03564
case.lis,389,1_2LT,A,1.921814886800323,0.03366
case.lis,389,1_2LT,B,1.6350343903369808,0.03263
case.lis,389,T_OPO,A,1.838227331221101,0.03378
case.lis,389,T_OPO,B,1.6650474364777195,0.03277
case.lis,389,T_OPO,C,1.504499321068186,0.03581
case.lis,390,T_MAN,A,1.230600477471001,0.02564
case.lis,390,T_MAN,B,1.436696521916629,0.02202
case.lis,390,T_MAN,C,1.1652735340841522,0.02728
case.lis,390,1_2LT,C,1.507807440737684,0.02692
case.lis,390,1_2LT,A,1.5567804432137882,0.02451
case.lis,390,1_2LT,B,1.8605950726412668,0.02213
case.lis,390,T_OPO,A,1.7241149480373101,0.02587
case.lis,390,T_OPO,B,1.811241797349947,0.02215
case.lis,390,T_OPO,C,1.7405392227340097,0.02708
case.lis,391,T_MAN,A,1.1193567453872573,0.0416
case.lis,391,T_MAN,B,1.1810886693823939,0.03839
case.lis,391,T_MAN,C,1.3149025089414874,0.03689
case.lis,391,1_2LT,C,1.8534645047347729,0.037
case.lis,391,1_2LT,A,1.2444210442237547,0.04272
case.lis,391,1_2LT,B,1.5499773068150555,0.03731
case.lis,391,T_OPO,A,1.413693211569353,0.04289
case.lis,391,T_OPO,B,1.6566481003221598,0.0385
case.lis,391,T_OPO,C,1.8260777265990396,0.03681
case.lis,392,T_MAN,A,1.531234945907328,0.02562
case.lis,392,T_MAN,B,1.194070484659691,0.03032
case.lis,392,T_MAN,C,1.243572521455133,0.02743
case.lis,392,1_2LT,C,1.329099372542755,0.02733
case.lis,392,1_2LT,A,1.7039256458727159,0.02575
case.lis,392,1_2LT,B,1.6191037567560371,0.0244
case.lis,392,T_OPO,A,1.8408181793977476,0.02555
case.lis,392,T_OPO,B,1.687975230082448,0.02453
case.lis,392,T_OPO,C,1.4502017891850154,0.0272
case.lis,393,T_MAN,A,1.2012217222680759,0.02545
case.lis,393,T_MAN,B,1.3196054030547495,0.02111
case.lis,393,T_MAN,C,1.2671672124745956,0.02102
case.lis,393,1_2LT,C,1.8437617259955448,0.02098
case.lis,393,1_2LT,A,1.3980929559714939,0.02428
case.lis,393,1_2LT,B,1.6770244504202279,0.02115
case.lis,393,T_OPO,A,1.6952758770645295,0.02418
case.lis,393,T_OPO,B,1.7425847688525606,0.02243
case.lis,393,T_OPO,C,1.8196994950167291,0.02078
case.lis,394,T_MAN,A,1.3262370492647124,0.03454
case.lis,394,T_MAN,B,1.1549108513716198,0.03906
case.lis,394,T_MAN,C,1.2335946111451315,0.0358
case.lis,394,1_2LT,C,1.7192584999600629,0.03443
case.lis,394,1_2LT,A,1.7433617064707083,0.03448
case.lis,394,1_2LT,B,1.3022864826007081,0.03776
case.lis,394,T_OPO,A,1.7424345341107768,0.03441
case.lis,394,T_OPO,B,1.4782084631291212,0.038
case.lis,394,T_OPO,C,1.799583677236703,0.03575
case.lis,395,T_MAN,A,1.2384825829583679,0.03325
case.lis,395,T_MAN,B,1.1242251746141627,0.03017
case.lis,395,T_MAN,C,1.5185973534971646,0.0286
case.lis,395,1_2LT,C,1.7239017634477312,0.02869
case.lis,395,1_2LT,A,1.551194138999086,0.03314
case.lis,395,1_2LT,B,1.323237031514861,0.03886
case.lis,395,T_OPO,A,1.6271714724389181,0.02712
case.lis,395,T_OPO,B,1.5385356372640377,0.03034
case.lis,395,T_OPO,C,1.8143682472909288,0.02851
case.lis,396,T_MAN,A,1.2925662735074592,0.025
case.lis,396,T_MAN,B,1.3494498078578592,0.02232
case.lis,396,T_MAN,C,1.148858675683591,0.02765
case.lis,396,1_2LT,C,1.2949441323428919,0.02752
case.lis,396,1_2LT,A,1.6508081507317376,0.02486
case.lis,396,1_2LT,B,1.748439566193633,0.02105
case.lis,396,T_OPO,A,1.7425067227561968,0.02351
case.lis,396,T_OPO,B,1.753766323207043,0.02119
case.lis,396,T_OPO,C,1.3493276711307542,0.02734
case.lis,397,T_MAN,A,1.2433631087089645,0.03237
case.lis,397,T_MAN,B,1.1761812881067122,0.03859
case.lis,397,T_MAN,C,1.1957185583570737,0.03605
case.lis,397,1_2LT,C,1.5749760820753125,0.03601
case.lis,397,1_2LT,A,1.8216350453064956,0.03233
case.lis,397,1_2LT,B,1.62757578742778,0.03848
case.lis,397,T_OPO,A,1.7604371965884786,0.03248
case.lis,397,T_OPO,B,1.6410335649688934,0.03862
case.lis,397,T_OPO,C,1.7147331753596562,0.03602
case.lis,398,T_MAN,A,1.1572585620845426,0.03382
case.lis,398,T_MAN,B,1.310179362247841,0.03121
case.lis,398,T_MAN,C,1.3893237040389785,0.02871
case.lis,398,1_2LT,C,1.8535019569211109,0.0287
case.lis,398,1_2LT,A,1.3100939588380947,0.03248
case.lis,398,1_2LT,B,1.616575609929267,0.0313
case.lis,398,T_OPO,A,1.3807399913025729,0.03364
case.lis,398,T_OPO,B,1.74668175404031,0.03148
case.lis,398,T_OPO,C,1.7962576479671983,0.02876
case.lis,399,T_MAN,A,1.1426000869742716,0.02529
case.lis,399,T_MAN,B,1.5090687984238131,0.02166
case.lis,399,T_MAN,C,1.2970966568154991,0.01976
case.lis,399,1_2LT,C,1.8986480825723084,0.0199
case.lis,399,1_2LT,A,1.4984595791510245,0.02429
case.lis,399,1_2LT,B,1.9858154459206405,0.02177
case.lis,399,T_OPO,A,1.716366782928193,0.02284
case.lis,399,T_OPO,B,1.821967562146667,0.02191
case.lis,399,T_OPO,C,1.7999755939544007,0.02007
case.lis,400,T_MAN,A,1.1171862935647914,0.04141
case.lis,400,T_MAN,B,1.2478706479583233,0.03881
case.lis,400,T_MAN,C,1.4056044268129255,0.03722
case.lis,400,1_2LT,C,1.885386813635436,0.03732
case.lis,400,1_2LT,A,1.3029344941736114,0.04051
case.lis,400,1_2LT,B,1.5268713402025258,0.03863
case.lis,400,T_OPO,A,1.4584022471311804,0.04165
case.lis,400,T_OPO,B,1.7474930731205127,0.03996
case.lis,400,T_OPO,C,1.7879952430398396,0.03746
case.lis,401,T_MAN,A,1.2359337753046318,0.02474
case.lis,401,T_MAN,B,1.1370378160582906,0.03073
case.lis,401,T_MAN,C,1.2373073653008155,0.02825
case.lis,401,1_2LT,C,1.4941895772872902,0.02815
case.lis,401,1_2LT,A,1.5263623454653568,0.02578
case.lis,401,1_2LT,B,1.4391211516103553,0.02469
case.lis,401,T_OPO,A,1.7508146294274787,0.02443
case.lis,401,T_OPO,B,1.6243117051394695,0.03052
case.lis,401,T_OPO,C,1.695877082279436,0.02804
case.lis,402,T_MAN,A,1.5086870434960107,0.03321
case.lis,402,T_MAN,B,1.1766312557132335,0.03879
case.lis,402,T_MAN,C,1.2445753791811993,0.03595
case.lis,402,1_2LT,C,1.5217300780105967,0.03457
case.lis,402,1_2LT,A,2.092077611225006,0.03326
case.lis,402,1_2LT,B,1.542964225174614,0.03273
case.lis,402,T_OPO,A,1.8365748733104361,0.0334
case.lis,402,T_OPO,B,1.7604934458673909,0.0329
case.lis,402,T_OPO,C,1.7544227304596323,0.03585
case.lis,403,T_MAN,A,1.4432946031576985,0.03284
case.lis,403,T_MAN,B,1.2173373181749603,0.0386
case.lis,403,T_MAN,C,1.317382606920667,0.03491
case.lis,403,1_2LT,C,1.877861852906982,0.03488
case.lis,403,1_2LT,A,1.7421265386902385,0.03271
case.lis,403,1_2LT,B,1.6224041019906459,0.03735
case.lis,403,T_OPO,A,1.742498477950247,0.03254
case.lis,403,T_OPO,B,1.758816652910532,0.03753
case.lis,403,T_OPO,C,1.7691595445388144,0.03615
case.lis,404,T_MAN,A,1.3200306184935702,0.02553
case.lis,404,T_MAN,B,1.2161691383334665,0.03033
case.lis,404,T_MAN,C,1.3238092955971492,0.02737
case.lis,404,1_2LT,C,1.6835865793373979,0.02614
case.lis,404,1_2LT,A,1.8585173549171525,0.0256
case.lis,404,1_2LT,B,1.4480681949288676,0.03042
case.lis,404,T_OPO,A,1.831831962157317,0.02578
case.lis,404,T_OPO,B,1.6516456774674513,0.03026
case.lis,404,T_OPO,C,1.808693353568164,0.02628
case.lis,405,T_MAN,A,1.1428253325878397,0.04153
case.lis,405,T_MAN,B,1.4407220284530118,0.0377
case.lis,405,T_MAN,C,1.359981628903858,0.03761
case.lis,405,1_2LT,C,1.72186710686298,0.03765
case.lis,405,1_2LT,A,1.195764974218341,0.04234
case.lis,405,1_2LT,B,1.785691099337043,0.03894
case.lis,405,T_OPO,A,1.356484553191867,0.04127
case.lis,405,T_OPO,B,1.759771941034994,0.03738
case.lis,405,T_OPO,C,1.7401211427354297,0.03778
case.lis,406,T_MAN,A,1.266743612272247,0.02668
case.lis,406,T_MAN,B,1.1816787809402096,0.02997
case.lis,406,T_MAN,C,1.1838286340601896,0.028
case.lis,406,1_2LT,C,1.4651349964944045,0.02776
case.lis,406,1_2LT,A,1.8122711822288489,0.02679
case.lis,406,1_2LT,B,1.5564302386467515,0.03005
case.lis,406,T_OPO,A,1.76036555818845,0.02694
case.lis,406,T_OPO,B,1.6114603690194094,0.0299
case.lis,406,T_OPO,C,1.7402492522875121,0.02794
case.lis,407,T_MAN,A,1.318336679180312,0.03291
case.lis,407,T_MAN,B,1.2630902491191636,0.02974
case.lis,407,T_MAN,C,1.147096390567729,0.03587
case.lis,407,1_2LT,C,1.7853883844972798,0.02985
case.lis,407,1_2LT,A,1.751432279879656,0.03166
case.lis,407,1_2LT,B,1.45635196180232,0.03087
case.lis,407,T_OPO,A,1.788549242525094,0.0331
case.lis,407,T_OPO,B,1.7260206608269655,0.0308
case.lis,407,T_OPO,C,1.753189799160432,0.02999
case.lis,408,T_MAN,A,1.196346459348403,0.02427
case.lis,408,T_MAN,B,1.4905102816013918,0.02186
case.lis,408,T_MAN,C,1.3343164088500759,0.0198
case.lis,408,1_2LT,C,1.8995713410900184,0.01976
case.lis,408,1_2LT,A,1.5580443213788084,0.02441
case.lis,408,1_2LT,B,1.8221904736547831,0.02186
case.lis,408,T_OPO,A,1.6919041153030343,0.02459
case.lis,408,T_OPO,B,1.8210467619833686,0.0221
case.lis,408,T_OPO,C,1.7931103064511835,0.0199
case.lis,409,T_MAN,A,1.2908340122651474,0.03288
case.lis,409,T_MAN,B,1.0958685179761618,0.03858
case.lis,409,T_MAN,C,1.263572246332437,0.03584
case.lis,409,1_2LT,C,1.6307107040478537,0.03471
case.lis,409,1_2LT,A,1.9232217843925556,0.03302
case.lis,409,1_2LT,B,1.3841544414565528,0.03367
case.lis,409,T_OPO,A,1.7898177179016126,0.03316
case.lis,409,T_OPO,B,1.7062486754173434,0.03735
case.lis,409,T_OPO,C,1.73991382447172,0.03487
case.lis,410,T_MAN,A,1.4116364475447518,0.02574
case.lis,410,T_MAN,B,1.1436411157556556,0.03043
case.lis,410,T_MAN,C,1.1810189745910877,0.02663
case.lis,410,1_2LT,C,1.4150151672479743,0.02716
case.lis,410,1_2LT,A,1.8297939242258847,0.02583
case.lis,410,1_2LT,B,1.5585922592898285,0.02905
case.lis,410,T_OPO,A,1.7796518366658678,0.02598
case.lis,410,T_OPO,B,1.65737710446675,0.02773
case.lis,410,T_OPO,C,1.6787870106587859,0.02851
case.lis,411,T_MAN,A,1.348021867816857,0.02544
case.lis,411,T_MAN,B,1.3061267073138263,0.02147
case.lis,411,T_MAN,C,1.1161065168579214,0.02805
case.lis,411,1_2LT,C,1.3948127834429387,0.02224
case.lis,411,1_2LT,A,1.83781827702193,0.02405
case.lis,411,1_2LT,B,1.8280979436797218,0.02158
case.lis,411,T_OPO,A,1.7502760989376713,0.02422
case.lis,411,T_OPO,B,1.7622283074629248,0.02172
case.lis,411,T_OPO,C,1.6105717227118224,0.02211
case.lis,412,T_MAN,A,1.197923959636838,0.03305
case.lis,412,T_MAN,B,1.2567240874357677,0.03212
case.lis,412,T_MAN,C,1.2268004117965512,0.03537
case.lis,412,1_2LT,C,1.6736023323304667,0.03549
case.lis,412,1_2LT,A,1.6609996272531216,0.03312
case.lis,412,1_2LT,B,1.8346310249651658,0.03222
case.lis,412,T_OPO,A,1.7570186373439123,0.03329
case.lis,412,T_OPO,B,1.7889174365664688,0.03237
case.lis,412,T_OPO,C,1.7380393514204318,0.03551
case.lis,413,T_MAN,A,1.2018091535983386,0.02478
case.lis,413,T_MAN,B,1.4535053915173461,0.02234
case.lis,413,T_MAN,C,1.2207051217196057,0.02711
case.lis,413,1_2LT,C,1.575031514861063,0.02723
case.lis,413,1_2LT,A,1.4413077202978426,0.02492
case.lis,413,1_2LT,B,1.8532857992314316,0.02245
case.lis,413,T_OPO,A,1.5707827684443143,0.02359
case.lis,413,T_OPO,B,1.8011933935053295,0.02224
case.lis,413,T_OPO,C,1.6960237848008024,0.02587
case.lis,414,T_MAN,A,1.3698201851309495,0.03443
case.lis,414,T_MAN,B,1.163776866618742,0.03896
case.lis,414,T_MAN,C,1.5210154689954472,0.03543
case.lis,414,1_2LT,C,2.1523303779830845,0.03554
case.lis,414,1_2LT,A,2.018828385562271,0.03455
case.lis,414,1_2LT,B,1.3901647274954072,0.03787
case.lis,414,T_OPO,A,1.8029778659353728,0.03469
case.lis,414,T_OPO,B,1.666532628664235,0.03771
case.lis,414,T_OPO,C,1.8742441669551018,0.03569
case.lis,415,T_MAN,A,1.196008945925078,0.0339
case.lis,415,T_MAN,B,1.2099274918572558,0.03009
case.lis,415,T_MAN,C,1.4121256955722996,0.02921
case.lis,415,1_2LT,C,1.8557090621866044,0.0293
case.lis,415,1_2LT,A,1.5215727255784233,0.03252
case.lis,415,1_2LT,B,1.5214460803890768,0.03026
case.lis,415,T_OPO,A,1.6915840588585072,0.0327
case.lis,415,T_OPO,B,1.6807520612014875,0.03032
case.lis,415,T_OPO,C,1.7900983075516743,0.02943
case.lis,416,T_MAN,A,1.2963026172155807,0.02661
case.lis,416,T_MAN,B,1.1138358316249102,0.0312
case.lis,416,T_MAN,C,1.247715789380264,0.02792
case.lis,416,1_2LT,C,1.281788084524792,0.02789
case.lis,416,1_2LT,A,1.7366853040105787,0.02659
case.lis,416,1_2LT,B,1.3228309237910132,0.03129
case.lis,416,T_OPO,A,1.7804017678851938,0.02663
case.lis,416,T_OPO,B,1.3696109232585176,0.03104
case.lis,416,T_OPO,C,1.425712993778677,0.02772
case.lis,417,T_MAN,A,1.1644031168738962,0.04142
case.lis,417,T_MAN,B,1.2782140099576667,0.0388
case.lis,417,T_MAN,C,1.2842494919105052,0.03598
case.lis,417,1_2LT,C,1.6347085918155435,0.03475
case.lis,417,1_2LT,A,1.5751340113776546,0.03556
case.lis,417,1_2LT,B,1.6945666551292633,0.03869
case.lis,417,T_OPO,A,1.7951608225281115,0.03536
case.lis,417,T_OPO,B,1.7509675532717415,0.03877
case.lis,417,T_OPO,C,1.7388885930580331,0.03448
case.lis,418,T_MAN,A,1.1136562741287042,0.03328
case.lis,418,T_MAN,B,1.1810710260301571,0.03121
case.lis,418,T_MAN,C,1.4252695936171536,0.0287
case.lis,418,1_2LT,C,1.9825402611003133,0.02879
case.lis,418,1_2LT,A,1.385814567302999,0.03196
case.lis,418,1_2LT,B,1.4783118116385774,0.03131
case.lis,418,T_OPO,A,1.4952042564143526,0.02843
case.lis,418,T_OPO,B,1.7460962751936955,0.02993
case.lis,418,T_OPO,C,1.8110827231821933,0.02892
case.lis,419,T_MAN,A,1.3455298330626482,0.03348
case.lis,419,T_MAN,B,1.125507068878298,0.03927
case.lis,419,T_MAN,C,1.3134898870221963,0.03535
case.lis,419,1_2LT,C,1.9173077025479912,0.03528
case.lis,419,1_2LT,A,1.8883672000496996,0.0336
case.lis,419,1_2LT,B,1.4420374166866354,0.03812
case.lis,419,T_OPO,A,1.817129556164967,0.03361
case.lis,419,T_OPO,B,1.738796462454627,0.03946
case.lis,419,T_OPO,C,1.7615491182761345,0.03527
case.lis,420,T_MAN,A,1.3524882451609468,0.03189
case.lis,420,T_MAN,B,1.2517493365993058,0.02969
case.lis,420,T_MAN,C,1.085173460422269,0.03586
case.lis,420,1_2LT,C,1.3240332099718664,0.03585
case.lis,420,1_2LT,A,2.0349112862429775,0.032
case.lis,420,1_2LT,B,1.83641319878946,0.02965
case.lis,420,T_OPO,A,1.833638151530481,0.03216
case.lis,420,T_OPO,B,1.7698201052566185,0.02979
case.lis,420,T_OPO,C,1.4234980519538147,0.03716
case.lis,421,T_MAN,A,1.1429734550973136,0.02458
case.lis,421,T_MAN,B,1.175985631495336,0.02319
case.lis,421,T_MAN,C,1.124463501868172,0.02754
case.lis,421,1_2LT,C,1.3702864116013027,0.02619
case.lis,421,1_2LT,A,1.356304480949972,0.02592
case.lis,421,1_2LT,B,1.48390439042573,0.02178
case.lis,421,T_OPO,A,1.5622326650514302,0.02581
case.lis,421,T_OPO,B,1.7204909431383513,0.02166
case.lis,421,T_OPO,C,1.470239898115853,0.02614
case.lis,422,T_MAN,A,1.1410176522271627,0.03308
case.lis,422,T_MAN,B,1.219906103286385,0.0303
case.lis,422,T_MAN,C,1.3549558649946307,0.02735
case.lis,422,1_2LT,C,1.8813700577757662,0.02747
case.lis,422,1_2LT,A,1.1671747561614172,0.03209
case.lis,422,1_2LT,B,1.549901577074292,0.02997
case.lis,422,T_OPO,A,1.3216398200165074,0.03191
case.lis,422,T_OPO,B,1.7462005555703473,0.03013
case.lis,422,T_OPO,C,1.7708813244939074,0.02761
case.lis,423,T_MAN,A,1.2509455523309991,0.03311
case.lis,423,T_MAN,B,1.1251139984202632,0.03048
case.lis,423,T_MAN,C,1.3347824755717672,0.02719
case.lis,423,1_2LT,C,1.491816049415586,0.02858
case.lis,423,1_2LT,A,1.6924938541139718,0.02726
case.lis,423,1_2LT,B,1.3757941727238032,0.03875
case.lis,423,T_OPO,A,1.7280564800269798,0.02711
case.lis,423,T_OPO,B,1.5588727956903359,0.03026
case.lis,423,T_OPO,C,1.5708402957125234,0.02741
case.lis,424,T_MAN,A,1.3424248959414966,0.02637
case.lis,424,T_MAN,B,1.1086714236268271,0.02924
case.lis,424,T_MAN,C,1.2402911153119094,0.02644
case.lis,424,1_2LT,C,1.7176977555312973,0.02747
case.lis,424,1_2LT,A,1.937264481659966,0.0265
case.lis,424,1_2LT,B,1.631027805142132,0.0244
case.lis,424,T_OPO,A,1.8042104422375462,0.02663
case.lis,424,T_OPO,B,1.6870592578787154,0.02455
case.lis,424,T_OPO,C,1.8199752478322995,0.02765
case.lis,425,T_MAN,A,1.3202148619505312,0.02544
case.lis,425,T_MAN,B,1.203402824001349,0.03117
case.lis,425,T_MAN,C,1.3999170371948133,0.02711
case.lis,425,1_2LT,C,1.8119673313985996,0.02695
case.lis,425,1_2LT,A,1.9102625203013923,0.02557
case.lis,425,1_2LT,B,1.511202019933083,0.02992
case.lis,425,T_OPO,A,1.7959598675861088,0.02572
case.lis,425,T_OPO,B,1.7068674174853786,0.02974
case.lis,425,T_OPO,C,1.7510590892551274,0.02689
case.lis,426,T_MAN,A,1.4931277900547584,0.02538
case.lis,426,T_MAN,B,1.1032087293768915,0.03009
case.lis,426,T_MAN,C,1.2926044978123308,0.02669
case.lis,426,1_2LT,C,1.5786545257683469,0.02676
case.lis,426,1_2LT,A,1.9012744393265706,0.02549
case.lis,426,1_2LT,B,1.142783265440152,0.03
case.lis,426,T_OPO,A,1.7929451440844182,0.02563
case.lis,426,T_OPO,B,1.1883319577198541,0.03112
case.lis,426,T_OPO,C,1.7165303478083371,0.02692
case.lis,427,T_MAN,A,1.3053534439149073,0.02557
case.lis,427,T_MAN,B,1.1185110537199252,0.0311
case.lis,427,T_MAN,C,1.4550011803651144,0.02693
case.lis,427,1_2LT,C,1.7934093914463465,0.02688
case.lis,427,1_2LT,A,1.9137422899083218,0.02571
case.lis,427,1_2LT,B,1.2510492203377797,0.03841
case.lis,427,T_OPO,A,1.7982282985879994,0.02586
case.lis,427,T_OPO,B,1.3373786132041143,0.02966
case.lis,427,T_OPO,C,1.7775739414432403,0.02686
case.lis,428,T_MAN,A,1.1836613505861888,0.02459
case.lis,428,T_MAN,B,1.174120894237511,0.02134
case.lis,428,T_MAN,C,1.1843164975993328,0.02136
case.lis,428,1_2LT,C,1.731173353923161,0.02148
case.lis,428,1_2LT,A,1.646594957267233,0.02471
case.lis,428,1_2LT,B,1.4946116510024228,0.02244
case.lis,428,T_OPO,A,1.6839196109232586,0.02489
case.lis,428,T_OPO,B,1.6857725001553112,0.02262
case.lis,428,T_OPO,C,1.7381570329348492,0.02142
case.lis,429,T_MAN,A,1.2655808993849675,0.03311
case.lis,429,T_MAN,B,1.1774954959752213,0.03025
case.lis,429,T_MAN,C,1.1696090595241266,0.03606
case.lis,429,1_2LT,C,1.7698599891725906,0.02988
case.lis,429,1_2LT,A,1.4226415683768647,0.033
case.lis,429,1_2LT,B,1.5099103632507078,0.0289
case.lis,429,T_OPO,A,1.6642935736663205,0.03288
case.lis,429,T_OPO,B,1.653510565599013,0.03748
case.lis,429,T_OPO,C,1.753726004419713,0.02995
case.lis,430,T_MAN,A,1.2851944939961126,0.0248
case.lis,430,T_MAN,B,1.587492762498114,0.02275
case.lis,430,T_MAN,C,1.3470792264614784,0.02749
case.lis,430,1_2LT,C,1.7164500208560753,0.02608
case.lis,430,1_2LT,A,1.6425126689563974,0.02347
case.lis,430,1_2LT,B,1.8325333031585862,0.02286
case.lis,430,T_OPO,A,1.7369855427460796,0.0237
case.lis,430,T_OPO,B,1.7945052495185352,0.023
case.lis,430,T_OPO,C,1.7622917898062604,0.02613
case.lis,431,T_MAN,A,1.3601473415160146,0.03303
case.lis,431,T_MAN,B,1.540628610985383,0.03162
case.lis,431,T_MAN,C,1.1534488848655893,0.03685
case.lis,431,1_2LT,C,1.217576879043638,0.03678
case.lis,431,1_2LT,A,1.778923986261615,0.03297
case.lis,431,1_2LT,B,1.846460679641808,0.03152
case.lis,431,T_OPO,A,1.7305409533445157,0.03312
case.lis,431,T_OPO,B,1.8010313551124009,0.03156
case.lis,431,T_OPO,C,1.304437995331789,0.03567
case.lis,432,T_MAN,A,1.306770796169582,0.03299
case.lis,432,T_MAN,B,1.4130593643778233,0.02937
case.lis,432,T_MAN,C,1.3010496640840632,0.02858
case.lis,432,1_2LT,C,1.8806135058618885,0.02854
case.lis,432,1_2LT,A,1.3168578946901321,0.03308
case.lis,432,1_2LT,B,1.8600928317225343,0.0295
case.lis,432,T_OPO,A,1.6508275424443322,0.03325
case.lis,432,T_OPO,B,1.7936514994186923,0.02961
case.lis,432,T_OPO,C,1.7878507681248168,0.02868
case.lis,433,T_MAN,A,1.1655944425215439,0.03271
case.lis,433,T_MAN,B,1.1810737772571156,0.0304
case.lis,433,T_MAN,C,1.3399346539222734,0.02953
case.lis,433,1_2LT,C,1.8527286846472661,0.02962
case.lis,433,1_2LT,A,1.5430955208250132,0.03275
case.lis,433,1_2LT,B,1.391555330724105,0.02873
case.lis,433,T_OPO,A,1.7406001402238258,0.0327
case.lis,433,T_OPO,B,1.6298106978354057,0.03226
case.lis,433,T_OPO,C,1.7857386955634247,0.02975
case.lis,434,T_MAN,A,1.1627938266017022,0.0416
case.lis,434,T_MAN,B,1.2833078622966532,0.03931
case.lis,434,T_MAN,C,1.4131362212341472,0.03636
case.lis,434,1_2LT,C,2.134580970384373,0.03629
case.lis,434,1_2LT,A,1.5210312574882185,0.03575
case.lis,434,1_2LT,B,1.394250583526363,0.03883
case.lis,434,T_OPO,A,1.5702078862589528,0.0359
case.lis,434,T_OPO,B,1.6891711884412968,0.03907
case.lis,434,T_OPO,C,1.8605184731577875,0.03647
case.lis,435,T_MAN,A,1.346624244521952,0.02585
case.lis,435,T_MAN,B,1.1669266576142425,0.02405
case.lis,435,T_MAN,C,1.301918599181732,0.02716
case.lis,435,1_2LT,C,1.7085042732767113,0.02727
case.lis,435,1_2LT,A,1.8369728516023678,0.02584
case.lis,435,1_2LT,B,1.747287787214782,0.02416
case.lis,435,T_OPO,A,1.7581766465205855,0.02581
case.lis,435,T_OPO,B,1.7479894743381523,0.02429
case.lis,435,T_OPO,C,1.7859161408273208,0.0271
case.lis,436,T_MAN,A,1.3018756267916256,0.02407
case.lis,436,T_MAN,B,1.2327735030219122,0.02333
case.lis,436,T_MAN,C,1.1635303211835601,0.02807
case.lis,436,1_2LT,C,1.5034707793072233,0.02806
case.lis,436,1_2LT,A,1.8620016507361752,0.02407
case.lis,436,1_2LT,B,1.8914306291434808,0.02344
case.lis,436,T_OPO,A,1.800049699583766,0.02418
case.lis,436,T_OPO,B,1.7922063331469598,0.02358
case.lis,436,T_OPO,C,1.5602393034958333,0.02685
case.lis,437,T_MAN,A,1.1009908854513344,0.04126
case.lis,437,T_MAN,B,1.267747197742219,0.03857
case.lis,437,T_MAN,C,1.4635124293334043,0.036
case.lis,437,1_2LT,C,1.9716203839292845,0.03607
case.lis,437,1_2LT,A,1.6130203058299386,0.03553
case.lis,437,1_2LT,B,1.687712754155684,0.03863
case.lis,437,T_OPO,A,1.6693843020314705,0.03571
case.lis,437,T_OPO,B,1.7742234528785823,0.03725
case.lis,437,T_OPO,C,1.8283857397694294,0.03625
case.lis,438,T_MAN,A,1.117638559777062,0.04095
case.lis,438,T_MAN,B,1.2315906706781332,0.03919
case.lis,438,T_MAN,C,1.5189947371690762,0.03637
case.lis,438,1_2LT,C,2.0609336421807467,0.03648
case.lis,438,1_2LT,A,1.2517924332383714,0.03611
case.lis,438,1_2LT,B,1.66132372178883,0.03769
case.lis,438,T_OPO,A,1.6749377512713333,0.03612
case.lis,438,T_OPO,B,1.7920800429546404,0.03912
case.lis,438,T_OPO,C,1.8260820753126195,0.03662
case.lis,439,T_MAN,A,1.410315947353941,0.02421
case.lis,439,T_MAN,B,1.2393586801210539,0.02327
case.lis,439,T_MAN,C,1.2212791785368797,0.02782
case.lis,439,1_2LT,C,1.4467348615955342,0.02819
case.lis,439,1_2LT,A,1.8248404732110368,0.02418
case.lis,439,1_2LT,B,1.8614128082927306,0.0234
case.lis,439,T_OPO,A,1.8016835734000727,0.02444
case.lis,439,T_OPO,B,1.7843157432306505,0.02354
case.lis,439,T_OPO,C,1.5863548195283863,0.02801
case.lis,440,T_MAN,A,1.2322429599652103,0.02686
case.lis,440,T_MAN,B,1.1287371868260603,0.03009
case.lis,440,T_MAN,C,1.3946314775863753,0.02769
case.lis,440,1_2LT,C,1.8373214409329321,0.02779
case.lis,440,1_2LT,A,1.795473521659256,0.0269
case.lis,440,1_2LT,B,1.557896997612645,0.03017
case.lis,440,T_OPO,A,1.7672746878244894,0.02704
case.lis,440,T_OPO,B,1.6648479281486017,0.03008
case.lis,440,T_OPO,C,1.8236327733255233,0.02795
case.lis,441,T_MAN,A,1.2466325869520842,0.04014
case.lis,441,T_MAN,B,1.3266261881306742,0.03785
case.lis,441,T_MAN,C,1.398836763492106,0.03687
case.lis,441,1_2LT,C,2.060787294656407,0.03697
case.lis,441,1_2LT,A,1.6759647487952287,0.04019
case.lis,441,1_2LT,B,2.049219139664705,0.03782
case.lis,441,T_OPO,A,1.6737672284494618,0.04039
case.lis,441,T_OPO,B,1.8247161532522165,0.03796
case.lis,441,T_OPO,C,1.82302883463351,0.03711
case.lis,442,T_MAN,A,1.1839944797962316,0.03371
case.lis,442,T_MAN,B,1.3838208330005237,0.03021
case.lis,442,T_MAN,C,1.2364001260239446,0.02901
case.lis,442,1_2LT,C,1.7223205179406624,0.02907
case.lis,442,1_2LT,A,1.2691377033467344,0.03236
case.lis,442,1_2LT,B,1.7629293467167213,0.02887
case.lis,442,T_OPO,A,1.5392563966026784,0.03388
case.lis,442,T_OPO,B,1.768263887039946,0.03022
case.lis,442,T_OPO,C,1.75238680476051,0.02899
case.lis,443,T_MAN,A,1.5162073005138583,0.03307
case.lis,443,T_MAN,B,1.1560645828341187,0.03857
case.lis,443,T_MAN,C,1.2064436397845169,0.03581
case.lis,443,1_2LT,C,1.602792939109135,0.03567
case.lis,443,1_2LT,A,2.078453996822777,0.03313
case.lis,443,1_2LT,B,1.777802124657206,0.03259
case.lis,443,T_OPO,A,1.8414257301845096,0.03326
case.lis,443,T_OPO,B,1.7870324023536304,0.03277
case.lis,443,T_OPO,C,1.7439186346814344,0.03572
case.lis,444,T_MAN,A,1.1843276977555313,0.0329
case.lis,444,T_MAN,B,1.1984251444394154,0.03062
case.lis,444,T_MAN,C,1.3534633243696585,0.02811
case.lis,444,1_2LT,C,1.9154837278237795,0.02823
case.lis,444,1_2LT,A,1.3464767610071267,0.03288
case.lis,444,1_2LT,B,1.475108229718576,0.03074
case.lis,444,T_OPO,A,1.494042005023208,0.03316
case.lis,444,T_OPO,B,1.6330133922628396,0.02922
case.lis,444,T_OPO,C,1.7952204265289278,0.02837
case.lis,445,T_MAN,A,1.1685884430717894,0.04141
case.lis,445,T_MAN,B,1.384681319168952,0.03798
case.lis,445,T_MAN,C,1.242866192745636,0.04408
case.lis,445,1_2LT,C,1.7022549677396452,0.04401
case.lis,445,1_2LT,A,1.379310418275247,0.04135
case.lis,445,1_2LT,B,1.8208303025462163,0.03793
case.lis,445,T_OPO,A,1.6479657782866068,0.04153
case.lis,445,T_OPO,B,1.760705192719011,0.03774
case.lis,445,T_OPO,C,1.7448967402398006,0.03808
case.lis,446,T_MAN,A,1.124294487783665,0.04188
case.lis,446,T_MAN,B,1.1555444234404537,0.03905
case.lis,446,T_MAN,C,1.2673895293626916,0.03537
case.lis,446,1_2LT,C,1.7108180906484909,0.03534
case.lis,446,1_2LT,A,1.2535984273631708,0.04138
case.lis,446,1_2LT,B,1.3966466714591266,0.03907
case.lis,446,T_OPO,A,1.3511412266922265,0.04158
case.lis,446,T_OPO,B,1.6034415808017608,0.03927
case.lis,446,T_OPO,C,1.7712677831323165,0.0351
case.lis,447,T_MAN,A,1.2679379997692521,0.0325
case.lis,447,T_MAN,B,1.1122589969559005,0.03942
case.lis,447,T_MAN,C,1.135863752141076,0.03655
case.lis,447,1_2LT,C,1.4497154698829398,0.0365
case.lis,447,1_2LT,A,1.8519330919353552,0.03246
case.lis,447,1_2LT,B,1.55228848833391,0.03348
case.lis,447,T_OPO,A,1.767539293733415,0.03261
case.lis,447,T_OPO,B,1.643510210601986,0.03362
case.lis,447,T_OPO,C,1.6851277545550558,0.03632
case.lis,448,T_MAN,A,1.2466939304383324,0.03328
case.lis,448,T_MAN,B,1.6424735305341818,0.03048
case.lis,448,T_MAN,C,1.115937591522671,0.03625
case.lis,448,1_2LT,C,1.3497536320633314,0.03622
case.lis,448,1_2LT,A,1.7155121098360802,0.03185
case.lis,448,1_2LT,B,2.106567444997648,0.03059
case.lis,448,T_OPO,A,1.7794589401563763,0.03323
case.lis,448,T_OPO,B,1.8441906511532966,0.03072
case.lis,448,T_OPO,C,1.7269494750481464,0.03023
case.lis,449,T_MAN,A,1.450149267374886,0.03442
case.lis,449,T_MAN,B,1.1823027237146888,0.03883
case.lis,449,T_MAN,C,1.2267436122722473,0.03603
case.lis,449,1_2LT,C,1.5157321369933525,0.03586
case.lis,449,1_2LT,A,1.9200428303912955,0.03454
case.lis,449,1_2LT,B,1.5099760465756098,0.03767
case.lis,449,T_OPO,A,1.8130693930438333,0.03467
case.lis,449,T_OPO,B,1.5233095307826798,0.03752
case.lis,449,T_OPO,C,1.6529750525839346,0.03719
case.lis,450,T_MAN,A,1.1766468134579373,0.03359
case.lis,450,T_MAN,B,1.1286404856359327,0.03872
case.lis,450,T_MAN,C,1.1683711848913265,0.03587
case.lis,450,1_2LT,C,1.5703135511240094,0.03605
case.lis,450,1_2LT,A,1.5786612174623038,0.03375
case.lis,450,1_2LT,B,1.6425329925361876,0.03278
case.lis,450,T_OPO,A,1.7156924572006709,0.03385
case.lis,450,T_OPO,B,1.6940009939916754,0.03268
case.lis,450,T_OPO,C,1.717826353204292,0.03602
case.lis,451,T_MAN,A,1.3746677582825244,0.03427
case.lis,451,T_MAN,B,1.2529908588265573,0.03759
case.lis,451,T_MAN,C,1.3972166458105912,0.03523
case.lis,451,1_2LT,C,1.952079128837296,0.03521
case.lis,451,1_2LT,A,1.9216309273409835,0.03439
case.lis,451,1_2LT,B,1.7734426901674698,0.03767
case.lis,451,T_OPO,A,1.7746828989057217,0.03454
case.lis,451,T_OPO,B,1.7559507796622205,0.03629
case.lis,451,T_OPO,C,1.8054735216592561,0.03537
case.lis,452,T_MAN,A,1.2344880410376564,0.03248
case.lis,452,T_MAN,B,1.167350408690327,0.03936
case.lis,452,T_MAN,C,1.2640842407944834,0.03649
case.lis,452,1_2LT,C,1.6624246296937262,0.03647
case.lis,452,1_2LT,A,1.8523761459747774,0.03244
case.lis,452,1_2LT,B,1.5420636864666257,0.03341
case.lis,452,T_OPO,A,1.7642915501832672,0.03258
case.lis,452,T_OPO,B,1.6916308563415783,0.03357
case.lis,452,T_OPO,C,1.7292592987033732,0.03664
case.lis,453,T_MAN,A,1.402676766332082,0.02564
case.lis,453,T_MAN,B,1.1230799542053835,0.03104
case.lis,453,T_MAN,C,1.157669231520186,0.02708
case.lis,453,1_2LT,C,1.5375749709346183,0.02827
case.lis,453,1_2LT,A,1.879110643698359,0.02576
case.lis,453,1_2LT,B,1.1499972487730417,0.03057
case.lis,453,T_OPO,A,1.7995587386955634,0.0259
case.lis,453,T_OPO,B,1.2596978975301083,0.03038
case.lis,453,T_OPO,C,1.638946697196411,0.02691
case.lis,454,T_MAN,A,1.1249099638790525,0.04175
case.lis,454,T_MAN,B,1.2047404350488564,0.03868
case.lis,454,T_MAN,C,1.479485609308022,0.0362
case.lis,454,1_2LT,C,2.0416165677112454,0.03631
case.lis,454,1_2LT,A,1.3475715008386806,0.03595
case.lis,454,1_2LT,B,1.573979889418426,0.03763
case.lis,454,T_OPO,A,1.7273735722463324,0.03595
case.lis,454,T_OPO,B,1.803971706736956,0.03896
case.lis,454,T_OPO,C,1.8239136647230578,0.03645
case.lis,455,T_MAN,A,1.2341768062692475,0.0241
case.lis,455,T_MAN,B,1.1430402832876274,0.03028
case.lis,455,T_MAN,C,1.1601177347639713,0.02759
case.lis,455,1_2LT,C,1.537097144936411,0.02785
case.lis,455,1_2LT,A,1.9688484783939935,0.02405
case.lis,455,1_2LT,B,1.6394363268457626,0.02458
case.lis,455,T_OPO,A,1.839327546881795,0.02422
case.lis,455,T_OPO,B,1.747442663542693,0.02471
case.lis,455,T_OPO,C,1.7472127852179238,0.0278
case.lis,456,T_MAN,A,1.3251389014617003,0.03311
case.lis,456,T_MAN,B,1.1688718283234376,0.03892
case.lis,456,T_MAN,C,1.3967634921057537,0.03557
case.lis,456,1_2LT,C,1.8881580979259298,0.03555
case.lis,456,1_2LT,A,1.9239459428277288,0.03306
case.lis,456,1_2LT,B,1.2670851371619765,0.03852
case.lis,456,T_OPO,A,1.7911284734240351,0.03321
case.lis,456,T_OPO,B,1.386795752460573,0.03833
case.lis,456,T_OPO,C,1.8166892089778748,0.03565
case.lis,457,T_MAN,A,1.1299754164558873,0.04089
case.lis,457,T_MAN,B,1.2023640672009372,0.03921
case.lis,457,T_MAN,C,1.484219583410989,0.03628
case.lis,457,1_2LT,C,1.9857371069517293,0.0364
case.lis,457,1_2LT,A,1.3999442654667766,0.03614
case.lis,457,1_2LT,B,1.556424611943875,0.03771
case.lis,457,T_OPO,A,1.7199801556661962,0.03603
case.lis,457,T_OPO,B,1.7969264179912492,0.03904
case.lis,457,T_OPO,C,1.7646402548878652,0.03654
case.lis,458,T_MAN,A,1.5050384728027904,0.02475
case.lis,458,T_MAN,B,1.2640076146862271,0.02369
case.lis,458,T_MAN,C,1.2383512251834892,0.02687
case.lis,458,1_2LT,C,1.5057513068328054,0.02824
case.lis,458,1_2LT,A,2.1096998500137563,0.02477
case.lis,458,1_2LT,B,1.8323489620774427,0.0238
case.lis,458,T_OPO,A,1.8587913238726625,0.02498
case.lis,458,T_OPO,B,1.755828705059595,0.02394
case.lis,458,T_OPO,C,1.696228875458168,0.02704
case.lis,459,T_MAN,A,1.2464369835902624,0.0244
case.lis,459,T_MAN,B,1.5362400223648125,0.023
case.lis,459,T_MAN,C,1.1467344444740275,0.02778
case.lis,459,1_2LT,C,1.3050958403223374,0.02787
case.lis,459,1_2LT,A,1.63280066029447,0.02435
case.lis,459,1_2LT,B,1.861904310551399,0.0231
case.lis,459,T_OPO,A,1.696981105283243,0.02451
case.lis,459,T_OPO,B,1.7840978460555392,0.02289
case.lis,459,T_OPO,C,1.4584025400037275,0.02802
case.lis,460,T_MAN,A,1.376685925255376,0.03434
case.lis,460,T_MAN,B,1.112232860299795,0.03894
case.lis,460,T_MAN,C,1.2137917232443178,0.0356
case.lis,460,1_2LT,C,1.5409223710251427,0.03697
case.lis,460,1_2LT,A,1.8892595028266637,0.03446
case.lis,460,1_2LT,B,1.2221058512384957,0.03771
case.lis,460,T_OPO,A,1.7925280669524393,0.0346
case.lis,460,T_OPO,B,1.3736147749762595,0.03909
case.lis,460,T_OPO,C,1.6667970393247957,0.03561
case.lis,461,T_MAN,A,1.2611247193304755,0.04198
case.lis,461,T_MAN,B,1.230670589383814,0.0386
case.lis,461,T_MAN,C,1.563375400481021,0.03606
case.lis,461,1_2LT,C,1.8754003922717146,0.03618
case.lis,461,1_2LT,A,1.6343473823406727,0.03945
case.lis,461,1_2LT,B,1.4903893607391039,0.037
case.lis,461,T_OPO,A,1.7336805204256416,0.0408
case.lis,461,T_OPO,B,1.6725791865243127,0.03714
case.lis,461,T_OPO,C,1.7638271341977512,0.03631
case.lis,462,T_MAN,A,1.2935968653762524,0.03344
case.lis,462,T_MAN,B,1.392881333368833,0.02961
case.lis,462,T_MAN,C,1.2489485076812483,0.02899
case.lis,462,1_2LT,C,1.8522845301170603,0.02895
case.lis,462,1_2LT,A,1.8291079545958802,0.03189
case.lis,462,1_2LT,B,1.88953850386503,0.02973
case.lis,462,T_OPO,A,1.747836186621937,0.03201
case.lis,462,T_OPO,B,1.8121783505063145,0.02987
case.lis,462,T_OPO,C,1.7750764486097428,0.02909
case.lis,463,T_MAN,A,1.141414476778757,0.03288
case.lis,463,T_MAN,B,1.264458052663809,0.03008
case.lis,463,T_MAN,C,1.4484918750055469,0.02722
case.lis,463,1_2LT,C,1.8258168215341197,0.02733
case.lis,463,1_2LT,A,1.7064452372711378,0.02702
case.lis,463,1_2LT,B,1.5659415852392238,0.03012
case.lis,463,T_OPO,A,1.7939611455754059,0.02691
case.lis,463,T_OPO,B,1.7588443071789273,0.02991
case.lis,463,T_OPO,C,1.7519489248027547,0.02717
case.lis,464,T_MAN,A,1.2034242125722199,0.03342
case.lis,464,T_MAN,B,1.24120237493011,0.03096
case.lis,464,T_MAN,C,1.3137733787729529,0.02727
case.lis,464,1_2LT,C,1.8873533817904276,0.02723
case.lis,464,1_2LT,A,1.460481136345483,0.03339
case.lis,464,1_2LT,B,1.5643607834784385,0.0296
case.lis,464,T_OPO,A,1.5272988098724674,0.03356
case.lis,464,T_OPO,B,1.775339599030858,0.02957
case.lis,464,T_OPO,C,1.7778623942774479,0.02737
case.lis,465,T_MAN,A,1.183830497794581,0.03407
case.lis,465,T_MAN,B,1.5613553786487038,0.03011
case.lis,465,T_MAN,C,1.3386464850856876,0.028
case.lis,465,1_2LT,C,1.9026692492700372,0.02796
case.lis,465,1_2LT,A,1.494412692918697,0.03268
case.lis,465,1_2LT,B,1.9531367537296875,0.03024
case.lis,465,T_OPO,A,1.6539998757510406,0.03279
case.lis,465,T_OPO,B,1.8274063917214693,0.03036
case.lis,465,T_OPO,C,1.7929127772304907,0.0281
case.lis,466,T_MAN,A,1.3512133620880926,0.03277
case.lis,466,T_MAN,B,1.213415151273108,0.03909
case.lis,466,T_MAN,C,1.1644855649333936,0.03661
case.lis,466,1_2LT,C,1.3532849649884182,0.03626
case.lis,466,1_2LT,A,1.9138518686156003,0.03288
case.lis,466,1_2LT,B,1.538213299963613,0.03318
case.lis,466,T_OPO,A,1.8116092192727886,0.03278
case.lis,466,T_OPO,B,1.5740508089494751,0.03889
case.lis,466,T_OPO,C,1.4775773227899218,0.03643
case.lis,467,T_MAN,A,1.2786020217080682,0.02667
case.lis,467,T_MAN,B,1.1816869458718284,0.02954
case.lis,467,T_MAN,C,1.2300171374814737,0.02797
case.lis,467,1_2LT,C,1.5401443506660633,0.02931
case.lis,467,1_2LT,A,1.8576274661199714,0.02679
case.lis,467,1_2LT,B,1.4737855107963471,0.0247
case.lis,467,T_OPO,A,1.7837863982889144,0.02692
case.lis,467,T_OPO,B,1.6793464504734772,0.02973
case.lis,467,T_OPO,C,1.7510923879762508,0.02794
case.lis,468,T_MAN,A,1.4334763793853227,0.03333
case.lis,468,T_MAN,B,1.2151863734391224,0.03905
case.lis,468,T_MAN,C,1.2021722268076005,0.03624
case.lis,468,1_2LT,C,1.5783472225920108,0.03622
case.lis,468,1_2LT,A,1.9453510210601987,0.03338
case.lis,468,1_2LT,B,1.5723004872334196,0.03907
case.lis,468,T_OPO,A,1.7736184491954878,0.03327
case.lis,468,T_OPO,B,1.7673714245143195,0.03302
case.lis,468,T_OPO,C,1.7321258109463333,0.03604
case.lis,469,T_MAN,A,1.1951662717324743,0.03272
case.lis,469,T_MAN,B,1.5419378400205899,0.03131
case.lis,469,T_MAN,C,1.203659398102541,0.03608
case.lis,469,1_2LT,C,1.4038960036209698,0.03606
case.lis,469,1_2LT,A,1.3470171996059532,0.03274
case.lis,469,1_2LT,B,1.8656279453659574,0.03141
case.lis,469,T_OPO,A,1.5325226976224073,0.03256
case.lis,469,T_OPO,B,1.7883838760350383,0.03155
case.lis,469,T_OPO,C,1.5788029500252936,0.03472
case.lis,470,T_MAN,A,1.2136415595019392,0.04199
case.lis,470,T_MAN,B,1.284163618129698,0.03972
case.lis,470,T_MAN,C,1.3006822155364448,0.03721
case.lis,470,1_2LT,C,2.015848931015203,0.03734
case.lis,470,1_2LT,A,1.4688947167567472,0.04062
case.lis,470,1_2LT,B,1.593539835103881,0.03833
case.lis,470,T_OPO,A,1.6243542160334405,0.0408
case.lis,470,T_OPO,B,1.7531512464833108,0.03698
case.lis,470,T_OPO,C,1.802903875680041,0.03748
case.lis,471,T_MAN,A,1.1341418124373208,0.03355
case.lis,471,T_MAN,B,1.4082243936207035,0.03081
case.lis,471,T_MAN,C,1.222912395608687,0.03559
case.lis,471,1_2LT,C,1.4448990477204755,0.03569
case.lis,471,1_2LT,A,1.4829071239028375,0.03223
case.lis,471,1_2LT,B,1.8949655209137624,0.03091
case.lis,471,T_OPO,A,1.749728764521597,0.03206
case.lis,471,T_OPO,B,1.781301152852845,0.03105
case.lis,471,T_OPO,C,1.715978025684035,0.03056
case.lis,472,T_MAN,A,1.1870346210850484,0.02496
case.lis,472,T_MAN,B,1.217888761681621,0.02405
case.lis,472,T_MAN,C,1.2250087506767129,0.02726
case.lis,472,1_2LT,C,1.6329039999290005,0.02741
case.lis,472,1_2LT,A,1.3946738908561642,0.02512
case.lis,472,1_2LT,B,1.7031508471116557,0.02416
case.lis,472,T_OPO,A,1.4777952909644383,0.0252
case.lis,472,T_OPO,B,1.746823078356719,0.0241
case.lis,472,T_OPO,C,1.7455123317092218,0.02747
case.lis,473,T_MAN,A,1.1726472927039235,0.03302
case.lis,473,T_MAN,B,1.395103437258713,0.0304
case.lis,473,T_MAN,C,1.0959391002600354,0.03575
case.lis,473,1_2LT,C,1.6649610568261493,0.02991
case.lis,473,1_2LT,A,1.5798517798663436,0.03304
case.lis,473,1_2LT,B,2.027991249323287,0.03044
case.lis,473,T_OPO,A,1.7620404607861408,0.03164
case.lis,473,T_OPO,B,1.8223122731347123,0.03064
case.lis,473,T_OPO,C,1.7042676943830597,0.0301
case.lis,474,T_MAN,A,1.1865093852338986,0.03335
case.lis,474,T_MAN,B,1.4599465729474514,0.03061
case.lis,474,T_MAN,C,1.335668663524943,0.0281
case.lis,474,1_2LT,C,1.9004285435359478,0.02806
case.lis,474,1_2LT,A,1.2510352157050684,0.03217
case.lis,474,1_2LT,B,1.8532543464948483,0.03069
case.lis,474,T_OPO,A,1.454254328744997,0.03453
case.lis,474,T_OPO,B,1.790573053950673,0.03081
case.lis,474,T_OPO,C,1.79310649910807,0.0282
case.lis,475,T_MAN,A,1.2127312495007854,0.03358
case.lis,475,T_MAN,B,1.426942765604338,0.03115
case.lis,475,T_MAN,C,1.2327252234262538,0.03594
case.lis,475,1_2LT,C,1.57922876895906,0.03603
case.lis,475,1_2LT,A,1.5289125553573488,0.03359
case.lis,475,1_2LT,B,1.8571839860841166,0.03125
case.lis,475,T_OPO,A,1.6955151983102141,0.03238
case.lis,475,T_OPO,B,1.8085979392422589,0.03125
case.lis,475,T_OPO,C,1.737585576470797,0.03619
case.lis,476,T_MAN,A,1.2711447766624955,0.04098
case.lis,476,T_MAN,B,1.347702423742201,0.03778
case.lis,476,T_MAN,C,1.3427515819555012,0.03781
case.lis,476,1_2LT,C,1.6905260168446088,0.03789
case.lis,476,1_2LT,A,1.6731671059754876,0.03959
case.lis,476,1_2LT,B,1.5090847466652466,0.03821
case.lis,476,T_OPO,A,1.7685185974067468,0.03971
case.lis,476,T_OPO,B,1.664801041916274,0.04055
case.lis,476,T_OPO,C,1.745766571704962,0.0376
case.lis,477,T_MAN,A,1.2518735944336468,0.03319
case.lis,477,T_MAN,B,1.1784570941718364,0.03031
case.lis,477,T_MAN,C,1.1420782413447288,0.03615
case.lis,477,1_2LT,C,1.7539803154148583,0.02997
case.lis,477,1_2LT,A,1.4418516733672355,0.03306
case.lis,477,1_2LT,B,1.5640628522236126,0.029
case.lis,477,T_OPO,A,1.6703849055264162,0.03297
case.lis,477,T_OPO,B,1.7023449328611873,0.02914
case.lis,477,T_OPO,C,1.7445311465516475,0.03013
case.lis,478,T_MAN,A,1.1472743328274626,0.0418
case.lis,478,T_MAN,B,1.192861116288151,0.03914
case.lis,478,T_MAN,C,1.2552252899881962,0.03596
case.lis,478,1_2LT,C,1.7788694232185807,0.03503
case.lis,478,1_2LT,A,1.6136727992403064,0.03604
case.lis,478,1_2LT,B,1.7377087959388342,0.0376
case.lis,478,T_OPO,A,1.686462552251125,0.03586
case.lis,478,T_OPO,B,1.7824067378435706,0.03902
case.lis,478,T_OPO,C,1.752152613221864,0.03518
case.lis,479,T_MAN,A,1.4552640734133853,0.02588
case.lis,479,T_MAN,B,1.1521154184083708,0.02376
case.lis,479,T_MAN,C,1.241560353932036,0.02679
case.lis,479,1_2LT,C,1.6868954977502062,0.02695
case.lis,479,1_2LT,A,2.0202924288009085,0.026
case.lis,479,1_2LT,B,1.793966825527836,0.02387
case.lis,479,T_OPO,A,1.8278840402211631,0.02614
case.lis,479,T_OPO,B,1.7587362638337902,0.02401
case.lis,479,T_OPO,C,1.8043705813963808,0.02713
case.lis,480,T_MAN,A,1.2468782892693273,0.03323
case.lis,480,T_MAN,B,1.1423144918661308,0.03064
case.lis,480,T_MAN,C,1.5636643769358431,0.0273
case.lis,480,1_2LT,C,1.8836618032073982,0.02723
case.lis,480,1_2LT,A,1.5053274403826868,0.02735
case.lis,480,1_2LT,B,1.4431686147128517,0.02975
case.lis,480,T_OPO,A,1.5777528688197235,0.02717
case.lis,480,T_OPO,B,1.5273866893864765,0.0284
case.lis,480,T_OPO,C,1.8014606441421055,0.027
case.lis,481,T_MAN,A,1.149800314172369,0.02482
case.lis,481,T_MAN,B,1.4484607151415108,0.02205
case.lis,481,T_MAN,C,1.082936863778766,0.02736
case.lis,481,1_2LT,C,1.797304862571776,0.02163
case.lis,481,1_2LT,A,1.5570119012753267,0.02468
case.lis,481,1_2LT,B,2.10666690628966,0.02216
case.lis,481,T_OPO,A,1.78010676535584,0.02324
case.lis,481,T_OPO,B,1.8434035694951056,0.0223
case.lis,481,T_OPO,C,1.7771067742307658,0.02179
case.lis,482,T_MAN,A,1.1863074984247008,0.02557
case.lis,482,T_MAN,B,1.269225218988791,0.02313
case.lis,482,T_MAN,C,1.1421596066632942,0.02787
case.lis,482,1_2LT,C,1.4735667527534457,0.02787
case.lis,482,1_2LT,A,1.8893599403604995,0.02388
case.lis,482,1_2LT,B,1.8849482236836266,0.02322
case.lis,482,T_OPO,A,1.8016978620304056,0.02397
case.lis,482,T_OPO,B,1.8150142531306301,0.02338
case.lis,482,T_OPO,C,1.4831495513725073,0.02768
case.lis,483,T_MAN,A,1.137880712124036,0.03443
case.lis,483,T_MAN,B,1.1947566939126886,0.03044
case.lis,483,T_MAN,C,1.2400988932967685,0.02828
case.lis,483,1_2LT,C,1.7486454555943094,0.02673
case.lis,483,1_2LT,A,1.667230313196127,0.02735
case.lis,483,1_2LT,B,1.6986044179379998,0.03048
case.lis,483,T_OPO,A,1.7508417867000365,0.02742
case.lis,483,T_OPO,B,1.739936455532185,0.03058
case.lis,483,T_OPO,C,1.7428585958092602,0.02686
case.lis,484,T_MAN,A,1.1554441456552802,0.02428
case.lis,484,T_MAN,B,1.5187164727495408,0.02217
case.lis,484,T_MAN,C,1.2182111611065256,0.02694
case.lis,484,1_2LT,C,1.744815800917667,0.02128
case.lis,484,1_2LT,A,1.4750809836967615,0.0243
case.lis,484,1_2LT,B,1.929823743976144,0.02228
case.lis,484,T_OPO,A,1.7458847857149196,0.02289
case.lis,484,T_OPO,B,1.8308546375924102,0.02224
case.lis,484,T_OPO,C,1.7392943546597797,0.02142
case.lis,485,T_MAN,A,1.3263566655129264,0.02512
case.lis,485,T_MAN,B,1.1757413669160521,0.03002
case.lis,485,T_MAN,C,1.4788728578148158,0.02733
case.lis,485,1_2LT,C,1.9853886596199757,0.02746
case.lis,485,1_2LT,A,1.9239727717280368,0.02507
case.lis,485,1_2LT,B,1.5522203289047454,0.02985
case.lis,485,T_OPO,A,1.797045714742139,0.02522
case.lis,485,T_OPO,B,1.7234003390221606,0.02978
case.lis,485,T_OPO,C,1.8345238957373733,0.02759
case.lis,486,T_MAN,A,1.3121553644488229,0.02629
case.lis,486,T_MAN,B,1.3119543473823405,0.03074
case.lis,486,T_MAN,C,1.5239359052867933,0.02776
case.lis,486,1_2LT,C,1.8325020101706648,0.02789
case.lis,486,1_2LT,A,1.7733704305226443,0.02642
case.lis,486,1_2LT,B,1.670089370501522,0.03075
case.lis,486,T_OPO,A,1.738971218616044,0.02656
case.lis,486,T_OPO,B,1.715810502587041,0.02954
case.lis,486,T_OPO,C,1.7993582008750677,0.0276
case.lis,487,T_MAN,A,1.3058664146187775,0.02353
case.lis,487,T_MAN,B,1.2364699628140614,0.02362
case.lis,487,T_MAN,C,1.1494565971759987,0.0284
case.lis,487,1_2LT,C,1.3721680467176087,0.02704
case.lis,487,1_2LT,A,1.739598498362576,0.02348
case.lis,487,1_2LT,B,1.6985930225334365,0.02356
case.lis,487,T_OPO,A,1.7764408885575582,0.02476
case.lis,487,T_OPO,B,1.7410997186648562,0.0234
case.lis,487,T_OPO,C,1.3985149764370723,0.02697
case.lis,488,T_MAN,A,1.1642614908100144,0.03239
case.lis,488,T_MAN,B,1.5721870479334736,0.03098
case.lis,488,T_MAN,C,1.2382779981717653,0.03578
case.lis,488,1_2LT,C,1.5168450526726838,0.03586
case.lis,488,1_2LT,A,1.3024459916398199,0.03357
case.lis,488,1_2LT,B,1.9929184305581442,0.03108
case.lis,488,T_OPO,A,1.6306850200129575,0.03223
case.lis,488,T_OPO,B,1.8050958048226347,0.03122
case.lis,488,T_OPO,C,1.7093697027787391,0.0344
case.lis,489,T_MAN,A,1.3171092592099543,0.0339
case.lis,489,T_MAN,B,1.607253210504362,0.03128
case.lis,489,T_MAN,C,1.3866666666666667,0.02799
case.lis,489,1_2LT,C,1.9593772642154124,0.02812
case.lis,489,1_2LT,A,1.816294381284557,0.0312
case.lis,489,1_2LT,B,1.9107818809517472,0.0314
case.lis,489,T_OPO,A,1.8106004863459269,0.03252
case.lis,489,T_OPO,B,1.8050329703488734,0.03112
case.lis,489,T_OPO,C,1.7847438696450917,0.02827
case.lis,490,T_MAN,A,1.1523361466847715,0.02488
case.lis,490,T_MAN,B,1.4296011253405752,0.02247
case.lis,490,T_MAN,C,1.1705055157663053,0.02725
case.lis,490,1_2LT,C,1.7062168854335844,0.02132
case.lis,490,1_2LT,A,1.1779337398049292,0.02588
case.lis,490,1_2LT,B,1.8040668548150909,0.02242
case.lis,490,T_OPO,A,1.3226563540030354,0.02606
case.lis,490,T_OPO,B,1.8354565528013704,0.02247
case.lis,490,T_OPO,C,1.7101737710446674,0.02146
case.lis,491,T_MAN,A,1.2982521721380584,0.04134
case.lis,491,T_MAN,B,1.241983927509607,0.03908
case.lis,491,T_MAN,C,1.4580279027663143,0.03664
case.lis,491,1_2LT,C,1.8812080548825405,0.03675
case.lis,491,1_2LT,A,1.6264178581254383,0.03555
case.lis,491,1_2LT,B,1.2758976543571448,0.04701
case.lis,491,T_OPO,A,1.6617088136886853,0.0357
case.lis,491,T_OPO,B,1.3778556582088624,0.03981
case.lis,491,T_OPO,C,1.8342170984318005,0.03671
case.lis,492,T_MAN,A,1.2163137108726714,0.04137
case.lis,492,T_MAN,B,1.1508881404368239,0.03909
case.lis,492,T_MAN,C,1.3036005573453322,0.0354
case.lis,492,1_2LT,C,1.9171731586747962,0.03536
case.lis,492,1_2LT,A,1.6083312477258003,0.0415
case.lis,492,1_2LT,B,1.5097314447491503,0.0377
case.lis,492,T_OPO,A,1.689126174818286,0.04158
case.lis,492,T_OPO,B,1.713123893962388,0.03903
case.lis,492,T_OPO,C,1.776002822226364,0.0355
case.lis,493,T_MAN,A,1.548750286216353,0.03352
case.lis,493,T_MAN,B,1.1638127035686077,0.03953
case.lis,493,T_MAN,C,1.16063926089619,0.03663
case.lis,493,1_2LT,C,1.2815808017607853,0.03496
case.lis,493,1_2LT,A,1.77933678567942,0.03349
case.lis,493,1_2LT,B,1.7767744082643306,0.03228
case.lis,493,T_OPO,A,1.8054057971014492,0.03346
case.lis,493,T_OPO,B,1.754751990202082,0.03243
case.lis,493,T_OPO,C,1.2790663578192532,0.03478
case.lis,494,T_MAN,A,1.1557315157485557,0.04086
case.lis,494,T_MAN,B,1.4987424407820584,0.03848
case.lis,494,T_MAN,C,1.2588103162136017,0.03715
case.lis,494,1_2LT,C,1.824339572406081,0.03728
case.lis,494,1_2LT,A,1.2154317207593388,0.04076
case.lis,494,1_2LT,B,1.755795566087134,0.03841
case.lis,494,T_OPO,A,1.2391572370581396,0.04094
case.lis,494,T_OPO,B,1.8083611029757625,0.03843
case.lis,494,T_OPO,C,1.7829229567702372,0.03718
case.lis,495,T_MAN,A,1.2607446151388482,0.0356
case.lis,495,T_MAN,B,1.2021831784658803,0.0377
case.lis,495,T_MAN,C,1.5208042457644417,0.03561
case.lis,495,1_2LT,C,1.8826975336581555,0.03569
case.lis,495,1_2LT,A,1.5589512677831323,0.03572
case.lis,495,1_2LT,B,1.2222448059497502,0.05566
case.lis,495,T_OPO,A,1.6323697826530703,0.04032
case.lis,495,T_OPO,B,1.4447296253893873,0.03794
case.lis,495,T_OPO,C,1.7764540234475537,0.03583
case.lis,496,T_MAN,A,1.355611455754058,0.03279
case.lis,496,T_MAN,B,1.123916025453287,0.03912
case.lis,496,T_MAN,C,1.2693403267747632,0.03675
case.lis,496,1_2LT,C,1.5453686200378072,0.0354
case.lis,496,1_2LT,A,1.85794959042218,0.03291
case.lis,496,1_2LT,B,1.4423333067085564,0.03323
case.lis,496,T_OPO,A,1.8030672896864488,0.03293
case.lis,496,T_OPO,B,1.523220178031009,0.03343
case.lis,496,T_OPO,C,1.7472020021832317,0.03654
case.lis,497,T_MAN,A,1.2048334620197554,0.02466
case.lis,497,T_MAN,B,1.4146616789584388,0.02235
case.lis,497,T_MAN,C,1.1443653274403827,0.02745
case.lis,497,1_2LT,C,1.3390074194378623,0.02729
case.lis,497,1_2LT,A,1.525899784339306,0.02499
case.lis,497,1_2LT,B,1.9189886578449906,0.02246
case.lis,497,T_OPO,A,1.6803108886463076,0.02483
case.lis,497,T_OPO,B,1.80519815046549,0.0226
case.lis,497,T_OPO,C,1.418262990672453,0.02721
case.lis,498,T_MAN,A,1.4150544476690008,0.02577
case.lis,498,T_MAN,B,1.1018143010552286,0.03082
case.lis,498,T_MAN,C,1.2249608349530074,0.02708
case.lis,498,1_2LT,C,1.5962378923826512,0.02686
case.lis,498,1_2LT,A,1.8437750383840537,0.02589
case.lis,498,1_2LT,B,1.2306539932728062,0.03068
case.lis,498,T_OPO,A,1.7657031159864036,0.02592
case.lis,498,T_OPO,B,1.3520379491821755,0.03051
case.lis,498,T_OPO,C,1.829006744943511,0.02702
case.lis,499,T_MAN,A,1.5427699708014946,0.03399
case.lis,499,T_MAN,B,1.1354674689599475,0.03839
case.lis,499,T_MAN,C,1.1717368229541079,0.0368
case.lis,499,1_2LT,C,1.5019812384071283,0.03506
case.lis,499,1_2LT,A,2.1249834305137694,0.0341
case.lis,499,1_2LT,B,1.3206997878892763,0.03723
case.lis,499,T_OPO,A,1.8456830054048299,0.03424
case.lis,499,T_OPO,B,1.5054396194431874,0.03585
case.lis,499,T_OPO,C,1.7814222068390178,0.03524
case.lis,500,T_MAN,A,1.384708849188388,0.03306
case.lis,500,T_MAN,B,1.1275552863494769,0.03848
case.lis,500,T_MAN,C,1.1818791767618946,0.03588
case.lis,500,1_2LT,C,1.648058610009141,0.0357
case.lis,500,1_2LT,A,1.9403825714209644,0.03318
case.lis,500,1_2LT,B,1.1465033680342926,0.03985
case.lis,500,T_OPO,A,1.7894844644426104,0.03332
case.lis,500,T_OPO,B,1.3129247051305943,0.03618
case.lis,500,T_OPO,C,1.7407017403729244,0.03574
case.lis,501,T_MAN,A,1.20225245613568,0.02468
case.lis,501,T_MAN,B,1.2807956637113163,0.02377
case.lis,501,T_MAN,C,1.219262697799906,0.02852
case.lis,501,1_2LT,C,1.51609891104662,0.02863
case.lis,501,1_2LT,A,1.3414901000204122,0.02463
case.lis,501,1_2LT,B,1.769602492079129,0.02375
case.lis,501,T_OPO,A,1.380438243829708,0.02436
case.lis,501,T_OPO,B,1.7830188414672028,0.02367
case.lis,501,T_OPO,C,1.6806540287725091,0.02719
case.lis,502,T_MAN,A,1.1430149719996097,0.03279
case.lis,502,T_MAN,B,1.6026467690833088,0.03037
case.lis,502,T_MAN,C,1.18621484420068,0.03644
case.lis,502,1_2LT,C,1.5179707482449836,0.03521
case.lis,502,1_2LT,A,1.205684540766971,0.03293
case.lis,502,1_2LT,B,1.9010763509855604,0.03047
case.lis,502,T_OPO,A,1.3312269495992972,0.0331
case.lis,502,T_OPO,B,1.7758286961846694,0.0306
case.lis,502,T_OPO,C,1.606022790809127,0.03633
case.lis,503,T_MAN,A,1.1987447305128818,0.0407
case.lis,503,T_MAN,B,1.3562719277226054,0.03801
case.lis,503,T_MAN,C,1.443584493729865,0.03639
case.lis,503,1_2LT,C,1.9838195017616727,0.03651
case.lis,503,1_2LT,A,1.5322600885717583,0.03963
case.lis,503,1_2LT,B,1.6769992101316151,0.03938
case.lis,503,T_OPO,A,1.721649316186977,0.03951
case.lis,503,T_OPO,B,1.7774505888513183,0.03916
case.lis,503,T_OPO,C,1.8026392253964874,0.03665
case.lis,504,T_MAN,A,1.326941168117717,0.03345
case.lis,504,T_MAN,B,1.1698785022675435,0.03257
case.lis,504,T_MAN,C,1.2607162065017705,0.03612
case.lis,504,1_2LT,C,1.6492674636349922,0.03597
case.lis,504,1_2LT,A,1.7550341773387648,0.0335
case.lis,504,1_2LT,B,1.731498619949058,0.03268
case.lis,504,T_OPO,A,1.7861148149134252,0.03233
case.lis,504,T_OPO,B,1.765867568359115,0.03282
case.lis,504,T_OPO,C,1.7496150944735838,0.03607
case.lis,505,T_MAN,A,1.16512682268786,0.03493
case.lis,505,T_MAN,B,1.229601782085075,0.03849
case.lis,505,T_MAN,C,1.508404643361112,0.03554
case.lis,505,1_2LT,C,2.0124685605758055,0.03559
case.lis,505,1_2LT,A,1.9085478580366888,0.03506
case.lis,505,1_2LT,B,1.5509431561010676,0.0395
case.lis,505,T_OPO,A,1.7910647692075579,0.0352
case.lis,505,T_OPO,B,1.7560968076892356,0.03827
case.lis,505,T_OPO,C,1.832868730974378,0.03573
case.lis,506,T_MAN,A,1.3326074709124311,0.03392
case.lis,506,T_MAN,B,1.16905668415027,0.03852
case.lis,506,T_MAN,C,1.242231422561836,0.03468
case.lis,506,1_2LT,C,1.9233290733690107,0.03475
case.lis,506,1_2LT,A,2.012687744615139,0.03377
case.lis,506,1_2LT,B,1.4342573639695768,0.03859
case.lis,506,T_OPO,A,1.8122448503243784,0.03404
case.lis,506,T_OPO,B,1.4987732190242906,0.03858
case.lis,506,T_OPO,C,1.7701004641586124,0.0349
case.lis,507,T_MAN,A,1.4476233836541619,0.03442
case.lis,507,T_MAN,B,1.280245382819919,0.03767
case.lis,507,T_MAN,C,1.1802723714688887,0.03586
case.lis,507,1_2LT,C,1.4397232798175317,0.03586
case.lis,507,1_2LT,A,2.0257627554869226,0.03454
case.lis,507,1_2LT,B,1.618405371105017,0.0377
case.lis,507,T_OPO,A,1.7887492389751234,0.0347
case.lis,507,T_OPO,B,1.7554941114868163,0.03629
case.lis,507,T_OPO,C,1.6492231777558861,0.03568
case.lis,508,T_MAN,A,1.3940048989589713,0.02624
case.lis,508,T_MAN,B,1.167394233073298,0.03079
case.lis,508,T_MAN,C,1.236472740665797,0.02755
case.lis,508,1_2LT,C,1.674160565155267,0.02727
case.lis,508,1_2LT,A,1.9558506172510806,0.02635
case.lis,508,1_2LT,B,1.5921092059604,0.02448
case.lis,508,T_OPO,A,1.8032626889249803,0.02649
case.lis,508,T_OPO,B,1.6632305084444916,0.02463
case.lis,508,T_OPO,C,1.8146081720315592,0.02746
case.lis,509,T_MAN,A,1.2441097917054946,0.03342
case.lis,509,T_MAN,B,1.4367086450650974,0.03084
case.lis,509,T_MAN,C,1.133058831882283,0.03573
case.lis,509,1_2LT,C,1.36408432954374,0.03576
case.lis,509,1_2LT,A,1.7449411059932372,0.03346
case.lis,509,1_2LT,B,1.983872307569424,0.03095
case.lis,509,T_OPO,A,1.7298157742928901,0.0321
case.lis,509,T_OPO,B,1.8132627776742372,0.03109
case.lis,509,T_OPO,C,1.40492602749452,0.03594
case.lis,510,T_MAN,A,1.2489875484792816,0.03283
case.lis,510,T_MAN,B,1.2729616514461692,0.03088
case.lis,510,T_MAN,C,1.3237634033564971,0.02965
case.lis,510,1_2LT,C,1.804542657330245,0.0297
case.lis,510,1_2LT,A,1.5422084010046415,0.03296
case.lis,510,1_2LT,B,1.7830750729962634,0.03058
case.lis,510,T_OPO,A,1.6913073120512616,0.03309
case.lis,510,T_OPO,B,1.7983441163680254,0.03071
case.lis,510,T_OPO,C,1.7734566060509243,0.02983
case.lis,511,T_MAN,A,1.5824223222130516,0.02583
case.lis,511,T_MAN,B,1.1557473131162526,0.03053
case.lis,511,T_MAN,C,1.2729359762861985,0.02728
case.lis,511,1_2LT,C,1.499063650966923,0.02677
case.lis,511,1_2LT,A,1.9548934565173017,0.02594
case.lis,511,1_2LT,B,1.4181837464611233,0.03068
case.lis,511,T_OPO,A,1.843148557380832,0.02608
case.lis,511,T_OPO,B,1.4604499587315956,0.03083
case.lis,511,T_OPO,C,1.6938180285240112,0.02696
case.lis,512,T_MAN,A,1.4894513520949262,0.02447
case.lis,512,T_MAN,B,1.250435936349033,0.0303
case.lis,512,T_MAN,C,1.2321006771568288,0.02743
case.lis,512,1_2LT,C,1.4412726554665105,0.02735
case.lis,512,1_2LT,A,1.7850641213379839,0.02454
case.lis,512,1_2LT,B,1.6516326313267127,0.02427
case.lis,512,T_OPO,A,1.7633158497297587,0.02465
case.lis,512,T_OPO,B,1.76881794864968,0.02416
case.lis,512,T_OPO,C,1.5962887279569034,0.02873
case.lis,513,T_MAN,A,1.194362798086566,0.03308
case.lis,513,T_MAN,B,1.399952874144679,0.03023
case.lis,513,T_MAN,C,1.124348056835024,0.03031
case.lis,513,1_2LT,C,1.6304242569468481,0.03021
case.lis,513,1_2LT,A,1.699231750934086,0.03171
case.lis,513,1_2LT,B,1.7905269043371763,0.03037
case.lis,513,T_OPO,A,1.7521785635045306,0.03154
case.lis,513,T_OPO,B,1.761232372178883,0.03035
case.lis,513,T_OPO,C,1.7792977892560151,0.03001
case.lis,514,T_MAN,A,1.1093716552623871,0.02492
case.lis,514,T_MAN,B,1.2360520780638464,0.02181
case.lis,514,T_MAN,C,1.3412985791243999,0.01929
case.lis,514,1_2LT,C,1.9059499276693557,0.01925
case.lis,514,1_2LT,A,1.1357901790072507,0.02366
case.lis,514,1_2LT,B,1.7610343193375757,0.02182
case.lis,514,T_OPO,A,1.2165898985595998,0.02383
case.lis,514,T_OPO,B,1.7641546100801406,0.02195
case.lis,514,T_OPO,C,1.7881280119279002,0.01939
case.lis,515,T_MAN,A,1.1920999849126264,0.02568
case.lis,515,T_MAN,B,1.3664262715549758,0.02165
case.lis,515,T_MAN,C,1.3318328496498841,0.01985
case.lis,515,1_2LT,C,1.8980991684194644,0.01981
case.lis,515,1_2LT,A,1.4614766988826469,0.02427
case.lis,515,1_2LT,B,1.9897634654809766,0.02175
case.lis,515,T_OPO,A,1.6629786025542037,0.02445
case.lis,515,T_OPO,B,1.8145520026269781,0.02184
case.lis,515,T_OPO,C,1.7929927136860229,0.01995
case.lis,516,T_MAN,A,1.3214220293405041,0.0348
case.lis,516,T_MAN,B,1.1860148566255757,0.03934
case.lis,516,T_MAN,C,1.3355234874907922,0.03611
case.lis,516,1_2LT,C,1.6680882522608873,0.03581
case.lis,516,1_2LT,A,1.908258544334691,0.03492
case.lis,516,1_2LT,B,1.4902391881217996,0.0382
case.lis,516,T_OPO,A,1.7790259769074435,0.03506
case.lis,516,T_OPO,B,1.5758344205117283,0.03812
case.lis,516,T_OPO,C,1.810057420769101,0.03598
case.lis,517,T_MAN,A,1.272729039644293,0.02516
case.lis,517,T_MAN,B,1.2983757111034193,0.02247
case.lis,517,T_MAN,C,1.2133133026260905,0.02812
case.lis,517,1_2LT,C,1.585244726075419,0.02207
case.lis,517,1_2LT,A,1.7830170309823656,0.02377
case.lis,517,1_2LT,B,1.808503279285036,0.02121
case.lis,517,T_OPO,A,1.7578286606849667,0.02371
case.lis,517,T_OPO,B,1.763766704828847,0.02135
case.lis,517,T_OPO,C,1.7288277998171766,0.02185
case.lis,518,T_MAN,A,1.2909538947611314,0.03274
case.lis,518,T_MAN,B,1.296013738384941,0.0313
case.lis,518,T_MAN,C,1.376431277013055,0.02834
case.lis,518,1_2LT,C,1.9113523256742724,0.02831
case.lis,518,1_2LT,A,1.5857215935816538,0.03162
case.lis,518,1_2LT,B,1.6049359674112729,0.03129
case.lis,518,T_OPO,A,1.7383321085935906,0.03149
case.lis,518,T_OPO,B,1.7412921891779156,0.02898
case.lis,518,T_OPO,C,1.8052441758300273,0.02849
case.lis,519,T_MAN,A,1.1775341906511532,0.03305
case.lis,519,T_MAN,B,1.306023412053924,0.03035
case.lis,519,T_MAN,C,1.5154901976445947,0.02779
case.lis,519,1_2LT,C,2.0085419118364887,0.02783
case.lis,519,1_2LT,A,1.4916058290511818,0.02728
case.lis,519,1_2LT,B,1.7709442920915537,0.03039
case.lis,519,T_OPO,A,1.6089697098786797,0.0271
case.lis,519,T_OPO,B,1.791303371584263,0.03056
case.lis,519,T_OPO,C,1.8326544991435696,0.02804
case.lis,520,T_MAN,A,1.5524585319097952,0.02575
case.lis,520,T_MAN,B,1.1422032890474543,0.03046
case.lis,520,T_MAN,C,1.269565741011919,0.02787
case.lis,520,1_2LT,C,1.482401306389059,0.02668
case.lis,520,1_2LT,A,1.948238416003266,0.02578
case.lis,520,1_2LT,B,1.4114996849401384,0.03049
case.lis,520,T_OPO,A,1.854902065195204,0.026
case.lis,520,T_OPO,B,1.5497373909493508,0.02929
case.lis,520,T_OPO,C,1.6386087134020253,0.02807
case.lis,521,T_MAN,A,1.147208986749736,0.03312
case.lis,521,T_MAN,B,1.2575424443320287,0.03084
case.lis,521,T_MAN,C,1.244104138377841,0.027
case.lis,521,1_2LT,C,1.8436396513929196,0.02697
case.lis,521,1_2LT,A,1.4953048093222219,0.02762
case.lis,521,1_2LT,B,1.7794711431791759,0.02944
case.lis,521,T_OPO,A,1.6541636713792522,0.02749
case.lis,521,T_OPO,B,1.761723155568572,0.02962
case.lis,521,T_OPO,C,1.761295836772367,0.02711
case.lis,522,T_MAN,A,1.1772095192452763,0.03383
case.lis,522,T_MAN,B,1.4208843863432643,0.03138
case.lis,522,T_MAN,C,1.2236338383166043,0.03613
case.lis,522,1_2LT,C,1.555664243811958,0.03626
case.lis,522,1_2LT,A,1.3698976454822192,0.0323
case.lis,522,1_2LT,B,1.8925139114459917,0.03149
case.lis,522,T_OPO,A,1.6412009815667794,0.03249
case.lis,522,T_OPO,B,1.8018879629383102,0.0313
case.lis,522,T_OPO,C,1.6796559191316773,0.03491
case.lis,523,T_MAN,A,1.1726725418674617,0.03197
case.lis,523,T_MAN,B,1.5153562838911223,0.03054
case.lis,523,T_MAN,C,1.3407922379900068,0.02785
case.lis,523,1_2LT,C,1.9051777026367405,0.02781
case.lis,523,1_2LT,A,1.3522482405459855,0.03364
case.lis,523,1_2LT,B,1.9629438128455674,0.03064
case.lis,523,T_OPO,A,1.5244197839843092,0.0348
case.lis,523,T_OPO,B,1.8110752859944799,0.03078
case.lis,523,T_OPO,C,1.7918116297026012,0.02795
case.lis,524,T_MAN,A,1.2510782768444315,0.03282
case.lis,524,T_MAN,B,1.4445416544636438,0.0316
case.lis,524,T_MAN,C,1.1233571181341355,0.03635
case.lis,524,1_2LT,C,1.382878759640388,0.03649
case.lis,524,1_2LT,A,1.6165836151122233,0.03417
case.lis,524,1_2LT,B,1.8263644754475181,0.03171
case.lis,524,T_OPO,A,1.7535536356133017,0.03284
case.lis,524,T_OPO,B,1.799499187944301,0.03185
case.lis,524,T_OPO,C,1.5976867506234633,0.03664
case.lis,525,T_MAN,A,1.6399201256689475,0.02509
case.lis,525,T_MAN,B,1.248053657800616,0.02346
case.lis,525,T_MAN,C,1.1654481926213869,0.02655
case.lis,525,1_2LT,C,1.4438495877597026,0.02655
case.lis,525,1_2LT,A,2.0273721345083735,0.02521
case.lis,525,1_2LT,B,1.8030021388570872,0.02358
case.lis,525,T_OPO,A,1.795600699344143,0.02535
case.lis,525,T_OPO,B,1.771557016959983,0.02355
case.lis,525,T_OPO,C,1.6646858808807474,0.02789
case.lis,526,T_MAN,A,1.1204152666471419,0.0329
case.lis,526,T_MAN,B,1.1701359638613027,0.03015
case.lis,526,T_MAN,C,1.4210254355369774,0.02872
case.lis,526,1_2LT,C,1.9548760439131323,0.02882
case.lis,526,1_2LT,A,1.3870993902926063,0.032
case.lis,526,1_2LT,B,1.5046602234706286,0.03133
case.lis,526,T_OPO,A,1.4650583082616684,0.03215
case.lis,526,T_OPO,B,1.742523496365718,0.02996
case.lis,526,T_OPO,C,1.8102298871996947,0.02895
case.lis,527,T_MAN,A,1.194674157103934,0.0266
case.lis,527,T_MAN,B,1.1776621670793508,0.03115
case.lis,527,T_MAN,C,1.3746951995527037,0.02687
case.lis,527,1_2LT,C,1.8934474471276304,0.02691
case.lis,527,1_2LT,A,1.8107745147634389,0.02648
case.lis,527,1_2LT,B,1.4764434622860034,0.0296
case.lis,527,T_OPO,A,1.8166979951542905,0.02657
case.lis,527,T_OPO,B,1.7743237750383842,0.02953
case.lis,527,T_OPO,C,1.785466696841414,0.02706
case.lis,528,T_MAN,A,1.1493433442494918,0.02449
case.lis,528,T_MAN,B,1.4655039271546102,0.02219
case.lis,528,T_MAN,C,1.1852756818161647,0.02813
case.lis,528,1_2LT,C,1.506187145557656,0.02692
case.lis,528,1_2LT,A,1.2542339607905784,0.02461
case.lis,528,1_2LT,B,1.8860927784729804,0.02214
case.lis,528,T_OPO,A,1.3879369347781714,0.02479
case.lis,528,T_OPO,B,1.7931502879913381,0.02189
case.lis,528,T_OPO,C,1.5629380707686573,0.02805
case.lis,529,T_MAN,A,1.1404926471240804,0.02494
case.lis,529,T_MAN,B,1.376873257186471,0.02352
case.lis,529,T_MAN,C,1.230017208480879,0.02829
case.lis,529,1_2LT,C,1.6118720235718027,0.02675
case.lis,529,1_2LT,A,1.4493056258153838,0.02446
case.lis,529,1_2LT,B,1.806905127044561,0.02353
case.lis,529,T_OPO,A,1.6474919460049524,0.02464
case.lis,529,T_OPO,B,1.779389271989847,0.02358
case.lis,529,T_OPO,C,1.755887519192027,0.0269
case.lis,530,T_MAN,A,1.1423042413269788,0.03379
case.lis,530,T_MAN,B,1.2147469314944488,0.0303
case.lis,530,T_MAN,C,1.3162892959521464,0.02902
case.lis,530,1_2LT,C,1.8467049530960178,0.02913
case.lis,530,1_2LT,A,1.4670011271155603,0.03378
case.lis,530,1_2LT,B,1.5217944212217223,0.02993
case.lis,530,T_OPO,A,1.7093775570879595,0.03227
case.lis,530,T_OPO,B,1.716435474852898,0.0301
case.lis,530,T_OPO,C,1.7926588567320747,0.02927
case.lis,531,T_MAN,A,1.3073057766891203,0.03288
case.lis,531,T_MAN,B,1.152567888743932,0.03916
case.lis,531,T_MAN,C,1.2428540873470186,0.03655
case.lis,531,1_2LT,C,1.620346210850484,0.03495
case.lis,531,1_2LT,A,1.9112522431374637,0.03284
case.lis,531,1_2LT,B,1.5581146995393913,0.03748
case.lis,531,T_OPO,A,1.784121266984389,0.03298
case.lis,531,T_OPO,B,1.7302790276631432,0.03764
case.lis,531,T_OPO,C,1.7637630572343956,0.03512
case.lis,532,T_MAN,A,1.2265385127399557,0.02666
case.lis,532,T_MAN,B,1.2572583579612522,0.02983
case.lis,532,T_MAN,C,1.4187939242258847,0.02693
case.lis,532,1_2LT,C,1.6938056835024007,0.02706
case.lis,532,1_2LT,A,1.7523655226887476,0.02679
case.lis,532,1_2LT,B,1.643114033919966,0.02983
case.lis,532,T_OPO,A,1.7900511195718736,0.02662
case.lis,532,T_OPO,B,1.712208525253601,0.02964
case.lis,532,T_OPO,C,1.7470068159429164,0.02692
case.lis,533,T_MAN,A,1.249677414201656,0.03342
case.lis,533,T_MAN,B,1.2100231635560053,0.03248
case.lis,533,T_MAN,C,1.1501475900139335,0.03607
case.lis,533,1_2LT,C,1.4596045333120333,0.03564
case.lis,533,1_2LT,A,1.7546737222325763,0.03219
case.lis,533,1_2LT,B,1.835242152346974,0.03251
case.lis,533,T_OPO,A,1.8336195408113458,0.0336
case.lis,533,T_OPO,B,1.736300309734906,0.03266
case.lis,533,T_OPO,C,1.7419762684487519,0.03577
case.lis,534,T_MAN,A,1.327128251550893,0.02433
case.lis,534,T_MAN,B,1.12055308536791,0.03056
case.lis,534,T_MAN,C,1.20932854087347,0.02795
case.lis,534,1_2LT,C,1.5342787436655219,0.02677
case.lis,534,1_2LT,A,1.97997479521109,0.02435
case.lis,534,1_2LT,B,1.4817965512038838,0.03073
case.lis,534,T_OPO,A,1.8475122695847424,0.02453
case.lis,534,T_OPO,B,1.6503545532806163,0.03059
case.lis,534,T_OPO,C,1.7553459623525653,0.02811
case.lis,535,T_MAN,A,1.3735515677556203,0.02594
case.lis,535,T_MAN,B,1.0975977351189685,0.03049
case.lis,535,T_MAN,C,1.2227210433362619,0.02723
case.lis,535,1_2LT,C,1.643736893953513,0.02695
case.lis,535,1_2LT,A,1.870676713082528,0.02606
case.lis,535,1_2LT,B,1.3507861409160697,0.03086
case.lis,535,T_OPO,A,1.8068259715824881,0.02619
case.lis,535,T_OPO,B,1.4174876860406296,0.02949
case.lis,535,T_OPO,C,1.782774426014182,0.02706
case.lis,536,T_MAN,A,1.393285941230242,0.02586
case.lis,536,T_MAN,B,1.0842378657578742,0.03004
case.lis,536,T_MAN,C,1.2537397073049512,0.02836
case.lis,536,1_2LT,C,1.6462897574482815,0.02698
case.lis,536,1_2LT,A,2.0329119518624035,0.02598
case.lis,536,1_2LT,B,1.3832148530756054,0.03079
case.lis,536,T_OPO,A,1.8133119447624626,0.02613
case.lis,536,T_OPO,B,1.5295298951871277,0.02943
case.lis,536,T_OPO,C,1.7500822350612815,0.02714
case.lis,537,T_MAN,A,1.3212241717475617,0.034
case.lis,537,T_MAN,B,1.1517964447047755,0.03859
case.lis,537,T_MAN,C,1.213026615902092,0.03449
case.lis,537,1_2LT,C,1.5866551292632924,0.03444
case.lis,537,1_2LT,A,1.888780558587822,0.034
case.lis,537,1_2LT,B,1.419804210264739,0.03857
case.lis,537,T_OPO,A,1.8200551132884262,0.03418
case.lis,537,T_OPO,B,1.5830843206688145,0.03874
case.lis,537,T_OPO,C,1.7627007286313976,0.03467
case.lis,538,T_MAN,A,1.3849492797997816,0.02471
case.lis,538,T_MAN,B,1.3114691906955278,0.02233
case.lis,538,T_MAN,C,1.154044685250761,0.02686
case.lis,538,1_2LT,C,1.3140414814025934,0.02723
case.lis,538,1_2LT,A,2.0833611118506883,0.02472
case.lis,538,1_2LT,B,1.9110232168055594,0.02246
case.lis,538,T_OPO,A,1.852658040238913,0.02483
case.lis,538,T_OPO,B,1.8026666932914437,0.0226
case.lis,538,T_OPO,C,1.4732388331247728,0.0284
case.lis,539,T_MAN,A,1.1649637459286277,0.04121
case.lis,539,T_MAN,B,1.1680563557780204,0.03876
case.lis,539,T_MAN,C,1.2298658998730887,0.03507
case.lis,539,1_2LT,C,1.7825335250317278,0.03504
case.lis,539,1_2LT,A,1.7264404980608288,0.03579
case.lis,539,1_2LT,B,1.8849262493676615,0.03734
case.lis,539,T_OPO,A,1.7387704234227037,0.03593
case.lis,539,T_OPO,B,1.7845925699122271,0.03737
case.lis,539,T_OPO,C,1.7543180950859536,0.03673
case.lis,540,T_MAN,A,1.3281557016959984,0.02425
case.lis,540,T_MAN,B,1.2968130851904116,0.0218
case.lis,540,T_MAN,C,1.1414999955625371,0.02743
case.lis,540,1_2LT,C,1.276958971218616,0.02824
case.lis,540,1_2LT,A,1.8023092556599838,0.0243
case.lis,540,1_2LT,B,1.9055419562111167,0.02176
case.lis,540,T_OPO,A,1.7668355565022145,0.02428
case.lis,540,T_OPO,B,1.7897043052264436,0.0219
case.lis,540,T_OPO,C,1.5008010330413484,0.02842
case.lis,541,T_MAN,A,1.2141796817451656,0.03235
case.lis,541,T_MAN,B,1.1959968760261632,0.03106
case.lis,541,T_MAN,C,1.5423456517301668,0.02864
case.lis,541,1_2LT,C,1.8863297567382873,0.02873
case.lis,541,1_2LT,A,1.3945408823451102,0.03347
case.lis,541,1_2LT,B,1.4722154476956255,0.03111
case.lis,541,T_OPO,A,1.5151604320313816,0.03212
case.lis,541,T_OPO,B,1.5742359132742263,0.02975
case.lis,541,T_OPO,C,1.8291834713384274,0.02886
case.lis,542,T_MAN,A,1.3264892746523247,0.03344
case.lis,542,T_MAN,B,1.1645258038463928,0.03837
case.lis,542,T_MAN,C,1.3822020465578602,0.0354
case.lis,542,1_2LT,C,1.8914154618955066,0.03551
case.lis,542,1_2LT,A,1.9241171223940998,0.03339
case.lis,542,1_2LT,B,1.4737064707083078,0.03799
case.lis,542,T_OPO,A,1.7969167354473408,0.03354
case.lis,542,T_OPO,B,1.7396922974520088,0.03816
case.lis,542,T_OPO,C,1.7885594220648402,0.03527
case.lis,543,T_MAN,A,1.2067406835467753,0.02535
case.lis,543,T_MAN,B,1.5973036378320333,0.02239
case.lis,543,T_MAN,C,1.2178159961660322,0.02765
case.lis,543,1_2LT,C,1.655595551887253,0.02156
case.lis,543,1_2LT,A,1.3939489869272343,0.0228
case.lis,543,1_2LT,B,1.8413431223763501,0.02234
case.lis,543,T_OPO,A,1.5200368309415409,0.02416
case.lis,543,T_OPO,B,1.8401198114965787,0.0224
case.lis,543,T_OPO,C,1.678795672586242,0.0217
case.lis,544,T_MAN,A,1.1957324919903796,0.02453
case.lis,544,T_MAN,B,1.2431495336226557,0.02188
case.lis,544,T_MAN,C,1.2761276036813192,0.02043
case.lis,544,1_2LT,C,1.7986952084276293,0.0204
case.lis,544,1_2LT,A,1.3182169386831386,0.02338
case.lis,544,1_2LT,B,1.5586538601489213,0.02066
case.lis,544,T_OPO,A,1.5823057056897147,0.02475
case.lis,544,T_OPO,B,1.6096109765080717,0.02179
case.lis,544,T_OPO,C,1.8272747765737463,0.02023
case.lis,545,T_MAN,A,1.112152701971121,0.04193
case.lis,545,T_MAN,B,1.2826044534377024,0.0392
case.lis,545,T_MAN,C,1.3843261712683157,0.03672
case.lis,545,1_2LT,C,1.9945674804973508,0.03668
case.lis,545,1_2LT,A,1.246286597974742,0.03613
case.lis,545,1_2LT,B,1.6234836834491513,0.03926
case.lis,545,T_OPO,A,1.3345505560140933,0.03592
case.lis,545,T_OPO,B,1.7623596386130267,0.03945
case.lis,545,T_OPO,C,1.8181874739299058,0.03681
case.lis,546,T_MAN,A,1.1777234661909708,0.03373
case.lis,546,T_MAN,B,1.3165080717448991,0.03112
case.lis,546,T_MAN,C,1.354913149977369,0.02864
case.lis,546,1_2LT,C,1.8672945144084419,0.02862
case.lis,546,1_2LT,A,1.3146221855391962,0.03239
case.lis,546,1_2LT,B,1.615991462321503,0.03122
case.lis,546,T_OPO,A,1.3916889427301045,0.03358
case.lis,546,T_OPO,B,1.7459026243155213,0.03139
case.lis,546,T_OPO,C,1.7995508400117148,0.02868
case.lis,547,T_MAN,A,1.2435569814602803,0.03368
case.lis,547,T_MAN,B,1.2817452541334966,0.03005
case.lis,547,T_MAN,C,1.146050835574252,0.03663
case.lis,547,1_2LT,C,1.540807706985454,0.03648
case.lis,547,1_2LT,A,1.5352228227588594,0.03232
case.lis,547,1_2LT,B,1.9379448334620197,0.03007
case.lis,547,T_OPO,A,1.7442032890474544,0.03224
case.lis,547,T_OPO,B,1.8368480701474126,0.03025
case.lis,547,T_OPO,C,1.6517675301969346,0.03631
case.lis,548,T_MAN,A,1.2097927438607703,0.03322
case.lis,548,T_MAN,B,1.2132484890439044,0.02967
case.lis,548,T_MAN,C,1.3171874295552775,0.02732
case.lis,548,1_2LT,C,1.865282125012203,0.02728
case.lis,548,1_2LT,A,1.2383813999307756,0.03187
case.lis,548,1_2LT,B,1.4813771222166014,0.02979
case.lis,548,T_OPO,A,1.3136220346654597,0.02843
case.lis,548,T_OPO,B,1.7469047809224596,0.02994
case.lis,548,T_OPO,C,1.764379056950398,0.02742
case.lis,549,T_MAN,A,1.4012559794811719,0.02572
case.lis,549,T_MAN,B,1.1454676642083124,0.03017
case.lis,549,T_MAN,C,1.386687283119004,0.02678
case.lis,549,1_2LT,C,1.8869006452070964,0.02677
case.lis,549,1_2LT,A,1.859179069375294,0.02581
case.lis,549,1_2LT,B,1.3630205809526346,0.03026
case.lis,549,T_OPO,A,1.773253015255997,0.02595
case.lis,549,T_OPO,B,1.619402717502241,0.03044
case.lis,549,T_OPO,C,1.7877292437675834,0.02695
case.lis,550,T_MAN,A,1.4508557203333423,0.02526
case.lis,550,T_MAN,B,1.2653625850883499,0.02981
case.lis,550,T_MAN,C,1.4970412506545256,0.0269
case.lis,550,1_2LT,C,1.8578942463856867,0.02702
case.lis,550,1_2LT,A,2.1534326437516085,0.02539
case.lis,550,1_2LT,B,1.576231529060944,0.02973
case.lis,550,T_OPO,A,1.843679987930101,0.02553
case.lis,550,T_OPO,B,1.7638200165073619,0.02503
case.lis,550,T_OPO,C,1.7649299324618157,0.02704
case.lis,551,T_MAN,A,1.4534841183205092,0.02422
case.lis,551,T_MAN,B,1.2658864453260206,0.02144
case.lis,551,T_MAN,C,1.1737396363055461,0.02683
case.lis,551,1_2LT,C,1.4263549881519744,0.02684
case.lis,551,1_2LT,A,1.8224129147918384,0.02433
case.lis,551,1_2LT,B,1.851664705308093,0.0214
case.lis,551,T_OPO,A,1.761397623294905,0.02447
case.lis,551,T_OPO,B,1.774206732518615,0.02154
case.lis,551,T_OPO,C,1.6819567169874952,0.02699
case.lis,552,T_MAN,A,1.5248045297620632,0.02598
case.lis,552,T_MAN,B,1.2236259396327556,0.0301
case.lis,552,T_MAN,C,1.4748696095920197,0.02724
case.lis,552,1_2LT,C,1.7636610665885672,0.02726
case.lis,552,1_2LT,A,2.066260017572353,0.02592
case.lis,552,1_2LT,B,1.399529451440844,0.03006
case.lis,552,T_OPO,A,1.8188534483523702,0.02606
case.lis,552,T_OPO,B,1.550494990104458,0.02557
case.lis,552,T_OPO,C,1.7587439317695714,0.02707
case.lis,553,T_MAN,A,1.326970144750038,0.03324
case.lis,553,T_MAN,B,1.0884821569619354,0.03948
case.lis,553,T_MAN,C,1.3083615999716003,0.03542
case.lis,553,1_2LT,C,1.732085873780807,0.03553
case.lis,553,1_2LT,A,1.9248611251630767,0.03319
case.lis,553,1_2LT,B,1.2441969168508213,0.03956
case.lis,553,T_OPO,A,1.7940003461221012,0.03334
case.lis,553,T_OPO,B,1.2836003798468187,0.03942
case.lis,553,T_OPO,C,1.791820691001713,0.03568
case.lis,554,T_MAN,A,1.2201765222716259,0.0245
case.lis,554,T_MAN,B,1.3908878564392022,0.0219
case.lis,554,T_MAN,C,1.2102175066783818,0.028
case.lis,554,1_2LT,C,1.3834560291807556,0.02684
case.lis,554,1_2LT,A,1.5581351118684381,0.02454
case.lis,554,1_2LT,B,1.9042650674050605,0.02201
case.lis,554,T_OPO,A,1.6022026678026573,0.02471
case.lis,554,T_OPO,B,1.7899145699654766,0.02215
case.lis,554,T_OPO,C,1.4820586987583981,0.02675
case.lis,555,T_MAN,A,1.2186129378666453,0.04138
case.lis,555,T_MAN,B,1.1597110324201034,0.03866
case.lis,555,T_MAN,C,1.287411982924643,0.03663
case.lis,555,1_2LT,C,1.8861305324067912,0.03677
case.lis,555,1_2LT,A,1.5694533933278307,0.04133
case.lis,555,1_2LT,B,1.810672426493428,0.03742
case.lis,555,T_OPO,A,1.6546031576985543,0.04115
case.lis,555,T_OPO,B,1.7653060074371878,0.03759
case.lis,555,T_OPO,C,1.789878679766057,0.03691
case.lis,556,T_MAN,A,1.4236896172244558,0.0336
case.lis,556,T_MAN,B,1.0999875662291327,0.03865
case.lis,556,T_MAN,C,1.2196821889116678,0.03624
case.lis,556,1_2LT,C,1.7161749957844104,0.03614
case.lis,556,1_2LT,A,1.9496686102753888,0.03372
case.lis,556,1_2LT,B,1.2399393132582515,0.04003
case.lis,556,T_OPO,A,1.8004700426883924,0.03387
case.lis,556,T_OPO,B,1.286251506518633,0.0402
case.lis,556,T_OPO,C,1.7624533844529051,0.03486
case.lis,557,T_MAN,A,1.3226481890714166,0.02536
case.lis,557,T_MAN,B,1.157746975869077,0.02445
case.lis,557,T_MAN,C,1.2646180143241301,0.02797
case.lis,557,1_2LT,C,1.4914083797048199,0.02787
case.lis,557,1_2LT,A,1.8549106738731063,0.02539
case.lis,557,1_2LT,B,1.668800793418355,0.02448
case.lis,557,T_OPO,A,1.813913664723058,0.02556
case.lis,557,T_OPO,B,1.733963772553405,0.02464
case.lis,557,T_OPO,C,1.7335533427407546,0.02775
case.lis,558,T_MAN,A,1.383482875830915,0.02404
case.lis,558,T_MAN,B,1.2656511355467397,0.02309
case.lis,558,T_MAN,C,1.2271507406125473,0.02767
case.lis,558,1_2LT,C,1.3124571740461672,0.02802
case.lis,558,1_2LT,A,1.8154110421825218,0.02417
case.lis,558,1_2LT,B,1.8752668246403437,0.02322
case.lis,558,T_OPO,A,1.8012267809757092,0.02428
case.lis,558,T_OPO,B,1.7909790906751157,0.02336
case.lis,558,T_OPO,C,1.596084116545524,0.02781
case.lis,559,T_MAN,A,1.2458223062381852,0.0405
case.lis,559,T_MAN,B,1.2176208986749735,0.03818
case.lis,559,T_MAN,C,1.4166174108291845,0.03726
case.lis,559,1_2LT,C,1.8020656389502738,0.03738
case.lis,559,1_2LT,A,1.6874509438483454,0.04061
case.lis,559,1_2LT,B,1.3668272406968591,0.03871
case.lis,559,T_OPO,A,1.7510166227357844,0.03929
case.lis,559,T_OPO,B,1.7500160103659133,0.03703
case.lis,559,T_OPO,C,1.7545949927669355,0.03752
case.lis,560,T_MAN,A,1.2527455470060438,0.02606
case.lis,560,T_MAN,B,1.1310166227357845,0.02998
case.lis,560,T_MAN,C,1.400328141501815,0.02702
case.lis,560,1_2LT,C,1.8057145823903726,0.02699
case.lis,560,1_2LT,A,1.8704237777008617,0.02619
case.lis,560,1_2LT,B,1.369574713561774,0.03082
case.lis,560,T_OPO,A,1.7787324831154538,0.02634
case.lis,560,T_OPO,B,1.520005236206147,0.02928
case.lis,560,T_OPO,C,1.8114090453242453,0.02725
case.lis,561,T_MAN,A,1.1161164212749717,0.02505
case.lis,561,T_MAN,B,1.4292191751644079,0.02149
case.lis,561,T_MAN,C,1.289897672106996,0.02035
case.lis,561,1_2LT,C,1.8744452727708405,0.02031
case.lis,561,1_2LT,A,1.2225271350852436,0.02489
case.lis,561,1_2LT,B,1.9088347311341267,0.02154
case.lis,561,T_OPO,A,1.3082627332996086,0.02515
case.lis,561,T_OPO,B,1.780046611109632,0.0213
case.lis,561,T_OPO,C,1.7853398652786283,0.02045
case.lis,562,T_MAN,A,1.2441736112960053,0.04175
case.lis,562,T_MAN,B,1.2001115489407777,0.0395
case.lis,562,T_MAN,C,1.440629587227207,0.03704
case.lis,562,1_2LT,C,1.900904532424541,0.03702
case.lis,562,1_2LT,A,1.4210024228547087,0.04179
case.lis,562,1_2LT,B,1.2435490650265804,0.03747
case.lis,562,T_OPO,A,1.528832148530756,0.04056
case.lis,562,T_OPO,B,1.4512187580429015,0.03928
case.lis,562,T_OPO,C,1.8059239241371354,0.03708
case.lis,563,T_MAN,A,1.1763171720936838,0.02559
case.lis,563,T_MAN,B,1.4193547041543528,0.02316
case.lis,563,T_MAN,C,1.2056936819404136,0.02794
case.lis,563,1_2LT,C,1.5247416775384506,0.02803
case.lis,563,1_2LT,A,1.3471280740523799,0.02408
case.lis,563,1_2LT,B,1.880730663755691,0.02325
case.lis,563,T_OPO,A,1.5922613310613525,0.02427
case.lis,563,T_OPO,B,1.7976131331150103,0.02339
case.lis,563,T_OPO,C,1.7394376225849109,0.02658
case.lis,564,T_MAN,A,1.3143090337868422,0.0336
case.lis,564,T_MAN,B,1.224497022462437,0.0389
case.lis,564,T_MAN,C,1.5435652351411555,0.03523
case.lis,564,1_2LT,C,1.7577916522449124,0.03519
case.lis,564,1_2LT,A,1.8859716623623275,0.03364
case.lis,564,1_2LT,B,1.3737044206004776,0.03767
case.lis,564,T_OPO,A,1.8224651082297187,0.03383
case.lis,564,T_OPO,B,1.7447334593572779,0.03786
case.lis,564,T_OPO,C,1.748835343503998,0.03534
case.lis,565,T_MAN,A,1.0942343157876053,0.02458
case.lis,565,T_MAN,B,1.081075197245223,0.03097
case.lis,565,T_MAN,C,1.1407171472438917,0.02841
case.lis,565,1_2LT,C,1.495853066730566,0.02835
case.lis,565,1_2LT,A,1.4567176087400269,0.02452
case.lis,565,1_2LT,B,1.382155630696593,0.03086
case.lis,565,T_OPO,A,1.6110985382997418,0.0262
case.lis,565,T_OPO,B,1.567618502445042,0.02546
case.lis,565,T_OPO,C,1.686810848709142,0.02696
case.lis,566,T_MAN,A,1.2472485955430124,0.02464
case.lis,566,T_MAN,B,1.4872000141998811,0.02323
case.lis,566,T_MAN,C,1.192043247512802,0.02761
case.lis,566,1_2LT,C,1.3747500998429139,0.02802
case.lis,566,1_2LT,A,1.597899216344063,0.02457
case.lis,566,1_2LT,B,1.9012011590652929,0.02334
case.lis,566,T_OPO,A,1.7441867461860008,0.02448
case.lis,566,T_OPO,B,1.77093111282693,0.02348
case.lis,566,T_OPO,C,1.5983636589543562,0.02663
case.lis,567,T_MAN,A,1.2695604781809953,0.03347
case.lis,567,T_MAN,B,1.3259186879309885,0.03051
case.lis,567,T_MAN,C,1.537586073466635,0.02757
case.lis,567,1_2LT,C,1.8663647416952884,0.0277
case.lis,567,1_2LT,A,1.6023874171303816,0.03338
case.lis,567,1_2LT,B,1.8827663143321174,0.02935
case.lis,567,T_OPO,A,1.7561168650212555,0.02734
case.lis,567,T_OPO,B,1.788182237723759,0.03074
case.lis,567,T_OPO,C,1.759042812641444,0.02784
case.lis,568,T_MAN,A,1.1087714706639333,0.03312
case.lis,568,T_MAN,B,1.3622844946173576,0.03086
case.lis,568,T_MAN,C,1.3619146320899562,0.02839
case.lis,568,1_2LT,C,1.8275068913797847,0.02833
case.lis,568,1_2LT,A,1.283270498859572,0.02778
case.lis,568,1_2LT,B,1.5740793595853635,0.03087
case.lis,568,T_OPO,A,1.3513012327271758,0.03332
case.lis,568,T_OPO,B,1.7607693673065488,0.02949
case.lis,568,T_OPO,C,1.8187914392466962,0.02844
case.lis,569,T_MAN,A,1.281457884040221,0.02412
case.lis,569,T_MAN,B,1.163529557939952,0.03004
case.lis,569,T_MAN,C,1.2839423218580543,0.02794
case.lis,569,1_2LT,C,1.2550374699361893,0.02677
case.lis,569,1_2LT,A,1.844622327538007,0.02424
case.lis,569,1_2LT,B,1.435048856465827,0.03006
case.lis,569,T_OPO,A,1.7698757510405851,0.02438
case.lis,569,T_OPO,B,1.5526383379039201,0.03024
case.lis,569,T_OPO,C,1.4323761725995545,0.02693
case.lis,570,T_MAN,A,1.3477341427265548,0.03283
case.lis,570,T_MAN,B,1.113508728489399,0.03919
case.lis,570,T_MAN,C,1.2273463084746665,0.03667
case.lis,570,1_2LT,C,1.570010649910807,0.03677
case.lis,570,1_2LT,A,1.8953058743133027,0.03295
case.lis,570,1_2LT,B,1.2844188698669647,0.03908
case.lis,570,T_OPO,A,1.7806823131606273,0.03309
case.lis,570,T_OPO,B,1.3106991577695537,0.03771
case.lis,570,T_OPO,C,1.576185823193731,0.03683
case.lis,571,T_MAN,A,1.1822449923231892,0.03362
case.lis,571,T_MAN,B,1.1896376367847918,0.03096
case.lis,571,T_MAN,C,1.2271862669400142,0.02856
case.lis,571,1_2LT,C,1.4238745174259166,0.02859
case.lis,571,1_2LT,A,1.485267712132911,0.02777
case.lis,571,1_2LT,B,1.625241619851434,0.03101
case.lis,571,T_OPO,A,1.6491128003052975,0.03345
case.lis,571,T_OPO,B,1.7363814265555526,0.02957
case.lis,571,T_OPO,C,1.5226328620747802,0.0271
case.lis,572,T_MAN,A,1.2010231014315254,0.02445
case.lis,572,T_MAN,B,1.5118912111611067,0.02154
case.lis,572,T_MAN,C,1.1301421763092734,0.02116
case.lis,572,1_2LT,C,1.7067753845061546,0.02129
case.lis,572,1_2LT,A,1.3591873230561693,0.02431
case.lis,572,1_2LT,B,1.9937936224784119,0.02159
case.lis,572,T_OPO,A,1.738588176824019,0.0242
case.lis,572,T_OPO,B,1.77749574447314,0.02174
case.lis,572,T_OPO,C,1.8140309912404484,0.02122
case.lis,573,T_MAN,A,1.2570968343140125,0.03272
case.lis,573,T_MAN,B,1.1714875529167443,0.03868
case.lis,573,T_MAN,C,1.158763456606051,0.03619
case.lis,573,1_2LT,C,1.3236590874801424,0.04342
case.lis,573,1_2LT,A,1.8903697116536649,0.03269
case.lis,573,1_2LT,B,1.5826769527055211,0.03731
case.lis,573,T_OPO,A,1.7782752824445094,0.03284
case.lis,573,T_OPO,B,1.6751222077265102,0.03729
case.lis,573,T_OPO,C,1.4486476388260248,0.03475
case.lis,574,T_MAN,A,1.308262342802879,0.03395
case.lis,574,T_MAN,B,1.1368200253822873,0.03868
case.lis,574,T_MAN,C,1.364968538388491,0.03508
case.lis,574,1_2LT,C,1.8986513662948072,0.03517
case.lis,574,1_2LT,A,1.9012758859394552,0.03408
case.lis,574,1_2LT,B,1.2899050560451557,0.03853
case.lis,574,T_OPO,A,1.792827631193589,0.03423
case.lis,574,T_OPO,B,1.321369409906192,0.0372
case.lis,574,T_OPO,C,1.7922977182566098,0.0353
case.lis,575,T_MAN,A,1.2592522165126867,0.03316
case.lis,575,T_MAN,B,1.094942091109987,0.03029
case.lis,575,T_MAN,C,1.1762590413305287,0.03596
case.lis,575,1_2LT,C,1.6159529717688614,0.02993
case.lis,575,1_2LT,A,1.5991295117903388,0.03327
case.lis,575,1_2LT,B,1.2856201620561427,0.03888
case.lis,575,T_OPO,A,1.671807218864542,0.03311
case.lis,575,T_OPO,B,1.4497170496197096,0.03752
case.lis,575,T_OPO,C,1.7372261863556893,0.02992
case.lis,576,T_MAN,A,1.1586442397294923,0.03384
case.lis,576,T_MAN,B,1.1654127284183995,0.03129
case.lis,576,T_MAN,C,1.181956796861826,0.02802
case.lis,576,1_2LT,C,1.6595000044374628,0.02754
case.lis,576,1_2LT,A,1.4819819927758104,0.03372
case.lis,576,1_2LT,B,1.7015238247379678,0.02982
case.lis,576,T_OPO,A,1.6834183817460528,0.03233
case.lis,576,T_OPO,B,1.7365707287201468,0.0299
case.lis,576,T_OPO,C,1.7117796533454033,0.02772
case.lis,577,T_MAN,A,1.1115751040585036,0.03365
case.lis,577,T_MAN,B,1.372850093630466,0.02991
case.lis,577,T_MAN,C,1.197539071860273,0.03598
case.lis,577,1_2LT,C,1.5705158728045652,0.02984
case.lis,577,1_2LT,A,1.2753901594824142,0.0332
case.lis,577,1_2LT,B,1.844742050285329,0.02983
case.lis,577,T_OPO,A,1.4125844493552366,0.03338
case.lis,577,T_OPO,B,1.7935604426812926,0.02961
case.lis,577,T_OPO,C,1.721828678434818,0.02997
case.lis,578,T_MAN,A,1.1501185690069846,0.04179
case.lis,578,T_MAN,B,1.2724635551177257,0.03715
case.lis,578,T_MAN,C,1.6046450473477285,0.036
case.lis,578,1_2LT,C,1.871858409435821,0.03596
case.lis,578,1_2LT,A,1.3463883844972797,0.03605
case.lis,578,1_2LT,B,1.7231443861657658,0.03728
case.lis,578,T_OPO,A,1.409124027086273,0.03588
case.lis,578,T_OPO,B,1.7652130958403223,0.03863
case.lis,578,T_OPO,C,1.8035714475891262,0.0357
case.lis,579,T_MAN,A,1.21376456597176,0.02585
case.lis,579,T_MAN,B,1.4614848460644143,0.02194
case.lis,579,T_MAN,C,1.1833440719933972,0.02759
case.lis,579,1_2LT,C,1.6139970002751227,0.02178
case.lis,579,1_2LT,A,1.5839867053613426,0.02323
case.lis,579,1_2LT,B,1.796272690966213,0.02201
case.lis,579,T_OPO,A,1.746444616026341,0.02462
case.lis,579,T_OPO,B,1.755000106499108,0.02189
case.lis,579,T_OPO,C,1.7727104023003808,0.02162
case.lis,580,T_MAN,A,1.16753639163272,0.03345
case.lis,580,T_MAN,B,1.220290476317261,0.03081
case.lis,580,T_MAN,C,1.2867854930464957,0.02823
case.lis,580,1_2LT,C,2.0091716233126546,0.02696
case.lis,580,1_2LT,A,1.6295884696965663,0.0275
case.lis,580,1_2LT,B,1.7829765613212991,0.03078
case.lis,580,T_OPO,A,1.745701074753499,0.02764
case.lis,580,T_OPO,B,1.7602609228147716,0.03093
case.lis,580,T_OPO,C,1.827102132644639,0.02714
case.lis,581,T_MAN,A,1.3315677644949722,0.03464
case.lis,581,T_MAN,B,1.1506244220204656,0.03874
case.lis,581,T_MAN,C,1.580830604293689,0.0358
case.lis,581,1_2LT,C,1.785544876061663,0.03573
case.lis,581,1_2LT,A,1.834745325132902,0.03459
case.lis,581,1_2LT,B,1.3018721566956877,0.03905
case.lis,581,T_OPO,A,1.7827347107217977,0.03434
case.lis,581,T_OPO,B,1.477280385526771,0.03891
case.lis,581,T_OPO,C,1.8175899251843766,0.03574
case.lis,582,T_MAN,A,1.1735008475554016,0.03326
case.lis,582,T_MAN,B,1.1978419730734755,0.03098
case.lis,582,T_MAN,C,1.4150119012753268,0.02852
case.lis,582,1_2LT,C,1.8613959636838042,0.02863
case.lis,582,1_2LT,A,1.3886174995784408,0.0334
case.lis,582,1_2LT,B,1.3269517292792674,0.02995
case.lis,582,T_OPO,A,1.5000912608606902,0.03205
case.lis,582,T_OPO,B,1.5437411361679845,0.03129
case.lis,582,T_OPO,C,1.7967100295535026,0.02854
case.lis,583,T_MAN,A,1.1308039173921918,0.03274
case.lis,583,T_MAN,B,1.2478041658901105,0.03064
case.lis,583,T_MAN,C,1.5017315867479608,0.02815
case.lis,583,1_2LT,C,1.9726831119039379,0.02826
case.lis,583,1_2LT,A,1.1934518757155408,0.03377
case.lis,583,1_2LT,B,1.73603273072588,0.02948
case.lis,583,T_OPO,A,1.6363368744286766,0.02789
case.lis,583,T_OPO,B,1.7974567125500325,0.03088
case.lis,583,T_OPO,C,1.7985161568021868,0.02839
case.lis,584,T_MAN,A,1.2613024840916958,0.02413
case.lis,584,T_MAN,B,1.2203525120477117,0.03009
case.lis,584,T_MAN,C,1.09684737790321,0.02832
case.lis,584,1_2LT,C,1.496381036058823,0.02588
case.lis,584,1_2LT,A,1.8450175279782033,0.02409
case.lis,584,1_2LT,B,1.4499147119642875,0.03022
case.lis,584,T_OPO,A,1.784514852188113,0.02544
case.lis,584,T_OPO,B,1.6104409950566665,0.03137
case.lis,584,T_OPO,C,1.7496656283003629,0.02601
case.lis,585,T_MAN,A,1.3202319550573764,0.03311
case.lis,585,T_MAN,B,1.2664013951383157,0.02993
case.lis,585,T_MAN,C,1.1771998722010704,0.03606
case.lis,585,1_2LT,C,1.6917143960169334,0.03001
case.lis,585,1_2LT,A,1.7038802062532725,0.03173
case.lis,585,1_2LT,B,1.655338977786061,0.02918
case.lis,585,T_OPO,A,1.7558237351012185,0.0331
case.lis,585,T_OPO,B,1.7395110803447023,0.02932
case.lis,585,T_OPO,C,1.7616949333049337,0.03015
case.lis,586,T_MAN,A,1.2169280332277217,0.02518
case.lis,586,T_MAN,B,1.157628664234937,0.02194
case.lis,586,T_MAN,C,1.1853197546970544,0.0279
case.lis,586,1_2LT,C,1.6140291097562058,0.02785
case.lis,586,1_2LT,A,1.589434667234662,0.02529
case.lis,586,1_2LT,B,1.4758015921616656,0.02328
case.lis,586,T_OPO,A,1.7362092529975062,0.02384
case.lis,586,T_OPO,B,1.679013436637468,0.0217
case.lis,586,T_OPO,C,1.7400443036289572,0.02781
case.lis,587,T_MAN,A,1.3076885256085982,0.02539
case.lis,587,T_MAN,B,1.1416881883614225,0.02993
case.lis,587,T_MAN,C,1.0959289828447687,0.02808
case.lis,587,1_2LT,C,1.2784156926435741,0.027
case.lis,587,1_2LT,A,1.8124896828989057,0.02415
case.lis,587,1_2LT,B,1.346437161088776,0.02996
case.lis,587,T_OPO,A,1.7525668060029997,0.02429
case.lis,587,T_OPO,B,1.5075588629445227,0.03112
case.lis,587,T_OPO,C,1.467648907940396,0.02683
case.lis,588,T_MAN,A,1.2057247708050447,0.02563
case.lis,588,T_MAN,B,1.3010637929657338,0.02147
case.lis,588,T_MAN,C,1.1492695314926737,0.02708
case.lis,588,1_2LT,C,1.3393868402602127,0.02599
case.lis,588,1_2LT,A,1.522439894565883,0.02395
case.lis,588,1_2LT,B,1.8396005307205552,0.02143
case.lis,588,T_OPO,A,1.6611168206466271,0.02411
case.lis,588,T_OPO,B,1.7665877242028099,0.02157
case.lis,588,T_OPO,C,1.442064795832335,0.02607
case.lis,589,T_MAN,A,1.0835230792442114,0.04175
case.lis,589,T_MAN,B,1.210135253867249,0.03847
case.lis,589,T_MAN,C,1.4274504113528048,0.03598
case.lis,589,1_2LT,C,1.8802570178474756,0.03609
case.lis,589,1_2LT,A,1.1784771515038561,0.0407
case.lis,589,1_2LT,B,1.5973766873452435,0.03733
case.lis,589,T_OPO,A,1.1992624049273588,0.04089
case.lis,589,T_OPO,B,1.7629985090124871,0.03867
case.lis,589,T_OPO,C,1.7579639145522157,0.03622
case.lis,590,T_MAN,A,1.1757092130603406,0.03313
case.lis,590,T_MAN,B,1.2433035135830737,0.03049
case.lis,590,T_MAN,C,1.2567696158044677,0.02722
case.lis,590,1_2LT,C,1.6056610577136416,0.02631
case.lis,590,1_2LT,A,1.7183256565226266,0.02727
case.lis,590,1_2LT,B,1.4292672861364786,0.03185
case.lis,590,T_OPO,A,1.7498862234528785,0.02708
case.lis,590,T_OPO,B,1.6467309211285357,0.03189
case.lis,590,T_OPO,C,1.7047436832716527,0.02646
case.lis,591,T_MAN,A,1.187582869618467,0.03368
case.lis,591,T_MAN,B,1.439699583765986,0.03007
case.lis,591,T_MAN,C,1.3385527481207347,0.02867
case.lis,591,1_2LT,C,1.8532058361511223,0.02879
case.lis,591,1_2LT,A,1.4221348633705193,0.02759
case.lis,591,1_2LT,B,2.028241877224278,0.03016
case.lis,591,T_OPO,A,1.460584058858507,0.02774
case.lis,591,T_OPO,B,1.8209150935860912,0.0303
case.lis,591,T_OPO,C,1.7958328851495868,0.02856
case.lis,592,T_MAN,A,1.1968347577589038,0.0412
case.lis,592,T_MAN,B,1.4040400170398573,0.03817
case.lis,592,T_MAN,C,1.298292641799125,0.03546
case.lis,592,1_2LT,C,1.866815321671681,0.03542
case.lis,592,1_2LT,A,1.3595205765151719,0.04226
case.lis,592,1_2LT,B,1.8893998065266204,0.03826
case.lis,592,T_OPO,A,1.6069697453783824,0.04242
case.lis,592,T_OPO,B,1.8131731941744988,0.0384
case.lis,592,T_OPO,C,1.772094926204993,0.03556
case.lis,593,T_MAN,A,1.1962860211045734,0.02507
case.lis,593,T_MAN,B,1.4973647949448423,0.02128
case.lis,593,T_MAN,C,1.3031599172856927,0.02086
case.lis,593,1_2LT,C,1.7374635462428,0.02098
case.lis,593,1_2LT,A,1.4578238682251037,0.0241
case.lis,593,1_2LT,B,1.9277133576506298,0.02131
case.lis,593,T_OPO,A,1.7570982543021203,0.02396
case.lis,593,T_OPO,B,1.793357624004899,0.02146
case.lis,593,T_OPO,C,1.8059918173185299,0.02097
case.lis,594,T_MAN,A,1.2823918812179949,0.02498
case.lis,594,T_MAN,B,1.4628922672772615,0.02103
case.lis,594,T_MAN,C,1.309448157121684,0.02008
case.lis,594,1_2LT,C,1.8548857353319665,0.02021
case.lis,594,1_2LT,A,1.5517959299590864,0.0236
case.lis,594,1_2LT,B,1.8830536578006158,0.02105
case.lis,594,T_OPO,A,1.7330312308634417,0.02481
case.lis,594,T_OPO,B,1.7917357668379528,0.02119
case.lis,594,T_OPO,C,1.8027350745937503,0.02004
case.lis,595,T_MAN,A,1.327144847661901,0.02427
case.lis,595,T_MAN,B,1.2234456898923471,0.03059
case.lis,595,T_MAN,C,1.187325913895471,0.0279
case.lis,595,1_2LT,C,1.4975080096204194,0.02776
case.lis,595,1_2LT,A,1.9037198363463705,0.02438
case.lis,595,1_2LT,B,1.5351663427318796,0.0247
case.lis,595,T_OPO,A,1.8322316888096062,0.02428
case.lis,595,T_OPO,B,1.6432930677955573,0.02452
case.lis,595,T_OPO,C,1.560195922859146,0.02791
case.lis,596,T_MAN,A,1.2292680671299379,0.03272
case.lis,596,T_MAN,B,1.4864540234475536,0.02979
case.lis,596,T_MAN,C,1.1374430451644968,0.03547
case.lis,596,1_2LT,C,1.692427292171428,0.02958
case.lis,596,1_2LT,A,1.4175391783593814,0.03259
case.lis,596,1_2LT,B,1.8338961811194832,0.0299
case.lis,596,T_OPO,A,1.7340555925344125,0.03245
case.lis,596,T_OPO,B,1.7412125810946333,0.02973
case.lis,596,T_OPO,C,1.813725569548355,0.02947
case.lis,597,T_MAN,A,1.2475608154281708,0.04117
case.lis,597,T_MAN,B,1.1868246492185626,0.0385
case.lis,597,T_MAN,C,1.2481998100765905,0.03614
case.lis,597,1_2LT,C,1.7301112028186763,0.035
case.lis,597,1_2LT,A,1.8864905082669932,0.03532
case.lis,597,1_2LT,B,1.4193994515295933,0.03839
case.lis,597,T_OPO,A,1.751145273658333,0.03548
case.lis,597,T_OPO,B,1.6264484411193056,0.03853
case.lis,597,T_OPO,C,1.8264620996299155,0.03639
case.lis,598,T_MAN,A,1.1309865367377547,0.04173
case.lis,598,T_MAN,B,1.287728711272043,0.03812
case.lis,598,T_MAN,C,1.437977404439238,0.0365
case.lis,598,1_2LT,C,1.8884079270836107,0.03662
case.lis,598,1_2LT,A,1.4589956867861233,0.03586
case.lis,598,1_2LT,B,1.3893903458558536,0.03693
case.lis,598,T_OPO,A,1.5016798991808442,0.03601
case.lis,598,T_OPO,B,1.6752584200857317,0.0371
case.lis,598,T_OPO,C,1.8634035339954027,0.03658
case.lis,599,T_MAN,A,1.3011024432670377,0.02496
case.lis,599,T_MAN,B,1.5032202490304143,0.02247
case.lis,599,T_MAN,C,1.2259619176939394,0.02722
case.lis,599,1_2LT,C,1.3608353257541468,0.02724
case.lis,599,1_2LT,A,1.6848682517283917,0.0237
case.lis,599,1_2LT,B,1.9241209563619905,0.02244
case.lis,599,T_OPO,A,1.754887510317101,0.02358
case.lis,599,T_OPO,B,1.7929105584990725,0.02258
case.lis,599,T_OPO,C,1.5422305616940457,0.02738
case.lis,600,T_MAN,A,1.2077013942508232,0.02511
case.lis,600,T_MAN,B,1.4612364191449898,0.02218
case.lis,600,T_MAN,C,1.158525555348474,0.02809
case.lis,600,1_2LT,C,1.4234587005333832,0.02795
case.lis,600,1_2LT,A,1.4302457466918714,0.02516
case.lis,600,1_2LT,B,1.993544387940751,0.02228
case.lis,600,T_OPO,A,1.7801973783469562,0.02494
case.lis,600,T_OPO,B,1.8084515917179194,0.02243
case.lis,600,T_OPO,C,1.7715147723137818,0.02193
case.lis,601,T_MAN,A,1.1921494892480275,0.03273
case.lis,601,T_MAN,B,1.2046217062932099,0.03036
case.lis,601,T_MAN,C,1.1235021344196243,0.03675
case.lis,601,1_2LT,C,1.3822192639136648,0.03668
case.lis,601,1_2LT,A,1.6415478669116148,0.03409
case.lis,601,1_2LT,B,1.70770663045697,0.0303
case.lis,601,T_OPO,A,1.6956381337806297,0.03263
case.lis,601,T_OPO,B,1.7392999458629534,0.03177
case.lis,601,T_OPO,C,1.5803759418514869,0.03657
case.lis,602,T_MAN,A,1.2893101520274768,0.0327
case.lis,602,T_MAN,B,1.2302558818569893,0.03847
case.lis,602,T_MAN,C,1.2012384071283404,0.03567
case.lis,602,1_2LT,C,1.5716978620304056,0.0344
case.lis,602,1_2LT,A,1.8858121178235132,0.03266
case.lis,602,1_2LT,B,1.5377373465747224,0.03715
case.lis,602,T_OPO,A,1.7770049255837483,0.03281
case.lis,602,T_OPO,B,1.7647175288656958,0.03708
case.lis,602,T_OPO,C,1.737883773973393,0.03574
case.lis,603,T_MAN,A,1.1856298978496056,0.04103
case.lis,603,T_MAN,B,1.164205596528129,0.03829
case.lis,603,T_MAN,C,1.3728003052974431,0.03531
case.lis,603,1_2LT,C,1.7137095414325905,0.03535
case.lis,603,1_2LT,A,1.828796675452843,0.03517
case.lis,603,1_2LT,B,1.4006923684514143,0.0395
case.lis,603,T_OPO,A,1.8062405726102044,0.03498
case.lis,603,T_OPO,B,1.5261288994204674,0.03969
case.lis,603,T_OPO,C,1.739144190917401,0.0353
case.lis,604,T_MAN,A,1.2149745733379482,0.02508
case.lis,604,T_MAN,B,1.1887922113652298,0.02964
case.lis,604,T_MAN,C,1.1318367901168829,0.02716
case.lis,604,1_2LT,C,1.4908811203706167,0.02718
case.lis,604,1_2LT,A,1.6622352387798751,0.02362
case.lis,604,1_2LT,B,1.6698964296174021,0.02974
case.lis,604,T_OPO,A,1.7670819244388827,0.02501
case.lis,604,T_OPO,B,1.73895968121267,0.0311
case.lis,604,T_OPO,C,1.739890980413039,0.02567
case.lis,605,T_MAN,A,1.3042680405051608,0.04195
case.lis,605,T_MAN,B,1.1607257381719427,0.03923
case.lis,605,T_MAN,C,1.3465686874872425,0.03571
case.lis,605,1_2LT,C,1.9422053302803588,0.03582
case.lis,605,1_2LT,A,1.5809925716872122,0.04059
case.lis,605,1_2LT,B,1.4522945499081445,0.03918
case.lis,605,T_OPO,A,1.6974392289464575,0.04173
case.lis,605,T_OPO,B,1.5473772642154122,0.03782
case.lis,605,T_OPO,C,1.8128666009922167,0.03574
case.lis,606,T_MAN,A,1.1092156340690646,0.03334
case.lis,606,T_MAN,B,1.3477549100526285,0.03037
case.lis,606,T_MAN,C,1.4068274270702983,0.02788
case.lis,606,1_2LT,C,1.9383102141519566,0.028
case.lis,606,1_2LT,A,1.3139375560229682,0.03432
case.lis,606,1_2LT,B,1.7977659149604621,0.03046
case.lis,606,T_OPO,A,1.3253909049761707,0.03414
case.lis,606,T_OPO,B,1.7767233774417137,0.03056
case.lis,606,T_OPO,C,1.7933237395386814,0.02814
case.lis,607,T_MAN,A,1.1728658022489062,0.04127
case.lis,607,T_MAN,B,1.224399921900654,0.03901
case.lis,607,T_MAN,C,1.2287730415257772,0.03581
case.lis,607,1_2LT,C,1.619892613399363,0.03677
case.lis,607,1_2LT,A,1.5556504876771657,0.04142
case.lis,607,1_2LT,B,1.6394538548239659,0.03914
case.lis,607,T_OPO,A,1.7138510964970668,0.04149
case.lis,607,T_OPO,B,1.6699554123734213,0.03756
case.lis,607,T_OPO,C,1.7546306699681389,0.0355
case.lis,608,T_MAN,A,1.059465374477489,0.02468
case.lis,608,T_MAN,B,1.4910296955013,0.021
case.lis,608,T_MAN,C,1.429914534465774,0.02099
case.lis,608,1_2LT,C,1.8208487978913177,0.02111
case.lis,608,1_2LT,A,1.110890953788262,0.0256
case.lis,608,1_2LT,B,1.787925832246155,0.02111
case.lis,608,T_OPO,A,1.1606371309140286,0.02451
case.lis,608,T_OPO,B,1.7766195408113457,0.02124
case.lis,608,T_OPO,C,1.7681707890696414,0.02124
case.lis,609,T_MAN,A,1.2097678319444076,0.02617
case.lis,609,T_MAN,B,1.1959810786584661,0.03089
case.lis,609,T_MAN,C,1.4543174205916027,0.02676
case.lis,609,1_2LT,C,1.8004189142415932,0.02669
case.lis,609,1_2LT,A,1.9567713020403454,0.02627
case.lis,609,1_2LT,B,1.535265404652236,0.03074
case.lis,609,T_OPO,A,1.8178188095174703,0.02644
case.lis,609,T_OPO,B,1.7262502551541132,0.0294
case.lis,609,T_OPO,C,1.816133354633155,0.02694
case.lis,610,T_MAN,A,1.2685232567427247,0.03336
case.lis,610,T_MAN,B,1.3402025258038464,0.03141
case.lis,610,T_MAN,C,1.2412347684088145,0.03464
case.lis,610,1_2LT,C,1.727057962139567,0.03467
case.lis,610,1_2LT,A,1.7717506500883056,0.03219
case.lis,610,1_2LT,B,2.008826646076839,0.03152
case.lis,610,T_OPO,A,1.7656178190757652,0.0323
case.lis,610,T_OPO,B,1.8135315104236003,0.03167
case.lis,610,T_OPO,C,1.7434476423759953,0.03485
case.lis,611,T_MAN,A,1.2469906014537129,0.02414
case.lis,611,T_MAN,B,1.1245124559581814,0.03033
case.lis,611,T_MAN,C,1.202894068887173,0.0278
case.lis,611,1_2LT,C,1.7498315272859588,0.0279
case.lis,611,1_2LT,A,1.8396419854983714,0.02412
case.lis,611,1_2LT,B,1.5187288887705566,0.02474
case.lis,611,T_OPO,A,1.771650913673598,0.02427
case.lis,611,T_OPO,B,1.701863015522245,0.02481
case.lis,611,T_OPO,C,1.7582420635977174,0.02796
case.lis,612,T_MAN,A,1.2099325860645918,0.03285
case.lis,612,T_MAN,B,1.4227828216938683,0.02973
case.lis,612,T_MAN,C,1.3159746177125766,0.02842
case.lis,612,1_2LT,C,1.8889246430061148,0.02838
case.lis,612,1_2LT,A,1.228717599865101,0.03384
case.lis,612,1_2LT,B,1.9131510423600202,0.02974
case.lis,612,T_OPO,A,1.4078619949057927,0.03251
case.lis,612,T_OPO,B,1.7804717022994931,0.02988
case.lis,612,T_OPO,C,1.7907881377743462,0.02852
case.lis,613,T_MAN,A,1.2356920400791642,0.03217
case.lis,613,T_MAN,B,1.2565338090293494,0.02986
case.lis,613,T_MAN,C,1.1308337105176745,0.03598
case.lis,613,1_2LT,C,1.430586632586952,0.03611
case.lis,613,1_2LT,A,1.7360386858010064,0.03354
case.lis,613,1_2LT,B,1.9816072490392893,0.02983
case.lis,613,T_OPO,A,1.7552791075374743,0.0337
case.lis,613,T_OPO,B,1.8036748404732112,0.02997
case.lis,613,T_OPO,C,1.7400006922442024,0.03035
case.lis,614,T_MAN,A,1.500565332765338,0.02419
case.lis,614,T_MAN,B,1.2572223257630217,0.02984
case.lis,614,T_MAN,C,1.4165149231875183,0.02691
case.lis,614,1_2LT,C,1.5393352059426504,0.02703
case.lis,614,1_2LT,A,1.8651810041090906,0.02426
case.lis,614,1_2LT,B,1.7747136150234741,0.02397
case.lis,614,T_OPO,A,1.7609054199171084,0.02444
case.lis,614,T_OPO,B,1.814930464957356,0.02387
case.lis,614,T_OPO,C,1.738973117850138,0.02711
case.lis,615,T_MAN,A,1.1149578263532043,0.03342
case.lis,615,T_MAN,B,1.1980696149169752,0.03063
case.lis,615,T_MAN,C,1.391427593918901,0.02765
case.lis,615,1_2LT,C,1.9416740506048262,0.02777
case.lis,615,1_2LT,A,1.2624891592782912,0.0324
case.lis,615,1_2LT,B,1.565937591522671,0.03028
case.lis,615,T_OPO,A,1.2908936162659637,0.03223
case.lis,615,T_OPO,B,1.7420343992119065,0.03043
case.lis,615,T_OPO,C,1.7903579967517773,0.02791
case.lis,616,T_MAN,A,1.098472359043993,0.03321
case.lis,616,T_MAN,B,1.4190007721185336,0.03029
case.lis,616,T_MAN,C,1.196481358218625,0.0363
case.lis,616,1_2LT,C,1.5307130115285283,0.03634
case.lis,616,1_2LT,A,1.2571538024619042,0.03365
case.lis,616,1_2LT,B,1.7243930882078862,0.03024
case.lis,616,T_OPO,A,1.3767873479059614,0.03385
case.lis,616,T_OPO,B,1.751134925494999,0.03006
case.lis,616,T_OPO,C,1.6523400516520674,0.03619
case.lis,617,T_MAN,A,1.2059162029518002,0.02403
case.lis,617,T_MAN,B,1.4123757643529735,0.02277
case.lis,617,T_MAN,C,1.1290579887643442,0.02754
case.lis,617,1_2LT,C,1.3711896305368443,0.02767
case.lis,617,1_2LT,A,1.5531219326038144,0.02539
case.lis,617,1_2LT,B,1.8893419775109384,0.02288
case.lis,617,T_OPO,A,1.6357993201806935,0.02554
case.lis,617,T_OPO,B,1.8080661891956653,0.02302
case.lis,617,T_OPO,C,1.3824712141785813,0.02751
case.lis,618,T_MAN,A,1.2570023163556006,0.0241
case.lis,618,T_MAN,B,1.4088672399868651,0.02283
case.lis,618,T_MAN,C,1.1324491866130622,0.0274
case.lis,618,1_2LT,C,1.2739505577890784,0.02775
case.lis,618,1_2LT,A,1.5614224730867878,0.02547
case.lis,618,1_2LT,B,1.8837327404882984,0.02294
case.lis,618,T_OPO,A,1.6360459543651322,0.02562
case.lis,618,T_OPO,B,1.8074411636802543,0.02308
case.lis,618,T_OPO,C,1.3190983519263026,0.02767
case.lis,619,T_MAN,A,1.3843287449967607,0.03278
case.lis,619,T_MAN,B,1.4855336936553156,0.03134
case.lis,619,T_MAN,C,1.1544747375240731,0.03573
case.lis,619,1_2LT,C,1.2816423049956955,0.03453
case.lis,619,1_2LT,A,1.6604809055974157,0.0327
case.lis,619,1_2LT,B,2.074685872005822,0.03144
case.lis,619,T_OPO,A,1.7798063047471977,0.03406
case.lis,619,T_OPO,B,1.8214350754812427,0.03158
case.lis,619,T_OPO,C,1.537095361076351,0.03109
case.lis,620,T_MAN,A,1.1605247388553122,0.03382
case.lis,620,T_MAN,B,1.5324126485440686,0.0307
case.lis,620,T_MAN,C,1.2216845496418967,0.03549
case.lis,620,1_2LT,C,1.4247174667412161,0.0354
case.lis,620,1_2LT,A,1.4044351731054252,0.03213
case.lis,620,1_2LT,B,1.8736714680014555,0.0307
case.lis,620,T_OPO,A,1.6447111211693601,0.03195
case.lis,620,T_OPO,B,1.776243243962832,0.03094
case.lis,620,T_OPO,C,1.7357870195337115,0.03045
case.lis,621,T_MAN,A,1.15838139105585,0.02514
case.lis,621,T_MAN,B,1.2800119633998064,0.02202
case.lis,621,T_MAN,C,1.1653919965920287,0.02779
case.lis,621,1_2LT,C,1.5887338853537103,0.02669
case.lis,621,1_2LT,A,1.3481468267703258,0.02417
case.lis,621,1_2LT,B,1.9911935355041401,0.02212
case.lis,621,T_OPO,A,1.6487573329073368,0.02279
case.lis,621,T_OPO,B,1.8364932861187289,0.02228
case.lis,621,T_OPO,C,1.7246972496605342,0.02677
case.lis,622,T_MAN,A,1.0995911232993423,0.03384
case.lis,622,T_MAN,B,1.2807350213441964,0.0304
case.lis,622,T_MAN,C,1.320133709630182,0.02911
case.lis,622,1_2LT,C,1.7610377805585877,0.02909
case.lis,622,1_2LT,A,1.2229502294168288,0.034
case.lis,622,1_2LT,B,1.5487198807209988,0.03044
case.lis,622,T_OPO,A,1.403619150314616,0.03266
case.lis,622,T_OPO,B,1.7386303327209633,0.03186
case.lis,622,T_OPO,C,1.776267490259769,0.02918
case.lis,623,T_MAN,A,1.3182459596900875,0.04137
case.lis,623,T_MAN,B,1.3516043824382973,0.03864
case.lis,623,T_MAN,C,1.3175698678523569,0.03664
case.lis,623,1_2LT,C,1.8958656158754672,0.03676
case.lis,623,1_2LT,A,1.6580015442370672,0.04127
case.lis,623,1_2LT,B,1.6715849286012228,0.03754
case.lis,623,T_OPO,A,1.7383989634086814,0.04135
case.lis,623,T_OPO,B,1.7688206022524562,0.03725
case.lis,623,T_OPO,C,1.805758850519627,0.03657
case.lis,624,T_MAN,A,1.4305069446293388,0.03472
case.lis,624,T_MAN,B,1.2592197076599483,0.03892
case.lis,624,T_MAN,C,1.4797146711396292,0.03597
case.lis,624,1_2LT,C,1.8894722969195135,0.03601
case.lis,624,1_2LT,A,1.9785850173504798,0.03458
case.lis,624,1_2LT,B,1.5886802098032429,0.03282
case.lis,624,T_OPO,A,1.7840485813431313,0.03481
case.lis,624,T_OPO,B,1.7215611349254951,0.03768
case.lis,624,T_OPO,C,1.7774338152417974,0.03614
case.lis,625,T_MAN,A,1.25986288239836,0.02491
case.lis,625,T_MAN,B,1.1764014838875725,0.03095
case.lis,625,T_MAN,C,1.1716619185814319,0.02811
case.lis,625,1_2LT,C,1.2894201212314849,0.02816
case.lis,625,1_2LT,A,1.3599632578077157,0.02485
case.lis,625,1_2LT,B,1.4027599243856332,0.03092
case.lis,625,T_OPO,A,1.51838680476051,0.02516
case.lis,625,T_OPO,B,1.64844236179522,0.03076
case.lis,625,T_OPO,C,1.408384532779538,0.02694
case.lis,626,T_MAN,A,1.5168712337034178,0.02627
case.lis,626,T_MAN,B,1.229721859829424,0.03084
case.lis,626,T_MAN,C,1.2248541405965727,0.02787
case.lis,626,1_2LT,C,1.6305064476335012,0.0277
case.lis,626,1_2LT,A,1.7801914321467558,0.02638
case.lis,626,1_2LT,B,1.4755614721726704,0.02951
case.lis,626,T_OPO,A,1.7605776689120227,0.02614
case.lis,626,T_OPO,B,1.5573248311545391,0.02935
case.lis,626,T_OPO,C,1.7422080016329864,0.02652
case.lis,627,T_MAN,A,1.2510856696575166,0.02607
case.lis,627,T_MAN,B,1.1274961172200184,0.03081
case.lis,627,T_MAN,C,1.287146090151495,0.02683
case.lis,627,1_2LT,C,1.932158470672808,0.02684
case.lis,627,1_2LT,A,1.8695932621564295,0.0262
case.lis,627,1_2LT,B,1.5151777203865917,0.03082
case.lis,627,T_OPO,A,1.7783146516147927,0.02635
case.lis,627,T_OPO,B,1.6594170061325737,0.02947
case.lis,627,T_OPO,C,1.803616061840482,0.02696
case.lis,628,T_MAN,A,1.1847340628522236,0.02468
case.lis,628,T_MAN,B,1.4737377370714522,0.02327
case.lis,628,T_MAN,C,1.20860620179806,0.02765
case.lis,628,1_2LT,C,1.3651376234724033,0.02651
case.lis,628,1_2LT,A,1.4269690353843287,0.02469
case.lis,628,1_2LT,B,1.8887080504450775,0.02337
case.lis,628,T_OPO,A,1.7248890190544655,0.02603
case.lis,628,T_OPO,B,1.8038009709168688,0.02351
case.lis,628,T_OPO,C,1.4621937751271334,0.02668
case.lis,629,T_MAN,A,1.2153895914871713,0.03349
case.lis,629,T_MAN,B,1.357355449648109,0.03066
case.lis,629,T_MAN,C,1.215569104608749,0.03578
case.lis,629,1_2LT,C,1.285346077726599,0.03689
case.lis,629,1_2LT,A,1.320242072472643,0.03245
case.lis,629,1_2LT,B,1.8745802603903192,0.03076
case.lis,629,T_OPO,A,1.5483182637095414,0.03223
case.lis,629,T_OPO,B,1.8137487686040628,0.03066
case.lis,629,T_OPO,C,1.3883060429368905,0.03652
case.lis,630,T_MAN,A,1.1692490037895933,0.04049
case.lis,630,T_MAN,B,1.1855692288577082,0.0382
case.lis,630,T_MAN,C,1.2394016525111602,0.03509
case.lis,630,1_2LT,C,1.7861746407873833,0.03505
case.lis,630,1_2LT,A,1.626341737887945,0.03594
case.lis,630,1_2LT,B,1.4061804804884759,0.03921
case.lis,630,T_OPO,A,1.7175500057687019,0.0358
case.lis,630,T_OPO,B,1.6429132121018486,0.04056
case.lis,630,T_OPO,C,1.7600867080238203,0.0366
case.lis,631,T_MAN,A,1.1801632098831172,0.02477
case.lis,631,T_MAN,B,1.2847926994861418,0.02383
case.lis,631,T_MAN,C,1.1949803509145611,0.02704
case.lis,631,1_2LT,C,1.555970978993051,0.02719
case.lis,631,1_2LT,A,1.618955155000577,0.02474
case.lis,631,1_2LT,B,1.8027849073014013,0.02393
case.lis,631,T_OPO,A,1.7353416402637627,0.02493
case.lis,631,T_OPO,B,1.7735636909040888,0.02387
case.lis,631,T_OPO,C,1.7396110741322541,0.02723
case.lis,632,T_MAN,A,1.2326051545568304,0.03401
case.lis,632,T_MAN,B,1.1790151494981231,0.03106
case.lis,632,T_MAN,C,1.5883006824817842,0.02811
case.lis,632,1_2LT,C,1.9164021672568492,0.0282
case.lis,632,1_2LT,A,1.4367091953104891,0.03266
case.lis,632,1_2LT,B,1.3493294106161862,0.03102
case.lis,632,T_OPO,A,1.5288570959468213,0.03255
case.lis,632,T_OPO,B,1.4644306291434808,0.02987
case.lis,632,T_OPO,C,1.806119128127302,0.02834
case.lis,633,T_MAN,A,1.189849303762081,0.04146
case.lis,633,T_MAN,B,1.247011626152631,0.03853
case.lis,633,T_MAN,C,1.4148667429910275,0.03772
case.lis,633,1_2LT,C,1.9542634255438112,0.03783
case.lis,633,1_2LT,A,1.6264178581254383,0.03555
case.lis,633,1_2LT,B,1.7089769695678798,0.03865
case.lis,633,T_OPO,A,1.6764444385278274,0.04085
case.lis,633,T_OPO,B,1.7350182734719597,0.03882
case.lis,633,T_OPO,C,1.8278926488990654,0.03795
case.lis,634,T_MAN,A,1.149349467948206,0.04133
case.lis,634,T_MAN,B,1.2010264117788014,0.03861
case.lis,634,T_MAN,C,1.3016190526904337,0.03549
case.lis,634,1_2LT,C,1.871365673562484,0.03545
case.lis,634,1_2LT,A,1.5349292224677618,0.04138
case.lis,634,1_2LT,B,1.7582388153749213,0.03749
case.lis,634,T_OPO,A,1.6016340513148204,0.04156
case.lis,634,T_OPO,B,1.7683751697329535,0.0376
case.lis,634,T_OPO,C,1.7733738029944,0.03559
case.lis,635,T_MAN,A,1.257512713331026,0.02445
case.lis,635,T_MAN,B,1.3573774150891487,0.02321
case.lis,635,T_MAN,C,1.1527286935221916,0.02797
case.lis,635,1_2LT,C,1.3547346308474668,0.02811
case.lis,635,1_2LT,A,1.5622179326748138,0.02582
case.lis,635,1_2LT,B,1.8410695794172722,0.02332
case.lis,635,T_OPO,A,1.5745712079661331,0.02598
case.lis,635,T_OPO,B,1.7915604515562182,0.02346
case.lis,635,T_OPO,C,1.4261175838902351,0.02827
case.lis,636,T_MAN,A,1.1762402708627315,0.0335
case.lis,636,T_MAN,B,1.2789850635000932,0.0304
case.lis,636,T_MAN,C,1.3872955527747455,0.02895
case.lis,636,1_2LT,C,1.8023267215137073,0.02892
case.lis,636,1_2LT,A,1.3699043638009532,0.03338
case.lis,636,1_2LT,B,1.6921316683972771,0.0292
case.lis,636,T_OPO,A,1.6763479947105444,0.03323
case.lis,636,T_OPO,B,1.7191896305368444,0.03054
case.lis,636,T_OPO,C,1.8071547787037285,0.02874
case.lis,637,T_MAN,A,1.1956947203067174,0.03289
case.lis,637,T_MAN,B,1.5274683387026633,0.02999
case.lis,637,T_MAN,C,1.1195954808878477,0.03585
case.lis,637,1_2LT,C,1.6746404146365275,0.02971
case.lis,637,1_2LT,A,1.3516343086876645,0.03284
case.lis,637,1_2LT,B,2.064238841999698,0.03003
case.lis,637,T_OPO,A,1.7482924376758346,0.03267
case.lis,637,T_OPO,B,1.8101838884599342,0.03018
case.lis,637,T_OPO,C,1.810167878094021,0.02967
case.lis,638,T_MAN,A,1.5541911126494317,0.03358
case.lis,638,T_MAN,B,1.2700338134668123,0.03164
case.lis,638,T_MAN,C,1.1891050524951854,0.03639
case.lis,638,1_2LT,C,1.6064737257825468,0.03621
case.lis,638,1_2LT,A,1.9804388561995794,0.03369
case.lis,638,1_2LT,B,1.82956397490171,0.03176
case.lis,638,T_OPO,A,1.8410418807742486,0.03383
case.lis,638,T_OPO,B,1.7840861932781313,0.03169
case.lis,638,T_OPO,C,1.7368742511781463,0.03634
case.lis,639,T_MAN,A,1.2787454405069358,0.02445
case.lis,639,T_MAN,B,1.1302082057562768,0.03059
case.lis,639,T_MAN,C,1.1661647274954072,0.0268
case.lis,639,1_2LT,C,1.5806007880933999,0.02675
case.lis,639,1_2LT,A,1.920763864852632,0.02459
case.lis,639,1_2LT,B,1.5052794270347984,0.03072
case.lis,639,T_OPO,A,1.7869522617748077,0.02473
case.lis,639,T_OPO,B,1.6593166307232177,0.03073
case.lis,639,T_OPO,C,1.6537409409196198,0.02693
case.lis,640,T_MAN,A,1.3264726607914659,0.02483
case.lis,640,T_MAN,B,1.1887101183027593,0.03079
case.lis,640,T_MAN,C,1.1955968742511782,0.02851
case.lis,640,1_2LT,C,1.635712487907914,0.02696
case.lis,640,1_2LT,A,1.92446967881644,0.02478
case.lis,640,1_2LT,B,1.6077696424292447,0.03094
case.lis,640,T_OPO,A,1.79240013489887,0.02493
case.lis,640,T_OPO,B,1.6916420387479254,0.02956
case.lis,640,T_OPO,C,1.7346588212323721,0.02706
case.lis,641,T_MAN,A,1.2225883010729786,0.03333
case.lis,641,T_MAN,B,1.2300453508701865,0.03109
case.lis,641,T_MAN,C,1.3189492620499303,0.02864
case.lis,641,1_2LT,C,1.9143705902713064,0.0287
case.lis,641,1_2LT,A,1.4454501539799605,0.03348
case.lis,641,1_2LT,B,1.5761455310311776,0.0311
case.lis,641,T_OPO,A,1.5786788341897637,0.03213
case.lis,641,T_OPO,B,1.685309956779112,0.02971
case.lis,641,T_OPO,C,1.810263159296041,0.02885
case.lis,642,T_MAN,A,1.4715626969124134,0.02573
case.lis,642,T_MAN,B,1.1969555454973064,0.03049
case.lis,642,T_MAN,C,1.3762980555037851,0.02666
case.lis,642,1_2LT,C,1.9366591141049194,0.02679
case.lis,642,1_2LT,A,1.8711516103552632,0.02584
case.lis,642,1_2LT,B,1.6018174072792142,0.02915
case.lis,642,T_OPO,A,1.778139283083504,0.02598
case.lis,642,T_OPO,B,1.6631061352361174,0.02908
case.lis,642,T_OPO,C,1.792065275078321,0.02691
case.lis,643,T_MAN,A,1.27954853253104,0.02588
case.lis,643,T_MAN,B,1.2068399939650505,0.03081
case.lis,643,T_MAN,C,1.5208045031372863,0.02833
case.lis,643,1_2LT,C,1.9448251107146979,0.02842
case.lis,643,1_2LT,A,1.884370279648908,0.02601
case.lis,643,1_2LT,B,1.4522843171188442,0.03078
case.lis,643,T_OPO,A,1.7855141688188363,0.02616
case.lis,643,T_OPO,B,1.6458942818853892,0.02956
case.lis,643,T_OPO,C,1.8127260044197129,0.02858
case.lis,644,T_MAN,A,1.490686120503741,0.03356
case.lis,644,T_MAN,B,1.1572017359354616,0.03897
case.lis,644,T_MAN,C,1.2123613514736813,0.03607
case.lis,644,1_2LT,C,1.711672568492239,0.0362
case.lis,644,1_2LT,A,1.880130585656345,0.03368
case.lis,644,1_2LT,B,1.1541140605447429,0.04636
case.lis,644,T_OPO,A,1.7812023571802587,0.03382
case.lis,644,T_OPO,B,1.2326643414361407,0.0465
case.lis,644,T_OPO,C,1.7437808958349974,0.03483
case.lis,645,T_MAN,A,1.228374912360109,0.02325
case.lis,645,T_MAN,B,1.4357110057953264,0.02229
case.lis,645,T_MAN,C,1.2172579585895968,0.02711
case.lis,645,1_2LT,C,1.6141350941185868,0.02187
case.lis,645,1_2LT,A,1.7946888894805506,0.02323
case.lis,645,1_2LT,B,2.1750050764574844,0.02241
case.lis,645,T_OPO,A,1.7392726998411387,0.02339
case.lis,645,T_OPO,B,1.8596474258278086,0.02254
case.lis,645,T_OPO,C,1.7773404510237227,0.02205
case.lis,646,T_MAN,A,1.320717005245081,0.02543
case.lis,646,T_MAN,B,1.1178436593093533,0.02982
case.lis,646,T_MAN,C,1.282795619336688,0.02644
case.lis,646,1_2LT,C,1.8666387550254266,0.02656
case.lis,646,1_2LT,A,1.9107304063828465,0.02556
case.lis,646,1_2LT,B,1.3795295401901009,0.03024
case.lis,646,T_OPO,A,1.7960940564622772,0.02571
case.lis,646,T_OPO,B,1.4859379465196978,0.03038
case.lis,646,T_OPO,C,1.7746892533525032,0.02794
case.lis,647,T_MAN,A,1.51115169910452,0.03336
case.lis,647,T_MAN,B,1.159429084906414,0.03893
case.lis,647,T_MAN,C,1.2048171321565182,0.03617
case.lis,647,1_2LT,C,1.581596066632942,0.03602
case.lis,647,1_2LT,A,2.143397374796986,0.03348
case.lis,647,1_2LT,B,1.5759258766207833,0.03294
case.lis,647,T_OPO,A,1.8470985471746673,0.03361
case.lis,647,T_OPO,B,1.7545931290325445,0.03312
case.lis,647,T_OPO,C,1.7546002289730822,0.03462
case.lis,648,T_MAN,A,1.3421671680999672,0.0266
case.lis,648,T_MAN,B,1.2345465356727638,0.02991
case.lis,648,T_MAN,C,1.2260048368344914,0.0275
case.lis,648,1_2LT,C,1.3704332561214798,0.02704
case.lis,648,1_2LT,A,1.7919117477391127,0.02672
case.lis,648,1_2LT,B,1.582055255287237,0.02984
case.lis,648,T_OPO,A,1.7664418647993823,0.02652
case.lis,648,T_OPO,B,1.7309299147119641,0.02974
case.lis,648,T_OPO,C,1.4570773006026074,0.02592
case.lis,649,T_MAN,A,1.1928969532380165,0.02539
case.lis,649,T_MAN,B,1.2741293786664536,0.02156
case.lis,649,T_MAN,C,1.284711076794732,0.0207
case.lis,649,1_2LT,C,1.870912874854673,0.02065
case.lis,649,1_2LT,A,1.5302735252092263,0.024
case.lis,649,1_2LT,B,1.5325979569921102,0.0216
case.lis,649,T_OPO,A,1.7339921190660028,0.02417
case.lis,649,T_OPO,B,1.71187436655218,0.02179
case.lis,649,T_OPO,C,1.7956288328585248,0.02072
case.lis,650,T_MAN,A,1.1563012771018042,0.03316
case.lis,650,T_MAN,B,1.3154437019089966,0.02965
case.lis,650,T_MAN,C,1.4013100987779228,0.02836
case.lis,650,1_2LT,C,1.9264519910895748,0.02848
case.lis,650,1_2LT,A,1.2823836009123422,0.0333
case.lis,650,1_2LT,B,1.7156031843233313,0.03099
case.lis,650,T_OPO,A,1.3976061662983572,0.03344
case.lis,650,T_OPO,B,1.725487810289589,0.02963
case.lis,650,T_OPO,C,1.7844961438447953,0.02863
case.lis,651,T_MAN,A,1.1926942233108797,0.0332
case.lis,651,T_MAN,B,1.2327429732775987,0.0303
case.lis,651,T_MAN,C,1.2057127630306097,0.0273
case.lis,651,1_2LT,C,1.5311382802169031,0.02762
case.lis,651,1_2LT,A,1.7161370998517886,0.02733
case.lis,651,1_2LT,B,1.647307791297248,0.03037
case.lis,651,T_OPO,A,1.7425526948711803,0.02709
case.lis,651,T_OPO,B,1.721484420067982,0.03171
case.lis,651,T_OPO,C,1.6551868260603317,0.02628
case.lis,652,T_MAN,A,1.1229103455008564,0.03319
case.lis,652,T_MAN,B,1.301957808603353,0.03048
case.lis,652,T_MAN,C,1.4402356381515307,0.02793
case.lis,652,1_2LT,C,1.9979278468542827,0.02796
case.lis,652,1_2LT,A,1.4794231298312877,0.02743
case.lis,652,1_2LT,B,1.6804293689040353,0.03055
case.lis,652,T_OPO,A,1.5012253609876018,0.02757
case.lis,652,T_OPO,B,1.7733978540429722,0.0307
case.lis,652,T_OPO,C,1.8257660747091244,0.02818
case.lis,653,T_MAN,A,1.2396116332525715,0.04122
case.lis,653,T_MAN,B,1.2750966124408707,0.03851
case.lis,653,T_MAN,C,1.462151725729297,0.03653
case.lis,653,1_2LT,C,1.838358493747615,0.03664
case.lis,653,1_2LT,A,1.5857227916966194,0.03563
case.lis,653,1_2LT,B,1.6546556351340558,0.0373
case.lis,653,T_OPO,A,1.69691019462712,0.04128
case.lis,653,T_OPO,B,1.7675887625691133,0.03869
case.lis,653,T_OPO,C,1.813625495886472,0.03659
case.lis,654,T_MAN,A,1.2474018300096739,0.03371
case.lis,654,T_MAN,B,1.2990473654783141,0.03002
case.lis,654,T_MAN,C,1.1379282373510122,0.03642
case.lis,654,1_2LT,C,1.4347763962476814,0.0363
case.lis,654,1_2LT,A,1.771623596652378,0.03245
case.lis,654,1_2LT,B,1.9124771692537075,0.03
case.lis,654,T_OPO,A,1.7735615786717787,0.03235
case.lis,654,T_OPO,B,1.7922077265102905,0.03014
case.lis,654,T_OPO,C,1.5476419499986689,0.03051
case.lis,655,T_MAN,A,1.167975096958563,0.04137
case.lis,655,T_MAN,B,1.2212059337753045,0.03769
case.lis,655,T_MAN,C,1.3634240350737064,0.03769
case.lis,655,1_2LT,C,1.817137658972106,0.03779
case.lis,655,1_2LT,A,1.4424109623081907,0.04101
case.lis,655,1_2LT,B,1.3155833932390815,0.04025
case.lis,655,T_OPO,A,1.6498685623507903,0.0412
case.lis,655,T_OPO,B,1.4941201132440516,0.03893
case.lis,655,T_OPO,C,1.768521348633705,0.03794
case.lis,656,T_MAN,A,1.1997432484002946,0.04222
case.lis,656,T_MAN,B,1.2459645357970128,0.03842
case.lis,656,T_MAN,C,1.335449736858454,0.03756
case.lis,656,1_2LT,C,1.9137755708795938,0.03762
case.lis,656,1_2LT,A,1.5650329703488732,0.04086
case.lis,656,1_2LT,B,1.664109099461292,0.03708
case.lis,656,T_OPO,A,1.6725571323340167,0.04103
case.lis,656,T_OPO,B,1.7834008448929242,0.03725
case.lis,656,T_OPO,C,1.7905845026047906,0.03757
case.lis,657,T_MAN,A,1.0679001038366303,0.02448
case.lis,657,T_MAN,B,1.5419709168685714,0.02127
case.lis,657,T_MAN,C,1.3704184527454584,0.02126
case.lis,657,1_2LT,C,1.7320987424230323,0.02137
case.lis,657,1_2LT,A,1.1345909990503829,0.02586
case.lis,657,1_2LT,B,1.8833664190562405,0.02137
case.lis,657,T_OPO,A,1.182548612405371,0.02454
case.lis,657,T_OPO,B,1.785154929577465,0.02151
case.lis,657,T_OPO,C,1.7529530427682667,0.02151
case.lis,658,T_MAN,A,1.1713375489230278,0.03338
case.lis,658,T_MAN,B,1.2790257106596732,0.03065
case.lis,658,T_MAN,C,1.4778447243004338,0.02815
case.lis,658,1_2LT,C,1.8742563522280502,0.02827
case.lis,658,1_2LT,A,1.1570659673225236,0.03342
case.lis,658,1_2LT,B,1.7391234235913273,0.03075
case.lis,658,T_OPO,A,1.2945725835796125,0.03325
case.lis,658,T_OPO,B,1.766664625433762,0.03083
case.lis,658,T_OPO,C,1.7749387630128597,0.0284
case.lis,659,T_MAN,A,1.561633057323145,0.03285
case.lis,659,T_MAN,B,1.21194754031435,0.03862
case.lis,659,T_MAN,C,1.1858944593839027,0.03631
case.lis,659,1_2LT,C,1.3741775162633014,0.03635
case.lis,659,1_2LT,A,1.8924783141191193,0.0328
case.lis,659,1_2LT,B,1.499247388553121,0.03863
case.lis,659,T_OPO,A,1.8121968369764903,0.03255
case.lis,659,T_OPO,B,1.6999051181696354,0.03876
case.lis,659,T_OPO,C,1.4991434809233473,0.03502
case.lis,660,T_MAN,A,1.2928003940466999,0.02642
case.lis,660,T_MAN,B,1.2126053231804184,0.03039
case.lis,660,T_MAN,C,1.315056826149081,0.02785
case.lis,660,1_2LT,C,1.5787354828403313,0.02648
case.lis,660,1_2LT,A,1.8617381541929587,0.02635
case.lis,660,1_2LT,B,1.4018515757430532,0.02929
case.lis,660,T_OPO,A,1.8169336244308953,0.02613
case.lis,660,T_OPO,B,1.5020265892773148,0.03065
case.lis,660,T_OPO,C,1.680784747552739,0.02648
case.lis,661,T_MAN,A,1.3297818632018958,0.03295
case.lis,661,T_MAN,B,1.3065181004109092,0.03027
case.lis,661,T_MAN,C,1.171822909733131,0.03595
case.lis,661,1_2LT,C,1.363715753880561,0.03607
case.lis,661,1_2LT,A,1.5744562599288232,0.0316
case.lis,661,1_2LT,B,1.9136624155772695,0.03023
case.lis,661,T_OPO,A,1.6964021317571465,0.03294
case.lis,661,T_OPO,B,1.7940364936943654,0.03037
case.lis,661,T_OPO,C,1.519234271412977,0.03744
case.lis,662,T_MAN,A,1.246546526797838,0.03455
case.lis,662,T_MAN,B,1.2423546864045014,0.03876
case.lis,662,T_MAN,C,1.3561762382740044,0.03614
case.lis,662,1_2LT,C,1.6323795450713101,0.03496
case.lis,662,1_2LT,A,1.8208360889977546,0.03469
case.lis,662,1_2LT,B,1.49723239880366,0.03766
case.lis,662,T_OPO,A,1.8188569095733822,0.03453
case.lis,662,T_OPO,B,1.655007126565315,0.03757
case.lis,662,T_OPO,C,1.708801441287929,0.03504
case.lis,663,T_MAN,A,1.2492541867461862,0.03502
case.lis,663,T_MAN,B,1.134100890155045,0.03827
case.lis,663,T_MAN,C,1.276057314269993,0.035
case.lis,663,1_2LT,C,1.7904417937999768,0.03604
case.lis,663,1_2LT,A,1.8889302608340655,0.03506
case.lis,663,1_2LT,B,1.2523708210193738,0.03851
case.lis,663,T_OPO,A,1.764056231529061,0.03522
case.lis,663,T_OPO,B,1.4499105584990724,0.03971
case.lis,663,T_OPO,C,1.788824427345421,0.03621
case.lis,664,T_MAN,A,1.2479860308669914,0.03308
case.lis,664,T_MAN,B,1.293080841697951,0.02911
case.lis,664,T_MAN,C,1.3126845230171196,0.02846
case.lis,664,1_2LT,C,1.8869686271377477,0.02842
case.lis,664,1_2LT,A,1.4975333386582887,0.03171
case.lis,664,1_2LT,B,1.8927756330040735,0.02922
case.lis,664,T_OPO,A,1.629258384586029,0.03282
case.lis,664,T_OPO,B,1.7838909449133364,0.02937
case.lis,664,T_OPO,C,1.7901638488777656,0.02856
case.lis,665,T_MAN,A,1.1829962814061432,0.03289
case.lis,665,T_MAN,B,1.1531348012460396,0.03027
case.lis,665,T_MAN,C,1.2548148158009176,0.0283
case.lis,665,1_2LT,C,1.9832668778898976,0.02825
case.lis,665,1_2LT,A,1.4564631113714424,0.03276
case.lis,665,1_2LT,B,1.585231857433194,0.0289
case.lis,665,T_OPO,A,1.614191858143188,0.03289
case.lis,665,T_OPO,B,1.754294132786638,0.02891
case.lis,665,T_OPO,C,1.8477413225414236,0.02841
case.lis,666,T_MAN,A,1.5236773254523994,0.02605
case.lis,666,T_MAN,B,1.1260723128943795,0.03075
case.lis,666,T_MAN,C,1.2503356319390826,0.02748
case.lis,666,1_2LT,C,1.4181944407465588,0.02862
case.lis,666,1_2LT,A,1.9619506199135581,0.02616
case.lis,666,1_2LT,B,1.3081129245542569,0.03095
case.lis,666,T_OPO,A,1.8176682907780648,0.02631
case.lis,666,T_OPO,B,1.4332132555889845,0.02959
case.lis,666,T_OPO,C,1.6392135307116802,0.02716
case.lis,667,T_MAN,A,1.3882358422748209,0.02464
case.lis,667,T_MAN,B,1.300786247415178,0.02273
case.lis,667,T_MAN,C,1.1625529433690993,0.02762
case.lis,667,1_2LT,C,1.3384395750685587,0.02698
case.lis,667,1_2LT,A,2.0533358183125214,0.02461
case.lis,667,1_2LT,B,1.897025071665025,0.02286
case.lis,667,T_OPO,A,1.8307627111122944,0.02475
case.lis,667,T_OPO,B,1.7998774727761655,0.023
case.lis,667,T_OPO,C,1.508967588771444,0.02881
case.lis,668,T_MAN,A,1.2739796320455816,0.03324
case.lis,668,T_MAN,B,1.1515192985258749,0.03081
case.lis,668,T_MAN,C,1.3330088394259698,0.02698
case.lis,668,1_2LT,C,1.8420655590759427,0.02711
case.lis,668,1_2LT,A,1.764096665690425,0.0274
case.lis,668,1_2LT,B,1.3171684549641896,0.03046
case.lis,668,T_OPO,A,1.6625662735074596,0.02723
case.lis,668,T_OPO,B,1.4658245249696034,0.03061
case.lis,668,T_OPO,C,1.8184305048945215,0.02846
case.lis,669,T_MAN,A,1.257649209687869,0.04238
case.lis,669,T_MAN,B,1.2212373687620368,0.03809
case.lis,669,T_MAN,C,1.58062896598241,0.03648
case.lis,669,1_2LT,C,1.7631395937059027,0.0366
case.lis,669,1_2LT,A,1.7694447846499286,0.03514
case.lis,669,1_2LT,B,1.4724106960604206,0.03945
case.lis,669,T_OPO,A,1.744988640095139,0.03529
case.lis,669,T_OPO,B,1.6450075259369703,0.03926
case.lis,669,T_OPO,C,1.7849800757918652,0.03634
case.lis,670,T_MAN,A,1.3393618040948907,0.03343
case.lis,670,T_MAN,B,1.2019490490517142,0.03814
case.lis,670,T_MAN,C,1.2359309353284165,0.03549
case.lis,670,1_2LT,C,1.6581044933748679,0.03431
case.lis,670,1_2LT,A,1.8140103215385572,0.03347
case.lis,670,1_2LT,B,1.6684128615422846,0.03676
case.lis,670,T_OPO,A,1.7597226763225857,0.03362
case.lis,670,T_OPO,B,1.760876132662389,0.03311
case.lis,670,T_OPO,C,1.6884517692164327,0.03446
case.lis,671,T_MAN,A,1.1865123317092219,0.02482
case.lis,671,T_MAN,B,1.5372996352405548,0.02241
case.lis,671,T_MAN,C,1.1952945232833676,0.02714
case.lis,671,1_2LT,C,1.58103338747038,0.02726
case.lis,671,1_2LT,A,1.2973843819058015,0.02497
case.lis,671,1_2LT,B,1.9886952528022577,0.02249
case.lis,671,T_OPO,A,1.4226827125322825,0.02364
case.lis,671,T_OPO,B,1.8042258047338853,0.02263
case.lis,671,T_OPO,C,1.6945126778313233,0.0259
case.lis,672,T_MAN,A,1.3128641692625824,0.03389
case.lis,672,T_MAN,B,1.1457242738092068,0.03861
case.lis,672,T_MAN,C,1.2141323428916284,0.03466
case.lis,672,1_2LT,C,1.8724764592596537,0.03467
case.lis,672,1_2LT,A,1.9044440036564694,0.03402
case.lis,672,1_2LT,B,1.588204247539427,0.03865
case.lis,672,T_OPO,A,1.794033520594265,0.03417
case.lis,672,T_OPO,B,1.6424583632862073,0.03862
case.lis,672,T_OPO,C,1.775368708787064,0.03486
case.lis,673,T_MAN,A,1.489438483452701,0.02469
case.lis,673,T_MAN,B,1.199514630314971,0.02349
case.lis,673,T_MAN,C,1.140827027698643,0.02723
case.lis,673,1_2LT,C,1.2607531528173452,0.02815
case.lis,673,1_2LT,A,1.9473150687362992,0.02465
case.lis,673,1_2LT,B,1.842098822297363,0.02362
case.lis,673,T_OPO,A,1.809787356780887,0.02459
case.lis,673,T_OPO,B,1.774251834890883,0.02376
case.lis,673,T_OPO,C,1.351680342927128,0.0283
case.lis,674,T_MAN,A,1.2822285115862155,0.03519
case.lis,674,T_MAN,B,1.2240806375746602,0.03841
case.lis,674,T_MAN,C,1.1706897592232666,0.03521
case.lis,674,1_2LT,C,1.4266185645695217,0.03561
case.lis,674,1_2LT,A,1.8172325496773964,0.0353
case.lis,674,1_2LT,B,1.5472488884155595,0.03842
case.lis,674,T_OPO,A,1.7932331354224909,0.03543
case.lis,674,T_OPO,B,1.7332244646201087,0.03827
case.lis,674,T_OPO,C,1.5708349530072685,0.03444
case.lis,675,T_MAN,A,1.6163806544370192,0.03421
case.lis,675,T_MAN,B,1.2085273658333113,0.03877
case.lis,675,T_MAN,C,1.262846809907967,0.03581
case.lis,675,1_2LT,C,1.6744513077202978,0.03564
case.lis,675,1_2LT,A,1.959279169661954,0.03432
case.lis,675,1_2LT,B,1.6010616984832753,0.03745
case.lis,675,T_OPO,A,1.7768715265759651,0.03446
case.lis,675,T_OPO,B,1.6463837340362273,0.03286
case.lis,675,T_OPO,C,1.7230895391251098,0.03699
case.lis,676,T_MAN,A,1.2682769331806847,0.02695
case.lis,676,T_MAN,B,1.1822390549979143,0.02982
case.lis,676,T_MAN,C,1.5132316888096062,0.02702
case.lis,676,1_2LT,C,1.8029841316328976,0.0269
case.lis,676,1_2LT,A,1.6653679100437535,0.02707
case.lis,676,1_2LT,B,1.3109739343432998,0.03016
case.lis,676,T_OPO,A,1.6778706390833975,0.02721
case.lis,676,T_OPO,B,1.5132461815632294,0.03005
case.lis,676,T_OPO,C,1.774752913194352,0.02672
case.lis,677,T_MAN,A,1.2526150855986582,0.02653
case.lis,677,T_MAN,B,1.1943846570284973,0.02978
case.lis,677,T_MAN,C,1.1984971200866192,0.02746
case.lis,677,1_2LT,C,1.6110782235948775,0.02747
case.lis,677,1_2LT,A,1.7825567773369897,0.02664
case.lis,677,1_2LT,B,1.678560753303691,0.02978
case.lis,677,T_OPO,A,1.765731693247069,0.02677
case.lis,677,T_OPO,B,1.6951994639544894,0.02989
case.lis,677,T_OPO,C,1.7154176273773707,0.02765
case.lis,678,T_MAN,A,1.2361564471897548,0.0249
case.lis,678,T_MAN,B,1.1727702192994134,0.03071
case.lis,678,T_MAN,C,1.2194377024592418,0.02787
case.lis,678,1_2LT,C,1.4338494280110405,0.02779
case.lis,678,1_2LT,A,1.6869865189879034,0.02366
case.lis,678,1_2LT,B,1.598954746753996,0.02467
case.lis,678,T_OPO,A,1.7439522706497332,0.02379
case.lis,678,T_OPO,B,1.7242550653638276,0.02473
case.lis,678,T_OPO,C,1.5630295801272664,0.02763
case.lis,679,T_MAN,A,1.173905943537723,0.02434
case.lis,679,T_MAN,B,1.4401677627199871,0.02292
case.lis,679,T_MAN,C,1.223663294194911,0.02771
case.lis,679,1_2LT,C,1.3601829920924413,0.02781
case.lis,679,1_2LT,A,1.5482495096603566,0.02436
case.lis,679,1_2LT,B,1.7978438013081641,0.02305
case.lis,679,T_OPO,A,1.7020085731781995,0.02419
case.lis,679,T_OPO,B,1.7724504557274332,0.02288
case.lis,679,T_OPO,C,1.485574118941754,0.02496
case.lis,680,T_MAN,A,1.1044585851593494,0.04191
case.lis,680,T_MAN,B,1.2820923968511764,0.03934
case.lis,680,T_MAN,C,1.4754963302182345,0.03683
case.lis,680,1_2LT,C,1.8948733991852817,0.03692
case.lis,680,1_2LT,A,1.1996481091970854,0.04067
case.lis,680,1_2LT,B,1.6198676659832973,0.03944
case.lis,680,T_OPO,A,1.3144052468560574,0.04177
case.lis,680,T_OPO,B,1.7306048528093578,0.0396
case.lis,680,T_OPO,C,1.8002706852330113,0.03708
case.lis,681,T_MAN,A,1.3532870949705795,0.02655
case.lis,681,T_MAN,B,1.1195800385171775,0.03011
case.lis,681,T_MAN,C,1.2057656043380638,0.02743
case.lis,681,1_2LT,C,1.545054740541548,0.02747
case.lis,681,1_2LT,A,1.854578662903698,0.02651
case.lis,681,1_2LT,B,1.6783387026633654,0.02423
case.lis,681,T_OPO,A,1.8086789673136487,0.02679
case.lis,681,T_OPO,B,1.7095511506341134,0.02416
case.lis,681,T_OPO,C,1.646088829131056,0.02748
case.lis,682,T_MAN,A,1.1809902730814628,0.03346
case.lis,682,T_MAN,B,1.2309907967020777,0.0308
case.lis,682,T_MAN,C,1.2239312903254433,0.02679
case.lis,682,1_2LT,C,1.7389776618120822,0.02675
case.lis,682,1_2LT,A,1.5714040132413891,0.02764
case.lis,682,1_2LT,B,1.6496090595241264,0.03065
case.lis,682,T_OPO,A,1.7011786788785643,0.02745
case.lis,682,T_OPO,B,1.7657503305909814,0.0294
case.lis,682,T_OPO,C,1.72325450624351,0.02812
case.lis,683,T_MAN,A,1.294973064600584,0.02374
case.lis,683,T_MAN,B,1.3146156180941984,0.02367
case.lis,683,T_MAN,C,1.1556185734444475,0.0277
case.lis,683,1_2LT,C,1.313120592490038,0.02771
case.lis,683,1_2LT,A,1.8327538006869193,0.02381
case.lis,683,1_2LT,B,1.9148857974564464,0.02221
case.lis,683,T_OPO,A,1.7393909138510966,0.02394
case.lis,683,T_OPO,B,1.800696548541406,0.02235
case.lis,683,T_OPO,C,1.4703342829503803,0.02799
case.lis,684,T_MAN,A,1.1533168259715825,0.02338
case.lis,684,T_MAN,B,1.2873674662974697,0.02168
case.lis,684,T_MAN,C,1.121533738029944,0.02767
case.lis,684,1_2LT,C,1.3144018655093763,0.02771
case.lis,684,1_2LT,A,1.6925919220426529,0.02334
case.lis,684,1_2LT,B,1.8897899748839602,0.02164
case.lis,684,T_OPO,A,1.763387292881422,0.02352
case.lis,684,T_OPO,B,1.785169910452,0.02178
case.lis,684,T_OPO,C,1.4197555490472769,0.02906
case.lis,685,T_MAN,A,1.279889684673891,0.02476
case.lis,685,T_MAN,B,1.3484989838210106,0.02227
case.lis,685,T_MAN,C,1.148884581591629,0.02754
case.lis,685,1_2LT,C,1.318915421958341,0.0287
case.lis,685,1_2LT,A,1.5506013649635684,0.02619
case.lis,685,1_2LT,B,1.8756364564196775,0.02237
case.lis,685,T_OPO,A,1.720142353807787,0.02504
case.lis,685,T_OPO,B,1.8114178226257354,0.02227
case.lis,685,T_OPO,C,1.485106987228982,0.02292
case.lis,686,T_MAN,A,1.204519023403179,0.02518
case.lis,686,T_MAN,B,1.4611252429510904,0.02275
case.lis,686,T_MAN,C,1.2210759782386824,0.02756
case.lis,686,1_2LT,C,1.5080028754759178,0.02764
case.lis,686,1_2LT,A,1.474010135165118,0.02532
case.lis,686,1_2LT,B,1.85819564773645,0.02285
case.lis,686,T_OPO,A,1.67707251701767,0.024
case.lis,686,T_OPO,B,1.8126247503927155,0.02288
case.lis,686,T_OPO,C,1.7208023199055706,0.0278
case.lis,687,T_MAN,A,1.5130349583322238,0.02461
case.lis,687,T_MAN,B,1.156437427336546,0.03016
case.lis,687,T_MAN,C,1.1627732012744394,0.02735
case.lis,687,1_2LT,C,1.4526034416961757,0.02742
case.lis,687,1_2LT,A,2.1258941931361326,0.02465
case.lis,687,1_2LT,B,1.7690270951480782,0.02412
case.lis,687,T_OPO,A,1.8520515278184544,0.02479
case.lis,687,T_OPO,B,1.7756649538060119,0.0243
case.lis,687,T_OPO,C,1.681160645029598,0.02882
case.lis,688,T_MAN,A,1.4079249536285134,0.02507
case.lis,688,T_MAN,B,1.3235430655768257,0.02381
case.lis,688,T_MAN,C,1.1049947549189276,0.02734
case.lis,688,1_2LT,C,1.2770461407385714,0.02871
case.lis,688,1_2LT,A,1.662240474986022,0.02642
case.lis,688,1_2LT,B,1.768027183897335,0.02392
case.lis,688,T_OPO,A,1.7363555117725888,0.02626
case.lis,688,T_OPO,B,1.7640683546775295,0.02405
case.lis,688,T_OPO,C,1.269339847528777,0.02887
case.lis,689,T_MAN,A,1.180539506731631,0.02513
case.lis,689,T_MAN,B,1.5355373944993211,0.02266
case.lis,689,T_MAN,C,1.170736494581858,0.02705
case.lis,689,1_2LT,C,1.3692810688960482,0.02589
case.lis,689,1_2LT,A,1.5138676038588177,0.02527
case.lis,689,1_2LT,B,2.055821338871287,0.02277
case.lis,689,T_OPO,A,1.759651836665868,0.02539
case.lis,689,T_OPO,B,1.8366575876177038,0.0229
case.lis,689,T_OPO,C,1.6889864834882007,0.02241
case.lis,690,T_MAN,A,1.282270694107937,0.03282
case.lis,690,T_MAN,B,1.3475475917889188,0.03193
case.lis,690,T_MAN,C,1.264887244069331,0.03672
case.lis,690,1_2LT,C,1.5714204318538831,0.03676
case.lis,690,1_2LT,A,1.5976994861418035,0.03285
case.lis,690,1_2LT,B,1.8761087888388934,0.03204
case.lis,690,T_OPO,A,1.7418698492150129,0.03304
case.lis,690,T_OPO,B,1.7787549366774051,0.03207
case.lis,690,T_OPO,C,1.7442876540908971,0.03547
case.lis,691,T_MAN,A,1.1524953628513361,0.02459
case.lis,691,T_MAN,B,1.4637466741216043,0.02334
case.lis,691,T_MAN,C,1.1546885256085981,0.02811
case.lis,691,1_2LT,C,1.4992980022542313,0.02672
case.lis,691,1_2LT,A,1.528587644328479,0.02436
case.lis,691,1_2LT,B,2.0425954098884422,0.02344
case.lis,691,T_OPO,A,1.7695128553298365,0.02454
case.lis,691,T_OPO,B,1.8281742591655794,0.02358
case.lis,691,T_OPO,C,1.645739662930323,0.02673
case.lis,692,T_MAN,A,1.2611655439885692,0.02425
case.lis,692,T_MAN,B,1.1390728365149942,0.03023
case.lis,692,T_MAN,C,1.2002050817824401,0.02737
case.lis,692,1_2LT,C,1.6280105522866246,0.02616
case.lis,692,1_2LT,A,1.9303548195283864,0.02418
case.lis,692,1_2LT,B,1.5864228902082946,0.02472
case.lis,692,T_OPO,A,1.8497133399007784,0.02435
case.lis,692,T_OPO,B,1.7517652848407395,0.02485
case.lis,692,T_OPO,C,1.7894734506598506,0.02627
case.lis,693,T_MAN,A,1.4425792308989411,0.03385
case.lis,693,T_MAN,B,1.2041387328381123,0.0318
case.lis,693,T_MAN,C,1.186209607994533,0.03597
case.lis,693,1_2LT,C,1.5485690069845663,0.03649
case.lis,693,1_2LT,A,1.8597644417228008,0.03384
case.lis,693,1_2LT,B,1.8442843703683982,0.03193
case.lis,693,T_OPO,A,1.8075106809730468,0.03411
case.lis,693,T_OPO,B,1.7754224908366392,0.03207
case.lis,693,T_OPO,C,1.7712644994098175,0.03505
case.lis,694,T_MAN,A,1.1587201469687691,0.04083
case.lis,694,T_MAN,B,1.2820486612174622,0.0392
case.lis,694,T_MAN,C,1.3519963257807717,0.03759
case.lis,694,1_2LT,C,1.8362795424088323,0.03773
case.lis,694,1_2LT,A,1.357668823273605,0.04092
case.lis,694,1_2LT,B,1.7122752646946582,0.03903
case.lis,694,T_OPO,A,1.3887969150758364,0.0381
case.lis,694,T_OPO,B,1.7478137064352086,0.03775
case.lis,694,T_OPO,C,1.7325600610594887,0.03757
case.lis,695,T_MAN,A,1.1912262129804663,0.03341
case.lis,695,T_MAN,B,1.5657809490845513,0.03081
case.lis,695,T_MAN,C,1.1706310072153145,0.0352
case.lis,695,1_2LT,C,1.3700283110128952,0.03557
case.lis,695,1_2LT,A,1.5673082794181599,0.03342
case.lis,695,1_2LT,B,2.081507051128447,0.03092
case.lis,695,T_OPO,A,1.7623644310728899,0.03358
case.lis,695,T_OPO,B,1.8358163600379847,0.03106
case.lis,695,T_OPO,C,1.7363063091846604,0.03056
case.lis,696,T_MAN,A,1.4097539870603584,0.0259
case.lis,696,T_MAN,B,1.1873728445024272,0.0306
case.lis,696,T_MAN,C,1.286601782085075,0.0268
case.lis,696,1_2LT,C,1.3586131242400845,0.02685
case.lis,696,1_2LT,A,1.828788306397934,0.026
case.lis,696,1_2LT,B,1.428798601311714,0.03059
case.lis,696,T_OPO,A,1.811308164044126,0.02589
case.lis,696,T_OPO,B,1.6378046096363943,0.02943
case.lis,696,T_OPO,C,1.6244390336980927,0.02702
case.lis,697,T_MAN,A,1.4393778322106554,0.0327
case.lis,697,T_MAN,B,1.118102319018078,0.03952
case.lis,697,T_MAN,C,1.2262411139806706,0.03672
case.lis,697,1_2LT,C,1.6319760022009815,0.03529
case.lis,697,1_2LT,A,2.1025334717821735,0.03276
case.lis,697,1_2LT,B,1.8761943431223764,0.0322
case.lis,697,T_OPO,A,1.837577207415888,0.03289
case.lis,697,T_OPO,B,1.838145850528502,0.03238
case.lis,697,T_OPO,C,1.6903807343113502,0.03536
case.lis,698,T_MAN,A,1.1320610239889242,0.04271
case.lis,698,T_MAN,B,1.174262396052433,0.03978
case.lis,698,T_MAN,C,1.5267210699610392,0.03682
case.lis,698,1_2LT,C,1.8529706151210985,0.03692
case.lis,698,1_2LT,A,1.4287891051412445,0.04012
case.lis,698,1_2LT,B,1.502983359514364,0.03823
case.lis,698,T_OPO,A,1.5770982543021204,0.04026
case.lis,698,T_OPO,B,1.7411808266105773,0.03958
case.lis,698,T_OPO,C,1.776916673322861,0.03705
case.lis,699,T_MAN,A,1.1897539870603584,0.04153
case.lis,699,T_MAN,B,1.2928085234786157,0.03772
case.lis,699,T_MAN,C,1.3531240625859757,0.03655
case.lis,699,1_2LT,C,1.8455120388366748,0.03529
case.lis,699,1_2LT,A,1.5167972966976402,0.03614
case.lis,699,1_2LT,B,1.707511488591283,0.03915
case.lis,699,T_OPO,A,1.6642491812881068,0.03593
case.lis,699,T_OPO,B,1.7574250911898612,0.03919
case.lis,699,T_OPO,C,1.7661094100836905,0.03543
case.lis,700,T_MAN,A,1.1711331505098643,0.04172
case.lis,700,T_MAN,B,1.2642155719445851,0.03945
case.lis,700,T_MAN,C,1.3791231573435572,0.03702
case.lis,700,1_2LT,C,1.8362146667021664,0.03711
case.lis,700,1_2LT,A,1.3271135191742771,0.0419
case.lis,700,1_2LT,B,1.5684089388251374,0.03958
case.lis,700,T_OPO,A,1.498613736609956,0.04193
case.lis,700,T_OPO,B,1.7361188973792343,0.03825
case.lis,700,T_OPO,C,1.8039292845922414,0.03702
case.lis,701,T_MAN,A,1.19773724895054,0.03314
case.lis,701,T_MAN,B,1.1709316630723219,0.03911
case.lis,701,T_MAN,C,1.1807568536613506,0.03674
case.lis,701,1_2LT,C,1.5005522866245997,0.03536
case.lis,701,1_2LT,A,1.58079003700844,0.03306
case.lis,701,1_2LT,B,1.4749637725534048,0.03911
case.lis,701,T_OPO,A,1.7408334087702015,0.03434
case.lis,701,T_OPO,B,1.6764284281619142,0.039
case.lis,701,T_OPO,C,1.6845326907887146,0.03653
case.lis,702,T_MAN,A,1.2954987619478686,0.03304
case.lis,702,T_MAN,B,1.162847218154548,0.03899
case.lis,702,T_MAN,C,1.1488542470956806,0.03521
case.lis,702,1_2LT,C,1.4028988169724077,0.04373
case.lis,702,1_2LT,A,1.9230659673225237,0.03301
case.lis,702,1_2LT,B,1.6126388703994603,0.03763
case.lis,702,T_OPO,A,1.7895414325905021,0.03315
case.lis,702,T_OPO,B,1.6697566939126884,0.0376
case.lis,702,T_OPO,C,1.5685379447447128,0.0351
case.lis,703,T_MAN,A,1.4243166750978462,0.0257
case.lis,703,T_MAN,B,1.2832642331620472,0.02294
case.lis,703,T_MAN,C,1.2349538148868004,0.02779
case.lis,703,1_2LT,C,1.8111643902482317,0.0264
case.lis,703,1_2LT,A,1.6952793382855418,0.02565
case.lis,703,1_2LT,B,1.8853864586384088,0.02307
case.lis,703,T_OPO,A,1.8020259680325177,0.02558
case.lis,703,T_OPO,B,1.7954209998491262,0.02321
case.lis,703,T_OPO,C,1.782012114273543,0.0265
case.lis,704,T_MAN,A,1.261837730859004,0.04151
case.lis,704,T_MAN,B,1.1546601080965948,0.03885
case.lis,704,T_MAN,C,1.3447685863130896,0.03524
case.lis,704,1_2LT,C,1.8079917818188271,0.03534
case.lis,704,1_2LT,A,1.8007927527356957,0.03567
case.lis,704,1_2LT,B,1.4096148016010366,0.03901
case.lis,704,T_OPO,A,1.736355778020359,0.03582
case.lis,704,T_OPO,B,1.5878789992633813,0.03887
case.lis,704,T_OPO,C,1.8264937831145664,0.03673
case.lis,705,T_MAN,A,1.2582428534661023,0.02523
case.lis,705,T_MAN,B,1.2182822936357909,0.02201
case.lis,705,T_MAN,C,1.199303584582479,0.02796
case.lis,705,1_2LT,C,1.598707899571341,0.02211
case.lis,705,1_2LT,A,1.495542213583961,0.02533
case.lis,705,1_2LT,B,1.6950418807742484,0.02093
case.lis,705,T_OPO,A,1.6303477195878484,0.02645
case.lis,705,T_OPO,B,1.7455425242063598,0.02107
case.lis,705,T_OPO,C,1.700309495282977,0.02545
case.lis,706,T_MAN,A,1.2810187349680946,0.03275
case.lis,706,T_MAN,B,1.364359629738101,0.03166
case.lis,706,T_MAN,C,1.170981655528635,0.03606
case.lis,706,1_2LT,C,1.2058719170726946,0.0359
case.lis,706,1_2LT,A,1.5875454351819802,0.03293
case.lis,706,1_2LT,B,1.8519417449878857,0.03159
case.lis,706,T_OPO,A,1.735793941975736,0.033
case.lis,706,T_OPO,B,1.8199674290227819,0.03137
case.lis,706,T_OPO,C,1.3408125881945738,0.03574
case.lis,707,T_MAN,A,1.1788723341942011,0.03355
case.lis,707,T_MAN,B,1.163011972274732,0.0293
case.lis,707,T_MAN,C,1.1854490268644,0.03527
case.lis,707,1_2LT,C,1.5372520833888017,0.03031
case.lis,707,1_2LT,A,1.375334558073076,0.03338
case.lis,707,1_2LT,B,1.6934849170638195,0.02926
case.lis,707,T_OPO,A,1.573259662575326,0.03331
case.lis,707,T_OPO,B,1.7453063180595862,0.0294
case.lis,707,T_OPO,C,1.6813153083592924,0.03023
case.lis,708,T_MAN,A,1.2730424132697888,0.02673
case.lis,708,T_MAN,B,1.187647523451991,0.03005
case.lis,708,T_MAN,C,1.31193117495141,0.02763
case.lis,708,1_2LT,C,1.4009072836514993,0.02766
case.lis,708,1_2LT,A,1.7437463723741313,0.02671
case.lis,708,1_2LT,B,1.5507675923214144,0.02996
case.lis,708,T_OPO,A,1.7650911898612849,0.02671
case.lis,708,T_OPO,B,1.7349321511932339,0.02992
case.lis,708,T_OPO,C,1.5558020625327262,0.02608
case.lis,709,T_MAN,A,1.21060864240262,0.02461
case.lis,709,T_MAN,B,1.2458430558144076,0.02219
case.lis,709,T_MAN,C,1.3140252225387614,0.02144
case.lis,709,1_2LT,C,1.7741949111176194,0.02149
case.lis,709,1_2LT,A,1.6957831678159696,0.0247
case.lis,709,1_2LT,B,1.8299993166307233,0.02095
case.lis,709,T_OPO,A,1.7422362150216992,0.02486
case.lis,709,T_OPO,B,1.8109472740665797,0.02113
case.lis,709,T_OPO,C,1.760730228884333,0.02162
case.lis,710,T_MAN,A,1.1406789584387231,0.03308
case.lis,710,T_MAN,B,1.3057302732589613,0.03051
case.lis,710,T_MAN,C,1.432936402282631,0.02801
case.lis,710,1_2LT,C,1.945121834979632,0.0281
case.lis,710,1_2LT,A,1.3423310081028073,0.03442
case.lis,710,1_2LT,B,1.66114628539986,0.0306
case.lis,710,T_OPO,A,1.5028653230029199,0.03425
case.lis,710,T_OPO,B,1.7309435820974999,0.03077
case.lis,710,T_OPO,C,1.811215252447261,0.02825
case.lis,711,T_MAN,A,1.2297879780256842,0.04228
case.lis,711,T_MAN,B,1.2553545000310622,0.03844
case.lis,711,T_MAN,C,1.3427510494599608,0.03599
case.lis,711,1_2LT,C,1.8370820131881396,0.03612
case.lis,711,1_2LT,A,1.458617827950691,0.03643
case.lis,711,1_2LT,B,1.2409531581423003,0.0398
case.lis,711,T_OPO,A,1.645907833896891,0.03662
case.lis,711,T_OPO,B,1.432171374814736,0.03814
case.lis,711,T_OPO,C,1.7981628903857931,0.03595
case.lis,712,T_MAN,A,1.1996119971245243,0.03268
case.lis,712,T_MAN,B,1.4350374965609662,0.03142
case.lis,712,T_MAN,C,1.244100836905491,0.0362
case.lis,712,1_2LT,C,1.5018014324130036,0.03631
case.lis,712,1_2LT,A,1.5364421132973012,0.0325
case.lis,712,1_2LT,B,1.8913149977368942,0.03153
case.lis,712,T_OPO,A,1.776114708414317,0.03266
case.lis,712,T_OPO,B,1.7764460360144483,0.03131
case.lis,712,T_OPO,C,1.649521819004766,0.03497
case.lis,713,T_MAN,A,1.170485689182353,0.03307
case.lis,713,T_MAN,B,1.4217030094872956,0.03042
case.lis,713,T_MAN,C,1.1238811824950965,0.03652
case.lis,713,1_2LT,C,1.2508937050152207,0.0366
case.lis,713,1_2LT,A,1.5145749886844697,0.03305
case.lis,713,1_2LT,B,1.8814065869698342,0.03052
case.lis,713,T_OPO,A,1.5809995296289394,0.0329
case.lis,713,T_OPO,B,1.7915664243811957,0.03066
case.lis,713,T_OPO,C,1.3468544600938965,0.03677
case.lis,714,T_MAN,A,1.225321094810831,0.03293
case.lis,714,T_MAN,B,1.4908988524721107,0.03019
case.lis,714,T_MAN,C,1.1604415275522069,0.03625
case.lis,714,1_2LT,C,1.5123451813591062,0.02971
case.lis,714,1_2LT,A,1.7727543065576825,0.03148
case.lis,714,1_2LT,B,1.881358839869716,0.03024
case.lis,714,T_OPO,A,1.7940310622398536,0.03285
case.lis,714,T_OPO,B,1.7834268750499214,0.03037
case.lis,714,T_OPO,C,1.7992565474764148,0.02988
case.lis,715,T_MAN,A,1.2912242072472642,0.0243
case.lis,715,T_MAN,B,1.305041703275735,0.02357
case.lis,715,T_MAN,C,1.2217711866663115,0.02831
case.lis,715,1_2LT,C,1.7210678931813945,0.02693
case.lis,715,1_2LT,A,1.7720296955013002,0.0243
case.lis,715,1_2LT,B,1.8741499684940137,0.02368
case.lis,715,T_OPO,A,1.7817312317509342,0.02427
case.lis,715,T_OPO,B,1.7755427372045758,0.02382
case.lis,715,T_OPO,C,1.7650106144111042,0.02557
case.lis,716,T_MAN,A,1.4101935621289172,0.03428
case.lis,716,T_MAN,B,1.110725569548355,0.03901
case.lis,716,T_MAN,C,1.2248278708165818,0.0357
case.lis,716,1_2LT,C,1.5107993645553217,0.03691
case.lis,716,1_2LT,A,1.8512975851327245,0.0344
case.lis,716,1_2LT,B,1.2771066411068808,0.03918
case.lis,716,T_OPO,A,1.7799708902437943,0.03453
case.lis,716,T_OPO,B,1.3983362176841767,0.03783
case.lis,716,T_OPO,C,1.7427685330635356,0.03554
case.lis,717,T_MAN,A,1.1523619727184784,0.04185
case.lis,717,T_MAN,B,1.1465531208676127,0.03969
case.lis,717,T_MAN,C,1.2016451449719108,0.03641
case.lis,717,1_2LT,C,1.6911165543988569,0.03593
case.lis,717,1_2LT,A,1.473837162863761,0.04212
case.lis,717,1_2LT,B,1.6599109933704306,0.0382
case.lis,717,T_OPO,A,1.6898459312903253,0.04072
case.lis,717,T_OPO,B,1.7357061423360578,0.03829
case.lis,717,T_OPO,C,1.738537234750659,0.03611
case.lis,718,T_MAN,A,1.163479893855889,0.03259
case.lis,718,T_MAN,B,1.3134143614047231,0.03027
case.lis,718,T_MAN,C,1.2353316115977528,0.03639
case.lis,718,1_2LT,C,1.4349402273755958,0.03646
case.lis,718,1_2LT,A,1.39893962388065,0.0342
case.lis,718,1_2LT,B,1.8865776511621715,0.03038
case.lis,718,T_OPO,A,1.5344447136505233,0.03092
case.lis,718,T_OPO,B,1.7991923817638027,0.03039
case.lis,718,T_OPO,C,1.4491575033059099,0.03625
case.lis,719,T_MAN,A,1.1828450349228325,0.041
case.lis,719,T_MAN,B,1.175123627714618,0.03871
case.lis,719,T_MAN,C,1.3057430531519298,0.03605
case.lis,719,1_2LT,C,1.6820914649839807,0.0348
case.lis,719,1_2LT,A,1.3766956876736158,0.04094
case.lis,719,1_2LT,B,1.4197388109374585,0.03857
case.lis,719,T_OPO,A,1.4784097908180018,0.04217
case.lis,719,T_OPO,B,1.3970986536737755,0.03843
case.lis,719,T_OPO,C,1.7583263665166804,0.03613
case.lis,720,T_MAN,A,1.3279292402176133,0.03279
case.lis,720,T_MAN,B,1.3589956246616433,0.03156
case.lis,720,T_MAN,C,1.1700827143072676,0.03543
case.lis,720,1_2LT,C,1.3402908313142878,0.03527
case.lis,720,1_2LT,A,1.6953517576790293,0.03409
case.lis,720,1_2LT,B,1.7455246412311298,0.03152
case.lis,720,T_OPO,A,1.769005555703471,0.0328
case.lis,720,T_OPO,B,1.8047995598036866,0.0318
case.lis,720,T_OPO,C,1.5953869911339493,0.03661
case.lis,721,T_MAN,A,1.2092934937919895,0.03344
case.lis,721,T_MAN,B,1.4565426839550217,0.031
case.lis,721,T_MAN,C,1.220474986021992,0.03576
case.lis,721,1_2LT,C,1.5741481402593254,0.03589
case.lis,721,1_2LT,A,1.395396700302635,0.03357
case.lis,721,1_2LT,B,2.0079283261002687,0.0311
case.lis,721,T_OPO,A,1.5639582079750083,0.03225
case.lis,721,T_OPO,B,1.8084634841183205,0.03124
case.lis,721,T_OPO,C,1.7456082430309645,0.03452
case.lis,722,T_MAN,A,1.164379136824729,0.03332
case.lis,722,T_MAN,B,1.1643400161523647,0.03122
case.lis,722,T_MAN,C,1.5417449435110981,0.02827
case.lis,722,1_2LT,C,1.8427923711138918,0.02823
case.lis,722,1_2LT,A,1.5025051252695758,0.02745
case.lis,722,1_2LT,B,1.4577371602012834,0.03081
case.lis,722,T_OPO,A,1.5502827551319256,0.0276
case.lis,722,T_OPO,B,1.6573298011129158,0.03098
case.lis,722,T_OPO,C,1.8197939597255872,0.02807
case.lis,723,T_MAN,A,1.2192695048678968,0.02484
case.lis,723,T_MAN,B,1.2613263931414573,0.02394
case.lis,723,T_MAN,C,1.2674409063074097,0.02712
case.lis,723,1_2LT,C,1.5647616461212137,0.02725
case.lis,723,1_2LT,A,1.4126411778801353,0.02316
case.lis,723,1_2LT,B,1.7894887776564872,0.02393
case.lis,723,T_OPO,A,1.5958742245533695,0.02468
case.lis,723,T_OPO,B,1.7801323251417769,0.02416
case.lis,723,T_OPO,C,1.6704605553928487,0.02856
case.lis,724,T_MAN,A,1.254948862678275,0.03302
case.lis,724,T_MAN,B,1.1218851318370209,0.03915
case.lis,724,T_MAN,C,1.170864861506785,0.0353
case.lis,724,1_2LT,C,1.6201540687096747,0.03518
case.lis,724,1_2LT,A,2.057823344604489,0.03298
case.lis,724,1_2LT,B,1.5269105141244441,0.03911
case.lis,724,T_OPO,A,1.8396438758575397,0.03315
case.lis,724,T_OPO,B,1.662769527055211,0.03916
case.lis,724,T_OPO,C,1.7145352645171597,0.03375
case.lis,725,T_MAN,A,1.2211533853403977,0.0253
case.lis,725,T_MAN,B,1.3332361617721453,0.02141
case.lis,725,T_MAN,C,1.2362151991977066,0.02061
case.lis,725,1_2LT,C,1.8269922876895908,0.02075
case.lis,725,1_2LT,A,1.6350601276214314,0.02393
case.lis,725,1_2LT,B,1.7603418710118302,0.02128
case.lis,725,T_OPO,A,1.7609759755762044,0.02405
case.lis,725,T_OPO,B,1.8070565155266824,0.02124
case.lis,725,T_OPO,C,1.7758663258695209,0.02057
case.lis,726,T_MAN,A,1.2959353727912528,0.02593
case.lis,726,T_MAN,B,1.1476654508018496,0.03013
case.lis,726,T_MAN,C,1.2702656354003035,0.02635
case.lis,726,1_2LT,C,1.7978079111087446,0.02639
case.lis,726,1_2LT,A,1.848991009700294,0.02606
case.lis,726,1_2LT,B,1.372514710189302,0.03051
case.lis,726,T_OPO,A,1.8178904301676473,0.02604
case.lis,726,T_OPO,B,1.6029881874739298,0.02897
case.lis,726,T_OPO,C,1.7635936970277872,0.02654
case.lis,727,T_MAN,A,1.3323168170966568,0.03309
case.lis,727,T_MAN,B,1.5313727735030218,0.03028
case.lis,727,T_MAN,C,1.1570780460963639,0.02946
case.lis,727,1_2LT,C,1.7892272868464727,0.02942
case.lis,727,1_2LT,A,1.628813777434614,0.03184
case.lis,727,1_2LT,B,1.9283637299537615,0.0304
case.lis,727,T_OPO,A,1.7226379119074877,0.03156
case.lis,727,T_OPO,B,1.8261560034434712,0.03039
case.lis,727,T_OPO,C,1.7515892418150998,0.02956
case.lis,728,T_MAN,A,1.179307054678417,0.03303
case.lis,728,T_MAN,B,1.4023371229265955,0.03043
case.lis,728,T_MAN,C,1.13627093373093,0.03576
case.lis,728,1_2LT,C,1.73799610390763,0.02994
case.lis,728,1_2LT,A,1.5028987282231512,0.03298
case.lis,728,1_2LT,B,2.040064875706666,0.03038
case.lis,728,T_OPO,A,1.7565083646174462,0.03156
case.lis,728,T_OPO,B,1.8285529433690992,0.03061
case.lis,728,T_OPO,C,1.7605916557948826,0.0301
case.lis,729,T_MAN,A,1.180222405637353,0.02468
case.lis,729,T_MAN,B,1.322386378764078,0.02375
case.lis,729,T_MAN,C,1.2107707606698794,0.02696
case.lis,729,1_2LT,C,1.6596872298694498,0.02695
case.lis,729,1_2LT,A,1.5180287902588816,0.02468
case.lis,729,1_2LT,B,1.7796867683733149,0.02377
case.lis,729,T_OPO,A,1.6591029225130238,0.02486
case.lis,729,T_OPO,B,1.7746996370155401,0.02379
case.lis,729,T_OPO,C,1.7604980253290379,0.02712
case.lis,730,T_MAN,A,1.0692242782466697,0.03314
case.lis,730,T_MAN,B,1.3815539107359975,0.0293
case.lis,730,T_MAN,C,1.3950111735314217,0.02928
case.lis,730,1_2LT,C,1.8360907993645554,0.02935
case.lis,730,1_2LT,A,1.142320633314696,0.03211
case.lis,730,1_2LT,B,1.6905158106800855,0.03066
case.lis,730,T_OPO,A,1.2700282488884156,0.03208
case.lis,730,T_OPO,B,1.733517133044011,0.03076
case.lis,730,T_OPO,C,1.7970425818933766,0.02906
case.lis,731,T_MAN,A,1.3568031630235098,0.02565
case.lis,731,T_MAN,B,1.091854504468525,0.03122
case.lis,731,T_MAN,C,1.3757937112276684,0.02658
case.lis,731,1_2LT,C,2.0017762453739447,0.02659
case.lis,731,1_2LT,A,1.9169074434001616,0.02559
case.lis,731,1_2LT,B,1.271309956779112,0.02504
case.lis,731,T_OPO,A,1.8154996139407331,0.02587
case.lis,731,T_OPO,B,1.3666413731284999,0.03055
case.lis,731,T_OPO,C,1.8246377077841973,0.02676
case.lis,732,T_MAN,A,1.264413500536933,0.02478
case.lis,732,T_MAN,B,1.551184838076981,0.02336
case.lis,732,T_MAN,C,1.1726862447527002,0.02862
case.lis,732,1_2LT,C,1.7707256139229832,0.02117
case.lis,732,1_2LT,A,1.5735595551887254,0.02426
case.lis,732,1_2LT,B,2.0873071168028967,0.02346
case.lis,732,T_OPO,A,1.6786754173433796,0.02447
case.lis,732,T_OPO,B,1.8492719277226053,0.02359
case.lis,732,T_OPO,C,1.7464681345793729,0.02131
case.lis,733,T_MAN,A,1.258153926710864,0.02489
case.lis,733,T_MAN,B,1.5762553848611518,0.02186
case.lis,733,T_MAN,C,1.3472207282764008,0.02033
case.lis,733,1_2LT,C,1.921660232345554,0.02044
case.lis,733,1_2LT,A,1.4568678612316621,0.02481
case.lis,733,1_2LT,B,1.8854059479751857,0.02197
case.lis,733,T_OPO,A,1.73968538388491,0.0221
case.lis,733,T_OPO,B,1.7996331815721045,0.0221
case.lis,733,T_OPO,C,1.7873634370812144,0.02059
case.lis,734,T_MAN,A,1.1655717670864507,0.04144
case.lis,734,T_MAN,B,1.2237515287059473,0.03871
case.lis,734,T_MAN,C,1.453341232017182,0.03589
case.lis,734,1_2LT,C,2.056530702805364,0.03601
case.lis,734,1_2LT,A,1.5693635435803226,0.0356
case.lis,734,1_2LT,B,1.6113857397694296,0.03852
case.lis,734,T_OPO,A,1.7502347772837403,0.03565
case.lis,734,T_OPO,B,1.8015214817575902,0.03864
case.lis,734,T_OPO,C,1.82858436060598,0.03614
case.lis,735,T_MAN,A,1.238632950824037,0.0325
case.lis,735,T_MAN,B,1.3967328736121836,0.03079
case.lis,735,T_MAN,C,1.3313257630217348,0.02792
case.lis,735,1_2LT,C,1.8666083317802213,0.02804
case.lis,735,1_2LT,A,1.362484002946475,0.0321
case.lis,735,1_2LT,B,1.8635627501619674,0.02963
case.lis,735,T_OPO,A,1.6923186453313455,0.03229
case.lis,735,T_OPO,B,1.7855365336315308,0.02972
case.lis,735,T_OPO,C,1.8163167283474,0.02804
case.lis,736,T_MAN,A,1.5368579390647603,0.03371
case.lis,736,T_MAN,B,1.1645013889258675,0.03846
case.lis,736,T_MAN,C,1.164935346166476,0.03548
case.lis,736,1_2LT,C,1.5709878679766058,0.03566
case.lis,736,1_2LT,A,1.9158612405371105,0.03383
case.lis,736,1_2LT,B,1.5731271688099613,0.03285
case.lis,736,T_OPO,A,1.8425401013516511,0.03385
case.lis,736,T_OPO,B,1.6520399904150802,0.033
case.lis,736,T_OPO,C,1.7354865677999949,0.03438
case.lis,737,T_MAN,A,1.1174196153607214,0.04111
case.lis,737,T_MAN,B,1.1420950238291754,0.03983
case.lis,737,T_MAN,C,1.1641681088420885,0.03606
case.lis,737,1_2LT,C,1.6261421585594222,0.0346
case.lis,737,1_2LT,A,1.4235552952244026,0.04216
case.lis,737,1_2LT,B,1.5562497226585725,0.03988
case.lis,737,T_OPO,A,1.6526828012815393,0.04224
case.lis,737,T_OPO,B,1.7017231200688696,0.03845
case.lis,737,T_OPO,C,1.7493474267153013,0.03596
case.lis,738,T_MAN,A,1.2276769882052236,0.02469
case.lis,738,T_MAN,B,1.3454693593191158,0.02217
case.lis,738,T_MAN,C,1.1592610293138794,0.02798
case.lis,738,1_2LT,C,1.374499676065213,0.02685
case.lis,738,1_2LT,A,1.4186897059737125,0.02482
case.lis,738,1_2LT,B,1.905065692199828,0.02229
case.lis,738,T_OPO,A,1.6866747428490287,0.02497
case.lis,738,T_OPO,B,1.8019407509962104,0.0221
case.lis,738,T_OPO,C,1.431121320233943,0.02701
case.lis,739,T_MAN,A,1.3557877827773193,0.02664
case.lis,739,T_MAN,B,1.1969858089938497,0.0299
case.lis,739,T_MAN,C,1.1584486629924475,0.02754
case.lis,739,1_2LT,C,1.3538409613319489,0.02707
case.lis,739,1_2LT,A,1.834522928370475,0.02677
case.lis,739,1_2LT,B,1.585965015042999,0.02988
case.lis,739,T_OPO,A,1.7885133612006001,0.0269
case.lis,739,T_OPO,B,1.7368736299333492,0.02978
case.lis,739,T_OPO,C,1.5026046398111417,0.02599
case.lis,740,T_MAN,A,1.3245365957560105,0.02519
case.lis,740,T_MAN,B,1.0864951143534172,0.02977
case.lis,740,T_MAN,C,1.2089799426679801,0.02767
case.lis,740,1_2LT,C,1.597110590448805,0.02765
case.lis,740,1_2LT,A,1.7466567267499136,0.0238
case.lis,740,1_2LT,B,1.148337193926001,0.04654
case.lis,740,T_OPO,A,1.748375888601933,0.02395
case.lis,740,T_OPO,B,1.2321636181296982,0.03163
case.lis,740,T_OPO,C,1.7355741988160849,0.02776
case.lis,741,T_MAN,A,1.312772269407244,0.03476
case.lis,741,T_MAN,B,1.213588700444634,0.03927
case.lis,741,T_MAN,C,1.2408414317030096,0.0361
case.lis,741,1_2LT,C,1.9197655244637328,0.03464
case.lis,741,1_2LT,A,1.8026381515304808,0.03481
case.lis,741,1_2LT,B,1.4827765116217153,0.03797
case.lis,741,T_OPO,A,1.739527232709426,0.04045
case.lis,741,T_OPO,B,1.700535663888815,0.03655
case.lis,741,T_OPO,C,1.7915655368886287,0.03595
case.lis,742,T_MAN,A,1.2011649404936235,0.03189
case.lis,742,T_MAN,B,1.2623088119137003,0.03192
case.lis,742,T_MAN,C,1.1817775588629444,0.03551
case.lis,742,1_2LT,C,1.392045847866024,0.03668
case.lis,742,1_2LT,A,1.7205700808505728,0.03179
case.lis,742,1_2LT,B,1.6353517576790295,0.03204
case.lis,742,T_OPO,A,1.81349086326402,0.03313
case.lis,742,T_OPO,B,1.7478014146631522,0.03194
case.lis,742,T_OPO,C,1.4611661652333663,0.03532
case.lis,743,T_MAN,A,1.35497024237422,0.03356
case.lis,743,T_MAN,B,1.3867673083237928,0.03224
case.lis,743,T_MAN,C,1.2167738757687905,0.03617
case.lis,743,1_2LT,C,1.4178308794163847,0.03494
case.lis,743,1_2LT,A,1.800662433327121,0.03231
case.lis,743,1_2LT,B,1.9113116252651383,0.03078
case.lis,743,T_OPO,A,1.7420089370501521,0.03246
case.lis,743,T_OPO,B,1.8026409116323652,0.03092
case.lis,743,T_OPO,C,1.6613219201789184,0.035
case.lis,744,T_MAN,A,1.4032540802470779,0.02579
case.lis,744,T_MAN,B,1.1557606255047614,0.03037
case.lis,744,T_MAN,C,1.3189743425898808,0.02758
case.lis,744,1_2LT,C,1.5620604116190526,0.02622
case.lis,744,1_2LT,A,1.8946993618928443,0.02582
case.lis,744,1_2LT,B,1.521717031869858,0.02881
case.lis,744,T_OPO,A,1.8591316772722029,0.026
case.lis,744,T_OPO,B,1.7434584697853157,0.02897
case.lis,744,T_OPO,C,1.7553811869325595,0.02649
case.lis,745,T_MAN,A,1.2795460919264803,0.03404
case.lis,745,T_MAN,B,1.5418605394179823,0.03107
case.lis,745,T_MAN,C,1.2198579124399833,0.03547
case.lis,745,1_2LT,C,1.7016768462064131,0.02944
case.lis,745,1_2LT,A,1.5258615334096577,0.03251
case.lis,745,1_2LT,B,1.974881741615414,0.03119
case.lis,745,T_OPO,A,1.7629047720475342,0.03384
case.lis,745,T_OPO,B,1.81674272477968,0.03133
case.lis,745,T_OPO,C,1.7378380237315512,0.0293
case.lis,746,T_MAN,A,1.5159018699468392,0.03361
case.lis,746,T_MAN,B,1.1465598746860495,0.03826
case.lis,746,T_MAN,C,1.1359539213859084,0.03598
case.lis,746,1_2LT,C,1.210454041197405,0.04459
case.lis,746,1_2LT,A,1.9011121968103517,0.03369
case.lis,746,1_2LT,B,1.3791652599909476,0.03815
case.lis,746,T_OPO,A,1.7932285027112898,0.03383
case.lis,746,T_OPO,B,1.5425701784747552,0.03831
case.lis,746,T_OPO,C,1.3074321290059197,0.03482
case.lis,747,T_MAN,A,1.2162986856235078,0.0334
case.lis,747,T_MAN,B,1.2551242045847866,0.02956
case.lis,747,T_MAN,C,1.3150804245764443,0.02724
case.lis,747,1_2LT,C,1.8663240590360055,0.02713
case.lis,747,1_2LT,A,1.5442806517745413,0.0335
case.lis,747,1_2LT,B,1.6679474071904647,0.02968
case.lis,747,T_OPO,A,1.6968691303460333,0.03335
case.lis,747,T_OPO,B,1.7370406560345057,0.03106
case.lis,747,T_OPO,C,1.799820034257213,0.02731
case.lis,748,T_MAN,A,1.2239891370909768,0.0327
case.lis,748,T_MAN,B,1.4625298863122023,0.03126
case.lis,748,T_MAN,C,1.2218269921989402,0.03601
case.lis,748,1_2LT,C,1.3670027601018842,0.03611
case.lis,748,1_2LT,A,1.601985311998012,0.03261
case.lis,748,1_2LT,B,1.7500643432111256,0.03135
case.lis,748,T_OPO,A,1.7280623729776263,0.03401
case.lis,748,T_OPO,B,1.777162597513246,0.03128
case.lis,748,T_OPO,C,1.4956200466821092,0.03468
case.lis,749,T_MAN,A,1.1439082510183978,0.04157
case.lis,749,T_MAN,B,1.2207977493188495,0.03896
case.lis,749,T_MAN,C,1.3040606334921947,0.03584
case.lis,749,1_2LT,C,1.8714695989421088,0.0358
case.lis,749,1_2LT,A,1.4404949546047552,0.0416
case.lis,749,1_2LT,B,1.8107895843872306,0.03759
case.lis,749,T_OPO,A,1.6485930846579158,0.03631
case.lis,749,T_OPO,B,1.7513685224136248,0.03778
case.lis,749,T_OPO,C,1.8205949750170842,0.0358
case.lis,750,T_MAN,A,1.1036618032073982,0.03404
case.lis,750,T_MAN,B,1.4551114246918182,0.02936
case.lis,750,T_MAN,C,1.4500710349050827,0.02936
case.lis,750,1_2LT,C,1.7963447908623764,0.02947
case.lis,750,1_2LT,A,1.2511721114335668,0.03397
case.lis,750,1_2LT,B,1.8150153979960417,0.02947
case.lis,750,T_OPO,A,1.24199973375223,0.03379
case.lis,750,T_OPO,B,1.7863001322363925,0.02961
case.lis,750,T_OPO,C,1.7598473157787302,0.0296
case.lis,751,T_MAN,A,1.1234076430859892,0.03355
case.lis,751,T_MAN,B,1.2495674361227225,0.02972
case.lis,751,T_MAN,C,1.3396413642535743,0.02883
case.lis,751,1_2LT,C,1.8982442734542098,0.02879
case.lis,751,1_2LT,A,1.3216888096062196,0.0337
case.lis,751,1_2LT,B,1.5629111531190927,0.03139
case.lis,751,T_OPO,A,1.3878568563238283,0.03387
case.lis,751,T_OPO,B,1.7460347719587848,0.03157
case.lis,751,T_OPO,C,1.8022331709221937,0.02906
case.lis,752,T_MAN,A,1.1593228875458168,0.03406
case.lis,752,T_MAN,B,1.3688520283642627,0.03006
case.lis,752,T_MAN,C,1.0795729385766393,0.03591
case.lis,752,1_2LT,C,1.820307223302005,0.02956
case.lis,752,1_2LT,A,1.6243505684389892,0.03264
case.lis,752,1_2LT,B,2.1144774887510316,0.03011
case.lis,752,T_OPO,A,1.759479130612281,0.03122
case.lis,752,T_OPO,B,1.8550470814806927,0.03024
case.lis,752,T_OPO,C,1.8274513875946288,0.02974
case.lis,753,T_MAN,A,1.371193056258154,0.02636
case.lis,753,T_MAN,B,1.1017914037469936,0.02994
case.lis,753,T_MAN,C,1.2250597637494787,0.0264
case.lis,753,1_2LT,C,1.4852036440444811,0.02901
case.lis,753,1_2LT,A,1.772268874748174,0.02648
case.lis,753,1_2LT,B,1.2793066020572077,0.03126
case.lis,753,T_OPO,A,1.7962397827418195,0.02623
case.lis,753,T_OPO,B,1.4041730788004652,0.0311
case.lis,753,T_OPO,C,1.7462425428437038,0.02761
case.lis,754,T_MAN,A,1.3579332960586457,0.0255
case.lis,754,T_MAN,B,1.1215488520283643,0.0309
case.lis,754,T_MAN,C,1.1940756942410606,0.02795
case.lis,754,1_2LT,C,1.5868873416935132,0.02801
case.lis,754,1_2LT,A,1.932166901852197,0.02562
case.lis,754,1_2LT,B,1.2499871313577748,0.03041
case.lis,754,T_OPO,A,1.8108762214116458,0.02576
case.lis,754,T_OPO,B,1.3514010845159172,0.03024
case.lis,754,T_OPO,C,1.6967011102532015,0.02818
case.lis,755,T_MAN,A,1.2275984362380965,0.03336
case.lis,755,T_MAN,B,1.2737777008617555,0.0309
case.lis,755,T_MAN,C,1.3074297860255422,0.02721
case.lis,755,1_2LT,C,1.879112427558419,0.02717
case.lis,755,1_2LT,A,1.5459967606521297,0.03333
case.lis,755,1_2LT,B,1.6002206306522182,0.02952
case.lis,755,T_OPO,A,1.6240214684452017,0.03321
case.lis,755,T_OPO,B,1.7609881342243758,0.02951
case.lis,755,T_OPO,C,1.7755496241468978,0.02731
case.lis,756,T_MAN,A,1.4346801920533916,0.02645
case.lis,756,T_MAN,B,1.0986247415177899,0.03102
case.lis,756,T_MAN,C,1.3482091198736212,0.02648
case.lis,756,1_2LT,C,1.6578244095955696,0.0264
case.lis,756,1_2LT,A,1.7540720821463118,0.02657
case.lis,756,1_2LT,B,1.1651152409098573,0.03017
case.lis,756,T_OPO,A,1.763073031763359,0.02641
case.lis,756,T_OPO,B,1.2684220382154299,0.03
case.lis,756,T_OPO,C,1.7800191165898986,0.02772
case.lis,757,T_MAN,A,1.1725454973064602,0.03324
case.lis,757,T_MAN,B,1.2394431871633074,0.0294
case.lis,757,T_MAN,C,1.3166994328922494,0.0271
case.lis,757,1_2LT,C,1.8564916442574795,0.02705
case.lis,757,1_2LT,A,1.5286106303859706,0.02785
case.lis,757,1_2LT,B,1.7397929479840606,0.02956
case.lis,757,T_OPO,A,1.6384156482689458,0.02758
case.lis,757,T_OPO,B,1.7520543677946698,0.02974
case.lis,757,T_OPO,C,1.7608398785910169,0.02719
case.lis,758,T_MAN,A,1.142274377202091,0.02462
case.lis,758,T_MAN,B,1.4003349929444342,0.02213
case.lis,758,T_MAN,C,1.1288535726013296,0.0279
case.lis,758,1_2LT,C,1.3332260177321014,0.02704
case.lis,758,1_2LT,A,1.6368810848709143,0.02476
case.lis,758,1_2LT,B,1.918306273684958,0.02224
case.lis,758,T_OPO,A,1.7016080477825999,0.02491
case.lis,758,T_OPO,B,1.7978566965751661,0.02238
case.lis,758,T_OPO,C,1.3952891095787074,0.02687
case.lis,759,T_MAN,A,1.4026887918563684,0.0334
case.lis,759,T_MAN,B,1.1536472305794438,0.0388
case.lis,759,T_MAN,C,1.159197440471436,0.03621
case.lis,759,1_2LT,C,1.5689191228023467,0.03603
case.lis,759,1_2LT,A,1.8127307702547992,0.03352
case.lis,759,1_2LT,B,1.1982390283731372,0.03985
case.lis,759,T_OPO,A,1.7867157893802639,0.03337
case.lis,759,T_OPO,B,1.299597664119563,0.04001
case.lis,759,T_OPO,C,1.668713047028231,0.0362
case.lis,760,T_MAN,A,1.360454041197405,0.02556
case.lis,760,T_MAN,B,1.2300107386600638,0.03038
case.lis,760,T_MAN,C,1.2268492771373039,0.02647
case.lis,760,1_2LT,C,1.6428456117930013,0.02631
case.lis,760,1_2LT,A,1.8951739929178093,0.02567
case.lis,760,1_2LT,B,1.6696773077025482,0.03032
case.lis,760,T_OPO,A,1.8117468516201178,0.02558
case.lis,760,T_OPO,B,1.7180736973827846,0.02909
case.lis,760,T_OPO,C,1.7882547547414291,0.02623
case.lis,761,T_MAN,A,1.1776838218979917,0.04174
case.lis,761,T_MAN,B,1.2143454653567276,0.03811
case.lis,761,T_MAN,C,1.347423609077274,0.03683
case.lis,761,1_2LT,C,1.8869100171286064,0.03556
case.lis,761,1_2LT,A,1.2885726457040922,0.04164
case.lis,761,1_2LT,B,1.4805741278166797,0.03819
case.lis,761,T_OPO,A,1.3279991480071354,0.04276
case.lis,761,T_OPO,B,1.6560106410358812,0.03708
case.lis,761,T_OPO,C,1.7777381364431073,0.0357
case.lis,762,T_MAN,A,1.2989250956273242,0.03405
case.lis,762,T_MAN,B,1.1689600539595482,0.03878
case.lis,762,T_MAN,C,1.227257470468685,0.03481
case.lis,762,1_2LT,C,1.8908850963373183,0.03484
case.lis,762,1_2LT,A,1.895414938274892,0.03418
case.lis,762,1_2LT,B,1.5479284769740054,0.03882
case.lis,762,T_OPO,A,1.7904275140445698,0.03433
case.lis,762,T_OPO,B,1.6209956424114949,0.03878
case.lis,762,T_OPO,C,1.7831404811984701,0.03503
case.lis,763,T_MAN,A,1.3907905073795008,0.03467
case.lis,763,T_MAN,B,1.125194218873417,0.03822
case.lis,763,T_MAN,C,1.2388059675000223,0.03573
case.lis,763,1_2LT,C,1.7409017811975824,0.03459
case.lis,763,1_2LT,A,1.6956077549100526,0.03463
case.lis,763,1_2LT,B,1.3047945809703845,0.03811
case.lis,763,T_OPO,A,1.7719137623472403,0.03458
case.lis,763,T_OPO,B,1.557515313684248,0.0368
case.lis,763,T_OPO,C,1.7698164665370926,0.03592
case.lis,764,T_MAN,A,1.3229545515056311,0.02538
case.lis,764,T_MAN,B,1.1104850146880019,0.03011
case.lis,764,T_MAN,C,1.2871466137721095,0.02681
case.lis,764,1_2LT,C,1.877696495291852,0.02669
case.lis,764,1_2LT,A,1.9128496498841823,0.02551
case.lis,764,1_2LT,B,1.1489052779182973,0.03013
case.lis,764,T_OPO,A,1.7966967526646964,0.02566
case.lis,764,T_OPO,B,1.2527670243261713,0.03032
case.lis,764,T_OPO,C,1.7569583677236704,0.02691
case.lis,765,T_MAN,A,1.1993223639252022,0.03227
case.lis,765,T_MAN,B,1.4231311625265137,0.03101
case.lis,765,T_MAN,C,1.135476450384728,0.03578
case.lis,765,1_2LT,C,1.3030848354145035,0.03592
case.lis,765,1_2LT,A,1.5595141244442077,0.03364
case.lis,765,1_2LT,B,1.9076353648038198,0.03112
case.lis,765,T_OPO,A,1.6523501513174828,0.03379
case.lis,765,T_OPO,B,1.8099659202854177,0.03126
case.lis,765,T_OPO,C,1.3434894432759124,0.03577
case.lis,766,T_MAN,A,1.1377862030405494,0.03237
case.lis,766,T_MAN,B,1.2639938053018807,0.02974
case.lis,766,T_MAN,C,1.3125603628069615,0.02763
case.lis,766,1_2LT,C,1.858620854300345,0.02769
case.lis,766,1_2LT,A,1.4287374175741276,0.03404
case.lis,766,1_2LT,B,1.4228224038623676,0.02965
case.lis,766,T_OPO,A,1.6881811194831244,0.03387
case.lis,766,T_OPO,B,1.656328354500031,0.02828
case.lis,766,T_OPO,C,1.8206575077433726,0.02787
case.lis,767,T_MAN,A,1.313952199650328,0.03355
case.lis,767,T_MAN,B,1.2805484704065602,0.03147
case.lis,767,T_MAN,C,1.2105295668148779,0.03619
case.lis,767,1_2LT,C,1.6400074726874163,0.03032
case.lis,767,1_2LT,A,1.575805861000914,0.0323
case.lis,767,1_2LT,B,1.8718523744863635,0.03002
case.lis,767,T_OPO,A,1.7349344320491316,0.03247
case.lis,767,T_OPO,B,1.8246386574012443,0.02995
case.lis,767,T_OPO,C,1.6776590431055138,0.03051
case.lis,768,T_MAN,A,1.1830901958696096,0.03325
case.lis,768,T_MAN,B,1.4304154352707297,0.03077
case.lis,768,T_MAN,C,1.0960959201966685,0.03554
case.lis,768,1_2LT,C,1.4123110306451183,0.03568
case.lis,768,1_2LT,A,1.6907450500102061,0.03339
case.lis,768,1_2LT,B,1.9537092751848204,0.03088
case.lis,768,T_OPO,A,1.6967423786575786,0.03203
case.lis,768,T_OPO,B,1.8085573808319355,0.03102
case.lis,768,T_OPO,C,1.4437799195931735,0.03551
case.lis,769,T_MAN,A,1.1626385331522848,0.03417
case.lis,769,T_MAN,B,1.382625114264668,0.03025
case.lis,769,T_MAN,C,1.2783813821809242,0.02878
case.lis,769,1_2LT,C,1.8680387656753374,0.02874
case.lis,769,1_2LT,A,1.4474233694542809,0.03156
case.lis,769,1_2LT,B,1.83840198088341,0.03031
case.lis,769,T_OPO,A,1.7390211045732493,0.03296
case.lis,769,T_OPO,B,1.7739077185228573,0.03023
case.lis,769,T_OPO,C,1.7825436158222174,0.02888
case.lis,770,T_MAN,A,1.278678878564392,0.02521
case.lis,770,T_MAN,B,1.1136860228795584,0.03012
case.lis,770,T_MAN,C,1.1720667749407598,0.02716
case.lis,770,1_2LT,C,1.5852953131517524,0.026
case.lis,770,1_2LT,A,1.9773708920187794,0.02536
case.lis,770,1_2LT,B,1.47205463404244,0.02982
case.lis,770,T_OPO,A,1.8223152018601845,0.02553
case.lis,770,T_OPO,B,1.6501391588345449,0.02996
case.lis,770,T_OPO,C,1.7548559777061867,0.02605
case.lis,771,T_MAN,A,1.1763520505515768,0.03327
case.lis,771,T_MAN,B,1.245034390336981,0.03062
case.lis,771,T_MAN,C,1.2970820398129166,0.02779
case.lis,771,1_2LT,C,1.89754160121409,0.02767
case.lis,771,1_2LT,A,1.3015127577056544,0.0307
case.lis,771,1_2LT,B,1.3546258775082758,0.03023
case.lis,771,T_OPO,A,1.7376122544973684,0.03084
case.lis,771,T_OPO,B,1.642887545816804,0.02832
case.lis,771,T_OPO,C,1.8201815632294078,0.02786
case.lis,772,T_MAN,A,1.2220559919060678,0.03244
case.lis,772,T_MAN,B,1.1742972833852519,0.0384
case.lis,772,T_MAN,C,1.448966692403951,0.0359
case.lis,772,1_2LT,C,2.0387682490659143,0.03601
case.lis,772,1_2LT,A,1.872994710544299,0.03258
case.lis,772,1_2LT,B,1.6066813102940263,0.03325
case.lis,772,T_OPO,A,1.7734258100588407,0.03273
case.lis,772,T_OPO,B,1.7461893199144458,0.03867
case.lis,772,T_OPO,C,1.8393971262990672,0.03615
case.lis,773,T_MAN,A,1.232364448822741,0.03309
case.lis,773,T_MAN,B,1.317384559404315,0.02919
case.lis,773,T_MAN,C,1.3403864586384089,0.02861
case.lis,773,1_2LT,C,2.072218642668868,0.0287
case.lis,773,1_2LT,A,1.6593092556599838,0.03176
case.lis,773,1_2LT,B,1.5970934618422572,0.02933
case.lis,773,T_OPO,A,1.7757336102310144,0.03181
case.lis,773,T_OPO,B,1.7446570284973864,0.02937
case.lis,773,T_OPO,C,1.843185335072819,0.02885
case.lis,774,T_MAN,A,1.2848330537731745,0.03303
case.lis,774,T_MAN,B,1.44877215403321,0.03176
case.lis,774,T_MAN,C,1.098978052308812,0.03532
case.lis,774,1_2LT,C,1.1734329099993788,0.03651
case.lis,774,1_2LT,A,1.592042519768897,0.03422
case.lis,774,1_2LT,B,1.8277063642091997,0.03171
case.lis,774,T_OPO,A,1.7158328141501815,0.0331
case.lis,774,T_OPO,B,1.8035376341223142,0.03145
case.lis,774,T_OPO,C,1.2739752567072251,0.03584
case.lis,775,T_MAN,A,1.30922454449444,0.03257
case.lis,775,T_MAN,B,1.5243508435616853,0.02987
case.lis,775,T_MAN,C,1.193830737417574,0.02938
case.lis,775,1_2LT,C,1.8060332010969407,0.02938
case.lis,775,1_2LT,A,1.7284168020092832,0.03119
case.lis,775,1_2LT,B,1.9372123858462684,0.02991
case.lis,775,T_OPO,A,1.794967943768471,0.03253
case.lis,775,T_OPO,B,1.8207344888486559,0.03005
case.lis,775,T_OPO,C,1.7911448032872725,0.02956
case.lis,776,T_MAN,A,1.5705842363570206,0.02439
case.lis,776,T_MAN,B,1.2729982605145682,0.02441
case.lis,776,T_MAN,C,1.2512875120920863,0.02801
case.lis,776,1_2LT,C,1.4566592117291017,0.02194
case.lis,776,1_2LT,A,1.9317442778916727,0.02451
case.lis,776,1_2LT,B,1.700321174685162,0.02432
case.lis,776,T_OPO,A,1.8017711689164604,0.02464
case.lis,776,T_OPO,B,1.7348261490810013,0.0243
case.lis,776,T_OPO,C,1.495255730983253,0.02209
case.lis,777,T_MAN,A,1.1520848442894291,0.03312
case.lis,777,T_MAN,B,1.3324335933686555,0.03086
case.lis,777,T_MAN,C,1.4250676358085501,0.02835
case.lis,777,1_2LT,C,2.038147483514826,0.02847
case.lis,777,1_2LT,A,1.327129316541974,0.03309
case.lis,777,1_2LT,B,1.6911974049717333,0.03096
case.lis,777,T_OPO,A,1.4472790542879204,0.03328
case.lis,777,T_OPO,B,1.7443749833595144,0.03104
case.lis,777,T_OPO,C,1.810420866725241,0.02861
case.lis,778,T_MAN,A,1.3109311039520046,0.03377
case.lis,778,T_MAN,B,1.1735665663800066,0.03147
case.lis,778,T_MAN,C,1.1355606734293602,0.03672
case.lis,778,1_2LT,C,1.3559777150616363,0.03066
case.lis,778,1_2LT,A,1.703544503314785,0.03237
case.lis,778,1_2LT,B,1.418087719765347,0.03012
case.lis,778,T_OPO,A,1.7398452479210487,0.03247
case.lis,778,T_OPO,B,1.5553923160893528,0.03003
case.lis,778,T_OPO,C,1.6320777088491885,0.0364
case.lis,779,T_MAN,A,1.3270232611801875,0.02514
case.lis,779,T_MAN,B,1.1903779830843917,0.0296
case.lis,779,T_MAN,C,1.4904034896207743,0.02707
case.lis,779,1_2LT,C,1.9520186107191353,0.02719
case.lis,779,1_2LT,A,1.9202586153340966,0.02527
case.lis,779,1_2LT,B,1.6563650079430583,0.02971
case.lis,779,T_OPO,A,1.797927616106215,0.02542
case.lis,779,T_OPO,B,1.756137011102532,0.02974
case.lis,779,T_OPO,C,1.7954413500536934,0.02714
case.lis,780,T_MAN,A,1.1236036635693176,0.04172
case.lis,780,T_MAN,B,1.2199468924447758,0.03945
case.lis,780,T_MAN,C,1.315884696965663,0.03547
case.lis,780,1_2LT,C,1.8536489256902473,0.03559
case.lis,780,1_2LT,A,1.3805903600557345,0.04188
case.lis,780,1_2LT,B,1.8259931574323065,0.03805
case.lis,780,T_OPO,A,1.4960716029003256,0.04192
case.lis,780,T_OPO,B,1.7709294265910525,0.03822
case.lis,780,T_OPO,C,1.762119154752079,0.03572
case.lis,781,T_MAN,A,1.3782756906910905,0.02476
case.lis,781,T_MAN,B,1.166552623871775,0.03111
case.lis,781,T_MAN,C,1.1696821445370396,0.02789
case.lis,781,1_2LT,C,1.2729361182850092,0.02827
case.lis,781,1_2LT,A,1.9256830586543838,0.02488
case.lis,781,1_2LT,B,1.5200238380503563,0.02518
case.lis,781,T_OPO,A,1.8118660418718993,0.02481
case.lis,781,T_OPO,B,1.4707093728090026,0.03089
case.lis,781,T_OPO,C,1.4686270489984645,0.02846
case.lis,782,T_MAN,A,1.5209867142362683,0.02573
case.lis,782,T_MAN,B,1.1715451245595818,0.03028
case.lis,782,T_MAN,C,1.234172164683121,0.02717
case.lis,782,1_2LT,C,1.691079075587742,0.02702
case.lis,782,1_2LT,A,2.0797760856252827,0.02585
case.lis,782,1_2LT,B,1.7271321476432633,0.02415
case.lis,782,T_OPO,A,1.8059200191698395,0.02601
case.lis,782,T_OPO,B,1.740734027352521,0.0243
case.lis,782,T_OPO,C,1.798252429510903,0.02699
case.lis,783,T_MAN,A,1.191281716765622,0.04118
case.lis,783,T_MAN,B,1.224192319639323,0.03889
case.lis,783,T_MAN,C,1.454551328132627,0.03644
case.lis,783,1_2LT,C,1.984034363712204,0.03655
case.lis,783,1_2LT,A,1.5807932408566079,0.04132
case.lis,783,1_2LT,B,1.4799546846295162,0.0389
case.lis,783,T_OPO,A,1.6449942756729412,0.03996
case.lis,783,T_OPO,B,1.6874472163795626,0.03757
case.lis,783,T_OPO,C,1.8005845026047906,0.03668
case.lis,784,T_MAN,A,1.220758362398715,0.02529
case.lis,784,T_MAN,B,1.4055947176442396,0.02297
case.lis,784,T_MAN,C,1.1747847209279623,0.02773
case.lis,784,1_2LT,C,1.4849273321085936,0.02791
case.lis,784,1_2LT,A,1.4309092361351474,0.0241
case.lis,784,1_2LT,B,1.9129318671956121,0.02308
case.lis,784,T_OPO,A,1.6416630723217693,0.02406
case.lis,784,T_OPO,B,1.8145895701873496,0.02322
case.lis,784,T_OPO,C,1.638384745777754,0.02791
case.lis,785,T_MAN,A,1.1585871118329383,0.02494
case.lis,785,T_MAN,B,1.3473684957888479,0.02221
case.lis,785,T_MAN,C,1.2183083504175651,0.02699
case.lis,785,1_2LT,C,1.5150451289970446,0.02214
case.lis,785,1_2LT,A,1.497117690389343,0.02358
case.lis,785,1_2LT,B,1.8296412577544665,0.0223
case.lis,785,T_OPO,A,1.6914561090550868,0.02497
case.lis,785,T_OPO,B,1.767890598791235,0.02228
case.lis,785,T_OPO,C,1.7499915688206111,0.02195
case.lis,786,T_MAN,A,1.2943691525333476,0.03311
case.lis,786,T_MAN,B,1.259689910097003,0.03043
case.lis,786,T_MAN,C,1.2152455869432095,0.02997
case.lis,786,1_2LT,C,1.6495396132307392,0.03005
case.lis,786,1_2LT,A,1.6669374761486373,0.03301
case.lis,786,1_2LT,B,1.592522165126867,0.02918
case.lis,786,T_OPO,A,1.7603710783922184,0.03313
case.lis,786,T_OPO,B,1.7069393931325825,0.03051
case.lis,786,T_OPO,C,1.7608487535166892,0.02985
case.lis,787,T_MAN,A,1.1623933012061025,0.04216
case.lis,787,T_MAN,B,1.1948414760776378,0.03829
case.lis,787,T_MAN,C,1.4077020154956204,0.03581
case.lis,787,1_2LT,C,1.9737394499321068,0.03581
case.lis,787,1_2LT,A,1.3747909511257843,0.04207
case.lis,787,1_2LT,B,1.4066779200724193,0.03963
case.lis,787,T_OPO,A,1.6463505418142124,0.04199
case.lis,787,T_OPO,B,1.652711804538637,0.03953
case.lis,787,T_OPO,C,1.8265031905357791,0.03599
case.lis,788,T_MAN,A,1.2518909804130391,0.02613
case.lis,788,T_MAN,B,1.2424506332259466,0.0307
case.lis,788,T_MAN,C,1.2557498602199206,0.02661
case.lis,788,1_2LT,C,1.9485892329401742,0.02675
case.lis,788,1_2LT,A,1.9240550422890208,0.026
case.lis,788,1_2LT,B,1.6198051066322319,0.02923
case.lis,788,T_OPO,A,1.787536231884058,0.02624
case.lis,788,T_OPO,B,1.7454752078951339,0.02941
case.lis,788,T_OPO,C,1.7786864488759908,0.02688
case.lis,789,T_MAN,A,1.33157822803234,0.04155
case.lis,789,T_MAN,B,1.5977498602199205,0.03902
case.lis,789,T_MAN,C,1.5641839062097853,0.03562
case.lis,789,1_2LT,C,1.9055875644541478,0.03573
case.lis,789,1_2LT,A,1.7688156411690052,0.04154
case.lis,789,1_2LT,B,1.9406608003407972,0.03912
case.lis,789,T_OPO,A,1.7598551612130249,0.04026
case.lis,789,T_OPO,B,1.813010836284246,0.03925
case.lis,789,T_OPO,C,1.7817717014120007,0.03586
case.lis,790,T_MAN,A,1.1160373545621556,0.033
case.lis,790,T_MAN,B,1.3010825634335312,0.02919
case.lis,790,T_MAN,C,1.3381101910771498,0.02802
case.lis,790,1_2LT,C,1.9021295117903387,0.02798
case.lis,790,1_2LT,A,1.2741483710073926,0.03287
case.lis,790,1_2LT,B,1.8028530223559378,0.02916
case.lis,790,T_OPO,A,1.3974471010055292,0.03271
case.lis,790,T_OPO,B,1.7706068674174855,0.0305
case.lis,790,T_OPO,C,1.793003656469377,0.02812
case.lis,791,T_MAN,A,1.5479765169466706,0.02459
case.lis,791,T_MAN,B,1.1917400179273498,0.03019
case.lis,791,T_MAN,C,1.258896917738314,0.02733
case.lis,791,1_2LT,C,1.4871193056258154,0.02732
case.lis,791,1_2LT,A,2.0362356115267537,0.02464
case.lis,791,1_2LT,B,1.6452127053435928,0.02426
case.lis,791,T_OPO,A,1.8217991249323287,0.02478
case.lis,791,T_OPO,B,1.7757657463368743,0.02428
case.lis,791,T_OPO,C,1.7533257985214374,0.02723
case.lis,792,T_MAN,A,1.2547014031257488,0.04186
case.lis,792,T_MAN,B,1.4786452869707216,0.03797
case.lis,792,T_MAN,C,1.1588851318370208,0.0377
case.lis,792,1_2LT,C,1.6921082385935018,0.03775
case.lis,792,1_2LT,A,1.423096284068621,0.04047
case.lis,792,1_2LT,B,1.8818725116927146,0.03806
case.lis,792,T_OPO,A,1.675751040585035,0.04212
case.lis,792,T_OPO,B,1.7585413527161708,0.03821
case.lis,792,T_OPO,C,1.83305430567019,0.03766
case.lis,793,T_MAN,A,1.4501625353887662,0.03449
case.lis,793,T_MAN,B,1.1500392360463982,0.03914
case.lis,793,T_MAN,C,1.3886487925663622,0.03578
case.lis,793,1_2LT,C,1.730973579346273,0.03589
case.lis,793,1_2LT,A,1.8081582399247405,0.03443
case.lis,793,1_2LT,B,1.2108166706603833,0.0474
case.lis,793,T_OPO,A,1.7683679632933074,0.03445
case.lis,793,T_OPO,B,1.4145039715292385,0.03889
case.lis,793,T_OPO,C,1.7415904754297682,0.03599
case.lis,794,T_MAN,A,1.247670775757253,0.02471
case.lis,794,T_MAN,B,1.3849544893811514,0.02281
case.lis,794,T_MAN,C,1.2408880250627903,0.02737
case.lis,794,1_2LT,C,1.687937698021779,0.02741
case.lis,794,1_2LT,A,1.725722019578086,0.02342
case.lis,794,1_2LT,B,1.8467637317287466,0.02137
case.lis,794,T_OPO,A,1.7711895950371415,0.02483
case.lis,794,T_OPO,B,1.8124509704731222,0.02127
case.lis,794,T_OPO,C,1.7474942091109986,0.02615
case.lis,795,T_MAN,A,1.30098753072943,0.03282
case.lis,795,T_MAN,B,1.491169093958838,0.03153
case.lis,795,T_MAN,C,1.1400378071833648,0.03585
case.lis,795,1_2LT,C,1.2937560460431143,0.03595
case.lis,795,1_2LT,A,1.5026685215261324,0.03418
case.lis,795,1_2LT,B,1.9026808487978912,0.03007
case.lis,795,T_OPO,A,1.6099218474045278,0.034
case.lis,795,T_OPO,B,1.7888724406933092,0.03021
case.lis,795,T_OPO,C,1.4075236294896032,0.03579
case.lis,796,T_MAN,A,1.2525950726412667,0.03483
case.lis,796,T_MAN,B,1.22031342687505,0.03941
case.lis,796,T_MAN,C,1.5115290609441145,0.03538
case.lis,796,1_2LT,C,1.9147525226976225,0.03544
case.lis,796,1_2LT,A,1.8320541725463049,0.03489
case.lis,796,1_2LT,B,1.6386001313488998,0.03788
case.lis,796,T_OPO,A,1.8076260550067893,0.03507
case.lis,796,T_OPO,B,1.8028632906449409,0.03804
case.lis,796,T_OPO,C,1.7938179042750515,0.03557
case.lis,797,T_MAN,A,1.2626111273818081,0.03298
case.lis,797,T_MAN,B,1.2579179424372322,0.031
case.lis,797,T_MAN,C,1.1590531341800012,0.03569
case.lis,797,1_2LT,C,1.5296490854389093,0.03575
case.lis,797,1_2LT,A,1.8123037177063641,0.03174
case.lis,797,1_2LT,B,1.807322257426094,0.02954
case.lis,797,T_OPO,A,1.7734138910336625,0.03321
case.lis,797,T_OPO,B,1.7757699441767174,0.03105
case.lis,797,T_OPO,C,1.666566557505081,0.0359
case.lis,798,T_MAN,A,1.5574218252172138,0.03261
case.lis,798,T_MAN,B,1.530604382438297,0.03098
case.lis,798,T_MAN,C,1.1906476033263222,0.03665
case.lis,798,1_2LT,C,1.482086228777834,0.03551
case.lis,798,1_2LT,A,1.9147620721176462,0.03269
case.lis,798,1_2LT,B,1.8700179273498585,0.03109
case.lis,798,T_OPO,A,1.7890177853510478,0.03281
case.lis,798,T_OPO,B,1.7744760687629242,0.03123
case.lis,798,T_OPO,C,1.7223932124568457,0.03686
case.lis,799,T_MAN,A,1.1838417778251107,0.02559
case.lis,799,T_MAN,B,1.1961164922743772,0.02214
case.lis,799,T_MAN,C,1.3460894415009275,0.02093
case.lis,799,1_2LT,C,1.8960645917090444,0.02099
case.lis,799,1_2LT,A,1.6848762391614969,0.02422
case.lis,799,1_2LT,B,1.5504364688445733,0.02045
case.lis,799,T_OPO,A,1.7150747712487908,0.02282
case.lis,799,T_OPO,B,1.7821678780940209,0.02063
case.lis,799,T_OPO,C,1.793391197848718,0.02112
case.lis,800,T_MAN,A,1.3894235647026456,0.03426
case.lis,800,T_MAN,B,1.0701771257665718,0.03934
case.lis,800,T_MAN,C,1.2241189417538627,0.03557
case.lis,800,1_2LT,C,1.5649583322239675,0.03688
case.lis,800,1_2LT,A,1.8820504184527456,0.03437
case.lis,800,1_2LT,B,1.2311423981824152,0.03917
case.lis,800,T_OPO,A,1.7970182557221082,0.03452
case.lis,800,T_OPO,B,1.297990459454902,0.03781
case.lis,800,T_OPO,C,1.7061801432413004,0.03552
case.lis,801,T_MAN,A,1.2252157139433957,0.03203
case.lis,801,T_MAN,B,1.634088234511036,0.0306
case.lis,801,T_MAN,C,1.2167268386627264,0.03585
case.lis,801,1_2LT,C,1.687113270676358,0.02974
case.lis,801,1_2LT,A,1.4485323446666134,0.03309
case.lis,801,1_2LT,B,2.0492299226993973,0.03071
case.lis,801,T_OPO,A,1.6034877747898861,0.03446
case.lis,801,T_OPO,B,1.8366853040105788,0.03085
case.lis,801,T_OPO,C,1.6962110812321947,0.02987
case.lis,802,T_MAN,A,1.2083951471906422,0.0247
case.lis,802,T_MAN,B,1.376534927269984,0.02214
case.lis,802,T_MAN,C,1.1087356159642163,0.02741
case.lis,802,1_2LT,C,1.6376144199792328,0.02163
case.lis,802,1_2LT,A,1.617556555463848,0.02478
case.lis,802,1_2LT,B,1.9940643432111256,0.02217
case.lis,802,T_OPO,A,1.767175821152498,0.02332
case.lis,802,T_OPO,B,1.8216713615023474,0.0223
case.lis,802,T_OPO,C,1.659519866521118,0.02177
case.lis,803,T_MAN,A,1.3898671068629802,0.03291
case.lis,803,T_MAN,B,1.132750339465907,0.03212
case.lis,803,T_MAN,C,1.2090825989332339,0.03672
case.lis,803,1_2LT,C,1.4746057314269994,0.03528
case.lis,803,1_2LT,A,1.9944899580216016,0.03278
case.lis,803,1_2LT,B,1.7858491972629729,0.03224
case.lis,803,T_OPO,A,1.8102874677174579,0.03301
case.lis,803,T_OPO,B,1.7573151574855561,0.03239
case.lis,803,T_OPO,C,1.5708166706603832,0.03395
case.lis,804,T_MAN,A,1.2896320012069897,0.03373
case.lis,804,T_MAN,B,1.4268575663178822,0.03125
case.lis,804,T_MAN,C,1.1111215243572334,0.03602
case.lis,804,1_2LT,C,1.377317731214001,0.03616
case.lis,804,1_2LT,A,1.75306162748387,0.03233
case.lis,804,1_2LT,B,2.0188321485307563,0.03136
case.lis,804,T_OPO,A,1.7867623649901931,0.0325
case.lis,804,T_OPO,B,1.819607994533046,0.0315
case.lis,804,T_OPO,C,1.4545339332783087,0.03632
case.lis,805,T_MAN,A,1.395120024494795,0.03332
case.lis,805,T_MAN,B,1.1301083273427586,0.03926
case.lis,805,T_MAN,C,1.2066931139451706,0.03586
case.lis,805,1_2LT,C,1.525171152941594,0.03596
case.lis,805,1_2LT,A,1.9389866254870116,0.03344
case.lis,805,1_2LT,B,1.246277572175333,0.03671
case.lis,805,T_OPO,A,1.8040448982489772,0.03358
case.lis,805,T_OPO,B,1.3963983066641819,0.0382
case.lis,805,T_OPO,C,1.6572170008076181,0.0361
case.lis,806,T_MAN,A,1.1529130168534838,0.0414
case.lis,806,T_MAN,B,1.3701808798601314,0.03752
case.lis,806,T_MAN,C,1.2755076013738385,0.03714
case.lis,806,1_2LT,C,1.793817194280998,0.03726
case.lis,806,1_2LT,A,1.2963913664723057,0.04142
case.lis,806,1_2LT,B,1.9200793507104377,0.03756
case.lis,806,T_OPO,A,1.5741354491156134,0.04161
case.lis,806,T_OPO,B,1.76450788537146,0.03772
case.lis,806,T_OPO,C,1.8332996973650344,0.0372
case.lis,807,T_MAN,A,1.1442637716659123,0.03254
case.lis,807,T_MAN,B,1.5793042058272764,0.03081
case.lis,807,T_MAN,C,1.160317811088332,0.0356
case.lis,807,1_2LT,C,1.7308185698944771,0.02967
case.lis,807,1_2LT,A,1.3005352911419368,0.03213
case.lis,807,1_2LT,B,1.8657222858258562,0.0309
case.lis,807,T_OPO,A,1.471771204416163,0.03229
case.lis,807,T_OPO,B,1.8144350666063171,0.03064
case.lis,807,T_OPO,C,1.735416997257648,0.02981
case.lis,808,T_MAN,A,1.1996111007570311,0.04054
case.lis,808,T_MAN,B,1.185724868429227,0.03888
case.lis,808,T_MAN,C,1.339496614215856,0.03725
case.lis,808,1_2LT,C,1.9759145167159224,0.03736
case.lis,808,1_2LT,A,1.5698490641390879,0.03566
case.lis,808,1_2LT,B,1.6006441066056072,0.03854
case.lis,808,T_OPO,A,1.7662656087755266,0.03919
case.lis,808,T_OPO,B,1.750389946484198,0.04004
case.lis,808,T_OPO,C,1.8054328744996762,0.03752
case.lis,809,T_MAN,A,1.2747883773973392,0.02661
case.lis,809,T_MAN,B,1.1172975851327245,0.02989
case.lis,809,T_MAN,C,1.2054466750090966,0.02752
case.lis,809,1_2LT,C,1.499301738597939,0.02769
case.lis,809,1_2LT,A,1.8002837313737499,0.02673
case.lis,809,1_2LT,B,1.4576987317731214,0.02998
case.lis,809,T_OPO,A,1.7731236188396922,0.02687
case.lis,809,T_OPO,B,1.5841498264952032,0.03014
case.lis,809,T_OPO,C,1.7374989483213077,0.02786
case.lis,810,T_MAN,A,1.1949400498770824,0.02395
case.lis,810,T_MAN,B,1.413573249199038,0.02269
case.lis,810,T_MAN,C,1.129450384728028,0.02746
case.lis,810,1_2LT,C,1.3720415967766268,0.02759
case.lis,810,1_2LT,A,1.5598968733636855,0.02531
case.lis,810,1_2LT,B,1.8943159296040897,0.0228
case.lis,810,T_OPO,A,1.6419078427718168,0.02546
case.lis,810,T_OPO,B,1.8073463617242207,0.02294
case.lis,810,T_OPO,C,1.387018175847777,0.02743
case.lis,811,T_MAN,A,1.2154378444580527,0.02428
case.lis,811,T_MAN,B,1.3988213299963614,0.02164
case.lis,811,T_MAN,C,1.1890839301720848,0.02103
case.lis,811,1_2LT,C,1.801927367608296,0.02115
case.lis,811,1_2LT,A,1.6670897343734747,0.02429
case.lis,811,1_2LT,B,1.8388338347666338,0.02176
case.lis,811,T_OPO,A,1.781360792353364,0.0229
case.lis,811,T_OPO,B,1.7909396327555756,0.02189
case.lis,811,T_OPO,C,1.7608275868189602,0.02129
case.lis,812,T_MAN,A,1.3099666302794712,0.02403
case.lis,812,T_MAN,B,1.2706400241397977,0.02404
case.lis,812,T_MAN,C,1.1436973472847165,0.02759
case.lis,812,1_2LT,C,1.3210454928689972,0.02888
case.lis,812,1_2LT,A,1.5745962352565297,0.02397
case.lis,812,1_2LT,B,1.6917126299067244,0.02414
case.lis,812,T_OPO,A,1.7586680511550716,0.02529
case.lis,812,T_OPO,B,1.7052318219334912,0.02408
case.lis,812,T_OPO,C,1.4397129760288256,0.02747
case.lis,813,T_MAN,A,1.612551186133816,0.033
case.lis,813,T_MAN,B,1.2551078747215494,0.03206
case.lis,813,T_MAN,C,1.1604768497563833,0.0356
case.lis,813,1_2LT,C,1.3417295455150562,0.03547
case.lis,813,1_2LT,A,2.0099008937050153,0.03313
case.lis,813,1_2LT,B,1.7795618449195487,0.03217
case.lis,813,T_OPO,A,1.8398558268324503,0.03325
case.lis,813,T_OPO,B,1.768598560487056,0.03231
case.lis,813,T_OPO,C,1.5437114939162384,0.03538
case.lis,814,T_MAN,A,1.186474684274519,0.03291
case.lis,814,T_MAN,B,1.2356896260993813,0.03068
case.lis,814,T_MAN,C,1.5051535273392087,0.02818
case.lis,814,1_2LT,C,1.923963825802959,0.02829
case.lis,814,1_2LT,A,1.2566158399673404,0.03296
case.lis,814,1_2LT,B,1.401600859092805,0.02955
case.lis,814,T_OPO,A,1.3711442619168064,0.03414
case.lis,814,T_OPO,B,1.5773018450970475,0.0297
case.lis,814,T_OPO,C,1.7861284645491096,0.02843
case.lis,815,T_MAN,A,1.1349059612875743,0.03412
case.lis,815,T_MAN,B,1.2143472935914164,0.03032
case.lis,815,T_MAN,C,1.2287820584502605,0.02785
case.lis,815,1_2LT,C,1.737356754262183,0.02659
case.lis,815,1_2LT,A,1.407394889817798,0.03275
case.lis,815,1_2LT,B,1.7033322683422525,0.03037
case.lis,815,T_OPO,A,1.5539182530596307,0.03293
case.lis,815,T_OPO,B,1.7395867834606886,0.02909
case.lis,815,T_OPO,C,1.7456005839701094,0.02674
case.lis,816,T_MAN,A,1.4744659690975088,0.03224
case.lis,816,T_MAN,B,1.4400314172368807,0.03124
case.lis,816,T_MAN,C,1.1954886090328993,0.03587
case.lis,816,1_2LT,C,1.39338383166041,0.03602
case.lis,816,1_2LT,A,2.23610953433265,0.03235
case.lis,816,1_2LT,B,2.0987386955634246,0.03135
case.lis,816,T_OPO,A,1.8881135014244255,0.0325
case.lis,816,T_OPO,B,1.836263567542622,0.03149
case.lis,816,T_OPO,C,1.6349007960808328,0.031
case.lis,817,T_MAN,A,1.2153701287751717,0.02473
case.lis,817,T_MAN,B,1.2742050462827375,0.02232
case.lis,817,T_MAN,C,1.1104547866911616,0.02738
case.lis,817,1_2LT,C,1.7533978540429722,0.02152
case.lis,817,1_2LT,A,1.705198665211179,0.02476
case.lis,817,1_2LT,B,1.6714186568687488,0.02088
case.lis,817,T_OPO,A,1.7363250707775322,0.02334
case.lis,817,T_OPO,B,1.7437737603947567,0.02248
case.lis,817,T_OPO,C,1.7626320367066926,0.02146
case.lis,818,T_MAN,A,1.2887286668974147,0.0252
case.lis,818,T_MAN,B,1.3053340255775359,0.02265
case.lis,818,T_MAN,C,1.1485990397330423,0.02794
case.lis,818,1_2LT,C,1.158163351881928,0.02802
case.lis,818,1_2LT,A,1.8565321227934717,0.02385
case.lis,818,1_2LT,B,1.900916779821969,0.02278
case.lis,818,T_OPO,A,1.790165251116022,0.02396
case.lis,818,T_OPO,B,1.8010442858791056,0.02292
case.lis,818,T_OPO,C,1.2505062790099133,0.02909
case.lis,819,T_MAN,A,1.271256245728942,0.02594
case.lis,819,T_MAN,B,1.166686546500173,0.03066
case.lis,819,T_MAN,C,1.5070431321387683,0.0273
case.lis,819,1_2LT,C,1.9132677298827623,0.02726
case.lis,819,1_2LT,A,1.8799154219583412,0.02607
case.lis,819,1_2LT,B,1.3176541796462455,0.03024
case.lis,819,T_OPO,A,1.7834042439894566,0.02622
case.lis,819,T_OPO,B,1.5351236720892463,0.03043
case.lis,819,T_OPO,C,1.7852921980528413,0.02726
case.lis,820,T_MAN,A,1.359567879869006,0.02619
case.lis,820,T_MAN,B,1.1505854788466148,0.03019
case.lis,820,T_MAN,C,1.3022608429404403,0.02763
case.lis,820,1_2LT,C,1.6022700284885114,0.02746
case.lis,820,1_2LT,A,1.8729527765204967,0.02613
case.lis,820,1_2LT,B,1.3519570986092992,0.03034
case.lis,820,T_OPO,A,1.8170219299413366,0.0259
case.lis,820,T_OPO,B,1.4866166120858737,0.03044
case.lis,820,T_OPO,C,1.6946906999653877,0.02753
case.lis,821,T_MAN,A,1.2720858649058813,0.03293
case.lis,821,T_MAN,B,1.3488323260292696,0.0308
case.lis,821,T_MAN,C,1.281131668397277,0.02958
case.lis,821,1_2LT,C,1.6766438226079856,0.02964
case.lis,821,1_2LT,A,1.3661812082323812,0.03292
case.lis,821,1_2LT,B,1.7885968742511782,0.02943
case.lis,821,T_OPO,A,1.5991308252793381,0.03314
case.lis,821,T_OPO,B,1.7959441589676688,0.02926
case.lis,821,T_OPO,C,1.7269226283979873,0.02952
case.lis,822,T_MAN,A,1.5058413695785298,0.03418
case.lis,822,T_MAN,B,1.1594864346761096,0.03831
case.lis,822,T_MAN,C,1.3755720333342207,0.03545
case.lis,822,1_2LT,C,1.7015895879372012,0.03552
case.lis,822,1_2LT,A,1.93394661732208,0.03412
case.lis,822,1_2LT,B,1.2902786105416366,0.03839
case.lis,822,T_OPO,A,1.8107162153766962,0.0344
case.lis,822,T_OPO,B,1.3250719933970552,0.03853
case.lis,822,T_OPO,C,1.7467645570968344,0.03684
case.lis,823,T_MAN,A,1.1999394552570624,0.03335
case.lis,823,T_MAN,B,1.5436942765604338,0.03022
case.lis,823,T_MAN,C,1.2564552126875936,0.02894
case.lis,823,1_2LT,C,1.8562402619878058,0.0289
case.lis,823,1_2LT,A,1.220154947327316,0.03328
case.lis,823,1_2LT,B,1.8541098005804202,0.03026
case.lis,823,T_OPO,A,1.320146063526718,0.03301
case.lis,823,T_OPO,B,1.7831664847306905,0.03039
case.lis,823,T_OPO,C,1.7770212643219112,0.02904
case.lis,824,T_MAN,A,1.1350692244202456,0.03345
case.lis,824,T_MAN,B,1.2568288115587034,0.02997
case.lis,824,T_MAN,C,1.3968603885442459,0.02758
case.lis,824,1_2LT,C,2.1571773476397134,0.02762
case.lis,824,1_2LT,A,1.8536783016942233,0.02709
case.lis,824,1_2LT,B,1.5464530472057296,0.03009
case.lis,824,T_OPO,A,1.7861103863255146,0.02726
case.lis,824,T_OPO,B,1.6753530001686237,0.03023
case.lis,824,T_OPO,C,1.8442092884972088,0.02776
case.lis,825,T_MAN,A,1.1586687078995714,0.03371
case.lis,825,T_MAN,B,1.588202916300576,0.03074
case.lis,825,T_MAN,C,1.213877810023341,0.03515
case.lis,825,1_2LT,C,1.5337524960728455,0.03529
case.lis,825,1_2LT,A,1.434212128473424,0.03268
case.lis,825,1_2LT,B,1.9305470504184528,0.03084
case.lis,825,T_OPO,A,1.629077637849783,0.03401
case.lis,825,T_OPO,B,1.805511328842621,0.03089
case.lis,825,T_OPO,C,1.750558854069597,0.03538
case.lis,826,T_MAN,A,1.4964111575565555,0.03305
case.lis,826,T_MAN,B,1.2314893900263586,0.03896
case.lis,826,T_MAN,C,1.2303667119287875,0.03615
case.lis,826,1_2LT,C,1.3513290201194565,0.03448
case.lis,826,1_2LT,A,1.8089211285355487,0.03316
case.lis,826,1_2LT,B,1.594752345199109,0.03297
case.lis,826,T_OPO,A,1.7526326845762668,0.0333
case.lis,826,T_OPO,B,1.7537688259360829,0.03281
case.lis,826,T_OPO,C,1.6717227118222886,0.03585
case.lis,827,T_MAN,A,1.1599074345252358,0.02442
case.lis,827,T_MAN,B,1.268082430309646,0.02225
case.lis,827,T_MAN,C,1.2011748449106738,0.02668
case.lis,827,1_2LT,C,1.6272196455354686,0.02678
case.lis,827,1_2LT,A,1.4226219192914258,0.02426
case.lis,827,1_2LT,B,2.0029447890873913,0.02222
case.lis,827,T_OPO,A,1.660316834846508,0.0229
case.lis,827,T_OPO,B,1.8273350728187652,0.02236
case.lis,827,T_OPO,C,1.7211980972159358,0.02689
case.lis,828,T_MAN,A,1.1222938399140907,0.03309
case.lis,828,T_MAN,B,1.629483035579577,0.03064
case.lis,828,T_MAN,C,1.2126757013410012,0.03543
case.lis,828,1_2LT,C,1.7977566939126886,0.02938
case.lis,828,1_2LT,A,1.204990920951037,0.03323
case.lis,828,1_2LT,B,1.8429299679615183,0.03075
case.lis,828,T_OPO,A,1.2625658297611757,0.03189
case.lis,828,T_OPO,B,1.7874899047720476,0.03088
case.lis,828,T_OPO,C,1.7539493064245588,0.02952
case.lis,829,T_MAN,A,1.2332078773840267,0.03325
case.lis,829,T_MAN,B,1.410186817185406,0.0308
case.lis,829,T_MAN,C,1.1531347124967828,0.03607
case.lis,829,1_2LT,C,1.3656685037762808,0.03721
case.lis,829,1_2LT,A,1.6410761646121212,0.03338
case.lis,829,1_2LT,B,1.9523441341178767,0.03091
case.lis,829,T_OPO,A,1.7008879895630875,0.03326
case.lis,829,T_OPO,B,1.8288601932958812,0.03105
case.lis,829,T_OPO,C,1.533500536933003,0.03586
case.lis,830,T_MAN,A,1.255062896598241,0.03397
case.lis,830,T_MAN,B,1.1675053116430152,0.03881
case.lis,830,T_MAN,C,1.3971720936837155,0.03456
case.lis,830,1_2LT,C,1.72523576240049,0.03463
case.lis,830,1_2LT,A,1.9437892915146835,0.03407
case.lis,830,1_2LT,B,1.4881188973792343,0.03865
case.lis,830,T_OPO,A,1.8312748741979286,0.03423
case.lis,830,T_OPO,B,1.6699774133141636,0.03871
case.lis,830,T_OPO,C,1.8129338729288142,0.03476
case.lis,831,T_MAN,A,1.1901124541831962,0.03374
case.lis,831,T_MAN,B,1.2713870621333545,0.0293
case.lis,831,T_MAN,C,1.3181544947061068,0.02912
case.lis,831,1_2LT,C,1.7483138262467053,0.02907
case.lis,831,1_2LT,A,1.4119187766802452,0.03364
case.lis,831,1_2LT,B,1.7681454955314748,0.02935
case.lis,831,T_OPO,A,1.6814671317127718,0.03349
case.lis,831,T_OPO,B,1.7396843188938294,0.02948
case.lis,831,T_OPO,C,1.794789877259778,0.02897
case.lis,832,T_MAN,A,1.2371961447322877,0.02464
case.lis,832,T_MAN,B,1.389074522750872,0.02198
case.lis,832,T_MAN,C,1.3523207930633583,0.02038
case.lis,832,1_2LT,C,1.9292344489114903,0.02048
case.lis,832,1_2LT,A,1.381099425792309,0.02352
case.lis,832,1_2LT,B,1.6566646609334645,0.02182
case.lis,832,T_OPO,A,1.6779301898346604,0.02485
case.lis,832,T_OPO,B,1.7712139034585583,0.02314
case.lis,832,T_OPO,C,1.8081852551984878,0.02038
case.lis,833,T_MAN,A,1.3317702814238932,0.02448
case.lis,833,T_MAN,B,1.115574607062666,0.03084
case.lis,833,T_MAN,C,1.1783287538716862,0.02694
case.lis,833,1_2LT,C,1.7382083566300133,0.02707
case.lis,833,1_2LT,A,1.8876583508613114,0.02461
case.lis,833,1_2LT,B,1.3011966062284228,0.03092
case.lis,833,T_OPO,A,1.7840951569530605,0.02476
case.lis,833,T_OPO,B,1.4425355662646324,0.03108
case.lis,833,T_OPO,C,1.7481287662965823,0.02845
case.lis,834,T_MAN,A,1.2699321068186056,0.02353
case.lis,834,T_MAN,B,1.3615361342598755,0.02379
case.lis,834,T_MAN,C,1.2933805745626878,0.02735
case.lis,834,1_2LT,C,1.4097700063011973,0.02868
case.lis,834,1_2LT,A,1.8748457981664404,0.02486
case.lis,834,1_2LT,B,1.751386023767051,0.0239
case.lis,834,T_OPO,A,1.8034164913868846,0.02498
case.lis,834,T_OPO,B,1.7558962787436656,0.02367
case.lis,834,T_OPO,C,1.5856631433211748,0.02877
case.lis,835,T_MAN,A,1.2613529824187724,0.04142
case.lis,835,T_MAN,B,1.2772355937769022,0.03869
case.lis,835,T_MAN,C,1.3167539071860273,0.03667
case.lis,835,1_2LT,C,1.8465517363792079,0.03678
case.lis,835,1_2LT,A,1.5959406977466564,0.04132
case.lis,835,1_2LT,B,1.6566443373536748,0.03759
case.lis,835,T_OPO,A,1.7475004659335978,0.04141
case.lis,835,T_OPO,B,1.787000736618831,0.03734
case.lis,835,T_OPO,C,1.806495203102674,0.03668
case.lis,836,T_MAN,A,1.322682455159438,0.03372
case.lis,836,T_MAN,B,1.1904021406320724,0.03881
case.lis,836,T_MAN,C,1.475101218527295,0.03637
case.lis,836,1_2LT,C,1.8702295943271474,0.03634
case.lis,836,1_2LT,A,1.9125975398706037,0.03385
case.lis,836,1_2LT,B,1.2457684798139814,0.03931
case.lis,836,T_OPO,A,1.796622567161,0.034
case.lis,836,T_OPO,B,1.472408521703631,0.03912
case.lis,836,T_OPO,C,1.8148110972070608,0.03643
case.lis,837,T_MAN,A,1.4168925335250317,0.02608
case.lis,837,T_MAN,B,1.1653110217701927,0.03078
case.lis,837,T_MAN,C,1.287354313657623,0.02699
case.lis,837,1_2LT,C,1.3343548905277918,0.02703
case.lis,837,1_2LT,A,1.7863335907061777,0.02607
case.lis,837,1_2LT,B,1.4399551816253537,0.03077
case.lis,837,T_OPO,A,1.8063189470788183,0.02607
case.lis,837,T_OPO,B,1.6421992953309015,0.02962
case.lis,837,T_OPO,C,1.5775447340628523,0.02719
case.lis,838,T_MAN,A,1.5599724078560842,0.03322
case.lis,838,T_MAN,B,1.390066473193287,0.03156
case.lis,838,T_MAN,C,1.26095387701128,0.03604
case.lis,838,1_2LT,C,1.8720324467282587,0.03467
case.lis,838,1_2LT,A,2.0215203102674018,0.03334
case.lis,838,1_2LT,B,1.9598846259662577,0.03167
case.lis,838,T_OPO,A,1.786676686457751,0.03348
case.lis,838,T_OPO,B,1.804692261952306,0.03181
case.lis,838,T_OPO,C,1.7643960169333581,0.03601
case.lis,839,T_MAN,A,1.4607036662317954,0.03407
case.lis,839,T_MAN,B,1.1608288736831829,0.03878
case.lis,839,T_MAN,C,1.212826841325204,0.03498
case.lis,839,1_2LT,C,1.4412396496179345,0.03534
case.lis,839,1_2LT,A,1.9524679837056362,0.03419
case.lis,839,1_2LT,B,1.4639079403959991,0.03745
case.lis,839,T_OPO,A,1.7952952244024958,0.03433
case.lis,839,T_OPO,B,1.6952126520940387,0.03761
case.lis,839,T_OPO,C,1.7424041286154228,0.03533
case.lis,840,T_MAN,A,1.4402693717440116,0.03297
case.lis,840,T_MAN,B,1.4805696814789175,0.03024
case.lis,840,T_MAN,C,1.2050193917125944,0.03592
case.lis,840,1_2LT,C,1.6471656238629002,0.03001
case.lis,840,1_2LT,A,1.853485014688002,0.03298
case.lis,840,1_2LT,B,1.9886339714404893,0.03029
case.lis,840,T_OPO,A,1.7709583943484475,0.03319
case.lis,840,T_OPO,B,1.7931119039378045,0.03046
case.lis,840,T_OPO,C,1.7939533445157396,0.02992
case.lis,841,T_MAN,A,1.5608666009922167,0.03291
case.lis,841,T_MAN,B,1.1908078223594876,0.0388
case.lis,841,T_MAN,C,1.1821554531980796,0.03652
case.lis,841,1_2LT,C,1.3420814363179707,0.03637
case.lis,841,1_2LT,A,1.9938975744828136,0.03298
case.lis,841,1_2LT,B,1.5185171951684904,0.03883
case.lis,841,T_OPO,A,1.810235673651233,0.03314
case.lis,841,T_OPO,B,1.7056466625842008,0.03882
case.lis,841,T_OPO,C,1.4237274687824488,0.0362
case.lis,842,T_MAN,A,1.3621840127088936,0.03355
case.lis,842,T_MAN,B,1.3523917037194815,0.03102
case.lis,842,T_MAN,C,1.1413496986962735,0.03632
case.lis,842,1_2LT,C,1.227563921652156,0.03543
case.lis,842,1_2LT,A,1.5400270063988213,0.03142
case.lis,842,1_2LT,B,1.899244832574527,0.03113
case.lis,842,T_OPO,A,1.738301845097047,0.03381
case.lis,842,T_OPO,B,1.8246793933100809,0.03104
case.lis,842,T_OPO,C,1.3901389813360314,0.03555
case.lis,843,T_MAN,A,1.3264631646209963,0.02511
case.lis,843,T_MAN,B,1.1375779440347187,0.03138
case.lis,843,T_MAN,C,1.272167034976082,0.02726
case.lis,843,1_2LT,C,1.7881260239445496,0.02603
case.lis,843,1_2LT,A,1.9240821108123218,0.02506
case.lis,843,1_2LT,B,1.338986394738944,0.02972
case.lis,843,T_OPO,A,1.7969498655448761,0.02521
case.lis,843,T_OPO,B,1.4118979028550638,0.03163
case.lis,843,T_OPO,C,1.7988137596847626,0.02741
case.lis,844,T_MAN,A,1.511280119279001,0.02477
case.lis,844,T_MAN,B,1.1742525448849366,0.02361
case.lis,844,T_MAN,C,1.1739980386414264,0.02735
case.lis,844,1_2LT,C,1.2814626498753072,0.02824
case.lis,844,1_2LT,A,1.9514823788350772,0.02475
case.lis,844,1_2LT,B,1.8231112560682303,0.02373
case.lis,844,T_OPO,A,1.8151093834589134,0.02471
case.lis,844,T_OPO,B,1.7678442539293733,0.02388
case.lis,844,T_OPO,C,1.4070813830684168,0.02839
case.lis,845,T_MAN,A,1.2157458043788882,0.02543
case.lis,845,T_MAN,B,1.2044316408850075,0.02453
case.lis,845,T_MAN,C,1.295032899349468,0.02771
case.lis,845,1_2LT,C,1.7077309832530152,0.02776
case.lis,845,1_2LT,A,1.7131089752123327,0.02372
case.lis,845,1_2LT,B,1.7540698190402657,0.02463
case.lis,845,T_OPO,A,1.7459750437090091,0.02387
case.lis,845,T_OPO,B,1.745065470326686,0.02477
case.lis,845,T_OPO,C,1.7304545026935398,0.0279
case.lis,846,T_MAN,A,1.3824032766225582,0.03233
case.lis,846,T_MAN,B,1.1979898470850308,0.03816
case.lis,846,T_MAN,C,1.1941994373297122,0.036
case.lis,846,1_2LT,C,1.3271624200147323,0.03587
case.lis,846,1_2LT,A,1.8647167034976082,0.03229
case.lis,846,1_2LT,B,1.601492407501087,0.03245
case.lis,846,T_OPO,A,1.802132760013135,0.03209
case.lis,846,T_OPO,B,1.6924291559058193,0.03241
case.lis,846,T_OPO,C,1.427972878227145,0.03598
case.lis,847,T_MAN,A,1.2999737834695635,0.03318
case.lis,847,T_MAN,B,1.3782486221677894,0.03195
case.lis,847,T_MAN,C,1.1442546393673951,0.03584
case.lis,847,1_2LT,C,1.339268439876816,0.03683
case.lis,847,1_2LT,A,1.6404463643866984,0.03453
case.lis,847,1_2LT,B,1.724489026154406,0.03206
case.lis,847,T_OPO,A,1.7375982676145085,0.0332
case.lis,847,T_OPO,B,1.7856582976117574,0.03182
case.lis,847,T_OPO,C,1.5047144492664872,0.03699
case.lis,848,T_MAN,A,1.4807994888042812,0.03328
case.lis,848,T_MAN,B,1.144256520851638,0.03964
case.lis,848,T_MAN,C,1.2236633030698367,0.03596
case.lis,848,1_2LT,C,1.5802251568643113,0.03589
case.lis,848,1_2LT,A,1.8886198159340417,0.0334
case.lis,848,1_2LT,B,1.2433329250867524,0.0397
case.lis,848,T_OPO,A,1.804013436637468,0.03337
case.lis,848,T_OPO,B,1.4081290236694266,0.03942
case.lis,848,T_OPO,C,1.6621664581059132,0.03702
case.lis,849,T_MAN,A,1.1146199845576292,0.0333
case.lis,849,T_MAN,B,1.2077976871943696,0.03012
case.lis,849,T_MAN,C,1.420880951747029,0.02743
case.lis,849,1_2LT,C,1.9445888513183702,0.02748
case.lis,849,1_2LT,A,1.7073884643716108,0.0272
case.lis,849,1_2LT,B,1.7698446888007313,0.03001
case.lis,849,T_OPO,A,1.7829924474382526,0.02711
case.lis,849,T_OPO,B,1.761378275956939,0.03016
case.lis,849,T_OPO,C,1.7827711689164603,0.02767
case.lis,850,T_MAN,A,1.2505044507752248,0.04171
case.lis,850,T_MAN,B,1.167402664252687,0.03785
case.lis,850,T_MAN,C,1.3298304889196553,0.03542
case.lis,850,1_2LT,C,1.8408245693442318,0.03553
case.lis,850,1_2LT,A,1.6341980794660846,0.03586
case.lis,850,1_2LT,B,1.4230086885522335,0.03921
case.lis,850,T_OPO,A,1.6624175208782628,0.03603
case.lis,850,T_OPO,B,1.6716188219423662,0.03907
case.lis,850,T_OPO,C,1.8037147776387374,0.03553
case.lis,851,T_MAN,A,1.2057828128189425,0.02481
case.lis,851,T_MAN,B,1.307259201079191,0.02287
case.lis,851,T_MAN,C,1.1766282293635792,0.0274
case.lis,851,1_2LT,C,1.5286085447784374,0.02747
case.lis,851,1_2LT,A,1.4098733548106535,0.0252
case.lis,851,1_2LT,B,1.828954604755185,0.0214
case.lis,851,T_OPO,A,1.5930350470814807,0.02504
case.lis,851,T_OPO,B,1.7668936251408893,0.02154
case.lis,851,T_OPO,C,1.6725077699974262,0.02756
case.lis,852,T_MAN,A,1.3267109525457723,0.02511
case.lis,852,T_MAN,B,1.120434338862412,0.03106
case.lis,852,T_MAN,C,1.2054006141448563,0.02731
case.lis,852,1_2LT,C,1.7374527188334796,0.02607
case.lis,852,1_2LT,A,1.92083220178031,0.02524
case.lis,852,1_2LT,B,1.5881253494501986,0.02988
case.lis,852,T_OPO,A,1.797911907487775,0.02539
case.lis,852,T_OPO,B,1.6719507086628151,0.02993
case.lis,852,T_OPO,C,1.7351423094331586,0.02601
case.lis,853,T_MAN,A,1.213497075711991,0.02406
case.lis,853,T_MAN,B,1.1656171712061913,0.02451
case.lis,853,T_MAN,C,1.1974315876354535,0.02764
case.lis,853,1_2LT,C,1.7439808301605473,0.02642
case.lis,853,1_2LT,A,1.8590463004872335,0.02403
case.lis,853,1_2LT,B,1.434458673908606,0.03037
case.lis,853,T_OPO,A,1.8094114149293998,0.02418
case.lis,853,T_OPO,B,1.6507851557993203,0.0247
case.lis,853,T_OPO,C,1.7746146152275974,0.02651
case.lis,854,T_MAN,A,1.5684424505444767,0.02532
case.lis,854,T_MAN,B,1.1669077983971885,0.03123
case.lis,854,T_MAN,C,1.1874553191867017,0.02844
case.lis,854,1_2LT,C,1.277943014102257,0.02677
case.lis,854,1_2LT,A,1.8811406941966862,0.02543
case.lis,854,1_2LT,B,1.3937550698012906,0.0287
case.lis,854,T_OPO,A,1.7964618333821454,0.02557
case.lis,854,T_OPO,B,1.5231336475057022,0.02989
case.lis,854,T_OPO,C,1.415279089787623,0.02812
case.lis,855,T_MAN,A,1.259512464833107,0.03288
case.lis,855,T_MAN,B,1.533895293626916,0.03145
case.lis,855,T_MAN,C,1.1799936988027724,0.03584
case.lis,855,1_2LT,C,1.6130475252269763,0.02992
case.lis,855,1_2LT,A,1.732244646201088,0.03289
case.lis,855,1_2LT,B,1.9551494093736965,0.03157
case.lis,855,T_OPO,A,1.7532613576861296,0.03423
case.lis,855,T_OPO,B,1.782047179104875,0.03171
case.lis,855,T_OPO,C,1.6465334984069506,0.02968
case.lis,856,T_MAN,A,1.1759902198319088,0.02518
case.lis,856,T_MAN,B,1.298116900520958,0.02205
case.lis,856,T_MAN,C,1.2081609024024424,0.02813
case.lis,856,1_2LT,C,1.473570915093586,0.02198
case.lis,856,1_2LT,A,1.3406482245711193,0.02506
case.lis,856,1_2LT,B,1.67965384239907,0.02081
case.lis,856,T_OPO,A,1.408167416597886,0.025
case.lis,856,T_OPO,B,1.745886862447527,0.02221
case.lis,856,T_OPO,C,1.7069413456162303,0.02182
case.lis,857,T_MAN,A,1.1793618307196678,0.03267
case.lis,857,T_MAN,B,1.3168414139531581,0.02985
case.lis,857,T_MAN,C,1.1325826033706967,0.03668
case.lis,857,1_2LT,C,1.3411706293209795,0.03079
case.lis,857,1_2LT,A,1.6398501912546481,0.03231
case.lis,857,1_2LT,B,1.8480798210814984,0.02981
case.lis,857,T_OPO,A,1.7386049770583172,0.03249
case.lis,857,T_OPO,B,1.7684406755593423,0.02995
case.lis,857,T_OPO,C,1.4876660010472411,0.03095
case.lis,858,T_MAN,A,1.1762763740603672,0.03322
case.lis,858,T_MAN,B,1.2692503350284443,0.03039
case.lis,858,T_MAN,C,1.4654155861444662,0.02751
case.lis,858,1_2LT,C,1.7751648783691436,0.02761
case.lis,858,1_2LT,A,1.6686970721620207,0.02737
case.lis,858,1_2LT,B,1.6111221456020306,0.03044
case.lis,858,T_OPO,A,1.762121373483497,0.02721
case.lis,858,T_OPO,B,1.7739922078152595,0.03022
case.lis,858,T_OPO,C,1.753349822945233,0.0275
case.lis,859,T_MAN,A,1.2445729829512677,0.04067
case.lis,859,T_MAN,B,1.2130473388535372,0.03892
case.lis,859,T_MAN,C,1.5206897592232667,0.03611
case.lis,859,1_2LT,C,1.9024613718860106,0.03606
case.lis,859,1_2LT,A,1.4310759959885337,0.0407
case.lis,859,1_2LT,B,1.2416666222920383,0.04747
case.lis,859,T_OPO,A,1.5066776715745007,0.04309
case.lis,859,T_OPO,B,1.3808663702441493,0.04764
case.lis,859,T_OPO,C,1.7864638746150503,0.03581
case.lis,860,T_MAN,A,1.2351052122438475,0.04118
case.lis,860,T_MAN,B,1.2149054731666624,0.03888
case.lis,860,T_MAN,C,1.2005942650230303,0.03797
case.lis,860,1_2LT,C,1.7812502995287414,0.03808
case.lis,860,1_2LT,A,1.6507422100339908,0.0413
case.lis,860,1_2LT,B,1.4230947842061823,0.03904
case.lis,860,T_OPO,A,1.65499241193855,0.04149
case.lis,860,T_OPO,B,1.6515157751803828,0.04073
case.lis,860,T_OPO,C,1.7481395493312744,0.03821
case.lis,861,T_MAN,A,1.5021608491528884,0.03356
case.lis,861,T_MAN,B,1.1443266593892276,0.03947
case.lis,861,T_MAN,C,1.1319943732971236,0.03654
case.lis,861,1_2LT,C,1.463523789238265,0.035
case.lis,861,1_2LT,A,1.989821880241753,0.03368
case.lis,861,1_2LT,B,1.3993828465436602,0.03688
case.lis,861,T_OPO,A,1.8025942206484022,0.03383
case.lis,861,T_OPO,B,1.7053517576790296,0.03332
case.lis,861,T_OPO,C,1.752671973872219,0.03633
case.lis,862,T_MAN,A,1.1425907328026128,0.03351
case.lis,862,T_MAN,B,1.255592711911038,0.03094
case.lis,862,T_MAN,C,1.2729630803092022,0.02713
case.lis,862,1_2LT,C,1.8676187953175891,0.02709
case.lis,862,1_2LT,A,1.5027209279622284,0.03339
case.lis,862,1_2LT,B,1.6972153145717406,0.03095
case.lis,862,T_OPO,A,1.6707540136851353,0.02759
case.lis,862,T_OPO,B,1.7393289668699023,0.03095
case.lis,862,T_OPO,C,1.7622539293733415,0.02723
case.lis,863,T_MAN,A,1.3934158168925335,0.03454
case.lis,863,T_MAN,B,1.1676772455780684,0.03783
case.lis,863,T_MAN,C,1.2204457875165298,0.03544
case.lis,863,1_2LT,C,1.5570195337114052,0.03555
case.lis,863,1_2LT,A,1.951805701252252,0.03465
case.lis,863,1_2LT,B,1.6173726315042112,0.03791
case.lis,863,T_OPO,A,1.795950655413261,0.03479
case.lis,863,T_OPO,B,1.674589206315397,0.03806
case.lis,863,T_OPO,C,1.7544830799542055,0.03565
case.lis,864,T_MAN,A,1.1793926267117514,0.03304
case.lis,864,T_MAN,B,1.2330967278149048,0.03078
case.lis,864,T_MAN,C,1.276961110075703,0.02843
case.lis,864,1_2LT,C,1.8788853093355344,0.02857
case.lis,864,1_2LT,A,1.5317850670500635,0.03299
case.lis,864,1_2LT,B,1.8185873780807087,0.02922
case.lis,864,T_OPO,A,1.642982605145682,0.03138
case.lis,864,T_OPO,B,1.7676366072934138,0.02916
case.lis,864,T_OPO,C,1.7871709754430807,0.02871
case.lis,865,T_MAN,A,1.4378831527285958,0.02511
case.lis,865,T_MAN,B,1.1195780860335294,0.02996
case.lis,865,T_MAN,C,1.2227433371495515,0.02769
case.lis,865,1_2LT,C,1.9167230046948356,0.02613
case.lis,865,1_2LT,A,2.1536529194067997,0.02524
case.lis,865,1_2LT,B,1.555011359904861,0.0247
case.lis,865,T_OPO,A,1.847027609893767,0.02538
case.lis,865,T_OPO,B,1.767724815179673,0.02488
case.lis,865,T_OPO,C,1.7985014865500502,0.02626
case.lis,866,T_MAN,A,1.1732218642668868,0.02406
case.lis,866,T_MAN,B,1.404222450011981,0.02315
case.lis,866,T_MAN,C,1.2031177347639712,0.02793
case.lis,866,1_2LT,C,1.5622298428250663,0.02645
case.lis,866,1_2LT,A,1.4306039386920135,0.02574
case.lis,866,1_2LT,B,1.861969488005538,0.02316
case.lis,866,T_OPO,A,1.736467513334576,0.02432
case.lis,866,T_OPO,B,1.7789490668015655,0.02339
case.lis,866,T_OPO,C,1.738354508905988,0.02657
case.lis,867,T_MAN,A,1.1563368744286768,0.0352
case.lis,867,T_MAN,B,1.2217484047321103,0.03843
case.lis,867,T_MAN,C,1.4483300939854629,0.0356
case.lis,867,1_2LT,C,2.046049149338374,0.03565
case.lis,867,1_2LT,A,1.6888358582496872,0.03531
case.lis,867,1_2LT,B,1.5300800340797147,0.03834
case.lis,867,T_OPO,A,1.7666217950424665,0.0353
case.lis,867,T_OPO,B,1.8061615502720163,0.0383
case.lis,867,T_OPO,C,1.8062516751422206,0.0358
case.lis,868,T_MAN,A,1.2414243279462536,0.03413
case.lis,868,T_MAN,B,1.5334546535672764,0.03051
case.lis,868,T_MAN,C,1.176244646201088,0.02949
case.lis,868,1_2LT,C,1.7174557629329854,0.02961
case.lis,868,1_2LT,A,1.53655005014333,0.0328
case.lis,868,1_2LT,B,2.0276832006531946,0.03061
case.lis,868,T_OPO,A,1.6911744366640928,0.03426
case.lis,868,T_OPO,B,1.850650620801051,0.03075
case.lis,868,T_OPO,C,1.7199371655262385,0.02975
case.lis,869,T_MAN,A,1.3993293396167805,0.0343
case.lis,869,T_MAN,B,1.1439575778552855,0.03886
case.lis,869,T_MAN,C,1.2124946528572824,0.0357
case.lis,869,1_2LT,C,1.7336814966674654,0.03422
case.lis,869,1_2LT,A,1.9369632134330874,0.03441
case.lis,869,1_2LT,B,1.3328378284831865,0.03884
case.lis,869,T_OPO,A,1.7953629933349309,0.03455
case.lis,869,T_OPO,B,1.5128062071230153,0.03867
case.lis,869,T_OPO,C,1.8227960453331205,0.03555
case.lis,870,T_MAN,A,1.5266522005378205,0.0254
case.lis,870,T_MAN,B,1.1617224455745183,0.03013
case.lis,870,T_MAN,C,1.1843526984211508,0.02852
case.lis,870,1_2LT,C,1.31906704118853,0.02685
case.lis,870,1_2LT,A,1.883486780798211,0.02551
case.lis,870,1_2LT,B,1.4600880392626712,0.02877
case.lis,870,T_OPO,A,1.7952626534252776,0.02565
case.lis,870,T_OPO,B,1.5750534714271767,0.02516
case.lis,870,T_OPO,C,1.5370472678541318,0.02666
case.lis,871,T_MAN,A,1.0888719969470255,0.0258
case.lis,871,T_MAN,B,1.5955812543819947,0.02185
case.lis,871,T_MAN,C,1.2499669852764983,0.02065
case.lis,871,1_2LT,C,1.8528199188831793,0.02061
case.lis,871,1_2LT,A,1.1414978212057474,0.02542
case.lis,871,1_2LT,B,1.896235079031213,0.02196
case.lis,871,T_OPO,A,1.2667134375249607,0.02512
case.lis,871,T_OPO,B,1.8087358378373581,0.02209
case.lis,871,T_OPO,C,1.7753417290130196,0.02075
case.lis,872,T_MAN,A,1.410182211098982,0.03509
case.lis,872,T_MAN,B,1.179897672106996,0.03845
case.lis,872,T_MAN,C,1.4552074513875946,0.0351
case.lis,872,1_2LT,C,1.8268163866627618,0.03504
case.lis,872,1_2LT,A,1.7331594291647807,0.03521
case.lis,872,1_2LT,B,1.264658341986386,0.03833
case.lis,872,T_OPO,A,1.7286301374725987,0.03534
case.lis,872,T_OPO,B,1.422747171117442,0.03822
case.lis,872,T_OPO,C,1.760297221260772,0.03533
case.lis,873,T_MAN,A,1.3424812517195168,0.02544
case.lis,873,T_MAN,B,1.124484144945286,0.03019
case.lis,873,T_MAN,C,1.1889227348970952,0.02821
case.lis,873,1_2LT,C,1.3704178492505124,0.02714
case.lis,873,1_2LT,A,1.920731826370954,0.02556
case.lis,873,1_2LT,B,1.2896236144022295,0.03007
case.lis,873,T_OPO,A,1.8136175972026234,0.02536
case.lis,873,T_OPO,B,1.3708897112986678,0.03122
case.lis,873,T_OPO,C,1.690440817558153,0.02699
case.lis,874,T_MAN,A,1.2321329108868715,0.0251
case.lis,874,T_MAN,B,1.215730344258367,0.02418
case.lis,874,T_MAN,C,1.2804434800358546,0.02043
case.lis,874,1_2LT,C,1.86918812179948,0.02039
case.lis,874,1_2LT,A,1.4898556937085652,0.02508
case.lis,874,1_2LT,B,1.7002118711005794,0.0243
case.lis,874,T_OPO,A,1.5427513157077308,0.0249
case.lis,874,T_OPO,B,1.7724792016116864,0.02426
case.lis,874,T_OPO,C,1.7830559031568112,0.02053
case.lis,875,T_MAN,A,1.1806884634841184,0.03371
case.lis,875,T_MAN,B,1.5523256742724778,0.02951
case.lis,875,T_MAN,C,1.3176840260212819,0.02785
case.lis,875,1_2LT,C,1.818498211702477,0.02682
case.lis,875,1_2LT,A,1.5068447864249137,0.02791
case.lis,875,1_2LT,B,1.8930564356523516,0.02962
case.lis,875,T_OPO,A,1.6603321085935907,0.03251
case.lis,875,T_OPO,B,1.8080255065363828,0.03099
case.lis,875,T_OPO,C,1.7590701917871439,0.02697
case.lis,876,T_MAN,A,1.3485043354011912,0.03357
case.lis,876,T_MAN,B,1.1110105345367733,0.03895
case.lis,876,T_MAN,C,1.1869209332871837,0.03638
case.lis,876,1_2LT,C,1.4390264206537269,0.0362
case.lis,876,1_2LT,A,1.915093976587946,0.0337
case.lis,876,1_2LT,B,1.2617450411352806,0.03783
case.lis,876,T_OPO,A,1.8097129227792716,0.03352
case.lis,876,T_OPO,B,1.3477022284938363,0.03647
case.lis,876,T_OPO,C,1.6620637752158824,0.03636
case.lis,877,T_MAN,A,1.2180716650248054,0.03292
case.lis,877,T_MAN,B,1.2800022187314182,0.03081
case.lis,877,T_MAN,C,1.3033676171712063,0.02958
case.lis,877,1_2LT,C,1.7887431685259636,0.02964
case.lis,877,1_2LT,A,1.4529135582239499,0.03288
case.lis,877,1_2LT,B,1.7971759099017548,0.02935
case.lis,877,T_OPO,A,1.6720177942259733,0.03307
case.lis,877,T_OPO,B,1.7975524729980388,0.02926
case.lis,877,T_OPO,C,1.73639564418648,0.02982
case.lis,878,T_MAN,A,1.185059320003195,0.03359
case.lis,878,T_MAN,B,1.1506594957267233,0.03903
case.lis,878,T_MAN,C,1.2221029136380983,0.03639
case.lis,878,1_2LT,C,1.6755265049655208,0.03624
case.lis,878,1_2LT,A,1.5728698935896412,0.03372
case.lis,878,1_2LT,B,1.7021784392555712,0.03295
case.lis,878,T_OPO,A,1.7387582470246812,0.03387
case.lis,878,T_OPO,B,1.736488103162136,0.03309
case.lis,878,T_OPO,C,1.6983797935692289,0.03638
case.lis,879,T_MAN,A,1.2690478713490776,0.03313
case.lis,879,T_MAN,B,1.0946375924101635,0.03095
case.lis,879,T_MAN,C,1.2950241486727547,0.02717
case.lis,879,1_2LT,C,1.8443790214506954,0.02713
case.lis,879,1_2LT,A,1.467786433788617,0.03319
case.lis,879,1_2LT,B,1.234704953096018,0.03082
case.lis,879,T_OPO,A,1.513624359895986,0.03337
case.lis,879,T_OPO,B,1.2776199224331497,0.02948
case.lis,879,T_OPO,C,1.760744020518828,0.02726
case.lis,880,T_MAN,A,1.2511245773316648,0.03241
case.lis,880,T_MAN,B,1.1277602172581804,0.03927
case.lis,880,T_MAN,C,1.202154920702539,0.03642
case.lis,880,1_2LT,C,1.53614925849996,0.0364
case.lis,880,1_2LT,A,1.8339510547849163,0.03237
case.lis,880,1_2LT,B,1.6645980102416642,0.03335
case.lis,880,T_OPO,A,1.7627120707864072,0.03252
case.lis,880,T_OPO,B,1.6629626276879932,0.03314
case.lis,880,T_OPO,C,1.6345828341187645,0.0362
case.lis,881,T_MAN,A,1.2301279764281974,0.02487
case.lis,881,T_MAN,B,1.2252028808008733,0.02206
case.lis,881,T_MAN,C,1.1681640086264276,0.02768
case.lis,881,1_2LT,C,1.7659738012194148,0.02176
case.lis,881,1_2LT,A,1.5524065248453545,0.02478
case.lis,881,1_2LT,B,1.6565529611189507,0.02078
case.lis,881,T_OPO,A,1.7310941895861622,0.02478
case.lis,881,T_OPO,B,1.7444132786637911,0.02091
case.lis,881,T_OPO,C,1.7488479458984532,0.0219
case.lis,882,T_MAN,A,1.1332518437658086,0.03292
case.lis,882,T_MAN,B,1.3975599279356035,0.03043
case.lis,882,T_MAN,C,1.1190802027033024,0.03621
case.lis,882,1_2LT,C,1.3205068470051564,0.03534
case.lis,882,1_2LT,A,1.5705986492363126,0.03306
case.lis,882,1_2LT,B,1.916236410270064,0.03054
case.lis,882,T_OPO,A,1.684705955962619,0.03321
case.lis,882,T_OPO,B,1.7969041596776627,0.03068
case.lis,882,T_OPO,C,1.355368087542267,0.03517
case.lis,883,T_MAN,A,1.3038640538885486,0.02478
case.lis,883,T_MAN,B,1.320936455532185,0.02381
case.lis,883,T_MAN,C,1.2718354411281807,0.02739
case.lis,883,1_2LT,C,1.668551345882478,0.02153
case.lis,883,1_2LT,A,1.8148860903289936,0.02491
case.lis,883,1_2LT,B,1.845485014688002,0.02393
case.lis,883,T_OPO,A,1.8053581476255136,0.02503
case.lis,883,T_OPO,B,1.7592451786966286,0.02408
case.lis,883,T_OPO,C,1.6870456259928823,0.02167
case.lis,884,T_MAN,A,1.1844571651712417,0.02356
case.lis,884,T_MAN,B,1.4474773822519238,0.02265
case.lis,884,T_MAN,C,1.253465019480462,0.02742
case.lis,884,1_2LT,C,1.5581933402557755,0.02752
case.lis,884,1_2LT,A,1.3863051021947692,0.02523
case.lis,884,1_2LT,B,1.8711949732420992,0.02275
case.lis,884,T_OPO,A,1.5838634326437517,0.02379
case.lis,884,T_OPO,B,1.8092433593368655,0.02265
case.lis,884,T_OPO,C,1.695875529167443,0.02769
case.lis,885,T_MAN,A,1.2482325319275451,0.0337
case.lis,885,T_MAN,B,1.1287864426635428,0.03276
case.lis,885,T_MAN,C,1.2089755673296236,0.03598
case.lis,885,1_2LT,C,1.5303739893678392,0.03612
case.lis,885,1_2LT,A,1.736124488582408,0.0337
case.lis,885,1_2LT,B,1.774385455771808,0.03287
case.lis,885,T_OPO,A,1.770464149737746,0.03387
case.lis,885,T_OPO,B,1.7485622620410555,0.033
case.lis,885,T_OPO,C,1.6826084294044037,0.0361
case.lis,886,T_MAN,A,1.127375941851487,0.03372
case.lis,886,T_MAN,B,1.1788311722889322,0.03105
case.lis,886,T_MAN,C,1.2886345394357321,0.02737
case.lis,886,1_2LT,C,1.9139422153589463,0.02735
case.lis,886,1_2LT,A,1.4782186515437932,0.03361
case.lis,886,1_2LT,B,1.7386250077655598,0.02963
case.lis,886,T_OPO,A,1.5385282710757298,0.02805
case.lis,886,T_OPO,B,1.8163137108726715,0.02969
case.lis,886,T_OPO,C,1.8054898515224935,0.02752
case.lis,887,T_MAN,A,1.23931402149507,0.03305
case.lis,887,T_MAN,B,1.513454387319506,0.03009
case.lis,887,T_MAN,C,1.1821782617570578,0.03616
case.lis,887,1_2LT,C,1.4618931547698286,0.03003
case.lis,887,1_2LT,A,1.4810837349237198,0.03138
case.lis,887,1_2LT,B,1.923068239303496,0.03003
case.lis,887,T_OPO,A,1.6945290431942632,0.03159
case.lis,887,T_OPO,B,1.8052923844262803,0.02979
case.lis,887,T_OPO,C,1.6333275823814974,0.03015
case.lis,888,T_MAN,A,1.1891758744020517,0.03343
case.lis,888,T_MAN,B,1.2603353834411637,0.03079
case.lis,888,T_MAN,C,1.2544937653647152,0.02697
case.lis,888,1_2LT,C,1.9088563682029163,0.02696
case.lis,888,1_2LT,A,1.5687107395475564,0.02753
case.lis,888,1_2LT,B,1.7928285275610818,0.03076
case.lis,888,T_OPO,A,1.7388639207646637,0.02765
case.lis,888,T_OPO,B,1.7661130488032164,0.03092
case.lis,888,T_OPO,C,1.803328354500031,0.02712
case.lis,889,T_MAN,A,1.2338152240474987,0.03353
case.lis,889,T_MAN,B,1.0557148841378452,0.03867
case.lis,889,T_MAN,C,1.1895241264854408,0.03613
case.lis,889,1_2LT,C,1.580452088713757,0.03614
case.lis,889,1_2LT,A,1.800013010641036,0.03227
case.lis,889,1_2LT,B,1.1250259147829638,0.03859
case.lis,889,T_OPO,A,1.75692900059462,0.03242
case.lis,889,T_OPO,B,1.2704361404723234,0.03841
case.lis,889,T_OPO,C,1.6734283837872859,0.03614
case.lis,890,T_MAN,A,1.4108513716197626,0.02513
case.lis,890,T_MAN,B,1.1942441669551018,0.0304
case.lis,890,T_MAN,C,1.257468675949839,0.02791
case.lis,890,1_2LT,C,1.3430986004242214,0.02706
case.lis,890,1_2LT,A,1.8343126813812936,0.02508
case.lis,890,1_2LT,B,1.6619571252340761,0.02433
case.lis,890,T_OPO,A,1.8403140836195497,0.0251
case.lis,890,T_OPO,B,1.7072273489709524,0.02448
case.lis,890,T_OPO,C,1.51812926329242,0.02688
case.lis,891,T_MAN,A,1.1571036147572265,0.03409
case.lis,891,T_MAN,B,1.3984847839399346,0.03013
case.lis,891,T_MAN,C,1.2227077664474562,0.02916
case.lis,891,1_2LT,C,1.8378891610532762,0.02912
case.lis,891,1_2LT,A,1.3438440586810085,0.03208
case.lis,891,1_2LT,B,1.8865296378142833,0.03013
case.lis,891,T_OPO,A,1.5829735083468677,0.03074
case.lis,891,T_OPO,B,1.811499596190882,0.03013
case.lis,891,T_OPO,C,1.7676684771515039,0.02926
case.lis,892,T_MAN,A,1.31380494688357,0.02481
case.lis,892,T_MAN,B,1.1387699353017917,0.03083
case.lis,892,T_MAN,C,1.323174356789762,0.0266
case.lis,892,1_2LT,C,1.9102211365229815,0.02671
case.lis,892,1_2LT,A,1.9232192017891852,0.0247
case.lis,892,1_2LT,B,1.511069694791306,0.03075
case.lis,892,T_OPO,A,1.8414332117468517,0.02488
case.lis,892,T_OPO,B,1.6558759107892471,0.03073
case.lis,892,T_OPO,C,1.8286782484446693,0.02683
case.lis,893,T_MAN,A,1.3614653567276374,0.03294
case.lis,893,T_MAN,B,1.2478087808514604,0.03203
case.lis,893,T_MAN,C,1.2485179761619498,0.03559
case.lis,893,1_2LT,C,1.7333204203164798,0.02966
case.lis,893,1_2LT,A,1.691796355955519,0.03303
case.lis,893,1_2LT,B,1.853499560691179,0.03203
case.lis,893,T_OPO,A,1.7825852924731755,0.03316
case.lis,893,T_OPO,B,1.7701928521348633,0.03222
case.lis,893,T_OPO,C,1.736110288701332,0.0298
case.lis,894,T_MAN,A,1.3766736956077992,0.03436
case.lis,894,T_MAN,B,1.1686343619372188,0.03889
case.lis,894,T_MAN,C,1.5020419428987282,0.03544
case.lis,894,1_2LT,C,2.0476325248276046,0.03545
case.lis,894,1_2LT,A,2.01595816360038,0.03448
case.lis,894,1_2LT,B,1.4306646431836134,0.03891
case.lis,894,T_OPO,A,1.809351473681408,0.03462
case.lis,894,T_OPO,B,1.6056378586579336,0.03767
case.lis,894,T_OPO,C,1.853589019941958,0.03567
case.lis,895,T_MAN,A,1.258581289881697,0.03326
case.lis,895,T_MAN,B,1.5020587165082493,0.03078
case.lis,895,T_MAN,C,1.1161536959627965,0.03649
case.lis,895,1_2LT,C,1.5289851611242757,0.03036
case.lis,895,1_2LT,A,1.414932062443977,0.03377
case.lis,895,1_2LT,B,2.1604348713579524,0.03089
case.lis,895,T_OPO,A,1.7693756134792369,0.03353
case.lis,895,T_OPO,B,1.8501994195798612,0.03103
case.lis,895,T_OPO,C,1.7630948374557363,0.03054
case.lis,896,T_MAN,A,1.3100066561942543,0.02534
case.lis,896,T_MAN,B,1.3964259786824285,0.0227
case.lis,896,T_MAN,C,1.249710233676793,0.02162
case.lis,896,1_2LT,C,1.6618598294239286,0.02164
case.lis,896,1_2LT,A,1.4128447686750623,0.02491
case.lis,896,1_2LT,B,1.7676817717901612,0.02257
case.lis,896,T_OPO,A,1.6437280012779893,0.02296
case.lis,896,T_OPO,B,1.817280474276028,0.0213
case.lis,896,T_OPO,C,1.7597152036351695,0.02181
case.lis,897,T_MAN,A,1.6074526389591486,0.03289
case.lis,897,T_MAN,B,1.2826410891308784,0.03197
case.lis,897,T_MAN,C,1.176725951170159,0.03588
case.lis,897,1_2LT,C,1.4133119447624627,0.03687
case.lis,897,1_2LT,A,1.851304951321033,0.03304
case.lis,897,1_2LT,B,1.7835131393274581,0.03208
case.lis,897,T_OPO,A,1.8220799009558295,0.03282
case.lis,897,T_OPO,B,1.7971966772278283,0.03222
case.lis,897,T_OPO,C,1.4569666391543972,0.03669
case.lis,898,T_MAN,A,1.3220925299750617,0.02429
case.lis,898,T_MAN,B,1.1638105380867434,0.03009
case.lis,898,T_MAN,C,1.2529748662104954,0.02792
case.lis,898,1_2LT,C,1.2977655510885096,0.02677
case.lis,898,1_2LT,A,1.8603618307196677,0.02425
case.lis,898,1_2LT,B,1.4084806127248684,0.03006
case.lis,898,T_OPO,A,1.7688511408716951,0.02439
case.lis,898,T_OPO,B,1.5139898115853279,0.03023
case.lis,898,T_OPO,C,1.4864099328168126,0.02693
case.lis,899,T_MAN,A,1.1527511115844404,0.03339
case.lis,899,T_MAN,B,1.209965831536161,0.03081
case.lis,899,T_MAN,C,1.2783788883268101,0.02827
case.lis,899,1_2LT,C,1.915170531696797,0.02832
case.lis,899,1_2LT,A,1.346118888504309,0.03453
case.lis,899,1_2LT,B,1.61203431046265,0.02888
case.lis,899,T_OPO,A,1.5341058068638675,0.03278
case.lis,899,T_OPO,B,1.785284485742432,0.029
case.lis,899,T_OPO,C,1.844765000843118,0.0285
case.lis,900,T_MAN,A,1.1941737000452621,0.02415
case.lis,900,T_MAN,B,1.5478216583686113,0.02273
case.lis,900,T_MAN,C,1.178023465303478,0.02748
case.lis,900,1_2LT,C,1.7707256139229832,0.02117
case.lis,900,1_2LT,A,1.5565550201017067,0.02409
case.lis,900,1_2LT,B,2.0791491697507034,0.02284
case.lis,900,T_OPO,A,1.7490959113217428,0.0255
case.lis,900,T_OPO,B,1.8073346468223328,0.02298
case.lis,900,T_OPO,C,1.7464681345793729,0.02131
case.lis,901,T_MAN,A,1.148139993077558,0.04144
case.lis,901,T_MAN,B,1.217323366791803,0.0387
case.lis,901,T_MAN,C,1.4112208347755089,0.03619
case.lis,901,1_2LT,C,1.8903016587236081,0.03632
case.lis,901,1_2LT,A,1.3124239196996725,0.04263
case.lis,901,1_2LT,B,1.5711221988515847,0.03879
case.lis,901,T_OPO,A,1.3909695856297204,0.04126
case.lis,901,T_OPO,B,1.6975758584271856,0.03896
case.lis,901,T_OPO,C,1.8004318538832238,0.03645
case.lis,902,T_MAN,A,1.1219324263159296,0.02486
case.lis,902,T_MAN,B,1.5221489212527846,0.0212
case.lis,902,T_MAN,C,1.3733927065860823,0.0212
case.lis,902,1_2LT,C,1.7781142557931076,0.0213
case.lis,902,1_2LT,A,1.1588925867745856,0.02479
case.lis,902,1_2LT,B,1.8264494794856092,0.02131
case.lis,902,T_OPO,A,1.2154777816235791,0.02599
case.lis,902,T_OPO,B,1.7760720821463118,0.02144
case.lis,902,T_OPO,C,1.7570785519671273,0.02144
case.lis,903,T_MAN,A,1.10624546269425,0.04124
case.lis,903,T_MAN,B,1.3507731657747366,0.03898
case.lis,903,T_MAN,C,1.390285595108141,0.03649
case.lis,903,1_2LT,C,1.8750894148761506,0.03649
case.lis,903,1_2LT,A,1.4068379704819973,0.03588
case.lis,903,1_2LT,B,1.6118997843393061,0.03898
case.lis,903,T_OPO,A,1.421885211711352,0.04156
case.lis,903,T_OPO,B,1.7571219326038146,0.0376
case.lis,903,T_OPO,C,1.8207803722143827,0.03657
case.lis,904,T_MAN,A,1.213497643707234,0.03376
case.lis,904,T_MAN,B,1.2271658812357447,0.02995
case.lis,904,T_MAN,C,1.4042425694684806,0.02909
case.lis,904,1_2LT,C,1.8370130461407386,0.02903
case.lis,904,1_2LT,A,1.6595636287796092,0.03238
case.lis,904,1_2LT,B,1.5979004588336574,0.03001
case.lis,904,T_OPO,A,1.744587528954445,0.03255
case.lis,904,T_OPO,B,1.6806965041667776,0.03019
case.lis,904,T_OPO,C,1.8078970597371247,0.02929
case.lis,905,T_MAN,A,1.513402202756552,0.02416
case.lis,905,T_MAN,B,1.1860925920995413,0.02364
case.lis,905,T_MAN,C,1.1737462303753206,0.0282
case.lis,905,1_2LT,C,1.523022329312992,0.027
case.lis,905,1_2LT,A,1.9370793507104378,0.02407
case.lis,905,1_2LT,B,1.8683100987779226,0.02367
case.lis,905,T_OPO,A,1.8164039688667608,0.02435
case.lis,905,T_OPO,B,1.8012583934609547,0.02385
case.lis,905,T_OPO,C,1.7218110439575067,0.02835
case.lis,906,T_MAN,A,1.1924698030653995,0.04179
case.lis,906,T_MAN,B,1.2170611571128092,0.038
case.lis,906,T_MAN,C,1.4681323606414796,0.03588
case.lis,906,1_2LT,C,1.8728018140348075,0.03598
case.lis,906,1_2LT,A,1.814987379855694,0.03494
case.lis,906,1_2LT,B,1.558299954737879,0.03785
case.lis,906,T_OPO,A,1.7576834757758903,0.03509
case.lis,906,T_OPO,B,1.6994743026527153,0.03806
case.lis,906,T_OPO,C,1.8504941558614447,0.03612
case.lis,907,T_MAN,A,1.1521543083326677,0.03339
case.lis,907,T_MAN,B,1.1344673713357651,0.02955
case.lis,907,T_MAN,C,1.1396461212137348,0.02742
case.lis,907,1_2LT,C,1.4416830497794582,0.02731
case.lis,907,1_2LT,A,1.4326735713588397,0.03347
case.lis,907,1_2LT,B,1.4467748520106145,0.02956
case.lis,907,T_OPO,A,1.4647367164549996,0.03213
case.lis,907,T_OPO,B,1.549646334211951,0.0309
case.lis,907,T_OPO,C,1.5188954090009497,0.02716
case.lis,908,T_MAN,A,1.2366564605021433,0.02399
case.lis,908,T_MAN,B,1.50195598924359,0.02309
case.lis,908,T_MAN,C,1.2401175750153093,0.02792
case.lis,908,1_2LT,C,1.5669443009664796,0.02784
case.lis,908,1_2LT,A,1.4719443187163306,0.024
case.lis,908,1_2LT,B,1.9936645899340593,0.0231
case.lis,908,T_OPO,A,1.5766185645695217,0.0253
case.lis,908,T_OPO,B,1.8346262591300797,0.02332
case.lis,908,T_OPO,C,1.6406817984149382,0.02812
case.lis,909,T_MAN,A,1.2446925193251508,0.03261
case.lis,909,T_MAN,B,1.1374447935248542,0.03874
case.lis,909,T_MAN,C,1.2122819208889126,0.03648
case.lis,909,1_2LT,C,1.4603416846383912,0.03639
case.lis,909,1_2LT,A,1.8653236774142017,0.0325
case.lis,909,1_2LT,B,1.5815619869183597,0.0329
case.lis,909,T_OPO,A,1.823941247992048,0.03268
case.lis,909,T_OPO,B,1.756969479130612,0.03317
case.lis,909,T_OPO,C,1.699246163813378,0.03627
case.lis,910,T_MAN,A,1.2561322186426689,0.02466
case.lis,910,T_MAN,B,1.2886268981247284,0.02377
case.lis,910,T_MAN,C,1.1989755495797723,0.02851
case.lis,910,1_2LT,C,1.5051102088270012,0.02861
case.lis,910,1_2LT,A,1.4338700000887494,0.02418
case.lis,910,1_2LT,B,1.837281281894264,0.02374
case.lis,910,T_OPO,A,1.6682495984096133,0.02439
case.lis,910,T_OPO,B,1.788846321787055,0.02371
case.lis,910,T_OPO,C,1.6348312432883374,0.02718
case.lis,911,T_MAN,A,1.3720166493605617,0.02633
case.lis,911,T_MAN,B,1.207431064014839,0.03046
case.lis,911,T_MAN,C,1.384507592498913,0.02759
case.lis,911,1_2LT,C,1.8639827737692696,0.0276
case.lis,911,1_2LT,A,1.8883593812401822,0.02627
case.lis,911,1_2LT,B,1.4473230561694046,0.02937
case.lis,911,T_OPO,A,1.7953914285967856,0.02603
case.lis,911,T_OPO,B,1.5408724939428633,0.03059
case.lis,911,T_OPO,C,1.7515932532815037,0.02775
case.lis,912,T_MAN,A,1.1893647328203625,0.02468
case.lis,912,T_MAN,B,1.148182947717813,0.03042
case.lis,912,T_MAN,C,1.1804033742467406,0.0282
case.lis,912,1_2LT,C,1.4187867976605697,0.02803
case.lis,912,1_2LT,A,1.6448671867373112,0.02563
case.lis,912,1_2LT,B,1.523965015042999,0.02475
case.lis,912,T_OPO,A,1.7975163520505515,0.02437
case.lis,912,T_OPO,B,1.5983930172084808,0.03047
case.lis,912,T_OPO,C,1.6656667554159235,0.028
case.lis,913,T_MAN,A,1.235222858258562,0.03306
case.lis,913,T_MAN,B,1.2174613275113821,0.03066
case.lis,913,T_MAN,C,1.1014015282622007,0.03584
case.lis,913,1_2LT,C,1.1725565110892195,0.03493
case.lis,913,1_2LT,A,1.5025051252695758,0.02745
case.lis,913,1_2LT,B,1.7131787321281184,0.03059
case.lis,913,T_OPO,A,1.7368453100455283,0.0333
case.lis,913,T_OPO,B,1.7656224429120406,0.03054
case.lis,913,T_OPO,C,1.3230976153074718,0.0351
case.lis,914,T_MAN,A,1.2204576177924509,0.03407
case.lis,914,T_MAN,B,1.4667766269957487,0.0301
case.lis,914,T_MAN,C,1.1521200156198692,0.02948
case.lis,914,1_2LT,C,1.7848768160316657,0.02944
case.lis,914,1_2LT,A,1.442281255269487,0.0327
case.lis,914,1_2LT,B,1.8871307365300816,0.03021
case.lis,914,T_OPO,A,1.5637169253707501,0.03256
case.lis,914,T_OPO,B,1.8283744686138255,0.03035
case.lis,914,T_OPO,C,1.7503852605234431,0.02958
case.lis,915,T_MAN,A,1.1336084560291808,0.04141
case.lis,915,T_MAN,B,1.2232076732607366,0.03869
case.lis,915,T_MAN,C,1.242361795219965,0.03641
case.lis,915,1_2LT,C,1.7524830267046514,0.03496
case.lis,915,1_2LT,A,1.776897183986084,0.0356
case.lis,915,1_2LT,B,1.723139096710065,0.03883
case.lis,915,T_OPO,A,1.7505028089139754,0.03574
case.lis,915,T_OPO,B,1.7454009336421807,0.03743
case.lis,915,T_OPO,C,1.7479054287920337,0.03511
case.lis,916,T_MAN,A,1.2131468711449542,0.04093
case.lis,916,T_MAN,B,1.198441012806518,0.03918
case.lis,916,T_MAN,C,1.4821483532575415,0.03628
case.lis,916,1_2LT,C,1.8110197289597698,0.03626
case.lis,916,1_2LT,A,1.7813575618804194,0.03509
case.lis,916,1_2LT,B,1.2663045696992288,0.04656
case.lis,916,T_OPO,A,1.7483182104599873,0.03524
case.lis,916,T_OPO,B,1.4226578006159198,0.03941
case.lis,916,T_OPO,C,1.802109481083096,0.03628
case.lis,917,T_MAN,A,1.1232865624750392,0.04192
case.lis,917,T_MAN,B,1.11161227224722,0.0379
case.lis,917,T_MAN,C,1.145157308057545,0.03561
case.lis,917,1_2LT,C,1.420866370244149,0.03553
case.lis,917,1_2LT,A,1.3168216228689085,0.04184
case.lis,917,1_2LT,B,1.3473498584449355,0.03798
case.lis,917,T_OPO,A,1.4478665566175883,0.04171
case.lis,917,T_OPO,B,1.4181026917649564,0.03932
case.lis,917,T_OPO,C,1.5483947921936154,0.03567
case.lis,918,T_MAN,A,1.1130663489443275,0.03383
case.lis,918,T_MAN,B,1.1505304543074453,0.03016
case.lis,918,T_MAN,C,1.4196298446000515,0.02769
case.lis,918,1_2LT,C,2.051330661980706,0.02759
case.lis,918,1_2LT,A,1.696287086095654,0.02706
case.lis,918,1_2LT,B,1.8343438323704038,0.02861
case.lis,918,T_OPO,A,1.7450164629871225,0.02726
case.lis,918,T_OPO,B,1.8016445237271137,0.02875
case.lis,918,T_OPO,C,1.8318355742520656,0.02781
case.lis,919,T_MAN,A,1.2118563682029162,0.02435
case.lis,919,T_MAN,B,1.6353409568944859,0.02194
case.lis,919,T_MAN,C,1.228897290485192,0.02104
case.lis,919,1_2LT,C,1.743121045111247,0.02115
case.lis,919,1_2LT,A,1.5084673890856164,0.02442
case.lis,919,1_2LT,B,1.847245542568581,0.02204
case.lis,919,T_OPO,A,1.7189508062869974,0.0246
case.lis,919,T_OPO,B,1.8167498069703667,0.02217
case.lis,919,T_OPO,C,1.7576013738384941,0.02095
case.lis,920,T_MAN,A,1.1087343379749195,0.0351
case.lis,920,T_MAN,B,1.274358138750588,0.03834
case.lis,920,T_MAN,C,1.5046753995935285,0.03703
case.lis,920,1_2LT,C,1.9714634752433948,0.03715
case.lis,920,1_2LT,A,1.736358706745831,0.03523
case.lis,920,1_2LT,B,1.6993901772322657,0.03829
case.lis,920,T_OPO,A,1.7290730406382848,0.03537
case.lis,920,T_OPO,B,1.7684235203280174,0.03981
case.lis,920,T_OPO,C,1.8263226745476007,0.03728
case.lis,921,T_MAN,A,1.2463546242800216,0.02504
case.lis,921,T_MAN,B,1.2021929053844174,0.02122
case.lis,921,T_MAN,C,1.3929024556919336,0.02032
case.lis,921,1_2LT,C,1.86264836656993,0.02042
case.lis,921,1_2LT,A,1.4935086131153652,0.02366
case.lis,921,1_2LT,B,1.246209741118418,0.02139
case.lis,921,T_OPO,A,1.5848422481961713,0.02384
case.lis,921,T_OPO,B,1.3874194911117619,0.02308
case.lis,921,T_OPO,C,1.7988546020927076,0.02056
case.lis,922,T_MAN,A,1.206095742698155,0.03249
case.lis,922,T_MAN,B,1.2138112480807972,0.03088
case.lis,922,T_MAN,C,1.439635817425029,0.0293
case.lis,922,1_2LT,C,1.7534327058760883,0.02939
case.lis,922,1_2LT,A,1.5451792646236586,0.03383
case.lis,922,1_2LT,B,1.5136081010321538,0.0297
case.lis,922,T_OPO,A,1.6638824072348393,0.03371
case.lis,922,T_OPO,B,1.555859492176753,0.03104
case.lis,922,T_OPO,C,1.795489461025764,0.02918
case.lis,923,T_MAN,A,1.224104031878733,0.04077
case.lis,923,T_MAN,B,1.2281742059160252,0.03915
case.lis,923,T_MAN,C,1.3843681496667466,0.03755
case.lis,923,1_2LT,C,1.7842643130363782,0.03766
case.lis,923,1_2LT,A,1.58972603104449,0.04084
case.lis,923,1_2LT,B,1.488392120840988,0.03897
case.lis,923,T_OPO,A,1.6742344932861188,0.03948
case.lis,923,T_OPO,B,1.7463496720714964,0.04031
case.lis,923,T_OPO,C,1.746887297318885,0.03765
case.lis,924,T_MAN,A,1.383498318201585,0.0259
case.lis,924,T_MAN,B,1.1417241318103961,0.0301
case.lis,924,T_MAN,C,1.367741508914863,0.02718
case.lis,924,1_2LT,C,1.8184987086983146,0.02706
case.lis,924,1_2LT,A,1.9415797367697045,0.02602
case.lis,924,1_2LT,B,1.1623602864826008,0.0305
case.lis,924,T_OPO,A,1.7878119758247026,0.02617
case.lis,924,T_OPO,B,1.4518853892098653,0.02912
case.lis,924,T_OPO,C,1.7579426413553787,0.02718
case.lis,925,T_MAN,A,1.3276458372161133,0.02598
case.lis,925,T_MAN,B,1.172207549011777,0.03018
case.lis,925,T_MAN,C,1.4674409861817408,0.02727
case.lis,925,1_2LT,C,1.8312205774026642,0.02714
case.lis,925,1_2LT,A,1.8253790037008442,0.02611
case.lis,925,1_2LT,B,1.226734737346575,0.03058
case.lis,925,T_OPO,A,1.765318654206271,0.02623
case.lis,925,T_OPO,B,1.4963508080619825,0.02921
case.lis,925,T_OPO,C,1.7748486115178785,0.02725
case.lis,926,T_MAN,A,1.1605429324529406,0.03415
case.lis,926,T_MAN,B,1.2689447713375401,0.0307
case.lis,926,T_MAN,C,1.330207655510885,0.02945
case.lis,926,1_2LT,C,1.7303056613150867,0.02942
case.lis,926,1_2LT,A,1.3761398599536727,0.03405
case.lis,926,1_2LT,B,1.2604529495815473,0.0384
case.lis,926,T_OPO,A,1.4492933251684017,0.03417
case.lis,926,T_OPO,B,1.4190250006656195,0.0297
case.lis,926,T_OPO,C,1.7663432732500866,0.02934
case.lis,927,T_MAN,A,1.1666017377104467,0.03355
case.lis,927,T_MAN,B,1.1938191467646457,0.03019
case.lis,927,T_MAN,C,1.3834891237785885,0.02895
case.lis,927,1_2LT,C,1.8441815277297053,0.02907
case.lis,927,1_2LT,A,1.4451324227659592,0.03231
case.lis,927,1_2LT,B,1.6326386041516903,0.03026
case.lis,927,T_OPO,A,1.669328762746612,0.03241
case.lis,927,T_OPO,B,1.7702291505808638,0.0302
case.lis,927,T_OPO,C,1.7505789202765427,0.02893
case.lis,928,T_MAN,A,1.2499810520336891,0.03293
case.lis,928,T_MAN,B,1.211435554727229,0.03891
case.lis,928,T_MAN,C,1.209368815286172,0.03606
case.lis,928,1_2LT,C,1.2414307267676634,0.03599
case.lis,928,1_2LT,A,1.5359704553724363,0.03171
case.lis,928,1_2LT,B,1.6183814798051066,0.03286
case.lis,928,T_OPO,A,1.6726509314234492,0.03186
case.lis,928,T_OPO,B,1.717190021033574,0.03288
case.lis,928,T_OPO,C,1.3804651348544956,0.03579
case.lis,929,T_MAN,A,1.1433493436992466,0.03368
case.lis,929,T_MAN,B,1.1228007312938755,0.03843
case.lis,929,T_MAN,C,1.157833098147803,0.03594
case.lis,929,1_2LT,C,1.2908179131499773,0.03605
case.lis,929,1_2LT,A,1.3720111380317188,0.03383
case.lis,929,1_2LT,B,1.3651915563957153,0.03846
case.lis,929,T_OPO,A,1.6142522697622408,0.03375
case.lis,929,T_OPO,B,1.503075445743142,0.03985
case.lis,929,T_OPO,C,1.4802269318494456,0.03604
case.lis,930,T_MAN,A,1.1215200085199286,0.03233
case.lis,930,T_MAN,B,1.1825495886471953,0.0304
case.lis,930,T_MAN,C,1.3666603122198853,0.02911
case.lis,930,1_2LT,C,1.9041420698101654,0.02922
case.lis,930,1_2LT,A,1.410593031408362,0.03248
case.lis,930,1_2LT,B,1.515839168596963,0.03053
case.lis,930,T_OPO,A,1.4367927704855472,0.03265
case.lis,930,T_OPO,B,1.744721992953309,0.03187
case.lis,930,T_OPO,C,1.783816892533525,0.02935
case.lis,931,T_MAN,A,1.2978751652954905,0.02539
case.lis,931,T_MAN,B,1.4986189461913255,0.02241
case.lis,931,T_MAN,C,1.267360171108567,0.02682
case.lis,931,1_2LT,C,1.8302157494430984,0.02087
case.lis,931,1_2LT,A,1.540631184713828,0.02542
case.lis,931,1_2LT,B,1.994581724753055,0.02254
case.lis,931,T_OPO,A,1.6932694338684913,0.02305
case.lis,931,T_OPO,B,1.781051243820833,0.02267
case.lis,931,T_OPO,C,1.7635888424434445,0.02101
case.lis,932,T_MAN,A,1.2694669453393328,0.03508
case.lis,932,T_MAN,B,1.1889476379385324,0.03836
case.lis,932,T_MAN,C,1.1707731835245878,0.0351
case.lis,932,1_2LT,C,1.3567270161612397,0.03651
case.lis,932,1_2LT,A,1.789291612307747,0.0352
case.lis,932,1_2LT,B,1.552068913797847,0.03833
case.lis,932,T_OPO,A,1.756229612076999,0.03533
case.lis,932,T_OPO,B,1.6562700196135858,0.03822
case.lis,932,T_OPO,C,1.5802806251497643,0.03634
case.lis,933,T_MAN,A,1.5016594336022437,0.02607
case.lis,933,T_MAN,B,1.1965383352414425,0.03064
case.lis,933,T_MAN,C,1.2476817984149382,0.02786
case.lis,933,1_2LT,C,1.3379080291452559,0.02749
case.lis,933,1_2LT,A,1.7473750632338456,0.02618
case.lis,933,1_2LT,B,1.4733564081400818,0.03063
case.lis,933,T_OPO,A,1.8206413021290946,0.02597
case.lis,933,T_OPO,B,1.59244024956291,0.03063
case.lis,933,T_OPO,C,1.44904005253956,0.02762
case.lis,934,T_MAN,A,1.2447978025684034,0.03389
case.lis,934,T_MAN,B,1.3831086202153058,0.02991
case.lis,934,T_MAN,C,1.3069407154965078,0.02852
case.lis,934,1_2LT,C,1.8838467744082643,0.02848
case.lis,934,1_2LT,A,1.456992545062435,0.03278
case.lis,934,1_2LT,B,1.7829099993787554,0.03003
case.lis,934,T_OPO,A,1.6563990787827152,0.03268
case.lis,934,T_OPO,B,1.7747402753001944,0.02994
case.lis,934,T_OPO,C,1.7890722063952713,0.02862
case.lis,935,T_MAN,A,1.165654836390745,0.04196
case.lis,935,T_MAN,B,1.2121973960968078,0.03848
case.lis,935,T_MAN,C,1.306041428153039,0.03723
case.lis,935,1_2LT,C,1.8403526007969684,0.03735
case.lis,935,1_2LT,A,1.299342989252465,0.04198
case.lis,935,1_2LT,B,1.3463105158994295,0.03982
case.lis,935,T_OPO,A,1.3983976321698306,0.04216
case.lis,935,T_OPO,B,1.546477941372241,0.03992
case.lis,935,T_OPO,C,1.7784377468338703,0.03749
case.lis,936,T_MAN,A,1.1467792894734505,0.02565
case.lis,936,T_MAN,B,1.5976172244557452,0.02201
case.lis,936,T_MAN,C,1.2294095511950087,0.02065
case.lis,936,1_2LT,C,1.8093705015220498,0.02078
case.lis,936,1_2LT,A,1.156792424363446,0.02558
case.lis,936,1_2LT,B,1.7522183852960231,0.02213
case.lis,936,T_OPO,A,1.2801982658395235,0.02448
case.lis,936,T_OPO,B,1.8321553378240456,0.02193
case.lis,936,T_OPO,C,1.765229283704749,0.02079
case.lis,937,T_MAN,A,1.2582097499933438,0.02691
case.lis,937,T_MAN,B,1.2015103348509455,0.03013
case.lis,937,T_MAN,C,1.266015069623792,0.02777
case.lis,937,1_2LT,C,1.8152823912599731,0.02784
case.lis,937,1_2LT,A,1.8654802666027672,0.02696
case.lis,937,1_2LT,B,1.7103463883489978,0.03022
case.lis,937,T_OPO,A,1.7821855391961092,0.0271
case.lis,937,T_OPO,B,1.7115924279134163,0.03038
case.lis,937,T_OPO,C,1.760561463297745,0.02802
case.lis,938,T_MAN,A,1.3832786904159677,0.0338
case.lis,938,T_MAN,B,1.249546038676926,0.03853
case.lis,938,T_MAN,C,1.2017815525794973,0.03556
case.lis,938,1_2LT,C,1.6416707935071044,0.0343
case.lis,938,1_2LT,A,1.8770871961447324,0.03391
case.lis,938,1_2LT,B,1.3926361901719073,0.03868
case.lis,938,T_OPO,A,1.8219125464824233,0.03387
case.lis,938,T_OPO,B,1.553426537802746,0.03985
case.lis,938,T_OPO,C,1.7803157698554275,0.03446
case.lis,939,T_MAN,A,1.4377448192621385,0.03386
case.lis,939,T_MAN,B,1.1535785386547388,0.03711
case.lis,939,T_MAN,C,1.3765047880224002,0.03479
case.lis,939,1_2LT,C,1.82552464123113,0.0348
case.lis,939,1_2LT,A,2.0375599013108263,0.03398
case.lis,939,1_2LT,B,1.7714111841813325,0.03724
case.lis,939,T_OPO,A,1.8283002653602776,0.03412
case.lis,939,T_OPO,B,1.7421803917392191,0.03589
case.lis,939,T_OPO,C,1.742786194165624,0.0347
case.lis,940,T_MAN,A,1.1756337140676447,0.02458
case.lis,940,T_MAN,B,1.3960862199029083,0.02196
case.lis,940,T_MAN,C,1.1425787250281778,0.02808
case.lis,940,1_2LT,C,1.315569104608749,0.02819
case.lis,940,1_2LT,A,1.5580799098307552,0.02461
case.lis,940,1_2LT,B,1.865394880942872,0.02208
case.lis,940,T_OPO,A,1.6522225476361636,0.02445
case.lis,940,T_OPO,B,1.7807822004490712,0.02222
case.lis,940,T_OPO,C,1.4296428463661617,0.02834
case.lis,941,T_MAN,A,1.2676934955669745,0.02631
case.lis,941,T_MAN,B,1.2273010463537368,0.02939
case.lis,941,T_MAN,C,1.3617442157671928,0.02711
case.lis,941,1_2LT,C,1.9804410660560718,0.0271
case.lis,941,1_2LT,A,1.8818638231404812,0.02618
case.lis,941,1_2LT,B,1.6048974502338542,0.02954
case.lis,941,T_OPO,A,1.7776026163280882,0.02642
case.lis,941,T_OPO,B,1.6732233730042512,0.02971
case.lis,941,T_OPO,C,1.8225398706035838,0.02725
case.lis,942,T_MAN,A,1.3753359780611836,0.03427
case.lis,942,T_MAN,B,1.0852906449408486,0.03927
case.lis,942,T_MAN,C,1.2043572335081691,0.03518
case.lis,942,1_2LT,C,1.6577067192062267,0.03529
case.lis,942,1_2LT,A,1.8816725329925361,0.03439
case.lis,942,1_2LT,B,1.424930003461221,0.03917
case.lis,942,T_OPO,A,1.808440569060234,0.03453
case.lis,942,T_OPO,B,1.5004953451014849,0.03781
case.lis,942,T_OPO,C,1.7618828154814206,0.03539
case.lis,943,T_MAN,A,1.43084645491094,0.03326
case.lis,943,T_MAN,B,1.1260759693637565,0.03871
case.lis,943,T_MAN,C,1.2203744331141226,0.03589
case.lis,943,1_2LT,C,1.6296331993219557,0.0359
case.lis,943,1_2LT,A,2.0040655590759426,0.03332
case.lis,943,1_2LT,B,1.603159207291639,0.03283
case.lis,943,T_OPO,A,1.838181376855969,0.03351
case.lis,943,T_OPO,B,1.6657099496791716,0.03296
case.lis,943,T_OPO,C,1.7512069898914597,0.03451
case.lis,944,T_MAN,A,1.228271963222308,0.02407
case.lis,944,T_MAN,B,1.4624652147288266,0.0232
case.lis,944,T_MAN,C,1.1537683821897993,0.02114
case.lis,944,1_2LT,C,1.7863324369658402,0.0211
case.lis,944,1_2LT,A,1.7266964864169263,0.02417
case.lis,944,1_2LT,B,1.931737355449648,0.02329
case.lis,944,T_OPO,A,1.7721379695945048,0.02434
case.lis,944,T_OPO,B,1.8463933189559538,0.02343
case.lis,944,T_OPO,C,1.7507880933997177,0.02124
case.lis,945,T_MAN,A,1.110339199659203,0.02564
case.lis,945,T_MAN,B,1.2267318174960287,0.02087
case.lis,945,T_MAN,C,1.338560487055921,0.01967
case.lis,945,1_2LT,C,1.9025371637512536,0.01963
case.lis,945,1_2LT,A,1.2565665575050808,0.02454
case.lis,945,1_2LT,B,1.7977095325576649,0.02083
case.lis,945,T_OPO,A,1.3585859580926012,0.02439
case.lis,945,T_OPO,B,1.7526491475633892,0.02218
case.lis,945,T_OPO,C,1.7929299679615183,0.01977
case.lis,946,T_MAN,A,1.543856510201727,0.02524
case.lis,946,T_MAN,B,1.1850666240670236,0.02356
case.lis,946,T_MAN,C,1.145172972301357,0.02771
case.lis,946,1_2LT,C,1.4384599341480515,0.02669
case.lis,946,1_2LT,A,2.106676517834163,0.02537
case.lis,946,1_2LT,B,1.8328188183923961,0.02368
case.lis,946,T_OPO,A,1.8115146835645253,0.02553
case.lis,946,T_OPO,B,1.7705880259502826,0.02383
case.lis,946,T_OPO,C,1.7462833142522431,0.02651
case.lis,947,T_MAN,A,1.2148755469172947,0.03285
case.lis,947,T_MAN,B,1.4341752087826265,0.03041
case.lis,947,T_MAN,C,1.184441279054288,0.03569
case.lis,947,1_2LT,C,1.4887501442175421,0.03681
case.lis,947,1_2LT,A,1.4946778224482369,0.0329
case.lis,947,1_2LT,B,1.9623601977333438,0.0304
case.lis,947,T_OPO,A,1.6922334105451868,0.03429
case.lis,947,T_OPO,B,1.8386209252997507,0.03058
case.lis,947,T_OPO,C,1.6266402193881626,0.03547
case.lis,948,T_MAN,A,1.2005746514372941,0.02404
case.lis,948,T_MAN,B,1.5871972097233684,0.02261
case.lis,948,T_MAN,C,1.1651690229594327,0.027
case.lis,948,1_2LT,C,1.3751498531199802,0.02218
case.lis,948,1_2LT,A,1.5527560194183374,0.02369
case.lis,948,1_2LT,B,2.1113827666693292,0.02272
case.lis,948,T_OPO,A,1.7991170336448432,0.02386
case.lis,948,T_OPO,B,1.8463461931006329,0.02285
case.lis,948,T_OPO,C,1.7362766136833605,0.02236
case.lis,949,T_MAN,A,1.1150006656194253,0.04204
case.lis,949,T_MAN,B,1.2892823823850474,0.0391
case.lis,949,T_MAN,C,1.5068712337034178,0.03658
case.lis,949,1_2LT,C,2.036313799621928,0.03667
case.lis,949,1_2LT,A,1.3190017749851346,0.03612
case.lis,949,1_2LT,B,1.5945809881342246,0.0392
case.lis,949,T_OPO,A,1.7072582514621442,0.0363
case.lis,949,T_OPO,B,1.802743807520612,0.0378
case.lis,949,T_OPO,C,1.8068194041374903,0.0368
case.lis,950,T_MAN,A,1.1779080646449587,0.03502
case.lis,950,T_MAN,B,1.2138132183142967,0.03826
case.lis,950,T_MAN,C,1.4233216184314454,0.03543
case.lis,950,1_2LT,C,2.019860219920658,0.03547
case.lis,950,1_2LT,A,1.7051119305625815,0.03513
case.lis,950,1_2LT,B,1.4959269859864923,0.03836
case.lis,950,T_OPO,A,1.798198469962814,0.03512
case.lis,950,T_OPO,B,1.7536799790551754,0.0381
case.lis,950,T_OPO,C,1.798615600344347,0.03562
case.lis,951,T_MAN,A,1.1696163369631778,0.02351
case.lis,951,T_MAN,B,1.4210278672666117,0.02225
case.lis,951,T_MAN,C,1.101350089193003,0.02802
case.lis,951,1_2LT,C,1.3656947291816433,0.02716
case.lis,951,1_2LT,A,1.711135901736823,0.02487
case.lis,951,1_2LT,B,1.936368673287361,0.02236
case.lis,951,T_OPO,A,1.715304454325195,0.02503
case.lis,951,T_OPO,B,1.803217444553902,0.0225
case.lis,951,T_OPO,C,1.4474555588096951,0.02699
case.lis,952,T_MAN,A,1.1020969674378978,0.04216
case.lis,952,T_MAN,B,1.2584696521916627,0.03814
case.lis,952,T_MAN,C,1.5332909111886188,0.0367
case.lis,952,1_2LT,C,2.088459046655484,0.03681
case.lis,952,1_2LT,A,1.2664616558836321,0.03627
case.lis,952,1_2LT,B,1.5866995660161345,0.03813
case.lis,952,T_OPO,A,1.5670041002156607,0.03645
case.lis,952,T_OPO,B,1.7704626410003816,0.03947
case.lis,952,T_OPO,C,1.830503119536374,0.03695
case.lis,953,T_MAN,A,1.3266464229612076,0.03338
case.lis,953,T_MAN,B,1.2821277190553528,0.03915
case.lis,953,T_MAN,C,1.6418760705379094,0.03619
case.lis,953,1_2LT,C,2.026924128260426,0.0363
case.lis,953,1_2LT,A,1.924623623277155,0.03333
case.lis,953,1_2LT,B,1.4702339785404297,0.03915
case.lis,953,T_OPO,A,1.7962357801503412,0.03348
case.lis,953,T_OPO,B,1.729839843091314,0.03895
case.lis,953,T_OPO,C,1.793793941975736,0.03644
case.lis,954,T_MAN,A,1.2923782759569389,0.03509
case.lis,954,T_MAN,B,1.1448618884066846,0.0384
case.lis,954,T_MAN,C,1.25167931343575,0.03516
case.lis,954,1_2LT,C,1.5429518002786726,0.03617
case.lis,954,1_2LT,A,1.7895809082598935,0.03521
case.lis,954,1_2LT,B,1.3545273569583856,0.0383
case.lis,954,T_OPO,A,1.7466321165810235,0.03502
case.lis,954,T_OPO,B,1.4472423653451905,0.03846
case.lis,954,T_OPO,C,1.7772563167283475,0.03635
case.lis,955,T_MAN,A,1.5273890146170026,0.03352
case.lis,955,T_MAN,B,1.1749317340717271,0.03793
case.lis,955,T_MAN,C,1.2702644727850403,0.03633
case.lis,955,1_2LT,C,1.7601354313657622,0.03495
case.lis,955,1_2LT,A,2.0375861267161888,0.03364
case.lis,955,1_2LT,B,1.4606638089406,0.03927
case.lis,955,T_OPO,A,1.825601427088048,0.03377
case.lis,955,T_OPO,B,1.635754945552331,0.03327
case.lis,955,T_OPO,C,1.7722222813883934,0.03628
case.lis,956,T_MAN,A,1.5919005919575424,0.03343
case.lis,956,T_MAN,B,1.1480165428614535,0.03243
case.lis,956,T_MAN,C,1.2223496365717936,0.03556
case.lis,956,1_2LT,C,1.4459975860202172,0.03589
case.lis,956,1_2LT,A,2.0720028044765124,0.03354
case.lis,956,1_2LT,B,1.7272398981158532,0.03254
case.lis,956,T_OPO,A,1.8848320597814994,0.03369
case.lis,956,T_OPO,B,1.742822581360881,0.03267
case.lis,956,T_OPO,C,1.6746921732030495,0.03576
case.lis,957,T_MAN,A,1.1676119438749701,0.03248
case.lis,957,T_MAN,B,1.1934824320846311,0.03056
case.lis,957,T_MAN,C,1.292707331576098,0.02926
case.lis,957,1_2LT,C,1.826607905783789,0.02938
case.lis,957,1_2LT,A,1.4702492611624378,0.03262
case.lis,957,1_2LT,B,1.465781126583065,0.03186
case.lis,957,T_OPO,A,1.6243660995589162,0.0328
case.lis,957,T_OPO,B,1.700158417423254,0.03052
case.lis,957,T_OPO,C,1.762991595445388,0.02951
case.lis,958,T_MAN,A,1.2444250379403072,0.04158
case.lis,958,T_MAN,B,1.222207433637743,0.03933
case.lis,958,T_MAN,C,1.415517186293565,0.03685
case.lis,958,1_2LT,C,1.8836383645286972,0.03697
case.lis,958,1_2LT,A,1.3423774150891485,0.04168
case.lis,958,1_2LT,B,1.3178875546917295,0.03828
case.lis,958,T_OPO,A,1.4457295632649076,0.04038
case.lis,958,T_OPO,B,1.5883972860477291,0.03962
case.lis,958,T_OPO,C,1.7940258437835583,0.03678
case.lis,959,T_MAN,A,1.2778443781783329,0.03363
case.lis,959,T_MAN,B,1.136301933846304,0.03878
case.lis,959,T_MAN,C,1.2282199561578673,0.03627
case.lis,959,1_2LT,C,1.5446278299919238,0.03611
case.lis,959,1_2LT,A,1.8225970339998403,0.03229
case.lis,959,1_2LT,B,1.623244051581068,0.03272
case.lis,959,T_OPO,A,1.8007118932878938,0.03247
case.lis,959,T_OPO,B,1.7470461584884227,0.03296
case.lis,959,T_OPO,C,1.748818303646707,0.03606
case.lis,960,T_MAN,A,1.4213283988746592,0.03458
case.lis,960,T_MAN,B,1.1285156154317209,0.03883
case.lis,960,T_MAN,C,1.4017737426449053,0.03587
case.lis,960,1_2LT,C,1.7794802843526185,0.03598
case.lis,960,1_2LT,A,1.8335603894317385,0.03468
case.lis,960,1_2LT,B,1.3024286234102789,0.04738
case.lis,960,T_OPO,A,1.7704489203652918,0.03482
case.lis,960,T_OPO,B,1.4144402140632073,0.03897
case.lis,960,T_OPO,C,1.743785510796347,0.03608
case.lis,961,T_MAN,A,1.4030557522830747,0.0329
case.lis,961,T_MAN,B,1.172080832823025,0.03837
case.lis,961,T_MAN,C,1.2350689137978468,0.03552
case.lis,961,1_2LT,C,1.6959283615999716,0.03554
case.lis,961,1_2LT,A,1.781317376216974,0.03296
case.lis,961,1_2LT,B,1.7271413864408884,0.03243
case.lis,961,T_OPO,A,1.7915394179823745,0.03291
case.lis,961,T_OPO,B,1.7861538734613096,0.03257
case.lis,961,T_OPO,C,1.7950672275619692,0.03414
case.lis,962,T_MAN,A,1.1050193029633377,0.0412
case.lis,962,T_MAN,B,1.1228892054279045,0.03891
case.lis,962,T_MAN,C,1.2364720395466686,0.03522
case.lis,962,1_2LT,C,1.776567799994675,0.03518
case.lis,962,1_2LT,A,1.2682159624413145,0.04133
case.lis,962,1_2LT,B,1.3385596616878332,0.03897
case.lis,962,T_OPO,A,1.3335168667962405,0.04147
case.lis,962,T_OPO,B,1.4633316825971583,0.03917
case.lis,962,T_OPO,C,1.7564899668965273,0.03652
case.lis,963,T_MAN,A,1.289389085616408,0.03287
case.lis,963,T_MAN,B,1.2007432750250717,0.03284
case.lis,963,T_MAN,C,1.1627246021814568,0.0352
case.lis,963,1_2LT,C,1.2764887244069332,0.03771
case.lis,963,1_2LT,A,1.4604177072517017,0.03521
case.lis,963,1_2LT,B,1.7079903618307197,0.03295
case.lis,963,T_OPO,A,1.7114531714546892,0.03531
case.lis,963,T_OPO,B,1.7451918315184112,0.03277
case.lis,963,T_OPO,C,1.4193321618431445,0.03405
case.lis,964,T_MAN,A,1.1406817362904587,0.03301
case.lis,964,T_MAN,B,1.1516754084684542,0.0302
case.lis,964,T_MAN,C,1.4237036307320927,0.0293
case.lis,964,1_2LT,C,1.97498422925708,0.02941
case.lis,964,1_2LT,A,1.482235132280767,0.03262
case.lis,964,1_2LT,B,1.3746313799621928,0.0302
case.lis,964,T_OPO,A,1.6010729341391765,0.03243
case.lis,964,T_OPO,B,1.5094260585567596,0.03159
case.lis,964,T_OPO,C,1.80871389014617,0.02957
case.lis,965,T_MAN,A,1.208350470814807,0.03245
case.lis,965,T_MAN,B,1.4833520594265024,0.0297
case.lis,965,T_MAN,C,1.2086065656700127,0.02926
case.lis,965,1_2LT,C,1.7879855338711537,0.02937
case.lis,965,1_2LT,A,1.5419490313018627,0.03229
case.lis,965,1_2LT,B,1.9201602811576453,0.02969
case.lis,965,T_OPO,A,1.7717354917152568,0.03237
case.lis,965,T_OPO,B,1.7995905996787278,0.02988
case.lis,965,T_OPO,C,1.8259707393700577,0.02939
case.lis,966,T_MAN,A,1.1048342607630661,0.04182
case.lis,966,T_MAN,B,1.1145695483550326,0.03885
case.lis,966,T_MAN,C,1.186098227677343,0.03626
case.lis,966,1_2LT,C,1.6760797678319446,0.03481
case.lis,966,1_2LT,A,1.3201785635045307,0.04096
case.lis,966,1_2LT,B,1.4738149223000256,0.03869
case.lis,966,T_OPO,A,1.4118123485715808,0.04113
case.lis,966,T_OPO,B,1.6442850182379722,0.03881
case.lis,966,T_OPO,C,1.7378504042528642,0.03614
case.lis,967,T_MAN,A,1.173015202747677,0.03318
case.lis,967,T_MAN,B,1.3624333271208853,0.0297
case.lis,967,T_MAN,C,1.2236736689830223,0.02961
case.lis,967,1_2LT,C,1.8101116998145141,0.02957
case.lis,967,1_2LT,A,1.250735784587804,0.03229
case.lis,967,1_2LT,B,1.7213859971422738,0.02974
case.lis,967,T_OPO,A,1.5519909032011858,0.03217
case.lis,967,T_OPO,B,1.7430059373252749,0.0297
case.lis,967,T_OPO,C,1.8125719179601871,0.02937
case.lis,968,T_MAN,A,1.1943395724060812,0.02506
case.lis,968,T_MAN,B,1.2296416837508988,0.02223
case.lis,968,T_MAN,C,1.175142486931672,0.02787
case.lis,968,1_2LT,C,1.7707072428268413,0.02195
case.lis,968,1_2LT,A,1.5417591877668024,0.02501
case.lis,968,1_2LT,B,1.696357384381906,0.02099
case.lis,968,T_OPO,A,1.7583892009904416,0.02498
case.lis,968,T_OPO,B,1.7424647709825432,0.02112
case.lis,968,T_OPO,C,1.7371820336004686,0.02211
case.lis,969,T_MAN,A,1.1783043478260868,0.03409
case.lis,969,T_MAN,B,1.3099797651694667,0.03023
case.lis,969,T_MAN,C,1.4230796613328365,0.02776
case.lis,969,1_2LT,C,1.894135466865465,0.02787
case.lis,969,1_2LT,A,1.4613182725844671,0.03415
case.lis,969,1_2LT,B,1.66510867346486,0.03034
case.lis,969,T_OPO,A,1.6489072659016482,0.03393
case.lis,969,T_OPO,B,1.7218687930988579,0.02901
case.lis,969,T_OPO,C,1.7925427460795016,0.02793
case.lis,970,T_MAN,A,1.432690176344773,0.03453
case.lis,970,T_MAN,B,1.1184053533551657,0.03868
case.lis,970,T_MAN,C,1.3583838760350382,0.03457
case.lis,970,1_2LT,C,1.7072927926728614,0.03594
case.lis,970,1_2LT,A,1.8155849729758513,0.03448
case.lis,970,1_2LT,B,1.2889531936420031,0.03874
case.lis,970,T_OPO,A,1.7999894743381524,0.03477
case.lis,970,T_OPO,B,1.369629533977653,0.0389
case.lis,970,T_OPO,C,1.733078445468019,0.03602
case.lis,971,T_MAN,A,1.2529410704935346,0.03237
case.lis,971,T_MAN,B,1.2537630572343959,0.03235
case.lis,971,T_MAN,C,1.1910910833621768,0.03536
case.lis,971,1_2LT,C,1.5915255997231021,0.03549
case.lis,971,1_2LT,A,1.4841770636420921,0.03497
case.lis,971,1_2LT,B,1.8105028532886036,0.03246
case.lis,971,T_OPO,A,1.5574465241353603,0.0316
case.lis,971,T_OPO,B,1.775488964029926,0.0326
case.lis,971,T_OPO,C,1.6620301392475838,0.03543
case.lis,972,T_MAN,A,1.190001215864817,0.03268
case.lis,972,T_MAN,B,1.2748064822457112,0.0297
case.lis,972,T_MAN,C,1.3157668290778066,0.02729
case.lis,972,1_2LT,C,1.8899925983119892,0.02725
case.lis,972,1_2LT,A,1.3369074966497154,0.03364
case.lis,972,1_2LT,B,1.7637217000807617,0.02978
case.lis,972,T_OPO,A,1.492409844067556,0.03384
case.lis,972,T_OPO,B,1.7794721194209997,0.02975
case.lis,972,T_OPO,C,1.7785952501397801,0.02739
case.lis,973,T_MAN,A,1.3416581911126493,0.02668
case.lis,973,T_MAN,B,1.117443932657064,0.02995
case.lis,973,T_MAN,C,1.2268446533010284,0.0281
case.lis,973,1_2LT,C,1.3462751848203272,0.02712
case.lis,973,1_2LT,A,1.895539994852543,0.02679
case.lis,973,1_2LT,B,1.4774171303815329,0.02991
case.lis,973,T_OPO,A,1.807071807023616,0.02693
case.lis,973,T_OPO,B,1.645659096355068,0.02976
case.lis,973,T_OPO,C,1.3974182752469448,0.02794
case.lis,974,T_MAN,A,1.1681693779564595,0.03327
case.lis,974,T_MAN,B,1.2040999494129236,0.03055
case.lis,974,T_MAN,C,1.160451902340318,0.02737
case.lis,974,1_2LT,C,1.665154272832965,0.02645
case.lis,974,1_2LT,A,1.7327334771071292,0.02745
case.lis,974,1_2LT,B,1.6414497191086026,0.03049
case.lis,974,T_OPO,A,1.7675927651605916,0.02759
case.lis,974,T_OPO,B,1.751979108424967,0.03045
case.lis,974,T_OPO,C,1.7058319799071682,0.02658
case.lis,975,T_MAN,A,1.2607382074425126,0.03456
case.lis,975,T_MAN,B,1.189438865074505,0.03807
case.lis,975,T_MAN,C,1.4507492212252724,0.03559
case.lis,975,1_2LT,C,2.0912715993503554,0.03569
case.lis,975,1_2LT,A,1.8279223710251427,0.03469
case.lis,975,1_2LT,B,1.5196471862048155,0.03804
case.lis,975,T_OPO,A,1.7816432723625941,0.03447
case.lis,975,T_OPO,B,1.6478408459579152,0.03785
case.lis,975,T_OPO,C,1.8444288541583465,0.03584
case.lis,976,T_MAN,A,1.15713348775704,0.04073
case.lis,976,T_MAN,B,1.2700058042013898,0.03898
case.lis,976,T_MAN,C,1.25153704837722,0.03754
case.lis,976,1_2LT,C,1.8414365842186071,0.03749
case.lis,976,1_2LT,A,1.4589956867861233,0.03586
case.lis,976,1_2LT,B,1.8275373678745441,0.03893
case.lis,976,T_OPO,A,1.5966044534377024,0.03941
case.lis,976,T_OPO,B,1.7560104546624422,0.04025
case.lis,976,T_OPO,C,1.7695492425250938,0.03773
case.lis,977,T_MAN,A,1.3192723892187403,0.03302
case.lis,977,T_MAN,B,1.1528900219210665,0.03928
case.lis,977,T_MAN,C,1.1922368362664963,0.03686
case.lis,977,1_2LT,C,1.6459114992411938,0.03533
case.lis,977,1_2LT,A,1.9225600166848604,0.03298
case.lis,977,1_2LT,B,1.469200644319604,0.03929
case.lis,977,T_OPO,A,1.7886853750099843,0.03312
case.lis,977,T_OPO,B,1.632761095875822,0.03948
case.lis,977,T_OPO,C,1.7938968023642803,0.03532
case.lis,978,T_MAN,A,1.2270215039449046,0.03389
case.lis,978,T_MAN,B,1.136671370377273,0.02976
case.lis,978,T_MAN,C,1.4240648579568147,0.02766
case.lis,978,1_2LT,C,1.9349523150243617,0.02776
case.lis,978,1_2LT,A,1.4460703337859546,0.03376
case.lis,978,1_2LT,B,1.406901408450704,0.03112
case.lis,978,T_OPO,A,1.6959118897379235,0.03366
case.lis,978,T_OPO,B,1.4581668841023456,0.03128
case.lis,978,T_OPO,C,1.815155763820478,0.02767
case.lis,979,T_MAN,A,1.154016880108629,0.04216
case.lis,979,T_MAN,B,1.221812854442344,0.03873
case.lis,979,T_MAN,C,1.3224885291585684,0.03744
case.lis,979,1_2LT,C,1.8176134437374087,0.03755
case.lis,979,1_2LT,A,1.39316107102603,0.0408
case.lis,979,1_2LT,B,1.5295810591336299,0.03879
case.lis,979,T_OPO,A,1.5567737870195337,0.04097
case.lis,979,T_OPO,B,1.7122012744393267,0.0402
case.lis,979,T_OPO,C,1.7631904470300062,0.03738
case.lis,980,T_MAN,A,1.155211533853404,0.04178
case.lis,980,T_MAN,B,1.208045306495558,0.03919
case.lis,980,T_MAN,C,1.374797873567809,0.03759
case.lis,980,1_2LT,C,1.939009647044206,0.03769
case.lis,980,1_2LT,A,1.3728218713668274,0.04084
case.lis,980,1_2LT,B,1.3499964589046567,0.04016
case.lis,980,T_OPO,A,1.545106365984185,0.04069
case.lis,980,T_OPO,B,1.6627282054012797,0.04034
case.lis,980,T_OPO,C,1.8129612964491424,0.03783
case.lis,981,T_MAN,A,1.106535584014484,0.02692
case.lis,981,T_MAN,B,1.3122332862962274,0.03011
case.lis,981,T_MAN,C,1.513569237732634,0.02881
case.lis,981,1_2LT,C,1.9936780265715275,0.02892
case.lis,981,1_2LT,A,1.666294186036192,0.02704
case.lis,981,1_2LT,B,1.8017298117628266,0.03008
case.lis,981,T_OPO,A,1.6623265617650451,0.02718
case.lis,981,T_OPO,B,1.7864667145912652,0.03005
case.lis,981,T_OPO,C,1.8122787259156705,0.02906
case.lis,982,T_MAN,A,1.350724815179673,0.02463
case.lis,982,T_MAN,B,1.153749256724975,0.0237
case.lis,982,T_MAN,C,1.1837993024308422,0.02821
case.lis,982,1_2LT,C,1.428011075907239,0.02868
case.lis,982,1_2LT,A,1.811423094331585,0.02469
case.lis,982,1_2LT,B,1.8047068345802604,0.02382
case.lis,982,T_OPO,A,1.8385273835831626,0.02482
case.lis,982,T_OPO,B,1.762642322745547,0.02397
case.lis,982,T_OPO,C,1.5576054918040063,0.02844
case.lis,983,T_MAN,A,1.2240913407350213,0.04183
case.lis,983,T_MAN,B,1.3038507592498914,0.03786
case.lis,983,T_MAN,C,1.301383423413829,0.03691
case.lis,983,1_2LT,C,1.8807988320597815,0.03687
case.lis,983,1_2LT,A,1.3128667784907302,0.04142
case.lis,983,1_2LT,B,1.8979090941363368,0.03789
case.lis,983,T_OPO,A,1.5973542959077718,0.04157
case.lis,983,T_OPO,B,1.7834839496969215,0.03785
case.lis,983,T_OPO,C,1.787923178643379,0.03701
case.lis,984,T_MAN,A,1.3294715336759055,0.03273
case.lis,984,T_MAN,B,1.5060531430549269,0.0303
case.lis,984,T_MAN,C,1.1392619079315212,0.02947
case.lis,984,1_2LT,C,1.7012949226550227,0.02959
case.lis,984,1_2LT,A,1.6854320580065143,0.0328
case.lis,984,1_2LT,B,1.9080958846969656,0.03041
case.lis,984,T_OPO,A,1.754462658750233,0.03149
case.lis,984,T_OPO,B,1.842482139212084,0.03055
case.lis,984,T_OPO,C,1.7244320225068115,0.02972
case.lis,985,T_MAN,A,1.2648475554017236,0.03232
case.lis,985,T_MAN,B,1.2311666711041294,0.03866
case.lis,985,T_MAN,C,1.161614437729084,0.03596
case.lis,985,1_2LT,C,1.45930003461221,0.03583
case.lis,985,1_2LT,A,1.8833909582257249,0.03244
case.lis,985,1_2LT,B,1.6991818206022524,0.03274
case.lis,985,T_OPO,A,1.8215419118364884,0.03379
case.lis,985,T_OPO,B,1.6891472971413863,0.03257
case.lis,985,T_OPO,C,1.650731560123184,0.03598
case.lis,986,T_MAN,A,1.2654202721052212,0.02512
case.lis,986,T_MAN,B,1.1958947700063012,0.02389
case.lis,986,T_MAN,C,1.1289892702148618,0.02711
case.lis,986,1_2LT,C,1.5137340539772979,0.02877
case.lis,986,1_2LT,A,1.4868796648828067,0.02497
case.lis,986,1_2LT,B,1.7938436948090561,0.02399
case.lis,986,T_OPO,A,1.6951590830426795,0.02633
case.lis,986,T_OPO,B,1.8004451840215838,0.02412
case.lis,986,T_OPO,C,1.6564170682570534,0.02861
case.lis,987,T_MAN,A,1.2721413420662602,0.02405
case.lis,987,T_MAN,B,1.5954382793294106,0.02263
case.lis,987,T_MAN,C,1.1797538361866218,0.02702
case.lis,987,1_2LT,C,1.3964781632453829,0.0222
case.lis,987,1_2LT,A,1.6118815729918263,0.02394
case.lis,987,1_2LT,B,2.0689627785617297,0.02273
case.lis,987,T_OPO,A,1.8076649183063094,0.02388
case.lis,987,T_OPO,B,1.8336355334274077,0.02287
case.lis,987,T_OPO,C,1.7301500749931218,0.02238
case.lis,988,T_MAN,A,1.3362171605562803,0.03185
case.lis,988,T_MAN,B,1.3317750738837564,0.0304
case.lis,988,T_MAN,C,1.1848053285053737,0.03568
case.lis,988,1_2LT,C,1.4089490313018629,0.03566
case.lis,988,1_2LT,A,1.577843100189036,0.03186
case.lis,988,1_2LT,B,1.8821338871286954,0.03052
case.lis,988,T_OPO,A,1.759846809907967,0.03167
case.lis,988,T_OPO,B,1.8286218127923177,0.03046
case.lis,988,T_OPO,C,1.6523006469820816,0.03546
case.lis,989,T_MAN,A,1.0632909111886186,0.02519
case.lis,989,T_MAN,B,1.5539072215270195,0.02157
case.lis,989,T_MAN,C,1.2330478269744491,0.02156
case.lis,989,1_2LT,C,1.684823255855232,0.02151
case.lis,989,1_2LT,A,1.1877110679198062,0.02437
case.lis,989,1_2LT,B,1.8661830364670695,0.02168
case.lis,989,T_OPO,A,1.240435315104236,0.02436
case.lis,989,T_OPO,B,1.7578111327067636,0.02182
case.lis,989,T_OPO,C,1.766047019356213,0.02133
case.lis,990,T_MAN,A,1.32679577908535,0.03345
case.lis,990,T_MAN,B,1.1859820282755131,0.03908
case.lis,990,T_MAN,C,1.428406240847733,0.03612
case.lis,990,1_2LT,C,1.8427608118782006,0.03609
case.lis,990,1_2LT,A,1.9206830409045326,0.03358
case.lis,990,1_2LT,B,1.321165650487677,0.03906
case.lis,990,T_OPO,A,1.7979185459321778,0.03373
case.lis,990,T_OPO,B,1.477640396886676,0.03888
case.lis,990,T_OPO,C,1.8178668228653585,0.03617
case.lis,991,T_MAN,A,1.1440756498664324,0.03267
case.lis,991,T_MAN,B,1.1915832867399736,0.03033
case.lis,991,T_MAN,C,1.1047069943289225,0.03495
case.lis,991,1_2LT,C,1.4443904257301845,0.03506
case.lis,991,1_2LT,A,1.3827435501477674,0.03277
case.lis,991,1_2LT,B,1.532016826859075,0.02894
case.lis,991,T_OPO,A,1.6155044330253734,0.03294
case.lis,991,T_OPO,B,1.684945552330999,0.02908
case.lis,991,T_OPO,C,1.4689267552384249,0.0352
case.lis,992,T_MAN,A,1.0858115587031958,0.03373
case.lis,992,T_MAN,B,1.3674834260763065,0.02904
case.lis,992,T_MAN,C,1.4517916966195408,0.02904
case.lis,992,1_2LT,C,1.8458495522599998,0.02913
case.lis,992,1_2LT,A,1.1389064582834119,0.03383
case.lis,992,1_2LT,B,1.6889674023980048,0.03042
case.lis,992,T_OPO,A,1.1626817629152355,0.03355
case.lis,992,T_OPO,B,1.7433935940786496,0.02927
case.lis,992,T_OPO,C,1.7654793169857204,0.02926
case.lis,993,T_MAN,A,1.2657721629081358,0.02644
case.lis,993,T_MAN,B,1.2617921137410475,0.031
case.lis,993,T_MAN,C,1.3641164656496003,0.02763
case.lis,993,1_2LT,C,1.900063118471383,0.02761
case.lis,993,1_2LT,A,1.8535217480053603,0.02656
case.lis,993,1_2LT,B,1.4624061698483275,0.02959
case.lis,993,T_OPO,A,1.771608935275167,0.0267
case.lis,993,T_OPO,B,1.5944705663090073,0.02822
case.lis,993,T_OPO,C,1.8501088332135218,0.02771
case.lis,994,T_MAN,A,1.2916229576577296,0.02581
case.lis,994,T_MAN,B,1.3935021610444014,0.02184
case.lis,994,T_MAN,C,1.1123317003470095,0.02708
case.lis,994,1_2LT,C,1.3268889835547626,0.02826
case.lis,994,1_2LT,A,1.8030410820309382,0.02442
case.lis,994,1_2LT,B,1.871924616381338,0.02195
case.lis,994,T_OPO,A,1.7400315059861373,0.02459
case.lis,994,T_OPO,B,1.78003582807494,0.02209
case.lis,994,T_OPO,C,1.4734965165916734,0.02843
case.lis,995,T_MAN,A,1.0978664146187775,0.03368
case.lis,995,T_MAN,B,1.3053652475660518,0.03072
case.lis,995,T_MAN,C,1.4345756188041925,0.02926
case.lis,995,1_2LT,C,1.8539438749700472,0.02922
case.lis,995,1_2LT,A,1.1417171738686689,0.03373
case.lis,995,1_2LT,B,1.6709250335028445,0.03055
case.lis,995,T_OPO,A,1.2706504166777601,0.03355
case.lis,995,T_OPO,B,1.7338532264792283,0.02935
case.lis,995,T_OPO,C,1.8112042297895756,0.02896
case.lis,996,T_MAN,A,1.1266596554753854,0.04128
case.lis,996,T_MAN,B,1.2540498682073538,0.03917
case.lis,996,T_MAN,C,1.5169024734417849,0.03668
case.lis,996,1_2LT,C,2.0877572175333032,0.03679
case.lis,996,1_2LT,A,1.3208644177605013,0.04008
case.lis,996,1_2LT,B,1.591783345314483,0.03803
case.lis,996,T_OPO,A,1.571303637832033,0.0386
case.lis,996,T_OPO,B,1.7848911756614037,0.03943
case.lis,996,T_OPO,C,1.828780496463342,0.03693
case.lis,997,T_MAN,A,1.2246252562634787,0.02469
case.lis,997,T_MAN,B,1.1230139247583801,0.03083
case.lis,997,T_MAN,C,1.2659415586144467,0.02823
case.lis,997,1_2LT,C,1.5177503039662044,0.02956
case.lis,997,1_2LT,A,1.574264401785635,0.02558
case.lis,997,1_2LT,B,1.6227885193961502,0.02478
case.lis,997,T_OPO,A,1.6526710863796514,0.02544
case.lis,997,T_OPO,B,1.7094668477151502,0.02491
case.lis,997,T_OPO,C,1.5402823468853448,0.0282
case.lis,998,T_MAN,A,1.2018699468391953,0.02378
case.lis,998,T_MAN,B,1.5546569663729068,0.02235
case.lis,998,T_MAN,C,1.12945390807352,0.02674
case.lis,998,1_2LT,C,1.5155431010765286,0.02192
case.lis,998,1_2LT,A,1.5216811771701413,0.02367
case.lis,998,1_2LT,B,2.10902065195204,0.02245
case.lis,998,T_OPO,A,1.7852172138058344,0.0236
case.lis,998,T_OPO,B,1.8454599163982,0.02259
case.lis,998,T_OPO,C,1.7583686999121382,0.0221
case.lis,999,T_MAN,A,1.1698629711476165,0.02502
case.lis,999,T_MAN,B,1.2468090115995278,0.02278
case.lis,999,T_MAN,C,1.3664281086645897,0.02027
case.lis,999,1_2LT,C,1.721218527294834,0.0204
case.lis,999,1_2LT,A,1.399467859456677,0.02516
case.lis,999,1_2LT,B,1.6111187465054981,0.02018
case.lis,999,T_OPO,A,1.6548434906857654,0.0238
case.lis,999,T_OPO,B,1.761009895542125,0.02152
case.lis,999,T_OPO,C,1.7807374175741277,0.02025
case.lis,1000,T_MAN,A,1.2930984140507824,0.04153
case.lis,1000,T_MAN,B,1.1668749079226461,0.03897
case.lis,1000,T_MAN,C,1.5867205374654987,0.03562
case.lis,1000,1_2LT,C,1.8938255367111299,0.03572
case.lis,1000,1_2LT,A,1.5492099274918572,0.03572
case.lis,1000,1_2LT,B,1.3592114628539986,0.04717
case.lis,1000,T_OPO,A,1.6509494306735182,0.03586
case.lis,1000,T_OPO,B,1.566332419215989,0.03873
case.lis,1000,T_OPO,C,1.7765165916735448,0.03585
