   ---   388   cards of disk file read into card cache cells  1   onward.
 <===> Done with  "/"-card sorting by data class.    Remember that the source file appears different from interpreted input data.
Alternative Transients Program (ATP),  Intel Visual Fortran.    All rights reserved by Can/Am user group of Portland, Oregon, USA.
 Date (dd-mth-yy) and time of day (hh.mm.ss) = 03-Sep-26  18.30.09    Name of disk plot file is  case.pl4
Consult the 860-page ATP Rule Book of the Can/Am EMTP User Group in Portland,  Oregon, USA.  Source code date is 19 June 2017.
Total size of LABCOM tables = 80605677 INTEGER words.  31 VARDIM  List Sizes follow:  100K  120K  500K  20K  2000K  5K  200K
 2000K  10K  16K  3K  12K 1000K  2K 2000K  3200  360  1016 2000K 2000K  12K 1000K 2000K  36  240K 2000K  100K 2000K84700K  39  100K
--------------------------------------------------+--------------------------------------------------------------------------------
Descriptive interpretation of input data cards.   |  Input data card images are shown below, all 80 columns, character by character
                                                  0         1         2         3         4         5         6         7         8
                                                  012345678901234567890123456789012345678901234567890123456789012345678901234567890
--------------------------------------------------+--------------------------------------------------------------------------------
Comment card.   Card index = 1.                   |C data:case.atp
Marker card preceding new EMTP data case.         |BEGIN NEW DATA CASE
Comment card.   Card index = 3.                   |C ------------------------------------------------------------------------------
Comment card.   Card index = 4.                   |C Generated by ATPDraw September, 3, 2026
Comment card.   Card index = 5.                   |C from project /tmp/tmpft3a8r49/case.xml
Comment card.   Card index = 6.                   |C ATPDraw developed by H. K. Høidalen at NTNU - NORWAY 1999-2022
Comment card.   Card index = 7.                   |C ------------------------------------------------------------------------------
Use  SPY  DEPOSIT  on following variable.         |$DEPOSIT, SIGMAX=3.0
Comment card.   Card index = 9.                   |C $DUMMY, XYZ000
Comment card.   Card index = 10.                  |C  dT  >< Tmax >< Xopt >< Copt ><Epsiln>
Misc. data.     1.000E-05   3.000E-01   6.000E+01 |   1.E-5      .3     60.     60.  1.E-16
Misc. data.  500  1  1  1  1  0  0  1  100  0     |     500       1       1       1       1       0       0       1     100
Statistics data.      1    0    0    0    1    0  |       1       0       0       0       1      -1                               0
Comment card.   Card index = 14.                  |C        1         2         3         4         5         6         7         8
Comment card.   Card index = 15.                  |C 345678901234567890123456789012345678901234567890123456789012345678901234567890
Comment card.   Card index = 16.                  |C < n1 >< n2 ><ref1><ref2>< R  >< L  >< C  >
Comment card.   Card index = 17.                  |C < n1 >< n2 ><ref1><ref2>< R  >< A  >< B  ><Leng><><>0
Comment card.   Card index = 18.                  |C bar from: 390 - bar to: 391 - fictional: 1505 1505 - SGOTA3-MG000
Sat. Xformer.    2.456E-02  2.878E+01  0.000E+00  |  TRANSFORMER             .0245628.784X0001A                                   0
    Breakpoint.      2.45605E-02    2.87840E+01   |     0.024560452        28.78395
    Breakpoint.      9.03510E-01    1.08293E+03   |     0.903510298      1082.93048
    Breakpoint.      1.66111E+00    1.13708E+03   |      1.66111143        1137.077
    Breakpoint.      3.75350E+00    1.19122E+03   |      3.75349629      1191.22352
    Breakpoint.      7.42970E+00    1.23454E+03   |      7.42970164      1234.54074
    Breakpoint.      1.75927E+01    1.28869E+03   |      17.5926808      1288.68727
    Breakpoint.      2.79951E+01    1.30601E+03   |      27.9951131      1306.01415
    Breakpoint.      8.30078E+02    1.55942E+03   |       830.07831      1559.41988
Special termination-of-points card.               |            9999
  Winding 1.   1.7190E+00  1.8237E-01  2.8868E+02 | 1390A                     1.719 68.75288.68
  Winding 2.   1.8700E-01 -1.9892E-02  1.9919E+02 | 2391A                      .187-7.499199.19
  Winding 3.   3.2000E-02  1.1247E-03  1.3800E+01 | 3395A  395B                .032  .424  13.8
Transformer copy using reference name  "X0001A"   |  TRANSFORMER X0001A                  X0001B                                   0
  Winding 1.   (No values read, since copy)       | 1390B
  Winding 2.   (No values read, since copy)       | 2391B
  Winding 3.   (No values read, since copy)       | 3395B  395C
Transformer copy using reference name  "X0001A"   |  TRANSFORMER X0001A                  X0001C                                   0
  Winding 1.   (No values read, since copy)       | 1390C
  Winding 2.   (No values read, since copy)       | 2391C
  Winding 3.   (No values read, since copy)       | 3395C  395A
Series R-L-C.   1.000E+06  0.000E+00  0.000E+00   |  395A                      1.E6                                               0
Series R-L-C.   1.000E+06  0.000E+00  0.000E+00   |  395B                      1.E6                                               0
Series R-L-C.   1.000E+06  0.000E+00  0.000E+00   |  395C                      1.E6                                               0
Comment card.   Card index = 43.                  |C bar from: 390 - bar to: 391 - fictional: 393 393 - SGOTA4-MG000
Sat. Xformer.    2.456E-02  2.878E+01  0.000E+00  |  TRANSFORMER             .0245628.784X0002A                                   0
    Breakpoint.      2.45605E-02    2.87840E+01   |     0.024560452        28.78395
    Breakpoint.      9.03510E-01    1.08293E+03   |     0.903510298      1082.93048
    Breakpoint.      1.66111E+00    1.13708E+03   |      1.66111143        1137.077
    Breakpoint.      3.75350E+00    1.19122E+03   |      3.75349629      1191.22352
    Breakpoint.      7.42970E+00    1.23454E+03   |      7.42970164      1234.54074
    Breakpoint.      1.75927E+01    1.28869E+03   |      17.5926808      1288.68727
    Breakpoint.      2.79951E+01    1.30601E+03   |      27.9951131      1306.01415
    Breakpoint.      8.30078E+02    1.55942E+03   |       830.07831      1559.41988
Special termination-of-points card.               |            9999
  Winding 1.   1.5120E+00  1.6048E-01  2.8868E+02 | 1390A                     1.512  60.5288.68
  Winding 2.   5.4000E-02 -5.6818E-03  1.9919E+02 | 2391A                      .054-2.142199.19
  Winding 3.   3.2000E-02  1.1194E-03  1.3800E+01 | 3397A  397B                .032  .422  13.8
Transformer copy using reference name  "X0002A"   |  TRANSFORMER X0002A                  X0002B                                   0
  Winding 1.   (No values read, since copy)       | 1390B
  Winding 2.   (No values read, since copy)       | 2391B
  Winding 3.   (No values read, since copy)       | 3397B  397C
Transformer copy using reference name  "X0002A"   |  TRANSFORMER X0002A                  X0002C                                   0
  Winding 1.   (No values read, since copy)       | 1390C
  Winding 2.   (No values read, since copy)       | 2391C
  Winding 3.   (No values read, since copy)       | 3397C  397A
Series R-L-C.   1.000E+06  0.000E+00  0.000E+00   |  397A                      1.E6                                               0
Series R-L-C.   1.000E+06  0.000E+00  0.000E+00   |  397B                      1.E6                                               0
Series R-L-C.   1.000E+06  0.000E+00  0.000E+00   |  397C                      1.E6                                               0
Series R-L-C.   1.000E+06  0.000E+00  0.000E+00   |  42077A                    1.E6                                               0
Series R-L-C.   1.000E+06  0.000E+00  0.000E+00   |  42077B                    1.E6                                               0
Series R-L-C.   1.000E+06  0.000E+00  0.000E+00   |  42077C                    1.E6                                               0
Comment card.   Card index = 71.                  |C 42077 - SGOTA6-MG013
Comment card.   Card index = 72.                  |C bar from: 9098 - bar to: 9049 - circuit: 7 SGO-DF-MG138 SGOTA2-MG138 300.0
Sat. Xformer.    1.538E-01  8.392E+01  0.000E+00  |  TRANSFORMER             .1538183.924X0004A                                   0
    Breakpoint.      1.53808E-01    8.39241E+01   |      0.15380798       83.924129
    Breakpoint.      2.45543E+00    2.98868E+02   |      2.45542745      298.867504
    Breakpoint.      4.51432E+00    3.13811E+02   |      4.51432442      313.810879
    Breakpoint.      1.02007E+01    3.28754E+02   |      10.2007004      328.754254
    Breakpoint.      2.01914E+01    3.40709E+02   |      20.1913508      340.708954
    Breakpoint.      4.78108E+01    3.55652E+02   |      47.8108014       355.65233
    Breakpoint.      7.60810E+01    3.60434E+02   |      76.0810026       360.43421
    Breakpoint.      2.25586E+03    4.30369E+02   |      2255.86479      430.369205
Special termination-of-points card.               |            9999
  Winding 1.   3.6000E-02  3.8038E-03  7.9674E+01 | 19049A                     .036 1.43479.674
  Winding 2.   3.6000E-02  3.8038E-03  7.9674E+01 | 2X0003A                    .036 1.43479.674
Transformer copy using reference name  "X0004A"   |  TRANSFORMER X0004A                  X0004B                                   0
  Winding 1.   (No values read, since copy)       | 19049B
  Winding 2.   (No values read, since copy)       | 2X0003B
Transformer copy using reference name  "X0004A"   |  TRANSFORMER X0004A                  X0004C                                   0
  Winding 1.   (No values read, since copy)       | 19049C
  Winding 2.   (No values read, since copy)       | 2X0003C
Series R-L-C.   1.000E+06  0.000E+00  0.000E+00   |  X0003A                    1.E6                                               0
Series R-L-C.   1.000E+06  0.000E+00  0.000E+00   |  X0003B                    1.E6                                               0
Series R-L-C.   1.000E+06  0.000E+00  0.000E+00   |  X0003C                    1.E6                                               0
1st of coupled R-L.   1.13780E+01  1.41787E-01    |51X0005AX0010A            11.378     53.4525
2nd coil. 1.373E+00 5.617E-02 0.000E+00 0.000E+00 |52X0005BX0010B            1.3727     21.1765
Zca, Zcc= 3.335E+00 2.854E-02 4.708E+00 8.471E-02 |53X0005CX0010C
1st of coupled R-L.   3.17140E+01  3.38011E-01    |51X0006AX0009A            31.714 127.4272128
2nd coil. 1.489E+01 1.352E-01 0.000E+00 0.000E+00 |52X0006BX0009B             14.89  50.9674572
Zca, Zcc= 5.608E+00 6.761E-02 2.050E+01 2.028E-01 |53X0006CX0009C
1st of coupled R-L.   3.90950E+02  1.44245E+00    |51X0008AX0007A            390.95 543.7895175
2nd coil. 8.644E+00 2.480E-01 0.000E+00 0.000E+00 |52X0008BX0007B            8.6441  93.4941375
Zca, Zcc= 1.274E+02 3.981E-01 1.361E+02 6.461E-01 |53X0008CX0007C
Comment card.   Card index = 103.                 |C < n1 >< n2 ><ref1><ref2>< R  >< L  >< C  >
Comment card.   Card index = 104.                 |C < n1 >< n2 ><ref1><ref2>< R  >< A  >< B  ><Leng><><>0
Comment card.   Card index = 105.                 |C < n1 >< n2 ><ref1><ref2>< R  >< L  >< C  >
Comment card.   Card index = 106.                 |C < n1 >< n2 ><ref1><ref2>< R  >< A  >< B  ><Leng><><>0
1st of coupled R-L.   3.69000E+07  8.17724E+04    |51391A  E001A             3.69E7   30827475.
2nd coil. 2.160E+04 1.538E+02 0.000E+00 0.000E+00 |52391B  E001B             21598.   57981.719
Zca, Zcc= 1.229E+07 2.721E+04 1.231E+07 2.736E+04 |53391C  E001C
Sat. Xformer.    0.000E+00  0.000E+00  1.000E+06  |  TRANSFORMER                         ST001A  1.E6                             0
Special termination-of-points card.               |            9999
  Winding 1.   1.0000E-04  2.6526E-07  1.9919E+02 | 1E001A                    .0001 .0001199.19
  Winding 2.   1.0000E-04  2.6526E-07  7.9674E+01 | 29049A                    .0001 .000179.674
Transformer copy using reference name  "ST001A"   |  TRANSFORMER ST001A                  ST001B                                   0
  Winding 1.   (No values read, since copy)       | 1E001B
  Winding 2.   (No values read, since copy)       | 29049B
Transformer copy using reference name  "ST001A"   |  TRANSFORMER ST001A                  ST001C                                   0
  Winding 1.   (No values read, since copy)       | 1E001C
  Winding 2.   (No values read, since copy)       | 29049C
1st of coupled R-L.   1.58000E+05  4.43667E+02    |51390A  E002A             1.58E5    167258.5
2nd coil. 1.673E+02 3.619E+00 0.000E+00 0.000E+00 |52390B  E002B             167.31    1364.325
Zca, Zcc= 5.261E+04 1.467E+02 5.278E+04 1.503E+02 |53390C  E002C
Sat. Xformer.    0.000E+00  0.000E+00  1.000E+06  |  TRANSFORMER                         ST002A  1.E6                             0
Special termination-of-points card.               |            9999
  Winding 1.   1.0000E-04  2.6526E-07  2.8868E+02 | 1E002A                    .0001 .0001288.68
  Winding 2.   1.0000E-04  2.6526E-07  1.9919E+02 | 2391A                     .0001 .0001199.19
Transformer copy using reference name  "ST002A"   |  TRANSFORMER ST002A                  ST002B                                   0
  Winding 1.   (No values read, since copy)       | 1E002B
  Winding 2.   (No values read, since copy)       | 2391B
Transformer copy using reference name  "ST002A"   |  TRANSFORMER ST002A                  ST002C                                   0
  Winding 1.   (No values read, since copy)       | 1E002C
  Winding 2.   (No values read, since copy)       | 2391C
1st of coupled R-L.   6.29570E+04  3.30096E+02    |51390A  E003A             62957.   124443.25
2nd coil. 1.236E+03 1.123E+01 0.000E+00 0.000E+00 |52390B  E003B             1235.6     4232.25
Zca, Zcc= 2.057E+04 1.063E+02 2.181E+04 1.175E+02 |53390C  E003C
Sat. Xformer.    0.000E+00  0.000E+00  1.000E+06  |  TRANSFORMER                         ST003A  1.E6                             0
Special termination-of-points card.               |            9999
  Winding 1.   1.0000E-04  2.6526E-07  2.8868E+02 | 1E003A                    .0001 .0001288.68
  Winding 2.   1.0000E-04  2.6526E-07  7.9674E+01 | 29049A                    .0001 .000179.674
Transformer copy using reference name  "ST003A"   |  TRANSFORMER ST003A                  ST003B                                   0
  Winding 1.   (No values read, since copy)       | 1E003B
  Winding 2.   (No values read, since copy)       | 29049B
Transformer copy using reference name  "ST003A"   |  TRANSFORMER ST003A                  ST003C                                   0
  Winding 1.   (No values read, since copy)       | 1E003C
  Winding 2.   (No values read, since copy)       | 29049C
Series R-L-C.   1.000E-03  0.000E+00  0.000E+00   |  T_MANCXX0014              .001                                               0
Series R-L-C.   1.000E-03  0.000E+00  0.000E+00   |  XX0015MEASUC              .001                                               4
Series R-L-C.   1.000E-03  0.000E+00  0.000E+00   |  T_MANBXX0016              .001                                               0
Series R-L-C.   1.000E-03  0.000E+00  0.000E+00   |  XX0017MEASUB              .001                                               4
Series R-L-C.   1.000E-03  0.000E+00  0.000E+00   |  T_MANAXX0018              .001                                               0
Series R-L-C.   1.000E-03  0.000E+00  0.000E+00   |  XX0019MEASUA              .001                                               4
Series R-L-C.   1.000E-03  0.000E+00  0.000E+00   |  T_MANAPRMANA              .001                                               0
Series R-L-C.   1.000E-03  0.000E+00  0.000E+00   |  T_MANBPRMANB              .001                                               0
Series R-L-C.   1.000E-03  0.000E+00  0.000E+00   |  T_MANCPRMANC              .001                                               0
Series R-L-C.   1.000E-03  0.000E+00  0.000E+00   |  T_OPOAPROPOA              .001                                               0
Series R-L-C.   1.000E-03  0.000E+00  0.000E+00   |  T_OPOBPROPOB              .001                                               0
Series R-L-C.   1.000E-03  0.000E+00  0.000E+00   |  T_OPOCPROPOC              .001                                               0
Comment card.   Card index = 158.                 |C 145 kV, Ur=120, MCOV = 96.kV Classe 3: 8kJ/kVr
Type-92 R(i)   0.0000E+00  0.0000E+00  4.4440E+03 |92      PRMANA                         4444.                                   4
Piecewise-lin.   0.000E+00  1.000E+19  0.000E+00  |                                               -1.
    Breakpoint.      1.00000E-03    1.35764E+05   |                    0.001                  135764.
    Breakpoint.      2.00000E-02    1.76190E+05   |                     0.02                  176190.
    Breakpoint.      2.00000E+00    1.85000E+05   |                       2.                   1.85E5
    Breakpoint.      2.00000E+01    1.95461E+05   |                      20.                  195461.
    Breakpoint.      2.50000E+02    2.16935E+05   |                     250.                  216935.
    Breakpoint.      5.00000E+02    2.26000E+05   |                     500.                   2.26E5
    Breakpoint.      1.00000E+03    2.31000E+05   |                     1.E3                   2.31E5
    Breakpoint.      2.00000E+03    2.43000E+05   |                     2.E3                   2.43E5
Special termination-of-points card.               |            9999
Reference branch.   Copy  (      , PRMANA )       |92      PRMANB      PRMANA             4444.                                   4
Reference branch.   Copy  (      , PRMANA )       |92      PRMANC      PRMANA             4444.                                   4
Comment card.   Card index = 172.                 |C 145 kV, Ur=120, MCOV = 96.kV Classe 3: 8kJ/kVr
Type-92 R(i)   0.0000E+00  0.0000E+00  4.4440E+03 |92      PROPOA                         4444.                                   4
Piecewise-lin.   0.000E+00  1.000E+19  0.000E+00  |                                               -1.
    Breakpoint.      1.00000E-03    1.35764E+05   |                    0.001                  135764.
    Breakpoint.      2.00000E-02    1.76190E+05   |                     0.02                  176190.
    Breakpoint.      2.00000E+00    1.85000E+05   |                       2.                   1.85E5
    Breakpoint.      2.00000E+01    1.95461E+05   |                      20.                  195461.
    Breakpoint.      2.50000E+02    2.16935E+05   |                     250.                  216935.
    Breakpoint.      5.00000E+02    2.26000E+05   |                     500.                   2.26E5
    Breakpoint.      1.00000E+03    2.31000E+05   |                     1.E3                   2.31E5
    Breakpoint.      2.00000E+03    2.43000E+05   |                     2.E3                   2.43E5
Special termination-of-points card.               |            9999
Reference branch.   Copy  (      , PROPOA )       |92      PROPOB      PROPOA             4444.                                   4
Reference branch.   Copy  (      , PROPOA )       |92      PROPOC      PROPOA             4444.                                   4
Comment card.   Card index = 186.                 |C 1/6
Comment card.   Card index = 187.                 |C  <++++++>  Cards punched by support routine on  03-Sep-26  16.19.59  <++++++>
Comment card.   Card index = 188.                 |C    **** UNTRANSPOSED K.C. Lee line calculated at   6.000E+01 HZ. ****
Comment card.   Card index = 189.                 |C LINE CONSTANTS
Comment card.   Card index = 190.                 |C $ERASE
Comment card.   Card index = 191.                 |C BRANCH  IN_001OUT001IN_002OUT002IN_003OUT003
Comment card.   Card index = 192.                 |C METRIC
Comment card.   Card index = 193.                 |C   1   .5   .1899 4           1.828    -3.2   22.04      7.     0.0   0.0
Comment card.   Card index = 194.                 |C   2   .5   .1899 4           1.828     3.2    23.9    8.86     0.0   0.0
Comment card.   Card index = 195.                 |C   3   .5   .1899 4           1.828    -3.2   25.76   10.72     0.0   0.0
Comment card.   Card index = 196.                 |C   0.2742    .667 4            1.24     0.0   29.44    18.6     0.0   0.0
Comment card.   Card index = 197.                 |C BLANK CARD ENDING CONDUCTOR CARDS
Comment card.   Card index = 198.                 |C     1.E3       60.                              13.3                 1
Comment card.   Card index = 199.                 |C    The transformation matrix was calculated at  6.00000000E+01 Hz.
New MOLDAT = 1     (data vintage).                |$VINTAGE, 1
 5.284E-01 8.593E+02 2.210E+05 8.593E+02 6.017E-05|-1T_MANAX0011A             5.28357E-01 8.59331E+02 2.21024E+05-1.33000E+01 1  3
 1.912E-01 3.671E+02 2.934E+05 3.671E+02 4.533E-05|-2T_MANBX0011B             1.91185E-01 3.67062E+02 2.93377E+05-1.33000E+01 1  3
 1.906E-01 4.134E+02 2.936E+05 4.134E+02 4.529E-05|-3T_MANCX0011C             1.90555E-01 4.13371E+02 2.93650E+05-1.33000E+01 1  3
New MOLDAT = 0     (data vintage).                |$VINTAGE, 0
TR(1,1 )...  0.594-0.699 0.402                    |  0.59364229 -0.69928374  0.40193149
TI(1,1 )...  0.000 0.000 0.000                    |  0.00000000  0.00000000  0.00000000
TR(2,1 )...  0.611 0.022-0.814                    |  0.61125068  0.02235166 -0.81448972
TI(2,1 )...  0.000 0.000 0.000                    |  0.00000000  0.00000000  0.00000000
TR(3,1 )...  0.523 0.714 0.418                    |  0.52341326  0.71449469  0.41839881
TI(3,1 )...  0.000 0.000 0.000                    |  0.00000000  0.00000000  0.00000000
Comment card.   Card index = 211.                 |C 1/6
Comment card.   Card index = 212.                 |C  <++++++>  Cards punched by support routine on  03-Sep-26  16.20.00  <++++++>
Comment card.   Card index = 213.                 |C    **** UNTRANSPOSED K.C. Lee line calculated at   6.000E+01 HZ. ****
Comment card.   Card index = 214.                 |C LINE CONSTANTS
Comment card.   Card index = 215.                 |C $ERASE
Comment card.   Card index = 216.                 |C BRANCH  IN_001OUT001IN_002OUT002IN_003OUT003
Comment card.   Card index = 217.                 |C METRIC
Comment card.   Card index = 218.                 |C   1   .5   .1899 4           1.828    -3.2   22.04      7.     0.0   0.0
Comment card.   Card index = 219.                 |C   2   .5   .1899 4           1.828     3.2    23.9    8.86     0.0   0.0
Comment card.   Card index = 220.                 |C   3   .5   .1899 4           1.828    -3.2   25.76   10.72     0.0   0.0
Comment card.   Card index = 221.                 |C   0.2742    .667 4            1.24     0.0   29.44    18.6     0.0   0.0
Comment card.   Card index = 222.                 |C BLANK CARD ENDING CONDUCTOR CARDS
Comment card.   Card index = 223.                 |C     1.E3       60.                              13.3                 1
Comment card.   Card index = 224.                 |C    The transformation matrix was calculated at  6.00000000E+01 Hz.
New MOLDAT = 1     (data vintage).                |$VINTAGE, 1
 5.284E-01 8.593E+02 2.210E+05 8.593E+02 6.017E-05|-1X0012AT_OPOA             5.28357E-01 8.59331E+02 2.21024E+05-1.33000E+01 1  3
 1.912E-01 3.671E+02 2.934E+05 3.671E+02 4.533E-05|-2X0012BT_OPOB             1.91185E-01 3.67062E+02 2.93377E+05-1.33000E+01 1  3
 1.906E-01 4.134E+02 2.936E+05 4.134E+02 4.529E-05|-3X0012CT_OPOC             1.90555E-01 4.13371E+02 2.93650E+05-1.33000E+01 1  3
New MOLDAT = 0     (data vintage).                |$VINTAGE, 0
TR(1,1 )...  0.594-0.699 0.402                    |  0.59364229 -0.69928374  0.40193149
TI(1,1 )...  0.000 0.000 0.000                    |  0.00000000  0.00000000  0.00000000
TR(2,1 )...  0.611 0.022-0.814                    |  0.61125068  0.02235166 -0.81448972
TI(2,1 )...  0.000 0.000 0.000                    |  0.00000000  0.00000000  0.00000000
TR(3,1 )...  0.523 0.714 0.418                    |  0.52341326  0.71449469  0.41839881
TI(3,1 )...  0.000 0.000 0.000                    |  0.00000000  0.00000000  0.00000000
Comment card.   Card index = 236.                 |C 1/3
Comment card.   Card index = 237.                 |C  <++++++>  Cards punched by support routine on  03-Sep-26  16.20.00  <++++++>
Comment card.   Card index = 238.                 |C    **** UNTRANSPOSED K.C. Lee line calculated at   6.000E+01 HZ. ****
Comment card.   Card index = 239.                 |C LINE CONSTANTS
Comment card.   Card index = 240.                 |C $ERASE
Comment card.   Card index = 241.                 |C BRANCH  IN_001OUT001IN_002OUT002IN_003OUT003
Comment card.   Card index = 242.                 |C METRIC
Comment card.   Card index = 243.                 |C   1   .5   .1899 4           1.828    -3.2   22.04      7.     0.0   0.0
Comment card.   Card index = 244.                 |C   2   .5   .1899 4           1.828     3.2    23.9    8.86     0.0   0.0
Comment card.   Card index = 245.                 |C   3   .5   .1899 4           1.828    -3.2   25.76   10.72     0.0   0.0
Comment card.   Card index = 246.                 |C   0.2742    .667 4            1.24     0.0   29.44    18.6     0.0   0.0
Comment card.   Card index = 247.                 |C BLANK CARD ENDING CONDUCTOR CARDS
Comment card.   Card index = 248.                 |C     1.E3       60.                              26.7                 1
Comment card.   Card index = 249.                 |C    The transformation matrix was calculated at  6.00000000E+01 Hz.
New MOLDAT = 1     (data vintage).                |$VINTAGE, 1
 5.284E-01 8.593E+02 2.210E+05 8.593E+02 1.208E-04|-1X0011B1_2LTB             5.28357E-01 8.59331E+02 2.21024E+05-2.67000E+01 1  3
 1.912E-01 3.671E+02 2.934E+05 3.671E+02 9.101E-05|-2X0011C1_2LTC             1.91185E-01 3.67062E+02 2.93377E+05-2.67000E+01 1  3
 1.906E-01 4.134E+02 2.936E+05 4.134E+02 9.092E-05|-3X0011A1_2LTA             1.90555E-01 4.13371E+02 2.93650E+05-2.67000E+01 1  3
New MOLDAT = 0     (data vintage).                |$VINTAGE, 0
TR(1,1 )...  0.594-0.699 0.402                    |  0.59364229 -0.69928374  0.40193149
TI(1,1 )...  0.000 0.000 0.000                    |  0.00000000  0.00000000  0.00000000
TR(2,1 )...  0.611 0.022-0.814                    |  0.61125068  0.02235166 -0.81448972
TI(2,1 )...  0.000 0.000 0.000                    |  0.00000000  0.00000000  0.00000000
TR(3,1 )...  0.523 0.714 0.418                    |  0.52341326  0.71449469  0.41839881
TI(3,1 )...  0.000 0.000 0.000                    |  0.00000000  0.00000000  0.00000000
Comment card.   Card index = 261.                 |C 1/3
Comment card.   Card index = 262.                 |C  <++++++>  Cards punched by support routine on  03-Sep-26  16.20.01  <++++++>
Comment card.   Card index = 263.                 |C    **** UNTRANSPOSED K.C. Lee line calculated at   6.000E+01 HZ. ****
Comment card.   Card index = 264.                 |C LINE CONSTANTS
Comment card.   Card index = 265.                 |C $ERASE
Comment card.   Card index = 266.                 |C BRANCH  IN_001OUT001IN_002OUT002IN_003OUT003
Comment card.   Card index = 267.                 |C METRIC
Comment card.   Card index = 268.                 |C   1   .5   .1899 4           1.828    -3.2   22.04      7.     0.0   0.0
Comment card.   Card index = 269.                 |C   2   .5   .1899 4           1.828     3.2    23.9    8.86     0.0   0.0
Comment card.   Card index = 270.                 |C   3   .5   .1899 4           1.828    -3.2   25.76   10.72     0.0   0.0
Comment card.   Card index = 271.                 |C   0.2742    .667 4            1.24     0.0   29.44    18.6     0.0   0.0
Comment card.   Card index = 272.                 |C BLANK CARD ENDING CONDUCTOR CARDS
Comment card.   Card index = 273.                 |C     1.E3       60.                              26.7                 1
Comment card.   Card index = 274.                 |C    The transformation matrix was calculated at  6.00000000E+01 Hz.
New MOLDAT = 1     (data vintage).                |$VINTAGE, 1
 5.284E-01 8.593E+02 2.210E+05 8.593E+02 1.208E-04|-11_2LTCX0012C             5.28357E-01 8.59331E+02 2.21024E+05-2.67000E+01 1  3
 1.912E-01 3.671E+02 2.934E+05 3.671E+02 9.101E-05|-21_2LTAX0012A             1.91185E-01 3.67062E+02 2.93377E+05-2.67000E+01 1  3
 1.906E-01 4.134E+02 2.936E+05 4.134E+02 9.092E-05|-31_2LTBX0012B             1.90555E-01 4.13371E+02 2.93650E+05-2.67000E+01 1  3
New MOLDAT = 0     (data vintage).                |$VINTAGE, 0
TR(1,1 )...  0.594-0.699 0.402                    |  0.59364229 -0.69928374  0.40193149
TI(1,1 )...  0.000 0.000 0.000                    |  0.00000000  0.00000000  0.00000000
TR(2,1 )...  0.611 0.022-0.814                    |  0.61125068  0.02235166 -0.81448972
TI(2,1 )...  0.000 0.000 0.000                    |  0.00000000  0.00000000  0.00000000
TR(3,1 )...  0.523 0.714 0.418                    |  0.52341326  0.71449469  0.41839881
TI(3,1 )...  0.000 0.000 0.000                    |  0.00000000  0.00000000  0.00000000
Blank card ending branches.  IBR, NTOT = 129  97  |BLANK BRANCH
Comment card.   Card index = 287.                 |C < n 1>< n 2>< Tclose ><Top/Tde ><   Ie   ><Vf/CLOP ><  type  >
Permanently-closed switch used for metering.      |  X0005A390A                                          MEASURING                0
Permanently-closed switch used for metering.      |  X0005B390B                                          MEASURING                0
Permanently-closed switch used for metering.      |  X0005C390C                                          MEASURING                0
Permanently-closed switch used for metering.      |  X0006A9049A                                         MEASURING                0
Permanently-closed switch used for metering.      |  X0006B9049B                                         MEASURING                0
Permanently-closed switch used for metering.      |  X0006C9049C                                         MEASURING                0
Permanently-closed switch used for metering.      |  X0008A391A                                          MEASURING                0
Permanently-closed switch used for metering.      |  X0008B391B                                          MEASURING                0
Permanently-closed switch used for metering.      |  X0008C391C                                          MEASURING                0
Switch.   2.00E-02  8.33E-04  0.00E+00  0.00E+00  |  XX0014XX0015       .02   .000833                    STATISTICS               1
Switch.   2.00E-02  8.33E-04  0.00E+00  0.00E+00  |  XX0016XX0017       .02   .000833                    STATISTICS               1
Switch.   2.00E-02  8.33E-04  0.00E+00  0.00E+00  |  XX0018XX0019       .02   .000833                    STATISTICS               1
Permanently-closed switch used for metering.      |  9049A MEASUA                                        MEASURING                0
Permanently-closed switch used for metering.      |  9049B MEASUB                                        MEASURING                0
Permanently-closed switch used for metering.      |  9049C MEASUC                                        MEASURING                0
Blank card ending switches.   KSWTCH = 15.        |BLANK SWITCH
Comment card.   Card index = 304.                 |C < n 1><>< Ampl.  >< Freq.  ><Phase/T0><   A1   ><   T1   >< TSTART >< TSTOP  >
Comment card.   Card index = 305.                 |C 1 - 390
Source.   4.08E+05  6.00E+01  0.00E+00 -1.00E+00  |14X0010A   408248.29       60.                                     -1.      100.
Source.   4.08E+05  6.00E+01 -1.20E+02 -1.00E+00  |14X0010B   408248.29       60.     -120.                           -1.      100.
Source.   4.08E+05  6.00E+01 -2.40E+02 -1.00E+00  |14X0010C   408248.29       60.     -240.                           -1.      100.
Comment card.   Card index = 309.                 |C 1 - 9049
Source.   1.13E+05  6.00E+01  0.00E+00 -1.00E+00  |14X0009A  112676.528       60.                                     -1.      100.
Source.   1.13E+05  6.00E+01 -1.20E+02 -1.00E+00  |14X0009B  112676.528       60.     -120.                           -1.      100.
Source.   1.13E+05  6.00E+01 -2.40E+02 -1.00E+00  |14X0009C  112676.528       60.     -240.                           -1.      100.
Comment card.   Card index = 313.                 |C 1 - 391
Source.   2.82E+05  6.00E+01  0.00E+00 -1.00E+00  |14X0007A   281691.32       60.                                     -1.      100.
Source.   2.82E+05  6.00E+01 -1.20E+02 -1.00E+00  |14X0007B   281691.32       60.     -120.                           -1.      100.
Source.   2.82E+05  6.00E+01 -2.40E+02 -1.00E+00  |14X0007C   281691.32       60.     -240.                           -1.      100.
Blank card ends electric sources.  KCONST = 9     |BLANK SOURCE

List of input elements that are connected to each node.   Only the physical connections of multi-phase lines are shown (capacitive
and inductive coupling are ignored).   Repeated entries indicate parallel connections.   Switches are included,  although sources
(including rotating machinery) are omitted -- except that U.M. usage produces extra,  internally-defined nodes  "UMXXXX".
--------------+------------------------------
From bus name |  Names of all adjacent busses.
--------------+------------------------------
       X0001A |TERRA *TERRA *TERRA *390A  *
       390A   |X0001A*X0002A*X0005A*E002A *E003A *
       391A   |TERRA *TERRA *TERRA *X0008A*E001A *
       395A   |TERRA *395B  *395C  *
       395B   |TERRA *395A  *395C  *
       X0001B |TERRA *TERRA *TERRA *390B  *
       390B   |X0001B*X0002B*X0005B*E002B *E003B *
       391B   |TERRA *TERRA *TERRA *X0008B*E001B *
       395C   |TERRA *395A  *395B  *
       X0001C |TERRA *TERRA *TERRA *390C  *
       390C   |X0001C*X0002C*X0005C*E002C *E003C *
       391C   |TERRA *TERRA *TERRA *X0008C*E001C *
       X0002A |TERRA *TERRA *TERRA *390A  *
       397A   |TERRA *397B  *397C  *
       397B   |TERRA *397A  *397C  *
       X0002B |TERRA *TERRA *TERRA *390B  *
       397C   |TERRA *397A  *397B  *
       X0002C |TERRA *TERRA *TERRA *390C  *
       42077A |TERRA *
       42077B |TERRA *
       42077C |TERRA *
       X0004A |TERRA *TERRA *9049A *
       9049A  |TERRA *TERRA *X0004A*X0006A*MEASUA*
       X0003A |TERRA *TERRA *
       X0004B |TERRA *TERRA *9049B *
       9049B  |TERRA *TERRA *X0004B*X0006B*MEASUB*
       X0003B |TERRA *TERRA *
       X0004C |TERRA *TERRA *9049C *
       9049C  |TERRA *TERRA *X0004C*X0006C*MEASUC*
       X0003C |TERRA *TERRA *
       X0005A |390A  *X0010A*
       X0010A |X0005A*
       X0005B |390B  *X0010B*
       X0010B |X0005B*
       X0005C |390C  *X0010C*
       X0010C |X0005C*
       X0006A |9049A *X0009A*
       X0009A |X0006A*
       X0006B |9049B *X0009B*
       X0009B |X0006B*
       X0006C |9049C *X0009C*
       X0009C |X0006C*
       X0008A |391A  *X0007A*
       X0007A |X0008A*
       X0008B |391B  *X0007B*
       X0007B |X0008B*
       X0008C |391C  *X0007C*
       X0007C |X0008C*
       E001A  |391A  *ST001A*
       E001B  |391B  *ST001B*
       E001C  |391C  *ST001C*
       ST001A |TERRA *TERRA *E001A *
       ST001B |TERRA *TERRA *E001B *
       ST001C |TERRA *TERRA *E001C *
       E002A  |390A  *ST002A*
       E002B  |390B  *ST002B*
       E002C  |390C  *ST002C*
       ST002A |TERRA *TERRA *E002A *
       ST002B |TERRA *TERRA *E002B *
       ST002C |TERRA *TERRA *E002C *
       E003A  |390A  *ST003A*
       E003B  |390B  *ST003B*
       E003C  |390C  *ST003C*
       ST003A |TERRA *TERRA *E003A *
       ST003B |TERRA *TERRA *E003B *
       ST003C |TERRA *TERRA *E003C *
       T_MANC |XX0014*PRMANC*X0011C*
       XX0014 |T_MANC*XX0015*
       XX0015 |XX0014*MEASUC*
       MEASUC |9049C *XX0015*
       T_MANB |XX0016*PRMANB*X0011B*
       XX0016 |T_MANB*XX0017*
       XX0017 |XX0016*MEASUB*
       MEASUB |9049B *XX0017*
       T_MANA |XX0018*PRMANA*X0011A*
       XX0018 |T_MANA*XX0019*
       XX0019 |XX0018*MEASUA*
       MEASUA |9049A *XX0019*
       PRMANA |TERRA *T_MANA*
       PRMANB |TERRA *T_MANB*
       PRMANC |TERRA *T_MANC*
       T_OPOA |PROPOA*X0012A*
       PROPOA |TERRA *T_OPOA*
       T_OPOB |PROPOB*X0012B*
       PROPOB |TERRA *T_OPOB*
       T_OPOC |PROPOC*X0012C*
       PROPOC |TERRA *T_OPOC*
       X0011A |T_MANA*1_2LTA*
       X0011B |T_MANB*1_2LTB*
       X0011C |T_MANC*1_2LTC*
       X0012A |T_OPOA*1_2LTA*
       X0012B |T_OPOB*1_2LTB*
       X0012C |T_OPOC*1_2LTC*
       1_2LTB |X0011B*X0012B*
       1_2LTC |X0011C*X0012C*
       1_2LTA |X0011A*X0012A*
       TERRA  |X0001A*X0001A*X0001A*391A  *391A  *391A  *395A  *395B  *X0001B*X0001B*X0001B*391B  *391B  *391B  *395C  *
              |X0001C*X0001C*X0001C*391C  *391C  *391C  *X0002A*X0002A*X0002A*397A  *397B  *X0002B*X0002B*X0002B*397C  *
              |X0002C*X0002C*X0002C*42077A*42077B*42077C*X0004A*X0004A*9049A *9049A *X0003A*X0003A*X0004B*X0004B*9049B *
              |9049B *X0003B*X0003B*X0004C*X0004C*9049C *9049C *X0003C*X0003C*ST001A*ST001A*ST001B*ST001B*ST001C*ST001C*
              |ST002A*ST002A*ST002B*ST002B*ST002C*ST002C*ST003A*ST003A*ST003B*ST003B*ST003C*ST003C*PRMANA*PRMANB*PRMANC*
              |PROPOA*PROPOB*PROPOC*
              |---------------------

Sinusoidal steady-state phasor solution, branch by branch.   All flows are away from a bus,  and the real part,  magnitude,  or  "P"
is printed above the imaginary part,  the angle,  or  "Q".   The first solution frequency  =  6.00000000E+01  Hertz.
  Bus K                        Phasor  node  voltage              Phasor  branch  current               Power flow       Power loss
             Bus M         Rectangular            Polar          Rectangular            Polar            P  and  Q        P  and  Q

 390A                 408216.61134772  408216.61139551      .15135596015594  .65264275301273      30894.991245083  .36609763294837
                        -6.2460910595       -0.0008767      -.6348495383832      -76.5903099      129577.59094566       14.6417756

            X0001A    408172.70526106  408172.70555766      -.1513559601559  .65264275301273      -30894.62514745
                      -15.56050696374       -0.0021843      .63484953838315      103.4096901      -129562.9491701

 391A                 281637.11621346  281637.11636285      -.2189560348181  .47258742274737      -30831.15223237  -30831.15223237
                       -9.17315804483       -0.0018662      -.4188044017865     -117.6011157       58976.43624748    58976.4362475

            TERRA                 0.0              0.0      .21895603481812  .47258742274737                  0.0
                                  0.0              0.0      .41880440178647       62.3988843                  0.0

 X0001A               408172.70526106  408172.70555766      .15108027080305  .32608663135172      30831.173114558  30831.173114558
                      -15.56050696374       -0.0021843      .28897619784402       62.3988843      -58977.27365783   -58977.2736578

            TERRA                 0.0              0.0       -.151080270803  .32608663135172                  0.0
                                  0.0              0.0       -.288976197844     -117.6011157                  0.0

 395A                 9755.8868540921  11265.376683363      -.0065038300854  .00650383008551      -31.72521867348  -63.45203218984
                      -5633.061646051      -30.0021924      -.3427703632E-7     -179.9996980      18.318405104754        0.0027623

            395B      -9756.317914254  11265.376687946      .00650383008542  .00650383008551      -31.72681351636
                      -5632.315037116     -150.0021923       .3427703632E-7        0.0003020      -18.31564278565

 X0001A               408172.70526106  408172.70555766       .3109077706E-3   .3109077706E-3      63.452032892915  63.452032892915
                      -15.56050696374       -0.0021843      .16389094526E-8        0.0003020      -.0027534203172       -0.0027534

            TERRA                 0.0              0.0      -.3109077706E-3   .3109077706E-3                  0.0
                                  0.0              0.0      -.1638909453E-8     -179.9996980                  0.0

 390B                 -204113.7149474  408216.61139535      -.6254738485578  .65264279931304      30894.990854518  .36609768489143
                      -353522.8326282     -120.0008767       .1863466883674      163.4096889      129577.60075391       14.6417777

            X0001B     -204099.828423   408172.7055542      .62547384855777  .65264279931304      -30894.62475683
                      -353480.1516311     -120.0021843      -.1863466883674      -16.5903111      -129562.9589762

 391B                 -140826.5022935  281637.11636066      -.2532172165484  .47258739486536       -30831.1507482   -30831.1507482
                      -243900.3107085     -120.0018662      .39902366725437      122.3988839      58976.432592332    58976.4325923

            TERRA                 0.0              0.0      .25321721654836  .47258739486536                  0.0
                                  0.0              0.0      -.3990236672544      -57.6011161                  0.0

 X0001B                -204099.828423   408172.7055542      .17472058114436  .32608661211258      30831.171631054  30831.171631054
                      -353480.1516311     -120.0021843      -.2753274361985      -57.6011161      -58977.27000212   -58977.2700021

            TERRA                 0.0              0.0      -.1747205811444  .32608661211258                  0.0
                                  0.0              0.0      .27532743619849      122.3988839                  0.0

 395B                 -9756.317914254  11265.376687946       .0032524878261  .00650394214524      -31.72754238332  -63.45312542402
                      -5632.315037116     -150.0021923      .00563228074316       59.9947433      18.315642710786       -0.0033936

            395C      .43105202372938  11265.376679506      -.0032524878261  .00650394214524       -31.7255830407
                      11265.376671259       89.9978077      -.0056322807432     -120.0052567      -18.31903633686

 X0001B                -204099.828423   408172.7055542      -.1554812663E-3  .31091312755E-3      63.453126141647  63.453126141647
                      -353480.1516311     -120.0021843      -.2692444033E-3     -120.0052566      .00340254496711        0.0034025

            TERRA                 0.0              0.0      .15548126635E-3  .31091312755E-3                  0.0
                                  0.0              0.0      .26924440328E-3       59.9947434                  0.0

 390C                 -204102.8964053  408216.61139523      .47411793008306  .65264276506382      30894.970553911  .36609764645982
                      353529.07871629      119.9991233      .44850280619401       43.4096807      129577.59840761       14.6417761

            X0001C    -204072.8768461  408172.70555505      -.4741179300831  .65264276506382      -30894.60445626
                      353495.71213228      119.9978158       -.448502806194     -136.5903193      -129562.9566315

 391C                 -140810.6139246  281637.11636137      .47217314145382  .47258730178716      -30831.12566375  -30831.12566375
                      243909.48386345      119.9981338      .01978085691007        2.3989024      58976.430915823    58976.4309158

            TERRA                 0.0              0.0      -.4721731414538  .47258730178716                  0.0
                                  0.0              0.0      -.0197808569101     -177.6010976                  0.0

 X0001C               -204072.8768461  408172.70555505      -.3258007761069  .32608654788478      30831.146545494  30831.146545494
                      353495.71213228      119.9978158      -.0136488460885     -177.6010976      -58977.26832503   -58977.2683250

            TERRA                 0.0              0.0      .32580077610692  .32608654788478                  0.0
                                  0.0              0.0      .01364884608847        2.3989024                  0.0

 395C                 .43105202372938  11265.376679506      .00325205676199  .00650443255825      -31.72877281809   -63.4579100318
                      11265.376671259       89.9978077      -.0056330959269      -60.0016225      18.319036268788        0.0006311

            395A      9755.8868540921  11265.376683363       -.003252056762  .00650443255825      -31.72913721371
                      -5633.061646051      -30.0021924       .0056330959269      119.9983775      -18.31840514214

 X0001C               -204072.8768461  408172.70555505      -.1554606602E-3  .31093657122E-3      63.457910763304  63.457910763304
                      353495.71213228      119.9978158      .26928337206E-3      119.9983775      -.6221728247E-3       -0.0006222

            TERRA                 0.0              0.0      .15546066015E-3  .31093657122E-3                  0.0
                                  0.0              0.0      -.2692833721E-3      -60.0016225                  0.0

 395A                 9755.8868540921  11265.376683363      .00975588685409  .01126537668336      63.454355909029  63.454355909029
                      -5633.061646051      -30.0021924      -.0056330616461      -30.0021924                  0.0              0.0

            TERRA                 0.0              0.0      -.0097558868541  .01126537668336                  0.0
                                  0.0              0.0      .00563306164605      149.9978076                  0.0

 395B                 -9756.317914254  11265.376687946      -.0097563179143  .01126537668795      63.454355960655  63.454355960655
                      -5632.315037116     -150.0021923      -.0056323150371     -150.0021923                  0.0              0.0

            TERRA                 0.0              0.0      .00975631791425  .01126537668795                  0.0
                                  0.0              0.0      .00563231503712       29.9978077                  0.0

 395C                 .43105202372938  11265.376679506      .43105202373E-6  .01126537667951      63.454355865575  63.454355865575
                      11265.376671259       89.9978077      .01126537667126       89.9978077                  0.0              0.0

            TERRA                 0.0              0.0      -.4310520237E-6  .01126537667951                  0.0
                                  0.0              0.0      -.0112653766713      -90.0021923                  0.0

 390A                 408216.61134772  408216.61139551      .14683473163017  .80144691453663      29972.648875837  .48559177055358
                        -6.2460910595       -0.0008767      -.7878811575405      -79.4430912       160812.6295664       19.4300940

            X0002A    408168.72252358  408168.72276156      -.1468347316302  .80144691453663      -29972.16328407
                      -13.93831601292       -0.0019566      .78788115754052      100.5569088      -160793.1994724

 391A                 281637.11621346  281637.11636285      -.2123982367939  .28969790624842       -29908.7098603   -29908.7098603
                       -9.17315804483       -0.0018662      -.1970072737022     -137.1529318      27743.254400577    27743.2544006

            TERRA                 0.0              0.0      .21239823679389  .28969790624842                  0.0
                                  0.0              0.0      .19700727370218       42.8470682                  0.0

 X0002A               408168.72252358  408168.72276156      .14655537199178  .19989235813712      29908.712125996  29908.712125996
                      -13.93831601292       -0.0019566      .13593556481646       42.8470682      -27743.34428587   -27743.3442859

            TERRA                 0.0              0.0      -.1465553719918  .19989235813712                  0.0
                                  0.0              0.0      -.1359355648165     -137.1529318                  0.0

 397A                 9755.8140493561   11265.26675816      -.0065038038783  .00650380387839      -31.72487521241   -63.4511573851
                      -5632.967900395      -30.0019646      -.2677552402E-7     -179.9997641      18.317989847071        0.0024369

            397B      -9756.200329015  11265.266761642      .00650380387833  .00650380387839      -31.72628217269
                      -5632.298851366     -150.0019646       .2677552402E-7        0.0002359      -18.31555294303

 X0002A               408168.72252358  408168.72276156      .31090651763E-3  .31090651763E-3      63.451158052933  63.451158052933
                      -13.93831601292       -0.0019566      .12796590454E-8        0.0002358      -.0024279150455       -0.0024279

            TERRA                 0.0              0.0      -.3109065176E-3  .31090651763E-3                  0.0
                                  0.0              0.0      -.1279659045E-8     -179.9997642                  0.0

 390B                 -204113.7149474  408216.61139535      -.7557425078537  .80144696529001      29972.648716229  .48559183204634
                      -353522.8326282     -120.0008767      .26677799758523      160.5569081      160812.64013367       19.4300965

            X0002B    -204096.4321959  408168.72275827      .75574250785369  .80144696529001       -29972.1631244
                      -353477.5135748     -120.0019566      -.2667779975852      -19.4430919      -160793.2100372

 391B                 -140826.5022935  281637.11636066      -.0644141568046  .28969787590274      -29908.70886919  -29908.70886919
                      -243900.3107085     -120.0018662      .28244588102098      102.8470637      27743.249185029    27743.2491850

            TERRA                 0.0              0.0      .06441415680456  .28969787590274                  0.0
                                  0.0              0.0       -.282445881021      -77.1529363                  0.0

 X0002B               -204096.4321959  408168.72275827      .04444594669621  .19989233720135      29908.711137366  29908.711137366
                      -353477.5135748     -120.0019566      -.1948884406374      -77.1529363      -27743.33906849   -27743.3390685

            TERRA                 0.0              0.0      -.0444459466962  .19989233720135                  0.0
                                  0.0              0.0      .19488844063744      102.8470637                  0.0

 397B                 -9756.200329015  11265.266761642      .00325239645463  .00650388895154      -31.72683546692  -63.45198733789
                      -5632.298851366     -150.0019646      .00563227208113       59.9954022      18.315552957716       -0.0029161

            397C      .38627344537382  11265.266761071      -.0032523964546  .00650388895154      -31.72515187097
                      11265.266754448       89.9980354      -.0056322720811     -120.0045978      -18.31846902773

 X0002B               -204096.4321959  408168.72275827       -.155476899E-3  .31091058448E-3      63.451988012435  63.451988012435
                      -353477.5135748     -120.0019566      -.2692439887E-3     -120.0045979      .00292509148468        0.0029251

            TERRA                 0.0              0.0      .15547689895E-3  .31091058448E-3                  0.0
                                  0.0              0.0      .26924398867E-3       59.9954021                  0.0

 390C                 -204102.8964053  408216.61139523      .60890780749304  .80144693283101      29972.630481372  .48559179273434
                      353529.07871629      119.9991233      .52110312618354       40.5569020      160812.63679303       19.4300949

            X0002C    -204072.2903347  408168.72275928       -.608907807493  .80144693283101      -29972.14488958
                      353491.45188601      119.9980434      -.5211031261835     -139.4430980      -160793.2066982

 391C                 -140810.6139246  281637.11636137      .27681230647431   .2896977587101      -29908.68641456  -29908.68641456
                      243909.48386345      119.9981338      -.0854385064595      -17.1529149      27743.249125922    27743.2491259

            TERRA                 0.0              0.0      -.2768123064743   .2896977587101                  0.0
                                  0.0              0.0      .08543850645947      162.8470851                  0.0

 X0002C               -204072.2903347  408168.72275928      -.1910012586013  .19989225634927      29908.688681378  29908.688681378
                      353491.45188601      119.9980434      .05895280621917      162.8470851      -27743.33901412   -27743.3390141

            TERRA                 0.0              0.0      .19100125860132  .19989225634927                  0.0
                                  0.0              0.0      -.0589528062192      -17.1529149                  0.0

 397C                 .38627344537382  11265.266761071      .00325201016676   .0065043215702      -31.72796571519  -63.45620803448
                      11265.266754448       89.9980354       -.005632994671      -60.0015320      18.318468946502        0.0004791

            397A      9755.8140493561   11265.26675816      -.0032520101668   .0065043215702      -31.72824231928
                      -5632.967900395      -30.0019646      .00563299467103      119.9984680      -18.31798983524

 X0002C               -204072.2903347  408168.72275928      -.1554584321E-3  .31093126534E-3      63.456208718998  63.456208718998
                      353491.45188601      119.9980434      .26927853173E-3      119.9984679      -.4700844457E-3       -0.0004701

            TERRA                 0.0              0.0      .15545843212E-3  .31093126534E-3                  0.0
                                  0.0              0.0      -.2692785317E-3      -60.0015321                  0.0

 397A                 9755.8140493561   11265.26675816      .00975581404936  .01126526675816      63.453117566249  63.453117566249
                      -5632.967900395      -30.0019646      -.0056329679004      -30.0019646      .3552713679E-14        0.0000000

            TERRA                 0.0              0.0      -.0097558140494  .01126526675816                  0.0
                                  0.0              0.0       .0056329679004      149.9980354                  0.0

 397B                 -9756.200329015  11265.266761642       -.009756200329  .01126526676164       63.45311760548   63.45311760548
                      -5632.298851366     -150.0019646      -.0056322988514     -150.0019646      -.355271368E-14       -0.0000000

            TERRA                 0.0              0.0      .00975620032901  .01126526676164                  0.0
                                  0.0              0.0      .00563229885137       29.9980354                  0.0

 397C                 .38627344537382  11265.266761071      .38627344537E-6  .01126526676107      63.453117599041  63.453117599041
                      11265.266754448       89.9980354      .01126526675445       89.9980354                  0.0              0.0

            TERRA                 0.0              0.0      -.3862734454E-6  .01126526676107                  0.0
                                  0.0              0.0      -.0112652667544      -90.0019646                  0.0

 9049A                112621.44223737  112621.48124059      .11216430034706   .5589648514141      6341.7155365698  .00562395069119
                      -93.72939845165       -0.0476845      -.5475955394669      -78.4241908      30830.243162556        0.2240207

            X0004A    112620.65294745  112620.69206849      -.1121643003471   .5589648514141      -6341.709912619
                      -93.87052861893       -0.0477566       .5475955394669      101.5758092      -30830.01914185

 X0003A               112620.64875826  112620.68801403      -.1126206487581   .1126206880139      -6341.709684369  -6341.709684369
                      -94.03202324409       -0.0478388      .94032016932E-4      179.9521612       .3554283845E-6        0.0000004

            TERRA                 0.0              0.0      .11262064875814   .1126206880139                  0.0
                                  0.0              0.0      -.9403201693E-4       -0.0478388                  0.0

 X0004A               112620.65294745  112620.69206849      .11262064875814   .1126206880139      6341.7099126709  6341.7099126709
                      -93.87052861893       -0.0477566      -.9403201693E-4       -0.0478388      .00909365625898        0.0090937

            TERRA                 0.0              0.0      -.1126206487581   .1126206880139                  0.0
                                  0.0              0.0      .94032016932E-4      179.9521612                  0.0

 9049B                -56391.89314783  112621.48121237       -.530313798204  .55896485126529      6341.7155332936  .00562395069028
                      -97486.16526293     -120.0476845      .17666063620522      161.5758092      30830.243146621        0.2240207

            X0004B    -56391.62072518  112620.69204027      .53031379820404  .55896485126529      -6341.709909343
                      -97485.41115272     -120.0477566      -.1766606362052      -18.4241908      -30830.01912592

 X0003B               -56391.75848904  112620.68798581      .05639175848046  .11262068798673       -6341.70968125   -6341.70968125
                      -97485.32677747     -120.0478388       .0974853267835       59.9521612      .58809564507E-6        0.0000006

            TERRA                 0.0              0.0      -.0563917584805  .11262068798673                  0.0
                                  0.0              0.0      -.0974853267835     -120.0478388                  0.0

 X0004B               -56391.62072518  112620.69204027       -.056391758495  .11262068798772      6341.7099096072  6341.7099096072
                      -97485.41115272     -120.0477566      -.0974853267762     -120.0478388      .00909433803827        0.0090943

            TERRA                 0.0              0.0      .05639175849501  .11262068798772                  0.0
                                  0.0              0.0      .09748532677622       59.9521612                  0.0

 9049C                -56229.54904972  112621.48121755      .41814949798256  .55896485129895      6341.7155340459  .00562395069028
                      97579.894677639      119.9523155      .37093490308218       41.5758092       30830.24314988        0.2240207

            X0004C    -56229.03218245  112620.69204545      -.4181494979826  .55896485129895      -6341.709910095
                      97579.281697602      119.9522434      -.3709349030822     -138.4241908      -30830.01912918

 X0003C               -56228.89022941  112620.68799099      .05622889022925  .11262068798288      -6341.709681325  -6341.709681325
                      97579.358816974      119.9521612      -.0975793588077      -60.0478388      .25256258596E-6        0.0000003

            TERRA                 0.0              0.0      -.0562288902292  .11262068798288                  0.0
                                  0.0              0.0      .09757935880771      119.9521612                  0.0

 X0004C               -56229.03218245  112620.69204545      -.0562288902147  .11262068798191      6341.7099095722  6341.7099095722
                      97579.281697602      119.9522434      .09757935881498      119.9521612      .00909467366273        0.0090947

            TERRA                 0.0              0.0       .0562288902147  .11262068798191                  0.0
                                  0.0              0.0       -.097579358815      -60.0478388                  0.0

 X0003A               112620.64875826  112620.68801403      .11262064875826  .11262068801403      6341.7096843767  6341.7096843767
                      -94.03202324409       -0.0478388      -.9403202324E-4       -0.0478388       -.88817842E-15       -0.0000000

            TERRA                 0.0              0.0      -.1126206487583  .11262068801403                  0.0
                                  0.0              0.0      .94032023244E-4      179.9521612                  0.0

 X0003B               -56391.75848904  112620.68798581       -.056391758489  .11262068798581      6341.7096811981  6341.7096811981
                      -97485.32677747     -120.0478388      -.0974853267775     -120.0478388                  0.0              0.0

            TERRA                 0.0              0.0      .05639175848904  .11262068798581                  0.0
                                  0.0              0.0      .09748532677747       59.9521612                  0.0

 X0003C               -56228.89022941  112620.68799099      -.0562288902294  .11262068799099      6341.7096817815  6341.7096817815
                      97579.358816974      119.9521612      .09757935881697      119.9521612                  0.0              0.0

            TERRA                 0.0              0.0      .05622889022941  .11262068799099                  0.0
                                  0.0              0.0       -.097579358817      -60.0478388                  0.0

 X0005A               408216.61134772  408216.61139551      -.3902831764313  1.5215417481444      -79664.63073556  1.5889613616309
                        -6.2460910595       -0.0008767      1.4706353502963      104.8627861      -300167.6707409       24.5127451

            X0010A          408248.29        408248.29      .39028317643128  1.5215417481444      79666.219696918
                                  0.0              0.0      -1.470635350296      -75.1372139        300192.183486

 X0005B               -204113.7149474  408216.61139535      1.4687492534655  1.5215418497993      -79664.63157209  1.5889610668237
                      -353522.8326282     -120.0008767      -.3973225781844      -15.1372148      -300167.6919857       24.5127469

            X0010B        -204124.145        408248.29      -1.468749253466  1.5215418497993      79666.220533153
                      -353553.3901916     -120.0000000      .39732257818436      164.8627852      300192.20473256

 X0005C               -204102.8964053  408216.61139523      -1.078466149113  1.5215417761545      -79664.59180992  1.5889624477277
                      353529.07871629      119.9991233      -1.073312695257     -135.1372216      -300167.6869866       24.5127448

            X0010C        -204124.145        408248.29      1.0784661491131  1.5215417761545      79666.180772366
                      353553.39019156      120.0000000      1.0733126952574       44.8627784      300192.19973141

 X0006A               112621.44223737  112621.48124059       -1.98531202513  2.0475018739007      -111817.8215961  31.211398011001
                      -93.72939845165       -0.0476845      .50079944738602      165.8423669      -28107.33696722      106.8345107

            X0009A         112676.528       112676.528      1.9853120251297  2.0475018739007      111849.03299413
                                  0.0              0.0       -.500799447386      -14.1576331      28214.171477888

 X0006B               -56391.89314783  112621.48121237       1.426361326653  2.0475020873738      -111817.8308978  31.211419528379
                      -97486.16526293     -120.0476845      1.4689309594493       45.8423621      -28107.34915397      106.8345350

            X0009B         -56338.264       112676.528      -1.426361326653  2.0475020873738      111849.04231729
                      -97580.73565823     -120.0000000      -1.468930959449     -134.1576379      28214.183689013

 X0006C               -56229.54904972  112621.48121755      .55895089185135  2.0475021407429      -111817.8340116  31.211411838362
                      97579.894677639      119.9523155      -1.969730671144      -74.1576375       -28107.3491155      106.8345526

            X0009C         -56338.264       112676.528      -.5589508918514  2.0475021407429      111849.04542348
                      97580.735658229      120.0000000       1.969730671144      105.8423625      28214.183668066

 X0008A               281637.11621346  281637.11636285      -.1504308399774   .5855024305004      -21186.04928575  1.4816552210104
                       -9.17315804483       -0.0018662      .56584773438229      104.8877440      -79681.17210074       16.0255078

            X0007A          281691.32        281691.32      .15043083997741   .5855024305004      21187.530940972
                                  0.0              0.0      -.5658477343823      -75.1122560      79697.197608578

 X0008B               -140826.5022935  281637.11636066      .56525398120555  .58550248333595      -21186.04992352  1.4816552666562
                      -243900.3107085     -120.0018662      -.1526469610698      -15.1122569      -79681.17962923       16.0255099

            X0007B         -140845.66        281691.32      -.5652539812056  .58550248333595      21187.531578787
                      -243951.8391456     -120.0000000      .15264696106976      164.8877431      79697.205139158

 X0008C               -140810.6139246  281637.11636137      -.4148231490634  .58550245232747      -21186.04217872  1.4816559164901
                      243909.48386345      119.9981338      -.4132007704284     -135.1122616      -79681.17717039       16.0255084

            X0007C         -140845.66        281691.32      .41482314906336  .58550245232747      21187.523834637
                      243951.83914557      120.0000000      .41320077042842       44.8877384      79697.202678831

 391A                 281637.11621346  281637.11636285      .00384133182265  .00384297831931       540.9302925675  .15948477358313
                       -9.17315804483       -0.0018662      .11248195858E-3        1.6772569      -15.85716579152        0.4281510

            E001A     281560.67306076  281560.77057142      -.0038413318226  .00384297831931      -540.7708077939
                      -234.3295511571       -0.0476845      -.1124819586E-3     -178.3227431      16.285316762723

 391B                 -140826.5022935  281637.11636066      -.0018232537835  .00384297860243      540.93033228041  .15948492078064
                      -243900.3107085     -120.0018662      -.0033829321867     -118.3227426      -15.85717152019        0.4281510

            E001B     -140983.2718471  281560.77050085      .00182325378353  .00384297860243      -540.7708473596
                      -243721.5307361     -120.0476845      .00338293218666       61.6772574      16.285322535069

 391C                 -140810.6139246  281637.11636137      -.0020180780414   .0038429784907      540.93031762725  .15948486646471
                      243909.48386345      119.9981338      .00327045022878      121.6772535       -15.8571344708        0.4281511

            E001C     -140577.4011142  281560.77051381      .00201807804137   .0038429784907      -540.7708327608
                      243955.86032787      119.9523154      -.0032704502288      -58.3227465      16.285285577605

 E001A                281560.67306076  281560.77057142      .00384128739483  .00384293457438      540.76455057421    .738396011E-9
                      -234.3295511571       -0.0476845      .11250463672E-3        1.6776143      -16.28850419392        0.0000000

            ST001A    281560.67306039  281560.77057104      -.0038412873948  .00384293457438      -540.7645505735
                      -234.3295515525       -0.0476845      -.1125046367E-3     -178.3223857      16.288504194655

 ST001A               281560.67306039  281560.77057104      .28156067306039  .28156077057104       39638.23376228   39638.23376228
                      -234.3295515525       -0.0476845      -.2343295516E-3       -0.0476845      -.710542736E-14       -0.0000000

            TERRA                 0.0              0.0      -.2815606730604  .28156077057104                  0.0
                                  0.0              0.0      .23432955155E-3      179.9523155                  0.0

 9049A                112621.44223737  112621.48124059      .69431591033936  .69431645166686      39097.470227508  39097.470227508
                      -93.72939845165       -0.0476845      -.8670091629E-3       -0.0715466      16.283004873805       16.2830049

            TERRA                 0.0              0.0      -.6943159103394  .69431645166686                  0.0
                                  0.0              0.0       .8670091629E-3      179.9284534                  0.0

 ST001A               281560.67306039  281560.77057104      -.2777193784714  .27771959494084      -39097.46818905  -39097.46818905
                      -234.3295515525       -0.0476845      .34675002098E-3      179.9284627      -16.27665593821      -16.2766559

            TERRA                 0.0              0.0      .27771937847137  .27771959494084                  0.0
                                  0.0              0.0       -.346750021E-3       -0.0715373                  0.0

 E001B                -140983.2718471  281560.77050085      -.0018230639398  .00384271778212      540.73382730644  .73828232416E-9
                      -243721.5307361     -120.0476845       -.003382738214     -118.3216230      -16.29478358484        0.0000000

            ST001B    -140983.2718472  281560.77050048      .00182306393981  .00384271778212      -540.7338273057
                      -243721.5307355     -120.0476845      .00338273821399       61.6783770      16.294783585574

 ST001B               -140983.2718472  281560.77050048      -.1409832718472  .28156077050048      39638.233742412  39638.233742412
                      -243721.5307355     -120.0476845      -.2437215307355     -120.0476845                  0.0              0.0

            TERRA                 0.0              0.0      .14098327184721  .28156077050048                  0.0
                                  0.0              0.0      .24372153073555       59.9523155                  0.0

 9049B                -56391.89314783  112621.48121237      -.3479084968567  .69431615544026      39097.453541357  39097.453541357
                      -97486.16526293     -120.0476845      -.6008615493774     -120.0715312      16.272465907718       16.2724659

            TERRA                 0.0              0.0      .34790849685669  .69431615544026                  0.0
                                  0.0              0.0      .60086154937744       59.9284688                  0.0

 ST001B               -140983.2718472  281560.77050048      .13915991783142  .27771952882021      -39097.45887297  -39097.45887297
                      -243721.5307355     -120.0476845      .24033862352371       59.9284704      -16.27134763909      -16.2713476

            TERRA                 0.0              0.0      -.1391599178314  .27771952882021                  0.0
                                  0.0              0.0      -.2403386235237     -120.0715296                  0.0

 E001C                -140577.4011142  281560.77051381      -.0020180596039  .00384292387442      540.76309633528  .73828232416E-9
                      243955.86032787      119.9523154      .00327039742842      121.6774330      -16.28674787841        0.0000000

            ST001C    -140577.4011136  281560.77051343      .00201805960387  .00384292387442      -540.7630963345
                      243955.86032775      119.9523154      -.0032703974284      -58.3225670      16.286747879148

 ST001C               -140577.4011136  281560.77051343      -.1405774011136  .28156077051343      39638.233746059  39638.233746059
                      243955.86032775      119.9523154      .24395586032775      119.9523154                  0.0              0.0

            TERRA                 0.0              0.0      .14057740111364  .28156077051343                  0.0
                                  0.0              0.0      -.2439558603277      -60.0476846                  0.0

 9049C                -56229.54904972  112621.48121755      -.3464071750641  .69431634655892      39097.464304168  39097.464304168
                      97579.894677639      119.9523155      .60172855854034      119.9284652      16.274919365576       16.2749194

            TERRA                 0.0              0.0      .34640717506409  .69431634655892                  0.0
                                  0.0              0.0      -.6017285585403      -60.0715348                  0.0

 ST001C               -140577.4011136  281560.77051343      .13855935633183   .2777195682904      -39097.46442748  -39097.46442748
                      243955.86032775      119.9523154       -.240685403347      -60.0715433      -16.28075406123      -16.2807541

            TERRA                 0.0              0.0      -.1385593563318   .2777195682904                  0.0
                                  0.0              0.0      .24068540334702      119.9284567                  0.0

 390A                 408216.61134772  408216.61139551      .00938599991839  .03566735510545      1915.8680050798  .10642255712719
                        -6.2460910595       -0.0008767      -.0344102197864      -74.7427201      7023.3823455689        0.8678200

            E002A     408168.09425237  408168.09446888      -.0093859999184  .03566735510545      -1915.761582523
                      -13.29447204191       -0.0018662      .03441021978643      105.2572799       -7022.51452556

 390B                 -204113.7149474  408216.61139535      -.0344931274027  .03566735825558      1915.8681063791  .10642257412383
                      -353522.8326282     -120.0008767      .00907659665914      165.2572794      7023.3829843923        0.8678201

            E002B     -204095.5604751   408168.0944657       .0344931274027  .03566735825558      -1915.761683805
                      -353477.2913981     -120.0018662      -.0090765966591      -14.7427206      -7022.515164254

 390C                 -204102.8964053  408216.61139523      .02510712749458  .03566735638838      1915.8675011677  .10642258487042
                      353529.07871629      119.9991233      .02533362312632       45.2572752      7023.3827544465        0.8678201

            E002C      -204072.533784  408168.09446673      -.0251071274946  .03566735638838      -1915.761078583
                      353490.58586557      119.9981338      -.0253336231263     -134.7427248      -7022.514934389

 E002A                408168.09425237  408168.09446888       .0093857347494  .03566735441431      1915.7074662391  .63608240453E-7
                      -13.29447204191       -0.0018662      -.0344102913985      -74.7431613      7022.5291422034        0.0000001

            ST002A    408168.09424799   408168.0944645      -.0093857347494  .03566735441431      -1915.707466175
                      -13.29446953945       -0.0018662       .0344102913985      105.2568387       -7022.52914214

 ST002A               408168.09424799   408168.0944645      .40816809424799   .4081680944645       83300.59666939   83300.59666939
                      -13.29446953945       -0.0018662      -.1329446954E-4       -0.0018662       -.44408921E-15       -0.0000000

            TERRA                 0.0              0.0       -.408168094248   .4081680944645                  0.0
                                  0.0              0.0      .13294469539E-4      179.9981338                  0.0

 391A                 281637.11621346  281637.11636285      .57794404029846  .58009003937014      81385.017774836  81385.017774836
                       -9.17315804483       -0.0018662      .04985117912292        4.9299063      -7022.621950022    -7022.6219500

            TERRA                 0.0              0.0      -.5779440402985  .58009003937014                  0.0
                                  0.0              0.0      -.0498511791229     -175.0700937                  0.0

 ST002A               408168.09424799   408168.0944645      -.3987828493118  .40026357732281      -81384.98916464  -81384.98916464
                      -13.29446953945       -0.0018662      -.0343972444534     -175.0701215       7022.579661191     7022.5796612

            TERRA                 0.0              0.0      .39878284931183  .40026357732281                  0.0
                                  0.0              0.0      .03439724445343        4.9298785                  0.0

 E002B                -204095.5604751   408168.0944657      -.0344931322616  .03566740378968      1915.7338193516  .63608013079E-7
                      -353477.2913981     -120.0018662      .00907675712369      165.2570321      7022.5323980541        0.0000001

            ST002B    -204095.5604707  408168.09446132      .03449313226156  .03566740378968      -1915.733819288
                      -353477.2913955     -120.0018662      -.0090767571237      -14.7429679       -7022.53239799

 ST002B               -204095.5604707  408168.09446132      -.2040955604707  .40816809446132      83300.596668094  83300.596668094
                      -353477.2913955     -120.0018662      -.3534772913955     -120.0018662                  0.0              0.0

            TERRA                 0.0              0.0      .20409556047074  .40816809446132                  0.0
                                  0.0              0.0      .35347729139553       59.9981338                  0.0

 391B                 -140826.5022935  281637.11636066      -.2457990646362  .58008951825228      81384.940022762  81384.940022762
                      -243900.3107085     -120.0018662      -.5254395008087     -115.0700558      -7022.669414552    -7022.6694146

            TERRA                 0.0              0.0      .24579906463623  .58008951825228                  0.0
                                  0.0              0.0      .52543950080872       64.9299442                  0.0

 ST002B               -204095.5604707  408168.09446132        .169602394104  .40026327272897       -81384.9269608   -81384.9269608
                      -353477.2913955     -120.0018662      .36255443096161       64.9298807      7022.5774530903     7022.5774531

            TERRA                 0.0              0.0       -.169602394104  .40026327272897                  0.0
                                  0.0              0.0      -.3625544309616     -115.0701193                  0.0

 E002C                 -204072.533784  408168.09446673      .02510729245842  .03566754150166      1915.7614140972    .636086952E-7
                      353490.58586557      119.9981338      .02533372025937       45.2571969      7022.5540020637        0.0000001

            ST002C     -204072.533784  408168.09446235      -.0251072924584  .03566754150166      -1915.761414034
                      353490.58586053      119.9981338      -.0253337202594     -134.7428031         -7022.554002

 ST002C                -204072.533784  408168.09446235       -.204072533784  .40816809446235      83300.596668513  83300.596668513
                      353490.58586053      119.9981338      .35349058586053      119.9981338                  0.0              0.0

            TERRA                 0.0              0.0      .20407253378396  .40816809446235                  0.0
                                  0.0              0.0      -.3534905858605      -60.0018662                  0.0

 391C                 -140810.6139246  281637.11636137      -.3321440219879   .5800893692252      81384.923784403  81384.923784403
                      243909.48386345      119.9981338      .47558808326721      124.9299061      -7022.613495668    -7022.6134957

            TERRA                 0.0              0.0      .33214402198792   .5800893692252                  0.0
                                  0.0              0.0      -.4755880832672      -55.0700939                  0.0

 ST002C                -204072.533784  408168.09446235       .2291801571846  .40026346321107      -81384.96788075  -81384.96788075
                      353490.58586053      119.9981338      -.3281574249268      -55.0701372      7022.5554229849     7022.5554230

            TERRA                 0.0              0.0      -.2291801571846  .40026346321107                  0.0
                                  0.0              0.0      .32815742492676      124.9298628                  0.0

 390A                 408216.61134772  408216.61139551       .0827064847277  .08380013353513      16881.122609745  4.3384753941973
                        -6.2460910595       -0.0008767      -.0134944345747       -9.2667548       2754.067880959       14.8604071

            E003A     408057.30744276  408057.44876214      -.0827064847277  .08380013353513      -16876.78413435
                      -339.6068679874       -0.0476846      .01349443457474      170.7332452      -2739.207473895

 390B                 -204113.7149474  408216.61139535      -.0530397696504  .08380013993394      16881.123895137  4.3384798412335
                      -353522.8326282     -120.0008767       -.064878704429     -129.2667549      2754.0681133866       14.8604094

            E003B     -204322.7618565  408057.44865987      .05303976965037  .08380013993394       -16876.7854153
                      -353218.1909162     -120.0476846      .06487870442899       50.7332451      -2739.207703957

 390C                 -204102.8964053  408216.61139523      -.0296667159562  .08380013765582      16881.123274099  4.3384776298226
                      353529.07871629      119.9991233      .07837313975788      110.7332418      2754.0690322143       14.8604119

            E003C      -203734.545442  408057.44867864      .02966671595619  .08380013765582      -16876.78479647
                      353557.79784311      119.9523154      -.0783731397579      -69.2667582      -2739.208620363

 E003A                408057.30744276  408057.44876214      .08270632804397  .08379991780971      16876.752101966  .35111588659E-6
                      -339.6068679874       -0.0476846      -.0134940552243       -9.2665160      2739.1301021467        0.0000004

            ST003A    408057.30743314  408057.44875252       -.082706328044  .08379991780971      -16876.75210161
                      -339.6068749086       -0.0476846      .01349405522433      170.7334840      -2739.130101796

 ST003A               408057.30743314  408057.44875252      .40805730743314  .40805744875252      83255.440741208  83255.440741208
                      -339.6068749086       -0.0476846      -.3396068749E-3       -0.0476846                  0.0              0.0

            TERRA                 0.0              0.0      -.4080573074331  .40805744875252                  0.0
                                  0.0              0.0      .33960687491E-3      179.9523154                  0.0

 9049A                112621.44223737  112621.48124059      1.1788316965103  1.1797948427217      66378.629225077  66378.629225077
                      -93.72939845165       -0.0476845      .04766237735748        2.3153148      -2739.148432125    -2739.1484321

            TERRA                 0.0              0.0       -1.17883169651  1.1797948427217                  0.0
                                  0.0              0.0      -.0476623773575     -177.6846852                  0.0

 ST003A               408057.30743314  408057.44875252      -.3253507912159  .32561661619627      -66378.65022177  -66378.65022177
                      -339.6068749086       -0.0476846      -.0131545960903     -177.6846759      2739.1602132195     2739.1602132

            TERRA                 0.0              0.0       .3253507912159  .32561661619627                  0.0
                                  0.0              0.0      .01315459609032        2.3153241                  0.0

 E003B                -204322.7618565  408057.44865987      -.0530395482201  .08379999280254      16876.761201124  .35111952457E-6
                      -353218.1909162     -120.0476846      -.0648786954116     -129.2666415      2739.1695185868        0.0000004

            ST003B    -204322.7618577  408057.44865026      .05303954822011  .08379999280254      -16876.76120077
                      -353218.1909044     -120.0476846      .06487869541161       50.7333585      -2739.169518236

 ST003B               -204322.7618577  408057.44865026      -.2043227618577  .40805744865026      83255.440699479  83255.440699479
                      -353218.1909044     -120.0476846      -.3532181909044     -120.0476846                  0.0              0.0

            TERRA                 0.0              0.0      .20432276185771  .40805744865026                  0.0
                                  0.0              0.0      .35321819090443       59.9523154                  0.0

 9049B                -56391.89314783  112621.48121237      -.5481388568878  1.1797950025587      66378.637582391  66378.637582391
                      -97486.16526293     -120.0476845      -1.044729650021     -117.6846723      -2739.163801367    -2739.1638014

            TERRA                 0.0              0.0      .54813885688782  1.1797950025587                  0.0
                                  0.0              0.0      1.0447296500206       62.3153277                  0.0

 ST003B               -204322.7618577  408057.44865026      .15128320455551  .32561666509118      -66378.66017843  -66378.66017843
                      -353218.1909044     -120.0476846      .28833939135075       62.3153240      2739.1604829172     2739.1604829

            TERRA                 0.0              0.0      -.1512832045555  .32561666509118                  0.0
                                  0.0              0.0      -.2883393913507     -117.6846760                  0.0

 E003C                 -203734.545442  408057.44867864      -.0296669895761   .0837999466228      16876.758250496  .35111952457E-6
                      353557.79784311      119.9523154      .07837283192202      110.7334912       2739.128891742        0.0000004

            ST003C    -203734.5454312  408057.44866903      .02966698957607   .0837999466228      -16876.75825015
                      353557.79783824      119.9523154       -.078372831922      -69.2665088      -2739.128891391

 ST003C               -203734.5454312  408057.44866903      -.2037345454312  .40805744866903      83255.440707139  83255.440707139
                      353557.79783824      119.9523154      .35355779783824      119.9523154      -.727595761E-11       -0.0000000

            TERRA                 0.0              0.0      .20373454543118  .40805744866903                  0.0
                                  0.0              0.0      -.3535577978382      -60.0476846                  0.0

 9049C                -56229.54904972  112621.48121755      -.6306929588318  1.1797950660843      66378.641334145  66378.641334145
                      97579.894677639      119.9523155      .99706709384918      122.3153241      -2739.159718639    -2739.1597186

            TERRA                 0.0              0.0      .63069295883179  1.1797950660843                  0.0
                                  0.0              0.0      -.9970670938492      -57.6846759                  0.0

 ST003C               -203734.5454312  408057.44866903      .17406761646271  .32561664337436      -66378.65582837  -66378.65582837
                      353557.79783824      119.9523154      -.2751847803593      -57.6846776      2739.1585077164     2739.1585077

            TERRA                 0.0              0.0      -.1740676164627  .32561664337436                  0.0
                                  0.0              0.0      .27518478035927      122.3153224                  0.0

 XX0015               -56229.54904972  112621.48121755      .72759576142E-8  .16269535827E-7      -.9145490854E-3  .1084202172E-18
                      97579.894677639      119.9523155      -.1455191523E-7      -63.4349488      -.5413022671E-4              0.0

            MEASUC    -56229.54904972  112621.48121755      -.7275957614E-8  .16269535827E-7      .91454908545E-3
                      97579.894677639      119.9523155      .14551915228E-7      116.5650512      .54130226715E-4

 XX0017               -56391.89314783  112621.48121237      .72759576142E-8  .16269535827E-7      -.9144577186E-3  .1084202172E-18
                      -97486.16526293     -120.0476845      .14551915228E-7       63.4349488      .55652421116E-4              0.0

            MEASUB    -56391.89314783  112621.48121237      -.7275957614E-8  .16269535827E-7      .91445771859E-3
                      -97486.16526293     -120.0476845      -.1455191523E-7     -116.5650512      -.5565242112E-4

 XX0019               112621.44223737  112621.48124059      -.1455191523E-7  .14551922167E-7      -.8194295062E-3  .1084202172E-18
                      -93.72939845165       -0.0476845      .1421085472E-10      179.9440471      -.1182523464E-6              0.0

            MEASUA    112621.44223737  112621.48124059      .14551915228E-7  .14551922167E-7      .81942950615E-3
                      -93.72939845165       -0.0476845      -.142108547E-10       -0.0559529      .11825234639E-6

 X0001A               408172.70526106  408172.70555766       -.352184177E-4  .92382573853443                  0.0              0.0
                      -15.56050696374       -0.0021843      -.9238257378631      -90.0021843       188540.2255807   188540.2255807

            TERRA                 0.0              0.0      .35218417699E-4  .92382573853443                  0.0
                                  0.0              0.0      .92382573786313       89.9978157                  0.0

 X0001B                -204099.828423   408172.7055542      -.8000389484439   .9238257385266                  0.0              0.0
                      -353480.1516311     -120.0021843      .46194336897181      149.9978157      188540.22557751   188540.2255775

            TERRA                 0.0              0.0      .80003894844388   .9238257385266                  0.0
                                  0.0              0.0      -.4619433689718      -30.0021843                  0.0

 X0001C               -204072.8768461  408172.70555505      .80007416684852  .92382573852852                  0.0              0.0
                      353495.71213228      119.9978158      .46188236890945       29.9978158      188540.22557829   188540.2255783

            TERRA                 0.0              0.0      -.8000741668485  .92382573852852                  0.0
                                  0.0              0.0      -.4618823689095     -150.0021842                  0.0

 X0002A               408168.72252358  408168.72276156      -.3154687932E-4  .92381672418952                  0.0              0.0
                      -13.93831601292       -0.0019566      -.9238167236509      -90.0019566       188536.5461891   188536.5461891

            TERRA                 0.0              0.0      .31546879322E-4  .92381672418952                  0.0
                                  0.0              0.0      .92381672365088       89.9980434                  0.0

 X0002B               -204096.4321959  408168.72275827      -.8000329776765  .92381672418208                  0.0              0.0
                      -353477.5135748     -120.0019566      .46193568222055      149.9980434      188536.54618606   188536.5461861

            TERRA                 0.0              0.0      .80003297767651  .92381672418208                  0.0
                                  0.0              0.0      -.4619356822206      -30.0019566                  0.0

 X0002C               -204072.2903347  408168.72275928      .80006452454492  .92381672418437      .1455191523E-10  .1455191523E-10
                      353491.45188601      119.9980434      .46188104144622       29.9980434        188536.546187   188536.5461870

            TERRA                 0.0              0.0      -.8000645245449  .92381672418437                  0.0
                                  0.0              0.0      -.4618810414462     -150.0019566                  0.0

 X0004A               112620.65294745  112620.69206849      -.4563484102E-3  .54750169763695                  0.0              0.0
                      -93.87052861893       -0.0477566      -.5475015074513      -90.0477566      30830.010048273    30830.0100483

            TERRA                 0.0              0.0      .45634841016E-3  .54750169763695                  0.0
                                  0.0              0.0      .54750150745133       89.9522434                  0.0

 X0004B               -56391.62072518  112620.69204027      -.4739220397304  .54750169749975                  0.0              0.0
                      -97485.41115272     -120.0477566       .2741459629884      149.9522434      30830.010032821    30830.0100328

            TERRA                 0.0              0.0      .47392203973045  .54750169749975                  0.0
                                  0.0              0.0      -.2741459629884      -30.0477566                  0.0

 X0004C               -56229.03218245  112620.69204545      .47437838821965  .54750169752493      .1818989404E-11  .1818989404E-11
                      97579.281697602      119.9522434      .27335554426938       29.9522434      30830.010035657    30830.0100357

            TERRA                 0.0              0.0      -.4743783882196  .54750169752493                  0.0
                                  0.0              0.0      -.2733555442694     -150.0477566                  0.0

     Total network loss  P-loss  by summing injections =   6.381084459607E+05

Output for steady-state phasor switch currents.
      Node-K    Node-M            I-real            I-imag            I-magn          Degrees        Power            Reactive
      X0005A    390A          3.90283176E-01   -1.47063535E+00    1.52154175E+00     -75.1372    7.96646307E+04    3.00167671E+05
      X0005B    390B         -1.46874925E+00    3.97322578E-01    1.52154185E+00     164.8628    7.96646316E+04    3.00167692E+05
      X0005C    390C          1.07846615E+00    1.07331270E+00    1.52154178E+00      44.8628    7.96645918E+04    3.00167687E+05
      X0006A    9049A         1.98531203E+00   -5.00799447E-01    2.04750187E+00     -14.1576    1.11817822E+05    2.81073370E+04
      X0006B    9049B        -1.42636133E+00   -1.46893096E+00    2.04750209E+00    -134.1576    1.11817831E+05    2.81073492E+04
      X0006C    9049C        -5.58950892E-01    1.96973067E+00    2.04750214E+00     105.8424    1.11817834E+05    2.81073491E+04
      X0008A    391A          1.50430840E-01   -5.65847734E-01    5.85502431E-01     -75.1123    2.11860493E+04    7.96811721E+04
      X0008B    391B         -5.65253981E-01    1.52646961E-01    5.85502483E-01     164.8877    2.11860499E+04    7.96811796E+04
      X0008C    391C          4.14823149E-01    4.13200770E-01    5.85502452E-01      44.8877    2.11860422E+04    7.96811772E+04
      XX0014    XX0015            Open              Open              Open             Open          Open              Open
      XX0016    XX0017            Open              Open              Open             Open          Open              Open
      XX0018    XX0019            Open              Open              Open             Open          Open              Open
      9049A     MEASUA        4.64004302E-08    6.85365279E-07    6.86934179E-07      86.1269    2.58072225E-03   -3.85955876E-02
      9049B     MEASUB       -4.24961399E-09   -2.38166251E-07    2.38204161E-07     -91.0222    1.17287791E-02   -6.50818361E-03
      9049C     MEASUC       -1.10029077E-07   -6.36812274E-08    1.27128662E-07    -149.9391   -1.35610290E-05   -7.15869624E-03

Solution at nodes with known voltage.   Nodes that are shorted together by switches are shown as a group of names, with the printed
result applying to the composite group.   The entry "MVA" is  SQRT( P**2 + Q**2 )  in units of power,  while  "P.F."  is the
associated power factor.
              Node                Source  node  voltage             Injected  source  current              Injected  source  power
              name         Rectangular            Polar          Rectangular            Polar            P  and  Q    MVA and P.F.

              X0010A        408248.29        408248.29      .39028317643124  1.5215417481458      79666.219696911  310583.40842206
                                  0.0              0.0      -1.470635350298      -75.1372139      300192.18348629        0.2565051

              X0010B      -204124.145        408248.29      -1.468749253468   1.521541849802      79666.220533279  310583.42917255
                      -353553.3901916     -120.0000000      .39732257818514      164.8627852       300192.2047331        0.2565051

              X0010C      -204124.145        408248.29      1.0784661491143  1.5215417761553      79666.180772226  310583.41413949
                      353553.39019156      120.0000000      1.0733126952573       44.8627784      300192.19973162        0.2565049

              X0009A       112676.528       112676.528      1.9853120251299  2.0475018739008      111849.03299414  115352.70111232
                                  0.0              0.0       -.500799447386      -14.1576331      28214.171477884        0.9696265

              X0009B       -56338.264       112676.528      -1.426361326653  2.0475020873734      111849.04231727  115352.71313899
                      -97580.73565823     -120.0000000      -1.468930959449     -134.1576379      28214.183688991        0.9696265

              X0009C       -56338.264       112676.528      -.5589508918515  2.0475021407429      111849.04542348  115352.71614574
                      97580.735658229      120.0000000      1.9697306711439      105.8423625      28214.183668055        0.9696265

              X0007A        281691.32        281691.32      .15043083997728   .5855024305005      21187.530940954  82465.476255448
                                  0.0              0.0      -.5658477343824      -75.1122560      79697.197608598        0.2569261

              X0007B       -140845.66        281691.32      -.5652539812053  .58550248333559      21187.531578808   82465.48369704
                      -243951.8391456     -120.0000000      .15264696106942      164.8877431        79697.2051391        0.2569261

              X0007C       -140845.66        281691.32      .41482314906352  .58550245232755      21187.523834619  82465.479329693
                      243951.83914557      120.0000000      .41320077042838       44.8877384      79697.202678848        0.2569260

  ---- Initial flux of coil  "X0001A"  to  "      "  =  -4.12755267E-02
  ---- Initial flux of coil  "X0001B"  to  "      "  =  -9.37635224E+02
   Warning.  Preceding flux exceeds the 1st segment.  This means that the steady state solution is not really sinusoidal.
  ---- Initial flux of coil  "X0001C"  to  "      "  =  9.37676499E+02
   Warning.  Preceding flux exceeds the 1st segment.  This means that the steady state solution is not really sinusoidal.
  ---- Initial flux of coil  "X0002A"  to  "      "  =  -3.69725315E-02
  ---- Initial flux of coil  "X0002B"  to  "      "  =  -9.37628226E+02
   Warning.  Preceding flux exceeds the 1st segment.  This means that the steady state solution is not really sinusoidal.
  ---- Initial flux of coil  "X0002C"  to  "      "  =  9.37665198E+02
   Warning.  Preceding flux exceeds the 1st segment.  This means that the steady state solution is not really sinusoidal.
  ---- Initial flux of coil  "X0004A"  to  "      "  =  -2.48999311E-01
  ---- Initial flux of coil  "X0004B"  to  "      "  =  -2.58588084E+02
   Warning.  Preceding flux exceeds the 1st segment.  This means that the steady state solution is not really sinusoidal.
  ---- Initial flux of coil  "X0004C"  to  "      "  =  2.58837084E+02
   Warning.  Preceding flux exceeds the 1st segment.  This means that the steady state solution is not really sinusoidal.

Card of names for time-step loop output.          |  9049A 9049B 9049C T_MANAT_MANBT_MANC1_2LTC1_2LTA1_2LTBT_OPOAT_OPOBT_OPOC
Output voltage differences for pairs of A6 names  |-5T_MANAT_MANCT_MANBT_MANAT_MANCT_MANB1_2LTC1_2LTB1_2LTA1_2LTC1_2LTB1_2LTA
Output voltage differences for pairs of A6 names  |-5T_OPOAT_OPOCT_OPOBT_OPOAT_OPOCT_OPOB
Blank card ending requests for output variables.  |BLANK OUTPUT

Column headings for the  42   EMTP output variables follow.  These are divided among the 5 possible classes as follows ....
  First  30     output variables are electric-network voltage differences (upper voltage minus lower voltage);
  Next   12     output variables are branch currents (flowing from the upper node to the lower node);
Branch power  consumption (power  flow, if a switch) is treated like a branch voltage for this grouping (9  variables);
Branch energy consumption (energy flow, if a switch) is treated like a branch current for this grouping (9  variables).
   Step      Time      XX0015     XX0017     XX0019     TERRA      TERRA      TERRA      TERRA      TERRA      TERRA      9049A
                       MEASUC     MEASUB     MEASUA     PRMANA     PRMANB     PRMANC     PROPOA     PROPOB     PROPOC

                       9049B      9049C      T_MANA     T_MANB     T_MANC     1_2LTC     1_2LTA     1_2LTB     T_OPOA     T_OPOB
 

                       T_OPOC     T_MANA     T_MANB     T_MANC     1_2LTC     1_2LTA     1_2LTB     T_OPOA     T_OPOB     T_OPOC
                                  T_MANC     T_MANA     T_MANB     1_2LTB     1_2LTC     1_2LTA     T_OPOC     T_OPOA     T_OPOB

                       XX0014     XX0016     XX0018     TERRA      TERRA      TERRA      TERRA      TERRA      TERRA      XX0015
                       XX0015     XX0017     XX0019     PRMANA     PRMANB     PRMANC     PROPOA     PROPOB     PROPOC     MEASUC

                       XX0017     XX0019
                       MEASUB     MEASUA
 ***      Phasor I(0) =  3.9028318E-01                     Switch  "X0005A"  to  "390A  "  closed in the steady-state.
 ***      Phasor I(0) = -1.4687493E+00                     Switch  "X0005B"  to  "390B  "  closed in the steady-state.
 ***      Phasor I(0) =  1.0784661E+00                     Switch  "X0005C"  to  "390C  "  closed in the steady-state.
 ***      Phasor I(0) =  1.9853120E+00                     Switch  "X0006A"  to  "9049A "  closed in the steady-state.
 ***      Phasor I(0) = -1.4263613E+00                     Switch  "X0006B"  to  "9049B "  closed in the steady-state.
 ***      Phasor I(0) = -5.5895089E-01                     Switch  "X0006C"  to  "9049C "  closed in the steady-state.
 ***      Phasor I(0) =  1.5043084E-01                     Switch  "X0008A"  to  "391A  "  closed in the steady-state.
 ***      Phasor I(0) = -5.6525398E-01                     Switch  "X0008B"  to  "391B  "  closed in the steady-state.
 ***      Phasor I(0) =  4.1482315E-01                     Switch  "X0008C"  to  "391C  "  closed in the steady-state.
 ***      Phasor I(0) =  4.6400430E-08                     Switch  "9049A "  to  "MEASUA"  closed in the steady-state.
 ***      Phasor I(0) = -4.2496140E-09                     Switch  "9049B "  to  "MEASUB"  closed in the steady-state.
 ***      Phasor I(0) = -1.1002908E-07                     Switch  "9049C "  to  "MEASUC"  closed in the steady-state.
      0       0.0   .5294E-19  .5294E-19 .21176E-18        0.0        0.0        0.0        0.0        0.0        0.0 112621.442
                   -56391.893 -56229.549        0.0        0.0        0.0        0.0        0.0        0.0        0.0        0.0
                          0.0        0.0        0.0        0.0        0.0        0.0        0.0        0.0        0.0        0.0
                          0.0        0.0        0.0        0.0        0.0        0.0        0.0        0.0        0.0        0.0
                          0.0        0.0
    500      .005         0.0        0.0        0.0        0.0        0.0        0.0        0.0        0.0        0.0 -34633.046
                   110219.801 -75279.788        0.0        0.0        0.0        0.0        0.0        0.0        0.0        0.0
                          0.0        0.0        0.0        0.0        0.0        0.0        0.0        0.0        0.0        0.0
                          0.0        0.0        0.0        0.0        0.0        0.0        0.0        0.0        0.0  .2647E-24
                    .2647E-24 .10588E-23
   1000       .01         0.0        0.0        0.0        0.0        0.0        0.0        0.0        0.0        0.0 -91068.304
                   -11693.185 102737.656        0.0        0.0        0.0        0.0        0.0        0.0        0.0        0.0
                          0.0        0.0        0.0        0.0        0.0        0.0        0.0        0.0        0.0        0.0
                          0.0        0.0        0.0        0.0        0.0        0.0        0.0        0.0        0.0  .2647E-24
                    .2647E-24 .10588E-23
   1500      .015         0.0        0.0        0.0        0.0        0.0        0.0        0.0        0.0        0.0 90969.5748
                   -102817.14 11823.7388        0.0        0.0        0.0        0.0        0.0        0.0        0.0        0.0
                          0.0        0.0        0.0        0.0        0.0        0.0        0.0        0.0        0.0        0.0
                          0.0        0.0        0.0        0.0        0.0        0.0        0.0        0.0        0.0  .2647E-24
                    .2647E-24 .10588E-23
   2000       .02         0.0        0.0        0.0        0.0        0.0        0.0        0.0        0.0        0.0  34758.746
                   75153.1453 -110254.27        0.0        0.0        0.0        0.0        0.0        0.0        0.0        0.0
                          0.0        0.0        0.0        0.0        0.0        0.0        0.0        0.0        0.0        0.0
                          0.0        0.0        0.0        0.0        0.0        0.0        0.0        0.0        0.0  .2647E-24
                    .2647E-24 .10588E-23
 ***                                                             Close switch  "XX0014"  to  "XX0015"  after  2.00100000E-02  sec.
 ***                                                             Close switch  "XX0016"  to  "XX0017"  after  2.00100000E-02  sec.
 ***                                                             Close switch  "XX0018"  to  "XX0019"  after  2.00100000E-02  sec.
   2500      .025  2.46912624 2.15532688 .001497701 82.5848936 35.2980749 .031851352 62.7138346 65.8806475 .754407888   -105887.
                   69225.8672 -2079.5866 -105886.99 69225.7744 -2079.4872 -11918.998 -101110.53 88698.5272 -92272.862 94573.8876
                   -10120.347 -103807.51 175112.768 -71305.262 -100617.52 -89191.537 189809.062 -82152.514  186846.75 -104694.24
                   49.6903033 -46.425498 1.22380605 .209538826 1.45032078  1.2999541 .244554462 306.962245 2104.17698 .084290524
                   .045867893 .010627008
   3000       .03  3.89990821 7.38261166 .109367221 3.96509938 102.823142 64.8512521 1.16963693 126.444021 69.5332316 23201.6965
                   -118151.27 93832.2377 23201.6756 -118151.09 93832.1128 99583.6745 19871.8708   -120551. 12601.3725 -131021.17
                   97160.2267 -70630.437 -141352.77 211983.207 220134.671 -79711.804 -140422.87 -84558.854 -143622.54 228181.393
                   -62.449245 85.9221256 -10.457878 .418073722 1.61706111 2.28952824 .460872902 307.148387 2107.49902 .125740805
                   .070001969 .016977636
   3500      .035  7.81002397 6.66646044 .011524481  67.505109 .150149018 79.6996827 80.8763717 .192482843  73.231477 95732.7651
                   4515.11969 -104021.08 95732.7719  4514.9564  -104020.9  -100411.7  101455.98 6196.17866 104785.971 5111.97033
                   -99710.572 199753.672 -91217.815 -108535.86 -106607.88 201867.678 -95259.801 204496.543 -99674.001 -104822.54
                     88.37434 -81.648395 3.39477262 .753286666 2.11185047 2.43248987   .7997295 308.276195 2107.66456 .148389945
                   .083105254 .020491579
   4000       .04  5.51655228 1.69055113 1.09529562 59.3815217 102.645575 2.60259902 62.7643436 111.015873 4.45612623 -89787.999
                   118048.949 -18797.172 -89787.933 118049.032  -18797.32 -22714.799 -90607.717 122735.925 -92310.012 122767.907
                   -24596.372 -70990.613 207836.965 -136846.35 -145450.72 -67892.918 213343.642  -67713.64 215077.919 -147364.28
                   -74.273497 41.1163122 33.0952507 .871641193  2.4216353 2.79289058 .920890956  308.59893 2108.44123 .158974788
                   .090933337 .025165269
   4500      .045  .503854403 .201989115 1.69294591 9.21714393 54.3915814 112.089793 8.88974429 58.8984544 126.824666 -35374.433
                   -85932.669 123360.235 -35374.515  -85932.64  123360.28 128509.926 -35703.594 -89390.631 -34740.571 -89421.976
                    131218.23  -158734.8 -50558.125  209292.92 217900.557 -164213.52 -53687.037  -165958.8 -54681.405 220640.206
                   22.4467014 14.2122874 -41.145424 1.21245501 2.55033333 3.04975242 1.26778292 308.731007 2108.70687 .166522172
                   .098132562 .026919215
   5000       .05  .652604057 1.18907034 .021281676 98.2863886  18.341498 31.1773249 99.6611321 16.5765023 36.7572035 115515.155
                   -49900.984 -65059.703 115515.165 -49901.053 -65059.652   -69237.6 115986.442 -48067.725 116320.222 -47439.354
                   -70642.091 180574.817 -165416.22 -15158.599 -21169.876 185224.043 -164054.17 186962.312 -163759.58 -23202.737
                   25.5461163 -34.482899  4.6132067 1.41266812 2.90884253 3.20898233  1.4696277 309.095419 2108.86992 .172399885
                   .101130276 .029817044
   5500      .055  1.00509113 .024037095 .660170539 10.0445691 83.8362509 38.4204823 10.4201107  81.887784  36.311328 -36928.237
                   106686.188 -72222.636 -36928.185 106686.198   -72222.7 -70959.417 -37593.542  105537.76 -37612.178 105439.144
                   -70212.329 35294.5144 143614.383  -178908.9 -176497.18 33365.8744 143131.302 32600.1514 143051.322 -175651.47
                   -31.703172 4.90276405  25.693784 1.61523657 3.06725772 3.56747647 1.67497452 309.256363 2109.23397 .174544927
                   .104632212 .032625068
   6000       .06  .001477474 .350994161 .267146068 61.5147738 .877782447 75.7539539 62.2760078   .8769094  74.292416 -91386.464
                   -10916.596 101413.314 -91386.497 -10916.559 101413.312 100784.549 -91742.176 -10794.466 -91950.204 -10911.129
                   100430.252 -192799.81 80469.9378 112329.871 111579.016 -192526.73 80947.7095 -192380.46 81039.0749 111341.381
                   -1.2155141 18.7348382 -16.344604 1.95038276 3.31838447 3.69649748 2.01306592 309.510351   2109.365 .178155393
                   .107280751 .033956434
   6500      .065  .474515633 .013606456 .281201651 60.8133151 78.4775531 1.05795364 61.0409145 78.4540075 1.12598502 90863.9918
                   -103220.27  11984.614 90863.9583 -103220.28 11984.6576 12305.4989 91024.5205 -103177.73 91033.8328  -103204.8
                   12363.9892 78879.3007 -194084.24 115204.939  115483.23 78719.0216 -194202.25 78669.8436 -194238.63 115568.785
                   21.7833797 -3.6886929 -16.769068 2.06900416 3.61507358 3.99453601 2.13329657 309.809222  2109.6659 .180172132
                   .109283381 .037364162
   7000       .07   .00150676 .703874679 .790776873 9.65807855 40.8815224  89.313542 9.96203558  40.277378 89.4149828  36210.707
                   74499.9793 -110116.13 36210.7633 74499.9262 -110116.14 -110113.18  36685.062  74157.266  36776.158 73947.3998
                   -110178.65 146326.901  38289.163 -184616.06 -184270.45 146798.246 37472.2039 146954.812 37171.2418 -184126.05
                   -1.2275015 -26.530637 28.1207552 2.40560185 3.74511716 4.24432624 2.47355001 309.941557 2109.91758   .1824685
                   .112676464 .038713737
   7500      .075  .808884252 .738172552 .845542E-3  95.929635 25.6792266 22.5037258  97.130911  26.805935 22.0535204 -114121.83
                   59044.9668 55273.8828 -114121.83 59045.0211 55273.8259 54881.1828 -114620.37 60033.4521 -114834.15 60326.4532
                   54718.1336 -169395.65 173166.846 -3771.1952 -5152.2692 -169501.55 174653.821 -169552.28 175160.599 -5608.3196
                    -28.44089 27.1693311 .919533819  2.6061026 4.10262297 4.40373327 2.67566249 310.303319 2110.07949 .185505219
                   .113893322 .041394361
   8000       .08  .471258508 .056685972 .875568855 8.87347796 93.1008656 44.3713025 8.78876764 94.9713423 45.5829512 34708.8313
                   -112426.64 77614.5526 34708.7721 -112426.62  77614.596 78444.1252 34583.5613 -113271.31 34542.7018 -113550.38
                   78667.1709 -42905.824  -147135.4 190041.221 191715.439 -43860.564 -147854.88 -44124.469 -148093.08 192217.553
                   21.7084893 7.52900869 -29.590013 2.80862154  4.2597177 4.76041076 2.88082734 310.461771 2110.43996 .186724434
                    .11709096 .044022138
   8500      .085  .189416533 1.00362237 .318501651 62.5677454 1.02982973 80.3032373 63.4413427 1.06604364 81.3541132 92165.2907
                   11824.3521 -104414.05 92165.3264 11824.2887 -104414.03 -104923.94  92660.337 12000.3639 92806.5216 12030.3927
                     -105095. 196579.352 -80341.038 -116238.31 -116924.31 197584.281 -80659.973 197901.525 -80776.129  -117125.4
                   13.7628679     -31.68 17.8466146 3.14453411 4.51239288 4.88837336 3.22002112   310.7177  2110.5691 .190136654
                   .119279721 .045391818
   9000       .09  .975268713 .197369002 .305320581 62.0783913 79.6484103 1.07967764 62.6744515  80.387939 1.13935971 -91804.233
                   103987.408 -12107.016 -91804.198 103987.436 -12107.079  -12397.94 -92148.694 104337.714 -92243.885 104469.077
                   -12437.204 -79697.119 195791.633 -116094.51 -116735.65 -79750.754 196486.408 -79806.681 196712.962 -116906.28
                   -31.229293 14.0488079  17.473425 3.26250606 4.81109668 5.18867761  3.3392583 311.019429 2110.87319 .191841995
                   .120990968 .048823042
   9500      .095  .056077637 .458932692 .813449324 9.25889703  42.519494 91.8765821 9.41786035 42.8736673 93.0600089  -35454.49
                    -75977.78 111684.954 -35454.547 -75977.737 111684.969 112240.023 -35700.235 -76235.236 -35757.606 -76293.516
                   112401.953 -147139.52  -40523.19 187662.706 188475.259 -147940.26 -40535.001 -148159.56  -40535.91 188695.469
                   7.48850034 21.4227144 -28.521033 3.59942287 4.93966915 5.43942723 3.68001284 311.149464 2111.12623 .194015411
                   .124328013 .050175527
  10000       0.1  .677988874 .658318913 .745794E-4  95.877147 23.9897891 23.6047179  97.102376 24.2088772  23.648631   114090.6
                   -57069.641 -56609.865   114090.6 -57069.692 -56609.813 -56676.359 114601.569 -57308.215 114817.276 -57329.696
                   -56662.446 170700.413 -171160.29 459.878888 631.855859 171277.928 -171909.78 171479.722 -172146.97 667.250072
                   26.0382195 -25.657726 -.27309231 3.79995296 5.29647319   5.597849  3.8821568 311.510128 2111.28661 .197067019
                   .125488162 .052819034
  10500      .105  .487544752 .048247957  .82837362 8.78709085 91.0608081 42.9240096 8.69651094 91.8754293 43.4448602 -34539.464
                   111188.051 -76338.251 -34539.407 111188.037 -76338.295 -76715.411 -34387.054 111564.286 -34360.924 111684.268
                   -76800.052 41798.8882 145727.443 -187526.33  -188279.7 42328.3567 145951.341 42439.1279 146045.192 -188484.32
                   -22.080416  -6.946075 28.7814805 4.00243788  5.4535606 5.95437051 4.08727331 311.668542 2111.64682 .198228894
                   .128539257 .055437405
  11000       .11  .157320177 .884525183 .307479739 62.7167824 .927228035 79.1462846 63.5936045  .90564347 79.6011599 -92274.995
                   -11219.872  103659.16  -92275.03 -11219.812 103659.135 103879.485 -92798.376 -11153.962 -92917.825 -11088.453
                   103956.586 -195934.17 81055.2182 114878.947 115033.447 -196677.86  81644.414 -196874.41  81829.372 115045.039
                   -12.542734 29.7409681   -17.5351 4.33826763 5.70617538 6.08230817 4.42635084 311.924366 2111.77592 .201558678
                   .130688368 .056810002
  11500      .115  .883450181 .149196963 .315311739 61.9351938 80.0970522 1.10120559 62.4243584 81.0879211 1.17693318 91698.2888
                   -104279.87 12227.1265 91698.2533 -104279.89 12227.1859 12584.9036 91994.1768 -104742.23 92059.6578 -104922.93
                   12640.6153 79471.0674 -195978.15 116507.079 117327.131 79409.2732  -196736.4 79419.0425 -196982.58 117563.542
                   29.7228899 -12.214621 -17.757019 4.45620855 6.00451472 6.38239936  4.5455377  312.22554 2112.07968 .203262942
                   .132417571 .060240169
  12000       .12  .039074897 .514142442 .829507724   9.258711 42.3876579 91.8165694 9.42237963 42.6349121 92.9597457 35454.1331
                   75859.9029 -111648.47 35454.1907 75859.8575 -111648.49 -112193.54 35701.6642 76051.9864 35766.1844 76080.7873
                   -112341.39 147102.678 40405.6668 -187508.34 -188245.52   147895.2 40350.3223  148107.57 40314.6029 -188422.17
                   -6.2509917 -22.674709 28.8011758 4.79320401  6.1332822 6.63290303 4.88640667 312.355866 2112.33235 .205439226
                   .135751258  .06159513
  12500      .125  .706218988 .699642605 .436166E-4  95.863501 24.2184764 23.4900848 97.0934849 24.5464937 23.4728299 -114082.48
                   57341.0077 56472.2399 -114082.48 57341.0606 56472.1868 56497.3074 -114596.74 57677.3145 -114812.02 57728.0709
                   56451.4417 -170554.67 171423.541 -868.87387 -1180.0071 -171094.04 172274.051 -171263.46 172540.091 -1276.6291
                   -26.574781 26.4507581 .208845884 4.99369476 6.49029924 6.79155579 5.08849279 312.716847 2112.49308 .208482774
                   .136905195 .064239282
  13000       .13  .494138513 .045101372  .82578095 8.83231071 91.3779006 43.1833297 8.75415128 92.2970031 43.8424181 34628.2228
                   -111381.47 76568.4972 34628.1653 -111381.46 76568.5417 77039.5419 34510.4651 -111807.82  34474.608 -111940.21
                   77150.6451 -41940.376 -146009.62    187950. 188847.362 -42529.077 -146318.28 -42676.037 -146414.82 189090.854
                   22.2292266 6.71575554 -28.736405 5.19619834 6.64736495 7.14812119 5.29363638 312.875232 2112.85336 .209643806
                   .139969872 .066861153
  13500      .135   .15831398 .892885331 .305267399  62.657501 .951578819 79.3054156 63.5274715 .945332188 79.8888764 92231.3749
                   11366.2441 -103763.32 92231.4098 11366.1844 -103763.29  -104043.8 92738.4476 11360.9941 92869.4979 11328.8163
                   -104144.29   195994.7 -80865.225 -115129.47 -115404.79 196782.246 -81377.454 197013.789 -81540.682 -115473.11
                   12.5822883 -29.881187 17.4719031 5.53199381  6.8999385 7.27606861 5.63266156 313.130991 2112.98247 .212984778
                   .142123375 .068231076
  14000       .14  .892861704 .153608042 .314010978 61.9432805 79.9123563 1.10121961 62.4399169 80.8193572 1.16898123 -91704.275
                    104159.57 -12227.204 -91704.239 104159.595 -12227.264  -12544.64 -91995.285 104591.203 -92071.129  104749.03
                    -12597.84 -79476.976 195863.834 -116386.86 -117135.84 -79450.646 196586.488  -79473.29 196820.159 -117346.87
                   -29.880792 12.3938712 17.7203549 5.64997534 7.19830311 7.57615145 5.75191024 313.432207 2113.28622 .214687822
                   .143846478 .071660055
  14500      .145  .041289077 .507433258 .824716299 9.28041477 42.3642612 91.7734361 9.44670833 42.6480561 92.9111535 -35495.664
                   -75838.964 111622.247 -35495.721 -75838.918 111622.259 112157.675 -35748.101 -76046.593 -35812.329 -76092.514
                    112312.02 -147117.98 -40343.197 187461.178 188204.268 -147905.78 -40298.492 -148124.35 -40280.185 188404.534
                    6.4256577 22.5262793 -28.717874 5.98694322  7.3270479 7.82670499 6.09273665 313.562495 2113.53896 .216862906
                   .147177189 .073013539
  15000       .15  .704968899 .691392753 .581109E-4 95.9230853 24.1881137 23.4732181 97.1732272 24.5067329 23.4455125  114117.93
                   -57305.053 -56451.962 114117.929 -57305.105 -56451.909 -56458.906 114636.622 -57631.696 114859.157 -57681.297
                   -56418.583 170569.838 -171423.03 853.196567 1172.79026 171095.528 -172268.32 171277.741 -172540.45 1262.71401
                   26.5512504 -26.294348 -.24106193 6.18745212 7.68403866 7.98529527 6.29484763 313.923439 2113.69959 .219905155
                   .148332046 .075659193
  15500      .155  .494280621 .045971525 .826979799 8.81318609 91.3745087 43.1436749 8.73483989 92.3430122 43.7772662 -34590.712
                   111379.405 -76533.333 -34590.655 111379.391 -76533.378 -76984.644 -34456.721 111825.527 -34436.562 111968.106
                   -77093.299 41942.7228 145970.046 -187912.77 -188810.17 42527.9231 146282.248 42656.7371 146404.668  -189061.4
                   -22.232423 -6.7802305 28.7572565 6.38994774  7.8411052 8.34187528 6.49998184 314.081819  2114.0599 .221067872
                   .151395627 .078279886
  16000       .16  .159404874 .891212348 .307267083 62.6967427 .953909517 79.3262854 63.5657822 .944562863 79.8686876 -92260.252
                   -11380.155 103776.968 -92260.287 -11380.095 103776.943 104038.523 -92780.443 -11372.971 -92897.497 -11324.206
                   104131.131 -196037.23 80880.1917 115157.038 115411.494 -196818.97 81407.4724 -197028.63 81573.2909 115455.337
                   -12.625564 29.8531799 -17.529035 6.72576782 8.09369742 8.46979561  6.8390452 314.337609 2114.18896 .224407587
                   .153549514 .079650538
  16500      .165  .895819912 .154109413 .314218686 61.9151233 79.9759456 1.08996847 62.3951861 80.9023188 1.15972282 91683.4298
                     -104201. 12164.5807 91683.3944 -104201.03 12164.6405 12498.8696 91973.2174 -104633.75 92038.1445 -104802.78
                   12547.8528 79518.7538 -195884.42 116365.669 117132.621 79474.3477 -196606.97 79490.2918 -196840.92 117350.631
                   29.9302508 -12.414081 -17.726215 6.84372109 8.39206424 8.76990571 6.95825032 314.638824 2114.49275 .226112325
                   .155271999 .083079748
  17000       .17  .041366321 .504464759 .828451078 9.26625085 42.3679964 91.7885178 9.43417895 42.6061287 92.9144764 35468.5663
                   75842.3067 -111631.42 35468.6239 75842.2618 -111631.43 -112168.01 35722.8218 76028.5643 35788.5718 76055.1014
                   -112314.03 147100.055 40373.6379 -187473.69 -188196.57 147890.829 40305.7426   148102.6 40266.5296 -188369.13
                   -6.4316655 -22.460293 28.7828261 7.18070628 8.52082515 9.02043456 7.29910433 314.769141 2114.74546 .228285775
                   .158602962 .084434403
  17500      .175  .699458117 .691509959 .533655E-4 95.8636986  24.212981 23.5082601 97.0935934 24.5367559 23.4995473  -114082.6
                    57334.502 56494.0829  -114082.6 57334.5546   56494.03 56525.9584 -114597.17 57666.7416 -114812.08 57716.6191
                   56483.5599 -170576.63 171417.153 -840.52459 -1140.7832 -171123.13 172263.912 -171295.64 172528.703 -1233.0592
                   -26.447271 26.2965769 .231009766 7.38119516 8.87779767 9.17906669 7.50118776 315.130055 2114.90616  .23132979
                   .159757429 .087079207
  18000       .18  .491184653 .046171195 .827194175 8.83324252 91.3336036 43.1532919 8.75643519 92.2310804 43.7984951 34630.0494
                   -111354.47 76541.8626 34629.9919 -111354.46  76541.907 77004.1376 34513.8827 -111769.86 34479.1048 -111900.23
                   77111.9893 -41911.915 -145984.45 187896.365 188773.997 -42490.255 -146283.74 -42632.885 -146379.33 189012.215
                    22.162686 6.79493894 -28.760984 7.58370073  9.0348648 9.53561045 7.70633403 315.288442  2115.2664 .232490598
                   .162821295 .089701227
  18500      .185  .158512755 .894637606 .305705559 62.6580282 .947176825 79.2692309 63.5273324 .938626865 79.8343712 92231.7629
                   11339.9238 -103739.64 92231.7979  11339.864 -103739.62 -104011.58  92738.758 11324.5526 92869.3962 11288.5667
                   -104108.76 195971.414 -80891.934 -115079.48 -115336.14 196750.341 -81414.205 196978.155  -81580.83 -115397.33
                   12.5901849 -29.910493 17.4844376  7.9194992 9.28744949 9.66356543 8.04536353 315.544217 2115.39552 .235830037
                   .164973887 .091071059
  19000       .19  .891757778 .153360085 .313644988  61.948481 79.9383063 1.10442828 62.4470675 80.8589252  1.1739491 -91708.124
                    104176.48 -12245.005 -91708.089 104176.505 -12245.064  -12569.28 -92000.677 104614.429 -92076.401 104774.668
                    -12624.58 -79463.025 195884.594 -116421.57 -117183.71 -79431.398 196615.106 -79451.821  196851.07 -117399.25
                   -29.862314 12.3838639 17.7100251 8.03748144 9.58581381  9.9636472 8.16461335 315.845433 2115.69927 .237532701
                   .166698007 .094500164
  19500      .195  .040926848 .508528523 .824402849 9.27958881 42.3768239 91.7838977 9.44570944 42.6661115 92.9267118 -35494.084
                   -75850.207 111628.608 -35494.142 -75850.162 111628.621 112166.515 -35746.031 -76061.649 -35810.436 -76108.619
                   112321.423 -147122.76 -40356.021 187478.784 188228.164 -147912.55 -40315.618 -148131.86 -40298.184 188430.043
                   6.39740951  22.550577 -28.712416 8.37444708 9.71455849 10.2141968 8.50543639 315.975721 2115.95201 .239708581
                   .170029555 .095853624
  20000       0.2  .706374735 .692617266 .580633E-4 95.9184495 24.1859896 23.4739935 97.1668315 24.5033408 23.4471447 114115.172
                   -57302.536 -56452.894 114115.172 -57302.589 -56452.841 -56460.993 114633.066 -57628.235 114855.377 -57677.305
                   -56420.547 170568.013 -171417.76 849.747882 1167.24185 171094.059  -172261.3 171275.925 -172532.68 1256.75827
                   26.5777112 -26.317623  -.2409633 8.57495679 10.0715544   10.37279 8.70754858 316.336673 2116.11265 .242751023
                   .171184202 .098499176
  20500      .205   .49497592 .045722506 .826998535 8.81239889 91.3767551 43.1465885 8.73338865 92.3460717 43.7815478 -34589.167
                   111380.774 -76535.917  -34589.11  111380.76 -76535.962 -76987.917 -34454.573 111827.565 -34433.701 111969.961
                   -77097.069 41946.8518  145969.87 -187916.72 -188815.48 42533.3431 146282.139 42663.3679 146403.662 -189067.03
                   -22.248054 -6.7618419 28.7575822  8.7774517 10.2286226 10.7293744 8.91268177 316.495055 2116.47296 .243913651
                   .174247673 .101119777
  21000       .21  .159196725 .890665799 .307190331 62.6967878 .954187567 79.3326891 63.5661715 .945089129 79.8791675 -92260.285
                   -11381.814 103781.156  -92260.32 -11381.754 103781.131  104044.53 -92780.395 -11375.524 -92897.781  -11327.36
                   104137.963 -196041.45 80878.5664 115162.885 115420.054 -196824.92 81404.8709 -197035.74 81570.4211 115465.323
                   -12.617318 29.8440245 -17.526846 9.11327153 10.4812112 10.8572947 9.25174483  316.75084 2116.60202 .247253554
                   .176401614 .102490506
  21500      .215  .895683947 .154047994  .31429843 61.9165407 79.9705124 1.08954361 62.3975985 80.8945628 1.15900734 91684.4792
                   -104197.46 12162.2096 91684.4438 -104197.49 12162.2695 12495.4109 91974.7116 -104629.04 92039.9237 -104797.75
                   12543.9815 79522.1743 -195881.93 116359.758 117124.454 79479.3007 -196603.75 79495.9422 -196837.68 117341.736
                   29.9279793 -12.411607 -17.728464 9.23122481 10.7795777 11.1574032 9.37094992 317.052055 2116.90581 .248958335
                   .178124053 .105919753
  22000       .22  .041407136 .504480211 .828469821 9.26622284 42.3656394 91.7850313 9.43400229 42.6031725 92.9095042 35468.5127
                    75840.197  -111629.3 35468.5703 75840.1521 -111629.31 -112165.21 35722.6304 76025.8983 35788.2367 76052.4629
                   -112311.02 147097.881 40371.5818 -187469.46  -188191.1 147887.836 40303.2679  148099.26 40264.2261 -188363.49
                   -6.4348377 -22.460637 28.7831517 9.56821038 10.9083383 11.4079331 9.71180446 317.182371 2117.15853 .251131672
                   .181454863 .107274393
  22500      .225  .699322072 .691367883 .527576E-4 95.8650169 24.2131371 23.5068215 97.0954628 24.5371778 23.4971146 -114083.38
                   57334.6869 56492.3543 -114083.38 57334.7395 56492.3014  56523.349 -114598.03 57667.2342 -114813.19 57717.1154
                   56480.6362 -170575.68 171418.122 -842.43809 -1143.8852 -171121.38 172265.268 -171293.83 172530.305 -1236.4791
                   -26.444698 26.2938754 .229690149 9.76869979 11.2653108 11.5665641 9.91388865 317.543285 2117.31922 .254175573
                   .182609376 .109919194
  23000       .23  .491082327 .046205486 .827105354 8.83295554 91.3349883 43.1530238  8.7560281  92.233444 43.7980881 34629.4868
                   -111355.32 76541.6248 34629.4293  -111355.3 76541.6692   77003.84 34512.9758 -111771.08 34478.3033 -111901.66
                    77111.631  -41912.24 -145984.73 187896.971 188774.924 -42490.864 -146284.06 -42633.328 -146379.96  189013.29
                   22.1603774 6.79746173 -28.759439 9.97120501 11.4223776 11.9231077 10.1190344 317.701672 2117.67946 .255336453
                   .185673278 .112541192
  23500      .235    .1585911  .89468072 .305712596 62.6583437 .947252708 79.2692223 63.5275822 .938669448 79.8337059 92231.9951
                    11340.378 -103739.64 92232.0301 11340.3182 -103739.61 -104011.26 92739.1755 11325.0829 92869.5788 11288.8227
                   -104108.32  195971.64 -80891.712 -115079.93 -115336.35 196750.438 -81414.093 196977.903 -81580.756 -115397.15
                   12.5932958 -29.911214 17.4846388 10.3070037  11.674963  12.051062 10.4580643 317.957448 2117.80858 .258675886
                   .187825884 .113911039
  24000       .24   .89187267 .153386502 .313670359 61.9474588 79.9398889 1.10431911 62.4448961 80.8604987 1.17385205 -91707.368
                   104177.512 -12244.399 -91707.332 104177.536 -12244.459 -12568.933 -92000.005 104615.269   -92074.8 104775.688
                   -12624.058 -79462.873 195884.869   -116422.  -117184.2 -79431.072 196615.274 -79450.742 196850.488 -117399.75
                   -29.864237 12.3849304 17.7107414 10.4249854 11.9733275 12.3511447 10.5773133 318.258664 2118.11233 .260378567
                   .189549979 .117340127
  24500      .245  .040930794 .508469109 .824465088 9.27945149 42.3767353 91.7850511 9.44567501 42.6657312 92.9281243 -35493.822
                   -75850.128  111629.31 -35493.879 -75850.083 111629.323 112167.314 -35745.836 -76061.403  -35810.37  -76108.28
                   112322.277  -147123.2 -40356.204 187479.406 188228.716 -147913.15 -40315.567 -148132.65  -40297.91 188430.557
                   6.39771791 22.5492596   -28.7135 10.7619515 12.1020724  12.601694  10.918137 318.388953 2118.36507 .262554434
                   .192881538 .118693608
  25000       .25  .706302863 .692627325 .581933E-4 95.9181435 24.1862913 23.4746927 97.1663493 24.5036038 23.4482706  114114.99
                   -57302.894 -56453.735  114114.99 -57302.946 -56453.682 -56462.357 114632.705 -57628.681 114855.092 -57677.615
                   -56421.902 170568.671 -171417.94 849.264481 1166.32416 171095.062 -172261.39 171276.994 -172532.71 1255.71314
                   26.5763591 -26.317814 -.24123289 10.9624607  12.459068 12.7602878 11.1202485 318.749903 2118.52571  .26559692
                    .19403618 .121339157
  25500      .255  .494956972  .04572353 .827030511 8.81297189 91.3766862  43.146792  8.7342818 92.3435486 43.7823545 -34590.292
                   111380.732 -76536.098 -34590.234 111380.718 -76536.142  -76988.24 -34455.937 111826.551 -34435.462 111968.431
                   -77097.779 41945.9079 145970.953 -187916.86 -188814.79 42532.3024 146282.488 42662.3174 146403.893 -189066.21
                   -22.247628 -6.7619176 28.7581381 11.1649559 12.6161362 13.1168717 11.3253821 318.908286 2118.88602 .266759512
                    .19709965 .123959798
  26000       .26  .159169176 .890720123  .30717902 62.6962936 .954098034 79.3311201 63.5664556 .945139166 79.8774547 -92259.922
                    -11381.28  103780.13 -92259.957  -11381.22 103780.105 104044.262 -92779.645 -11374.929 -92897.989  -11327.66
                   104136.846 -196040.06 80878.7368 115161.325  115419.19 -196823.91 81404.7166 -197034.83 81570.3289 115464.506
                   -12.616227 29.8449346 -17.526523 11.5007755 12.8687246 13.2447926 11.6644447 319.164071 2119.01508 .270099405
                   .199253578 .125330497
  26500      .265  .895617315 .154040043 .314271179 61.9169875 79.9695669 1.08973647 62.3985205 80.8938911 1.15921776   91684.81
                   -104196.85  12163.286 91684.7746 -104196.87 12163.3459 12496.4404 91975.2785 -104628.63 92040.6037 -104797.32
                   12545.1202 79521.4287 -195881.65 116360.219 117125.068 79478.8381 -196603.91 79495.4836 -196837.92  117342.44
                   29.9268661 -12.411287 -17.727695 11.6187292 13.1670911 13.5449005 11.7836506 319.465285 2119.31887 .271804157
                   .200976037 .128759744
  27000       .27  .041400519 .504527714 .828397438 9.26638134 42.3658952 91.7847644 9.43416797 42.6041206 92.9093788 35468.8161
                    75840.426 -111629.14 35468.8736 75840.3811 -111629.15   -112165. 35722.9666  76026.447  35788.551 76053.3092
                   -112310.95 147098.022 40371.5074 -187469.53 -188191.44 147887.962 40303.4804 148099.498 40264.7582 -188364.26
                   -6.4343235 -22.461694 28.7818943 11.9557144 13.2958515 13.7954307 12.1245045 319.595601 2119.57159 .273977528
                   .204306855 .130114366
  27500      .275   .69941345 .691370906 .528194E-4 95.8654622 24.2127153  23.506464 97.0961803 24.5366985 23.4963261 -114083.65
                   57334.1875 56491.9247 -114083.65   57334.24 56491.8718 56522.4722 -114598.27 57666.6955 -114813.61 57716.5517
                   56479.6885 -170575.52 171417.887 -842.36826 -1144.2233 -171120.75 172264.969  -171293.3 172530.165 -1236.8632
                   -26.446426 26.2939329 .229824647 12.1562042 13.6528243 13.9540612 12.3265891 319.956515 2119.73228 .277021406
                    .20546137 .132759176
  28000       .28   .49112996 .046198787 .827085647 8.83261727 91.3356896 43.1528591 8.75555072 92.2347669 43.7978592 34628.8238
                   -111355.74 76541.4788 34628.7662 -111355.73 76541.5231 77003.6678 34511.9276 -111771.77 34477.3634 -111902.46
                   77111.4295 -41912.757  -145984.5 187897.253 188775.435  -42491.74 -146283.69 -42634.066 -146379.82 189013.891
                   22.1614522 6.79696895 -28.759097 12.3587092 13.8098911 14.3106054 12.5317347 320.114902 2120.09252 .278182311
                   .208525264 .135381145
  28500      .285  .158604371 .894621229 .305725379  62.658851 .947342413 79.2699899 63.5281617  .93873485 79.8342699 92232.3685
                    11340.915 -103740.14 92232.4034 11340.8551 -103740.11 -104011.66 92739.8015 11325.7345 92870.0024  11289.216
                   -104108.69 195972.516 -80891.548 -115080.97 -115337.39 196751.457 -81414.067 196978.695 -81580.786 -115397.91
                   12.5938227 -29.910219 17.4850044 12.6945082 14.0624766 14.4385591 12.8707649 320.370679 2120.22164 .281521749
                   .210677885 .136751012
  29000       .29  .891928159  .15338892 .313692798 61.9469805 79.9404795 1.10413369 62.4439456 80.8610757 1.17363919 -91707.014
                   104177.896 -12243.371 -91706.978 104177.921 -12243.431  -12567.86 -91999.519 104615.592   -92074.1 104776.062
                   -12622.914 -79463.547 195884.899 -116421.35 -117183.45 -79431.659 196615.111 -79451.186 196850.161 -117398.98
                   -29.865166  12.385028 17.7113748 12.8124895  14.360841 14.7386423 12.9900134 320.671894 2120.52539 .283224458
                   .212401958   .1401801
  29500      .295  .040935433 .508423186 .824531402 9.27929594 42.3765174 91.7850509 9.44557857 42.6647946 92.9280589 -35493.524
                   -75849.933  111629.31 -35493.582 -75849.888 111629.323 112167.331 -35745.592 -76060.851 -35810.188 -76107.445
                   112322.237  -147122.9 -40356.306 187479.211 188228.182 -147912.92 -40315.259 -148132.42 -40297.257 188429.682
                   6.39808047 22.5482413 -28.714655 13.1494558 14.4895861 14.9891912 13.3308375 320.802184 2120.77813  .28540029
                   .215733506 .141533596
  % % % % % %   Final time step,  PLTFIL  dumps plot data to ".PL4" disk file.
  Done dumping plot points to C-like disk file.
  30000       0.3  .706213848  .69261896 .581548E-4 95.9175368 24.1868292 23.4751407 97.1656597 24.5041396 23.4490069 114114.629
                   -57303.531 -56454.274 114114.629 -57303.584  -56454.22 -56463.217 114632.314 -57629.373 114854.685 -57678.246
                   -56422.788 170568.849 -171418.21 849.363049 1166.15629 171095.531 -172261.69 171277.472 -172532.93 1255.45792
                   26.5746843 -26.317655 -.24115305 13.3499647 14.8465815 15.1477855 13.5329486 321.163134 2120.93877 .288442797
                   .216888144 .144179138

Extrema of output variables follow.   Order and column positioning are the same as for the preceding time-step loop output.
Variable maxima :   48.317613 32.9376905 10.3710975 124.747466 2102.95814 2885.44604 447.515443 .1881909E7 .9987632E7 123329.959
                   161364.817 149612.679 123329.972 161364.956 149612.738 169014.791   124496.9 180026.963 125447.633  189605.97
                   176386.717 222020.566 231117.045 262395.464 286207.125 234245.131 240478.511 241574.333 242464.535 294275.556
                   219.812677 131.495058 101.838585 13.3499647 14.8465815 15.1477855 13.5329486 321.163134 2120.93877 .288442797
                   .216888144 .144179138
Times of maxima :      .02057     .02059     .02147     .02431      .0213     .02083     .02402     .02104       .021     .03333
                        .0213     .02836     .03333      .0213     .02836     .02826     .03323     .02112     .03307     .02104
                       .02628     .03538     .02325     .02836      .0283      .0354     .02337     .02098     .02329     .02837
                       .02057      .0216     .02147        0.3        0.3        0.3        0.3        0.3        0.3        0.3
                          0.3        0.3
Variable minima :         0.0        0.0        0.0        0.0        0.0        0.0        0.0        0.0        0.0 -130139.16
                   -147460.95 -169794.03 -130139.21 -147460.92 -169793.81 -196048.93 -131668.24 -155838.82 -140417.33 -159720.51
                   -198296.29 -261406.13 -210763.66 -320856.06 -369073.86 -279947.32 -217598.89 -291552.94 -222241.54 -387810.17
                   -200.96979 -181.48744 -72.585263        0.0        0.0        0.0        0.0        0.0        0.0        0.0
                          0.0        0.0
Times of minima :       .1E-4      .1E-4      .1E-4        0.0        0.0        0.0        0.0        0.0        0.0     .02431
                       .03038     .02083     .02431     .03038     .02083     .02101     .02418     .03043     .02402     .03048
                         .021      .0262      .0326     .02116     .02103      .0261      .0325     .02617     .03256     .02102
                       .02155     .02059     .02859        0.0        0.0        0.0        0.0        0.0        0.0        0.0
                          0.0        0.0

Blank card terminating all plot cards.            |BLANK PLOT

  ---- Initial flux of coil  "X0001A"  to  "      "  =  -4.12755267E-02
  ---- Initial flux of coil  "X0001B"  to  "      "  =  -9.37635224E+02
   Warning.  Preceding flux exceeds the 1st segment.  This means that the steady state solution is not really sinusoidal.
  ---- Initial flux of coil  "X0001C"  to  "      "  =  9.37676499E+02
   Warning.  Preceding flux exceeds the 1st segment.  This means that the steady state solution is not really sinusoidal.
  ---- Initial flux of coil  "X0002A"  to  "      "  =  -3.69725315E-02
  ---- Initial flux of coil  "X0002B"  to  "      "  =  -9.37628226E+02
   Warning.  Preceding flux exceeds the 1st segment.  This means that the steady state solution is not really sinusoidal.
  ---- Initial flux of coil  "X0002C"  to  "      "  =  9.37665198E+02
   Warning.  Preceding flux exceeds the 1st segment.  This means that the steady state solution is not really sinusoidal.
  ---- Initial flux of coil  "X0004A"  to  "      "  =  -2.48999311E-01
  ---- Initial flux of coil  "X0004B"  to  "      "  =  -2.58588084E+02
   Warning.  Preceding flux exceeds the 1st segment.  This means that the steady state solution is not really sinusoidal.
  ---- Initial flux of coil  "X0004C"  to  "      "  =  2.58837084E+02
   Warning.  Preceding flux exceeds the 1st segment.  This means that the steady state solution is not really sinusoidal.

Card of names for time-step loop output.          |  9049A 9049B 9049C T_MANAT_MANBT_MANC1_2LTC1_2LTA1_2LTBT_OPOAT_OPOBT_OPOC
Output voltage differences for pairs of A6 names  |-5T_MANAT_MANCT_MANBT_MANAT_MANCT_MANB1_2LTC1_2LTB1_2LTA1_2LTC1_2LTB1_2LTA
Output voltage differences for pairs of A6 names  |-5T_OPOAT_OPOCT_OPOBT_OPOAT_OPOCT_OPOB
Blank card ending requests for output variables.  |BLANK OUTPUT

The data case now ready to be solved is a statistical overvoltage study that involves  NENERG = 100   simulations.
Closing or opening times for  "STATISTICS"  switches are to be varied randomly according to a Normal   distribution.   The following
is a listing of switches that are to have closing or opening times varied randomly.
          Entry    Switch      From        To         Columns 15-24        Columns 25-34       Reference switch number
         number    number       bus       bus          (in seconds)         (in seconds)       (0 implies independence)
              1        10    XX0014    XX0015             0.020000             0.000833               0
              2        11    XX0016    XX0017             0.020000             0.000833               0
              3        12    XX0018    XX0019             0.020000             0.000833               0
In addition to variation of the switching time that is caused by each switch`s own distribution, there is the added random delay
that is the same for all switches.  This added random delay is called "reference angle," and it has a uniform distribution over the
time interval  0.00000000E+00   to  3.60000000E+02   degrees at frequency  6.00000000E+01   (data fields  DEGMIN, DEGMAX, and STATFR
of the  STARTUP file).   However, if  "ITEST"  (columns 9-16 of the  STATISTICS  miscellaneous data card) is positive, the reference
angle is set to zero, and there is no such added random delay.
In the following output, for each simulation there will be a tabulation of switch times that were used, followed by a display of
peak values that occurred during the simulation.  Format for this latter output is identical to that for the extrema of a
conventional (non-statistical) simulation.
Well, almost identical!  Output of the reference angle in degrees has been added at the extreme left in otherwise blank space.

                       XX0015     XX0017     XX0019     TERRA      TERRA      TERRA      TERRA      TERRA      TERRA      9049A
  Reference angle      MEASUC     MEASUB     MEASUA     PRMANA     PRMANB     PRMANC     PROPOA     PROPOB     PROPOC

                       9049B      9049C      T_MANA     T_MANB     T_MANC     1_2LTC     1_2LTA     1_2LTB     T_OPOA     T_OPOB
 

                       T_OPOC     T_MANA     T_MANB     T_MANC     1_2LTC     1_2LTA     1_2LTB     T_OPOA     T_OPOB     T_OPOC
                                  T_MANC     T_MANA     T_MANB     1_2LTB     1_2LTC     1_2LTA     T_OPOC     T_OPOA     T_OPOB

                       XX0014     XX0016     XX0018     TERRA      TERRA      TERRA      TERRA      TERRA      TERRA      XX0015
                       XX0015     XX0017     XX0019     PRMANA     PRMANB     PRMANC     PROPOA     PROPOB     PROPOC     MEASUC

                       XX0017     XX0019
                       MEASUB     MEASUA
             Random switching times for simulation number  1  :
                                  10  2.5831195E-02   11  2.5138332E-02   12  2.4992268E-02
             ==== Table dumping for all subsequent restorations.  Time [sec] = 1.75000000E-02

  135.56           29.7451199 36.4172958 38.1853902 824150.056 2744.37474 210535.302 .1458838E8  .415208E7 .2573769E7 -186407.37
                   -168326.04 181268.819 -186407.15 -168325.94 181268.891 186866.567 -214664.94 -190779.95 -200390.73 -195575.86
                    191642.77 -255876.76 -252219.29 284409.272 317748.643 -254592.47  -272742.1 -261024.54 -293491.45 324396.951
                   -172.46774 190.833162 195.410824  131.52053 15.3954016 26.6676134 4019.33651 1618.12036 562.952984 .178927113
                   .249022177 .176650752
Times of maxima :      .02644     .02852     .02559     .02588     .03105      .0271      .0262     .02908     .02693     .02588
                       .03105      .0271     .02588     .03105      .0271     .02695     .02602     .03116      .0262     .02908
                       .02693     .02667     .03108     .02908     .02901      .0267     .03115     .02644     .03127     .02911
                       .02644     .02852     .02559        0.3        0.3        0.3        0.3        0.3        0.3        0.3
                          0.3        0.3
             Random switching times for simulation number  2  :
                                  10  3.6295764E-02   11  3.5102079E-02   12  3.5270573E-02

 327.726           37.4916624 24.4097379 10.9167685 839.430943 .1901588E7 192220.483 2730.38882 .1290506E8 .9823974E7 -145879.64
                   189664.627  -180830.7 -145879.59 189664.491 -180830.76 -206900.12 -145183.15  211414.19 -168179.25 199629.364
                   -198220.99 -230589.53 222360.962 -289842.84 -324408.41 -228397.42  221510.17 -234040.97 238049.428 -338102.69
                   193.627639 -156.23616 104.483341 12.7664084 323.307004 25.8624244 13.4268826 4135.93222  3246.4853 .170309437
                   .166465946 .139196187
Times of maxima :      .03689     .03876     .03717     .04032      .0391     .03746     .04059     .03927     .03745     .04032
                        .0391     .03746     .04032      .0391     .03746     .03736     .04045     .03913     .04059     .03927
                       .03745     .04246     .03932     .03713     .03731     .04241     .03914     .04222     .03956     .03726
                       .03689     .03876     .03717        0.3        0.3        0.3        0.3        0.3        0.3        0.3
                          0.3        0.3
             Random switching times for simulation number  3  :
                                  10  2.1445411E-02   11  2.0363461E-02   12  2.3261891E-02

 37.8214           21.8618894 36.8933293 36.9153536 1662.92438 101441.363  979.08288 2685.71576 .7064968E7 3351.95142 -156276.64
                     178627.9 147736.828 -156276.77 178627.844 147736.916 162246.016 -162453.35 193046.086 -167709.29 196943.037
                   174505.485 -274403.34 303244.796  -227400.2 224942.602 -290970.28 327912.094 -306428.73    356328. -240322.99
                   -147.85767 192.076363 -192.13369 13.8043749 23.9489262 13.4933021 15.6951155 2337.58699 15.1309281 .179345019
                   .227497005 .241029359
Times of maxima :      .02334     .02476     .02878     .02452      .0216     .02661     .02431     .02181     .02637     .02452
                        .0216     .02661     .02452      .0216     .02661     .02645     .02441     .02163     .02431     .02181
                       .02637     .02612     .02412     .02221      .0295     .02621     .02416     .02633      .0243     .02242
                       .02334     .02476     .02878        0.3        0.3        0.3        0.3        0.3        0.3        0.3
                          0.3        0.3
             Random switching times for simulation number  4  :
                                  10  3.5250962E-02   11  3.4200055E-02   12  3.3988789E-02

 312.282           44.2327604 27.9307939 28.2744233 3288.59143   309472.9 904198.923 .4846276E7 .6124584E7   .17665E8 173877.853
                   183601.111 -186653.01 173877.722 183600.962   -186653. -220786.97  197165.21 202160.753 195903.398 196503.714
                   -201768.01 207805.782 258594.007 -273553.99 -313775.59  211485.44 267480.602 215548.758 280336.376 -316492.87
                   210.315859 -167.12508    -168.15 14.0389043 56.7271533 203.112572 1066.89838 1833.13913 7162.62954 .158807238
                   .194776879 .165720678
Times of maxima :      .03584     .03769     .03457     .03493     .03803     .03641     .03516     .03821     .03641     .03493
                       .03803     .03641     .03493     .03803     .03641     .03628     .03504     .03816     .03516     .03821
                       .03641     .05134     .04031     .03637     .03624     .05117      .0402     .05117     .04009     .03621
                       .03584     .03769     .03457        0.3        0.3        0.3        0.3        0.3        0.3        0.3
                          0.3        0.3
             Random switching times for simulation number  5  :
                                  10  2.9482992E-02   11  2.8973380E-02   12  2.8731568E-02

 201.589           24.4821881 34.5130503 7.90999811 1659.53318 .2062512E7 2295.86822 3203.00017 .7981554E7 141303.636 156236.449
                   -190141.79 -163511.31 156236.438 -190141.73 -163511.22 -174311.99 168414.734 -207849.54 173023.803  -197369.4
                    -179601.7 241367.224 -244905.44 280872.917 303549.051 263414.295 -247527.45 268859.964  -253305.6 326199.555
                    156.46785 185.776883 88.9381701 13.4664495 239.443696 13.6222505 14.7311479  3621.1062 35.6982558 .213636466
                   .191897434 .148112879
Times of maxima :        .031     .02963     .03436     .03376     .03016     .03546     .03389     .03014     .03562     .03376
                       .03016     .03546     .03376     .03016     .03546     .03558     .03372     .03002     .03389     .03014
                       .03562     .03361     .03217     .03022     .03027     .03368     .03211     .03377     .03195     .03041
                         .031     .02963     .03436        0.3        0.3        0.3        0.3        0.3        0.3        0.3
                          0.3        0.3
             Random switching times for simulation number  6  :
                                  10  3.1587574E-02   11  3.1970160E-02   12  3.2322559E-02

 256.102           16.2622231 44.0280989 43.3837409 3433.32383 1461.92812 87534.1974 .4421033E7 3222.82705 355542.333 175306.505
                   -153853.75 -178285.63 175306.384 -153853.71 -178285.61 -183469.26 196276.378 -173977.52 195702.888 -173222.22
                   -184667.67 280200.998 -313618.28 -238788.27 -258567.09 303515.303 -339842.32 324932.512 -356383.46 -271383.35
                   127.523422 -209.82874 -208.28764 14.7261833 13.2634961 18.0883315 1064.84327 15.7537087 94.0609289 .164998036
                   .249642151 .260933713
Times of maxima :      .03297      .0337     .03291     .03326     .03303     .03568     .03345     .03294     .03591     .03326
                       .03303     .03568     .03326     .03303     .03568     .03566     .03337     .03306     .03345     .03294
                       .03591     .03353     .03316      .0382     .03804     .03344     .03317     .03336     .03327     .03808
                       .03297      .0337     .03291        0.3        0.3        0.3        0.3        0.3        0.3        0.3
                          0.3        0.3
             Random switching times for simulation number  7  :
                                  10  2.8492977E-02   11  2.9285177E-02   12  2.8781413E-02

 209.228           28.2757456 35.1826034 27.2569513  3282.5535 304410.878 3244.98595 .6928301E7 .8619434E7 .8400148E7 173817.729
                   -183483.01  173443.67 173817.707 -183483.03 173443.538 200077.762 195251.935 -199203.22 196879.309 -197665.05
                   197563.509 247289.427 -270803.52 258639.296 271725.098 254049.427 -287432.13 274907.255 -293612.53 282294.281
                   168.153934 187.570263 -165.09679 14.8466185 47.8006128 14.0554071 2048.55294 2435.73293 1838.55259 .181234665
                   .185788418 .189102832
Times of maxima :       .0303     .02985     .03193     .03249     .03044     .02951     .03241     .03042     .02969     .03249
                       .03044     .02951     .03249     .03044     .02951     .02957     .03237     .03032     .03241     .03042
                       .02969      .0346     .03244     .03017     .03009     .03475     .03034     .03481     .03034     .02995
                        .0303     .02985     .03193        0.3        0.3        0.3        0.3        0.3        0.3        0.3
                          0.3        0.3
             Random switching times for simulation number  8  :
                                  10  2.7575681E-02   11  2.7907324E-02   12  2.5572126E-02

 160.043           57.0464792 16.7949345 23.3531164 2760.20584 1783.83078 .8269241E7 .4632182E7 464170.372 .2185507E8 -168491.69
                    -157703.1 197503.069 -168491.72 -157703.22 197502.844 225940.121 -196213.45 -158982.48  -195802.5 -185293.52
                   203615.178 237911.705 -235187.34 273486.328 290022.606 259216.171 -233488.55 -276820.35 -247280.04  326027.03
                   -238.84405 129.595272 -152.81726 14.5554774 13.5596049 1744.55799 1268.44746 52.7605862 7884.53601 .223153549
                   .154106675 .181150054
Times of maxima :      .02817     .02852     .02741     .02675     .02961     .02852     .02675     .02933      .0286     .02675
                       .02961     .02852     .02675     .02961     .02852     .02845     .02665     .02908     .02675     .02933
                        .0286     .03389     .03158     .02866     .02879     .03402     .03163     .02862     .03141     .02891
                       .02817     .02852     .02741        0.3        0.3        0.3        0.3        0.3        0.3        0.3
                          0.3        0.3
             Random switching times for simulation number  9  :
                                  10  2.0000648E-02   11  2.1201393E-02   12  2.0244896E-02

 14.8923           29.2184041 42.8619381 30.6243816  177243.53 .2104814E7 29194.0675 .8258096E7  .166969E8 .5401967E7 -180471.11
                   190266.817 -176835.71 -180470.93 190266.796 -176835.58 -200786.49 -203865.28 218554.239 -197497.68 201336.585
                   -196164.81 -253205.62 279350.857 -205043.32 -210705.61 -265173.02 314447.947 -266170.64 325585.567 -211987.69
                   170.933917 -207.03125 174.998233 29.9806562 471.855208 15.0657849 2247.18592 6160.54818 1365.31723 .169843289
                   .161701176 .207684985
Times of maxima :       .0206     .02179     .02368       .024     .02234     .02097     .02419      .0224     .02119       .024
                       .02234     .02097       .024     .02234     .02097     .02107     .02413     .02225     .02419      .0224
                       .02119     .02625     .02235     .02235     .02222     .02625     .02222     .02625     .02213     .02211
                        .0206     .02179     .02368        0.3        0.3        0.3        0.3        0.3        0.3        0.3
                          0.3        0.3
             Random switching times for simulation number  10  :
                                  10  3.3462358E-02   11  3.3541599E-02   12  3.3312395E-02

 304.429           20.0290943 11.5973472 51.3986617 .4715647E7 461.230568 1266.28384 .1486519E8 1936.44594 1841.65309 195842.064
                   140615.392 -151428.51 195841.847 140615.307 -151428.55 -152625.92 219834.542 144383.045 200515.392 159472.417
                   -158377.55 298999.653   254106.2 -216116.92 -208760.97 333718.122 272018.477 357857.291 278134.516 -220505.08
                   141.524183 -107.69098 -226.71273 874.303436 12.8195696 13.0437071  4476.3294 13.3705767 13.5731625 .160046673
                   .146693586 .252656021
Times of maxima :      .03402     .03498     .03393     .03425     .03914     .03467     .03448     .03935      .0344     .03425
                       .03914     .03467     .03425     .03914     .03467     .03456      .0343     .03937     .03448     .03935
                        .0344     .03434     .03961     .03712     .03697     .03448     .03956      .0344     .03962     .03687
                       .03402     .03498     .03393        0.3        0.3        0.3        0.3        0.3        0.3        0.3
                          0.3        0.3
             Random switching times for simulation number  11  :
                                  10  2.6728492E-02   11  2.5815100E-02   12  2.7427784E-02

 145.177           35.2450609 15.9347489 18.5690379 1170.28417 1633.38799 351254.984 3000.26585 14658.6599  .103813E8 150212.829
                   -155924.95 184568.925  150212.77 -155924.84 184568.892 207686.501 160425.723 -166831.72 170973.256 -176470.61
                   198477.194 231304.154 -253562.54 267944.088 292876.419 248527.637 -274817.82 255444.711 -296421.24 300951.237
                   -187.73668 126.232915 -136.26826 13.3245851 13.9187864 52.9084205  14.357442 16.6769193 3547.37967 .193944054
                    .18447581 .176999368
Times of maxima :      .02731      .0292     .02893     .03334     .02948     .02788     .03348     .03171     .02789     .03334
                       .02948     .02788     .03334     .02948     .02788     .02777     .03342     .03172     .03348     .03171
                       .02789     .03536     .03181     .02788     .02777     .03539     .03168     .03533     .03162      .0277
                       .02731      .0292     .02893        0.3        0.3        0.3        0.3        0.3        0.3        0.3
                          0.3        0.3
             Random switching times for simulation number  12  :
                                  10  2.2765026E-02   11  2.2685841E-02   12  2.4181400E-02

 78.2617           28.4236456  32.180146  44.902979 .2059864E7 2641.90251 .1569793E7 .1749914E8 .4501606E7 .2154805E7 -190133.91
                   167246.383 188673.091  -190133.9 167246.244 188673.082 193695.814 -213737.63 198017.117 -201694.22 195740.912
                   190414.392 -268211.13 -222002.66 254608.534 280673.429 -300713.64 234047.542 -290757.88 250930.601 298001.527
                   -168.59314 -179.38825  211.90323 334.480825 15.2183524 185.497055 6451.03773 1360.51285 986.057582  .21719099
                   .199919058   .1698353
Times of maxima :       .0264     .02327     .02476     .02531      .0236     .02696      .0252     .02384     .02687     .02531
                        .0236     .02696     .02531      .0236     .02696     .02685     .02518     .02371      .0252     .02384
                       .02687     .02503      .0326     .02904     .02892     .02506     .02541     .02514     .02527     .02892
                        .0264     .02327     .02476        0.3        0.3        0.3        0.3        0.3        0.3        0.3
                          0.3        0.3
             Random switching times for simulation number  13  :
                                  10  2.5192587E-02   11  2.3579433E-02   12  2.4859882E-02

 82.9724            20.296865 16.0823435 45.2003071 .5965631E7 461.465401 1173.01047 .2390894E8 2895.75924 3317.97413 -196429.42
                   140618.643 150247.461 -196429.26 140618.692 150247.542 157587.045 -230117.83 166007.405 -204509.05 169900.297
                   174169.299 -278798.01 -209579.97 247475.852 266583.629   -295319.  -209266.1 -310365.06 -214832.02 273038.083
                   142.467067 -126.81618 212.603639 1242.72183 13.3204544 13.3915739 9693.00332 14.6795109 14.3394403  .18668807
                   .170396444 .166611396
Times of maxima :      .03084     .02416     .02548     .02592     .02475     .02828     .02607     .02474     .02796     .02592
                       .02475     .02828     .02592     .02475     .02828     .02812     .02585     .02466     .02607     .02474
                       .02796     .02598     .03196     .02826     .02825     .02599     .03208     .02624     .03221     .02829
                       .03084     .02416     .02548        0.3        0.3        0.3        0.3        0.3        0.3        0.3
                          0.3        0.3
             Random switching times for simulation number  14  :
                                  10  2.7759542E-02   11  2.5936236E-02   12  2.7639639E-02

  175.97           44.9786035 5.35515224 37.0523281 1531.85159 1124.76198 97437.2356 669708.918 3357.56581 .8587867E7 154704.111
                   -149629.99 178529.338 154704.236 -149630.02 178529.442 201750.258 175125.211 -158377.79 185930.987 -174560.93
                   197650.438 266589.501 -235579.29 267127.088 297853.362 288417.641 -245563.64 -307541.28  -253899.1 314043.259
                    -212.0816 -73.178906 -192.48981 13.5026304 13.5257721 20.0354596 93.7576629 14.4442255 2413.13084 .235640164
                   .139581932 .214315415
Times of maxima :      .02832     .03394     .02918     .03207     .03103     .02891     .03181     .03084     .02873     .03207
                       .03103     .02891     .03207     .03103     .02891     .02878     .03193     .03106     .03181     .03084
                       .02873     .03389      .0318     .02891     .02877     .03393     .03168     .02871     .03169     .02879
                       .02832     .03394     .02918        0.3        0.3        0.3        0.3        0.3        0.3        0.3
                          0.3        0.3
             Random switching times for simulation number  15  :
                                  10  2.7578378E-02   11  2.8298716E-02   12  2.6614699E-02

  171.55           26.9252435 25.4679826 35.5523238 2189.35492 894.960832 .2145139E7 .1387783E7 1596.86384 .1562893E8 162332.178
                   -146623.18  190385.91 162332.147  -146623.3 190385.869 215220.923 185060.145 -147002.32 188124.896  -155487.7
                   200858.581 227493.461 -272919.31 246345.574  261967.01 231026.582 -296183.75 232815.113 -308223.81  274977.97
                   -164.08913 -159.58691 -188.55324  13.918471 13.2919216 262.766748 285.765293 14.1048478  6122.6176 .159188803
                    .19304713 .225990545
Times of maxima :      .02819     .03383     .02858     .03137     .02974     .02878     .03139     .02944     .02877     .03137
                       .02974     .02878     .03137     .02974     .02878     .02865     .03145     .03311     .03139     .02944
                       .02877     .03529     .03125     .02943     .02931     .03534     .03127     .03515     .03137     .02918
                       .02819     .03383     .02858        0.3        0.3        0.3        0.3        0.3        0.3        0.3
                          0.3        0.3
             Random switching times for simulation number  16  :
                                  10  2.9420554E-02   11  3.0071159E-02   12  2.8030821E-02

 181.722           35.9053463 38.2008168  18.746598 245976.411 844011.923 390.784219 .1017662E8 .5118035E7 781076.784 182110.975
                   -186468.14 -139592.63 182110.924 -186468.21 -139592.68 168446.287 204736.415 -198887.33 198383.179 -196031.32
                   186274.588 223838.736 -278170.59 250862.573 275397.964 233293.247 -303775.49 241368.623 -313499.28 295200.224
                   189.487061 195.450292 -136.91822 47.1691064 74.4658107 13.0015092 3446.64671   2119.754 92.1963746 .200349811
                   .198895039 .160572046
Times of maxima :      .03127     .03064     .03266     .03317     .03125     .03421     .03319     .03123     .03044     .03317
                       .03125     .03421     .03317     .03125     .03421     .03055     .03307     .03115     .03319     .03123
                       .03044     .03376     .03125     .03078     .03084     .03382     .03112     .03394     .03103     .03097
                       .03127     .03064     .03266        0.3        0.3        0.3        0.3        0.3        0.3        0.3
                          0.3        0.3
             Random switching times for simulation number  17  :
                                  10  2.0041033E-02   11  1.8850264E-02   12  2.0445347E-02

 .565559           35.9535711 9.21808421 13.5810344  2068.4281 3059.18164 17970.3199 458031.143 309181.701 .5440882E7 -160975.58
                   171573.319 -176553.84 -160975.62 171573.295  -176553.9 -200872.12 -180779.03  173715.68 -185274.42 183594.182
                   -196183.09 -251606.84 213835.965 -267845.79 -292696.01 -269704.42 218162.851 -280294.52 231577.348  -309713.4
                   189.614269 96.0108547 116.537695 14.3891692 14.3112557 15.6014761 127.415468 59.9505054 1890.88453  .20968008
                   .150517808 .165326669
Times of maxima :      .02063     .02342     .02366     .02437     .02279      .0212      .0243       .023     .02121     .02437
                       .02279      .0212     .02437     .02279      .0212      .0211     .02424     .02285      .0243       .023
                       .02121     .02621     .02463      .0212     .02107      .0263     .02262     .02639     .02441     .02099
                       .02063     .02342     .02366        0.3        0.3        0.3        0.3        0.3        0.3        0.3
                          0.3        0.3
             Random switching times for simulation number  18  :
                                  10  3.1263343E-02   11  3.1622010E-02   12  3.1184664E-02

 246.116           11.0237158 31.6649344 29.0350615 834015.866  2531.6699  2334.7847 .5295304E7 .1272135E7 94151.1841 186437.592
                   166071.753 -163938.39 186437.482 166071.673 -163938.45 -169348.21 198535.744 180926.645 196114.683 187774.953
                   -178448.61 234334.148 -312037.65  -257940.5 -276480.52 235065.392  -341949.2 250311.048 -365630.17 -292410.69
                   104.993884 -177.94644 -170.39678 71.3520593 14.5129089 13.4077787 1894.60087 250.921982 20.4842568 .152655196
                   .240571755 .199467933
Times of maxima :      .03305     .03309     .03191     .03235     .03764     .03606     .03255     .03774     .03586     .03235
                       .03764     .03606     .03235     .03764     .03606     .03593     .03238     .03777     .03255     .03774
                       .03586     .03457     .03244     .03764     .03777     .03447     .03246     .03433      .0326     .03783
                       .03305     .03309     .03191        0.3        0.3        0.3        0.3        0.3        0.3        0.3
                          0.3        0.3
             Random switching times for simulation number  19  :
                                  10  2.0241041E-02   11  1.9820455E-02   12  2.0564604E-02

 24.9723           34.6821702 27.7406505 9.50833482 1355.13895 357439.448 2136.73712  3064.1931 .4988347E7 291107.943 -152538.45
                   184711.466 161744.336 -152538.48 184711.339 161744.277 -179886.14  -165542.2 189528.853 -171624.18 195970.296
                    -183172.4  -262518.3 231473.893  -315491.6 -349943.24 -279740.09 241064.698 -289706.87  238631.83 -377035.92
                   186.231496 -166.55525 97.5106908 13.7614869 38.0595093 15.1137625 14.8488924 1744.24089 105.615104 .260012412
                    .20160605 .152861437
Times of maxima :      .02082     .02057     .02182     .02465     .02097     .02841     .02463     .02321     .02126     .02465
                       .02097     .02841     .02465     .02097     .02841     .02133      .0245     .02103     .02463     .02321
                       .02126     .02643       .023     .02105     .02113     .02641     .02308      .0265     .02296     .02124
                       .02082     .02057     .02182        0.3        0.3        0.3        0.3        0.3        0.3        0.3
                          0.3        0.3
             Random switching times for simulation number  20  :
                                  10  2.3529850E-02   11  2.4531995E-02   12  2.4065304E-02

 100.814           10.6055136 18.9795202 41.5295882 .2036495E7 1958.24604 1553.91444  .107676E8 2767.02186 2225.48808 -190064.75
                   -159722.44 154970.932 -190064.73 -159722.38 154970.897 149137.843 -213875.76  -159239.7 -198654.39 -168563.01
                   162733.757 -250131.44 253468.482 248951.744 261509.628 -281953.05 277644.091 -297494.77 286474.035 279377.845
                   102.983074 137.766179 203.788096 263.553725 13.5823511 13.5458244 4319.46817 14.4577846  14.437169  .16545278
                   .178750836 .208412814
Times of maxima :      .02957     .02599     .02469     .02522     .03051     .02687     .02521     .03069     .02716     .02522
                       .03051     .02687     .02522     .03051     .02687     .02888     .02508     .03068     .02521     .03069
                       .02716     .02503     .02523     .02892     .02886     .02509     .02529     .02512     .02544     .02874
                       .02957     .02599     .02469        0.3        0.3        0.3        0.3        0.3        0.3        0.3
                          0.3        0.3
             Random switching times for simulation number  21  :
                                  10  2.7430835E-02   11  2.9328539E-02   12  2.7747760E-02

 179.394           38.1103017 44.3419012 17.7963098 1532.48849 .2576106E7 .3360522E7 2026.12807 .1286522E8 .1281779E8 154711.954
                   -191649.78 193909.646 154711.945 -191649.58 193909.515 214822.822 153217.722 -213858.18 160496.474 -199611.28
                   199589.741 247048.362 -256214.79 284540.052 317548.812 -270854.84 -258458.62 290432.361 -292153.89 335940.987
                    -195.2186 210.575168 -133.40281 13.3503473 387.705366 579.865749 14.1793763 3919.11814 4480.39235 .255322521
                   .190671754 .173703561
Times of maxima :      .02806     .02993     .02918       .032     .03024     .02847      .0318     .03048     .02863       .032
                       .03024     .02847       .032     .03024     .02847     .02848     .03201     .03034      .0318     .03048
                       .02863     .03399     .03202      .0305     .03039     .02852     .03216     .03382     .03224     .03041
                       .02806     .02993     .02918        0.3        0.3        0.3        0.3        0.3        0.3        0.3
                          0.3        0.3
             Random switching times for simulation number  22  :
                                  10  2.8294174E-02   11  2.5692812E-02   12  2.6420254E-02

 160.857           47.6740054 11.4920934 18.2424075 1642.52995  2685.4583 .3057223E7 321765.269 .1166725E7 .1832152E8  156033.83
                   -167706.62 193041.795 156033.915 -167706.58 193041.687 218750.878 170682.191 -158915.17 183886.744 -187454.87
                   202059.573 245051.195 -239922.27 240363.561 259262.176 265230.803 -251418.45 275981.624 -260578.24 258765.607
                   -218.34378 107.201182 -135.06446 14.0330801 13.8201424 489.956872 73.9824449 102.809932 7031.61173 .183850099
                   .140521782 .194585125
Times of maxima :      .02887     .02767     .02802     .03261     .03038     .02929     .03233     .03066     .02931     .03261
                       .03038     .02929     .03261     .03038     .02929     .02925     .03241     .03048     .03233     .03066
                       .02931     .03463     .03237      .0293     .02918     .03455      .0324     .03462     .03256     .02928
                       .02887     .02767     .02802        0.3        0.3        0.3        0.3        0.3        0.3        0.3
                          0.3        0.3
             Random switching times for simulation number  23  :
                                  10  2.2845394E-02   11  2.2255068E-02   12  2.2837957E-02

 41.6915           5.22266841 30.4025233 22.4376156 2003.88575 .1369977E7 1802.39143 978899.866 .1315225E8 246676.467 -160243.42
                   188071.202  157920.15 -160243.54 188071.099 157920.222 162522.531 -174905.08 214560.594 -186881.86 199741.521
                   182127.481 -230613.13 269176.733  238773.87 244057.481 -234353.98 287860.781 -240227.19 317634.977 253632.215
                   72.2680317 -174.36319 149.791908 13.9854739 146.207792 13.6037229 144.240059 5579.93376 36.9912285 .140116656
                   .208157704 .168136855
Times of maxima :      .02925     .02297     .02346     .02434     .02342     .02871     .02406     .02344     .02843     .02434
                       .02342     .02871     .02434     .02342     .02871     .02858     .02418      .0233     .02406     .02344
                       .02843     .02618     .02361     .02873     .02879      .0261     .02374     .02596      .0238     .02893
                       .02925     .02297     .02346        0.3        0.3        0.3        0.3        0.3        0.3        0.3
                          0.3        0.3
             Random switching times for simulation number  24  :
                                  10  3.4029034E-02   11  3.3237961E-02   12  3.3678656E-02

 299.521           32.4999596 32.4466306 39.3649267  92779.549 1522.56771 2968.62735 .4155046E7 290566.974 78902.0839 178414.938
                   154591.922 -170649.66 178414.844 154591.784  -170649.6 -178257.89 199126.389 175345.939 195577.264 183159.748
                   -178072.54 315856.133 271065.876 -282897.79 -315464.14 340708.619 284519.394  352667.55 290204.437  -332774.6
                   180.277452 -180.12948 -198.40596 19.2254913 13.7226975 14.1076948 1550.41373 71.5832829  23.638914 .230188035
                   .239320902 .226764005
Times of maxima :      .03461     .03492     .03427     .03469     .03736     .03702      .0347     .03756     .03712     .03469
                       .03736     .03702     .03469     .03736     .03702     .03699     .03475     .03751      .0347     .03756
                       .03712     .03485      .0397     .03723     .03724     .03487     .03977     .03497     .03988     .03736
                       .03461     .03492     .03427        0.3        0.3        0.3        0.3        0.3        0.3        0.3
                          0.3        0.3
             Random switching times for simulation number  25  :
                                  10  2.3225234E-02   11  2.1166057E-02   12  2.2105228E-02

 47.8785           13.1441319 24.2676911 14.2190158 1318.79986 .1319828E7 2423.88487  118508.72 .1198309E8 116377.616 -152086.33
                   187919.511  164909.55  -152086.3 187919.424 164909.584 175454.368 -166839.16 208429.387 -179046.08 199209.961
                   178993.966 -224756.15 232249.045  223226.53 222828.912 -234647.59 225939.731 -240917.14 247227.138 228017.289
                   -114.64786 -155.78091 119.243515 13.6335225 164.082158 13.9351143 22.0239423 4462.97767 24.4381163 .154540505
                   .158498784 .152399447
Times of maxima :      .02469     .02179     .02279     .02339     .02233     .02764     .02365     .02247     .02741     .02339
                       .02233     .02764     .02339     .02233     .02764     .02755     .02348     .02229     .02365     .02247
                       .02741     .02543     .02298      .0296      .0296     .02538     .02294      .0273      .0232      .0294
                       .02469     .02179     .02279        0.3        0.3        0.3        0.3        0.3        0.3        0.3
                          0.3        0.3
             Random switching times for simulation number  26  :
                                  10  3.2053617E-02   11  3.3980262E-02   12  3.1615973E-02

 274.125           2.80883925 14.5602938 23.8178328 350428.485 1150.13343 133.664864 .5835092E7 2385.44408 552.652669 184549.904
                   149955.301 -134710.32  184549.84 149955.315 -134710.34 -132715.41 199119.506 159107.425  196368.08 164491.788
                   -141921.66 240490.496 236982.439 -220227.69  -226684.4 243447.852 254985.086 246678.934  266676.03  -226506.6
                   52.9984835 -120.66604 -154.33027  57.365826 13.0380445   12.76001 2187.84612 14.0632088 12.9828789 .126020005
                   .154290712 .174369231
Times of maxima :      .03272     .03537     .03228      .0328     .03815     .03699     .03283      .0382     .03673      .0328
                       .03815     .03699      .0328     .03815     .03699     .03681     .03275     .03807     .03283      .0382
                       .03673     .03494     .04001       .038     .03803     .03495     .04012     .03476      .0401     .03791
                       .03272     .03537     .03228        0.3        0.3        0.3        0.3        0.3        0.3        0.3
                          0.3        0.3
             Random switching times for simulation number  27  :
                                  10  2.6191259E-02   11  2.6374052E-02   12  2.7064709E-02

   163.6           27.4562968 12.7664309  19.498743 1765.10136 2108.48667 254935.561 105584.165 .1729209E7 .1211483E8 157483.804
                   -161427.15 182322.662 157483.722 -161427.14 182322.591 207285.648 167191.999 -182503.98 178729.542 -189150.68
                   199269.995 235702.718 -247940.62 250824.631 248720.708 243331.804 -260675.01 -260607.82 -273169.74 258297.762
                   -165.69942 -112.98863  -139.6379 13.5342027 14.2512242 44.2082672 22.3299057 310.598088 3458.04046  .17144479
                   .161232048  .17519611
Times of maxima :      .02684     .03189     .02861     .03286     .03125     .02739     .03308     .03124     .02743     .03286
                       .03125     .02739     .03286     .03125     .02739     .02729     .03291      .0312     .03308     .03124
                       .02743     .03493      .0313     .02943     .02951     .03504     .03118     .02771     .03113     .02923
                       .02684     .03189     .02861        0.3        0.3        0.3        0.3        0.3        0.3        0.3
                          0.3        0.3
             Random switching times for simulation number  28  :
                                  10  3.5059516E-02   11  3.4241631E-02   12  3.3648452E-02

 300.706           46.6159228 12.5225329 24.5822922 15806.3974 2071.90793 .1798973E7  .779554E7 54082.5495 .2319207E8 176499.478
                   161015.056 -189358.99 176499.484 161014.931 -189358.95 -225520.16 203594.184 171192.413 197283.016 177457.057
                    -204197.9  213644.61  246387.06 -251738.36 -279891.97 218616.247 250575.888 213579.326 256829.424 -273416.78
                   215.907209 -111.90412 -156.78741 14.6285885 13.3556673 444.821603 2445.58157 17.9230089 8658.23838 .156700807
                   .156193337 .157705713
Times of maxima :      .03565     .03752      .0343     .03482      .0378     .03619     .03482     .03815     .03616     .03482
                        .0378     .03619     .03482      .0378     .03619     .03605     .03472     .03797     .03482     .03815
                       .03616      .0359     .04012     .03609     .03605     .03598     .04007     .03615      .0399     .03599
                       .03565     .03752      .0343        0.3        0.3        0.3        0.3        0.3        0.3        0.3
                          0.3        0.3
             Random switching times for simulation number  29  :
                                  10  3.1196679E-02   11  3.1735019E-02   12  3.3266251E-02

 252.693           18.5852311 19.1005054 43.5256688 .2555976E7 2567.77484 261107.414 .1752492E8 40789.4609 .5085637E7 191591.006
                   166457.942  -182468.1 191590.908  166457.91 -182468.13 -191955.61 220522.422 165448.059 201705.692 177125.664
                   -196016.08  265177.44  226212.15 -247982.76 -254955.25 283189.793  231471.63 270784.453 238427.856 -268877.95
                   136.327661 138.204578 -208.62806   601.9087 13.7911367 33.3658456 7462.67611 18.4652177  1430.2585 .171375239
                   .169529273  .15971219
Times of maxima :       .0353      .0323     .03385      .0343     .03765     .03599     .03427     .03999     .03582      .0343
                       .03765     .03599      .0343     .03765     .03599     .03582     .03426     .03774     .03427     .03999
                       .03582     .03412     .03966     .03771      .0378     .03412      .0397     .03417     .03985     .03792
                        .0353      .0323     .03385        0.3        0.3        0.3        0.3        0.3        0.3        0.3
                          0.3        0.3
             Random switching times for simulation number  30  :
                                  10  2.3023252E-02   11  2.2867690E-02   12  2.3305169E-02

 68.3756           12.4341213 40.8915327 34.2348887 2547.10016 234478.542 2501.70518 .2346284E7 .7435097E7 275104.058 -166236.83
                   181838.593 165750.061 -166236.92 181838.579 165749.977 167914.277 -186250.76 208694.544 -190977.69 197115.424
                   182797.356 -269390.97  306277.08 263268.862 275723.095 -278736.68  332180.34  -292797.3 359323.833 291011.819
                   -111.50839 202.216549 185.026724 14.3931028 36.9153939 14.0179279 458.102184 2482.63005 66.7249467 .169167258
                   .258271297 .207527491
Times of maxima :      .02615     .02462      .0239     .02454     .02399     .02665     .02449     .02402     .02691     .02454
                       .02399     .02665     .02454     .02399     .02665     .02672     .02442     .02388     .02449     .02402
                       .02691     .02664     .02409     .02918     .02917     .02659     .02411     .02643     .02427     .02904
                       .02615     .02462      .0239        0.3        0.3        0.3        0.3        0.3        0.3        0.3
                          0.3        0.3
             Random switching times for simulation number  31  :
                                  10  2.5281931E-02   11  2.4707212E-02   12  2.4499313E-02

 108.281           21.1860177 29.1818211 41.6030674 .3777091E7 2877.08393 2244.13716  .174926E8 .4761756E7 225165.729 -195089.78
                   -169707.35 162940.275 -195089.54 -169707.38 162940.379 170512.756 -220536.46 -189315.69 -201691.31 -195863.58
                   181617.409  -252528.4 258715.912 266954.078 294630.647  -249731.3 299864.076 -267996.23 310039.584 313281.344
                   -145.55417 170.826875   203.9683 730.899489 14.4416929  13.679338 5192.20451 1017.90949 46.5170269 .164018504
                   .234225426 .188104745
Times of maxima :      .02593     .02611     .02511     .02544     .03077     .02667     .02565      .0307     .02636     .02544
                       .03077     .02667     .02544     .03077     .02667     .02653     .02551     .03064     .02565      .0307
                       .02636      .0262     .02561     .02864     .02854     .02616      .0255     .02595     .02559     .02861
                       .02593     .02611     .02511        0.3        0.3        0.3        0.3        0.3        0.3        0.3
                          0.3        0.3
             Random switching times for simulation number  32  :
                                  10  2.6367620E-02   11  2.8363274E-02   12  2.7534178E-02

 158.086           22.4663362 41.6916171 20.3317842 766.501608 109398.274  294747.92 2961.57951 .9409393E7 .7375243E7  144892.08
                   -178823.31 183257.526 144892.095 -178823.07 183257.496 202301.461 154800.535 -207505.12 170577.361 -198029.99
                   197087.567 210734.487  -279194.7 267640.666 282967.455 -213548.35  -290331.6 223474.349  -292584.7 291858.068
                   -149.88775 204.185252 -142.58957   13.22976 29.6865023  51.621303 14.0013531 4562.54921 2675.30413 .150589196
                   .201674154  .16766797
Times of maxima :        .027     .02897     .02902     .03355     .02924     .02757     .03341     .02941     .02758     .03355
                       .02924     .02757     .03355     .02924     .02757     .02748     .03357     .02939     .03341     .02941
                       .02758     .03524     .03156     .02954     .02945     .04272     .03157     .03547      .0318     .02944
                         .027     .02897     .02902        0.3        0.3        0.3        0.3        0.3        0.3        0.3
                          0.3        0.3
             Random switching times for simulation number  33  :
                                  10  2.4721641E-02   11  2.4836279E-02   12  2.5939334E-02

 104.022           14.5605302  10.016187 31.2704149 2328.51966 2226.07839  263716.56 .3770729E7 .2682174E7 .4281991E7 -163869.72
                   -162740.39 182529.613  -163869.8  -162740.3 182529.589  196023.33 -192216.88 -181443.03 -195071.62 -191958.15
                    195637.24 -266028.87 -231173.31 217784.292 211530.166 -284891.91 -242877.95 -305310.03 -247722.84 219514.883
                   120.667022 100.080902 176.834428 14.6693571 14.3591309 37.3902337 1143.72589 573.088008  1446.9217 .164104538
                   .149575521 .184366925
Times of maxima :      .02943     .02949     .02651     .02711     .02989     .02875     .02708     .03006     .02885     .02711
                       .02989     .02875     .02711     .02989     .02875     .02866     .02701     .03004     .02708     .03006
                       .02885     .02676     .03209      .0288     .02868      .0268      .0321     .02691     .03199     .02855
                       .02943     .02949     .02651        0.3        0.3        0.3        0.3        0.3        0.3        0.3
                          0.3        0.3
             Random switching times for simulation number  34  :
                                  10  2.9810939E-02   11  3.0761996E-02   12  2.8504994E-02

  212.79           16.6702289 37.9099203  19.330891 .1377343E7 975604.658 936.952565 .1008282E8 .9757201E7 1837.68081 188093.503
                   -186871.72 -147181.13 188093.357 -186871.78 -147181.12 -145997.25 205697.736 -211223.58 198340.065 -198190.25
                   -158331.38 226470.268 -282646.53 -216347.83 -225370.43 222603.481 -315351.18 239698.038 -334272.07 -231451.59
                   129.113241   194.7047 -139.03557 175.597653 93.2295106 12.9603839 3140.42109 3769.98281 13.6674943  .14898981
                   .172474107 .164317082
Times of maxima :      .03165     .03135     .03326     .03356     .03193     .03476     .03375     .03192       .035     .03356
                       .03193     .03476     .03356     .03193     .03476     .03471     .03367      .0318     .03375     .03192
                         .035     .03429     .03192     .03675     .03686     .03418     .03179     .03405     .03171     .03683
                       .03165     .03135     .03326        0.3        0.3        0.3        0.3        0.3        0.3        0.3
                          0.3        0.3
             Random switching times for simulation number  35  :
                                  10  3.8150633E-02   11  3.5525022E-02   12  3.7094322E-02

 359.953           31.2869739  13.549352 5.86228992 659.483798 710.998748 547.149854 1334.29627 1275.33737 1755.49032 -143419.98
                   144132.179  141843.71 -143419.98 144132.109 141843.676 154044.443 -147744.37 143450.196 -152279.42 151542.307
                   157370.879 -250707.57 219459.252 -246068.09 -272034.47 -268033.39   220216.6 -272216.18 226266.668 -297784.76
                   -176.88124 116.401684 -76.565592 12.6269564 12.8143702 12.6019362 13.1440331 13.2268783 13.6210561 .205468252
                   .159219392 .132976571
Times of maxima :      .03968     .04157     .04501     .04228     .03888     .04425     .04218     .03908     .04426     .04228
                       .03888     .04425     .04228     .03888     .04425     .04428     .04235     .03902     .04218     .03908
                       .04426     .04228     .04085     .03894     .03902     .04234      .0408     .04246     .04101     .03912
                       .03968     .04157     .04501        0.3        0.3        0.3        0.3        0.3        0.3        0.3
                          0.3        0.3
             Random switching times for simulation number  36  :
                                  10  3.2674874E-02   11  3.1847413E-02   12  3.2599131E-02

 264.256            24.816453 35.3364737  38.736363 202889.275 837.547816 102163.513  .874671E7  .138738E7 .1201456E8 181086.181
                   -145854.26 -178645.62 181086.232 -145854.25 -178645.58 -201467.15 202626.117 -173788.32 197723.936 -188123.68
                    -199224.3  273230.98 -247232.58 -243142.37 -253303.35 307337.329 -275793.93 322390.408 -279635.68 -264293.72
                   157.532387 -187.97998 -196.81556 33.5818979 13.0720338  19.276225 2887.90911 125.614998 3178.93777 .173228754
                   .204685121 .181142962
Times of maxima :      .03528     .03367     .03318     .03377     .03303     .03581     .03371     .03297     .03575     .03377
                       .03303     .03581     .03377     .03303     .03581     .03566     .03368     .03294     .03371     .03297
                       .03575     .03382     .03335     .03829     .03824     .03369     .03342     .03368     .03331     .03809
                       .03528     .03367     .03318        0.3        0.3        0.3        0.3        0.3        0.3        0.3
                          0.3        0.3
             Random switching times for simulation number  37  :
                                  10  2.4977774E-02   11  2.5678531E-02   12  2.5917551E-02

 136.408           12.3733799 21.0995425 29.3318092  2081.9957 3075.42282 3303.15151 988543.185  .429137E7 .1714853E7 161128.775
                   -171738.09 174022.329 161128.791  -171738.1 174022.307 183579.905 -178954.29 -191359.93 186911.366 -195641.67
                   189107.767 -278466.49 -255528.78  212199.41 210747.312 -294415.59 -272970.39 -311790.69   -282378. 214850.193
                   111.235695 145.256816 171.265318 14.9252597 14.5793704 14.4864323  246.40618 1295.60407 332.820046 .159752763
                   .173195718 .213643593
Times of maxima :      .02943     .02948     .02648     .03409     .03008     .02875     .03405     .02999     .02899     .03409
                       .03008     .02875     .03409     .03008     .02875     .02884     .02697     .03001     .03405     .02999
                       .02899     .02675     .03203     .02987     .02998     .02677     .03205     .02692     .03193     .02802
                       .02943     .02948     .02648        0.3        0.3        0.3        0.3        0.3        0.3        0.3
                          0.3        0.3
             Random switching times for simulation number  38  :
                                  10  2.3336134E-02   11  2.2570935E-02   12  2.3410445E-02

 63.4671           11.3988365  23.825997 29.6507628 507860.864 141484.203 1658.56651 .8085878E7 .1149715E8 526513.886 -185429.35
                   179606.157 156224.922 -185429.39 179606.088 156224.936 175313.615 -196684.38  206960.65 -197417.81 198988.213
                   185487.336 -242078.75 264965.167 232715.911 241647.457 -252939.88 270492.316 -262553.38 277945.481 244491.372
                   -106.76533 -154.35672 172.193968 62.3255234 22.5834318 14.4918919 2270.70758 3356.01418 97.6277142 .158028935
                   .187124227 .170819325
Times of maxima :      .02601     .02318     .02403     .02467     .02374     .02889     .02455     .02378     .02664     .02467
                       .02374     .02889     .02467     .02374     .02889      .0265     .02454     .02364     .02455     .02378
                       .02664     .02658     .02429     .02901     .02906     .02664     .02427      .0265     .02406     .02918
                       .02601     .02318     .02403        0.3        0.3        0.3        0.3        0.3        0.3        0.3
                          0.3        0.3
             Random switching times for simulation number  39  :
                                  10  3.4131399E-02   11  3.3591135E-02   12  3.4677815E-02

 308.188           30.5799984 6.66641678 25.6310614 1192.31947 2058.58357 655450.347 3443.84683 2988.89114 .6207767E7 -150493.38
                    160864.31 -185886.94  -150493.4 160864.327  -185886.9 -201460.07 -167184.06 168464.796 -175409.52  170857.01
                   -196542.65 293656.082 239891.392 -248837.08 -265479.17 319807.895 249315.064 340489.601 254739.681 -269921.37
                   174.871377 81.6481278 -160.09704 13.5029249 13.3693624 69.8767095 17.0310931  14.682075 3628.73325 .208350008
                   .138999972 .198903224
Times of maxima :      .03483     .03963     .03525     .04285     .03905     .03536     .04066     .03898     .03756     .04285
                       .03905     .03536     .04285     .03905     .03536     .03522     .04289     .03898     .04066     .03898
                       .03756     .03546     .04091     .03753     .03742     .03552     .04085     .03564     .04072     .03731
                       .03483     .03963     .03525        0.3        0.3        0.3        0.3        0.3        0.3        0.3
                          0.3        0.3
             Random switching times for simulation number  40  :
                                  10  3.1081538E-02   11  3.1163042E-02   12  3.1523325E-02

 254.142           19.7183437 41.6431865 34.4833457 2872.84279 249812.984 1844.65186 894418.709   .59784E7 187036.752 169663.628
                   -182201.63  -158412.5  169663.52 -182201.62 -158412.39 -167000.26 189102.103 -199080.09    186623. -196435.25
                   -180706.38 276152.896 -313876.24  -265117.9  -286283.6 292957.693 -346189.27 300510.119 -365597.43 -301491.58
                    140.42202 -204.06662 -185.69692 14.1404514 38.2338725 13.4361736 151.109208 1642.59151 34.0428396 .181634087
                     .2736447  .22336911
Times of maxima :      .03251     .03287     .03211      .0325     .03225     .03488     .03279     .03213     .03513      .0325
                       .03225     .03488      .0325     .03225     .03488     .03499     .03263     .03218     .03279     .03213
                       .03513     .03486     .03233     .03741     .03729     .03479     .03238     .03466     .03249      .0373
                       .03251     .03287     .03211        0.3        0.3        0.3        0.3        0.3        0.3        0.3
                          0.3        0.3
             Random switching times for simulation number  41  :
                                  10  2.4603675E-02   11  2.6940135E-02   12  2.5510551E-02

 127.063           20.7513258 10.7562533 31.4524516 3026.97224 2024.08313 .1306676E7 .3802675E7 2279.24534 .4674034E7 -171245.62
                   -160473.28 187879.633 -171245.68 -160473.25 187879.606 199657.124 -196617.04 -164162.77 -195161.58 -163328.16
                   195822.232 -282949.13 -236531.15 248642.711 272875.055 -304904.53 -253273.77 -322332.26 -258330.16  274546.98
                    -144.0532 -103.71236  177.34839 14.6419304 13.6602007 154.740374 1093.29433 15.4046242 1750.61211 .193699103
                   .154605935 .189143436
Times of maxima :      .02776     .03274      .0261     .02669     .02997     .02831     .02668     .03024     .02842     .02669
                       .02997     .02831     .02669     .02997     .02831     .02826     .02659     .03005     .02668     .03024
                       .02842     .02637     .03186     .02824     .02826     .02638     .03195      .0265     .03194      .0282
                       .02776     .03274      .0261        0.3        0.3        0.3        0.3        0.3        0.3        0.3
                          0.3        0.3
             Random switching times for simulation number  42  :
                                  10  3.5690308E-02   11  3.4606782E-02   12  3.5257014E-02

 319.985           42.7142492 16.7452591 35.9929556 262.606851 173802.074 3302.92354 1782.25522 .3500282E7 .4971353E7 -137694.13
                   180388.083 -174020.13 -137694.18 180388.055 -174020.04 -198039.21  146433.69  191755.21 -157684.78 194306.933
                    -195962.3 277080.365 239315.011  -294301.3 -325879.98 304921.445 247030.959 315397.843 256886.564 -336910.52
                   206.674259 -129.40347 189.718095 12.6982078 26.2696307 14.8881036 13.6609089 1134.02079 1451.86423 .235214351
                   .175971769 .202025185
Times of maxima :      .03627     .03834     .03703     .03983     .03892     .03666     .03969     .03893     .03683     .03983
                       .03892     .03666     .03983     .03892     .03666     .03675     .03628     .03881     .03969     .03893
                       .03683      .0365     .03934     .03687     .03674     .03655     .03936     .03667     .03953     .03675
                       .03627     .03834     .03703        0.3        0.3        0.3        0.3        0.3        0.3        0.3
                          0.3        0.3
             Random switching times for simulation number  43  :
                                  10  3.0213010E-02   11  3.0921052E-02   12  2.8677671E-02

 211.279           18.9932556 38.8026965  15.927144 3036.16052 189056.677 1050.02206 .6621035E7 .6674801E7 3064.56432 171339.415
                   -180754.79 -148664.26 171339.242 -180754.87 -148664.24  -163489.7 195224.038 -201947.82 196735.884   -196761.
                   -171627.94 232284.563 -286195.62 -236647.86 -252655.57 237147.904 -317857.37  241878.32 -329427.28   -268100.
                   137.816021 196.984001 126.202789 14.3735896 25.4582298 13.0990349 1573.93596 2461.83765 14.5467205 .160415881
                   .198490495 .167757707
Times of maxima :        .032     .03149     .03461     .03373     .03208     .03489       .034     .03204     .03504     .03373
                       .03208     .03489     .03373     .03208     .03489      .0349     .03388     .03197       .034     .03204
                       .03504     .03447     .03208      .0372     .03706     .03444     .03195     .03425     .03192     .03698
                         .032     .03149     .03461        0.3        0.3        0.3        0.3        0.3        0.3        0.3
                          0.3        0.3
             Random switching times for simulation number  44  :
                                  10  2.9456979E-02   11  2.8680241E-02   12  2.7673548E-02

 193.261           31.7525119   26.76844 24.8189817 172664.737  2431.2813 938.849805   .61251E7 .3228131E7 2783.86389  180360.72
                   -164989.79 -147206.25 180360.648 -164989.77 -147206.23  -155271.7 199170.013 -186194.94 196503.955 -193531.62
                   168738.958 271820.231 -272748.87 253633.621 274214.899 295604.712 -299944.71 303497.283 -313518.12 278590.341
                   178.192345 163.610635 -157.54041 30.4855575 14.5655465 13.1041135 1684.46739 560.162226 15.4202351 .212127357
                   .176776418 .230990906
Times of maxima :      .03099     .02926     .02926     .03363     .02987     .03553     .03375     .02983     .03049     .03363
                       .02987     .03553     .03363     .02987     .03553     .03548     .03363     .02976     .03375     .02983
                       .03049      .0336     .03189     .03025     .03025     .03364     .03182     .03375     .03175     .03013
                       .03099     .02926     .02926        0.3        0.3        0.3        0.3        0.3        0.3        0.3
                          0.3        0.3
             Random switching times for simulation number  45  :
                                  10  2.5343560E-02   11  2.4004112E-02   12  2.4262215E-02

 103.507           21.0176703 68.3900149 34.6834813 147843.637 2114.82157  678.43573 .3181732E7 .1194868E8 2460.70587 -179760.38
                   -161498.41 143682.613 -179760.49 -161498.35 143682.735 151770.251 -198198.33 -198131.53 -193398.84 -199194.28
                   165308.113 -232804.99 296232.744 283154.974 318624.806 -224107.98 333992.481 -243262.73 359750.888 327151.091
                   -144.97472 261.514846 186.235016 21.9542985 14.7053184 13.2637829 739.526446 2964.21251 14.1888355 .169199237
                   .311529743 .184826924
Times of maxima :      .02597     .02783     .02483     .02545     .03037     .02706     .02544     .02836     .02679     .02545
                       .03037     .02706     .02545     .03037     .02706      .0267      .0253     .02831     .02544     .02836
                       .02679     .02661     .02517      .0282     .02831     .02671     .02512     .02685      .0252     .02842
                       .02597     .02783     .02483        0.3        0.3        0.3        0.3        0.3        0.3        0.3
                          0.3        0.3
             Random switching times for simulation number  46  :
                                  10  3.2604824E-02   11  3.4718226E-02   12  3.2721120E-02

 302.703           16.8376679 2.35055661 39.1174146 234661.835 119.233208 2777.61272 .9295442E7 126.840908 .3417247E7 181842.905
                    127230.41 -168673.86 181842.927  127230.41 -168673.69 -177251.03 208016.621  126541.67  197977.43 131226.632
                     -194071. 275374.758 218011.219 -225724.72 -236112.27 312585.993 225381.462 330204.903 226864.726 -240954.65
                    129.76004 48.4825392 -197.78123 56.4052472 12.7339029 13.7296856 3302.42268 12.8814504 571.407285 .177675809
                   .123301567 .185176707
Times of maxima :       .0333     .04294     .03331     .03386     .03924     .03553     .03373     .03958     .03581     .03386
                       .03924     .03553     .03386     .03924     .03553     .03574     .03375     .03945     .03373     .03958
                       .03581     .03388     .04089     .03795     .03794     .03375     .04084     .03377     .04093     .03782
                        .0333     .04294     .03331        0.3        0.3        0.3        0.3        0.3        0.3        0.3
                          0.3        0.3
             Random switching times for simulation number  47  :
                                  10  3.1587423E-02   11  3.2276067E-02   12  3.1190349E-02

 251.131           15.0358359 19.0480141 18.2051303 2824.80367 1613.68957 3293.28114 .3906614E7 2933.41808 .6325185E7 169165.456
                    155689.38 -173924.42 169165.392 155689.346 -173924.31 -197142.28 188628.515 157483.066 195453.706 170288.219
                   -196597.59 228376.983  -238472.2 -237784.53 -247290.59 236351.526 -239346.14 242599.865 -253848.83 -261355.37
                   122.620699 -138.01454 -134.92639 14.5648774 13.2467309 14.3699289 843.914757 15.8175678 1946.29378  .15993711
                   .167764312 .155389221
Times of maxima :      .03586     .03402     .03186     .03244     .03817     .03625     .03264     .04044     .03642     .03244
                       .03817     .03625     .03244     .03817     .03625     .03634      .0325     .03811     .03264     .04044
                       .03642     .03462     .03303     .03625     .03636     .03454     .03307     .03439     .03323     .03648
                       .03586     .03402     .03186        0.3        0.3        0.3        0.3        0.3        0.3        0.3
                          0.3        0.3
             Random switching times for simulation number  48  :
                                  10  3.3168852E-02   11  3.3265389E-02   12  3.4713526E-02

 310.162           11.1012688 10.2326482 28.6059402 1708.44285 2671.57342 1766.34125 .3756507E7 .3854392E7 137725.156 156816.358
                    167560.12 -157498.23 156816.453  167560.06 -157498.27 -173275.78  189237.77 190152.809 195031.551 195307.034
                    -179514.7 242232.201  229854.87 -208197.87 -210953.47 256798.852 240933.535 271906.603 248327.376 -212160.56
                   -105.36256 -101.15655 169.132907 13.6679074 14.1937062 13.3610824 898.003943 983.410712 26.7237419 .151099632
                   .147972335  .18621322
Times of maxima :      .03818     .03822     .03641     .03588     .03867     .03751     .03571     .03878     .03724     .03588
                       .03867     .03751     .03588     .03867     .03751     .03739     .03576     .03868     .03571     .03878
                       .03724     .03557     .04082     .03706     .03717     .03559     .04087     .03573     .04095     .03698
                       .03818     .03822     .03641        0.3        0.3        0.3        0.3        0.3        0.3        0.3
                          0.3        0.3
             Random switching times for simulation number  49  :
                                  10  3.1712092E-02   11  3.3059406E-02   12  3.2697032E-02

  262.43           10.4510316 22.1232198 45.7252517 .1706612E7 1440.04388   2169.867 .9810584E7 1891.82374 3104.09567 189083.244
                   153585.835 -162114.88 189083.126 153585.807 -162114.84 -152710.49 211511.813 154032.368  198214.83 158958.647
                   -172028.43 265703.968  -255895.2  -243460.9 -253854.54 299798.336 -283281.54 316144.658 -288748.97 -274175.66
                   102.230287 -148.73876 -213.83464 333.176264 13.1068068 13.0932939 3902.13983 13.8692188 13.7936088 .157596953
                   .176968553 .220655822
Times of maxima :      .03306     .03446      .0333     .03372      .0391     .03548     .03391     .03929     .03575     .03372
                        .0391     .03548     .03372      .0391     .03548     .03557     .03371     .03924     .03391     .03929
                       .03575     .03361     .03384     .03751      .0374     .03372     .03382     .03372     .03378     .03729
                       .03306     .03446      .0333        0.3        0.3        0.3        0.3        0.3        0.3        0.3
                          0.3        0.3
             Random switching times for simulation number  50  :
                                  10  2.4049330E-02   11  2.4600714E-02   12  2.4472302E-02

 105.177           7.73115781 32.1057967 50.4040153 .1295464E7 745.599145 577.513418  .114383E8 1809.98768 1748.75503 -187845.87
                   -144606.75 142273.054 -187845.65 -144606.75 142272.995  140702.42 -211205.02 -151219.48 -198961.33 -158008.88
                   157291.716 -272571.19 271413.789 227388.376 235802.422 -307886.41 312427.661 -324178.08 335184.613 242681.911
                   -87.927003 179.180905 224.508386 209.195928 13.4107899 13.2373875 3400.38141 14.0216118 13.7091017 .142298218
                   .200251761 .257895993
Times of maxima :      .02489     .02607     .02506     .02536     .03074     .02727     .02554     .03064     .02753     .02536
                       .03074     .02727     .02536     .03074     .02727      .0275     .02549     .03081     .02554     .03064
                       .02753     .02541     .02541     .02876     .02873     .02549     .02547     .02547     .02553     .02884
                       .02489     .02607     .02506        0.3        0.3        0.3        0.3        0.3        0.3        0.3
                          0.3        0.3
             Random switching times for simulation number  51  :
                                  10  3.3787083E-02   11  3.2665723E-02   12  3.3638396E-02

 296.544           31.7714294 26.7544096 40.6100465  323345.33 182.197053 3005.13189 .1319388E8 1700.60922 .1119046E8 183923.622
                   136476.837 -171023.18 183923.417 136476.783 -171022.95 -198252.71 216783.465 149467.392 199760.398 156723.806
                   -198848.02    311599. 228105.051 -263880.17 -292338.26 354957.393 232754.377 376562.662 237926.367  -308629.8
                   178.245419 -163.56775 -201.51935 75.7207227 12.8397404 14.2960824 3958.76868 13.4717663 2716.38747 .226274111
                   .175632951 .180250252
Times of maxima :      .03434     .03446     .03424     .03454     .03717     .03655     .03481     .03741     .03674     .03454
                       .03717     .03655     .03454     .03717     .03655     .03671     .03466     .03729     .03481     .03741
                       .03674     .03462      .0396     .03716     .03703     .03468      .0396     .03473     .03941      .0369
                       .03434     .03446     .03424        0.3        0.3        0.3        0.3        0.3        0.3        0.3
                          0.3        0.3
             Random switching times for simulation number  52  :
                                  10  2.5363496E-02   11  2.7447008E-02   12  2.5419274E-02

 122.415           33.8339215  12.062176 43.6496258 3024.15462 122.651488 63002.5075 .9620662E7 650.601047 .8604432E7 -171217.11
                    129041.28  177678.98 -171216.97 129041.298 177678.742 194809.342 -199105.99 -132845.26 -198127.37 -143296.52
                   197658.105 -315452.21 -210337.04 275401.297 298548.252 -366067.09 -213716.09 -387508.12 -221145.33 315254.916
                   -183.93999 109.827938 208.924929 14.4496129 13.1390597 17.4072004 2129.41708 13.3600893 1834.18015 .261807622
                   .143492208 .203410966
Times of maxima :      .02598     .02807     .02599     .02633     .03821     .02821     .02643     .02886     .02848     .02633
                       .03821     .02821     .02633     .03821     .02821     .02836     .02643     .02869     .02643     .02886
                       .02848      .0263     .03173     .02862     .02851     .02644     .03163     .02642     .03148     .02845
                       .02598     .02807     .02599        0.3        0.3        0.3        0.3        0.3        0.3        0.3
                          0.3        0.3
             Random switching times for simulation number  53  :
                                  10  3.4926085E-02   11  3.4541933E-02   12  3.4970031E-02

 311.624           49.5658214 2.74878121 41.8237908 1108.10616 481.811468 195924.986 189569.116  1455.0551 .1187191E8 -149415.72
                    140911.36 -180919.73 -149415.77 140911.402 -180919.55 -207797.47 -159055.21 135577.398 180767.162 153769.662
                   -199159.27 309201.529 237732.693 -250899.63 -265096.78 350434.725  248221.52 379926.432 251180.266 -276853.42
                   222.633828  -52.42882 204.508657 12.9816313 12.7812558 49.7993717 29.2043462 13.0931161 3433.75164 .243901718
                   .127689842 .236289044
Times of maxima :      .03552     .03551     .03648     .04119     .03896     .03584     .03596     .03872     .03596     .04119
                       .03896     .03584     .04119     .03896     .03584     .03591     .04103     .03859     .03596     .03872
                       .03596     .03583     .04097     .03804     .03801     .03585     .04101     .03596     .04115     .03815
                       .03552     .03551     .03648        0.3        0.3        0.3        0.3        0.3        0.3        0.3
                          0.3        0.3
             Random switching times for simulation number  54  :
                                  10  2.6693231E-02   11  2.6681543E-02   12  2.7187525E-02

 146.079           41.2795217  8.6675548 21.1303528 1652.03316 891.368782 .2020328E7 2424.22804 1608.46199  .113079E8 156147.198
                   -146575.43 190016.886 156147.163  -146575.4 190016.852 213979.619 162814.813  -149065.5 164913.305 -155626.75
                   198901.723 -257950.54 -246606.97 243585.616 271096.319 -280521.91 -256076.87  -289907.2 -262399.15 280662.406
                   -203.17362 93.0997035 -145.36283 13.4549393 13.3443698 224.734153 14.5891988 13.7487286 4683.06878 .210038078
                    .14335284 .188542542
Times of maxima :      .02733      .0272      .0287     .03319     .03145     .02786     .03322     .03169     .02784     .03319
                       .03145     .02786     .03319     .03145     .02786     .02772     .03327     .03147     .03322     .03169
                       .02784     .02794     .03134     .02786     .02772     .02794     .03136     .02809     .03152     .02775
                       .02733      .0272      .0287        0.3        0.3        0.3        0.3        0.3        0.3        0.3
                          0.3        0.3
             Random switching times for simulation number  55  :
                                  10  3.2496850E-02   11  3.2534927E-02   12  3.4649519E-02

 301.785           6.49755279 15.9054792 44.3275992  2056.6339 2136.54987  166.49656 .6968444E7 .2819717E7 1108.66083 160842.376
                    161742.25 -136236.64  160842.27 161742.178 -136236.59 -136794.95 192844.072 180695.189 196898.032 192356.876
                   -149422.92 254605.752 263674.088  -229980.7 -239167.14 276503.249 287870.214 302554.039 295688.864 -247145.64
                   80.6073991 126.116927 210.541205 13.5451262 13.8788957 12.7795512  1455.4983 487.486569  13.109854 .135425131
                   .198767166 .237569522
Times of maxima :      .03376     .04131     .03622     .03556     .03856       .036     .03562     .03865     .03633     .03556
                       .03856       .036     .03556     .03856       .036     .03652     .03564     .03851     .03562     .03865
                       .03633     .03554      .0409      .0365      .0366     .03568      .0408     .03572     .04083     .03672
                       .03376     .04131     .03622        0.3        0.3        0.3        0.3        0.3        0.3        0.3
                          0.3        0.3
             Random switching times for simulation number  56  :
                                  10  3.0753049E-02   11  3.0684101E-02   12  3.2328623E-02

 235.541           27.6126085 36.9434929 41.8582719 .3743775E7 3337.25037 226721.162  .133922E8   .77467E7 .2776116E7 194995.668
                   -174360.32 -181654.36 194995.665 -174360.15 -181654.38  -182508.1 217880.117   -204831. 199850.278 -197260.32
                   -192230.65 257481.872  -251632.6 -258816.88 -284406.94 272715.216 -280816.76 274692.979 -290698.89  -301522.1
                    166.17042 192.206901 -204.59294 768.100998 15.3393446 32.6675072 4940.96881  2436.6648 490.252945 .214515101
                   .222616628 .176662088
Times of maxima :      .03219     .03128     .03291     .03346     .03159     .03506     .03351     .03169      .0349     .03346
                       .03159     .03506     .03346     .03159     .03506     .03514     .03333     .03169     .03351     .03169
                        .0349     .03518     .03353     .03683     .03699     .03317     .03342     .03495     .03341     .03692
                       .03219     .03128     .03291        0.3        0.3        0.3        0.3        0.3        0.3        0.3
                          0.3        0.3
             Random switching times for simulation number  57  :
                                  10  2.3725394E-02   11  2.2927459E-02   12  2.3538813E-02

 96.8954           11.7799905 37.7288855 32.4442071  2638.7286 3455.56789 2543.00673 .6921377E7 .6467502E7 180097.956 -167212.54
                   175524.326 166193.137 -167212.62 175524.291 166193.112 176867.098  -187676.8 202075.245 -196876.08  196664.14
                   180539.621 -251226.21 276301.985 252884.852 259932.089 -261287.76 302396.913 -273502.01 324384.522 271280.003
                   -108.53566 194.239248 180.122756 14.7026074 14.5578293 14.3089173 1410.58971 2318.95826 50.2901553 .159079228
                   .226310673 .190717174
Times of maxima :      .02629      .0248     .02412      .0248     .02412     .02686     .02472     .02393     .02912      .0248
                       .02412     .02686      .0248     .02412     .02686     .02685     .02466     .02401     .02472     .02393
                       .02912     .02684     .02429     .02939     .02932     .02679     .02441     .02662     .02441     .02917
                       .02629      .0248     .02412        0.3        0.3        0.3        0.3        0.3        0.3        0.3
                          0.3        0.3
             Random switching times for simulation number  58  :
                                  10  3.3403718E-02   11  3.4275681E-02   12  3.2963796E-02

 274.967           16.2437459 6.63674856 36.4309349 .4017456E7 519.867513  132.90466 .1457092E8 1746.88816 1178.83466 195512.307
                   141455.764  -134326.7 195512.219 141455.817 -134326.72 -137989.68 218868.253 144703.195 200382.861 157269.761
                   -150321.78 274782.835 216250.997 -220046.29 -232351.89 289197.983 214370.313 313179.962 224047.342 -242017.79
                   127.450955 -81.466242 -190.86889 546.224686 12.8062831 12.7867437 5943.73513 13.3556973 13.3437372 .164169186
                   .128927311 .179969149
Times of maxima :      .03401     .03593     .03364     .03412     .03943     .03641     .03414     .03911     .03468     .03412
                       .03943     .03641     .03412     .03943     .03641     .03454     .03398     .03926     .03414     .03911
                       .03468     .03421     .03961     .03672     .03659      .0342     .03952     .03446     .03937     .03648
                       .03401     .03593     .03364        0.3        0.3        0.3        0.3        0.3        0.3        0.3
                          0.3        0.3
             Random switching times for simulation number  59  :
                                  10  2.5004917E-02   11  2.3471765E-02   12  2.4625759E-02

 97.2891           21.4856609 23.7143193 41.1132161 .6778227E7 854.324002 1679.47469 .2047549E8 3435.92173  310414.32 -196809.41
                    146079.69 156473.301 -196809.28 146079.737 156473.375 165941.111 -225823.66 171153.819 -203010.55 175331.856
                   183622.879 -272275.74  -213198.8 255467.911 271714.788 -285306.29 -219367.41 -298904.21 -223710.56 278717.436
                   146.579879 153.994543 202.763942 1245.36624 13.4674536  13.645842 9002.78681 15.1796524 37.9482115 .186207995
                   .186498968 .158479642
Times of maxima :      .03067     .02544     .02525     .02574     .02467     .02807     .02586     .02464     .02776     .02574
                       .02467     .02807     .02574     .02467     .02807     .02794     .02564     .02456     .02586     .02464
                       .02776      .0258     .03228     .02806     .02815     .02582     .03213     .02611     .03217     .02826
                       .03067     .02544     .02525        0.3        0.3        0.3        0.3        0.3        0.3        0.3
                          0.3        0.3
             Random switching times for simulation number  60  :
                                  10  3.2783475E-02   11  3.2241587E-02   12  3.3768484E-02

 284.232           12.8224714 16.8928242 41.1090177  945548.82 2706.61419 289372.708 .1595107E8 93918.2624 .3498619E7  186779.84
                   167929.423  -183131.8 186779.754 167929.416 -183131.81 -185469.05  215869.23 165418.868 201002.997 178442.874
                   -194302.21 279316.553 234910.366 -229070.55 -237287.47 297720.787 242339.665 287109.419 243519.601  -252509.5
                   113.236352  -129.9724 -202.75359 160.458117 13.6594943  37.942159 5785.60712 22.2712637 827.750379 .163362824
                   .159977324 .171665437
Times of maxima :      .03587     .03377     .03435     .03477     .03814     .03649     .03478     .03792     .03626     .03477
                       .03814     .03649     .03477     .03814     .03649     .03639     .03476     .03816     .03478     .03792
                       .03626     .03462     .04011     .03821     .03831     .03463     .04016     .03481     .04031     .03641
                       .03587     .03377     .03435        0.3        0.3        0.3        0.3        0.3        0.3        0.3
                          0.3        0.3
             Random switching times for simulation number  61  :
                                  10  2.2731377E-02   11  2.1767216E-02   12  2.1089400E-02

  45.793           6.06502884 37.0782789 20.3696829  107413.71 510752.391 440.213946 .3591312E7 .7448442E7 2020.11838 -178774.54
                   185438.366 140311.792 -178774.42 185438.375 140311.712 151080.572 -191985.23 206333.771 -194564.95 197121.634
                   160428.201 -248916.19 277153.914 209198.807 215706.382 -261985.33 308862.755 -267066.93 323698.184 224195.974
                    77.878295 -192.55721 142.722398 21.0515485 64.4573669 13.2107066 979.102129   2970.211 13.9426062 .145163473
                   .171535859 .193431681
Times of maxima :      .02914     .02235     .02421     .02455     .02291     .02829     .02474     .02292     .02858     .02455
                       .02291     .02829     .02455     .02291     .02829     .02847     .02469      .0228     .02474     .02292
                       .02858     .02678     .02291     .02861     .02843     .02669     .02279     .02659     .02273     .02839
                       .02914     .02235     .02421        0.3        0.3        0.3        0.3        0.3        0.3        0.3
                          0.3        0.3
             Random switching times for simulation number  62  :
                                  10  2.3811839E-02   11  2.5682313E-02   12  2.7281351E-02

 136.314           7.98728205 9.35549349 24.7285652  501.22762 825.013083 128.066441 1625.41248 2798.35204 315.342003 141189.653
                    -145685.4 131859.036  141189.66 -145685.35 131859.062 133696.982 149750.147 -160245.48 155829.566 -168890.07
                   138481.359 227975.922 -251063.16  221708.23 223753.185 238869.513 -269541.33 249019.829 -273109.18 228029.104
                   89.3715953   -96.7238 -157.25319  13.117407 13.4048174 13.1691076 13.7727946 14.4535782 13.3589504 .141383883
                   .151906781 .184595402
Times of maxima :      .03072     .03192      .0288     .03335     .03125     .02801     .03326     .03133     .02765     .03335
                       .03125     .02801     .03335     .03125     .02801     .02783     .03336     .03136     .03326     .03133
                       .02765     .03544     .03142     .02963      .0295     .03533      .0314     .03533     .03148      .0294
                       .03072     .03192      .0288        0.3        0.3        0.3        0.3        0.3        0.3        0.3
                          0.3        0.3
             Random switching times for simulation number  63  :
                                  10  2.5196922E-02   11  2.3757993E-02   12  2.6233786E-02

 119.397           11.2553352 58.3057263 37.6006512 2103.37022 3081.76935 398.936354 251492.709 .4270057E7 663.019597  161369.52
                   -171802.51 139711.749 161369.593 -171802.43 139711.757 131277.964 181168.021 -195338.02 182241.307  -195631.6
                   143469.071  -262022.1  -283142.7 256449.662 277919.542 -276721.24 -314640.07 -304064.49 -317248.44 284724.945
                   -106.09116 241.465787 -193.90887 14.2123489 14.9479266 13.1532287 83.2401628 1942.56235 13.3646068 .133695478
                   .293136342 .252338919
Times of maxima :      .02578     .02768     .02772     .03244     .03025     .02693     .03243     .03038     .02661     .03244
                       .03025     .02693     .03244     .03025     .02693     .02678     .03232     .03027     .03243     .03038
                       .02661     .02703     .03236     .02828     .02817     .02709     .03233     .02723     .03223     .02829
                       .02578     .02768     .02772        0.3        0.3        0.3        0.3        0.3        0.3        0.3
                          0.3        0.3
             Random switching times for simulation number  64  :
                                  10  2.3792807E-02   11  2.3002585E-02   12  2.3519935E-02

 75.2672           9.84670048 44.6352288 33.0750125 2870.23612 344039.625 2230.50911 .3850187E7 .4939321E7 146696.759 -169636.47
                   184402.452 162789.479 -169636.55 184402.435 162789.431 170802.979 -189681.51 203557.109 -195295.22 195947.216
                   179732.663 -251403.91 292274.054   258561.3 267224.027  -262754.7 321692.967 -274633.87 352307.101 278596.474
                    99.230542 211.270511 181.865369 14.5502796 45.6940518 13.9660343 804.036376 1997.74377  33.427175 .154964848
                   .249935355   .2003213
Times of maxima :      .02963     .02484     .02411     .02475     .02419     .02686     .02474     .02401     .02914     .02475
                       .02419     .02686     .02475     .02419     .02686      .0269     .02461     .02405     .02474     .02401
                       .02914     .02683     .02428     .02941     .02939     .02676     .02434     .02661     .02446     .02923
                       .02963     .02484     .02411        0.3        0.3        0.3        0.3        0.3        0.3        0.3
                          0.3        0.3
             Random switching times for simulation number  65  :
                                  10  3.0685464E-02   11  2.9140352E-02   12  3.0977774E-02

 230.063           10.6572995 22.3047493 31.6827786 178763.879 404896.538 622.652953 .9940801E7  .684262E7 1713.42867 180507.692
                   -185108.91 -142906.77 180507.525 -185108.88 -142906.76 -146096.49 206673.788 -202128.08 198274.752 -196839.34
                   -156875.37  237674.47 -257106.95 -218317.81 -225877.19 238118.575 -281677.16 253297.282 -292804.12 -227181.61
                   103.234197 149.347746 -177.99657 31.1906207 59.5641708 12.9074488 3624.36314 2526.17234 13.4773551 .139919428
                   .163694553 .170764686
Times of maxima :      .03214     .02978     .03162     .03198     .03034      .0363     .03215     .03037     .03608     .03198
                       .03034      .0363     .03198     .03034      .0363     .03614     .03205     .03025     .03215     .03037
                       .03608      .0343     .03214     .03705     .03715     .03446     .03202     .03454     .03212     .03704
                       .03214     .02978     .03162        0.3        0.3        0.3        0.3        0.3        0.3        0.3
                          0.3        0.3
             Random switching times for simulation number  66  :
                                  10  2.9025430E-02   11  3.1419016E-02   12  3.2094249E-02

  246.14           51.3639329 36.4101425 44.1931038 236852.468 2264.60897 791336.557 .1324267E8 .1425655E7 .7343851E7 181894.844
                   -163166.81 -186306.25 181894.874 -163166.69 -186306.18 -199096.77 202973.828   -190840. 199782.517 -188239.22
                   -197072.95 287133.505 -266050.98 -274226.11 -303212.19 314957.284 -280667.36 337752.817 -287233.64 -323514.74
                   226.636124 -190.81442 -210.22156 30.4006966 13.8281562 78.3610041  3828.2618 286.359422 2917.80383  .29438252
                   .235605179   .1774683
Times of maxima :      .03282     .03312     .03267     .03325     .03235     .03538     .03315     .03246     .03525     .03325
                       .03235     .03538     .03325     .03235     .03538     .03529     .03311     .03245     .03315     .03246
                       .03525     .03327     .03281     .03778     .03764     .03323     .03284     .03331     .03286      .0376
                       .03282     .03312     .03267        0.3        0.3        0.3        0.3        0.3        0.3        0.3
                          0.3        0.3
             Random switching times for simulation number  67  :
                                  10  2.9559882E-02   11  3.1506254E-02   12  3.1499748E-02

 215.989           21.0349816 50.3940247 33.0436036 3517.63926 443901.791 117.479482 .1487784E7 .1342049E8 870.522217  176129.92
                    -185230.6 -126291.29 176130.059 -185230.43 -126291.27 141276.697 175277.436 -206969.06  188426.47 -199863.09
                   146296.851 245239.967 -319957.87 -254968.15 -276722.96 252016.462 -362054.01 254549.008 -388132.18 -290296.74
                   145.034415 224.486135   -181.779 13.7664679 65.5273627  12.882072 190.551958 3406.11961 13.3621379 .174570312
                   .281743315 .209899883
Times of maxima :      .03134     .03207     .03208     .03278     .03237     .03588     .03253     .03249     .03071     .03278
                       .03237     .03588     .03278     .03237     .03588     .03064     .03267      .0324     .03253     .03249
                       .03071     .03433     .03236     .03782     .03789     .03441      .0325     .03455     .03252     .03782
                       .03134     .03207     .03208        0.3        0.3        0.3        0.3        0.3        0.3        0.3
                          0.3        0.3
             Random switching times for simulation number  68  :
                                  10  2.4694383E-02   11  2.5650980E-02   12  2.2929992E-02

 101.468           20.2711393 13.9680768  17.161957 2758.47296 1207.79504 1757.24014 .1724395E7 3392.65051 14775.3044 -168473.58
                   -150689.85 157391.441 -168473.58 -150689.92 157391.434 167749.759 -183378.47 -164335.15 -189136.29  -174906.8
                   176473.546 -258469.53 -226751.45 244303.551 260565.034 -275434.67 -238070.68 -284679.21 -247054.79 271189.557
                   -142.37675 118.186619 131.003653 14.3547759 13.5401822 13.9850594 397.764564 14.8193832  17.458577 .186946026
                   .157846985 .165995848
Times of maxima :      .02535     .02705     .02359      .0242     .02995     .02799     .02416     .02982      .0281      .0242
                       .02995     .02799      .0242     .02995     .02799      .0281      .0241     .02979     .02416     .02982
                        .0281     .02594     .03146     .02995     .02989     .02602     .03158     .02613     .03167     .02979
                       .02535     .02705     .02359        0.3        0.3        0.3        0.3        0.3        0.3        0.3
                          0.3        0.3
             Random switching times for simulation number  69  :
                                  10  3.4853221E-02   11  3.7972842E-02   12  3.7196736E-02

 358.681           23.4274452 44.0030551  27.994923 18044.4403 .2324794E7 354654.773 .8055015E7 .5454221E7 .8559152E7 -176555.77
                   190914.567 -184647.25 -176555.76 190914.627 -184647.23 -204839.28 -190066.93  207496.62 -197403.49 196189.352
                   -197637.15 -229825.33 292551.416 -258928.66 -272344.49 -237470.83  322758.12 -253477.41 345957.944 -294632.29
                   153.060266 -209.76905 167.316834 14.2729733 238.705758 59.4431389 1720.36502  2213.0828 2972.17218  .15952578
                   .212458282 .194099898
Times of maxima :      .03549     .03856     .04058     .04115     .03913     .03605     .04106     .03894     .03606     .04115
                       .03913     .03605     .04115     .03913     .03605     .03595     .04102       .039     .04106     .03894
                       .03606     .04314     .03915     .03872     .03878     .04326     .03902     .04336       .039     .03891
                       .03549     .03856     .04058        0.3        0.3        0.3        0.3        0.3        0.3        0.3
                          0.3        0.3
             Random switching times for simulation number  70  :
                                  10  3.1959682E-02   11  3.3152209E-02   12  3.0988284E-02

 265.646           5.85906766 32.3848847 14.6347313 1904.13914 512.849612 128.376781 182180.694 2106.32123 760.576038 159100.748
                   141355.667 -132018.76 159100.729 141355.721 -132018.73 -139242.29 175413.096 156630.059 180589.706  161402.79
                   -144811.31 218923.356 238888.056 -240381.91 -257308.98 220868.547 256903.262 226625.605 265312.708 -272103.22
                   -76.544547 -179.95801 -120.97409  13.700053 12.9112705 12.7825428 60.2419772 13.9347213 13.1321925 .132947054
                   .194456631 .166539337
Times of maxima :      .04004     .03465     .03166     .03227     .03755     .03655     .03226      .0374     .03673     .03227
                       .03755     .03655     .03227     .03755     .03655     .03671     .03232     .03751     .03226      .0374
                       .03673     .03435     .03946     .03712     .03726     .03428     .03937     .03414      .0394     .03735
                       .04004     .03465     .03166        0.3        0.3        0.3        0.3        0.3        0.3        0.3
                          0.3        0.3
             Random switching times for simulation number  71  :
                                  10  2.2944026E-02   11  2.3684955E-02   12  2.1044063E-02

 54.8878           4.65949634 32.8932105 18.7246628 927.830739 1020.65225 998.519606 3096.28446 98770.1217 2881.87459 -147060.36
                   -148281.67 147992.093 -147060.27  -148281.6 147992.049 160255.424 -161181.85 170933.309 -171949.42  178562.21
                   169756.903 -218001.89 268777.775 237945.175 256222.995 -221902.97 303808.712 -227718.01 326815.927 267967.032
                   -68.260504 181.364855 -136.83809 13.5395451 13.8360922 13.5322514 14.9470461 24.8070254 14.5378343 .140435282
                   .221499436 .178611639
Times of maxima :      .02708     .02523     .02722     .02647     .02968     .02764     .02664     .02466     .02778     .02647
                       .02968     .02764     .02647     .02968     .02764     .02776      .0266     .02473     .02664     .02466
                       .02778     .02662     .02486     .02968     .02985     .02666     .02472     .02679     .02465     .02984
                       .02708     .02523     .02722        0.3        0.3        0.3        0.3        0.3        0.3        0.3
                          0.3        0.3
             Random switching times for simulation number  72  :
                                  10  2.1246897E-02   11  2.2686054E-02   12  2.1027703E-02

 26.0949           15.0719239 40.3646691 14.6860535 .1225007E7 356114.572 1892.06832 .3574023E7 .1385057E8 3159.22775   -187632.
                    184680.82 158961.485 -187631.98 184680.841 158961.471 167715.767 -191750.71  213759.38   -194516. 200057.711
                   172584.434 -231665.17 271439.434 229187.279 239677.061 -242015.28 295891.967 -244737.92 303523.381 242855.582
                   -122.76776  -200.9096 121.186029 95.0364417 72.7354448 13.9197575 1078.29536  5350.3313 16.3524316 .166643369
                    .17154254 .167912736
Times of maxima :       .0227     .02327     .02477     .02539     .02381     .02706     .02515     .02374     .02691     .02539
                       .02381     .02706     .02539     .02381     .02706     .02708     .02543     .02369     .02515     .02374
                       .02691      .0253     .02346     .02905     .02913     .02542     .02354     .02531     .02361     .02909
                        .0227     .02327     .02477        0.3        0.3        0.3        0.3        0.3        0.3        0.3
                          0.3        0.3
             Random switching times for simulation number  73  :
                                  10  2.3655734E-02   11  2.1852760E-02   12  2.1269855E-02

 43.3496           3.06527071 37.4244862 20.6259293 188979.062 324114.772 131.239229 .5892142E7 .6967025E7 852.491485 -180753.15
                    183941.24 133482.483   -180753.  183941.27 133482.443 140623.706 -195086.01 206106.135 -196394.82 196897.371
                   146055.137 -234492.11 281923.101 -207531.54 210881.855 -242086.08  314980.98 -244835.47 331824.034 -212624.03
                    55.364887 -193.45409 143.617302 28.5032871 42.7636436 13.1576013 1478.40052 2551.83054 13.4745224 .132395144
                   .177797542 .187415893
Times of maxima :      .02925     .02244     .02435     .02464       .023      .0284     .02491     .02302     .02872     .02464
                         .023      .0284     .02464       .023      .0284     .02857     .02479     .02289     .02491     .02302
                       .02872     .02689       .023     .03739     .02826     .02682     .02287     .02681     .02282     .03753
                       .02925     .02244     .02435        0.3        0.3        0.3        0.3        0.3        0.3        0.3
                          0.3        0.3
             Random switching times for simulation number  74  :
                                  10  2.9762272E-02   11  3.0293569E-02   12  2.9336292E-02

  226.21           31.4654316 43.2277478 19.6967391 152040.416 239236.409 134.948779 .5289847E7 .3679379E7 1633.35042 179862.285
                   -181951.27 -135355.76  179862.24 -181951.37 -135355.78   -149845. 195340.098 -200522.82 196112.118 -194813.97
                   -155924.39 227340.963  -301012.6 257274.256 282946.292 235201.943 -329378.71 240122.435 -341493.46  306236.98
                   177.384981 207.912837 -140.34507 30.2106332  28.801633 12.8865057 1984.16614 1654.32982 13.7740238 .186795215
                   .235193133 .169755079
Times of maxima :      .03158     .03087      .0329     .03343     .03146     .03439     .03338      .0313     .03437     .03343
                       .03146     .03439     .03343     .03146     .03439      .0345     .03337     .03134     .03338      .0313
                       .03437      .0339     .03145     .03105      .0311     .03395     .03132      .0341     .03129     .03122
                       .03158     .03087      .0329        0.3        0.3        0.3        0.3        0.3        0.3        0.3
                          0.3        0.3
             Random switching times for simulation number  75  :
                                  10  3.2744660E-02   11  3.1352976E-02   12  3.2240745E-02

 251.915           17.9564434  35.048903 30.7688029  .427805E7 2685.30932 1525.13373 .1172975E8 .6606455E7  164946.32 195635.398
                   -167705.06 -154622.93 195635.378 -167705.01 -154622.88 -174695.27 210850.557 -196680.13 199094.416 -196729.07
                   -180174.44 237431.148 -255656.61  -254242.3 -268809.94 243880.057 -258083.78 251254.472 -265935.76 -281711.48
                   -134.00165 -187.21352 -175.41038 519.882452 13.8886976 13.6510492 5159.53046 1360.76138 31.7681701 .167217826
                   .212734607 .153535214
Times of maxima :      .03842     .03328      .0329     .03348     .03253     .03772     .03337     .03261     .03547     .03348
                       .03253     .03772     .03348     .03253     .03772     .03778     .03333     .03244     .03337     .03261
                       .03547     .03351     .03308     .03788     .03784     .03355     .03308     .03368     .03284     .03797
                       .03842     .03328      .0329        0.3        0.3        0.3        0.3        0.3        0.3        0.3
                          0.3        0.3
             Random switching times for simulation number  76  :
                                  10  2.4402390E-02   11  2.5286723E-02   12  2.6834850E-02

 127.042           15.4176866 9.45167827 38.5649328 183.012391 623.677267 130.594527 3121.39224 2558.91879 754.183307  136489.23
                   -142921.14 133154.146 136489.234 -142921.08 133154.179 143048.162  -160361.1  -155044.9 -172203.18 -166363.31
                   144724.064 -253890.16 -245853.33 224074.107 229312.297  -277565.6   -266155.   -300273. -274585.94 242968.627
                   124.167977 97.2197422 -196.37956  13.105884 13.3635878  13.197766 14.8167003 14.2194316 13.5456849 .166900736
                   .148050222 .221132933
Times of maxima :      .03239     .02682     .02838     .03495     .03079     .02967     .02781     .03088     .02944     .03495
                       .03079     .02967     .03495     .03079     .02967     .02955     .02786     .03091     .02781     .03088
                       .02944      .0277     .03107      .0297     .02958     .02771     .03102     .02783     .03106     .02946
                       .03239     .02682     .02838        0.3        0.3        0.3        0.3        0.3        0.3        0.3
                          0.3        0.3
             Random switching times for simulation number  77  :
                                  10  2.1601255E-02   11  2.2556540E-02   12  2.3120073E-02

 28.3263           31.7118178 27.5399463 32.0618943 900.845885 .2127622E7 3316.08252 2579.95557 .1028545E8 .3857892E7 -146701.63
                   190334.194   174150.5 -146701.71 190334.164 174150.551 189480.802 -153844.81 211663.277 -166587.88 198433.179
                    195316.87 -276608.74 277935.393 224315.064 226104.848 -311633.63 293993.337 -330666.55 327345.838 230334.366
                   -178.07812 -165.95164 -179.05835 13.5507771 216.809628 14.5317846 14.8991737 4642.99879 825.070531 .211394285
                   .172594693 .224943398
Times of maxima :      .02353     .02321     .02868     .02434     .02375     .02641     .02431     .02373     .02626     .02434
                       .02375     .02641     .02434     .02375     .02641     .02638     .02449      .0236     .02431     .02373
                       .02626     .02601     .02384     .02852     .02857     .02614     .02395     .02619     .02409     .02872
                       .02353     .02321     .02868        0.3        0.3        0.3        0.3        0.3        0.3        0.3
                          0.3        0.3
             Random switching times for simulation number  78  :
                                  10  3.2996912E-02   11  3.3900993E-02   12  3.3070050E-02

 290.127           22.8727519 7.40178535 42.1209091 152837.278 122.790283 3201.32458 .1093361E8 220.697486 .3593285E7 179881.689
                    129114.33 -173007.19 179881.547  129114.29 -173007.02 -179074.64 208717.149 132275.508 198730.453 137062.309
                   -194570.54 291442.955  218406.96 -237746.95 -257557.39 335775.426  228858.38 355476.183 233442.183  -266238.8
                   151.237403 -86.033629 -205.23379 40.8146416 12.7353411 13.7409529 3460.72428 12.8877836 607.506102 .207349424
                   .129825574 .197294519
Times of maxima :      .03365     .03529     .03365     .03403     .03958     .03586     .03408      .0399     .03612     .03403
                       .03958     .03586     .03403     .03958     .03586     .03601     .03409     .03979     .03408      .0399
                       .03612     .03423     .03966     .03813     .03804     .03409     .03953     .03412     .03947     .03809
                       .03365     .03529     .03365        0.3        0.3        0.3        0.3        0.3        0.3        0.3
                          0.3        0.3
             Random switching times for simulation number  79  :
                                  10  2.0573283E-02   11  2.0641750E-02   12  1.9104172E-02

 5.46575           40.7345499 39.6235162 12.3694696 128.656496 2440.09433 3120.72099  1277.3124 643956.275 .1231187E8 -132162.42
                   165085.039 -172196.62 -132162.48 165085.225 -172196.41 -204003.84 -141446.37 178903.706  -151567.1 185851.354
                   -199359.72 -228968.84 264501.259 -312040.16 -362179.27 -238113.52 293269.899 -241625.42 310115.116 -384597.96
                   201.828021 -199.05657 111.218117  13.403247 14.5223375 14.4539594 13.8274725 104.286174 2909.50198 .246637492
                   .269078226 .152020187
Times of maxima :      .02117     .02121     .02092      .0243      .0219     .02143     .02392     .02166      .0216      .0243
                        .0219     .02143      .0243      .0219     .02143     .02156     .02375     .02173     .02392     .02166
                        .0216     .02701      .0238      .0215     .02162     .02691     .02373     .02679     .02368     .02162
                       .02117     .02121     .02092        0.3        0.3        0.3        0.3        0.3        0.3        0.3
                          0.3        0.3
             Random switching times for simulation number  80  :
                                  10  2.7194545E-02   11  2.6834888E-02   12  2.7481665E-02

 160.214           48.0033009 10.2999498 24.2809362 1094.49623  1223.8832 .2306145E7 1451.48245 1788.77353 .1016574E8 149240.278
                   -150893.81 190859.987 149240.294 -150893.74 190859.871 213265.079 153006.855 -139470.14  153725.94 -157761.06
                   198378.178 -258493.84  -235720.8 274486.096 307127.472 -294978.74 -242419.04 -298690.31 -253388.06  322935.72
                   -219.09656 101.488669 -155.82341  13.223717 13.2656332 385.107412 13.8413256 13.6215349 3777.14426 .243383199
                   .140198205 .189433091
Times of maxima :      .02779      .0275     .02893     .03361     .02993     .02821     .03355     .03023     .02837     .03361
                       .02993     .02821     .03361     .02993     .02821     .02821     .03352     .03005     .03355     .03023
                       .02837     .02833     .03178     .02836     .02822     .02827     .03182     .02838     .03168     .02823
                       .02779      .0275     .02893        0.3        0.3        0.3        0.3        0.3        0.3        0.3
                          0.3        0.3
             Random switching times for simulation number  81  :
                                  10  3.4995548E-02   11  3.4239644E-02   12  3.5705116E-02

  306.47           34.6280145 14.6899902 18.5766694 1247.74993 1631.31291 493108.239 3035.66334 154414.819 .1094307E8 -151195.28
                   155900.166 -185383.58 -151195.19 155900.058 -185383.54 -209208.33 -161363.76 167533.614 -171334.18 179919.758
                   -198734.79 -231775.51 251104.138 -262147.43 -283445.12 -248377.56 271043.067 254487.712 293338.189 -293428.42
                   186.086041  121.20227 136.296256 12.9397221  13.509176 67.8015706 14.0446028   32.45911 3740.42022 .186953268
                    .17356041 .172411658
Times of maxima :      .03559     .04063     .03722     .04156     .03775     .03615     .04177     .03998     .03616     .04156
                       .03775     .03615     .04156     .03775     .03615     .03604     .04169     .04002     .04177     .03998
                       .03616     .04366     .04009     .03816     .03605     .04367     .03994     .03641      .0399     .03599
                       .03559     .04063     .03722        0.3        0.3        0.3        0.3        0.3        0.3        0.3
                          0.3        0.3
             Random switching times for simulation number  82  :
                                  10  3.2908232E-02   11  3.3557197E-02   12  3.4151055E-02

 301.468           12.6378314  18.915637 33.1493104 2292.89094 2690.17981 2853.21051 .2936526E7 .3229503E7  .156586E7 163478.359
                   167756.391 -169460.31  163478.46 167756.353 -169460.24 -183692.08 189617.833 187959.092 192694.256 193535.537
                   -188661.27 263106.072 248378.421 -220846.32 -222710.93 289126.692 262096.171  309151.93 269013.792 -235015.86
                   -112.41811 -137.53413 -182.06952 14.4823215 14.0394154 13.7005515 1046.41173 738.853504 334.750868 .151993715
                   .166384799 .195982321
Times of maxima :      .03773     .03539     .03472     .03533     .03814       .037     .03529     .03824     .03722     .03533
                       .03814       .037     .03533     .03814       .037     .03714     .03522     .03815     .03529     .03824
                       .03722     .03501     .04019     .03758     .03771     .03519     .04027     .03515      .0402     .03782
                       .03773     .03539     .03472        0.3        0.3        0.3        0.3        0.3        0.3        0.3
                          0.3        0.3
             Random switching times for simulation number  83  :
                                  10  3.3205867E-02   11  3.0860619E-02   12  3.3045735E-02

  254.49           15.6841529 24.0424013 58.8132119 .3176677E7 96647.9192 1278.98822 .1968798E8 .6352963E7 2422.36543 193384.506
                   -178510.03 -151588.15 193384.364 -178510.03 -151588.14 -148023.87 220170.292 -202386.22 202663.854 -196610.58
                    -164893.1 284846.808 258661.003 -219259.07 -225425.12 301297.841 -284260.92 332986.231 -292433.58 -236663.48
                   125.236388 155.056123 -242.51435 638.011222  18.809405 12.9812414 6958.93565 2105.89295 13.4704299 .140369369
                   .198056496 .242795425
Times of maxima :      .03378     .03147     .03361     .03401     .03203     .03444     .03401     .03205     .03468     .03401
                       .03203     .03444     .03401     .03203     .03444     .03449     .03392     .03193     .03401     .03205
                       .03468     .03401     .03936     .03685     .03695     .03403     .03396     .03416     .03403     .03708
                       .03378     .03147     .03361        0.3        0.3        0.3        0.3        0.3        0.3        0.3
                          0.3        0.3
             Random switching times for simulation number  84  :
                                  10  2.2560275E-02   11  2.5224311E-02   12  2.3679649E-02

 91.4582           23.9115709 10.9838668 31.1757792 10984.7766 121.144478 2292.28102 .3369718E7 519.839711 .3910524E7 -176378.08
                   -128246.15 163471.718 -176378.12 -128246.09 163471.747  188335.85  -194868.3 -135079.53 -193935.71 -141455.42
                   195461.637 -266443.38  -230235.2 246026.057 260120.705 -297376.94 -239362.35 -311286.24 -240938.47 268664.253
                   -154.63367 104.803945 176.566642 14.7673183 13.1645075 14.9500254 1027.07289 13.4059448 802.014146 .203393508
                   .148956251 .186372153
Times of maxima :      .02626     .02669     .02426     .02485     .03069     .02686     .02483     .03095      .0268     .02485
                       .03069     .02686     .02485     .03069     .02686     .02671     .02474     .03113     .02483     .03095
                        .0268     .02683     .03166     .02916     .02904     .02673     .03166     .02674     .03154     .02896
                       .02626     .02669     .02426        0.3        0.3        0.3        0.3        0.3        0.3        0.3
                          0.3        0.3
             Random switching times for simulation number  85  :
                                  10  3.3643737E-02   11  3.4486600E-02   12  3.5928343E-02

 313.367           13.6902203 5.58417782 32.2264266 308.570511  122.93798 1509.71415 2394.94053 191.859628 3493.27578 -138380.82
                   129191.924 -154435.88 -138380.77 129191.919 -154435.86 -170157.11 -150676.93 135184.251 -164595.17 136624.196
                   -175892.69 -247562.03 244331.343 -217556.38 -221848.13 -258637.66 259888.714 -261931.03   267388.9 -226918.21
                   -117.00521 74.7273566 179.517204 12.6736525 12.7519872 13.3067265  13.560015 12.9230965 15.4415643 .167142188
                   .129214121 .195640246
Times of maxima :       .0415     .04255      .0374     .04008     .03963     .03493     .04024     .03929     .03492     .04008
                       .03963     .03493     .04008     .03963     .03493       .035     .04011     .03948     .04024     .03929
                       .03492     .04212        .04     .03693     .03704     .04213     .04004     .04218     .04013     .03707
                        .0415     .04255      .0374        0.3        0.3        0.3        0.3        0.3        0.3        0.3
                          0.3        0.3
             Random switching times for simulation number  86  :
                                  10  3.2833411E-02   11  3.4269679E-02   12  3.3152699E-02

 291.424           23.8208537 2.56889905 37.9554437 140542.285 126.027363 211704.304 .6565929E7 188.395485 .7948546E7 179583.138
                   130805.136 -181296.95 179583.197 130805.118 -181296.79 -196066.55 203986.978 130443.153 196710.139 136571.382
                   -197354.07  295971.22 218685.201 -241094.26 -247266.43 335648.934 221984.125 354185.523 230773.379 -249988.17
                   154.340059 -50.684308 -194.82157 25.7996092 12.7304009 33.6151677 2085.13763 12.8777565 1806.95735 .200773927
                   .123843052  .18949284
Times of maxima :      .03565     .03545     .03374      .0343     .03968     .03596     .03431     .03983     .03621      .0343
                       .03968     .03596      .0343     .03968     .03596     .03609     .03419     .03989     .03431     .03983
                       .03621     .03407     .03959     .03818     .03812     .03417     .03957     .03415     .03939     .03796
                       .03565     .03545     .03374        0.3        0.3        0.3        0.3        0.3        0.3        0.3
                          0.3        0.3
             Random switching times for simulation number  87  :
                                  10  2.2345221E-02   11  2.3825871E-02   12  2.3293965E-02

 46.7355           20.5109691 28.8421848 34.3683242 227361.982  1265.3034 2604.77254 .5674896E7 2400.78124 202481.686 -181669.66
                    -151416.3 166852.164 -181669.61 -151416.22  166852.15 175597.582 -198930.57 156551.902 -196292.95 -164658.69
                   181076.485 -270486.15 285070.451 251465.983 267383.125 -297086.98 314034.036 -310290.65 336892.827  279910.46
                   -143.21651  169.82987 185.386958   37.14979 13.4739583 13.9435867 2161.09635 15.6991265 40.7173442 .198242298
                   .199853937 .233339853
Times of maxima :      .02384     .02538     .02394     .02446      .0298     .02822      .0243     .03199     .02833     .02446
                        .0298     .02822     .02446      .0298     .02822     .02815     .02436     .02487      .0243     .03199
                       .02833     .02648      .0246     .02825     .02815     .02647     .02462     .02639     .02473     .02805
                       .02384     .02538     .02394        0.3        0.3        0.3        0.3        0.3        0.3        0.3
                          0.3        0.3
             Random switching times for simulation number  88  :
                                  10  3.0588544E-02   11  3.0550679E-02   12  3.0039431E-02

 216.424           29.0971162  47.519122 11.2848343 1636.11215 3295.81382 1763.37495 163189.908 .6420158E7 2646.79946 155957.279
                   -173949.34  -157463.4 155957.354 -173949.47 -157463.46 -166731.51  164980.55 -201028.33 180132.014 -196642.01
                    -167298.1 216976.796  -291968.5 -269248.43 -295229.42 225079.914 -329727.88 226858.257 -351901.38 308128.747
                   170.578768 217.988812  -106.2301 13.5020083 15.2651458 13.1890627 30.1973023 1880.76712 14.7107616 .195301745
                   .265851698  .15188669
Times of maxima :      .03205     .03113     .03087     .03375     .03171     .03492     .03361     .03155      .0347     .03375
                       .03171     .03492     .03375     .03171     .03492     .03482     .03351     .03158     .03361     .03155
                        .0347     .03492      .0317     .03686     .03676     .03482     .03156     .03493      .0315     .03152
                       .03205     .03113     .03087        0.3        0.3        0.3        0.3        0.3        0.3        0.3
                          0.3        0.3
             Random switching times for simulation number  89  :
                                  10  2.8199289E-02   11  2.7709044E-02   12  2.8268424E-02

 181.422           41.8473534 17.1051742 22.4782029 1427.77066 2107.22485 2536.00003 43148.2208 .2150023E7 .3085087E7 153435.144
                   -161412.85 166118.193 153435.196 -161412.95 166118.075 190690.153 171740.449 -179059.55 177184.557 -190400.28
                   193121.723 273832.886 -210371.34 302789.366 340638.879 294915.912 -207741.65  300002.47 -220118.33 370822.215
                   -204.56626 130.786751 -149.92733 13.4460827 14.2952556 15.3363141 16.2001952 420.190304 1019.46945 .272540772
                    .17098574 .172292681
Times of maxima :      .02877     .02846      .0297     .03254     .03137     .02911     .03258     .03115     .02921     .03254
                       .03137     .02911     .03254     .03137     .02911     .02925     .03242     .03117     .03258     .03115
                       .02921     .03442     .03233     .02901     .02922     .03435     .03242     .03441     .03257     .02915
                       .02877     .02846      .0297        0.3        0.3        0.3        0.3        0.3        0.3        0.3
                          0.3        0.3
             Random switching times for simulation number  90  :
                                  10  2.7272488E-02   11  2.5930241E-02   12  2.6621603E-02

  132.53           41.8537633 31.0969588 26.7271595 165.603997 762074.952 219117.359 2605.33337 .1233721E8 .4172892E7 136222.871
                   -186216.08   181473.4 136222.907 -186216.05 181473.485 194483.127  -154431.9 -207840.19 -166858.11 -199371.25
                   195585.698 -257125.33  -230199.1 303396.841 335139.574 -276140.44 -231614.67 -290603.19 -241699.71 356069.448
                   -204.58192 176.343298 -163.48443 13.0883364 104.929281 30.0286561 14.0815242 4831.96827  1212.6698 .205924365
                   .186173849 .180180169
Times of maxima :      .02785     .02989     .02844     .03139     .03045     .02845     .02764     .03037      .0283     .03139
                       .03045     .02845     .03139     .03045     .02845     .02833      .0278      .0303     .02764     .03037
                        .0283     .02803     .03291     .02845     .02831     .02808     .03091      .0282     .03268     .02828
                       .02785     .02989     .02844        0.3        0.3        0.3        0.3        0.3        0.3        0.3
                          0.3        0.3
             Random switching times for simulation number  91  :
                                  10  3.7626750E-02   11  3.5941219E-02   12  3.6423591E-02

 354.152           32.0075079 15.7387812 8.29302573 2348.80057 1256.23194 1435.98364 .2194519E7 2668.21718 .1353824E7 -164091.83
                   151302.108 -153535.91 -164091.85 151302.068 -153536.01 -184510.46 -184044.25 160301.314 -190531.49 167524.611
                   -188022.27 -230890.87 209552.031 -248068.59 -268102.79 -239971.05 210241.852 -245739.32  214584.76  -283826.5
                   -178.90642 125.454299 91.0660514 13.7635007 13.0249191 13.1400795  514.68208  14.438324   292.0926 .192366869
                   .156317562 .141732677
Times of maxima :      .03935     .04338     .04107      .0417     .04035      .0388     .04162      .0405     .03865      .0417
                       .04035      .0388      .0417     .04035      .0388     .03868     .04154     .04029     .04162      .0405
                       .03865      .0438     .04076      .0388     .03867     .04375     .04075     .04193     .04098     .03861
                       .03935     .04338     .04107        0.3        0.3        0.3        0.3        0.3        0.3        0.3
                          0.3        0.3
             Random switching times for simulation number  92  :
                                  10  3.1925906E-02   11  3.1706887E-02   12  3.1722451E-02

 257.729           3.49731162 46.5568887 43.8644839 3334.81553 1340.81412 122.810009 .7814084E7 .3343915E7 133.098754 174335.999
                   152360.452 -129124.67 174336.066 152360.517 -129124.66 -132038.83 193825.576 -179474.72 197291.631 -193862.19
                   -134424.77 241646.665 -320549.73 -248275.92 -272338.39 257116.288 -373086.92 261691.208 -390979.86 -277627.42
                   59.1380725 -215.77045  -209.4385  14.549193 13.9108266 12.7493407 1725.20324 602.174876 12.8907251 .127199288
                   .276267733 .238913954
Times of maxima :        .033     .03324      .0323     .03287       .038     .03565     .03273     .03269     .03558     .03287
                         .038     .03565     .03287       .038     .03565     .03577     .03273     .03272     .03273     .03269
                       .03558     .03475     .03286     .03775     .03787     .03489     .03273     .03486      .0327     .03779
                         .033     .03324      .0323        0.3        0.3        0.3        0.3        0.3        0.3        0.3
                          0.3        0.3
             Random switching times for simulation number  93  :
                                  10  2.6699064E-02   11  2.4396722E-02   12  2.8075607E-02

 145.782           30.5344114 17.5409677 6.78420138 1232.27746 2163.11577 .1907005E7 3243.76155 12380.0908 .1254318E8 150999.943
                   -162039.46 189680.656 150999.887 -162039.44 189680.593 209896.366  161632.21 -172210.21 173431.321 -176413.26
                   199464.952 204425.286 -220683.56 221066.485 218883.582 204500.403 -217940.52 207740.174 -223453.42 225377.965
                   -174.74098 132.442318 -82.366264 13.3992427 13.9836958 225.252881 14.4706917 17.4059692 5385.15244 .155284311
                   .159953489 .139088525
Times of maxima :      .02731     .02617      .0297     .03332      .0295     .02787     .03358     .02956     .02788     .03332
                        .0295     .02787     .03332      .0295     .02787     .02777     .03342      .0294     .03358     .02956
                       .02788     .03433     .03186     .02943     .02773     .03419     .03178     .03408     .03163     .02965
                       .02731     .02617      .0297        0.3        0.3        0.3        0.3        0.3        0.3        0.3
                          0.3        0.3
             Random switching times for simulation number  94  :
                                  10  2.1695770E-02   11  2.3668430E-02   12  2.2363675E-02

 46.1137           23.7395991 37.4655605  16.540632  765.50707 1620.70588 185071.345 2864.19553  .300381E7 .7471539E7 -144878.53
                    155773.45  180659.21 -144878.54 155773.296 180659.174 199530.447 -163959.92 189599.397 -169574.03 192888.083
                   197132.381 -256963.99 -232874.11 248404.884 274231.801  -269037.2 241168.901 -272712.56 248668.505   296730.3
                    -154.0766 193.560224 128.610388 13.6252517  13.691997 34.0938917 15.3539406 751.538228 2148.31994 .214450778
                    .21144376 .143738303
Times of maxima :       .0272     .02531     .02302     .02359     .02454     .02771     .02359     .02466     .02769     .02359
                       .02454     .02771     .02359     .02454     .02771     .02758     .02347      .0247     .02359     .02466
                       .02769     .02575     .03208     .02973     .02987     .02567     .02472     .02558     .02462     .02788
                        .0272     .02531     .02302        0.3        0.3        0.3        0.3        0.3        0.3        0.3
                          0.3        0.3
             Random switching times for simulation number  95  :
                                  10  3.4337949E-02   11  3.5184952E-02   12  3.3583570E-02

 322.307           24.5973899 11.1483828 27.3176424 198613.807 2437.75771  3441.5053 .1316692E8 296170.555 .4469919E7 180984.027
                   165059.905 -175386.56 180983.937 165059.925 -175386.58 -188206.81 209164.203 174177.074 199748.177 183290.734
                   -195725.96 259714.343 236131.488 -226794.64 -223781.15 278721.111 250158.541 285266.659 261855.685 -237887.35
                    156.83555 105.585903 165.280496 29.1177725 13.4789356 14.1462153 4306.16278 51.2764537 1277.77563 .155653471
                   .146317766 .202177063
Times of maxima :      .03492     .04062     .03776     .03475     .04001     .03562     .03477     .03978     .03555     .03475
                       .04001     .03562     .03475     .04001     .03562     .03553     .03466     .03994     .03477     .03978
                       .03555     .03529     .04005     .03753     .03758     .03523     .04019     .03509     .04024     .03775
                       .03492     .04062     .03776        0.3        0.3        0.3        0.3        0.3        0.3        0.3
                          0.3        0.3
             Random switching times for simulation number  96  :
                                  10  2.7670559E-02   11  2.8928458E-02   12  2.8559505E-02

 178.805           25.6156684 36.1936819 7.87374935 1196.59589 .1755467E7 288250.378 3290.22637 .1950109E8 .1074033E8  150547.69
                   -189229.17 183105.583 150547.749 -189229.12 183105.544 209101.642 162840.597 -221796.46 173893.967 -202581.41
                   198641.895 232143.323 -240912.85 225944.295 239254.527 231389.505 -239829.01 239694.546 -255631.77 239269.634
                   -160.04896 190.246371  -88.73415 13.4161087 412.885789 50.3224408 15.4607308 6442.01313 3742.92256 .154722871
                   .152908011 .147555637
Times of maxima :      .02829     .02954     .03153     .03431     .03008     .02883     .03418     .03014     .02889     .03431
                       .03008     .02883     .03431     .03008     .02883     .02874     .03423     .02998     .03418     .03014
                       .02889     .03432     .03214     .02991     .02995     .03427     .03215      .0341     .03193     .02984
                       .02829     .02954     .03153        0.3        0.3        0.3        0.3        0.3        0.3        0.3
                          0.3        0.3
             Random switching times for simulation number  97  :
                                  10  2.5869969E-02   11  2.6914477E-02   12  2.6278659E-02

 143.972           33.4866108 8.15283928 30.4830151 2161.15564 1409.52093 .2915326E7 .1522605E7 2846.59275  .733683E7 162017.513
                    -153210.7 192633.234 162017.543 -153210.76 192633.109 203799.876 179132.569 -163033.31 188531.258 -169391.63
                   197069.685 -313040.98 -245058.13  241209.68 234925.183 -338494.26 -263549.99 -351537.31 -283198.43 247310.897
                   -182.99347 90.2930744 -174.59386 14.4842708 13.5056055 352.041418 200.740736 14.4620029 2974.65766 .206704495
                   .139464967 .233709686
Times of maxima :      .02657     .02763     .02777      .0324     .03067     .02701     .03234     .03044     .02722      .0324
                       .03067     .02701      .0324     .03067     .02701     .02703     .03226     .03062     .03234     .03044
                       .02722     .02712     .03254     .02917     .02914     .02711      .0323     .02725     .03236     .02896
                       .02657     .02763     .02777        0.3        0.3        0.3        0.3        0.3        0.3        0.3
                          0.3        0.3
             Random switching times for simulation number  98  :
                                  10  3.5286795E-02   11  3.6844477E-02   12  3.7059079E-02

 337.381           25.3473378 32.7351384 7.85484913 738.751042 .1713382E7 613138.483 2434.64142 .1043445E8 .1059219E8 -144513.09
                   189103.441 -185756.01 -144513.04  189103.37 -185755.97 -208845.43 -156809.09 201681.933 -165026.17 198501.592
                   -198573.97 -212793.84 215034.479  -246186.6 -255939.77 -216178.58 216754.651 -221586.64 219661.308 -262456.02
                   159.208473 -180.92855 88.6275867 12.7292491 185.669487 90.4831095 13.6622265 4426.00014 3837.47964 .154602076
                   .152259623 .131332428
Times of maxima :      .03591     .03743     .03882     .04175       .038     .03645      .0421     .03782     .03648     .04175
                         .038     .03645     .04175       .038     .03645     .03636     .04194     .03787      .0421     .03782
                       .03648      .0435        .04     .03798     .03808     .04342     .03997     .04329     .04024     .03791
                       .03591     .03743     .03882        0.3        0.3        0.3        0.3        0.3        0.3        0.3
                          0.3        0.3
             Random switching times for simulation number  99  :
                                  10  2.1301019E-02   11  2.0169536E-02   12  2.0040214E-02

 10.7102           20.3476204 21.1033119 19.1636026 168382.367 3134.00745  781.14392 .5868065E7 .2476264E7 1868.66083 -180257.41
                   172330.496 145091.441 -180257.38 172330.453 145091.358  154089.74 -196508.44 186889.031 -196383.54 191358.245
                   158690.822 -240722.07 242154.683  221205.56 225332.418 -251017.47 245441.691 -256021.27 251818.677 -235889.07
                   -142.64509 -145.26979 138.432664  28.031612 14.8589081 13.3899431 2215.33548 871.686027 15.2709236 .172458246
                   .153365431 .168377501
Times of maxima :        .023      .0208     .02481     .02537     .02138     .02704     .02534     .02137      .0273     .02537
                       .02138     .02704     .02537     .02138     .02704     .02717     .02526     .02149     .02534     .02137
                        .0273     .02536     .02345     .02953     .02954     .02546     .02339     .02558     .02322     .02224
                         .023      .0208     .02481        0.3        0.3        0.3        0.3        0.3        0.3        0.3
                          0.3        0.3
             Random switching times for simulation number  100  :
                                  10  3.6511708E-02   11  3.4504194E-02   12  3.7215891E-02

 323.796           36.6783151 9.70348795 6.46645461 935.336941 3073.08404 105228.172 2145.77759  279280.07 .8352529E7 -147159.71
                   171714.439 -178720.77 -147159.73 171714.386 -178720.81 -206467.44 -156584.15 171409.689 -161845.54 182895.363
                   -197541.45 -237651.65 214000.274 -273025.71 -302027.73 -253797.95 213437.111 -263081.43 223167.792 -313684.23
                   191.515835 98.5062838 80.4142687 12.7823833 13.4809517  19.199908 14.1105529 47.9531268 2924.86024 .192219531
                   .146115872 .137628223
Times of maxima :       .0371     .04004     .04015     .04088     .03927     .03766      .0407     .03947     .03767     .04088
                       .03927     .03766     .04088     .03927     .03766     .03756     .04077     .03939      .0407     .03947
                       .03767     .04282     .04112     .03767     .03753     .04283     .03934     .04289     .03939     .03748
                        .0371     .04004     .04015        0.3        0.3        0.3        0.3        0.3        0.3        0.3
                          0.3        0.3

 MAIN20 dumps OVER12 dice seed  SEEDSV =   1.2544176500000000E+09

Comment card.   Card index = 323.                 |C TENSOES FASE-TERRA
Comment card.   Card index = 324.                 |C                         MODTAB   AINCR  XMAXMX
Comment card.   Card index = 325.                 |C                          25-32   33-40   41-48
MODTAB, AINCR, XMAXMX =      3    0.050   10.000  |STATISTICS DATA                3
Statistical output of  node  voltage   0.1127E+06 |0      112677.T_MANAT_MANBT_MANC

1 ) -------------------------------------------------------------------------------------------------------------------------------
Statistical distribution of peak voltage at node  "T_MANA".   The base voltage for per unit printout is  V-base = 1.12677000E+05
  Interval             voltage         voltage  in     Frequency    Cumulative               Per cent
    number         in per unit      physical units     (density)     frequency     .GE. current value
        23           1.1500000      1.29578550E+05             0             0          100.000000
        24           1.2000000      1.35212400E+05             1             1           99.000000
        25           1.2500000      1.40846250E+05             4             5           95.000000
        26           1.3000000      1.46480100E+05             6            11           89.000000
        27           1.3500000      1.52113950E+05            11            22           78.000000
        28           1.4000000      1.57747800E+05            11            33           67.000000
        29           1.4500000      1.63381650E+05             8            41           59.000000
        30           1.5000000      1.69015500E+05             7            48           52.000000
        31           1.5500000      1.74649350E+05             9            57           43.000000
        32           1.6000000      1.80283200E+05            12            69           31.000000
        33           1.6500000      1.85917050E+05            13            82           18.000000
        34           1.7000000      1.91550900E+05             9            91            9.000000
        35           1.7500000      1.97184750E+05             9           100             .000000
Summary of preceding table follows:       Grouped data     Ungrouped data
                                 Mean = 1.49500000E+00     1.49507833E+00
                             Variance = 2.29797980E-02     2.28214083E-02
                   Standard deviation = 1.51590890E-01     1.51067562E-01

2 ) -------------------------------------------------------------------------------------------------------------------------------
Statistical distribution of peak voltage at node  "T_MANB".   The base voltage for per unit printout is  V-base = 1.12677000E+05
  Interval             voltage         voltage  in     Frequency    Cumulative               Per cent
    number         in per unit      physical units     (density)     frequency     .GE. current value
        22           1.1000000      1.23944700E+05             0             0          100.000000
        23           1.1500000      1.29578550E+05             5             5           95.000000
        24           1.2000000      1.35212400E+05             1             6           94.000000
        25           1.2500000      1.40846250E+05             3             9           91.000000
        26           1.3000000      1.46480100E+05             9            18           82.000000
        27           1.3500000      1.52113950E+05             9            27           73.000000
        28           1.4000000      1.57747800E+05            10            37           63.000000
        29           1.4500000      1.63381650E+05            11            48           52.000000
        30           1.5000000      1.69015500E+05            12            60           40.000000
        31           1.5500000      1.74649350E+05             8            68           32.000000
        32           1.6000000      1.80283200E+05             5            73           27.000000
        33           1.6500000      1.85917050E+05            14            87           13.000000
        34           1.7000000      1.91550900E+05            12            99            1.000000
        35           1.7500000      1.97184750E+05             1           100             .000000
Summary of preceding table follows:       Grouped data     Ungrouped data
                                 Mean = 1.45650000E+00     1.45984971E+00
                             Variance = 2.49825758E-02     2.46426173E-02
                   Standard deviation = 1.58058773E-01     1.56979672E-01

3 ) -------------------------------------------------------------------------------------------------------------------------------
Statistical distribution of peak voltage at node  "T_MANC".   The base voltage for per unit printout is  V-base = 1.12677000E+05
  Interval             voltage         voltage  in     Frequency    Cumulative               Per cent
    number         in per unit      physical units     (density)     frequency     .GE. current value
        22           1.1000000      1.23944700E+05             0             0          100.000000
        23           1.1500000      1.29578550E+05             2             2           98.000000
        24           1.2000000      1.35212400E+05             6             8           92.000000
        25           1.2500000      1.40846250E+05             5            13           87.000000
        26           1.3000000      1.46480100E+05             5            18           82.000000
        27           1.3500000      1.52113950E+05             8            26           74.000000
        28           1.4000000      1.57747800E+05             9            35           65.000000
        29           1.4500000      1.63381650E+05             7            42           58.000000
        30           1.5000000      1.69015500E+05             9            51           49.000000
        31           1.5500000      1.74649350E+05            10            61           39.000000
        32           1.6000000      1.80283200E+05             8            69           31.000000
        33           1.6500000      1.85917050E+05            18            87           13.000000
        34           1.7000000      1.91550900E+05             9            96            4.000000
        35           1.7500000      1.97184750E+05             3            99            1.000000
        36           1.8000000      2.02818600E+05             1           100             .000000
Summary of preceding table follows:       Grouped data     Ungrouped data
                                 Mean = 1.47150000E+00     1.47195359E+00
                             Variance = 2.75886364E-02     2.70761474E-02
                   Standard deviation = 1.66098273E-01     1.64548313E-01

4 ) -------------------------------------------------------------------------------------------------------------------------------
  SUMMARY   SUMMARY   SUMMARY   SUMMARY   SUMMARY   SUMMARY   SUMMARY   SUMMARY   SUMMARY   SUMMARY   SUMMARY   SUMMARY   SUMMARY
4 ) -------------------------------------------------------------------------------------------------------------------------------
The following is a distribution of peak overvoltages among all output nodes of the last data card that have the same base voltage.
This distribution is for the maximum of the peaks at all output nodes with  V-base = 1.12677000E+05
  Interval             voltage         voltage  in     Frequency    Cumulative               Per cent
    number         in per unit      physical units     (density)     frequency     .GE. current value
        25           1.2500000      1.40846250E+05             0             0          100.000000
        26           1.3000000      1.46480100E+05             3             3           97.000000
        27           1.3500000      1.52113950E+05             1             4           96.000000
        28           1.4000000      1.57747800E+05             1             5           95.000000
        29           1.4500000      1.63381650E+05             2             7           93.000000
        30           1.5000000      1.69015500E+05             4            11           89.000000
        31           1.5500000      1.74649350E+05             7            18           82.000000
        32           1.6000000      1.80283200E+05            12            30           70.000000
        33           1.6500000      1.85917050E+05            29            59           41.000000
        34           1.7000000      1.91550900E+05            28            87           13.000000
        35           1.7500000      1.97184750E+05            12            99            1.000000
        36           1.8000000      2.02818600E+05             1           100             .000000
Summary of preceding table follows:       Grouped data     Ungrouped data
                                 Mean = 1.61350000E+00     1.61446349E+00
                             Variance = 9.99267677E-03     9.92037347E-03
                   Standard deviation = 9.99633771E-02     9.96010716E-02

Statistical output of  node  voltage   0.1127E+06 |0      112677.1_2LTC1_2LTA1_2LTB

5 ) -------------------------------------------------------------------------------------------------------------------------------
Statistical distribution of peak voltage at node  "1_2LTC".   The base voltage for per unit printout is  V-base = 1.12677000E+05
  Interval             voltage         voltage  in     Frequency    Cumulative               Per cent
    number         in per unit      physical units     (density)     frequency     .GE. current value
        23           1.1500000      1.29578550E+05             0             0          100.000000
        24           1.2000000      1.35212400E+05             4             4           96.000000
        25           1.2500000      1.40846250E+05             5             9           91.000000
        26           1.3000000      1.46480100E+05             4            13           87.000000
        27           1.3500000      1.52113950E+05             5            18           82.000000
        28           1.4000000      1.57747800E+05             6            24           76.000000
        29           1.4500000      1.63381650E+05             3            27           73.000000
        30           1.5000000      1.69015500E+05             8            35           65.000000
        31           1.5500000      1.74649350E+05             6            41           59.000000
        32           1.6000000      1.80283200E+05             9            50           50.000000
        33           1.6500000      1.85917050E+05             6            56           44.000000
        34           1.7000000      1.91550900E+05             5            61           39.000000
        35           1.7500000      1.97184750E+05             7            68           32.000000
        36           1.8000000      2.02818600E+05            12            80           20.000000
        37           1.8500000      2.08452450E+05             8            88           12.000000
        38           1.9000000      2.14086300E+05             6            94            6.000000
        39           1.9500000      2.19720150E+05             3            97            3.000000
        40           2.0000000      2.25354000E+05             1            98            2.000000
        41           2.0500000      2.30987850E+05             2           100             .000000
Summary of preceding table follows:       Grouped data     Ungrouped data
                                 Mean = 1.59350000E+00     1.59454920E+00
                             Variance = 5.01845960E-02     4.93370788E-02
                   Standard deviation = 2.24019187E-01     2.22119515E-01

6 ) -------------------------------------------------------------------------------------------------------------------------------
Statistical distribution of peak voltage at node  "1_2LTA".   The base voltage for per unit printout is  V-base = 1.12677000E+05
  Interval             voltage         voltage  in     Frequency    Cumulative               Per cent
    number         in per unit      physical units     (density)     frequency     .GE. current value
        25           1.2500000      1.40846250E+05             0             0          100.000000
        26           1.3000000      1.46480100E+05             3             3           97.000000
        27           1.3500000      1.52113950E+05             3             6           94.000000
        28           1.4000000      1.57747800E+05             7            13           87.000000
        29           1.4500000      1.63381650E+05             9            22           78.000000
        30           1.5000000      1.69015500E+05             7            29           71.000000
        31           1.5500000      1.74649350E+05             2            31           69.000000
        32           1.6000000      1.80283200E+05             6            37           63.000000
        33           1.6500000      1.85917050E+05             5            42           58.000000
        34           1.7000000      1.91550900E+05             8            50           50.000000
        35           1.7500000      1.97184750E+05            16            66           34.000000
        36           1.8000000      2.02818600E+05             8            74           26.000000
        37           1.8500000      2.08452450E+05             8            82           18.000000
        38           1.9000000      2.14086300E+05             7            89           11.000000
        39           1.9500000      2.19720150E+05             5            94            6.000000
        40           2.0000000      2.25354000E+05             4            98            2.000000
        41           2.0500000      2.30987850E+05             2           100             .000000
Summary of preceding table follows:       Grouped data     Ungrouped data
                                 Mean = 1.65700000E+00     1.65592286E+00
                             Variance = 3.94202020E-02     3.86429678E-02
                   Standard deviation = 1.98545214E-01     1.96578147E-01

7 ) -------------------------------------------------------------------------------------------------------------------------------
Statistical distribution of peak voltage at node  "1_2LTB".   The base voltage for per unit printout is  V-base = 1.12677000E+05
  Interval             voltage         voltage  in     Frequency    Cumulative               Per cent
    number         in per unit      physical units     (density)     frequency     .GE. current value
        22           1.1000000      1.23944700E+05             0             0          100.000000
        23           1.1500000      1.29578550E+05             1             1           99.000000
        24           1.2000000      1.35212400E+05             5             6           94.000000
        25           1.2500000      1.40846250E+05             2             8           92.000000
        26           1.3000000      1.46480100E+05             3            11           89.000000
        27           1.3500000      1.52113950E+05             4            15           85.000000
        28           1.4000000      1.57747800E+05             5            20           80.000000
        29           1.4500000      1.63381650E+05             8            28           72.000000
        30           1.5000000      1.69015500E+05             8            36           64.000000
        31           1.5500000      1.74649350E+05             9            45           55.000000
        32           1.6000000      1.80283200E+05             4            49           51.000000
        33           1.6500000      1.85917050E+05             4            53           47.000000
        34           1.7000000      1.91550900E+05            10            63           37.000000
        35           1.7500000      1.97184750E+05             4            67           33.000000
        36           1.8000000      2.02818600E+05            13            80           20.000000
        37           1.8500000      2.08452450E+05            11            91            9.000000
        38           1.9000000      2.14086300E+05             6            97            3.000000
        39           1.9500000      2.19720150E+05             2            99            1.000000
        40           2.0000000      2.25354000E+05             1           100             .000000
Summary of preceding table follows:       Grouped data     Ungrouped data
                                 Mean = 1.59050000E+00     1.59303663E+00
                             Variance = 4.62472222E-02     4.69536409E-02
                   Standard deviation = 2.15051673E-01     2.16687888E-01

8 ) -------------------------------------------------------------------------------------------------------------------------------
  SUMMARY   SUMMARY   SUMMARY   SUMMARY   SUMMARY   SUMMARY   SUMMARY   SUMMARY   SUMMARY   SUMMARY   SUMMARY   SUMMARY   SUMMARY
8 ) -------------------------------------------------------------------------------------------------------------------------------
The following is a distribution of peak overvoltages among all output nodes of the last data card that have the same base voltage.
This distribution is for the maximum of the peaks at all output nodes with  V-base = 1.12677000E+05
  Interval             voltage         voltage  in     Frequency    Cumulative               Per cent
    number         in per unit      physical units     (density)     frequency     .GE. current value
        27           1.3500000      1.52113950E+05             0             0          100.000000
        28           1.4000000      1.57747800E+05             1             1           99.000000
        29           1.4500000      1.63381650E+05             2             3           97.000000
        30           1.5000000      1.69015500E+05             0             3           97.000000
        31           1.5500000      1.74649350E+05             2             5           95.000000
        32           1.6000000      1.80283200E+05             1             6           94.000000
        33           1.6500000      1.85917050E+05             2             8           92.000000
        34           1.7000000      1.91550900E+05             5            13           87.000000
        35           1.7500000      1.97184750E+05             9            22           78.000000
        36           1.8000000      2.02818600E+05            20            42           58.000000
        37           1.8500000      2.08452450E+05            21            63           37.000000
        38           1.9000000      2.14086300E+05            17            80           20.000000
        39           1.9500000      2.19720150E+05            10            90           10.000000
        40           2.0000000      2.25354000E+05             6            96            4.000000
        41           2.0500000      2.30987850E+05             4           100             .000000
Summary of preceding table follows:       Grouped data     Ungrouped data
                                 Mean = 1.80900000E+00     1.80938717E+00
                             Variance = 1.52464646E-02     1.48770428E-02
                   Standard deviation = 1.23476575E-01     1.21971484E-01

Statistical output of  node  voltage   0.1127E+06 |0      112677.T_OPOAT_OPOBT_OPOC

9 ) -------------------------------------------------------------------------------------------------------------------------------
Statistical distribution of peak voltage at node  "T_OPOA".   The base voltage for per unit printout is  V-base = 1.12677000E+05
  Interval             voltage         voltage  in     Frequency    Cumulative               Per cent
    number         in per unit      physical units     (density)     frequency     .GE. current value
        26           1.3000000      1.46480100E+05             0             0          100.000000
        27           1.3500000      1.52113950E+05             1             1           99.000000
        28           1.4000000      1.57747800E+05             4             5           95.000000
        29           1.4500000      1.63381650E+05             2             7           93.000000
        30           1.5000000      1.69015500E+05             7            14           86.000000
        31           1.5500000      1.74649350E+05            10            24           76.000000
        32           1.6000000      1.80283200E+05             5            29           71.000000
        33           1.6500000      1.85917050E+05             5            34           66.000000
        34           1.7000000      1.91550900E+05            10            44           56.000000
        35           1.7500000      1.97184750E+05            26            70           30.000000
        36           1.8000000      2.02818600E+05            28            98            2.000000
        37           1.8500000      2.08452450E+05             2           100             .000000
Summary of preceding table follows:       Grouped data     Ungrouped data
                                 Mean = 1.66200000E+00     1.66260035E+00
                             Variance = 1.56373737E-02     1.54374833E-02
                   Standard deviation = 1.25049485E-01     1.24247669E-01

10 ) -------------------------------------------------------------------------------------------------------------------------------
Statistical distribution of peak voltage at node  "T_OPOB".   The base voltage for per unit printout is  V-base = 1.12677000E+05
  Interval             voltage         voltage  in     Frequency    Cumulative               Per cent
    number         in per unit      physical units     (density)     frequency     .GE. current value
        23           1.1500000      1.29578550E+05             0             0          100.000000
        24           1.2000000      1.35212400E+05             1             1           99.000000
        25           1.2500000      1.40846250E+05             3             4           96.000000
        26           1.3000000      1.46480100E+05             2             6           94.000000
        27           1.3500000      1.52113950E+05             1             7           93.000000
        28           1.4000000      1.57747800E+05             5            12           88.000000
        29           1.4500000      1.63381650E+05             6            18           82.000000
        30           1.5000000      1.69015500E+05             6            24           76.000000
        31           1.5500000      1.74649350E+05             6            30           70.000000
        32           1.6000000      1.80283200E+05             9            39           61.000000
        33           1.6500000      1.85917050E+05             6            45           55.000000
        34           1.7000000      1.91550900E+05             7            52           48.000000
        35           1.7500000      1.97184750E+05            30            82           18.000000
        36           1.8000000      2.02818600E+05            18           100             .000000
Summary of preceding table follows:       Grouped data     Ungrouped data
                                 Mean = 1.61500000E+00     1.61674222E+00
                             Variance = 2.52525253E-02     2.61238784E-02
                   Standard deviation = 1.58910432E-01     1.61628829E-01

11 ) -------------------------------------------------------------------------------------------------------------------------------
Statistical distribution of peak voltage at node  "T_OPOC".   The base voltage for per unit printout is  V-base = 1.12677000E+05
  Interval             voltage         voltage  in     Frequency    Cumulative               Per cent
    number         in per unit      physical units     (density)     frequency     .GE. current value
        23           1.1500000      1.29578550E+05             0             0          100.000000
        24           1.2000000      1.35212400E+05             1             1           99.000000
        25           1.2500000      1.40846250E+05             1             2           98.000000
        26           1.3000000      1.46480100E+05             6             8           92.000000
        27           1.3500000      1.52113950E+05             2            10           90.000000
        28           1.4000000      1.57747800E+05             4            14           86.000000
        29           1.4500000      1.63381650E+05             5            19           81.000000
        30           1.5000000      1.69015500E+05             4            23           77.000000
        31           1.5500000      1.74649350E+05             6            29           71.000000
        32           1.6000000      1.80283200E+05             9            38           62.000000
        33           1.6500000      1.85917050E+05            10            48           52.000000
        34           1.7000000      1.91550900E+05             5            53           47.000000
        35           1.7500000      1.97184750E+05            22            75           25.000000
        36           1.8000000      2.02818600E+05            23            98            2.000000
        37           1.8500000      2.08452450E+05             2           100             .000000
Summary of preceding table follows:       Grouped data     Ungrouped data
                                 Mean = 1.61600000E+00     1.61737801E+00
                             Variance = 2.74939394E-02     2.63813829E-02
                   Standard deviation = 1.65812965E-01     1.62423468E-01

12 ) -------------------------------------------------------------------------------------------------------------------------------
  SUMMARY   SUMMARY   SUMMARY   SUMMARY   SUMMARY   SUMMARY   SUMMARY   SUMMARY   SUMMARY   SUMMARY   SUMMARY   SUMMARY   SUMMARY
12 ) -------------------------------------------------------------------------------------------------------------------------------
The following is a distribution of peak overvoltages among all output nodes of the last data card that have the same base voltage.
This distribution is for the maximum of the peaks at all output nodes with  V-base = 1.12677000E+05
  Interval             voltage         voltage  in     Frequency    Cumulative               Per cent
    number         in per unit      physical units     (density)     frequency     .GE. current value
        27           1.3500000      1.52113950E+05             0             0          100.000000
        28           1.4000000      1.57747800E+05             1             1           99.000000
        29           1.4500000      1.63381650E+05             0             1           99.000000
        30           1.5000000      1.69015500E+05             1             2           98.000000
        31           1.5500000      1.74649350E+05             1             3           97.000000
        32           1.6000000      1.80283200E+05             2             5           95.000000
        33           1.6500000      1.85917050E+05             1             6           94.000000
        34           1.7000000      1.91550900E+05             2             8           92.000000
        35           1.7500000      1.97184750E+05            33            41           59.000000
        36           1.8000000      2.02818600E+05            55            96            4.000000
        37           1.8500000      2.08452450E+05             4           100             .000000
Summary of preceding table follows:       Grouped data     Ungrouped data
                                 Mean = 1.74350000E+00     1.74548065E+00
                             Variance = 4.32601010E-03     3.80450483E-03
                   Standard deviation = 6.57724114E-02     6.16806682E-02

Comment card.   Card index = 330.                 |C
MODTAB, AINCR, XMAXMX =      3    0.050   10.000  |STATISTICS DATA                3
Statistical output of branch voltage   0.1952E+06 |-1     195161.T_MANAT_MANBT_MANBT_MANCT_MANCT_MANA

13 ) -------------------------------------------------------------------------------------------------------------------------------
Statistical distribution of peak voltage  for branch  "T_MANA"  to  "T_MANB".   Base voltage  for per unit output = 1.95161000E+05
  Interval             voltage         voltage  in     Frequency    Cumulative               Per cent
    number         in per unit      physical units     (density)     frequency     .GE. current value
        21           1.0500000      2.04919050E+05             0             0          100.000000
        22           1.1000000      2.14677100E+05             7             7           93.000000
        23           1.1500000      2.24435150E+05             9            16           84.000000
        24           1.2000000      2.34193200E+05            10            26           74.000000
        25           1.2500000      2.43951250E+05            15            41           59.000000
        26           1.3000000      2.53709300E+05            15            56           44.000000
        27           1.3500000      2.63467350E+05             9            65           35.000000
        28           1.4000000      2.73225400E+05            12            77           23.000000
        29           1.4500000      2.82983450E+05             8            85           15.000000
        30           1.5000000      2.92741500E+05             6            91            9.000000
        31           1.5500000      3.02499550E+05             2            93            7.000000
        32           1.6000000      3.12257600E+05             3            96            4.000000
        33           1.6500000      3.22015650E+05             4           100             .000000
Summary of preceding table follows:       Grouped data     Ungrouped data
                                 Mean = 1.29850000E+00     1.29829618E+00
                             Variance = 2.03260101E-02     2.06098277E-02
                   Standard deviation = 1.42569317E-01     1.43561233E-01

14 ) -------------------------------------------------------------------------------------------------------------------------------
Statistical distribution of peak voltage  for branch  "T_MANB"  to  "T_MANC".   Base voltage  for per unit output = 1.95161000E+05
  Interval             voltage         voltage  in     Frequency    Cumulative               Per cent
    number         in per unit      physical units     (density)     frequency     .GE. current value
        21           1.0500000      2.04919050E+05             0             0          100.000000
        22           1.1000000      2.14677100E+05             5             5           95.000000
        23           1.1500000      2.24435150E+05            15            20           80.000000
        24           1.2000000      2.34193200E+05             9            29           71.000000
        25           1.2500000      2.43951250E+05            13            42           58.000000
        26           1.3000000      2.53709300E+05            20            62           38.000000
        27           1.3500000      2.63467350E+05            13            75           25.000000
        28           1.4000000      2.73225400E+05             9            84           16.000000
        29           1.4500000      2.82983450E+05             7            91            9.000000
        30           1.5000000      2.92741500E+05             4            95            5.000000
        31           1.5500000      3.02499550E+05             1            96            4.000000
        32           1.6000000      3.12257600E+05             3            99            1.000000
        33           1.6500000      3.22015650E+05             1           100             .000000
Summary of preceding table follows:       Grouped data     Ungrouped data
                                 Mean = 1.27600000E+00     1.27393633E+00
                             Variance = 1.57060606E-02     1.51819781E-02
                   Standard deviation = 1.25323823E-01     1.23215170E-01

15 ) -------------------------------------------------------------------------------------------------------------------------------
Statistical distribution of peak voltage  for branch  "T_MANC"  to  "T_MANA".   Base voltage  for per unit output = 1.95161000E+05
  Interval             voltage         voltage  in     Frequency    Cumulative               Per cent
    number         in per unit      physical units     (density)     frequency     .GE. current value
        20           1.0000000      1.95161000E+05             0             0          100.000000
        21           1.0500000      2.04919050E+05             1             1           99.000000
        22           1.1000000      2.14677100E+05             4             5           95.000000
        23           1.1500000      2.24435150E+05             4             9           91.000000
        24           1.2000000      2.34193200E+05            17            26           74.000000
        25           1.2500000      2.43951250E+05            13            39           61.000000
        26           1.3000000      2.53709300E+05            13            52           48.000000
        27           1.3500000      2.63467350E+05            13            65           35.000000
        28           1.4000000      2.73225400E+05            11            76           24.000000
        29           1.4500000      2.82983450E+05            13            89           11.000000
        30           1.5000000      2.92741500E+05             3            92            8.000000
        31           1.5500000      3.02499550E+05             3            95            5.000000
        32           1.6000000      3.12257600E+05             2            97            3.000000
        33           1.6500000      3.22015650E+05             3           100             .000000
Summary of preceding table follows:       Grouped data     Ungrouped data
                                 Mean = 1.30200000E+00     1.30197077E+00
                             Variance = 1.74959596E-02     1.70273420E-02
                   Standard deviation = 1.32272293E-01     1.30488858E-01

16 ) -------------------------------------------------------------------------------------------------------------------------------
  SUMMARY   SUMMARY   SUMMARY   SUMMARY   SUMMARY   SUMMARY   SUMMARY   SUMMARY   SUMMARY   SUMMARY   SUMMARY   SUMMARY   SUMMARY
16 ) -------------------------------------------------------------------------------------------------------------------------------
A distribution of peak values among all output branches of the last data card that have the same base value follows.  This
statistical distribution is for the maximum of the peaks at all of these output branches having base  voltage  = 1.95161000E+05
  Interval             voltage         voltage  in     Frequency    Cumulative               Per cent
    number         in per unit      physical units     (density)     frequency     .GE. current value
        22           1.1000000      2.14677100E+05             0             0          100.000000
        23           1.1500000      2.24435150E+05             1             1           99.000000
        24           1.2000000      2.34193200E+05             1             2           98.000000
        25           1.2500000      2.43951250E+05             6             8           92.000000
        26           1.3000000      2.53709300E+05             9            17           83.000000
        27           1.3500000      2.63467350E+05            10            27           73.000000
        28           1.4000000      2.73225400E+05            20            47           53.000000
        29           1.4500000      2.82983450E+05            19            66           34.000000
        30           1.5000000      2.92741500E+05            12            78           22.000000
        31           1.5500000      3.02499550E+05             6            84           16.000000
        32           1.6000000      3.12257600E+05             8            92            8.000000
        33           1.6500000      3.22015650E+05             8           100             .000000
Summary of preceding table follows:       Grouped data     Ungrouped data
                                 Mean = 1.41400000E+00     1.41423147E+00
                             Variance = 1.33626263E-02     1.29458353E-02
                   Standard deviation = 1.15596826E-01     1.13779767E-01

Statistical output of branch voltage   0.1952E+06 |-1     195161.1_2LTC1_2LTA1_2LTA1_2LTB1_2LTB1_2LTC

17 ) -------------------------------------------------------------------------------------------------------------------------------
Statistical distribution of peak voltage  for branch  "1_2LTC"  to  "1_2LTA".   Base voltage  for per unit output = 1.95161000E+05
  Interval             voltage         voltage  in     Frequency    Cumulative               Per cent
    number         in per unit      physical units     (density)     frequency     .GE. current value
        20           1.0000000      1.95161000E+05             0             0          100.000000
        21           1.0500000      2.04919050E+05             1             1           99.000000
        22           1.1000000      2.14677100E+05             2             3           97.000000
        23           1.1500000      2.24435150E+05             6             9           91.000000
        24           1.2000000      2.34193200E+05             5            14           86.000000
        25           1.2500000      2.43951250E+05            16            30           70.000000
        26           1.3000000      2.53709300E+05             6            36           64.000000
        27           1.3500000      2.63467350E+05            11            47           53.000000
        28           1.4000000      2.73225400E+05             7            54           46.000000
        29           1.4500000      2.82983450E+05            10            64           36.000000
        30           1.5000000      2.92741500E+05             7            71           29.000000
        31           1.5500000      3.02499550E+05            12            83           17.000000
        32           1.6000000      3.12257600E+05             6            89           11.000000
        33           1.6500000      3.22015650E+05             3            92            8.000000
        34           1.7000000      3.31773700E+05             0            92            8.000000
        35           1.7500000      3.41531750E+05             5            97            3.000000
        36           1.8000000      3.51289800E+05             1            98            2.000000
        37           1.8500000      3.61047850E+05             1            99            1.000000
        38           1.9000000      3.70805900E+05             1           100             .000000
Summary of preceding table follows:       Grouped data     Ungrouped data
                                 Mean = 1.38550000E+00     1.38597163E+00
                             Variance = 3.36512626E-02     3.30606111E-02
                   Standard deviation = 1.83442805E-01     1.81825771E-01

18 ) -------------------------------------------------------------------------------------------------------------------------------
Statistical distribution of peak voltage  for branch  "1_2LTA"  to  "1_2LTB".   Base voltage  for per unit output = 1.95161000E+05
  Interval             voltage         voltage  in     Frequency    Cumulative               Per cent
    number         in per unit      physical units     (density)     frequency     .GE. current value
        21           1.0500000      2.04919050E+05             0             0          100.000000
        22           1.1000000      2.14677100E+05             6             6           94.000000
        23           1.1500000      2.24435150E+05             7            13           87.000000
        24           1.2000000      2.34193200E+05             8            21           79.000000
        25           1.2500000      2.43951250E+05            10            31           69.000000
        26           1.3000000      2.53709300E+05            10            41           59.000000
        27           1.3500000      2.63467350E+05             8            49           51.000000
        28           1.4000000      2.73225400E+05             9            58           42.000000
        29           1.4500000      2.82983450E+05             6            64           36.000000
        30           1.5000000      2.92741500E+05             7            71           29.000000
        31           1.5500000      3.02499550E+05             7            78           22.000000
        32           1.6000000      3.12257600E+05             3            81           19.000000
        33           1.6500000      3.22015650E+05             8            89           11.000000
        34           1.7000000      3.31773700E+05             4            93            7.000000
        35           1.7500000      3.41531750E+05             3            96            4.000000
        36           1.8000000      3.51289800E+05             2            98            2.000000
        37           1.8500000      3.61047850E+05             0            98            2.000000
        38           1.9000000      3.70805900E+05             1            99            1.000000
        39           1.9500000      3.80563950E+05             1           100             .000000
Summary of preceding table follows:       Grouped data     Ungrouped data
                                 Mean = 1.38200000E+00     1.38228613E+00
                             Variance = 4.14151515E-02     3.97463615E-02
                   Standard deviation = 2.03507129E-01     1.99364895E-01

19 ) -------------------------------------------------------------------------------------------------------------------------------
Statistical distribution of peak voltage  for branch  "1_2LTB"  to  "1_2LTC".   Base voltage  for per unit output = 1.95161000E+05
  Interval             voltage         voltage  in     Frequency    Cumulative               Per cent
    number         in per unit      physical units     (density)     frequency     .GE. current value
        21           1.0500000      2.04919050E+05             0             0          100.000000
        22           1.1000000      2.14677100E+05             6             6           94.000000
        23           1.1500000      2.24435150E+05             7            13           87.000000
        24           1.2000000      2.34193200E+05             9            22           78.000000
        25           1.2500000      2.43951250E+05             8            30           70.000000
        26           1.3000000      2.53709300E+05             6            36           64.000000
        27           1.3500000      2.63467350E+05            13            49           51.000000
        28           1.4000000      2.73225400E+05            14            63           37.000000
        29           1.4500000      2.82983450E+05            11            74           26.000000
        30           1.5000000      2.92741500E+05             6            80           20.000000
        31           1.5500000      3.02499550E+05             6            86           14.000000
        32           1.6000000      3.12257600E+05             3            89           11.000000
        33           1.6500000      3.22015650E+05             5            94            6.000000
        34           1.7000000      3.31773700E+05             2            96            4.000000
        35           1.7500000      3.41531750E+05             2            98            2.000000
        36           1.8000000      3.51289800E+05             1            99            1.000000
        37           1.8500000      3.61047850E+05             0            99            1.000000
        38           1.9000000      3.70805900E+05             1           100             .000000
Summary of preceding table follows:       Grouped data     Ungrouped data
                                 Mean = 1.35800000E+00     1.35708464E+00
                             Variance = 3.10212121E-02     3.09905483E-02
                   Standard deviation = 1.76128397E-01     1.76041325E-01

20 ) -------------------------------------------------------------------------------------------------------------------------------
  SUMMARY   SUMMARY   SUMMARY   SUMMARY   SUMMARY   SUMMARY   SUMMARY   SUMMARY   SUMMARY   SUMMARY   SUMMARY   SUMMARY   SUMMARY
20 ) -------------------------------------------------------------------------------------------------------------------------------
A distribution of peak values among all output branches of the last data card that have the same base value follows.  This
statistical distribution is for the maximum of the peaks at all of these output branches having base  voltage  = 1.95161000E+05
  Interval             voltage         voltage  in     Frequency    Cumulative               Per cent
    number         in per unit      physical units     (density)     frequency     .GE. current value
        22           1.1000000      2.14677100E+05             0             0          100.000000
        23           1.1500000      2.24435150E+05             1             1           99.000000
        24           1.2000000      2.34193200E+05             0             1           99.000000
        25           1.2500000      2.43951250E+05             2             3           97.000000
        26           1.3000000      2.53709300E+05             2             5           95.000000
        27           1.3500000      2.63467350E+05             6            11           89.000000
        28           1.4000000      2.73225400E+05             6            17           83.000000
        29           1.4500000      2.82983450E+05             8            25           75.000000
        30           1.5000000      2.92741500E+05            13            38           62.000000
        31           1.5500000      3.02499550E+05            15            53           47.000000
        32           1.6000000      3.12257600E+05             8            61           39.000000
        33           1.6500000      3.22015650E+05            14            75           25.000000
        34           1.7000000      3.31773700E+05             6            81           19.000000
        35           1.7500000      3.41531750E+05            10            91            9.000000
        36           1.8000000      3.51289800E+05             4            95            5.000000
        37           1.8500000      3.61047850E+05             1            96            4.000000
        38           1.9000000      3.70805900E+05             3            99            1.000000
        39           1.9500000      3.80563950E+05             1           100             .000000
Summary of preceding table follows:       Grouped data     Ungrouped data
                                 Mean = 1.54900000E+00     1.54727908E+00
                             Variance = 2.48222222E-02     2.46730311E-02
                   Standard deviation = 1.57550697E-01     1.57076514E-01

Statistical output of branch voltage   0.1952E+06 |-1     195161.T_OPOAT_OPOBT_OPOBT_OPOCT_OPOCT_OPOA

21 ) -------------------------------------------------------------------------------------------------------------------------------
Statistical distribution of peak voltage  for branch  "T_OPOA"  to  "T_OPOB".   Base voltage  for per unit output = 1.95161000E+05
  Interval             voltage         voltage  in     Frequency    Cumulative               Per cent
    number         in per unit      physical units     (density)     frequency     .GE. current value
        21           1.0500000      2.04919050E+05             0             0          100.000000
        22           1.1000000      2.14677100E+05             1             1           99.000000
        23           1.1500000      2.24435150E+05             8             9           91.000000
        24           1.2000000      2.34193200E+05             5            14           86.000000
        25           1.2500000      2.43951250E+05             7            21           79.000000
        26           1.3000000      2.53709300E+05            11            32           68.000000
        27           1.3500000      2.63467350E+05            10            42           58.000000
        28           1.4000000      2.73225400E+05             7            49           51.000000
        29           1.4500000      2.82983450E+05             6            55           45.000000
        30           1.5000000      2.92741500E+05             9            64           36.000000
        31           1.5500000      3.02499550E+05             6            70           30.000000
        32           1.6000000      3.12257600E+05             4            74           26.000000
        33           1.6500000      3.22015650E+05             4            78           22.000000
        34           1.7000000      3.31773700E+05             6            84           16.000000
        35           1.7500000      3.41531750E+05             5            89           11.000000
        36           1.8000000      3.51289800E+05             1            90           10.000000
        37           1.8500000      3.61047850E+05             6            96            4.000000
        38           1.9000000      3.70805900E+05             2            98            2.000000
        39           1.9500000      3.80563950E+05             0            98            2.000000
        40           2.0000000      3.90322000E+05             1            99            1.000000
        41           2.0500000      4.00080050E+05             1           100             .000000
Summary of preceding table follows:       Grouped data     Ungrouped data
                                 Mean = 1.44350000E+00     1.44396008E+00
                             Variance = 5.12452020E-02     4.99692042E-02
                   Standard deviation = 2.26374031E-01     2.23537926E-01

22 ) -------------------------------------------------------------------------------------------------------------------------------
Statistical distribution of peak voltage  for branch  "T_OPOB"  to  "T_OPOC".   Base voltage  for per unit output = 1.95161000E+05
  Interval             voltage         voltage  in     Frequency    Cumulative               Per cent
    number         in per unit      physical units     (density)     frequency     .GE. current value
        21           1.0500000      2.04919050E+05             0             0          100.000000
        22           1.1000000      2.14677100E+05             3             3           97.000000
        23           1.1500000      2.24435150E+05             4             7           93.000000
        24           1.2000000      2.34193200E+05             8            15           85.000000
        25           1.2500000      2.43951250E+05            11            26           74.000000
        26           1.3000000      2.53709300E+05             6            32           68.000000
        27           1.3500000      2.63467350E+05             4            36           64.000000
        28           1.4000000      2.73225400E+05            12            48           52.000000
        29           1.4500000      2.82983450E+05            14            62           38.000000
        30           1.5000000      2.92741500E+05             6            68           32.000000
        31           1.5500000      3.02499550E+05             9            77           23.000000
        32           1.6000000      3.12257600E+05             4            81           19.000000
        33           1.6500000      3.22015650E+05             5            86           14.000000
        34           1.7000000      3.31773700E+05             6            92            8.000000
        35           1.7500000      3.41531750E+05             4            96            4.000000
        36           1.8000000      3.51289800E+05             0            96            4.000000
        37           1.8500000      3.61047850E+05             1            97            3.000000
        38           1.9000000      3.70805900E+05             0            97            3.000000
        39           1.9500000      3.80563950E+05             2            99            1.000000
        40           2.0000000      3.90322000E+05             1           100             .000000
Summary of preceding table follows:       Grouped data     Ungrouped data
                                 Mean = 1.41600000E+00     1.41618803E+00
                             Variance = 3.99686869E-02     3.90667209E-02
                   Standard deviation = 1.99921702E-01     1.97653031E-01

23 ) -------------------------------------------------------------------------------------------------------------------------------
Statistical distribution of peak voltage  for branch  "T_OPOC"  to  "T_OPOA".   Base voltage  for per unit output = 1.95161000E+05
  Interval             voltage         voltage  in     Frequency    Cumulative               Per cent
    number         in per unit      physical units     (density)     frequency     .GE. current value
        21           1.0500000      2.04919050E+05             0             0          100.000000
        22           1.1000000      2.14677100E+05             2             2           98.000000
        23           1.1500000      2.24435150E+05             3             5           95.000000
        24           1.2000000      2.34193200E+05             5            10           90.000000
        25           1.2500000      2.43951250E+05            10            20           80.000000
        26           1.3000000      2.53709300E+05             9            29           71.000000
        27           1.3500000      2.63467350E+05            10            39           61.000000
        28           1.4000000      2.73225400E+05             8            47           53.000000
        29           1.4500000      2.82983450E+05             7            54           46.000000
        30           1.5000000      2.92741500E+05             8            62           38.000000
        31           1.5500000      3.02499550E+05             7            69           31.000000
        32           1.6000000      3.12257600E+05            11            80           20.000000
        33           1.6500000      3.22015650E+05             3            83           17.000000
        34           1.7000000      3.31773700E+05             6            89           11.000000
        35           1.7500000      3.41531750E+05             3            92            8.000000
        36           1.8000000      3.51289800E+05             0            92            8.000000
        37           1.8500000      3.61047850E+05             5            97            3.000000
        38           1.9000000      3.70805900E+05             0            97            3.000000
        39           1.9500000      3.80563950E+05             2            99            1.000000
        40           2.0000000      3.90322000E+05             1           100             .000000
Summary of preceding table follows:       Grouped data     Ungrouped data
                                 Mean = 1.44200000E+00     1.44324244E+00
                             Variance = 4.26878788E-02     4.20145524E-02
                   Standard deviation = 2.06610452E-01     2.04974516E-01

24 ) -------------------------------------------------------------------------------------------------------------------------------
  SUMMARY   SUMMARY   SUMMARY   SUMMARY   SUMMARY   SUMMARY   SUMMARY   SUMMARY   SUMMARY   SUMMARY   SUMMARY   SUMMARY   SUMMARY
24 ) -------------------------------------------------------------------------------------------------------------------------------
A distribution of peak values among all output branches of the last data card that have the same base value follows.  This
statistical distribution is for the maximum of the peaks at all of these output branches having base  voltage  = 1.95161000E+05
  Interval             voltage         voltage  in     Frequency    Cumulative               Per cent
    number         in per unit      physical units     (density)     frequency     .GE. current value
        23           1.1500000      2.24435150E+05             0             0          100.000000
        24           1.2000000      2.34193200E+05             1             1           99.000000
        25           1.2500000      2.43951250E+05             0             1           99.000000
        26           1.3000000      2.53709300E+05             1             2           98.000000
        27           1.3500000      2.63467350E+05             4             6           94.000000
        28           1.4000000      2.73225400E+05             7            13           87.000000
        29           1.4500000      2.82983450E+05             4            17           83.000000
        30           1.5000000      2.92741500E+05             6            23           77.000000
        31           1.5500000      3.02499550E+05            11            34           66.000000
        32           1.6000000      3.12257600E+05             9            43           57.000000
        33           1.6500000      3.22015650E+05            10            53           47.000000
        34           1.7000000      3.31773700E+05            13            66           34.000000
        35           1.7500000      3.41531750E+05            11            77           23.000000
        36           1.8000000      3.51289800E+05             1            78           22.000000
        37           1.8500000      3.61047850E+05            12            90           10.000000
        38           1.9000000      3.70805900E+05             2            92            8.000000
        39           1.9500000      3.80563950E+05             4            96            4.000000
        40           2.0000000      3.90322000E+05             3            99            1.000000
        41           2.0500000      4.00080050E+05             1           100             .000000
Summary of preceding table follows:       Grouped data     Ungrouped data
                                 Mean = 1.62950000E+00     1.62743801E+00
                             Variance = 3.23785354E-02     3.22169678E-02
                   Standard deviation = 1.79940366E-01     1.79490857E-01

Initialize variables as  "FIND"  begins.          |FIND
Send (request, ALL, SPY, RESET, EXCLUDE, DISK, HELP, QUIT) :
Statistical output of  node  voltage   0.1127E+06 |0      112677.T_MANAT_MANBT_MANC
      Peak extremum of subset has value 1.97502844E+05     This occurred during
      simulation 8  for the variable having names  "T_MANC"  and  "      ".
      This was variable 3  of 3  in the subset;  100  shots were searched.
Send (request, ALL, SPY, RESET, EXCLUDE, DISK, HELP, QUIT) :
Create deterministic data file for shot JP = 8    |DISK
Send (request, ALL, SPY, RESET, EXCLUDE, DISK, HELP, QUIT) :
Initialize variables as  "FIND"  begins.          |RESET
Send (request, ALL, SPY, RESET, EXCLUDE, DISK, HELP, QUIT) :
Exit  FIND  by resuming statistical tabulations.  |QUIT
Comment card.   Card index = 340.                 |C
Initialize variables as  "FIND"  begins.          |FIND
Send (request, ALL, SPY, RESET, EXCLUDE, DISK, HELP, QUIT) :
Statistical output of  node  voltage   0.1127E+06 |0      112677.1_2LTC1_2LTA1_2LTB
      Peak extremum of subset has value 2.30117834E+05     This occurred during
      simulation 13  for the variable having names  "1_2LTA"  and  "      ".
      This was variable 2  of 3  in the subset;  100  shots were searched.
Send (request, ALL, SPY, RESET, EXCLUDE, DISK, HELP, QUIT) :
Create deterministic data file for shot JP = 13   |DISK
Send (request, ALL, SPY, RESET, EXCLUDE, DISK, HELP, QUIT) :
Initialize variables as  "FIND"  begins.          |RESET
Send (request, ALL, SPY, RESET, EXCLUDE, DISK, HELP, QUIT) :
Exit  FIND  by resuming statistical tabulations.  |QUIT
Comment card.   Card index = 346.                 |C
Initialize variables as  "FIND"  begins.          |FIND
Send (request, ALL, SPY, RESET, EXCLUDE, DISK, HELP, QUIT) :
Statistical output of  node  voltage   0.1127E+06 |0      112677.T_OPOAT_OPOBT_OPOC
      Peak extremum of subset has value 2.04509051E+05     This occurred during
      simulation 13  for the variable having names  "T_OPOA"  and  "      ".
      This was variable 1  of 3  in the subset;  100  shots were searched.
Send (request, ALL, SPY, RESET, EXCLUDE, DISK, HELP, QUIT) :
Create deterministic data file for shot JP = 13   |DISK
Send (request, ALL, SPY, RESET, EXCLUDE, DISK, HELP, QUIT) :
Initialize variables as  "FIND"  begins.          |RESET
Send (request, ALL, SPY, RESET, EXCLUDE, DISK, HELP, QUIT) :
Exit  FIND  by resuming statistical tabulations.  |QUIT
Comment card.   Card index = 352.                 |C
Initialize variables as  "FIND"  begins.          |FIND
Send (request, ALL, SPY, RESET, EXCLUDE, DISK, HELP, QUIT) :
Statistical output of branch voltage   0.1952E+06 |-1     195161.T_MANAT_MANBT_MANBT_MANCT_MANCT_MANA
      Peak extremum of subset has value 3.20549726E+05     This occurred during
      simulation 92  for the variable having names  "T_MANA"  and  "T_MANB".
      This was variable 1  of 3  in the subset;  100  shots were searched.
Send (request, ALL, SPY, RESET, EXCLUDE, DISK, HELP, QUIT) :
Create deterministic data file for shot JP = 92   |DISK
Send (request, ALL, SPY, RESET, EXCLUDE, DISK, HELP, QUIT) :
Initialize variables as  "FIND"  begins.          |RESET
Send (request, ALL, SPY, RESET, EXCLUDE, DISK, HELP, QUIT) :
Exit  FIND  by resuming statistical tabulations.  |QUIT
Initialize variables as  "FIND"  begins.          |FIND
Send (request, ALL, SPY, RESET, EXCLUDE, DISK, HELP, QUIT) :
Statistical output of branch voltage   0.1952E+06 |-1     195161.1_2LTC1_2LTA1_2LTA1_2LTB1_2LTB1_2LTC
      Peak extremum of subset has value 3.73086922E+05     This occurred during
      simulation 92  for the variable having names  "1_2LTA"  and  "1_2LTB".
      This was variable 2  of 3  in the subset;  100  shots were searched.
Send (request, ALL, SPY, RESET, EXCLUDE, DISK, HELP, QUIT) :
Create deterministic data file for shot JP = 92   |DISK
Send (request, ALL, SPY, RESET, EXCLUDE, DISK, HELP, QUIT) :
Initialize variables as  "FIND"  begins.          |RESET
Send (request, ALL, SPY, RESET, EXCLUDE, DISK, HELP, QUIT) :
Exit  FIND  by resuming statistical tabulations.  |QUIT
Comment card.   Card index = 363.                 |C
Initialize variables as  "FIND"  begins.          |FIND
Send (request, ALL, SPY, RESET, EXCLUDE, DISK, HELP, QUIT) :
Statistical output of branch voltage   0.1952E+06 |-1     195161.T_OPOAT_OPOBT_OPOBT_OPOCT_OPOCT_OPOA
      Peak extremum of subset has value 3.90979864E+05     This occurred during
      simulation 92  for the variable having names  "T_OPOA"  and  "T_OPOB".
      This was variable 1  of 3  in the subset;  100  shots were searched.
Send (request, ALL, SPY, RESET, EXCLUDE, DISK, HELP, QUIT) :
Create deterministic data file for shot JP = 92   |DISK
Send (request, ALL, SPY, RESET, EXCLUDE, DISK, HELP, QUIT) :
Initialize variables as  "FIND"  begins.          |RESET
Send (request, ALL, SPY, RESET, EXCLUDE, DISK, HELP, QUIT) :
Exit  FIND  by resuming statistical tabulations.  |QUIT
Comment card.   Card index = 369.                 |C
Initialize variables as  "FIND"  begins.          |FIND
Send (request, ALL, SPY, RESET, EXCLUDE, DISK, HELP, QUIT) :
Statistical output of branch energy    0.1000E+04 |-4        1.E3PRMANA      PRMANB      PRMANC
      Peak extremum of subset has value 1.74455799E+03     This occurred during
      simulation 8  for the variable having names  "PRMANC"  and  "      ".
      This was variable 3  of 3  in the subset;  100  shots were searched.
Send (request, ALL, SPY, RESET, EXCLUDE, DISK, HELP, QUIT) :
Create deterministic data file for shot JP = 8    |DISK
Send (request, ALL, SPY, RESET, EXCLUDE, DISK, HELP, QUIT) :
Initialize variables as  "FIND"  begins.          |RESET
Send (request, ALL, SPY, RESET, EXCLUDE, DISK, HELP, QUIT) :
Exit  FIND  by resuming statistical tabulations.  |QUIT
Comment card.   Card index = 375.                 |C
Initialize variables as  "FIND"  begins.          |FIND
Send (request, ALL, SPY, RESET, EXCLUDE, DISK, HELP, QUIT) :
Statistical output of branch energy    0.1000E+04 |-4        1.E3PROPOA      PROPOB      PROPOC
      Peak extremum of subset has value 9.69300332E+03     This occurred during
      simulation 13  for the variable having names  "PROPOA"  and  "      ".
      This was variable 1  of 3  in the subset;  100  shots were searched.
Send (request, ALL, SPY, RESET, EXCLUDE, DISK, HELP, QUIT) :
Create deterministic data file for shot JP = 13   |DISK
Send (request, ALL, SPY, RESET, EXCLUDE, DISK, HELP, QUIT) :
Initialize variables as  "FIND"  begins.          |RESET
Send (request, ALL, SPY, RESET, EXCLUDE, DISK, HELP, QUIT) :
Exit  FIND  by resuming statistical tabulations.  |QUIT
Comment card.   Card index = 381.                 |C
Blank card ends statistical tabulation requests.  |BLANK STATISTICS

                                      Sample curve symbols : "A", "B", and "C"
                                      Theoretical curve symbol : "*"
                                      Common curve symbol : "X"

        Switch  "XX0014"  to  "XX0015"            Switch  "XX0016"  to  "XX0017"            Switch  "XX0018"  to  "XX0019"
4.41400000E-01   switchings per column          4.41400000E-01   switchings per column     4.41400000E-01   switchings per column
              Columns                                     Columns                                     Columns
          5   10   15   20   25   30                5   10   15   20   25   30                5   10   15   20   25   30
     +----+----+----+----+----+----+           +----+----+----+----+----+----+           +----+----+----+----+----+----+
    X                                         X                                         X
    X                                         X                                         X
    X                                         X                                         X
    *    A                                    X                                         X
    A*                                        |*   B                                    C*
    A *                                       B *                                       | X
    |   *A                                    |   *  B                                  | C *
    |       *     A                           |       *B                                |       *         C
    |        A  *                             |           *     B                       |           * C
    |                 * A                     |          B      *                       |        C        *
    |                       *    A            |                       *  B              |                       *    C
    |                           *A            |                           *             |  B                        *   C
    |  2.0000E-02                 * A         |  2.0000E-02          B      *           |  2.0000E-02       C         *
    |                      A    *             |               B           *             |                      C    *
    |                   A   *                 |             B         *                 |                       *       C
    |             A   *                       |             B   *                       |             C   *
    |           *   A                         |           *     B                       |      C    *
    |       *A                                |       *B                                |       *         C
    | A *                                     |   *      B                              | C *
    A *                                       B *                                       | X
    A*                                        B*                                        |*C
    X                                         X                                         X
    X                                         X                                         X
    X                                         X                                         X
    X                                         X                                         X
   Time (scale = 2.77666667E-04  Sec/line)   Time (scale = 2.77666667E-04  Sec/line)   Time  (scale = 2.77666667E-04  Sec/line)
 .... Questionable Kolmogorov-Smirnov test result = 2.47539704E-01
 .... Questionable Kolmogorov-Smirnov test result = 1.27117129E-01
 .... Questionable Kolmogorov-Smirnov test result = 8.88889248E-01

Memory storage figures for the preceding, now-completed data case.  -------------------------------  Present   Program
A value of  "-9999"  indicates that no figure is available.         03-Sep-26  18.30.31              figure     limit  (name)
     Size List 1.   Number of electric network nodes.                                                   97      100K  (LBUS)
     Size List 2.   Number of electric network branches.                                               129      120K  (LBRNCH)
     Size List 3.   Number of data values in R, L, C tables.                                           126      500K  (LDATA)
     Size List 4.   Number of electric network sources.                                                  9     20000  (LEXCT)
     Size List 5.   Storage for [Y] & triangularized [Y].  No. times = 626   Factors = 546             924     2000K  (LYMAT)
     Size List 6.   Number of entries in switch table.                  No. flops = 15                  15      5000  (LSWTCH)
     Size List 7.   Number of distinct ALPHANUMERIC data names plus program SPY variables.             162      200K  (LSIZE7)
     Size List 8.   History points of distributed lines.                                               112     2000K  (LPAST)
     Size List 9.   Number of nonlinear elements.                                                       15     10000  (LNONL)
     Size List 10.  Points of nonlinear characteristics.                                                40     16000  (LCHAR)
     Size List 11.  Number of Type-59 S.M. outputs.                                                      0      3000  (LSMOUT)
     Size List 12.  Total number of EMTP output variables.                                              42     12000  (LSIZ12)
     Size List 13.  Working space for batch/SPY plotting.                                            -9999     1000K  (LSIZ13)
     Size List 14.  S.M./U.M. connections to TACS.                                                   -9999      2000  (LBSTAC)
     Size List 15.  Character storage in bytes for MODELS.                                           -9999     2000K  (LCTACS)
     Size List 16.  Total number of Type-59 S.M. masses.                                                 0      3200  (LIMASS)
     Size List 17.  Number of Type-59 Synchronous machines.                                              0       360  (LSYN)
     Size List 18.  Branch and switch power/energy outputs.                                              9      1016  (MAXPE)
     Size List 19.  Total floating-point TACS table space.                                              23     2000K  (LTACST)
     Size List 20.  Non-copied recursive convolution data plus SEEK of MODELS.                           0     2000K  (LFSEM)
     Size List 21.  Total modal/phase [T] matrix storage.                                               36     12000  (LFD)
     Size List 22.  Total recursive convolution history.                                                 0     1000K  (LHIST)
     Size List 23.  Giant vectors for renumbering, phasors;  also extrema accumulation.               9057     2000K  (LSIZ23)
     Size List 24.  Peak phases of compensation for data.                                                3        36  (LCOMP)
     Size List 25.  Total table space for all U.M usage.                                             -9999      240K  (LSPCUM)
     Size List 26.  Square of max number of coupled phases.                                              9     2000K  (LSIZ26)
     Size List 27.  Maximum number of MODELS top variables.                                          -9999      100K  (LSIZ27)
     Size List 28.  MODELS.  Total work space is divided into INTEGER and REAL.  1st, REAL:          -9999     2000K  (LRTACS)
                             Second  and last,  statistics for INTEGER work space.                       0         0  (LITACS)
     Size List 29.  RAM disk used by "TAPSAV" table saving (limit is "LABCOM" size LTLABL).          -9999  84700944  (LSIZ29)
     Size List 30.  ULM line or Noda line or User line circuits.                                           0        39  (LSIZ30)
Timing figures characterizing central processor (CP) solution speed.  ----------------------------   CP sec  Wait sec  Real sec
     Data input time (through blank card ending branches) ....                                       0.000     0.000     0.000
     Node renumbering and phasor solution  ....                                                      0.020     0.000     0.020
     After phasor solution, but before time-step loop  ....                                          0.000     0.000     0.000
     Integration of equations (time-step loop)  ....                                                21.930     0.000    21.930
     Plotting or STATISTICS termination overlays ....                                                0.020     0.000     0.020
                                                                                                    ---------------------------
                                                                                          Totals     21.970     0.000    21.970

