   ---   334   cards of disk file read into card cache cells  1   onward.
Alternative Transients Program (ATP),  Intel Visual Fortran.    All rights reserved by Can/Am user group of Portland, Oregon, USA.
 Date (dd-mth-yy) and time of day (hh.mm.ss) = 03-Sep-26  15.32.04    Name of disk plot file is  shot0074.pl4
Consult the 860-page ATP Rule Book of the Can/Am EMTP User Group in Portland,  Oregon, USA.  Source code date is 19 June 2017.
Total size of LABCOM tables = 80605677 INTEGER words.  31 VARDIM  List Sizes follow:  100K  120K  500K  20K  2000K  5K  200K
 2000K  10K  16K  3K  12K 1000K  2K 2000K  3200  360  1016 2000K 2000K  12K 1000K 2000K  36  240K 2000K  100K 2000K84700K  39  100K
--------------------------------------------------+--------------------------------------------------------------------------------
Descriptive interpretation of input data cards.   |  Input data card images are shown below, all 80 columns, character by character
                                                  0         1         2         3         4         5         6         7         8
                                                  012345678901234567890123456789012345678901234567890123456789012345678901234567890
--------------------------------------------------+--------------------------------------------------------------------------------
Comment card.   Card index = 1.                   |C data:shot0074.dat
Comment card.   Card index = 2.                   |C data:case.atp
Marker card preceding new EMTP data case.         |BEGIN NEW DATA CASE
Comment card.   Card index = 4.                   |C ------------------------------------------------------------------------------
Comment card.   Card index = 5.                   |C Generated by ATPDraw September, 3, 2026
Comment card.   Card index = 6.                   |C from project /tmp/tmppzs5ohjw/case.xml
Comment card.   Card index = 7.                   |C ATPDraw developed by H. K. Høidalen at NTNU - NORWAY 1999-2022
Comment card.   Card index = 8.                   |C ------------------------------------------------------------------------------
Use  SPY  DEPOSIT  on following variable.         |$DEPOSIT, SIGMAX=3.0
Comment card.   Card index = 10.                  |C $DUMMY, XYZ000
Comment card.   Card index = 11.                  |C  dT  >< Tmax >< Xopt >< Copt ><Epsiln>
Misc. data.     1.000E-05   3.000E-01   6.000E+01 |   1.E-5      .3     60.     60.  1.E-16
Misc. data.    500    1  1  1  1  0  0  1  0  0   |     500       1       1       1       1       0               1
Comment card.   Card index = 14.                  |C        1         2         3         4         5         6         7         8
Comment card.   Card index = 15.                  |C 345678901234567890123456789012345678901234567890123456789012345678901234567890
Comment card.   Card index = 16.                  |C < n1 >< n2 ><ref1><ref2>< R  >< L  >< C  >
Comment card.   Card index = 17.                  |C < n1 >< n2 ><ref1><ref2>< R  >< A  >< B  ><Leng><><>0
Comment card.   Card index = 18.                  |C bar from: 390 - bar to: 391 - fictional: 1505 1505 - SGOTA3-MG000
Sat. Xformer.    2.456E-02  2.878E+01  0.000E+00  |  TRANSFORMER             .0245628.784X0001A                                   0
    Breakpoint.      2.45605E-02    2.87840E+01   |     0.024560452        28.78395
    Breakpoint.      9.03510E-01    1.08293E+03   |     0.903510298      1082.93048
    Breakpoint.      1.66111E+00    1.13708E+03   |      1.66111143        1137.077
    Breakpoint.      3.75350E+00    1.19122E+03   |      3.75349629      1191.22352
    Breakpoint.      7.42970E+00    1.23454E+03   |      7.42970164      1234.54074
    Breakpoint.      1.75927E+01    1.28869E+03   |      17.5926808      1288.68727
    Breakpoint.      2.79951E+01    1.30601E+03   |      27.9951131      1306.01415
    Breakpoint.      8.30078E+02    1.55942E+03   |       830.07831      1559.41988
Special termination-of-points card.               |            9999
  Winding 1.   1.7190E+00  1.8237E-01  2.8868E+02 | 1390A                     1.719 68.75288.68
  Winding 2.   1.8700E-01 -1.9892E-02  1.9919E+02 | 2391A                      .187-7.499199.19
  Winding 3.   3.2000E-02  1.1247E-03  1.3800E+01 | 3395A  395B                .032  .424  13.8
Transformer copy using reference name  "X0001A"   |  TRANSFORMER X0001A                  X0001B                                   0
  Winding 1.   (No values read, since copy)       | 1390B
  Winding 2.   (No values read, since copy)       | 2391B
  Winding 3.   (No values read, since copy)       | 3395B  395C
Transformer copy using reference name  "X0001A"   |  TRANSFORMER X0001A                  X0001C                                   0
  Winding 1.   (No values read, since copy)       | 1390C
  Winding 2.   (No values read, since copy)       | 2391C
  Winding 3.   (No values read, since copy)       | 3395C  395A
Series R-L-C.   1.000E+06  0.000E+00  0.000E+00   |  395A                      1.E6                                               0
Series R-L-C.   1.000E+06  0.000E+00  0.000E+00   |  395B                      1.E6                                               0
Series R-L-C.   1.000E+06  0.000E+00  0.000E+00   |  395C                      1.E6                                               0
Comment card.   Card index = 43.                  |C bar from: 390 - bar to: 391 - fictional: 393 393 - SGOTA4-MG000
Sat. Xformer.    2.456E-02  2.878E+01  0.000E+00  |  TRANSFORMER             .0245628.784X0002A                                   0
    Breakpoint.      2.45605E-02    2.87840E+01   |     0.024560452        28.78395
    Breakpoint.      9.03510E-01    1.08293E+03   |     0.903510298      1082.93048
    Breakpoint.      1.66111E+00    1.13708E+03   |      1.66111143        1137.077
    Breakpoint.      3.75350E+00    1.19122E+03   |      3.75349629      1191.22352
    Breakpoint.      7.42970E+00    1.23454E+03   |      7.42970164      1234.54074
    Breakpoint.      1.75927E+01    1.28869E+03   |      17.5926808      1288.68727
    Breakpoint.      2.79951E+01    1.30601E+03   |      27.9951131      1306.01415
    Breakpoint.      8.30078E+02    1.55942E+03   |       830.07831      1559.41988
Special termination-of-points card.               |            9999
  Winding 1.   1.5120E+00  1.6048E-01  2.8868E+02 | 1390A                     1.512  60.5288.68
  Winding 2.   5.4000E-02 -5.6818E-03  1.9919E+02 | 2391A                      .054-2.142199.19
  Winding 3.   3.2000E-02  1.1194E-03  1.3800E+01 | 3397A  397B                .032  .422  13.8
Transformer copy using reference name  "X0002A"   |  TRANSFORMER X0002A                  X0002B                                   0
  Winding 1.   (No values read, since copy)       | 1390B
  Winding 2.   (No values read, since copy)       | 2391B
  Winding 3.   (No values read, since copy)       | 3397B  397C
Transformer copy using reference name  "X0002A"   |  TRANSFORMER X0002A                  X0002C                                   0
  Winding 1.   (No values read, since copy)       | 1390C
  Winding 2.   (No values read, since copy)       | 2391C
  Winding 3.   (No values read, since copy)       | 3397C  397A
Series R-L-C.   1.000E+06  0.000E+00  0.000E+00   |  397A                      1.E6                                               0
Series R-L-C.   1.000E+06  0.000E+00  0.000E+00   |  397B                      1.E6                                               0
Series R-L-C.   1.000E+06  0.000E+00  0.000E+00   |  397C                      1.E6                                               0
Comment card.   Card index = 68.                  |C bar from: 391 - bar to: 9098 - fictional: 42076 42076 - SGOTA6-MG000
Sat. Xformer.    6.149E-02  9.864E+00  0.000E+00  |  TRANSFORMER             .061499.8638X0003A                                   0
    Breakpoint.      6.14884E-02    9.86378E+00   |     0.061488436        9.863778
    Breakpoint.      9.82097E-01    7.47225E+02   |     0.982097019      747.225029
    Breakpoint.      1.80559E+00    7.84586E+02   |      1.80559379      784.586281
    Breakpoint.      4.07997E+00    8.21948E+02   |      4.07997288      821.947532
    Breakpoint.      8.07593E+00    8.51837E+02   |      8.07593211      851.836533
    Breakpoint.      1.91229E+01    8.89198E+02   |      19.1228804      889.197785
    Breakpoint.      3.04301E+01    9.01153E+02   |      30.4301093      901.153385
    Breakpoint.      9.02278E+02    1.07600E+03   |      902.277966      1076.00404
Special termination-of-points card.               |            9999
  Winding 1.   7.4000E-01  7.8564E-02  1.9919E+02 | 1391A                       .7429.618199.19
  Winding 2.   9.0000E-03 -9.0453E-04  7.9674E+01 | 29098A                     .009 -.34179.674
  Winding 3.   5.4000E-02  1.8966E-03  1.3800E+01 | 342077A42077B              .054  .715  13.8
Transformer copy using reference name  "X0003A"   |  TRANSFORMER X0003A                  X0003B                                   0
  Winding 1.   (No values read, since copy)       | 1391B
  Winding 2.   (No values read, since copy)       | 29098B
  Winding 3.   (No values read, since copy)       | 342077B42077C
Transformer copy using reference name  "X0003A"   |  TRANSFORMER X0003A                  X0003C                                   0
  Winding 1.   (No values read, since copy)       | 1391C
  Winding 2.   (No values read, since copy)       | 29098C
  Winding 3.   (No values read, since copy)       | 342077C42077A
Series R-L-C.   1.000E+06  0.000E+00  0.000E+00   |  42077A                    1.E6                                               0
Series R-L-C.   1.000E+06  0.000E+00  0.000E+00   |  42077B                    1.E6                                               0
Series R-L-C.   1.000E+06  0.000E+00  0.000E+00   |  42077C                    1.E6                                               0
Comment card.   Card index = 93.                  |C 42077 - SGOTA6-MG013
Comment card.   Card index = 94.                  |C bar from: 9098 - bar to: 9049 - circuit: 7 SGO-DF-MG138 SGOTA2-MG138 300.0
Sat. Xformer.    1.538E-01  8.392E+01  0.000E+00  |  TRANSFORMER             .1538183.924X0004A                                   0
    Breakpoint.      1.53808E-01    8.39241E+01   |      0.15380798       83.924129
    Breakpoint.      2.45543E+00    2.98868E+02   |      2.45542745      298.867504
    Breakpoint.      4.51432E+00    3.13811E+02   |      4.51432442      313.810879
    Breakpoint.      1.02007E+01    3.28754E+02   |      10.2007004      328.754254
    Breakpoint.      2.01914E+01    3.40709E+02   |      20.1913508      340.708954
    Breakpoint.      4.78108E+01    3.55652E+02   |      47.8108014       355.65233
    Breakpoint.      7.60810E+01    3.60434E+02   |      76.0810026       360.43421
    Breakpoint.      2.25586E+03    4.30369E+02   |      2255.86479      430.369205
Special termination-of-points card.               |            9999
  Winding 1.   3.6000E-02  3.8038E-03  7.9674E+01 | 19049A                     .036 1.43479.674
  Winding 2.   3.6000E-02  3.8038E-03  7.9674E+01 | 29098A                     .036 1.43479.674
Transformer copy using reference name  "X0004A"   |  TRANSFORMER X0004A                  X0004B                                   0
  Winding 1.   (No values read, since copy)       | 19049B
  Winding 2.   (No values read, since copy)       | 29098B
Transformer copy using reference name  "X0004A"   |  TRANSFORMER X0004A                  X0004C                                   0
  Winding 1.   (No values read, since copy)       | 19049C
  Winding 2.   (No values read, since copy)       | 29098C
Series R-L-C.   1.000E+06  0.000E+00  0.000E+00   |  9098A                     1.E6                                               0
Series R-L-C.   1.000E+06  0.000E+00  0.000E+00   |  9098B                     1.E6                                               0
Series R-L-C.   1.000E+06  0.000E+00  0.000E+00   |  9098C                     1.E6                                               0
1st of coupled R-L.   1.13780E+01  1.41787E-01    |51X0005AX0008A            11.378     53.4525
2nd coil. 1.373E+00 5.617E-02 0.000E+00 0.000E+00 |52X0005BX0008B            1.3727     21.1765
Zca, Zcc= 3.335E+00 2.854E-02 4.708E+00 8.471E-02 |53X0005CX0008C
1st of coupled R-L.   3.90950E+02  1.44245E+00    |51X0007AX0006A            390.95 543.7895175
2nd coil. 8.644E+00 2.480E-01 0.000E+00 0.000E+00 |52X0007BX0006B            8.6441  93.4941375
Zca, Zcc= 1.274E+02 3.981E-01 1.361E+02 6.461E-01 |53X0007CX0006C
Comment card.   Card index = 122.                 |C < n1 >< n2 ><ref1><ref2>< R  >< L  >< C  >
Comment card.   Card index = 123.                 |C < n1 >< n2 ><ref1><ref2>< R  >< A  >< B  ><Leng><><>0
Comment card.   Card index = 124.                 |C < n1 >< n2 ><ref1><ref2>< R  >< L  >< C  >
Comment card.   Card index = 125.                 |C < n1 >< n2 ><ref1><ref2>< R  >< A  >< B  ><Leng><><>0
1st of coupled R-L.   3.69000E+07  8.17724E+04    |51391A  E001A             3.69E7   30827475.
2nd coil. 2.160E+04 1.538E+02 0.000E+00 0.000E+00 |52391B  E001B             21598.   57981.719
Zca, Zcc= 1.229E+07 2.721E+04 1.231E+07 2.736E+04 |53391C  E001C
Sat. Xformer.    0.000E+00  0.000E+00  1.000E+06  |  TRANSFORMER                         ST001A  1.E6                             0
Special termination-of-points card.               |            9999
  Winding 1.   1.0000E-04  2.6526E-07  1.9919E+02 | 1E001A                    .0001 .0001199.19
  Winding 2.   1.0000E-04  2.6526E-07  7.9674E+01 | 29049A                    .0001 .000179.674
Transformer copy using reference name  "ST001A"   |  TRANSFORMER ST001A                  ST001B                                   0
  Winding 1.   (No values read, since copy)       | 1E001B
  Winding 2.   (No values read, since copy)       | 29049B
Transformer copy using reference name  "ST001A"   |  TRANSFORMER ST001A                  ST001C                                   0
  Winding 1.   (No values read, since copy)       | 1E001C
  Winding 2.   (No values read, since copy)       | 29049C
1st of coupled R-L.   1.58000E+05  4.43667E+02    |51390A  E002A             1.58E5    167258.5
2nd coil. 1.673E+02 3.619E+00 0.000E+00 0.000E+00 |52390B  E002B             167.31    1364.325
Zca, Zcc= 5.261E+04 1.467E+02 5.278E+04 1.503E+02 |53390C  E002C
Sat. Xformer.    0.000E+00  0.000E+00  1.000E+06  |  TRANSFORMER                         ST002A  1.E6                             0
Special termination-of-points card.               |            9999
  Winding 1.   1.0000E-04  2.6526E-07  2.8868E+02 | 1E002A                    .0001 .0001288.68
  Winding 2.   1.0000E-04  2.6526E-07  1.9919E+02 | 2391A                     .0001 .0001199.19
Transformer copy using reference name  "ST002A"   |  TRANSFORMER ST002A                  ST002B                                   0
  Winding 1.   (No values read, since copy)       | 1E002B
  Winding 2.   (No values read, since copy)       | 2391B
Transformer copy using reference name  "ST002A"   |  TRANSFORMER ST002A                  ST002C                                   0
  Winding 1.   (No values read, since copy)       | 1E002C
  Winding 2.   (No values read, since copy)       | 2391C
1st of coupled R-L.   6.29570E+04  3.30096E+02    |51390A  E003A             62957.   124443.25
2nd coil. 1.236E+03 1.123E+01 0.000E+00 0.000E+00 |52390B  E003B             1235.6     4232.25
Zca, Zcc= 2.057E+04 1.063E+02 2.181E+04 1.175E+02 |53390C  E003C
Sat. Xformer.    0.000E+00  0.000E+00  1.000E+06  |  TRANSFORMER                         ST003A  1.E6                             0
Special termination-of-points card.               |            9999
  Winding 1.   1.0000E-04  2.6526E-07  2.8868E+02 | 1E003A                    .0001 .0001288.68
  Winding 2.   1.0000E-04  2.6526E-07  7.9674E+01 | 29049A                    .0001 .000179.674
Transformer copy using reference name  "ST003A"   |  TRANSFORMER ST003A                  ST003B                                   0
  Winding 1.   (No values read, since copy)       | 1E003B
  Winding 2.   (No values read, since copy)       | 29049B
Transformer copy using reference name  "ST003A"   |  TRANSFORMER ST003A                  ST003C                                   0
  Winding 1.   (No values read, since copy)       | 1E003C
  Winding 2.   (No values read, since copy)       | 29049C
Series R-L-C.   1.000E-03  0.000E+00  0.000E+00   |  T_MANCXX0012              .001                                               0
Series R-L-C.   1.000E-03  0.000E+00  0.000E+00   |  XX0013MEASUC              .001                                               4
Series R-L-C.   1.000E-03  0.000E+00  0.000E+00   |  T_MANBXX0014              .001                                               0
Series R-L-C.   1.000E-03  0.000E+00  0.000E+00   |  XX0015MEASUB              .001                                               4
Series R-L-C.   1.000E-03  0.000E+00  0.000E+00   |  T_MANAXX0016              .001                                               0
Series R-L-C.   1.000E-03  0.000E+00  0.000E+00   |  XX0017MEASUA              .001                                               4
Series R-L-C.   1.000E-03  0.000E+00  0.000E+00   |  T_MANAPRMANA              .001                                               0
Series R-L-C.   1.000E-03  0.000E+00  0.000E+00   |  T_MANBPRMANB              .001                                               0
Series R-L-C.   1.000E-03  0.000E+00  0.000E+00   |  T_MANCPRMANC              .001                                               0
Series R-L-C.   1.000E-03  0.000E+00  0.000E+00   |  T_OPOAPROPOA              .001                                               0
Series R-L-C.   1.000E-03  0.000E+00  0.000E+00   |  T_OPOBPROPOB              .001                                               0
Series R-L-C.   1.000E-03  0.000E+00  0.000E+00   |  T_OPOCPROPOC              .001                                               0
Comment card.   Card index = 177.                 |C 145 kV, Ur=120, MCOV = 96.kV Classe 3: 8kJ/kVr
Type-92 R(i)   0.0000E+00  0.0000E+00  4.4440E+03 |92      PRMANA                         4444.                                   4
Piecewise-lin.   0.000E+00  1.000E+19  0.000E+00  |                                               -1.
    Breakpoint.      1.00000E-03    1.35764E+05   |                    0.001                  135764.
    Breakpoint.      2.00000E-02    1.76190E+05   |                     0.02                  176190.
    Breakpoint.      2.00000E+00    1.85000E+05   |                       2.                   1.85E5
    Breakpoint.      2.00000E+01    1.95461E+05   |                      20.                  195461.
    Breakpoint.      2.50000E+02    2.16935E+05   |                     250.                  216935.
    Breakpoint.      5.00000E+02    2.26000E+05   |                     500.                   2.26E5
    Breakpoint.      1.00000E+03    2.31000E+05   |                     1.E3                   2.31E5
    Breakpoint.      2.00000E+03    2.43000E+05   |                     2.E3                   2.43E5
Special termination-of-points card.               |            9999
Reference branch.   Copy  (      , PRMANA )       |92      PRMANB      PRMANA             4444.                                   4
Reference branch.   Copy  (      , PRMANA )       |92      PRMANC      PRMANA             4444.                                   4
Comment card.   Card index = 191.                 |C 145 kV, Ur=120, MCOV = 96.kV Classe 3: 8kJ/kVr
Type-92 R(i)   0.0000E+00  0.0000E+00  4.4440E+03 |92      PROPOA                         4444.                                   4
Piecewise-lin.   0.000E+00  1.000E+19  0.000E+00  |                                               -1.
    Breakpoint.      1.00000E-03    1.35764E+05   |                    0.001                  135764.
    Breakpoint.      2.00000E-02    1.76190E+05   |                     0.02                  176190.
    Breakpoint.      2.00000E+00    1.85000E+05   |                       2.                   1.85E5
    Breakpoint.      2.00000E+01    1.95461E+05   |                      20.                  195461.
    Breakpoint.      2.50000E+02    2.16935E+05   |                     250.                  216935.
    Breakpoint.      5.00000E+02    2.26000E+05   |                     500.                   2.26E5
    Breakpoint.      1.00000E+03    2.31000E+05   |                     1.E3                   2.31E5
    Breakpoint.      2.00000E+03    2.43000E+05   |                     2.E3                   2.43E5
Special termination-of-points card.               |            9999
Reference branch.   Copy  (      , PROPOA )       |92      PROPOB      PROPOA             4444.                                   4
Reference branch.   Copy  (      , PROPOA )       |92      PROPOC      PROPOA             4444.                                   4
Comment card.   Card index = 205.                 |C 1/6
Comment card.   Card index = 206.                 |C  <++++++>  Cards punched by support routine on  03-Sep-26  16.18.31  <++++++>
Comment card.   Card index = 207.                 |C    **** UNTRANSPOSED K.C. Lee line calculated at   6.000E+01 HZ. ****
Comment card.   Card index = 208.                 |C LINE CONSTANTS
Comment card.   Card index = 209.                 |C $ERASE
Comment card.   Card index = 210.                 |C BRANCH  IN_001OUT001IN_002OUT002IN_003OUT003
Comment card.   Card index = 211.                 |C METRIC
Comment card.   Card index = 212.                 |C   1   .5   .1899 4           1.828    -3.2   22.04      7.     0.0   0.0
Comment card.   Card index = 213.                 |C   2   .5   .1899 4           1.828     3.2    23.9    8.86     0.0   0.0
Comment card.   Card index = 214.                 |C   3   .5   .1899 4           1.828    -3.2   25.76   10.72     0.0   0.0
Comment card.   Card index = 215.                 |C   0.2742    .667 4            1.24     0.0   29.44    18.6     0.0   0.0
Comment card.   Card index = 216.                 |C BLANK CARD ENDING CONDUCTOR CARDS
Comment card.   Card index = 217.                 |C     1.E3       60.                              13.3                 1
Comment card.   Card index = 218.                 |C    The transformation matrix was calculated at  6.00000000E+01 Hz.
New MOLDAT = 1     (data vintage).                |$VINTAGE, 1
 5.284E-01 8.593E+02 2.210E+05 8.593E+02 6.017E-05|-1T_MANAX0009A             5.28357E-01 8.59331E+02 2.21024E+05-1.33000E+01 1  3
 1.912E-01 3.671E+02 2.934E+05 3.671E+02 4.533E-05|-2T_MANBX0009B             1.91185E-01 3.67062E+02 2.93377E+05-1.33000E+01 1  3
 1.906E-01 4.134E+02 2.936E+05 4.134E+02 4.529E-05|-3T_MANCX0009C             1.90555E-01 4.13371E+02 2.93650E+05-1.33000E+01 1  3
New MOLDAT = 0     (data vintage).                |$VINTAGE, 0
TR(1,1 )...  0.594-0.699 0.402                    |  0.59364229 -0.69928374  0.40193149
TI(1,1 )...  0.000 0.000 0.000                    |  0.00000000  0.00000000  0.00000000
TR(2,1 )...  0.611 0.022-0.814                    |  0.61125068  0.02235166 -0.81448972
TI(2,1 )...  0.000 0.000 0.000                    |  0.00000000  0.00000000  0.00000000
TR(3,1 )...  0.523 0.714 0.418                    |  0.52341326  0.71449469  0.41839881
TI(3,1 )...  0.000 0.000 0.000                    |  0.00000000  0.00000000  0.00000000
Comment card.   Card index = 230.                 |C 1/6
Comment card.   Card index = 231.                 |C  <++++++>  Cards punched by support routine on  03-Sep-26  16.18.32  <++++++>
Comment card.   Card index = 232.                 |C    **** UNTRANSPOSED K.C. Lee line calculated at   6.000E+01 HZ. ****
Comment card.   Card index = 233.                 |C LINE CONSTANTS
Comment card.   Card index = 234.                 |C $ERASE
Comment card.   Card index = 235.                 |C BRANCH  IN_001OUT001IN_002OUT002IN_003OUT003
Comment card.   Card index = 236.                 |C METRIC
Comment card.   Card index = 237.                 |C   1   .5   .1899 4           1.828    -3.2   22.04      7.     0.0   0.0
Comment card.   Card index = 238.                 |C   2   .5   .1899 4           1.828     3.2    23.9    8.86     0.0   0.0
Comment card.   Card index = 239.                 |C   3   .5   .1899 4           1.828    -3.2   25.76   10.72     0.0   0.0
Comment card.   Card index = 240.                 |C   0.2742    .667 4            1.24     0.0   29.44    18.6     0.0   0.0
Comment card.   Card index = 241.                 |C BLANK CARD ENDING CONDUCTOR CARDS
Comment card.   Card index = 242.                 |C     1.E3       60.                              13.3                 1
Comment card.   Card index = 243.                 |C    The transformation matrix was calculated at  6.00000000E+01 Hz.
New MOLDAT = 1     (data vintage).                |$VINTAGE, 1
 5.284E-01 8.593E+02 2.210E+05 8.593E+02 6.017E-05|-1X0010AT_OPOA             5.28357E-01 8.59331E+02 2.21024E+05-1.33000E+01 1  3
 1.912E-01 3.671E+02 2.934E+05 3.671E+02 4.533E-05|-2X0010BT_OPOB             1.91185E-01 3.67062E+02 2.93377E+05-1.33000E+01 1  3
 1.906E-01 4.134E+02 2.936E+05 4.134E+02 4.529E-05|-3X0010CT_OPOC             1.90555E-01 4.13371E+02 2.93650E+05-1.33000E+01 1  3
New MOLDAT = 0     (data vintage).                |$VINTAGE, 0
TR(1,1 )...  0.594-0.699 0.402                    |  0.59364229 -0.69928374  0.40193149
TI(1,1 )...  0.000 0.000 0.000                    |  0.00000000  0.00000000  0.00000000
TR(2,1 )...  0.611 0.022-0.814                    |  0.61125068  0.02235166 -0.81448972
TI(2,1 )...  0.000 0.000 0.000                    |  0.00000000  0.00000000  0.00000000
TR(3,1 )...  0.523 0.714 0.418                    |  0.52341326  0.71449469  0.41839881
TI(3,1 )...  0.000 0.000 0.000                    |  0.00000000  0.00000000  0.00000000
Comment card.   Card index = 255.                 |C 1/3
Comment card.   Card index = 256.                 |C  <++++++>  Cards punched by support routine on  03-Sep-26  16.18.32  <++++++>
Comment card.   Card index = 257.                 |C    **** UNTRANSPOSED K.C. Lee line calculated at   6.000E+01 HZ. ****
Comment card.   Card index = 258.                 |C LINE CONSTANTS
Comment card.   Card index = 259.                 |C $ERASE
Comment card.   Card index = 260.                 |C BRANCH  IN_001OUT001IN_002OUT002IN_003OUT003
Comment card.   Card index = 261.                 |C METRIC
Comment card.   Card index = 262.                 |C   1   .5   .1899 4           1.828    -3.2   22.04      7.     0.0   0.0
Comment card.   Card index = 263.                 |C   2   .5   .1899 4           1.828     3.2    23.9    8.86     0.0   0.0
Comment card.   Card index = 264.                 |C   3   .5   .1899 4           1.828    -3.2   25.76   10.72     0.0   0.0
Comment card.   Card index = 265.                 |C   0.2742    .667 4            1.24     0.0   29.44    18.6     0.0   0.0
Comment card.   Card index = 266.                 |C BLANK CARD ENDING CONDUCTOR CARDS
Comment card.   Card index = 267.                 |C     1.E3       60.                              26.7                 1
Comment card.   Card index = 268.                 |C    The transformation matrix was calculated at  6.00000000E+01 Hz.
New MOLDAT = 1     (data vintage).                |$VINTAGE, 1
 5.284E-01 8.593E+02 2.210E+05 8.593E+02 1.208E-04|-1X0009B1_2LTB             5.28357E-01 8.59331E+02 2.21024E+05-2.67000E+01 1  3
 1.912E-01 3.671E+02 2.934E+05 3.671E+02 9.101E-05|-2X0009C1_2LTC             1.91185E-01 3.67062E+02 2.93377E+05-2.67000E+01 1  3
 1.906E-01 4.134E+02 2.936E+05 4.134E+02 9.092E-05|-3X0009A1_2LTA             1.90555E-01 4.13371E+02 2.93650E+05-2.67000E+01 1  3
New MOLDAT = 0     (data vintage).                |$VINTAGE, 0
TR(1,1 )...  0.594-0.699 0.402                    |  0.59364229 -0.69928374  0.40193149
TI(1,1 )...  0.000 0.000 0.000                    |  0.00000000  0.00000000  0.00000000
TR(2,1 )...  0.611 0.022-0.814                    |  0.61125068  0.02235166 -0.81448972
TI(2,1 )...  0.000 0.000 0.000                    |  0.00000000  0.00000000  0.00000000
TR(3,1 )...  0.523 0.714 0.418                    |  0.52341326  0.71449469  0.41839881
TI(3,1 )...  0.000 0.000 0.000                    |  0.00000000  0.00000000  0.00000000
Comment card.   Card index = 280.                 |C 1/3
Comment card.   Card index = 281.                 |C  <++++++>  Cards punched by support routine on  03-Sep-26  16.18.33  <++++++>
Comment card.   Card index = 282.                 |C    **** UNTRANSPOSED K.C. Lee line calculated at   6.000E+01 HZ. ****
Comment card.   Card index = 283.                 |C LINE CONSTANTS
Comment card.   Card index = 284.                 |C $ERASE
Comment card.   Card index = 285.                 |C BRANCH  IN_001OUT001IN_002OUT002IN_003OUT003
Comment card.   Card index = 286.                 |C METRIC
Comment card.   Card index = 287.                 |C   1   .5   .1899 4           1.828    -3.2   22.04      7.     0.0   0.0
Comment card.   Card index = 288.                 |C   2   .5   .1899 4           1.828     3.2    23.9    8.86     0.0   0.0
Comment card.   Card index = 289.                 |C   3   .5   .1899 4           1.828    -3.2   25.76   10.72     0.0   0.0
Comment card.   Card index = 290.                 |C   0.2742    .667 4            1.24     0.0   29.44    18.6     0.0   0.0
Comment card.   Card index = 291.                 |C BLANK CARD ENDING CONDUCTOR CARDS
Comment card.   Card index = 292.                 |C     1.E3       60.                              26.7                 1
Comment card.   Card index = 293.                 |C    The transformation matrix was calculated at  6.00000000E+01 Hz.
New MOLDAT = 1     (data vintage).                |$VINTAGE, 1
 5.284E-01 8.593E+02 2.210E+05 8.593E+02 1.208E-04|-11_2LTCX0010C             5.28357E-01 8.59331E+02 2.21024E+05-2.67000E+01 1  3
 1.912E-01 3.671E+02 2.934E+05 3.671E+02 9.101E-05|-21_2LTAX0010A             1.91185E-01 3.67062E+02 2.93377E+05-2.67000E+01 1  3
 1.906E-01 4.134E+02 2.936E+05 4.134E+02 9.092E-05|-31_2LTBX0010B             1.90555E-01 4.13371E+02 2.93650E+05-2.67000E+01 1  3
New MOLDAT = 0     (data vintage).                |$VINTAGE, 0
TR(1,1 )...  0.594-0.699 0.402                    |  0.59364229 -0.69928374  0.40193149
TI(1,1 )...  0.000 0.000 0.000                    |  0.00000000  0.00000000  0.00000000
TR(2,1 )...  0.611 0.022-0.814                    |  0.61125068  0.02235166 -0.81448972
TI(2,1 )...  0.000 0.000 0.000                    |  0.00000000  0.00000000  0.00000000
TR(3,1 )...  0.523 0.714 0.418                    |  0.52341326  0.71449469  0.41839881
TI(3,1 )...  0.000 0.000 0.000                    |  0.00000000  0.00000000  0.00000000
Blank card ending branches.  IBR, NTOT = 141  94  |BLANK BRANCH
Comment card.   Card index = 306.                 |C < n 1>< n 2>< Tclose ><Top/Tde ><   Ie   ><Vf/CLOP ><  type  >
Permanently-closed switch used for metering.      |  X0005A390A                                          MEASURING                0
Permanently-closed switch used for metering.      |  X0005B390B                                          MEASURING                0
Permanently-closed switch used for metering.      |  X0005C390C                                          MEASURING                0
Permanently-closed switch used for metering.      |  X0007A391A                                          MEASURING                0
Permanently-closed switch used for metering.      |  X0007B391B                                          MEASURING                0
Permanently-closed switch used for metering.      |  X0007C391C                                          MEASURING                0
Switch.   2.98E-02  1.00E+09  0.00E+00  0.00E+00  |  XX0012XX0013 .02976227     1.E+9                                             1
Switch.   3.03E-02  1.00E+09  0.00E+00  0.00E+00  |  XX0014XX0015 .03029357     1.E+9                                             1
Switch.   2.93E-02  1.00E+09  0.00E+00  0.00E+00  |  XX0016XX0017 .02933629     1.E+9                                             1
Permanently-closed switch used for metering.      |  9049A MEASUA                                        MEASURING                0
Permanently-closed switch used for metering.      |  9049B MEASUB                                        MEASURING                0
Permanently-closed switch used for metering.      |  9049C MEASUC                                        MEASURING                0
Blank card ending switches.   KSWTCH = 12.        |BLANK SWITCH
Comment card.   Card index = 320.                 |C < n 1><>< Ampl.  >< Freq.  ><Phase/T0><   A1   ><   T1   >< TSTART >< TSTOP  >
Comment card.   Card index = 321.                 |C 1 - 390
Source.   4.08E+05  6.00E+01  0.00E+00 -1.00E+00  |14X0008A   408248.29       60.                                     -1.      100.
Source.   4.08E+05  6.00E+01 -1.20E+02 -1.00E+00  |14X0008B   408248.29       60.     -120.                           -1.      100.
Source.   4.08E+05  6.00E+01 -2.40E+02 -1.00E+00  |14X0008C   408248.29       60.     -240.                           -1.      100.
Comment card.   Card index = 325.                 |C 1 - 391
Source.   2.82E+05  6.00E+01  0.00E+00 -1.00E+00  |14X0006A   281691.32       60.                                     -1.      100.
Source.   2.82E+05  6.00E+01 -1.20E+02 -1.00E+00  |14X0006B   281691.32       60.     -120.                           -1.      100.
Source.   2.82E+05  6.00E+01 -2.40E+02 -1.00E+00  |14X0006C   281691.32       60.     -240.                           -1.      100.
Blank card ends electric sources.  KCONST = 6     |BLANK SOURCE

List of input elements that are connected to each node.   Only the physical connections of multi-phase lines are shown (capacitive
and inductive coupling are ignored).   Repeated entries indicate parallel connections.   Switches are included,  although sources
(including rotating machinery) are omitted -- except that U.M. usage produces extra,  internally-defined nodes  "UMXXXX".
--------------+------------------------------
From bus name |  Names of all adjacent busses.
--------------+------------------------------
       X0001A |TERRA *TERRA *TERRA *390A  *
       390A   |X0001A*X0002A*X0005A*E002A *E003A *
       391A   |TERRA *TERRA *TERRA *X0003A*X0007A*E001A *
       395A   |TERRA *395B  *395C  *
       395B   |TERRA *395A  *395C  *
       X0001B |TERRA *TERRA *TERRA *390B  *
       390B   |X0001B*X0002B*X0005B*E002B *E003B *
       391B   |TERRA *TERRA *TERRA *X0003B*X0007B*E001B *
       395C   |TERRA *395A  *395B  *
       X0001C |TERRA *TERRA *TERRA *390C  *
       390C   |X0001C*X0002C*X0005C*E002C *E003C *
       391C   |TERRA *TERRA *TERRA *X0003C*X0007C*E001C *
       X0002A |TERRA *TERRA *TERRA *390A  *
       397A   |TERRA *397B  *397C  *
       397B   |TERRA *397A  *397C  *
       X0002B |TERRA *TERRA *TERRA *390B  *
       397C   |TERRA *397A  *397B  *
       X0002C |TERRA *TERRA *TERRA *390C  *
       X0003A |TERRA *TERRA *TERRA *391A  *
       9098A  |TERRA *TERRA *TERRA *
       42077A |TERRA *42077B*42077C*
       42077B |TERRA *42077A*42077C*
       X0003B |TERRA *TERRA *TERRA *391B  *
       9098B  |TERRA *TERRA *TERRA *
       42077C |TERRA *42077A*42077B*
       X0003C |TERRA *TERRA *TERRA *391C  *
       9098C  |TERRA *TERRA *TERRA *
       X0004A |TERRA *TERRA *9049A *
       9049A  |TERRA *TERRA *X0004A*MEASUA*
       X0004B |TERRA *TERRA *9049B *
       9049B  |TERRA *TERRA *X0004B*MEASUB*
       X0004C |TERRA *TERRA *9049C *
       9049C  |TERRA *TERRA *X0004C*MEASUC*
       X0005A |390A  *X0008A*
       X0008A |X0005A*
       X0005B |390B  *X0008B*
       X0008B |X0005B*
       X0005C |390C  *X0008C*
       X0008C |X0005C*
       X0007A |391A  *X0006A*
       X0006A |X0007A*
       X0007B |391B  *X0006B*
       X0006B |X0007B*
       X0007C |391C  *X0006C*
       X0006C |X0007C*
       E001A  |391A  *ST001A*
       E001B  |391B  *ST001B*
       E001C  |391C  *ST001C*
       ST001A |TERRA *TERRA *E001A *
       ST001B |TERRA *TERRA *E001B *
       ST001C |TERRA *TERRA *E001C *
       E002A  |390A  *ST002A*
       E002B  |390B  *ST002B*
       E002C  |390C  *ST002C*
       ST002A |TERRA *TERRA *E002A *
       ST002B |TERRA *TERRA *E002B *
       ST002C |TERRA *TERRA *E002C *
       E003A  |390A  *ST003A*
       E003B  |390B  *ST003B*
       E003C  |390C  *ST003C*
       ST003A |TERRA *TERRA *E003A *
       ST003B |TERRA *TERRA *E003B *
       ST003C |TERRA *TERRA *E003C *
       T_MANC |XX0012*PRMANC*X0009C*
       XX0012 |T_MANC*XX0013*
       XX0013 |XX0012*MEASUC*
       MEASUC |9049C *XX0013*
       T_MANB |XX0014*PRMANB*X0009B*
       XX0014 |T_MANB*XX0015*
       XX0015 |XX0014*MEASUB*
       MEASUB |9049B *XX0015*
       T_MANA |XX0016*PRMANA*X0009A*
       XX0016 |T_MANA*XX0017*
       XX0017 |XX0016*MEASUA*
       MEASUA |9049A *XX0017*
       PRMANA |TERRA *T_MANA*
       PRMANB |TERRA *T_MANB*
       PRMANC |TERRA *T_MANC*
       T_OPOA |PROPOA*X0010A*
       PROPOA |TERRA *T_OPOA*
       T_OPOB |PROPOB*X0010B*
       PROPOB |TERRA *T_OPOB*
       T_OPOC |PROPOC*X0010C*
       PROPOC |TERRA *T_OPOC*
       X0009A |T_MANA*1_2LTA*
       X0009B |T_MANB*1_2LTB*
       X0009C |T_MANC*1_2LTC*
       X0010A |T_OPOA*1_2LTA*
       X0010B |T_OPOB*1_2LTB*
       X0010C |T_OPOC*1_2LTC*
       1_2LTB |X0009B*X0010B*
       1_2LTC |X0009C*X0010C*
       1_2LTA |X0009A*X0010A*
       TERRA  |X0001A*X0001A*X0001A*391A  *391A  *391A  *395A  *395B  *X0001B*X0001B*X0001B*391B  *391B  *391B  *395C  *
              |X0001C*X0001C*X0001C*391C  *391C  *391C  *X0002A*X0002A*X0002A*397A  *397B  *X0002B*X0002B*X0002B*397C  *
              |X0002C*X0002C*X0002C*X0003A*X0003A*X0003A*9098A *9098A *9098A *42077A*42077B*X0003B*X0003B*X0003B*9098B *
              |9098B *9098B *42077C*X0003C*X0003C*X0003C*9098C *9098C *9098C *X0004A*X0004A*9049A *9049A *X0004B*X0004B*
              |9049B *9049B *X0004C*X0004C*9049C *9049C *ST001A*ST001A*ST001B*ST001B*ST001C*ST001C*ST002A*ST002A*ST002B*
              |ST002B*ST002C*ST002C*ST003A*ST003A*ST003B*ST003B*ST003C*ST003C*PRMANA*PRMANB*PRMANC*PROPOA*PROPOB*PROPOC*
              |---------------------------------------------------------------------------------------------------------

Sinusoidal steady-state phasor solution, branch by branch.   All flows are away from a bus,  and the real part,  magnitude,  or  "P"
is printed above the imaginary part,  the angle,  or  "Q".   The first solution frequency  =  6.00000000E+01  Hertz.
  Bus K                        Phasor  node  voltage              Phasor  branch  current               Power flow       Power loss
             Bus M         Rectangular            Polar          Rectangular            Polar            P  and  Q        P  and  Q

 390A                  408158.7974575  408158.79761319       .3878143915569  2.0068485140813      79156.027022052  3.4615855038137
                      -11.27380428059       -0.0015826      -1.969020303646      -78.8577528      401834.29358108      138.4432829

            X0001A    408022.76065868  408022.76212158      -.3878143915569  2.0068485140813      -79152.56543655
                      -34.55129779816       -0.0048518      1.9690203036464      101.1422472      -401695.8502981

 391A                 281548.09347963  281548.09414421       -.561710497888  1.6160238101729      -79088.91614265  -79088.91614265
                      -19.34487050019       -0.0039367      1.5152604632895      110.3398577      -213303.9141737  -213303.9141737

            TERRA                 0.0              0.0      .56171049788804  1.6160238101729                  0.0
                                  0.0              0.0      -1.515260463289      -69.6601423                  0.0

 X0001A               408022.76065868  408022.76212158      .38758180017419  1.1150609073902      79089.160320961  79089.160320961
                      -34.55129779816       -0.0048518      -1.045533918801      -69.6601423      213294.12222866   213294.1222287

            TERRA                 0.0              0.0      -.3875818001742  1.1150609073902                  0.0
                                  0.0              0.0      1.0455339188011      110.3398577                  0.0

 395A                  9752.040825229   11261.23831429      -.0065014093634  .00650140937647       -31.7021651551  -63.40511493614
                      -5631.446360775      -30.0048599      .41211023927E-6      179.9963681      18.304159591802        0.0013590

            395B      -9752.996021733  11261.238318829      .00650140936341  .00650140937647      -31.70294978104
                      -5629.791920979     -150.0048599      -.4121102393E-6       -0.0036319      -18.30280060931

 X0001A               408022.76065868  408022.76212158      .31079205084E-3  .31079205146E-3      63.405115627554  63.405115627554
                      -34.55129779816       -0.0048518      -.1970010999E-7       -0.0036318      -.0013500877197       -0.0013501

            TERRA                 0.0              0.0      -.3107920508E-3  .31079205146E-3                  0.0
                                  0.0              0.0      .19700109988E-7      179.9963682                  0.0

 390B                 -204089.1621277  408158.79761121      -1.899128865632  2.0068485931595      79156.024870838  3.4615857766039
                       -353470.250473     -120.0015826       .6486530872424      161.1422465      401834.31045117      138.4432939

            X0001B    -204041.3026254  408022.76211393      1.8991288656321  2.0068485931595      -79152.56328506
                      -353340.8003982     -120.0048518      -.6486530872424      -18.8577535      -401695.8671573

 391B                 -140790.7998858  281548.09413961      1.5931093632789  1.6160238816608      -79088.91122409  -79088.91122409
                      -243818.1289018     -120.0039367       -.271174745747       -9.6601445      -213303.9267265  -213303.9267265

            TERRA                 0.0              0.0      -1.593109363279  1.6160238816608                  0.0
                                  0.0              0.0      .27117474574698      170.3398555                  0.0

 X0001B               -204041.3026254  408022.76211393       -1.09924987554  1.1150609567252      79089.155402454  79089.155402454
                      -353340.8003982     -120.0048518      .18711132605313      170.3398555      213294.13478243   213294.1347824

            TERRA                 0.0              0.0      1.0992498755404  1.1150609567252                  0.0
                                  0.0              0.0      -.1871113260531       -9.6601445                  0.0

 395B                 -9752.996021733  11261.238318829      .00325158666237  .00650169309501      -31.70479443683  -63.40788185022
                      -5629.791920979     -150.0048599      .00563020401751       59.9924685       18.30280053105       -0.0029566

            395C      .95518836840385  11261.238310361      -.0032515866624  .00650169309501      -31.70308741339
                      11261.238269851       89.9951401      -.0056302040175     -120.0075315      -18.30575712733

 X0001B               -204041.3026254  408022.76211393      -.1554381872E-3  .31080561431E-3      63.407882547195  63.407882547195
                      -353340.8003982     -120.0048518      -.2691451278E-3     -120.0075314      .00296550216435        0.0029655

            TERRA                 0.0              0.0      .15543818722E-3  .31080561431E-3                  0.0
                                  0.0              0.0      .26914512785E-3       59.9924686                  0.0

 390C                 -204069.6353326  408158.79761127      1.5113145191725  2.0068485516737      79156.003202836  3.4615856334858
                      353481.52427346      119.9984174      1.3203671964621       41.1422436      401834.30609045      138.4432881

            X0001C    -203981.4580375  408022.76211565      -1.511314519173  2.0068485516737       -79152.5416172
                      353375.35168906      119.9951482      -1.320367196462     -138.8577564      -401695.8628023

 391C                 -140757.2935963  281548.09414083      -1.031398986801  1.6160238236363      -79088.88720218  -79088.88720218
                      243837.47376843      119.9960633      -1.244085659666     -129.6601502      -213303.9269227  -213303.9269227

            TERRA                 0.0              0.0      1.0313989868009  1.6160238236363                  0.0
                                  0.0              0.0      1.2440856596659       50.3398498                  0.0

 X0001C               -203981.4580375  408022.76211565      .71166815913602  1.1150609166843      79089.131380449  79089.131380449
                      353375.35168906      119.9951482      .85842255281932       50.3398498      213294.13497849   213294.1349785

            TERRA                 0.0              0.0       -.711668159136  1.1150609166843                  0.0
                                  0.0              0.0      -.8584225528193     -129.6601502                  0.0

 395C                 .95518836840385  11261.238310361      .00325063146011   .0065019344499      -31.70465670311  -63.41023571792
                      11261.238269851       89.9951401      -.0056310342479      -60.0034165      18.305757049066        0.0015975

            395A       9752.040825229   11261.23831429      -.0032506314601   .0065019344499       -31.7055790148
                      -5631.446360775      -30.0048599      .00563103424793      119.9965835      -18.30415958391

 X0001C               -203981.4580375  408022.76211565      -.1553925256E-3  .31081715195E-3       63.41023640578   63.41023640578
                      353375.35168906      119.9951482      .26918481558E-3      119.9965836      -.0015886074975       -0.0015886

            TERRA                 0.0              0.0      .15539252558E-3  .31081715195E-3                  0.0
                                  0.0              0.0      -.2691848156E-3      -60.0034164                  0.0

 395A                  9752.040825229   11261.23831429      .00975204082523  .01126123831429      63.407744185612  63.407744185612
                      -5631.446360775      -30.0048599      -.0056314463608      -30.0048599                  0.0              0.0

            TERRA                 0.0              0.0      -.0097520408252  .01126123831429                  0.0
                                  0.0              0.0      .00563144636078      149.9951401                  0.0

 395B                 -9752.996021733  11261.238318829      -.0097529960217  .01126123831883      63.407744236728  63.407744236728
                      -5629.791920979     -150.0048599       -.005629791921     -150.0048599      .7105427358E-14        0.0000000

            TERRA                 0.0              0.0      .00975299602173  .01126123831883                  0.0
                                  0.0              0.0      .00562979192098       29.9951401                  0.0

 395C                 .95518836840385  11261.238310361       .9551883684E-6  .01126123831036      63.407744141369  63.407744141369
                      11261.238269851       89.9951401      .01126123826985       89.9951401                  0.0              0.0

            TERRA                 0.0              0.0      -.9551883684E-6  .01126123831036                  0.0
                                  0.0              0.0      -.0112612382699      -90.0048599                  0.0

 390A                  408158.7974575  408158.79761319      .35702474425087   2.084091968657      72872.969295519  3.2836401363747
                      -11.27380428059       -0.0015826      -2.053283386631      -80.1360354      419030.82644976      131.3890398

            X0002A    408034.03399119  408034.03507714      -.3570247442509   2.084091968657      -72869.68565538
                      -29.76923682718       -0.0041802      2.0532833866306       99.8639646      -418899.4374099

 391A                 281548.09347963  281548.09414421      -.5170722987982  1.7170489803753      -72806.19705699  -72806.19705699
                      -19.34487050019       -0.0039367      1.6373434089473      107.5260929       -230490.456232  -230490.4562320

            TERRA                 0.0              0.0      .51707229879821  1.7170489803753                  0.0
                                  0.0              0.0      -1.637343408947      -72.4739071                  0.0

 X0002A               408034.03399119  408034.03507714      .35678131909845  1.1847685547894      72806.276659736  72806.276659736
                      -29.76923682718       -0.0041802      -1.129771489621      -72.4739071      230487.29864534   230487.2986453

            TERRA                 0.0              0.0      -.3567813190984  1.1847685547894                  0.0
                                  0.0              0.0      1.1297714896209      107.5260929                  0.0

 397A                 9752.3762749752  11261.549440737      -.0065016275944  .00650162760378      -31.70414310606   -63.4089950359
                      -5631.487618513      -30.0041882      .34937693272E-6      179.9969211      18.305214021337        0.0012277

            397B      -9753.199480101   11261.54944418      .00650162759439  .00650162760378      -31.70485192984
                      -5630.061792295     -150.0041882      -.3493769327E-6       -0.0030789      -18.30398632491

 X0002A               408034.03399119  408034.03507714        .310802483E-3  .31080248345E-3      63.408995705059  63.408995705059
                      -29.76923682718       -0.0041802       -.167019607E-7       -0.0030790      -.0012186921608       -0.0012187

            TERRA                 0.0              0.0       -.310802483E-3  .31080248345E-3                  0.0
                                  0.0              0.0      .16701960703E-7      179.9969210                  0.0

 390B                 -204089.1621277  408158.79761121      -1.956708013674  2.0840920485666      72872.967726666  3.2836403881665
                       -353470.250473     -120.0015826      .71744924288963      159.8639640      419030.84327316      131.3890499

            X0002B     -204042.797906  408034.03507018      1.9567080136738  2.0840920485666      -72869.68408628
                      -353352.9544214     -120.0041802      -.7174492428896      -20.1360360      -418899.4542232

 391B                 -140790.7998858  281548.09413961      1.6765172026498  1.7170490603538      -72806.19317029  -72806.19317029
                      -243818.1289018     -120.0039367      -.3708740283182      -12.4739089      -230490.4692628  -230490.4692628

            TERRA                 0.0              0.0       -1.67651720265  1.7170490603538                  0.0
                                  0.0              0.0      .37087402831821      167.5260911                  0.0

 X0002B                -204042.797906  408034.03507018      -1.156801515841  1.1847686099785      72806.272773572  72806.272773572
                      -353352.9544214     -120.0041802      .25590410731093      167.5260911      230487.31167647   230487.3116765

            TERRA                 0.0              0.0      1.1568015158409  1.1847686099785                  0.0
                                  0.0              0.0      -.2559041073109      -12.4739089                  0.0

 397B                 -9753.199480101   11261.54944418      .00325157189945  .00650186510919      -31.70639611557  -63.41131133418
                      -5630.061792295     -150.0041882      .00563041118221       59.9934942      18.303986349533       -0.0025650

            397C      .82319891505161  11261.549443581      -.0032515718995  .00650186510919       -31.7049152186
                      11261.549413494       89.9958118      -.0056304111822     -120.0065058      -18.30655133443

 X0002B                -204042.797906  408034.03507018      -.1554374817E-3  .31081383685E-3      63.411311949626  63.411311949626
                      -353352.9544214     -120.0041802      -.2691550305E-3     -120.0065059      .00257393919547        0.0025739

            TERRA                 0.0              0.0      .15543748168E-3  .31081383685E-3                  0.0
                                  0.0              0.0      .26915503054E-3       59.9934941                  0.0

 390C                 -204069.6353326  408158.79761127      1.5996833034871  2.0840920059617      72872.947697545  3.2836402539397
                      353481.52427346      119.9984174      1.3358341281229       39.8639615      419030.83793117      131.3890446

            X0002C     -203991.236089  408034.03507198      -1.599683303487  2.0840920059617      -72869.66405729
                       353382.7236524      119.9958198      -1.335834128123     -140.1360385      -418899.4488866

 391C                 -140757.2935963  281548.09414083      -1.159445001264  1.7170490032192      -72806.17101517  -72806.17101517
                      243837.47376843      119.9960633      -1.266469331844     -132.4739138      -230490.4678273  -230490.4678273

            TERRA                 0.0              0.0      1.1594450012635  1.7170490032192                  0.0
                                  0.0              0.0      1.2664693318438       47.5260862                  0.0

 X0002C                -203991.236089  408034.03507198      .80002026396687  1.1847685705642       72806.25061723   72806.25061723
                       353382.7236524      119.9958198       .8738673486514       47.5260862      230487.31024348   230487.3102435

            TERRA                 0.0              0.0      -.8000202639669  1.1847685705642                  0.0
                                  0.0              0.0      -.8738673486514     -132.4739138                  0.0

 397C                 .82319891505161  11261.549443581      .00325074867578  .00650208310491      -31.70633270161  -63.41343743877
                      11261.549413494       89.9958118      -.0056311382286      -60.0029800      18.306551195027        0.0013372

            397A      9752.3762749752  11261.549440737      -.0032507486758  .00650208310491      -31.70710473715
                      -5631.487618513      -30.0041882      .00563113822864      119.9970200      -18.30521397175

 X0002C                -203991.236089  408034.03507198      -.1553981281E-3  .31082425833E-3      63.413438148717  63.413438148717
                       353382.7236524      119.9958198      .26918978688E-3      119.9970199      -.0013281905091       -0.0013282

            TERRA                 0.0              0.0      .15539812807E-3  .31082425833E-3                  0.0
                                  0.0              0.0      -.2691897869E-3      -60.0029801                  0.0

 397A                 9752.3762749752  11261.549440737      .00975237627498  .01126154944074      63.411247903081  63.411247903081
                      -5631.487618513      -30.0041882      -.0056314876185      -30.0041882                  0.0              0.0

            TERRA                 0.0              0.0       -.009752376275  .01126154944074                  0.0
                                  0.0              0.0      .00563148761851      149.9958118                  0.0

 397B                 -9753.199480101   11261.54944418      -.0097531994801  .01126154944418      63.411247941854  63.411247941854
                      -5630.061792295     -150.0041882      -.0056300617923     -150.0041882                  0.0              0.0

            TERRA                 0.0              0.0       .0097531994801  .01126154944418                  0.0
                                  0.0              0.0       .0056300617923       29.9958118                  0.0

 397C                 .82319891505161  11261.549443581      .82319891505E-6  .01126154944358      63.411247935115  63.411247935115
                      11261.549413494       89.9958118      .01126154941349       89.9958118                  0.0              0.0

            TERRA                 0.0              0.0      -.8231989151E-6  .01126154944358                  0.0
                                  0.0              0.0      -.0112615494135      -90.0041882                  0.0

 391A                 281548.09347963  281548.09414421      .86458977486249  4.8513858414718      121757.97490167  8.7082994956436
                      -19.34487050019       -0.0039367      -4.773722772013      -79.7341936      672007.90994166      348.5438033

            X0003A    281406.06556213  281406.06861039      -.8645897748625  4.8513858414718      -121749.2666022
                      -41.41973560077       -0.0084333      4.7737227720131      100.2658064      -671659.3661383

 9098A                112559.68391094  112559.68502372      -2.162115436216  2.1829700882848      -121685.8972639  -121685.8972639
                       -15.8274877819       -0.0080566      .30102366488427      172.0738632      -16924.45385672   -16924.4538567

            TERRA                 0.0              0.0      2.1621154362165  2.1829700882848                  0.0
                                  0.0              0.0      -.3010236648843       -7.9261368                  0.0

 X0003A               281406.06556213  281406.06861039      .86482446540913  .87316611683924      121685.91870786  121685.91870786
                      -41.41973560077       -0.0084333      -.1204064434569       -7.9261368      16923.641360417    16923.6413604

            TERRA                 0.0              0.0      -.8648244654091  .87316611683924                  0.0
                                  0.0              0.0      .12040644345689      172.0738632                  0.0

 42077A               9747.1587218596  11256.007622752      -.0064985604056  .00649856046901      -31.67380537716  -63.34789301511
                      -5629.440865159      -30.0084469      .90790854301E-6      179.9919953      18.287205991628        0.0004889

            42077B    -9748.818158144  11256.007621734      .00649856040559  .00649856046901      -31.67408763794
                      -5626.566635168     -150.0084469       -.907908543E-6       -0.0080047        -18.286717095

 X0003A               281406.06556213  281406.06861039      .45022407548E-3  .45022407987E-3      63.347894153583  63.347894153583
                      -41.41973560077       -0.0084333      -.6289997145E-7       -0.0080047      -.4738643384E-3       -0.0004739

            TERRA                 0.0              0.0      -.4502240755E-3  .45022407987E-3                  0.0
                                  0.0              0.0      .62899971454E-7      179.9919953                  0.0

 391B                 -140790.7998858  281548.09413961      -4.566460119289  4.8513858850891      121757.97583374  8.7082996522367
                      -243818.1289018     -120.0039367      1.6381046929241      160.2658064      672007.91600159      348.5438096

            X0003B    -140738.9033205   281406.0686045      4.5664601192895  4.8513858850891      -121749.2675341
                      -243684.0916834     -120.0084333      -1.638104692924      -19.7341936       -671659.372192

 9098B                -56293.54896046  112559.68502139      1.3417519278009    2.18297009791      -121685.8971802  -121685.8971802
                      -97471.63196311     -120.0080566      1.7219350198575       52.0738611      -16924.45837266   -16924.4583727

            TERRA                 0.0              0.0      -1.341751927801    2.18297009791                  0.0
                                  0.0              0.0      -1.721935019857     -127.9261389                  0.0

 X0003B               -140738.9033205   281406.0686045      -.5366872989835  .87316612066364      121685.91862111  121685.91862111
                      -243684.0916834     -120.0084333      -.6887567185768     -127.9261389      16923.645871836    16923.6458718

            TERRA                 0.0              0.0      .53668729898345  .87316612066364                  0.0
                                  0.0              0.0      .68875671857677       52.0738611                  0.0

 42077B               -9748.818158144  11256.007621734      .00325025776328  .00649866488205      -31.67476619996  -63.34891082327
                      -5626.566635168     -150.0084469      .00562747454205       59.9905793      18.286717056733       -0.0010766

            42077C    1.6594377813532   11256.00762138      -.0032502577633  .00649866488205      -31.67414462331
                      11256.007499057       89.9915531      -.0056274745421     -120.0094207      -18.28779365676

 X0003B               -140738.9033205   281406.0686045      -.2251797634E-3  .45023131379E-3      63.348911978431  63.348911978431
                      -243684.0916834     -120.0084333      -.3898747364E-3     -120.0094206      .00109164696237        0.0010916

            TERRA                 0.0              0.0      .22517976345E-3  .45023131379E-3                  0.0
                                  0.0              0.0      .38987473636E-3       59.9905794                  0.0

 391C                 -140757.2935963  281548.09414083      3.7018703133978  4.8513858542114      121757.97521634  8.7082995413512
                      243837.47376843      119.9960633      3.1356181032178       40.2658064      672007.91169893      348.5438052

            X0003C    -140667.1622434  281406.06860664      -3.701870313398  4.8513858542114      -121749.2669168
                      243725.51141609      119.9915667      -3.135618103218     -139.7341936      -671659.3678938

 9098C                 -56266.1349512  112559.68502223      .82036353473086  2.1829700656511      -121685.8957162  -121685.8957162
                      97487.459449706      119.9919434       -2.02295871891      -67.9261378      -16924.45572639   -16924.4557264

            TERRA                 0.0              0.0      -.8203635347309  2.1829700656511                  0.0
                                  0.0              0.0      2.0229587189096      112.0738622                  0.0

 X0003C               -140667.1622434  281406.06860664      -.3281371768971  .87316610777534      121685.91715836  121685.91715836
                      243725.51141609      119.9915667       .8091631756979      112.0738622      16923.643231692    16923.6432317

            TERRA                 0.0              0.0      .32813717689714  .87316610777534                  0.0
                                  0.0              0.0      -.8091631756979      -67.9261378                  0.0

 42077C               1.6594377813532   11256.00762138      .00324859831744  .00649875173845      -31.67470910387  -63.34975750567
                      11256.007499057       89.9915531      -.0056285329465      -60.0079154      18.287793611383        0.0005877

            42077A    9747.1587218596  11256.007622752      -.0032485983174  .00649875173845       -31.6750484018
                      -5629.440865159      -30.0084469       .0056285329465      119.9920846      -18.28720593904

 X0003C               -140667.1622434  281406.06860664      -.2250647965E-3  .45023733106E-3      63.349758634757  63.349758634757
                      243725.51141609      119.9915667      .38994806278E-3      119.9920846      -.5726073865E-3       -0.0005726

            TERRA                 0.0              0.0       .2250647965E-3  .45023733106E-3                  0.0
                                  0.0              0.0      -.3899480628E-3      -60.0079154                  0.0

 42077A               9747.1587218596  11256.007622752      .00974715872186  .01125600762275      63.348853801724  63.348853801724
                      -5629.440865159      -30.0084469      -.0056294408652      -30.0084469                  0.0              0.0

            TERRA                 0.0              0.0      -.0097471587219  .01125600762275                  0.0
                                  0.0              0.0      .00562944086516      149.9915531                  0.0

 42077B               -9748.818158144  11256.007621734      -.0097488181581  .01125600762173       63.34885379027   63.34885379027
                      -5626.566635168     -150.0084469      -.0056265666352     -150.0084469                  0.0              0.0

            TERRA                 0.0              0.0      .00974881815814  .01125600762173                  0.0
                                  0.0              0.0      .00562656663517       29.9915531                  0.0

 42077C               1.6594377813532   11256.00762138      .16594377814E-5  .01125600762138      63.348853786281  63.348853786281
                      11256.007499057       89.9915531      .01125600749906       89.9915531                  0.0              0.0

            TERRA                 0.0              0.0      -.1659437781E-5  .01125600762138                  0.0
                                  0.0              0.0      -.0112560074991      -90.0084469                  0.0

 9049A                112559.45773777  112559.45983023      -2.049646932584   2.064379915305      -115350.9019648  .07670995983062
                      -21.70377116319       -0.0110478      -.2461948140485     -173.1506906      13878.019917571        3.0556134

            X0004A    112559.17848169  112559.18004432      2.0496469325838   2.064379915305      115350.97867476
                      -18.75571444856       -0.0095472      .24619481404852        6.8493094      -13874.96430417

 9098A                112559.68391094  112559.68502372      2.0495557523072  2.0715415757301      115351.05591771  115351.05591771
                       -15.8274877819       -0.0080566      -.3010078373773       -8.3550110      16924.453855635    16924.4538556

            TERRA                 0.0              0.0      -2.049555752307  2.0715415757301                  0.0
                                  0.0              0.0      .30100783737726      171.6449890                  0.0

 X0004A               112559.17848169  112559.18004432      -2.049555752307  2.0715415757301      -115350.9786746  -115350.9786746
                      -18.75571444856       -0.0095472      .30100783737726      171.6449890      -16921.37700465   -16921.3770046

            TERRA                 0.0              0.0      2.0495557523072  2.0715415757301                  0.0
                                  0.0              0.0      -.3010078373773       -8.3550110                  0.0

 9049B                -56298.52488444  112559.45982767       .8116125717995  2.0643799042575      -115350.9018794  .07670995900116
                      -97468.49794951     -120.0110478      1.8981436780178       66.8493072       13878.01540045        3.0556134

            X0004B    -56295.83216446  112559.18004188      -.8116125717995  2.0643799042575      115350.97858933
                      -97469.73013511     -120.0095472      -1.898143678018     -113.1506928      -13874.95978708

 9098B                -56293.54896046  112559.68502139      -1.285458378785  2.0715415859159       115351.0558323   115351.0558323
                      -97471.63196311     -120.0080566      -1.624463387889     -128.3550132      16924.458370106    16924.4583701

            TERRA                 0.0              0.0      1.2854583787848  2.0715415859159                  0.0
                                  0.0              0.0      1.6244633878887       51.6449868                  0.0

 X0004B               -56295.83216446  112559.18004188      1.2854583787848  2.0715415859216      -115350.9785895  -115350.9785895
                      -97469.73013511     -120.0095472       1.624463387896       51.6449868      -16921.38151888   -16921.3815189

            TERRA                 0.0              0.0      -1.285458378785  2.0715415859216                  0.0
                                  0.0              0.0      -1.624463387896     -128.3550132                  0.0

 9049C                -56260.93285395  112559.45982865      1.2380343870271  2.0643798840217      -115350.9004151  .07670995750232
                      97490.201719562      119.9889522      -1.651948898148      -53.1506914      13878.018045092        3.0556133

            X0004C     -56263.3463179  112559.18004279      -1.238034387027  2.0643798840217      115350.97712508
                      97488.485848412      119.9904528      1.6519488981478      126.8493086      -13874.96243178

 9098C                 -56266.1349512  112559.68502223      -.7640973997622  2.0715415533436      115351.05436826  115351.05436826
                      97487.459449706      119.9919434      1.9254712594338      111.6449880      16924.455726504    16924.4557265

            TERRA                 0.0              0.0      .76409739976225  2.0715415533436                  0.0
                                  0.0              0.0      -1.925471259434      -68.3550120                  0.0

 X0004C                -56263.3463179  112559.18004279      .76409739976225  2.0715415533368      -115350.9771248  -115350.9771248
                      97488.485848412      119.9904528      -1.925471259427      -68.3550120      -16921.37887538   -16921.3788754

            TERRA                 0.0              0.0      -.7640973997622  2.0715415533368                  0.0
                                  0.0              0.0      1.9254712594266      111.6449880                  0.0

 9098A                112559.68391094  112559.68502372      .11255968391094  .11255968502372      6334.8413463197  6334.8413463197
                       -15.8274877819       -0.0080566      -.1582748778E-4       -0.0080566      -.111022302E-15       -0.0000000

            TERRA                 0.0              0.0      -.1125596839109  .11255968502372                  0.0
                                  0.0              0.0      .15827487782E-4      179.9919434                  0.0

 9098B                -56293.54896046  112559.68502139      -.0562935489605  .11255968502139      6334.8413460578  6334.8413460578
                      -97471.63196311     -120.0080566      -.0974716319631     -120.0080566                  0.0              0.0

            TERRA                 0.0              0.0      .05629354896046  .11255968502139                  0.0
                                  0.0              0.0      .09747163196311       59.9919434                  0.0

 9098C                 -56266.1349512  112559.68502223      -.0562661349512  .11255968502223      6334.8413461522  6334.8413461522
                      97487.459449706      119.9919434      .09748745944971      119.9919434                  0.0              0.0

            TERRA                 0.0              0.0       .0562661349512  .11255968502223                  0.0
                                  0.0              0.0      -.0974874594497      -60.0080566                  0.0

 X0005A                408158.7974575  408158.79761319      -.8029386261815  4.2505109505557      -163886.7603801  12.400176656374
                      -11.27380428059       -0.0015826      4.1739828585393      100.8888313      -851819.3859883      191.2962556

            X0008A          408248.29        408248.29      .80293862618154  4.2505109505557      163899.16055678
                                  0.0              0.0      -4.173982858539      -79.1111687      852010.68224399

 X0005B               -204089.1621277  408158.79761121      4.0162446427713  4.2505111149319      -163886.7568649    12.4001780978
                       -353470.250473     -120.0015826      -1.391626281575      -19.1111694      -851819.4208214      191.2962669

            X0008B        -204124.145        408248.29      -4.016244642771  4.2505111149319      163899.15704301
                      -353553.3901916     -120.0000000       1.391626281575      160.8888306      852010.71708825

 X0005C               -204069.6353326  408158.79761127      -3.213306095759  4.2505110267545      -163886.7140778  12.400180430326
                      353481.52427346      119.9984174      -2.782356541409     -139.1111721      -851819.4107284      191.2962611

            X0008C        -204124.145        408248.29      3.2133060957591  4.2505110267545      163899.11425828
                      353553.39019156      120.0000000      2.7823565414086       40.8888279      852010.70698951

 X0007A               281548.09347963  281548.09414421      -.3455920725945  1.5392755087171      -48664.90302431  10.240531028147
                      -19.34487050019       -0.0039367      1.4999784035433      102.9744224      -211154.6871722      110.7610606

            X0006A          281691.32        281691.32      .34559207259446  1.5392755087171      48675.143555335
                                  0.0              0.0      -1.499978403543      -77.0255776       211265.4482328

 X0007B               -140790.7998858  281548.09413961      1.4718155032362   1.539275579806      -48664.90356911   10.24053225814
                      -243818.1289018     -120.0039367      -.4506977202299      -17.0255781      -211154.6973128      110.7610691

            X0006B         -140845.66        281691.32      -1.471815503236   1.539275579806      48675.144101371
                      -243951.8391456     -120.0000000      .45069772022989      162.9744219      211265.45838186

 X0007C               -140757.2935963  281548.09414083      -1.126223437489  1.5392755387273      -48664.89405863  10.240533107717
                      243837.47376843      119.9960633        -1.0492806836     -137.0255803      -211154.6935712      110.7610643

            X0006C         -140845.66        281691.32      1.1262234374888  1.5392755387273       48675.13459174
                      243951.83914557      120.0000000      1.0492806835996       42.9744197      211265.45463554

 391A                 281548.09347963  281548.09414421      .00133209714532   .0023694104463      187.54365889149  .06062672934749
                      -19.34487050019       -0.0039367      -.0019594956133      -55.7914940      275.83324242713        0.1627578

            E001A     281405.70792177   281405.7131531      -.0013320971453   .0023694104463      -187.4830321621
                      -54.26096625242       -0.0110478      .00195949561328      124.2085060      -275.6704846734

 391B                 -140790.7998858  281548.09413961      -.0023630215681  .00236941046162      187.54365944431  .06062673040742
                      -243818.1289018     -120.0039367       -.173882157E-3     -175.7914941        275.833244653        0.1627578

            E001B      -140749.845332  281405.71314671      .00236302156806  .00236941046162      -187.4830327139
                       -243677.361342     -120.0110478      .17388215702E-3        4.2085059      -275.6704868962

 391C                 -140757.2935963  281548.09414083      .00103092442271  .00236941044907      187.54365722992  .06062672881558
                      243837.47376843      119.9960633       .0021333777703       64.2085056       275.8332440229        0.1627578

            E001C     -140655.8625913  281405.71314915      -.0010309244227  .00236941044907      -187.4830305011
                      243731.62230551      119.9889522      -.0021333777703     -115.7914944      -275.6704862681

 E001A                281405.70792177   281405.7131531      .00133210910747  .00236944901414      187.48471631503  .28069280233E-9
                      -54.26096625242       -0.0110478      -.0019595341172      -55.7917782       275.6759019588        0.0000000

            ST001A    281405.70792144  281405.71315277      -.0013321091075  .00236944901414      -187.4847163148
                      -54.26096618968       -0.0110478      .00195953411719      124.2082218      -275.6759019585

 ST001A               281405.70792144  281405.71315277      .28140570792144  .28140571315277       39594.58769751   39594.58769751
                      -54.26096618968       -0.0110478      -.5426096619E-4       -0.0110478       -.88817842E-15       -0.0000000

            TERRA                 0.0              0.0      -.2814057079214  .28140571315277                  0.0
                                  0.0              0.0       .5426096619E-4      179.9889522                  0.0

 9049A                112559.45773777  112559.45983023      .70020151138306  .70021771504202      39407.099520143  39407.099520143
                      -21.70377116319       -0.0110478      .00476360321045        0.3897880      -275.6928038086     -275.6928038

            TERRA                 0.0              0.0      -.7002015113831  .70021771504202                  0.0
                                  0.0              0.0      -.0047636032104     -179.6102120                  0.0

 ST001A               281405.70792144  281405.71315277      -.2800735831261  .28008006454939      -39407.10077011  -39407.10077011
                      -54.26096618968       -0.0110478      -.0019054114819     -179.6102083      275.69536507916      275.6953651

            TERRA                 0.0              0.0      .28007358312607  .28008006454939                  0.0
                                  0.0              0.0      .00190541148186        0.3897917                  0.0

 E001B                 -140749.845332  281405.71314671      -.0023629399948  .00236931940344         187.46117406  .28069280233E-9
                       -243677.361342     -120.0110478      -.1737498678E-3     -175.7945398      275.66985795751        0.0000000

            ST001B    -140749.8453318  281405.71314638      .00236293999478  .00236931940344      -187.4611740597
                      -243677.3613418     -120.0110478      .17374986783E-3        4.2054602      -275.6698579572

 ST001B               -140749.8453318  281405.71314638      -.1407498453318  .28140571314638      39594.587695711  39594.587695711
                      -243677.3613418     -120.0110478      -.2436773613418     -120.0110478                  0.0              0.0

            TERRA                 0.0              0.0      .14074984533181  .28140571314638                  0.0
                                  0.0              0.0      .24367736134178       59.9889522                  0.0

 9049B                -56298.52488444  112559.45982767      -.3459753990173  .70021765727023      39407.096301126  39407.096301126
                      -97468.49794951     -120.0110478      -.6087740063667     -119.6102189       -275.688038369     -275.6880384

            TERRA                 0.0              0.0      .34597539901733  .70021765727023                  0.0
                                  0.0              0.0      .60877400636673       60.3897811                  0.0

 ST001B               -140749.8453318  281405.71314638      .13838672637939  .28008004457657      -39407.09804898  -39407.09804898
                      -243677.3613418     -120.0110478      .24350348114967       60.3897730      275.68249035843      275.6824904

            TERRA                 0.0              0.0      -.1383867263794  .28008004457657                  0.0
                                  0.0              0.0      -.2435034811497     -119.6102270                  0.0

 E001C                -140655.8625913  281405.71314915      .00103100319393  .00236951542181      187.48705975026  .28069280233E-9
                      243731.62230551      119.9889522      .00213345629163       64.2076168      275.68560802943        0.0000000

            ST001C    -140655.8625912  281405.71314882      -.0010310031939  .00236951542181        -187.48705975
                       243731.6223052      119.9889522      -.0021334562916     -115.7923832      -275.6856080291

 ST001C               -140655.8625912  281405.71314882      -.1406558625912  .28140571314882      39594.587696397  39594.587696397
                       243731.6223052      119.9889522       .2437316223052      119.9889522      -.363797881E-11       -0.0000000

            TERRA                 0.0              0.0      .14065586259119  .28140571314882                  0.0
                                  0.0              0.0      -.2437316223052      -60.0110478                  0.0

 9049C                -56260.93285395  112559.45982865      -.3542261123657  .70021797308301      39407.114121712  39407.114121712
                      97490.201719562      119.9889522      .60401082038879      120.3897714      -275.6814699596     -275.6814700

            TERRA                 0.0              0.0      .35422611236572  .70021797308301                  0.0
                                  0.0              0.0      -.6040108203888      -59.6102286                  0.0

 ST001C               -140655.8625912  281405.71314882        .141686886549   .2800801447611      -39407.11214698  -39407.11214698
                       243731.6223052      119.9889522      -.2415982484818      -59.6102274       275.6823386187      275.6823386

            TERRA                 0.0              0.0       -.141686886549   .2800801447611                  0.0
                                  0.0              0.0      .24159824848175      120.3897726                  0.0

 390A                  408158.7974575  408158.79761319       .0227057439319  .08794825033871        4634.25351841  .64706259815921
                      -11.27380428059       -0.0015826      -.0849667224867      -75.0383987       17339.82964699        5.2764552

            E002A     408039.07633554  408039.07729871      -.0227057439319  .08794825033871      -4633.606455812
                      -28.03603660444       -0.0039367      .08496672248674      104.9616013      -17334.55319184

 390B                 -204089.1621277  408158.79761121      -.0849362159018  .08794825439129      4634.2536348054  .64706267335077
                       -353470.250473     -120.0015826      .02281961171355      164.9616010      17339.830471869        5.2764556

            E002B     -204043.8180829  408039.07729203      .08493621590181  .08794825439129      -4633.606572132
                      -353358.1878201     -120.0039367      -.0228196117135      -15.0383990      -17334.55401628

 390C                 -204069.6353326  408158.79761127      .06223047197793  .08794825194601      4634.2528615311  .64706266960366
                      353481.52427346      119.9984174      .06214711077567       44.9615988      17339.830161991        5.2764553

            E002C     -203995.2582563  408039.07729381      -.0622304719779  .08794825194601      -4633.605798861
                       353386.2238511      119.9960633      -.0621471107757     -135.0384012      -17334.55370666

 E002A                408039.07633554  408039.07729871      .02270589899211  .08794876545537      4633.6380980196   .3867507985E-6
                      -28.03603660444       -0.0039367      -.0849672142422      -75.0383838      17334.653517393        0.0000004

            ST002A    408039.07632477  408039.07728794      -.0227058989921  .08794876545537      -4633.638097633
                      -28.03603037831       -0.0039367      .08496721424223      104.9616162      -17334.65351701

 ST002A               408039.07632477  408039.07728794      .40803907632477  .40803907728794      83247.944296996  83247.944296996
                      -28.03603037831       -0.0039367      -.2803603038E-4       -0.0039367                  0.0              0.0

            TERRA                 0.0              0.0      -.4080390763248  .40803907728794                  0.0
                                  0.0              0.0      .28036030378E-4      179.9960633                  0.0

 391A                 281548.09347963  281548.09414421      .55845308303833  .57185960486931      78614.509738748  78614.509738748
                      -19.34487050019       -0.0039367      .12309980392456       12.4309153      -17334.65915262   -17334.6591526

            TERRA                 0.0              0.0      -.5584530830383  .57185960486931                  0.0
                                  0.0              0.0      -.1230998039246     -167.5690847                  0.0

 ST002A               408039.07632477  408039.07728794      -.3853342533112  .39458471936062      -78614.52572413  -78614.52572413
                      -28.03603037831       -0.0039367      -.0849388837814     -167.5691328      17334.593462532    17334.5934625

            TERRA                 0.0              0.0      .38533425331116  .39458471936062                  0.0
                                  0.0              0.0      .08493888378143       12.4308672                  0.0

 E002B                -204043.8180829  408039.07729203      -.0849361822475  .08794829069786      4633.5562851025  .38674534153E-6
                      -353358.1878201     -120.0039367      .02281987690367      164.9614284      17334.575125464        0.0000004

            ST002B    -204043.8180721  408039.07728126      .08493618224747  .08794829069786      -4633.556284716
                      -353358.1878138     -120.0039367      -.0228198769037      -15.0385716      -17334.57512508

 ST002B               -204043.8180721  408039.07728126      -.2040438180721  .40803907728126      83247.944294273  83247.944294273
                      -353358.1878138     -120.0039367      -.3533581878138     -120.0039367      -.727595761E-11       -0.0000000

            TERRA                 0.0              0.0      .20404381807215  .40803907728126                  0.0
                                  0.0              0.0      .35335818781385       59.9960633                  0.0

 391B                 -140790.7998858  281548.09413961      -.1726188659668  .57185948832207      78614.491077399  78614.491077399
                      -243818.1289018     -120.0039367      -.5451843738556     -107.5690760       -17334.6675836   -17334.6675836

            TERRA                 0.0              0.0       .1726188659668  .57185948832207                  0.0
                                  0.0              0.0      .54518437385559       72.4309240                  0.0

 ST002B               -204043.8180721  408039.07728126      .11910772323608  .39458454192383      -78614.48490013  -78614.48490013
                      -353358.1878138     -120.0039367      .37617856264114       72.4308853      17334.610480428    17334.6104804

            TERRA                 0.0              0.0      -.1191077232361  .39458454192383                  0.0
                                  0.0              0.0      -.3761785626411     -107.5691147                  0.0

 E002C                -203995.2582563  408039.07729381       .0622303923592  .08794822714529       4633.621805318  .38674534153E-6
                       353386.2238511      119.9960633      .06214715540409       44.9616561       17334.54419057        0.0000004

            ST002C    -203995.2582563  408039.07728304      -.0622303923592  .08794822714529      -4633.621804931
                      353386.22383867      119.9960633      -.0621471554041     -135.0383439      -17334.54419018

 ST002C               -203995.2582563  408039.07728304      -.2039952582563  .40803907728304      83247.944294998  83247.944294998
                      353386.22383867      119.9960633      .35338622383867      119.9960633                  0.0              0.0

            TERRA                 0.0              0.0      .20399525825628  .40803907728304                  0.0
                                  0.0              0.0      -.3533862238387      -60.0039367                  0.0

 391C                 -140757.2935963  281548.09414083      -.3858340978622  .57185936556245      78614.470252753  78614.470252753
                      243837.47376843      119.9960633      .42208433151245      132.4309371      -17334.68177167   -17334.6817717

            TERRA                 0.0              0.0      .38583409786224  .57185936556245                  0.0
                                  0.0              0.0      -.4220843315125      -47.5690629                  0.0

 ST002C               -203995.2582563  408039.07728304      .26622641086578  .39458452608965      -78614.47629652  -78614.47629652
                      353386.22383867      119.9960633      -.2912395000458      -47.5690967      17334.634497857    17334.6344979

            TERRA                 0.0              0.0      -.2662264108658  .39458452608965                  0.0
                                  0.0              0.0      .29123950004578      132.4309033                  0.0

 390A                  408158.7974575  408158.79761319      .03539374644068  .07551998217858         7223.5105439  3.5234787849613
                      -11.27380428059       -0.0015826       -.066712445774      -62.0521769      13614.436310193       12.0688274

            E003A     407832.72119594  407832.72877761      -.0353937464407  .07551998217858      -7219.987065115
                      -78.63908971979       -0.0110479      .06671244577398      117.9478231      -13602.36748282

 390B                 -204089.1621277  408158.79761121      -.0754715475646  .07551998374715      7223.5106328062  3.5234789431443
                       -353470.250473     -120.0015826      .00270433972889      177.9478228      13614.436625317       12.0688279

            E003B     -203984.4640415  407832.72876835      .07547154756464  .07551998374715      -7219.987153863
                      -353154.1774981     -120.0110479      -.0027043397289       -2.0521772      -13602.36779744

 390C                 -204069.6353326  408158.79761127      .04007780112347  .07551998267275       7223.510315958  3.5234788348507
                      353481.52427346      119.9984174      .06400810604916       57.9478219      13614.436545218       12.0688275

            E003C     -203848.2571567  407832.72877188      -.0400778011235  .07551998267275      -7219.986837123
                      353232.81658376      119.9889521      -.0640081060492     -122.0521781      -13602.36771767

 E003A                407832.72119594  407832.72877761      .03539379171968  .07551991069005      7219.9962941184  .28516387829E-6
                      -78.63908971979       -0.0110479      -.0667123408249      -62.0521093      13602.346080202        0.0000003

            ST003A    407832.72118573   407832.7287674      -.0353937917197  .07551991069005      -7219.996293833
                      -78.63908658794       -0.0110479      .06671234082489      117.9478907      -13602.34607992

 ST003A               407832.72118573   407832.7287674      .40783272118573   .4078327287674      83163.767326932  83163.767326932
                      -78.63908658794       -0.0110479      -.7863908659E-4       -0.0110479      .3552713679E-14        0.0000000

            TERRA                 0.0              0.0      -.4078327211857   .4078327287674                  0.0
                                  0.0              0.0      .78639086588E-4      179.9889521                  0.0

 9049A                112559.45773777  112559.45983023      1.3494447469711   1.370872004182      75943.764501509  75943.764501509
                      -21.70377116319       -0.0110478      .24143099784851       10.1435454      -13602.31511945   -13602.3151195

            TERRA                 0.0              0.0      -1.349444746971   1.370872004182                  0.0
                                  0.0              0.0      -.2414309978485     -169.8564546                  0.0

 ST003A               407832.72118573   407832.7287674      -.3724389970303  .37835279409928      -75943.78481642  -75943.78481642
                      -78.63908658794       -0.0110479      -.0666335523129     -169.8564570      13602.315612279    13602.3156123

            TERRA                 0.0              0.0      .37243899703026  .37835279409928                  0.0
                                  0.0              0.0      .06663355231285       10.1435430                  0.0

 E003B                -203984.4640415  407832.72876835      -.0754713255446  .07551975623607      7219.9922890085   .2851611498E-6
                      -353154.1774981     -120.0110479      .00270418240689      177.9479361      13602.312548173        0.0000003

            ST003B    -203984.4640337  407832.72875813      .07547132554464  .07551975623607      -7219.992288723
                      -353154.1774908     -120.0110479      -.0027041824069       -2.0520639      -13602.31254789

 ST003B               -203984.4640337  407832.72875813      -.2039844640337  .40783272875813      83163.767323153  83163.767323153
                      -353154.1774908     -120.0110479      -.3531541774908     -120.0110479      .7275957614E-11        0.0000000

            TERRA                 0.0              0.0      .20398446403369  .40783272875813                  0.0
                                  0.0              0.0      .35315417749078       59.9889521                  0.0

 9049B                -56298.52488444  112559.45982767      -.4656368494034  1.3708719512304      75943.760208689  75943.760208689
                      -97468.49794951     -120.0110478      -1.289368927479     -109.8564489       -13602.3221738   -13602.3221738

            TERRA                 0.0              0.0      .46563684940338  1.3708719512304                  0.0
                                  0.0              0.0      1.2893689274788       70.1435511                  0.0

 ST003B               -203984.4640337  407832.72875813      .12851309776306   .3783527545454      -75943.77541259  -75943.77541259
                      -353154.1774908     -120.0110479       .3558583855629       70.1435492      13602.322356818    13602.3223568

            TERRA                 0.0              0.0      -.1285130977631   .3783527545454                  0.0
                                  0.0              0.0      -.3558583855629     -109.8564508                  0.0

 E003C                -203848.2571567  407832.72877188      .04007772076875  .07551989618834       7219.985891606  .28516387829E-6
                      353232.81658376      119.9889521      .06400805432349       57.9478528      13602.348253619        0.0000003

            ST003C    -203848.2571543  407832.72876167      -.0400777207687  .07551989618834      -7219.985891321
                      353232.81657335      119.9889521      -.0640080543235     -122.0521472      -13602.34825333

 ST003C               -203848.2571543  407832.72876167      -.2038482571543  .40783272876167      83163.767324594  83163.767324594
                      353232.81657335      119.9889521      .35323281657335      119.9889521      -.727595761E-11       -0.0000000

            TERRA                 0.0              0.0       .2038482571543  .40783272876167                  0.0
                                  0.0              0.0      -.3532328165734      -60.0110479                  0.0

 9049C                -56260.93285395  112559.45982865      -.8838077187538  1.3708719353618      75943.760529488  75943.760529488
                      97490.201719562      119.9889522      1.0479378700256      130.1435461        -13602.315321   -13602.3153210

            TERRA                 0.0              0.0      .88380771875381  1.3708719353618                  0.0
                                  0.0              0.0      -1.047937870026      -49.8564539                  0.0

 ST003C               -203848.2571543  407832.72876167      .24392583966255  .37835277113244      -75943.77988099  -75943.77988099
                      353232.81657335      119.9889521        -.28922483325      -49.8564556      13602.316597629    13602.3165976

            TERRA                 0.0              0.0      -.2439258396626  .37835277113244                  0.0
                                  0.0              0.0      .28922483325005      130.1435444                  0.0

 XX0013               -56260.93285395  112559.45982865      .72759576142E-8  .16269535827E-7      -.9140106569E-3  .2168404345E-18
                      97490.201719562      119.9889522      -.1455191523E-7      -63.4349488      -.5468487502E-4              0.0

            MEASUC    -56260.93285395  112559.45982865      -.7275957614E-8  .16269535827E-7       .9140106569E-3
                      97490.201719562      119.9889522      .14551915228E-7      116.5650512      .54684875025E-4

 XX0015               -56298.52488444  112559.45982767      .72759576142E-8  .16269535827E-7      -.9139895002E-3  .1084202172E-18
                      -97468.49794951     -120.0110478      .14551915228E-7       63.4349488      .55037350901E-4              0.0

            MEASUB    -56298.52488444  112559.45982767      -.7275957614E-8  .16269535827E-7       .9139895002E-3
                      -97468.49794951     -120.0110478      -.1455191523E-7     -116.5650512       -.550373509E-4

 XX0017               112559.45773777  112559.45983023      -.1455191523E-7  .14551915662E-7      -.8189778821E-3  .1084202172E-18
                      -21.70377116319       -0.0110478      .3552713679E-11      179.9860118      -.4203004354E-7              0.0

            MEASUA    112559.45773777  112559.45983023      .14551915228E-7  .14551915662E-7      .81897788213E-3
                      -21.70377116319       -0.0110478      -.355271368E-11       -0.0139882       .4203004354E-7

 X0001A               408022.76065868  408022.76212158      -.7820066793E-4  .92348636844993      .1776356839E-14  .1776356839E-14
                      -34.55129779816       -0.0048518      -.9234863651389      -90.0048518      188401.72941828   188401.7294183

            TERRA                 0.0              0.0      .78200667931E-4  .92348636844993                  0.0
                                  0.0              0.0      .92348636513892       89.9951482                  0.0

 X0001B               -204041.3026254  408022.76211393      -.7997235519122  .92348636843261                  0.0              0.0
                      -353340.8003982     -120.0048518      .46181090632189      149.9951482      188401.72941122   188401.7294112

            TERRA                 0.0              0.0      .79972355191216  .92348636843261                  0.0
                                  0.0              0.0      -.4618109063219      -30.0048518                  0.0

 X0001C               -203981.4580375  408022.76211565      .79980175256449   .9234863684365      -.145519152E-10  -.145519152E-10
                      353375.35168906      119.9951482      .46167545882665       29.9951482       188401.7294128   188401.7294128

            TERRA                 0.0              0.0      -.7998017525645   .9234863684365                  0.0
                                  0.0              0.0      -.4616754588266     -150.0048518                  0.0

 X0002A               408034.03399119  408034.03507714      -.6737733029E-4  .92351188276373                  0.0              0.0
                      -29.76923682718       -0.0041802      -.9235118803059      -90.0041802      188412.13998289   188412.1399829

            TERRA                 0.0              0.0      .67377330289E-4  .92351188276373                  0.0
                                  0.0              0.0      .92351188030588       89.9958198                  0.0

 X0002B                -204042.797906  408034.03507018      -.7997510603648  .92351188274797      -.145519152E-10  -.145519152E-10
                      -353352.9544214     -120.0041802      .46181429062134      149.9958198      188412.13997646   188412.1399765

            TERRA                 0.0              0.0      .79975106036479  .92351188274797                  0.0
                                  0.0              0.0      -.4618142906213      -30.0041802                  0.0

 X0002C                -203991.236089  408034.03507198      .79981843768181  .92351188275204      .1455191523E-10  .1455191523E-10
                       353382.7236524      119.9958198      .46169758969313       29.9958198      188412.13997812   188412.1399781

            TERRA                 0.0              0.0      -.7998184376818  .92351188275204                  0.0
                                  0.0              0.0      -.4616975896931     -150.0041802                  0.0

 X0003A               281406.06556213  281406.06861039      -.6849146233E-3  4.6533163160728      -.142108547E-13  -.142108547E-13
                      -41.41973560077       -0.0084333      -4.653316265667      -90.0084333      654735.72525331   654735.7252533

            TERRA                 0.0              0.0      .68491462331E-3  4.6533163160728                  0.0
                                  0.0              0.0      4.6533162656671       89.9915667                  0.0

 X0003B               -140738.9033205   281406.0686045      -4.029547640523  4.6533163159755      -.582076609E-10  -.582076609E-10
                      -243684.0916834     -120.0084333      2.3272512862341      149.9915667      654735.72522592   654735.7252259

            TERRA                 0.0              0.0      4.0295476405231  4.6533163159755                  0.0
                                  0.0              0.0      -2.327251286234      -30.0084333                  0.0

 X0003C               -140667.1622434  281406.06860664      4.0302325550979  4.6533163160108                  0.0              0.0
                      243725.51141609      119.9915667      2.3260649794624       29.9915667      654735.72523586   654735.7252359

            TERRA                 0.0              0.0      -4.030232555098  4.6533163160108                  0.0
                                  0.0              0.0      -2.326064979462     -150.0084333                  0.0

 X0004A               112559.17848169  112559.18004432      -.9118027347E-4  .54720265900526      .8881784197E-15  .8881784197E-15
                      -18.75571444856       -0.0095472      -.5472026514086      -90.0095472      30796.341307852    30796.3413079

            TERRA                 0.0              0.0      .91180273468E-4  .54720265900526                  0.0
                                  0.0              0.0      .54720265140858       89.9904528                  0.0

 X0004B               -56295.83216446  112559.18004188       -.473845806992  .54720265899338                  0.0              0.0
                      -97469.73013511     -120.0095472      .27368029012984      149.9904528      30796.341306516    30796.3413065

            TERRA                 0.0              0.0      .47384580699197  .54720265899338                  0.0
                                  0.0              0.0      -.2736802901298      -30.0095472                  0.0

 X0004C                -56263.3463179  112559.18004279      .47393698725987  .54720265899779       -.18189894E-11   -.18189894E-11
                      97488.485848412      119.9904528      .27352236128202       29.9904528      30796.341307012    30796.3413070

            TERRA                 0.0              0.0      -.4739369872599  .54720265899779                  0.0
                                  0.0              0.0       -.273522361282     -150.0095472                  0.0

     Total network loss  P-loss  by summing injections =   6.377229071944E+05

Output for steady-state phasor switch currents.
      Node-K    Node-M            I-real            I-imag            I-magn          Degrees        Power            Reactive
      X0005A    390A          8.02938626E-01   -4.17398286E+00    4.25051095E+00     -79.1112    1.63886760E+05    8.51819386E+05
      X0005B    390B         -4.01624464E+00    1.39162628E+00    4.25051111E+00     160.8888    1.63886757E+05    8.51819421E+05
      X0005C    390C          3.21330610E+00    2.78235654E+00    4.25051103E+00      40.8888    1.63886714E+05    8.51819411E+05
      X0007A    391A          3.45592073E-01   -1.49997840E+00    1.53927551E+00     -77.0256    4.86649030E+04    2.11154687E+05
      X0007B    391B         -1.47181550E+00    4.50697720E-01    1.53927558E+00     162.9744    4.86649036E+04    2.11154697E+05
      X0007C    391C          1.12622344E+00    1.04928068E+00    1.53927554E+00      42.9744    4.86648941E+04    2.11154694E+05
      XX0012    XX0013            Open              Open              Open             Open          Open              Open
      XX0014    XX0015            Open              Open              Open             Open          Open              Open
      XX0016    XX0017            Open              Open              Open             Open          Open              Open
      9049A     MEASUA        3.11119948E-07    2.38418579E-07    3.91968163E-07      37.4638    1.75071590E-02   -1.34215092E-02
      9049B     MEASUB       -2.38418579E-07   -5.96046448E-07    6.41961671E-07    -111.8014    3.57591831E-02   -5.15911749E-03
      9049C     MEASUC       -4.76837158E-07    1.19209290E-07    4.91512492E-07     165.9638    1.92245205E-02   -1.98900625E-02

Solution at nodes with known voltage.   Nodes that are shorted together by switches are shown as a group of names, with the printed
result applying to the composite group.   The entry "MVA" is  SQRT( P**2 + Q**2 )  in units of power,  while  "P.F."  is the
associated power factor.
              Node                Source  node  voltage             Injected  source  current              Injected  source  power
              name         Rectangular            Polar          Rectangular            Polar            P  and  Q    MVA and P.F.

              X0008A        408248.29        408248.29      .80293862618191  4.2505109505568      163899.16055686  867631.91359554
                                  0.0              0.0       -4.17398285854      -79.1111687      852010.68224419        0.1889040

              X0008B      -204124.145        408248.29      -4.016244642774  4.2505111149348       163899.1570433  867631.94714907
                      -353553.3901916     -120.0000000      1.3916262815751      160.8888306       852010.7170888        0.1889040

              X0008C      -204124.145        408248.29      3.2133060957603  4.2505110267564      163899.11425841  867631.92914973
                      353553.39019156      120.0000000      2.7823565414101       40.8888279      852010.70698988        0.1889040

              X0006A        281691.32        281691.32      .34559207259463  1.5392755087171      48675.143555358   216800.2749471
                                  0.0              0.0      -1.499978403543      -77.0255776       211265.4482328        0.2245161

              X0006B       -140845.66        281691.32      -1.471815503236  1.5392755798055      48675.144101393  216800.28495959
                      -243951.8391456     -120.0000000      .45069772022953      162.9744219      211265.45838179        0.2245161

              X0006C       -140845.66        281691.32       1.126223437489  1.5392755387275      48675.134591719  216800.27917393
                      243951.83914557      120.0000000      1.0492806835996       42.9744197      211265.45463556        0.2245160

  ---- Initial flux of coil  "X0001A"  to  "      "  =  -9.16501639E-02
  ---- Initial flux of coil  "X0001B"  to  "      "  =  -9.37265583E+02
   Warning.  Preceding flux exceeds the 1st segment.  This means that the steady state solution is not really sinusoidal.
  ---- Initial flux of coil  "X0001C"  to  "      "  =  9.37357233E+02
   Warning.  Preceding flux exceeds the 1st segment.  This means that the steady state solution is not really sinusoidal.
  ---- Initial flux of coil  "X0002A"  to  "      "  =  -7.89653532E-02
  ---- Initial flux of coil  "X0002B"  to  "      "  =  -9.37297823E+02
   Warning.  Preceding flux exceeds the 1st segment.  This means that the steady state solution is not really sinusoidal.
  ---- Initial flux of coil  "X0002C"  to  "      "  =  9.37376788E+02
   Warning.  Preceding flux exceeds the 1st segment.  This means that the steady state solution is not really sinusoidal.
  ---- Initial flux of coil  "X0003A"  to  "      "  =  -1.09869261E-01
  ---- Initial flux of coil  "X0003B"  to  "      "  =  -6.46392129E+02
   Warning.  Preceding flux exceeds the 1st segment.  This means that the steady state solution is not really sinusoidal.
  ---- Initial flux of coil  "X0003C"  to  "      "  =  6.46501998E+02
   Warning.  Preceding flux exceeds the 1st segment.  This means that the steady state solution is not really sinusoidal.
  ---- Initial flux of coil  "X0004A"  to  "      "  =  -4.97510778E-02
  ---- Initial flux of coil  "X0004B"  to  "      "  =  -2.58546489E+02
   Warning.  Preceding flux exceeds the 1st segment.  This means that the steady state solution is not really sinusoidal.
  ---- Initial flux of coil  "X0004C"  to  "      "  =  2.58596240E+02
   Warning.  Preceding flux exceeds the 1st segment.  This means that the steady state solution is not really sinusoidal.

Card of names for time-step loop output.          |  9049A 9049B 9049C T_MANAT_MANBT_MANC1_2LTC1_2LTA1_2LTBT_OPOAT_OPOBT_OPOC
Output voltage differences for pairs of A6 names  |-5T_MANAT_MANCT_MANBT_MANAT_MANCT_MANB1_2LTC1_2LTB1_2LTA1_2LTC1_2LTB1_2LTA
Output voltage differences for pairs of A6 names  |-5T_OPOAT_OPOCT_OPOBT_OPOAT_OPOCT_OPOB
Blank card ending requests for output variables.  |BLANK OUTPUT

Column headings for the  42   EMTP output variables follow.  These are divided among the 5 possible classes as follows ....
  First  30     output variables are electric-network voltage differences (upper voltage minus lower voltage);
  Next   12     output variables are branch currents (flowing from the upper node to the lower node);
Branch power  consumption (power  flow, if a switch) is treated like a branch voltage for this grouping (9  variables);
Branch energy consumption (energy flow, if a switch) is treated like a branch current for this grouping (9  variables).
   Step      Time      XX0013     XX0015     XX0017     TERRA      TERRA      TERRA      TERRA      TERRA      TERRA      9049A
                       MEASUC     MEASUB     MEASUA     PRMANA     PRMANB     PRMANC     PROPOA     PROPOB     PROPOC

                       9049B      9049C      T_MANA     T_MANB     T_MANC     1_2LTC     1_2LTA     1_2LTB     T_OPOA     T_OPOB
 

                       T_OPOC     T_MANA     T_MANB     T_MANC     1_2LTC     1_2LTA     1_2LTB     T_OPOA     T_OPOB     T_OPOC
                                  T_MANC     T_MANA     T_MANB     1_2LTB     1_2LTC     1_2LTA     T_OPOC     T_OPOA     T_OPOB

                       XX0012     XX0014     XX0016     TERRA      TERRA      TERRA      TERRA      TERRA      TERRA      XX0013
                       XX0013     XX0015     XX0017     PRMANA     PRMANB     PRMANC     PROPOA     PROPOB     PROPOC     MEASUC

                       XX0015     XX0017
                       MEASUB     MEASUA
 ***      Phasor I(0) =  8.0293863E-01                     Switch  "X0005A"  to  "390A  "  closed in the steady-state.
 ***      Phasor I(0) = -4.0162446E+00                     Switch  "X0005B"  to  "390B  "  closed in the steady-state.
 ***      Phasor I(0) =  3.2133061E+00                     Switch  "X0005C"  to  "390C  "  closed in the steady-state.
 ***      Phasor I(0) =  3.4559207E-01                     Switch  "X0007A"  to  "391A  "  closed in the steady-state.
 ***      Phasor I(0) = -1.4718155E+00                     Switch  "X0007B"  to  "391B  "  closed in the steady-state.
 ***      Phasor I(0) =  1.1262234E+00                     Switch  "X0007C"  to  "391C  "  closed in the steady-state.
 ***      Phasor I(0) =  3.1111995E-07                     Switch  "9049A "  to  "MEASUA"  closed in the steady-state.
 ***      Phasor I(0) = -2.3841858E-07                     Switch  "9049B "  to  "MEASUB"  closed in the steady-state.
 ***      Phasor I(0) = -4.7683716E-07                     Switch  "9049C "  to  "MEASUC"  closed in the steady-state.
      0       0.0   .5294E-19  .5294E-19 .21176E-18        0.0        0.0        0.0        0.0        0.0        0.0 112559.458
                   -56298.525 -56260.933        0.0        0.0        0.0        0.0        0.0        0.0        0.0        0.0
                          0.0        0.0        0.0        0.0        0.0        0.0        0.0        0.0        0.0        0.0
                          0.0        0.0        0.0        0.0        0.0        0.0        0.0        0.0        0.0        0.0
                          0.0        0.0
    500      .005         0.0        0.0        0.0        0.0        0.0        0.0        0.0        0.0        0.0 -34775.566
                   110076.555 -75283.098        0.0        0.0        0.0        0.0        0.0        0.0        0.0        0.0
                          0.0        0.0        0.0        0.0        0.0        0.0        0.0        0.0        0.0        0.0
                          0.0        0.0        0.0        0.0        0.0        0.0        0.0        0.0        0.0  .2647E-24
                    .2647E-24 .10588E-23
   1000       .01         0.0        0.0        0.0        0.0        0.0        0.0        0.0        0.0        0.0 -91114.344
                    -11780.74 102896.109        0.0        0.0        0.0        0.0        0.0        0.0        0.0        0.0
                          0.0        0.0        0.0        0.0        0.0        0.0        0.0        0.0        0.0        0.0
                          0.0        0.0        0.0        0.0        0.0        0.0        0.0        0.0        0.0  .2647E-24
                    .2647E-24 .10588E-23
   1500      .015         0.0        0.0        0.0        0.0        0.0        0.0        0.0        0.0        0.0 91087.1359
                   -102893.64 11807.6919        0.0        0.0        0.0        0.0        0.0        0.0        0.0        0.0
                          0.0        0.0        0.0        0.0        0.0        0.0        0.0        0.0        0.0        0.0
                          0.0        0.0        0.0        0.0        0.0        0.0        0.0        0.0        0.0  .2647E-24
                    .2647E-24 .10588E-23
   2000       .02         0.0        0.0        0.0        0.0        0.0        0.0        0.0        0.0        0.0 34820.7205
                   75327.4743 -110167.97        0.0        0.0        0.0        0.0        0.0        0.0        0.0        0.0
                          0.0        0.0        0.0        0.0        0.0        0.0        0.0        0.0        0.0        0.0
                          0.0        0.0        0.0        0.0        0.0        0.0        0.0        0.0        0.0  .2647E-24
                    .2647E-24 .10588E-23
   2500      .025         0.0        0.0        0.0        0.0        0.0        0.0        0.0        0.0        0.0 -112496.13
                   56315.9057 56277.3502        0.0        0.0        0.0        0.0        0.0        0.0        0.0        0.0
                          0.0        0.0        0.0        0.0        0.0        0.0        0.0        0.0        0.0        0.0
                          0.0        0.0        0.0        0.0        0.0        0.0        0.0        0.0        0.0  .2647E-24
                    .2647E-24 .10588E-23
 ***                                                             Close switch  "XX0016"  to  "XX0017"  after  2.93400000E-02  sec.
 ***                                                             Close switch  "XX0012"  to  "XX0013"  after  2.97700000E-02  sec.
   3000       .03  18.8756571        0.0 .125442807  9.5229131 2.14270124 40.8365661 10.9952745 .549565898  .49892724 35956.5069
                   -110191.52  74459.227 35956.4845 17055.8404 74458.9522 62685.9703 39654.7856 18376.8707 38636.2841 8637.78123
                   8230.21007 -38502.468 -18900.644 57403.1118 44309.0996 -23031.185 -21277.915 30406.0741 -29998.503 -407.57115
                   -137.38871        0.0 -11.200125 .002732399 .665294E-3 .007164731 .001585502 .628005E-4 .561382E-4 .002968417
                    .2647E-24 .489277E-3
 ***                                                             Close switch  "XX0014"  to  "XX0015"  after  3.03000000E-02  sec.
   3500      .035  9.13090477  4.8195441  .36173977 91.9540455 .516212318 82.3009594 91.1661889   15.39478 67.2512411 111732.079
                   8371.70077   -105705. 111732.041 8371.56193 -105704.81 -82931.868 145720.226 8132.01024 111252.355  -45717.14
                    -95552.59 217436.854 -103360.48 -114076.37 -91063.878 228652.094 -137588.22 206804.945  -156969.5  -49835.45
                   95.5557678 -69.422936 -19.019458 .388561733 .545228324 .142646188 1503.07649 7580.79863  75.427855 .046399831
                   .055133884 .042091491
   4000       .04  3.68384387  7.0266547 .654249752 57.3572876 79.1011923 .040336209 73.4878211  95.299414 .014906627 -88244.239
                   103629.434 -2340.0079  -88244.29 103629.601 -2340.1293 8578.34875 -87453.078 116292.029 -99884.936 113746.339
                   1422.59738 -85904.161 191873.892 -105969.73 -107713.68 -96031.427 203745.108 -101307.53 213631.276 -112323.74
                   -60.694677 83.8251436 -25.578306 .510980715 .846701639 .442281523 1503.57517 7649.88514 75.8385018 .054397664
                   .087434928 .062978622
   4500      .045   .20714311 .049010291 .024387503 15.5848798  38.722672 82.1957035 17.4283044 16.6931422 71.0602191 -45998.549
                   -72506.185 105637.169 -45998.539 -72506.171 105637.197 91186.0816 -63563.635  -69429.41 -48642.947 -47605.963
                   98221.2787 -151635.74 -26507.632 178143.368 160615.492 -154749.72 -5865.7753 -146864.23 1036.98371 145827.242
                   14.3924671 7.00073501 4.93837045 .840729576 .972971992 .690367027 1504.03722 7650.01604 76.2183554 .061399708
                    .10595949 .072402613
   5000       .05  1.13531365 3.61973371 .617719846 96.6761859 25.7331595 21.7055209  96.315358 49.2970446 22.3985645 114564.979
                   -59106.873 -54284.764 114565.028 -59106.993 -54284.697 -54739.393 115268.945 -72896.283 114351.031 -81809.315
                   -55144.526 168849.725 -173672.02 4822.29631 18156.8903 170008.338 -188165.23 169495.557 -196160.35  26664.789
                   33.6944156 -60.164223 24.8539704 1.04123776   1.325213 .845789868 1504.24969 7650.48129 76.3775063 .065888715
                   .117443619   .0800812
   5500      .055  2.16450847 .309513832 .004211322 6.76517272 88.4295688 43.5751077 5.02490592 81.1138829 45.8839285 -30306.223
                   109569.815 -76914.996 -30306.219  109569.85 -76915.089 -75162.978 -22821.817 110041.417 -26118.984 104939.722
                   -78926.457 46608.8701 139876.069 -186484.94 -185204.39 52341.1613 132863.233 52807.4733 131058.706 -183866.18
                   -46.524278 17.5930052 2.05215047 1.23902095 1.48184538 1.19743502 1504.45554 7650.64586 76.7357349 .067968609
                   .127057289 .085585765
   6000       .06  .032748354 .958625624 1.03098553 64.2576462 .720601393 76.6815373 62.2089912 .297368544 83.2878721 -93401.622
                   -9891.0542 102032.298 -93401.687 -9890.9922  102032.31 102818.498 -94172.664 -1277.5819 -91900.715 6353.89196
                   106336.704   -195434. 83510.6945 111923.302  104096.08 -196991.16 92895.0821 -198237.42 98254.6073 99982.8123
                    5.7226177 30.9616799 -32.108963 1.57005859 1.72818883  1.3241994 1504.79224 7650.89585 76.8670001 .072938856
                   .131154616 .088780732
   6500      .065  1.13058125 .364372862 .011645746 58.9084962 79.1339736 1.50960524 54.8661615 84.4675322 2.49828047 89429.5916
                   -103651.03 14316.0092 89429.5985 -103651.07 14316.0765 17837.4054 86907.9539 -105775.72 86306.7179 -107087.11
                   18416.7464  75113.522 -193080.67 117967.149  123613.13 69070.5485 -192683.68 67889.9714 -193393.83 125503.861
                   33.6241171 -19.088553 3.41258639 1.68670861 2.02269802 1.61760443 1504.91318 7651.19622 77.1620695 .075039073
                   .134516228 .093537982
   7000       .07   .40689713 .340095017 1.17444189 9.89033215 41.7837108 91.3897001  10.048773 35.2248349 103.337381 36643.4992
                    75317.523 -111388.61 36643.5677 75317.4861 -111388.65 -115265.37 37916.2903 72570.3677 36935.9123 69153.9188
                   -118446.17 148032.217 38673.9184 -186706.14 -187835.74  153181.66 34654.0774 155382.087 32218.0065 -187600.09
                   -20.171691 -18.441665 34.2701311 2.01680103 2.14910227 1.86542848 1505.24625 7651.32429 77.4150272 .078339844
                   .138001361 .095506861
   7500      .075  .302943848 .557571689  .21627661 93.1305975 23.3985108 22.5512014 91.6836634 25.3523029 22.1269209 -112444.55
                   56361.9561  55332.135 -112444.57 56362.0033 55332.1002 53695.2363 -112722.72  56733.888 -111567.65 58667.9644
                   54809.1168 -167776.68 168806.578 -1029.9031 -3038.6517 -166417.95 169456.604 -166376.77 170235.616 -3858.8476
                   -17.405282  23.612956 -14.706346 2.21553861 2.49962279 2.02063271 1505.44884 7651.67849  77.571752 .081760578
                   .139328317 .098792342
   8000       .08  .520208271 .064065034 .851624589 8.38250102 90.0081376 43.4466133 7.90718506 87.4773095 49.6196802 33734.9345
                   -110543.51  76801.556 33734.8761  -110543.5 76801.6016 80282.0423 32859.5943 -109939.94 32764.4788  -108978.3
                   82076.5878 -43066.725 -144278.37 187345.099 190221.983 -47422.448 -142799.53 -49312.109 -141742.78 191054.886
                   22.8080747 8.00406358 -29.182608 2.41314297 2.65503993 2.37109466 1505.64743 7651.83571 77.9258455 .083213788
                   .142359236 .101557961
   8500      .085  .045256087 .865085857  .67591883 61.7230905 1.12620896 78.6456573 62.4024103 1.14919683 81.5098957 91541.0517
                   12365.2775 -103330.79 91541.1037 12365.2187 -103330.77 -103855.08 92610.4939 13373.8203 92043.4725 12490.7789
                   -105195.58 194871.878 -79175.885 -115695.99  -117228.9 196465.575 -79236.674  197239.05 -79552.694 -117686.36
                   6.72726443 -29.412342  25.998439 2.74405025 2.90236404 2.49788006 1505.98276 7652.08607 78.0546685 .086823379
                   .144547241 .103165975
   9000       .09   .65789866  .08400851 .278566435 60.7302618 77.8459388 1.11231256 60.0813532 76.8525997 1.43245275 -90801.924
                   102804.048 -12288.643  -90801.89 102804.066 -12288.694 -13641.583 -90570.586 102284.381 -90315.474 102146.054
                   -13945.448 -78513.196 193605.956 -115092.76 -115925.96 -76929.003 192854.967 -76370.026 192461.528  -116091.5
                   -25.649535  9.1656156 16.6903096 2.86010042 3.19617716 2.79169704  1506.0992 7652.38267 78.3517341 .088524827
                      .146243 .106609553
   9500      .095  .036829441 .634744951 1.03890428 9.08635761 42.3650718 90.3198955 9.56216159 43.1783149  92.908518 -35122.581
                   -75839.694 110734.762 -35122.646 -75839.644 110734.775 111574.699 -36118.108 -76790.446 -36030.505 -76564.096
                   112310.427 -145857.42 -40716.998 186574.419 188365.145 -147692.81 -40672.338 -148340.93  -40533.59 188874.523
                   6.06872647 25.1941452 -32.232038   3.190773 3.32279096  3.0388109 1506.43397 7652.51079 78.6010231 .090749728
                   .149559485  .10799352
  10000       0.1  .578250959 .665869267 .001019018 93.4972428 23.0894034 23.4709547 93.7419385 22.6457134 23.7990914 112665.697
                   -55988.427 -56449.235 112665.699 -55988.479 -56449.187 -56563.572 112989.263 -55411.489 112813.034 -55447.927
                   -56842.412 169114.886 -168654.18 -460.70793 -1152.0828 169552.835 -168400.75 169655.446 -168260.96 -1394.4852
                   24.0468493 -25.804443 1.00946434 3.38887042 3.67353671 3.19441853 1506.63352 7652.86564 78.7590152 .093780109
                    .15075741 .110640282
  10500      .105   .43982203 .082059281  .91174683 8.86714845  89.774129 42.0658457 8.55606234 90.4457295 42.6892371 -34696.451
                   110399.723 -75571.298 -34696.391 110399.705  -75571.34 -75849.305 -34242.256 110830.278  -34082.33 110811.886
                   -76129.243 40874.9494 145096.096 -185971.05 -186679.58  41607.049 145072.534 42046.9122 144894.216 -186941.13
                   -20.971934 -9.0586578 30.1951458 3.58703412 3.82885009 3.54495718 1506.83422 7653.02203 79.1129199 .094919091
                   .153740912 .113226023
  11000       .11  .156564181 .989767469   .3323015 61.3783261 1.06696579 78.4281669 61.6697246 1.13657673 79.3890273  -91285.05
                   -12035.658 103187.823 -91285.087 -12035.595 103187.798 103562.737 -91550.535 -12399.933 -91501.522 -12422.005
                   103817.975 -194472.88 79249.4919 115223.393  115962.67 -195113.27 79150.6016  -195319.5  79079.517  116239.98
                   -12.512561 31.4605701 -18.229139 3.91764755 4.07620975 3.67149491 1507.16812 7653.27271 79.2407659 .098207089
                   .155915904 .114592289
  11500      .115  .895980402 .125867657  .35001883 61.3187917 78.1303454 1.01525364 61.2407144 78.7721946 1.00116585 91240.8421
                   -102991.67 11740.2508 91240.8047 -102991.69 11740.3107 11744.2329  91210.307 -103293.61 91182.6977 -103413.87
                   11658.5711  79500.494 -194232.49 114732.001 115037.845 79466.0741 -194503.92 79524.1266 -194596.57  115072.44
                   29.9329317 -11.219076  -18.70879 4.03388656 4.37011325 3.96558325  1507.2855 7653.56936 79.5384374 .099893601
                   .157588217 .117959629
  12000       .12  .034076723 .555455886 .830063592 8.93654968 42.0232667 89.6936109 9.03353013 42.3800588 90.4611387 34831.8492
                   75533.1311 -110350.17 34831.9068  75533.084 -110350.19 -110717.94  35044.944 75798.3586 35020.3967 75853.0573
                   -110821.32 145182.092 40701.1772 -185883.27  -186516.3 145762.884 40753.4146 145841.721 40832.6606 -186674.38
                   -5.8375271 -23.568112 28.8108242 4.36458319  4.4966895 4.21264551  1507.6201 7653.69744 79.7876207 .102017475
                   .160869079 .119305959
  12500      .125  .713524037 .683798371 .189384E-3  93.743749 23.4265921 23.4401732 94.3973765 23.7951562 23.6837449 -112814.12
                   56395.7618 56412.2123 -112814.12 56395.8141 56412.1589 56580.1006 -113179.84 56666.5949 -113206.74 56837.7127
                   56704.4966 -169226.28 169209.937 16.3448289 -86.494301 -169759.95 169846.439 -169911.23  170044.45 -133.21609
                   -26.711871 26.1495386 .435183153 4.56264866 4.84738416 4.36820234 1507.81971 7654.05212 79.9451939 .105021048
                   .162014249 .121898175
  13000       .13  .507443666 .045578075 .835096721 8.96256153 89.8105116 41.9811986 8.96215954 90.4752257 42.5418629 34882.6208
                   -110422.09 75495.2227  34882.563 -110422.07 75495.2677 75816.0359 34926.2198 -110749.61 34881.7807 -110829.95
                   75997.7202 -40612.705 -145304.64 185917.341 186565.646 -40889.816 -145675.83 -41115.939 -145711.73 186827.673
                   22.5265103 6.75115363  -28.89804 4.76089995 5.00279784 4.71884638 1508.02058 7654.20881 80.2995552 .106164589
                   .165015381 .124494646
  13500      .135  .157773643 .897874828 .306459803 61.4460904 1.02209151 78.3029705 61.9289828 1.00047446 78.8587676 91335.4292
                   11779.8406 -103105.43 91335.4642 11779.7806  -103105.4  -103360.2 91629.6264  11686.973 91693.6553 11654.5448
                   -103470.68 194440.869 -79555.684 -114885.19 -115047.17 194989.827 -79942.653 195164.336 -80039.111 -115125.23
                   12.5607979  -29.96456 17.5059933 5.09146119 5.25005441 4.84533616 1508.35433 7654.45922 80.4271256 .109440738
                   .167143141 .125828263
  14000       .14  .918845123 .145042217 .329117955 61.4558646  78.375457 1.03058137 61.9412608 79.3629581 1.08375489 -91342.765
                   103153.093 -11828.542 -91342.728 103153.117 -11828.603 -12099.917  -91592.22 103632.856 -91702.744 103800.928
                   -12129.917 -79514.125 194495.845 -114981.72 -115732.77 -79492.303 195225.076 -79572.827 195503.672 -115930.85
                   -30.312458 12.0433475 18.1416084 5.20775016 5.54398818 5.13942418 1508.47184 7654.75593 80.7248476 .111119146
                   .168825275 .129203377
  14500      .145  .039049373 .490646668 .805824061 8.95411944 41.9809465 89.7636723 9.10370732 42.3009133 90.6513687 -34866.074
                   -75495.085 110393.263 -34866.131 -75495.041 110393.275 110838.491 -35128.095 -75710.799 -35156.162 -75782.196
                   110937.786 -145259.41  -40628.91 185888.316  186549.29 -145966.59 -40582.704 -146093.95 -40626.034 186719.982
                   6.24894977 22.1505456  -28.38704 5.53841734 5.67057298 5.38650657 1508.80632 7654.88408 80.9740677 .113253086
                   .172106013 .130535265
  15000       .15  .684870084 .671587355 .244759E-4  93.858615 23.5063878 23.4106301 94.9887533 23.9626778 23.4857948 112883.219
                   -56491.728  -56376.65 112883.218  -56491.78 -56376.598 -56424.067 113423.896 -56865.513  113560.79 -57037.435
                    -56467.03 169259.816   -169375. 115.182302 441.446036 169847.963 -170289.41  170027.82 -170598.23 570.405263
                   26.1700226 -25.915002 -.15644783 5.73650218 6.02121941 5.54205523 1509.00598 7655.23858 81.1316402 .116251667
                   .173242281 .133130168
  15500      .155  .498664715 .038745442 .814729537 8.95212036 89.8747583 42.0578127 8.92373303 90.7199929 42.7927397 -34862.296
                   110461.574  -75564.08 -34862.238 110461.562 -75564.124 -75996.849 -34865.704  110872.52  -34806.92 110979.769
                   -76221.477 40701.8858   145323.8 -186025.69 -186869.37 41131.1447 145738.224 41414.5566 145786.689 -187201.25
                   -22.330802 -6.2245836 28.5434675 5.93474569  6.1766626 5.89268156 1509.20682 7655.39538 81.4859308 .117392626
                   .176252039 .135723442
  16000       .16  .148278808 .881820752 .308799533 61.5173882 1.01979929 78.3592045 62.2512336 1.00444211 78.9584531 -91388.403
                   -11766.623 103142.446 -91388.438 -11766.564 103142.421 103436.203 -91796.408 -11684.026 -91931.912 -11677.632
                   103536.059 -194530.86 79621.8744 114908.985 115120.229 -195232.61  80112.382 -195467.97 80254.2806  115213.69
                   -12.176979 29.6954669 -17.572693 6.26530369 6.42389811 6.01919373 1509.54056 7655.64571 81.6135933 .120675434
                   .178377366 .137054732
  16500      .165  .892309482 .145905191 .319141007 61.4524627 78.4040433 1.03306035 61.9282229 79.4610471 1.09211352 91340.2358
                    -103171.9 11842.7611    91340.2 -103171.93 11842.8208 12129.2003 91576.9923  -103692.9 91693.0927 -103865.05
                   12176.6046 79497.3792 -194512.13 115014.748 115822.099  79447.792 -195269.89 79516.4881 -195558.15 116041.659
                   29.8715497 -12.079122 -17.864518 6.38160149 6.71783154 6.31326358 1509.65809 7655.94243  81.911248 .122350015
                   .180059206 .140432969
  17000       .17   .03852252 .490982754 .802092087 8.97136432 41.9888077 89.8244438 9.17465732 42.3534789 90.8191684 34899.6325
                   75502.1535 -110430.63 34899.6892 75502.1092 -110430.64 -110929.73 35228.2155 75742.4336 35292.8913 75829.2668
                   -111040.41 145330.327   40602.42 -185932.75 -186672.16 146157.945 40514.2181 146333.305 40536.3755 -186869.68
                   -6.2066513 -22.158131 28.3212303 6.71225648 6.84441565 6.56034614 1509.99254 7656.07057 82.1604743 .124484251
                   .183341582 .141760751
  17500      .175  .673664053  .67301973 .201703E-8 93.8698462 23.5021862 23.4284082 95.0258592 23.9498169 23.5474368 -112889.97
                   56486.6794  56398.052 -112889.97 56486.7313 56398.0001 56490.3505  -113435.4  56858.427 -113582.97 57022.1268
                   56541.0843 -169287.97 169376.703 -88.731152 -368.07643 -169925.75 170293.826 -170124.05 170605.095 -481.04252
                   -25.955039 25.9426238  -.0014202 6.91035036 7.19506272 6.71590214 1510.19223 7656.42507  82.318069 .127485515
                    .18447756 .144359309
  18000       .18   .49176012 .039784315 .809281184 8.94381401 89.8648697 42.0648355  8.8933926 90.6958815 42.8112798 34846.1179
                    -110455.5 75570.3886  34846.061 -110455.49 75570.4329 76009.2652 34819.0238 -110860.66 34747.6985 -110965.02
                   76237.9866 -40724.372 -145301.55 186025.918 186869.923 -41190.241 -145679.68 -41490.288 -145712.72 187203.007
                    22.175665 6.30748084 -28.447868 7.10858755 7.35050166 7.06651853 1510.39305 7656.58185 82.6723258 .128623728
                   .187486555 .146950787
  18500      .185  .148639737 .888061704 .311142259 61.5269729 1.02032649 78.3838112 62.2799579 1.00544833  79.046905 91395.5223
                   11769.6648 -103158.64 91395.5576 11769.6052 -103158.61 -103484.23 91811.5528 11686.9901 91953.1196 11683.4792
                   -103594.03 194554.172 -79625.952 -114928.22 -115171.22 195295.778 -80124.563 195547.154  -80269.64 -115277.51
                   12.1917898 -29.800364  17.639225 7.43914698 7.59774037 7.19303497 1510.72679 7656.83219  82.800002 .131907809
                   .189612398  .14828331
  19000       .19  .889442137 .145833485  .31675467 61.4437188 78.3863968 1.03179978 61.9011961 79.4029228 1.08747085 -91333.737
                   103160.292 -11835.533 -91333.702 103160.316 -11835.593 -12106.569 -91559.116 103663.689 -91673.082  103827.06
                   -12150.695 -79498.108 194494.017 -114995.91 -115770.26 -79452.546 195222.805 -79522.387 195500.142 -115977.76
                   -29.823517 12.0761536 17.7976029 7.55544474 7.89167427  7.4871053 1510.84433 7657.12891 83.0976568 .133582477
                   .191294388 .151661584
  19500      .195  .037906856 .494452801 .803539819 8.97376527 41.9819733 89.8263723 9.18028197 42.3274761  90.831988 -34904.302
                   -75496.009 110431.811 -34904.359 -75495.964 110431.823 110935.544 -35236.922 -75723.309 -35303.708 -75805.986
                   111048.251 -145336.18 -40591.605 185927.788 186658.853 -146172.47 -40486.387 -146351.96 -40502.278 186854.237
                   6.15685441 22.2362947 -28.346778  7.8860977 8.01825583 7.73418569 1511.17876 7657.25704  83.346876 .135715793
                    .19457565 .152989242
  20000       0.2  .675191913 .675638096 .153282E-5 93.8653478  23.497914 23.4310759 95.0138246 23.9350566 23.5552673 112887.267
                   -56481.545 -56401.263 112887.267 -56481.597 -56401.211 -56499.576 113428.411 -56845.239 113575.776 -57004.553
                   -56550.485 169288.478 -169368.86 80.3861339 345.663119 169927.987 -170273.65 170126.261 -170580.33    454.068
                   25.9844552 -25.993039 .039151311 8.08419298  8.3689066 7.88974331 1511.37846 7657.61156 83.5044748  .13871742
                   .195712655 .155588227
  20500      .205  .491821421 .039935874  .81016947 8.94226538 89.8539598 42.0617336 8.88996392 90.6555379 42.8028809 -34843.101
                   110448.793 -75567.602 -34843.044  110448.78 -75567.647 -76003.372 -34813.492 110840.607    -34741. 110940.337
                   -76230.508 40724.6025 145291.824 -186016.43 -186843.98 41189.8803 145654.099 41489.5081 145681.337 -187170.85
                   -22.177047 -6.3194837 28.4634761 8.28242825 8.52434374 8.24036037 1511.57928 7657.76834 83.8587347 .139855579
                   .198720994 .158179414
  21000       .21  .149084858 .890048585 .312007399 61.5253788 1.02017251 78.3805536  62.275219 1.00520108 79.0332295 -91394.338
                   -11768.777 103156.495 -91394.374 -11768.717 103156.471 103479.151 -91807.362 -11685.003 -91949.621 -11682.043
                   103585.073 -194550.84 79625.6565 114925.188 115164.155 -195286.51 80122.3585 -195534.69 80267.5786 115267.116
                   -12.210031 29.8336821 -17.663731 8.61298885  8.7715828 8.36687596 1511.91303 7658.01868 83.9864073 .143139316
                   .200846917 .159512293
  21500      .215  .890660721 .146203364 .317039686 61.4408645 78.3829409 1.03173893 61.8938231 79.3873127 1.08793124 91331.6157
                   -103158.02 11835.1844 91331.5801 -103158.04 11835.2441   12107.65 91554.7417 -103655.63 91667.6224 -103816.85
                   12153.2669  79496.336 -194489.62 114993.286  115763.28 79447.0917 -195210.37 79514.3555 -195484.48 115970.121
                   29.8439394 -12.091458 -17.805608 8.72928543 9.06551753 8.66094712 1512.03055  7658.3154 84.2840654 .144814079
                   .202529124 .162890351
  22000       .22  .038007693 .494705198 .804608993 8.97341513 41.9807193 89.8235525 9.17997681 42.3229503 90.8199268 34903.6212
                   75494.8812 -110430.08 34903.6779 75494.8367 -110430.09  -110930.2 35236.1005 75719.8882 35303.1213 75801.9329
                   -111040.88 145333.768 40591.1588 -185924.93 -186650.09   146166.3 40483.7877 146343.999 40498.8116 -186842.81
                    -6.165038 -22.241969 28.3656305 9.05993896 9.19209826  8.9080278 1512.36499 7658.44353 84.5332855 .146947472
                   .205810142 .164218171
  22500      .225  .675515007 .676005321 .148551E-5 93.8626638 23.4980001 23.4298499 95.0067193 23.9337577 23.5496981 -112885.65
                   56481.6485 56399.7873 -112885.65 56481.7005 56399.7353 56494.5528  -113424.7 56844.5565 -113571.53 57003.0058
                    56543.799 -169285.39 169367.354 -81.965143 -350.00367 -169919.25 170269.258 -170115.33 170574.535 -459.20681
                   -25.990672 26.0001023 -.03854237 9.25803396 9.54274939 9.06358485 1512.56469 7658.79804 84.6908827 .149948884
                    .20694727 .166817108
  23000       .23  .492313985  .03991442 .810766168 8.94225827 89.8537152 42.0614674 8.88969613 90.6542645 42.8030101 34843.0871
                   -110448.64  75567.363 34843.0302 -110448.63 75567.4074  76002.327 34812.6427 -110840.63 34740.4765 -110939.56
                   76230.6228 -40724.377 -145291.66 186016.037 186842.961 -41189.684 -145653.28 -41490.146 -145680.03 187170.181
                   22.1881497 6.31778598 -28.473956  9.4562691 9.69818642 9.41420243 1512.76551 7658.95482 85.0451442 .151087223
                    .20995559  .16940826
  23500      .235  .148997363 .890049069 .312106398 61.5239037 1.02017297 78.3790199 62.2720756 1.00519212 79.0277973 91393.2426
                   11768.7793 -103155.49  91393.278 11768.7197 -103155.46 -103474.92 91806.2133 11684.9061 91947.3005 11681.9906
                   -103581.51  194548.74 -79624.558 -114924.18 -115159.83 195281.136 -80121.307 195528.814  -80265.31  -115263.5
                   12.2064476  -29.83369 17.6665333 9.78682996 9.94542543 9.54071782 1513.09925 7659.20516 85.1728163 .154370894
                   .212081517 .170741227
  24000       .24  .890939681 .146171321 .317229541 61.4401906 78.3828462   1.031898 61.8919703 79.3884601 1.08819287 -91331.115
                   103157.955 -11836.097 -91331.079 103157.979 -11836.156 -12109.002  -91553.05 103656.729  -91666.25 103817.604
                   -12154.728 -79494.923 194489.059 -114994.14 -115765.73 -79444.048 195209.779 -79511.522 195483.854 -115972.33
                   -29.848613 12.0901332 17.8109388 9.90312622 10.2393601 9.83478885 1513.21678 7659.50188 85.4704738 .156045643
                   .213763712 .174119197
  24500      .245   .03806994 .494640867 .804718711 8.97337073 41.9806874 89.8228028 9.17939573 42.3239463 90.8186863 -34903.535
                   -75494.853 110429.617 -34903.592 -75494.808 110429.629  110929.14 -35235.419 -75720.499 -35302.004 -75802.825
                   111040.119 -145333.22 -40591.217 185924.437 186649.639 -146164.56  -40485.08 -146342.12 -40500.821 186842.944
                   6.17008427 22.2405231 -28.367564   10.23378 10.3659409 10.0818697 1513.55122 7659.63001 85.7196948 .158179108
                   .217044754 .175447088
  25000       .25  .675508892 .675893095 .129854E-5 93.8621081 23.4979197  23.429317 95.0045137 23.9343213 23.5483482 112885.319
                   -56481.552 -56399.146 112885.319 -56481.604 -56399.094 -56493.304 113423.648 -56844.997 113570.211 -57003.677
                   -56542.178 169284.413 -169366.92 82.5099289 351.693515 169916.952 -170268.65 170112.389 -170573.89 461.498567
                   25.9905539 -25.997944 .036035359 10.4318748 10.7165919 10.2374266 1513.75092 7659.98453  85.877291  .16118046
                   .218181857 .178045989
  25500      .255  .492438687 .039914644 .810915543 8.94218213 89.8542907 42.0618942 8.88951131 90.6570616 42.8032984 -34842.939
                   110448.996 -75567.746 -34842.882 110448.983 -75567.791 -76003.614 -34812.741  110841.42 -34740.115  110941.27
                    -76230.88  40724.909 145291.865 -186016.77 -186845.03 41190.8727 145654.161 41490.7642 145681.385 -187172.15
                    -22.19096 -6.3178037 28.4765789 10.6301101 10.8720291 10.5880442 1513.95173 7660.14131 86.2315529 .162318822
                   .221190198  .18063715
  26000       .26   .14891927 .889854444 .312073874 61.5238772 1.02019429 78.3789254 62.2707406 1.00533679 79.0271762 -91393.223
                   -11768.902 103155.424 -91393.258 -11768.843 103155.399 103476.101   -91804.6 -11685.459 -91946.315 -11682.831
                   103581.106 -194548.66 79624.4156 114924.242  115161.56  -195280.7 80119.1417 -195527.42 80263.4837 115263.937
                   -12.203248 29.8304282 -17.665613 10.9606709 11.1192681 10.7145597 1514.28548 7660.39165 86.3592251 .165602519
                   .223316129 .181970122
  26500      .265  .890837618 .146125476 .317266282 61.4403123 78.3837041 1.03187545 61.8917767 79.3899697 1.08840258 91331.2053
                   -103158.52 11835.9675 91331.1697 -103158.54 11836.0272 12109.7086 91553.4742 -103657.14  91666.107 -103818.59
                   12155.8993 79495.1425 -194489.71 114994.571 115766.846 79443.7656 -195210.61 79510.2077  -195484.7  115974.49
                    29.846903 -12.088237  -17.81197 11.0769672 11.4132026 11.0086306 1514.40301 7660.68837 86.6568821  .16727724
                   .224998297 .185348083
  27000       .27  .038072886 .494626479 .804747022 8.97315939 41.9813747 89.8236667 9.17917983 42.3252237 90.8202743 34903.1238
                   75495.4705 -110430.15 34903.1805  75495.426 -110430.16 -110930.41 35234.8554 75721.5129 35301.5888 75803.9687
                   -111041.09 145333.341 40592.2455 -185925.59 -186651.92 146165.267 40486.6575 146342.679 40502.3799 -186845.06
                    -6.170323   -22.2402 28.3680634  11.407621 11.5397836 11.2557115 1514.73745  7660.8165 86.9061032 .169410723
                   .228279391 .186675986
  27500      .275  .675399594 .675755015 .129252E-5 93.8621507 23.4980189 23.4296361 95.0048865 23.9338405 23.5490172 -112885.34
                   56481.6711   56399.53 -112885.34 56481.7231  56399.478 56493.9311 -113423.79 56844.6862 -113570.43 57003.1045
                   56542.9816 -169284.82 169367.068 -82.245065 -350.75512 -169917.73 170268.481 -170113.42 170573.538  -460.1229
                   -25.988451 25.9952883 -.03595172 11.6057158 11.8904345 11.4112683 1514.93715 7661.17101 87.0636996 .172412108
                   .229416465 .189274871
  28000       .28  .492326114 .039937331 .810855533 8.94236848 89.8544613 42.0617384 8.89005652 90.6566844 42.8039632 34843.3018
                    -110449.1 75567.6064 34843.2449 -110449.09 75567.6508 76003.0187 34813.1953 -110841.85 34741.1807 -110941.04
                   76231.4716 -40724.406 -145292.33 186016.739 186844.872 -41189.823 -145655.05 -41490.291 -145682.22  187172.51
                    22.188423 6.31959894 -28.475525 11.8039511 12.0458716 11.7618859 1515.13796 7661.32779  87.417961 .173550448
                   .232424796 .191866044
  28500      .285  .148974713 .889914185 .312064537 61.5236603 1.02022086 78.3792273  62.271213 1.00534491 79.0285719 91393.0619
                   11769.0556 -103155.62 91393.0972 11768.9959  -103155.6 -103475.36 91805.6916  11685.617 91946.6637 11682.8784
                   -103582.02 194548.695 -79624.101 -114924.59 -115160.97 195281.047 -80120.075 195528.684 -80263.785  -115264.9
                   12.2055198 -29.831429 17.6653485 12.1345119 12.2931107 11.8884013 1515.47171 7661.57813 87.5456332 .176834147
                   .234550744 .193199001
  29000       .29  .890872762 .146114166 .317265448 61.4403491 78.3829987 1.03189481 61.8925224 79.3888849 1.08818654 -91331.233
                   103158.056 -11836.078 -91331.197  103158.08 -11836.138 -12108.965 -91553.364 103656.969 -91666.659 103817.882
                   -12154.693 -79495.059 194489.277 -114994.22 -115765.93 -79444.399 195210.333 -79511.966 195484.541 -115972.57
                   -29.847492 12.0877693 17.8119468 12.2508082 12.5870452 12.1824723 1515.58924 7661.87485 87.8432905 .178508891
                   .236232904 .196576967
  29500      .295  .038058688 .494643873 .804681927 8.97330692 41.9809097 89.8229532  9.1791713 42.3246581 90.8192302 -34903.411
                   -75495.052 110429.709 -34903.467 -75495.008 110429.722 110929.417 -35235.073 -75721.017 -35301.572 -75803.462
                   111040.452 -145333.19  -40591.54  185924.73 186650.434 -146164.49 -40485.944 -146342.02  -40501.89 186843.914
                   6.16917241 22.2405907 -28.366916  12.581462 12.7136262 12.4295532 1515.92368 7662.00298 88.0925114 .180642351
                   .239513968 .197904865
  % % % % % %   Final time step,  PLTFIL  dumps plot data to ".PL4" disk file.
  Done dumping plot points to C-like disk file.
  30000       0.3  .675506879  .67584128 .124056E-5 93.8622109 23.4978684 23.4294212  95.004892 23.9341195 23.5486858 112885.381
                    -56481.49 -56399.271 112885.381 -56481.542 -56399.219 -56493.639  113423.82 -56844.807 113570.437 -57003.437
                   -56542.584   169284.6 -169366.92 82.3227987 351.168258 169917.459 -170268.63 170113.021 -170573.87 460.853028
                   25.9905152 -25.996948 .035221621 12.7795568 13.0642772   12.58511 1516.12337  7662.3575 88.2501078 .183643718
                   .240651062 .200503753

Extrema of output variables follow.   Order and column positioning are the same as for the preceding time-step loop output.
Variable maxima :  52.9648986 80.5585226 36.0349175 1073.78269  3504.6353 121.228276 .1096078E8 .3192988E8  .210455E7 148972.517
                   128756.551 122844.324 148972.505 128756.709 122844.267  163364.31  164009.83 164761.667 198742.895 187337.126
                   190266.016 221065.415 217911.693 255063.168  254073.14 234025.562 247122.225 259647.234 251775.764 282342.258
                   230.141041 283.828333 146.942734 12.7795568 13.0642772   12.58511 1516.12337  7662.3575 88.2501078 .183643718
                   .240651062 .200503753
Times of maxima :      .03098     .03072      .0318     .03235     .03091     .03684     .03216     .03115     .03065     .03235
                       .03849      .0442     .03235     .03849      .0442     .03048     .03353     .03966     .03216     .03829
                       .03065     .03508     .03971      .0309     .03081      .0337      .0397     .03392     .03984     .03067
                       .03098     .03072     .03257        0.3        0.3        0.3        0.3        0.3        0.3        0.3
                          0.3        0.3
Variable minima :         0.0        0.0        0.0        0.0        0.0        0.0        0.0        0.0        0.0 -122111.85
                   -176003.75 -128290.36 -122111.83 -176003.43 -128290.43 -135523.48 -134889.21 -239732.04   -149229. -207931.02
                   -150708.64 -201931.17 -269054.62 -213566.52 -236410.99 -208074.79 -336442.06 -215901.35 -309904.82 -261256.31
                   -165.12813 -167.85907 -189.82865        0.0        0.0        0.0        0.0        0.0        0.0        0.0
                          0.0        0.0
Times of minima :       .1E-4      .1E-4      .1E-4        0.0        0.0        0.0        0.0        0.0        0.0     .04234
                       .03091     .03684     .04234     .03091     .03684     .03672     .04243     .03102     .04218     .03115
                       .03564     .04284     .03091     .03713     .03677     .05968     .03102      .0426     .03088     .03691
                       .03166     .03117      .0318        0.0        0.0        0.0        0.0        0.0        0.0        0.0
                          0.0        0.0

Blank card terminating all plot cards.            |BLANK PLOT

Memory storage figures for the preceding, now-completed data case.  -------------------------------  Present   Program
A value of  "-9999"  indicates that no figure is available.         03-Sep-26  15.32.04              figure     limit  (name)
     Size List 1.   Number of electric network nodes.                                                   94      100K  (LBUS)
     Size List 2.   Number of electric network branches.                                               141      120K  (LBRNCH)
     Size List 3.   Number of data values in R, L, C tables.                                           130      500K  (LDATA)
     Size List 4.   Number of electric network sources.                                                  6     20000  (LEXCT)
     Size List 5.   Storage for [Y] & triangularized [Y].  No. times = 1349   Factors = 594            987     2000K  (LYMAT)
     Size List 6.   Number of entries in switch table.                  No. flops = 12                  12      5000  (LSWTCH)
     Size List 7.   Number of distinct ALPHANUMERIC data names plus program SPY variables.             174      200K  (LSIZE7)
     Size List 8.   History points of distributed lines.                                               112     2000K  (LPAST)
     Size List 9.   Number of nonlinear elements.                                                       18     10000  (LNONL)
     Size List 10.  Points of nonlinear characteristics.                                                48     16000  (LCHAR)
     Size List 11.  Number of Type-59 S.M. outputs.                                                      0      3000  (LSMOUT)
     Size List 12.  Total number of EMTP output variables.                                              42     12000  (LSIZ12)
     Size List 13.  Working space for batch/SPY plotting.                                            -9999     1000K  (LSIZ13)
     Size List 14.  S.M./U.M. connections to TACS.                                                   -9999      2000  (LBSTAC)
     Size List 15.  Character storage in bytes for MODELS.                                           -9999     2000K  (LCTACS)
     Size List 16.  Total number of Type-59 S.M. masses.                                                 0      3200  (LIMASS)
     Size List 17.  Number of Type-59 Synchronous machines.                                              0       360  (LSYN)
     Size List 18.  Branch and switch power/energy outputs.                                              9      1016  (MAXPE)
     Size List 19.  Total floating-point TACS table space.                                              23     2000K  (LTACST)
     Size List 20.  Non-copied recursive convolution data plus SEEK of MODELS.                           0     2000K  (LFSEM)
     Size List 21.  Total modal/phase [T] matrix storage.                                               36     12000  (LFD)
     Size List 22.  Total recursive convolution history.                                                 0     1000K  (LHIST)
     Size List 23.  Giant vectors for renumbering, phasors;  also extrema accumulation.                397     2000K  (LSIZ23)
     Size List 24.  Peak phases of compensation for data.                                                3        36  (LCOMP)
     Size List 25.  Total table space for all U.M usage.                                             -9999      240K  (LSPCUM)
     Size List 26.  Square of max number of coupled phases.                                              9     2000K  (LSIZ26)
     Size List 27.  Maximum number of MODELS top variables.                                          -9999      100K  (LSIZ27)
     Size List 28.  MODELS.  Total work space is divided into INTEGER and REAL.  1st, REAL:          -9999     2000K  (LRTACS)
                             Second  and last,  statistics for INTEGER work space.                       0         0  (LITACS)
     Size List 29.  RAM disk used by "TAPSAV" table saving (limit is "LABCOM" size LTLABL).          -9999  84700944  (LSIZ29)
     Size List 30.  ULM line or Noda line or User line circuits.                                           0        39  (LSIZ30)
Timing figures characterizing central processor (CP) solution speed.  ----------------------------   CP sec  Wait sec  Real sec
     Data input time (through blank card ending branches) ....                                       0.000     0.000     0.000
     Node renumbering and phasor solution  ....                                                      0.020     0.000     0.020
     After phasor solution, but before time-step loop  ....                                          0.000     0.000     0.000
     Integration of equations (time-step loop)  ....                                                 0.310     0.000     0.310
     Plotting or STATISTICS termination overlays ....                                                0.000     0.000     0.000
                                                                                                    ---------------------------
                                                                                          Totals      0.330     0.000     0.330

