   ---   323   cards of disk file read into card cache cells  1   onward.
Alternative Transients Program (ATP),  Intel Visual Fortran.    All rights reserved by Can/Am user group of Portland, Oregon, USA.
 Date (dd-mth-yy) and time of day (hh.mm.ss) = 03-Sep-26  15.32.10    Name of disk plot file is  shot0097.pl4
Consult the 860-page ATP Rule Book of the Can/Am EMTP User Group in Portland,  Oregon, USA.  Source code date is 19 June 2017.
Total size of LABCOM tables = 80605677 INTEGER words.  31 VARDIM  List Sizes follow:  100K  120K  500K  20K  2000K  5K  200K
 2000K  10K  16K  3K  12K 1000K  2K 2000K  3200  360  1016 2000K 2000K  12K 1000K 2000K  36  240K 2000K  100K 2000K84700K  39  100K
--------------------------------------------------+--------------------------------------------------------------------------------
Descriptive interpretation of input data cards.   |  Input data card images are shown below, all 80 columns, character by character
                                                  0         1         2         3         4         5         6         7         8
                                                  012345678901234567890123456789012345678901234567890123456789012345678901234567890
--------------------------------------------------+--------------------------------------------------------------------------------
Comment card.   Card index = 1.                   |C data:shot0097.dat
Comment card.   Card index = 2.                   |C data:case.atp
Marker card preceding new EMTP data case.         |BEGIN NEW DATA CASE
Comment card.   Card index = 4.                   |C ------------------------------------------------------------------------------
Comment card.   Card index = 5.                   |C Generated by ATPDraw September, 3, 2026
Comment card.   Card index = 6.                   |C from project /tmp/tmp33ct0io3/case.xml
Comment card.   Card index = 7.                   |C ATPDraw developed by H. K. Høidalen at NTNU - NORWAY 1999-2022
Comment card.   Card index = 8.                   |C ------------------------------------------------------------------------------
Use  SPY  DEPOSIT  on following variable.         |$DEPOSIT, SIGMAX=3.0
Comment card.   Card index = 10.                  |C $DUMMY, XYZ000
Comment card.   Card index = 11.                  |C  dT  >< Tmax >< Xopt >< Copt ><Epsiln>
Misc. data.     1.000E-05   3.000E-01   6.000E+01 |   1.E-5      .3     60.     60.  1.E-16
Misc. data.    500    1  1  1  1  0  0  1  0  0   |     500       1       1       1       1       0               1
Comment card.   Card index = 14.                  |C        1         2         3         4         5         6         7         8
Comment card.   Card index = 15.                  |C 345678901234567890123456789012345678901234567890123456789012345678901234567890
Comment card.   Card index = 16.                  |C < n1 >< n2 ><ref1><ref2>< R  >< L  >< C  >
Comment card.   Card index = 17.                  |C < n1 >< n2 ><ref1><ref2>< R  >< A  >< B  ><Leng><><>0
Comment card.   Card index = 18.                  |C bar from: 390 - bar to: 391 - fictional: 1505 1505 - SGOTA3-MG000
Sat. Xformer.    2.456E-02  2.878E+01  0.000E+00  |  TRANSFORMER             .0245628.784X0001A                                   0
    Breakpoint.      2.45605E-02    2.87840E+01   |     0.024560452        28.78395
    Breakpoint.      9.03510E-01    1.08293E+03   |     0.903510298      1082.93048
    Breakpoint.      1.66111E+00    1.13708E+03   |      1.66111143        1137.077
    Breakpoint.      3.75350E+00    1.19122E+03   |      3.75349629      1191.22352
    Breakpoint.      7.42970E+00    1.23454E+03   |      7.42970164      1234.54074
    Breakpoint.      1.75927E+01    1.28869E+03   |      17.5926808      1288.68727
    Breakpoint.      2.79951E+01    1.30601E+03   |      27.9951131      1306.01415
    Breakpoint.      8.30078E+02    1.55942E+03   |       830.07831      1559.41988
Special termination-of-points card.               |            9999
  Winding 1.   1.7190E+00  1.8237E-01  2.8868E+02 | 1390A                     1.719 68.75288.68
  Winding 2.   1.8700E-01 -1.9892E-02  1.9919E+02 | 2391A                      .187-7.499199.19
  Winding 3.   3.2000E-02  1.1247E-03  1.3800E+01 | 3395A  395B                .032  .424  13.8
Transformer copy using reference name  "X0001A"   |  TRANSFORMER X0001A                  X0001B                                   0
  Winding 1.   (No values read, since copy)       | 1390B
  Winding 2.   (No values read, since copy)       | 2391B
  Winding 3.   (No values read, since copy)       | 3395B  395C
Transformer copy using reference name  "X0001A"   |  TRANSFORMER X0001A                  X0001C                                   0
  Winding 1.   (No values read, since copy)       | 1390C
  Winding 2.   (No values read, since copy)       | 2391C
  Winding 3.   (No values read, since copy)       | 3395C  395A
Series R-L-C.   1.000E+06  0.000E+00  0.000E+00   |  395A                      1.E6                                               0
Series R-L-C.   1.000E+06  0.000E+00  0.000E+00   |  395B                      1.E6                                               0
Series R-L-C.   1.000E+06  0.000E+00  0.000E+00   |  395C                      1.E6                                               0
Comment card.   Card index = 43.                  |C bar from: 390 - bar to: 391 - fictional: 393 393 - SGOTA4-MG000
Sat. Xformer.    2.456E-02  2.878E+01  0.000E+00  |  TRANSFORMER             .0245628.784X0002A                                   0
    Breakpoint.      2.45605E-02    2.87840E+01   |     0.024560452        28.78395
    Breakpoint.      9.03510E-01    1.08293E+03   |     0.903510298      1082.93048
    Breakpoint.      1.66111E+00    1.13708E+03   |      1.66111143        1137.077
    Breakpoint.      3.75350E+00    1.19122E+03   |      3.75349629      1191.22352
    Breakpoint.      7.42970E+00    1.23454E+03   |      7.42970164      1234.54074
    Breakpoint.      1.75927E+01    1.28869E+03   |      17.5926808      1288.68727
    Breakpoint.      2.79951E+01    1.30601E+03   |      27.9951131      1306.01415
    Breakpoint.      8.30078E+02    1.55942E+03   |       830.07831      1559.41988
Special termination-of-points card.               |            9999
  Winding 1.   1.5120E+00  1.6048E-01  2.8868E+02 | 1390A                     1.512  60.5288.68
  Winding 2.   5.4000E-02 -5.6818E-03  1.9919E+02 | 2391A                      .054-2.142199.19
  Winding 3.   3.2000E-02  1.1194E-03  1.3800E+01 | 3397A  397B                .032  .422  13.8
Transformer copy using reference name  "X0002A"   |  TRANSFORMER X0002A                  X0002B                                   0
  Winding 1.   (No values read, since copy)       | 1390B
  Winding 2.   (No values read, since copy)       | 2391B
  Winding 3.   (No values read, since copy)       | 3397B  397C
Transformer copy using reference name  "X0002A"   |  TRANSFORMER X0002A                  X0002C                                   0
  Winding 1.   (No values read, since copy)       | 1390C
  Winding 2.   (No values read, since copy)       | 2391C
  Winding 3.   (No values read, since copy)       | 3397C  397A
Series R-L-C.   1.000E+06  0.000E+00  0.000E+00   |  397A                      1.E6                                               0
Series R-L-C.   1.000E+06  0.000E+00  0.000E+00   |  397B                      1.E6                                               0
Series R-L-C.   1.000E+06  0.000E+00  0.000E+00   |  397C                      1.E6                                               0
Series R-L-C.   1.000E+06  0.000E+00  0.000E+00   |  42077A                    1.E6                                               0
Series R-L-C.   1.000E+06  0.000E+00  0.000E+00   |  42077B                    1.E6                                               0
Series R-L-C.   1.000E+06  0.000E+00  0.000E+00   |  42077C                    1.E6                                               0
Comment card.   Card index = 71.                  |C 42077 - SGOTA6-MG013
Comment card.   Card index = 72.                  |C bar from: 9098 - bar to: 9049 - circuit: 7 SGO-DF-MG138 SGOTA2-MG138 300.0
Sat. Xformer.    1.538E-01  8.392E+01  0.000E+00  |  TRANSFORMER             .1538183.924X0004A                                   0
    Breakpoint.      1.53808E-01    8.39241E+01   |      0.15380798       83.924129
    Breakpoint.      2.45543E+00    2.98868E+02   |      2.45542745      298.867504
    Breakpoint.      4.51432E+00    3.13811E+02   |      4.51432442      313.810879
    Breakpoint.      1.02007E+01    3.28754E+02   |      10.2007004      328.754254
    Breakpoint.      2.01914E+01    3.40709E+02   |      20.1913508      340.708954
    Breakpoint.      4.78108E+01    3.55652E+02   |      47.8108014       355.65233
    Breakpoint.      7.60810E+01    3.60434E+02   |      76.0810026       360.43421
    Breakpoint.      2.25586E+03    4.30369E+02   |      2255.86479      430.369205
Special termination-of-points card.               |            9999
  Winding 1.   3.6000E-02  3.8038E-03  7.9674E+01 | 19049A                     .036 1.43479.674
  Winding 2.   3.6000E-02  3.8038E-03  7.9674E+01 | 2X0003A                    .036 1.43479.674
Transformer copy using reference name  "X0004A"   |  TRANSFORMER X0004A                  X0004B                                   0
  Winding 1.   (No values read, since copy)       | 19049B
  Winding 2.   (No values read, since copy)       | 2X0003B
Transformer copy using reference name  "X0004A"   |  TRANSFORMER X0004A                  X0004C                                   0
  Winding 1.   (No values read, since copy)       | 19049C
  Winding 2.   (No values read, since copy)       | 2X0003C
Series R-L-C.   1.000E+06  0.000E+00  0.000E+00   |  X0003A                    1.E6                                               0
Series R-L-C.   1.000E+06  0.000E+00  0.000E+00   |  X0003B                    1.E6                                               0
Series R-L-C.   1.000E+06  0.000E+00  0.000E+00   |  X0003C                    1.E6                                               0
1st of coupled R-L.   1.13780E+01  1.41787E-01    |51X0005AX0010A            11.378     53.4525
2nd coil. 1.373E+00 5.617E-02 0.000E+00 0.000E+00 |52X0005BX0010B            1.3727     21.1765
Zca, Zcc= 3.335E+00 2.854E-02 4.708E+00 8.471E-02 |53X0005CX0010C
1st of coupled R-L.   3.17140E+01  3.38011E-01    |51X0006AX0009A            31.714 127.4272128
2nd coil. 1.489E+01 1.352E-01 0.000E+00 0.000E+00 |52X0006BX0009B             14.89  50.9674572
Zca, Zcc= 5.608E+00 6.761E-02 2.050E+01 2.028E-01 |53X0006CX0009C
1st of coupled R-L.   3.90950E+02  1.44245E+00    |51X0008AX0007A            390.95 543.7895175
2nd coil. 8.644E+00 2.480E-01 0.000E+00 0.000E+00 |52X0008BX0007B            8.6441  93.4941375
Zca, Zcc= 1.274E+02 3.981E-01 1.361E+02 6.461E-01 |53X0008CX0007C
Comment card.   Card index = 103.                 |C < n1 >< n2 ><ref1><ref2>< R  >< L  >< C  >
Comment card.   Card index = 104.                 |C < n1 >< n2 ><ref1><ref2>< R  >< A  >< B  ><Leng><><>0
Comment card.   Card index = 105.                 |C < n1 >< n2 ><ref1><ref2>< R  >< L  >< C  >
Comment card.   Card index = 106.                 |C < n1 >< n2 ><ref1><ref2>< R  >< A  >< B  ><Leng><><>0
1st of coupled R-L.   3.69000E+07  8.17724E+04    |51391A  E001A             3.69E7   30827475.
2nd coil. 2.160E+04 1.538E+02 0.000E+00 0.000E+00 |52391B  E001B             21598.   57981.719
Zca, Zcc= 1.229E+07 2.721E+04 1.231E+07 2.736E+04 |53391C  E001C
Sat. Xformer.    0.000E+00  0.000E+00  1.000E+06  |  TRANSFORMER                         ST001A  1.E6                             0
Special termination-of-points card.               |            9999
  Winding 1.   1.0000E-04  2.6526E-07  1.9919E+02 | 1E001A                    .0001 .0001199.19
  Winding 2.   1.0000E-04  2.6526E-07  7.9674E+01 | 29049A                    .0001 .000179.674
Transformer copy using reference name  "ST001A"   |  TRANSFORMER ST001A                  ST001B                                   0
  Winding 1.   (No values read, since copy)       | 1E001B
  Winding 2.   (No values read, since copy)       | 29049B
Transformer copy using reference name  "ST001A"   |  TRANSFORMER ST001A                  ST001C                                   0
  Winding 1.   (No values read, since copy)       | 1E001C
  Winding 2.   (No values read, since copy)       | 29049C
1st of coupled R-L.   1.58000E+05  4.43667E+02    |51390A  E002A             1.58E5    167258.5
2nd coil. 1.673E+02 3.619E+00 0.000E+00 0.000E+00 |52390B  E002B             167.31    1364.325
Zca, Zcc= 5.261E+04 1.467E+02 5.278E+04 1.503E+02 |53390C  E002C
Sat. Xformer.    0.000E+00  0.000E+00  1.000E+06  |  TRANSFORMER                         ST002A  1.E6                             0
Special termination-of-points card.               |            9999
  Winding 1.   1.0000E-04  2.6526E-07  2.8868E+02 | 1E002A                    .0001 .0001288.68
  Winding 2.   1.0000E-04  2.6526E-07  1.9919E+02 | 2391A                     .0001 .0001199.19
Transformer copy using reference name  "ST002A"   |  TRANSFORMER ST002A                  ST002B                                   0
  Winding 1.   (No values read, since copy)       | 1E002B
  Winding 2.   (No values read, since copy)       | 2391B
Transformer copy using reference name  "ST002A"   |  TRANSFORMER ST002A                  ST002C                                   0
  Winding 1.   (No values read, since copy)       | 1E002C
  Winding 2.   (No values read, since copy)       | 2391C
1st of coupled R-L.   6.29570E+04  3.30096E+02    |51390A  E003A             62957.   124443.25
2nd coil. 1.236E+03 1.123E+01 0.000E+00 0.000E+00 |52390B  E003B             1235.6     4232.25
Zca, Zcc= 2.057E+04 1.063E+02 2.181E+04 1.175E+02 |53390C  E003C
Sat. Xformer.    0.000E+00  0.000E+00  1.000E+06  |  TRANSFORMER                         ST003A  1.E6                             0
Special termination-of-points card.               |            9999
  Winding 1.   1.0000E-04  2.6526E-07  2.8868E+02 | 1E003A                    .0001 .0001288.68
  Winding 2.   1.0000E-04  2.6526E-07  7.9674E+01 | 29049A                    .0001 .000179.674
Transformer copy using reference name  "ST003A"   |  TRANSFORMER ST003A                  ST003B                                   0
  Winding 1.   (No values read, since copy)       | 1E003B
  Winding 2.   (No values read, since copy)       | 29049B
Transformer copy using reference name  "ST003A"   |  TRANSFORMER ST003A                  ST003C                                   0
  Winding 1.   (No values read, since copy)       | 1E003C
  Winding 2.   (No values read, since copy)       | 29049C
Series R-L-C.   1.000E-03  0.000E+00  0.000E+00   |  T_MANCXX0014              .001                                               0
Series R-L-C.   1.000E-03  0.000E+00  0.000E+00   |  XX0015MEASUC              .001                                               4
Series R-L-C.   1.000E-03  0.000E+00  0.000E+00   |  T_MANBXX0016              .001                                               0
Series R-L-C.   1.000E-03  0.000E+00  0.000E+00   |  XX0017MEASUB              .001                                               4
Series R-L-C.   1.000E-03  0.000E+00  0.000E+00   |  T_MANAXX0018              .001                                               0
Series R-L-C.   1.000E-03  0.000E+00  0.000E+00   |  XX0019MEASUA              .001                                               4
Series R-L-C.   1.000E-01  0.000E+00  0.000E+00   |  1_2LTA                      .1                                               1
Series R-L-C.   1.000E-03  0.000E+00  0.000E+00   |  T_MANAPRMANA              .001                                               0
Series R-L-C.   1.000E-03  0.000E+00  0.000E+00   |  T_MANBPRMANB              .001                                               0
Series R-L-C.   1.000E-03  0.000E+00  0.000E+00   |  T_MANCPRMANC              .001                                               0
Series R-L-C.   1.000E-03  0.000E+00  0.000E+00   |  T_OPOAPROPOA              .001                                               0
Series R-L-C.   1.000E-03  0.000E+00  0.000E+00   |  T_OPOBPROPOB              .001                                               0
Series R-L-C.   1.000E-03  0.000E+00  0.000E+00   |  T_OPOCPROPOC              .001                                               0
Comment card.   Card index = 159.                 |C 145 kV, Ur=120, MCOV = 96.kV Classe 3: 8kJ/kVr
Type-92 R(i)   0.0000E+00  0.0000E+00  4.4440E+03 |92      PRMANA                         4444.                                   4
Piecewise-lin.   0.000E+00  1.000E+19  0.000E+00  |                                               -1.
    Breakpoint.      1.00000E-03    1.35764E+05   |                    0.001                  135764.
    Breakpoint.      2.00000E-02    1.76190E+05   |                     0.02                  176190.
    Breakpoint.      2.00000E+00    1.85000E+05   |                       2.                   1.85E5
    Breakpoint.      2.00000E+01    1.95461E+05   |                      20.                  195461.
    Breakpoint.      2.50000E+02    2.16935E+05   |                     250.                  216935.
    Breakpoint.      5.00000E+02    2.26000E+05   |                     500.                   2.26E5
    Breakpoint.      1.00000E+03    2.31000E+05   |                     1.E3                   2.31E5
    Breakpoint.      2.00000E+03    2.43000E+05   |                     2.E3                   2.43E5
Special termination-of-points card.               |            9999
Reference branch.   Copy  (      , PRMANA )       |92      PRMANB      PRMANA             4444.                                   4
Reference branch.   Copy  (      , PRMANA )       |92      PRMANC      PRMANA             4444.                                   4
Comment card.   Card index = 173.                 |C 145 kV, Ur=120, MCOV = 96.kV Classe 3: 8kJ/kVr
Type-92 R(i)   0.0000E+00  0.0000E+00  4.4440E+03 |92      PROPOA                         4444.                                   4
Piecewise-lin.   0.000E+00  1.000E+19  0.000E+00  |                                               -1.
    Breakpoint.      1.00000E-03    1.35764E+05   |                    0.001                  135764.
    Breakpoint.      2.00000E-02    1.76190E+05   |                     0.02                  176190.
    Breakpoint.      2.00000E+00    1.85000E+05   |                       2.                   1.85E5
    Breakpoint.      2.00000E+01    1.95461E+05   |                      20.                  195461.
    Breakpoint.      2.50000E+02    2.16935E+05   |                     250.                  216935.
    Breakpoint.      5.00000E+02    2.26000E+05   |                     500.                   2.26E5
    Breakpoint.      1.00000E+03    2.31000E+05   |                     1.E3                   2.31E5
    Breakpoint.      2.00000E+03    2.43000E+05   |                     2.E3                   2.43E5
Special termination-of-points card.               |            9999
Reference branch.   Copy  (      , PROPOA )       |92      PROPOB      PROPOA             4444.                                   4
Reference branch.   Copy  (      , PROPOA )       |92      PROPOC      PROPOA             4444.                                   4
Comment card.   Card index = 187.                 |C 1/6
Comment card.   Card index = 188.                 |C  <++++++>  Cards punched by support routine on  03-Sep-26  16.19.15  <++++++>
Comment card.   Card index = 189.                 |C    **** UNTRANSPOSED K.C. Lee line calculated at   6.000E+01 HZ. ****
Comment card.   Card index = 190.                 |C LINE CONSTANTS
Comment card.   Card index = 191.                 |C $ERASE
Comment card.   Card index = 192.                 |C BRANCH  IN_001OUT001IN_002OUT002IN_003OUT003
Comment card.   Card index = 193.                 |C METRIC
Comment card.   Card index = 194.                 |C   1   .5   .1899 4           1.828    -3.2   22.04      7.     0.0   0.0
Comment card.   Card index = 195.                 |C   2   .5   .1899 4           1.828     3.2    23.9    8.86     0.0   0.0
Comment card.   Card index = 196.                 |C   3   .5   .1899 4           1.828    -3.2   25.76   10.72     0.0   0.0
Comment card.   Card index = 197.                 |C   0.2742    .667 4            1.24     0.0   29.44    18.6     0.0   0.0
Comment card.   Card index = 198.                 |C BLANK CARD ENDING CONDUCTOR CARDS
Comment card.   Card index = 199.                 |C     1.E3       60.                              13.3                 1
Comment card.   Card index = 200.                 |C    The transformation matrix was calculated at  6.00000000E+01 Hz.
New MOLDAT = 1     (data vintage).                |$VINTAGE, 1
 5.284E-01 8.593E+02 2.210E+05 8.593E+02 6.017E-05|-1T_MANAX0011A             5.28357E-01 8.59331E+02 2.21024E+05-1.33000E+01 1  3
 1.912E-01 3.671E+02 2.934E+05 3.671E+02 4.533E-05|-2T_MANBX0011B             1.91185E-01 3.67062E+02 2.93377E+05-1.33000E+01 1  3
 1.906E-01 4.134E+02 2.936E+05 4.134E+02 4.529E-05|-3T_MANCX0011C             1.90555E-01 4.13371E+02 2.93650E+05-1.33000E+01 1  3
New MOLDAT = 0     (data vintage).                |$VINTAGE, 0
TR(1,1 )...  0.594-0.699 0.402                    |  0.59364229 -0.69928374  0.40193149
TI(1,1 )...  0.000 0.000 0.000                    |  0.00000000  0.00000000  0.00000000
TR(2,1 )...  0.611 0.022-0.814                    |  0.61125068  0.02235166 -0.81448972
TI(2,1 )...  0.000 0.000 0.000                    |  0.00000000  0.00000000  0.00000000
TR(3,1 )...  0.523 0.714 0.418                    |  0.52341326  0.71449469  0.41839881
TI(3,1 )...  0.000 0.000 0.000                    |  0.00000000  0.00000000  0.00000000
Comment card.   Card index = 212.                 |C 1/6
Comment card.   Card index = 213.                 |C  <++++++>  Cards punched by support routine on  03-Sep-26  16.19.16  <++++++>
Comment card.   Card index = 214.                 |C    **** UNTRANSPOSED K.C. Lee line calculated at   6.000E+01 HZ. ****
Comment card.   Card index = 215.                 |C LINE CONSTANTS
Comment card.   Card index = 216.                 |C $ERASE
Comment card.   Card index = 217.                 |C BRANCH  IN_001OUT001IN_002OUT002IN_003OUT003
Comment card.   Card index = 218.                 |C METRIC
Comment card.   Card index = 219.                 |C   1   .5   .1899 4           1.828    -3.2   22.04      7.     0.0   0.0
Comment card.   Card index = 220.                 |C   2   .5   .1899 4           1.828     3.2    23.9    8.86     0.0   0.0
Comment card.   Card index = 221.                 |C   3   .5   .1899 4           1.828    -3.2   25.76   10.72     0.0   0.0
Comment card.   Card index = 222.                 |C   0.2742    .667 4            1.24     0.0   29.44    18.6     0.0   0.0
Comment card.   Card index = 223.                 |C BLANK CARD ENDING CONDUCTOR CARDS
Comment card.   Card index = 224.                 |C     1.E3       60.                              13.3                 1
Comment card.   Card index = 225.                 |C    The transformation matrix was calculated at  6.00000000E+01 Hz.
New MOLDAT = 1     (data vintage).                |$VINTAGE, 1
 5.284E-01 8.593E+02 2.210E+05 8.593E+02 6.017E-05|-1X0012AT_OPOA             5.28357E-01 8.59331E+02 2.21024E+05-1.33000E+01 1  3
 1.912E-01 3.671E+02 2.934E+05 3.671E+02 4.533E-05|-2X0012BT_OPOB             1.91185E-01 3.67062E+02 2.93377E+05-1.33000E+01 1  3
 1.906E-01 4.134E+02 2.936E+05 4.134E+02 4.529E-05|-3X0012CT_OPOC             1.90555E-01 4.13371E+02 2.93650E+05-1.33000E+01 1  3
New MOLDAT = 0     (data vintage).                |$VINTAGE, 0
TR(1,1 )...  0.594-0.699 0.402                    |  0.59364229 -0.69928374  0.40193149
TI(1,1 )...  0.000 0.000 0.000                    |  0.00000000  0.00000000  0.00000000
TR(2,1 )...  0.611 0.022-0.814                    |  0.61125068  0.02235166 -0.81448972
TI(2,1 )...  0.000 0.000 0.000                    |  0.00000000  0.00000000  0.00000000
TR(3,1 )...  0.523 0.714 0.418                    |  0.52341326  0.71449469  0.41839881
TI(3,1 )...  0.000 0.000 0.000                    |  0.00000000  0.00000000  0.00000000
Comment card.   Card index = 237.                 |C 1/3
Comment card.   Card index = 238.                 |C  <++++++>  Cards punched by support routine on  03-Sep-26  16.19.16  <++++++>
Comment card.   Card index = 239.                 |C    **** UNTRANSPOSED K.C. Lee line calculated at   6.000E+01 HZ. ****
Comment card.   Card index = 240.                 |C LINE CONSTANTS
Comment card.   Card index = 241.                 |C $ERASE
Comment card.   Card index = 242.                 |C BRANCH  IN_001OUT001IN_002OUT002IN_003OUT003
Comment card.   Card index = 243.                 |C METRIC
Comment card.   Card index = 244.                 |C   1   .5   .1899 4           1.828    -3.2   22.04      7.     0.0   0.0
Comment card.   Card index = 245.                 |C   2   .5   .1899 4           1.828     3.2    23.9    8.86     0.0   0.0
Comment card.   Card index = 246.                 |C   3   .5   .1899 4           1.828    -3.2   25.76   10.72     0.0   0.0
Comment card.   Card index = 247.                 |C   0.2742    .667 4            1.24     0.0   29.44    18.6     0.0   0.0
Comment card.   Card index = 248.                 |C BLANK CARD ENDING CONDUCTOR CARDS
Comment card.   Card index = 249.                 |C     1.E3       60.                              26.7                 1
Comment card.   Card index = 250.                 |C    The transformation matrix was calculated at  6.00000000E+01 Hz.
New MOLDAT = 1     (data vintage).                |$VINTAGE, 1
 5.284E-01 8.593E+02 2.210E+05 8.593E+02 1.208E-04|-1X0011B1_2LTB             5.28357E-01 8.59331E+02 2.21024E+05-2.67000E+01 1  3
 1.912E-01 3.671E+02 2.934E+05 3.671E+02 9.101E-05|-2X0011C1_2LTC             1.91185E-01 3.67062E+02 2.93377E+05-2.67000E+01 1  3
 1.906E-01 4.134E+02 2.936E+05 4.134E+02 9.092E-05|-3X0011A1_2LTA             1.90555E-01 4.13371E+02 2.93650E+05-2.67000E+01 1  3
New MOLDAT = 0     (data vintage).                |$VINTAGE, 0
TR(1,1 )...  0.594-0.699 0.402                    |  0.59364229 -0.69928374  0.40193149
TI(1,1 )...  0.000 0.000 0.000                    |  0.00000000  0.00000000  0.00000000
TR(2,1 )...  0.611 0.022-0.814                    |  0.61125068  0.02235166 -0.81448972
TI(2,1 )...  0.000 0.000 0.000                    |  0.00000000  0.00000000  0.00000000
TR(3,1 )...  0.523 0.714 0.418                    |  0.52341326  0.71449469  0.41839881
TI(3,1 )...  0.000 0.000 0.000                    |  0.00000000  0.00000000  0.00000000
Comment card.   Card index = 262.                 |C 1/3
Comment card.   Card index = 263.                 |C  <++++++>  Cards punched by support routine on  03-Sep-26  16.19.17  <++++++>
Comment card.   Card index = 264.                 |C    **** UNTRANSPOSED K.C. Lee line calculated at   6.000E+01 HZ. ****
Comment card.   Card index = 265.                 |C LINE CONSTANTS
Comment card.   Card index = 266.                 |C $ERASE
Comment card.   Card index = 267.                 |C BRANCH  IN_001OUT001IN_002OUT002IN_003OUT003
Comment card.   Card index = 268.                 |C METRIC
Comment card.   Card index = 269.                 |C   1   .5   .1899 4           1.828    -3.2   22.04      7.     0.0   0.0
Comment card.   Card index = 270.                 |C   2   .5   .1899 4           1.828     3.2    23.9    8.86     0.0   0.0
Comment card.   Card index = 271.                 |C   3   .5   .1899 4           1.828    -3.2   25.76   10.72     0.0   0.0
Comment card.   Card index = 272.                 |C   0.2742    .667 4            1.24     0.0   29.44    18.6     0.0   0.0
Comment card.   Card index = 273.                 |C BLANK CARD ENDING CONDUCTOR CARDS
Comment card.   Card index = 274.                 |C     1.E3       60.                              26.7                 1
Comment card.   Card index = 275.                 |C    The transformation matrix was calculated at  6.00000000E+01 Hz.
New MOLDAT = 1     (data vintage).                |$VINTAGE, 1
 5.284E-01 8.593E+02 2.210E+05 8.593E+02 1.208E-04|-11_2LTCX0012C             5.28357E-01 8.59331E+02 2.21024E+05-2.67000E+01 1  3
 1.912E-01 3.671E+02 2.934E+05 3.671E+02 9.101E-05|-21_2LTAX0012A             1.91185E-01 3.67062E+02 2.93377E+05-2.67000E+01 1  3
 1.906E-01 4.134E+02 2.936E+05 4.134E+02 9.092E-05|-31_2LTBX0012B             1.90555E-01 4.13371E+02 2.93650E+05-2.67000E+01 1  3
New MOLDAT = 0     (data vintage).                |$VINTAGE, 0
TR(1,1 )...  0.594-0.699 0.402                    |  0.59364229 -0.69928374  0.40193149
TI(1,1 )...  0.000 0.000 0.000                    |  0.00000000  0.00000000  0.00000000
TR(2,1 )...  0.611 0.022-0.814                    |  0.61125068  0.02235166 -0.81448972
TI(2,1 )...  0.000 0.000 0.000                    |  0.00000000  0.00000000  0.00000000
TR(3,1 )...  0.523 0.714 0.418                    |  0.52341326  0.71449469  0.41839881
TI(3,1 )...  0.000 0.000 0.000                    |  0.00000000  0.00000000  0.00000000
Blank card ending branches.  IBR, NTOT = 130  97  |BLANK BRANCH
Comment card.   Card index = 288.                 |C < n 1>< n 2>< Tclose ><Top/Tde ><   Ie   ><Vf/CLOP ><  type  >
Permanently-closed switch used for metering.      |  X0005A390A                                          MEASURING                0
Permanently-closed switch used for metering.      |  X0005B390B                                          MEASURING                0
Permanently-closed switch used for metering.      |  X0005C390C                                          MEASURING                0
Permanently-closed switch used for metering.      |  X0006A9049A                                         MEASURING                0
Permanently-closed switch used for metering.      |  X0006B9049B                                         MEASURING                0
Permanently-closed switch used for metering.      |  X0006C9049C                                         MEASURING                0
Permanently-closed switch used for metering.      |  X0008A391A                                          MEASURING                0
Permanently-closed switch used for metering.      |  X0008B391B                                          MEASURING                0
Permanently-closed switch used for metering.      |  X0008C391C                                          MEASURING                0
Switch.   2.03E-02  1.00E+09  0.00E+00  0.00E+00  |  XX0014XX0015 .02032291     1.E+9                                             1
Switch.   2.03E-02  1.00E+09  0.00E+00  0.00E+00  |  XX0016XX0017 .02027545     1.E+9                                             1
Switch.   2.11E-02  1.00E+09  0.00E+00  0.00E+00  |  XX0018XX0019 .02106993     1.E+9                                             1
Permanently-closed switch used for metering.      |  9049A MEASUA                                        MEASURING                0
Permanently-closed switch used for metering.      |  9049B MEASUB                                        MEASURING                0
Permanently-closed switch used for metering.      |  9049C MEASUC                                        MEASURING                0
Blank card ending switches.   KSWTCH = 15.        |BLANK SWITCH
Comment card.   Card index = 305.                 |C < n 1><>< Ampl.  >< Freq.  ><Phase/T0><   A1   ><   T1   >< TSTART >< TSTOP  >
Comment card.   Card index = 306.                 |C 1 - 390
Source.   4.08E+05  6.00E+01  0.00E+00 -1.00E+00  |14X0010A   408248.29       60.                                     -1.      100.
Source.   4.08E+05  6.00E+01 -1.20E+02 -1.00E+00  |14X0010B   408248.29       60.     -120.                           -1.      100.
Source.   4.08E+05  6.00E+01 -2.40E+02 -1.00E+00  |14X0010C   408248.29       60.     -240.                           -1.      100.
Comment card.   Card index = 310.                 |C 1 - 9049
Source.   1.13E+05  6.00E+01  0.00E+00 -1.00E+00  |14X0009A  112676.528       60.                                     -1.      100.
Source.   1.13E+05  6.00E+01 -1.20E+02 -1.00E+00  |14X0009B  112676.528       60.     -120.                           -1.      100.
Source.   1.13E+05  6.00E+01 -2.40E+02 -1.00E+00  |14X0009C  112676.528       60.     -240.                           -1.      100.
Comment card.   Card index = 314.                 |C 1 - 391
Source.   2.82E+05  6.00E+01  0.00E+00 -1.00E+00  |14X0007A   281691.32       60.                                     -1.      100.
Source.   2.82E+05  6.00E+01 -1.20E+02 -1.00E+00  |14X0007B   281691.32       60.     -120.                           -1.      100.
Source.   2.82E+05  6.00E+01 -2.40E+02 -1.00E+00  |14X0007C   281691.32       60.     -240.                           -1.      100.
Blank card ends electric sources.  KCONST = 9     |BLANK SOURCE

List of input elements that are connected to each node.   Only the physical connections of multi-phase lines are shown (capacitive
and inductive coupling are ignored).   Repeated entries indicate parallel connections.   Switches are included,  although sources
(including rotating machinery) are omitted -- except that U.M. usage produces extra,  internally-defined nodes  "UMXXXX".
--------------+------------------------------
From bus name |  Names of all adjacent busses.
--------------+------------------------------
       X0001A |TERRA *TERRA *TERRA *390A  *
       390A   |X0001A*X0002A*X0005A*E002A *E003A *
       391A   |TERRA *TERRA *TERRA *X0008A*E001A *
       395A   |TERRA *395B  *395C  *
       395B   |TERRA *395A  *395C  *
       X0001B |TERRA *TERRA *TERRA *390B  *
       390B   |X0001B*X0002B*X0005B*E002B *E003B *
       391B   |TERRA *TERRA *TERRA *X0008B*E001B *
       395C   |TERRA *395A  *395B  *
       X0001C |TERRA *TERRA *TERRA *390C  *
       390C   |X0001C*X0002C*X0005C*E002C *E003C *
       391C   |TERRA *TERRA *TERRA *X0008C*E001C *
       X0002A |TERRA *TERRA *TERRA *390A  *
       397A   |TERRA *397B  *397C  *
       397B   |TERRA *397A  *397C  *
       X0002B |TERRA *TERRA *TERRA *390B  *
       397C   |TERRA *397A  *397B  *
       X0002C |TERRA *TERRA *TERRA *390C  *
       42077A |TERRA *
       42077B |TERRA *
       42077C |TERRA *
       X0004A |TERRA *TERRA *9049A *
       9049A  |TERRA *TERRA *X0004A*X0006A*MEASUA*
       X0003A |TERRA *TERRA *
       X0004B |TERRA *TERRA *9049B *
       9049B  |TERRA *TERRA *X0004B*X0006B*MEASUB*
       X0003B |TERRA *TERRA *
       X0004C |TERRA *TERRA *9049C *
       9049C  |TERRA *TERRA *X0004C*X0006C*MEASUC*
       X0003C |TERRA *TERRA *
       X0005A |390A  *X0010A*
       X0010A |X0005A*
       X0005B |390B  *X0010B*
       X0010B |X0005B*
       X0005C |390C  *X0010C*
       X0010C |X0005C*
       X0006A |9049A *X0009A*
       X0009A |X0006A*
       X0006B |9049B *X0009B*
       X0009B |X0006B*
       X0006C |9049C *X0009C*
       X0009C |X0006C*
       X0008A |391A  *X0007A*
       X0007A |X0008A*
       X0008B |391B  *X0007B*
       X0007B |X0008B*
       X0008C |391C  *X0007C*
       X0007C |X0008C*
       E001A  |391A  *ST001A*
       E001B  |391B  *ST001B*
       E001C  |391C  *ST001C*
       ST001A |TERRA *TERRA *E001A *
       ST001B |TERRA *TERRA *E001B *
       ST001C |TERRA *TERRA *E001C *
       E002A  |390A  *ST002A*
       E002B  |390B  *ST002B*
       E002C  |390C  *ST002C*
       ST002A |TERRA *TERRA *E002A *
       ST002B |TERRA *TERRA *E002B *
       ST002C |TERRA *TERRA *E002C *
       E003A  |390A  *ST003A*
       E003B  |390B  *ST003B*
       E003C  |390C  *ST003C*
       ST003A |TERRA *TERRA *E003A *
       ST003B |TERRA *TERRA *E003B *
       ST003C |TERRA *TERRA *E003C *
       T_MANC |XX0014*PRMANC*X0011C*
       XX0014 |T_MANC*XX0015*
       XX0015 |XX0014*MEASUC*
       MEASUC |9049C *XX0015*
       T_MANB |XX0016*PRMANB*X0011B*
       XX0016 |T_MANB*XX0017*
       XX0017 |XX0016*MEASUB*
       MEASUB |9049B *XX0017*
       T_MANA |XX0018*PRMANA*X0011A*
       XX0018 |T_MANA*XX0019*
       XX0019 |XX0018*MEASUA*
       MEASUA |9049A *XX0019*
       1_2LTA |TERRA *X0011A*X0012A*
       PRMANA |TERRA *T_MANA*
       PRMANB |TERRA *T_MANB*
       PRMANC |TERRA *T_MANC*
       T_OPOA |PROPOA*X0012A*
       PROPOA |TERRA *T_OPOA*
       T_OPOB |PROPOB*X0012B*
       PROPOB |TERRA *T_OPOB*
       T_OPOC |PROPOC*X0012C*
       PROPOC |TERRA *T_OPOC*
       X0011A |T_MANA*1_2LTA*
       X0011B |T_MANB*1_2LTB*
       X0011C |T_MANC*1_2LTC*
       X0012A |1_2LTA*T_OPOA*
       X0012B |T_OPOB*1_2LTB*
       X0012C |T_OPOC*1_2LTC*
       1_2LTB |X0011B*X0012B*
       1_2LTC |X0011C*X0012C*
       TERRA  |X0001A*X0001A*X0001A*391A  *391A  *391A  *395A  *395B  *X0001B*X0001B*X0001B*391B  *391B  *391B  *395C  *
              |X0001C*X0001C*X0001C*391C  *391C  *391C  *X0002A*X0002A*X0002A*397A  *397B  *X0002B*X0002B*X0002B*397C  *
              |X0002C*X0002C*X0002C*42077A*42077B*42077C*X0004A*X0004A*9049A *9049A *X0003A*X0003A*X0004B*X0004B*9049B *
              |9049B *X0003B*X0003B*X0004C*X0004C*9049C *9049C *X0003C*X0003C*ST001A*ST001A*ST001B*ST001B*ST001C*ST001C*
              |ST002A*ST002A*ST002B*ST002B*ST002C*ST002C*ST003A*ST003A*ST003B*ST003B*ST003C*ST003C*1_2LTA*PRMANA*PRMANB*
              |PRMANC*PROPOA*PROPOB*PROPOC*
              |----------------------------

Sinusoidal steady-state phasor solution, branch by branch.   All flows are away from a bus,  and the real part,  magnitude,  or  "P"
is printed above the imaginary part,  the angle,  or  "Q".   The first solution frequency  =  6.00000000E+01  Hertz.
  Bus K                        Phasor  node  voltage              Phasor  branch  current               Power flow       Power loss
             Bus M         Rectangular            Polar          Rectangular            Polar            P  and  Q        P  and  Q

 390A                 408216.61134772  408216.61139551      .15135596015594  .65264275301273      30894.991245083  .36609763294837
                        -6.2460910595       -0.0008767      -.6348495383832      -76.5903099      129577.59094566       14.6417756

            X0001A    408172.70526106  408172.70555766      -.1513559601559  .65264275301273      -30894.62514745
                      -15.56050696374       -0.0021843      .63484953838315      103.4096901      -129562.9491701

 391A                 281637.11621346  281637.11636285      -.2189560348181  .47258742274737      -30831.15223237  -30831.15223237
                       -9.17315804483       -0.0018662      -.4188044017865     -117.6011157       58976.43624748    58976.4362475

            TERRA                 0.0              0.0      .21895603481812  .47258742274737                  0.0
                                  0.0              0.0      .41880440178647       62.3988843                  0.0

 X0001A               408172.70526106  408172.70555766      .15108027080305  .32608663135172      30831.173114558  30831.173114558
                      -15.56050696374       -0.0021843      .28897619784402       62.3988843      -58977.27365783   -58977.2736578

            TERRA                 0.0              0.0       -.151080270803  .32608663135172                  0.0
                                  0.0              0.0       -.288976197844     -117.6011157                  0.0

 395A                 9755.8868540921  11265.376683363      -.0065038300854  .00650383008551      -31.72521867348  -63.45203218984
                      -5633.061646051      -30.0021924      -.3427703632E-7     -179.9996980      18.318405104754        0.0027623

            395B      -9756.317914254  11265.376687946      .00650383008542  .00650383008551      -31.72681351636
                      -5632.315037116     -150.0021923       .3427703632E-7        0.0003020      -18.31564278565

 X0001A               408172.70526106  408172.70555766       .3109077706E-3   .3109077706E-3      63.452032892915  63.452032892915
                      -15.56050696374       -0.0021843      .16389094526E-8        0.0003020      -.0027534203172       -0.0027534

            TERRA                 0.0              0.0      -.3109077706E-3   .3109077706E-3                  0.0
                                  0.0              0.0      -.1638909453E-8     -179.9996980                  0.0

 390B                 -204113.7149474  408216.61139535      -.6254738485578  .65264279931304      30894.990854518  .36609768489143
                      -353522.8326282     -120.0008767       .1863466883674      163.4096889      129577.60075391       14.6417777

            X0001B     -204099.828423   408172.7055542      .62547384855777  .65264279931304      -30894.62475683
                      -353480.1516311     -120.0021843      -.1863466883674      -16.5903111      -129562.9589762

 391B                 -140826.5022935  281637.11636066      -.2532172165484  .47258739486536       -30831.1507482   -30831.1507482
                      -243900.3107085     -120.0018662      .39902366725437      122.3988839      58976.432592332    58976.4325923

            TERRA                 0.0              0.0      .25321721654836  .47258739486536                  0.0
                                  0.0              0.0      -.3990236672544      -57.6011161                  0.0

 X0001B                -204099.828423   408172.7055542      .17472058114436  .32608661211258      30831.171631054  30831.171631054
                      -353480.1516311     -120.0021843      -.2753274361985      -57.6011161      -58977.27000212   -58977.2700021

            TERRA                 0.0              0.0      -.1747205811444  .32608661211258                  0.0
                                  0.0              0.0      .27532743619849      122.3988839                  0.0

 395B                 -9756.317914254  11265.376687946       .0032524878261  .00650394214524      -31.72754238332  -63.45312542402
                      -5632.315037116     -150.0021923      .00563228074316       59.9947433      18.315642710786       -0.0033936

            395C      .43105202372938  11265.376679506      -.0032524878261  .00650394214524       -31.7255830407
                      11265.376671259       89.9978077      -.0056322807432     -120.0052567      -18.31903633686

 X0001B                -204099.828423   408172.7055542      -.1554812663E-3  .31091312755E-3      63.453126141647  63.453126141647
                      -353480.1516311     -120.0021843      -.2692444033E-3     -120.0052566      .00340254496711        0.0034025

            TERRA                 0.0              0.0      .15548126635E-3  .31091312755E-3                  0.0
                                  0.0              0.0      .26924440328E-3       59.9947434                  0.0

 390C                 -204102.8964053  408216.61139523      .47411793008306  .65264276506382      30894.970553911  .36609764645982
                      353529.07871629      119.9991233      .44850280619401       43.4096807      129577.59840761       14.6417761

            X0001C    -204072.8768461  408172.70555505      -.4741179300831  .65264276506382      -30894.60445626
                      353495.71213228      119.9978158       -.448502806194     -136.5903193      -129562.9566315

 391C                 -140810.6139246  281637.11636137      .47217314145382  .47258730178716      -30831.12566375  -30831.12566375
                      243909.48386345      119.9981338      .01978085691007        2.3989024      58976.430915823    58976.4309158

            TERRA                 0.0              0.0      -.4721731414538  .47258730178716                  0.0
                                  0.0              0.0      -.0197808569101     -177.6010976                  0.0

 X0001C               -204072.8768461  408172.70555505      -.3258007761069  .32608654788478      30831.146545494  30831.146545494
                      353495.71213228      119.9978158      -.0136488460885     -177.6010976      -58977.26832503   -58977.2683250

            TERRA                 0.0              0.0      .32580077610692  .32608654788478                  0.0
                                  0.0              0.0      .01364884608847        2.3989024                  0.0

 395C                 .43105202372938  11265.376679506      .00325205676199  .00650443255825      -31.72877281809   -63.4579100318
                      11265.376671259       89.9978077      -.0056330959269      -60.0016225      18.319036268788        0.0006311

            395A      9755.8868540921  11265.376683363       -.003252056762  .00650443255825      -31.72913721371
                      -5633.061646051      -30.0021924       .0056330959269      119.9983775      -18.31840514214

 X0001C               -204072.8768461  408172.70555505      -.1554606602E-3  .31093657122E-3      63.457910763304  63.457910763304
                      353495.71213228      119.9978158      .26928337206E-3      119.9983775      -.6221728247E-3       -0.0006222

            TERRA                 0.0              0.0      .15546066015E-3  .31093657122E-3                  0.0
                                  0.0              0.0      -.2692833721E-3      -60.0016225                  0.0

 395A                 9755.8868540921  11265.376683363      .00975588685409  .01126537668336      63.454355909029  63.454355909029
                      -5633.061646051      -30.0021924      -.0056330616461      -30.0021924                  0.0              0.0

            TERRA                 0.0              0.0      -.0097558868541  .01126537668336                  0.0
                                  0.0              0.0      .00563306164605      149.9978076                  0.0

 395B                 -9756.317914254  11265.376687946      -.0097563179143  .01126537668795      63.454355960655  63.454355960655
                      -5632.315037116     -150.0021923      -.0056323150371     -150.0021923                  0.0              0.0

            TERRA                 0.0              0.0      .00975631791425  .01126537668795                  0.0
                                  0.0              0.0      .00563231503712       29.9978077                  0.0

 395C                 .43105202372938  11265.376679506      .43105202373E-6  .01126537667951      63.454355865575  63.454355865575
                      11265.376671259       89.9978077      .01126537667126       89.9978077                  0.0              0.0

            TERRA                 0.0              0.0      -.4310520237E-6  .01126537667951                  0.0
                                  0.0              0.0      -.0112653766713      -90.0021923                  0.0

 390A                 408216.61134772  408216.61139551      .14683473163017  .80144691453663      29972.648875837  .48559177055358
                        -6.2460910595       -0.0008767      -.7878811575405      -79.4430912       160812.6295664       19.4300940

            X0002A    408168.72252358  408168.72276156      -.1468347316302  .80144691453663      -29972.16328407
                      -13.93831601292       -0.0019566      .78788115754052      100.5569088      -160793.1994724

 391A                 281637.11621346  281637.11636285      -.2123982367939  .28969790624842       -29908.7098603   -29908.7098603
                       -9.17315804483       -0.0018662      -.1970072737022     -137.1529318      27743.254400577    27743.2544006

            TERRA                 0.0              0.0      .21239823679389  .28969790624842                  0.0
                                  0.0              0.0      .19700727370218       42.8470682                  0.0

 X0002A               408168.72252358  408168.72276156      .14655537199178  .19989235813712      29908.712125996  29908.712125996
                      -13.93831601292       -0.0019566      .13593556481646       42.8470682      -27743.34428587   -27743.3442859

            TERRA                 0.0              0.0      -.1465553719918  .19989235813712                  0.0
                                  0.0              0.0      -.1359355648165     -137.1529318                  0.0

 397A                 9755.8140493561   11265.26675816      -.0065038038783  .00650380387839      -31.72487521241   -63.4511573851
                      -5632.967900395      -30.0019646      -.2677552402E-7     -179.9997641      18.317989847071        0.0024369

            397B      -9756.200329015  11265.266761642      .00650380387833  .00650380387839      -31.72628217269
                      -5632.298851366     -150.0019646       .2677552402E-7        0.0002359      -18.31555294303

 X0002A               408168.72252358  408168.72276156      .31090651763E-3  .31090651763E-3      63.451158052933  63.451158052933
                      -13.93831601292       -0.0019566      .12796590454E-8        0.0002358      -.0024279150455       -0.0024279

            TERRA                 0.0              0.0      -.3109065176E-3  .31090651763E-3                  0.0
                                  0.0              0.0      -.1279659045E-8     -179.9997642                  0.0

 390B                 -204113.7149474  408216.61139535      -.7557425078537  .80144696529001      29972.648716229  .48559183204634
                      -353522.8326282     -120.0008767      .26677799758523      160.5569081      160812.64013367       19.4300965

            X0002B    -204096.4321959  408168.72275827      .75574250785369  .80144696529001       -29972.1631244
                      -353477.5135748     -120.0019566      -.2667779975852      -19.4430919      -160793.2100372

 391B                 -140826.5022935  281637.11636066      -.0644141568046  .28969787590274      -29908.70886919  -29908.70886919
                      -243900.3107085     -120.0018662      .28244588102098      102.8470637      27743.249185029    27743.2491850

            TERRA                 0.0              0.0      .06441415680456  .28969787590274                  0.0
                                  0.0              0.0       -.282445881021      -77.1529363                  0.0

 X0002B               -204096.4321959  408168.72275827      .04444594669621  .19989233720135      29908.711137366  29908.711137366
                      -353477.5135748     -120.0019566      -.1948884406374      -77.1529363      -27743.33906849   -27743.3390685

            TERRA                 0.0              0.0      -.0444459466962  .19989233720135                  0.0
                                  0.0              0.0      .19488844063744      102.8470637                  0.0

 397B                 -9756.200329015  11265.266761642      .00325239645463  .00650388895154      -31.72683546692  -63.45198733789
                      -5632.298851366     -150.0019646      .00563227208113       59.9954022      18.315552957716       -0.0029161

            397C      .38627344537382  11265.266761071      -.0032523964546  .00650388895154      -31.72515187097
                      11265.266754448       89.9980354      -.0056322720811     -120.0045978      -18.31846902773

 X0002B               -204096.4321959  408168.72275827       -.155476899E-3  .31091058448E-3      63.451988012435  63.451988012435
                      -353477.5135748     -120.0019566      -.2692439887E-3     -120.0045979      .00292509148468        0.0029251

            TERRA                 0.0              0.0      .15547689895E-3  .31091058448E-3                  0.0
                                  0.0              0.0      .26924398867E-3       59.9954021                  0.0

 390C                 -204102.8964053  408216.61139523      .60890780749304  .80144693283101      29972.630481372  .48559179273434
                      353529.07871629      119.9991233      .52110312618354       40.5569020      160812.63679303       19.4300949

            X0002C    -204072.2903347  408168.72275928       -.608907807493  .80144693283101      -29972.14488958
                      353491.45188601      119.9980434      -.5211031261835     -139.4430980      -160793.2066982

 391C                 -140810.6139246  281637.11636137      .27681230647431   .2896977587101      -29908.68641456  -29908.68641456
                      243909.48386345      119.9981338      -.0854385064595      -17.1529149      27743.249125922    27743.2491259

            TERRA                 0.0              0.0      -.2768123064743   .2896977587101                  0.0
                                  0.0              0.0      .08543850645947      162.8470851                  0.0

 X0002C               -204072.2903347  408168.72275928      -.1910012586013  .19989225634927      29908.688681378  29908.688681378
                      353491.45188601      119.9980434      .05895280621917      162.8470851      -27743.33901412   -27743.3390141

            TERRA                 0.0              0.0      .19100125860132  .19989225634927                  0.0
                                  0.0              0.0      -.0589528062192      -17.1529149                  0.0

 397C                 .38627344537382  11265.266761071      .00325201016676   .0065043215702      -31.72796571519  -63.45620803448
                      11265.266754448       89.9980354       -.005632994671      -60.0015320      18.318468946502        0.0004791

            397A      9755.8140493561   11265.26675816      -.0032520101668   .0065043215702      -31.72824231928
                      -5632.967900395      -30.0019646      .00563299467103      119.9984680      -18.31798983524

 X0002C               -204072.2903347  408168.72275928      -.1554584321E-3  .31093126534E-3      63.456208718998  63.456208718998
                      353491.45188601      119.9980434      .26927853173E-3      119.9984679      -.4700844457E-3       -0.0004701

            TERRA                 0.0              0.0      .15545843212E-3  .31093126534E-3                  0.0
                                  0.0              0.0      -.2692785317E-3      -60.0015321                  0.0

 397A                 9755.8140493561   11265.26675816      .00975581404936  .01126526675816      63.453117566249  63.453117566249
                      -5632.967900395      -30.0019646      -.0056329679004      -30.0019646      .3552713679E-14        0.0000000

            TERRA                 0.0              0.0      -.0097558140494  .01126526675816                  0.0
                                  0.0              0.0       .0056329679004      149.9980354                  0.0

 397B                 -9756.200329015  11265.266761642       -.009756200329  .01126526676164       63.45311760548   63.45311760548
                      -5632.298851366     -150.0019646      -.0056322988514     -150.0019646      -.355271368E-14       -0.0000000

            TERRA                 0.0              0.0      .00975620032901  .01126526676164                  0.0
                                  0.0              0.0      .00563229885137       29.9980354                  0.0

 397C                 .38627344537382  11265.266761071      .38627344537E-6  .01126526676107      63.453117599041  63.453117599041
                      11265.266754448       89.9980354      .01126526675445       89.9980354                  0.0              0.0

            TERRA                 0.0              0.0      -.3862734454E-6  .01126526676107                  0.0
                                  0.0              0.0      -.0112652667544      -90.0019646                  0.0

 9049A                112621.44223737  112621.48124059      .11216430034706   .5589648514141      6341.7155365698  .00562395069119
                      -93.72939845165       -0.0476845      -.5475955394669      -78.4241908      30830.243162556        0.2240207

            X0004A    112620.65294745  112620.69206849      -.1121643003471   .5589648514141      -6341.709912619
                      -93.87052861893       -0.0477566       .5475955394669      101.5758092      -30830.01914185

 X0003A               112620.64875826  112620.68801403      -.1126206487581   .1126206880139      -6341.709684369  -6341.709684369
                      -94.03202324409       -0.0478388      .94032016932E-4      179.9521612       .3554283845E-6        0.0000004

            TERRA                 0.0              0.0      .11262064875814   .1126206880139                  0.0
                                  0.0              0.0      -.9403201693E-4       -0.0478388                  0.0

 X0004A               112620.65294745  112620.69206849      .11262064875814   .1126206880139      6341.7099126709  6341.7099126709
                      -93.87052861893       -0.0477566      -.9403201693E-4       -0.0478388      .00909365625898        0.0090937

            TERRA                 0.0              0.0      -.1126206487581   .1126206880139                  0.0
                                  0.0              0.0      .94032016932E-4      179.9521612                  0.0

 9049B                -56391.89314783  112621.48121237       -.530313798204  .55896485126529      6341.7155332936  .00562395069028
                      -97486.16526293     -120.0476845      .17666063620522      161.5758092      30830.243146621        0.2240207

            X0004B    -56391.62072518  112620.69204027      .53031379820404  .55896485126529      -6341.709909343
                      -97485.41115272     -120.0477566      -.1766606362052      -18.4241908      -30830.01912592

 X0003B               -56391.75848904  112620.68798581      .05639175848046  .11262068798673       -6341.70968125   -6341.70968125
                      -97485.32677747     -120.0478388       .0974853267835       59.9521612      .58809564507E-6        0.0000006

            TERRA                 0.0              0.0      -.0563917584805  .11262068798673                  0.0
                                  0.0              0.0      -.0974853267835     -120.0478388                  0.0

 X0004B               -56391.62072518  112620.69204027       -.056391758495  .11262068798772      6341.7099096072  6341.7099096072
                      -97485.41115272     -120.0477566      -.0974853267762     -120.0478388      .00909433803827        0.0090943

            TERRA                 0.0              0.0      .05639175849501  .11262068798772                  0.0
                                  0.0              0.0      .09748532677622       59.9521612                  0.0

 9049C                -56229.54904972  112621.48121755      .41814949798256  .55896485129895      6341.7155340459  .00562395069028
                      97579.894677639      119.9523155      .37093490308218       41.5758092       30830.24314988        0.2240207

            X0004C    -56229.03218245  112620.69204545      -.4181494979826  .55896485129895      -6341.709910095
                      97579.281697602      119.9522434      -.3709349030822     -138.4241908      -30830.01912918

 X0003C               -56228.89022941  112620.68799099      .05622889022925  .11262068798288      -6341.709681325  -6341.709681325
                      97579.358816974      119.9521612      -.0975793588077      -60.0478388      .25256258596E-6        0.0000003

            TERRA                 0.0              0.0      -.0562288902292  .11262068798288                  0.0
                                  0.0              0.0      .09757935880771      119.9521612                  0.0

 X0004C               -56229.03218245  112620.69204545      -.0562288902147  .11262068798191      6341.7099095722  6341.7099095722
                      97579.281697602      119.9522434      .09757935881498      119.9521612      .00909467366273        0.0090947

            TERRA                 0.0              0.0       .0562288902147  .11262068798191                  0.0
                                  0.0              0.0       -.097579358815      -60.0478388                  0.0

 X0003A               112620.64875826  112620.68801403      .11262064875826  .11262068801403      6341.7096843767  6341.7096843767
                      -94.03202324409       -0.0478388      -.9403202324E-4       -0.0478388       -.88817842E-15       -0.0000000

            TERRA                 0.0              0.0      -.1126206487583  .11262068801403                  0.0
                                  0.0              0.0      .94032023244E-4      179.9521612                  0.0

 X0003B               -56391.75848904  112620.68798581       -.056391758489  .11262068798581      6341.7096811981  6341.7096811981
                      -97485.32677747     -120.0478388      -.0974853267775     -120.0478388                  0.0              0.0

            TERRA                 0.0              0.0      .05639175848904  .11262068798581                  0.0
                                  0.0              0.0      .09748532677747       59.9521612                  0.0

 X0003C               -56228.89022941  112620.68799099      -.0562288902294  .11262068799099      6341.7096817815  6341.7096817815
                      97579.358816974      119.9521612      .09757935881697      119.9521612                  0.0              0.0

            TERRA                 0.0              0.0      .05622889022941  .11262068799099                  0.0
                                  0.0              0.0       -.097579358817      -60.0478388                  0.0

 X0005A               408216.61134772  408216.61139551      -.3902831764313  1.5215417481444      -79664.63073556  1.5889613616309
                        -6.2460910595       -0.0008767      1.4706353502963      104.8627861      -300167.6707409       24.5127451

            X0010A          408248.29        408248.29      .39028317643128  1.5215417481444      79666.219696918
                                  0.0              0.0      -1.470635350296      -75.1372139        300192.183486

 X0005B               -204113.7149474  408216.61139535      1.4687492534655  1.5215418497993      -79664.63157209  1.5889610668237
                      -353522.8326282     -120.0008767      -.3973225781844      -15.1372148      -300167.6919857       24.5127469

            X0010B        -204124.145        408248.29      -1.468749253466  1.5215418497993      79666.220533153
                      -353553.3901916     -120.0000000      .39732257818436      164.8627852      300192.20473256

 X0005C               -204102.8964053  408216.61139523      -1.078466149113  1.5215417761545      -79664.59180992  1.5889624477277
                      353529.07871629      119.9991233      -1.073312695257     -135.1372216      -300167.6869866       24.5127448

            X0010C        -204124.145        408248.29      1.0784661491131  1.5215417761545      79666.180772366
                      353553.39019156      120.0000000      1.0733126952574       44.8627784      300192.19973141

 X0006A               112621.44223737  112621.48124059       -1.98531202513  2.0475018739007      -111817.8215961  31.211398011001
                      -93.72939845165       -0.0476845      .50079944738602      165.8423669      -28107.33696722      106.8345107

            X0009A         112676.528       112676.528      1.9853120251297  2.0475018739007      111849.03299413
                                  0.0              0.0       -.500799447386      -14.1576331      28214.171477888

 X0006B               -56391.89314783  112621.48121237       1.426361326653  2.0475020873738      -111817.8308978  31.211419528379
                      -97486.16526293     -120.0476845      1.4689309594493       45.8423621      -28107.34915397      106.8345350

            X0009B         -56338.264       112676.528      -1.426361326653  2.0475020873738      111849.04231729
                      -97580.73565823     -120.0000000      -1.468930959449     -134.1576379      28214.183689013

 X0006C               -56229.54904972  112621.48121755      .55895089185135  2.0475021407429      -111817.8340116  31.211411838362
                      97579.894677639      119.9523155      -1.969730671144      -74.1576375       -28107.3491155      106.8345526

            X0009C         -56338.264       112676.528      -.5589508918514  2.0475021407429      111849.04542348
                      97580.735658229      120.0000000       1.969730671144      105.8423625      28214.183668066

 X0008A               281637.11621346  281637.11636285      -.1504308399774   .5855024305004      -21186.04928575  1.4816552210104
                       -9.17315804483       -0.0018662      .56584773438229      104.8877440      -79681.17210074       16.0255078

            X0007A          281691.32        281691.32      .15043083997741   .5855024305004      21187.530940972
                                  0.0              0.0      -.5658477343823      -75.1122560      79697.197608578

 X0008B               -140826.5022935  281637.11636066      .56525398120555  .58550248333595      -21186.04992352  1.4816552666562
                      -243900.3107085     -120.0018662      -.1526469610698      -15.1122569      -79681.17962923       16.0255099

            X0007B         -140845.66        281691.32      -.5652539812056  .58550248333595      21187.531578787
                      -243951.8391456     -120.0000000      .15264696106976      164.8877431      79697.205139158

 X0008C               -140810.6139246  281637.11636137      -.4148231490634  .58550245232747      -21186.04217872  1.4816559164901
                      243909.48386345      119.9981338      -.4132007704284     -135.1122616      -79681.17717039       16.0255084

            X0007C         -140845.66        281691.32      .41482314906336  .58550245232747      21187.523834637
                      243951.83914557      120.0000000      .41320077042842       44.8877384      79697.202678831

 391A                 281637.11621346  281637.11636285      .00384133182265  .00384297831931       540.9302925675  .15948477358313
                       -9.17315804483       -0.0018662      .11248195858E-3        1.6772569      -15.85716579152        0.4281510

            E001A     281560.67306076  281560.77057142      -.0038413318226  .00384297831931      -540.7708077939
                      -234.3295511571       -0.0476845      -.1124819586E-3     -178.3227431      16.285316762723

 391B                 -140826.5022935  281637.11636066      -.0018232537835  .00384297860243      540.93033228041  .15948492078064
                      -243900.3107085     -120.0018662      -.0033829321867     -118.3227426      -15.85717152019        0.4281510

            E001B     -140983.2718471  281560.77050085      .00182325378353  .00384297860243      -540.7708473596
                      -243721.5307361     -120.0476845      .00338293218666       61.6772574      16.285322535069

 391C                 -140810.6139246  281637.11636137      -.0020180780414   .0038429784907      540.93031762725  .15948486646471
                      243909.48386345      119.9981338      .00327045022878      121.6772535       -15.8571344708        0.4281511

            E001C     -140577.4011142  281560.77051381      .00201807804137   .0038429784907      -540.7708327608
                      243955.86032787      119.9523154      -.0032704502288      -58.3227465      16.285285577605

 E001A                281560.67306076  281560.77057142      .00384128739483  .00384293457438      540.76455057421    .738396011E-9
                      -234.3295511571       -0.0476845      .11250463672E-3        1.6776143      -16.28850419392        0.0000000

            ST001A    281560.67306039  281560.77057104      -.0038412873948  .00384293457438      -540.7645505735
                      -234.3295515525       -0.0476845      -.1125046367E-3     -178.3223857      16.288504194655

 ST001A               281560.67306039  281560.77057104      .28156067306039  .28156077057104       39638.23376228   39638.23376228
                      -234.3295515525       -0.0476845      -.2343295516E-3       -0.0476845      -.710542736E-14       -0.0000000

            TERRA                 0.0              0.0      -.2815606730604  .28156077057104                  0.0
                                  0.0              0.0      .23432955155E-3      179.9523155                  0.0

 9049A                112621.44223737  112621.48124059      .69431591033936  .69431645166686      39097.470227508  39097.470227508
                      -93.72939845165       -0.0476845      -.8670091629E-3       -0.0715466      16.283004873805       16.2830049

            TERRA                 0.0              0.0      -.6943159103394  .69431645166686                  0.0
                                  0.0              0.0       .8670091629E-3      179.9284534                  0.0

 ST001A               281560.67306039  281560.77057104      -.2777193784714  .27771959494084      -39097.46818905  -39097.46818905
                      -234.3295515525       -0.0476845      .34675002098E-3      179.9284627      -16.27665593821      -16.2766559

            TERRA                 0.0              0.0      .27771937847137  .27771959494084                  0.0
                                  0.0              0.0       -.346750021E-3       -0.0715373                  0.0

 E001B                -140983.2718471  281560.77050085      -.0018230639398  .00384271778212      540.73382730644  .73828232416E-9
                      -243721.5307361     -120.0476845       -.003382738214     -118.3216230      -16.29478358484        0.0000000

            ST001B    -140983.2718472  281560.77050048      .00182306393981  .00384271778212      -540.7338273057
                      -243721.5307355     -120.0476845      .00338273821399       61.6783770      16.294783585574

 ST001B               -140983.2718472  281560.77050048      -.1409832718472  .28156077050048      39638.233742412  39638.233742412
                      -243721.5307355     -120.0476845      -.2437215307355     -120.0476845                  0.0              0.0

            TERRA                 0.0              0.0      .14098327184721  .28156077050048                  0.0
                                  0.0              0.0      .24372153073555       59.9523155                  0.0

 9049B                -56391.89314783  112621.48121237      -.3479084968567  .69431615544026      39097.453541357  39097.453541357
                      -97486.16526293     -120.0476845      -.6008615493774     -120.0715312      16.272465907718       16.2724659

            TERRA                 0.0              0.0      .34790849685669  .69431615544026                  0.0
                                  0.0              0.0      .60086154937744       59.9284688                  0.0

 ST001B               -140983.2718472  281560.77050048      .13915991783142  .27771952882021      -39097.45887297  -39097.45887297
                      -243721.5307355     -120.0476845      .24033862352371       59.9284704      -16.27134763909      -16.2713476

            TERRA                 0.0              0.0      -.1391599178314  .27771952882021                  0.0
                                  0.0              0.0      -.2403386235237     -120.0715296                  0.0

 E001C                -140577.4011142  281560.77051381      -.0020180596039  .00384292387442      540.76309633528  .73828232416E-9
                      243955.86032787      119.9523154      .00327039742842      121.6774330      -16.28674787841        0.0000000

            ST001C    -140577.4011136  281560.77051343      .00201805960387  .00384292387442      -540.7630963345
                      243955.86032775      119.9523154      -.0032703974284      -58.3225670      16.286747879148

 ST001C               -140577.4011136  281560.77051343      -.1405774011136  .28156077051343      39638.233746059  39638.233746059
                      243955.86032775      119.9523154      .24395586032775      119.9523154                  0.0              0.0

            TERRA                 0.0              0.0      .14057740111364  .28156077051343                  0.0
                                  0.0              0.0      -.2439558603277      -60.0476846                  0.0

 9049C                -56229.54904972  112621.48121755      -.3464071750641  .69431634655892      39097.464304168  39097.464304168
                      97579.894677639      119.9523155      .60172855854034      119.9284652      16.274919365576       16.2749194

            TERRA                 0.0              0.0      .34640717506409  .69431634655892                  0.0
                                  0.0              0.0      -.6017285585403      -60.0715348                  0.0

 ST001C               -140577.4011136  281560.77051343      .13855935633183   .2777195682904      -39097.46442748  -39097.46442748
                      243955.86032775      119.9523154       -.240685403347      -60.0715433      -16.28075406123      -16.2807541

            TERRA                 0.0              0.0      -.1385593563318   .2777195682904                  0.0
                                  0.0              0.0      .24068540334702      119.9284567                  0.0

 390A                 408216.61134772  408216.61139551      .00938599991839  .03566735510545      1915.8680050798  .10642255712719
                        -6.2460910595       -0.0008767      -.0344102197864      -74.7427201      7023.3823455689        0.8678200

            E002A     408168.09425237  408168.09446888      -.0093859999184  .03566735510545      -1915.761582523
                      -13.29447204191       -0.0018662      .03441021978643      105.2572799       -7022.51452556

 390B                 -204113.7149474  408216.61139535      -.0344931274027  .03566735825558      1915.8681063791  .10642257412383
                      -353522.8326282     -120.0008767      .00907659665914      165.2572794      7023.3829843923        0.8678201

            E002B     -204095.5604751   408168.0944657       .0344931274027  .03566735825558      -1915.761683805
                      -353477.2913981     -120.0018662      -.0090765966591      -14.7427206      -7022.515164254

 390C                 -204102.8964053  408216.61139523      .02510712749458  .03566735638838      1915.8675011677  .10642258487042
                      353529.07871629      119.9991233      .02533362312632       45.2572752      7023.3827544465        0.8678201

            E002C      -204072.533784  408168.09446673      -.0251071274946  .03566735638838      -1915.761078583
                      353490.58586557      119.9981338      -.0253336231263     -134.7427248      -7022.514934389

 E002A                408168.09425237  408168.09446888       .0093857347494  .03566735441431      1915.7074662391  .63608240453E-7
                      -13.29447204191       -0.0018662      -.0344102913985      -74.7431613      7022.5291422034        0.0000001

            ST002A    408168.09424799   408168.0944645      -.0093857347494  .03566735441431      -1915.707466175
                      -13.29446953945       -0.0018662       .0344102913985      105.2568387       -7022.52914214

 ST002A               408168.09424799   408168.0944645      .40816809424799   .4081680944645       83300.59666939   83300.59666939
                      -13.29446953945       -0.0018662      -.1329446954E-4       -0.0018662       -.44408921E-15       -0.0000000

            TERRA                 0.0              0.0       -.408168094248   .4081680944645                  0.0
                                  0.0              0.0      .13294469539E-4      179.9981338                  0.0

 391A                 281637.11621346  281637.11636285      .57794404029846  .58009003937014      81385.017774836  81385.017774836
                       -9.17315804483       -0.0018662      .04985117912292        4.9299063      -7022.621950022    -7022.6219500

            TERRA                 0.0              0.0      -.5779440402985  .58009003937014                  0.0
                                  0.0              0.0      -.0498511791229     -175.0700937                  0.0

 ST002A               408168.09424799   408168.0944645      -.3987828493118  .40026357732281      -81384.98916464  -81384.98916464
                      -13.29446953945       -0.0018662      -.0343972444534     -175.0701215       7022.579661191     7022.5796612

            TERRA                 0.0              0.0      .39878284931183  .40026357732281                  0.0
                                  0.0              0.0      .03439724445343        4.9298785                  0.0

 E002B                -204095.5604751   408168.0944657      -.0344931322616  .03566740378968      1915.7338193516  .63608013079E-7
                      -353477.2913981     -120.0018662      .00907675712369      165.2570321      7022.5323980541        0.0000001

            ST002B    -204095.5604707  408168.09446132      .03449313226156  .03566740378968      -1915.733819288
                      -353477.2913955     -120.0018662      -.0090767571237      -14.7429679       -7022.53239799

 ST002B               -204095.5604707  408168.09446132      -.2040955604707  .40816809446132      83300.596668094  83300.596668094
                      -353477.2913955     -120.0018662      -.3534772913955     -120.0018662                  0.0              0.0

            TERRA                 0.0              0.0      .20409556047074  .40816809446132                  0.0
                                  0.0              0.0      .35347729139553       59.9981338                  0.0

 391B                 -140826.5022935  281637.11636066      -.2457990646362  .58008951825228      81384.940022762  81384.940022762
                      -243900.3107085     -120.0018662      -.5254395008087     -115.0700558      -7022.669414552    -7022.6694146

            TERRA                 0.0              0.0      .24579906463623  .58008951825228                  0.0
                                  0.0              0.0      .52543950080872       64.9299442                  0.0

 ST002B               -204095.5604707  408168.09446132        .169602394104  .40026327272897       -81384.9269608   -81384.9269608
                      -353477.2913955     -120.0018662      .36255443096161       64.9298807      7022.5774530903     7022.5774531

            TERRA                 0.0              0.0       -.169602394104  .40026327272897                  0.0
                                  0.0              0.0      -.3625544309616     -115.0701193                  0.0

 E002C                 -204072.533784  408168.09446673      .02510729245842  .03566754150166      1915.7614140972    .636086952E-7
                      353490.58586557      119.9981338      .02533372025937       45.2571969      7022.5540020637        0.0000001

            ST002C     -204072.533784  408168.09446235      -.0251072924584  .03566754150166      -1915.761414034
                      353490.58586053      119.9981338      -.0253337202594     -134.7428031         -7022.554002

 ST002C                -204072.533784  408168.09446235       -.204072533784  .40816809446235      83300.596668513  83300.596668513
                      353490.58586053      119.9981338      .35349058586053      119.9981338                  0.0              0.0

            TERRA                 0.0              0.0      .20407253378396  .40816809446235                  0.0
                                  0.0              0.0      -.3534905858605      -60.0018662                  0.0

 391C                 -140810.6139246  281637.11636137      -.3321440219879   .5800893692252      81384.923784403  81384.923784403
                      243909.48386345      119.9981338      .47558808326721      124.9299061      -7022.613495668    -7022.6134957

            TERRA                 0.0              0.0      .33214402198792   .5800893692252                  0.0
                                  0.0              0.0      -.4755880832672      -55.0700939                  0.0

 ST002C                -204072.533784  408168.09446235       .2291801571846  .40026346321107      -81384.96788075  -81384.96788075
                      353490.58586053      119.9981338      -.3281574249268      -55.0701372      7022.5554229849     7022.5554230

            TERRA                 0.0              0.0      -.2291801571846  .40026346321107                  0.0
                                  0.0              0.0      .32815742492676      124.9298628                  0.0

 390A                 408216.61134772  408216.61139551       .0827064847277  .08380013353513      16881.122609745  4.3384753941973
                        -6.2460910595       -0.0008767      -.0134944345747       -9.2667548       2754.067880959       14.8604071

            E003A     408057.30744276  408057.44876214      -.0827064847277  .08380013353513      -16876.78413435
                      -339.6068679874       -0.0476846      .01349443457474      170.7332452      -2739.207473895

 390B                 -204113.7149474  408216.61139535      -.0530397696504  .08380013993394      16881.123895137  4.3384798412335
                      -353522.8326282     -120.0008767       -.064878704429     -129.2667549      2754.0681133866       14.8604094

            E003B     -204322.7618565  408057.44865987      .05303976965037  .08380013993394       -16876.7854153
                      -353218.1909162     -120.0476846      .06487870442899       50.7332451      -2739.207703957

 390C                 -204102.8964053  408216.61139523      -.0296667159562  .08380013765582      16881.123274099  4.3384776298226
                      353529.07871629      119.9991233      .07837313975788      110.7332418      2754.0690322143       14.8604119

            E003C      -203734.545442  408057.44867864      .02966671595619  .08380013765582      -16876.78479647
                      353557.79784311      119.9523154      -.0783731397579      -69.2667582      -2739.208620363

 E003A                408057.30744276  408057.44876214      .08270632804397  .08379991780971      16876.752101966  .35111588659E-6
                      -339.6068679874       -0.0476846      -.0134940552243       -9.2665160      2739.1301021467        0.0000004

            ST003A    408057.30743314  408057.44875252       -.082706328044  .08379991780971      -16876.75210161
                      -339.6068749086       -0.0476846      .01349405522433      170.7334840      -2739.130101796

 ST003A               408057.30743314  408057.44875252      .40805730743314  .40805744875252      83255.440741208  83255.440741208
                      -339.6068749086       -0.0476846      -.3396068749E-3       -0.0476846                  0.0              0.0

            TERRA                 0.0              0.0      -.4080573074331  .40805744875252                  0.0
                                  0.0              0.0      .33960687491E-3      179.9523154                  0.0

 9049A                112621.44223737  112621.48124059      1.1788316965103  1.1797948427217      66378.629225077  66378.629225077
                      -93.72939845165       -0.0476845      .04766237735748        2.3153148      -2739.148432125    -2739.1484321

            TERRA                 0.0              0.0       -1.17883169651  1.1797948427217                  0.0
                                  0.0              0.0      -.0476623773575     -177.6846852                  0.0

 ST003A               408057.30743314  408057.44875252      -.3253507912159  .32561661619627      -66378.65022177  -66378.65022177
                      -339.6068749086       -0.0476846      -.0131545960903     -177.6846759      2739.1602132195     2739.1602132

            TERRA                 0.0              0.0       .3253507912159  .32561661619627                  0.0
                                  0.0              0.0      .01315459609032        2.3153241                  0.0

 E003B                -204322.7618565  408057.44865987      -.0530395482201  .08379999280254      16876.761201124  .35111952457E-6
                      -353218.1909162     -120.0476846      -.0648786954116     -129.2666415      2739.1695185868        0.0000004

            ST003B    -204322.7618577  408057.44865026      .05303954822011  .08379999280254      -16876.76120077
                      -353218.1909044     -120.0476846      .06487869541161       50.7333585      -2739.169518236

 ST003B               -204322.7618577  408057.44865026      -.2043227618577  .40805744865026      83255.440699479  83255.440699479
                      -353218.1909044     -120.0476846      -.3532181909044     -120.0476846                  0.0              0.0

            TERRA                 0.0              0.0      .20432276185771  .40805744865026                  0.0
                                  0.0              0.0      .35321819090443       59.9523154                  0.0

 9049B                -56391.89314783  112621.48121237      -.5481388568878  1.1797950025587      66378.637582391  66378.637582391
                      -97486.16526293     -120.0476845      -1.044729650021     -117.6846723      -2739.163801367    -2739.1638014

            TERRA                 0.0              0.0      .54813885688782  1.1797950025587                  0.0
                                  0.0              0.0      1.0447296500206       62.3153277                  0.0

 ST003B               -204322.7618577  408057.44865026      .15128320455551  .32561666509118      -66378.66017843  -66378.66017843
                      -353218.1909044     -120.0476846      .28833939135075       62.3153240      2739.1604829172     2739.1604829

            TERRA                 0.0              0.0      -.1512832045555  .32561666509118                  0.0
                                  0.0              0.0      -.2883393913507     -117.6846760                  0.0

 E003C                 -203734.545442  408057.44867864      -.0296669895761   .0837999466228      16876.758250496  .35111952457E-6
                      353557.79784311      119.9523154      .07837283192202      110.7334912       2739.128891742        0.0000004

            ST003C    -203734.5454312  408057.44866903      .02966698957607   .0837999466228      -16876.75825015
                      353557.79783824      119.9523154       -.078372831922      -69.2665088      -2739.128891391

 ST003C               -203734.5454312  408057.44866903      -.2037345454312  .40805744866903      83255.440707139  83255.440707139
                      353557.79783824      119.9523154      .35355779783824      119.9523154      -.727595761E-11       -0.0000000

            TERRA                 0.0              0.0      .20373454543118  .40805744866903                  0.0
                                  0.0              0.0      -.3535577978382      -60.0476846                  0.0

 9049C                -56229.54904972  112621.48121755      -.6306929588318  1.1797950660843      66378.641334145  66378.641334145
                      97579.894677639      119.9523155      .99706709384918      122.3153241      -2739.159718639    -2739.1597186

            TERRA                 0.0              0.0      .63069295883179  1.1797950660843                  0.0
                                  0.0              0.0      -.9970670938492      -57.6846759                  0.0

 ST003C               -203734.5454312  408057.44866903      .17406761646271  .32561664337436      -66378.65582837  -66378.65582837
                      353557.79783824      119.9523154      -.2751847803593      -57.6846776      2739.1585077164     2739.1585077

            TERRA                 0.0              0.0      -.1740676164627  .32561664337436                  0.0
                                  0.0              0.0      .27518478035927      122.3153224                  0.0

 XX0015               -56229.54904972  112621.48121755      .72759576142E-8  .16269535827E-7      -.9145490854E-3  .1084202172E-18
                      97579.894677639      119.9523155      -.1455191523E-7      -63.4349488      -.5413022671E-4              0.0

            MEASUC    -56229.54904972  112621.48121755      -.7275957614E-8  .16269535827E-7      .91454908545E-3
                      97579.894677639      119.9523155      .14551915228E-7      116.5650512      .54130226715E-4

 XX0017               -56391.89314783  112621.48121237      .72759576142E-8  .16269535827E-7      -.9144577186E-3  .1084202172E-18
                      -97486.16526293     -120.0476845      .14551915228E-7       63.4349488      .55652421116E-4              0.0

            MEASUB    -56391.89314783  112621.48121237      -.7275957614E-8  .16269535827E-7      .91445771859E-3
                      -97486.16526293     -120.0476845      -.1455191523E-7     -116.5650512      -.5565242112E-4

 XX0019               112621.44223737  112621.48124059      -.1455191523E-7  .14551922167E-7      -.8194295062E-3  .1084202172E-18
                      -93.72939845165       -0.0476845      .1421085472E-10      179.9440471      -.1182523464E-6              0.0

            MEASUA    112621.44223737  112621.48124059      .14551915228E-7  .14551922167E-7      .81942950615E-3
                      -93.72939845165       -0.0476845      -.142108547E-10       -0.0559529      .11825234639E-6

 X0001A               408172.70526106  408172.70555766       -.352184177E-4  .92382573853443                  0.0              0.0
                      -15.56050696374       -0.0021843      -.9238257378631      -90.0021843       188540.2255807   188540.2255807

            TERRA                 0.0              0.0      .35218417699E-4  .92382573853443                  0.0
                                  0.0              0.0      .92382573786313       89.9978157                  0.0

 X0001B                -204099.828423   408172.7055542      -.8000389484439   .9238257385266                  0.0              0.0
                      -353480.1516311     -120.0021843      .46194336897181      149.9978157      188540.22557751   188540.2255775

            TERRA                 0.0              0.0      .80003894844388   .9238257385266                  0.0
                                  0.0              0.0      -.4619433689718      -30.0021843                  0.0

 X0001C               -204072.8768461  408172.70555505      .80007416684852  .92382573852852                  0.0              0.0
                      353495.71213228      119.9978158      .46188236890945       29.9978158      188540.22557829   188540.2255783

            TERRA                 0.0              0.0      -.8000741668485  .92382573852852                  0.0
                                  0.0              0.0      -.4618823689095     -150.0021842                  0.0

 X0002A               408168.72252358  408168.72276156      -.3154687932E-4  .92381672418952                  0.0              0.0
                      -13.93831601292       -0.0019566      -.9238167236509      -90.0019566       188536.5461891   188536.5461891

            TERRA                 0.0              0.0      .31546879322E-4  .92381672418952                  0.0
                                  0.0              0.0      .92381672365088       89.9980434                  0.0

 X0002B               -204096.4321959  408168.72275827      -.8000329776765  .92381672418208                  0.0              0.0
                      -353477.5135748     -120.0019566      .46193568222055      149.9980434      188536.54618606   188536.5461861

            TERRA                 0.0              0.0      .80003297767651  .92381672418208                  0.0
                                  0.0              0.0      -.4619356822206      -30.0019566                  0.0

 X0002C               -204072.2903347  408168.72275928      .80006452454492  .92381672418437      .1455191523E-10  .1455191523E-10
                      353491.45188601      119.9980434      .46188104144622       29.9980434        188536.546187   188536.5461870

            TERRA                 0.0              0.0      -.8000645245449  .92381672418437                  0.0
                                  0.0              0.0      -.4618810414462     -150.0019566                  0.0

 X0004A               112620.65294745  112620.69206849      -.4563484102E-3  .54750169763695                  0.0              0.0
                      -93.87052861893       -0.0477566      -.5475015074513      -90.0477566      30830.010048273    30830.0100483

            TERRA                 0.0              0.0      .45634841016E-3  .54750169763695                  0.0
                                  0.0              0.0      .54750150745133       89.9522434                  0.0

 X0004B               -56391.62072518  112620.69204027      -.4739220397304  .54750169749975                  0.0              0.0
                      -97485.41115272     -120.0477566       .2741459629884      149.9522434      30830.010032821    30830.0100328

            TERRA                 0.0              0.0      .47392203973045  .54750169749975                  0.0
                                  0.0              0.0      -.2741459629884      -30.0477566                  0.0

 X0004C               -56229.03218245  112620.69204545      .47437838821965  .54750169752493      .1818989404E-11  .1818989404E-11
                      97579.281697602      119.9522434      .27335554426938       29.9522434      30830.010035657    30830.0100357

            TERRA                 0.0              0.0      -.4743783882196  .54750169752493                  0.0
                                  0.0              0.0      -.2733555442694     -150.0477566                  0.0

     Total network loss  P-loss  by summing injections =   6.381084459607E+05

Output for steady-state phasor switch currents.
      Node-K    Node-M            I-real            I-imag            I-magn          Degrees        Power            Reactive
      X0005A    390A          3.90283176E-01   -1.47063535E+00    1.52154175E+00     -75.1372    7.96646307E+04    3.00167671E+05
      X0005B    390B         -1.46874925E+00    3.97322578E-01    1.52154185E+00     164.8628    7.96646316E+04    3.00167692E+05
      X0005C    390C          1.07846615E+00    1.07331270E+00    1.52154178E+00      44.8628    7.96645918E+04    3.00167687E+05
      X0006A    9049A         1.98531203E+00   -5.00799447E-01    2.04750187E+00     -14.1576    1.11817822E+05    2.81073370E+04
      X0006B    9049B        -1.42636133E+00   -1.46893096E+00    2.04750209E+00    -134.1576    1.11817831E+05    2.81073492E+04
      X0006C    9049C        -5.58950892E-01    1.96973067E+00    2.04750214E+00     105.8424    1.11817834E+05    2.81073491E+04
      X0008A    391A          1.50430840E-01   -5.65847734E-01    5.85502431E-01     -75.1123    2.11860493E+04    7.96811721E+04
      X0008B    391B         -5.65253981E-01    1.52646961E-01    5.85502483E-01     164.8877    2.11860499E+04    7.96811796E+04
      X0008C    391C          4.14823149E-01    4.13200770E-01    5.85502452E-01      44.8877    2.11860422E+04    7.96811772E+04
      XX0014    XX0015            Open              Open              Open             Open          Open              Open
      XX0016    XX0017            Open              Open              Open             Open          Open              Open
      XX0018    XX0019            Open              Open              Open             Open          Open              Open
      9049A     MEASUA        4.64004302E-08    6.85365279E-07    6.86934179E-07      86.1269    2.58072225E-03   -3.85955876E-02
      9049B     MEASUB       -4.24961399E-09   -2.38166251E-07    2.38204161E-07     -91.0222    1.17287791E-02   -6.50818361E-03
      9049C     MEASUC       -1.10029077E-07   -6.36812274E-08    1.27128662E-07    -149.9391   -1.35610290E-05   -7.15869624E-03

Solution at nodes with known voltage.   Nodes that are shorted together by switches are shown as a group of names, with the printed
result applying to the composite group.   The entry "MVA" is  SQRT( P**2 + Q**2 )  in units of power,  while  "P.F."  is the
associated power factor.
              Node                Source  node  voltage             Injected  source  current              Injected  source  power
              name         Rectangular            Polar          Rectangular            Polar            P  and  Q    MVA and P.F.

              X0010A        408248.29        408248.29      .39028317643124  1.5215417481458      79666.219696911  310583.40842206
                                  0.0              0.0      -1.470635350298      -75.1372139      300192.18348629        0.2565051

              X0010B      -204124.145        408248.29      -1.468749253468   1.521541849802      79666.220533279  310583.42917255
                      -353553.3901916     -120.0000000      .39732257818514      164.8627852       300192.2047331        0.2565051

              X0010C      -204124.145        408248.29      1.0784661491143  1.5215417761553      79666.180772226  310583.41413949
                      353553.39019156      120.0000000      1.0733126952573       44.8627784      300192.19973162        0.2565049

              X0009A       112676.528       112676.528      1.9853120251299  2.0475018739008      111849.03299414  115352.70111232
                                  0.0              0.0       -.500799447386      -14.1576331      28214.171477884        0.9696265

              X0009B       -56338.264       112676.528      -1.426361326653  2.0475020873734      111849.04231727  115352.71313899
                      -97580.73565823     -120.0000000      -1.468930959449     -134.1576379      28214.183688991        0.9696265

              X0009C       -56338.264       112676.528      -.5589508918515  2.0475021407429      111849.04542348  115352.71614574
                      97580.735658229      120.0000000      1.9697306711439      105.8423625      28214.183668055        0.9696265

              X0007A        281691.32        281691.32      .15043083997728   .5855024305005      21187.530940954  82465.476255448
                                  0.0              0.0      -.5658477343824      -75.1122560      79697.197608598        0.2569261

              X0007B       -140845.66        281691.32      -.5652539812053  .58550248333559      21187.531578808   82465.48369704
                      -243951.8391456     -120.0000000      .15264696106942      164.8877431        79697.2051391        0.2569261

              X0007C       -140845.66        281691.32      .41482314906352  .58550245232755      21187.523834619  82465.479329693
                      243951.83914557      120.0000000      .41320077042838       44.8877384      79697.202678848        0.2569260

  ---- Initial flux of coil  "X0001A"  to  "      "  =  -4.12755267E-02
  ---- Initial flux of coil  "X0001B"  to  "      "  =  -9.37635224E+02
   Warning.  Preceding flux exceeds the 1st segment.  This means that the steady state solution is not really sinusoidal.
  ---- Initial flux of coil  "X0001C"  to  "      "  =  9.37676499E+02
   Warning.  Preceding flux exceeds the 1st segment.  This means that the steady state solution is not really sinusoidal.
  ---- Initial flux of coil  "X0002A"  to  "      "  =  -3.69725315E-02
  ---- Initial flux of coil  "X0002B"  to  "      "  =  -9.37628226E+02
   Warning.  Preceding flux exceeds the 1st segment.  This means that the steady state solution is not really sinusoidal.
  ---- Initial flux of coil  "X0002C"  to  "      "  =  9.37665198E+02
   Warning.  Preceding flux exceeds the 1st segment.  This means that the steady state solution is not really sinusoidal.
  ---- Initial flux of coil  "X0004A"  to  "      "  =  -2.48999311E-01
  ---- Initial flux of coil  "X0004B"  to  "      "  =  -2.58588084E+02
   Warning.  Preceding flux exceeds the 1st segment.  This means that the steady state solution is not really sinusoidal.
  ---- Initial flux of coil  "X0004C"  to  "      "  =  2.58837084E+02
   Warning.  Preceding flux exceeds the 1st segment.  This means that the steady state solution is not really sinusoidal.

Card of names for time-step loop output.          |  9049A 9049B 9049C T_MANAT_MANBT_MANC1_2LTC1_2LTA1_2LTBT_OPOAT_OPOBT_OPOC
Output voltage differences for pairs of A6 names  |-5T_MANAT_MANCT_MANBT_MANAT_MANCT_MANB1_2LTC1_2LTB1_2LTA1_2LTC1_2LTB1_2LTA
Output voltage differences for pairs of A6 names  |-5T_OPOAT_OPOCT_OPOBT_OPOAT_OPOCT_OPOB
Blank card ending requests for output variables.  |BLANK OUTPUT

Column headings for the  43   EMTP output variables follow.  These are divided among the 5 possible classes as follows ....
  First  30     output variables are electric-network voltage differences (upper voltage minus lower voltage);
  Next   13     output variables are branch currents (flowing from the upper node to the lower node);
Branch power  consumption (power  flow, if a switch) is treated like a branch voltage for this grouping (9  variables);
Branch energy consumption (energy flow, if a switch) is treated like a branch current for this grouping (9  variables).
   Step      Time      XX0015     XX0017     XX0019     TERRA      TERRA      TERRA      TERRA      TERRA      TERRA      9049A
                       MEASUC     MEASUB     MEASUA     PRMANA     PRMANB     PRMANC     PROPOA     PROPOB     PROPOC

                       9049B      9049C      T_MANA     T_MANB     T_MANC     1_2LTC     1_2LTA     1_2LTB     T_OPOA     T_OPOB
 

                       T_OPOC     T_MANA     T_MANB     T_MANC     1_2LTC     1_2LTA     1_2LTB     T_OPOA     T_OPOB     T_OPOC
                                  T_MANC     T_MANA     T_MANB     1_2LTB     1_2LTC     1_2LTA     T_OPOC     T_OPOA     T_OPOB

                       XX0014     XX0016     XX0018     TERRA      TERRA      TERRA      TERRA      TERRA      TERRA      XX0015
                       XX0015     XX0017     XX0019     PRMANA     PRMANB     PRMANC     PROPOA     PROPOB     PROPOC     MEASUC

                       XX0017     XX0019     1_2LTA
                       MEASUB     MEASUA     TERRA
 ***      Phasor I(0) =  3.9028318E-01                     Switch  "X0005A"  to  "390A  "  closed in the steady-state.
 ***      Phasor I(0) = -1.4687493E+00                     Switch  "X0005B"  to  "390B  "  closed in the steady-state.
 ***      Phasor I(0) =  1.0784661E+00                     Switch  "X0005C"  to  "390C  "  closed in the steady-state.
 ***      Phasor I(0) =  1.9853120E+00                     Switch  "X0006A"  to  "9049A "  closed in the steady-state.
 ***      Phasor I(0) = -1.4263613E+00                     Switch  "X0006B"  to  "9049B "  closed in the steady-state.
 ***      Phasor I(0) = -5.5895089E-01                     Switch  "X0006C"  to  "9049C "  closed in the steady-state.
 ***      Phasor I(0) =  1.5043084E-01                     Switch  "X0008A"  to  "391A  "  closed in the steady-state.
 ***      Phasor I(0) = -5.6525398E-01                     Switch  "X0008B"  to  "391B  "  closed in the steady-state.
 ***      Phasor I(0) =  4.1482315E-01                     Switch  "X0008C"  to  "391C  "  closed in the steady-state.
 ***      Phasor I(0) =  4.6400430E-08                     Switch  "9049A "  to  "MEASUA"  closed in the steady-state.
 ***      Phasor I(0) = -4.2496140E-09                     Switch  "9049B "  to  "MEASUB"  closed in the steady-state.
 ***      Phasor I(0) = -1.1002908E-07                     Switch  "9049C "  to  "MEASUC"  closed in the steady-state.
      0       0.0   .5294E-19  .5294E-19 .21176E-18        0.0        0.0        0.0        0.0        0.0        0.0 112621.442
                   -56391.893 -56229.549        0.0        0.0        0.0        0.0        0.0        0.0        0.0        0.0
                          0.0        0.0        0.0        0.0        0.0        0.0        0.0        0.0        0.0        0.0
                          0.0        0.0        0.0        0.0        0.0        0.0        0.0        0.0        0.0        0.0
                          0.0        0.0        0.0
    500      .005         0.0        0.0        0.0        0.0        0.0        0.0        0.0        0.0        0.0 -34633.046
                   110219.801 -75279.788        0.0        0.0        0.0        0.0        0.0        0.0        0.0        0.0
                          0.0        0.0        0.0        0.0        0.0        0.0        0.0        0.0        0.0        0.0
                          0.0        0.0        0.0        0.0        0.0        0.0        0.0        0.0        0.0  .2647E-24
                    .2647E-24 .10588E-23        0.0
   1000       .01         0.0        0.0        0.0        0.0        0.0        0.0        0.0        0.0        0.0 -91068.304
                   -11693.185 102737.656        0.0        0.0        0.0        0.0        0.0        0.0        0.0        0.0
                          0.0        0.0        0.0        0.0        0.0        0.0        0.0        0.0        0.0        0.0
                          0.0        0.0        0.0        0.0        0.0        0.0        0.0        0.0        0.0  .2647E-24
                    .2647E-24 .10588E-23        0.0
   1500      .015         0.0        0.0        0.0        0.0        0.0        0.0        0.0        0.0        0.0 90969.5748
                   -102817.14 11823.7388        0.0        0.0        0.0        0.0        0.0        0.0        0.0        0.0
                          0.0        0.0        0.0        0.0        0.0        0.0        0.0        0.0        0.0        0.0
                          0.0        0.0        0.0        0.0        0.0        0.0        0.0        0.0        0.0  .2647E-24
                    .2647E-24 .10588E-23        0.0
   2000       .02         0.0        0.0        0.0        0.0        0.0        0.0        0.0        0.0        0.0  34758.746
                   75153.1453 -110254.27        0.0        0.0        0.0        0.0        0.0        0.0        0.0        0.0
                          0.0        0.0        0.0        0.0        0.0        0.0        0.0        0.0        0.0        0.0
                          0.0        0.0        0.0        0.0        0.0        0.0        0.0        0.0        0.0  .2647E-24
                    .2647E-24 .10588E-23        0.0
 ***                                                             Close switch  "XX0016"  to  "XX0017"  after  2.02800000E-02  sec.
 ***                                                             Close switch  "XX0014"  to  "XX0015"  after  2.03300000E-02  sec.
 ***                                                             Close switch  "XX0018"  to  "XX0019"  after  2.10700000E-02  sec.
   2500      .025  11.6522551 5.74414872 819.226641 14.4453706 64.6951122 71.1536184 .538131449 117.517887 114.026015 -44286.811
                   93719.2383 98285.5911 -44285.001 93719.0867  98285.807 115883.778  -93.11374 115051.088 8547.44863 126311.909
                   124421.171 -142570.81 138004.088 4566.72024 832.689972 -115976.89 115144.202 -115873.72 117764.461 -1890.7378
                   107.945612 -75.790162 905.111397  .02223562 2.88623301 .768437029 .755963E-3 3091.18111 887.471995 .077245893
                    .04981425 .879891164  -931.1374
   3000       .03  3.29452817 7.43861078 1488.13837 1.19027758 118.798676 2.59023869 .665331799 515.184712 2.31136296  12709.635
                   -126998.19 18752.5161 12712.0748 -126998.36 18752.6309 251.087586 -121.03981 -135386.95 9504.10997 -141389.04
                   -17714.398 -6040.5561 -139710.43 145750.991 135638.033  -372.1274 -135265.91 27218.5075 -150893.15 123674.643
                   57.3979805 -86.247381 1219.89277 .055798063 4.22186221 3.24504262 .010131238 4602.82454 3684.77871 .098853213
                   .135004355 9.79483178 -1210.3981
   3500      .035  .193609466 .727891927 393.733937 4.89015871  1.6008772 106.027016 .005972715 6.65865592 103.355852 25767.6576
                   14742.5603 -119977.74 25766.4027 14742.5063 -119977.71 -122842.48 62.1537554 16740.5112 -900.48858 30066.6886
                   -118456.76 145744.117 -11023.896 -134720.22   -139583. 122904.638 16678.3574 117556.271 30967.1772 -148523.45
                   13.9143619 -26.979472 -627.48222  .09084453 5.60543363 3.42825013 .012238828 5489.36778 3685.13415 .108718876
                   .151219738 11.8699503 621.537554
   4000       .04  .362133276 1.91357564 57.2396142 3.14716772 133.834263 7.20229747  .01976232 918.745768 15.3177617 -20670.082
                   134795.591 31270.0351 -20670.561 134795.678  31269.997 42776.1781 24.0637444 144382.417 1637.99013 146939.735
                    45602.638 -51940.558 155466.239 -103525.68 -101606.24 -42752.114 144358.353 -43964.648 145301.745  -101337.1
                     -19.0298 43.7444356 -239.24802 .103623923 6.59095792 3.88658233 .013214799 5491.90126 3686.48045  .11322359
                   .159384595 14.4221721 240.637444
   4500      .045  3.11473972  .06190923 1156.03129 .328823035  5.1444137 115.530689 .027243157 3.96636956 111.594358  -6683.642
                    -26427.77 125239.293 -6681.4916 -26427.754 125239.405 116972.281 -111.42899 -21441.264 1923.18486 -23205.392
                   123087.353  -131920.9 -19746.262 151667.158 138413.545 -117083.71 -21329.835 -121164.17 -25128.576 146292.744
                   55.8098533 7.86824187 1075.18895 .141876606 6.76681856 5.42890316 .014240047 5492.19086 3689.56761 .120846987
                   .173235196 17.1692725 -1114.2899
   5000       .05  2.31185045 .815348875 87.6907582 8.08504414 61.1698806 41.4009282 .258364796 88.3477623 39.1066921 33131.5134
                   -91130.006 -74971.795 33130.9211 -91129.949 -74971.699 -79056.681 29.3189323 -108604.68 5922.55335 -109519.16
                   -72864.813  108102.62 -124260.87 16158.2506 29547.9986 79086.0003   -108634. 78787.3662 -115441.71 36654.3435
                   48.0817059 28.5543145 -296.12625 .162805579 8.36789982 5.56072641  .01622448 5501.23206 3689.72052 .133669542
                   .187472598 19.7636063 293.189323
   5500      .055  .353035789 .109800909 700.893572 1.11560103 101.871793 42.3148728 .056951909 100.920311 52.2133436 -12305.172
                   117603.261 -75794.737 -12306.846  117603.24 -75794.699 -77264.237 83.2509427 121522.086 -2780.6508 117052.745
                   -84194.373  63487.853 129910.086 -193397.94 -198786.32 77347.4884 121438.835 81413.7218 119833.396 -201247.12
                   18.7892466 -10.478593 -837.19387 .185564866 8.56635318 6.46868062 .016934352 5501.46792 3692.98039 .142370043
                   .194447571  23.226028 832.509427
   6000       .06   .31637019 4.27968794 788.316714 9.00913739 1.16522765 75.3306038 .014310295 3.70358089 87.7285116 -34974.859
                   -12577.467 101129.577 -34973.083 -12577.598 101129.541  111690.77 -88.325441 -14540.938 -1393.8518 -22423.491
                   109134.658 -136102.62 22395.4851 113707.139 126231.708  -111779.1 -14452.613 -110528.51 -21029.639 131558.149
                   -17.786798 -65.419324 887.872015 .220546673 9.00882161 6.67222354 .017517194 5503.04963 3693.37377 .150592197
                   .201313554 24.5328809 -883.25441
   6500      .065  .064973062 .058037647 139.299642 5.03616309 217.891707 .664877178 .122475E-4 901.373699 8.15093802 26147.4781
                   -137019.79 9500.84622 26148.2245  -137019.8 9500.86234 25028.5379 -35.197091 -145612.24 -40.777143 -146708.74
                   33265.6572 16647.3622 -163168.03 146520.665 170640.783 -25063.735 -145577.05 -33306.434 -146667.96 179974.395
                   8.06058695 -7.6182444 373.228673 .233021128  9.5186372 7.82615057 .020040672 5504.33873  3699.2207 .163214204
                   .209539159 28.4371645 -351.97091
   7000       .07  .102374032 .806945062 1040.26811 .772636193 28.3859936 189.249768 .022754165 40.3084692 442.339822 10243.9235
                   62079.0068 -136584.39 10241.8836   62078.95 -136584.41 -139575.28 101.189187 68097.3422  -1757.611 73975.9354
                   -140342.48 146826.294 51837.0664 -198663.36 -207672.62 139676.466  67996.153 138584.867 75733.5464 -214318.41
                   -10.118005 -28.406778 -1019.9353 .270520719 9.77612524 8.24435421  .02247714 5504.73588 3700.76712 .170682611
                   .214807713 30.6031724 1011.89187
   7500      .075  1.57738407 .779884265 94.0864959  7.6437488 50.4852182  60.169316 .123754423 64.4035114 81.2927909 -32214.677
                   82789.2863 90381.6429 -32214.064 82789.3421 90381.5635 104813.614 -29.698017 93938.7298 4098.95053 93507.6378
                   105055.388 -122595.63 115003.406 7592.22138 10874.8845 -104843.31 93968.4278 -100956.44 89408.6872 11547.7499
                   -39.716295  27.926408 306.735221 .290118617 10.2620376 8.41337614 .023432906  5505.9466 3700.97311 .176158711
                   .216722353 32.8354641 -296.98017
   8000       .08  .419844469  .61608178 698.568332 .687024798 97.6067367 40.8963186 .244654496 96.9667986 44.6619055 9656.13532
                   -115115.13 74513.3659 9657.80693 -115115.08 74513.4069 79890.3683 -85.183242 -115866.29 -5763.2693 -114737.09
                   77868.3437   -64855.6 -124772.88 189628.484 195756.658 -79975.552 -115781.11 -83631.613 -108973.82 192605.436
                   20.4901066 24.8209947 835.804003 .313312373 10.4226698 9.18572664 .024348479 5506.13323 3702.84187 .178008062
                    .22534875 36.5971844 -851.83242
   8500      .085  .354762036 .026005079 694.456623 5.15059755 .701463158 131.556041 .053061607 1.45424522 1153.17196 26445.2997
                   -9758.7522  -133643.5  26443.633 -9758.7624 -133643.46 -146103.52 83.1575755  -15437.94 2683.99999 -14051.126
                   -149994.19 160087.093 -36202.395  -123884.7 -130665.58 146186.681 -15521.097 152678.188 -16735.126 -135943.06
                   18.8351277 -5.0995175 -833.34064 .347464236 11.3086728 9.38053091 .025387803 5508.37551 3703.21285 .190728818
                   .229815071 37.9266058 831.575755
   9000       .09  .526882104 .329604898  113.86631 6.19878891 109.909232 1.12352361 .723559E-5 112.200238 3.64698067 -29009.192
                   122154.444 12350.5139 -29009.867  122154.48  12350.468 24205.3845 34.8498007 128842.804 -31.342193  123421.04
                   22251.4872 -41360.335 151164.347 -109804.01 -104637.42 -24170.535 128807.954 -22282.829 123452.382 -101169.55
                   -22.953913  18.155024 -337.44082 .360006969 11.9786745  9.7795982 .025763534  5510.0622  3704.4958 .193124007
                   .234541858 41.6381734 348.498007
   9500      .095  .427735102 2.93757738 1023.42113   .9867632 29.4735328 103.937264 .015338995 24.9425496 109.754499 -11576.431
                   -63257.082 118789.431 -11574.408 -63256.974 118789.472 123122.463 -102.42018 -58327.979  1443.0812 -58191.926
                   122068.464 -130363.88 -51682.566 182046.446 181450.443 -123224.88 -58225.559 -120625.38 -59635.008  180260.39
                   20.6817577 54.1994224 1011.64279 .396077715 12.1688873 10.3415412 .025928628 5510.31029 3706.09277 .195960839
                   .239248072  43.874803 -1024.2018
  10000       0.1  .525093407 .019740662  95.207812 9.90219966 72.4470305 72.9278509 .023851787  107.39466 99.9479253 36666.1627
                   -99175.082 -99503.698 36665.5456 -99175.091 -99503.652 -115631.39 29.9156609 -119154.77 -1799.5038 -120749.03
                   -116487.47 136169.198 -135840.64 -328.56105  3523.3775  115661.31 -119184.69 114687.964 -118949.53 4261.56355
                   22.9149167 -4.4430465 -308.55763 .415533929 13.1046285 10.4957458 .025990901 5512.61944 3706.26999 .202448807
                   .241997554 46.1581858 299.156609
  10500      .105  .523700614 .595379038 695.053504 .553171073 91.1996534 39.9118684 .004635524 91.4495692 39.6626684 -8664.3996
                   111272.821  -73611.06  -8666.067 111272.772 -73611.106 -71922.881 84.2303181 112258.687 793.307811 111425.129
                   -73380.941 64945.0389 119938.839 -184883.88 -184181.57 72007.1112 112174.456 74174.2489 110631.821 -184806.07
                   -22.884506  -24.40039 -833.69869 .437789351 13.2867876 10.9911671 .026029349  5512.8266 3707.66382 .203487216
                   .248289176 49.8265439 842.303181
  11000       .11  .597907825 .046044057 722.766733 6.78550251  .01004092 103.052031 .714646E-3 .109613331 113.788462 -30353.421
                   -1167.5732 118282.575 -30351.721 -1167.5596 118282.526 126216.462 -84.720706 6019.43788 -311.48552 3857.66046
                   124291.499 -148634.25 29184.1613 119450.085 120197.024 -126301.18 6104.15859 -124602.98 4169.14599 120433.839
                   -24.452154  6.7855771 850.156887 .472051755 13.9614444 11.1847493 .026040542 5514.64545 3707.91345 .207987038
                   .252357133 51.1296927 -847.20706
  11500      .115  .260093596 .827523488 135.176934 5.95208639  132.61541  .06777185 .001265406 962.129985 1.01253711  28425.996
                   -134180.41  -3033.279 28426.7314 -134180.47 -3033.3113 -11095.729  -36.51925 -146191.12 414.483556 -147513.73
                   -11724.593 31460.0427  -162607.2 131147.159 135095.391   11059.21  -146154.6 12139.0768 -147928.21 135789.135
                   -16.127418 -28.766708 367.664159 .483591536 14.6720251 11.7744646 .026090572 5516.55925 3709.56248 .212216029
                   .255406992 54.9043978  -365.1925
  12000       .12  .231340949 2.61608579 1023.55369 1.17122782 42.3551655 98.7028766 .004872543 40.6059507 107.093549 12611.9629
                    75830.879 -115759.62 12609.9395 75830.7767 -115759.65 -120458.67 102.698017  73648.876 813.336266 74248.4093
                   -120579.64 128369.593 63220.8372 -191590.43 -194107.55 120561.368  73546.178 121392.972 73435.0731 -194828.04
                   -15.209896 -51.147686 -1011.7083 .519376623 14.8682461 12.1763898 .026105297   5516.887 3710.86613 .216368901
                    .26174333 57.0791106 1026.98017
  12500      .125  1.39000192 1.02598394 91.6742857 9.89341022 65.4004608 65.1988456 .123989E-4  93.120226 93.2003946 -36649.875
                   94228.5312 94083.3147 -36649.269 94228.5952 94083.2401 111322.509 -30.094927 111754.912 41.0283996 112438.314
                   112486.703 -130732.51 130877.865 -145.35509 -432.40307  -111352.6 111785.007 -112445.67 112397.285 48.3895163
                    -37.28273 32.0309841 302.777618 .538485253 15.6307011  12.340076 .026114196 5518.76019 3711.04833 .220720278
                   .263761485 59.3380375 -300.94927
  13000       .13  .965158945 .031608417 704.155114 .393706032 97.3895566  36.741474 .480486E-4 97.5040283 41.2256928 7309.34803
                   -114986.95  70626.912 7311.02631 -114986.94 70626.9741 72554.8394 -84.379294 -115352.53 80.7667274  -115054.5
                   74812.8662 -63315.948 -122297.96 185613.912 187907.372 -72639.219 -115268.15   -74732.1 -115135.26 189867.362
                   31.0670073 5.62213634 839.139508 .561130886 15.7997383 13.0081042 .026179095 5518.94999 3712.76703 .222318748
                   .268913697 63.0535833 -843.79294
  13500      .135  .488878601 .214400972 690.359611 7.58550648 .014292704 108.948203 .003708096 .262031292 129.270089 32092.7618
                   1393.02415  -121619.3    32091.1 1392.99487 -121619.26  -133172.5 83.0993783 -8168.8327 709.525126 -5964.4293
                   -132477.26 153710.358 -30698.105 -123012.25 -125003.67 133255.604 -8251.9321 133186.785 -6673.9544 -126512.83
                   22.1105993 -14.642437 -830.87882 .594815024 16.5284339 13.2008131 .026234571 5521.00802 3713.01911 .228527174
                    .27330523 64.3636331 830.993783
  14000       .14  .323655413 .755048166 118.680828 5.82814484 118.555272 1.78250228 .230302E-4 444.719363 6.16491171 -28128.517
                   126868.136 15556.3736 -28129.206 126868.191 15556.3376 28157.2106 34.4264313 139149.592 -55.916611   140376.9
                   28930.4869 -43685.544 154997.398 -111311.85 -110992.38 -28122.784 139115.166 -28986.404 140432.817 -111446.41
                   -17.990426 27.4781398 -344.50084 .606904588 17.1578747 13.5738012 .026253778 5522.71655 3714.23965 .231337881
                   .276862964 68.0818494 344.264313
  14500      .145  .814205834 2.07207147  1020.5195 1.30541314  33.212604 102.107996 .028631252 29.1216426 109.142093 -13314.725
                   -67149.745 117739.443 -13312.705 -67149.654   117739.5 122494.161 -102.68277 -62706.397 -1971.5713 -62878.221
                    121727.43 -131052.21 -53836.949 184889.154 185200.558 -122596.84 -62603.714   -123699.  -60906.65 184605.651
                   28.5342923 45.5200118 1010.20765 .642597715 17.3499723 14.1616198 .026284242 5522.97865 3715.88256 .234396922
                   .281684697 70.2980907 -1026.8277
  15000       .15  .855472289 .057196527 95.0981578 9.03439858 69.3158994 70.1517532 .005749829 99.9856922 103.333152 35022.6968
                   -97008.251 -97591.465   35022.08 -97008.266 -97591.406 -115369.01  30.881493 -114701.27 -883.52692 -116509.47
                   -118443.75 132613.487 -132030.35 -583.13999 -667.73484 115399.891 -114732.16 117560.224 -115625.95 -1934.2768
                   29.2484579 -7.5628386 -308.37989 .661979868 18.1332201 14.3161686 .026308039 5525.03791  3716.0578 .240562014
                   .283679706 72.5744372  308.81493
  15500      .155  .593250679 .317581191 697.506183 .736951374 90.2557612 39.4905172 .947315E-3 88.8350203 38.8373754 -10000.903
                   110695.488 -73221.468 -10002.573 110695.452 -73221.517 -71576.599 84.3248642   111611.8 358.624095 109820.753
                    -72613.48 63218.9442 120698.025 -183916.97  -183188.4 71660.9237 111527.475 72972.1038 109462.128 -182434.23
                   -24.356738 -17.820808 -835.16836 .684128664  18.315353 14.8288274 .026338285 5525.24498   3717.476 .241702109
                   .289382687 76.2430144 843.248642
  16000       .16  .461365444 .107060987 711.287006 7.47275882 .008101287 99.4828914 .173014E-4 .395991791 116.658368   -31853.4
                   -1048.7643   116216.2 -31851.713 -1048.7436 116216.158 126015.073 -84.305979 7864.09092 -48.465545  7332.2186
                   125849.143 -148067.87 30802.9695 117264.901 118150.982 -126099.38  7948.3969 -125897.61 7380.68414 118516.924
                   -21.479419 10.3470279 843.378329 .718100782 18.9876388 15.0249932 .026348774 5527.08795 3717.72856 .246105267
                   .293301735 77.5409461 -843.05979
  16500      .165  .033366174 .610310039   130.8467 5.94875043  132.07405 .608972928 .309358E-3  1041.2808 2.61171344 28418.0407
                   -133906.27 -9092.6559 28418.7641 -133906.32 -9092.6674 -19397.332 -35.609564 -148198.69 -204.93831 -148550.54
                   -18830.206 37511.4315 -162325.08 124813.648  128801.36 19361.7228 -148163.08 18625.2678 -148345.61 129720.338
                    -5.776346 -24.704454 361.727383 .729837324 19.6218961 15.5384025  .02636989 5528.83023 3719.22551 .249834927
                   .296036119 81.2998343 -356.09564
  17000       .17  .401625109  2.7325722 1018.90142 1.44368034 37.6200812 100.093714 .943942E-3  35.258983 107.016937 14002.0123
                   71466.5492 -116572.35 13999.9935 71466.4446 -116572.39 -121217.58 102.268688 67891.0708 357.985035 69187.4307
                    -120536.5 130572.387 57466.4511 -188038.84 -189108.65 121319.844 67788.8021 120894.483 68829.4456 -189723.93
                   -20.040587 -52.274011 -1009.4065 .765479571 19.8188371 15.9747444  .02638652 5529.19075 3720.58264 .253479777
                    .30161321 83.4774041 1022.68688
  17500      .175  1.48912705 .599377707 93.6512119 9.60625428 65.9619861 64.7822828 .008769129 96.5264727 93.8067562 -36114.093
                   94632.2028 93782.2815 -36113.481 94632.2518 93782.2043 110886.373 -30.273622 112595.878 1091.11503 114476.286
                   112852.029 -129895.69 130745.733 -850.04749 -1709.5055 -110916.65 112626.152 -111760.91 113385.171  -1624.257
                   -38.589209 24.4821916 306.024855 .784626253 20.5853314 16.1362196 .026399596 5531.12341 3720.76144 .257894548
                   .303685267 85.7338264 -302.73622
  18000       .18  .835806625  .03544096 704.465594 .528477299 96.2062376 39.0840088 .868996E-3 97.1838227 41.5109582  8468.7518
                   -114286.25 72843.6198 8470.43045 -114286.24 72843.6776  73945.271 -84.625979   -115605. -343.47982 -114865.42
                   75071.2576 -64373.247 -122756.67 187129.913 189550.274 -74029.897 -115520.38 -75414.737 -114521.94 189936.677
                   28.9103204 5.95323105 839.324487 .807110867 20.7587729 16.7801631 .026419361 5531.31931 3722.41292 .259508992
                   .308841476 89.4377794 -846.25979
  18500      .185  .595444306 .397965531 690.290808 7.01042277 .028418066 105.425887 .003855673 .170897268 122.699867 30852.3187
                   1964.25739 -119637.17  30850.657 1964.21749 -119637.12 -129957.17 83.0985564 -6104.8468 723.506444  -4816.814
                   -129066.75 150487.775  -28886.44 -121601.34 -123852.33 130040.273 -6187.9454 129790.252 -5540.3204 -124249.93
                   24.4017275 -19.949073 -830.83741 .840724247 21.4561891 16.9746752 .026440056 5533.30967 3722.66623 .265346049
                   .313015031 90.7413344 830.985564
  19000       .19  .296023683  .92103205 119.727308 5.80538286 123.920598 2.00339519 .855277E-4 608.337616 6.43717936 -28073.531
                   129707.133 16492.1217 -28074.223 129707.193 16492.0873 28853.4234 34.5830668 142364.515 107.757032 142706.343
                   29562.4292  -44566.31 157781.416 -113215.11 -113511.09  -28818.84 142329.932 -29454.672 142598.585 -113143.91
                   -17.205339 30.3485099 -346.01634 .852784148 22.1246096 17.3860958 .026447596 5535.10452 3723.98222 .268351948
                   .316547355 94.4607603 345.830668
  19500      .195  .863150674 2.13372502 1018.98115  1.3095805 33.5103885 101.572339 .001454285  29.398143 111.911628 -13335.956
                   -67450.106 117430.206 -13333.937 -67450.014 117430.264 122400.218  -102.3612 -62863.963 444.341768  -63176.02
                   123262.201  -130764.2 -54116.077 184880.278 185264.181 -122502.58 -62761.602 -122817.86 -63620.362 186438.221
                    29.379426 46.1922615 1009.44596 .888407085 22.3175974 17.9685357 .026461416  5535.3874 3725.60462 .271482424
                   .321472541 96.6686541  -1023.612
  20000       0.2  1.09402724 .053474853 96.1612492 9.90963154 68.0173846 71.1091802  .73871E-4 99.6884427 105.707043 36679.9225
                   -96095.314 -98255.177 36679.3023 -96095.329  -98255.11 -117435.64 30.4270583 -114259.88 -100.14497 -116336.16
                   -119796.54 134934.413 -132774.63 -2159.7818 -3175.7506 117466.063 -114290.31 119696.395 -116236.01 -3460.3814
                   33.0760826 -7.3126502 -310.09877 .907687541 23.1196768 18.1238827 .026484337 5537.47148 3725.77941 .277545293
                   .323508253 98.9418485 304.270583
  20500      .205  .626075517 .232522933 698.202499 .622307731 87.8527407 40.1911093  .00214971 85.0463509 40.8374813 -9190.0091
                   109211.932 -73868.115 -9191.6803 109211.902 -73868.165 -72980.879 84.5321264 109324.901 -540.23446 107453.398
                   -74459.787 64676.4845 118403.582 -183080.07 -182305.78  73065.411 109240.369  73919.552 107993.633 -181913.18
                   -25.021501 -15.248703 -835.58512 .929874258 23.3026576 18.6908019 .026493094 5537.68027 3727.32626 .278842536
                   .329399906 102.612126 845.321264
  21000       .21  .470553671 .120718903  707.64049 7.18010863 .007993568 99.4310399  .01201689 .240673358 112.219614 -31223.474
                   -1041.7699  116185.91 -31221.792  -1041.748 116185.867 125711.218 -84.032331 7615.27206 -1277.2866  5716.1856
                   123431.697 -147407.66 30180.0436 117227.615 118095.946 -125795.25 7699.30439 -124708.98 6993.47221 117715.511
                   -21.692249 10.9872154 841.213701 .963735849 24.0425611 18.8879642 .026501465 5539.66577 3727.58008 .283417609
                   .333562175 103.906361 -840.32331
  21500      .215  .030737395 .726190355 129.991995 6.03681943 130.554928  .85087265 .858962E-4 1096.76874 3.64964046 28627.6347
                   -133133.94 -10747.913 28628.3558 -133133.99 -10747.924 -22165.358 -35.430153   -148169. 107.988965 -149269.62
                     -22259.6   39376.28 -161762.35 122386.066 126003.646 22129.9276 -148133.57 22367.5888 -149377.61 127010.021
                   -5.5441316 -26.947919 360.544026 .975514377 24.7293707 19.4190084 .026522653  5541.4947 3729.10759 .287237261
                   .336468291 107.658709 -354.30153
  22000       .22  .489690464 3.06902793 1014.84222 1.37329027 38.4506116 98.0045027 .755003E-4 34.6054879 105.769698 13656.4419
                   72251.1235 -115349.35 13654.4271 72251.0127  -115349.4 -119534.66 102.314149  68295.073 -101.24335  68543.267
                   -119832.04 129003.824 58596.5855 -187600.41 -187829.73 119636.971 68192.7589 119730.794 68644.5104  -188375.3
                   -22.128951 -55.398808 -1007.3938 1.01111784 24.9254736 19.9281168 .026535751 5541.85476 3730.63425 .291203489
                   .342266557  109.83698 1023.14149
  22500      .225  1.56761119 .550661704 94.1877501 9.64528754 67.7764872 66.7557227 .001365276 99.6275734 95.3373391 -36187.391
                   95924.9602 95199.9948 -36186.777 95925.0072 95199.9156 112602.194 -30.433848   114709.3 430.529054 116300.636
                    113768.97 -131386.69 132111.784 -725.09154 -2107.1063 -112632.63 114739.734 -113338.44 115870.107 -2531.6659
                    -39.59307 23.4661822 306.900228 1.03027203 25.7699078 20.0885595 .026542556 5543.93967 3730.81204 .295773961
                   .344631267 112.094695 -304.33848
  23000       .23  .771770043 .053610151 703.624288 .655978235 92.4656226 41.5291187 .641157E-3 93.3586463 42.7374676 9435.38911
                   -112042.43 75087.6217 9437.06676 -112042.42 75087.6772  74609.987 -84.790893 -113786.92 -295.03554 -112582.16
                   76172.2361  -65650.61 -121479.48 187130.092 188396.906 -74694.778 -113702.13 -76467.272 -112287.13 188754.398
                   27.7807495 7.32189536 838.823157 1.05269641 25.9453223 20.7518386 .026557521 5544.13816 3732.51354 .297439932
                   .349945797 115.793424 -847.90893
  23500      .235  .736632575 .342811228 693.406655 7.06761884 .040507225 104.242749 .585971E-3 .082799138 120.863587 30977.9177
                   2345.12188 -118963.97 30976.2523 2345.08485 -118963.91 -128968.42  83.240207  -5120.107 282.052711 -3352.7813
                   -128097.32 149940.165 -28631.167   -121309. -123848.31 129051.659 -5203.3472 128379.375  -3634.834 -124744.54
                    27.140976 -18.515162 -832.71043 1.08633642 26.6899364 20.9469825 .026576617 5546.19537 3732.76749 .303424229
                   .354262061 117.093306  832.40207
  24000       .24  .234426435 1.04380644 120.943307 5.79179745 124.273672 1.85019042 .133252E-3 607.099899 6.25164236 -28040.659
                   129891.778 15848.9818 -28041.355 129891.843 15848.9512  28380.531 34.6423937  142574.17 134.502236  142688.99
                   29133.2795 -43890.306 157933.198 -114042.89 -114193.64 -28345.889 142539.528 -28998.777 142554.487 -113555.71
                   -15.310991 32.3079934 -347.76904 1.09834595 27.4123147 21.4164377 .026586683 5548.10144 3734.21587 .306572319
                   .358051128  120.81416 346.423937
  24500      .245  .854927575 2.30853877 1017.25734 1.18469565 33.1522757 100.825757 .396847E-3 30.7904705 108.418956  -12684.25
                   -67088.736 116997.839 -12682.232  -67088.64 116997.898 121866.194 -102.26101 -64262.225 232.115293 -64654.756
                   121323.498 -129680.13 -54406.407 184086.537 186128.419 -121968.45 -64159.964 -121091.38 -64886.871 185978.254
                   29.2391446 48.0472556 1008.59176 1.13392565 27.6055677 22.0070873 .026596304  5548.3781 3735.86224 .309834976
                   .363063064 123.016269 -1022.6101
  25000       .25  1.16177644 .068091325 96.1196762 9.91744123 67.4734979 72.4710558 .016343596 101.000378 107.652972 36694.3728
                   -95710.338 -99191.602 36693.7528 -95710.355 -99191.534 -118683.11 30.4747421 -115372.98 -1489.5878 -117099.17
                   -120894.16 135885.287 -132404.11 -3481.1795 -3310.1262  118713.58 -115403.45 119404.573 -115609.58 -3794.9922
                   34.0848417 -8.2517468 -310.03173 1.15317473 28.4403716 22.1634318  .02661603 5550.50409 3736.03789 .315875312
                   .365168227  125.28813 304.747421
  25500      .255  .665636255 .218313069 697.999151 .559418206 86.9789085 40.2386383 .003606593  84.584845 41.7440244  -8713.193
                   108667.433 -73911.778 -8714.8639 108667.403 -73911.829 -73872.942 84.3835231 108325.886 -699.74674 107161.452
                   -75281.709 65196.9653 117382.267 -182579.23 -182198.83 73957.3253 108241.502 74581.9624 107861.199 -182443.16
                   -25.799927 -14.775421 -835.46343 1.17539029 28.6230839 22.7724791  .02662807 5550.71268 3737.67797 .317275571
                   .371180976 128.960069 843.835231
  26000       .26  .499077855 .161283133 705.120046 7.02895494 .003718227 100.944098 .009273439 .253525116 112.460544 -30893.087
                    -710.5191 117066.584 -30891.407  -710.4937 117066.539  125283.98 -83.833409 7736.22667 -1122.0513 5866.82059
                   123564.126 -147957.95 30180.9135 117777.033 117547.753 -125367.81 7820.06007 -124686.18  6988.8719 117697.306
                    -22.34005 12.6997296 839.714264 1.20918744  29.396349 22.9699234 .026635649 5552.76505 3737.93228 .321950887
                   .375426666 130.252519 -838.33409
  26500      .265  .017993467 .803304124 128.928409 5.90074505 130.903927 1.07608708 .282187E-3 1108.00208 4.42001227 28303.1465
                   -133311.76 -12086.922 28303.8646 -133311.82  -12086.93 -23827.343 -35.486191 -147448.76 -195.73155 -149414.43
                   -24496.501  40390.795 -161615.68 121224.887 123621.422 23791.8568 -147413.28 24300.7691  -149218.7 124917.933
                   -4.2418707  -28.34262 359.066023 1.22098931 30.1045857 23.5016755 .026651955 5554.62508 3739.46526 .325727578
                   .378441865 134.000147 -354.86191
  27000       .27  .542494582 3.08617086 1013.75956 1.27968388 38.2231123 97.4303179 .272912E-3 33.9764029  104.13436 13182.8712
                   72037.0643 -115010.95 13180.8574 72036.9532   -115011. -119239.36 102.280738 68242.6495 192.488138 67917.3937
                   -118902.05 128191.856 58856.0957 -187047.95 -187482.01 119341.638 68140.3688 119094.537 67724.9055 -186819.44
                   -23.291513 -55.553315 -1006.8563 1.25658404 30.3001926 24.0439817 .026667666 5554.97998 3741.06237 .329766603
                   .384229298 136.179561 1022.80738
  27500      .275  1.57711892 .508522069 94.4586437 9.80765366 68.3334044 67.2441414 .001098358 101.014921 96.7327777   -36490.7
                   96318.2622 95547.6258 -36490.085 96318.3073 95547.5464 113056.602 -30.468205 115264.619 386.157346 117107.599
                   114598.555 -132037.63 132808.392 -770.76091 -2208.0169 -113087.07 115295.087  -114212.4 116721.442 -2509.0441
                   -39.712957 22.5504339  307.34125 1.27575122 31.1649147 24.2039069 .026675768 5557.10924 3741.23957 .334410628
                   .386656612 138.437687 -304.68205
  28000       .28  .739101991 .064699559 703.229232 .644259708 91.8728205   41.42668 .002601739 91.1963033 43.2722401 9350.71691
                    -111682.7 74994.9574 9352.39408 -111682.68 74995.0117 74928.5262 -84.856926 -112843.68 594.325199 -111270.73
                   76647.3249 -65642.618 -121035.08 186677.694 187772.204 -75013.383 -112758.82    -76053. -111865.05 187918.053
                   27.1864303 8.04360358 838.587641 1.29813154  31.341587 24.8629909 .026688398 5557.30925 3742.93718  .33605754
                   .392014416 142.132693 -848.56926
  28500      .285  .771914414  .32147309 694.641286 6.75085863 .032470784 104.450299  .00460298 .049640179 119.031139 30275.8072
                   2099.64617 -119082.34 30274.1403 2099.61031 -119082.28 -128010.72 83.4830383 -5127.6008 790.518154 -2596.0257
                   -127122.55 149356.425  -28174.53 -121181.89 -122883.12 128094.203 -5211.0838 127913.072 -3386.5438 -124526.53
                   27.7833478 -17.929671 -833.45143 1.33179746 32.0970884  25.058679 .026709563 5559.37988 3743.19152  .34196453
                   .396335022 143.430401 834.830383
  29000       .29  .196362195 1.05501362 121.517807 5.86665016 124.966871 1.75722711 .001963918 671.899211 6.03298263 -28221.278
                   130253.543 15445.6805 -28221.975 130253.608 15445.6525 28214.5865 34.6215584 143129.169 516.361694 143592.213
                   28619.2567 -43667.628 158475.583 -114807.96 -114914.58 -28179.965 143094.548 -28102.895 143075.852 -114972.96
                    -14.01293 32.4809732 -348.59404 1.34377864 32.8290247  25.553223 .026718586 5561.30858 3744.69017 .345196842
                   .400111886 147.152455 346.215584
  29500      .295  .839774731 2.42565862 1016.89702 1.18777006 34.1045763 101.381064 .152637E-3 31.0208144 108.114925 -12700.694
                   -68045.478 117319.586 -12698.678  -68045.38 117319.644 121616.979 -102.31724 -64560.966 143.953359 -64896.147
                   121153.269 -130018.32 -55346.702 185365.024 186177.945  -121719.3 -64458.649 -121009.32   -65040.1 186049.416
                   28.9788669 49.2509758 1008.41312 1.37931892 33.0227607 26.1366874 .026730273 5561.59057 3746.32853 .348489239
                   .405168652 149.350785 -1023.1724
  % % % % % %   Final time step,  PLTFIL  dumps plot data to ".PL4" disk file.
  Done dumping plot points to C-like disk file.
  30000       0.3  1.24244245 .097006754 95.9550564 9.45014541 68.9134238 73.4151012 .015036172 100.212537 107.161297 35819.4629
                   -96726.203 -99835.574 35818.8434 -96726.222 -99835.504 -118523.13 30.4204804 -115190.47 -1428.7655 -116641.57
                   -120617.77 135654.347 -132545.07 -3109.2814 -3332.6555 118553.546 -115220.89 119189.004  -115212.8 -3976.2032
                   35.2482972 -9.8492007 -309.76613 1.39856368 33.8632977  26.293519 .026745851 5563.72377 3746.50444 .354405096
                   .407298205 151.621335 304.204804

Extrema of output variables follow.   Order and column positioning are the same as for the preceding time-step loop output.
Variable maxima :   46.250941 52.8659925 2319.81612 32.1552599 3492.39748 34422.4275 13.1596985  .772457E7 .8708538E7 112693.277
                   175884.164 176966.614 47483.2175 175884.125 176966.499 208373.001 104.369372 198645.208 37059.4111 196429.179
                   197706.279 179122.972 207072.252 278178.439 286463.819 185780.466 198682.333 196194.627 203635.834 307841.687
                   203.189061 229.926059 1523.09426 1.39856368 33.8632977  26.293519 .026745851 5563.72377 3746.50444 .354405096
                   .407298205 151.621335 1043.69372
Times of maxima :      .02187     .02722      .0279     .02551     .02333     .02652     .02608     .02948     .02685     .01667
                       .02333     .02652     .06555     .02333     .02652     .02668     .06974     .02323     .02712     .02129
                       .02685     .05113     .02334     .02938     .02927     .02132     .02323     .02141     .02319     .02913
                       .02088     .02722      .0279        0.3        0.3        0.3        0.3        0.3        0.3        0.3
                          0.3        0.3     .06974
Variable minima :         0.0        0.0        0.0        0.0        0.0        0.0        0.0        0.0        0.0 -112693.57
                   -167265.35 -158212.71 -66072.133 -167265.35 -158212.83 -185781.92 -156.31638 -189616.04 -42268.349 -197250.04
                   -195889.63 -213697.68 -196780.74 -325093.75 -374786.53 -208513.87 -189540.68 -220177.67 -197893.94 -392167.16
                   -215.06032  -215.5825 -1025.1054        0.0        0.0        0.0        0.0        0.0        0.0        0.0
                          0.0        0.0 -1563.1638
Times of minima :       .1E-4      .1E-4      .1E-4        0.0        0.0        0.0        0.0        0.0        0.0     .00834
                       .04822     .02145     .02551     .04822     .02145     .02132      .0275     .03141     .02608     .02948
                       .02133     .02654     .03128     .02146     .02132     .02668     .03141     .02674     .03159     .02131
                       .02187     .02654     .08676        0.0        0.0        0.0        0.0        0.0        0.0        0.0
                          0.0        0.0      .0275

Blank card terminating all plot cards.            |BLANK PLOT

Memory storage figures for the preceding, now-completed data case.  -------------------------------  Present   Program
A value of  "-9999"  indicates that no figure is available.         03-Sep-26  15.32.10              figure     limit  (name)
     Size List 1.   Number of electric network nodes.                                                   97      100K  (LBUS)
     Size List 2.   Number of electric network branches.                                               130      120K  (LBRNCH)
     Size List 3.   Number of data values in R, L, C tables.                                           127      500K  (LDATA)
     Size List 4.   Number of electric network sources.                                                  9     20000  (LEXCT)
     Size List 5.   Storage for [Y] & triangularized [Y].  No. times = 863   Factors = 546             924     2000K  (LYMAT)
     Size List 6.   Number of entries in switch table.                  No. flops = 15                  15      5000  (LSWTCH)
     Size List 7.   Number of distinct ALPHANUMERIC data names plus program SPY variables.             163      200K  (LSIZE7)
     Size List 8.   History points of distributed lines.                                               112     2000K  (LPAST)
     Size List 9.   Number of nonlinear elements.                                                       15     10000  (LNONL)
     Size List 10.  Points of nonlinear characteristics.                                                40     16000  (LCHAR)
     Size List 11.  Number of Type-59 S.M. outputs.                                                      0      3000  (LSMOUT)
     Size List 12.  Total number of EMTP output variables.                                              43     12000  (LSIZ12)
     Size List 13.  Working space for batch/SPY plotting.                                            -9999     1000K  (LSIZ13)
     Size List 14.  S.M./U.M. connections to TACS.                                                   -9999      2000  (LBSTAC)
     Size List 15.  Character storage in bytes for MODELS.                                           -9999     2000K  (LCTACS)
     Size List 16.  Total number of Type-59 S.M. masses.                                                 0      3200  (LIMASS)
     Size List 17.  Number of Type-59 Synchronous machines.                                              0       360  (LSYN)
     Size List 18.  Branch and switch power/energy outputs.                                              9      1016  (MAXPE)
     Size List 19.  Total floating-point TACS table space.                                              23     2000K  (LTACST)
     Size List 20.  Non-copied recursive convolution data plus SEEK of MODELS.                           0     2000K  (LFSEM)
     Size List 21.  Total modal/phase [T] matrix storage.                                               36     12000  (LFD)
     Size List 22.  Total recursive convolution history.                                                 0     1000K  (LHIST)
     Size List 23.  Giant vectors for renumbering, phasors;  also extrema accumulation.                458     2000K  (LSIZ23)
     Size List 24.  Peak phases of compensation for data.                                                3        36  (LCOMP)
     Size List 25.  Total table space for all U.M usage.                                             -9999      240K  (LSPCUM)
     Size List 26.  Square of max number of coupled phases.                                              9     2000K  (LSIZ26)
     Size List 27.  Maximum number of MODELS top variables.                                          -9999      100K  (LSIZ27)
     Size List 28.  MODELS.  Total work space is divided into INTEGER and REAL.  1st, REAL:          -9999     2000K  (LRTACS)
                             Second  and last,  statistics for INTEGER work space.                       0         0  (LITACS)
     Size List 29.  RAM disk used by "TAPSAV" table saving (limit is "LABCOM" size LTLABL).          -9999  84700944  (LSIZ29)
     Size List 30.  ULM line or Noda line or User line circuits.                                           0        39  (LSIZ30)
Timing figures characterizing central processor (CP) solution speed.  ----------------------------   CP sec  Wait sec  Real sec
     Data input time (through blank card ending branches) ....                                       0.000     0.000     0.000
     Node renumbering and phasor solution  ....                                                      0.020     0.000     0.020
     After phasor solution, but before time-step loop  ....                                          0.000     0.000     0.000
     Integration of equations (time-step loop)  ....                                                 0.260     0.000     0.260
     Plotting or STATISTICS termination overlays ....                                                0.000     0.000     0.000
                                                                                                    ---------------------------
                                                                                          Totals      0.280     0.000     0.280

