   ---   526   cards of disk file read into card cache cells  1   onward.
 <===> Done with  "/"-card sorting by data class.    Remember that the source file appears different from interpreted input data.
Alternative Transients Program (ATP),  Intel Visual Fortran.    All rights reserved by Can/Am user group of Portland, Oregon, USA.
 Date (dd-mth-yy) and time of day (hh.mm.ss) = 03-Sep-26  15.35.19    Name of disk plot file is  case_with_reader_model.pl4
Consult the 860-page ATP Rule Book of the Can/Am EMTP User Group in Portland,  Oregon, USA.  Source code date is 19 June 2017.
Total size of LABCOM tables = 80605677 INTEGER words.  31 VARDIM  List Sizes follow:  100K  120K  500K  20K  2000K  5K  200K
 2000K  10K  16K  3K  12K 1000K  2K 2000K  3200  360  1016 2000K 2000K  12K 1000K 2000K  36  240K 2000K  100K 2000K84700K  39  100K
--------------------------------------------------+--------------------------------------------------------------------------------
Descriptive interpretation of input data cards.   |  Input data card images are shown below, all 80 columns, character by character
                                                  0         1         2         3         4         5         6         7         8
                                                  012345678901234567890123456789012345678901234567890123456789012345678901234567890
--------------------------------------------------+--------------------------------------------------------------------------------
Comment card.   Card index = 1.                   |C data:case_with_reader_model.atp
Marker card preceding new EMTP data case.         |BEGIN NEW DATA CASE
Comment card.   Card index = 3.                   |C ------------------------------------------------------------------------------
Comment card.   Card index = 4.                   |C Generated by ATPDraw September, 3, 2026
Comment card.   Card index = 5.                   |C from project /tmp/tmpxm7lnphz/case_with_reader_model.xml
Comment card.   Card index = 6.                   |C ATPDraw developed by H. K. Høidalen at NTNU - NORWAY 1999-2022
Comment card.   Card index = 7.                   |C ------------------------------------------------------------------------------
Use  SPY  DEPOSIT  on following variable.         |$DEPOSIT, SIGMAX=3.0
Comment card.   Card index = 9.                   |C $DUMMY, XYZ000
Comment card.   Card index = 10.                  |C  dT  >< Tmax >< Xopt >< Copt ><Epsiln>
Misc. data.     1.000E-05   3.000E-01   6.000E+01 |   1.E-5      .3     60.     60.  1.E-16
Misc. data.  500  1  1  1  1  0  0  1  200  0     |     500       1       1       1       1       0       0       1     200
Statistics data.      1    0    0    0    1    0  |       1       0       0       0       1      -1                               0
No TACS data,  but MODELS data begins (next).     |MODELS
      Another ordinary MODELS data card.          |INPUT
      Another ordinary MODELS data card.          |  MM0001 {v(X0007A)}
      Another ordinary MODELS data card.          |  MM0002 {v(X0007B)}
      Another ordinary MODELS data card.          |  MM0003 {v(X0007C)}
      Another ordinary MODELS data card.          |  MM0004 {v(X0015A)}
      Another ordinary MODELS data card.          |  MM0005 {v(X0010A)}
      Another ordinary MODELS data card.          |  MM0006 {v(X0010B)}
      Another ordinary MODELS data card.          |  MM0007 {v(X0010C)}
      Another ordinary MODELS data card.          |  MM0008 {v(X0016A)}
      Another ordinary MODELS data card.          |OUTPUT
      Another ordinary MODELS data card.          |  X0008A
      Another ordinary MODELS data card.          |  X0009A
      Another ordinary MODELS data card.          |  X0011A
      Another ordinary MODELS data card.          |  X0012A
      Another ordinary MODELS data card.          |MODEL MDLRDR
      Another ordinary MODELS data card.          |--
      Another ordinary MODELS data card.          |-- DATA: Defines parameters that are constant throughout the entire simulation.
      Another ordinary MODELS data card.          |DATA total_knt  {dflt: 200}
      Another ordinary MODELS data card.          |
      Another ordinary MODELS data card.          |-- channel ID table
      Another ordinary MODELS data card.          |-- 1 = T_MAN
      Another ordinary MODELS data card.          |-- 2 = T_OPO
      Another ordinary MODELS data card.          |-- 3 = TRANSFORMER
      Another ordinary MODELS data card.          |-- 4 = ...
      Another ordinary MODELS data card.          |-- add more if needed
      Another ordinary MODELS data card.          |DATA channel_id {dflt: 1}
      Another ordinary MODELS data card.          |
      Another ordinary MODELS data card.          |-- VAR: variable parameters that might change throought the execution
      Another ordinary MODELS data card.          |-- we ask for the curr_knt so we can later down the pipe, at the graph
      Another ordinary MODELS data card.          |-- properly reset the graph after reaching the end of the current KNT execution
      Another ordinary MODELS data card.          |VAR curr_knt
      Another ordinary MODELS data card.          |
      Another ordinary MODELS data card.          |-- Input: defines the signals the model receives from the circuit or other model
      Another ordinary MODELS data card.          |-- wanted: Array that contains the values that you want to send to C subroutine
      Another ordinary MODELS data card.          |INPUT wanted[1..3]
      Another ordinary MODELS data card.          |INPUT i2
      Another ordinary MODELS data card.          |OUTPUT o1, o2
      Another ordinary MODELS data card.          |VAR o1,o2
      Another ordinary MODELS data card.          |INIT
      Another ordinary MODELS data card.          |  o1:=0
      Another ordinary MODELS data card.          |  o2:=1
      Another ordinary MODELS data card.          |-- The INIT procedure in MODELS (local) is used to create pre-simulation calculu
      Another ordinary MODELS data card.          |-- Here you can initialize internal variables, if necessary.
      Another ordinary MODELS data card.          |ENDINIT
      Another ordinary MODELS data card.          |
      Another ordinary MODELS data card.          |-- Foregin Model Declaration (FOREIGN)
      Another ordinary MODELS data card.          |-- 'reader' its the local name that you are going to use in this file.
      Another ordinary MODELS data card.          |-- 'creader' its the NAME OF REGISTER that must be at refnam inside fgnmod.f
      Another ordinary MODELS data card.          |-- {ixdata:3, ixin:5, ixout:0, ixvar:4} defines the size of 4 interface arrays
      Another ordinary MODELS data card.          |-- ixin:5, we want 3 variables (3 phases) + t + current KNT
      Another ordinary MODELS data card.          |-- ixdata:3, we want the stoptime + total KNTs + channel_id
      Another ordinary MODELS data card.          |MODEL reader FOREIGN creader {ixdata:3, ixin:5, ixout:0, ixvar:3}
      Another ordinary MODELS data card.          |
      Another ordinary MODELS data card.          |EXEC
      Another ordinary MODELS data card.          |  -- here we assign the atp(KNT) to the current KNT
      Another ordinary MODELS data card.          |  curr_knt := atp(KNT)
      Another ordinary MODELS data card.          |  -- USE: Creates a instance ( a 'object') of the foreign model.
      Another ordinary MODELS data card.          |  -- every 'USE' executes a corresponding C subroutine.
      Another ordinary MODELS data card.          |  USE reader AS reader
      Another ordinary MODELS data card.          |    DATA
      Another ordinary MODELS data card.          |      xdata[1] := total_knt
      Another ordinary MODELS data card.          |      xdata[2] := stoptime
      Another ordinary MODELS data card.          |      xdata[3] := channel_id
      Another ordinary MODELS data card.          |    INPUT
      Another ordinary MODELS data card.          |      -- Passes the values 'wanted' to xin[1..3] of C subroutine.
      Another ordinary MODELS data card.          |      xin[1..3] := wanted[1..3]
      Another ordinary MODELS data card.          |      xin[4] := t
      Another ordinary MODELS data card.          |      xin[5] := curr_knt
      Another ordinary MODELS data card.          |  ENDUSE
      Another ordinary MODELS data card.          |  o2 := t
      Another ordinary MODELS data card.          |ENDEXEC
      Another ordinary MODELS data card.          |ENDMODEL
      Another ordinary MODELS data card.          |USE MDLRDR AS DEFAULT
      Another ordinary MODELS data card.          |INPUT
      Another ordinary MODELS data card.          |  wanted[1]:= MM0001
      Another ordinary MODELS data card.          |  wanted[2]:= MM0002
      Another ordinary MODELS data card.          |  wanted[3]:= MM0003
      Another ordinary MODELS data card.          |  i2:= MM0004
      Another ordinary MODELS data card.          |DATA
      Another ordinary MODELS data card.          |  channel_id:=         1.
      Another ordinary MODELS data card.          |  total_knt:=        50.
      Another ordinary MODELS data card.          |OUTPUT
      Another ordinary MODELS data card.          |  X0008A:=o1
      Another ordinary MODELS data card.          |  X0009A:=o2
      Another ordinary MODELS data card.          |ENDUSE
      Another ordinary MODELS data card.          |USE MDLRDR AS DEFAULT
      Another ordinary MODELS data card.          |INPUT
      Another ordinary MODELS data card.          |  wanted[1]:= MM0005
      Another ordinary MODELS data card.          |  wanted[2]:= MM0006
      Another ordinary MODELS data card.          |  wanted[3]:= MM0007
      Another ordinary MODELS data card.          |  i2:= MM0008
      Another ordinary MODELS data card.          |DATA
      Another ordinary MODELS data card.          |  channel_id:=         2.
      Another ordinary MODELS data card.          |  total_knt:=        50.
      Another ordinary MODELS data card.          |OUTPUT
      Another ordinary MODELS data card.          |  X0011A:=o1
      Another ordinary MODELS data card.          |  X0012A:=o2
      Another ordinary MODELS data card.          |ENDUSE
Termination of data for Laurent Dube`s MODELS.    |ENDMODELS
Comment card.   Card index = 114.                 |C        1         2         3         4         5         6         7         8
Comment card.   Card index = 115.                 |C 345678901234567890123456789012345678901234567890123456789012345678901234567890
Optional blank card follows last of MODELS data.  |BLANK MODELS
Comment card.   Card index = 117.                 |C < n1 >< n2 ><ref1><ref2>< R  >< L  >< C  >
Comment card.   Card index = 118.                 |C < n1 >< n2 ><ref1><ref2>< R  >< A  >< B  ><Leng><><>0
Comment card.   Card index = 119.                 |C bar from: 390 - bar to: 391 - fictional: 1505 1505 - SGOTA3-MG000
Sat. Xformer.    2.456E-02  2.878E+01  0.000E+00  |  TRANSFORMER             .0245628.784X0001A                                   0
    Breakpoint.      2.45605E-02    2.87840E+01   |     0.024560452        28.78395
    Breakpoint.      9.03510E-01    1.08293E+03   |     0.903510298      1082.93048
    Breakpoint.      1.66111E+00    1.13708E+03   |      1.66111143        1137.077
    Breakpoint.      3.75350E+00    1.19122E+03   |      3.75349629      1191.22352
    Breakpoint.      7.42970E+00    1.23454E+03   |      7.42970164      1234.54074
    Breakpoint.      1.75927E+01    1.28869E+03   |      17.5926808      1288.68727
    Breakpoint.      2.79951E+01    1.30601E+03   |      27.9951131      1306.01415
    Breakpoint.      8.30078E+02    1.55942E+03   |       830.07831      1559.41988
Special termination-of-points card.               |            9999
  Winding 1.   1.7190E+00  1.8237E-01  2.8868E+02 | 1390A                     1.719 68.75288.68
  Winding 2.   1.8700E-01 -1.9892E-02  1.9919E+02 | 2391A                      .187-7.499199.19
  Winding 3.   3.2000E-02  1.1247E-03  1.3800E+01 | 3395A  395B                .032  .424  13.8
Transformer copy using reference name  "X0001A"   |  TRANSFORMER X0001A                  X0001B                                   0
  Winding 1.   (No values read, since copy)       | 1390B
  Winding 2.   (No values read, since copy)       | 2391B
  Winding 3.   (No values read, since copy)       | 3395B  395C
Transformer copy using reference name  "X0001A"   |  TRANSFORMER X0001A                  X0001C                                   0
  Winding 1.   (No values read, since copy)       | 1390C
  Winding 2.   (No values read, since copy)       | 2391C
  Winding 3.   (No values read, since copy)       | 3395C  395A
Series R-L-C.   1.000E+06  0.000E+00  0.000E+00   |  395A                      1.E6                                               0
Series R-L-C.   1.000E+06  0.000E+00  0.000E+00   |  395B                      1.E6                                               0
Series R-L-C.   1.000E+06  0.000E+00  0.000E+00   |  395C                      1.E6                                               0
Comment card.   Card index = 144.                 |C bar from: 390 - bar to: 391 - fictional: 393 393 - SGOTA4-MG000
Sat. Xformer.    2.456E-02  2.878E+01  0.000E+00  |  TRANSFORMER             .0245628.784X0002A                                   0
    Breakpoint.      2.45605E-02    2.87840E+01   |     0.024560452        28.78395
    Breakpoint.      9.03510E-01    1.08293E+03   |     0.903510298      1082.93048
    Breakpoint.      1.66111E+00    1.13708E+03   |      1.66111143        1137.077
    Breakpoint.      3.75350E+00    1.19122E+03   |      3.75349629      1191.22352
    Breakpoint.      7.42970E+00    1.23454E+03   |      7.42970164      1234.54074
    Breakpoint.      1.75927E+01    1.28869E+03   |      17.5926808      1288.68727
    Breakpoint.      2.79951E+01    1.30601E+03   |      27.9951131      1306.01415
    Breakpoint.      8.30078E+02    1.55942E+03   |       830.07831      1559.41988
Special termination-of-points card.               |            9999
  Winding 1.   1.5120E+00  1.6048E-01  2.8868E+02 | 1390A                     1.512  60.5288.68
  Winding 2.   5.4000E-02 -5.6818E-03  1.9919E+02 | 2391A                      .054-2.142199.19
  Winding 3.   3.2000E-02  1.1194E-03  1.3800E+01 | 3397A  397B                .032  .422  13.8
Transformer copy using reference name  "X0002A"   |  TRANSFORMER X0002A                  X0002B                                   0
  Winding 1.   (No values read, since copy)       | 1390B
  Winding 2.   (No values read, since copy)       | 2391B
  Winding 3.   (No values read, since copy)       | 3397B  397C
Transformer copy using reference name  "X0002A"   |  TRANSFORMER X0002A                  X0002C                                   0
  Winding 1.   (No values read, since copy)       | 1390C
  Winding 2.   (No values read, since copy)       | 2391C
  Winding 3.   (No values read, since copy)       | 3397C  397A
Series R-L-C.   1.000E+06  0.000E+00  0.000E+00   |  397A                      1.E6                                               0
Series R-L-C.   1.000E+06  0.000E+00  0.000E+00   |  397B                      1.E6                                               0
Series R-L-C.   1.000E+06  0.000E+00  0.000E+00   |  397C                      1.E6                                               0
Comment card.   Card index = 169.                 |C bar from: 391 - bar to: 9098 - fictional: 42076 42076 - SGOTA6-MG000
Sat. Xformer.    6.149E-02  9.864E+00  0.000E+00  |  TRANSFORMER             .061499.8638X0003A                                   0
    Breakpoint.      6.14884E-02    9.86378E+00   |     0.061488436        9.863778
    Breakpoint.      9.82097E-01    7.47225E+02   |     0.982097019      747.225029
    Breakpoint.      1.80559E+00    7.84586E+02   |      1.80559379      784.586281
    Breakpoint.      4.07997E+00    8.21948E+02   |      4.07997288      821.947532
    Breakpoint.      8.07593E+00    8.51837E+02   |      8.07593211      851.836533
    Breakpoint.      1.91229E+01    8.89198E+02   |      19.1228804      889.197785
    Breakpoint.      3.04301E+01    9.01153E+02   |      30.4301093      901.153385
    Breakpoint.      9.02278E+02    1.07600E+03   |      902.277966      1076.00404
Special termination-of-points card.               |            9999
  Winding 1.   7.4000E-01  7.8564E-02  1.9919E+02 | 1391A                       .7429.618199.19
  Winding 2.   9.0000E-03 -9.0453E-04  7.9674E+01 | 29098A                     .009 -.34179.674
  Winding 3.   5.4000E-02  1.8966E-03  1.3800E+01 | 342077A42077B              .054  .715  13.8
Transformer copy using reference name  "X0003A"   |  TRANSFORMER X0003A                  X0003B                                   0
  Winding 1.   (No values read, since copy)       | 1391B
  Winding 2.   (No values read, since copy)       | 29098B
  Winding 3.   (No values read, since copy)       | 342077B42077C
Transformer copy using reference name  "X0003A"   |  TRANSFORMER X0003A                  X0003C                                   0
  Winding 1.   (No values read, since copy)       | 1391C
  Winding 2.   (No values read, since copy)       | 29098C
  Winding 3.   (No values read, since copy)       | 342077C42077A
Series R-L-C.   1.000E+06  0.000E+00  0.000E+00   |  42077A                    1.E6                                               0
Series R-L-C.   1.000E+06  0.000E+00  0.000E+00   |  42077B                    1.E6                                               0
Series R-L-C.   1.000E+06  0.000E+00  0.000E+00   |  42077C                    1.E6                                               0
Comment card.   Card index = 194.                 |C 42077 - SGOTA6-MG013
Comment card.   Card index = 195.                 |C bar from: 9098 - bar to: 9049 - circuit: 7 SGO-DF-MG138 SGOTA2-MG138 300.0
Sat. Xformer.    1.538E-01  8.392E+01  0.000E+00  |  TRANSFORMER             .1538183.924X0004A                                   0
    Breakpoint.      1.53808E-01    8.39241E+01   |      0.15380798       83.924129
    Breakpoint.      2.45543E+00    2.98868E+02   |      2.45542745      298.867504
    Breakpoint.      4.51432E+00    3.13811E+02   |      4.51432442      313.810879
    Breakpoint.      1.02007E+01    3.28754E+02   |      10.2007004      328.754254
    Breakpoint.      2.01914E+01    3.40709E+02   |      20.1913508      340.708954
    Breakpoint.      4.78108E+01    3.55652E+02   |      47.8108014       355.65233
    Breakpoint.      7.60810E+01    3.60434E+02   |      76.0810026       360.43421
    Breakpoint.      2.25586E+03    4.30369E+02   |      2255.86479      430.369205
Special termination-of-points card.               |            9999
  Winding 1.   3.6000E-02  3.8038E-03  7.9674E+01 | 19049A                     .036 1.43479.674
  Winding 2.   3.6000E-02  3.8038E-03  7.9674E+01 | 29098A                     .036 1.43479.674
Transformer copy using reference name  "X0004A"   |  TRANSFORMER X0004A                  X0004B                                   0
  Winding 1.   (No values read, since copy)       | 19049B
  Winding 2.   (No values read, since copy)       | 29098B
Transformer copy using reference name  "X0004A"   |  TRANSFORMER X0004A                  X0004C                                   0
  Winding 1.   (No values read, since copy)       | 19049C
  Winding 2.   (No values read, since copy)       | 29098C
Series R-L-C.   1.000E+06  0.000E+00  0.000E+00   |  9098A                     1.E6                                               0
Series R-L-C.   1.000E+06  0.000E+00  0.000E+00   |  9098B                     1.E6                                               0
Series R-L-C.   1.000E+06  0.000E+00  0.000E+00   |  9098C                     1.E6                                               0
1st of coupled R-L.   1.13780E+01  1.41787E-01    |51X0005AX0014A            11.378     53.4525
2nd coil. 1.373E+00 5.617E-02 0.000E+00 0.000E+00 |52X0005BX0014B            1.3727     21.1765
Zca, Zcc= 3.335E+00 2.854E-02 4.708E+00 8.471E-02 |53X0005CX0014C
1st of coupled R-L.   3.17140E+01  3.38011E-01    |51X0006AX0013A            31.714 127.4272128
2nd coil. 1.489E+01 1.352E-01 0.000E+00 0.000E+00 |52X0006BX0013B             14.89  50.9674572
Zca, Zcc= 5.608E+00 6.761E-02 2.050E+01 2.028E-01 |53X0006CX0013C
Comment card.   Card index = 223.                 |C < n1 >< n2 ><ref1><ref2>< R  >< L  >< C  >
Comment card.   Card index = 224.                 |C < n1 >< n2 ><ref1><ref2>< R  >< A  >< B  ><Leng><><>0
Comment card.   Card index = 225.                 |C < n1 >< n2 ><ref1><ref2>< R  >< L  >< C  >
Comment card.   Card index = 226.                 |C < n1 >< n2 ><ref1><ref2>< R  >< A  >< B  ><Leng><><>0
1st of coupled R-L.   3.69000E+07  8.17724E+04    |51391A  E001A             3.69E7   30827475.
2nd coil. 2.160E+04 1.538E+02 0.000E+00 0.000E+00 |52391B  E001B             21598.   57981.719
Zca, Zcc= 1.229E+07 2.721E+04 1.231E+07 2.736E+04 |53391C  E001C
Sat. Xformer.    0.000E+00  0.000E+00  1.000E+06  |  TRANSFORMER                         ST001A  1.E6                             0
Special termination-of-points card.               |            9999
  Winding 1.   1.0000E-04  2.6526E-07  1.9919E+02 | 1E001A                    .0001 .0001199.19
  Winding 2.   1.0000E-04  2.6526E-07  7.9674E+01 | 29049A                    .0001 .000179.674
Transformer copy using reference name  "ST001A"   |  TRANSFORMER ST001A                  ST001B                                   0
  Winding 1.   (No values read, since copy)       | 1E001B
  Winding 2.   (No values read, since copy)       | 29049B
Transformer copy using reference name  "ST001A"   |  TRANSFORMER ST001A                  ST001C                                   0
  Winding 1.   (No values read, since copy)       | 1E001C
  Winding 2.   (No values read, since copy)       | 29049C
1st of coupled R-L.   1.58000E+05  4.43667E+02    |51390A  E002A             1.58E5    167258.5
2nd coil. 1.673E+02 3.619E+00 0.000E+00 0.000E+00 |52390B  E002B             167.31    1364.325
Zca, Zcc= 5.261E+04 1.467E+02 5.278E+04 1.503E+02 |53390C  E002C
Sat. Xformer.    0.000E+00  0.000E+00  1.000E+06  |  TRANSFORMER                         ST002A  1.E6                             0
Special termination-of-points card.               |            9999
  Winding 1.   1.0000E-04  2.6526E-07  2.8868E+02 | 1E002A                    .0001 .0001288.68
  Winding 2.   1.0000E-04  2.6526E-07  1.9919E+02 | 2391A                     .0001 .0001199.19
Transformer copy using reference name  "ST002A"   |  TRANSFORMER ST002A                  ST002B                                   0
  Winding 1.   (No values read, since copy)       | 1E002B
  Winding 2.   (No values read, since copy)       | 2391B
Transformer copy using reference name  "ST002A"   |  TRANSFORMER ST002A                  ST002C                                   0
  Winding 1.   (No values read, since copy)       | 1E002C
  Winding 2.   (No values read, since copy)       | 2391C
1st of coupled R-L.   6.29570E+04  3.30096E+02    |51390A  E003A             62957.   124443.25
2nd coil. 1.236E+03 1.123E+01 0.000E+00 0.000E+00 |52390B  E003B             1235.6     4232.25
Zca, Zcc= 2.057E+04 1.063E+02 2.181E+04 1.175E+02 |53390C  E003C
Sat. Xformer.    0.000E+00  0.000E+00  1.000E+06  |  TRANSFORMER                         ST003A  1.E6                             0
Special termination-of-points card.               |            9999
  Winding 1.   1.0000E-04  2.6526E-07  2.8868E+02 | 1E003A                    .0001 .0001288.68
  Winding 2.   1.0000E-04  2.6526E-07  7.9674E+01 | 29049A                    .0001 .000179.674
Transformer copy using reference name  "ST003A"   |  TRANSFORMER ST003A                  ST003B                                   0
  Winding 1.   (No values read, since copy)       | 1E003B
  Winding 2.   (No values read, since copy)       | 29049B
Transformer copy using reference name  "ST003A"   |  TRANSFORMER ST003A                  ST003C                                   0
  Winding 1.   (No values read, since copy)       | 1E003C
  Winding 2.   (No values read, since copy)       | 29049C
Series R-L-C.   1.000E-03  0.000E+00  0.000E+00   |  T_MANCXX0020              .001                                               0
Series R-L-C.   1.000E-03  0.000E+00  0.000E+00   |  XX0021MEASUC              .001                                               4
Series R-L-C.   1.000E-03  0.000E+00  0.000E+00   |  T_MANBXX0022              .001                                               0
Series R-L-C.   1.000E-03  0.000E+00  0.000E+00   |  XX0023MEASUB              .001                                               4
Series R-L-C.   1.000E-03  0.000E+00  0.000E+00   |  T_MANAXX0024              .001                                               0
Series R-L-C.   1.000E-03  0.000E+00  0.000E+00   |  XX0025MEASUA              .001                                               4
Series R-L-C.   1.000E-03  0.000E+00  0.000E+00   |  T_MANAPRMANA              .001                                               0
Series R-L-C.   1.000E-03  0.000E+00  0.000E+00   |  T_MANBPRMANB              .001                                               0
Series R-L-C.   1.000E-03  0.000E+00  0.000E+00   |  T_MANCPRMANC              .001                                               0
Series R-L-C.   1.000E-03  0.000E+00  0.000E+00   |  T_OPOAPROPOA              .001                                               0
Series R-L-C.   1.000E-03  0.000E+00  0.000E+00   |  T_OPOBPROPOB              .001                                               0
Series R-L-C.   1.000E-03  0.000E+00  0.000E+00   |  T_OPOCPROPOC              .001                                               0
Comment card.   Card index = 278.                 |C 145 kV, Ur=120, MCOV = 96.kV Classe 3: 8kJ/kVr
Type-92 R(i)   0.0000E+00  0.0000E+00  4.4440E+03 |92      PRMANA                         4444.                                   4
Piecewise-lin.   0.000E+00  1.000E+19  0.000E+00  |                                               -1.
    Breakpoint.      1.00000E-03    1.35764E+05   |                    0.001                  135764.
    Breakpoint.      2.00000E-02    1.76190E+05   |                     0.02                  176190.
    Breakpoint.      2.00000E+00    1.85000E+05   |                       2.                   1.85E5
    Breakpoint.      2.00000E+01    1.95461E+05   |                      20.                  195461.
    Breakpoint.      2.50000E+02    2.16935E+05   |                     250.                  216935.
    Breakpoint.      5.00000E+02    2.26000E+05   |                     500.                   2.26E5
    Breakpoint.      1.00000E+03    2.31000E+05   |                     1.E3                   2.31E5
    Breakpoint.      2.00000E+03    2.43000E+05   |                     2.E3                   2.43E5
Special termination-of-points card.               |            9999
Reference branch.   Copy  (      , PRMANA )       |92      PRMANB      PRMANA             4444.                                   4
Reference branch.   Copy  (      , PRMANA )       |92      PRMANC      PRMANA             4444.                                   4
Comment card.   Card index = 292.                 |C 145 kV, Ur=120, MCOV = 96.kV Classe 3: 8kJ/kVr
Type-92 R(i)   0.0000E+00  0.0000E+00  4.4440E+03 |92      PROPOA                         4444.                                   4
Piecewise-lin.   0.000E+00  1.000E+19  0.000E+00  |                                               -1.
    Breakpoint.      1.00000E-03    1.35764E+05   |                    0.001                  135764.
    Breakpoint.      2.00000E-02    1.76190E+05   |                     0.02                  176190.
    Breakpoint.      2.00000E+00    1.85000E+05   |                       2.                   1.85E5
    Breakpoint.      2.00000E+01    1.95461E+05   |                      20.                  195461.
    Breakpoint.      2.50000E+02    2.16935E+05   |                     250.                  216935.
    Breakpoint.      5.00000E+02    2.26000E+05   |                     500.                   2.26E5
    Breakpoint.      1.00000E+03    2.31000E+05   |                     1.E3                   2.31E5
    Breakpoint.      2.00000E+03    2.43000E+05   |                     2.E3                   2.43E5
Special termination-of-points card.               |            9999
Reference branch.   Copy  (      , PROPOA )       |92      PROPOB      PROPOA             4444.                                   4
Reference branch.   Copy  (      , PROPOA )       |92      PROPOC      PROPOA             4444.                                   4
Comment card.   Card index = 306.                 |C 1/6
Comment card.   Card index = 307.                 |C  <++++++>  Cards punched by support routine on  03-Sep-26  16.17.04  <++++++>
Comment card.   Card index = 308.                 |C    **** UNTRANSPOSED K.C. Lee line calculated at   6.000E+01 HZ. ****
Comment card.   Card index = 309.                 |C LINE CONSTANTS
Comment card.   Card index = 310.                 |C $ERASE
Comment card.   Card index = 311.                 |C BRANCH  IN_001OUT001IN_002OUT002IN_003OUT003
Comment card.   Card index = 312.                 |C METRIC
Comment card.   Card index = 313.                 |C   1   .5   .1899 4           1.828    -3.2   22.04      7.     0.0   0.0
Comment card.   Card index = 314.                 |C   2   .5   .1899 4           1.828     3.2    23.9    8.86     0.0   0.0
Comment card.   Card index = 315.                 |C   3   .5   .1899 4           1.828    -3.2   25.76   10.72     0.0   0.0
Comment card.   Card index = 316.                 |C   0.2742    .667 4            1.24     0.0   29.44    18.6     0.0   0.0
Comment card.   Card index = 317.                 |C BLANK CARD ENDING CONDUCTOR CARDS
Comment card.   Card index = 318.                 |C     1.E3       60.                              13.3                 1
Comment card.   Card index = 319.                 |C    The transformation matrix was calculated at  6.00000000E+01 Hz.
New MOLDAT = 1     (data vintage).                |$VINTAGE, 1
 5.284E-01 8.593E+02 2.210E+05 8.593E+02 6.017E-05|-1T_MANAX0017A             5.28357E-01 8.59331E+02 2.21024E+05-1.33000E+01 1  3
 1.912E-01 3.671E+02 2.934E+05 3.671E+02 4.533E-05|-2T_MANBX0017B             1.91185E-01 3.67062E+02 2.93377E+05-1.33000E+01 1  3
 1.906E-01 4.134E+02 2.936E+05 4.134E+02 4.529E-05|-3T_MANCX0017C             1.90555E-01 4.13371E+02 2.93650E+05-1.33000E+01 1  3
New MOLDAT = 0     (data vintage).                |$VINTAGE, 0
TR(1,1 )...  0.594-0.699 0.402                    |  0.59364229 -0.69928374  0.40193149
TI(1,1 )...  0.000 0.000 0.000                    |  0.00000000  0.00000000  0.00000000
TR(2,1 )...  0.611 0.022-0.814                    |  0.61125068  0.02235166 -0.81448972
TI(2,1 )...  0.000 0.000 0.000                    |  0.00000000  0.00000000  0.00000000
TR(3,1 )...  0.523 0.714 0.418                    |  0.52341326  0.71449469  0.41839881
TI(3,1 )...  0.000 0.000 0.000                    |  0.00000000  0.00000000  0.00000000
Comment card.   Card index = 331.                 |C 1/6
Comment card.   Card index = 332.                 |C  <++++++>  Cards punched by support routine on  03-Sep-26  16.17.04  <++++++>
Comment card.   Card index = 333.                 |C    **** UNTRANSPOSED K.C. Lee line calculated at   6.000E+01 HZ. ****
Comment card.   Card index = 334.                 |C LINE CONSTANTS
Comment card.   Card index = 335.                 |C $ERASE
Comment card.   Card index = 336.                 |C BRANCH  IN_001OUT001IN_002OUT002IN_003OUT003
Comment card.   Card index = 337.                 |C METRIC
Comment card.   Card index = 338.                 |C   1   .5   .1899 4           1.828    -3.2   22.04      7.     0.0   0.0
Comment card.   Card index = 339.                 |C   2   .5   .1899 4           1.828     3.2    23.9    8.86     0.0   0.0
Comment card.   Card index = 340.                 |C   3   .5   .1899 4           1.828    -3.2   25.76   10.72     0.0   0.0
Comment card.   Card index = 341.                 |C   0.2742    .667 4            1.24     0.0   29.44    18.6     0.0   0.0
Comment card.   Card index = 342.                 |C BLANK CARD ENDING CONDUCTOR CARDS
Comment card.   Card index = 343.                 |C     1.E3       60.                              13.3                 1
Comment card.   Card index = 344.                 |C    The transformation matrix was calculated at  6.00000000E+01 Hz.
New MOLDAT = 1     (data vintage).                |$VINTAGE, 1
 5.284E-01 8.593E+02 2.210E+05 8.593E+02 6.017E-05|-1X0018AT_OPOA             5.28357E-01 8.59331E+02 2.21024E+05-1.33000E+01 1  3
 1.912E-01 3.671E+02 2.934E+05 3.671E+02 4.533E-05|-2X0018BT_OPOB             1.91185E-01 3.67062E+02 2.93377E+05-1.33000E+01 1  3
 1.906E-01 4.134E+02 2.936E+05 4.134E+02 4.529E-05|-3X0018CT_OPOC             1.90555E-01 4.13371E+02 2.93650E+05-1.33000E+01 1  3
New MOLDAT = 0     (data vintage).                |$VINTAGE, 0
TR(1,1 )...  0.594-0.699 0.402                    |  0.59364229 -0.69928374  0.40193149
TI(1,1 )...  0.000 0.000 0.000                    |  0.00000000  0.00000000  0.00000000
TR(2,1 )...  0.611 0.022-0.814                    |  0.61125068  0.02235166 -0.81448972
TI(2,1 )...  0.000 0.000 0.000                    |  0.00000000  0.00000000  0.00000000
TR(3,1 )...  0.523 0.714 0.418                    |  0.52341326  0.71449469  0.41839881
TI(3,1 )...  0.000 0.000 0.000                    |  0.00000000  0.00000000  0.00000000
Comment card.   Card index = 356.                 |C 1/3
Comment card.   Card index = 357.                 |C  <++++++>  Cards punched by support routine on  03-Sep-26  16.17.05  <++++++>
Comment card.   Card index = 358.                 |C    **** UNTRANSPOSED K.C. Lee line calculated at   6.000E+01 HZ. ****
Comment card.   Card index = 359.                 |C LINE CONSTANTS
Comment card.   Card index = 360.                 |C $ERASE
Comment card.   Card index = 361.                 |C BRANCH  IN_001OUT001IN_002OUT002IN_003OUT003
Comment card.   Card index = 362.                 |C METRIC
Comment card.   Card index = 363.                 |C   1   .5   .1899 4           1.828    -3.2   22.04      7.     0.0   0.0
Comment card.   Card index = 364.                 |C   2   .5   .1899 4           1.828     3.2    23.9    8.86     0.0   0.0
Comment card.   Card index = 365.                 |C   3   .5   .1899 4           1.828    -3.2   25.76   10.72     0.0   0.0
Comment card.   Card index = 366.                 |C   0.2742    .667 4            1.24     0.0   29.44    18.6     0.0   0.0
Comment card.   Card index = 367.                 |C BLANK CARD ENDING CONDUCTOR CARDS
Comment card.   Card index = 368.                 |C     1.E3       60.                              26.7                 1
Comment card.   Card index = 369.                 |C    The transformation matrix was calculated at  6.00000000E+01 Hz.
New MOLDAT = 1     (data vintage).                |$VINTAGE, 1
 5.284E-01 8.593E+02 2.210E+05 8.593E+02 1.208E-04|-1X0017B1_2LTB             5.28357E-01 8.59331E+02 2.21024E+05-2.67000E+01 1  3
 1.912E-01 3.671E+02 2.934E+05 3.671E+02 9.101E-05|-2X0017C1_2LTC             1.91185E-01 3.67062E+02 2.93377E+05-2.67000E+01 1  3
 1.906E-01 4.134E+02 2.936E+05 4.134E+02 9.092E-05|-3X0017A1_2LTA             1.90555E-01 4.13371E+02 2.93650E+05-2.67000E+01 1  3
New MOLDAT = 0     (data vintage).                |$VINTAGE, 0
TR(1,1 )...  0.594-0.699 0.402                    |  0.59364229 -0.69928374  0.40193149
TI(1,1 )...  0.000 0.000 0.000                    |  0.00000000  0.00000000  0.00000000
TR(2,1 )...  0.611 0.022-0.814                    |  0.61125068  0.02235166 -0.81448972
TI(2,1 )...  0.000 0.000 0.000                    |  0.00000000  0.00000000  0.00000000
TR(3,1 )...  0.523 0.714 0.418                    |  0.52341326  0.71449469  0.41839881
TI(3,1 )...  0.000 0.000 0.000                    |  0.00000000  0.00000000  0.00000000
Comment card.   Card index = 381.                 |C 1/3
Comment card.   Card index = 382.                 |C  <++++++>  Cards punched by support routine on  03-Sep-26  16.17.05  <++++++>
Comment card.   Card index = 383.                 |C    **** UNTRANSPOSED K.C. Lee line calculated at   6.000E+01 HZ. ****
Comment card.   Card index = 384.                 |C LINE CONSTANTS
Comment card.   Card index = 385.                 |C $ERASE
Comment card.   Card index = 386.                 |C BRANCH  IN_001OUT001IN_002OUT002IN_003OUT003
Comment card.   Card index = 387.                 |C METRIC
Comment card.   Card index = 388.                 |C   1   .5   .1899 4           1.828    -3.2   22.04      7.     0.0   0.0
Comment card.   Card index = 389.                 |C   2   .5   .1899 4           1.828     3.2    23.9    8.86     0.0   0.0
Comment card.   Card index = 390.                 |C   3   .5   .1899 4           1.828    -3.2   25.76   10.72     0.0   0.0
Comment card.   Card index = 391.                 |C   0.2742    .667 4            1.24     0.0   29.44    18.6     0.0   0.0
Comment card.   Card index = 392.                 |C BLANK CARD ENDING CONDUCTOR CARDS
Comment card.   Card index = 393.                 |C     1.E3       60.                              26.7                 1
Comment card.   Card index = 394.                 |C    The transformation matrix was calculated at  6.00000000E+01 Hz.
New MOLDAT = 1     (data vintage).                |$VINTAGE, 1
 5.284E-01 8.593E+02 2.210E+05 8.593E+02 1.208E-04|-11_2LTCX0018C             5.28357E-01 8.59331E+02 2.21024E+05-2.67000E+01 1  3
 1.912E-01 3.671E+02 2.934E+05 3.671E+02 9.101E-05|-21_2LTAX0018A             1.91185E-01 3.67062E+02 2.93377E+05-2.67000E+01 1  3
 1.906E-01 4.134E+02 2.936E+05 4.134E+02 9.092E-05|-31_2LTBX0018B             1.90555E-01 4.13371E+02 2.93650E+05-2.67000E+01 1  3
New MOLDAT = 0     (data vintage).                |$VINTAGE, 0
TR(1,1 )...  0.594-0.699 0.402                    |  0.59364229 -0.69928374  0.40193149
TI(1,1 )...  0.000 0.000 0.000                    |  0.00000000  0.00000000  0.00000000
TR(2,1 )...  0.611 0.022-0.814                    |  0.61125068  0.02235166 -0.81448972
TI(2,1 )...  0.000 0.000 0.000                    |  0.00000000  0.00000000  0.00000000
TR(3,1 )...  0.523 0.714 0.418                    |  0.52341326  0.71449469  0.41839881
TI(3,1 )...  0.000 0.000 0.000                    |  0.00000000  0.00000000  0.00000000
Blank card ending branches.  IBR, NTOT = 141  94  |BLANK BRANCH
Comment card.   Card index = 407.                 |C < n 1>< n 2>< Tclose ><Top/Tde ><   Ie   ><Vf/CLOP ><  type  >
Permanently-closed switch used for metering.      |  X0005A390A                                          MEASURING                0
Permanently-closed switch used for metering.      |  X0005B390B                                          MEASURING                0
Permanently-closed switch used for metering.      |  X0005C390C                                          MEASURING                0
Permanently-closed switch used for metering.      |  X0006A9049A                                         MEASURING                0
Permanently-closed switch used for metering.      |  X0006B9049B                                         MEASURING                0
Permanently-closed switch used for metering.      |  X0006C9049C                                         MEASURING                0
Switch.   2.00E-02  8.33E-04  0.00E+00  0.00E+00  |  XX0020XX0021       .02   .000833                    STATISTICS               1
Switch.   2.00E-02  8.33E-04  0.00E+00  0.00E+00  |  XX0022XX0023       .02   .000833                    STATISTICS               1
Switch.   2.00E-02  8.33E-04  0.00E+00  0.00E+00  |  XX0024XX0025       .02   .000833                    STATISTICS               1
Permanently-closed switch used for metering.      |  T_OPOAX0007A                                        MEASURING                0
Permanently-closed switch used for metering.      |  T_OPOBX0007B                                        MEASURING                0
Permanently-closed switch used for metering.      |  T_OPOCX0007C                                        MEASURING                0
Permanently-closed switch used for metering.      |  X0015A                                              MEASURING                0
Permanently-closed switch used for metering.      |  X0015B                                              MEASURING                0
Permanently-closed switch used for metering.      |  X0015C                                              MEASURING                0
Permanently-closed switch used for metering.      |  X0009A                                              MEASURING                0
Permanently-closed switch used for metering.      |  X0009B                                              MEASURING                0
Permanently-closed switch used for metering.      |  X0009C                                              MEASURING                0
Permanently-closed switch used for metering.      |  X0008A                                              MEASURING                0
Permanently-closed switch used for metering.      |  X0008B                                              MEASURING                0
Permanently-closed switch used for metering.      |  X0008C                                              MEASURING                0
Permanently-closed switch used for metering.      |  T_MANAX0010A                                        MEASURING                0
Permanently-closed switch used for metering.      |  T_MANBX0010B                                        MEASURING                0
Permanently-closed switch used for metering.      |  T_MANCX0010C                                        MEASURING                0
Permanently-closed switch used for metering.      |  X0016A                                              MEASURING                0
Permanently-closed switch used for metering.      |  X0016B                                              MEASURING                0
Permanently-closed switch used for metering.      |  X0016C                                              MEASURING                0
Permanently-closed switch used for metering.      |  X0012A                                              MEASURING                0
Permanently-closed switch used for metering.      |  X0012B                                              MEASURING                0
Permanently-closed switch used for metering.      |  X0012C                                              MEASURING                0
Permanently-closed switch used for metering.      |  X0011A                                              MEASURING                0
Permanently-closed switch used for metering.      |  X0011B                                              MEASURING                0
Permanently-closed switch used for metering.      |  X0011C                                              MEASURING                0
Permanently-closed switch used for metering.      |  9049A MEASUA                                        MEASURING                0
Permanently-closed switch used for metering.      |  9049B MEASUB                                        MEASURING                0
Permanently-closed switch used for metering.      |  9049C MEASUC                                        MEASURING                0
Blank card ending switches.   KSWTCH = 36.        |BLANK SWITCH
Comment card.   Card index = 445.                 |C < n 1><>< Ampl.  >< Freq.  ><Phase/T0><   A1   ><   T1   >< TSTART >< TSTOP  >
Comment card.   Card index = 446.                 |C 1 - 390
Source.   4.08E+05  6.00E+01  0.00E+00 -1.00E+00  |14X0014A   408248.29       60.                                     -1.      100.
Source.   4.08E+05  6.00E+01 -1.20E+02 -1.00E+00  |14X0014B   408248.29       60.     -120.                           -1.      100.
Source.   4.08E+05  6.00E+01 -2.40E+02 -1.00E+00  |14X0014C   408248.29       60.     -240.                           -1.      100.
Comment card.   Card index = 450.                 |C 1 - 9049
Source.   1.13E+05  6.00E+01  0.00E+00 -1.00E+00  |14X0013A  112676.528       60.                                     -1.      100.
Source.   1.13E+05  6.00E+01 -1.20E+02 -1.00E+00  |14X0013B  112676.528       60.     -120.                           -1.      100.
Source.   1.13E+05  6.00E+01 -2.40E+02 -1.00E+00  |14X0013C  112676.528       60.     -240.                           -1.      100.
Blank card ends electric sources.  KCONST = 6     |BLANK SOURCE

List of input elements that are connected to each node.   Only the physical connections of multi-phase lines are shown (capacitive
and inductive coupling are ignored).   Repeated entries indicate parallel connections.   Switches are included,  although sources
(including rotating machinery) are omitted -- except that U.M. usage produces extra,  internally-defined nodes  "UMXXXX".
--------------+------------------------------
From bus name |  Names of all adjacent busses.
--------------+------------------------------
       X0001A |TERRA *TERRA *TERRA *390A  *
       390A   |X0001A*X0002A*X0005A*E002A *E003A *
       391A   |TERRA *TERRA *TERRA *X0003A*E001A *
       395A   |TERRA *395B  *395C  *
       395B   |TERRA *395A  *395C  *
       X0001B |TERRA *TERRA *TERRA *390B  *
       390B   |X0001B*X0002B*X0005B*E002B *E003B *
       391B   |TERRA *TERRA *TERRA *X0003B*E001B *
       395C   |TERRA *395A  *395B  *
       X0001C |TERRA *TERRA *TERRA *390C  *
       390C   |X0001C*X0002C*X0005C*E002C *E003C *
       391C   |TERRA *TERRA *TERRA *X0003C*E001C *
       X0002A |TERRA *TERRA *TERRA *390A  *
       397A   |TERRA *397B  *397C  *
       397B   |TERRA *397A  *397C  *
       X0002B |TERRA *TERRA *TERRA *390B  *
       397C   |TERRA *397A  *397B  *
       X0002C |TERRA *TERRA *TERRA *390C  *
       X0003A |TERRA *TERRA *TERRA *391A  *
       9098A  |TERRA *TERRA *TERRA *
       42077A |TERRA *42077B*42077C*
       42077B |TERRA *42077A*42077C*
       X0003B |TERRA *TERRA *TERRA *391B  *
       9098B  |TERRA *TERRA *TERRA *
       42077C |TERRA *42077A*42077B*
       X0003C |TERRA *TERRA *TERRA *391C  *
       9098C  |TERRA *TERRA *TERRA *
       X0004A |TERRA *TERRA *9049A *
       9049A  |TERRA *TERRA *X0004A*X0006A*MEASUA*
       X0004B |TERRA *TERRA *9049B *
       9049B  |TERRA *TERRA *X0004B*X0006B*MEASUB*
       X0004C |TERRA *TERRA *9049C *
       9049C  |TERRA *TERRA *X0004C*X0006C*MEASUC*
       X0005A |390A  *X0014A*
       X0014A |X0005A*
       X0005B |390B  *X0014B*
       X0014B |X0005B*
       X0005C |390C  *X0014C*
       X0014C |X0005C*
       X0006A |9049A *X0013A*
       X0013A |X0006A*
       X0006B |9049B *X0013B*
       X0013B |X0006B*
       X0006C |9049C *X0013C*
       X0013C |X0006C*
       E001A  |391A  *ST001A*
       E001B  |391B  *ST001B*
       E001C  |391C  *ST001C*
       ST001A |TERRA *TERRA *E001A *
       ST001B |TERRA *TERRA *E001B *
       ST001C |TERRA *TERRA *E001C *
       E002A  |390A  *ST002A*
       E002B  |390B  *ST002B*
       E002C  |390C  *ST002C*
       ST002A |TERRA *TERRA *E002A *
       ST002B |TERRA *TERRA *E002B *
       ST002C |TERRA *TERRA *E002C *
       E003A  |390A  *ST003A*
       E003B  |390B  *ST003B*
       E003C  |390C  *ST003C*
       ST003A |TERRA *TERRA *E003A *
       ST003B |TERRA *TERRA *E003B *
       ST003C |TERRA *TERRA *E003C *
       T_MANC |XX0020*PRMANC*X0017C*X0010C*
       XX0020 |T_MANC*XX0021*
       XX0021 |XX0020*MEASUC*
       MEASUC |9049C *XX0021*
       T_MANB |XX0022*PRMANB*X0017B*X0010B*
       XX0022 |T_MANB*XX0023*
       XX0023 |XX0022*MEASUB*
       MEASUB |9049B *XX0023*
       T_MANA |XX0024*PRMANA*X0017A*X0010A*
       XX0024 |T_MANA*XX0025*
       XX0025 |XX0024*MEASUA*
       MEASUA |9049A *XX0025*
       PRMANA |TERRA *T_MANA*
       PRMANB |TERRA *T_MANB*
       PRMANC |TERRA *T_MANC*
       T_OPOA |PROPOA*X0018A*X0007A*
       PROPOA |TERRA *T_OPOA*
       T_OPOB |PROPOB*X0018B*X0007B*
       PROPOB |TERRA *T_OPOB*
       T_OPOC |PROPOC*X0018C*X0007C*
       PROPOC |TERRA *T_OPOC*
       X0017A |T_MANA*1_2LTA*
       X0017B |T_MANB*1_2LTB*
       X0017C |T_MANC*1_2LTC*
       X0018A |T_OPOA*1_2LTA*
       X0018B |T_OPOB*1_2LTB*
       X0018C |T_OPOC*1_2LTC*
       1_2LTB |X0017B*X0018B*
       1_2LTC |X0017C*X0018C*
       1_2LTA |X0017A*X0018A*
       X0007A |T_OPOA*
       X0007B |T_OPOB*
       X0007C |T_OPOC*
       X0015A |TERRA *
       X0015B |TERRA *
       X0015C |TERRA *
       X0009A |TERRA *
       X0009B |TERRA *
       X0009C |TERRA *
       X0008A |TERRA *
       X0008B |TERRA *
       X0008C |TERRA *
       X0010A |T_MANA*
       X0010B |T_MANB*
       X0010C |T_MANC*
       X0016A |TERRA *
       X0016B |TERRA *
       X0016C |TERRA *
       X0012A |TERRA *
       X0012B |TERRA *
       X0012C |TERRA *
       X0011A |TERRA *
       X0011B |TERRA *
       X0011C |TERRA *
       TERRA  |X0001A*X0001A*X0001A*391A  *391A  *391A  *395A  *395B  *X0001B*X0001B*X0001B*391B  *391B  *391B  *395C  *
              |X0001C*X0001C*X0001C*391C  *391C  *391C  *X0002A*X0002A*X0002A*397A  *397B  *X0002B*X0002B*X0002B*397C  *
              |X0002C*X0002C*X0002C*X0003A*X0003A*X0003A*9098A *9098A *9098A *42077A*42077B*X0003B*X0003B*X0003B*9098B *
              |9098B *9098B *42077C*X0003C*X0003C*X0003C*9098C *9098C *9098C *X0004A*X0004A*9049A *9049A *X0004B*X0004B*
              |9049B *9049B *X0004C*X0004C*9049C *9049C *ST001A*ST001A*ST001B*ST001B*ST001C*ST001C*ST002A*ST002A*ST002B*
              |ST002B*ST002C*ST002C*ST003A*ST003A*ST003B*ST003B*ST003C*ST003C*PRMANA*PRMANB*PRMANC*PROPOA*PROPOB*PROPOC*
              |X0015A*X0015B*X0015C*X0009A*X0009B*X0009C*X0008A*X0008B*X0008C*X0016A*X0016B*X0016C*X0012A*X0012B*X0012C*
              |X0011A*X0011B*X0011C*
              |---------------------

Sinusoidal steady-state phasor solution, branch by branch.   All flows are away from a bus,  and the real part,  magnitude,  or  "P"
is printed above the imaginary part,  the angle,  or  "Q".   The first solution frequency  =  6.00000000E+01  Hertz.
  Bus K                        Phasor  node  voltage              Phasor  branch  current               Power flow       Power loss
             Bus M         Rectangular            Polar          Rectangular            Polar            P  and  Q        P  and  Q

 390A                 408148.02065286   408148.0207898      .39215218393087  2.2629218182628      80039.850572504  4.4013406262238
                      -10.57282245371       -0.0014842      -2.228683876239      -80.0205690      454814.38329625      176.0280210

            X0001A    407994.12452676  407994.12591874      -.3921521839309  2.2629218182628      -80035.44923188
                       -33.7021775157       -0.0047329      2.2286838762391       99.9794310      -454638.3552753

 391A                 281531.15604102  281531.15665819      -.5679943952495  1.9751099028802      -79971.69117154  -79971.69117154
                      -18.64146233213       -0.0037938      1.8916769003772      106.7128959      -266277.6981866  -266277.6981866

            TERRA                 0.0              0.0      .56799439524946  1.9751099028802                  0.0
                                  0.0              0.0      -1.891676900377      -73.2871041                  0.0

 X0001A               407994.12452676  407994.12591874      .39191770676791  1.3628313064761      79972.055920585  79972.055920585
                       -33.7021775157       -0.0047329      -1.305262303536      -73.2871041       266263.0711645   266263.0711645

            TERRA                 0.0              0.0      -.3919177067679  1.3628313064761                  0.0
                                  0.0              0.0      1.3052623035364      106.7128959                  0.0

 395A                 9751.3680851015  11260.447968437      -.0065006552009  .00650065521475      -31.69633751404  -63.39331052915
                      -5631.030893073      -30.0047410      .42503233999E-6      179.9962538      18.300622807211        0.0011007

            395B      -9752.299846053   11260.44797294      .00650065520085  .00650065521475      -31.69697301511
                       -5629.41704477     -150.0047410        -.42503234E-6       -0.0037462      -18.29952211634

 X0001A               407994.12452676  407994.12591874      .31075599898E-3  .31075599965E-3       63.39331121532   63.39331121532
                       -33.7021775157       -0.0047329      -.2031811164E-7       -0.0037462      -.0010917418361       -0.0010917

            TERRA                 0.0              0.0       -.310755999E-3  .31075599965E-3                  0.0
                                  0.0              0.0      .20318111638E-7      179.9962538                  0.0

 390B                 -204083.1666556  408148.02078907      -2.126172991229  2.2629218882257      80039.841125462  4.4013408983592
                      -353461.2679798     -120.0014842      .77472826434905      159.9794295      454814.39945495      176.0280319

            X0001B     -204026.249196  407994.12591265      2.1261729912285  2.2629218882257      -80035.43978456
                      -353316.4253445     -120.0047329       -.774728264349      -20.0205705      -454638.3714231

 391B                 -140781.7219951  281531.15665452      1.9222374492092   1.975109934653      -79971.67437637  -79971.67437637
                       -243803.812356     -120.0037938      -.4539410124926      -13.2871079      -266277.7078968  -266277.7078968

            TERRA                 0.0              0.0      -1.922237449209   1.975109934653                  0.0
                                  0.0              0.0      .45394101249258      166.7128921                  0.0

 X0001B                -204026.249196  407994.12591265       -1.32634916692  1.3628313283983       79972.03912536   79972.03912536
                      -353316.4253445     -120.0047329      .31322055659439      166.7128921      266263.08087402   266263.0808740

            TERRA                 0.0              0.0      1.3263491669204  1.3628313283983                  0.0
                                  0.0              0.0      -.3132205565944      -13.2871079                  0.0

 395B                 -9752.299846053   11260.44797294       .0032516446372  .00650140864976      -31.70187116438  -63.40065768487
                       -5629.41704477     -150.0047410      .00562984205681       59.9904308      18.299522039842       -0.0053427

            395C      .93175281712121   11260.44796449      -.0032516446372  .00650140864976      -31.69878652049
                       11260.44792594       89.9952590      -.0056298420568     -120.0095692      -18.30486474484

 X0001B                -204026.249196  407994.12591265      -.1554409587E-3  .31079201684E-3      63.400658398787  63.400658398787
                      -353316.4253445     -120.0047329      -.2691278248E-3     -120.0095692      .00535160988513        0.0053516

            TERRA                 0.0              0.0      .15544095868E-3  .31079201684E-3                  0.0
                                  0.0              0.0      .26912782482E-3       59.9904308                  0.0

 390C                 -204064.8540004  408148.02078695      1.7340209004049  2.2629218650576      80039.820095498  4.4013408082537
                      353471.84079373      119.9985158      1.4539555991552       39.9794269      454814.39835277      176.0280283

            X0001C    -203967.8753349  407994.12591107      -1.734020900405  2.2629218650576      -80035.41875469
                      353350.12750715      119.9952671      -1.453955599155     -140.0205731      -454638.3703245

 391C                 -140749.4340485  281531.15665392      -1.354243306887  1.9751099455335      -79971.65143953  -79971.65143953
                      243822.45380998      119.9962062      -1.437735845939     -133.2871130       -266277.716384  -266277.7163840

            TERRA                 0.0              0.0      1.3542433068869  1.9751099455335                  0.0
                                  0.0              0.0      1.4377358459387       46.7128870                  0.0

 X0001C               -203967.8753349  407994.12591107      .93443163467236  1.3628313359053       79972.01618865   79972.01618865
                      353350.12750715      119.9952671      .99204171799829       46.7128870      266263.08936093   266263.0893609

            TERRA                 0.0              0.0      -.9344316346724  1.3628313359053                  0.0
                                  0.0              0.0      -.9920417179983     -133.2871130                  0.0

 395C                 .93175281712121   11260.44796449      .00325071287807   .0065016041608      -31.70005765725  -63.40256436031
                       11260.44792594       89.9952590      -.0056306058686      -60.0009077       18.30486470929        0.0042418

            395A      9751.3680851015  11260.447968437      -.0032507128781   .0065016041608      -31.70250670306
                      -5631.030893073      -30.0047410      .00563060586865      119.9990923      -18.30062286319

 X0001C               -203967.8753349  407994.12591107      -.1553964175E-3  .31080136318E-3      63.402565110191  63.402565110191
                      353350.12750715      119.9952671      .26916433785E-3      119.9990923      -.0042329222518       -0.0042329

            TERRA                 0.0              0.0      .15539641754E-3  .31080136318E-3                  0.0
                                  0.0              0.0      -.2691643379E-3      -60.0009077                  0.0

 395A                 9751.3680851015  11260.447968437       .0097513680851  .01126044796844       63.39884422494   63.39884422494
                      -5631.030893073      -30.0047410      -.0056310308931      -30.0047410                  0.0              0.0

            TERRA                 0.0              0.0      -.0097513680851  .01126044796844                  0.0
                                  0.0              0.0      .00563103089307      149.9952590                  0.0

 395B                 -9752.299846053   11260.44797294      -.0097522998461  .01126044797294      63.398844275641  63.398844275641
                       -5629.41704477     -150.0047410      -.0056294170448     -150.0047410                  0.0              0.0

            TERRA                 0.0              0.0      .00975229984605  .01126044797294                  0.0
                                  0.0              0.0      .00562941704477       29.9952590                  0.0

 395C                 .93175281712121   11260.44796449      .93175281712E-6  .01126044796449      63.398844180488  63.398844180488
                       11260.44792594       89.9952590      .01126044792594       89.9952590                  0.0              0.0

            TERRA                 0.0              0.0      -.9317528171E-6  .01126044796449                  0.0
                                  0.0              0.0      -.0112604479259      -90.0047410                  0.0

 390A                 408148.02065286   408148.0207898      .35847409736273  2.3269147527786      73167.400827899  4.0933863936225
                      -10.57282245371       -0.0014842      -2.299136487514      -81.1379755      469192.10825332      163.7896011

            X0002A    408008.38088253  408008.38189786      -.3584740973627  2.3269147527786      -73163.30744151
                      -28.78421097503       -0.0040421      2.2991364875141       98.8620245      -469028.3186523

 391A                 281531.15604102  281531.15665819      -.5191696173124  2.0602223681729       -73099.7943393   -73099.7943393
                      -18.64146233213       -0.0037938      1.9937349660322      104.5957090      -280644.4158728  -280644.4158728

            TERRA                 0.0              0.0       .5191696173124  2.0602223681729                  0.0
                                  0.0              0.0      -1.993734966032      -75.4042910                  0.0

 X0002A               408008.38088253  408008.38189786      .35822847468535  1.4215591433771      73099.908941033  73099.908941033
                      -28.78421097503       -0.0040421      -1.375682651647      -75.4042910      280639.86999142   280639.8699914

            TERRA                 0.0              0.0      -.3582284746853  1.4215591433771                  0.0
                                  0.0              0.0      1.3756826516474      104.5957090                  0.0

 397A                 9751.7767102191  11260.841424946      -.0065009602049  .00650096021438      -31.69894439796  -63.39850000505
                      -5631.110067457      -30.0040502      .35099219531E-6      179.9969066      18.302099830225        0.0010586

            397B      -9752.572728889  11260.841428356       .0065009602049  .00650096021438      -31.69955560709
                      -5629.731329496     -150.0040502      -.3509921953E-6       -0.0030934      -18.30104120713

 X0002A               408008.38088253  408008.38189786      .31077057923E-3  .31077057969E-3      63.398500670898  63.398500670898
                      -28.78421097503       -0.0040421      -.1677881301E-7       -0.0030935       -.001049694795       -0.0010497

            TERRA                 0.0              0.0      -.3107705792E-3  .31077057969E-3                  0.0
                                  0.0              0.0      .16778813006E-7      179.9969065                  0.0

 390B                 -204083.1666556  408148.02078907      -2.170347705218   2.326914826868      73167.393355266  4.0933866542764
                      -353461.2679798     -120.0014842      .83912064088165      158.8620233      469192.12472024      163.7896115

            X0002B    -204029.1182911  408008.38189231      2.1703477052179   2.326914826868      -73163.29996861
                       -353331.230694     -120.0040421      -.8391206408816      -21.1379767      -469028.3351087

 391B                 -140781.7219951  281531.15665452      1.9862099550228  2.0602224174672      -73099.78061965  -73099.78061965
                       -243803.812356     -120.0037938       -.547253528086      -15.4042941      -280644.4266129  -280644.4266129

            TERRA                 0.0              0.0      -1.986209955023  2.0602224174672                  0.0
                                  0.0              0.0        .547253528086      164.5957059                  0.0

 X0002B               -204029.1182911  408008.38189231        -1.3704903732  1.4215591773861      73099.895224025  73099.895224025
                       -353331.230694     -120.0040421      .37760645092203      164.5957059      280639.88072977   280639.8807298

            TERRA                 0.0              0.0      1.3704903731996  1.4215591773861                  0.0
                                  0.0              0.0       -.377606450922      -15.4042941                  0.0

 397B                 -9752.572728889  11260.841428356      .00325161254295  .00650160065666      -31.70371932773  -63.40474554557
                      -5629.731329496     -150.0040502      .00563008232348       59.9917347      18.301041162451       -0.0046646

            397C      .79601245970267  11260.841427774       -.003251612543  .00650160065666      -31.70102621785
                      11260.841399639       89.9959498      -.0056300823235     -120.0082653       -18.3057057618

 X0002B               -204029.1182911  408008.38189231      -.1554394248E-3  .31080119519E-3      63.404746197742  63.404746197742
                       -353331.230694     -120.0040421      -.2691393099E-3     -120.0082654      .00467358395258        0.0046736

            TERRA                 0.0              0.0      .15543942482E-3  .31080119519E-3                  0.0
                                  0.0              0.0      .26913930992E-3       59.9917346                  0.0

 390C                 -204064.8540004  408148.02078695      1.8118736784631  2.3269147960487       73167.37373764  4.0933865458646
                      353471.84079373      119.9985158      1.4600158359974       38.8620210      469192.12141154      163.7896072

            X0002C    -203979.2625953  408008.38189131      -1.811873678463  2.3269147960487      -73163.28035109
                      353360.01489224      119.9959579      -1.460015835997     -141.1379790      -469028.3318044

 391C                 -140749.4340485  281531.15665392      -1.467040541844  2.0602224132071       -73099.7591706   -73099.7591706
                      243822.45380998      119.9962062      -1.446481399973     -135.4042985      -280644.4315795  -280644.4315795

            TERRA                 0.0              0.0      1.4670405418437  2.0602224132071                  0.0
                                  0.0              0.0       1.446481399973       44.5957015                  0.0

 X0002C               -203979.2625953  408008.38189131      1.0122620393813  1.4215591744671      73099.873772407  73099.873772407
                      353360.01489224      119.9959579      .99807617451734       44.5957015      280639.88570131   280639.8857013

            TERRA                 0.0              0.0      -1.012262039381  1.4215591744671                  0.0
                                  0.0              0.0      -.9980761745173     -135.4042985                  0.0

 397C                 .79601245970267  11260.841427774      .00325081651681  .00650178866358      -31.70224862598  -63.40657909203
                      11260.841399639       89.9959498      -.0056307590785      -60.0007918       18.30570568476        0.0036059

            397A      9751.7767102191  11260.841424946      -.0032508165168  .00650178866358      -31.70433046606
                      -5631.110067457      -30.0040502      .00563075907849      119.9992082      -18.30209981358

 X0002C               -203979.2625953  408008.38189131      -.1554013711E-3  .31081018247E-3      63.406579710158  63.406579710158
                      353360.01489224      119.9959579      .26917166156E-3      119.9992081         -.0035968856       -0.0035969

            TERRA                 0.0              0.0       .1554013711E-3  .31081018247E-3                  0.0
                                  0.0              0.0      -.2691716616E-3      -60.0007919                  0.0

 397A                 9751.7767102191  11260.841424946      .00975177671022  .01126084142495      63.403274798893  63.403274798893
                      -5631.110067457      -30.0040502      -.0056311100675      -30.0040502      -.355271368E-14       -0.0000000

            TERRA                 0.0              0.0      -.0097517767102  .01126084142495                  0.0
                                  0.0              0.0      .00563111006746      149.9959498                  0.0

 397B                 -9752.572728889  11260.841428356      -.0097525727289  .01126084142836      63.403274837295  63.403274837295
                      -5629.731329496     -150.0040502      -.0056297313295     -150.0040502      -.355271368E-14       -0.0000000

            TERRA                 0.0              0.0      .00975257272889  .01126084142836                  0.0
                                  0.0              0.0       .0056297313295       29.9959498                  0.0

 397C                 .79601245970267  11260.841427774       .7960124597E-6  .01126084142777      63.403274830733  63.403274830733
                      11260.841399639       89.9959498      .01126084139964       89.9959498                  0.0              0.0

            TERRA                 0.0              0.0      -.7960124597E-6  .01126084142777                  0.0
                                  0.0              0.0      -.0112608413996      -90.0040502                  0.0

 391A                 281531.15604102  281531.15665819      .52926000012785    4.05612685302      74539.072682497  6.0873010676733
                      -18.64146233213       -0.0037938      -4.021448607163      -82.5024334      566076.60457691      243.6401122

            X0003A    281411.65712377  281411.65886903      -.5292600001278    4.05612685302      -74532.98538143
                      -31.34121304661       -0.0063811      4.0214486071631       97.4975666      -565832.9644647

 9098A                112561.28661967  112561.28726993      -1.323353340023  2.0609402537719      -74469.61935527  -74469.61935527
                      -12.09912650384       -0.0061587      -1.579940083378     -129.9494460      88928.049993269    88928.0499933

            TERRA                 0.0              0.0      1.3233533400235  2.0609402537719                  0.0
                                  0.0              0.0      1.5799400833785       50.0505540                  0.0

 X0003A               281411.65712377  281411.65886903      .52932804866077  .82435540829812      74469.638468702  74469.638468702
                      -31.34121304661       -0.0063811      .63196016970323       50.0505540      -88928.77418778   -88928.7741878

            TERRA                 0.0              0.0      -.5293280486608  .82435540829812                  0.0
                                  0.0              0.0      -.6319601697032     -129.9494460                  0.0

 42077A               9747.5539815749   11256.23122846      -.0064983306684  .00649833070755      -31.67342316519  -63.34691169481
                      -5629.203571095      -30.0063948      .71366230259E-6      179.9937076      18.286734871347        0.0001132

            42077B    -9748.810285249  11256.231227413      .00649833066836  .00649833070755      -31.67348852962
                       -5627.02758721     -150.0063948      -.7136623026E-6       -0.0062924      -18.28662165005

 X0003A               281411.65712377  281411.65886903      .45020815915E-3  .45020816187E-3      63.346912833471  63.346912833471
                      -31.34121304661       -0.0063811       -.494426331E-7       -0.0062923      -.9816825919E-4       -0.0000982

            TERRA                 0.0              0.0      -.4502081592E-3  .45020816187E-3                  0.0
                                  0.0              0.0      .49442633099E-7      179.9937077                  0.0

 391B                 -140781.7219951  281531.15665452      -3.747306519263  4.0561267631818      74539.052199376  6.0873007980699
                       -243803.812356     -120.0037938      1.5523717884855      157.4975647      566076.59451128      243.6401014

            X0003B    -140732.9708407  281411.65886759      3.7473065192634  4.0561267631818      -74532.96489858
                      -243693.9733866     -120.0063811      -1.552371788485      -22.5024353      -565832.9544099

 9098B                -56291.12145769  112561.28726928      -.7065920358873  2.0609401367437      -74469.59228333  -74469.59228333
                      -97474.88413305     -120.0061587      1.9360273608763      110.0505687      88928.064071977    88928.0640720

            TERRA                 0.0              0.0       .7065920358873  2.0609401367437                  0.0
                                  0.0              0.0      -1.936027360876      -69.9494313                  0.0

 X0003B               -140732.9708407  281411.65886759      .28262971971708  .82435536150247      74469.611396944  74469.611396944
                      -243693.9733866     -120.0063811      -.7743915053579      -69.9494313       -88928.7882689   -88928.7882689

            TERRA                 0.0              0.0      -.2826297197171  .82435536150247                  0.0
                                  0.0              0.0      .77439150535793      110.0505687                  0.0

 42077B               -9748.810285249  11256.231227413      .00325047962542  .00649900679852      -31.67788223461  -63.35350223028
                       -5627.02758721     -150.0063948      .00562774124955       59.9900616      18.286621626234       -0.0039183

            42077C    1.2563051711501  11256.231227143      -.0032504796254  .00649900679852      -31.67561999567
                      11256.231157035       89.9936052      -.0056277412496     -120.0099384      -18.29053993727

 X0003B               -140732.9708407  281411.65886759      -.2251951344E-3  .45025500184E-3      63.353503368216  63.353503368216
                      -243693.9733866     -120.0063811      -.3898932138E-3     -120.0099384      .00393339820777        0.0039334

            TERRA                 0.0              0.0      .22519513436E-3  .45025500184E-3                  0.0
                                  0.0              0.0      .38989321376E-3       59.9900616                  0.0

 391C                 -140749.4340485  281531.15665392      3.2180467131136  4.0561268720209      74539.062853936  6.0873011247022
                      243822.45380998      119.9962062      2.4690768627462       37.4975656      566076.60856014      243.6401145

            X0003C    -140678.6862845  281411.65886397      -3.218046713114  4.0561268720209      -74532.97555281
                      243725.31458555      119.9936189      -2.469076862746     -142.5024344      -565832.9684457

 9098C                -56270.16516259  112561.28726796      2.0299446526915  2.0609399594032      -74469.60273832  -74469.60273832
                      97486.983254148      119.9938413       -.356087381515       -9.9494421       88928.04229681    88928.0422968

            TERRA                 0.0              0.0      -2.029944652691  2.0609399594032                  0.0
                                  0.0              0.0      .35608738151495      170.0505579                  0.0

 X0003C               -140678.6862845  281411.65886397      -.8119574791199  .82435529059043      74469.621854465  74469.621854465
                      243725.31458555      119.9936189      .14243137725134      170.0505579      -88928.76649559   -88928.7664956

            TERRA                 0.0              0.0      .81195747911988  .82435529059043                  0.0
                                  0.0              0.0      -.1424313772513       -9.9494421                  0.0

 42077C               1.2563051711501  11256.231227143      .00324922331856  .00649902691266      -31.67575072331  -63.35369831453
                      11256.231157035       89.9936052      -.0056284899074      -60.0029535       18.29053992777        0.0038051

            42077A    9747.5539815749   11256.23122846      -.0032492233186  .00649902691266      -31.67794759123
                      -5629.203571095      -30.0063948      .00562848990739      119.9970465      -18.28673484947

 X0003C               -140678.6862845  281411.65886397      -.2251080971E-3  .45025639517E-3      63.353699425675  63.353699425675
                      243725.31458555      119.9936189      .38994508077E-3      119.9970465       -.003790045855       -0.0037900

            TERRA                 0.0              0.0      .22510809708E-3  .45025639517E-3                  0.0
                                  0.0              0.0      -.3899450808E-3      -60.0029535                  0.0

 42077A               9747.5539815749   11256.23122846      .00974755398157  .01125623122846      63.351370734274  63.351370734274
                      -5629.203571095      -30.0063948      -.0056292035711      -30.0063948                  0.0              0.0

            TERRA                 0.0              0.0      -.0097475539816  .01125623122846                  0.0
                                  0.0              0.0       .0056292035711      149.9936052                  0.0

 42077B               -9748.810285249  11256.231227413      -.0097488102852  .01125623122741      63.351370722499  63.351370722499
                       -5627.02758721     -150.0063948      -.0056270275872     -150.0063948      -.355271368E-14       -0.0000000

            TERRA                 0.0              0.0      .00974881028525  .01125623122741                  0.0
                                  0.0              0.0      .00562702758721       29.9936052                  0.0

 42077C               1.2563051711501  11256.231227143      .12563051712E-5  .01125623122714      63.351370719456  63.351370719456
                      11256.231157035       89.9936052      .01125623115704       89.9936052      -.867361738E-18       -0.0000000

            TERRA                 0.0              0.0      -.1256305171E-5  .01125623122714                  0.0
                                  0.0              0.0       -.011256231157      -90.0063948                  0.0

 9049A                112566.51546186  112566.51655745      -1.210859590259  2.4476638235803      -68134.41849957  .10783904747223
                      -15.70523157128       -0.0079939      -2.127175885051     -119.6499779      119733.89699247        4.2955887

            X0004A    112563.50868259  112563.50953986      1.2108595902588  2.4476638235803      68134.526338616
                      -13.89228058699       -0.0070713      2.1271758850509       60.3500221      -119729.6014037

 9098A                112561.28661967  112561.28726993      1.2107920534033  1.9905442209269      68134.597659313  68134.597659313
                      -12.09912650384       -0.0061587      1.5799521824665       52.5353475      -88928.04999111   -88928.0499911

            TERRA                 0.0              0.0      -1.210792053403  1.9905442209269                  0.0
                                  0.0              0.0      -1.579952182467     -127.4646525                  0.0

 X0004A               112563.50868259  112563.50953986      -1.210792053403  1.9905442209384      -68134.52633852  -68134.52633852
                      -13.89228058699       -0.0070713      -1.579952182481     -127.4646525      88930.890936858    88930.8909369

            TERRA                 0.0              0.0      1.2107920534033  1.9905442209384                  0.0
                                  0.0              0.0      1.5799521824811       52.5353475                  0.0

 9049B                -56296.85885658  112566.51655755      -1.236759016869  2.4476638030761       -68134.3914279  .10783904566779
                      -97477.60939202     -120.0079939      2.1122228166273      120.3500347      119733.91106989        4.2955887

            X0004B    -56293.78540574  112563.50953958      1.2367590168695  2.4476638030761      68134.499266946
                      -97475.91191961     -120.0070713      -2.112222816627      -59.6499653      -119729.6154812

 9098B                -56291.12145769  112561.28726928      .76288315733836  1.9905441269689      68134.570586617  68134.570586617
                      -97474.88413305     -120.0061587      -1.838552476722      -67.4646371      -88928.06407105   -88928.0640711

            TERRA                 0.0              0.0      -.7628831573384  1.9905441269689                  0.0
                                  0.0              0.0      1.8385524767218      112.5353629                  0.0

 X0004B               -56293.78540574  112563.50953958      -.7628831573529  1.9905441269812      -68134.49926578  -68134.49926578
                      -97475.91191961     -120.0070713      1.8385524767291      112.5353629       88930.90501663    88930.9050166

            TERRA                 0.0              0.0      .76288315735292  1.9905441269812                  0.0
                                  0.0              0.0      -1.838552476729      -67.4646371                  0.0

 9049C                -56269.65660565  112566.51655511      2.4476178839043  2.4476635587334       -68134.4018851  .10783902414551
                      97493.314616101      119.9920061      .01495296436139        0.3500265      119733.88929266        4.2955878

            X0004C    -56269.72327734   112563.5095377      -2.447617883904  2.4476635587334      68134.509724128
                      97489.804193749      119.9929287      -.0149529643614     -179.6499735      -119729.5937049

 9098C                -56270.16516259  112561.28726796      -1.973674487555   1.990543932905      68134.581044982  68134.581044982
                      97486.983254148      119.9938413      .25860039829422      172.5353519      -88928.04229716   -88928.0422972

            TERRA                 0.0              0.0      1.9736744875554   1.990543932905                  0.0
                                  0.0              0.0      -.2586003982942       -7.4646481                  0.0

 X0004C               -56269.72327734   112563.5095377        1.97367448757  1.9905439329185      -68134.50972426  -68134.50972426
                      97489.804193749      119.9929287      -.2586003982869       -7.4646481      88930.883242188    88930.8832422

            TERRA                 0.0              0.0       -1.97367448757  1.9905439329185                  0.0
                                  0.0              0.0      .25860039828694      172.5353519                  0.0

 9098A                112561.28661967  112561.28726993      .11256128661967  .11256128726993      6335.0216959322  6335.0216959322
                      -12.09912650384       -0.0061587       -.120991265E-4       -0.0061587                  0.0              0.0

            TERRA                 0.0              0.0      -.1125612866197  .11256128726993                  0.0
                                  0.0              0.0      .12099126504E-4      179.9938413                  0.0

 9098B                -56291.12145769  112561.28726928      -.0562911214577  .11256128726928      6335.0216958583  6335.0216958583
                      -97474.88413305     -120.0061587      -.0974748841331     -120.0061587                  0.0              0.0

            TERRA                 0.0              0.0      .05629112145769  .11256128726928                  0.0
                                  0.0              0.0      .09747488413305       59.9938413                  0.0

 9098C                -56270.16516259  112561.28726796      -.0562701651626  .11256128726796        6335.02169571    6335.02169571
                      97486.983254148      119.9938413      .09748698325415      119.9938413                  0.0              0.0

            TERRA                 0.0              0.0      .05627016516259  .11256128726796                  0.0
                                  0.0              0.0      -.0974869832541      -60.0061587                  0.0

 X0005A               408148.02065286   408148.0207898      -.8028252815968  4.7512131191048      -163860.5305111  15.493679190316
                      -10.57282245371       -0.0014842      4.6828941553683       99.7280947      -955652.7461556      239.0194344

            X0014A          408248.29        408248.29      .80282528159676  4.7512131191048      163876.02419032
                                  0.0              0.0      -4.682894155368      -80.2719053      955891.76559005

 X0005B               -204083.1666556  408148.02078907      4.4569180440296   4.751213267812      -163860.5135428   15.49368339678
                      -353461.2679798     -120.0014842      -1.646180143556      -20.2719066      -955652.7798535      239.0194424

            X0014B        -204124.145        408248.29       -4.45691804403   4.751213267812      163876.00722624
                      -353553.3901916     -120.0000000      1.6461801435557      159.7280934      955891.79929593

 X0005C               -204064.8540004  408148.02078695      -3.654092926273  4.7512132094828      -163860.4719927  15.493687419803
                      353471.84079373      119.9985158      -3.036713988528     -140.2719090      -955652.7748955      239.0194428

            X0014C        -204124.145        408248.29      3.6540929262733  4.7512132094828       163875.9656801
                      353553.39019156      120.0000000      3.0367139885282       39.7280910      955891.79433838

 X0006A               112566.51546186  112566.51655745      -.8649172528113  2.0928846086591      -48695.32619268  32.610334353798
                      -15.70523157128       -0.0079939      1.9058027523728      114.4101416      -107257.9956332      111.6229619

            X0013A         112676.528       112676.528      .86491725281126  2.0928846086591      48727.936527036
                                  0.0              0.0      -1.905802752373      -65.5898584       107369.6185951

 X0006B               -56296.85885658  112566.51655755      2.0829322370019  2.0928846256944      -48695.32420922  32.610336408536
                      -97477.60939202     -120.0079939      -.2038611108728       -5.5898596      -107257.9975868      111.6229615

            X0013B         -56338.264       112676.528      -2.082932237002  2.0928846256944      48727.934545626
                      -97580.73565823     -120.0000000      .20386111087281      174.4101404      107369.62054829

 X0006C               -56269.65660565  112566.51655511      -1.218015040216  2.0928846186306      -48695.32246873  32.610337357881
                      97493.314616101      119.9920061      -1.701941652557     -125.5898605      -107257.9979376      111.6229631

            X0013C         -56338.264       112676.528      1.2180150402164  2.0928846186306      48727.932806087
                      97580.735658229      120.0000000      1.7019416525566       54.4101395      107369.62090072

 391A                 281531.15604102  281531.15665819      .92052137274E-3  .00177390767064      129.59185682443  .03398173335708
                      -18.64146233213       -0.0037938      -.0015163735774      -58.7399683        213.444623187        0.0912269

            E001A      281423.3526743  281423.35541338      -.9205213727E-3  .00177390767064      -129.5578750911
                      -39.26424082746       -0.0079939      .00151637357741      121.2600317      -213.3533962444

 391B                 -140781.7219951  281531.15665452       -.001773478694  .00177390763812      129.59185205684  .03398173540921
                       -243803.812356     -120.0037938      -.3900808426E-4     -178.7399689      213.44462072377        0.0912269

            E001B     -140745.6801575  281423.35541361      .00177347869397  .00177390763812      -129.5578703214
                      -243700.1405196     -120.0079939       .3900808426E-4        1.2600311      -213.3533937887

 391C                 -140749.4340485  281531.15665392      .85295732134E-3  .00177390763741       129.5918565797   .0339817374057
                      243822.45380998      119.9962062      .00155538166186       61.2600323      213.44461786004        0.0912269

            E001C     -140677.6725177  281423.35540751      -.8529573213E-3  .00177390763741      -129.5578748423
                      243739.40474167      119.9920061      -.0015553816619     -118.7399677      -213.3533909201

 E001A                 281423.3526743  281423.35541338      .92061927859E-3  .00177409687726      129.57165476568  .15737100512E-9
                      -39.26424082746       -0.0079939      -.0015165354839      -58.7399788      213.37617644999        0.0000000

            ST001A    281423.35267406  281423.35541313      -.9206192786E-3  .00177409687726      -129.5716547655
                      -39.26424076787       -0.0079939      .00151653548386      121.2600212      -213.3761764498

 ST001A               281423.35267406  281423.35541313      .28142335267406  .28142335541313      39599.552485994  39599.552485994
                      -39.26424076787       -0.0079939      -.3926424077E-4       -0.0079939       -.88817842E-15       -0.0000000

            TERRA                 0.0              0.0      -.2814233526741  .28142335541313                  0.0
                                  0.0              0.0      .39264240768E-4      179.9920061                  0.0

 9049A                112566.51546186  112566.51655745      .70127475261688  .70128447887795      39469.998638397  39469.998638397
                      -15.70523157128       -0.0079939      .00369346141815        0.3017616      -213.3868821096     -213.3868821

            TERRA                 0.0              0.0      -.7012747526169  .70128447887795                  0.0
                                  0.0              0.0      -.0036934614182     -179.6982384                  0.0

 ST001A               281423.35267406  281423.35541313      -.2805028259754  .28050671613849      -39469.99385772  -39469.99385772
                      -39.26424076787       -0.0079939      -.0014773011208     -179.6982478      213.38038240402      213.3803824

            TERRA                 0.0              0.0      .28050282597542  .28050671613849                  0.0
                                  0.0              0.0      .00147730112076        0.3017522                  0.0

 E001B                -140745.6801575  281423.35541361      -.0017734419089  .00177386747179      129.53645939693  .15734258341E-9
                      -243700.1405196     -120.0079939      -.3885361366E-4     -178.7449310      213.35978205825        0.0000000

            ST001B    -140745.6801573  281423.35541337      .00177344190888  .00177386747179      -129.5364593968
                      -243700.1405194     -120.0079939       .3885361366E-4        1.2550690      -213.3597820581

 ST001B               -140745.6801573  281423.35541337      -.1407456801573  .28142335541337       39599.55248606   39599.55248606
                      -243700.1405194     -120.0079939      -.2437001405194     -120.0079939      -.363797881E-11       -0.0000000

            TERRA                 0.0              0.0      .14074568015734  .28142335541337                  0.0
                                  0.0              0.0      .24370014051939       59.9920061                  0.0

 9049B                -56296.85885658  112566.51655755      -.3474390506744  .70128425786651      39469.986344836  39469.986344836
                      -97477.60939202     -120.0079939      -.6091680526733     -119.6982775      -213.3599060559     -213.3599061

            TERRA                 0.0              0.0      .34743905067444  .70128425786651                  0.0
                                  0.0              0.0      .60916805267334       60.3017225                  0.0

 ST001B               -140745.6801573  281423.35541337      .13897210359573  .28050662283212      -39469.98083123  -39469.98083123
                      -243700.1405194     -120.0079939      .24366107583046       60.3017246      213.36133553554      213.3613355

            TERRA                 0.0              0.0      -.1389721035957  .28050662283212                  0.0
                                  0.0              0.0      -.2436610758305     -119.6982754                  0.0

 E001C                -140677.6725177  281423.35540751      .85288775153E-3  .00177368261946      129.53614203783   .1573141617E-9
                      243739.40474167      119.9920061      .00155516318046       61.2586092      213.32954474112        0.0000000

            ST001C    -140677.6725176  281423.35540727      -.8528877515E-3  .00177368261946      -129.5361420377
                      243739.40474143      119.9920061      -.0015551631805     -118.7413908       -213.329544741

 ST001C               -140677.6725176  281423.35540727      -.1406776725176  .28142335540727      39599.552484344  39599.552484344
                      243739.40474143      119.9920061      .24373940474143      119.9920061                  0.0              0.0

            TERRA                 0.0              0.0      .14067767251764  .28142335540727                  0.0
                                  0.0              0.0      -.2437394047414      -60.0079939                  0.0

 9049C                -56269.65660565  112566.51655511      -.3538356423378  .70128433596512      39469.990697459  39469.990697459
                      97493.314616101      119.9920061      .60547506809235      120.3017339      -213.3677179959     -213.3677180

            TERRA                 0.0              0.0       .3538356423378  .70128433596512                  0.0
                                  0.0              0.0      -.6054750680923      -59.6982661                  0.0

 ST001C               -140677.6725176  281423.35540727      .14153069257736  .28050666632092      -39469.98691368  -39469.98691368
                      243739.40474143      119.9920061      -.2421839237213      -59.6982657      213.36802557228      213.3680256

            TERRA                 0.0              0.0      -.1415306925774  .28050666632092                  0.0
                                  0.0              0.0      .24218392372131      120.3017343                  0.0

 390A                 408148.02065286   408148.0207898      .02369517953857   .0978506770445      4836.0721970884   .8009760750092
                      -10.57282245371       -0.0014842      -.0949383666633      -75.9861450      19374.327956364        6.5315388

            E002A     408014.52942505   408014.5303195      -.0236951795386   .0978506770445      -4835.271221013
                      -27.01661135101       -0.0037938      .09493836666333      104.0138550      -19367.79641753

 390B                 -204083.1666556  408148.02078907      -.0940666309556  .09785068130243      4836.0722410778  .80097620492052
                      -353461.2679798     -120.0014842      .02694855788392      164.0138545      19374.328840942        6.5315393

            E002B     -204030.6617765  408014.53031419      .09406663095555  .09785068130243      -4835.271264873
                      -353337.4392879     -120.0037938      -.0269485578839      -15.9861455      -19367.79730163

 390C                 -204064.8540004  408148.02078695      .07037145143035  .09785067846196      4836.0714528189  .80097620107244
                      353471.84079373      119.9985158      .06798980878817       44.0138526      19374.328440141        6.5315390

            E002C     -203983.8676523  408014.53031331      -.0703714514303  .09785067846196      -4835.270476618
                      353364.45588715      119.9962062      -.0679898087882     -135.9861474      -19367.79690111

 E002A                408014.52942505   408014.5303195      .02369475495811   .0978504889332      4835.1846023282  .47873618314E-6
                      -27.01661135101       -0.0037938      -.0949382787496      -75.9863737      19367.778488233        0.0000005

            ST002A    408014.52941319  408014.53030764      -.0236947549581   .0978504889332      -4835.184601849
                      -27.01660422666       -0.0037938      .09493827874962      104.0136263      -19367.77848775

 ST002A               408014.52941319  408014.53030764      .40801452941319  .40801453030764      83237.928471081  83237.928471081
                      -27.01660422666       -0.0037938      -.2701660423E-4       -0.0037938                  0.0              0.0

            TERRA                 0.0              0.0      -.4080145294132  .40801453030764                  0.0
                                  0.0              0.0      .27016604227E-4      179.9962062                  0.0

 391A                 281531.15604102  281531.15665819      .55698323249817  .57371695343428       78402.78457602   78402.78457602
                      -18.64146233213       -0.0037938      .13755297660828       13.8722318      -19367.91575168   -19367.9157517

            TERRA                 0.0              0.0      -.5569832324982  .57371695343428                  0.0
                                  0.0              0.0      -.1375529766083     -166.1277682                  0.0

 ST002A               408014.52941319  408014.53030764      -.3843199014664   .3958661597321      -78402.76977462  -78402.76977462
                      -27.01660422666       -0.0037938      -.0949116945267     -166.1277995      19367.866698391    19367.8666984

            TERRA                 0.0              0.0      .38431990146637   .3958661597321                  0.0
                                  0.0              0.0      .09491169452667       13.8722005                  0.0

 E002B                -204030.6617765  408014.53031419      -.0940666359384  .09785084320844        4835.17098635  .47874073061E-6
                      -353337.4392879     -120.0037938      .02694912836887      164.0135342      19367.856380145        0.0000005

            ST002B    -204030.6617644  408014.53030233      .09406663593836  .09785084320844      -4835.170985871
                      -353337.4392812     -120.0037938      -.0269491283689      -15.9864658      -19367.85637967

 ST002B               -204030.6617644  408014.53030233      -.2040306617644  .40801453030233      83237.928468915  83237.928468915
                      -353337.4392812     -120.0037938      -.3533374392812     -120.0037938      .7275957614E-11        0.0000000

            TERRA                 0.0              0.0      .20403066176445  .40801453030233                  0.0
                                  0.0              0.0      .35333743928119       59.9962062                  0.0

 391B                 -140781.7219951  281531.15665452      -.1593673229218  .57371667545835      78402.752069776  78402.752069776
                       -243803.812356     -120.0037938       -.551137804985     -106.1277844      -19367.88417455   -19367.8841746

            TERRA                 0.0              0.0      .15936732292175  .57371667545835                  0.0
                                  0.0              0.0      .55113780498505       73.8722156                  0.0

 ST002B               -204030.6617644  408014.53030233      .10996389389038  .39586594439715      -78402.72414912  -78402.72414912
                      -353337.4392812     -120.0037938      .38028645515442       73.8722093      19367.868212298    19367.8682123

            TERRA                 0.0              0.0      -.1099638938904  .39586594439715                  0.0
                                  0.0              0.0      -.3802864551544     -106.1277907                  0.0

 E002C                -203983.8676523  408014.53031331       .0703711702954  .09785033387938      4835.2629410287  .47873527365E-6
                      353364.45588715      119.9962062      .06798960384913       44.0138807      19367.726327433        0.0000005

            ST002C    -203983.8676525  408014.53030145      -.0703711702954  .09785033387938       -4835.26294055
                      353364.45587331      119.9962062      -.0679896038491     -135.9861193      -19367.72632695

 ST002C               -203983.8676525  408014.53030145      -.2039838676525  .40801453030145      83237.928468556  83237.928468556
                      353364.45587331      119.9962062      .35336445587331      119.9962062      .7275957614E-11        0.0000000

            TERRA                 0.0              0.0       .2039838676525  .40801453030145                  0.0
                                  0.0              0.0      -.3533644558733      -60.0037938                  0.0

 391C                 -140749.4340485  281531.15665392      -.3976160287857  .57371684236832      78402.763899752  78402.763899752
                      243822.45380998      119.9962062      .41358494758606      133.8722480       -19367.9342545   -19367.9342545

            TERRA                 0.0              0.0      .39761602878571  .57371684236832                  0.0
                                  0.0              0.0      -.4135849475861      -46.1277520                  0.0

 ST002C               -203983.8676525  408014.53030145      .27435612678528  .39586627331287      -78402.78149467  -78402.78149467
                      353364.45587331      119.9962062       -.285374879837      -46.1277676      19367.915868481    19367.9158685

            TERRA                 0.0              0.0      -.2743561267853  .39586627331287                  0.0
                                  0.0              0.0      .28537487983704      133.8722324                  0.0

 390A                 408148.02065286   408148.0207898      .02850382076487  .06654875755367      5817.2069136978  2.7360736112823
                      -10.57282245371       -0.0014842      -.0601354249485      -64.6393366      12271.926649015        9.3717614

            E003A     407858.29318022  407858.29714993      -.0285038207649  .06654875755367      -5814.470840087
                      -56.90479284471       -0.0079940      .06013542494854      115.3606634      -12262.55488758

 390B                 -204083.1666556  408148.02078907      -.0663307166273  .06654875819246      5817.2068220795  2.7360738866819
                      -353461.2679798     -120.0014842      .00538268043498      175.3606627      12271.926836683        9.3717613

            E003B     -203978.4275723  407858.29715027      .06633071662732  .06654875819246      -5814.470748193
                      -353187.1906503     -120.0079940       -.005382680435       -4.6393373      -12262.55507534

 390C                 -204064.8540004  408148.02078695        .037826895976   .0665487573047      5817.2067062176  2.7360739344231
                      353471.84079373      119.9985158      .05475274458527       55.3606625      12271.926691032        9.3717614

            E003C     -203879.8656092  407858.29714143       -.037826895976   .0665487573047      -5814.470632283
                        353244.095416      119.9920060      -.0547527445853     -124.6393375      -12262.55492961

 E003A                407858.29318022  407858.29714993      .02850359074102  .06654830693131      5814.4239204341  .22143376555E-6
                      -56.90479284471       -0.0079940       -.060135035298      -64.6393719      12262.475433025        0.0000002

            ST003A    407858.29317136  407858.29714106       -.028503590741  .06654830693131      -5814.423920213
                      -56.90478968157       -0.0079940        .060135035298      115.3606281       -12262.4754328

 ST003A               407858.29317136  407858.29714106      .40785829317136  .40785829714106      83174.195273403  83174.195273403
                      -56.90478968157       -0.0079940      -.5690478968E-4       -0.0079940                  0.0              0.0

            TERRA                 0.0              0.0      -.4078582931714  .40785829714106                  0.0
                                  0.0              0.0      .56904789682E-4      179.9920060                  0.0

 9049A                112566.51546186  112566.51655745      1.3745014667511  1.3916316678534      77359.710950275  77359.710950275
                      -15.70523157128       -0.0079939      .21767961978912        8.9991857      -12262.51157528   -12262.5115753

            TERRA                 0.0              0.0      -1.374501466751  1.3916316678534                  0.0
                                  0.0              0.0      -.2176796197891     -171.0008143                  0.0

 ST003A               407858.29317136  407858.29714106      -.3793544769287  .38408231415521      -77359.72536136  -77359.72536136
                      -56.90478968157       -0.0079940      -.0600783228874     -171.0008138      12262.514658093    12262.5146581

            TERRA                 0.0              0.0      .37935447692871  .38408231415521                  0.0
                                  0.0              0.0      .06007832288742        8.9991862                  0.0

 E003B                -203978.4275723  407858.29715027      -.0663305399939  .06654856450312      5814.4912362506  .22143558454E-6
                      -353187.1906503     -120.0079940      .00538246240467      175.3608375      12262.501646274        0.0000002

            ST003B    -203978.4275651  407858.29714141      .06633053999394  .06654856450312      -5814.491236029
                      -353187.1906442     -120.0079940      -.0053824624047       -4.6391625      -12262.50164605

 ST003B               -203978.4275651  407858.29714141      -.2039784275651  .40785829714141      83174.195273544  83174.195273544
                      -353187.1906442     -120.0079940      -.3531871906442     -120.0079940      -.727595761E-11       -0.0000000

            TERRA                 0.0              0.0      .20397842756514  .40785829714141                  0.0
                                  0.0              0.0       .3531871906442       59.9920060                  0.0

 9049B                -56296.85885658  112566.51655755      -.4987345933914  1.3916313935547      77359.696070348  77359.696070348
                      -97477.60939202     -120.0079939      -1.299192726612     -111.0008161      -12262.50683634   -12262.5068363

            TERRA                 0.0              0.0      .49873459339142  1.3916313935547                  0.0
                                  0.0              0.0      1.2991927266121       68.9991839                  0.0

 ST003B               -203978.4275651  407858.29714141      .13764789700508  .38408227270097      -77359.71794381  -77359.71794381
                      -353187.1906442     -120.0079940      .35856972634792       68.9991818      12262.507455803    12262.5074558

            TERRA                 0.0              0.0      -.1376478970051  .38408227270097                  0.0
                                  0.0              0.0      -.3585697263479     -111.0008182                  0.0

 E003C                -203879.8656092  407858.29714143      .03782668500207  .06654851816571      5814.4665456257  .22143467504E-6
                        353244.095416      119.9920060       .0547525996808       55.3607411       12262.50289541        0.0000002

            ST003C    -203879.8656075  407858.29713257      -.0378266850021  .06654851816571      -5814.466545404
                      353244.09540674      119.9920060      -.0547525996808     -124.6392589      -12262.50289519

 ST003C               -203879.8656075  407858.29713257      -.2038798656075  .40785829713257      83174.195269938  83174.195269938
                      353244.09540674      119.9920060      .35324409540674      119.9920060      -.727595761E-11       -0.0000000

            TERRA                 0.0              0.0      .20387986560755  .40785829713257                  0.0
                                  0.0              0.0      -.3532440954067      -60.0079940                  0.0

 9049C                -56269.65660565  112566.51655511       -.875766813755  1.3916318739676      77359.723880518  77359.723880518
                      97493.314616101      119.9920061      1.0815136432648      128.9991788      -12262.50409146   -12262.5040915

            TERRA                 0.0              0.0      .87576681375504  1.3916318739676                  0.0
                                  0.0              0.0      -1.081513643265      -51.0008212                  0.0

 ST003C               -203879.8656075  407858.29713257      .24170657992363  .38408232606681      -77359.72857606  -77359.72857606
                      353244.09540674      119.9920060      -.2984914779663      -51.0008177      12262.509883105    12262.5098831

            TERRA                 0.0              0.0      -.2417065799236  .38408232606681                  0.0
                                  0.0              0.0      .29849147796631      128.9991823                  0.0

 XX0021               -56269.65660565  112566.51655511      .72759576142E-8  .16269535827E-7       -.914065043E-3  .1084202172E-18
                      97493.314616101      119.9920061      -.1455191523E-7      -63.4349488      -.5473702402E-4              0.0

            MEASUC    -56269.65660565  112566.51655511      -.7275957614E-8  .16269535827E-7      .91406504303E-3
                      97493.314616101      119.9920061      .14551915228E-7      116.5650512      .54737024021E-4

 XX0023               -56296.85885658  112566.51655755      .72759576142E-8  .16269535827E-7      -.9140497337E-3  .1084202172E-18
                      -97477.60939202     -120.0079939      .14551915228E-7       63.4349488      .54992081718E-4              0.0

            MEASUB    -56296.85885658  112566.51655755      -.7275957614E-8  .16269535827E-7      .91404973369E-3
                      -97477.60939202     -120.0079939      -.1455191523E-7     -116.5650512      -.5499208172E-4

 XX0025               112566.51546186  112566.51655745      -.1455191523E-7  .14551915337E-7      -.8190292092E-3  .1084202172E-18
                      -15.70523157128       -0.0079939      .1776356839E-11      179.9930059       .1429144942E-7              0.0

            MEASUA    112566.51546186  112566.51655745      .14551915228E-7  .14551915337E-7      .81902920923E-3
                      -15.70523157128       -0.0079939      -.177635684E-11       -0.0069941      -.1429144942E-7

 X0001A               407994.12452676  407994.12591874      -.7627883641E-4  .92342155553893      -.177635684E-14  -.177635684E-14
                       -33.7021775157       -0.0047329      -.9234215523884      -90.0047329      188375.28520331   188375.2852033

            TERRA                 0.0              0.0      .76278836409E-4  .92342155553893                  0.0
                                  0.0              0.0      .92342155238844       89.9952671                  0.0

 X0001B                -204026.249196  407994.12591265      -.7996683833484  .92342155552514      .1455191523E-10  .1455191523E-10
                      -353316.4253445     -120.0047329      .46177683558343      149.9952671      188375.28519769   188375.2851977

            TERRA                 0.0              0.0      .79966838334838  .92342155552514                  0.0
                                  0.0              0.0      -.4617768355834      -30.0047329                  0.0

 X0001C               -203967.8753349  407994.12591107      .79974466215113  .92342155552156                  0.0              0.0
                      353350.12750715      119.9952671      .46164471681439       29.9952671      188375.28519623   188375.2851962

            TERRA                 0.0              0.0      -.7997446621511  .92342155552156                  0.0
                                  0.0              0.0      -.4616447168144     -150.0047329                  0.0

 X0002A               408008.38088253  408008.38189786      -.6514790088E-4  .92345382139175                  0.0              0.0
                      -28.78421097503       -0.0040421      -.9234538190937      -90.0040421      188388.44971172   188388.4497117

            TERRA                 0.0              0.0      .65147900876E-4  .92345382139175                  0.0
                                  0.0              0.0      .92345381909372       89.9959579                  0.0

 X0002B               -204029.1182911  408008.38189231      -.7997018926026  .92345382137917                  0.0              0.0
                       -353331.230694     -120.0040421      .46178332926566      149.9959579      188388.44970659   188388.4497066

            TERRA                 0.0              0.0      .79970189260256  .92345382137917                  0.0
                                  0.0              0.0      -.4617833292657      -30.0040421                  0.0

 X0002C               -203979.2625953  408008.38189131      .79976704047459  .92345382137691                  0.0              0.0
                      353360.01489224      119.9959579      .46167048983679       29.9959579      188388.44970567   188388.4497057

            TERRA                 0.0              0.0      -.7997670404746  .92345382137691                  0.0
                                  0.0              0.0      -.4616704898368     -150.0040421                  0.0

 X0003A               281411.65712377  281411.65886903      -.5182566913E-3   4.653408756303                  0.0              0.0
                      -31.34121304661       -0.0063811      -4.653408727444      -90.0063811      654761.73875344   654761.7387534

            TERRA                 0.0              0.0      .51825669132E-3   4.653408756303                  0.0
                                  0.0              0.0      4.6534087274435       89.9936189                  0.0

 X0003B               -140732.9708407  281411.65886759      -4.029711043861  4.6534087562792      .5820766091E-10  .5820766091E-10
                      -243693.9733866     -120.0063811      2.3271531870513      149.9936189      654761.73874674   654761.7387467

            TERRA                 0.0              0.0      4.0297110438606  4.6534087562792                  0.0
                                  0.0              0.0      -2.327153187051      -30.0063811                  0.0

 X0003C               -140678.6862845  281411.65886397      4.0302293003182  4.6534087562193                  0.0              0.0
                      243725.31458555      119.9936189      2.3262555404158       29.9936189       654761.7387299   654761.7387299

            TERRA                 0.0              0.0      -4.030229300318  4.6534087562193                  0.0
                                  0.0              0.0      -2.326255540416     -150.0063811                  0.0

 X0004A               112563.50868259  112563.50953986      -.6753685371E-4  .54722370670185                  0.0              0.0
                      -13.89228058699       -0.0070713      -.5472237025342      -90.0070713      30798.710464886    30798.7104649

            TERRA                 0.0              0.0      .67536853714E-4  .54722370670185                  0.0
                                  0.0              0.0      .54722370253424       89.9929287                  0.0

 X0004B               -56293.78540574  112563.50953958      -.4738758595289  .54722370670048      .1818989404E-11  .1818989404E-11
                      -97475.91191961     -120.0070713       .2736703398813      149.9929287      30798.710464732    30798.7104647

            TERRA                 0.0              0.0      .47387585952892  .54722370670048                  0.0
                                  0.0              0.0      -.2736703398813      -30.0070713                  0.0

 X0004C               -56269.72327734   112563.5095377      .47394339635128  .54722370669135                  0.0              0.0
                      97489.804193749      119.9929287      .27355336265533       29.9929287      30798.710463704    30798.7104637

            TERRA                 0.0              0.0      -.4739433963513  .54722370669135                  0.0
                                  0.0              0.0      -.2735533626553     -150.0070713                  0.0

     Total network loss  P-loss  by summing injections =   6.378115878062E+05

Output for steady-state phasor switch currents.
      Node-K    Node-M            I-real            I-imag            I-magn          Degrees        Power            Reactive
      X0005A    390A          8.02825282E-01   -4.68289416E+00    4.75121312E+00     -80.2719    1.63860531E+05    9.55652746E+05
      X0005B    390B         -4.45691804E+00    1.64618014E+00    4.75121327E+00     159.7281    1.63860514E+05    9.55652780E+05
      X0005C    390C          3.65409293E+00    3.03671399E+00    4.75121321E+00      39.7281    1.63860472E+05    9.55652775E+05
      X0006A    9049A         8.64917253E-01   -1.90580275E+00    2.09288461E+00     -65.5899    4.86953262E+04    1.07257996E+05
      X0006B    9049B        -2.08293224E+00    2.03861111E-01    2.09288463E+00     174.4101    4.86953242E+04    1.07257998E+05
      X0006C    9049C         1.21801504E+00    1.70194165E+00    2.09288462E+00      54.4101    4.86953225E+04    1.07257998E+05
      XX0020    XX0021            Open              Open              Open             Open          Open              Open
      XX0022    XX0023            Open              Open              Open             Open          Open              Open
      XX0024    XX0025            Open              Open              Open             Open          Open              Open
      T_OPOA    X0007A        0.00000000E+00    0.00000000E+00    0.00000000E+00       0.0000    0.00000000E+00    0.00000000E+00
      T_OPOB    X0007B        0.00000000E+00    0.00000000E+00    0.00000000E+00       0.0000    0.00000000E+00    0.00000000E+00
      T_OPOC    X0007C        0.00000000E+00    0.00000000E+00    0.00000000E+00       0.0000    0.00000000E+00    0.00000000E+00
      X0015A                  0.00000000E+00    0.00000000E+00    0.00000000E+00       0.0000    0.00000000E+00    0.00000000E+00
      X0015B                  0.00000000E+00    0.00000000E+00    0.00000000E+00       0.0000    0.00000000E+00    0.00000000E+00
      X0015C                  0.00000000E+00    0.00000000E+00    0.00000000E+00       0.0000    0.00000000E+00    0.00000000E+00
      X0009A                  0.00000000E+00    0.00000000E+00    0.00000000E+00       0.0000    0.00000000E+00    0.00000000E+00
      X0009B                  0.00000000E+00    0.00000000E+00    0.00000000E+00       0.0000    0.00000000E+00    0.00000000E+00
      X0009C                  0.00000000E+00    0.00000000E+00    0.00000000E+00       0.0000    0.00000000E+00    0.00000000E+00
      X0008A                  0.00000000E+00    0.00000000E+00    0.00000000E+00       0.0000    0.00000000E+00    0.00000000E+00
      X0008B                  0.00000000E+00    0.00000000E+00    0.00000000E+00       0.0000    0.00000000E+00    0.00000000E+00
      X0008C                  0.00000000E+00    0.00000000E+00    0.00000000E+00       0.0000    0.00000000E+00    0.00000000E+00
      T_MANA    X0010A        0.00000000E+00    0.00000000E+00    0.00000000E+00       0.0000    0.00000000E+00    0.00000000E+00
      T_MANB    X0010B        0.00000000E+00    0.00000000E+00    0.00000000E+00       0.0000    0.00000000E+00    0.00000000E+00
      T_MANC    X0010C        0.00000000E+00    0.00000000E+00    0.00000000E+00       0.0000    0.00000000E+00    0.00000000E+00
      X0016A                  0.00000000E+00    0.00000000E+00    0.00000000E+00       0.0000    0.00000000E+00    0.00000000E+00
      X0016B                  0.00000000E+00    0.00000000E+00    0.00000000E+00       0.0000    0.00000000E+00    0.00000000E+00
      X0016C                  0.00000000E+00    0.00000000E+00    0.00000000E+00       0.0000    0.00000000E+00    0.00000000E+00
      X0012A                  0.00000000E+00    0.00000000E+00    0.00000000E+00       0.0000    0.00000000E+00    0.00000000E+00
      X0012B                  0.00000000E+00    0.00000000E+00    0.00000000E+00       0.0000    0.00000000E+00    0.00000000E+00
      X0012C                  0.00000000E+00    0.00000000E+00    0.00000000E+00       0.0000    0.00000000E+00    0.00000000E+00
      X0011A                  0.00000000E+00    0.00000000E+00    0.00000000E+00       0.0000    0.00000000E+00    0.00000000E+00
      X0011B                  0.00000000E+00    0.00000000E+00    0.00000000E+00       0.0000    0.00000000E+00    0.00000000E+00
      X0011C                  0.00000000E+00    0.00000000E+00    0.00000000E+00       0.0000    0.00000000E+00    0.00000000E+00
      9049A     MEASUA        4.95451047E-07   -2.56274291E-08    4.96113400E-07      -2.9610    2.78858002E-02    1.43850461E-03
      9049B     MEASUB        4.73645287E-07   -7.21746005E-07    8.63282777E-07     -56.7251    2.18446667E-02   -4.34009216E-02
      9049C     MEASUC       -1.53722567E-07    1.62383003E-07    2.23604265E-07     133.4306    1.22405866E-02   -2.92484339E-03

Solution at nodes with known voltage.   Nodes that are shorted together by switches are shown as a group of names, with the printed
result applying to the composite group.   The entry "MVA" is  SQRT( P**2 + Q**2 )  in units of power,  while  "P.F."  is the
associated power factor.
              Node                Source  node  voltage             Injected  source  current              Injected  source  power
              name         Rectangular            Polar          Rectangular            Polar            P  and  Q    MVA and P.F.

               X0011C
               TERRA
               X0011B
               X0011A
               X0012C
               X0012B
               X0012A
               X0016C
               X0016B
               X0016A
               X0008C
               X0008B
              X0015A              0.0              0.0      .68888766691E-6  .88069059276E-6                  0.0              0.0
                                  0.0              0.0      -.5486799637E-6      -38.5363517                  0.0              0.0

              X0014A        408248.29        408248.29       .8028252815966  4.7512131191039      163876.02419029  969837.31564987
                                  0.0              0.0      -4.682894155367      -80.2719053      955891.76558987        0.1689727

              X0014B      -204124.145        408248.29       -4.45691804403  4.7512132678127       163876.0072261  969837.34600492
                      -353553.3901916     -120.0000000      1.6461801435566      159.7280934      955891.79929608        0.1689727

              X0014C      -204124.145        408248.29      3.6540929262756  4.7512132094858      163875.96568022  969837.33409899
                      353553.39019156      120.0000000      3.0367139885302       39.7280910      955891.79433899        0.1689726

              X0013A       112676.528       112676.528      .86491725281149  2.0928846086592      48727.936527049  117909.48560418
                                  0.0              0.0      -1.905802752373      -65.5898584      107369.61859511        0.4132656

              X0013B       -56338.264       112676.528      -2.082932237002  2.0928846256943      48727.934545632  117909.48656391
                      -97580.73565823     -120.0000000      .20386111087265      174.4101404      107369.62054828        0.4132656

              X0013C       -56338.264       112676.528       1.218015040216  2.0928846186303      48727.932806097  117909.48616593
                      97580.735658229      120.0000000      1.7019416525566       54.4101395      107369.62090069        0.4132656

  ---- Initial flux of coil  "X0001A"  to  "      "  =  -8.93978024E-02
  ---- Initial flux of coil  "X0001B"  to  "      "  =  -9.37200926E+02
   Warning.  Preceding flux exceeds the 1st segment.  This means that the steady state solution is not really sinusoidal.
  ---- Initial flux of coil  "X0001C"  to  "      "  =  9.37290324E+02
   Warning.  Preceding flux exceeds the 1st segment.  This means that the steady state solution is not really sinusoidal.
  ---- Initial flux of coil  "X0002A"  to  "      "  =  -7.63524910E-02
  ---- Initial flux of coil  "X0002B"  to  "      "  =  -9.37240199E+02
   Warning.  Preceding flux exceeds the 1st segment.  This means that the steady state solution is not really sinusoidal.
  ---- Initial flux of coil  "X0002C"  to  "      "  =  9.37316551E+02
   Warning.  Preceding flux exceeds the 1st segment.  This means that the steady state solution is not really sinusoidal.
  ---- Initial flux of coil  "X0003A"  to  "      "  =  -8.31351496E-02
  ---- Initial flux of coil  "X0003B"  to  "      "  =  -6.46418341E+02
   Warning.  Preceding flux exceeds the 1st segment.  This means that the steady state solution is not really sinusoidal.
  ---- Initial flux of coil  "X0003C"  to  "      "  =  6.46501476E+02
   Warning.  Preceding flux exceeds the 1st segment.  This means that the steady state solution is not really sinusoidal.
  ---- Initial flux of coil  "X0004A"  to  "      "  =  -3.68504188E-02
  ---- Initial flux of coil  "X0004B"  to  "      "  =  -2.58562887E+02
   Warning.  Preceding flux exceeds the 1st segment.  This means that the steady state solution is not really sinusoidal.
  ---- Initial flux of coil  "X0004C"  to  "      "  =  2.58599737E+02
   Warning.  Preceding flux exceeds the 1st segment.  This means that the steady state solution is not really sinusoidal.

  +++  Node  "X0011B"  has no connected linear branches.  Add (to ground) the conductance  G = 1.00000000E-16  mhos.
  +++  Node  "X0011A"  has no connected linear branches.  Add (to ground) the conductance  G = 1.00000000E-16  mhos.
  +++  Node  "X0012C"  has no connected linear branches.  Add (to ground) the conductance  G = 1.00000000E-16  mhos.
  +++  Node  "X0012B"  has no connected linear branches.  Add (to ground) the conductance  G = 1.00000000E-16  mhos.
  +++  Node  "X0012A"  has no connected linear branches.  Add (to ground) the conductance  G = 1.00000000E-16  mhos.
  +++  Node  "X0016C"  has no connected linear branches.  Add (to ground) the conductance  G = 1.00000000E-16  mhos.
  +++  Node  "X0016B"  has no connected linear branches.  Add (to ground) the conductance  G = 1.00000000E-16  mhos.
  +++  Node  "X0016A"  has no connected linear branches.  Add (to ground) the conductance  G = 1.00000000E-16  mhos.
  +++  Node  "X0008C"  has no connected linear branches.  Add (to ground) the conductance  G = 1.00000000E-16  mhos.
  +++  Node  "X0008B"  has no connected linear branches.  Add (to ground) the conductance  G = 1.00000000E-16  mhos.
  +++  Node  "X0008A"  has no connected linear branches.  Add (to ground) the conductance  G = 1.00000000E-16  mhos.
  +++  Node  "X0009C"  has no connected linear branches.  Add (to ground) the conductance  G = 1.00000000E-16  mhos.
  +++  Node  "X0009B"  has no connected linear branches.  Add (to ground) the conductance  G = 1.00000000E-16  mhos.
  +++  Node  "X0009A"  has no connected linear branches.  Add (to ground) the conductance  G = 1.00000000E-16  mhos.
  +++  Node  "X0015C"  has no connected linear branches.  Add (to ground) the conductance  G = 1.00000000E-16  mhos.
  +++  Node  "X0015B"  has no connected linear branches.  Add (to ground) the conductance  G = 1.00000000E-16  mhos.
  +++  Node  "X0015A"  has no connected linear branches.  Add (to ground) the conductance  G = 1.00000000E-16  mhos.
  +++  Node  "X0011C"  has no connected linear branches.  Add (to ground) the conductance  G = 1.00000000E-16  mhos.
  +++  Node  "X0010C"  has no connected linear branches.  Add (to ground) the conductance  G = 1.00000000E-16  mhos.
  +++  Node  "X0010B"  has no connected linear branches.  Add (to ground) the conductance  G = 1.00000000E-16  mhos.
  +++  Node  "X0010A"  has no connected linear branches.  Add (to ground) the conductance  G = 1.00000000E-16  mhos.
  +++  Node  "X0007C"  has no connected linear branches.  Add (to ground) the conductance  G = 1.00000000E-16  mhos.
  +++  Node  "X0007B"  has no connected linear branches.  Add (to ground) the conductance  G = 1.00000000E-16  mhos.
  +++  Node  "X0007A"  has no connected linear branches.  Add (to ground) the conductance  G = 1.00000000E-16  mhos.

Card of names for time-step loop output.          |  9049A 9049B 9049C T_MANAT_MANBT_MANC1_2LTC1_2LTA1_2LTBT_OPOAT_OPOBT_OPOC
Output voltage differences for pairs of A6 names  |-5T_MANAT_MANCT_MANBT_MANAT_MANCT_MANB1_2LTC1_2LTB1_2LTA1_2LTC1_2LTB1_2LTA
Output voltage differences for pairs of A6 names  |-5T_OPOAT_OPOCT_OPOBT_OPOAT_OPOCT_OPOB
Blank card ending requests for output variables.  |BLANK OUTPUT

Column headings for the  42   EMTP output variables follow.  These are divided among the 5 possible classes as follows ....
  First  30     output variables are electric-network voltage differences (upper voltage minus lower voltage);
  Next   12     output variables are branch currents (flowing from the upper node to the lower node);
Branch power  consumption (power  flow, if a switch) is treated like a branch voltage for this grouping (9  variables);
Branch energy consumption (energy flow, if a switch) is treated like a branch current for this grouping (9  variables).
   Step      Time      XX0021     XX0023     XX0025     TERRA      TERRA      TERRA      TERRA      TERRA      TERRA      9049A
                       MEASUC     MEASUB     MEASUA     PRMANA     PRMANB     PRMANC     PROPOA     PROPOB     PROPOC

                       9049B      9049C      T_MANA     T_MANB     T_MANC     1_2LTC     1_2LTA     1_2LTB     T_OPOA     T_OPOB
 

                       T_OPOC     T_MANA     T_MANB     T_MANC     1_2LTC     1_2LTA     1_2LTB     T_OPOA     T_OPOB     T_OPOC
                                  T_MANC     T_MANA     T_MANB     1_2LTB     1_2LTC     1_2LTA     T_OPOC     T_OPOA     T_OPOB

                       XX0020     XX0022     XX0024     TERRA      TERRA      TERRA      TERRA      TERRA      TERRA      XX0021
                       XX0021     XX0023     XX0025     PRMANA     PRMANB     PRMANC     PROPOA     PROPOB     PROPOC     MEASUC

                       XX0023     XX0025
                       MEASUB     MEASUA
 ***      Phasor I(0) =  8.0282528E-01                     Switch  "X0005A"  to  "390A  "  closed in the steady-state.
 ***      Phasor I(0) = -4.4569180E+00                     Switch  "X0005B"  to  "390B  "  closed in the steady-state.
 ***      Phasor I(0) =  3.6540929E+00                     Switch  "X0005C"  to  "390C  "  closed in the steady-state.
 ***      Phasor I(0) =  8.6491725E-01                     Switch  "X0006A"  to  "9049A "  closed in the steady-state.
 ***      Phasor I(0) = -2.0829322E+00                     Switch  "X0006B"  to  "9049B "  closed in the steady-state.
 ***      Phasor I(0) =  1.2180150E+00                     Switch  "X0006C"  to  "9049C "  closed in the steady-state.
 ***      Phasor I(0) =  0.0000000E+00                     Switch  "T_OPOA"  to  "X0007A"  closed in the steady-state.
 ***      Phasor I(0) =  0.0000000E+00                     Switch  "T_OPOB"  to  "X0007B"  closed in the steady-state.
 ***      Phasor I(0) =  0.0000000E+00                     Switch  "T_OPOC"  to  "X0007C"  closed in the steady-state.
 ***      Phasor I(0) =  0.0000000E+00                     Switch  "X0015A"  to  "      "  closed in the steady-state.
 ***      Phasor I(0) =  0.0000000E+00                     Switch  "X0015B"  to  "      "  closed in the steady-state.
 ***      Phasor I(0) =  0.0000000E+00                     Switch  "X0015C"  to  "      "  closed in the steady-state.
 ***      Phasor I(0) =  0.0000000E+00                     Switch  "X0009A"  to  "      "  closed in the steady-state.
 ***      Phasor I(0) =  0.0000000E+00                     Switch  "X0009B"  to  "      "  closed in the steady-state.
 ***      Phasor I(0) =  0.0000000E+00                     Switch  "X0009C"  to  "      "  closed in the steady-state.
 ***      Phasor I(0) =  0.0000000E+00                     Switch  "X0008A"  to  "      "  closed in the steady-state.
 ***      Phasor I(0) =  0.0000000E+00                     Switch  "X0008B"  to  "      "  closed in the steady-state.
 ***      Phasor I(0) =  0.0000000E+00                     Switch  "X0008C"  to  "      "  closed in the steady-state.
 ***      Phasor I(0) =  0.0000000E+00                     Switch  "T_MANA"  to  "X0010A"  closed in the steady-state.
 ***      Phasor I(0) =  0.0000000E+00                     Switch  "T_MANB"  to  "X0010B"  closed in the steady-state.
 ***      Phasor I(0) =  0.0000000E+00                     Switch  "T_MANC"  to  "X0010C"  closed in the steady-state.
 ***      Phasor I(0) =  0.0000000E+00                     Switch  "X0016A"  to  "      "  closed in the steady-state.
 ***      Phasor I(0) =  0.0000000E+00                     Switch  "X0016B"  to  "      "  closed in the steady-state.
 ***      Phasor I(0) =  0.0000000E+00                     Switch  "X0016C"  to  "      "  closed in the steady-state.
 ***      Phasor I(0) =  0.0000000E+00                     Switch  "X0012A"  to  "      "  closed in the steady-state.
 ***      Phasor I(0) =  0.0000000E+00                     Switch  "X0012B"  to  "      "  closed in the steady-state.
 ***      Phasor I(0) =  0.0000000E+00                     Switch  "X0012C"  to  "      "  closed in the steady-state.
 ***      Phasor I(0) =  0.0000000E+00                     Switch  "X0011A"  to  "      "  closed in the steady-state.
 ***      Phasor I(0) =  0.0000000E+00                     Switch  "X0011B"  to  "      "  closed in the steady-state.
 ***      Phasor I(0) =  0.0000000E+00                     Switch  "X0011C"  to  "      "  closed in the steady-state.
 ***      Phasor I(0) =  4.9545105E-07                     Switch  "9049A "  to  "MEASUA"  closed in the steady-state.
 ***      Phasor I(0) =  4.7364529E-07                     Switch  "9049B "  to  "MEASUB"  closed in the steady-state.
 ***      Phasor I(0) = -1.5372257E-07                     Switch  "9049C "  to  "MEASUC"  closed in the steady-state.
      0       0.0   .5294E-19  .5294E-19 .21176E-18        0.0        0.0        0.0        0.0        0.0        0.0 112566.515
                   -56296.859 -56269.657        0.0        0.0        0.0        0.0        0.0        0.0        0.0        0.0
                          0.0        0.0        0.0        0.0        0.0        0.0        0.0        0.0        0.0        0.0
                          0.0        0.0        0.0        0.0        0.0        0.0        0.0        0.0        0.0        0.0
                          0.0        0.0
    500      .005         0.0        0.0        0.0        0.0        0.0        0.0        0.0        0.0        0.0  -34780.45
                   110078.858 -75281.267        0.0        0.0        0.0        0.0        0.0        0.0        0.0        0.0
                          0.0        0.0        0.0        0.0        0.0        0.0        0.0        0.0        0.0        0.0
                          0.0        0.0        0.0        0.0        0.0        0.0        0.0        0.0        0.0  .2647E-24
                    .2647E-24 .10588E-23
   1000       .01         0.0        0.0        0.0        0.0        0.0        0.0        0.0        0.0        0.0 -91114.547
                   -11785.329 102900.888        0.0        0.0        0.0        0.0        0.0        0.0        0.0        0.0
                          0.0        0.0        0.0        0.0        0.0        0.0        0.0        0.0        0.0        0.0
                          0.0        0.0        0.0        0.0        0.0        0.0        0.0        0.0        0.0  .2647E-24
                    .2647E-24 .10588E-23
   1500      .015         0.0        0.0        0.0        0.0        0.0        0.0        0.0        0.0        0.0 91092.1227
                   -102894.81 11803.8763        0.0        0.0        0.0        0.0        0.0        0.0        0.0        0.0
                          0.0        0.0        0.0        0.0        0.0        0.0        0.0        0.0        0.0        0.0
                          0.0        0.0        0.0        0.0        0.0        0.0        0.0        0.0        0.0  .2647E-24
                    .2647E-24 .10588E-23
   2000       .02         0.0        0.0        0.0        0.0        0.0        0.0        0.0        0.0        0.0 34817.0951
                   75332.3402 -110168.28        0.0        0.0        0.0        0.0        0.0        0.0        0.0        0.0
                          0.0        0.0        0.0        0.0        0.0        0.0        0.0        0.0        0.0        0.0
                          0.0        0.0        0.0        0.0        0.0        0.0        0.0        0.0        0.0  .2647E-24
                    .2647E-24 .10588E-23
 ***                                                             Close switch  "XX0020"  to  "XX0021"  after  2.00100000E-02  sec.
 ***                                                             Close switch  "XX0022"  to  "XX0023"  after  2.00100000E-02  sec.
 ***                                                             Close switch  "XX0024"  to  "XX0025"  after  2.00100000E-02  sec.
   2500      .025   70.858093 31.5490185 1.28817991 88.3392775 20.0529918 15.8261866 117.254245 49.3310062 14.2794561 -109513.97
                   52176.9807 46353.8105  -109513.9 52177.3359 46353.2782 47436.4537 -123183.54  62497.778 -126170.14 81837.4898
                   44029.9452 -155867.18 161691.233 -5824.0578 -15061.324 -170619.99 185681.318 -170200.09 208007.634 -37807.545
                   -266.19184 177.620434 35.8912233  .19957792 .441619065 1.03560178 .216267074 1229.05641 2598.75073 .169996147
                   .086499427 .017728053
   3000       .03  1.92813192 1.29750179 .003283653 11.1943024  67.454559 25.3963241 30.5108929 26.2431556 5.03156079 38984.4014
                   -95696.849 58718.7894 38984.3978 -95696.921 58718.8772  30001.202  45589.239 -72596.635 64360.5537  -59689.83
                    26136.274 -19734.479 -134681.32 154415.799 102597.837  15588.037 -118185.87 38224.2797 -124050.38 85826.1037
                    43.910499 -36.020852 -1.8120851 .400960313 .600606635 1.39976136 .468607514  1229.6818 2678.53299 .257973678
                   .135488079 .028203228
   3500      .035  15.4963452 9.16011221 .913792E-3 62.6662123  .71119424 73.0893398 66.4831162 1.73568787 51.3020717 92237.8192
                   9826.41016 -99614.009 92237.8211 9826.21874  -99613.76 -89257.658 97014.6764 -2253.4557 95005.3356 -15350.698
                   -83456.423 191851.581 -82411.602 -109439.98 -87004.203 186272.335 -99268.132 178461.758 -110356.03 -68105.725
                   124.484317 -95.708475  .95592472 .730721254 .848647942 1.52555736 .804314902 1230.70281 2678.69591 .301712997
                   .166659341 .031109154
   4000       .04  5.62734874 3.10733953 .269851389 60.6843087  70.839451 .246564398 75.3499978 39.1053275 1.53004546 -90767.563
                   98068.4728 -5785.5711  -90767.53 98068.5843 -5785.7211 7900.03915 -94006.214 84170.0439 -101142.56 72863.5416
                   14412.6712 -84981.809 188836.114 -103854.31 -76270.005 -101906.25 178176.258 -115555.23   174006.1  -58450.87
                   -75.015657 55.7435156  16.427154 .847766033  1.1462547  1.8259108 .923903256 1231.30797 2679.81788 .328750438
                   .188380765 .035471583
   4500      .045  1.63403722 3.42971977 1.07784357 9.70270853 36.7761618 81.6434061 8.26350987  27.728072 65.3732801 -36294.266
                   -70660.423 105281.776 -36294.332 -70660.306 105281.695 95410.1806 -38019.905 -64237.512 -33494.584 -61355.309
                   94209.0123 -141576.03 -34365.974 175942.001 159647.693 -133430.09 -26217.608  -127703.6 -27860.725 155564.321
                   -40.423226 58.5638094 -32.830528 1.17827187 1.27115623 2.07196747  1.2586292 1231.43954 2680.11989 .342085798
                   .202084643 .036786363
   5000       .05  4.18357479 3.54391592 .018808915 94.6126507 21.1062268 26.3143304 96.3093855 13.0544167  31.344304 113335.757
                   -53529.926 -59770.848 113335.749 -53530.045 -59770.718 -64911.183   114040.2 -46759.663 114347.485 -42098.929
                   -65233.642 173106.467 -166865.79 -6240.6727  -18151.52 178951.383 -160799.86 179581.128 -156446.41 -23134.713
                   64.6805596 -59.530798 -4.3369246  1.3760572 1.62398528  2.2291001 1.45706389 1231.80764 2680.29145 .352968305
                   .210598455 .039454182
   5500      .055  .010867414 .616213466 1.15209911 9.30825185 85.3335123 37.6247855 9.74370839 75.8255162 29.9090135 -35548.985
                   107634.705 -71470.906 -35548.917 107634.655 -71470.913 -64124.148 -35404.337 103809.625 -36370.934 101461.201
                   -63722.581 35921.9957 143183.572 -179105.57 -167933.77  28719.811 139213.962 27351.6471 137832.135 -165183.78
                   -3.2965762 -24.823647 33.9425855 1.57433415 1.77820396 2.58020413 1.65893871  1231.9638 2680.65121 .358035422
                   .216620556 .042214709
   6000       .06  1.42648615 2.42397687  .14204485 61.1738183 1.31707693 80.1680471  62.409166 2.04804978 82.7053129 -91132.859
                   -13372.145 104326.174 -91132.882 -13372.047 104326.098 106153.351 -91394.171 -15863.053 -92048.455 -16674.874
                   105964.164 -195458.98 77760.8358 117698.145 122016.405 -197547.52 75531.1174 -198012.62 75373.5804 122639.038
                   -37.768852 49.2338996 -11.918257 1.90459611 2.02615384   2.706365 1.99174608 1232.21796 2680.78039 .363698815
                   .220796356 .043581183
   6500      .065  .586269301 .044844004 .382282408  62.218572 76.3945444 .660020703 64.5965197 70.9319565 .077563833  91907.831
                   -101841.18 9466.05165 91907.7919 -101841.19 9466.10008 4485.13211 92700.9189 -99809.534 93647.6476 -98132.595
                   3245.05412 82441.6918 -193748.99 111307.295 104294.666 88215.7868 -192510.45 90402.5935 -191780.24 101377.649
                   24.2129986 -6.6965666 -19.552044 2.02097787 2.31987521 3.00137255 2.11010665 1232.51536 2681.08306 .367044138
                   .223255166 .047115512
   7000       .07  .098835002 1.07002491 .526959852 8.92947783 42.3325208 89.8706031 9.27605425 43.4359014 91.1548611 34818.0762
                   75810.5684 -110459.03 34818.1221 75810.5029 -110459.01 -111044.24 35164.8558 76572.0843 35487.3813 76792.1331
                   -111245.44 145277.131 40992.3808 -186269.51 -187616.33 146209.098 41407.2285 146732.824 41304.7519 -188037.58
                   9.94157949 -32.711235 22.9556061    2.35145 2.44633274 3.24772902 2.44450685 1232.64317 2681.33096 .369813578
                   .226897363 .048477947
   7500      .075  .691512655 .709801935 .546252E-4 94.3292066  22.856742 24.5733032 97.5385725 21.4157014 28.2082073 -113165.85
                   55705.6262   57759.64 -113165.85 55705.6794 57759.5874  60934.386 -114193.86  54647.018 -115074.87 53921.0653
                   61884.2391 -170925.44 168871.533 2053.90792 6287.36795 -175128.25  168840.88 -176959.11  168995.94 7963.17377
                   -26.296628 26.6421083 .233720392 2.54948864 2.79712438 3.40389978  2.6443521  1232.9991 2681.49142 .373483797
                   .228328067 .051134554
   8000       .08  .169785461 .155254983 .648527656 8.87551371 89.4886943 41.8244478 8.82010856 89.7658754   42.03452 34712.8043
                   -110224.08 75354.1664 34712.7533 -110224.06 75354.1925 75382.8961 34543.5774 -110354.42  34604.237 -110394.63
                   75543.1967 -40641.439 -144936.81 185578.251 185737.316 -40839.319   -144898.  -40938.96 -144998.87 185937.827
                   13.0301751 12.4601358 -25.466206 2.74767727   2.952214  3.7540961 2.84537588  1233.1548 2681.84495 .374795394
                    .23135775  .05374644
   8500      .085  .197404753 1.02712118 .321101927 61.7001877 1.10108457 79.5167473 63.0755097 1.31421005 83.2565488 91524.0828
                   12226.5781 -103901.48 91524.1186  12226.514 -103901.45 -105842.58 92139.3505 12935.0965 92538.5514 13357.4853
                   -106316.71  195425.57 -79297.605 -116127.97 -118777.67 197981.929 -79204.254 198855.258 -79181.066 -119674.19
                   14.0500802 -32.048731 17.9193172 3.07802838 3.19957812 3.88072993  3.1788056  1233.4061 2681.97336 .378263844
                   .233635866 .055088084
   9000       .09  .640186744 .073386136 .278319484 61.3344379 78.0029657 .991982881 61.6741396 77.9723967 .944145738 -91252.478
                   102907.682  -11604.93 -91252.445   102907.7  -11604.98 -11364.189 -91381.182 102953.588 -91504.797 102887.533
                   -11321.705 -79647.464 194160.144 -114512.68 -114317.78 -80016.992 194334.769 -80183.092  194392.33 -114209.24
                   -25.301912 8.56657086 16.6829099 3.19429487 3.49322661 4.17470934 3.29645783 1233.70221 2682.27114 .380017504
                   .235319642 .058477873
   9500      .095   .01784117 .590881594 .816088577 8.99493786 42.2384756 90.3800175 9.25083707 43.2887452 92.9499129 -34945.454
                   -75726.295 110771.616 -34945.511 -75726.246 110771.624 112023.381 -35284.695 -76367.237 -35439.112 -76661.941
                   112335.444 -145717.14 -40780.735 186497.871 188390.618 -147308.08 -41082.542 -147774.56 -41222.829 188997.385
                   4.22388093 24.3080561 -28.567264 3.52474536 3.61982012 4.42158686  3.6305466 1233.83061 2682.52001 .382157463
                   .238646378 .059803747
  10000       0.1  .578167207 .585858798 .105328E-3 93.8235022 23.3417206 23.5940998 94.9245019 23.2867147 24.1575779 112862.101
                   -56293.516 -56597.127 112862.101 -56293.564 -56597.079 -57112.412 113354.588 -56273.066 113522.377 -56227.196
                   -57268.922 169459.181 -169155.67 -303.51517 -839.34529 170466.999 -169627.65 170791.299 -169749.57 -1041.7261
                   24.0451078  -24.20452 .324542344 3.72273518 3.97030953 4.57719226 3.83020678 1234.18504   2682.678 .385214884
                   .239799329 .062406406
  10500      .105  .422790842 .061157556 .810150813 8.93445837 89.9931274 42.2036005  8.9065529 91.2939626 43.4033688 -34827.888
                   110534.295 -75694.936 -34827.831  110534.28 -75694.978 -76462.188 -34831.964 111131.621 -34773.399  111330.29
                    -76763.37 40867.1466  145362.11 -186229.26 -187593.81 41630.2233 145963.586 41989.9713 146103.689 -188093.66
                   -20.561878 -7.8203297 28.4631483 3.92086465 4.12563127 4.92753514 4.03085618 1234.34164 2683.03178 .386331193
                    .24280102 .064996367
  11000       .11  .131950622 .839198483 .311053077 61.4809219 1.04131803 78.5437811 62.3344474 1.09350364 79.8153132 -91361.313
                   -11890.117  103263.85 -91361.348 -11890.059 103263.827 103908.458 -91800.175  -12063.45 -91993.336 -12184.352
                   104096.331 -194625.17 79471.2889 115153.886 115971.908 -195708.63 79736.7244 -196089.67 79808.9845 116280.683
                   -11.486976 28.9689227 -17.636697 4.25124291 4.37281382  5.0540534 4.36442425 1234.59212 2683.15964 .389643566
                   .244946879 .066327666
  11500      .115  .822522113 .125087425 .311127613 61.4332013 78.4285305 1.04015355 61.9598055 79.6226245 1.12377138 91325.9195
                   -103188.01 11883.3515 91325.8843 -103188.04 11883.4089 12254.3295 91612.4698 -103768.73 91716.4709  -103970.6
                   12351.8298 79442.4754 -194513.92 115071.446  116023.06 79358.1403  -195381.2 79364.6412 -195687.07 116322.431
                   28.6796463 -11.184249  -17.63881 4.36748593  4.6665438 5.34794422 4.48190008 1234.88852 2683.45705 .391308755
                   .246614036 .069706014
  12000       .12  .039739561 .480139938 .798277174 8.98224478 42.0361594 89.9457932 9.23236787 42.6064963 91.3661454 34920.7894
                   75544.7137 -110505.19 34920.8459 75544.6699 -110505.21 -111192.83 35287.1809 75906.0719 35403.7172 76055.4296
                   -111374.29 145426.052 40623.8239 -186049.88  -187098.9  146480.01  40618.891 146778.011 40651.7124 -187429.72
                   -6.3039322 -21.912096 28.2537993 4.69796226 4.79310498 5.59489433 4.81614409 1235.01676 2683.70616 .393446902
                   .249905246 .071029064
  12500      .125  .638785202 .652603225 .529734E-4 93.8584699 23.5008745 23.4178479 95.0418238 23.9427765 23.5167264 -112883.13
                   56485.1038 56385.3386 -112883.13 56485.1549  56385.288 56454.7565 -113437.11 56854.9319 -113592.51 57013.7449
                    56504.202 -169268.42 169368.286 -99.866876 -400.17541 -169891.87 170292.041 -170096.71 170606.254  -509.5429
                     -25.2742    25.5461 -.23015957  4.8959518 5.14355398 5.75038655 5.01576663 1235.37102 2683.86373 .396450313
                   .251034922 .073629643
  13000       .13  .489380876 .040133791 .810805993 8.91856593  89.850756  42.115713 8.84582481 90.8394329 43.0182421 34796.8986
                   -110446.82 75616.0761 34796.8416 -110446.81 75616.1204 76181.7242 34718.4574 -110917.57  34654.647  -111052.8
                   76422.0427 -40819.279 -145243.65 186062.931 187099.298 -41463.267 -145636.03 -41767.396 -145707.45 187474.844
                   22.1219546 6.33512355 -28.474655 5.09408385 5.29891079 6.10080008 5.21644862 1235.52774 2684.21774 .397583605
                   .254043983 .076216583
  13500      .135  .138346651 .873417431 .316448686 61.4718155 1.02094338 78.3220731 62.2503721 1.01375161 79.0184391 91354.5459
                   11773.2217   -103118. 91354.5815 11773.1626 -103117.98 -103464.54 91779.3582 11717.6404 91931.2761 11731.6228
                   -103575.38 194472.562 -79581.419 -114891.14 -115182.19 195243.903 -80061.718 195506.656 -80199.653   -115307.
                   11.7620853 -29.553637 17.7890047 5.42446824 5.54603025 6.22726366 5.55003319 1235.77796 2684.34541 .400872437
                   .256169581 .077552198
  14000       .14  .884085664 .143562989 .317830261 61.3987737 78.3838448 1.03786751 61.8012049 79.5019125  1.1115161 -91300.327
                   103158.613 -11870.284 -91300.291 103158.637 -11870.343 -12198.742 -91519.463 103705.852 -91599.011 103891.759
                   -12284.294 -79429.948 194458.927 -115028.98 -115904.59 -79320.721 195225.314 -79314.717  195490.77 -116176.05
                   -29.733578 11.9817773 17.8277946 5.54069959  5.8397946 6.52117009 5.66747477 1236.07449 2684.64286   .4025423
                   .257848301 .080927678
  14500      .145  .040604829 .486960793 .805078763 8.97195872 41.9695233 89.7958798 9.18407894 42.3445241 90.8314286 -34900.789
                   -75484.813 110413.065 -34900.845 -75484.769 110413.078 110917.239 -35228.011 -75726.266 -35311.008  -75821.25
                   111047.909 -145313.92 -40583.924 185897.847 186643.505 -146145.25 -40498.255 -146358.92 -40510.242 186869.159
                   6.37219188 22.0671882  -28.37391 5.87118447 5.96632151  6.7681186 6.00175054  1236.2026 2684.89196 .404678578
                   .261130126 .082255158
  15000       .15  .671071313 .672764774 .192257E-5 93.8396701   23.50173 23.4103964 94.9354687  23.960608 23.4953369 112871.825
                   -56486.131 -56376.368 112871.825 -56486.183 -56376.316 -56433.594  113391.12 -56870.451 113528.935 -57034.972
                     -56478.5 169248.142 -169358.01 109.866609 436.856973 169824.714 -170261.57 170007.434 -170563.91 556.472002
                   25.9050441  -25.93771 .043847129 6.06916456 6.31678321 6.92359488 6.20133925  1236.5569 2685.04947 .407677161
                   .262264428 .084852853
  15500      .155  .495845246 .039501112 .812682653 8.92787753 89.8034972 42.0571359 8.88193115 90.6484984 42.8124076 -34815.059
                   110417.774 -75563.472 -34815.002 110417.761 -75563.516 -76027.042 -34769.449 110828.863 -34725.301  110936.03
                   -76238.991 40748.5143 145232.763 -185981.28 -186855.91 41257.5927 145598.312 41513.6901 145661.331 -187175.02
                   -22.267583  -6.284991 28.5075894 6.26730395 6.47213429 7.27402576 6.40205047  1236.7136 2685.40354 .408815187
                   .265272723 .087441755
  16000       .16  .146479578 .884672014 .312274163 61.4672137 1.01889722 78.3005976 62.2228084 1.00395431  78.951583 -91351.127
                   -11761.418 103103.867 -91351.162 -11761.359 103103.842 103425.956 -91764.992 -11675.354 -91910.921 -11674.796
                   103531.554   -194455. 79589.8032 114865.201  115101.31 -195190.95 80089.6384 -195442.47 80236.1251  115206.35
                   -12.102875 29.7434365 -17.671281  6.5976846 6.71925067 7.40047211 6.73562017 1236.96382 2685.53115 .412097865
                   .267397231 .088775421
  16500      .165  .892077409 .146222927 .317361509 61.4107086 78.3616819 1.03334589 61.8533921 79.4130903 1.09501472 91309.1997
                   -103144.03 11844.3977 91309.1641 -103144.05 11844.4574 12122.6008 91546.6109 -103661.18 91637.6774 -103833.71
                   12192.7675 79464.7066 -194453.22 114988.509 115783.784   79424.01 -195207.79   79444.91 -195471.38 116026.475
                   29.8676649 -12.092267 -17.814643 6.71392015 7.01302037 7.69439202  6.8530778 1237.26037 2685.82864 .413771229
                   .269078148 .092151347
  17000       .17   .03858532 .491087909 .802317847 8.97239242 41.9548639 89.7758306 9.18197582 42.2839869 90.7666867 34901.6322
                   75471.6293 -110400.74 34901.6888  75471.585 -110400.75 -110882.46 35227.1101 75684.5083 35306.9648 75767.0324
                   -111008.33  145302.44 40569.8962 -185872.34 -186566.97  146109.57 40457.3982 146315.291 40460.0675 -186775.36
                   -6.2117083 -22.160503 28.3252157 7.04440393 7.13954033 7.94133325  7.1873491 1237.38844 2686.07772 .415904536
                   .272357703 .093478164
  17500      .175  .676448178 .677911517 .355135E-5 93.8440493 23.4951672 23.4193373 94.9586119  23.936479 23.5270826 -112874.46
                   56478.2436 56387.1331 -112874.46 56478.2957 56387.0811 56464.8891 -113400.39  56847.403 -113542.77 57006.2464
                   56516.6422 -169261.54 169352.755  -91.21459 -382.51396 -169865.28 170247.795 -170059.41 170549.018 -489.60419
                   -26.008617  26.036734 -.05959314 7.24238519 7.49000689 8.09681376  7.3869424 1237.74277 2686.23524 .418903981
                   .273494049 .096075914
  18000       .18   .49310847 .040072943 .812229631 8.92731192 89.7877406 42.0476789 8.88280994 90.5858975 42.7774125 34813.9562
                   -110408.09 75554.9758 34813.8992 -110408.07 75555.0202 76001.3459 34768.8586 -110798.97 34727.0184 -110897.72
                   76207.8253 -40741.121 -145221.97 185963.094  186800.32 -41232.487 -145567.83 -41480.807 -145624.74 187105.543
                   22.2060458  6.3303193 -28.499643  7.4405241 7.64535406 8.44724502 7.58765124 1237.89945 2686.58932 .420041693
                   .276501246 .098664776
  18500      .185   .14819878 .888560851 .312447008  61.467652 1.01949942 78.3061354 62.2238507  1.0063854 78.9687591 91351.4524
                   11764.8936 -103107.51 91351.4877  11764.834 -103107.49 -103435.68 91765.6348 11686.0302 91911.6906 11688.9224
                   -103542.82 194458.976 -79586.654 -114872.32 -115121.71 195201.311 -80079.605 195454.506 -80222.768 -115231.74
                   12.1736921 -29.808738 17.6761706 7.77090479 7.89247203 8.57369026 7.92122149 1238.14967 2686.71692 .423323702
                   .278626476 .099998475
  19000       .19  .891184377 .145760136 .317688197 61.4112778 78.3528888 1.03229493 61.8567442 79.3788322 1.09123075 -91309.623
                    103138.24 -11838.373 -91309.587 103138.264 -11838.433 -12104.909 -91548.101 103643.606 -91640.161 103811.308
                   -12171.682 -79471.155 194447.852  -114976.7 -115748.52 -79443.192 195191.707 -79468.478 195451.469 -115982.99
                   -29.852711 12.0731162 17.8238098 7.88713992  8.1862413 8.86761276 8.03867732 1238.44622 2687.01442 .424997632
                    .28030724 .103374433
  19500      .195  .038025636 .492709632 .802171714 8.97202449 41.9566283 89.7766678 9.18103299 42.2904279 90.7665883 -34900.917
                   -75473.216 110401.254 -34900.973 -75473.172 110401.266 110883.272 -35225.093 -75688.689 -35305.152 -75772.803
                   111008.266 -145302.24 -40572.199 185874.438 186571.961 -146108.36 -40463.597 -146313.42 -40467.651 186781.069
                   6.16649297 22.1970636 -28.322636 8.21762396 8.31276093 9.11455216 8.37294947  1238.5743  2687.2635 .427130171
                   .283586598 .104701309
  20000       0.2    .6764819 .677648562 .272286E-5  93.845522 23.4930892  23.422505 94.9635595 23.9261343 23.5381436 112875.345
                   -56475.746 -56390.946 112875.345 -56475.798 -56390.894 -56476.535 113402.738 -56838.525  113545.73 -56993.927
                   -56529.926 169266.239 -169351.14 84.9035803 361.990697 169879.273 -170241.26 170075.655 -170539.66 464.000863
                   26.0092657 -26.031684  .05218102 8.41560495 8.66322841 9.27003447  8.5725415 1238.92863 2687.42102 .430130059
                   .284723132 .107298977
  20500      .205  .491897202 .040309319 .811955972 8.92772862 89.7881503 42.0464173 8.88344794 90.5865702 42.7753323 -34814.769
                   110408.339 -75553.842 -34814.712 110408.326 -75553.887 -75998.785 -34770.247 110799.512 -34728.266 110898.129
                   -76205.972  40739.175 145223.038 -185962.21  -186798.3 41228.5382 145569.758 41477.7068 145626.395  -187104.1
                   -22.178756  -6.348962 28.4948412 8.61374422 8.81857487 9.62046496 8.77325195 1239.08531 2687.77509 .431267439
                   .287730001 .109887905
  21000       .21   .14835805 .888768467  .31232862 61.4680966 1.01978862 78.3092272 62.2281909 1.00733278 78.9805557 -91351.783
                   -11766.562 103109.548 -91351.818 -11766.503 103109.524 103442.027 -91767.517 -11690.694 -91914.896 -11694.423
                   103550.549 -194461.34 79585.3155 114876.026 115132.721 -195209.54 80076.8228 -195465.44 80220.4731 115244.972
                   -12.180232 29.8122201 -17.672821 8.94412472  9.0656936 9.74691068 9.10682125 1239.33553  2687.9027 .434549503
                   .289855434 .111221493
  21500      .215  .890248614  .14555701 .317468136 61.4112547 78.3523446 1.03216083 61.8575798 79.3759998 1.09069895 91309.6057
                   -103137.88 11837.6041   91309.57 -103137.91 11837.6638 12102.4173 91548.3014 -103642.31 91640.7795 -103809.46
                   12168.7161 79471.9063 -194447.48  114975.57 115744.729 79445.8841 -195190.61 79472.0634 -195450.24 115978.173
                   29.8370343 -12.064701 -17.817636 9.06036017 9.35946254 10.0408334 9.22427826 1239.63208  2688.2002 .436223423
                   .291536039 .114597504
  22000       .22  .037944883 .492946392 .802084259 8.97220607 41.9571576 89.7782399 9.18172255 42.2926845 90.7737877 34901.2698
                   75473.6924 -110402.22 34901.3264  75473.648 -110402.23 -110886.29 35226.5104 75690.6451 35306.4779 75774.8245
                   -111012.67 145303.559 40572.3216 -185875.88 -186576.93 146112.799 40464.1348 146319.146 40468.3466 -186787.49
                   -6.1599417 -22.202396 28.3210921 9.39084398 9.48598233 10.2877725 9.55854985 1239.76016 2688.44928 .438355833
                   .294815427 .115924319
  22500      .225  .676167403 .677486831 .293987E-5 93.8451311 23.4922992 23.4230271 94.9642273 23.9250511 23.5402579 -112875.11
                   56474.7964 56391.5749 -112875.11 56474.8485 56391.5229 56478.0312 -113402.61  56836.802 -113546.13 56992.6367
                   56532.4648 -169266.63 169349.958 -83.325647 -358.77079 -169880.64 170239.413 -170078.59 170538.765 -460.17191
                   -26.003219 26.0285772 -.05422051 9.58882508 9.83644989 10.4432552 9.75814237 1240.11449  2688.6068 .441355814
                   .295951964 .118522038
  23000       .23  .491698027 .040362213 .811889004 8.92749776 89.7884509 42.0474801 8.88332776  90.588724 42.7761205 34814.3185
                   -110408.52 75554.7972 34814.2615 -110408.51 75554.8416 76000.5103 34769.6705 -110800.32 34728.0306 -110899.45
                   76206.6744  -40740.58 -145222.77 185963.352 186800.834  -41230.84 -145569.99 -41478.644 -145627.48 187106.122
                    22.174265 6.35312627 -28.493666 9.78696429 9.99179625 10.7936855 9.95885246 1240.27117 2688.96087 .442493085
                   .298958779 .121110945
  23500      .235  .148281467 .888627865 .312325873 61.4685126 1.01981138  78.310122 62.2275159 1.00758651 78.9831143 91352.0919
                   11766.6935 -103110.14 91352.1272 11766.6338 -103110.11 -103443.45   91767.56 11691.5057 91914.3975 11695.8956
                   -103552.23  194462.24 -79585.493 -114876.75 -115134.96 195211.012 -80076.054 195466.624 -80218.502 -115248.12
                   12.1770878 -29.809862 17.6727438 10.1173448 10.2389151 10.9201314 10.2924219 1240.52139 2689.08848 .445775222
                   .301084249 .122444551
  24000       .24  .890122851 .145480088 .317520494 61.4115021 78.3524718 1.03219024  61.857418 79.3773755 1.09079035  -91309.79
                   103137.966 -11837.773 -91309.754  103137.99 -11837.832 -12102.912 -91548.451 103642.857  -91640.66 103810.356
                   -12169.226 -79471.922 194447.744 -114975.82 -115745.77 -79445.539 195191.308 -79471.434 195451.016 -115979.58
                   -29.834927 12.0615127 17.8191048 10.2335802  10.532684  11.214054 10.4098788 1240.81794 2689.38598 .447449098
                   .302764806 .125820568
  24500      .245  .037961858 .492901942 .802097433 8.97223334 41.9576201 89.7789465 9.18188964 42.2941875 90.7748597 -34901.323
                   -75474.108 110402.655 -34901.379 -75474.064 110402.667 110887.434 -35226.289 -75691.363 -35306.799 -75776.171
                   111013.324 -145304.05 -40572.685 185876.731 186578.797 -146113.72 -40465.074 -146320.12 -40469.372 186789.495
                   6.16131955 22.2013951 -28.321325  10.564064 10.6592039 11.4609932 10.7441503 1240.94601 2689.63506  .44958152
                   .306044237 .127147381
  25000       .25  .676025376  .67735195 .297922E-5 93.8456129 23.4926725 23.4231336 94.9636794 23.9247657 23.5400583 112875.399
                   -56475.245 -56391.703 112875.399 -56475.297 -56391.651  -56478.37 113402.733  -56837.28 113545.801 -56992.297
                   -56532.225  169267.05  -169350.7   83.64615 358.909108 169881.103 -170240.01 170078.026  -170538.1 460.071671
                    26.000488 -26.025986 .054582193 10.7620451 11.0096714 11.6164759 10.9437428 1241.30034 2689.79258 .452581511
                   .307180735 .129745099
  25500      .255  .491692846 .040366377 .811935356 8.92763392 89.7888848 42.0471049 8.88302895 90.5891861 42.7778385 -34814.584
                    110408.79  -75554.46 -34814.527 110408.778 -75554.504 -76000.826 -34769.734 110800.724 -34727.447 110899.731
                   -76208.205 40739.9774 145223.305 -185963.28 -186801.55  41231.092 145570.458 41480.7582 145627.177 -187107.94
                   -22.174148  -6.353454 28.4944794 10.9601843 11.1650178 11.9669061 11.1444529 1241.45702 2690.14665 .453718766
                   .310187561 .132334006
  26000       .26  .148265235  .88860623 .312363764 61.4680806 1.01985548 78.3099742 62.2281155 1.00758029 78.9832115 -91351.771
                   -11766.948  103110.04 -91351.806 -11766.888 103110.016  103443.41 -91767.493 -11691.879  -91914.84  -11695.86
                    103552.29 -194461.82 79584.9179 114876.904 115135.288  -195210.9 80075.6145 -195467.13 80218.9808 115248.149
                   -12.176421  29.809499 -17.673816 11.2905649 11.4121367 12.0933521 11.4780223 1241.70725 2690.27426 .457000918
                   .312313037 .133667616
  26500      .265   .89005118 .145479145 .317463143 61.4111984 78.3526556 1.03220365  61.857304 79.3770303 1.09086082 91309.5638
                   -103138.09 11837.8496 91309.5282 -103138.11 11837.9093 12103.1955 91548.1869 -103642.86 91640.5752 -103810.13
                   12169.6191 79471.6189 -194447.64  114976.02 115746.052 79444.9914 -195191.04 79470.9561 -195450.71 115979.749
                   29.8337255 -12.061474 -17.817495 11.4068003 11.7059055 12.3872746 11.5954792 1242.00379 2690.57176 .458674783
                   .313993585 .137043623
  27000       .27  .037960715 .492897125 .802089757 8.97220068 41.9574425 89.7787479 9.18172865 42.2937909 90.7757315 34901.2593
                   75473.9487 -110402.53 34901.3159 75473.9043 -110402.54 -110887.23 35226.5085 75691.4466 35306.4896 75775.8156
                   -111013.86 145303.861 40572.5883 -185876.45 -186578.67 146113.736 40464.9381 146320.346  40469.326 -186789.67
                   -6.1612268 -22.201287 28.3211892 11.7372841 11.8324254 12.6342139 11.9297508 1242.13187 2690.82084 .460807215
                   .317273011  .13837044
  27500      .275  .676053695 .677382761  .29605E-5 93.8451539 23.4923529  23.422969 94.9642949 23.9252619 23.5400627 -112875.12
                   56474.8609  56391.505 -112875.12  56474.913  56391.453 56477.8322 -113402.64 56836.9945 -113546.17 56992.8878
                   56532.2304 -169266.58 169350.036 -83.460022  -359.1623 -169880.48 170239.639  -170078.4 170539.057  -460.6574
                   -26.001033  26.026578 -.05441049 11.9352652 12.1828929 12.7896966 12.1293433  1242.4862 2690.97836 .463807197
                   .318409515  .14096816
  28000       .28  .491705147 .040358015 .811879866 8.92749026 89.7887037 42.0477007 8.88329733 90.5896624 42.7769478 34814.3039
                   -110408.68 75554.9955 34814.2469 -110408.67 75555.0398 76001.1104  34769.633 -110800.78 34727.9711 -110900.02
                   76207.4113 -40740.793 -145222.91 185963.706 186801.895 -41231.477 -145570.42  -41479.44 -145627.99 187107.434
                   22.1744255  6.3527959 -28.493506 12.1334044 12.3382393 13.1401267 12.3300534 1242.64288 2691.33244 .464944456
                   .321416341 .143557065
  28500      .285  .148248885 .888561832 .312333995 61.4685405 1.01980963 78.3101332 62.2276199 1.00758033 78.9831647 91352.1126
                   11766.6834 -103110.14 91352.1479 11766.6237 -103110.12 -103443.48 91767.6223 11691.4826 91914.4743 11695.8598
                   -103552.26 194462.268 -79585.524 -114876.74 -115134.96 195211.097  -80076.14 195466.733 -80218.615 -115248.12
                   12.1757498 -29.808754 17.6729735 12.4637849 12.5853582 13.2665728 12.6636228 1242.89311 2691.46004 .468226612
                   .323541805 .144890672
  29000       .29   .89011044  .14547932 .317515379 61.4114737 78.3525975 1.03221044 61.8573187 79.3778289 1.09086694 -91309.769
                   103138.049 -11837.889 -91309.733 103138.073 -11837.948 -12103.262 -91548.398 103643.097 -91640.586 103810.652
                   -12169.653 -79471.785 194447.806 -114976.02 -115746.36 -79445.137 195191.495 -79470.933 195451.238 -115980.31
                   -29.834719 12.0614808 17.8189612 12.5800203  12.879127 13.5604953 12.7810797 1243.18965 2691.75754 .469900473
                    .32522236 .148266689
  29500      .295   .03797113 .492877534 .802108347 8.97224016 41.9576343 89.7789907 9.18191723 42.2942539 90.7750281 -34901.336
                   -75474.121 110402.682 -34901.393 -75474.077 110402.694 110887.515 -35226.331  -75691.41 -35306.852  -75776.23
                   111013.427 -145304.09 -40572.684 185876.771 186578.926 -146113.85 -40465.079 -146320.28 -40469.378 186789.657
                   6.16207193 22.2008453 -28.321517 12.9105041  13.005647 13.8074345 13.1153512 1243.31773 2692.00662 .472032909
                   .328501796 .149593502
  % % % % % %   Final time step,  PLTFIL  dumps plot data to ".PL4" disk file.
  Done dumping plot points to C-like disk file.
  30000       0.3  .676011555 .677343457 .298683E-5 93.8455878 23.4927048 23.4230825 94.9635849 23.9248846  23.539868 112875.384
                   -56475.284 -56391.642 112875.384 -56475.336  -56391.59 -56478.185 113402.691 -56837.393 113545.745 -56992.438
                   -56531.997 169266.974 -169350.72 83.7464458 359.208329 169880.876 -170240.08 170077.741 -170538.18 460.441717
                   26.0002222 -26.025823 .054651946 13.1084853 13.3561144 13.9629172 13.3149437 1243.67206 2692.16415 .475032893
                   .329638289  .15219122

Extrema of output variables follow.   Order and column positioning are the same as for the preceding time-step loop output.
Variable maxima :  82.2635956 54.3444442 14.8303426 115.809179 937.185024  36838.236 629.816283 .8212524E7 .1583194E8 115903.123
                   147184.442 134370.508 115903.122 147184.196 134370.405 180005.992 119241.575  183624.51 123557.685 197476.549
                   186720.203 210156.148 221666.612 231026.014 288467.311 255034.757  237310.57 251324.076 258740.097 319509.744
                    269.14634 206.363681 121.779894 13.1084853 13.3561144 13.9629172 13.3149437 1243.67206 2692.16415 .475032893
                   .329638289  .15219122
Times of maxima :      .02245     .02049     .02082     .02531     .02062     .02062     .02514     .02086     .02086     .03382
                       .02062     .02798     .03382     .02062     .02798     .02675     .03291     .02073     .03272     .02086
                       .02812     .02062     .02356     .02931     .02934     .02073     .02349     .02049     .02336     .02944
                       .02047     .02111     .02082        0.3        0.3        0.3        0.3        0.3        0.3        0.3
                          0.3        0.3
Variable minima :         0.0        0.0        0.0        0.0        0.0        0.0        0.0        0.0        0.0 -125390.21
                   -125484.31 -177027.16 -125390.26 -125484.49 -177026.92 -213224.23 -130983.39 -151896.18 -143006.85 -173914.63
                   -200949.61 -230118.82 -207844.89 -324211.12 -396848.74 -277483.52 -228349.84 -301122.12 -230492.01 -398426.16
                   -286.81631 -233.11895 -85.130961        0.0        0.0        0.0        0.0        0.0        0.0        0.0
                          0.0        0.0
Times of minima :       .1E-4      .1E-4      .1E-4        0.0        0.0        0.0        0.0        0.0        0.0     .02531
                       .03095     .02062     .02531     .03095     .02062     .02073      .0252     .03079     .02514     .03077
                       .02086     .02663     .03214     .02062     .02073     .02671     .03216     .02536     .03226     .02086
                       .02245     .02049     .02969        0.0        0.0        0.0        0.0        0.0        0.0        0.0
                          0.0        0.0

Blank card terminating all plot cards.            |BLANK PLOT

  ---- Initial flux of coil  "X0001A"  to  "      "  =  -8.93978024E-02
  ---- Initial flux of coil  "X0001B"  to  "      "  =  -9.37200926E+02
   Warning.  Preceding flux exceeds the 1st segment.  This means that the steady state solution is not really sinusoidal.
  ---- Initial flux of coil  "X0001C"  to  "      "  =  9.37290324E+02
   Warning.  Preceding flux exceeds the 1st segment.  This means that the steady state solution is not really sinusoidal.
  ---- Initial flux of coil  "X0002A"  to  "      "  =  -7.63524910E-02
  ---- Initial flux of coil  "X0002B"  to  "      "  =  -9.37240199E+02
   Warning.  Preceding flux exceeds the 1st segment.  This means that the steady state solution is not really sinusoidal.
  ---- Initial flux of coil  "X0002C"  to  "      "  =  9.37316551E+02
   Warning.  Preceding flux exceeds the 1st segment.  This means that the steady state solution is not really sinusoidal.
  ---- Initial flux of coil  "X0003A"  to  "      "  =  -8.31351496E-02
  ---- Initial flux of coil  "X0003B"  to  "      "  =  -6.46418341E+02
   Warning.  Preceding flux exceeds the 1st segment.  This means that the steady state solution is not really sinusoidal.
  ---- Initial flux of coil  "X0003C"  to  "      "  =  6.46501476E+02
   Warning.  Preceding flux exceeds the 1st segment.  This means that the steady state solution is not really sinusoidal.
  ---- Initial flux of coil  "X0004A"  to  "      "  =  -3.68504188E-02
  ---- Initial flux of coil  "X0004B"  to  "      "  =  -2.58562887E+02
   Warning.  Preceding flux exceeds the 1st segment.  This means that the steady state solution is not really sinusoidal.
  ---- Initial flux of coil  "X0004C"  to  "      "  =  2.58599737E+02
   Warning.  Preceding flux exceeds the 1st segment.  This means that the steady state solution is not really sinusoidal.

  +++  Node  "X0011B"  has no connected linear branches.  Add (to ground) the conductance  G = 1.00000000E-16  mhos.
  +++  Node  "X0011A"  has no connected linear branches.  Add (to ground) the conductance  G = 1.00000000E-16  mhos.
  +++  Node  "X0012C"  has no connected linear branches.  Add (to ground) the conductance  G = 1.00000000E-16  mhos.
  +++  Node  "X0012B"  has no connected linear branches.  Add (to ground) the conductance  G = 1.00000000E-16  mhos.
  +++  Node  "X0012A"  has no connected linear branches.  Add (to ground) the conductance  G = 1.00000000E-16  mhos.
  +++  Node  "X0016C"  has no connected linear branches.  Add (to ground) the conductance  G = 1.00000000E-16  mhos.
  +++  Node  "X0016B"  has no connected linear branches.  Add (to ground) the conductance  G = 1.00000000E-16  mhos.
  +++  Node  "X0016A"  has no connected linear branches.  Add (to ground) the conductance  G = 1.00000000E-16  mhos.
  +++  Node  "X0008C"  has no connected linear branches.  Add (to ground) the conductance  G = 1.00000000E-16  mhos.
  +++  Node  "X0008B"  has no connected linear branches.  Add (to ground) the conductance  G = 1.00000000E-16  mhos.
  +++  Node  "X0008A"  has no connected linear branches.  Add (to ground) the conductance  G = 1.00000000E-16  mhos.
  +++  Node  "X0009C"  has no connected linear branches.  Add (to ground) the conductance  G = 1.00000000E-16  mhos.
  +++  Node  "X0009B"  has no connected linear branches.  Add (to ground) the conductance  G = 1.00000000E-16  mhos.
  +++  Node  "X0009A"  has no connected linear branches.  Add (to ground) the conductance  G = 1.00000000E-16  mhos.
  +++  Node  "X0015C"  has no connected linear branches.  Add (to ground) the conductance  G = 1.00000000E-16  mhos.
  +++  Node  "X0015B"  has no connected linear branches.  Add (to ground) the conductance  G = 1.00000000E-16  mhos.
  +++  Node  "X0015A"  has no connected linear branches.  Add (to ground) the conductance  G = 1.00000000E-16  mhos.
  +++  Node  "X0011C"  has no connected linear branches.  Add (to ground) the conductance  G = 1.00000000E-16  mhos.
  +++  Node  "X0010C"  has no connected linear branches.  Add (to ground) the conductance  G = 1.00000000E-16  mhos.
  +++  Node  "X0010B"  has no connected linear branches.  Add (to ground) the conductance  G = 1.00000000E-16  mhos.
  +++  Node  "X0010A"  has no connected linear branches.  Add (to ground) the conductance  G = 1.00000000E-16  mhos.
  +++  Node  "X0007C"  has no connected linear branches.  Add (to ground) the conductance  G = 1.00000000E-16  mhos.
  +++  Node  "X0007B"  has no connected linear branches.  Add (to ground) the conductance  G = 1.00000000E-16  mhos.
  +++  Node  "X0007A"  has no connected linear branches.  Add (to ground) the conductance  G = 1.00000000E-16  mhos.

Card of names for time-step loop output.          |  9049A 9049B 9049C T_MANAT_MANBT_MANC1_2LTC1_2LTA1_2LTBT_OPOAT_OPOBT_OPOC
Output voltage differences for pairs of A6 names  |-5T_MANAT_MANCT_MANBT_MANAT_MANCT_MANB1_2LTC1_2LTB1_2LTA1_2LTC1_2LTB1_2LTA
Output voltage differences for pairs of A6 names  |-5T_OPOAT_OPOCT_OPOBT_OPOAT_OPOCT_OPOB
Blank card ending requests for output variables.  |BLANK OUTPUT

The data case now ready to be solved is a statistical overvoltage study that involves  NENERG = 200   simulations.
Closing or opening times for  "STATISTICS"  switches are to be varied randomly according to a Normal   distribution.   The following
is a listing of switches that are to have closing or opening times varied randomly.
          Entry    Switch      From        To         Columns 15-24        Columns 25-34       Reference switch number
         number    number       bus       bus          (in seconds)         (in seconds)       (0 implies independence)
              1         7    XX0020    XX0021             0.020000             0.000833               0
              2         8    XX0022    XX0023             0.020000             0.000833               0
              3         9    XX0024    XX0025             0.020000             0.000833               0
In addition to variation of the switching time that is caused by each switch`s own distribution, there is the added random delay
that is the same for all switches.  This added random delay is called "reference angle," and it has a uniform distribution over the
time interval  0.00000000E+00   to  3.60000000E+02   degrees at frequency  6.00000000E+01   (data fields  DEGMIN, DEGMAX, and STATFR
of the  STARTUP file).   However, if  "ITEST"  (columns 9-16 of the  STATISTICS  miscellaneous data card) is positive, the reference
angle is set to zero, and there is no such added random delay.
In the following output, for each simulation there will be a tabulation of switch times that were used, followed by a display of
peak values that occurred during the simulation.  Format for this latter output is identical to that for the extrema of a
conventional (non-statistical) simulation.
Well, almost identical!  Output of the reference angle in degrees has been added at the extreme left in otherwise blank space.

                       XX0021     XX0023     XX0025     TERRA      TERRA      TERRA      TERRA      TERRA      TERRA      9049A
  Reference angle      MEASUC     MEASUB     MEASUA     PRMANA     PRMANB     PRMANC     PROPOA     PROPOB     PROPOC

                       9049B      9049C      T_MANA     T_MANB     T_MANC     1_2LTC     1_2LTA     1_2LTB     T_OPOA     T_OPOB
 

                       T_OPOC     T_MANA     T_MANB     T_MANC     1_2LTC     1_2LTA     1_2LTB     T_OPOA     T_OPOB     T_OPOC
                                  T_MANC     T_MANA     T_MANB     1_2LTB     1_2LTC     1_2LTA     T_OPOC     T_OPOA     T_OPOB

                       XX0020     XX0022     XX0024     TERRA      TERRA      TERRA      TERRA      TERRA      TERRA      XX0021
                       XX0021     XX0023     XX0025     PRMANA     PRMANB     PRMANC     PROPOA     PROPOB     PROPOC     MEASUC

                       XX0023     XX0025
                       MEASUB     MEASUA
             Random switching times for simulation number  1  :
                                   7  2.5384683E-02    8  2.7636312E-02    9  2.5697517E-02
             ==== Table dumping for all subsequent restorations.  Time [sec] = 1.75000000E-02

 111.304            70.586524 49.0351575 64.8660949 790.450521 130.401431  1360.6526 .1454796E8 .1213353E7 .1057638E8 -145218.06
                   -133055.65 152606.849 -145217.75  -133055.7 152606.883 209783.276 -216930.31 -175406.21 -200372.51 -187596.59
                   198566.719 -283062.05 -229075.54 217989.343 239945.232 -346270.62 -281874.09 -382138.06 -292602.25 259387.264
                   -265.68125 221.438835 254.688231  12.927605 12.9079377 13.0041853 2237.81653 160.188271 3706.29717 .254304662
                   .200431643 .367069587
Times of maxima :      .02719      .0282     .02593      .0263     .02982     .02757     .02657     .03111     .02757      .0263
                       .02982     .02757      .0263     .02982     .02757     .02746     .02642     .02978     .02657     .03111
                       .02757     .02636     .03225     .02878     .02866     .02641     .03229     .02625     .03235     .02853
                       .02719      .0282     .02593        0.3        0.3        0.3        0.3        0.3        0.3        0.3
                          0.3        0.3
             Random switching times for simulation number  2  :
                                   7  3.0435773E-02    8  2.9597268E-02    9  2.8982362E-02

 189.567           33.7336642 50.8348303 49.8275829 1215.19998 1765.18071 120.778418 .1040707E8  .177614E8 645.985582 150784.058
                   -157484.92 -128052.26 150783.794 -157484.65 -128052.18 -134301.51 209320.545 -215873.86 198489.025 -201810.87
                   -143232.29 234651.695 -247698.41 -222515.47 -235382.74 257309.007 -293263.38 260406.171 -308737.56 -246081.44
                   183.667265 225.465807 -223.22093  12.800124 12.9659187 12.5534979 1560.20607 3481.04357 12.8423451 .166996389
                   .226648481 .241853676
Times of maxima :      .03127     .02998     .03264     .03272     .03021     .03551     .03298     .03046     .03534     .03272
                       .03021     .03551     .03272     .03021     .03551     .03668     .03285     .03032     .03298     .03046
                       .03534     .03426     .03148     .03724     .03722     .03436     .03158     .03448     .03172     .03743
                       .03127     .02998     .03264        0.3        0.3        0.3        0.3        0.3        0.3        0.3
                          0.3        0.3
             Random switching times for simulation number  3  :
                                   7  3.5036717E-02    8  3.6752669E-02    9  3.5913770E-02

 340.023           38.5663873 67.5700132  85.330023 294.885734 1024.00171 1190.19419 .8949923E7 .5747581E7 .1615298E8 -138177.14
                   148325.463 -150466.33 -138177.04 148325.326 -150466.37 -214723.92 -163824.44 173686.122 -197817.89 196327.043
                   -201093.41 -224692.98 263901.429 -267724.34 -313116.38 -247002.48 316797.872 -265647.84 361083.606 -319011.13
                   196.383266 -259.94233 292.113031 12.3778265 12.5906729  12.514492 783.795592 261.459193  3722.4025 .243996466
                    .31329447 .363892814
Times of maxima :      .03541     .03724     .03711     .04125     .03738     .03581     .04016     .03762     .03591     .04125
                       .03738     .03581     .04125     .03738     .03581     .03577     .04008     .03747     .04016     .03762
                       .03591     .04253     .03994     .03736     .03741     .04388     .04002     .04374     .04007      .0376
                       .03541     .03724     .03711        0.3        0.3        0.3        0.3        0.3        0.3        0.3
                          0.3        0.3
             Random switching times for simulation number  4  :
                                   7  2.6796020E-02    8  2.5738691E-02    9  2.5790481E-02

 125.889           100.058055 52.8775944 56.8964227 949.020841 125.445154 3202.55398  .540356E7  .325858E7  .339901E8 -147340.91
                   -130502.48  173019.51 -147340.72 -130502.63 173019.334 231269.577  -201417.1 -169033.12 -196165.55 -193618.65
                   208793.095 -274381.57 -224692.09   241032.3 255582.036  -305878.1 -266324.76 -341434.55 -297362.87  289919.02
                   -316.31955 229.951287 -238.52971  12.888296 12.9098278 13.1161765 1356.84757 396.320168 9000.33561 .222718672
                   .219841762 .308814378
Times of maxima :       .0273     .02817     .02802      .0264     .02992     .02744     .02666     .02972     .02767      .0264
                       .02992     .02744      .0264     .02992     .02744     .02752     .02652     .02989     .02666     .02972
                       .02767     .02744     .03246     .02744     .02865     .02754     .03239     .02764     .03226     .02849
                        .0273     .02817     .02802        0.3        0.3        0.3        0.3        0.3        0.3        0.3
                          0.3        0.3
             Random switching times for simulation number  5  :
                                   7  3.3206032E-02    8  3.5620261E-02    9  3.3922491E-02

  304.96           19.8112984 35.2770334 59.3768391 1136.75755 129.156506 200.562679 .2170347E8 .6489792E7  .213765E7 149784.255
                   132419.111 -136756.57 149783.978 132419.046  -136756.7 -163577.77 212871.182 159283.778 203548.906 196674.559
                   -190363.77 254553.735   212636.5 -226912.12 -216061.28 282276.432 229768.392  279233.57 242653.505 -237765.78
                   140.752614 -187.82181 -243.67363 12.5262912 12.5127163 12.5250316 6389.79311 469.461789 322.655387 .159597988
                   .157993256 .200440515
Times of maxima :      .03527     .03743      .0343     .03454     .03917     .03583     .03479     .03777     .03557     .03454
                       .03917     .03583     .03454     .03917     .03583     .03568     .03465     .03929     .03479     .03777
                       .03557     .03455     .04048     .03752     .03758     .03448     .04036     .03436     .04038     .03773
                       .03527     .03743      .0343        0.3        0.3        0.3        0.3        0.3        0.3        0.3
                          0.3        0.3
             Random switching times for simulation number  6  :
                                   7  2.6133606E-02    8  2.4772287E-02    9  2.5851088E-02

 133.778           62.3484176 26.8877489 94.6033403 838.873666 130.031419 1820.24896 .2561176E8 377210.833 .1615279E8 -145872.44
                   -132866.89 158128.687 -145872.09  -132866.8 158128.514 230787.644 -199776.55 -155901.11 -205244.55 -185022.51
                   201093.327 -283406.43 -218132.65 230097.221 248676.226 -320271.67 -259570.26 -389264.32 -286513.21 281913.101
                   -249.69665 -163.97484 -307.57656 12.8785027 12.9273838  13.003187 5682.61145 60.1318696 1897.69444 .228683509
                   .238481726 .337042377
Times of maxima :      .02669     .03144     .02832     .02646     .02967     .02681      .0265     .03108     .02704     .02646
                       .02967     .02681     .02646     .02967     .02681     .02689     .02658     .03101      .0265     .03108
                       .02704     .02681     .03236     .02965     .02954     .02687     .03126     .02672     .03122     .02819
                       .02669     .03144     .02832        0.3        0.3        0.3        0.3        0.3        0.3        0.3
                          0.3        0.3
             Random switching times for simulation number  7  :
                                   7  2.4080237E-02    8  2.4607983E-02    9  2.4451387E-02

 91.5072           29.6404833 48.9509422 75.2714344 2405.62798 132.320385 126.767917    .2227E8 .2005818E7   292440.1 -164711.76
                   -134031.23 131188.914 -164711.38 -134031.13 131188.869 153676.908 -218254.95 -157610.59 -203796.36 -189973.86
                   183203.553 -257228.94 240795.835 222536.523 249888.691 -297182.19 340344.239 -302931.94  332233.78 287116.878
                   -172.16412 221.248598   274.3564 13.2304162 12.9342134 12.9301501 4911.73212 92.5732397 22.0260324 .209562584
                     .2556933 .378999212
Times of maxima :      .02581      .0255     .02498     .02506     .02979     .02756     .02497      .0286     .02783     .02506
                       .02979     .02756     .02506     .02979     .02756     .02766     .02518     .02996     .02497      .0286
                       .02783     .02636     .02506     .02885     .02877     .02518     .02518     .02638     .02509     .02864
                       .02581      .0255     .02498        0.3        0.3        0.3        0.3        0.3        0.3        0.3
                          0.3        0.3
             Random switching times for simulation number  8  :
                                   7  2.1575408E-02    8  2.1650064E-02    9  2.1438823E-02

 27.6696           70.0106008 82.3879229 21.0368196 119.964727 3493.28439 206.605683 .1403902E7 .1015032E8 .3483144E7 -127620.26
                   175892.969  136848.44 -127620.11 175892.776 136848.565 165825.532 -164485.44 205811.801 -188173.57  198371.09
                   -194258.28 -218903.25 255509.331  -283939.7 -345394.28 242281.097 305224.287 -268547.73 327522.876 -352239.63
                   -264.59516 -287.03296 145.040752 13.1071434 13.4828975  12.981726 53.9556745  3552.4099 105.186319 .373010194
                   .400394148 .169106699
Times of maxima :      .02404     .02199     .02315     .02472     .02227     .02713     .02353     .02243     .02202     .02472
                       .02227     .02713     .02472     .02227     .02713     .02715      .0237     .02229     .02353     .02243
                       .02202     .02589     .02228     .02226     .02229     .03449     .02238     .02567     .02376     .02243
                       .02404     .02199     .02315        0.3        0.3        0.3        0.3        0.3        0.3        0.3
                          0.3        0.3
             Random switching times for simulation number  9  :
                                   7  2.4990095E-02    8  2.4995903E-02    9  2.5904769E-02

 124.765           14.3867876  15.290094 79.0846483 2215.80608 126.925678 237.268185  .229915E8 337895.784 260298.422 -162626.62
                   -131270.49 137312.854 -162626.31 -131270.48 137312.824 170735.945 -210084.34 -170427.14 -204110.69 -184260.47
                   182449.066 -271879.86 -217574.59 205667.039 216816.589 -294837.66 -234783.78 -312753.17 -247391.31 218035.264
                   -119.94494 -123.65312 281.219929 12.9684319 12.9133304 12.9143661 6704.29049 44.2116528 23.2659813 .153230572
                   .164708279 .218057068
Times of maxima :      .02555     .03163     .02647     .02653     .03122     .02741     .02677     .02972     .02764     .02653
                       .03122     .02741     .02653     .03122     .02741     .02746     .02663     .02984     .02677     .02972
                       .02764     .02653     .03252     .02881     .02872     .02664     .03122     .02678     .03139     .02858
                       .02555     .03163     .02647        0.3        0.3        0.3        0.3        0.3        0.3        0.3
                          0.3        0.3
             Random switching times for simulation number  10  :
                                   7  2.3146356E-02    8  2.3767409E-02    9  2.3514882E-02

 75.3647           29.2564447 62.9087597 71.3468426 1075.61133 233.742004 129.121235 .2085875E8 .2078343E7 3191.04251 -148996.55
                   -137259.48 132400.996 -148996.18 -137259.59 132400.964 152240.531 -208118.39 179091.328 -203178.86 190188.553
                   172903.958 -246900.93 256016.818 237189.166 263968.811 -274930.05 332589.409  -291894.7 388013.278   286934.8
                   -171.04515 250.816187 267.108297 13.1888748 12.9826109 12.9326313 5944.50055 106.048847 13.9269905 .207087834
                   .258494523 .309898919
Times of maxima :      .02494     .02474     .02406     .02413     .03047     .02796     .02413     .02437     .02779     .02413
                       .03047     .02796     .02413     .03047     .02796     .02791     .02423     .02454     .02413     .02437
                       .02779      .0255     .02444     .02924     .02914     .02684     .02431     .02567     .02437     .02902
                       .02494     .02474     .02406        0.3        0.3        0.3        0.3        0.3        0.3        0.3
                          0.3        0.3
             Random switching times for simulation number  11  :
                                   7  2.9551837E-02    8  3.1080928E-02    9  3.0532646E-02

 218.725           103.475161  77.026508 24.7832398 362.219083 1750.25171 261.405608 .8577878E7 .9876408E7 .1312538E8 139174.134
                   -157309.56 -137676.02 139173.904 -157309.31 -137676.15 -180592.92 161093.329 -204535.13 197645.814 -198245.12
                   -199729.34 218788.888 -284701.14 -240079.75 299901.441  251476.38 -328198.73 282246.738  -327881.8 -317717.97
                   321.675552  -277.5365 -157.42693 12.7149949 12.7870058 12.6130368 826.905082  1536.9667 2751.37923 .434538774
                    .35864017 .151961455
Times of maxima :      .03336     .03348     .03256     .03261      .0317     .03654     .03294     .03194     .03373     .03261
                        .0317     .03654     .03261      .0317     .03654     .03501     .03277      .0318     .03294     .03194
                       .03373     .03514     .03169     .03776     .03164     .03501      .0318      .0338     .03194     .03775
                       .03336     .03348     .03256        0.3        0.3        0.3        0.3        0.3        0.3        0.3
                          0.3        0.3
             Random switching times for simulation number  12  :
                                   7  3.4044075E-02    8  3.4305439E-02    9  3.4053987E-02

 311.283           54.8777063 12.3660838 64.4722476 2648.83587 117.334504  1827.3909 .1286528E8 1192.46746 .8306347E7 167319.902
                   126213.284 -158211.81 167319.663 126213.318 -158211.69 -193483.34 206751.666 -136465.69 199611.306 -150495.28
                   -197520.04  324172.58 233719.034 -234385.71 -257860.18  395252.75 280171.948 397131.349 289770.392 -280313.45
                   234.259912 -111.20289 -253.91386 12.7230738 12.5121995 12.8404693 2308.71482 13.1058733  1007.1732 .337270851
                   .187601849  .42362051
Times of maxima :      .03459     .05063     .03459     .03467      .0393     .03469     .03491      .0477     .03491     .03467
                        .0393     .03469     .03467      .0393     .03469     .03605     .03477     .04762     .03491      .0477
                       .03491     .03468     .04066     .03726     .03738     .03478      .0406     .03491     .04045     .03749
                       .03459     .05063     .03459        0.3        0.3        0.3        0.3        0.3        0.3        0.3
                          0.3        0.3
             Random switching times for simulation number  13  :
                                   7  2.4058827E-02    8  2.3699260E-02    9  2.5294408E-02

 97.7924           37.6976822 89.9636826 80.3750584 387289.715   280.3209 385.047009 .1476656E8 792229.608 .2265164E7 -185054.17
                   -137959.58 139508.598 -185053.96 -137959.57 139508.767 185258.837 -221570.53 -181258.43 -200470.99 -186308.93
                   190739.439 -301898.46 250601.802 226321.092 271782.614 -353312.82 -323166.15 -383897.94 336694.557 297184.826
                   -194.15891 299.939465 283.504953 25.5095852 13.0033862  12.934754 2441.30816 65.0449628 154.363476 .187781821
                   .451192768 .459318926
Times of maxima :      .02576     .02743     .02582     .02592     .03048     .02751     .02616     .02933     .02869     .02592
                       .03048     .02751     .02592     .03048     .02751     .02734     .02602     .02916     .02616     .02933
                       .02869     .02591      .0259      .0292     .02912     .02602     .03181     .02615     .02578     .02898
                       .02576     .02743     .02582        0.3        0.3        0.3        0.3        0.3        0.3        0.3
                          0.3        0.3
             Random switching times for simulation number  14  :
                                   7  2.3281889E-02    8  2.2554393E-02    9  2.4050833E-02

 74.5572           53.1898874 62.0939009 68.1042553 28551.7618 546.153226 357.821657 .1259002E8 .1720384E8 .5971036E7 -176819.24
                   141829.785  139109.29 -176819.49 141829.543  139109.22 168059.789 -215825.54 210878.431 -199486.25 201562.722
                   196431.796 -260076.52 284904.604 204359.324 218130.046 -327335.12 352926.217 -337882.96 347273.176 219794.188
                   -230.62933 249.186478  260.96792 13.8030498  13.094618 12.9416441 2115.85471 3865.48295 425.676657 .204915429
                   .310808375 .477482419
Times of maxima :      .02553     .02629     .02427     .02481     .02316      .0273     .02493     .02343     .02591     .02481
                       .02316      .0273     .02481     .02316      .0273      .0261     .02478     .02329     .02493     .02343
                       .02591     .02468     .02467     .02949     .02939     .02602     .02478     .02586     .02491     .02925
                       .02553     .02629     .02427        0.3        0.3        0.3        0.3        0.3        0.3        0.3
                          0.3        0.3
             Random switching times for simulation number  15  :
                                   7  2.6611225E-02    8  2.7145021E-02    9  2.6734003E-02

 162.589            64.363011  31.976507 77.3487023 587.514561  156.85046 2711.15495 .2783325E7 166488.876 .2008639E8 142413.749
                   -136088.46 167977.071  142413.87  -136088.6  167977.18 217975.528 181085.631 -155930.77 192251.532 -180211.68
                   202839.389 -263271.33 -248940.56 222319.179  237942.26   -368924. -300368.45 -368947.02 -327420.26 254997.772
                   -253.69866 178.819761 -278.11635  12.821095  12.908675 12.9932237 356.009041  20.118041 5077.92764 .256011213
                   .245777693 .412132383
Times of maxima :      .02698     .02743     .02763     .03332     .03069      .0274     .03318      .0305      .0271     .03332
                       .03069      .0274     .03332     .03069      .0274     .02733     .03329     .03052     .03318      .0305
                        .0271     .02741     .03194       .029     .02906     .02734       .032     .02727     .03187     .02875
                       .02698     .02743     .02763        0.3        0.3        0.3        0.3        0.3        0.3        0.3
                          0.3        0.3
             Random switching times for simulation number  16  :
                                   7  2.5175834E-02    8  2.6132281E-02    9  2.5409900E-02

 104.711           68.7049209 16.2076524 64.8797417 1040.68112 129.742038 823.971092  .111986E8  1408.5224 .2043085E8 -148543.03
                    -132718.8 145671.297 -148542.74 -132718.87  145671.29 194659.454 -205707.46 -133007.57 -198851.74 -153198.46
                   202990.924 -280712.36  -217443.6 224352.712 275211.166 -346742.39 -233971.27 -367327.71 -248023.73 302380.345
                   -262.11624 127.309278 254.715021 12.9503752 12.9080305 12.9767682 2272.61216 13.2475028 3448.93279 .312415822
                   .154399328 .256028256
Times of maxima :      .02691     .02667     .02569     .02601      .0311     .02729     .02627     .03083     .02728     .02601
                        .0311     .02729     .02601      .0311     .02729     .02715     .02614     .03058     .02627     .03083
                       .02728     .02601     .03192     .02887     .02853     .02596     .03196     .02604     .03085     .02868
                       .02691     .02667     .02569        0.3        0.3        0.3        0.3        0.3        0.3        0.3
                          0.3        0.3
             Random switching times for simulation number  17  :
                                   7  3.1020265E-02    8  3.0781811E-02    9  2.9725923E-02

 231.023           23.0516251 73.1468144 13.0754158 135.040207 2152.33916 273.558984 2408.84545 .2217153E8 714567.275 135401.552
                   -161919.27 -137858.49  135401.62 -161918.97 -137858.38  -166299.9 149796.255 -208139.65 164746.339 -203753.39
                   -186069.54 219301.691 -275930.61 -225388.06 -256019.49  240403.15 -291929.36 261525.393 -329287.29 -276941.09
                   151.827616 270.456677 114.347784 12.7181494 12.8221469 12.5494852 13.5531172 6379.67962 41.1357407 .204714581
                   .234202692 .154859815
Times of maxima :      .03187     .03125     .03549     .03281      .0314     .03618     .03253     .03139     .03644     .03281
                        .0314     .03618     .03281      .0314     .03618     .03628     .03398      .0315     .03253     .03139
                       .03644      .0349      .0314     .03749     .03756     .03498     .03151     .03513     .03165     .03766
                       .03187     .03125     .03549        0.3        0.3        0.3        0.3        0.3        0.3        0.3
                          0.3        0.3
             Random switching times for simulation number  18  :
                                   7  3.3456646E-02    8  3.4055701E-02    9  3.4228840E-02

 309.364           18.8463164 54.0859374 62.6815207 405.935533 126.360106 970.512434 .1278125E8 .3514317E7 .1426409E7 139814.052
                   130977.599 -147624.24 139813.835 130977.683 -147624.16 -166826.17 206254.248 184411.887 199573.145 194346.758
                   -188241.49 256174.214 220832.793 -218797.81 -234067.97 271347.082  253559.69 279020.668 270320.993 -253521.09
                   137.281887 -232.56384 -250.36278 12.4577718 12.5170321 12.5496587 4710.10724 677.983857 56.5301647 .154577376
                   .215292723 .223449494
Times of maxima :        .034     .03646     .03453     .03484     .03958     .03575     .03509     .03685     .03609     .03484
                       .03958     .03575     .03484     .03958     .03575     .03576     .03495     .03808     .03509     .03685
                       .03609     .03485     .04082     .03793     .03674     .03496     .04075      .0351     .04061     .03688
                         .034     .03646     .03453        0.3        0.3        0.3        0.3        0.3        0.3        0.3
                          0.3        0.3
             Random switching times for simulation number  19  :
                                   7  3.6242625E-02    8  3.5974946E-02    9  3.6760975E-02

 344.289           64.3067077 63.3840702 14.9487832 125.888179 863.067736 1627.05341 2405.80142 .1513506E8 .1475505E8 -130732.99
                   146197.181 -155849.36 -130732.87 146197.008 -155849.18 -214147.35 -150963.28 185918.569 -164713.26 200636.791
                   -200465.81 -225361.46 236090.871 -280827.06 -336729.28 -254255.15 268218.104 -285110.83 282242.265 -349245.27
                   253.587673 -251.76193 -122.26522 12.3320244 12.5967851 12.4828171 13.2366813 2457.86434 3296.63069 .271659858
                   .243680759 .161558981
Times of maxima :      .03651     .03773     .04347     .04161     .03937     .03689     .04182     .03811     .03712     .04161
                       .03937     .03689     .04161     .03937     .03689     .03697     .04177     .03949     .04182     .03811
                       .03712     .04288     .03938     .03686     .03697     .04297     .03938     .04311     .03959     .03685
                       .03651     .03773     .04347        0.3        0.3        0.3        0.3        0.3        0.3        0.3
                          0.3        0.3
             Random switching times for simulation number  20  :
                                   7  2.7752468E-02    8  2.8447064E-02    9  2.7390135E-02

 170.998           60.7815276 66.3556311 141.936743 133.873138 226.567824 1743.48917 .1088623E8 .2562355E7 .2436428E8 134815.086
                   -137151.22  157230.05 134815.254 -137151.16 157229.776 225032.876 188745.141 -191638.54 198708.752 -191609.51
                   204706.214 -228429.48 -244131.48 214321.762 241836.827 -262656.94 -288734.36 -324641.48 -312961.54 249685.948
                    -246.5391 257.595868 -376.74493 12.7602009 12.8783167 12.8869204 2684.18581 561.680715  3981.0422 .197913023
                   .216409835 .388139234
Times of maxima :      .02795      .0287     .02992      .0331     .03038     .02837     .03026     .02899     .02863      .0331
                       .03038     .02837      .0331     .03038     .02837     .02849      .0317     .02913     .03026     .02899
                       .02863     .02838     .03167      .0292     .02912      .0283     .03156     .02826     .03024     .02901
                       .02795      .0287     .02992        0.3        0.3        0.3        0.3        0.3        0.3        0.3
                          0.3        0.3
             Random switching times for simulation number  21  :
                                   7  2.9512163E-02    8  2.9671733E-02    9  3.1135300E-02

   223.4           73.4333136 103.147532 48.1486931 1697.90172 1191.35537 131.294597 .6518516E7 .1027483E8  .139117E8 156691.949
                   -150481.15 -133510.51 156691.763 -150481.14  -133510.6 186669.557 193198.891 -203278.08 196687.984  -198428.3
                   200085.344 225433.106 -273066.14 259864.918 366428.804 246172.329 -339683.65 275876.299 -375892.66 370752.247
                   270.985818  -321.1659 219.428105 12.8983688 12.9594541  12.607387 1933.80011 3015.96667 713.150659 .342066552
                   .482833583  .24194653
Times of maxima :      .03043      .0346     .03232     .03311     .03037     .03634     .03159     .03036     .03004     .03311
                       .03037     .03634     .03311     .03037     .03634     .03023     .03323      .0304     .03159     .03036
                       .03004     .03352     .03178     .03027     .03024     .03489     .03186     .03203     .03167     .03037
                       .03043      .0346     .03232        0.3        0.3        0.3        0.3        0.3        0.3        0.3
                          0.3        0.3
             Random switching times for simulation number  22  :
                                   7  2.0395421E-02    8  2.1039910E-02    9  2.0470267E-02

 30.8827           41.2474362 75.3206769 64.7931682 544.386082 935.521345 126.859931 .7431006E7 .1894658E8 .4997044E7 -141804.42
                   147162.434 -131236.32 -141804.48  147162.17 -131236.47 -197139.19 -193856.16 207983.649 -197113.52 202336.419
                   -195974.39 -232908.98 252531.808 -221145.84 -238037.61  -266859.3 293524.065 -274981.55 297221.944 -240865.74
                   203.094648 -274.44613 254.545022 13.1479401 13.3111712 13.0357616 1980.76318 6579.74651 1185.74322 .193126296
                   .225369937 .294899296
Times of maxima :      .02063     .02132     .02253     .02568     .02165     .02116     .02443     .02161     .02126     .02568
                       .02165     .02116     .02568     .02165     .02116     .02112     .02432     .02166     .02443     .02161
                       .02126     .02567     .02298     .02163     .02157     .02564     .02167     .02579     .02294     .02142
                       .02063     .02132     .02253        0.3        0.3        0.3        0.3        0.3        0.3        0.3
                          0.3        0.3
             Random switching times for simulation number  23  :
                                   7  2.5432712E-02    8  2.4151033E-02    9  2.4001344E-02

 112.404           50.6005982  59.842278 70.2064768 2246.43392 490.858915  1032.4093 .2594672E8 2988.53326  .662553E7 -162965.88
                   -141041.05 148434.816  -162965.8 -141041.19 148434.989 183658.984  -216124.5 -154063.32 -205388.65 -170853.35
                   196737.983 -292807.71 250492.617 213822.592 219047.546 -362610.18 361388.495 -372680.16 361663.589 235171.745
                   -224.94577 244.626814 264.965048 13.4757595 12.9762801 12.9830176 6452.07697 14.6477106 611.794357 .200871213
                   .277905535 .467987682
Times of maxima :      .02593      .0251     .02694     .02605     .03071     .02776     .02452      .0319     .02628     .02605
                       .03071     .02776     .02605     .03071     .02776     .02609     .02473     .03056     .02452      .0319
                       .02628     .02604     .02484     .02944     .02905     .02616     .02473     .02629     .02486      .0292
                       .02593      .0251     .02694        0.3        0.3        0.3        0.3        0.3        0.3        0.3
                          0.3        0.3
             Random switching times for simulation number  24  :
                                   7  3.3040164E-02    8  3.4352425E-02    9  3.5032232E-02

 305.267           27.2636814  24.769566 52.1761567  134.23467 135.312231 128.303091 .3041044E7 .2413506E7  .205112E7 -134997.02
                   135537.941 -131981.05 -134997.17 135537.927 -131980.84 -176731.59 177344.027 187228.449 -192995.18 191174.682
                   -190108.02 237459.961  230371.03 -214217.73 -230136.12 278238.621 276088.574 300215.534 280740.854 -242150.16
                   -165.11717  -157.3835 228.421008 12.3979181 12.5139329 12.5280052 391.743269 479.256743 282.752812 .198014711
                   .196943218 .296647959
Times of maxima :      .03851     .03726     .03602     .04162     .03897     .03656     .04146       .039     .03689     .04162
                       .03897     .03656     .04162     .03897     .03656     .03672     .03576     .03901     .04146       .039
                       .03689     .03565     .04027     .03797     .03787     .03563      .0403     .03551     .04018     .03651
                       .03851     .03726     .03602        0.3        0.3        0.3        0.3        0.3        0.3        0.3
                          0.3        0.3
             Random switching times for simulation number  25  :
                                   7  3.3734590E-02    8  3.6656011E-02    9  3.4681372E-02

 327.226           23.0209251 68.3792385 93.7803795 619.946483  660.79787 360.412418 .9388549E7 .1641633E8 959597.141 -142868.97
                   143438.561 -139147.32 -142868.91  143438.23 -139147.34 -170519.36  194586.99 201583.804 198020.379 201211.217
                   -186822.78 264329.253 262048.349  -242586.6 -307811.46 287370.766 304798.988 343077.989  342734.84 -318338.67
                   151.726481 -261.49424 306.235823  12.463369  12.563104 12.5302349 3182.70543 3708.78674 110.459986 .163139069
                   .287666069 .334125426
Times of maxima :      .03427     .03843     .03717     .04127     .03727     .03621     .03525     .03872     .03463     .04127
                       .03727     .03621     .04127     .03727     .03621     .03447     .03542     .03866     .03525     .03872
                       .03463     .03531     .03997     .03726     .03739     .03541     .03863     .03556     .04017     .03734
                       .03427     .03843     .03717        0.3        0.3        0.3        0.3        0.3        0.3        0.3
                          0.3        0.3
             Random switching times for simulation number  26  :
                                   7  3.4983184E-02    8  3.4663769E-02    9  3.6561232E-02

 319.348            50.194445 13.9243985  21.845886 134.682635 114.325061 1155.43378 2087.21587 1328.16591 .1290419E8 -135222.36
                   124584.166 -150023.39 -135222.24 124584.219 -150023.11 -212632.96 -154650.14 144363.269 -161187.66 152203.074
                   -199628.97 -232073.77  219711.77 -227537.45 -274273.66 -276044.98  227668.64 -280131.68 258163.158 -307004.76
                   224.041168 -118.00169 147.803539 12.3398564 12.5103807 12.5658134  13.131438 12.8643052 3150.44984 .288352429
                   .158802621 .188219124
Times of maxima :       .0354     .03649     .03772     .04173     .03828      .0356     .04198     .03807     .03585     .04173
                       .03828      .0356     .04173     .03828      .0356     .03571     .04184     .03822     .04198     .03807
                       .03585     .04311     .04052     .03688     .03696     .04308     .04046     .04323     .03936     .03708
                        .0354     .03649     .03772        0.3        0.3        0.3        0.3        0.3        0.3        0.3
                          0.3        0.3
             Random switching times for simulation number  27  :
                                   7  2.7356989E-02    8  2.6474106E-02    9  2.8575194E-02

 161.549           57.9843324 19.5998362  26.868747 121.106995 135.230834 1649.59989 1222.63394 .2431729E7 .1978808E8 128226.243
                   -135496.98  156118.51 128226.246 -135497.15  156118.18 216295.681 147903.712 -162306.25 150877.929 -191228.02
                   202707.986 217083.032 -209688.63 254891.074 287103.132   235938.3 -217638.85 248805.226 -229673.23 294549.273
                   -240.79936 139.999415 -163.91689 12.7188204 12.9022934 12.9343893 13.1300975 146.740023 5678.46788  .22565328
                   .172639834 .152391584
Times of maxima :      .02783     .03038     .02961     .03273     .03095     .02796     .03291     .03074     .02822     .03273
                       .03095     .02796     .03273     .03095     .02796     .02808     .03272     .03059     .03291     .03074
                       .02822     .03407     .03096     .02797     .02808     .03396     .03228     .03385     .03121     .02821
                       .02783     .03038     .02961        0.3        0.3        0.3        0.3        0.3        0.3        0.3
                          0.3        0.3
             Random switching times for simulation number  28  :
                                   7  2.6417701E-02    8  2.5977208E-02    9  2.6421066E-02

 135.905           68.8183661  16.800853 66.3194212 996.363408 127.522934 3247.43915 .5641466E7 29909.5509 .1124687E8 -147963.96
                    -131578.8  173468.21 -147963.79 -131578.96 173468.011 207662.817  -190416.1 153996.356 -196277.26 -176853.51
                   198873.817 -320457.97 -241206.51 231908.718 273084.751 -398078.92 -275771.15 -395151.08 -306397.05 306607.895
                   -262.33255 129.618104 -257.52557 12.9145703 12.9073418 13.3575771 309.086717 15.8985002 2791.02533 .379453384
                   .236542875 .384808628
Times of maxima :      .02671     .04169      .0276     .02704     .03041     .02705     .02728     .03018     .02728     .02704
                       .03041     .02705     .02704     .03041     .02705     .02715     .02715     .03869     .02728     .03018
                       .02728     .02704     .03167     .02836     .02843     .02715     .03167     .02728     .03151     .02856
                       .02671     .04169      .0276        0.3        0.3        0.3        0.3        0.3        0.3        0.3
                          0.3        0.3
             Random switching times for simulation number  29  :
                                   7  3.0802822E-02    8  2.9329401E-02    9  3.1372024E-02

 220.766             63.39798 36.7591751 74.9093782 1305.75861 859.890398 479.294469 .1509816E8 .1715579E8  .128784E8 151923.569
                   -146154.39 -140875.55 151923.435 -146154.41 -140875.25 -190860.56 197804.283 -214286.77 200620.199 -201541.31
                   -199617.26 254274.995 -237471.95 -223126.66 -266786.59 313897.295 -259278.17 333654.594 -266103.27 -275614.16
                   251.789555 191.726824 -273.69578 12.7721635 12.8724384 12.5797138 1601.05637 3388.05466 2158.12571 .296782625
                   .246992341 .213084311
Times of maxima :      .03444     .02979     .03154     .03331      .0301     .03589     .03192      .0302     .03478     .03331
                        .0301     .03589     .03331      .0301     .03589     .03601     .03212     .03006     .03192      .0302
                       .03478     .03331     .03201     .03738      .0375     .03471     .03193     .03355      .0318     .03611
                       .03444     .02979     .03154        0.3        0.3        0.3        0.3        0.3        0.3        0.3
                          0.3        0.3
             Random switching times for simulation number  30  :
                                   7  2.0890749E-02    8  1.9993207E-02    9  2.0921108E-02

  15.306           64.9585302 28.4085462 29.3309878 1133.86763 508.985481 135.017742 .7980945E7 .3337394E7  .728315E7 -149746.95
                   141300.493 135390.267 -149746.91 141300.549 135390.357 -189266.34 -182784.26 179831.792 -197369.11 193843.598
                   -197044.69 -225269.01 228042.953 -265713.34 -278869.01 -244458.96  248834.98 -281024.08 265238.675 -337921.01
                   -254.86963  168.54835  171.26292 13.1738308 13.3026422 13.0095326 872.606912 345.343984 2362.58749 .233247453
                   .218430356 .195840852
Times of maxima :      .02206     .02879     .02435     .02472     .02241     .02767     .02471     .02087     .02139     .02472
                       .02241     .02767     .02472     .02241     .02767     .02162     .02476     .02073     .02471     .02087
                       .02139     .02599     .02323     .02151     .02162     .02609     .02332     .02622     .02343     .02177
                       .02206     .02879     .02435        0.3        0.3        0.3        0.3        0.3        0.3        0.3
                          0.3        0.3
             Random switching times for simulation number  31  :
                                   7  2.2007803E-02    8  2.4672553E-02    9  2.4908053E-02

 79.4077           25.8788197 104.543022 71.0211333 2964.75244 254.776596 133.938166 .2093358E8 .2434876E7 169892.059 -170610.17
                   -137576.41 134847.948 -170609.89 -137576.55 134847.993 151885.309  -216744.4 -176436.25  -203211.7 -191237.23
                     180293.8 -257592.23 235674.996 226316.868 271363.405 -277876.16  303525.25 -305198.56 310603.385 298369.896
                   -160.86895 323.331134 266.497905 13.1645958 12.9448785 12.9473227 6419.45275 316.785933 18.3446164 .203442945
                   .335302884 .253690524
Times of maxima :      .02456     .02708     .02511     .02552     .03024     .02763     .02576     .02873      .0283     .02552
                       .03024     .02763     .02552     .03024     .02763     .02848     .02564     .02887     .02576     .02873
                        .0283     .02553     .02551     .02884     .02873     .02563     .02542     .02578     .02552     .02869
                       .02456     .02708     .02511        0.3        0.3        0.3        0.3        0.3        0.3        0.3
                          0.3        0.3
             Random switching times for simulation number  32  :
                                   7  3.0932176E-02    8  3.0575195E-02    9  3.1034383E-02

 219.307           17.3591984 59.3352684 75.9332088 1001.90936 1100.13954     134.27 .2222992E8 .2152957E8 125464.732 148036.615
                   -149313.45 -135014.98 148036.462  -149313.1 -135014.93 -165840.58 194544.581 -208700.54 203778.875 -203472.83
                   -179215.99 217194.903 -266911.98 -219799.73 -245811.45 223303.577 -285610.94 234082.486  -340829.1 284107.231
                   131.754311 243.588317 -275.55981 12.7385865 12.7619315 12.5446859 2935.33714 5611.63522 20.4312186 .165063823
                   .253134247  .18055224
Times of maxima :      .03178     .03112     .03159     .03171     .03119     .03597     .03191      .0313     .03586     .03171
                       .03119     .03597     .03171     .03119     .03597     .03608     .03177     .03122     .03191      .0313
                       .03586     .03478     .03171      .0373      .0374     .03439     .03161     .03453     .03145     .03144
                       .03178     .03112     .03159        0.3        0.3        0.3        0.3        0.3        0.3        0.3
                          0.3        0.3
             Random switching times for simulation number  33  :
                                   7  2.0313861E-02    8  2.0285965E-02    9  2.0678282E-02

 3.93813             88.80764 62.0865051 7.85380278 107.118562 2260.71333 2108.19032 417.544252 .1109982E8 .1122893E8 -120593.63
                   163123.859 -161424.04 -120593.72 163123.663 -161423.81 -205154.94 -128373.94 195249.842 -139982.83 198806.547
                   -198865.61 -221931.46 222493.614 -324547.47 -400364.54 -274755.26 255451.608 -298820.76 281821.008 -397672.16
                   -298.00611 -249.17164 88.6216835  13.103844 13.5325305 13.2165934  13.272634 1608.87648 1756.50038 .481159742
                   .345340361 .142351284
Times of maxima :      .02275     .02078     .02155     .02471     .02092     .02092     .02449     .02116     .02116     .02471
                       .02092     .02092     .02471     .02092     .02092     .02103     .02432     .02102     .02449     .02116
                       .02116     .02697     .02345     .02092     .02103     .02577     .02351     .02566     .02365     .02116
                       .02275     .02078     .02155        0.3        0.3        0.3        0.3        0.3        0.3        0.3
                          0.3        0.3
             Random switching times for simulation number  34  :
                                   7  2.0277252E-02    8  2.1111140E-02    9  2.1855677E-02

 30.2728           35.0604868 64.1517153 31.4663477 124.436605 2194.83695 129.869089  363125.01 .3705762E8 .9127654E7 -129976.99
                   162393.493 -132783.73 -129976.96 162393.187 -132783.84 -203496.19 -169943.93 215926.652 -184842.11 210064.506
                   -197899.99 -214321.61 217191.892 -260115.55 -252397.06 -215194.46 226945.108 -225868.47 250614.743 -273212.75
                   187.244457 -253.28189 177.387564 13.1113812 13.2962196 13.0471029 34.6327569 10071.3554 1876.34228 .173957868
                   .191347506 .166457679
Times of maxima :      .02049     .02131     .02226     .02538     .02172     .02105     .02417     .02198     .02115     .02538
                       .02172     .02105     .02538     .02172     .02105     .02101     .02402     .02184     .02417     .02198
                       .02115     .02669     .02352     .02174     .02185     .02657     .02391     .02644     .02378     .02199
                       .02049     .02131     .02226        0.3        0.3        0.3        0.3        0.3        0.3        0.3
                          0.3        0.3
             Random switching times for simulation number  35  :
                                   7  3.4555994E-02    8  3.3913947E-02    9  3.5239499E-02

 309.049           45.6610919  65.584601 56.3411775 128.622739 621.281446 1068.17402 .2205182E7  .107987E8 .8232536E7 -132145.09
                   142887.582 -148900.09 -132145.14  142887.58 -148899.84 -203874.59 168784.171 202528.946 190562.903  198668.65
                   -197485.83 -220650.68 235032.756 -235464.61 -293000.07 -245095.87 277868.301 -272360.76 283551.409 -325107.27
                   213.684562 -256.09491 237.362966 12.3824693 12.5543602 12.5294462 176.030002 3064.49179 1386.77478 .202846942
                   .279543652  .26566496
Times of maxima :      .03509     .03757     .03617     .04175     .03916     .03517     .03579     .03793     .03542     .04175
                       .03916     .03517     .04175     .03916     .03517     .03528     .03594     .03778     .03579     .03793
                       .03542     .04312     .04043     .03645     .03656     .04305     .04051     .04291     .03931     .03667
                       .03509     .03757     .03617        0.3        0.3        0.3        0.3        0.3        0.3        0.3
                          0.3        0.3
             Random switching times for simulation number  36  :
                                   7  2.9123767E-02    8  3.0505633E-02    9  3.0210399E-02

 227.548           110.028187 93.4257521 21.8009123 124.236899 361775.667 696.076443 2698.57339 .1489017E8 .2121543E7 129872.687
                   -184811.29 -143926.59 129872.623 -184811.09  -143926.5 188202.977 142137.541 -207126.34 167844.779 -200526.64
                   190316.212 227587.593 -283837.87 284337.933 345565.001 278511.075 -327131.62 290667.878 -336530.56 381626.293
                   331.704969 -305.65626 -147.65132 12.7175977 27.0979797 12.7008741  13.298746 3835.83583  239.29642 .493882807
                   .397812578 .190171745
Times of maxima :      .03167     .03416     .03079     .03357     .03112     .03593     .03237     .03102        .03     .03357
                       .03112     .03593     .03357     .03112     .03593     .02986     .03245     .03123     .03237     .03102
                          .03      .0347     .03112     .03112     .03123      .0347     .03123     .03459     .03259     .03136
                       .03167     .03416     .03079        0.3        0.3        0.3        0.3        0.3        0.3        0.3
                          0.3        0.3
             Random switching times for simulation number  37  :
                                   7  2.5379270E-02    8  2.6954554E-02    9  2.7222438E-02

 138.968           57.6546779 17.0431738 57.4709862 125.696533 119.679335 1053.25387 107219.434 2760.94859  .809362E7 130633.327
                   -127468.29 148706.273  130633.32 -127468.21 148706.239 190519.273 162606.485 -155854.04 -178769.65 -168499.49
                   197421.401 229728.811 -215458.27 222639.487 261819.897 -275241.57 -240636.97 -309809.59 -259775.84 273045.849
                   240.113885 -130.54951 -239.73107 12.7602416 12.9047797 12.9520832 18.1676674 14.2593934 1809.72514 .285924707
                   .161527052 .248007748
Times of maxima :       .0307     .03301     .02839     .03372     .02983     .02757     .02807     .03112     .02759     .03372
                       .02983     .02757     .03372     .02983     .02757      .0275     .03377     .03129     .02807     .03112
                       .02759     .03509     .03122     .02891     .02886     .02777     .03117     .02764     .03131     .02901
                        .0307     .03301     .02839        0.3        0.3        0.3        0.3        0.3        0.3        0.3
                          0.3        0.3
             Random switching times for simulation number  38  :
                                   7  2.9265794E-02    8  2.9058065E-02    9  2.9514922E-02

 191.265           67.1321662 63.7494742 24.8879531 136.574601 937.331019 614.795367 139554.893 .2227502E8 .1275905E7   135776.4
                   -147186.17 -142796.79 135776.507 -147186.13 -142796.82 -176343.74 158448.176 -207890.54 179559.195 -203798.55
                   187786.381 229252.531 -228153.78 276198.244 358432.654 278727.179  -231315.3  290387.53 -252520.27 386058.523
                   259.098758 252.486582 -157.75916 12.7196435 12.9005073 12.6634592  17.278683 5153.19975  139.43729 .380936461
                   .303710475 .150407028
Times of maxima :      .03027      .0296     .02993     .03364     .02983     .03594     .03338     .02963     .02992     .03364
                       .02983     .03594     .03364     .02983     .03594     .03591     .03321      .0298     .03338     .02963
                       .02992     .03456     .03243     .02994     .02981     .03453     .03279     .03461     .03264     .02992
                       .03027      .0296     .02993        0.3        0.3        0.3        0.3        0.3        0.3        0.3
                          0.3        0.3
             Random switching times for simulation number  39  :
                                   7  2.4932867E-02    8  2.5076183E-02    9  2.3208723E-02

 83.3839           32.4193769 38.4783174 44.3717647 463.383784 119.244277 120.285237 .9716122E7 43803.8255 .1313919E7 -140646.38
                   -127236.27 127790.477 -140646.34 -127236.32 127790.473 156974.398 -202857.87 -151460.93 -198171.34 -177200.92
                   187901.537 -234957.99 -218475.41 216009.829 223751.727  -277015.2 -237226.18 -300064.45 273517.502  242685.67
                   -180.05382 196.158909 -210.64607 13.0788329 12.9221855  12.924723 3722.62606 15.2933481 54.4294934 .179580393
                   .168162598 .282461799
Times of maxima :      .02545     .02623     .02852      .0254     .03147     .02767      .0253     .03123      .0258      .0254
                       .03147     .02767      .0254     .03147     .02767     .02566     .02394     .03136      .0253     .03123
                        .0258     .02561     .03146     .02973     .02935     .02564     .03157     .02548     .02547      .0295
                       .02545     .02623     .02852        0.3        0.3        0.3        0.3        0.3        0.3        0.3
                          0.3        0.3
             Random switching times for simulation number  40  :
                                   7  3.2498100E-02    8  3.4106667E-02    9  3.4283544E-02

 298.366           28.0014528 36.6973202 54.7799965 1069.41813 126.840355 538.033515  .110631E8  141274.32 .7156484E7 148916.202
                   131226.338 -141714.31 148915.967 131226.346  -141714.3 -167868.58 208028.553 172851.012 198789.741 179600.988
                   -196985.69 282401.513  229569.28 -215004.66 -217066.44 330473.957 280511.353  328160.21 291525.837 -225070.14
                   167.336346 -191.56545 -234.05127 12.5101825 12.5157429 12.5472169 1980.28862 22.5047297 640.545725 .183184161
                   .210861673 .337473082
Times of maxima :      .03576     .03646     .03448      .0349     .03821      .0362     .03515     .03843     .03615      .0349
                       .03821      .0362      .0349     .03821      .0362     .03633     .03501     .03827     .03515     .03843
                       .03615     .03491     .03955       .037     .03786     .03501     .03954     .03476     .03943     .03674
                       .03576     .03646     .03448        0.3        0.3        0.3        0.3        0.3        0.3        0.3
                          0.3        0.3
             Random switching times for simulation number  41  :
                                   7  3.5375729E-02    8  3.4035536E-02    9  3.3958018E-02

 307.873           73.2682897 31.1207777 78.4778207 1197.19734 593.685476  251598.01 .1034193E8 363050.332 .2169325E8 150555.191
                   142500.838 -182244.04  150555.39 142500.662 -182243.79   -207712. 206150.874 164504.613 198459.115 184840.393
                   -203544.44 299192.171 238008.752 -248021.78 -277066.25   351675.6 293878.538 346552.977 331772.299 -320245.81
                   270.681159 176.410821 280.138931 12.5950014 12.5440367 21.0865289 2417.54961 31.9430484 5997.53875 .247690014
                   .280216123 .417719598
Times of maxima :      .03587     .04072     .03761     .03472     .03897       .036     .03441     .03776     .03623     .03472
                       .03897       .036     .03472     .03897       .036     .03609     .03468      .0391     .03441     .03776
                       .03623       .036     .04065     .03599      .0361      .0361     .04057     .03591     .04044     .03625
                       .03587     .04072     .03761        0.3        0.3        0.3        0.3        0.3        0.3        0.3
                          0.3        0.3
             Random switching times for simulation number  42  :
                                   7  2.2947667E-02    8  2.1431097E-02    9  2.2968141E-02

 43.5679           10.5940995 80.1111034 42.7807575 1415.36605  2290.8569 125.925043 .3408795E7 .2011866E8 3010.25103 -153282.58
                   163455.858 130752.066 -153282.71 163456.071 130752.008 144060.123 -186439.71 215930.236 -194046.96 202853.595
                   171075.195 -223509.26 290022.456 221554.368 256042.232 -248498.12 334379.131  -254561.2 348605.757 280601.936
                   102.927642 283.039049 206.835097    13.2341 13.3330239  12.938058 432.805274 5337.71627 13.5360598  .16121964
                   .352990167 .291860805
Times of maxima :      .03132     .02519     .02334     .02372     .02362     .02756     .02511     .02231     .02787     .02372
                       .02362     .02756     .02372     .02362     .02756     .02805     .02375     .02217     .02511     .02231
                       .02787     .02634     .02362      .0297     .02958     .02627     .02355     .02611     .02366     .02823
                       .03132     .02519     .02334        0.3        0.3        0.3        0.3        0.3        0.3        0.3
                          0.3        0.3
             Random switching times for simulation number  43  :
                                   7  2.5051558E-02    8  2.4395705E-02    9  2.3064139E-02

 78.6515           37.8914892 123.609646 34.1813146 1481.96238 625.642212 842.974376 .7235799E7 .1292422E8 232314.596 -154098.38
                   -142948.41 145927.088 -154098.25 -142948.54 145927.257 147524.557 -196682.44 -178388.72 -197022.64 -199638.06
                   181787.234 -217598.79 258398.063 238733.896 303733.703 237420.742 334757.934 -248512.52 339747.016  357720.51
                   -194.65736 351.581635 184.881894 13.1597437 13.0037818 12.9706064 752.524671 1896.09509 23.3275959 .259045626
                   .426309928 .250139012
Times of maxima :      .02557     .02808     .02471     .02505     .02983     .02736     .02395     .02845     .02591     .02505
                       .02983     .02736     .02505     .02983     .02736       .027      .0238      .0297     .02395     .02845
                       .02591     .02696     .02503     .02824      .0283     .03461     .02512     .04328     .02526      .0284
                       .02557     .02808     .02471        0.3        0.3        0.3        0.3        0.3        0.3        0.3
                          0.3        0.3
             Random switching times for simulation number  44  :
                                   7  1.9980013E-02    8  2.0633170E-02    9  2.0761634E-02

 6.81411           37.8136639 66.3791642 20.2396667 132.370192 1015.94754 192.729618 .1898683E7 .2045004E8 .1273015E8 -134056.34
                    148220.12 -136637.72 -134056.36 148220.134 -136637.45 -207874.54 -175584.17 212632.816 -189655.85 202999.361
                   -199549.93 -211347.75 211762.283 -238241.38  -252178.6 -216139.07 234463.716 -231829.72 245324.237  -247608.6
                   194.457357 -257.64154 142.266183 13.1120903 13.2677186 13.0700277 103.839151 7124.11019 3119.55719 .181263408
                   .185605673  .16324211
Times of maxima :      .02032     .02099     .02355     .02533     .02139     .02058     .02553      .0215     .02086     .02533
                       .02139     .02058     .02533     .02139     .02058     .02072     .02534     .02136     .02553      .0215
                       .02086     .02663     .02361     .02124     .02126     .02664     .02397     .02685     .02385     .02114
                       .02032     .02099     .02355        0.3        0.3        0.3        0.3        0.3        0.3        0.3
                          0.3        0.3
             Random switching times for simulation number  45  :
                                   7  3.4514134E-02    8  3.4266758E-02    9  3.5205263E-02

 308.663           49.6595249 39.4835272 55.3263599 123.721899 583.129003 430.217482 .1281723E7  .664035E7 .1019801E8 -129603.12
                   142352.203 -140167.16 -129603.16 142352.128 -140166.87 -205307.66  176512.58 196986.347 187804.014 196744.905
                   -198393.01 -219957.76 229189.369  -219402.9 -257963.85 -243436.11 268104.569 -259933.41  275073.08 -288561.93
                   222.844172 -198.70462 235.215561 12.3818567 12.5450919 12.4851204 164.538966 2046.98256 2291.25433 .196438609
                   .227248524 .252530322
Times of maxima :        .035     .03744     .03626     .04171      .0391     .03512     .03575     .03912     .03538     .04171
                        .0391     .03512     .04171      .0391     .03512     .03524     .03591     .03906     .03575     .03912
                       .03538     .04307     .04041     .03769     .03653     .04303     .04048     .04288     .04061     .03664
                         .035     .03744     .03626        0.3        0.3        0.3        0.3        0.3        0.3        0.3
                          0.3        0.3
             Random switching times for simulation number  46  :
                                   7  2.8286747E-02    8  2.8256770E-02    9  2.9156462E-02

 186.129           68.5719723  62.908748 7.72399052 111.409243 1538.66914 2631.16773 393.866028 .7207976E7 .1290839E8 122985.184
                   -154786.99 167132.714  122985.22 -154786.72 167132.465 210014.908 128586.702 -196907.87 139637.721 -197009.68
                   199630.876 221495.255 -225956.08 318743.737 389488.433 261598.734 -272755.65 266425.382  -301884.4 396602.172
                   -261.86251 250.816164 87.8862362 12.7135908 13.0898114 12.9030206  12.877798 1393.23789 2787.51907 .395245804
                   .332547229 .138142254
Times of maxima :      .02872     .03006     .03689     .03283     .03016     .02889     .03384     .02913     .02914     .03283
                       .03016     .02889     .03283     .03016     .02889       .029     .03364     .03025     .03384     .02913
                       .02914     .03496     .03142     .02889       .029     .03504      .0315     .03517     .03164     .02913
                       .02872     .03006     .03689        0.3        0.3        0.3        0.3        0.3        0.3        0.3
                          0.3        0.3
             Random switching times for simulation number  47  :
                                   7  2.4715113E-02    8  2.3948335E-02    9  2.3454868E-02

 83.8006            57.657635 69.2786759 41.9472141 583.656916 115.981871 295.941057 .3169779E8 .8909919E7 .7409184E7 -142359.65
                   -125483.84 138192.858 -142359.56 -125483.71 138192.771 181741.273 -212869.39 180015.631 -207833.48 197799.399
                   197103.365 -235010.24 240664.788 230666.927 277724.224 -296320.81 269178.641 -322610.02 318661.324 299378.641
                   -240.12004 263.208427 204.810191 13.0613804 12.9651516 12.9520257 3973.21031 843.930565 1424.18398 .319644648
                   .229483407 .226628444
Times of maxima :      .02642     .02513     .02402     .02422     .03039     .02806     .02431     .02481     .02805     .02422
                       .03039     .02806     .02422     .03039     .02806     .02809     .02413     .02468     .02431     .02481
                       .02805     .02677     .02462     .02943     .02946     .02689     .02452     .02547     .02436     .02801
                       .02642     .02513     .02402        0.3        0.3        0.3        0.3        0.3        0.3        0.3
                          0.3        0.3
             Random switching times for simulation number  48  :
                                   7  2.4830751E-02    8  2.5962815E-02    9  2.6604156E-02

 127.975           43.6240769  16.966408 55.7695086 488.006576 127.228517 721.532471 .1696322E7 231259.708 .7571349E7 141000.195
                   -131427.04 144276.666 141000.299 -131426.98 144276.918 172124.481 -179447.66 -168131.78 189052.347 -181762.19
                   197178.809 -261421.38 -233442.56 214612.839 226876.689 -315327.85 -281700.37 -345558.69 -282645.46 245691.335
                   -208.86378 130.255165 -236.15569 12.8228563 12.9040361 12.9726091  213.07296 23.0370189 1451.82883 .233513233
                   .180203393 .336000618
Times of maxima :      .02804     .02883     .02747     .03319     .03053     .02727     .03304     .03076     .02837     .03319
                       .03053     .02727     .03319     .03053     .02727     .02714     .02724     .03061     .03304     .03076
                       .02837     .02727     .03186     .02932     .02821     .02718     .03187     .02707     .03174     .02829
                       .02804     .02883     .02747        0.3        0.3        0.3        0.3        0.3        0.3        0.3
                          0.3        0.3
             Random switching times for simulation number  49  :
                                   7  3.1585029E-02    8  3.1688163E-02    9  3.0459296E-02

 262.127           17.7506008 90.0746852 29.2937193 170.109705 800.224073 183.327589 3108.13168 .1008765E8 1950.42705 136291.923
                   -145350.43 -136494.12 136291.937 -145350.26 -136494.05 -146798.15 158937.759 -198570.86 172069.234 -198342.28
                   -159632.81 219101.562 -269800.83 -228687.77  -260525.2  232640.21 -345289.45 245563.292 -360346.75 -289223.63
                   133.231381 -300.12445 171.154081  12.717138 12.6536249 12.5366879  14.035898 2712.24828  13.228876 .166327747
                   .345118005 .258225153
Times of maxima :       .0324     .03408     .03533     .03374     .03231     .03549     .03355     .03216     .03572     .03374
                       .03231     .03549     .03374     .03231     .03549     .03554     .03365     .03241     .03355     .03216
                       .03572     .03504      .0323     .03711     .03701     .03509     .03241     .03397     .03255     .03699
                        .0324     .03408     .03533        0.3        0.3        0.3        0.3        0.3        0.3        0.3
                          0.3        0.3
             Random switching times for simulation number  50  :
                                   7  3.2278367E-02    8  3.1916277E-02    9  3.1977821E-02

 263.932           12.2961805 95.5499442 67.9692211 2856.91073 361.223418 362.417009 .1046923E8 .9947907E7 1284.13912 169498.811
                   -139159.37 -139176.85 169498.585 -139159.26 -139176.81 -134661.24 206861.702 -192218.93 198517.558 -198278.02
                   -151652.75 233421.927  -308309.3 -227376.38 -275791.81 270435.814 -385615.44 279020.502 -384202.27 -311476.32
                   110.888144 -309.11154 -260.70907  12.995572 12.6277457 12.5403133 2049.13706 626.749333 12.8826068 .169443368
                    .46163097 .424885311
Times of maxima :      .03257     .03429     .03225     .03258     .03256     .03571     .03283     .03234     .03588     .03258
                       .03256     .03571     .03258     .03256     .03571     .03579     .03269     .03252     .03283     .03234
                       .03588     .03523     .03257     .03741     .03729     .03529     .03263     .03414     .03277     .03721
                       .03257     .03429     .03225        0.3        0.3        0.3        0.3        0.3        0.3        0.3
                          0.3        0.3
             Random switching times for simulation number  51  :
                                   7  3.0745283E-02    8  3.1590892E-02    9  3.1042908E-02

 252.645           35.9828981 55.4011817 41.2210041 383.596552 875.211584 131.525146 .1220354E8 .2068335E8 .5856315E7 139487.743
                   -146359.67 -133627.98 139487.536 -146359.59 -133627.77 -178183.79 208456.033 -215771.95 199310.399 -203101.86
                   -196378.03 229704.811 -261389.69 -225083.02 -250644.45  261532.07 -286993.66 290564.428  -312704.6 -260201.83
                   189.691587 235.374556 -203.02956 12.7000546 12.6501978 12.5472125 2418.93717 3584.87386 581.375857  .22128561
                   .198070307 .206156509
Times of maxima :      .03536     .03214     .03148     .03312     .03226     .03547     .03337     .03245     .03573     .03312
                       .03226     .03547     .03312     .03226     .03547     .03558      .0332     .03231     .03337     .03245
                       .03573     .03424      .0322     .03709     .03714     .03462     .03212     .03449     .03198     .03701
                       .03536     .03214     .03148        0.3        0.3        0.3        0.3        0.3        0.3        0.3
                          0.3        0.3
             Random switching times for simulation number  52  :
                                   7  2.2083568E-02    8  2.1415170E-02    9  2.1923986E-02

 30.1045           42.6215208 39.5385985 25.9173839 123.338511 754.074099 115.881598 .1589003E7 .3073547E8 1863.78959 -129402.18
                    144722.85 125429.418  -129402.2 144722.572 125429.459 151882.667 -169529.73 221479.563 -188730.76 207428.157
                    -158634.4 -214406.15 229610.788 209618.881 236331.887 -228739.16 236835.771 -238760.08 258559.383   239335.7
                    -206.4498 -198.84315  160.98877 13.1067383 13.2012378 12.9439404  209.39331 5255.32394 14.9423853 .203432971
                   .215754816 .184522886
Times of maxima :      .02319     .02187     .02247     .02603     .02203     .02743      .0245     .02229     .02287     .02603
                       .02203     .02743     .02603     .02203     .02743     .02846     .02444     .02212      .0245     .02229
                       .02287     .02606     .02382     .02882     .02875     .02619     .02393      .0263     .02407     .02888
                       .02319     .02187     .02247        0.3        0.3        0.3        0.3        0.3        0.3        0.3
                          0.3        0.3
             Random switching times for simulation number  53  :
                                   7  2.7912089E-02    8  2.8942779E-02    9  2.8549359E-02

 191.074           40.7588651 97.6029927 25.8668503 123.384896 1789.75065 633.018527 1854.86352  .255786E8 .1633325E8 129426.454
                   -157772.79 143051.835 129426.531 -157772.49 143051.548  211289.53 139531.906 -219301.23 158530.916 -205230.28
                   201174.069 211753.234 -213488.68 268704.878 290186.747 222050.153 -249083.73 231785.318 -270409.55 321967.295
                   -201.88825 312.414777 -160.83175 12.7209825 12.9662929 12.7429108 13.3502173 7966.36053 4366.91241 .176501298
                   .197957571 .153610773
Times of maxima :      .02826     .02942      .0295     .03359     .02956     .02851     .03478      .0298     .02879     .03359
                       .02956     .02851     .03359     .02956     .02851     .02865     .03346     .02966     .03478      .0298
                       .02879     .03484     .03231     .02956     .02968     .03492     .03093     .03474     .02982     .02981
                       .02826     .02942      .0295        0.3        0.3        0.3        0.3        0.3        0.3        0.3
                          0.3        0.3
             Random switching times for simulation number  54  :
                                   7  2.5081733E-02    8  2.3355956E-02    9  2.4219343E-02

 91.7492           48.9946957 32.0658747 66.1925305 1551.02117 117.563355 347.016844 .3356713E8 .6633126E7  .101544E8 -154936.33
                   -126336.32 138950.342 -154935.97 -126336.34  138950.04 189125.701 -207191.58 196639.536 -208616.65 196741.531
                   198372.969 -239787.68 244006.709 213079.429  241602.99 -272837.44 246697.852 -287156.02 276582.754 246333.084
                   -221.34745 -179.06947 257.279091 13.0839367 13.0014533 12.9301445 11053.8861 780.784203 1692.00019 .184068288
                   .190777515 .182321915
Times of maxima :      .02535     .02355     .02445     .02481     .03125     .02697     .02508     .02423     .02724     .02481
                       .03125     .02697     .02481     .03125     .02697      .0271     .02494     .02409     .02508     .02423
                       .02724     .02575     .02483     .02866     .02854     .02583     .02494     .02597     .02509     .02855
                       .02535     .02355     .02445        0.3        0.3        0.3        0.3        0.3        0.3        0.3
                          0.3        0.3
             Random switching times for simulation number  55  :
                                   7  2.0600059E-02    8  1.9744919E-02    9  1.9941753E-02

 15.6701           57.8910075 25.1456485  29.352565 135.351273 948.396941 534.315377 .5865558E7 241141.562 .1412458E8 -135557.56
                   147332.463 -141661.59 -135557.48 147332.476 -141661.46 -198327.35 -181493.53 158882.364 -196382.36 181996.499
                   -200181.51 -212564.71 221049.487  -266989.7   -273629. -231973.73 233011.601 -253686.92 258419.913 -310393.37
                   240.605502 158.573795 171.325903 13.1116663 13.3046873 13.0353228 460.903496 27.8871112   4276.228 .213769593
                   .193902353 .181367792
Times of maxima :       .0208     .02434     .02278     .02441     .02211     .02126     .02443     .02061     .02146     .02441
                       .02211     .02126     .02441     .02211     .02126     .02133     .02453     .02048     .02443     .02061
                       .02146     .02569      .0242     .02123     .02133     .02606     .02299     .02593     .02313     .02147
                        .0208     .02434     .02278        0.3        0.3        0.3        0.3        0.3        0.3        0.3
                          0.3        0.3
             Random switching times for simulation number  56  :
                                   7  2.0370169E-02    8  1.8248933E-02    9  1.9335642E-02

 7.57595           68.7758865 13.9248625 33.5565594 130.833358 494.066021 1435.58402  .269663E7 2940.17799 .1640305E8 -133275.92
                   141087.258  -153531.3 -133275.88 141087.147 -153531.11 -207922.69 -172750.21 155576.981 -192000.13 170357.699
                   -201205.28  -218825.1 214890.225 -281080.54 -298327.51 -271648.59 236086.809 -307270.15 266297.035 -302914.68
                   262.251571 118.003654 183.184496 13.1280336 13.3025331 13.1364337 165.252669 14.4250551 4356.52558 .288876505
                   .165526403 .226339135
Times of maxima :      .02083      .0211     .02414     .02571     .02189       .021     .02451     .02206     .02123     .02571
                       .02189       .021     .02571     .02189       .021      .0211     .02434     .02189     .02451     .02206
                       .02123     .02699     .02347     .02099     .02091     .02582     .02309     .02573     .02325     .02078
                       .02083      .0211     .02414        0.3        0.3        0.3        0.3        0.3        0.3        0.3
                          0.3        0.3
             Random switching times for simulation number  57  :
                                   7  2.2053418E-02    8  2.0798602E-02    9  2.0557048E-02

  23.918           52.8164732 48.5927393 12.0218385 119.710719 896.421386  129.48592 2816.94691  .132675E8 2922.55694 -127485.01
                   146643.022 132587.786 -127484.92 146642.765 132587.806 150571.725 -147565.96 209255.209 -169083.69 199793.772
                   170176.488 -211109.53 224503.708 228498.311 283986.975 -230358.45 274162.333 -249074.56 295686.858 301189.421
                   -229.81835 -220.43761 109.644145 13.1054061 13.3206666 12.9513334 14.0516276 2415.71267 14.9539781 .285228413
                     .3232251  .15100061
Times of maxima :      .02306     .02126     .02134     .02541     .02141     .02752      .0242     .02166     .02744     .02541
                       .02141     .02752     .02541     .02141     .02752     .02761     .02556     .02152      .0242     .02166
                       .02744     .02624     .02402     .02881     .02882     .02608     .02279     .02605     .02292     .02872
                       .02306     .02126     .02134        0.3        0.3        0.3        0.3        0.3        0.3        0.3
                          0.3        0.3
             Random switching times for simulation number  58  :
                                   7  2.9890305E-02    8  3.1524685E-02    9  2.9373024E-02

 213.629           60.7242837 90.0810303 37.3455669 171.905482 1768.15155  132.74998 .2669934E7 .8295697E7 .2668255E7  136319.44
                   -157519.77 -134248.68  136319.43  -157519.5 -134248.53 -174098.29  180065.63 -210844.57  191922.59 -197515.11
                   -191917.71 214685.724 -288868.55  -232303.5 -293253.36 234236.184  -340651.6 237458.327  -362420.5 -331829.68
                   246.422977 -300.13502 193.250011 12.7226582 12.7257982 12.5766869 262.599054 2113.03213 401.128393 .287650947
                   .406328561 .215840199
Times of maxima :      .03226     .03392     .03529     .03354     .03213     .03535     .03491     .03239     .03551     .03354
                       .03213     .03535     .03354     .03213     .03535     .03538     .03356     .03225     .03491     .03239
                       .03551     .03524     .03214     .03693     .03682     .03384     .03225     .03505     .03238      .0368
                       .03226     .03392     .03529        0.3        0.3        0.3        0.3        0.3        0.3        0.3
                          0.3        0.3
             Random switching times for simulation number  59  :
                                   7  2.8763339E-02    8  2.7901163E-02    9  2.7211064E-02

 158.356           78.2257167 43.0959422 104.968241  711.36269 1041.66655 1944.57051 .1555763E8 810924.803 .5387534E7 144137.232
                   -148555.74 159565.697 144137.117 -148555.56 159565.655 194156.012 184044.157 -167316.78 200826.589 -186366.47
                   196158.025 224623.629  -234794.4 290968.966 310726.045 284540.816 -289880.88 323948.338 -330846.47 381590.287
                   279.688607 -207.59562 -323.98803 12.7942264 12.9797087 12.7828992 1533.80283 48.9516923 1230.67529 .305022854
                   .296429514 .353251961
Times of maxima :       .0312      .0341     .03098     .03259     .02938     .02943     .03131     .02964     .02962     .03259
                       .02938     .02943     .03259     .02938     .02943      .0295     .03119     .02981     .03131     .02964
                       .02962     .03386     .03109      .0294     .02949     .03395     .03116     .03406     .03126     .02963
                        .0312      .0341     .03098        0.3        0.3        0.3        0.3        0.3        0.3        0.3
                          0.3        0.3
             Random switching times for simulation number  60  :
                                   7  2.6763637E-02    8  2.6009569E-02    9  2.6355312E-02

 133.008           75.1506901 76.3130595  79.483527 129.727693 209.245677 2383.22804 .9075687E7 .2082827E8  .262594E8 132711.621
                   -136888.69  164467.78 132711.531 -136888.66 164467.648 229212.629 -187441.53 -181919.66 -197875.99 -203165.49
                    205522.98 -265273.57 -223861.03 243197.822 316743.378 -302923.82 -257377.79 -379243.23 -272462.79 339643.018
                   -274.13626 276.248185 -281.92823 12.8066081 12.9144307 13.1852589 611.431804  3565.4206 3708.31444 .247774089
                   .287652192 .239186786
Times of maxima :       .0273     .02977     .02751     .03294     .03019     .02743     .02713     .03013     .02762     .03294
                       .03019     .02743     .03294     .03019     .02743     .02749     .02707      .0288     .02713     .03013
                       .02762     .02744     .03172     .02738     .02749     .02735      .0316     .02722     .03171     .02874
                        .0273     .02977     .02751        0.3        0.3        0.3        0.3        0.3        0.3        0.3
                          0.3        0.3
             Random switching times for simulation number  61  :
                                   7  3.2779479E-02    8  3.2313894E-02    9  3.1948726E-02

  264.47           43.9800347 46.4990885 62.7728665 918.814897 133.478771 258.932121 .2410356E8 .3014075E7  .100266E8 146940.713
                   134616.357 -137639.28 146940.653 134616.536   -137639. -173350.49 209471.114 -174899.93 204593.368  192917.62
                   -198314.21 233372.899 -254047.98   -227329. -254173.47 234117.557  -291661.9 250941.456 -374945.96  -293361.6
                   209.714174 215.636473 -250.54514 12.7115139 12.5755717 12.5446174 6513.66007 265.157735 1197.33715 .190123242
                   .236113947 .205852142
Times of maxima :      .03298      .0325      .0325     .03271     .03903     .03604     .03268     .03882      .0363     .03271
                       .03903     .03604     .03271     .03903     .03604     .03487     .03267     .03301     .03268     .03882
                        .0363     .03393       .033     .03736     .03767     .03487     .03293     .03419      .0328     .03759
                       .03298      .0325      .0325        0.3        0.3        0.3        0.3        0.3        0.3        0.3
                          0.3        0.3
             Random switching times for simulation number  62  :
                                   7  3.0712640E-02    8  3.3422980E-02    9  3.3819604E-02

 272.503           29.2748925 50.0738342 69.1510492   2292.094 128.659328 318.495431 .2256547E8 246834.686 64013.4265 163469.991
                    132164.03 -138528.25 163469.689 132163.932 -138528.16 -157293.76 214831.523 171711.896   203925.2 182131.222
                   -177703.83 274495.464 218762.489 -222982.64 -257946.17 318002.442 257676.827 340477.816 276589.178 -288498.13
                   -171.09907 -223.77184 -262.96587 12.6531037 12.5300857 12.5492729  6200.3927 34.5449825 14.7775752 .196815412
                   .247313333  .22235245
Times of maxima :      .03907     .03593     .03435     .03443     .03884     .03587     .03468     .03756     .03719     .03443
                       .03884     .03587     .03443     .03884     .03587     .03586     .03454     .03767     .03468     .03756
                       .03719     .03444     .04039     .03756     .03742     .03455     .04033     .03468     .04022     .03748
                       .03907     .03593     .03435        0.3        0.3        0.3        0.3        0.3        0.3        0.3
                          0.3        0.3
             Random switching times for simulation number  63  :
                                   7  2.7314990E-02    8  2.8104128E-02    9  2.8287049E-02

 162.909           41.7649926 42.2875231 41.2057808 408.853496 360.203651 1217.50417 .2669893E7 .7107871E7 .1833361E8 139856.296
                   -139144.21 150812.936 139856.349 -139144.27 150812.983 214283.871 173135.286 -196045.73 191922.472 -196963.03
                   202064.935 212935.639 -222684.83 230916.802 257109.658 230276.869 -237268.02 245160.625 -269437.33 274126.939
                   -204.36485 205.639303 -202.99207 12.7382532 12.8945905 12.8525248 253.630733  1566.7573 4953.23481 .191150837
                   .180872198 .198674404
Times of maxima :      .02767     .02831     .03081      .0327     .03043     .02809     .03118     .03024     .02819      .0327
                       .03043     .02809      .0327     .03043     .02809     .02805     .03263     .02885     .03118     .03024
                       .02819     .03492     .03096     .02874     .02885     .03491     .03136     .03506     .03121     .02899
                       .02767     .02831     .03081        0.3        0.3        0.3        0.3        0.3        0.3        0.3
                          0.3        0.3
             Random switching times for simulation number  64  :
                                   7  2.4189747E-02    8  2.5359819E-02    9  2.3776319E-02

 77.9469           18.8821299 32.1910734 49.4272347 757.082814 143.779598 135.634485 .1533221E8 .1543855E7 96509.5518 -144763.98
                   -135887.41 135699.227 -144763.65 -135887.57 135699.227 158499.064  -213497.5 -168558.88 -200725.39 -188595.15
                   178506.629 -225847.34  -224541.2  238186.51 245159.677 -235368.05 -251408.18 -265254.36 -281728.48 294202.115
                   -137.41226  179.41871 222.322367 13.0699432 12.9269097 12.9314785 3499.84325 232.840226 17.1840453 .160849836
                   .200722594   .2350177
Times of maxima :      .02474     .02896     .02432     .02438     .03076     .02822     .02464     .03056     .02803     .02438
                       .03076     .02822     .02438     .03076     .02822      .0282      .0245     .03046     .02464     .03056
                       .02803     .02617     .03203     .02952     .02916     .02607      .0319     .02594     .03183     .02931
                       .02474     .02896     .02432        0.3        0.3        0.3        0.3        0.3        0.3        0.3
                          0.3        0.3
             Random switching times for simulation number  65  :
                                   7  3.1102155E-02    8  3.1256726E-02    9  3.0765009E-02

 239.815           44.4442383 65.7386925 38.4302748 135.180938 1396.37726 131.717144 .1486497E8 .2019707E8 .4426098E7  135472.37
                   -153049.01 -133725.17 135472.156 -153048.76 -133725.26 -177568.68 180019.055  -219454.4 200515.295  -202888.1
                   -195705.28 211628.624 -276640.42 -224044.17 -271282.85 238953.625 -312114.35 246876.353 -336029.68 -290511.82
                   210.818022 256.395578 -196.03641 12.6995332 12.7492049  12.542964 2435.88968 3022.04975 569.412228 .259895801
                   .259230856 .170767309
Times of maxima :      .03492     .03166     .03269     .03282     .03187      .0367     .03307     .03211     .03527     .03282
                       .03187      .0367     .03282     .03187      .0367     .03526     .03288     .03197     .03307     .03211
                       .03527     .03393     .03192     .03796     .03785     .03406     .03197     .03394     .03166     .03793
                       .03492     .03166     .03269        0.3        0.3        0.3        0.3        0.3        0.3        0.3
                          0.3        0.3
             Random switching times for simulation number  66  :
                                   7  3.4465818E-02    8  3.4140198E-02    9  3.4660356E-02

 314.286           71.3359046 13.6092656 60.1300529 226.733705 121.860574 596.381997 .1248677E7 2424.08693 .2072294E8 -137153.55
                   128624.514 -142538.48 -137153.67 128624.566 -142538.56 -207703.35 176215.169 150667.248 187703.815 164911.775
                   -203119.25 273669.214 237402.939 -233506.73 -259778.81 366119.243 274743.844 384064.246 284368.105 -289708.03
                   267.087822 -116.65876   245.2143 12.4258103 12.5147966 12.5463922 93.5349402 13.5763442 6244.49598 .272218572
                   .170394595 .317003534
Times of maxima :      .03488     .03533     .03569     .04128     .03859     .03662     .03533     .03838     .03647     .04128
                       .03859     .03662     .04128     .03859     .03662      .0352     .03537     .03851     .03533     .03838
                       .03647     .03534     .03984     .03813     .03649     .03522     .03992     .03533     .04004     .03663
                       .03488     .03533     .03569        0.3        0.3        0.3        0.3        0.3        0.3        0.3
                          0.3        0.3
             Random switching times for simulation number  67  :
                                   7  2.5588061E-02    8  2.6102258E-02    9  2.4753077E-02

 100.256           54.3280343 32.8531261  41.348538 1084.40841 121.007907 499.678784 .1928971E8  .115611E7 .8329562E7 -149110.29
                    -128173.8 141167.632 -149109.99 -128173.78 141167.501  200651.16 -215669.92 -175949.11 -202488.09 -187422.58
                   197530.802 -246012.78 -211663.96 223137.087 246924.796 -268036.68 -219961.26 -285935.49 -232268.49 254425.412
                   -233.08375 181.254313 203.343399 13.0124319 12.9100287 12.9156679  4931.1096 111.948751 2648.71761 .208770816
                   .177287449 .190815807
Times of maxima :      .02592     .02829       .025     .02535     .03012     .02755     .02563     .03018     .02645     .02535
                       .03012     .02755     .02535     .03012     .02755     .02631     .02549     .03013     .02563     .03018
                       .02645     .02625     .03133     .02884     .02874     .02633     .03136     .02648     .03249     .02896
                       .02592     .02829       .025        0.3        0.3        0.3        0.3        0.3        0.3        0.3
                          0.3        0.3
             Random switching times for simulation number  68  :
                                   7  3.3321352E-02    8  3.4321872E-02    9  3.3732916E-02

 301.474           85.1647896 4.71092738 61.2527852 1553.78929  107.31551 751.009579 .2284138E8 1382.60911 .1941776E8 154969.716
                    120704.43 -144681.19 154969.387 120704.527 -144680.71 -193264.88 223430.873   141221.8 204045.363 152878.728
                   -202544.63 278310.041 211756.983 -214942.66 -242297.17 322614.434  228074.35 361004.727 230020.835 -249488.67
                    291.83007 68.6361959   -247.493  12.609123 12.5098915 12.5595289 3327.94981 12.8698623 3686.78299 .225192048
                   .135984303 .208312552
Times of maxima :      .03521     .04412      .0339     .03434     .03943     .03526      .0346     .03909     .03554     .03434
                       .03943     .03526     .03434     .03943     .03526     .03542     .03446     .03927      .0346     .03909
                       .03554      .0344     .04034     .03698     .03685     .03433     .04025      .0342     .04043     .03698
                       .03521     .04412      .0339        0.3        0.3        0.3        0.3        0.3        0.3        0.3
                          0.3        0.3
             Random switching times for simulation number  69  :
                                   7  2.4069353E-02    8  2.4689048E-02    9  2.4951564E-02

 108.153           18.7648796 95.1637629 74.8531681 2877.03587 132.568454 123.411543 .1816768E8 291252.928 .3690492E7 -169707.21
                   -134156.59 129440.456 -169706.88 -134156.71 129440.506 157970.814 -219934.89 -174791.22 -201991.33 -183175.79
                   194845.345 -272728.42 234908.528 225209.955 260403.131 -299868.43 -285995.47 -330440.42 317807.291 281708.259
                   136.984961 308.486244  273.59307 13.2012884 12.9366606 12.9251978 5147.75696 45.4732451 238.813156 .163084434
                   .310903839 .283335253
Times of maxima :      .03023     .02711      .0252     .02557     .03027     .02768     .02583     .02877     .02833     .02557
                       .03027     .02768     .02557     .03027     .02768       .027     .02568     .02893     .02583     .02877
                       .02833     .02557     .02556     .02887     .02879     .02568     .03147     .02581     .02554     .02867
                       .03023     .02711      .0252        0.3        0.3        0.3        0.3        0.3        0.3        0.3
                          0.3        0.3
             Random switching times for simulation number  70  :
                                   7  3.5497741E-02    8  3.6012763E-02    9  3.5123182E-02

 340.842           64.5899787 50.1028707 130.072185  129.22144 657.987921 1815.58373 .7608826E7 .1338881E7  .351125E8 -132452.13
                    143399.29 -158074.32 -132452.33 143399.205 -158074.14 -233322.21 -172008.34 156674.376 197196.236 187977.076
                   -209259.97 252861.739 230664.638 -229535.33 -224740.12 292397.924 288682.481 370029.246 333765.622 -248698.77
                   254.145586 -223.83671 360.655217 12.4013431 12.5440872 12.6201813  1353.4769 85.9290934 4569.33356 .194163245
                   .229419318 .429885389
Times of maxima :      .03568     .03643     .03764     .04085     .03911     .03615     .03586     .04042     .03636     .04085
                       .03911     .03615     .04085     .03911     .03615     .03621     .03938     .03908     .03586     .04042
                       .03636     .03616     .04072     .03612     .03659     .03611     .03926     .03599      .0406     .03636
                       .03568     .03643     .03764        0.3        0.3        0.3        0.3        0.3        0.3        0.3
                          0.3        0.3
             Random switching times for simulation number  71  :
                                   7  2.3889079E-02    8  2.2079392E-02    9  2.2825681E-02

 69.1958           27.3409346 41.2580466 51.4576084  858.86241 937.608867 130.933233 .9614933E7 .2027381E8 .3061514E7 -146140.48
                   147190.065 133326.801 -146140.63 147189.806 133326.739 182399.693 -201851.04 214186.445 -198124.73 202921.867
                   193054.014 -228550.76 230266.691  212762.28 224089.248 -268629.85 248719.698 -269937.33 250327.736  242980.88
                   -165.35094 -203.12077 226.842695 13.1099806 13.1560445 12.9334457   2654.158 4905.13637 350.259203 .175329813
                   .194126699 .204197977
Times of maxima :      .02569     .02232     .02313     .02501     .02268     .02745     .02369     .02295     .02756     .02501
                       .02268     .02745     .02501     .02268     .02745     .02743     .02356     .02281     .02369     .02295
                       .02756     .02623     .02347     .02914     .02902     .02619     .02356     .02603     .02339     .02889
                       .02569     .02232     .02313        0.3        0.3        0.3        0.3        0.3        0.3        0.3
                          0.3        0.3
             Random switching times for simulation number  72  :
                                   7  3.0319124E-02    8  3.1797862E-02    9  3.0098096E-02

 236.123           52.5381952 99.7397358 24.9984582 690.708008 368.078969 434.417483 .4261418E7 .1465517E7 .4808044E7 143852.467
                   139260.011 -140228.03 143852.402 139260.011 -140227.76 -166627.29 168968.136 -191787.33 195627.522  -188359.4
                   -195885.39 222885.224 -281757.79 -243421.74 -308669.28 -236017.03 -337601.56 253408.842 -348593.78 -338819.86
                   229.212118 -315.81598 -158.10901 12.7551879 12.6513377 12.5793848 220.094353 267.780233  538.22544 .334586049
                    .41330092 .198429722
Times of maxima :      .03283     .03419     .03328     .03242     .03846      .0356     .03365     .03266     .03443     .03242
                       .03846      .0356     .03242     .03846      .0356     .03572     .03383     .03251     .03365     .03266
                       .03443     .03466     .03242     .03721     .03715     .04327     .03252     .03448     .03266      .0371
                       .03283     .03419     .03328        0.3        0.3        0.3        0.3        0.3        0.3        0.3
                          0.3        0.3
             Random switching times for simulation number  73  :
                                   7  2.5184537E-02    8  2.5145541E-02    9  2.5504348E-02

 118.475           66.0049591 41.5972987 70.9602987 2133.50313 128.860743 625.826299 .2208931E8  3302.2849 .2255487E8 -161708.36
                    -132267.4 142951.118 -161708.03 -132267.34 142951.114 178003.182 -227149.94 -153665.99  -203717.5 -174013.71
                   203920.579 -281050.74 -226349.38 216745.511  226597.27 -348381.37 -281335.25  -371820.4 -285375.62 250457.845
                    -256.9143 203.954158 266.383743 13.0717874 12.9138591 12.9231218 2824.85044  14.383987 3889.14837 .193975588
                   .224269539 .319885029
Times of maxima :      .02699     .02762     .02571     .02611     .03067     .02743     .02638     .02797     .02736     .02611
                       .03067     .02743     .02611     .03067     .02743     .02603     .02623     .02933     .02638     .02797
                       .02736     .02616     .03202     .02944     .02906     .02623     .03199     .02606     .03211     .02919
                       .02699     .02762     .02571        0.3        0.3        0.3        0.3        0.3        0.3        0.3
                          0.3        0.3
             Random switching times for simulation number  74  :
                                   7  2.8545609E-02    8  2.8625928E-02    9  2.8422711E-02

 176.191           78.4373607 72.1004198   30.16818 119.244318  1173.5212  1436.9355  1193.7663 .8629731E7 .1521965E8 127236.326
                   -150254.29 153547.453 127236.338 -150254.05 153547.687 201184.956 139874.652 -207177.05 150511.789 -197669.81
                   200674.814 220064.767 -230896.97 299664.226 391671.669 256036.102 -259916.36  296027.32 -269367.28   395260.5
                   280.066708 268.515213  -173.6899 12.7186171  12.983437 12.7859497 13.0683953 2020.24542 2194.03776 .429746203
                   .386091232 .149619334
Times of maxima :      .03096     .02909     .02924     .03372     .02922      .0293     .03356     .03071     .02899     .03372
                       .02922      .0293     .03372     .02922      .0293     .02927     .03241     .03059     .03356     .03071
                       .02899     .03506     .03202     .02921     .02927     .03378       .032     .03391     .03214      .0294
                       .03096     .02909     .02924        0.3        0.3        0.3        0.3        0.3        0.3        0.3
                          0.3        0.3
             Random switching times for simulation number  75  :
                                   7  2.7930776E-02    8  2.7687598E-02    9  2.7502728E-02

 169.571           68.9048547 53.5239944 56.3809067 120.858144 130.534475  2613.8276 1636.82849 .2095289E8 .1931389E8 128094.353
                   -133123.32 166948.569 128094.438 -133123.56 166948.403 227967.569 141613.451 -188816.61 155965.902 -203220.17
                   202498.767 232588.833 -219096.81 285418.164 352670.226 256931.355 -243466.99 -303298.24 -249406.83 361828.867
                   -262.49734 231.352533 -237.44664 12.7404659 12.9001802 13.0048851 13.2591632  4051.7866 3599.11203 .287606514
                   .258578406 .170898147
Times of maxima :      .02848     .02943     .02867     .03329     .03015     .02858     .03044      .0298     .02879     .03329
                       .03015     .02858     .03329     .03015     .02858     .02867     .03194     .02986     .03044      .0298
                       .02879     .03456     .03143     .02855     .02866     .03447     .03149     .02837     .03164     .02856
                       .02848     .02943     .02867        0.3        0.3        0.3        0.3        0.3        0.3        0.3
                          0.3        0.3
             Random switching times for simulation number  76  :
                                   7  2.8479406E-02    8  2.7466672E-02    9  2.6906019E-02

 170.479           85.7252483  55.880403 70.9734882 133.672952 1351.88601 2672.87863 272685.379 .7774463E7 .9032302E7 134714.477
                   -152498.04 167573.937 134714.419  -152498.1 167573.842 208026.509 169155.875 -176011.24 182740.546 -197273.22
                   197855.948 237155.905 -249658.45 304237.857 346475.041 275422.685 -272723.48 288732.142 -332163.88 395129.172
                   292.788743 236.390361  -266.4085 12.7758888 12.9866452 12.9074197 39.4827297 891.100763  1748.3357 .357178157
                   .359279707 .300002302
Times of maxima :      .03089     .02897     .02922     .03233      .0307     .02912     .03355     .02933     .02933     .03233
                        .0307     .02912     .03233      .0307     .02912      .0292     .03235      .0307     .03355     .02933
                       .02933      .0351     .03205     .02909      .0292     .03371     .03205      .0338     .03221     .02933
                       .03089     .02897     .02922        0.3        0.3        0.3        0.3        0.3        0.3        0.3
                          0.3        0.3
             Random switching times for simulation number  77  :
                                   7  3.1874234E-02    8  3.2353595E-02    9  3.2427436E-02

 243.944           12.0843634 88.0811538   76.06287 3267.44355 142.619126 644.282811 .1274835E8 .4385792E7 2665.27803 173667.623
                   135869.639 -143208.52 173667.371 135869.694 -143208.58 -144647.59  208264.19 -178544.06 199558.201 -195686.25
                   -167493.56 251606.975 -291730.51 -221998.28 -256769.68 294387.638 -363858.44 295443.557 -365243.93 -287596.44
                   109.928902 -296.78469 -275.79498 13.0257308 12.5807779   12.55168 2937.40014  137.28058 13.0934608 .156036491
                   .392402935 .450861333
Times of maxima :      .03301      .0347     .03267     .03303     .03901     .03615     .03328     .03279     .03585     .03303
                       .03901     .03615     .03303     .03901     .03615     .03448     .03314     .03296     .03328     .03279
                       .03585     .03437     .03303     .03785     .03776     .03446     .03307     .03559     .03298     .03763
                       .03301      .0347     .03267        0.3        0.3        0.3        0.3        0.3        0.3        0.3
                          0.3        0.3
             Random switching times for simulation number  78  :
                                   7  2.7556552E-02    8  2.8525862E-02    9  2.8483646E-02

 180.337           41.8513156 73.2789144   14.68051  121.29667 1010.49958 1105.84664 3177.93019 .1885229E8 .1803777E8 128326.722
                   -148149.27 149386.614 128326.619  -148148.9 149386.667 213424.268 151520.697 -215491.34 172772.384  -202294.7
                   201933.659 206799.589 -213682.65 279870.619 294882.694 224760.077 -215375.05 230610.758 -228528.05  370805.28
                   -204.57594 270.700784 -121.16315 12.7260206 12.9569504  12.827644 13.8459658 5327.68038 4947.20395 .189545012
                   .187453844 .145675758
Times of maxima :       .0279     .02908     .02935     .03278     .02914     .02833     .03302     .03063     .02843     .03278
                       .02914     .02833     .03278     .02914     .02833     .02829     .03295     .02926     .03302     .03063
                       .02843     .03415     .03243     .02914     .02924     .03414     .03204     .03399     .03218     .02938
                        .0279     .02908     .02935        0.3        0.3        0.3        0.3        0.3        0.3        0.3
                          0.3        0.3
             Random switching times for simulation number  79  :
                                   7  3.4443563E-02    8  3.4873788E-02    9  3.4584106E-02

 306.333           60.8037943 20.5244888 68.4729218 327.288326 129.258731 2088.13874 .1671455E7 3155.44368 .1644612E8  -138658.4
                   132471.352 -161197.89 -138658.48  132471.44 -161198.06  -210210.2 180026.855  144572.24 188977.927 172546.366
                   -201224.54 280941.766  246071.13  -224240.8 -244398.97  382112.71 293261.807  383173.85 293665.407  -271509.6
                   246.584254  -143.2637 261.673311 12.4469531 12.5165751 12.6277091 233.030852 13.7941798 4682.10974 .276544081
                   .203742427 .385498953
Times of maxima :      .03499     .03527     .03547     .04248     .03853     .03525     .03512     .03833     .03643     .04248
                       .03853     .03525     .04248     .03853     .03525     .03516      .0353      .0385     .03512     .03833
                       .03643     .03526     .03978     .03682     .03793     .03517     .03985      .0353     .03971     .03658
                       .03499     .03527     .03547        0.3        0.3        0.3        0.3        0.3        0.3        0.3
                          0.3        0.3
             Random switching times for simulation number  80  :
                                   7  2.6014172E-02    8  2.5526931E-02    9  2.6901286E-02

  117.82           44.8998434 76.4767828 62.9153427 135.443716  367.57937 700.269427 .3531572E7  .125745E8 .2899775E7 135603.754
                   -139252.62 143984.225 135603.763 -139252.67 143984.332 192298.435 -182473.96  -186057.6  -194395.7 -199479.19
                    192588.23 -241101.17 -234450.09  236303.95 282663.802 -268607.73  -274581.8 -317520.87  -285607.3 315868.977
                   -211.89583  276.54436 -250.82931 12.7770654  12.924916 12.9159223 384.691595 3150.04414 742.544723 .183517251
                   .285029158 .252201029
Times of maxima :      .02626     .02906     .02778     .03348      .0308     .02678     .02742      .0294     .02812     .03348
                        .0308     .02678     .03348      .0308     .02678     .02674     .02762     .03066     .02742      .0294
                       .02812     .02753     .03217     .02931     .02942     .02764     .03217     .02778     .03205      .0281
                       .02626     .02906     .02778        0.3        0.3        0.3        0.3        0.3        0.3        0.3
                          0.3        0.3
             Random switching times for simulation number  81  :
                                   7  3.6732050E-02    8  3.6796074E-02    9  3.5355203E-02

 340.876           113.017342 57.5685983  39.407714 130.843209  272.73864 37822.5907 1921.08672 .8488986E7 .1519799E8 -133280.81
                   137846.022 -177051.62  -133280.9 137846.096 -177051.53 -196431.77 149470.846 201574.885  -159295.9 197604.657
                   -200665.08 -238426.06 223038.104 -309914.62 -384144.13 -290295.95 236388.724 -318443.67 265230.347 -393104.93
                   -336.18052 -239.93457 198.513763 12.3726481 12.4932955 12.8715614 13.3159412 1388.44766 3550.39241 .512097059
                   .321482077 .215959595
Times of maxima :      .04047     .03729     .03791     .04201     .03895     .03738      .0431     .03765     .03716     .04201
                       .03895     .03738     .04201     .03895     .03738     .03733     .03608     .03751      .0431     .03765
                       .03716     .04334     .04022     .03739      .0375      .0434     .04028     .04209     .04046      .0376
                       .04047     .03729     .03791        0.3        0.3        0.3        0.3        0.3        0.3        0.3
                          0.3        0.3
             Random switching times for simulation number  82  :
                                   7  2.0301664E-02    8  1.8900090E-02    9  2.2559708E-02

 15.0857           99.7426198 32.0834967  39.264353 1047.42401 1442.06308 981.084713 754296.791  315072.38 .8412502E7 -148630.63
                   153610.653 -147763.44 -148630.47  153610.56 -147763.23 -199668.03 -177834.38 167610.254 -186192.08 183731.249
                   -197569.23 -257273.51 247537.608  -291933.2  -341742.1 -319612.22 291064.304 -328752.89 327621.891 -369387.69
                   -315.82055 -179.11867 198.152348 13.1688712 13.4289668 13.1333353 58.7387347 29.7054468 3283.23228 .447273294
                    .21025516 .283324733
Times of maxima :      .02403     .02209     .02287     .02449     .02221     .02092     .02471     .02243     .02116     .02449
                       .02221     .02092     .02449     .02221     .02092     .02103     .02453     .02227     .02471     .02243
                       .02116      .0258     .02318     .02092     .02103     .02584     .02329     .02573     .02342     .02116
                       .02403     .02209     .02287        0.3        0.3        0.3        0.3        0.3        0.3        0.3
                          0.3        0.3
             Random switching times for simulation number  83  :
                                   7  2.5570809E-02    8  2.5107974E-02    9  2.5403942E-02

 111.393           59.0212546 83.4540564 68.6514029  1685.1465  194.74597 1053.51622 .2045337E8 343156.388 .5565184E7 -156541.01
                   -136668.35 148709.892 -156540.65 -136668.17 148709.647 201371.742 -218759.91 -176966.86 -203000.82 -184382.04
                   196241.456 -261492.25 -228466.63 248033.104 284396.183 -368414.41 -283928.87 -385805.22 -311225.41 336607.463
                    -242.9429 288.884157 262.014127 12.9991805 12.9341257  13.043573  3394.7504 56.1645035 1089.66876 .291399277
                    .37257176 .313694847
Times of maxima :      .02584     .02613     .02568     .02601      .0304     .02746     .02594     .03045      .0288     .02601
                        .0304     .02746     .02601      .0304     .02746     .02746     .02613     .02925     .02594     .03045
                        .0288     .02601     .03185     .02913     .02901     .02614     .03193     .02626     .03196     .02904
                       .02584     .02613     .02568        0.3        0.3        0.3        0.3        0.3        0.3        0.3
                          0.3        0.3
             Random switching times for simulation number  84  :
                                   7  2.0091685E-02    8  2.2128019E-02    9  2.1241076E-02

 30.2049           36.8179297 78.4240489 51.8444225   268.1578 2529.23238 234.850378 .1731127E8 .2219524E8 .1146144E8 -137777.49
                   166045.755 -137276.23 -137777.45 166045.543 -137276.33 -206776.48 -181261.07 211311.577 -201610.58 203763.742
                    -198971.9 -213969.82 284917.741 216907.489 -244040.84 -230760.36 311449.027 -245205.53 307072.785 256681.777
                   191.879988 -280.04294 227.693703 13.1210298 13.2749919  13.064177 2404.71354 7315.91609 2574.53787 .194821114
                   .213297568 .196569206
Times of maxima :      .02031     .02232     .02361     .02404     .02275     .02087     .02398     .02269     .02097     .02404
                       .02275     .02087     .02404     .02275     .02087     .02083     .02538     .02274     .02398     .02269
                       .02097     .02674     .02275     .02884     .02269      .0267      .0227     .02558     .02258     .02861
                       .02031     .02232     .02361        0.3        0.3        0.3        0.3        0.3        0.3        0.3
                          0.3        0.3
             Random switching times for simulation number  85  :
                                   7  2.8418669E-02    8  2.8632141E-02    9  2.8642132E-02

 175.164           82.4661909 53.7027597 8.83160342 134.330641 2131.62171 338.869445 291881.973 .3798777E7 .3048815E8 135045.432
                   -161687.03 138830.151 135045.419 -161686.93 138829.778 194336.099 151931.812 -208797.99 183190.502  -195150.6
                   207323.744 222451.483 -226706.15 286511.285 347847.941 252683.733 -267777.61 271757.456 -284358.98 386544.449
                   287.169272 231.738559 -93.976611 12.7194451 13.0542256 12.6957586 26.3418554 522.432286 4232.91276 .378920873
                   .319816748 .137975812
Times of maxima :      .03085     .02895     .03314     .03225     .02933     .02902     .03349      .0296       .029     .03225
                       .02933     .02902     .03225     .02933     .02902     .02918     .03364     .02945     .03349      .0296
                         .029     .03401     .03199     .02932      .0292     .03389     .03189     .03526     .03202     .02927
                       .03085     .02895     .03314        0.3        0.3        0.3        0.3        0.3        0.3        0.3
                          0.3        0.3
             Random switching times for simulation number  86  :
                                   7  2.6171510E-02    8  2.6260353E-02    9  2.6257755E-02

 136.228           62.9986986 18.5113365  75.187109 1318.84184 133.211814 3486.00561 .1415435E7 2746.02922 .1267792E8 -152087.01
                   -134481.73 175821.641 -152086.82 -134481.85  175821.76 205636.237 -189334.73 -145242.95 -188208.38 -168343.27
                   199526.199  -305758.2 -247077.56 221080.822 245589.704 -382859.24 -288154.22 -380297.66 -298244.98 278158.207
                   -250.99542 136.056373 -274.20268 12.9059188 12.9072541 13.1495582 260.395157 14.5512539 3458.18573 .319782313
                   .218044622 .418763693
Times of maxima :      .02671     .02968      .0274     .02685     .03022     .02693     .02711     .02997     .02662     .02685
                       .03022     .02693     .02685     .03022     .02693     .02681     .02697     .03007     .02711     .02997
                       .02662     .02685     .03146     .02849     .02961      .0269     .03153     .02703     .03264     .02827
                       .02671     .02968      .0274        0.3        0.3        0.3        0.3        0.3        0.3        0.3
                          0.3        0.3
             Random switching times for simulation number  87  :
                                   7  3.1841406E-02    8  3.1763289E-02    9  3.1420033E-02

 260.105           28.0687029  58.592306 69.7599617 474.239245 338.525455 127.727652 .2794757E8  .644131E7 .5325026E7 140802.887
                   -138824.67 -131684.33 140802.599  -138824.7 -131684.54 -161782.88 195272.596 -207710.64 206245.422  -196651.9
                   -196128.65 222274.232 -269906.47 -226183.76  -271724.5 240648.396 -321782.19 -238894.25 -388704.24 -300795.66
                   167.537169 -242.05848 -264.12111 12.6984773 12.6179149 12.5402809 5929.23995 531.159357 423.924626 .209426912
                   .266197476 .215042658
Times of maxima :      .03291     .03266     .03323     .03338     .03245     .03604     .03357     .03263     .03575     .03338
                       .03245     .03604     .03338     .03245     .03604     .03562     .03215     .03248     .03357     .03263
                       .03575     .03472     .03244     .03719     .03714      .0334     .03247     .04319     .03228     .03704
                       .03291     .03266     .03323        0.3        0.3        0.3        0.3        0.3        0.3        0.3
                          0.3        0.3
             Random switching times for simulation number  88  :
                                   7  3.0495296E-02    8  2.9704551E-02    9  3.0040543E-02

 227.353           57.2426446 54.6217342 34.1790918    207.137 1091.17069 123.516673  .228709E7 .1954727E8 3466.00643 136856.529
                   -149197.68 -129495.75 136856.636 -149197.36 -129495.63 -139842.74 169264.881 -213288.36 190803.892 -202601.79
                   175626.399  223884.56 -225176.41 -212731.11 -220135.11 257745.159 -247893.83  281107.06 -303783.06 -236209.74
                   239.254351 233.712931 184.875882 12.7245004 12.8635568 12.5551857 99.5449999 5825.89432 14.0689872  .20891998
                   .189984411 .202418065
Times of maxima :      .03144     .03025     .03612     .03329     .03032     .03559     .03311     .03041     .03101     .03329
                       .03032     .03559     .03329     .03032     .03559     .03464     .03293     .03043     .03311     .03041
                       .03101     .03434       .032      .0373     .03721     .03447     .03205     .03445     .03056     .03716
                       .03144     .03025     .03612        0.3        0.3        0.3        0.3        0.3        0.3        0.3
                          0.3        0.3
             Random switching times for simulation number  89  :
                                   7  1.9157269E-02    8  2.0717618E-02    9  1.9610994E-02

 8.05319           82.0025507  73.570654 59.9090714 737.997523 3370.79386 953.495215 971329.269 .1424666E8 .2424593E8 -144502.71
                   174691.533 -147400.15 -144502.72 174691.468 -147399.81 -212901.83  -160669.8 202066.639 -186858.69 200236.624
                     -204655. -240326.09 251450.719 -294579.35 -340760.82  -269342.9 299060.254 279134.372 316733.817 -358650.73
                   -286.36087 -271.23911 244.763297 13.1678031 13.7553173 13.2471399  53.486817 1390.37337   5675.577 .383870299
                   .315848562 .218812537
Times of maxima :      .02439     .02126     .02212     .02531     .02138     .01976     .02249     .02158     .01999     .02531
                       .02138     .01976     .02531     .02138     .01976      .0198     .02395     .02148     .02249     .02158
                       .01999      .0262     .02264     .02133     .02145     .02617      .0227     .02003     .02284      .0214
                       .02439     .02126     .02212        0.3        0.3        0.3        0.3        0.3        0.3        0.3
                          0.3        0.3
             Random switching times for simulation number  90  :
                                   7  2.7530106E-02    8  2.6082500E-02    9  2.7178705E-02

 156.468            76.350418 40.7571019 70.8943288 117.155246 296.181038 2936.75404 8393.11101 .1585383E8 .2843981E8 126116.821
                   -138196.18 170322.744 126116.869 -138196.35 170322.513  228965.62 138707.288 -174633.54 -176312.82 -200959.42
                   206455.178 -239262.14 -221517.48  268944.49 318602.695 -274408.59 -263551.87 -332801.97 -287118.18  323362.06
                   -276.31579 201.883882 -266.25989 12.7566747 12.9127428 13.0542313 13.7418745 1630.52702 5608.04597 .229490606
                   .255577739 .247074279
Times of maxima :      .02807     .03055     .02827     .03275     .02975     .02817      .0279     .03091      .0284     .03275
                       .02975     .02817     .03275     .02975     .02817     .02826     .03138     .02958      .0279     .03091
                        .0284     .02816     .03245     .02816     .02826     .02807     .03113     .02803     .03126     .02839
                       .02807     .03055     .02827        0.3        0.3        0.3        0.3        0.3        0.3        0.3
                          0.3        0.3
             Random switching times for simulation number  91  :
                                   7  3.0651457E-02    8  3.2096161E-02    9  3.2247604E-02

 249.289           43.5025053 135.500137  78.943021 2092.40582 782.960034 775.582122 .1545754E8 .1018762E8 1962.78953 161246.162
                   145116.089  -145015.8 161246.147 145116.037 -145015.73 -160948.03 212551.653 181027.838 200781.668 -198388.24
                    -159774.4 236108.997 -270194.64 -245422.27 -290076.32 259112.463  -372759.9 302923.098 -373293.69 -326824.92
                   208.572542 -368.10343 -280.96801 12.8212268 12.6687605  12.589196 4127.59291 749.354853 13.4026771 .220810579
                   .467191489 .309619007
Times of maxima :      .03283     .03447     .03265     .03293     .03876     .03592     .03296     .03261     .03566     .03293
                       .03876     .03592     .03293     .03876     .03592     .03583     .03284     .03879     .03296     .03261
                       .03566     .03465     .03291     .03749     .03754     .03426     .03281     .03312     .03285     .03741
                       .03283     .03447     .03265        0.3        0.3        0.3        0.3        0.3        0.3        0.3
                          0.3        0.3
             Random switching times for simulation number  92  :
                                   7  2.5266499E-02    8  2.4274236E-02    9  2.4416201E-02

 99.7079           47.4200525 134.474303 68.1389662 2261.06034 255.482876 455.944923 .7831699E7 .8163151E7 .3097289E7 -163127.74
                    -137587.1 140539.161  -163127.5 -137587.17 140539.071 182358.461 -202142.46 -186913.79 -197299.81 197453.653
                   193156.753 -250201.46 260723.544 237028.574 299985.375 -289177.12 347849.298 -333253.22 346662.772 328851.848
                   -217.76146  366.70738 261.034416 13.1224022 12.9645091 12.9366664  2829.5076  1291.2957 186.210222 .289112407
                   .382416467 .342055668
Times of maxima :      .02555     .02669     .02469       .025     .02981     .02726     .02495     .02478     .02612       .025
                       .02981     .02726       .025     .02981     .02726     .02602     .02514     .02845     .02495     .02478
                       .02612     .02641     .02501     .02846     .02854     .02602     .02499     .02616     .02513      .0284
                       .02555     .02669     .02469        0.3        0.3        0.3        0.3        0.3        0.3        0.3
                          0.3        0.3
             Random switching times for simulation number  93  :
                                   7  2.9473612E-02    8  2.8869037E-02    9  2.7966671E-02

 183.119           60.5777663 39.1085883 93.2386259 777.827572 556.087073 125.952083 .1444527E8 .6798122E7 .1059484E7  145046.44
                   -141970.54 -130766.05 145046.271  -141970.3 -130766.05 163173.474 202617.905 -198596.45 200326.219 -196818.57
                   187128.128 239236.745 -242323.57 226569.749 247125.345 296641.693 -287201.49 312311.345 -298095.95 262831.114
                   246.125509 197.758915 -305.35001 12.8385624 12.8603269 12.6007874 3962.14062 673.759354 96.0752205 .266521493
                     .1908625 .355254439
Times of maxima :       .0305     .02918     .03171     .03335     .02947     .03605     .03209     .02979     .03016     .03335
                       .02947     .03605     .03335     .02947     .03605     .03024     .03207     .02961     .03209     .02979
                       .03016     .03472     .03211     .03012     .03005     .03471     .03079     .03483     .03078     .02992
                        .0305     .02918     .03171        0.3        0.3        0.3        0.3        0.3        0.3        0.3
                          0.3        0.3
             Random switching times for simulation number  94  :
                                   7  2.1569208E-02    8  2.0647649E-02    9  2.0469296E-02

 13.4676           70.4651609 46.3325561 37.4829458 135.688059 946.019218 122.067929 .5282686E7 .1206069E8 6030.75759 -135726.23
                   147301.076 128733.875 -135726.02 147301.053 128733.952 -166633.81 -179900.47 207524.702 -196108.75 199245.326
                   -176253.26 -220656.05 241299.899 -237925.57 252477.982 -250146.24 270125.473 -271215.95  293962.49 -325284.82
                   -265.45275 -215.24999 193.605129 13.1107856 13.3273629  12.968957 1030.00918 2576.90364   14.47076 .234639522
                   .257740991 .208313722
Times of maxima :      .02273     .02115     .02368     .02384     .02261     .02833     .02537     .02151     .02242     .02384
                       .02261     .02833     .02384     .02261     .02833     .02228     .02526     .02137     .02537     .02151
                       .02242     .02663     .02388     .02218     .02835     .02546     .02393     .02557     .02409     .02242
                       .02273     .02115     .02368        0.3        0.3        0.3        0.3        0.3        0.3        0.3
                          0.3        0.3
             Random switching times for simulation number  95  :
                                   7  2.8682082E-02    8  2.9683914E-02    9  3.0556059E-02

 213.637           42.7282322 82.1668347 43.7297675 1305.12811 3074.33271 266.737594 .3856785E7 .2603274E8 .8041062E7 151915.523
                   -171727.35 -137756.31 151915.553 -171727.05 -137756.16 201678.485 177750.539 -219026.11 195313.759 -205425.62
                   197397.014 250641.225 -233595.03 269623.459 264179.204 281626.357 -243192.48 297526.587 -290532.62 352171.552
                   206.708084 286.647579 -209.11664 12.8176071  13.017687 12.6736129 1057.03313 9083.50333 1612.88385 .258646705
                   .197708432 .205501803
Times of maxima :      .03245     .03021     .03071     .03393      .0303     .03515     .03412     .03039     .02956     .03393
                        .0303     .03515     .03393      .0303     .03515     .02942     .03127     .03042     .03412     .03039
                       .02956     .03391     .03168      .0303     .03041     .03389     .03128     .03408     .03142     .03054
                       .03245     .03021     .03071        0.3        0.3        0.3        0.3        0.3        0.3        0.3
                          0.3        0.3
             Random switching times for simulation number  96  :
                                   7  3.1448740E-02    8  3.1682590E-02    9  3.1985547E-02

  255.06            50.180848 99.7055729 69.4306041 3364.80849 322.688757  129.52612 .1440537E8 .1594631E8 .1900315E7 174632.509
                   138590.254 -132608.27 174632.425 138590.339 -132608.39 -175729.43 221256.086 -198405.13 200308.225 -201000.86
                   -189660.71 237566.959 -273626.23 -224499.19 -264962.21 288731.494 -312463.05 310549.457 -393470.19 -306557.61
                   224.010821 -315.76189 -263.49688 12.9547594 12.6345963 12.5377854 2193.06999 2081.20276 354.261166  .20525987
                   .390439999 .328621863
Times of maxima :      .03242     .03412     .03219     .03266     .03846     .03557     .03288     .03235     .03537     .03266
                       .03846     .03557     .03266     .03846     .03557     .03553     .03272     .03242     .03288     .03235
                       .03537     .03394     .03266     .03712     .03708     .03404     .03271     .03284     .03254       .037
                       .03242     .03412     .03219        0.3        0.3        0.3        0.3        0.3        0.3        0.3
                          0.3        0.3
             Random switching times for simulation number  97  :
                                   7  3.0879481E-02    8  3.0781114E-02    9  2.9932523E-02

 226.332           43.0839009  70.067287 8.71537241 122.221304  2008.7818 129.390425 2199.06588  .232999E8 .2050645E7 128814.793
                   -160299.62 -132538.98 128814.802 -160299.28 -132538.91 -176484.52  141444.44 -211958.98 162440.247 -204244.77
                   -190106.62 216799.131 -270124.33 -227985.39 272913.771 241021.957 -296520.01  262614.57 -301720.94 -284081.85
                   207.566618 264.702261 -93.356159 12.7124667 12.8574554 12.5463637 13.1396269 6795.07099 135.394221 .249616229
                   .240938638 .133650132
Times of maxima :      .03453     .03104     .03048     .03384     .03139     .03616     .03264     .03164     .03491     .03384
                       .03139     .03616     .03384     .03139     .03616     .03629     .03398      .0315     .03264     .03164
                       .03491     .03494     .03141     .03751      .0315     .03485     .03151     .03485     .03166     .03745
                       .03453     .03104     .03048        0.3        0.3        0.3        0.3        0.3        0.3        0.3
                          0.3        0.3
             Random switching times for simulation number  98  :
                                   7  2.2315166E-02    8  2.3202714E-02    9  2.4075957E-02

 67.3839           20.5423655 43.4367493  87.762288 3268.47385 181.058708 132.098919 .2920234E8 .1295766E8  2760.4932 -173677.91
                   136459.568 133918.834 -173677.63 136459.396 133918.922 164680.696 -205069.86 197399.189 -206779.32 199653.243
                   168494.724 -235901.04 253399.922 219907.933 242372.686 -278130.96 247021.438 -287075.74 298817.967 250358.648
                   -143.32608 -208.41485 296.247005 13.2216489 13.0154951  12.942179 10075.4625 3207.21047  14.831518 .195246827
                   .177516167 .198494085
Times of maxima :      .02696     .02339     .02431     .02472     .02383     .02742     .02464     .02406     .02855     .02472
                       .02383     .02742     .02472     .02383     .02742     .02869      .0248     .02393     .02464     .02406
                       .02855     .02471     .02469      .0287     .02868     .02482      .0248     .02495     .02494     .02851
                       .02696     .02339     .02431        0.3        0.3        0.3        0.3        0.3        0.3        0.3
                          0.3        0.3
             Random switching times for simulation number  99  :
                                   7  3.2542015E-02    8  3.1544291E-02    9  2.9650066E-02

 227.407           29.3051724 53.8952805 37.8298564 860.677179 580.015254 127.177459 .6060516E7 .1375255E8 16659.6075 146164.922
                   -142308.48 -131400.68 146164.963 -142308.26 -131400.61 -168453.49 185587.495  -210060.8 196473.712 -200013.38
                   -176520.94 228890.702 -283625.08 -220696.86  -256113.2 270735.906  -327059.1  291712.83 -321096.33 -261976.71
                   -171.18754 232.153571 -194.49899 12.7854039 12.6393799 12.5399922 761.969735 2208.64167 14.0920988 .209529485
                   .228743559 .267518352
Times of maxima :      .03881     .03189     .03304     .03341     .03216     .03572     .03342     .03241     .03723     .03341
                       .03216     .03572     .03341     .03216     .03572     .03707     .03327     .03227     .03342     .03241
                       .03723     .03466     .03216     .03705     .03707     .03458     .03226     .03466      .0321     .03693
                       .03881     .03189     .03304        0.3        0.3        0.3        0.3        0.3        0.3        0.3
                          0.3        0.3
             Random switching times for simulation number  100  :
                                   7  3.1686390E-02    8  3.0999537E-02    9  3.0063530E-02

  228.09           13.7949526 59.4433408 18.9518807 128.845773 1540.67844 116.031871 234578.853 .2248723E8 2682.46364 132259.813
                   -154811.31 -125510.67  132259.66 -154811.02 -125510.76 -161541.19 172792.834 -207426.87 181840.958  -203891.1
                     -167675. 215153.197 -276002.87 -212130.72 -229227.03 236255.803 -299890.36 253957.155 -320116.14 -233553.94
                   -117.45192 243.810051  137.66583 12.7156124 12.7496082 12.5362541 21.7359891 6698.16218 13.1651982 .149238617
                   .184479628 .169453198
Times of maxima :      .03826     .03135     .03442     .03252     .03161     .03688     .03407     .03186     .03667     .03252
                       .03161     .03688     .03252     .03161     .03688      .0365     .03421     .03172     .03407     .03186
                       .03667     .03435     .03162     .03786     .03779     .03423     .03172     .03411     .03186     .03794
                       .03826     .03135     .03442        0.3        0.3        0.3        0.3        0.3        0.3        0.3
                          0.3        0.3
             Random switching times for simulation number  101  :
                                   7  2.2655637E-02    8  2.1589311E-02    9  2.2323889E-02

 41.0867           49.5801201 40.2686983 39.4326761 127.493244  974.99392 131.086441  .130042E7 .2059673E8 .3565361E7 -131563.75
                   147683.408 133404.891 -131563.65  147683.14 133404.721 186771.562 -179357.21 215794.398 -187860.66 203063.821
                   194491.465 -217436.06 216460.688 213645.509 228859.393 -260528.27 236041.318 -284475.89 250837.993 244364.403
                   -222.66594 -200.67062 198.576625  13.102772 13.2070372  12.937448 146.973059 4792.09988 631.360999 .225985641
                   .185020129  .21136665
Times of maxima :      .02505     .02186     .02265     .02431     .02219     .02678     .02308     .02246     .02695     .02431
                       .02219     .02678     .02431     .02219     .02678      .0269     .02307     .02232     .02308     .02246
                       .02695     .02679       .024     .02931     .02941      .0256     .02307     .02547     .02425     .02954
                       .02505     .02186     .02265        0.3        0.3        0.3        0.3        0.3        0.3        0.3
                          0.3        0.3
             Random switching times for simulation number  102  :
                                   7  2.6271966E-02    8  2.5622811E-02    9  2.7309997E-02

 122.271           46.8021883 68.4041931  58.964413 130.801765 347.589624 1132.76927 341863.643 .1503846E8  .891648E7 133259.836
                   -138958.35 149733.073 133259.787 -138958.49 149732.822 205253.149 -152043.31 -182946.43 -184352.18 -200593.35
                   197802.431 -222829.46 -224218.92 229756.738 289613.908 -257073.42 -264809.78 -317517.51 -269058.75 333736.689
                   -216.33813 261.541953 -242.82589 12.7559972 12.9302048 12.9738311 22.4204642 2259.77389 881.304291 .240827285
                   .285319977 .227350107
Times of maxima :      .02681     .02933      .0285     .03256     .02983     .02689     .02816     .02969     .02714     .03256
                       .02983     .02689     .03256     .02983     .02689       .027     .02796     .02952     .02816     .02969
                       .02714     .02793     .03255      .0295     .02827     .02805     .03121     .02817     .03132     .02837
                       .02681     .02933      .0285        0.3        0.3        0.3        0.3        0.3        0.3        0.3
                          0.3        0.3
             Random switching times for simulation number  103  :
                                   7  2.6020912E-02    8  2.7366743E-02    9  2.7893425E-02

 168.254           38.8452202  41.369217 27.6990308 117.841612 338.895726 842.124221 2754.27869 305837.038 .9074021E7 126485.676
                   -138830.28 145916.023 126485.765 -138830.17 145915.823 202901.188 149058.058 -184052.42  168429.68 -183516.27
                   197875.218 220916.676 -232947.52 248185.433 311246.837 258649.434 -280784.39 294551.744 -294271.83 334406.771
                   197.091908 -203.39424 -166.43026 12.7370048 12.9263806 12.9410918 13.7915959 55.5552685 1810.22507 .314289848
                   .242066537 .230977671
Times of maxima :      .02856     .03234     .02878     .03317     .03057     .02803     .03428     .03198     .02691     .03317
                       .03057     .02803     .03317     .03057     .02803     .02676     .03443     .03063     .03428     .03198
                       .02691     .03451     .03191     .02801      .0281     .03436     .03186     .03429     .03201     .02949
                       .02856     .03234     .02878        0.3        0.3        0.3        0.3        0.3        0.3        0.3
                          0.3        0.3
             Random switching times for simulation number  104  :
                                   7  3.6296722E-02    8  3.6312685E-02    9  3.5650895E-02

 342.225           84.7993583 53.5744525  23.227349 122.503777 1040.49008 2523.00351 704.455173 .1559781E8 .2530428E8 -128963.63
                   148540.453 -165979.02 -128963.57 148540.251 -165978.74 -226051.05 -139403.85 197457.582 -144042.02 200844.621
                   -205112.11 -210867.67 218465.686 -312788.87 -361001.41 -217646.07 274581.234 228391.802 308762.312 -386468.72
                   291.203294 -231.46156 152.405213 12.3519522 12.6342119 12.6008729 12.6074183 2340.39497 7313.71305 .225298531
                    .28016252 .171009595
Times of maxima :      .03675     .03931     .03689     .04218     .03822     .03692     .04097     .03965     .03716     .04218
                       .03822     .03692     .04218     .03822     .03692     .03687     .04231     .03831     .04097     .03965
                       .03716     .04269     .03945     .03692     .03703     .04309     .03956     .05192     .03972     .03716
                       .03675     .03931     .03689        0.3        0.3        0.3        0.3        0.3        0.3        0.3
                          0.3        0.3
             Random switching times for simulation number  105  :
                                   7  3.4587572E-02    8  3.3657659E-02    9  3.2916372E-02

 290.063           62.9166994 46.9912877 57.4913288 1110.81056 120.735613 1569.11277 .1952285E8 .8591625E7 .8760204E7 149450.907
                   128029.329 -155154.45 149450.599 128029.488 -155154.12 -218926.47 216295.606  161110.13 202591.011 197652.177
                   -197730.18 279021.406 205089.214 -241358.97  -301650.7 338669.282 219238.109 359382.941 225555.971 -331697.91
                   -250.83201 -216.77474 239.773495 12.6280707  12.526074 12.6671378 5134.02384 772.198048  1158.3603 .398587217
                   .239784173 .271979558
Times of maxima :      .03959     .03607     .03684     .03351     .03813     .03518     .03379     .03796     .03549     .03351
                       .03813     .03518     .03351     .03813     .03518     .03532     .03365      .0378     .03379     .03796
                       .03549     .03524     .03983     .03647     .03656     .03531     .05685     .03528     .05685     .03791
                       .03959     .03607     .03684        0.3        0.3        0.3        0.3        0.3        0.3        0.3
                          0.3        0.3
             Random switching times for simulation number  106  :
                                   7  2.7964698E-02    8  2.7648502E-02    9  2.5966560E-02

 155.729           90.0320145 69.0666671 40.2645626 123.277092 413.238286 1431.32149 .8244375E7 .1763494E8 .2029281E8 -129370.23
                   -139920.38 153478.899 -129369.98 -139920.19 153478.797 212625.097 -202299.68 -176719.05 -197491.32 -201754.64
                   202930.223 217506.687 -217846.05 273147.684 339311.225 -235098.27 -241125.05  -251345.8 -258234.64 355851.793
                   -300.05335 262.805379 -200.66032 12.8289584 12.9171962  12.853865 1337.45148 4273.17593 5966.96845 .219112831
                   .230975402 .193275789
Times of maxima :       .0282     .02941     .02714     .02656     .03111     .02862     .02684     .02973     .02882     .02656
                       .03111     .02862     .02656     .03111     .02862     .02866     .02669     .02983     .02684     .02973
                       .02882     .03462     .03148     .02856      .0286     .02855     .03149      .0284     .03134     .02849
                        .0282     .02941     .02714        0.3        0.3        0.3        0.3        0.3        0.3        0.3
                          0.3        0.3
             Random switching times for simulation number  107  :
                                   7  2.9487679E-02    8  3.2164739E-02    9  3.1960333E-02

 250.091           118.146604 84.0500234 72.4651762 1932.65567 388.603296 505.851651 .1144143E8 .1698424E7 .6534334E7 159429.226
                   139560.666 -141255.63 159428.887 139560.795 -141255.77 -176746.47 221653.771 162108.867 198962.757 189058.636
                   -196695.38  261403.32 -256887.52 -247038.85 -293121.01  306985.34 -371843.62 332545.539 -381768.47 -335008.11
                   343.724605 -289.91382 -269.19357 12.8936547 12.6160716 12.6620851 1695.81558 264.499977 739.040378 .464026672
                    .33630329  .40842216
Times of maxima :      .03336     .03456     .03251     .03258     .03892     .03514     .03284     .03614     .03367     .03258
                       .03892     .03514     .03258     .03892     .03514     .03519     .03269     .03749     .03284     .03614
                       .03367      .0339     .03283     .03766     .03764     .03521      .0327     .03374     .03281      .0362
                       .03336     .03456     .03251        0.3        0.3        0.3        0.3        0.3        0.3        0.3
                          0.3        0.3
             Random switching times for simulation number  108  :
                                   7  2.1101414E-02    8  2.3410792E-02    9  1.9170620E-02

 23.1708           40.2615397 57.8918101 54.5665351 1720.07352 122.587446 132.819012 .1292908E8 .1392749E8 .1408729E7 -156954.03
                   129007.784 134283.646 -156953.83 129007.605 134283.433 173107.829 -204798.03 205686.804 -199640.27 200092.478
                    188188.14 -219847.96 245304.054 214422.395 235561.288 -243643.49 281989.734 -251599.52 304462.952 244531.628
                   -200.65278 -240.60717  233.59481 13.2247579 13.0040177  12.988898 3706.29382 3596.66953 115.984702 .222719335
                   .196770416 .238174321
Times of maxima :      .02226      .0238     .02317     .02495     .02404     .02724     .02516     .02416     .02757     .02495
                       .02404     .02724     .02495     .02404     .02724      .0274     .02502     .02404     .02516     .02416
                       .02757     .02637     .02407     .02888      .0288     .02503     .02398     .02621     .02384     .02869
                       .02226      .0238     .02317        0.3        0.3        0.3        0.3        0.3        0.3        0.3
                          0.3        0.3
             Random switching times for simulation number  109  :
                                   7  2.3248814E-02    8  2.2422604E-02    9  2.3032646E-02

  45.799           16.1701992 40.3942274 54.6785736 957.046075 683.577039 250.179915 .1658434E8 .1829998E8 3096.88843 -147446.68
                   143754.108  137507.52 -147446.68  143753.86 137507.408 169748.219  -203621.1  211941.22 -201286.31 202050.019
                   171955.529 -217427.89 234732.915 206127.827 213185.424 -224846.73 262099.163 -228797.46 260442.162 223273.934
                    -127.1621 -200.98315   233.8345 13.0981463 13.0975541 12.9300551 4542.92573 4635.11974  14.819797 .151711839
                   .192651325 .187131754
Times of maxima :      .02452     .02265     .02352      .0238     .02303     .02762      .0239      .0233     .02784      .0238
                       .02303     .02762      .0238     .02303     .02762     .02776     .02378     .02316      .0239      .0233
                       .02784     .02638     .02367     .02934     .02925     .02644     .02374     .02614      .0236      .0294
                       .02452     .02265     .02352        0.3        0.3        0.3        0.3        0.3        0.3        0.3
                          0.3        0.3
             Random switching times for simulation number  110  :
                                   7  2.3098493E-02    8  2.0701790E-02    9  2.1995398E-02

 51.1618           7.15241084 33.9351483 47.1988163 588.560437 832.855592 112.515631 .4691094E7 .1405915E8 288.590519 -142428.55
                    145791.13 123594.376 -142428.59 145791.064 123594.385 -128596.79 -187739.66 209451.709 -195830.27 200151.961
                   138083.126  -221939.2 242491.455 207567.344 233362.334 -243647.59 314803.806 -255688.01 319726.781 248280.397
                   -84.571927 -184.21495 217.252886 13.1433338  13.285749 12.9277844 801.906612 2143.43893 13.1048936 .137333528
                    .27320704 .286429217
Times of maxima :      .02393     .02118     .02361     .02537     .02271     .02796     .02394     .02158     .02781     .02537
                       .02271     .02796     .02537     .02271     .02796     .03623     .02533     .02144     .02394     .02158
                       .02781     .02663      .0227     .02848     .02858     .02669     .02403     .02548     .02414     .02864
                       .02393     .02118     .02361        0.3        0.3        0.3        0.3        0.3        0.3        0.3
                          0.3        0.3
             Random switching times for simulation number  111  :
                                   7  2.3370723E-02    8  2.3682878E-02    9  2.3941472E-02

 81.8432           36.7523613 119.093481 69.0111093  3249.5633 363.801149 135.410455 .9060612E7 .1213365E8 .3847448E7 -173489.26
                   -139197.09 135587.005  -173489.2 -139197.16 135587.112 170758.054 -217479.13 194177.745 -197869.02  199278.57
                   195287.515   -241675.  268954.68  229164.06 266369.856 -296012.97 330569.572 -333526.18  388665.74 294396.287
                   -191.70905 345.099234 262.699656 13.3958308 13.0083702 12.9272485 1889.85895 1201.62379  463.82956 .184132743
                   .406615321 .372986338
Times of maxima :      .02442      .0261     .02415     .02462     .03045     .02755     .02486     .02431     .02733     .02462
                       .03045     .02755     .02462     .03045     .02755     .02743     .02468     .02441     .02486     .02431
                       .02733     .02591     .02461     .02911     .02903     .02596     .02448     .02481     .02454     .02897
                       .02442      .0261     .02415        0.3        0.3        0.3        0.3        0.3        0.3        0.3
                          0.3        0.3
             Random switching times for simulation number  112  :
                                   7  3.2395020E-02    8  3.2209087E-02    9  3.1072040E-02

 253.498           26.1092157 105.833403 47.7288148 437.048707 132.922501 184.896164 .2595008E7 .6679826E7 .1480335E7 140265.914
                   134335.553 -136517.97  140265.88 134335.738 -136517.99 -174993.33 178963.167 -187212.09 191704.639 -196763.34
                   -188404.04 218720.081 -254838.27 -228627.17 -264064.38 260533.822 -312959.98 278126.241 -354663.08 -292593.83
                   161.583464 -325.32046 218.469254 12.7177813 12.5914148 12.5377906 212.669442 998.312606 130.147512 .175076393
                   .355762057 .298177072
Times of maxima :      .03293     .03461     .03854      .0331     .03896     .03601     .03196     .03278     .03578      .0331
                       .03896     .03601      .0331     .03896     .03601     .03595     .03181     .03283     .03196     .03278
                       .03578     .03434     .03282     .03762     .03752     .03446     .03295     .03436     .03306     .03744
                       .03293     .03461     .03854        0.3        0.3        0.3        0.3        0.3        0.3        0.3
                          0.3        0.3
             Random switching times for simulation number  113  :
                                   7  2.7745956E-02    8  2.6181479E-02    9  2.7035224E-02

 141.854           80.0666564 38.1683234 19.0515213 119.830421 711.185768 1963.73688  1695.5015 .8872545E7 .2449108E8 127548.584
                   -144134.86 159785.468 127548.647 -144134.68 159785.239 211150.148 -143251.58 -179910.97 156663.347 -197782.12
                   204761.056 212311.538 -216448.19 271564.623 316924.209 220022.417 -246782.86 234426.429 -266064.87 315214.499
                   -282.96052  195.36715 138.027248 12.7539118 12.9453927  12.881374 13.4408724 1360.89019 9265.31003 .190742698
                    .19291962 .163452276
Times of maxima :      .02813     .03075     .02724      .0336     .03086     .02837     .03343     .03112     .02844      .0336
                       .03086     .02837      .0336     .03086     .02837     .02835     .02775     .03095     .03343     .03112
                       .02844     .03487     .03088     .02836     .02831     .03449     .03094     .03463     .03109      .0285
                       .02813     .03075     .02724        0.3        0.3        0.3        0.3        0.3        0.3        0.3
                          0.3        0.3
             Random switching times for simulation number  114  :
                                   7  3.1099559E-02    8  3.0407153E-02    9  3.0031606E-02

  217.04           24.6955911 59.6310354 70.2718475 293.847706 2117.13449 117.602246 .1462793E8 .2326425E8  2295.5506 138161.742
                   -161524.61 -126357.16 138161.562 -161524.33 -126357.24 -143772.15 189285.431 -221952.59 200408.549 -204229.27
                   -163507.73 226081.067 -272548.82 -205172.08 -205460.91 269948.567 -317395.08 275081.905 -322462.03 -212900.04
                   157.148309 244.194667 -265.08838  12.733246  12.884081 12.5371425 2104.60856 4173.58282 13.1110357 .160817437
                   .192892148 .275949926
Times of maxima :      .03199      .0306     .03189      .0335     .03102     .03628     .03227     .03127     .03609      .0335
                       .03102     .03628      .0335     .03102     .03628     .03593     .03364     .03113     .03227     .03127
                       .03609     .03485     .03103      .0376     .03751     .03495     .03113     .03499     .03091     .03738
                       .03199      .0306     .03189        0.3        0.3        0.3        0.3        0.3        0.3        0.3
                          0.3        0.3
             Random switching times for simulation number  115  :
                                   7  2.5728888E-02    8  2.4974956E-02    9  2.7201379E-02

 138.984           61.2933337 40.0296577 60.3296246 135.220112 113.911903 769.860459 3080.35278 164503.595 .9825873E7 135491.714
                   -124358.98 144937.692 135491.783  -124358.9 144937.849 171042.819 -156444.45  -146755.2 -171788.08 -180163.75
                   198221.867 242926.467 -214900.92 231915.687 284050.018 -310992.14 -232466.72 -330640.38 -258377.27 339634.353
                   247.574905 200.074131  -245.6209 12.7691077 12.9188343 12.9678032 14.1379134 19.1950224 789.070333 .374688529
                   .207049859 .273169003
Times of maxima :       .0307     .02616     .02838     .03382     .03019     .02788     .02764     .02916     .02906     .03382
                       .03019     .02788     .03382     .03019     .02788      .0277      .0278     .02932     .02764     .02916
                       .02906     .03509     .03158     .02889     .02925     .02792     .03248     .02776     .03134     .02911
                        .0307     .02616     .02838        0.3        0.3        0.3        0.3        0.3        0.3        0.3
                          0.3        0.3
             Random switching times for simulation number  116  :
                                   7  2.7303139E-02    8  2.7592388E-02    9  2.7038000E-02

 127.662           65.1479733 52.9439802 103.569724 127.939247 1442.38097 1864.00973 .5164259E7 .1666288E8 .1790683E8 131793.445
                   -153614.52 158637.324 131793.565 -153614.46 158636.948 217940.284 -156559.21 -194100.64 -196053.07 -201321.39
                   201875.503 -240272.46 -234380.91 247065.272 296057.604 -310973.85 -287227.71 -347953.78 -341747.67 359139.727
                   -255.24101 -230.09559  -321.8225 12.7721244 13.0321551 12.9850014 187.112947 2090.59361 3336.38107 .236075911
                   .339645259 .338467626
Times of maxima :      .02758     .03261     .02947     .03258     .03086     .02791     .02767     .03069     .02796     .03258
                       .03086     .02791     .03258     .03086     .02791     .02804     .02783     .03089     .02767     .03069
                       .02796     .02796     .03085     .02791     .02957     .02784     .03091     .02788     .03107     .02816
                       .02758     .03261     .02947        0.3        0.3        0.3        0.3        0.3        0.3        0.3
                          0.3        0.3
             Random switching times for simulation number  117  :
                                   7  2.1766571E-02    8  2.1167140E-02    9  2.1654736E-02

 46.4266           55.5986458 39.6385376 18.8651216 133.761457 606.972261 116.306395 .3812258E7 .2746632E8 281542.959 -134758.97
                   142687.507 125659.234 -134759.01   142687.2 125659.148 154813.667 -171306.59 213203.811 -195188.54 206039.963
                   -182948.43 -210774.75 227816.767 -214703.24 238832.761 -232214.64 224825.618 -249955.22 248277.781 241552.695
                   -235.79365 -199.09429 -137.35036 13.1090729 13.2135537  12.955366 545.950071 5006.14572 26.1300599 .216946824
                   .212793736 .179273873
Times of maxima :      .02293     .02172     .02762     .02577     .02177     .02808     .02555     .02202     .02261     .02577
                       .02177     .02808     .02577     .02177     .02808     .02821     .02419     .02185     .02555     .02202
                       .02261     .02577     .02356     .02237     .02848     .02571     .02365     .02584     .02381     .02862
                       .02293     .02172     .02762        0.3        0.3        0.3        0.3        0.3        0.3        0.3
                          0.3        0.3
             Random switching times for simulation number  118  :
                                   7  3.0405214E-02    8  2.8301037E-02    9  2.9194607E-02

 207.517           27.4680347 24.2651463 47.5077776 221.586993 132.794033 119.784729 .4138634E7 .3080359E7 3374.15033 137075.825
                   -134270.98 -127524.36 137075.779  -134270.8 -127524.33 -151678.86 192465.615 -178474.61 195569.508 -193108.15
                   -174724.56 231951.578  -218258.2 -210371.49  -226138.7 267038.795 -237221.13 271460.967 -241660.32 -242090.96
                   165.734832 155.772739 -217.96279 12.7251225 12.8736024 12.5565332 1062.47142 465.836903  13.818094 .182825376
                   .180576906 .200151176
Times of maxima :      .03128      .0288     .03114     .03426     .03031     .03551     .03151     .02918      .0369     .03426
                       .03031     .03551     .03426     .03031     .03551     .03671     .03286     .02904     .03151     .02918
                        .0369     .03424     .03168     .03721     .03713     .03431     .03159     .03445     .03178     .03699
                       .03128      .0288     .03114        0.3        0.3        0.3        0.3        0.3        0.3        0.3
                          0.3        0.3
             Random switching times for simulation number  119  :
                                   7  2.2957046E-02    8  2.4467245E-02    9  2.1965767E-02

  84.709           18.4439461 66.4399145 23.4151665 116.582264 120.901687 129.320158 2672.21459 2338.93516 2635.80693 -125808.23
                   -128117.47  132502.96 -125808.09 -128117.51 132502.913 160374.377 -150876.96 144744.232 -167566.83  -163983.9
                   167181.652 -209309.63 -216062.09 219442.515 251869.997 -224327.57 261635.209  -244052.4 276895.991 288755.753
                   -135.80849 257.759412 -153.02015 13.1030665 12.9429149  12.925977 14.1731734 14.2343198 14.8720281 .177803878
                   .280336365 .207694232
Times of maxima :      .02519     .02686     .02943     .02507     .03113     .02827     .02423     .03093     .02807     .02507
                       .03113     .02827     .02507     .03113     .02827      .0269     .02406     .02508     .02423     .03093
                       .02807     .02655     .03242     .02864     .02978     .02664     .02519     .02548     .02532     .02843
                       .02519     .02686     .02943        0.3        0.3        0.3        0.3        0.3        0.3        0.3
                          0.3        0.3
             Random switching times for simulation number  120  :
                                   7  2.1892137E-02    8  2.0131507E-02    9  2.1834381E-02

 56.8189             36.20916 54.3646322 22.9669542 115.094231 455.958212 113.895295 2814.05751 .1284475E8 2190.29243 -125002.65
                   140539.055 -124349.85 -125002.61 140539.263 -124349.83  154176.42 -147997.74 190112.303 -169053.63 199601.985
                   162342.589 -216187.25 235305.529 -225452.52 -279285.89 -234137.29  267545.69 -245584.13 290002.696 -313295.03
                   -190.28705 -233.16224 151.548521 13.1101241 13.2824445 12.9578827 13.8969714 3548.09001 13.9614701 .229949857
                   .280602938 .157960651
Times of maxima :      .02311      .0233     .02237     .02547     .02251     .03596     .02427     .02362     .02833     .02547
                       .02251     .03596     .02547     .02251     .03596     .02853      .0241      .0223     .02427     .02362
                       .02833     .02596     .02376     .02256     .02247     .02587     .02247       .026     .02236     .02235
                       .02311      .0233     .02237        0.3        0.3        0.3        0.3        0.3        0.3        0.3
                          0.3        0.3
             Random switching times for simulation number  121  :
                                   7  2.6441631E-02    8  2.5449206E-02    9  2.4292230E-02

  110.31           69.9023116 93.7252117 40.8839123 1140.25829 719.910186 1452.31999 .1915707E8 .1039568E8 .1316188E8 -149828.81
                   -144254.65 153736.049 -149828.85 -144254.63 153736.191 214736.469 -216880.95 -194653.26 -202429.49 -198483.79
                   199745.888 -248624.48 -222035.74 250642.591  284868.96 -287777.77 -243699.01 -292996.39 -254098.94 294353.202
                   -264.39045 306.145736 202.197706 13.0648123 12.9525194 13.0338281 4621.00941 1813.63797 3706.96804 .264755725
                   .240409595 .222779478
Times of maxima :      .02676     .02785     .02483     .02507      .0296     .02721     .02517     .02983     .02709     .02507
                        .0296     .02721     .02507      .0296     .02721     .02719     .02503     .02966     .02517     .02983
                       .02709     .02711     .03211      .0296     .02827     .02718     .03217     .02732     .03203     .02815
                       .02676     .02785     .02483        0.3        0.3        0.3        0.3        0.3        0.3        0.3
                          0.3        0.3
             Random switching times for simulation number  122  :
                                   7  3.2278786E-02    8  3.3635384E-02    9  3.2429724E-02

 288.797           16.4175837 42.6386144 52.0007689 1445.66223 125.802087 117.006724 .1575752E8  667.11456 967427.405 153654.967
                   130688.129 -126036.84 153654.665 130688.157  -126036.9 -158324.89 213009.058 143152.169 200916.254 143525.885
                   -186846.75 243099.585  224714.91 -207539.98 -221555.96 286687.328 274155.258 290607.914 286094.212 -240929.49
                   128.131119  -206.4912 -228.03677 12.7590851 12.5221745 12.5314076 3657.80509 12.9185727 55.4709784 .159818633
                   .219676883 .305744532
Times of maxima :      .03545     .03467     .03284     .03303     .03896     .03586     .03329     .03753     .03582     .03303
                       .03896     .03586     .03303     .03896     .03586     .03568     .03315     .03777     .03329     .03753
                       .03582     .03437     .04033     .03771     .03759     .03315     .04028     .03329     .04018     .03747
                       .03545     .03467     .03284        0.3        0.3        0.3        0.3        0.3        0.3        0.3
                          0.3        0.3
             Random switching times for simulation number  123  :
                                   7  2.7958866E-02    8  2.7287709E-02    9  2.8234706E-02

 167.642           72.4210756 27.9085693  36.239098 199.961052 561.714754   1411.681  .250243E7 .1856115E7 .2196138E8 136747.665
                   -142050.07 153237.577 136747.552 -142049.92 153237.355 212941.629 168190.026  -161669.1 191434.678 -189529.21
                   203661.632 218440.143 -214078.42 256993.735 288165.182 262304.734 -235790.12 269596.495 -266200.88 276262.916
                   -269.11164  167.05858  -190.3657 12.7267069 12.9094623 12.8341193 157.368353 120.302116 6594.74799 .233286459
                   .156876007  .20409011
Times of maxima :      .02837     .02934     .03172     .03331     .02947      .0286     .03209      .0297      .0286     .03331
                       .02947      .0286     .03331     .02947      .0286     .02856     .03346     .03106     .03209      .0297
                        .0286     .03464     .03229     .02857     .02854      .0347     .03218     .03479     .03215     .02868
                       .02837     .02934     .03172        0.3        0.3        0.3        0.3        0.3        0.3        0.3
                          0.3        0.3
             Random switching times for simulation number  124  :
                                   7  3.5021902E-02    8  3.3691326E-02    9  3.3923302E-02

 322.835           107.889584 57.9701693 59.2953498 797.888347 248.287564 2684.55477 .8429631E7 .2886145E7 .3007752E8 145318.856
                      137479. -167697.44 145318.608 137478.923 -167697.05 -228833.82 204341.642 177185.009 197577.167  192548.88
                   -207150.17 271879.027 234619.785 -234011.64 -227670.32 321218.059 273665.107 357245.614 296644.386 -240846.98
                   328.465499 -240.76995 243.506365 12.5240265 12.5305017 12.6511886  1805.9511 347.296393 8826.62096 .190760605
                   .227305731  .32042645
Times of maxima :      .03542     .03466     .03625     .03453     .03908     .03563     .03479     .03785      .0358     .03453
                       .03908     .03563     .03453     .03908     .03563     .03562     .03466     .03912     .03479     .03785
                        .0358     .03563     .04036     .03563     .03653     .03574     .04044     .03589     .04043     .03589
                       .03542     .03466     .03625        0.3        0.3        0.3        0.3        0.3        0.3        0.3
                          0.3        0.3
             Random switching times for simulation number  125  :
                                   7  2.2375746E-02    8  2.3062853E-02    9  2.2719975E-02

 71.0636           15.8473397 69.9461944 81.0720822 673.442415 519.711806 115.870703 .2742451E8   .12588E8 2894.38118 -143613.99
                   141453.617 125423.527 -143613.59 141453.597 125423.563 151968.267 -204781.25  205351.76 -206022.09  199485.33
                   169886.074 217783.457 262203.689 219667.642 243856.919 -250258.94 323077.977 -252425.87 377934.183 251569.568
                   125.886218 -264.47343 284.731597 13.1073286 13.0518092 12.9332882 5621.07996 2830.68189 13.9867791 .179674076
                   .218045787 .240311912
Times of maxima :      .03028     .02327     .02451     .02464     .02374     .02725     .02487     .02393     .02856     .02464
                       .02374     .02725     .02464     .02374     .02725      .0272     .02469     .02379     .02487     .02393
                       .02856     .03467     .02373     .02976     .02844     .02477     .02365     .02491     .02357     .02831
                       .03028     .02327     .02451        0.3        0.3        0.3        0.3        0.3        0.3        0.3
                          0.3        0.3
             Random switching times for simulation number  126  :
                                   7  2.0288834E-02    8  2.0137857E-02    9  2.1004204E-02

  5.6162           65.7139277 57.3814419 16.7568943 127.734626 1761.68806 337.005734 2435.28849 .1283959E8 .6982423E7  -131688.2
                   157443.452 -138802.45 -131688.13 157443.663 -138802.24 -191016.45 -139457.58 203980.123 -165033.18 199599.642
                   -196904.55 -238417.01 239119.752 -280934.52 -381836.53 -280517.47 279504.124 -297962.49 295636.374 -392765.23
                   256.347279 -239.54424 129.448423 13.1156433 13.5285294 13.0716878 13.9228012 2408.55335 1198.83807 .426849231
                    .31900052 .170881292
Times of maxima :      .02063     .02068     .02162     .02568     .02095     .02087     .02451     .02065     .02099     .02568
                       .02095     .02087     .02568     .02095     .02087     .02101     .02432     .02085     .02451     .02065
                       .02099     .02567     .02342     .02095     .02086     .02703     .02346     .02717     .02363     .02099
                       .02063     .02068     .02162        0.3        0.3        0.3        0.3        0.3        0.3        0.3
                          0.3        0.3
             Random switching times for simulation number  127  :
                                   7  3.4177646E-02    8  3.4844017E-02    9  3.2538307E-02

 312.936           53.9064514 18.9001172 63.4361706 1146.90252 125.590492 1322.63822 .1883096E8  199742.06  .895043E7  149913.92
                   130578.192 -152134.19 149913.962 130578.205 -152134.17  -206510.5 216937.863 155253.581 202285.265 181010.943
                   -197818.12  289057.13 222408.353   -235399. -248543.48 329738.215 256336.927 344277.645 278223.213 -295449.28
                   232.177629 137.477697 251.865382 12.7020545   12.52874 12.6848874 4896.18248 25.6511586 1074.19672 .236589614
                   .194246979 .315254233
Times of maxima :      .03474     .04087     .03641     .03331      .0391     .03613     .03342      .0391     .03506     .03331
                        .0391     .03613     .03331      .0391     .03613     .03491     .03327     .03895     .03342      .0391
                       .03506     .03485     .04072     .03738     .03746      .0349     .04066     .03479     .04054     .03759
                       .03474     .04087     .03641        0.3        0.3        0.3        0.3        0.3        0.3        0.3
                          0.3        0.3
             Random switching times for simulation number  128  :
                                   7  2.5851053E-02    8  2.5740015E-02    9  2.7993245E-02

 150.836            42.964816 25.6968324 20.4365404 110.874465  121.59422 134.312191 1998.78813 .3753107E7 .7501508E7 122689.788
                   -128484.14 135036.094 122689.693 -128483.92 135036.145 198182.502 147038.068 -176410.16 160185.476 -195021.97
                   197146.324 -204108.75  -219500.9 217884.557 243149.157 -213858.99 -239320.11 223461.076 -240672.75 273732.067
                   -207.27956 160.302316 -142.95643 12.7271367 12.9022397 12.8804745 13.5467657 555.068733 1302.53155 .192933026
                   .181502802 .159862633
Times of maxima :       .0264     .03017     .02915     .03411     .03029     .02662     .03292     .03047     .02672     .03411
                       .03029     .02662     .03411     .03029     .02662     .02659     .03424     .03036     .03292     .03047
                       .02672     .04303     .03189     .02947     .02934     .04295     .03186     .03431     .03212     .02925
                        .0264     .03017     .02915        0.3        0.3        0.3        0.3        0.3        0.3        0.3
                          0.3        0.3
             Random switching times for simulation number  129  :
                                   7  2.3185224E-02    8  2.4350801E-02    9  2.4633313E-02

 85.2618           20.7427931   106.3982 74.7825464 3036.44345 135.625004 132.654545 .2099441E8 .1014207E7 .4212302E7 -171342.46
                   -135694.37 134200.216 -171342.12 -135694.48 134200.267 164004.304 -225586.77 -167959.02 -203238.38 186989.841
                   195604.319 -261440.39 250371.957 221333.478 265727.178 -296097.68 298549.973 -325894.87 339917.023 286293.141
                   144.023585 326.187369 273.463976 13.2871426 12.9530272 12.9265011 4818.90089 41.0245743 298.531949 .175842618
                   .361141706 .300074055
Times of maxima :      .02992     .02678     .02518     .02525     .03117     .02823     .02551       .025     .02801     .02525
                       .03117     .02823     .02525     .03117     .02823     .02811     .02536     .02858     .02551       .025
                       .02801     .02526     .02524     .02854     .02847     .02537     .02515     .02549     .02521     .02967
                       .02992     .02678     .02518        0.3        0.3        0.3        0.3        0.3        0.3        0.3
                          0.3        0.3
             Random switching times for simulation number  130  :
                                   7  3.4239816E-02    8  3.4090264E-02    9  3.5511869E-02

 312.217           45.5048895  26.202754 73.7501939 134.115141 127.909889 1319.92264 635470.507 96151.3382 .8038038E7 -134937.09
                   131778.525 -152100.38 -134937.05 131778.444 -152100.31 -200294.42 149985.416 160544.885   185825.1 178497.818
                   -197395.61 237097.124 228524.759 -217030.34 -248666.14 306031.507  266943.97 312643.535 295645.135  -277206.7
                   213.318751 161.872647 271.569869 12.3746079 12.5166349 12.5843604 45.7614248 18.4536679 1354.74679 .254251359
                    .22684281  .32647871
Times of maxima :      .03478     .04094     .03648     .04078     .03781      .0362     .03599     .03919      .0351     .04078
                       .03781      .0362     .04078     .03781      .0362     .03497     .03614      .0392     .03599     .03919
                        .0351     .03619     .04078     .03775     .03764     .03624     .04073     .03623     .03933     .03766
                       .03478     .04094     .03648        0.3        0.3        0.3        0.3        0.3        0.3        0.3
                          0.3        0.3
             Random switching times for simulation number  131  :
                                   7  2.2642641E-02    8  2.3225515E-02    9  2.2712622E-02

 73.6438           21.0123431 62.9783907 48.3151222 158.217136 303.707295 119.424383 .1969042E8 .1787663E8 .1130177E7 -136109.83
                   138308.388 127332.393 -136109.59 138308.433 127332.368 168808.742 -205400.14 205319.159 -202664.93 201862.086
                   187343.643 -219502.56 264519.456 218644.133 253994.803 -232568.47 301712.593 -240318.18 327472.881 263731.301
                   -144.95635 -250.95496 219.807011 13.0811902 13.0191964 12.9290465 3860.41237  3353.0144 87.2721663 .198886097
                   .213177964 .185147048
Times of maxima :      .02689     .02359     .02464     .02478     .02392     .02721     .02503     .02408     .02722     .02478
                       .02392     .02721     .02478     .02392     .02721     .02723     .02485     .02395     .02503     .02408
                       .02722     .02617     .02389     .02869     .02856     .02603     .02378     .02615     .02364     .02848
                       .02689     .02359     .02464        0.3        0.3        0.3        0.3        0.3        0.3        0.3
                          0.3        0.3
             Random switching times for simulation number  132  :
                                   7  3.0381161E-02    8  2.8960228E-02    9  2.8258840E-02

 219.696           48.7968735 53.9786241 29.1643205 291.197029 1472.15925 133.708019 .3881821E7 .8332705E7 2319.22888 138121.838
                   -153978.72 -134732.23 138122.026 -153978.68 -134732.09 -157485.39 169411.359  -196893.8 195384.098 -197532.26
                   163767.902 228256.984 -251120.01 233783.733 -282426.35 249148.103 -300862.59 267184.946 -321985.52 -299743.45
                   220.900144   -232.333 -170.77564 12.7326674 13.0476958 12.5675581 237.171666 791.563808  14.857861 .288453585
                    .31770963 .210560158
Times of maxima :      .03124     .03532     .03046      .0327     .03097     .03566     .03238     .02983     .03084      .0327
                       .03097     .03566      .0327     .03097     .03566      .0358     .03223     .02969     .03238     .02983
                       .03084     .03443     .03221     .03099     .03708     .03454     .03225     .03466     .03108     .03696
                       .03124     .03532     .03046        0.3        0.3        0.3        0.3        0.3        0.3        0.3
                          0.3        0.3
             Random switching times for simulation number  133  :
                                   7  2.1007431E-02    8  2.1187366E-02    9  2.0893535E-02

 30.7118            82.371072 77.9302305 34.8644089 304.890707 2149.27683 130.150978  .189168E7 .9414559E7   .13017E8 -138325.94
                   161884.748 132928.094 -138326.04 161884.706 132927.865 -189338.86 -169710.15 198999.287 -189635.03 198032.374
                   -199680.17 -229046.98 239922.724 -258755.25 -369275.25 -244454.84 312791.062 -267082.72 338367.178 -378269.03
                   -287.00361 -279.15987 186.720135  13.118749 13.4370894  13.007656 189.272889 2701.02727  730.14401 .372268094
                   .422842676 .177024931
Times of maxima :      .02345     .02149     .02174     .02484     .02187     .02757     .02457     .02186     .02155     .02484
                       .02187     .02757     .02484     .02187     .02757     .02173     .02469      .0219     .02457     .02186
                       .02155     .02629     .02309     .02185     .02174     .02625     .02317     .02642     .02331     .02186
                       .02345     .02149     .02174        0.3        0.3        0.3        0.3        0.3        0.3        0.3
                          0.3        0.3
             Random switching times for simulation number  134  :
                                   7  3.0338094E-02    8  3.2779113E-02    9  3.2461290E-02

 262.188           70.0802719 48.6704736 80.5688602 1861.30392 124.463679 722.258969  .199599E8 1722.16962 .2772127E7  158605.79
                   129991.071 -144286.88 158605.593 129991.103  -144286.9 -178326.54 211093.045 -154644.21  202783.69 -156978.57
                    -192219.1 270371.341 -239135.63 -235771.76 -272559.26 336077.129  -277589.3 351063.627 -356306.04 -277860.54
                   264.726787 -220.61386 -283.84654 12.9563906 12.5501121 12.6510409 4741.10455 13.0499616 226.048119 .354328571
                   .199400841 .343362404
Times of maxima :      .03394     .03371       .033     .03313     .03945     .03703     .03314     .03332     .03584     .03313
                       .03945     .03703     .03313     .03945     .03703     .03566     .03319      .0335     .03314     .03332
                       .03584      .0344     .03307     .03698     .03691     .03442     .03321     .03332     .03332     .03679
                       .03394     .03371       .033        0.3        0.3        0.3        0.3        0.3        0.3        0.3
                          0.3        0.3
             Random switching times for simulation number  135  :
                                   7  3.6419305E-02    8  3.7102695E-02    9  3.6224214E-02

 359.246           55.1472328 67.3261305 115.653056 761.007886 182.456429 782.157175  .855668E7  .753853E7 .1082752E8 -144817.41
                   136480.521 -145105.23  -144817.2 136480.744 -145105.13 -201482.35 -202923.65 204063.361   -197636. 197163.545
                   -198681.86 -232534.23 249864.061 -220348.83 -239723.19 282100.943  314561.16  -285833.6 314140.048 -246293.75
                    234.83448 -259.47279 340.078014  12.434338 12.4680515 12.3506788  3379.3877 2171.50742 2524.17331 .187182195
                   .220972442 .399025625
Times of maxima :      .03676     .03741     .03864     .04026     .03794     .03706     .03896     .03781     .03728     .04026
                       .03794     .03706     .04026     .03794     .03706     .03714     .04037     .03781     .03896     .03781
                       .03728     .04294     .04034      .0376     .03772     .03696     .04031     .04281     .03909     .03784
                       .03676     .03741     .03864        0.3        0.3        0.3        0.3        0.3        0.3        0.3
                          0.3        0.3
             Random switching times for simulation number  136  :
                                   7  3.3560424E-02    8  3.2178861E-02    9  3.1738685E-02

  279.83            44.731048  45.487182 50.7899601 917.038027 122.466456 121.853912 .2348248E8 .1059982E8 .1250743E8 146916.974
                    128943.99 -128621.05 146917.056 128943.926 -128621.05 -180791.89 204212.607 -178526.41 204324.058 -198577.47
                   -199448.69 238127.276 -260571.02 -216337.49 -225371.75  291374.61 -287166.81 315548.046 -357701.01 -238988.36
                   211.497158 -213.27724  225.36628 12.7122303 12.5796191 12.5297449 6203.78067 980.409646 837.487972 .186997497
                   .213177372 .296943784
Times of maxima :      .03394     .03336     .03715     .03407     .03847     .03566     .03254     .03304     .03448     .03407
                       .03847     .03566     .03407     .03847     .03566     .03431     .03236     .03291     .03254     .03304
                       .03448     .03423     .03285     .03694     .03693      .0342     .03274     .03408      .0326     .03706
                       .03394     .03336     .03715        0.3        0.3        0.3        0.3        0.3        0.3        0.3
                          0.3        0.3
             Random switching times for simulation number  137  :
                                   7  3.2977939E-02    8  3.3781546E-02    9  3.2256078E-02

 290.502           32.6535837 40.3675217 39.1700421 770.493527 131.763293 131.895613 .1727364E8 .3555077E7 .2485631E7 144946.777
                   133748.807 -133815.66  144946.47 133748.689 -133815.83 -175078.75 216715.936 175653.203 201593.816 194462.328
                   -191385.61 206384.504 216530.979 -229581.51 -265636.03 218198.333 244968.253 232328.561 247639.028 -302656.69
                   180.703026  -200.9167 -197.91423 12.6562565 12.5260819 12.5349857 3641.33021 763.530102  224.48713 .212013696
                   .221293395 .180261902
Times of maxima :      .03342     .03741     .03279     .03285     .03899     .03669     .03314     .03774     .03525     .03285
                       .03899     .03669     .03285     .03899     .03669     .03508     .03299     .03914     .03314     .03774
                       .03525     .03496     .04038     .03758     .03768     .05138     .04038     .05128     .04048     .03649
                       .03342     .03741     .03279        0.3        0.3        0.3        0.3        0.3        0.3        0.3
                          0.3        0.3
             Random switching times for simulation number  138  :
                                   7  2.3175848E-02    8  2.2560159E-02    9  2.1891197E-02

 41.5511           11.5538597 63.5302595 30.6070954 135.731263  931.87991 115.495273 .5026498E7 .2077101E8  136554.07 -135747.68
                    147114.16 125220.314 -135747.63 147113.939 125220.207 162208.942 -177749.16 211692.438 -195988.25 203140.356
                    179486.21 -212683.14  260565.48 207379.239 218645.479 -231194.34 286923.869 -241841.79 279556.921 220869.561
                   107.488882  -252.0521 174.948836 13.1036176 13.1233651 12.9237456 696.466702 6090.33396 18.4962004 .150572611
                   .182565849   .1913654
Times of maxima :       .0286      .0229     .02394     .02566      .0232     .02795     .02432     .02343     .02823     .02566
                        .0232     .02795     .02566      .0232     .02795     .02808     .02578     .02329     .02432     .02343
                       .02823     .02568     .02318     .02928     .02937     .02579     .02315     .02568     .02302     .02921
                        .0286      .0229     .02394        0.3        0.3        0.3        0.3        0.3        0.3        0.3
                          0.3        0.3
             Random switching times for simulation number  139  :
                                   7  2.8169827E-02    8  2.9922841E-02    9  2.9671173E-02

 208.195           52.8084865 84.7935542 32.2880103 240.436739 3092.03002 550.747432 .8782843E7 .3219933E8 .1429628E8 137360.544
                   -171906.64 141894.591 137360.625 -171906.36 141894.671 209288.181  179869.65 -233085.41 197740.648 -208044.15
                   200259.015 207355.413 -267613.53 256022.254 301622.662  221048.51 -337316.52 230863.104 -340648.48 332798.206
                   229.800972 291.193328 -179.68865 12.7317214 13.0931164 12.7163886 1069.88805 4639.89275 3634.32314 .257338369
                   .343870956  .21250461
Times of maxima :      .03066      .0304     .03294     .03334     .03054     .02894      .0333     .03078     .02904     .03334
                       .03054     .02894     .03334     .03054     .02894      .0289     .03195     .03064      .0333     .03078
                       .02904     .03459     .03055     .03053     .03048     .05141     .03065     .05144     .03188      .0304
                       .03066      .0304     .03294        0.3        0.3        0.3        0.3        0.3        0.3        0.3
                          0.3        0.3
             Random switching times for simulation number  140  :
                                   7  1.9204472E-02    8  2.1040439E-02    9  2.1200894E-02

  17.659           64.3876224 74.4035322 24.4011051 381.048394 2400.41676 1115.77973 .4437129E7 .2607444E8 .1808072E8  -139450.4
                   164655.041  -149514.5 -139450.22 164654.731 -149514.55 -213488.31 -170775.54 234638.756 -195710.49 205443.537
                   -201952.72 -226162.57 227565.768 -278578.97 -309115.88 -234109.85  282158.03 -239837.05 286472.429 -333938.76
                   -253.74716 -272.77011 156.208531 13.1283922 13.4405987 13.2253927 406.991367 4840.62971 5084.30701 .256221882
                   .262853085 .160180749
Times of maxima :      .02177     .02144     .02404     .02411     .02167     .01998     .02436     .02191     .02008     .02411
                       .02167     .01998     .02411     .02167     .01998     .01994     .02578     .02176     .02436     .02191
                       .02008     .02617     .02318     .02166      .0216     .02626     .02177     .02608     .02294     .02146
                       .02177     .02144     .02404        0.3        0.3        0.3        0.3        0.3        0.3        0.3
                          0.3        0.3
             Random switching times for simulation number  141  :
                                   7  3.3466145E-02    8  3.4096324E-02    9  3.3988038E-02

 300.765           33.2787626 44.7312549 62.6559774 1279.87642 130.143375  135.32441 .1927083E8  .479212E7 .1278214E8 151599.656
                   132924.107  -135543.9 151599.282 132923.983 -135544.03 -179747.55 221239.071 190242.811 202479.746 195877.885
                   -199573.55  277092.89 224014.306 -222088.71 -238984.83 305536.501 260595.772 325358.746 273104.605 -256543.08
                   182.424677 -211.49765 -250.31176 12.5724162 12.5170442 12.5209495 3666.71471 421.848166 1560.42138 .184625287
                   .201699493 .284441307
Times of maxima :      .03535     .03617     .03437     .03458     .03789     .03587     .03484     .03813     .03435     .03458
                       .03789     .03587     .03458     .03789     .03587     .03561      .0347     .03798     .03484     .03813
                       .03435     .03465     .04055     .03666     .03677     .03471     .04048      .0344     .04054     .03685
                       .03535     .03617     .03437        0.3        0.3        0.3        0.3        0.3        0.3        0.3
                          0.3        0.3
             Random switching times for simulation number  142  :
                                   7  2.3755861E-02    8  2.3567066E-02    9  2.4569560E-02

 79.4573           33.1649659   47.02816 120.430304 265697.039 114.405981 134.663846 .4046727E8  .146512E7  .159118E7 -182576.63
                    -124628.3 135212.624 -182576.21  -124628.3 135212.804  172245.32 -236037.43 189693.386 -211461.18 188358.205
                   188737.293 -273948.95 248015.197 226953.366 258392.919  -283889.2 284052.216  -291980.4 315347.006 279966.001
                   -182.11251  216.85977 347.030697 22.6384567 12.9863274 12.9319494 10819.9642 165.478042 127.674751 .220523265
                   .213081351 .212943684
Times of maxima :      .02596     .02453     .02507     .02517     .03017      .0278     .02543     .02412     .02753     .02517
                       .03017      .0278     .02517     .03017      .0278     .02767     .02528     .02429     .02543     .02412
                       .02753     .02519     .02518     .02898     .02893     .02529     .02529     .02503     .02542     .02888
                       .02596     .02453     .02507        0.3        0.3        0.3        0.3        0.3        0.3        0.3
                          0.3        0.3
             Random switching times for simulation number  143  :
                                   7  2.5662091E-02    8  2.6128372E-02    9  2.6594966E-02

  141.36            28.242539 34.4988903  66.882267 129.590247 134.215844 129.550463 .9871049E7 .7592147E7 .3060132E7 132641.116
                    -134987.7 132620.742 132641.209  -134987.7 132620.847 182025.483 -194184.47 -184116.17 -198242.66 -197188.48
                   193050.043 -248303.97 -222426.18 217355.602 239879.428  -275557.6 -255458.04 -316153.79 -264016.42 263040.131
                   -168.05517 185.738769 -258.61606 12.7922374 12.9052844 12.8897083 2043.64989 1395.80414 269.526213 .170185158
                   .197341837 .249507359
Times of maxima :      .02621     .02871     .02777     .03322     .03046     .02811     .02711      .0304     .02652     .03322
                       .03046     .02811     .03322     .03046     .02811      .0264     .02734     .03044     .02711      .0304
                       .02652     .02721     .03191     .02927     .02891     .02733     .03185     .02747     .03197     .02902
                       .02621     .02871     .02777        0.3        0.3        0.3        0.3        0.3        0.3        0.3
                          0.3        0.3
             Random switching times for simulation number  144  :
                                   7  2.2823681E-02    8  2.3406243E-02    9  2.1652568E-02

 56.1383           16.3611695 60.2024353 52.2189718 134.561039 535.520535 130.669612 .1385604E8 .8790065E7 248002.985 -135161.11
                   141678.789 133192.374 -135161.18 141678.593 133192.452  155035.53 -179885.97 199303.106 -200060.18 197743.987
                   182158.845 -215819.79 276839.775 228080.737  268505.19 239071.437 329917.427 248423.536 346784.833 293877.586
                   -127.91079 245.361846 228.514708  13.111115 13.0181232 12.9294116 1870.55301 1027.91304 28.3367066 .197825697
                   .285291793 .249939448
Times of maxima :      .02707     .02581     .02489     .02402     .02402     .02759     .02527     .02426     .02739     .02402
                       .02402     .02759     .02402     .02402     .02759     .02754      .0251     .02412     .02527     .02426
                       .02739     .02666     .02402     .02889     .02878       .035     .02412     .03507     .02393     .02867
                       .02707     .02581     .02489        0.3        0.3        0.3        0.3        0.3        0.3        0.3
                          0.3        0.3
             Random switching times for simulation number  145  :
                                   7  2.2731111E-02    8  2.3916769E-02    9  2.2853021E-02

 54.0222           22.4508887 117.673925 39.7408178 219.301846 131.094713 131.200133 .5375798E7 .4367042E7 66623.4675 -137041.26
                   -133408.84 133462.611 -137041.17 -133408.93  133462.56 172439.791 -188276.29 194181.935 -196152.51 195677.402
                   177768.576  -211978.4  258038.26 236173.414 271106.522 -229501.58 302867.696 -237705.39 350244.137  295579.99
                   149.836206 343.036332 199.350991 13.0820748 12.9782893 12.9293256 444.807432 1036.57981 19.0895943 .198867383
                   .359613627  .23264954
Times of maxima :      .02945     .02632     .02341     .02483     .03068     .02773     .02373      .0246     .02908     .02483
                       .03068     .02773     .02483     .03068     .02773     .02766     .02359     .02455     .02373      .0246
                       .02908     .02625     .02452     .02933     .02924     .02618     .02464     .02502     .02477     .02925
                       .02945     .02632     .02341        0.3        0.3        0.3        0.3        0.3        0.3        0.3
                          0.3        0.3
             Random switching times for simulation number  146  :
                                   7  3.3590012E-02    8  3.1668001E-02    9  3.3252394E-02

 280.883            48.499186 159.651807 63.9483594 1781.71191 720.904273 392.325831 .1058671E8 .7025743E7 .2091871E7 157678.642
                   144268.231 -139615.36 157678.416 144268.289 -139615.22 -187938.48 207535.326 -197293.03 198571.457 -196924.75
                   -190228.55 262349.786  -259030.8 -253964.55 -318603.02 281585.348 -317735.97  377605.03 -343598.71 -358727.17
                   220.225307 -399.56452 -252.88013 12.7710085 12.7089483 12.5441407 2513.75929 2606.40179 339.231582  .24396018
                    .53730594 .314840654
Times of maxima :      .03416     .03542     .03381      .0339     .03717     .03426     .03395     .03254     .03564      .0339
                       .03717     .03426      .0339     .03717     .03426     .03431     .03398      .0324     .03395     .03254
                       .03564     .03426     .03386     .03718     .03707     .03424     .03398     .03411     .03387     .03572
                       .03416     .03542     .03381        0.3        0.3        0.3        0.3        0.3        0.3        0.3
                          0.3        0.3
             Random switching times for simulation number  147  :
                                   7  2.7039215E-02    8  2.7381553E-02    9  2.6973684E-02

 143.245           75.5625058 40.0596488  84.722947 697.583508 626.577781 76045.2165 .3208879E7 .1945533E7 .1677882E8 143947.243
                    -142961.7 178002.133 143947.294 -142961.61 178001.905 209054.347 171967.096 -179484.45 -193476.55 -189795.04
                    201373.16 -293211.97 -238227.93 243268.761 269860.838 -352170.96 -291009.63   -352410. -348920.08 330747.257
                   -274.88635 -200.14907 -291.07207 12.8261539 12.9467021 14.5931468 279.038928 281.736059 4263.38726 .276397378
                   .297877216 .389274188
Times of maxima :      .02753     .03239     .02779     .03356     .03065     .02765      .0274      .0308     .02775     .03356
                       .03065     .02765     .03356     .03065     .02765     .02776     .03348     .03063      .0274      .0308
                       .02775     .02765     .03221     .02765     .02933     .02769     .03225     .02753     .03211      .0279
                       .02753     .03239     .02779        0.3        0.3        0.3        0.3        0.3        0.3        0.3
                          0.3        0.3
             Random switching times for simulation number  148  :
                                   7  3.0929856E-02    8  3.0765141E-02    9  3.0728739E-02

 250.712            25.505431 78.2149251  37.818608 668.942357 3168.85063 129.129146 .2391112E7 .1578044E8 3221.04051 143551.121
                   -172681.41 -132405.05  143551.23 -172681.18 -132405.02  -155373.6 186647.972 -209152.62   191109.1 -200926.53
                   -173204.36 223285.137 -304688.09 -229732.43   -280137. -248809.92 -372142.93 285251.128 -384794.81 -287703.75
                   159.704198 279.669314 -194.47007 12.7615655 12.9423746 12.5447738 222.042926 3954.40362 14.2463384 .248924613
                    .35234987 .303293451
Times of maxima :      .03197     .03108     .03098     .03278     .03138     .03624     .03289     .03129     .03644     .03278
                       .03138     .03624     .03278     .03138     .03624     .03627     .03273     .03148     .03289     .03129
                       .03644     .03533     .03138     .03746     .03754      .0425     .03148     .03516     .03161     .03744
                       .03197     .03108     .03098        0.3        0.3        0.3        0.3        0.3        0.3        0.3
                          0.3        0.3
             Random switching times for simulation number  149  :
                                   7  3.3530445E-02    8  3.3030953E-02    9  3.4341967E-02

 299.994            34.274249 57.0103984 87.8928113 490.968551 228.853768 695.715362 .2142554E8 .6451095E7 2339.03943 141042.943
                   137185.675 -143921.42 141042.765 137185.727 -143921.52 -151727.48  186426.27 186937.889 203427.295  196656.47
                   -163985.04 255547.947 234917.349 -229954.91 -278932.79 268508.726 289454.517 307789.667 297204.482 -315368.36
                   185.133057  -238.7685 -296.46722 12.4617249 12.5479392 12.5321243 4476.43211  959.50622 13.6367463 .164288919
                   .330379538 .295077751
Times of maxima :      .03377     .03535     .03455     .03497     .03966     .03585     .03492     .03831     .03554     .03497
                       .03966     .03585     .03497     .03966     .03585     .03568     .03493     .03829     .03492     .03831
                       .03554       .035      .0396      .0368     .03693     .03509     .03962     .03523     .03971     .03701
                       .03377     .03535     .03455        0.3        0.3        0.3        0.3        0.3        0.3        0.3
                          0.3        0.3
             Random switching times for simulation number  150  :
                                   7  2.5227054E-02    8  2.5097975E-02    9  2.4297663E-02

 95.6895            69.563892 31.5043231 40.8839123 1140.25829 124.117894 731.502677 .1915707E8 2380.39637 .1856723E8 -149828.81
                    -129810.4 144414.054 -149828.85 -129810.41 144413.731 197621.932 -216880.95 -151443.84 -202429.49 -164436.79
                   202168.486 -244427.75  -211032.3 212031.838 227938.527 -283336.79 -223827.01 -308933.66 -246427.41 235901.854
                   -263.74968 177.494572 202.197706 13.0630069 12.9177941 12.9498249 4622.48915 14.0332088 3875.13265 .187816195
                   .174113891 .188135703
Times of maxima :       .0258      .0261     .02483     .02507     .03014     .02586     .02517     .03154     .02737     .02507
                       .03014     .02586     .02507     .03014     .02586     .02597     .02503     .03135     .02517     .03154
                       .02737     .02586     .03177     .02891     .02894     .02595     .03184     .02611     .03162     .02881
                        .0258      .0261     .02483        0.3        0.3        0.3        0.3        0.3        0.3        0.3
                          0.3        0.3
             Random switching times for simulation number  151  :
                                   7  2.0385906E-02    8  2.0318623E-02    9  2.0163011E-02

 27.8546           81.4569906 74.1009439 18.2281631  105.90458 1808.58404 1226.12448 536.846966  .102315E8 .3393459E7 -119908.33
                   157992.672 -150922.29 -119908.42 157992.507 -150922.09 -189259.18 -137472.42 201322.285 -141697.44 198408.392
                   -194003.31 -223109.46 217723.482  -306994.8 -388114.29 -269458.92 240722.098 -301163.87 267526.051 -392017.96
                   -285.40671 -272.21489 135.011715 13.1059114 13.5253272 13.1314245 13.3422745 3380.83945 1122.21018 .438784158
                   .345205856 .141250684
Times of maxima :      .02281     .02085     .02112     .02475     .02098     .02099     .02552     .02117     .02116     .02475
                       .02098     .02099     .02475     .02098     .02099     .02102     .02439     .02093     .02552     .02117
                       .02116     .02702     .02354     .02098     .02103     .02582     .02231     .02571     .02243     .02117
                       .02281     .02085     .02112        0.3        0.3        0.3        0.3        0.3        0.3        0.3
                          0.3        0.3
             Random switching times for simulation number  152  :
                                   7  3.2534064E-02    8  3.4518234E-02    9  3.2924394E-02

 270.072           39.6180967 9.29320391 58.3089768 1992.52894 119.266512  847.43361 .2192126E8 1849.96466 .2087924E7 160114.467
                   127248.234 -145987.17 160114.131 127248.178  -145987.2 -183062.89 221519.012 141571.806 203644.102 158474.073
                   -190216.88 260225.531 211439.676 -234284.09 -253271.72 305307.132 224995.931 303026.713 235545.874 -264936.26
                   199.042952 -96.401265 -241.47252 12.7571249 12.5171257 12.5869651 4494.02028  12.863799  182.79897 .237015955
                   .141669025 .220821369
Times of maxima :      .03442     .03686     .03347     .03353     .03826     .03616     .03379     .03846     .03602     .03353
                       .03826     .03616     .03353     .03826     .03616     .03616     .03365     .03859     .03379     .03846
                       .03602     .03355     .03949      .0374     .03737     .03365     .04079     .03341     .03971     .03761
                       .03442     .03686     .03347        0.3        0.3        0.3        0.3        0.3        0.3        0.3
                          0.3        0.3
             Random switching times for simulation number  153  :
                                   7  3.4415742E-02    8  3.7482397E-02    9  3.5496119E-02

 335.743           32.2528045 95.4142462 118.125171 677.553984 1914.89978 951.285509 .8510056E7 .1220216E8 .9831837E7 -143670.71
                   159224.511 -147370.74 -143670.53 159224.696 -147370.63 -204741.75 -175503.69 207900.289 -197614.41 199309.771
                   -198224.61 242065.711 261950.449 -236920.23 -305740.64 281158.546 358683.793 345169.301 390913.594 -326422.57
                   179.590658 -308.89197 343.693425 12.4321612  12.707614 12.5595433 795.013283 4440.09015 1430.56958 .180398294
                   .369615643  .47361231
Times of maxima :      .03495     .03777     .03792     .04204     .03825     .03617      .0396     .03944      .0353     .04204
                       .03825     .03617     .04204     .03825     .03617     .03515     .03946      .0382      .0396     .03944
                        .0353     .03611     .03953      .0381     .03821     .03623     .03946     .03636     .03958     .03808
                       .03495     .03777     .03792        0.3        0.3        0.3        0.3        0.3        0.3        0.3
                          0.3        0.3
             Random switching times for simulation number  154  :
                                   7  2.2426636E-02    8  2.2010137E-02    9  2.2871225E-02

 48.4242           34.3893778 50.6963529  73.190722 588.936127  1270.2359  732.92556 .1822817E8 .2482218E8 .3609373E7 -142434.07
                   151478.519 144433.372 -142433.87 151478.226 144433.236 173264.912 -192658.51 208718.496 -202018.17  204904.13
                   194616.074  -244451.3   245079.6 222079.009 240416.458 -277740.92  249721.25 -288302.93 288194.256 -303022.68
                   -185.44373 -225.15851 270.537838 13.1030535 13.1901046 12.9873563 4234.46239 5223.64293 305.418818 .218932835
                   .192155172 .204921717
Times of maxima :      .02322     .02256     .02309     .02485     .02263     .02749     .02344     .02279     .02774     .02485
                       .02263     .02749     .02485     .02263     .02749     .02755     .02362     .02262     .02344     .02279
                       .02774     .02626     .02349     .02913     .02918     .02492     .02361     .02635     .02374     .02287
                       .02322     .02256     .02309        0.3        0.3        0.3        0.3        0.3        0.3        0.3
                          0.3        0.3
             Random switching times for simulation number  155  :
                                   7  2.6464321E-02    8  2.5832765E-02    9  2.6218755E-02

 136.088           61.3389827 68.5135997  90.939945  127.69059 1365.74082 2556.50722 .1309881E8 .1422411E8 .3627314E7 -131665.74
                   -152669.98 166337.652 -131665.43 -152669.96 166337.534 213270.209 -200816.91 -179233.45 -199717.29 -200226.44
                   194666.824 -273149.73 -227845.98 244738.266 304406.724 -346120.61 -267951.31 -390130.06 -300633.94 376247.264
                   -247.66708 261.751026 -301.56251 12.8199174 12.9903161 13.2021749 1194.75564 1907.57467 934.159103 .321157538
                   .339214645  .30968939
Times of maxima :      .02677     .02826     .02867     .02682     .03002     .02713     .02683     .02985     .02739     .02682
                       .03002     .02713     .02682     .03002     .02713     .02722     .02693     .03007     .02683     .02985
                       .02739     .02713     .03145      .0284     .02851       .027     .03137     .02708     .03149     .02855
                       .02677     .02826     .02867        0.3        0.3        0.3        0.3        0.3        0.3        0.3
                          0.3        0.3
             Random switching times for simulation number  156  :
                                   7  2.7333302E-02    8  2.8444599E-02    9  2.7852461E-02

 161.095           41.7984499 78.0204802 55.1822175 443.339342 1701.88211 923.692855 237167.137  .200685E8 .2966639E8 140356.966
                   -156739.09 147005.397 140356.939 -156738.87 147005.395 222976.808  160946.48 -205886.13 181902.333 -202831.52
                   206976.113 223865.421 -256261.33 281841.926 317276.166 248664.767 -292233.08 270566.091 -308504.82 357636.772
                   -204.44669 279.321464 -234.90896 12.7575119 13.0310526  12.821957  23.878302 4592.10139 5573.75901 .194687034
                   .239872261 .229089941
Times of maxima :      .02769     .02884       .029     .03304     .02907      .0281     .03424     .03053     .02822     .03304
                       .02907      .0281     .03304     .02907      .0281     .02805     .03439     .03044     .03424     .03053
                       .02822     .03444      .0318     .02907     .02919     .03437     .03044     .03422     .03056     .02932
                       .02769     .02884       .029        0.3        0.3        0.3        0.3        0.3        0.3        0.3
                          0.3        0.3
             Random switching times for simulation number  157  :
                                   7  2.4933256E-02    8  2.3813991E-02    9  2.5717530E-02

 107.029             28.95726 87.7933739 78.0842644 1029.57893  130.81536 698.278137 .1677444E8 .8807784E7 .1463841E8 -148398.35
                   -133266.88  143957.07 -148398.09 -133266.71 143956.874 171294.834 -218085.86 -176740.42 -201371.21 -197752.18
                    200413.27 -267046.81  -221139.7 230953.466  264705.95  -320302.9 -257316.17 -309921.87 -301150.14 262217.412
                   -170.16833 296.299467 279.435618 12.9154999 12.9772005 12.9526088 4121.89407 1437.08293 1439.30666 .172574775
                   .325692284 .234569698
Times of maxima :       .0272      .0264     .02602     .02632     .03065     .02727     .02658     .02955     .02757     .02632
                       .03065     .02727     .02632     .03065     .02727      .0274     .02643     .02819     .02658     .02955
                       .02757     .02634      .0323     .02937     .02803     .02644     .03218     .02626      .0321     .02793
                        .0272      .0264     .02602        0.3        0.3        0.3        0.3        0.3        0.3        0.3
                          0.3        0.3
             Random switching times for simulation number  158  :
                                   7  3.0636984E-02    8  3.0352566E-02    9  3.0407725E-02

 223.241           39.2533881 77.8356678 34.8321272 897.565553 2484.32066 127.483957 153164.224 .1928702E8 289355.326 146657.955
                   -165563.12 -131558.67 146658.012 -165562.86 -131558.85 -148288.04 169788.166 -207795.01 179889.468  -202486.9
                    -183131.4 232619.804 -281482.12 224061.916 263621.882 251115.446 -337861.39 309565.943 -353845.34 313581.464
                   198.124678 278.990444 -186.63367 12.7646257 12.9541044 12.5536981 17.3574694  5305.3797 25.5031896  .25602155
                   .288300775 .265602651
Times of maxima :       .0331     .03079     .03184     .03239     .03099     .03625     .03221       .031     .03602     .03239
                       .03099     .03625     .03239     .03099     .03625     .03585     .03239     .03107     .03221       .031
                       .03602     .03498       .031     .03097     .03109     .03487     .03107     .03477     .03124     .03121
                        .0331     .03079     .03184        0.3        0.3        0.3        0.3        0.3        0.3        0.3
                          0.3        0.3
             Random switching times for simulation number  159  :
                                   7  3.1601507E-02    8  3.1128566E-02    9  3.1521892E-02

 221.523           18.1132743  61.051198 59.5159788 1728.71095 517.211766 126.726448 .2183051E8 .2648798E8 654199.611 157055.859
                   -141418.28 -131167.52 157055.718 -141417.95 -131167.41 -152909.27 210498.503 -203634.91 203604.446 -205621.08
                   -185883.04 220996.353 -273928.86 -212452.26 -233216.96 237752.286 -304618.32 266009.247 -380775.41 -236200.75
                   134.585565 247.085406 -243.95897 12.7838335 12.6755546 12.5357431 2960.28929 4567.38044 68.8405104 .146482474
                   .242409994  .23257232
Times of maxima :      .03447     .03294     .03207      .0322     .03174     .03612     .03239     .03189     .03484      .0322
                       .03174     .03612      .0322     .03174     .03612     .03627     .03217     .03172     .03239     .03189
                       .03484     .03492     .03221     .03752     .03791      .0348     .03215     .03468     .03199     .03679
                       .03447     .03294     .03207        0.3        0.3        0.3        0.3        0.3        0.3        0.3
                          0.3        0.3
             Random switching times for simulation number  160  :
                                   7  3.4900529E-02    8  3.5365628E-02    9  3.3237418E-02

  307.34           78.1288309 30.8102395 101.168868 1023.66152 333.216555 2810.81519 .1880959E8 727061.607 .1696329E8 148321.188
                   138746.321 -169020.28 148320.886 138746.218 -169019.89  -228636.5 214940.697 158162.017 202275.807 186108.093
                   -201455.48  284197.17 233295.846 -227646.29 -228537.91 334200.509 276570.691 348370.733 304812.097 -274001.75
                    279.51535 175.528458  318.07054 12.6213939  12.538893 12.7499586 5096.34576 62.3756541 2770.23358  .21743646
                   .219332188 .385090988
Times of maxima :      .03546     .04022     .03714     .03383      .0385     .03551     .03411     .03984     .03576     .03383
                        .0385     .03551     .03383      .0385     .03551     .03564     .03397     .03847     .03411     .03984
                       .03576     .03556     .04016     .03684     .03718     .03563     .04007     .03549     .04001     .03577
                       .03546     .04022     .03714        0.3        0.3        0.3        0.3        0.3        0.3        0.3
                          0.3        0.3
             Random switching times for simulation number  161  :
                                   7  3.4392457E-02    8  3.5771317E-02    9  3.5021874E-02

 292.752           38.3215133 44.9722807 59.6331784 140.654622  729.12528 187.137586 .6550191E7 .1009542E8 .1017782E8 -135839.37
                   144381.271 -136552.53 -135839.42  144381.13 -136552.19 -204121.39  194439.25 202718.092 196702.786 198345.856
                   -198383.73 233676.846 235356.584 -247755.72  -292470.7  -249647.8 283048.846 -274686.83 297140.064 -335606.96
                   195.758814 -212.06669 244.199055 12.3970422 12.5685008  12.482564 1073.72888 1629.75404 2847.88925 .212474506
                    .23253982 .287614615
Times of maxima :      .03634      .0388     .03619     .04165     .03899     .03638     .03589      .0391     .03532     .04165
                       .03899     .03638     .04165     .03899     .03638     .03513     .03576     .03901     .03589      .0391
                       .03532     .03564     .04036     .03639      .0365     .04297     .03903     .04281     .03916     .03664
                       .03634      .0388     .03619        0.3        0.3        0.3        0.3        0.3        0.3        0.3
                          0.3        0.3
             Random switching times for simulation number  162  :
                                   7  2.4907947E-02    8  2.4775760E-02    9  2.4652790E-02

 108.311           50.9877196 45.7157827 81.9886185 1735.53872 127.821564 131.560402 .2415863E8  .340057E7 .2465432E7 -157136.58
                   -131733.09 133645.835 -157136.18 -131732.94 133645.675 170641.836 -212226.74 -166159.61 -204617.21 -194023.55
                   191326.587 -241723.34 231947.844 231379.391  256021.09 -294236.26 311879.849 -341140.37  324939.02 263633.002
                    -225.8046 213.812494 286.336548 13.1194648 12.9337711 12.9186837 6364.53037 394.716334 142.769225 .165337538
                   .302743884 .350184386
Times of maxima :      .02546      .0284     .02507     .02526     .02984     .02809     .02514     .03128     .02704     .02526
                       .02984     .02809     .02526     .02984     .02809     .02567     .02537     .03109     .02514     .03128
                       .02704     .02558     .02526     .02856     .02851     .02539     .02537     .02552     .02551     .02997
                       .02546      .0284     .02507        0.3        0.3        0.3        0.3        0.3        0.3        0.3
                          0.3        0.3
             Random switching times for simulation number  163  :
                                   7  2.3097266E-02    8  2.1182868E-02    9  2.1999224E-02

 51.4797            17.594601  38.261109 38.1297627 940.623041 968.793176  135.71611 .6455198E7 .1873053E8 364948.429 -147229.66
                     147601.5 135740.219 -147229.69 147601.524 135740.053 176076.051 -183769.88 215803.331 -196658.39 202240.812
                   184884.012 -221491.84 230336.169 210728.968 234061.581 -245348.46 240001.754 -267921.72 258774.905 239998.911
                   -132.64464 -195.60447 195.268438 13.1463313 13.2555065 12.9339469 1008.83699 3845.35252 49.2300221 .177421381
                   .192730079 .194350779
Times of maxima :      .02787     .02165      .0239     .02413     .02196     .02795     .02427     .02206     .02823     .02413
                       .02196     .02795     .02413     .02196     .02795     .02808     .02422     .02192     .02427     .02206
                       .02823     .02538     .02313     .02946     .02955     .02549     .02274     .02562     .02288     .02967
                       .02787     .02165      .0239        0.3        0.3        0.3        0.3        0.3        0.3        0.3
                          0.3        0.3
             Random switching times for simulation number  164  :
                                   7  2.5231811E-02    8  2.3436406E-02    9  2.6297606E-02

 100.469           56.4079713 50.8458492 87.7556623 1870.14223 924.758577 463.586902 .1229341E8 .5252314E7 .7244317E7 -158708.26
                   -147019.57 140649.609 -158707.97 -147019.53 140649.268 185161.635 -193316.98 194335.057 -199351.32 196094.474
                   197026.606 -294492.83 -248865.94 228570.262  279452.26 -342126.59 -322766.29  -395654.8 -339328.36 304592.257
                   -237.50362 225.490242 -296.23582 12.9518639 13.0740235 12.9314637 1540.29778  1078.7457  545.72869 .189757276
                   .435341615 .427776257
Times of maxima :      .02686     .02462     .02746      .0269     .03017     .02693     .02674     .02431     .02717      .0269
                       .03017     .02693      .0269     .03017     .02693     .02733     .02701     .02417     .02674     .02431
                       .02717     .02691     .03152     .02875     .02885     .02703     .03155     .02716     .03166     .02874
                       .02686     .02462     .02746        0.3        0.3        0.3        0.3        0.3        0.3        0.3
                          0.3        0.3
             Random switching times for simulation number  165  :
                                   7  2.3002473E-02    8  2.2784799E-02    9  2.3178494E-02

 74.3481           21.3124118 62.3681121  76.329387 2256.43921 595.295356 116.872103 .2722621E8 .1894572E8 810112.451 -163076.56
                   142523.634 125964.389 -163076.44 142523.288 125964.377 155207.998 -221898.14 198417.898 -205937.31 202336.039
                   186363.966 -220663.82 275240.437 223205.258 269491.775 -244687.92 316952.923 -249578.92 385247.194 279751.395
                   -145.98771 -249.73608 276.277735 13.2386549 13.0756846 12.9272186 3447.08286 4237.32316 51.0386784 .177296233
                   .326019177 .229392403
Times of maxima :      .02375     .02458     .02367     .02385      .0234     .02813     .02404     .02354     .02803     .02385
                        .0234     .02813     .02385      .0234     .02813     .02826     .02383     .02353     .02404     .02354
                       .02803     .02657     .02385     .02947     .02956     .02654     .02381     .02538     .02365     .02821
                       .02375     .02458     .02367        0.3        0.3        0.3        0.3        0.3        0.3        0.3
                          0.3        0.3
             Random switching times for simulation number  166  :
                                   7  2.6015250E-02    8  2.6553223E-02    9  2.5815943E-02

 154.104            60.213641 20.2231603 104.168889  145.09439 127.097241 1300.66483 .2318811E8 2371.19063 .3111539E7 -135908.17
                   -131359.09 151859.787 -135907.82 -131359.16 151859.737 189300.859 -207231.74  -148425.9 -204196.18 -164336.42
                   193197.645 -277096.63 -229459.73 227084.532 246640.712 -364222.05 -265764.21 -391983.13 -280582.76 252594.553
                   -245.38468 142.208158 -322.75206   12.86068 12.9108895 13.0000608 3548.66856 14.3809286 308.040289 .286881674
                   .193229303 .421549404
Times of maxima :      .02637     .02707     .02827     .02642      .0301      .0267     .02638     .03087     .02667     .02642
                        .0301      .0267     .02642      .0301      .0267     .02684     .02655     .03113     .02638     .03087
                       .02667     .02669     .03131     .02927     .02919     .02656     .03121     .02667      .0325     .02947
                       .02637     .02707     .02827        0.3        0.3        0.3        0.3        0.3        0.3        0.3
                          0.3        0.3
             Random switching times for simulation number  167  :
                                   7  2.5991979E-02    8  2.5427224E-02    9  2.6360845E-02

 120.233           89.9503359 25.2600082  59.971713 279.850282 129.116282  1730.9828 .1235218E8 3267.93749 .2659363E8 -137952.84
                    -132398.3   157082.9 -137952.53 -132398.42 157082.498 209353.001 -209830.99 -165947.97 -199378.07 -173672.29
                   205666.392 -272707.79 -226569.63 228148.467  287399.27 -309480.72  -262585.3 -390285.41 -273111.05 277855.301
                   -299.91722 158.933974 -244.89123 12.8133228  12.906716 13.0640081 1304.65703 14.3509389 5130.14615 .258924655
                   .183448894 .295232271
Times of maxima :       .0278     .02749     .02723     .02697     .03055     .02789     .02723     .03028     .02812     .02697
                       .03055     .02789     .02697     .03055     .02789     .02798     .02708     .03039     .02723     .03028
                       .02812     .02703     .03167      .0293     .02798     .02707     .03171     .02686     .03173     .02811
                        .0278     .02749     .02723        0.3        0.3        0.3        0.3        0.3        0.3        0.3
                          0.3        0.3
             Random switching times for simulation number  168  :
                                   7  3.4379786E-02    8  3.5057670E-02    9  3.5466921E-02

 313.973           31.7773981 25.1760168 97.0126052 128.343034 125.848248 325.560852 889636.712 .3500455E7 .9299676E7 -132001.54
                   130712.112  -138632.9 -132001.38 130712.132  -138632.9 -203491.04  176425.54 164161.911 -186608.33 194307.424
                   -197979.38 234116.071 227321.515 -214643.96 -224232.86 276830.077 264291.714 319721.249 291033.789 -230632.95
                   178.262161 158.669521 311.468466 12.3802842 12.5157485  12.488257 110.249245  271.17269  1279.6333 .192017238
                   .202393475 .330764485
Times of maxima :      .03491       .041     .03793     .04072     .03932     .03514     .03825     .03916     .03526     .04072
                       .03932     .03514     .04072     .03932     .03514     .03511     .03607     .03915     .03825     .03916
                       .03526     .03608      .0407     .03767     .03777      .0362     .04076     .03633     .03956     .03791
                       .03491       .041     .03793        0.3        0.3        0.3        0.3        0.3        0.3        0.3
                          0.3        0.3
             Random switching times for simulation number  169  :
                                   7  2.5560943E-02    8  2.6350378E-02    9  2.5728035E-02

 122.035           69.2722229  10.248147 63.2836891 373.187764 125.352078 1376.70928 .4890468E7 1602.71353 .1871047E8 139334.972
                   -130454.19 152805.765 139334.997  -130454.2 152805.766 204750.699 -196507.74  -141360.4 -195924.21 -155557.86
                   202231.927 -286392.06 -230852.73 239430.495 264263.542 -375602.65 -267488.64  -383749.6 -269684.49 294131.193
                   -263.19617 101.233132 251.562495 12.8782874 12.9088042 13.0895435 1372.13696 13.7131999 3609.89969 .307261734
                   .172344845 .314250627
Times of maxima :      .02721     .02917     .02596     .03361     .03093     .02634     .02625     .03074      .0276     .03361
                       .03093     .02634     .03361     .03093     .02634     .02628     .02645       .031     .02625     .03074
                        .0276     .02639     .03095     .02923     .02761      .0263     .03227     .02643     .03241     .02775
                       .02721     .02917     .02596        0.3        0.3        0.3        0.3        0.3        0.3        0.3
                          0.3        0.3
             Random switching times for simulation number  170  :
                                   7  3.2031345E-02    8  3.2368824E-02    9  3.1606553E-02

 269.904           24.6818988  51.511102 38.4693772 416.325934 116.850243 626.816377 .9796032E7 .8045129E7 .3448322E7 139965.164
                   125952.415 -142965.07 139965.108 125952.596 -142964.95 -188043.37 203468.199 -180206.69 198208.131  -197398.9
                   -194159.36  213107.56 -215076.25 -218267.46 -242311.38 221948.222 -239216.74  247436.64 -248822.35 -257391.99
                   157.104738 226.960574 -196.13612 12.6745373 12.5671617 12.5653989 1650.82467 1413.57367 654.938221 .199547557
                   .215174099 .191629031
Times of maxima :      .03602     .03269     .03215     .03391     .03914      .0362     .03247     .03301     .03633     .03391
                       .03914      .0362     .03391     .03914      .0362     .03635     .03233     .03299     .03247     .03301
                       .03633     .03531     .03299     .03778      .0377     .03491     .03287     .03506     .03298     .03632
                       .03602     .03269     .03215        0.3        0.3        0.3        0.3        0.3        0.3        0.3
                          0.3        0.3
             Random switching times for simulation number  171  :
                                   7  2.4792721E-02    8  2.3013026E-02    9  2.3168805E-02

 61.2431           36.6498427 86.6381881 58.2592469 1433.01638  523.01401 311.121464 .1563832E8   .24485E8 .4178713E7 -153499.62
                   141500.454  138418.69  -153499.6 141500.652 138418.678 165303.474 -185923.25 206578.127 -200862.79 204758.429
                   195588.449 -227686.88 279822.514  236686.27 296208.969 -250804.87 379024.651 -272424.34 386997.198  314493.86
                   -191.44149 294.343656 241.369523 13.1891785 13.0748709 12.9348014 1280.30308 3744.00137 302.614579 .208401822
                   .464351126 .304270273
Times of maxima :      .02657     .02537     .02345     .02386     .02382     .02823     .02516     .02353      .0269     .02386
                       .02382     .02823     .02386     .02382     .02823     .02704     .02391     .02373     .02516     .02353
                        .0269     .02665     .02385     .02958     .02832     .02533     .02374     .02519     .02387     .02845
                       .02657     .02537     .02345        0.3        0.3        0.3        0.3        0.3        0.3        0.3
                          0.3        0.3
             Random switching times for simulation number  172  :
                                   7  2.1091918E-02    8  2.1358536E-02    9  2.1277786E-02

 38.5868           76.3752518 78.1650183 36.2035977 131.625572 2903.87503 123.917547 .8864021E7 .1023335E8 .1205198E8 -133678.91
                   169984.101 129705.763 -133678.77 169984.021 129705.597 -181117.65 -180558.16 217385.976 -197778.18 198409.243
                   -199241.36 -224173.14  247683.08 -262360.76 -332236.35 -238958.86 318237.107 -262382.26 356575.158 -365211.16
                   -276.36073 -279.58007  190.27243 13.1131388 13.5639413 12.9968924 1161.92926 2863.59602  646.14186 .321771905
                   .393004026 .194781069
Times of maxima :      .02354     .02163     .02313     .02465     .02203     .02773     .02471     .02195     .02172     .02465
                       .02203     .02773     .02465     .02203     .02773     .02182     .02332     .02209     .02471     .02195
                       .02172     .02639     .02198     .02202     .02189     .02647     .02332      .0266     .02345     .02195
                       .02354     .02163     .02313        0.3        0.3        0.3        0.3        0.3        0.3        0.3
                          0.3        0.3
             Random switching times for simulation number  173  :
                                   7  3.0271661E-02    8  3.0371011E-02    9  3.1427673E-02

 239.756           98.8258262 63.8111135 80.7450513 1736.02834  2876.6464 217.228191 .2959397E8 .1135191E8 .9548114E7 157141.982
                   -169702.98 -137009.92 157141.944 -169702.86 -137009.75 -175987.73  207737.62 -205996.91 206945.423 -198921.85
                   -198093.94 231463.612 -265460.71 256495.635 320667.538 271160.151 -334465.96 311034.891 -350252.99 320642.255
                   314.365752 252.608617 -284.15674 12.8633602 12.9196536 12.5786938  3470.0083 3491.76926 1206.56042 .379603857
                   .284982112 .229917885
Times of maxima :       .0328     .03075     .03188     .03339     .03099     .03568     .03228     .03113      .0344     .03339
                       .03099     .03568     .03339     .03099     .03568      .0345     .03207      .0311     .03228     .03113
                        .0344     .03336     .03205     .03099       .031     .03456     .03216     .03444      .0323     .03113
                        .0328     .03075     .03188        0.3        0.3        0.3        0.3        0.3        0.3        0.3
                          0.3        0.3
             Random switching times for simulation number  174  :
                                   7  2.7091102E-02    8  2.4855342E-02    9  2.5712730E-02

 112.953           93.3624093 19.2510872 50.3783607 452.701316 120.816214  58927.316 .1724869E8 2313.36189 .2140509E8 -140492.53
                   -128072.15 177577.582 -140492.25 -128072.22 177577.531 210883.752  -197527.9 150747.133  -201582.7  -163703.5
                   203418.342 -286008.84 -224144.18 258796.311 318163.401 -337641.75 -241846.27 -346516.55 -263996.38 330763.254
                   -305.55263 138.748287 224.451244 12.8746355 12.9230073 14.0256315 5508.98729 14.4316276 5616.46607 .352009984
                   .205809548 .273914004
Times of maxima :      .02739     .02738     .02594     .02631     .03072     .02775     .02658     .03079     .02759     .02631
                       .03072     .02775     .02631     .03072     .02775     .02781     .02644     .03937     .02658     .03079
                       .02759     .02774     .03238     .02772     .02782     .02782     .03229     .02796     .03215     .02923
                       .02739     .02738     .02594        0.3        0.3        0.3        0.3        0.3        0.3        0.3
                          0.3        0.3
             Random switching times for simulation number  175  :
                                   7  2.8835643E-02    8  2.8500177E-02    9  2.7892329E-02

  175.29           74.2538962 64.2599069 46.2219175 675.985131 1250.81967 1515.47784 .3529384E7  .177429E8  .167296E8 143648.637
                   -151234.24 154505.898  143648.81 -151233.89 154505.811 212862.289 170882.912 -198439.79 194389.494 -201802.65
                   201351.186 229519.519 -241447.34 279560.318 322505.227 278251.086 -274231.56 317131.799 -308017.51 383979.366
                   -272.49568 253.495378 -214.99283 12.7637386 12.9374109 12.7668134 279.271824 2638.26051 2932.16906  .33397201
                   .216543798 .249740413
Times of maxima :      .02938     .03027     .03005     .03315     .03036     .02949     .03298     .03058      .0297     .03315
                       .03036     .02949     .03315     .03036     .02949     .02957     .03279     .03051     .03298     .03058
                        .0297     .03414     .03192     .02949     .02954     .03426     .03049     .03425     .03168     .02937
                       .02938     .03027     .03005        0.3        0.3        0.3        0.3        0.3        0.3        0.3
                          0.3        0.3
             Random switching times for simulation number  176  :
                                   7  2.9597460E-02    8  2.9203393E-02    9  2.9749802E-02

 188.743           48.0246725 55.6384557 39.1624215 617.577206 1173.53763 128.971182 .5718583E7  .268399E8 .3357201E7 142835.841
                   -150254.27 -132324.04 142835.758 -150254.26 -132324.01 -176869.24 163019.348 -205581.03 196313.441 -205771.94
                   193900.051  220927.82 -219753.66 266067.308  299891.52  265456.45 -226294.42 281945.687 -239953.47 372587.184
                   219.145323 235.878053 -197.89498 12.7391785 12.8967382 12.5965959 462.420545 5997.17739 212.498716 .254384816
                   .238539143 .170044861
Times of maxima :      .03042     .02975     .03026     .03344     .03151     .03615     .03199     .02996     .03045     .03344
                       .03151     .03615     .03344     .03151     .03615     .03623     .03351     .02993     .03199     .02996
                       .03045     .03471     .03173     .03027     .03018      .0348     .03187     .03492     .03197     .03006
                       .03042     .02975     .03026        0.3        0.3        0.3        0.3        0.3        0.3        0.3
                          0.3        0.3
             Random switching times for simulation number  177  :
                                   7  2.5975890E-02    8  2.4683962E-02    9  2.4087325E-02

 100.715           51.3454473 43.4433527 62.3834856 916.708385 111.734643 1007.85351 .2045261E8 792493.724 .1865915E8 -146912.99
                   -123164.65 148114.442 -146912.68 -123164.69 148114.285 206054.845 -216920.12 -162157.53 -203000.49 -186309.74
                   202209.202 -266279.28 -205995.74 219943.817 260411.422 -310610.22  -224067.6 -340542.25 -231487.68 266637.613
                   -226.59534  208.43069 -249.76686 13.0498101 12.9259997 12.9687729 5663.71739 69.5279333 2574.84229 .257546672
                   .209989285 .282777014
Times of maxima :      .02653     .02575     .02816     .02468     .03081     .02663     .02499     .02927     .02685     .02468
                       .03081     .02663     .02468     .03081     .02663     .02671     .02482     .03074     .02499     .02927
                       .02685     .02664     .03133     .02916     .02913     .02656     .03126     .02648     .03243     .02925
                       .02653     .02575     .02816        0.3        0.3        0.3        0.3        0.3        0.3        0.3
                          0.3        0.3
             Random switching times for simulation number  178  :
                                   7  2.8094763E-02    8  2.7743540E-02    9  2.8218408E-02

 174.579           69.6666631 38.4201544 43.9217125 354.591236 436.781451 1823.96866 .2708208E7 .4679184E7 .1819582E8 139061.736
                   -140262.28 158172.196 139061.666 -140262.01 158171.842 219772.811 165455.631 -167565.25 192033.743 -195824.66
                   202003.811 234061.334 -212390.22 280552.425 327590.876 292577.984 -227597.77 308640.879 -243748.11 346393.365
                   -263.94443 196.010598 -209.57508 12.7345152 12.9002603 12.8973492 198.732747 871.209102 3872.97212 .367465992
                    .19622638 .238515523
Times of maxima :      .02831     .02953     .03035     .03345     .02962      .0287     .03225     .02846     .02896     .03345
                       .02962      .0287     .03345     .02962      .0287     .02882     .03209     .02998     .03225     .02846
                       .02896      .0348      .0321      .0287     .02881      .0348     .03212      .0347      .0323     .02862
                       .02831     .02953     .03035        0.3        0.3        0.3        0.3        0.3        0.3        0.3
                          0.3        0.3
             Random switching times for simulation number  179  :
                                   7  3.0892961E-02    8  3.1648443E-02    9  2.9112149E-02

 241.378           17.9493897 56.3264813 25.6106312  322.31225 739.887059 126.322539 .3736587E7 .1057202E8 3289.66611  138585.01
                    -144528.8 -130958.36 138584.758  -144528.6 -130958.21 -164397.44  174057.99 -200775.86 194975.399 -198564.72
                    -173888.4 211491.739 -274797.65  -221564.2 -243616.09 -233334.39 -303913.08 250329.134 -301943.16 -264260.52
                   -133.97533 237.332006 -160.03322  12.723782 12.6407534 12.5393943 414.616931 3103.83783 14.3007066  .17574771
                   .235458058  .20878413
Times of maxima :      .03888     .03187     .03313     .03317     .03226     .03546     .03351      .0325     .03568     .03317
                       .03226     .03546     .03317     .03226     .03546     .03714     .03333     .03237     .03351      .0325
                       .03568     .03492     .03226     .03709     .03713      .0433     .03236     .03473      .0325     .03692
                       .03888     .03187     .03313        0.3        0.3        0.3        0.3        0.3        0.3        0.3
                          0.3        0.3
             Random switching times for simulation number  180  :
                                   7  3.3942989E-02    8  3.3377544E-02    9  3.3722655E-02

 299.469           55.3923096 89.9441559 69.4427859 1720.86965 644.820064 1331.30689 .1939573E8 .1073429E7 .3805176E7 156963.591
                   143216.084 -152242.31 156963.227 143216.062  -152242.2 -193011.84 216527.827 181815.372 202534.902 187170.678
                   -195168.61 271129.179 231804.639 -250764.74 -294238.19  354418.91 281247.455 375243.196 304902.294 -349253.39
                   235.355709 -299.90691 -263.51999 12.6051053 12.6057283 12.7259691 3809.08391 188.774854 661.549494 .297986558
                   .383779086 .270917001
Times of maxima :      .03411     .03446     .03426     .03433     .03753     .03461     .03459     .03877     .03609     .03433
                       .03753     .03461     .03433     .03753     .03461     .03578     .03447     .03758     .03459     .03877
                       .03609     .03462     .04016     .03749     .03737     .03448     .04016     .03458     .04028     .03737
                       .03411     .03446     .03426        0.3        0.3        0.3        0.3        0.3        0.3        0.3
                          0.3        0.3
             Random switching times for simulation number  181  :
                                   7  3.1596318E-02    8  3.1599289E-02    9  3.1083538E-02

 255.373           36.3280962 58.3123717 35.6571219 132.109126 504.150704  125.40119 .2130121E8 .1703888E8 .4873527E7 133924.262
                   -141231.43 -130479.56 133924.096 -141231.46 -130479.76 -181034.24 194416.467 -206502.41 203372.848 -201489.19
                   -195916.23 220712.152 -268080.37 -220865.52 -266821.69 236568.414 -298082.26 246229.464 -327942.88 -279899.47
                   190.599308 241.479547 -188.83093 12.6876656 12.6420188 12.5388223 3087.46175  2541.4406 650.394962 .229288888
                   .234071581 .173696422
Times of maxima :      .03526     .03199     .03301     .03317     .03228     .03578     .03196     .03245      .0356     .03317
                       .03228     .03578     .03317     .03228     .03578      .0356     .03322     .03231     .03196     .03245
                        .0356     .03426     .03226     .03703     .03692     .03439     .03214     .03432       .032     .03685
                       .03526     .03199     .03301        0.3        0.3        0.3        0.3        0.3        0.3        0.3
                          0.3        0.3
             Random switching times for simulation number  182  :
                                   7  2.1583857E-02    8  2.3218303E-02    9  2.2755569E-02

 57.6941           77.9654613 61.8869524 43.5409193 602.123765 1104.05867 129.891982 .1632992E8 .7715064E7 .1102136E8 -142619.46
                   149363.891 132795.591 -142619.18 149363.627 132795.538 183230.384 -166684.73 209801.337 -201172.58 197245.622
                   198770.634 -220068.67 275163.787 226551.196 290529.733 -256526.48 313386.275 -271402.98  346430.53 314617.832
                   -279.22296 248.770883  208.66461 13.1060024 13.0765752  12.973096 3079.03992 691.335495 2510.71671 .365731055
                   .332214109 .171514398
Times of maxima :      .02547     .02411     .02465     .02473     .02383     .02719     .02497     .02408     .02721     .02473
                       .02383     .02719     .02473     .02383     .02719     .02583     .02523     .02394     .02497     .02408
                       .02721     .02568     .02389     .02846     .02852     .02578     .02385     .02592     .02364      .0286
                       .02547     .02411     .02465        0.3        0.3        0.3        0.3        0.3        0.3        0.3
                          0.3        0.3
             Random switching times for simulation number  183  :
                                   7  2.7042614E-02    8  2.5605443E-02    9  2.6687268E-02

 127.291           80.3353466 35.9639758 94.4600802 126.158831 130.858813 2771.88408 .5155254E7 .1415436E8 .3183914E8 130873.457
                   -133288.72 168614.025 130873.326 -133288.84 168613.837 236049.731 -171718.36 -171761.62 -196048.83 -200194.96
                   207892.896 -254677.28 -231066.85 243715.011  294632.23 -293413.32 -274214.44 -372938.58 -302276.12 304233.996
                   -283.43491 189.641704 -307.34359 12.7893567  12.912937 13.1365114  273.25253 1645.84353 5404.28819 .220206206
                   .263327937 .317455829
Times of maxima :      .02759     .03005     .02917     .03325     .03065      .0277     .02741     .03042     .02791     .03325
                       .03065      .0277     .03325     .03065      .0277     .02777      .0274      .0305     .02741     .03042
                       .02791      .0277     .03197     .02767     .02778     .02767     .03208     .02754     .03201     .02908
                       .02759     .03005     .02917        0.3        0.3        0.3        0.3        0.3        0.3        0.3
                          0.3        0.3
             Random switching times for simulation number  184  :
                                   7  2.2778344E-02    8  2.3017512E-02    9  2.4803682E-02

 83.0827           73.0739737 64.8244031 99.3429258 1857.79175 547.103461 1184.25787 .1369567E8 .7321697E7 .1401175E8 -158564.63
                   141843.219 150390.922 -158564.88 141843.018 150390.839 217188.712 -215485.19 202872.617 -199987.66  197062.64
                   200130.552 -270995.54 -229792.63 231165.974 262705.594 -359371.82 281718.414 -379708.79 -321771.85 295351.528
                   -270.32198 254.606369 315.187128 13.2152186 13.0550347 13.0373896 3662.79415 1225.99901 3474.34622 .294425389
                   .357491825 .335317179
Times of maxima :      .02511     .02547     .02509     .02556     .02363     .02683      .0254     .02387     .02696     .02556
                       .02363     .02683     .02556     .02363     .02683     .02685     .02541     .02375      .0254     .02387
                       .02696     .02549     .03144     .02854     .02841     .02553     .02529     .02545     .03123     .02831
                       .02511     .02547     .02509        0.3        0.3        0.3        0.3        0.3        0.3        0.3
                          0.3        0.3
             Random switching times for simulation number  185  :
                                   7  2.6431045E-02    8  2.5791176E-02    9  2.6788198E-02

  143.78           76.8484375 40.9495316 69.7772681 601.185997 128.627099 1617.94735 .2471487E7 233240.267 .2312156E8 142606.025
                   -132147.24 155740.643 142606.021 -132147.38 155740.299 208714.029 -195943.19 -161725.58 -191344.29  -181809.2
                   204167.251 -257631.84 -230789.96 237442.165 295877.679 -294841.06 -269872.32 -381504.72 -270518.52 288858.302
                   -277.21551 202.359906 -264.15387 12.8149591 12.9057417 13.0692397 120.451305 23.8242027 5923.55097 .262411936
                   .184005805 .305309249
Times of maxima :      .02822     .02793     .02766     .03335     .02974     .02705     .02765     .03071     .02856     .03335
                       .02974     .02705     .03335     .02974     .02705     .02716     .02749     .03085     .02765     .03071
                       .02856     .02746     .03213     .02833      .0284     .02748      .0321     .02729     .03223     .02729
                       .02822     .02793     .02766        0.3        0.3        0.3        0.3        0.3        0.3        0.3
                          0.3        0.3
             Random switching times for simulation number  186  :
                                   7  3.5130321E-02    8  3.4132065E-02    9  3.6427032E-02

 330.032           52.0064911 21.3536494 44.8429077 112.223627 130.139971 1383.23335 1428.69119 .3138255E7 .1650813E8 -123433.86
                   132922.078 -152886.33  -123433.9 132922.244 -152886.44 -215202.47 -148651.78 163763.255  -153446.5 193274.269
                   -201252.25 -224235.99 207801.435 -229287.07 -278716.13 -256505.81 -220007.23 -278306.17 233020.165 -292405.24
                   228.049317 -146.12888 211.761441 12.3357677 12.5123508 12.5632186 12.9015796 242.512961 3490.79511 .276728413
                   .188799449 .191221302
Times of maxima :      .03556     .03816      .0374     .04186     .03873      .0359     .04068     .03853       .036     .04186
                       .03873      .0359     .04186     .03873      .0359     .03586      .0405     .03837     .04068     .03853
                         .036      .0431     .04046     .03711     .03708     .04301     .04876     .04306     .04022     .03719
                       .03556     .03816      .0374        0.3        0.3        0.3        0.3        0.3        0.3        0.3
                          0.3        0.3
             Random switching times for simulation number  187  :
                                   7  2.5278312E-02    8  2.6603974E-02    9  2.7704770E-02

 146.671           30.3246425 32.7960702  37.869331  121.07792 133.794439 135.400652 1122.99264  .421472E7 937774.519 128210.857
                   -134775.52 135582.435 128210.853 -134775.62 135582.204 169770.637 135075.905 -174184.61 149607.287 -195605.46
                   186755.937 210390.008 -219854.15 223483.502  257867.57 220739.852 -255800.73  242513.77 -261861.11 300814.255
                   -174.13972 181.096853 -194.60044 12.7357155 12.9099721 12.9066058 13.0976415 608.574067 98.8626023 .198856821
                    .23207886 .187498006
Times of maxima :      .02717     .02971     .02887     .03295      .0302     .02726     .03412     .03008     .02748     .03295
                        .0302     .02726     .03295      .0302     .02726     .02737     .03396     .03007     .03412     .03008
                       .02748     .03431     .03164     .02894      .0286     .03442     .03155     .03447     .03144     .02874
                       .02717     .02971     .02887        0.3        0.3        0.3        0.3        0.3        0.3        0.3
                          0.3        0.3
             Random switching times for simulation number  188  :
                                   7  2.9264568E-02    8  2.9198144E-02    9  3.0911833E-02

  205.07           72.2609537 73.6643507 49.2673888 130.464969 3222.48998 358.317272 .4071613E7 .1475964E8 .5116318E7 133088.125
                    -173218.7 139116.661 133088.114 -173218.85 139116.514 174508.347 179816.653 -212488.19 195537.827 -200467.88
                   -196030.52 236384.977 -244773.83 300953.924 386415.749 276784.723 -282646.87 304228.459 -335504.62 386246.159
                   268.813976 -271.41177 -221.96258 12.6995969 13.1926337 12.6264386 437.725505 4626.51175  762.47575 .379009739
                   .461159081 .206072269
Times of maxima :      .03031     .03433     .03125     .03299     .02995     .02986     .03178     .03006     .03581     .03299
                       .02995     .02986     .03299     .02995     .02986     .02991     .03301     .02992     .03178     .03006
                       .03581     .03432     .03159     .02986     .02991     .03444     .03151     .03454     .03141     .03005
                       .03031     .03433     .03125        0.3        0.3        0.3        0.3        0.3        0.3        0.3
                          0.3        0.3
             Random switching times for simulation number  189  :
                                   7  3.0771130E-02    8  2.9648857E-02    9  2.8857988E-02

 194.117           40.0950633  53.253843 21.7256081 130.402223 1603.17829 120.296957 .3494007E7 .1698633E8 1824.90536 133055.977
                   -155563.71 -127796.83 133056.106 -155563.43  -127796.7 -148624.46  184766.06 -215483.39 194289.122 -201465.75
                   -158182.75 209059.866 -240081.02  -217440.5 -259184.84 219554.264 -294268.58  228929.33 -301066.31 -287360.66
                   200.237517 230.767942 -147.39609 12.7195747 12.9428142 12.5449835 245.978669 3470.87299 13.5938392  .20558476
                    .28206689 .184987982
Times of maxima :      .03191     .03004     .03269     .03305     .03026     .03604     .03305     .03051     .03501     .03305
                       .03026     .03604     .03305     .03026     .03604     .03518      .0329     .03037     .03305     .03051
                       .03501     .03429     .03153      .0376      .0375     .03469     .03163     .05111     .03177     .03758
                       .03191     .03004     .03269        0.3        0.3        0.3        0.3        0.3        0.3        0.3
                          0.3        0.3
             Random switching times for simulation number  190  :
                                   7  2.9215163E-02    8  2.9092511E-02    9  3.0217039E-02

 207.509           76.0297444 66.2526978 36.4577326 128.023082 3238.00169 271.815773 1431.03722 .1872988E8 .1925214E7 131836.891
                    -173373.7 -137832.31 131836.739 -173373.83 -137832.27 -180588.36 141404.888 -214147.51 153475.307 -202240.52
                   189734.701 240057.252 -243195.08 271751.313 387732.742 292943.422 -297426.43 302547.977 -316365.18  389097.29
                   275.734917 257.395994 -190.93908 12.7211056 13.1107576 12.6406254 13.5285139  3415.6223  144.90926 .476358605
                   .348440393 .231626915
Times of maxima :      .03165     .02963     .03059     .03334     .02988     .03594     .03344     .02958     .02994     .03334
                       .02988     .03594     .03334     .02988     .03594     .03597     .03351     .02981     .03344     .02958
                       .02994     .03464     .03234     .02989     .02982     .03472     .03111     .03481     .03106     .02995
                       .03165     .02963     .03059        0.3        0.3        0.3        0.3        0.3        0.3        0.3
                          0.3        0.3
             Random switching times for simulation number  191  :
                                   7  2.6367836E-02    8  2.5188710E-02    9  2.4214181E-02

   99.49            61.821703 67.8158276 48.9955219 1145.53074 579.399593 1605.18214 .1888327E8 .1062229E8 .2084172E8 -149896.36
                   -142299.59 155587.608  -149896.4 -142299.58 155587.448 223521.369 -216934.05 -194524.69 -202308.41 -198587.77
                   203171.392 -274746.91 -217403.54 237331.514 271317.124 -298679.67  -234227.7 -294724.82  -262381.3 291511.529
                   -248.63971 260.414722 -221.34932  13.077143 12.9549959 13.0380499 4471.14283 1002.63815 4199.99946 .234532113
                   .217925953 .237476876
Times of maxima :      .02692     .02773      .0286     .02499     .02949     .02702      .0251     .02974     .02723     .02499
                       .02949     .02702     .02499     .02949     .02702     .02711     .02495     .02956      .0251     .02974
                       .02723     .02704     .03204      .0295     .02946      .0271     .03169      .0268     .03185     .02805
                       .02692     .02773      .0286        0.3        0.3        0.3        0.3        0.3        0.3        0.3
                          0.3        0.3
             Random switching times for simulation number  192  :
                                   7  3.1392486E-02    8  3.0290393E-02    9  3.1528528E-02

 248.514           11.6771308  41.276269 71.1542817 1134.92996 980.284036 110.415952 .1261236E8 .2060407E8 782.114062 149760.827
                   -147752.97 -122435.72  149760.54 -147752.71 -122435.74 137257.723 210709.242 -214716.21 199496.401 -203067.04
                   -145104.54 221045.695 -254403.75 -211711.66 -245621.36 248427.416 -342961.55 264702.775 -343347.08 -268815.69
                   108.060774  203.16562  -266.7476 12.7940688 12.8089642 12.5412209 3850.16475 5018.80284 12.9151135 .148163828
                   .276998234  .27987817
Times of maxima :      .03237     .03054     .03183     .03215      .0309     .03596      .0322     .03117     .03587     .03215
                        .0309     .03596     .03215      .0309     .03596     .04452     .03225     .03103      .0322     .03117
                       .03587     .03489     .03223     .03715     .03682     .03481     .03225     .03368     .03213     .03694
                       .03237     .03054     .03183        0.3        0.3        0.3        0.3        0.3        0.3        0.3
                          0.3        0.3
             Random switching times for simulation number  193  :
                                   7  3.0712149E-02    8  3.0442107E-02    9  3.0928855E-02

 239.324           42.8287015 60.1407122 68.0094242 344.975969 1075.21235 159.931159  .158655E8 .2478174E8 3468.23089 138920.054
                   -148991.37  -136135.9 138919.934 -148991.02  -136135.9 -172726.26 182514.436 -212108.32 200964.656 -204886.66
                   -175648.15  220900.58 -256890.24  -225342.6 -266611.79 236009.571 -286528.58 268679.605 -326715.54 -294304.44
                   206.950964 -245.23603 -260.78617 12.7061387 12.7798084 12.5505233 2559.77935 5668.19699 14.6637795 .213695396
                   .283923174 .172509207
Times of maxima :       .0315     .03439     .03138      .0316     .03106     .03587     .03177     .03129     .03577      .0316
                       .03106     .03587      .0316     .03106     .03587     .03594     .03151     .03111     .03177     .03129
                       .03577     .03459      .0316     .03715     .03728     .03467     .03151     .03443     .03133     .03736
                        .0315     .03439     .03138        0.3        0.3        0.3        0.3        0.3        0.3        0.3
                          0.3        0.3
             Random switching times for simulation number  194  :
                                   7  2.7538736E-02    8  2.7846624E-02    9  2.6765515E-02

 152.069           69.0566729 31.8187324 46.3356281 120.780217 800.531386 2004.19174 3097.82972 .1157628E7 .3641575E8 128053.171
                   -145354.48 160247.363 128053.135 -145354.42 160247.026 213484.062 -166619.74  -157468.2 -171965.05  -187427.2
                   209799.649 222113.643 -226719.83 253347.101 265098.668 232550.313 -263828.91 260993.658 -277991.19 331221.463
                   -262.78636  178.37806 -215.25712 12.7754197 12.9326408 12.9118085 14.4255624 72.1589944 11104.7363 .214581392
                   .196717372 .213647806
Times of maxima :      .02791     .02841     .02927     .03341     .02976     .02814     .02764     .02873     .02821     .03341
                       .02976     .02814     .03341     .02976     .02814     .02826     .02749      .0311     .02764     .02873
                       .02821     .03465     .03112     .02814     .02853     .03468      .0311     .03485     .03094     .02839
                       .02791     .02841     .02927        0.3        0.3        0.3        0.3        0.3        0.3        0.3
                          0.3        0.3
             Random switching times for simulation number  195  :
                                   7  2.7356870E-02    8  2.7865626E-02    9  2.6700950E-02

 162.805           67.6796634 37.0864365 44.0802599 119.654704  547.47107 1380.44566 4129.59437 .2423736E7 .4142095E8 127455.132
                   -141848.26 152851.953 127455.095 -141848.23 152851.981 229324.599 -170409.28 -150634.87 -176205.29 -191204.63
                   211848.796 219918.321 -216799.53  239141.79 248144.535 -234963.42 -260505.35 264600.009   -261449. 279313.429
                   -260.15315 192.578391 -209.95299 12.7808306 12.9127459 12.9072972 15.9509851  139.06649 10199.4274 .209171747
                   .179334148 .243996694
Times of maxima :      .02779     .02841     .03068     .03374       .031      .0281     .02758     .02872     .02822     .03374
                         .031      .0281     .03374       .031      .0281     .02797     .02743     .02895     .02758     .02872
                       .02822     .03506     .03102     .02855     .02847     .02796     .03111     .03483     .03124      .0283
                       .02779     .02841     .03068        0.3        0.3        0.3        0.3        0.3        0.3        0.3
                          0.3        0.3
             Random switching times for simulation number  196  :
                                   7  2.2052028E-02    8  2.1879848E-02    9  2.2323999E-02

 26.4562           55.6238501 71.1062304 57.3464315 531.465105 1315.87265 417.540107 .6701228E7 .2430792E8  .249405E7 -141621.12
                   152050.152 139982.775 -141620.94  152049.77 139982.765 177536.278 -180336.37 214584.698 -196773.34 204681.833
                   191410.206 -225259.66 246412.022 225665.559 -312115.25 -259059.34 282694.538 -297649.46 329469.639 -324107.67
                   -235.84709 266.657515  239.47115 13.1164802 13.2367067   12.96742 699.224926 5899.01087 268.169583  .28134383
                    .33742406  .18416026
Times of maxima :      .02289     .02577     .02272      .0243     .02249     .02727     .02309     .02242     .02853      .0243
                       .02249     .02727      .0243     .02249     .02727     .02737     .02291     .02251     .02309     .02242
                       .02853     .02604       .023     .02879     .02261     .02591     .02288     .02582     .02275     .02274
                       .02289     .02577     .02272        0.3        0.3        0.3        0.3        0.3        0.3        0.3
                          0.3        0.3
             Random switching times for simulation number  197  :
                                   7  2.1773365E-02    8  2.3843259E-02    9  2.3730743E-02

 73.6899           32.9893713 68.6946054 74.9993233 2295.12966 132.671495 121.336864 .2854484E8 .1643588E7 1832.41925 -163503.45
                   -134208.96 128347.916  -163503.1 -134208.84 128347.879 139861.284 -210296.72 171093.943 -206499.88 188894.461
                   158270.198 -244328.87 267208.461  219594.99 241342.727 -315447.49  381208.81 -353578.61 384011.107 260762.915
                   -181.62976 262.096557 273.860043 13.3249108 12.9790212 12.9520595 5761.96159 267.145515 13.4538418 .185182911
                   .323242074 .453575921
Times of maxima :       .0243     .02482     .02428     .02435     .03027     .02716     .02421     .02439     .02587     .02435
                       .03027     .02716     .02435     .03027     .02716     .02602     .02446     .02447     .02421     .02439
                       .02587     .02562     .02434     .02889     .02901     .02574     .02446     .02587     .02459     .02913
                        .0243     .02482     .02428        0.3        0.3        0.3        0.3        0.3        0.3        0.3
                          0.3        0.3
             Random switching times for simulation number  198  :
                                   7  2.1654699E-02    8  2.1506344E-02    9  2.0275780E-02

 18.4033           59.0184928 75.1770653 26.6084537 117.039313 2122.00874 134.805045 2412.02995 .1968595E8 .2452795E7 -126054.44
                   161579.427  135283.59 -126054.45 161579.071 135283.673 182880.996 -151123.91 219945.738 -164780.93 202662.959
                   191289.641  -229248.8  243727.37 -244932.92  -347852.7 -278029.15 267861.845 -298424.01 279424.608 -351812.78
                   -242.93722 -274.18436 163.120979  13.112171 13.3648619 12.9742458   13.93537 5316.19154 284.231953 .383725196
                   .273207534 .166296082
Times of maxima :      .02528       .022     .02285     .02457     .02212     .02838      .0258     .02236     .02717     .02457
                       .02212     .02838     .02457     .02212     .02838     .02701      .0256     .02222      .0258     .02236
                       .02717     .02696     .02213     .02212     .02223     .02562     .02223     .02575     .02364     .02236
                       .02528       .022     .02285        0.3        0.3        0.3        0.3        0.3        0.3        0.3
                          0.3        0.3
             Random switching times for simulation number  199  :
                                   7  3.0756501E-02    8  3.0727347E-02    9  2.9596263E-02

 228.651            37.875427 77.5070163 6.54258252 117.715075 3258.50841 130.611065 2179.98345 .1919769E8  111280.87 126417.887
                    -173578.6 -133162.57 126417.837 -173578.37 -133162.61 -165904.89 139627.407 -211781.23  162227.71 -202447.44
                    -178869.2  214043.25  -274595.7 243505.228 -284117.33 230692.093 -309652.01 243985.638  -326972.1 -298226.34
                   194.616102 278.400819 -80.886232 12.7133424 12.9350402  12.549911  13.077297 5987.26101 18.9391502 .252834001
                   .298215901 .138647406
Times of maxima :      .03446     .03114     .03125     .03276     .03135     .03614     .03409     .03158     .03476     .03276
                       .03135     .03614     .03276     .03135     .03614      .0362     .03271     .03145     .03409     .03158
                       .03476     .03457     .03134     .03135     .03748     .03469     .03145     .03478     .03158     .03735
                       .03446     .03114     .03125        0.3        0.3        0.3        0.3        0.3        0.3        0.3
                          0.3        0.3
             Random switching times for simulation number  200  :
                                   7  3.0584109E-02    8  3.0582401E-02    9  3.0983091E-02

 231.564           57.4687889  71.287232  47.112368 511.594412 3110.68814 204.710272 .4621748E7 .2277795E8 .8883779E7 141337.932
                   -172095.37 -136820.07 141337.803 -172095.07 -136819.77 -176106.36 182177.793 -213981.98  195797.58 -204017.75
                   -197787.32 247022.689 -259171.56 257061.208 309096.901  286492.05 -277985.84 316196.907 -364123.18 -313629.65
                   239.726488 266.996689 -217.05384 12.7140588 12.9435594 12.5603228 416.947981 5217.53075 1272.77035 .306562136
                    .34106138 .210730036
Times of maxima :      .03282     .03112     .03154     .03166      .0312     .03563     .03186     .03135     .03585     .03166
                        .0312     .03563     .03166      .0312     .03563     .03576     .03163     .03131     .03186     .03135
                       .03585     .03439     .03166      .0312     .03131      .0345     .03131     .03449     .03145     .03723
                       .03282     .03112     .03154        0.3        0.3        0.3        0.3        0.3        0.3        0.3
                          0.3        0.3

 MAIN20 dumps OVER12 dice seed  SEEDSV =   5.0457701800000000E+08

Comment card.   Card index = 460.                 |C TENSOES FASE-TERRA
Comment card.   Card index = 461.                 |C                         MODTAB   AINCR  XMAXMX
Comment card.   Card index = 462.                 |C                          25-32   33-40   41-48
MODTAB, AINCR, XMAXMX =      3    0.050   10.000  |STATISTICS DATA                3
Statistical output of  node  voltage   0.1127E+06 |0      112677.T_MANAT_MANBT_MANC

1 ) -------------------------------------------------------------------------------------------------------------------------------
Statistical distribution of peak voltage at node  "T_MANA".   The base voltage for per unit printout is  V-base = 1.12677000E+05
  Interval             voltage         voltage  in     Frequency    Cumulative               Per cent
    number         in per unit      physical units     (density)     frequency     .GE. current value
        21           1.0500000      1.18310850E+05             0             0          100.000000
        22           1.1000000      1.23944700E+05             5             5           97.500000
        23           1.1500000      1.29578550E+05            21            26           87.000000
        24           1.2000000      1.35212400E+05            32            58           71.000000
        25           1.2500000      1.40846250E+05            42           100           50.000000
        26           1.3000000      1.46480100E+05            30           130           35.000000
        27           1.3500000      1.52113950E+05            30           160           20.000000
        28           1.4000000      1.57747800E+05            14           174           13.000000
        29           1.4500000      1.63381650E+05            11           185            7.500000
        30           1.5000000      1.69015500E+05             4           189            5.500000
        31           1.5500000      1.74649350E+05             8           197            1.500000
        32           1.6000000      1.80283200E+05             1           198            1.000000
        33           1.6500000      1.85917050E+05             2           200             .000000
Summary of preceding table follows:       Grouped data     Ungrouped data
                                 Mean = 1.26950000E+00     1.27058718E+00
                             Variance = 1.28087940E-02     1.27857802E-02
                   Standard deviation = 1.13175943E-01     1.13074224E-01

2 ) -------------------------------------------------------------------------------------------------------------------------------
Statistical distribution of peak voltage at node  "T_MANB".   The base voltage for per unit printout is  V-base = 1.12677000E+05
  Interval             voltage         voltage  in     Frequency    Cumulative               Per cent
    number         in per unit      physical units     (density)     frequency     .GE. current value
        21           1.0500000      1.18310850E+05             0             0          100.000000
        22           1.1000000      1.23944700E+05             2             2           99.000000
        23           1.1500000      1.29578550E+05            18            20           90.000000
        24           1.2000000      1.35212400E+05            40            60           70.000000
        25           1.2500000      1.40846250E+05            34            94           53.000000
        26           1.3000000      1.46480100E+05            39           133           33.500000
        27           1.3500000      1.52113950E+05            26           159           20.500000
        28           1.4000000      1.57747800E+05            14           173           13.500000
        29           1.4500000      1.63381650E+05            11           184            8.000000
        30           1.5000000      1.69015500E+05             4           188            6.000000
        31           1.5500000      1.74649350E+05             9           197            1.500000
        32           1.6000000      1.80283200E+05             2           199             .500000
        33           1.6500000      1.85917050E+05             1           200             .000000
Summary of preceding table follows:       Grouped data     Ungrouped data
                                 Mean = 1.27275000E+00     1.27134362E+00
                             Variance = 1.22939070E-02     1.22445593E-02
                   Standard deviation = 1.10877892E-01     1.10655137E-01

3 ) -------------------------------------------------------------------------------------------------------------------------------
Statistical distribution of peak voltage at node  "T_MANC".   The base voltage for per unit printout is  V-base = 1.12677000E+05
  Interval             voltage         voltage  in     Frequency    Cumulative               Per cent
    number         in per unit      physical units     (density)     frequency     .GE. current value
        21           1.0500000      1.18310850E+05             0             0          100.000000
        22           1.1000000      1.23944700E+05             2             2           99.000000
        23           1.1500000      1.29578550E+05            19            21           89.500000
        24           1.2000000      1.35212400E+05            41            62           69.000000
        25           1.2500000      1.40846250E+05            43           105           47.500000
        26           1.3000000      1.46480100E+05            28           133           33.500000
        27           1.3500000      1.52113950E+05            20           153           23.500000
        28           1.4000000      1.57747800E+05            19           172           14.000000
        29           1.4500000      1.63381650E+05            10           182            9.000000
        30           1.5000000      1.69015500E+05             9           191            4.500000
        31           1.5500000      1.74649350E+05             4           195            2.500000
        32           1.6000000      1.80283200E+05             4           199             .500000
        33           1.6500000      1.85917050E+05             1           200             .000000
Summary of preceding table follows:       Grouped data     Ungrouped data
                                 Mean = 1.27125000E+00     1.27065391E+00
                             Variance = 1.29632538E-02     1.26849643E-02
                   Standard deviation = 1.13856286E-01     1.12627547E-01

4 ) -------------------------------------------------------------------------------------------------------------------------------
  SUMMARY   SUMMARY   SUMMARY   SUMMARY   SUMMARY   SUMMARY   SUMMARY   SUMMARY   SUMMARY   SUMMARY   SUMMARY   SUMMARY   SUMMARY
4 ) -------------------------------------------------------------------------------------------------------------------------------
The following is a distribution of peak overvoltages among all output nodes of the last data card that have the same base voltage.
This distribution is for the maximum of the peaks at all output nodes with  V-base = 1.12677000E+05
  Interval             voltage         voltage  in     Frequency    Cumulative               Per cent
    number         in per unit      physical units     (density)     frequency     .GE. current value
        23           1.1500000      1.29578550E+05             0             0          100.000000
        24           1.2000000      1.35212400E+05             3             3           98.500000
        25           1.2500000      1.40846250E+05            10            13           93.500000
        26           1.3000000      1.46480100E+05            26            39           80.500000
        27           1.3500000      1.52113950E+05            42            81           59.500000
        28           1.4000000      1.57747800E+05            40           121           39.500000
        29           1.4500000      1.63381650E+05            30           151           24.500000
        30           1.5000000      1.69015500E+05            17           168           16.000000
        31           1.5500000      1.74649350E+05            21           189            5.500000
        32           1.6000000      1.80283200E+05             7           196            2.000000
        33           1.6500000      1.85917050E+05             4           200             .000000
Summary of preceding table follows:       Grouped data     Ungrouped data
                                 Mean = 1.38475000E+00     1.38517403E+00
                             Variance = 9.74114322E-03     9.66128403E-03
                   Standard deviation = 9.86972300E-02     9.82918310E-02

Statistical output of  node  voltage   0.1127E+06 |0      112677.1_2LTC1_2LTA1_2LTB

5 ) -------------------------------------------------------------------------------------------------------------------------------
Statistical distribution of peak voltage at node  "1_2LTC".   The base voltage for per unit printout is  V-base = 1.12677000E+05
  Interval             voltage         voltage  in     Frequency    Cumulative               Per cent
    number         in per unit      physical units     (density)     frequency     .GE. current value
        22           1.1000000      1.23944700E+05             0             0          100.000000
        23           1.1500000      1.29578550E+05             1             1           99.500000
        24           1.2000000      1.35212400E+05             2             3           98.500000
        25           1.2500000      1.40846250E+05             3             6           97.000000
        26           1.3000000      1.46480100E+05             3             9           95.500000
        27           1.3500000      1.52113950E+05            10            19           90.500000
        28           1.4000000      1.57747800E+05            11            30           85.000000
        29           1.4500000      1.63381650E+05             9            39           80.500000
        30           1.5000000      1.69015500E+05            16            55           72.500000
        31           1.5500000      1.74649350E+05            17            72           64.000000
        32           1.6000000      1.80283200E+05            17            89           55.500000
        33           1.6500000      1.85917050E+05            15           104           48.000000
        34           1.7000000      1.91550900E+05            13           117           41.500000
        35           1.7500000      1.97184750E+05             9           126           37.000000
        36           1.8000000      2.02818600E+05            10           136           32.000000
        37           1.8500000      2.08452450E+05            20           156           22.000000
        38           1.9000000      2.14086300E+05            19           175           12.500000
        39           1.9500000      2.19720150E+05            10           185            7.500000
        40           2.0000000      2.25354000E+05             4           189            5.500000
        41           2.0500000      2.30987850E+05             8           197            1.500000
        42           2.1000000      2.36621700E+05             3           200             .000000
Summary of preceding table follows:       Grouped data     Ungrouped data
                                 Mean = 1.64800000E+00     1.64820309E+00
                             Variance = 4.78854271E-02     4.75732666E-02
                   Standard deviation = 2.18827391E-01     2.18112968E-01

6 ) -------------------------------------------------------------------------------------------------------------------------------
Statistical distribution of peak voltage at node  "1_2LTA".   The base voltage for per unit printout is  V-base = 1.12677000E+05
  Interval             voltage         voltage  in     Frequency    Cumulative               Per cent
    number         in per unit      physical units     (density)     frequency     .GE. current value
        22           1.1000000      1.23944700E+05             0             0          100.000000
        23           1.1500000      1.29578550E+05             2             2           99.000000
        24           1.2000000      1.35212400E+05             1             3           98.500000
        25           1.2500000      1.40846250E+05             7            10           95.000000
        26           1.3000000      1.46480100E+05             5            15           92.500000
        27           1.3500000      1.52113950E+05            15            30           85.000000
        28           1.4000000      1.57747800E+05             3            33           83.500000
        29           1.4500000      1.63381650E+05             7            40           80.000000
        30           1.5000000      1.69015500E+05             8            48           76.000000
        31           1.5500000      1.74649350E+05            18            66           67.000000
        32           1.6000000      1.80283200E+05            19            85           57.500000
        33           1.6500000      1.85917050E+05            13            98           51.000000
        34           1.7000000      1.91550900E+05            11           109           45.500000
        35           1.7500000      1.97184750E+05            14           123           38.500000
        36           1.8000000      2.02818600E+05             9           132           34.000000
        37           1.8500000      2.08452450E+05            22           154           23.000000
        38           1.9000000      2.14086300E+05            15           169           15.500000
        39           1.9500000      2.19720150E+05            20           189            5.500000
        40           2.0000000      2.25354000E+05             8           197            1.500000
        41           2.0500000      2.30987850E+05             2           199             .500000
        42           2.1000000      2.36621700E+05             1           200             .000000
Summary of preceding table follows:       Grouped data     Ungrouped data
                                 Mean = 1.64950000E+00     1.64947642E+00
                             Variance = 5.04017588E-02     4.97183453E-02
                   Standard deviation = 2.24503360E-01     2.22976109E-01

7 ) -------------------------------------------------------------------------------------------------------------------------------
Statistical distribution of peak voltage at node  "1_2LTB".   The base voltage for per unit printout is  V-base = 1.12677000E+05
  Interval             voltage         voltage  in     Frequency    Cumulative               Per cent
    number         in per unit      physical units     (density)     frequency     .GE. current value
        23           1.1500000      1.29578550E+05             0             0          100.000000
        24           1.2000000      1.35212400E+05             1             1           99.500000
        25           1.2500000      1.40846250E+05             1             2           99.000000
        26           1.3000000      1.46480100E+05             8            10           95.000000
        27           1.3500000      1.52113950E+05             7            17           91.500000
        28           1.4000000      1.57747800E+05            12            29           85.500000
        29           1.4500000      1.63381650E+05            10            39           80.500000
        30           1.5000000      1.69015500E+05            11            50           75.000000
        31           1.5500000      1.74649350E+05             9            59           70.500000
        32           1.6000000      1.80283200E+05            23            82           59.000000
        33           1.6500000      1.85917050E+05             8            90           55.000000
        34           1.7000000      1.91550900E+05            10           100           50.000000
        35           1.7500000      1.97184750E+05            15           115           42.500000
        36           1.8000000      2.02818600E+05            17           132           34.000000
        37           1.8500000      2.08452450E+05            25           157           21.500000
        38           1.9000000      2.14086300E+05            21           178           11.000000
        39           1.9500000      2.19720150E+05            17           195            2.500000
        40           2.0000000      2.25354000E+05             3           198            1.000000
        41           2.0500000      2.30987850E+05             0           198            1.000000
        42           2.1000000      2.36621700E+05             2           200             .000000
Summary of preceding table follows:       Grouped data     Ungrouped data
                                 Mean = 1.66200000E+00     1.66187032E+00
                             Variance = 4.22924623E-02     4.17515800E-02
                   Standard deviation = 2.05651312E-01     2.04332034E-01

8 ) -------------------------------------------------------------------------------------------------------------------------------
  SUMMARY   SUMMARY   SUMMARY   SUMMARY   SUMMARY   SUMMARY   SUMMARY   SUMMARY   SUMMARY   SUMMARY   SUMMARY   SUMMARY   SUMMARY
8 ) -------------------------------------------------------------------------------------------------------------------------------
The following is a distribution of peak overvoltages among all output nodes of the last data card that have the same base voltage.
This distribution is for the maximum of the peaks at all output nodes with  V-base = 1.12677000E+05
  Interval             voltage         voltage  in     Frequency    Cumulative               Per cent
    number         in per unit      physical units     (density)     frequency     .GE. current value
        28           1.4000000      1.57747800E+05             0             0          100.000000
        29           1.4500000      1.63381650E+05             1             1           99.500000
        30           1.5000000      1.69015500E+05             0             1           99.500000
        31           1.5500000      1.74649350E+05             2             3           98.500000
        32           1.6000000      1.80283200E+05             1             4           98.000000
        33           1.6500000      1.85917050E+05             0             4           98.000000
        34           1.7000000      1.91550900E+05             6            10           95.000000
        35           1.7500000      1.97184750E+05             9            19           90.500000
        36           1.8000000      2.02818600E+05            13            32           84.000000
        37           1.8500000      2.08452450E+05            50            82           59.000000
        38           1.9000000      2.14086300E+05            45           127           36.500000
        39           1.9500000      2.19720150E+05            42           169           15.500000
        40           2.0000000      2.25354000E+05            15           184            8.000000
        41           2.0500000      2.30987850E+05            10           194            3.000000
        42           2.1000000      2.36621700E+05             6           200             .000000
Summary of preceding table follows:       Grouped data     Ungrouped data
                                 Mean = 1.86750000E+00     1.86766892E+00
                             Variance = 9.76758794E-03     9.63635272E-03
                   Standard deviation = 9.88311082E-02     9.81649261E-02

Statistical output of  node  voltage   0.1127E+06 |0      112677.T_OPOAT_OPOBT_OPOC

9 ) -------------------------------------------------------------------------------------------------------------------------------
Statistical distribution of peak voltage at node  "T_OPOA".   The base voltage for per unit printout is  V-base = 1.12677000E+05
  Interval             voltage         voltage  in     Frequency    Cumulative               Per cent
    number         in per unit      physical units     (density)     frequency     .GE. current value
        24           1.2000000      1.35212400E+05             0             0          100.000000
        25           1.2500000      1.40846250E+05             2             2           99.000000
        26           1.3000000      1.46480100E+05             2             4           98.000000
        27           1.3500000      1.52113950E+05             3             7           96.500000
        28           1.4000000      1.57747800E+05             4            11           94.500000
        29           1.4500000      1.63381650E+05             6            17           91.500000
        30           1.5000000      1.69015500E+05             7            24           88.000000
        31           1.5500000      1.74649350E+05             6            30           85.000000
        32           1.6000000      1.80283200E+05             5            35           82.500000
        33           1.6500000      1.85917050E+05             7            42           79.000000
        34           1.7000000      1.91550900E+05            18            60           70.000000
        35           1.7500000      1.97184750E+05            39            99           50.500000
        36           1.8000000      2.02818600E+05            70           169           15.500000
        37           1.8500000      2.08452450E+05            29           198            1.000000
        38           1.9000000      2.14086300E+05             2           200             .000000
Summary of preceding table follows:       Grouped data     Ungrouped data
                                 Mean = 1.70050000E+00     1.70036840E+00
                             Variance = 1.86429648E-02     1.82863046E-02
                   Standard deviation = 1.36539243E-01     1.35226863E-01

10 ) -------------------------------------------------------------------------------------------------------------------------------
Statistical distribution of peak voltage at node  "T_OPOB".   The base voltage for per unit printout is  V-base = 1.12677000E+05
  Interval             voltage         voltage  in     Frequency    Cumulative               Per cent
    number         in per unit      physical units     (density)     frequency     .GE. current value
        25           1.2500000      1.40846250E+05             0             0          100.000000
        26           1.3000000      1.46480100E+05             1             1           99.500000
        27           1.3500000      1.52113950E+05             1             2           99.000000
        28           1.4000000      1.57747800E+05             5             7           96.500000
        29           1.4500000      1.63381650E+05             1             8           96.000000
        30           1.5000000      1.69015500E+05             7            15           92.500000
        31           1.5500000      1.74649350E+05             5            20           90.000000
        32           1.6000000      1.80283200E+05             6            26           87.000000
        33           1.6500000      1.85917050E+05            12            38           81.000000
        34           1.7000000      1.91550900E+05            23            61           69.500000
        35           1.7500000      1.97184750E+05            32            93           53.500000
        36           1.8000000      2.02818600E+05            75           168           16.000000
        37           1.8500000      2.08452450E+05            31           199             .500000
        38           1.9000000      2.14086300E+05             1           200             .000000
Summary of preceding table follows:       Grouped data     Ungrouped data
                                 Mean = 1.71550000E+00     1.71399603E+00
                             Variance = 1.26479899E-02     1.25037624E-02
                   Standard deviation = 1.12463283E-01     1.11820223E-01

11 ) -------------------------------------------------------------------------------------------------------------------------------
Statistical distribution of peak voltage at node  "T_OPOC".   The base voltage for per unit printout is  V-base = 1.12677000E+05
  Interval             voltage         voltage  in     Frequency    Cumulative               Per cent
    number         in per unit      physical units     (density)     frequency     .GE. current value
        24           1.2000000      1.35212400E+05             0             0          100.000000
        25           1.2500000      1.40846250E+05             1             1           99.500000
        26           1.3000000      1.46480100E+05             2             3           98.500000
        27           1.3500000      1.52113950E+05             1             4           98.000000
        28           1.4000000      1.57747800E+05             0             4           98.000000
        29           1.4500000      1.63381650E+05             6            10           95.000000
        30           1.5000000      1.69015500E+05             7            17           91.500000
        31           1.5500000      1.74649350E+05             7            24           88.000000
        32           1.6000000      1.80283200E+05            11            35           82.500000
        33           1.6500000      1.85917050E+05             9            44           78.000000
        34           1.7000000      1.91550900E+05            26            70           65.000000
        35           1.7500000      1.97184750E+05            38           108           46.000000
        36           1.8000000      2.02818600E+05            67           175           12.500000
        37           1.8500000      2.08452450E+05            21           196            2.000000
        38           1.9000000      2.14086300E+05             4           200             .000000
Summary of preceding table follows:       Grouped data     Ungrouped data
                                 Mean = 1.70225000E+00     1.70173343E+00
                             Variance = 1.42662688E-02     1.42212218E-02
                   Standard deviation = 1.19441487E-01     1.19252764E-01

12 ) -------------------------------------------------------------------------------------------------------------------------------
  SUMMARY   SUMMARY   SUMMARY   SUMMARY   SUMMARY   SUMMARY   SUMMARY   SUMMARY   SUMMARY   SUMMARY   SUMMARY   SUMMARY   SUMMARY
12 ) -------------------------------------------------------------------------------------------------------------------------------
The following is a distribution of peak overvoltages among all output nodes of the last data card that have the same base voltage.
This distribution is for the maximum of the peaks at all output nodes with  V-base = 1.12677000E+05
  Interval             voltage         voltage  in     Frequency    Cumulative               Per cent
    number         in per unit      physical units     (density)     frequency     .GE. current value
        29           1.4500000      1.63381650E+05             0             0          100.000000
        30           1.5000000      1.69015500E+05             1             1           99.500000
        31           1.5500000      1.74649350E+05             0             1           99.500000
        32           1.6000000      1.80283200E+05             0             1           99.500000
        33           1.6500000      1.85917050E+05             0             1           99.500000
        34           1.7000000      1.91550900E+05             0             1           99.500000
        35           1.7500000      1.97184750E+05             8             9           95.500000
        36           1.8000000      2.02818600E+05           108           117           41.500000
        37           1.8500000      2.08452450E+05            76           193            3.500000
        38           1.9000000      2.14086300E+05             7           200             .000000
Summary of preceding table follows:       Grouped data     Ungrouped data
                                 Mean = 1.79400000E+00     1.79194540E+00
                             Variance = 1.49648241E-03     1.26460161E-03
                   Standard deviation = 3.86843949E-02     3.55612375E-02

Comment card.   Card index = 467.                 |C
MODTAB, AINCR, XMAXMX =      3    0.050   10.000  |STATISTICS DATA                3
Statistical output of branch voltage   0.1952E+06 |-1     195161.T_MANAT_MANBT_MANBT_MANCT_MANCT_MANA

13 ) -------------------------------------------------------------------------------------------------------------------------------
Statistical distribution of peak voltage  for branch  "T_MANA"  to  "T_MANB".   Base voltage  for per unit output = 1.95161000E+05
  Interval             voltage         voltage  in     Frequency    Cumulative               Per cent
    number         in per unit      physical units     (density)     frequency     .GE. current value
        21           1.0500000      2.04919050E+05             0             0          100.000000
        22           1.1000000      2.14677100E+05            14            14           93.000000
        23           1.1500000      2.24435150E+05            39            53           73.500000
        24           1.2000000      2.34193200E+05            39            92           54.000000
        25           1.2500000      2.43951250E+05            29           121           39.500000
        26           1.3000000      2.53709300E+05            23           144           28.000000
        27           1.3500000      2.63467350E+05            19           163           18.500000
        28           1.4000000      2.73225400E+05            14           177           11.500000
        29           1.4500000      2.82983450E+05            13           190            5.000000
        30           1.5000000      2.92741500E+05             8           198            1.000000
        31           1.5500000      3.02499550E+05             0           198            1.000000
        32           1.6000000      3.12257600E+05             2           200             .000000
Summary of preceding table follows:       Grouped data     Ungrouped data
                                 Mean = 1.23750000E+00     1.23552102E+00
                             Variance = 1.30590452E-02     1.28646844E-02
                   Standard deviation = 1.14276180E-01     1.13422592E-01

14 ) -------------------------------------------------------------------------------------------------------------------------------
Statistical distribution of peak voltage  for branch  "T_MANB"  to  "T_MANC".   Base voltage  for per unit output = 1.95161000E+05
  Interval             voltage         voltage  in     Frequency    Cumulative               Per cent
    number         in per unit      physical units     (density)     frequency     .GE. current value
        20           1.0000000      1.95161000E+05             0             0          100.000000
        21           1.0500000      2.04919050E+05             1             1           99.500000
        22           1.1000000      2.14677100E+05            23            24           88.000000
        23           1.1500000      2.24435150E+05            46            70           65.000000
        24           1.2000000      2.34193200E+05            45           115           42.500000
        25           1.2500000      2.43951250E+05            28           143           28.500000
        26           1.3000000      2.53709300E+05            12           155           22.500000
        27           1.3500000      2.63467350E+05            11           166           17.000000
        28           1.4000000      2.73225400E+05            10           176           12.000000
        29           1.4500000      2.82983450E+05             9           185            7.500000
        30           1.5000000      2.92741500E+05             6           191            4.500000
        31           1.5500000      3.02499550E+05             3           194            3.000000
        32           1.6000000      3.12257600E+05             3           197            1.500000
        33           1.6500000      3.22015650E+05             2           199             .500000
        34           1.7000000      3.31773700E+05             1           200             .000000
Summary of preceding table follows:       Grouped data     Ungrouped data
                                 Mean = 1.22100000E+00     1.22152141E+00
                             Variance = 1.70190955E-02     1.68746822E-02
                   Standard deviation = 1.30457255E-01     1.29902587E-01

15 ) -------------------------------------------------------------------------------------------------------------------------------
Statistical distribution of peak voltage  for branch  "T_MANC"  to  "T_MANA".   Base voltage  for per unit output = 1.95161000E+05
  Interval             voltage         voltage  in     Frequency    Cumulative               Per cent
    number         in per unit      physical units     (density)     frequency     .GE. current value
        20           1.0000000      1.95161000E+05             0             0          100.000000
        21           1.0500000      2.04919050E+05             1             1           99.500000
        22           1.1000000      2.14677100E+05            23            24           88.000000
        23           1.1500000      2.24435150E+05            50            74           63.000000
        24           1.2000000      2.34193200E+05            33           107           46.500000
        25           1.2500000      2.43951250E+05            25           132           34.000000
        26           1.3000000      2.53709300E+05            12           144           28.000000
        27           1.3500000      2.63467350E+05            17           161           19.500000
        28           1.4000000      2.73225400E+05            12           173           13.500000
        29           1.4500000      2.82983450E+05            13           186            7.000000
        30           1.5000000      2.92741500E+05             6           192            4.000000
        31           1.5500000      3.02499550E+05             5           197            1.500000
        32           1.6000000      3.12257600E+05             1           198            1.000000
        33           1.6500000      3.22015650E+05             1           199             .500000
        34           1.7000000      3.31773700E+05             1           200             .000000
Summary of preceding table follows:       Grouped data     Ungrouped data
                                 Mean = 1.22800000E+00     1.22897920E+00
                             Variance = 1.72773869E-02     1.67421882E-02
                   Standard deviation = 1.31443474E-01     1.29391608E-01

16 ) -------------------------------------------------------------------------------------------------------------------------------
  SUMMARY   SUMMARY   SUMMARY   SUMMARY   SUMMARY   SUMMARY   SUMMARY   SUMMARY   SUMMARY   SUMMARY   SUMMARY   SUMMARY   SUMMARY
16 ) -------------------------------------------------------------------------------------------------------------------------------
A distribution of peak values among all output branches of the last data card that have the same base value follows.  This
statistical distribution is for the maximum of the peaks at all of these output branches having base  voltage  = 1.95161000E+05
  Interval             voltage         voltage  in     Frequency    Cumulative               Per cent
    number         in per unit      physical units     (density)     frequency     .GE. current value
        22           1.1000000      2.14677100E+05             0             0          100.000000
        23           1.1500000      2.24435150E+05             5             5           97.500000
        24           1.2000000      2.34193200E+05            15            20           90.000000
        25           1.2500000      2.43951250E+05            18            38           81.000000
        26           1.3000000      2.53709300E+05            20            58           71.000000
        27           1.3500000      2.63467350E+05            34            92           54.000000
        28           1.4000000      2.73225400E+05            35           127           36.500000
        29           1.4500000      2.82983450E+05            35           162           19.000000
        30           1.5000000      2.92741500E+05            19           181            9.500000
        31           1.5500000      3.02499550E+05             8           189            5.500000
        32           1.6000000      3.12257600E+05             6           195            2.500000
        33           1.6500000      3.22015650E+05             3           198            1.000000
        34           1.7000000      3.31773700E+05             2           200             .000000
Summary of preceding table follows:       Grouped data     Ungrouped data
                                 Mean = 1.35875000E+00     1.35822171E+00
                             Variance = 1.31391332E-02     1.29873273E-02
                   Standard deviation = 1.14626058E-01     1.13961955E-01

Statistical output of branch voltage   0.1952E+06 |-1     195161.1_2LTC1_2LTA1_2LTA1_2LTB1_2LTB1_2LTC

17 ) -------------------------------------------------------------------------------------------------------------------------------
Statistical distribution of peak voltage  for branch  "1_2LTC"  to  "1_2LTA".   Base voltage  for per unit output = 1.95161000E+05
  Interval             voltage         voltage  in     Frequency    Cumulative               Per cent
    number         in per unit      physical units     (density)     frequency     .GE. current value
        21           1.0500000      2.04919050E+05             0             0          100.000000
        22           1.1000000      2.14677100E+05             1             1           99.500000
        23           1.1500000      2.24435150E+05            12            13           93.500000
        24           1.2000000      2.34193200E+05            18            31           84.500000
        25           1.2500000      2.43951250E+05            21            52           74.000000
        26           1.3000000      2.53709300E+05            19            71           64.500000
        27           1.3500000      2.63467350E+05            17            88           56.000000
        28           1.4000000      2.73225400E+05            16           104           48.000000
        29           1.4500000      2.82983450E+05            24           128           36.000000
        30           1.5000000      2.92741500E+05            13           141           29.500000
        31           1.5500000      3.02499550E+05            13           154           23.000000
        32           1.6000000      3.12257600E+05            10           164           18.000000
        33           1.6500000      3.22015650E+05             8           172           14.000000
        34           1.7000000      3.31773700E+05             4           176           12.000000
        35           1.7500000      3.41531750E+05             4           180           10.000000
        36           1.8000000      3.51289800E+05             5           185            7.500000
        37           1.8500000      3.61047850E+05             5           190            5.000000
        38           1.9000000      3.70805900E+05             5           195            2.500000
        39           1.9500000      3.80563950E+05             1           196            2.000000
        40           2.0000000      3.90322000E+05             2           198            1.000000
        41           2.0500000      4.00080050E+05             2           200             .000000
Summary of preceding table follows:       Grouped data     Ungrouped data
                                 Mean = 1.41525000E+00     1.41544741E+00
                             Variance = 4.57461683E-02     4.52293925E-02
                   Standard deviation = 2.13883539E-01     2.12672030E-01

18 ) -------------------------------------------------------------------------------------------------------------------------------
Statistical distribution of peak voltage  for branch  "1_2LTA"  to  "1_2LTB".   Base voltage  for per unit output = 1.95161000E+05
  Interval             voltage         voltage  in     Frequency    Cumulative               Per cent
    number         in per unit      physical units     (density)     frequency     .GE. current value
        22           1.1000000      2.14677100E+05             0             0          100.000000
        23           1.1500000      2.24435150E+05             7             7           96.500000
        24           1.2000000      2.34193200E+05            12            19           90.500000
        25           1.2500000      2.43951250E+05            21            40           80.000000
        26           1.3000000      2.53709300E+05            11            51           74.500000
        27           1.3500000      2.63467350E+05            15            66           67.000000
        28           1.4000000      2.73225400E+05            19            85           57.500000
        29           1.4500000      2.82983450E+05            27           112           44.000000
        30           1.5000000      2.92741500E+05            21           133           33.500000
        31           1.5500000      3.02499550E+05            14           147           26.500000
        32           1.6000000      3.12257600E+05            10           157           21.500000
        33           1.6500000      3.22015650E+05            12           169           15.500000
        34           1.7000000      3.31773700E+05             8           177           11.500000
        35           1.7500000      3.41531750E+05            10           187            6.500000
        36           1.8000000      3.51289800E+05             3           190            5.000000
        37           1.8500000      3.61047850E+05             2           192            4.000000
        38           1.9000000      3.70805900E+05             2           194            3.000000
        39           1.9500000      3.80563950E+05             4           198            1.000000
        40           2.0000000      3.90322000E+05             2           200             .000000
Summary of preceding table follows:       Grouped data     Ungrouped data
                                 Mean = 1.44400000E+00     1.44234052E+00
                             Variance = 3.81296482E-02     3.78483949E-02
                   Standard deviation = 1.95268144E-01     1.94546639E-01

19 ) -------------------------------------------------------------------------------------------------------------------------------
Statistical distribution of peak voltage  for branch  "1_2LTB"  to  "1_2LTC".   Base voltage  for per unit output = 1.95161000E+05
  Interval             voltage         voltage  in     Frequency    Cumulative               Per cent
    number         in per unit      physical units     (density)     frequency     .GE. current value
        21           1.0500000      2.04919050E+05             0             0          100.000000
        22           1.1000000      2.14677100E+05             2             2           99.000000
        23           1.1500000      2.24435150E+05            11            13           93.500000
        24           1.2000000      2.34193200E+05            15            28           86.000000
        25           1.2500000      2.43951250E+05            20            48           76.000000
        26           1.3000000      2.53709300E+05            20            68           66.000000
        27           1.3500000      2.63467350E+05            21            89           55.500000
        28           1.4000000      2.73225400E+05            26           115           42.500000
        29           1.4500000      2.82983450E+05            14           129           35.500000
        30           1.5000000      2.92741500E+05            13           142           29.000000
        31           1.5500000      3.02499550E+05            15           157           21.500000
        32           1.6000000      3.12257600E+05            10           167           16.500000
        33           1.6500000      3.22015650E+05             8           175           12.500000
        34           1.7000000      3.31773700E+05             2           177           11.500000
        35           1.7500000      3.41531750E+05             4           181            9.500000
        36           1.8000000      3.51289800E+05             6           187            6.500000
        37           1.8500000      3.61047850E+05             3           190            5.000000
        38           1.9000000      3.70805900E+05             2           192            4.000000
        39           1.9500000      3.80563950E+05             0           192            4.000000
        40           2.0000000      3.90322000E+05             6           198            1.000000
        41           2.0500000      4.00080050E+05             1           199             .500000
        42           2.1000000      4.09838100E+05             1           200             .000000
Summary of preceding table follows:       Grouped data     Ungrouped data
                                 Mean = 1.41275000E+00     1.41240089E+00
                             Variance = 4.57160176E-02     4.58432668E-02
                   Standard deviation = 2.13813044E-01     2.14110408E-01

20 ) -------------------------------------------------------------------------------------------------------------------------------
  SUMMARY   SUMMARY   SUMMARY   SUMMARY   SUMMARY   SUMMARY   SUMMARY   SUMMARY   SUMMARY   SUMMARY   SUMMARY   SUMMARY   SUMMARY
20 ) -------------------------------------------------------------------------------------------------------------------------------
A distribution of peak values among all output branches of the last data card that have the same base value follows.  This
statistical distribution is for the maximum of the peaks at all of these output branches having base  voltage  = 1.95161000E+05
  Interval             voltage         voltage  in     Frequency    Cumulative               Per cent
    number         in per unit      physical units     (density)     frequency     .GE. current value
        24           1.2000000      2.34193200E+05             0             0          100.000000
        25           1.2500000      2.43951250E+05             4             4           98.000000
        26           1.3000000      2.53709300E+05             4             8           96.000000
        27           1.3500000      2.63467350E+05             7            15           92.500000
        28           1.4000000      2.73225400E+05             9            24           88.000000
        29           1.4500000      2.82983450E+05            16            40           80.000000
        30           1.5000000      2.92741500E+05            20            60           70.000000
        31           1.5500000      3.02499550E+05            20            80           60.000000
        32           1.6000000      3.12257600E+05            22           102           49.000000
        33           1.6500000      3.22015650E+05            20           122           39.000000
        34           1.7000000      3.31773700E+05            10           132           34.000000
        35           1.7500000      3.41531750E+05            17           149           25.500000
        36           1.8000000      3.51289800E+05            14           163           18.500000
        37           1.8500000      3.61047850E+05            10           173           13.500000
        38           1.9000000      3.70805900E+05             8           181            9.500000
        39           1.9500000      3.80563950E+05             5           186            7.000000
        40           2.0000000      3.90322000E+05            10           196            2.000000
        41           2.0500000      4.00080050E+05             3           199             .500000
        42           2.1000000      4.09838100E+05             1           200             .000000
Summary of preceding table follows:       Grouped data     Ungrouped data
                                 Mean = 1.61650000E+00     1.61679962E+00
                             Variance = 3.72891960E-02     3.66516342E-02
                   Standard deviation = 1.93104107E-01     1.91446165E-01

Statistical output of branch voltage   0.1952E+06 |-1     195161.T_OPOAT_OPOBT_OPOBT_OPOCT_OPOCT_OPOA

21 ) -------------------------------------------------------------------------------------------------------------------------------
Statistical distribution of peak voltage  for branch  "T_OPOA"  to  "T_OPOB".   Base voltage  for per unit output = 1.95161000E+05
  Interval             voltage         voltage  in     Frequency    Cumulative               Per cent
    number         in per unit      physical units     (density)     frequency     .GE. current value
        23           1.1500000      2.24435150E+05             0             0          100.000000
        24           1.2000000      2.34193200E+05             7             7           96.500000
        25           1.2500000      2.43951250E+05             6            13           93.500000
        26           1.3000000      2.53709300E+05            12            25           87.500000
        27           1.3500000      2.63467350E+05            12            37           81.500000
        28           1.4000000      2.73225400E+05            19            56           72.000000
        29           1.4500000      2.82983450E+05            15            71           64.500000
        30           1.5000000      2.92741500E+05            16            87           56.500000
        31           1.5500000      3.02499550E+05            21           108           46.000000
        32           1.6000000      3.12257600E+05            12           120           40.000000
        33           1.6500000      3.22015650E+05            13           133           33.500000
        34           1.7000000      3.31773700E+05            14           147           26.500000
        35           1.7500000      3.41531750E+05            13           160           20.000000
        36           1.8000000      3.51289800E+05            13           173           13.500000
        37           1.8500000      3.61047850E+05             6           179           10.500000
        38           1.9000000      3.70805900E+05             5           184            8.000000
        39           1.9500000      3.80563950E+05             4           188            6.000000
        40           2.0000000      3.90322000E+05            10           198            1.000000
        41           2.0500000      4.00080050E+05             2           200             .000000
Summary of preceding table follows:       Grouped data     Ungrouped data
                                 Mean = 1.55350000E+00     1.55465706E+00
                             Variance = 4.62690955E-02     4.57869811E-02
                   Standard deviation = 2.15102523E-01     2.13978927E-01

22 ) -------------------------------------------------------------------------------------------------------------------------------
Statistical distribution of peak voltage  for branch  "T_OPOB"  to  "T_OPOC".   Base voltage  for per unit output = 1.95161000E+05
  Interval             voltage         voltage  in     Frequency    Cumulative               Per cent
    number         in per unit      physical units     (density)     frequency     .GE. current value
        21           1.0500000      2.04919050E+05             0             0          100.000000
        22           1.1000000      2.14677100E+05             1             1           99.500000
        23           1.1500000      2.24435150E+05             4             5           97.500000
        24           1.2000000      2.34193200E+05             3             8           96.000000
        25           1.2500000      2.43951250E+05            16            24           88.000000
        26           1.3000000      2.53709300E+05            16            40           80.000000
        27           1.3500000      2.63467350E+05            12            52           74.000000
        28           1.4000000      2.73225400E+05             9            61           69.500000
        29           1.4500000      2.82983450E+05            18            79           60.500000
        30           1.5000000      2.92741500E+05            19            98           51.000000
        31           1.5500000      3.02499550E+05            20           118           41.000000
        32           1.6000000      3.12257600E+05            10           128           36.000000
        33           1.6500000      3.22015650E+05            14           142           29.000000
        34           1.7000000      3.31773700E+05            11           153           23.500000
        35           1.7500000      3.41531750E+05            12           165           17.500000
        36           1.8000000      3.51289800E+05             3           168           16.000000
        37           1.8500000      3.61047850E+05             9           177           11.500000
        38           1.9000000      3.70805900E+05             5           182            9.000000
        39           1.9500000      3.80563950E+05             3           185            7.500000
        40           2.0000000      3.90322000E+05             8           193            3.500000
        41           2.0500000      4.00080050E+05             7           200             .000000
Summary of preceding table follows:       Grouped data     Ungrouped data
                                 Mean = 1.53025000E+00     1.53012392E+00
                             Variance = 5.48089824E-02     5.46802037E-02
                   Standard deviation = 2.34113183E-01     2.33837986E-01

23 ) -------------------------------------------------------------------------------------------------------------------------------
Statistical distribution of peak voltage  for branch  "T_OPOC"  to  "T_OPOA".   Base voltage  for per unit output = 1.95161000E+05
  Interval             voltage         voltage  in     Frequency    Cumulative               Per cent
    number         in per unit      physical units     (density)     frequency     .GE. current value
        22           1.1000000      2.14677100E+05             0             0          100.000000
        23           1.1500000      2.24435150E+05             1             1           99.500000
        24           1.2000000      2.34193200E+05            10            11           94.500000
        25           1.2500000      2.43951250E+05             9            20           90.000000
        26           1.3000000      2.53709300E+05            22            42           79.000000
        27           1.3500000      2.63467350E+05             9            51           74.500000
        28           1.4000000      2.73225400E+05            20            71           64.500000
        29           1.4500000      2.82983450E+05            15            86           57.000000
        30           1.5000000      2.92741500E+05            16           102           49.000000
        31           1.5500000      3.02499550E+05            13           115           42.500000
        32           1.6000000      3.12257600E+05            16           131           34.500000
        33           1.6500000      3.22015650E+05            11           142           29.000000
        34           1.7000000      3.31773700E+05             9           151           24.500000
        35           1.7500000      3.41531750E+05            10           161           19.500000
        36           1.8000000      3.51289800E+05             9           170           15.000000
        37           1.8500000      3.61047850E+05             5           175           12.500000
        38           1.9000000      3.70805900E+05             3           178           11.000000
        39           1.9500000      3.80563950E+05             8           186            7.000000
        40           2.0000000      3.90322000E+05            10           196            2.000000
        41           2.0500000      4.00080050E+05             4           200             .000000
Summary of preceding table follows:       Grouped data     Ungrouped data
                                 Mean = 1.52775000E+00     1.52838341E+00
                             Variance = 5.53064698E-02     5.53216984E-02
                   Standard deviation = 2.35173276E-01     2.35205651E-01

24 ) -------------------------------------------------------------------------------------------------------------------------------
  SUMMARY   SUMMARY   SUMMARY   SUMMARY   SUMMARY   SUMMARY   SUMMARY   SUMMARY   SUMMARY   SUMMARY   SUMMARY   SUMMARY   SUMMARY
24 ) -------------------------------------------------------------------------------------------------------------------------------
A distribution of peak values among all output branches of the last data card that have the same base value follows.  This
statistical distribution is for the maximum of the peaks at all of these output branches having base  voltage  = 1.95161000E+05
  Interval             voltage         voltage  in     Frequency    Cumulative               Per cent
    number         in per unit      physical units     (density)     frequency     .GE. current value
        25           1.2500000      2.43951250E+05             0             0          100.000000
        26           1.3000000      2.53709300E+05             2             2           99.000000
        27           1.3500000      2.63467350E+05             3             5           97.500000
        28           1.4000000      2.73225400E+05             4             9           95.500000
        29           1.4500000      2.82983450E+05             7            16           92.000000
        30           1.5000000      2.92741500E+05             7            23           88.500000
        31           1.5500000      3.02499550E+05            13            36           82.000000
        32           1.6000000      3.12257600E+05            14            50           75.000000
        33           1.6500000      3.22015650E+05            17            67           66.500000
        34           1.7000000      3.31773700E+05            16            83           58.500000
        35           1.7500000      3.41531750E+05            17           100           50.000000
        36           1.8000000      3.51289800E+05            17           117           41.500000
        37           1.8500000      3.61047850E+05            17           134           33.000000
        38           1.9000000      3.70805900E+05            11           145           27.500000
        39           1.9500000      3.80563950E+05            14           159           20.500000
        40           2.0000000      3.90322000E+05            28           187            6.500000
        41           2.0500000      4.00080050E+05            13           200             .000000
Summary of preceding table follows:       Grouped data     Ungrouped data
                                 Mean = 1.74175000E+00     1.74220545E+00
                             Variance = 3.70421482E-02     3.69531139E-02
                   Standard deviation = 1.92463369E-01     1.92231927E-01

Initialize variables as  "FIND"  begins.          |FIND
Send (request, ALL, SPY, RESET, EXCLUDE, DISK, HELP, QUIT) :
Statistical output of  node  voltage   0.1127E+06 |0      112677.T_MANAT_MANBT_MANC
      Peak extremum of subset has value 1.85053962E+05     This occurred during
      simulation 13  for the variable having names  "T_MANA"  and  "      ".
      This was variable 1  of 3  in the subset;  200  shots were searched.
Send (request, ALL, SPY, RESET, EXCLUDE, DISK, HELP, QUIT) :
Create deterministic data file for shot JP = 13   |DISK
Send (request, ALL, SPY, RESET, EXCLUDE, DISK, HELP, QUIT) :
Initialize variables as  "FIND"  begins.          |RESET
Send (request, ALL, SPY, RESET, EXCLUDE, DISK, HELP, QUIT) :
Exit  FIND  by resuming statistical tabulations.  |QUIT
Comment card.   Card index = 477.                 |C
Initialize variables as  "FIND"  begins.          |FIND
Send (request, ALL, SPY, RESET, EXCLUDE, DISK, HELP, QUIT) :
Statistical output of  node  voltage   0.1127E+06 |0      112677.1_2LTC1_2LTA1_2LTB
      Peak extremum of subset has value 2.36049731E+05     This occurred during
      simulation 183  for the variable having names  "1_2LTC"  and  "      ".
      This was variable 1  of 3  in the subset;  200  shots were searched.
Send (request, ALL, SPY, RESET, EXCLUDE, DISK, HELP, QUIT) :
Create deterministic data file for shot JP = 183  |DISK
Send (request, ALL, SPY, RESET, EXCLUDE, DISK, HELP, QUIT) :
Initialize variables as  "FIND"  begins.          |RESET
Send (request, ALL, SPY, RESET, EXCLUDE, DISK, HELP, QUIT) :
Exit  FIND  by resuming statistical tabulations.  |QUIT
Comment card.   Card index = 483.                 |C
Initialize variables as  "FIND"  begins.          |FIND
Send (request, ALL, SPY, RESET, EXCLUDE, DISK, HELP, QUIT) :
Statistical output of  node  voltage   0.1127E+06 |0      112677.T_OPOAT_OPOBT_OPOC
      Peak extremum of subset has value 2.11848796E+05     This occurred during
      simulation 195  for the variable having names  "T_OPOC"  and  "      ".
      This was variable 3  of 3  in the subset;  200  shots were searched.
Send (request, ALL, SPY, RESET, EXCLUDE, DISK, HELP, QUIT) :
Create deterministic data file for shot JP = 195  |DISK
Send (request, ALL, SPY, RESET, EXCLUDE, DISK, HELP, QUIT) :
Initialize variables as  "FIND"  begins.          |RESET
Send (request, ALL, SPY, RESET, EXCLUDE, DISK, HELP, QUIT) :
Exit  FIND  by resuming statistical tabulations.  |QUIT
Comment card.   Card index = 489.                 |C
Initialize variables as  "FIND"  begins.          |FIND
Send (request, ALL, SPY, RESET, EXCLUDE, DISK, HELP, QUIT) :
Statistical output of branch voltage   0.1952E+06 |-1     195161.T_MANAT_MANBT_MANBT_MANCT_MANCT_MANA
      Peak extremum of subset has value 3.24547473E+05     This occurred during
      simulation 33  for the variable having names  "T_MANB"  and  "T_MANC".
      This was variable 2  of 3  in the subset;  200  shots were searched.
Send (request, ALL, SPY, RESET, EXCLUDE, DISK, HELP, QUIT) :
Create deterministic data file for shot JP = 33   |DISK
Send (request, ALL, SPY, RESET, EXCLUDE, DISK, HELP, QUIT) :
Initialize variables as  "FIND"  begins.          |RESET
Send (request, ALL, SPY, RESET, EXCLUDE, DISK, HELP, QUIT) :
Exit  FIND  by resuming statistical tabulations.  |QUIT
Initialize variables as  "FIND"  begins.          |FIND
Send (request, ALL, SPY, RESET, EXCLUDE, DISK, HELP, QUIT) :
Statistical output of branch voltage   0.1952E+06 |-1     195161.1_2LTC1_2LTA1_2LTA1_2LTB1_2LTB1_2LTC
      Peak extremum of subset has value 4.00364545E+05     This occurred during
      simulation 33  for the variable having names  "1_2LTB"  and  "1_2LTC".
      This was variable 3  of 3  in the subset;  200  shots were searched.
Send (request, ALL, SPY, RESET, EXCLUDE, DISK, HELP, QUIT) :
Create deterministic data file for shot JP = 33   |DISK
Send (request, ALL, SPY, RESET, EXCLUDE, DISK, HELP, QUIT) :
Initialize variables as  "FIND"  begins.          |RESET
Send (request, ALL, SPY, RESET, EXCLUDE, DISK, HELP, QUIT) :
Exit  FIND  by resuming statistical tabulations.  |QUIT
Comment card.   Card index = 500.                 |C
Initialize variables as  "FIND"  begins.          |FIND
Send (request, ALL, SPY, RESET, EXCLUDE, DISK, HELP, QUIT) :
Statistical output of branch voltage   0.1952E+06 |-1     195161.T_OPOAT_OPOBT_OPOBT_OPOCT_OPOCT_OPOA
      Peak extremum of subset has value 3.97672157E+05     This occurred during
      simulation 33  for the variable having names  "T_OPOB"  and  "T_OPOC".
      This was variable 2  of 3  in the subset;  200  shots were searched.
Send (request, ALL, SPY, RESET, EXCLUDE, DISK, HELP, QUIT) :
Create deterministic data file for shot JP = 33   |DISK
Send (request, ALL, SPY, RESET, EXCLUDE, DISK, HELP, QUIT) :
Initialize variables as  "FIND"  begins.          |RESET
Send (request, ALL, SPY, RESET, EXCLUDE, DISK, HELP, QUIT) :
Exit  FIND  by resuming statistical tabulations.  |QUIT
Comment card.   Card index = 506.                 |C
Initialize variables as  "FIND"  begins.          |FIND
Send (request, ALL, SPY, RESET, EXCLUDE, DISK, HELP, QUIT) :
Statistical output of branch energy    0.1000E+04 |-4        1.E3PRMANA      PRMANB      PRMANC
      Peak extremum of subset has value 2.70979797E+01     This occurred during
      simulation 36  for the variable having names  "PRMANB"  and  "      ".
      This was variable 2  of 3  in the subset;  200  shots were searched.
Send (request, ALL, SPY, RESET, EXCLUDE, DISK, HELP, QUIT) :
Create deterministic data file for shot JP = 36   |DISK
Send (request, ALL, SPY, RESET, EXCLUDE, DISK, HELP, QUIT) :
Initialize variables as  "FIND"  begins.          |RESET
Send (request, ALL, SPY, RESET, EXCLUDE, DISK, HELP, QUIT) :
Exit  FIND  by resuming statistical tabulations.  |QUIT
Comment card.   Card index = 512.                 |C
Initialize variables as  "FIND"  begins.          |FIND
Send (request, ALL, SPY, RESET, EXCLUDE, DISK, HELP, QUIT) :
Statistical output of branch energy    0.1000E+04 |-4        1.E3PROPOA      PROPOB      PROPOC
      Peak extremum of subset has value 1.11047363E+04     This occurred during
      simulation 194  for the variable having names  "PROPOC"  and  "      ".
      This was variable 3  of 3  in the subset;  200  shots were searched.
Send (request, ALL, SPY, RESET, EXCLUDE, DISK, HELP, QUIT) :
Create deterministic data file for shot JP = 194  |DISK
Send (request, ALL, SPY, RESET, EXCLUDE, DISK, HELP, QUIT) :
Initialize variables as  "FIND"  begins.          |RESET
Send (request, ALL, SPY, RESET, EXCLUDE, DISK, HELP, QUIT) :
Exit  FIND  by resuming statistical tabulations.  |QUIT
Comment card.   Card index = 518.                 |C
Blank card ends statistical tabulation requests.  |BLANK STATISTICS

                                      Sample curve symbols : "A", "B", and "C"
                                      Theoretical curve symbol : "*"
                                      Common curve symbol : "X"

        Switch  "XX0020"  to  "XX0021"            Switch  "XX0022"  to  "XX0023"            Switch  "XX0024"  to  "XX0025"
8.82800000E-01   switchings per column          8.82800000E-01   switchings per column     8.82800000E-01   switchings per column
              Columns                                     Columns                                     Columns
          5   10   15   20   25   30                5   10   15   20   25   30                5   10   15   20   25   30
     +----+----+----+----+----+----+           +----+----+----+----+----+----+           +----+----+----+----+----+----+
    X                                         X                                         X
    X                                         X                                         X
    X                                         X                                         X
    X                                         *B                                        X
    |X                                        |X                                        C*
    |A*                                       B *                                       | *   C
    |   * A                                   | B *                                     |C  *
    |      A*                                 |     B *                                 |C      *
    |           *  A                          |           *  B                          |          C*
    |                 *      A                |               B *                       |                 X
    |           A           *                 |              B        *                 |                       * C
    |                           *   A         |                           *          B  |                           *  C
    |  2.0000E-02                A*           |  2.0000E-02                 * B         |  2.0000E-02                 *   C
    |                           *A            |                           *    B        |                          C*
    |                     A *                 |                       *       B         |                       *C
    |                 *    A                  |           B     *                       |                 *      C
    |         A *                             |        B  *                             |           X
    |       X                                 |     B *                                 |    C  *
    |  A*                                     |  B*                                     |  C*
    | *A                                      | X                                       |C*
    A*                                        |*B                                       C*
    X                                         *B                                        X
    X                                         X                                         X
    X                                         X                                         X
    X                                         X                                         X
   Time (scale = 2.77666667E-04  Sec/line)   Time (scale = 2.77666667E-04  Sec/line)   Time  (scale = 2.77666667E-04  Sec/line)
 .... Questionable Kolmogorov-Smirnov test result = 9.08272084E-01
 .... Questionable Kolmogorov-Smirnov test result = 3.01080664E-01
 .... Questionable Kolmogorov-Smirnov test result = 7.18122156E-01

Memory storage figures for the preceding, now-completed data case.  -------------------------------  Present   Program
A value of  "-9999"  indicates that no figure is available.         03-Sep-26  15.37.10              figure     limit  (name)
     Size List 1.   Number of electric network nodes.                                                  118      100K  (LBUS)
     Size List 2.   Number of electric network branches.                                               141      120K  (LBRNCH)
     Size List 3.   Number of data values in R, L, C tables.                                           130      500K  (LDATA)
     Size List 4.   Number of electric network sources.                                                  6     20000  (LEXCT)
     Size List 5.   Storage for [Y] & triangularized [Y].  No. times = 1352   Factors = 594           1011     2000K  (LYMAT)
     Size List 6.   Number of entries in switch table.                  No. flops = 36                  36      5000  (LSWTCH)
     Size List 7.   Number of distinct ALPHANUMERIC data names plus program SPY variables.             210      200K  (LSIZE7)
     Size List 8.   History points of distributed lines.                                               112     2000K  (LPAST)
     Size List 9.   Number of nonlinear elements.                                                       18     10000  (LNONL)
     Size List 10.  Points of nonlinear characteristics.                                                48     16000  (LCHAR)
     Size List 11.  Number of Type-59 S.M. outputs.                                                      0      3000  (LSMOUT)
     Size List 12.  Total number of EMTP output variables.                                              42     12000  (LSIZ12)
     Size List 13.  Working space for batch/SPY plotting.                                            -9999     1000K  (LSIZ13)
     Size List 14.  S.M./U.M. connections to TACS.                                                   -9999      2000  (LBSTAC)
     Size List 15.  Character storage in bytes for MODELS.                                            2544     2000K  (LCTACS)
     Size List 16.  Total number of Type-59 S.M. masses.                                                 0      3200  (LIMASS)
     Size List 17.  Number of Type-59 Synchronous machines.                                              0       360  (LSYN)
     Size List 18.  Branch and switch power/energy outputs.                                              9      1016  (MAXPE)
     Size List 19.  Total floating-point TACS table space.                                              23     2000K  (LTACST)
     Size List 20.  Non-copied recursive convolution data plus SEEK of MODELS.                           0     2000K  (LFSEM)
     Size List 21.  Total modal/phase [T] matrix storage.                                               36     12000  (LFD)
     Size List 22.  Total recursive convolution history.                                                 0     1000K  (LHIST)
     Size List 23.  Giant vectors for renumbering, phasors;  also extrema accumulation.              30679     2000K  (LSIZ23)
     Size List 24.  Peak phases of compensation for data.                                                3        36  (LCOMP)
     Size List 25.  Total table space for all U.M usage.                                             -9999      240K  (LSPCUM)
     Size List 26.  Square of max number of coupled phases.                                              9     2000K  (LSIZ26)
     Size List 27.  Maximum number of MODELS top variables.                                             12      100K  (LSIZ27)
     Size List 28.  MODELS.  Total work space is divided into INTEGER and REAL.  1st, REAL:          15843     2000K  (LRTACS)
                             Second  and last,  statistics for INTEGER work space.                   21950         0  (LITACS)
     Size List 29.  RAM disk used by "TAPSAV" table saving (limit is "LABCOM" size LTLABL).          -9999  84700944  (LSIZ29)
     Size List 30.  ULM line or Noda line or User line circuits.                                           0        39  (LSIZ30)
Timing figures characterizing central processor (CP) solution speed.  ----------------------------   CP sec  Wait sec  Real sec
     Data input time (through blank card ending branches) ....                                       0.020     0.000     0.020
     Node renumbering and phasor solution  ....                                                      0.010     0.000     0.010
     After phasor solution, but before time-step loop  ....                                          0.000     0.000     0.000
     Integration of equations (time-step loop)  ....                                               106.470     0.000   106.470
     Plotting or STATISTICS termination overlays ....                                                0.020     0.000     0.020
                                                                                                    ---------------------------
                                                                                          Totals    106.520     0.000   106.520

