   ---   459   cards of disk file read into card cache cells  1   onward.
Alternative Transients Program (ATP),  Intel Visual Fortran.    All rights reserved by Can/Am user group of Portland, Oregon, USA.
 Date (dd-mth-yy) and time of day (hh.mm.ss) = 03-Sep-26  15.39.48    Name of disk plot file is  shot0195.pl4
Consult the 860-page ATP Rule Book of the Can/Am EMTP User Group in Portland,  Oregon, USA.  Source code date is 19 June 2017.
Total size of LABCOM tables = 80605677 INTEGER words.  31 VARDIM  List Sizes follow:  100K  120K  500K  20K  2000K  5K  200K
 2000K  10K  16K  3K  12K 1000K  2K 2000K  3200  360  1016 2000K 2000K  12K 1000K 2000K  36  240K 2000K  100K 2000K84700K  39  100K
--------------------------------------------------+--------------------------------------------------------------------------------
Descriptive interpretation of input data cards.   |  Input data card images are shown below, all 80 columns, character by character
                                                  0         1         2         3         4         5         6         7         8
                                                  012345678901234567890123456789012345678901234567890123456789012345678901234567890
--------------------------------------------------+--------------------------------------------------------------------------------
Comment card.   Card index = 1.                   |C data:shot0195.dat
Comment card.   Card index = 2.                   |C data:case_with_reader_model.atp
Marker card preceding new EMTP data case.         |BEGIN NEW DATA CASE
Comment card.   Card index = 4.                   |C ------------------------------------------------------------------------------
Comment card.   Card index = 5.                   |C Generated by ATPDraw September, 3, 2026
Comment card.   Card index = 6.                   |C from project /tmp/tmpxm7lnphz/case_with_reader_model.xml
Comment card.   Card index = 7.                   |C ATPDraw developed by H. K. Høidalen at NTNU - NORWAY 1999-2022
Comment card.   Card index = 8.                   |C ------------------------------------------------------------------------------
Use  SPY  DEPOSIT  on following variable.         |$DEPOSIT, SIGMAX=3.0
Comment card.   Card index = 10.                  |C $DUMMY, XYZ000
Comment card.   Card index = 11.                  |C  dT  >< Tmax >< Xopt >< Copt ><Epsiln>
Misc. data.     1.000E-05   3.000E-01   6.000E+01 |   1.E-5      .3     60.     60.  1.E-16
Misc. data.    500    1  1  1  1  0  0  1  0  0   |     500       1       1       1       1       0               1
No TACS data,  but MODELS data begins (next).     |MODELS
      Another ordinary MODELS data card.          |INPUT
      Another ordinary MODELS data card.          |  MM0001 {v(X0007A)}
      Another ordinary MODELS data card.          |  MM0002 {v(X0007B)}
      Another ordinary MODELS data card.          |  MM0003 {v(X0007C)}
      Another ordinary MODELS data card.          |  MM0004 {v(X0015A)}
      Another ordinary MODELS data card.          |  MM0005 {v(X0010A)}
      Another ordinary MODELS data card.          |  MM0006 {v(X0010B)}
      Another ordinary MODELS data card.          |  MM0007 {v(X0010C)}
      Another ordinary MODELS data card.          |  MM0008 {v(X0016A)}
      Another ordinary MODELS data card.          |OUTPUT
      Another ordinary MODELS data card.          |  X0008A
      Another ordinary MODELS data card.          |  X0009A
      Another ordinary MODELS data card.          |  X0011A
      Another ordinary MODELS data card.          |  X0012A
      Another ordinary MODELS data card.          |MODEL MDLRDR
      Another ordinary MODELS data card.          |--
      Another ordinary MODELS data card.          |-- DATA: Defines parameters that are constant throughout the entire simulation.
      Another ordinary MODELS data card.          |DATA total_knt  {dflt: 200}
      Another ordinary MODELS data card.          |
      Another ordinary MODELS data card.          |-- channel ID table
      Another ordinary MODELS data card.          |-- 1 = T_MAN
      Another ordinary MODELS data card.          |-- 2 = T_OPO
      Another ordinary MODELS data card.          |-- 3 = TRANSFORMER
      Another ordinary MODELS data card.          |-- 4 = ...
      Another ordinary MODELS data card.          |-- add more if needed
      Another ordinary MODELS data card.          |DATA channel_id {dflt: 1}
      Another ordinary MODELS data card.          |
      Another ordinary MODELS data card.          |-- VAR: variable parameters that might change throought the execution
      Another ordinary MODELS data card.          |-- we ask for the curr_knt so we can later down the pipe, at the graph
      Another ordinary MODELS data card.          |-- properly reset the graph after reaching the end of the current KNT execution
      Another ordinary MODELS data card.          |VAR curr_knt
      Another ordinary MODELS data card.          |
      Another ordinary MODELS data card.          |-- Input: defines the signals the model receives from the circuit or other model
      Another ordinary MODELS data card.          |-- wanted: Array that contains the values that you want to send to C subroutine
      Another ordinary MODELS data card.          |INPUT wanted[1..3]
      Another ordinary MODELS data card.          |INPUT i2
      Another ordinary MODELS data card.          |OUTPUT o1, o2
      Another ordinary MODELS data card.          |VAR o1,o2
      Another ordinary MODELS data card.          |INIT
      Another ordinary MODELS data card.          |  o1:=0
      Another ordinary MODELS data card.          |  o2:=1
      Another ordinary MODELS data card.          |-- The INIT procedure in MODELS (local) is used to create pre-simulation calculu
      Another ordinary MODELS data card.          |-- Here you can initialize internal variables, if necessary.
      Another ordinary MODELS data card.          |ENDINIT
      Another ordinary MODELS data card.          |
      Another ordinary MODELS data card.          |-- Foregin Model Declaration (FOREIGN)
      Another ordinary MODELS data card.          |-- 'reader' its the local name that you are going to use in this file.
      Another ordinary MODELS data card.          |-- 'creader' its the NAME OF REGISTER that must be at refnam inside fgnmod.f
      Another ordinary MODELS data card.          |-- {ixdata:3, ixin:5, ixout:0, ixvar:4} defines the size of 4 interface arrays
      Another ordinary MODELS data card.          |-- ixin:5, we want 3 variables (3 phases) + t + current KNT
      Another ordinary MODELS data card.          |-- ixdata:3, we want the stoptime + total KNTs + channel_id
      Another ordinary MODELS data card.          |MODEL reader FOREIGN creader {ixdata:3, ixin:5, ixout:0, ixvar:3}
      Another ordinary MODELS data card.          |
      Another ordinary MODELS data card.          |EXEC
      Another ordinary MODELS data card.          |  -- here we assign the atp(KNT) to the current KNT
      Another ordinary MODELS data card.          |  curr_knt := atp(KNT)
      Another ordinary MODELS data card.          |  -- USE: Creates a instance ( a 'object') of the foreign model.
      Another ordinary MODELS data card.          |  -- every 'USE' executes a corresponding C subroutine.
      Another ordinary MODELS data card.          |  USE reader AS reader
      Another ordinary MODELS data card.          |    DATA
      Another ordinary MODELS data card.          |      xdata[1] := total_knt
      Another ordinary MODELS data card.          |      xdata[2] := stoptime
      Another ordinary MODELS data card.          |      xdata[3] := channel_id
      Another ordinary MODELS data card.          |    INPUT
      Another ordinary MODELS data card.          |      -- Passes the values 'wanted' to xin[1..3] of C subroutine.
      Another ordinary MODELS data card.          |      xin[1..3] := wanted[1..3]
      Another ordinary MODELS data card.          |      xin[4] := t
      Another ordinary MODELS data card.          |      xin[5] := curr_knt
      Another ordinary MODELS data card.          |  ENDUSE
      Another ordinary MODELS data card.          |  o2 := t
      Another ordinary MODELS data card.          |ENDEXEC
      Another ordinary MODELS data card.          |ENDMODEL
      Another ordinary MODELS data card.          |USE MDLRDR AS DEFAULT
      Another ordinary MODELS data card.          |INPUT
      Another ordinary MODELS data card.          |  wanted[1]:= MM0001
      Another ordinary MODELS data card.          |  wanted[2]:= MM0002
      Another ordinary MODELS data card.          |  wanted[3]:= MM0003
      Another ordinary MODELS data card.          |  i2:= MM0004
      Another ordinary MODELS data card.          |DATA
      Another ordinary MODELS data card.          |  channel_id:=         1.
      Another ordinary MODELS data card.          |  total_knt:=        50.
      Another ordinary MODELS data card.          |OUTPUT
      Another ordinary MODELS data card.          |  X0008A:=o1
      Another ordinary MODELS data card.          |  X0009A:=o2
      Another ordinary MODELS data card.          |ENDUSE
      Another ordinary MODELS data card.          |USE MDLRDR AS DEFAULT
      Another ordinary MODELS data card.          |INPUT
      Another ordinary MODELS data card.          |  wanted[1]:= MM0005
      Another ordinary MODELS data card.          |  wanted[2]:= MM0006
      Another ordinary MODELS data card.          |  wanted[3]:= MM0007
      Another ordinary MODELS data card.          |  i2:= MM0008
      Another ordinary MODELS data card.          |DATA
      Another ordinary MODELS data card.          |  channel_id:=         2.
      Another ordinary MODELS data card.          |  total_knt:=        50.
      Another ordinary MODELS data card.          |OUTPUT
      Another ordinary MODELS data card.          |  X0011A:=o1
      Another ordinary MODELS data card.          |  X0012A:=o2
      Another ordinary MODELS data card.          |ENDUSE
Termination of data for Laurent Dube`s MODELS.    |ENDMODELS
Comment card.   Card index = 114.                 |C        1         2         3         4         5         6         7         8
Comment card.   Card index = 115.                 |C 345678901234567890123456789012345678901234567890123456789012345678901234567890
Optional blank card follows last of MODELS data.  |BLANK MODELS
Comment card.   Card index = 117.                 |C < n1 >< n2 ><ref1><ref2>< R  >< L  >< C  >
Comment card.   Card index = 118.                 |C < n1 >< n2 ><ref1><ref2>< R  >< A  >< B  ><Leng><><>0
Comment card.   Card index = 119.                 |C bar from: 390 - bar to: 391 - fictional: 1505 1505 - SGOTA3-MG000
Sat. Xformer.    2.456E-02  2.878E+01  0.000E+00  |  TRANSFORMER             .0245628.784X0001A                                   0
    Breakpoint.      2.45605E-02    2.87840E+01   |     0.024560452        28.78395
    Breakpoint.      9.03510E-01    1.08293E+03   |     0.903510298      1082.93048
    Breakpoint.      1.66111E+00    1.13708E+03   |      1.66111143        1137.077
    Breakpoint.      3.75350E+00    1.19122E+03   |      3.75349629      1191.22352
    Breakpoint.      7.42970E+00    1.23454E+03   |      7.42970164      1234.54074
    Breakpoint.      1.75927E+01    1.28869E+03   |      17.5926808      1288.68727
    Breakpoint.      2.79951E+01    1.30601E+03   |      27.9951131      1306.01415
    Breakpoint.      8.30078E+02    1.55942E+03   |       830.07831      1559.41988
Special termination-of-points card.               |            9999
  Winding 1.   1.7190E+00  1.8237E-01  2.8868E+02 | 1390A                     1.719 68.75288.68
  Winding 2.   1.8700E-01 -1.9892E-02  1.9919E+02 | 2391A                      .187-7.499199.19
  Winding 3.   3.2000E-02  1.1247E-03  1.3800E+01 | 3395A  395B                .032  .424  13.8
Transformer copy using reference name  "X0001A"   |  TRANSFORMER X0001A                  X0001B                                   0
  Winding 1.   (No values read, since copy)       | 1390B
  Winding 2.   (No values read, since copy)       | 2391B
  Winding 3.   (No values read, since copy)       | 3395B  395C
Transformer copy using reference name  "X0001A"   |  TRANSFORMER X0001A                  X0001C                                   0
  Winding 1.   (No values read, since copy)       | 1390C
  Winding 2.   (No values read, since copy)       | 2391C
  Winding 3.   (No values read, since copy)       | 3395C  395A
Series R-L-C.   1.000E+06  0.000E+00  0.000E+00   |  395A                      1.E6                                               0
Series R-L-C.   1.000E+06  0.000E+00  0.000E+00   |  395B                      1.E6                                               0
Series R-L-C.   1.000E+06  0.000E+00  0.000E+00   |  395C                      1.E6                                               0
Comment card.   Card index = 144.                 |C bar from: 390 - bar to: 391 - fictional: 393 393 - SGOTA4-MG000
Sat. Xformer.    2.456E-02  2.878E+01  0.000E+00  |  TRANSFORMER             .0245628.784X0002A                                   0
    Breakpoint.      2.45605E-02    2.87840E+01   |     0.024560452        28.78395
    Breakpoint.      9.03510E-01    1.08293E+03   |     0.903510298      1082.93048
    Breakpoint.      1.66111E+00    1.13708E+03   |      1.66111143        1137.077
    Breakpoint.      3.75350E+00    1.19122E+03   |      3.75349629      1191.22352
    Breakpoint.      7.42970E+00    1.23454E+03   |      7.42970164      1234.54074
    Breakpoint.      1.75927E+01    1.28869E+03   |      17.5926808      1288.68727
    Breakpoint.      2.79951E+01    1.30601E+03   |      27.9951131      1306.01415
    Breakpoint.      8.30078E+02    1.55942E+03   |       830.07831      1559.41988
Special termination-of-points card.               |            9999
  Winding 1.   1.5120E+00  1.6048E-01  2.8868E+02 | 1390A                     1.512  60.5288.68
  Winding 2.   5.4000E-02 -5.6818E-03  1.9919E+02 | 2391A                      .054-2.142199.19
  Winding 3.   3.2000E-02  1.1194E-03  1.3800E+01 | 3397A  397B                .032  .422  13.8
Transformer copy using reference name  "X0002A"   |  TRANSFORMER X0002A                  X0002B                                   0
  Winding 1.   (No values read, since copy)       | 1390B
  Winding 2.   (No values read, since copy)       | 2391B
  Winding 3.   (No values read, since copy)       | 3397B  397C
Transformer copy using reference name  "X0002A"   |  TRANSFORMER X0002A                  X0002C                                   0
  Winding 1.   (No values read, since copy)       | 1390C
  Winding 2.   (No values read, since copy)       | 2391C
  Winding 3.   (No values read, since copy)       | 3397C  397A
Series R-L-C.   1.000E+06  0.000E+00  0.000E+00   |  397A                      1.E6                                               0
Series R-L-C.   1.000E+06  0.000E+00  0.000E+00   |  397B                      1.E6                                               0
Series R-L-C.   1.000E+06  0.000E+00  0.000E+00   |  397C                      1.E6                                               0
Comment card.   Card index = 169.                 |C bar from: 391 - bar to: 9098 - fictional: 42076 42076 - SGOTA6-MG000
Sat. Xformer.    6.149E-02  9.864E+00  0.000E+00  |  TRANSFORMER             .061499.8638X0003A                                   0
    Breakpoint.      6.14884E-02    9.86378E+00   |     0.061488436        9.863778
    Breakpoint.      9.82097E-01    7.47225E+02   |     0.982097019      747.225029
    Breakpoint.      1.80559E+00    7.84586E+02   |      1.80559379      784.586281
    Breakpoint.      4.07997E+00    8.21948E+02   |      4.07997288      821.947532
    Breakpoint.      8.07593E+00    8.51837E+02   |      8.07593211      851.836533
    Breakpoint.      1.91229E+01    8.89198E+02   |      19.1228804      889.197785
    Breakpoint.      3.04301E+01    9.01153E+02   |      30.4301093      901.153385
    Breakpoint.      9.02278E+02    1.07600E+03   |      902.277966      1076.00404
Special termination-of-points card.               |            9999
  Winding 1.   7.4000E-01  7.8564E-02  1.9919E+02 | 1391A                       .7429.618199.19
  Winding 2.   9.0000E-03 -9.0453E-04  7.9674E+01 | 29098A                     .009 -.34179.674
  Winding 3.   5.4000E-02  1.8966E-03  1.3800E+01 | 342077A42077B              .054  .715  13.8
Transformer copy using reference name  "X0003A"   |  TRANSFORMER X0003A                  X0003B                                   0
  Winding 1.   (No values read, since copy)       | 1391B
  Winding 2.   (No values read, since copy)       | 29098B
  Winding 3.   (No values read, since copy)       | 342077B42077C
Transformer copy using reference name  "X0003A"   |  TRANSFORMER X0003A                  X0003C                                   0
  Winding 1.   (No values read, since copy)       | 1391C
  Winding 2.   (No values read, since copy)       | 29098C
  Winding 3.   (No values read, since copy)       | 342077C42077A
Series R-L-C.   1.000E+06  0.000E+00  0.000E+00   |  42077A                    1.E6                                               0
Series R-L-C.   1.000E+06  0.000E+00  0.000E+00   |  42077B                    1.E6                                               0
Series R-L-C.   1.000E+06  0.000E+00  0.000E+00   |  42077C                    1.E6                                               0
Comment card.   Card index = 194.                 |C 42077 - SGOTA6-MG013
Comment card.   Card index = 195.                 |C bar from: 9098 - bar to: 9049 - circuit: 7 SGO-DF-MG138 SGOTA2-MG138 300.0
Sat. Xformer.    1.538E-01  8.392E+01  0.000E+00  |  TRANSFORMER             .1538183.924X0004A                                   0
    Breakpoint.      1.53808E-01    8.39241E+01   |      0.15380798       83.924129
    Breakpoint.      2.45543E+00    2.98868E+02   |      2.45542745      298.867504
    Breakpoint.      4.51432E+00    3.13811E+02   |      4.51432442      313.810879
    Breakpoint.      1.02007E+01    3.28754E+02   |      10.2007004      328.754254
    Breakpoint.      2.01914E+01    3.40709E+02   |      20.1913508      340.708954
    Breakpoint.      4.78108E+01    3.55652E+02   |      47.8108014       355.65233
    Breakpoint.      7.60810E+01    3.60434E+02   |      76.0810026       360.43421
    Breakpoint.      2.25586E+03    4.30369E+02   |      2255.86479      430.369205
Special termination-of-points card.               |            9999
  Winding 1.   3.6000E-02  3.8038E-03  7.9674E+01 | 19049A                     .036 1.43479.674
  Winding 2.   3.6000E-02  3.8038E-03  7.9674E+01 | 29098A                     .036 1.43479.674
Transformer copy using reference name  "X0004A"   |  TRANSFORMER X0004A                  X0004B                                   0
  Winding 1.   (No values read, since copy)       | 19049B
  Winding 2.   (No values read, since copy)       | 29098B
Transformer copy using reference name  "X0004A"   |  TRANSFORMER X0004A                  X0004C                                   0
  Winding 1.   (No values read, since copy)       | 19049C
  Winding 2.   (No values read, since copy)       | 29098C
Series R-L-C.   1.000E+06  0.000E+00  0.000E+00   |  9098A                     1.E6                                               0
Series R-L-C.   1.000E+06  0.000E+00  0.000E+00   |  9098B                     1.E6                                               0
Series R-L-C.   1.000E+06  0.000E+00  0.000E+00   |  9098C                     1.E6                                               0
1st of coupled R-L.   1.13780E+01  1.41787E-01    |51X0005AX0014A            11.378     53.4525
2nd coil. 1.373E+00 5.617E-02 0.000E+00 0.000E+00 |52X0005BX0014B            1.3727     21.1765
Zca, Zcc= 3.335E+00 2.854E-02 4.708E+00 8.471E-02 |53X0005CX0014C
1st of coupled R-L.   3.17140E+01  3.38011E-01    |51X0006AX0013A            31.714 127.4272128
2nd coil. 1.489E+01 1.352E-01 0.000E+00 0.000E+00 |52X0006BX0013B             14.89  50.9674572
Zca, Zcc= 5.608E+00 6.761E-02 2.050E+01 2.028E-01 |53X0006CX0013C
Comment card.   Card index = 223.                 |C < n1 >< n2 ><ref1><ref2>< R  >< L  >< C  >
Comment card.   Card index = 224.                 |C < n1 >< n2 ><ref1><ref2>< R  >< A  >< B  ><Leng><><>0
Comment card.   Card index = 225.                 |C < n1 >< n2 ><ref1><ref2>< R  >< L  >< C  >
Comment card.   Card index = 226.                 |C < n1 >< n2 ><ref1><ref2>< R  >< A  >< B  ><Leng><><>0
1st of coupled R-L.   3.69000E+07  8.17724E+04    |51391A  E001A             3.69E7   30827475.
2nd coil. 2.160E+04 1.538E+02 0.000E+00 0.000E+00 |52391B  E001B             21598.   57981.719
Zca, Zcc= 1.229E+07 2.721E+04 1.231E+07 2.736E+04 |53391C  E001C
Sat. Xformer.    0.000E+00  0.000E+00  1.000E+06  |  TRANSFORMER                         ST001A  1.E6                             0
Special termination-of-points card.               |            9999
  Winding 1.   1.0000E-04  2.6526E-07  1.9919E+02 | 1E001A                    .0001 .0001199.19
  Winding 2.   1.0000E-04  2.6526E-07  7.9674E+01 | 29049A                    .0001 .000179.674
Transformer copy using reference name  "ST001A"   |  TRANSFORMER ST001A                  ST001B                                   0
  Winding 1.   (No values read, since copy)       | 1E001B
  Winding 2.   (No values read, since copy)       | 29049B
Transformer copy using reference name  "ST001A"   |  TRANSFORMER ST001A                  ST001C                                   0
  Winding 1.   (No values read, since copy)       | 1E001C
  Winding 2.   (No values read, since copy)       | 29049C
1st of coupled R-L.   1.58000E+05  4.43667E+02    |51390A  E002A             1.58E5    167258.5
2nd coil. 1.673E+02 3.619E+00 0.000E+00 0.000E+00 |52390B  E002B             167.31    1364.325
Zca, Zcc= 5.261E+04 1.467E+02 5.278E+04 1.503E+02 |53390C  E002C
Sat. Xformer.    0.000E+00  0.000E+00  1.000E+06  |  TRANSFORMER                         ST002A  1.E6                             0
Special termination-of-points card.               |            9999
  Winding 1.   1.0000E-04  2.6526E-07  2.8868E+02 | 1E002A                    .0001 .0001288.68
  Winding 2.   1.0000E-04  2.6526E-07  1.9919E+02 | 2391A                     .0001 .0001199.19
Transformer copy using reference name  "ST002A"   |  TRANSFORMER ST002A                  ST002B                                   0
  Winding 1.   (No values read, since copy)       | 1E002B
  Winding 2.   (No values read, since copy)       | 2391B
Transformer copy using reference name  "ST002A"   |  TRANSFORMER ST002A                  ST002C                                   0
  Winding 1.   (No values read, since copy)       | 1E002C
  Winding 2.   (No values read, since copy)       | 2391C
1st of coupled R-L.   6.29570E+04  3.30096E+02    |51390A  E003A             62957.   124443.25
2nd coil. 1.236E+03 1.123E+01 0.000E+00 0.000E+00 |52390B  E003B             1235.6     4232.25
Zca, Zcc= 2.057E+04 1.063E+02 2.181E+04 1.175E+02 |53390C  E003C
Sat. Xformer.    0.000E+00  0.000E+00  1.000E+06  |  TRANSFORMER                         ST003A  1.E6                             0
Special termination-of-points card.               |            9999
  Winding 1.   1.0000E-04  2.6526E-07  2.8868E+02 | 1E003A                    .0001 .0001288.68
  Winding 2.   1.0000E-04  2.6526E-07  7.9674E+01 | 29049A                    .0001 .000179.674
Transformer copy using reference name  "ST003A"   |  TRANSFORMER ST003A                  ST003B                                   0
  Winding 1.   (No values read, since copy)       | 1E003B
  Winding 2.   (No values read, since copy)       | 29049B
Transformer copy using reference name  "ST003A"   |  TRANSFORMER ST003A                  ST003C                                   0
  Winding 1.   (No values read, since copy)       | 1E003C
  Winding 2.   (No values read, since copy)       | 29049C
Series R-L-C.   1.000E-03  0.000E+00  0.000E+00   |  T_MANCXX0020              .001                                               0
Series R-L-C.   1.000E-03  0.000E+00  0.000E+00   |  XX0021MEASUC              .001                                               4
Series R-L-C.   1.000E-03  0.000E+00  0.000E+00   |  T_MANBXX0022              .001                                               0
Series R-L-C.   1.000E-03  0.000E+00  0.000E+00   |  XX0023MEASUB              .001                                               4
Series R-L-C.   1.000E-03  0.000E+00  0.000E+00   |  T_MANAXX0024              .001                                               0
Series R-L-C.   1.000E-03  0.000E+00  0.000E+00   |  XX0025MEASUA              .001                                               4
Series R-L-C.   1.000E-03  0.000E+00  0.000E+00   |  T_MANAPRMANA              .001                                               0
Series R-L-C.   1.000E-03  0.000E+00  0.000E+00   |  T_MANBPRMANB              .001                                               0
Series R-L-C.   1.000E-03  0.000E+00  0.000E+00   |  T_MANCPRMANC              .001                                               0
Series R-L-C.   1.000E-03  0.000E+00  0.000E+00   |  T_OPOAPROPOA              .001                                               0
Series R-L-C.   1.000E-03  0.000E+00  0.000E+00   |  T_OPOBPROPOB              .001                                               0
Series R-L-C.   1.000E-03  0.000E+00  0.000E+00   |  T_OPOCPROPOC              .001                                               0
Comment card.   Card index = 278.                 |C 145 kV, Ur=120, MCOV = 96.kV Classe 3: 8kJ/kVr
Type-92 R(i)   0.0000E+00  0.0000E+00  4.4440E+03 |92      PRMANA                         4444.                                   4
Piecewise-lin.   0.000E+00  1.000E+19  0.000E+00  |                                               -1.
    Breakpoint.      1.00000E-03    1.35764E+05   |                    0.001                  135764.
    Breakpoint.      2.00000E-02    1.76190E+05   |                     0.02                  176190.
    Breakpoint.      2.00000E+00    1.85000E+05   |                       2.                   1.85E5
    Breakpoint.      2.00000E+01    1.95461E+05   |                      20.                  195461.
    Breakpoint.      2.50000E+02    2.16935E+05   |                     250.                  216935.
    Breakpoint.      5.00000E+02    2.26000E+05   |                     500.                   2.26E5
    Breakpoint.      1.00000E+03    2.31000E+05   |                     1.E3                   2.31E5
    Breakpoint.      2.00000E+03    2.43000E+05   |                     2.E3                   2.43E5
Special termination-of-points card.               |            9999
Reference branch.   Copy  (      , PRMANA )       |92      PRMANB      PRMANA             4444.                                   4
Reference branch.   Copy  (      , PRMANA )       |92      PRMANC      PRMANA             4444.                                   4
Comment card.   Card index = 292.                 |C 145 kV, Ur=120, MCOV = 96.kV Classe 3: 8kJ/kVr
Type-92 R(i)   0.0000E+00  0.0000E+00  4.4440E+03 |92      PROPOA                         4444.                                   4
Piecewise-lin.   0.000E+00  1.000E+19  0.000E+00  |                                               -1.
    Breakpoint.      1.00000E-03    1.35764E+05   |                    0.001                  135764.
    Breakpoint.      2.00000E-02    1.76190E+05   |                     0.02                  176190.
    Breakpoint.      2.00000E+00    1.85000E+05   |                       2.                   1.85E5
    Breakpoint.      2.00000E+01    1.95461E+05   |                      20.                  195461.
    Breakpoint.      2.50000E+02    2.16935E+05   |                     250.                  216935.
    Breakpoint.      5.00000E+02    2.26000E+05   |                     500.                   2.26E5
    Breakpoint.      1.00000E+03    2.31000E+05   |                     1.E3                   2.31E5
    Breakpoint.      2.00000E+03    2.43000E+05   |                     2.E3                   2.43E5
Special termination-of-points card.               |            9999
Reference branch.   Copy  (      , PROPOA )       |92      PROPOB      PROPOA             4444.                                   4
Reference branch.   Copy  (      , PROPOA )       |92      PROPOC      PROPOA             4444.                                   4
Comment card.   Card index = 306.                 |C 1/6
Comment card.   Card index = 307.                 |C  <++++++>  Cards punched by support routine on  03-Sep-26  16.17.04  <++++++>
Comment card.   Card index = 308.                 |C    **** UNTRANSPOSED K.C. Lee line calculated at   6.000E+01 HZ. ****
Comment card.   Card index = 309.                 |C LINE CONSTANTS
Comment card.   Card index = 310.                 |C $ERASE
Comment card.   Card index = 311.                 |C BRANCH  IN_001OUT001IN_002OUT002IN_003OUT003
Comment card.   Card index = 312.                 |C METRIC
Comment card.   Card index = 313.                 |C   1   .5   .1899 4           1.828    -3.2   22.04      7.     0.0   0.0
Comment card.   Card index = 314.                 |C   2   .5   .1899 4           1.828     3.2    23.9    8.86     0.0   0.0
Comment card.   Card index = 315.                 |C   3   .5   .1899 4           1.828    -3.2   25.76   10.72     0.0   0.0
Comment card.   Card index = 316.                 |C   0.2742    .667 4            1.24     0.0   29.44    18.6     0.0   0.0
Comment card.   Card index = 317.                 |C BLANK CARD ENDING CONDUCTOR CARDS
Comment card.   Card index = 318.                 |C     1.E3       60.                              13.3                 1
Comment card.   Card index = 319.                 |C    The transformation matrix was calculated at  6.00000000E+01 Hz.
New MOLDAT = 1     (data vintage).                |$VINTAGE, 1
 5.284E-01 8.593E+02 2.210E+05 8.593E+02 6.017E-05|-1T_MANAX0017A             5.28357E-01 8.59331E+02 2.21024E+05-1.33000E+01 1  3
 1.912E-01 3.671E+02 2.934E+05 3.671E+02 4.533E-05|-2T_MANBX0017B             1.91185E-01 3.67062E+02 2.93377E+05-1.33000E+01 1  3
 1.906E-01 4.134E+02 2.936E+05 4.134E+02 4.529E-05|-3T_MANCX0017C             1.90555E-01 4.13371E+02 2.93650E+05-1.33000E+01 1  3
New MOLDAT = 0     (data vintage).                |$VINTAGE, 0
TR(1,1 )...  0.594-0.699 0.402                    |  0.59364229 -0.69928374  0.40193149
TI(1,1 )...  0.000 0.000 0.000                    |  0.00000000  0.00000000  0.00000000
TR(2,1 )...  0.611 0.022-0.814                    |  0.61125068  0.02235166 -0.81448972
TI(2,1 )...  0.000 0.000 0.000                    |  0.00000000  0.00000000  0.00000000
TR(3,1 )...  0.523 0.714 0.418                    |  0.52341326  0.71449469  0.41839881
TI(3,1 )...  0.000 0.000 0.000                    |  0.00000000  0.00000000  0.00000000
Comment card.   Card index = 331.                 |C 1/6
Comment card.   Card index = 332.                 |C  <++++++>  Cards punched by support routine on  03-Sep-26  16.17.04  <++++++>
Comment card.   Card index = 333.                 |C    **** UNTRANSPOSED K.C. Lee line calculated at   6.000E+01 HZ. ****
Comment card.   Card index = 334.                 |C LINE CONSTANTS
Comment card.   Card index = 335.                 |C $ERASE
Comment card.   Card index = 336.                 |C BRANCH  IN_001OUT001IN_002OUT002IN_003OUT003
Comment card.   Card index = 337.                 |C METRIC
Comment card.   Card index = 338.                 |C   1   .5   .1899 4           1.828    -3.2   22.04      7.     0.0   0.0
Comment card.   Card index = 339.                 |C   2   .5   .1899 4           1.828     3.2    23.9    8.86     0.0   0.0
Comment card.   Card index = 340.                 |C   3   .5   .1899 4           1.828    -3.2   25.76   10.72     0.0   0.0
Comment card.   Card index = 341.                 |C   0.2742    .667 4            1.24     0.0   29.44    18.6     0.0   0.0
Comment card.   Card index = 342.                 |C BLANK CARD ENDING CONDUCTOR CARDS
Comment card.   Card index = 343.                 |C     1.E3       60.                              13.3                 1
Comment card.   Card index = 344.                 |C    The transformation matrix was calculated at  6.00000000E+01 Hz.
New MOLDAT = 1     (data vintage).                |$VINTAGE, 1
 5.284E-01 8.593E+02 2.210E+05 8.593E+02 6.017E-05|-1X0018AT_OPOA             5.28357E-01 8.59331E+02 2.21024E+05-1.33000E+01 1  3
 1.912E-01 3.671E+02 2.934E+05 3.671E+02 4.533E-05|-2X0018BT_OPOB             1.91185E-01 3.67062E+02 2.93377E+05-1.33000E+01 1  3
 1.906E-01 4.134E+02 2.936E+05 4.134E+02 4.529E-05|-3X0018CT_OPOC             1.90555E-01 4.13371E+02 2.93650E+05-1.33000E+01 1  3
New MOLDAT = 0     (data vintage).                |$VINTAGE, 0
TR(1,1 )...  0.594-0.699 0.402                    |  0.59364229 -0.69928374  0.40193149
TI(1,1 )...  0.000 0.000 0.000                    |  0.00000000  0.00000000  0.00000000
TR(2,1 )...  0.611 0.022-0.814                    |  0.61125068  0.02235166 -0.81448972
TI(2,1 )...  0.000 0.000 0.000                    |  0.00000000  0.00000000  0.00000000
TR(3,1 )...  0.523 0.714 0.418                    |  0.52341326  0.71449469  0.41839881
TI(3,1 )...  0.000 0.000 0.000                    |  0.00000000  0.00000000  0.00000000
Comment card.   Card index = 356.                 |C 1/3
Comment card.   Card index = 357.                 |C  <++++++>  Cards punched by support routine on  03-Sep-26  16.17.05  <++++++>
Comment card.   Card index = 358.                 |C    **** UNTRANSPOSED K.C. Lee line calculated at   6.000E+01 HZ. ****
Comment card.   Card index = 359.                 |C LINE CONSTANTS
Comment card.   Card index = 360.                 |C $ERASE
Comment card.   Card index = 361.                 |C BRANCH  IN_001OUT001IN_002OUT002IN_003OUT003
Comment card.   Card index = 362.                 |C METRIC
Comment card.   Card index = 363.                 |C   1   .5   .1899 4           1.828    -3.2   22.04      7.     0.0   0.0
Comment card.   Card index = 364.                 |C   2   .5   .1899 4           1.828     3.2    23.9    8.86     0.0   0.0
Comment card.   Card index = 365.                 |C   3   .5   .1899 4           1.828    -3.2   25.76   10.72     0.0   0.0
Comment card.   Card index = 366.                 |C   0.2742    .667 4            1.24     0.0   29.44    18.6     0.0   0.0
Comment card.   Card index = 367.                 |C BLANK CARD ENDING CONDUCTOR CARDS
Comment card.   Card index = 368.                 |C     1.E3       60.                              26.7                 1
Comment card.   Card index = 369.                 |C    The transformation matrix was calculated at  6.00000000E+01 Hz.
New MOLDAT = 1     (data vintage).                |$VINTAGE, 1
 5.284E-01 8.593E+02 2.210E+05 8.593E+02 1.208E-04|-1X0017B1_2LTB             5.28357E-01 8.59331E+02 2.21024E+05-2.67000E+01 1  3
 1.912E-01 3.671E+02 2.934E+05 3.671E+02 9.101E-05|-2X0017C1_2LTC             1.91185E-01 3.67062E+02 2.93377E+05-2.67000E+01 1  3
 1.906E-01 4.134E+02 2.936E+05 4.134E+02 9.092E-05|-3X0017A1_2LTA             1.90555E-01 4.13371E+02 2.93650E+05-2.67000E+01 1  3
New MOLDAT = 0     (data vintage).                |$VINTAGE, 0
TR(1,1 )...  0.594-0.699 0.402                    |  0.59364229 -0.69928374  0.40193149
TI(1,1 )...  0.000 0.000 0.000                    |  0.00000000  0.00000000  0.00000000
TR(2,1 )...  0.611 0.022-0.814                    |  0.61125068  0.02235166 -0.81448972
TI(2,1 )...  0.000 0.000 0.000                    |  0.00000000  0.00000000  0.00000000
TR(3,1 )...  0.523 0.714 0.418                    |  0.52341326  0.71449469  0.41839881
TI(3,1 )...  0.000 0.000 0.000                    |  0.00000000  0.00000000  0.00000000
Comment card.   Card index = 381.                 |C 1/3
Comment card.   Card index = 382.                 |C  <++++++>  Cards punched by support routine on  03-Sep-26  16.17.05  <++++++>
Comment card.   Card index = 383.                 |C    **** UNTRANSPOSED K.C. Lee line calculated at   6.000E+01 HZ. ****
Comment card.   Card index = 384.                 |C LINE CONSTANTS
Comment card.   Card index = 385.                 |C $ERASE
Comment card.   Card index = 386.                 |C BRANCH  IN_001OUT001IN_002OUT002IN_003OUT003
Comment card.   Card index = 387.                 |C METRIC
Comment card.   Card index = 388.                 |C   1   .5   .1899 4           1.828    -3.2   22.04      7.     0.0   0.0
Comment card.   Card index = 389.                 |C   2   .5   .1899 4           1.828     3.2    23.9    8.86     0.0   0.0
Comment card.   Card index = 390.                 |C   3   .5   .1899 4           1.828    -3.2   25.76   10.72     0.0   0.0
Comment card.   Card index = 391.                 |C   0.2742    .667 4            1.24     0.0   29.44    18.6     0.0   0.0
Comment card.   Card index = 392.                 |C BLANK CARD ENDING CONDUCTOR CARDS
Comment card.   Card index = 393.                 |C     1.E3       60.                              26.7                 1
Comment card.   Card index = 394.                 |C    The transformation matrix was calculated at  6.00000000E+01 Hz.
New MOLDAT = 1     (data vintage).                |$VINTAGE, 1
 5.284E-01 8.593E+02 2.210E+05 8.593E+02 1.208E-04|-11_2LTCX0018C             5.28357E-01 8.59331E+02 2.21024E+05-2.67000E+01 1  3
 1.912E-01 3.671E+02 2.934E+05 3.671E+02 9.101E-05|-21_2LTAX0018A             1.91185E-01 3.67062E+02 2.93377E+05-2.67000E+01 1  3
 1.906E-01 4.134E+02 2.936E+05 4.134E+02 9.092E-05|-31_2LTBX0018B             1.90555E-01 4.13371E+02 2.93650E+05-2.67000E+01 1  3
New MOLDAT = 0     (data vintage).                |$VINTAGE, 0
TR(1,1 )...  0.594-0.699 0.402                    |  0.59364229 -0.69928374  0.40193149
TI(1,1 )...  0.000 0.000 0.000                    |  0.00000000  0.00000000  0.00000000
TR(2,1 )...  0.611 0.022-0.814                    |  0.61125068  0.02235166 -0.81448972
TI(2,1 )...  0.000 0.000 0.000                    |  0.00000000  0.00000000  0.00000000
TR(3,1 )...  0.523 0.714 0.418                    |  0.52341326  0.71449469  0.41839881
TI(3,1 )...  0.000 0.000 0.000                    |  0.00000000  0.00000000  0.00000000
Blank card ending branches.  IBR, NTOT = 141  94  |BLANK BRANCH
Comment card.   Card index = 407.                 |C < n 1>< n 2>< Tclose ><Top/Tde ><   Ie   ><Vf/CLOP ><  type  >
Permanently-closed switch used for metering.      |  X0005A390A                                          MEASURING                0
Permanently-closed switch used for metering.      |  X0005B390B                                          MEASURING                0
Permanently-closed switch used for metering.      |  X0005C390C                                          MEASURING                0
Permanently-closed switch used for metering.      |  X0006A9049A                                         MEASURING                0
Permanently-closed switch used for metering.      |  X0006B9049B                                         MEASURING                0
Permanently-closed switch used for metering.      |  X0006C9049C                                         MEASURING                0
Switch.   2.74E-02  1.00E+09  0.00E+00  0.00E+00  |  XX0020XX0021 .02735687     1.E+9                                             1
Switch.   2.79E-02  1.00E+09  0.00E+00  0.00E+00  |  XX0022XX0023 .02786563     1.E+9                                             1
Switch.   2.67E-02  1.00E+09  0.00E+00  0.00E+00  |  XX0024XX0025 .02670095     1.E+9                                             1
Permanently-closed switch used for metering.      |  T_OPOAX0007A                                        MEASURING                0
Permanently-closed switch used for metering.      |  T_OPOBX0007B                                        MEASURING                0
Permanently-closed switch used for metering.      |  T_OPOCX0007C                                        MEASURING                0
Permanently-closed switch used for metering.      |  X0015A                                              MEASURING                0
Permanently-closed switch used for metering.      |  X0015B                                              MEASURING                0
Permanently-closed switch used for metering.      |  X0015C                                              MEASURING                0
Permanently-closed switch used for metering.      |  X0009A                                              MEASURING                0
Permanently-closed switch used for metering.      |  X0009B                                              MEASURING                0
Permanently-closed switch used for metering.      |  X0009C                                              MEASURING                0
Permanently-closed switch used for metering.      |  X0008A                                              MEASURING                0
Permanently-closed switch used for metering.      |  X0008B                                              MEASURING                0
Permanently-closed switch used for metering.      |  X0008C                                              MEASURING                0
Permanently-closed switch used for metering.      |  T_MANAX0010A                                        MEASURING                0
Permanently-closed switch used for metering.      |  T_MANBX0010B                                        MEASURING                0
Permanently-closed switch used for metering.      |  T_MANCX0010C                                        MEASURING                0
Permanently-closed switch used for metering.      |  X0016A                                              MEASURING                0
Permanently-closed switch used for metering.      |  X0016B                                              MEASURING                0
Permanently-closed switch used for metering.      |  X0016C                                              MEASURING                0
Permanently-closed switch used for metering.      |  X0012A                                              MEASURING                0
Permanently-closed switch used for metering.      |  X0012B                                              MEASURING                0
Permanently-closed switch used for metering.      |  X0012C                                              MEASURING                0
Permanently-closed switch used for metering.      |  X0011A                                              MEASURING                0
Permanently-closed switch used for metering.      |  X0011B                                              MEASURING                0
Permanently-closed switch used for metering.      |  X0011C                                              MEASURING                0
Permanently-closed switch used for metering.      |  9049A MEASUA                                        MEASURING                0
Permanently-closed switch used for metering.      |  9049B MEASUB                                        MEASURING                0
Permanently-closed switch used for metering.      |  9049C MEASUC                                        MEASURING                0
Blank card ending switches.   KSWTCH = 36.        |BLANK SWITCH
Comment card.   Card index = 445.                 |C < n 1><>< Ampl.  >< Freq.  ><Phase/T0><   A1   ><   T1   >< TSTART >< TSTOP  >
Comment card.   Card index = 446.                 |C 1 - 390
Source.   4.08E+05  6.00E+01  0.00E+00 -1.00E+00  |14X0014A   408248.29       60.                                     -1.      100.
Source.   4.08E+05  6.00E+01 -1.20E+02 -1.00E+00  |14X0014B   408248.29       60.     -120.                           -1.      100.
Source.   4.08E+05  6.00E+01 -2.40E+02 -1.00E+00  |14X0014C   408248.29       60.     -240.                           -1.      100.
Comment card.   Card index = 450.                 |C 1 - 9049
Source.   1.13E+05  6.00E+01  0.00E+00 -1.00E+00  |14X0013A  112676.528       60.                                     -1.      100.
Source.   1.13E+05  6.00E+01 -1.20E+02 -1.00E+00  |14X0013B  112676.528       60.     -120.                           -1.      100.
Source.   1.13E+05  6.00E+01 -2.40E+02 -1.00E+00  |14X0013C  112676.528       60.     -240.                           -1.      100.
Blank card ends electric sources.  KCONST = 6     |BLANK SOURCE

List of input elements that are connected to each node.   Only the physical connections of multi-phase lines are shown (capacitive
and inductive coupling are ignored).   Repeated entries indicate parallel connections.   Switches are included,  although sources
(including rotating machinery) are omitted -- except that U.M. usage produces extra,  internally-defined nodes  "UMXXXX".
--------------+------------------------------
From bus name |  Names of all adjacent busses.
--------------+------------------------------
       X0001A |TERRA *TERRA *TERRA *390A  *
       390A   |X0001A*X0002A*X0005A*E002A *E003A *
       391A   |TERRA *TERRA *TERRA *X0003A*E001A *
       395A   |TERRA *395B  *395C  *
       395B   |TERRA *395A  *395C  *
       X0001B |TERRA *TERRA *TERRA *390B  *
       390B   |X0001B*X0002B*X0005B*E002B *E003B *
       391B   |TERRA *TERRA *TERRA *X0003B*E001B *
       395C   |TERRA *395A  *395B  *
       X0001C |TERRA *TERRA *TERRA *390C  *
       390C   |X0001C*X0002C*X0005C*E002C *E003C *
       391C   |TERRA *TERRA *TERRA *X0003C*E001C *
       X0002A |TERRA *TERRA *TERRA *390A  *
       397A   |TERRA *397B  *397C  *
       397B   |TERRA *397A  *397C  *
       X0002B |TERRA *TERRA *TERRA *390B  *
       397C   |TERRA *397A  *397B  *
       X0002C |TERRA *TERRA *TERRA *390C  *
       X0003A |TERRA *TERRA *TERRA *391A  *
       9098A  |TERRA *TERRA *TERRA *
       42077A |TERRA *42077B*42077C*
       42077B |TERRA *42077A*42077C*
       X0003B |TERRA *TERRA *TERRA *391B  *
       9098B  |TERRA *TERRA *TERRA *
       42077C |TERRA *42077A*42077B*
       X0003C |TERRA *TERRA *TERRA *391C  *
       9098C  |TERRA *TERRA *TERRA *
       X0004A |TERRA *TERRA *9049A *
       9049A  |TERRA *TERRA *X0004A*X0006A*MEASUA*
       X0004B |TERRA *TERRA *9049B *
       9049B  |TERRA *TERRA *X0004B*X0006B*MEASUB*
       X0004C |TERRA *TERRA *9049C *
       9049C  |TERRA *TERRA *X0004C*X0006C*MEASUC*
       X0005A |390A  *X0014A*
       X0014A |X0005A*
       X0005B |390B  *X0014B*
       X0014B |X0005B*
       X0005C |390C  *X0014C*
       X0014C |X0005C*
       X0006A |9049A *X0013A*
       X0013A |X0006A*
       X0006B |9049B *X0013B*
       X0013B |X0006B*
       X0006C |9049C *X0013C*
       X0013C |X0006C*
       E001A  |391A  *ST001A*
       E001B  |391B  *ST001B*
       E001C  |391C  *ST001C*
       ST001A |TERRA *TERRA *E001A *
       ST001B |TERRA *TERRA *E001B *
       ST001C |TERRA *TERRA *E001C *
       E002A  |390A  *ST002A*
       E002B  |390B  *ST002B*
       E002C  |390C  *ST002C*
       ST002A |TERRA *TERRA *E002A *
       ST002B |TERRA *TERRA *E002B *
       ST002C |TERRA *TERRA *E002C *
       E003A  |390A  *ST003A*
       E003B  |390B  *ST003B*
       E003C  |390C  *ST003C*
       ST003A |TERRA *TERRA *E003A *
       ST003B |TERRA *TERRA *E003B *
       ST003C |TERRA *TERRA *E003C *
       T_MANC |XX0020*PRMANC*X0017C*X0010C*
       XX0020 |T_MANC*XX0021*
       XX0021 |XX0020*MEASUC*
       MEASUC |9049C *XX0021*
       T_MANB |XX0022*PRMANB*X0017B*X0010B*
       XX0022 |T_MANB*XX0023*
       XX0023 |XX0022*MEASUB*
       MEASUB |9049B *XX0023*
       T_MANA |XX0024*PRMANA*X0017A*X0010A*
       XX0024 |T_MANA*XX0025*
       XX0025 |XX0024*MEASUA*
       MEASUA |9049A *XX0025*
       PRMANA |TERRA *T_MANA*
       PRMANB |TERRA *T_MANB*
       PRMANC |TERRA *T_MANC*
       T_OPOA |PROPOA*X0018A*X0007A*
       PROPOA |TERRA *T_OPOA*
       T_OPOB |PROPOB*X0018B*X0007B*
       PROPOB |TERRA *T_OPOB*
       T_OPOC |PROPOC*X0018C*X0007C*
       PROPOC |TERRA *T_OPOC*
       X0017A |T_MANA*1_2LTA*
       X0017B |T_MANB*1_2LTB*
       X0017C |T_MANC*1_2LTC*
       X0018A |T_OPOA*1_2LTA*
       X0018B |T_OPOB*1_2LTB*
       X0018C |T_OPOC*1_2LTC*
       1_2LTB |X0017B*X0018B*
       1_2LTC |X0017C*X0018C*
       1_2LTA |X0017A*X0018A*
       X0007A |T_OPOA*
       X0007B |T_OPOB*
       X0007C |T_OPOC*
       X0015A |TERRA *
       X0015B |TERRA *
       X0015C |TERRA *
       X0009A |TERRA *
       X0009B |TERRA *
       X0009C |TERRA *
       X0008A |TERRA *
       X0008B |TERRA *
       X0008C |TERRA *
       X0010A |T_MANA*
       X0010B |T_MANB*
       X0010C |T_MANC*
       X0016A |TERRA *
       X0016B |TERRA *
       X0016C |TERRA *
       X0012A |TERRA *
       X0012B |TERRA *
       X0012C |TERRA *
       X0011A |TERRA *
       X0011B |TERRA *
       X0011C |TERRA *
       TERRA  |X0001A*X0001A*X0001A*391A  *391A  *391A  *395A  *395B  *X0001B*X0001B*X0001B*391B  *391B  *391B  *395C  *
              |X0001C*X0001C*X0001C*391C  *391C  *391C  *X0002A*X0002A*X0002A*397A  *397B  *X0002B*X0002B*X0002B*397C  *
              |X0002C*X0002C*X0002C*X0003A*X0003A*X0003A*9098A *9098A *9098A *42077A*42077B*X0003B*X0003B*X0003B*9098B *
              |9098B *9098B *42077C*X0003C*X0003C*X0003C*9098C *9098C *9098C *X0004A*X0004A*9049A *9049A *X0004B*X0004B*
              |9049B *9049B *X0004C*X0004C*9049C *9049C *ST001A*ST001A*ST001B*ST001B*ST001C*ST001C*ST002A*ST002A*ST002B*
              |ST002B*ST002C*ST002C*ST003A*ST003A*ST003B*ST003B*ST003C*ST003C*PRMANA*PRMANB*PRMANC*PROPOA*PROPOB*PROPOC*
              |X0015A*X0015B*X0015C*X0009A*X0009B*X0009C*X0008A*X0008B*X0008C*X0016A*X0016B*X0016C*X0012A*X0012B*X0012C*
              |X0011A*X0011B*X0011C*
              |---------------------

Sinusoidal steady-state phasor solution, branch by branch.   All flows are away from a bus,  and the real part,  magnitude,  or  "P"
is printed above the imaginary part,  the angle,  or  "Q".   The first solution frequency  =  6.00000000E+01  Hertz.
  Bus K                        Phasor  node  voltage              Phasor  branch  current               Power flow       Power loss
             Bus M         Rectangular            Polar          Rectangular            Polar            P  and  Q        P  and  Q

 390A                 408148.02065286   408148.0207898      .39215218393087  2.2629218182628      80039.850572504  4.4013406262238
                      -10.57282245371       -0.0014842      -2.228683876239      -80.0205690      454814.38329625      176.0280210

            X0001A    407994.12452676  407994.12591874      -.3921521839309  2.2629218182628      -80035.44923188
                       -33.7021775157       -0.0047329      2.2286838762391       99.9794310      -454638.3552753

 391A                 281531.15604102  281531.15665819      -.5679943952495  1.9751099028802      -79971.69117154  -79971.69117154
                      -18.64146233213       -0.0037938      1.8916769003772      106.7128959      -266277.6981866  -266277.6981866

            TERRA                 0.0              0.0      .56799439524946  1.9751099028802                  0.0
                                  0.0              0.0      -1.891676900377      -73.2871041                  0.0

 X0001A               407994.12452676  407994.12591874      .39191770676791  1.3628313064761      79972.055920585  79972.055920585
                       -33.7021775157       -0.0047329      -1.305262303536      -73.2871041       266263.0711645   266263.0711645

            TERRA                 0.0              0.0      -.3919177067679  1.3628313064761                  0.0
                                  0.0              0.0      1.3052623035364      106.7128959                  0.0

 395A                 9751.3680851015  11260.447968437      -.0065006552009  .00650065521475      -31.69633751404  -63.39331052915
                      -5631.030893073      -30.0047410      .42503233999E-6      179.9962538      18.300622807211        0.0011007

            395B      -9752.299846053   11260.44797294      .00650065520085  .00650065521475      -31.69697301511
                       -5629.41704477     -150.0047410        -.42503234E-6       -0.0037462      -18.29952211634

 X0001A               407994.12452676  407994.12591874      .31075599898E-3  .31075599965E-3       63.39331121532   63.39331121532
                       -33.7021775157       -0.0047329      -.2031811164E-7       -0.0037462      -.0010917418361       -0.0010917

            TERRA                 0.0              0.0       -.310755999E-3  .31075599965E-3                  0.0
                                  0.0              0.0      .20318111638E-7      179.9962538                  0.0

 390B                 -204083.1666556  408148.02078907      -2.126172991229  2.2629218882257      80039.841125462  4.4013408983592
                      -353461.2679798     -120.0014842      .77472826434905      159.9794295      454814.39945495      176.0280319

            X0001B     -204026.249196  407994.12591265      2.1261729912285  2.2629218882257      -80035.43978456
                      -353316.4253445     -120.0047329       -.774728264349      -20.0205705      -454638.3714231

 391B                 -140781.7219951  281531.15665452      1.9222374492092   1.975109934653      -79971.67437637  -79971.67437637
                       -243803.812356     -120.0037938      -.4539410124926      -13.2871079      -266277.7078968  -266277.7078968

            TERRA                 0.0              0.0      -1.922237449209   1.975109934653                  0.0
                                  0.0              0.0      .45394101249258      166.7128921                  0.0

 X0001B                -204026.249196  407994.12591265       -1.32634916692  1.3628313283983       79972.03912536   79972.03912536
                      -353316.4253445     -120.0047329      .31322055659439      166.7128921      266263.08087402   266263.0808740

            TERRA                 0.0              0.0      1.3263491669204  1.3628313283983                  0.0
                                  0.0              0.0      -.3132205565944      -13.2871079                  0.0

 395B                 -9752.299846053   11260.44797294       .0032516446372  .00650140864976      -31.70187116438  -63.40065768487
                       -5629.41704477     -150.0047410      .00562984205681       59.9904308      18.299522039842       -0.0053427

            395C      .93175281712121   11260.44796449      -.0032516446372  .00650140864976      -31.69878652049
                       11260.44792594       89.9952590      -.0056298420568     -120.0095692      -18.30486474484

 X0001B                -204026.249196  407994.12591265      -.1554409587E-3  .31079201684E-3      63.400658398787  63.400658398787
                      -353316.4253445     -120.0047329      -.2691278248E-3     -120.0095692      .00535160988513        0.0053516

            TERRA                 0.0              0.0      .15544095868E-3  .31079201684E-3                  0.0
                                  0.0              0.0      .26912782482E-3       59.9904308                  0.0

 390C                 -204064.8540004  408148.02078695      1.7340209004049  2.2629218650576      80039.820095498  4.4013408082537
                      353471.84079373      119.9985158      1.4539555991552       39.9794269      454814.39835277      176.0280283

            X0001C    -203967.8753349  407994.12591107      -1.734020900405  2.2629218650576      -80035.41875469
                      353350.12750715      119.9952671      -1.453955599155     -140.0205731      -454638.3703245

 391C                 -140749.4340485  281531.15665392      -1.354243306887  1.9751099455335      -79971.65143953  -79971.65143953
                      243822.45380998      119.9962062      -1.437735845939     -133.2871130       -266277.716384  -266277.7163840

            TERRA                 0.0              0.0      1.3542433068869  1.9751099455335                  0.0
                                  0.0              0.0      1.4377358459387       46.7128870                  0.0

 X0001C               -203967.8753349  407994.12591107      .93443163467236  1.3628313359053       79972.01618865   79972.01618865
                      353350.12750715      119.9952671      .99204171799829       46.7128870      266263.08936093   266263.0893609

            TERRA                 0.0              0.0      -.9344316346724  1.3628313359053                  0.0
                                  0.0              0.0      -.9920417179983     -133.2871130                  0.0

 395C                 .93175281712121   11260.44796449      .00325071287807   .0065016041608      -31.70005765725  -63.40256436031
                       11260.44792594       89.9952590      -.0056306058686      -60.0009077       18.30486470929        0.0042418

            395A      9751.3680851015  11260.447968437      -.0032507128781   .0065016041608      -31.70250670306
                      -5631.030893073      -30.0047410      .00563060586865      119.9990923      -18.30062286319

 X0001C               -203967.8753349  407994.12591107      -.1553964175E-3  .31080136318E-3      63.402565110191  63.402565110191
                      353350.12750715      119.9952671      .26916433785E-3      119.9990923      -.0042329222518       -0.0042329

            TERRA                 0.0              0.0      .15539641754E-3  .31080136318E-3                  0.0
                                  0.0              0.0      -.2691643379E-3      -60.0009077                  0.0

 395A                 9751.3680851015  11260.447968437       .0097513680851  .01126044796844       63.39884422494   63.39884422494
                      -5631.030893073      -30.0047410      -.0056310308931      -30.0047410                  0.0              0.0

            TERRA                 0.0              0.0      -.0097513680851  .01126044796844                  0.0
                                  0.0              0.0      .00563103089307      149.9952590                  0.0

 395B                 -9752.299846053   11260.44797294      -.0097522998461  .01126044797294      63.398844275641  63.398844275641
                       -5629.41704477     -150.0047410      -.0056294170448     -150.0047410                  0.0              0.0

            TERRA                 0.0              0.0      .00975229984605  .01126044797294                  0.0
                                  0.0              0.0      .00562941704477       29.9952590                  0.0

 395C                 .93175281712121   11260.44796449      .93175281712E-6  .01126044796449      63.398844180488  63.398844180488
                       11260.44792594       89.9952590      .01126044792594       89.9952590                  0.0              0.0

            TERRA                 0.0              0.0      -.9317528171E-6  .01126044796449                  0.0
                                  0.0              0.0      -.0112604479259      -90.0047410                  0.0

 390A                 408148.02065286   408148.0207898      .35847409736273  2.3269147527786      73167.400827899  4.0933863936225
                      -10.57282245371       -0.0014842      -2.299136487514      -81.1379755      469192.10825332      163.7896011

            X0002A    408008.38088253  408008.38189786      -.3584740973627  2.3269147527786      -73163.30744151
                      -28.78421097503       -0.0040421      2.2991364875141       98.8620245      -469028.3186523

 391A                 281531.15604102  281531.15665819      -.5191696173124  2.0602223681729       -73099.7943393   -73099.7943393
                      -18.64146233213       -0.0037938      1.9937349660322      104.5957090      -280644.4158728  -280644.4158728

            TERRA                 0.0              0.0       .5191696173124  2.0602223681729                  0.0
                                  0.0              0.0      -1.993734966032      -75.4042910                  0.0

 X0002A               408008.38088253  408008.38189786      .35822847468535  1.4215591433771      73099.908941033  73099.908941033
                      -28.78421097503       -0.0040421      -1.375682651647      -75.4042910      280639.86999142   280639.8699914

            TERRA                 0.0              0.0      -.3582284746853  1.4215591433771                  0.0
                                  0.0              0.0      1.3756826516474      104.5957090                  0.0

 397A                 9751.7767102191  11260.841424946      -.0065009602049  .00650096021438      -31.69894439796  -63.39850000505
                      -5631.110067457      -30.0040502      .35099219531E-6      179.9969066      18.302099830225        0.0010586

            397B      -9752.572728889  11260.841428356       .0065009602049  .00650096021438      -31.69955560709
                      -5629.731329496     -150.0040502      -.3509921953E-6       -0.0030934      -18.30104120713

 X0002A               408008.38088253  408008.38189786      .31077057923E-3  .31077057969E-3      63.398500670898  63.398500670898
                      -28.78421097503       -0.0040421      -.1677881301E-7       -0.0030935       -.001049694795       -0.0010497

            TERRA                 0.0              0.0      -.3107705792E-3  .31077057969E-3                  0.0
                                  0.0              0.0      .16778813006E-7      179.9969065                  0.0

 390B                 -204083.1666556  408148.02078907      -2.170347705218   2.326914826868      73167.393355266  4.0933866542764
                      -353461.2679798     -120.0014842      .83912064088165      158.8620233      469192.12472024      163.7896115

            X0002B    -204029.1182911  408008.38189231      2.1703477052179   2.326914826868      -73163.29996861
                       -353331.230694     -120.0040421      -.8391206408816      -21.1379767      -469028.3351087

 391B                 -140781.7219951  281531.15665452      1.9862099550228  2.0602224174672      -73099.78061965  -73099.78061965
                       -243803.812356     -120.0037938       -.547253528086      -15.4042941      -280644.4266129  -280644.4266129

            TERRA                 0.0              0.0      -1.986209955023  2.0602224174672                  0.0
                                  0.0              0.0        .547253528086      164.5957059                  0.0

 X0002B               -204029.1182911  408008.38189231        -1.3704903732  1.4215591773861      73099.895224025  73099.895224025
                       -353331.230694     -120.0040421      .37760645092203      164.5957059      280639.88072977   280639.8807298

            TERRA                 0.0              0.0      1.3704903731996  1.4215591773861                  0.0
                                  0.0              0.0       -.377606450922      -15.4042941                  0.0

 397B                 -9752.572728889  11260.841428356      .00325161254295  .00650160065666      -31.70371932773  -63.40474554557
                      -5629.731329496     -150.0040502      .00563008232348       59.9917347      18.301041162451       -0.0046646

            397C      .79601245970267  11260.841427774       -.003251612543  .00650160065666      -31.70102621785
                      11260.841399639       89.9959498      -.0056300823235     -120.0082653       -18.3057057618

 X0002B               -204029.1182911  408008.38189231      -.1554394248E-3  .31080119519E-3      63.404746197742  63.404746197742
                       -353331.230694     -120.0040421      -.2691393099E-3     -120.0082654      .00467358395258        0.0046736

            TERRA                 0.0              0.0      .15543942482E-3  .31080119519E-3                  0.0
                                  0.0              0.0      .26913930992E-3       59.9917346                  0.0

 390C                 -204064.8540004  408148.02078695      1.8118736784631  2.3269147960487       73167.37373764  4.0933865458646
                      353471.84079373      119.9985158      1.4600158359974       38.8620210      469192.12141154      163.7896072

            X0002C    -203979.2625953  408008.38189131      -1.811873678463  2.3269147960487      -73163.28035109
                      353360.01489224      119.9959579      -1.460015835997     -141.1379790      -469028.3318044

 391C                 -140749.4340485  281531.15665392      -1.467040541844  2.0602224132071       -73099.7591706   -73099.7591706
                      243822.45380998      119.9962062      -1.446481399973     -135.4042985      -280644.4315795  -280644.4315795

            TERRA                 0.0              0.0      1.4670405418437  2.0602224132071                  0.0
                                  0.0              0.0       1.446481399973       44.5957015                  0.0

 X0002C               -203979.2625953  408008.38189131      1.0122620393813  1.4215591744671      73099.873772407  73099.873772407
                      353360.01489224      119.9959579      .99807617451734       44.5957015      280639.88570131   280639.8857013

            TERRA                 0.0              0.0      -1.012262039381  1.4215591744671                  0.0
                                  0.0              0.0      -.9980761745173     -135.4042985                  0.0

 397C                 .79601245970267  11260.841427774      .00325081651681  .00650178866358      -31.70224862598  -63.40657909203
                      11260.841399639       89.9959498      -.0056307590785      -60.0007918       18.30570568476        0.0036059

            397A      9751.7767102191  11260.841424946      -.0032508165168  .00650178866358      -31.70433046606
                      -5631.110067457      -30.0040502      .00563075907849      119.9992082      -18.30209981358

 X0002C               -203979.2625953  408008.38189131      -.1554013711E-3  .31081018247E-3      63.406579710158  63.406579710158
                      353360.01489224      119.9959579      .26917166156E-3      119.9992081         -.0035968856       -0.0035969

            TERRA                 0.0              0.0       .1554013711E-3  .31081018247E-3                  0.0
                                  0.0              0.0      -.2691716616E-3      -60.0007919                  0.0

 397A                 9751.7767102191  11260.841424946      .00975177671022  .01126084142495      63.403274798893  63.403274798893
                      -5631.110067457      -30.0040502      -.0056311100675      -30.0040502      -.355271368E-14       -0.0000000

            TERRA                 0.0              0.0      -.0097517767102  .01126084142495                  0.0
                                  0.0              0.0      .00563111006746      149.9959498                  0.0

 397B                 -9752.572728889  11260.841428356      -.0097525727289  .01126084142836      63.403274837295  63.403274837295
                      -5629.731329496     -150.0040502      -.0056297313295     -150.0040502      -.355271368E-14       -0.0000000

            TERRA                 0.0              0.0      .00975257272889  .01126084142836                  0.0
                                  0.0              0.0       .0056297313295       29.9959498                  0.0

 397C                 .79601245970267  11260.841427774       .7960124597E-6  .01126084142777      63.403274830733  63.403274830733
                      11260.841399639       89.9959498      .01126084139964       89.9959498                  0.0              0.0

            TERRA                 0.0              0.0      -.7960124597E-6  .01126084142777                  0.0
                                  0.0              0.0      -.0112608413996      -90.0040502                  0.0

 391A                 281531.15604102  281531.15665819      .52926000012785    4.05612685302      74539.072682497  6.0873010676733
                      -18.64146233213       -0.0037938      -4.021448607163      -82.5024334      566076.60457691      243.6401122

            X0003A    281411.65712377  281411.65886903      -.5292600001278    4.05612685302      -74532.98538143
                      -31.34121304661       -0.0063811      4.0214486071631       97.4975666      -565832.9644647

 9098A                112561.28661967  112561.28726993      -1.323353340023  2.0609402537719      -74469.61935527  -74469.61935527
                      -12.09912650384       -0.0061587      -1.579940083378     -129.9494460      88928.049993269    88928.0499933

            TERRA                 0.0              0.0      1.3233533400235  2.0609402537719                  0.0
                                  0.0              0.0      1.5799400833785       50.0505540                  0.0

 X0003A               281411.65712377  281411.65886903      .52932804866077  .82435540829812      74469.638468702  74469.638468702
                      -31.34121304661       -0.0063811      .63196016970323       50.0505540      -88928.77418778   -88928.7741878

            TERRA                 0.0              0.0      -.5293280486608  .82435540829812                  0.0
                                  0.0              0.0      -.6319601697032     -129.9494460                  0.0

 42077A               9747.5539815749   11256.23122846      -.0064983306684  .00649833070755      -31.67342316519  -63.34691169481
                      -5629.203571095      -30.0063948      .71366230259E-6      179.9937076      18.286734871347        0.0001132

            42077B    -9748.810285249  11256.231227413      .00649833066836  .00649833070755      -31.67348852962
                       -5627.02758721     -150.0063948      -.7136623026E-6       -0.0062924      -18.28662165005

 X0003A               281411.65712377  281411.65886903      .45020815915E-3  .45020816187E-3      63.346912833471  63.346912833471
                      -31.34121304661       -0.0063811       -.494426331E-7       -0.0062923      -.9816825919E-4       -0.0000982

            TERRA                 0.0              0.0      -.4502081592E-3  .45020816187E-3                  0.0
                                  0.0              0.0      .49442633099E-7      179.9937077                  0.0

 391B                 -140781.7219951  281531.15665452      -3.747306519263  4.0561267631818      74539.052199376  6.0873007980699
                       -243803.812356     -120.0037938      1.5523717884855      157.4975647      566076.59451128      243.6401014

            X0003B    -140732.9708407  281411.65886759      3.7473065192634  4.0561267631818      -74532.96489858
                      -243693.9733866     -120.0063811      -1.552371788485      -22.5024353      -565832.9544099

 9098B                -56291.12145769  112561.28726928      -.7065920358873  2.0609401367437      -74469.59228333  -74469.59228333
                      -97474.88413305     -120.0061587      1.9360273608763      110.0505687      88928.064071977    88928.0640720

            TERRA                 0.0              0.0       .7065920358873  2.0609401367437                  0.0
                                  0.0              0.0      -1.936027360876      -69.9494313                  0.0

 X0003B               -140732.9708407  281411.65886759      .28262971971708  .82435536150247      74469.611396944  74469.611396944
                      -243693.9733866     -120.0063811      -.7743915053579      -69.9494313       -88928.7882689   -88928.7882689

            TERRA                 0.0              0.0      -.2826297197171  .82435536150247                  0.0
                                  0.0              0.0      .77439150535793      110.0505687                  0.0

 42077B               -9748.810285249  11256.231227413      .00325047962542  .00649900679852      -31.67788223461  -63.35350223028
                       -5627.02758721     -150.0063948      .00562774124955       59.9900616      18.286621626234       -0.0039183

            42077C    1.2563051711501  11256.231227143      -.0032504796254  .00649900679852      -31.67561999567
                      11256.231157035       89.9936052      -.0056277412496     -120.0099384      -18.29053993727

 X0003B               -140732.9708407  281411.65886759      -.2251951344E-3  .45025500184E-3      63.353503368216  63.353503368216
                      -243693.9733866     -120.0063811      -.3898932138E-3     -120.0099384      .00393339820777        0.0039334

            TERRA                 0.0              0.0      .22519513436E-3  .45025500184E-3                  0.0
                                  0.0              0.0      .38989321376E-3       59.9900616                  0.0

 391C                 -140749.4340485  281531.15665392      3.2180467131136  4.0561268720209      74539.062853936  6.0873011247022
                      243822.45380998      119.9962062      2.4690768627462       37.4975656      566076.60856014      243.6401145

            X0003C    -140678.6862845  281411.65886397      -3.218046713114  4.0561268720209      -74532.97555281
                      243725.31458555      119.9936189      -2.469076862746     -142.5024344      -565832.9684457

 9098C                -56270.16516259  112561.28726796      2.0299446526915  2.0609399594032      -74469.60273832  -74469.60273832
                      97486.983254148      119.9938413       -.356087381515       -9.9494421       88928.04229681    88928.0422968

            TERRA                 0.0              0.0      -2.029944652691  2.0609399594032                  0.0
                                  0.0              0.0      .35608738151495      170.0505579                  0.0

 X0003C               -140678.6862845  281411.65886397      -.8119574791199  .82435529059043      74469.621854465  74469.621854465
                      243725.31458555      119.9936189      .14243137725134      170.0505579      -88928.76649559   -88928.7664956

            TERRA                 0.0              0.0      .81195747911988  .82435529059043                  0.0
                                  0.0              0.0      -.1424313772513       -9.9494421                  0.0

 42077C               1.2563051711501  11256.231227143      .00324922331856  .00649902691266      -31.67575072331  -63.35369831453
                      11256.231157035       89.9936052      -.0056284899074      -60.0029535       18.29053992777        0.0038051

            42077A    9747.5539815749   11256.23122846      -.0032492233186  .00649902691266      -31.67794759123
                      -5629.203571095      -30.0063948      .00562848990739      119.9970465      -18.28673484947

 X0003C               -140678.6862845  281411.65886397      -.2251080971E-3  .45025639517E-3      63.353699425675  63.353699425675
                      243725.31458555      119.9936189      .38994508077E-3      119.9970465       -.003790045855       -0.0037900

            TERRA                 0.0              0.0      .22510809708E-3  .45025639517E-3                  0.0
                                  0.0              0.0      -.3899450808E-3      -60.0029535                  0.0

 42077A               9747.5539815749   11256.23122846      .00974755398157  .01125623122846      63.351370734274  63.351370734274
                      -5629.203571095      -30.0063948      -.0056292035711      -30.0063948                  0.0              0.0

            TERRA                 0.0              0.0      -.0097475539816  .01125623122846                  0.0
                                  0.0              0.0       .0056292035711      149.9936052                  0.0

 42077B               -9748.810285249  11256.231227413      -.0097488102852  .01125623122741      63.351370722499  63.351370722499
                       -5627.02758721     -150.0063948      -.0056270275872     -150.0063948      -.355271368E-14       -0.0000000

            TERRA                 0.0              0.0      .00974881028525  .01125623122741                  0.0
                                  0.0              0.0      .00562702758721       29.9936052                  0.0

 42077C               1.2563051711501  11256.231227143      .12563051712E-5  .01125623122714      63.351370719456  63.351370719456
                      11256.231157035       89.9936052      .01125623115704       89.9936052      -.867361738E-18       -0.0000000

            TERRA                 0.0              0.0      -.1256305171E-5  .01125623122714                  0.0
                                  0.0              0.0       -.011256231157      -90.0063948                  0.0

 9049A                112566.51546186  112566.51655745      -1.210859590259  2.4476638235803      -68134.41849957  .10783904747223
                      -15.70523157128       -0.0079939      -2.127175885051     -119.6499779      119733.89699247        4.2955887

            X0004A    112563.50868259  112563.50953986      1.2108595902588  2.4476638235803      68134.526338616
                      -13.89228058699       -0.0070713      2.1271758850509       60.3500221      -119729.6014037

 9098A                112561.28661967  112561.28726993      1.2107920534033  1.9905442209269      68134.597659313  68134.597659313
                      -12.09912650384       -0.0061587      1.5799521824665       52.5353475      -88928.04999111   -88928.0499911

            TERRA                 0.0              0.0      -1.210792053403  1.9905442209269                  0.0
                                  0.0              0.0      -1.579952182467     -127.4646525                  0.0

 X0004A               112563.50868259  112563.50953986      -1.210792053403  1.9905442209384      -68134.52633852  -68134.52633852
                      -13.89228058699       -0.0070713      -1.579952182481     -127.4646525      88930.890936858    88930.8909369

            TERRA                 0.0              0.0      1.2107920534033  1.9905442209384                  0.0
                                  0.0              0.0      1.5799521824811       52.5353475                  0.0

 9049B                -56296.85885658  112566.51655755      -1.236759016869  2.4476638030761       -68134.3914279  .10783904566779
                      -97477.60939202     -120.0079939      2.1122228166273      120.3500347      119733.91106989        4.2955887

            X0004B    -56293.78540574  112563.50953958      1.2367590168695  2.4476638030761      68134.499266946
                      -97475.91191961     -120.0070713      -2.112222816627      -59.6499653      -119729.6154812

 9098B                -56291.12145769  112561.28726928      .76288315733836  1.9905441269689      68134.570586617  68134.570586617
                      -97474.88413305     -120.0061587      -1.838552476722      -67.4646371      -88928.06407105   -88928.0640711

            TERRA                 0.0              0.0      -.7628831573384  1.9905441269689                  0.0
                                  0.0              0.0      1.8385524767218      112.5353629                  0.0

 X0004B               -56293.78540574  112563.50953958      -.7628831573529  1.9905441269812      -68134.49926578  -68134.49926578
                      -97475.91191961     -120.0070713      1.8385524767291      112.5353629       88930.90501663    88930.9050166

            TERRA                 0.0              0.0      .76288315735292  1.9905441269812                  0.0
                                  0.0              0.0      -1.838552476729      -67.4646371                  0.0

 9049C                -56269.65660565  112566.51655511      2.4476178839043  2.4476635587334       -68134.4018851  .10783902414551
                      97493.314616101      119.9920061      .01495296436139        0.3500265      119733.88929266        4.2955878

            X0004C    -56269.72327734   112563.5095377      -2.447617883904  2.4476635587334      68134.509724128
                      97489.804193749      119.9929287      -.0149529643614     -179.6499735      -119729.5937049

 9098C                -56270.16516259  112561.28726796      -1.973674487555   1.990543932905      68134.581044982  68134.581044982
                      97486.983254148      119.9938413      .25860039829422      172.5353519      -88928.04229716   -88928.0422972

            TERRA                 0.0              0.0      1.9736744875554   1.990543932905                  0.0
                                  0.0              0.0      -.2586003982942       -7.4646481                  0.0

 X0004C               -56269.72327734   112563.5095377        1.97367448757  1.9905439329185      -68134.50972426  -68134.50972426
                      97489.804193749      119.9929287      -.2586003982869       -7.4646481      88930.883242188    88930.8832422

            TERRA                 0.0              0.0       -1.97367448757  1.9905439329185                  0.0
                                  0.0              0.0      .25860039828694      172.5353519                  0.0

 9098A                112561.28661967  112561.28726993      .11256128661967  .11256128726993      6335.0216959322  6335.0216959322
                      -12.09912650384       -0.0061587       -.120991265E-4       -0.0061587                  0.0              0.0

            TERRA                 0.0              0.0      -.1125612866197  .11256128726993                  0.0
                                  0.0              0.0      .12099126504E-4      179.9938413                  0.0

 9098B                -56291.12145769  112561.28726928      -.0562911214577  .11256128726928      6335.0216958583  6335.0216958583
                      -97474.88413305     -120.0061587      -.0974748841331     -120.0061587                  0.0              0.0

            TERRA                 0.0              0.0      .05629112145769  .11256128726928                  0.0
                                  0.0              0.0      .09747488413305       59.9938413                  0.0

 9098C                -56270.16516259  112561.28726796      -.0562701651626  .11256128726796        6335.02169571    6335.02169571
                      97486.983254148      119.9938413      .09748698325415      119.9938413                  0.0              0.0

            TERRA                 0.0              0.0      .05627016516259  .11256128726796                  0.0
                                  0.0              0.0      -.0974869832541      -60.0061587                  0.0

 X0005A               408148.02065286   408148.0207898      -.8028252815968  4.7512131191048      -163860.5305111  15.493679190316
                      -10.57282245371       -0.0014842      4.6828941553683       99.7280947      -955652.7461556      239.0194344

            X0014A          408248.29        408248.29      .80282528159676  4.7512131191048      163876.02419032
                                  0.0              0.0      -4.682894155368      -80.2719053      955891.76559005

 X0005B               -204083.1666556  408148.02078907      4.4569180440296   4.751213267812      -163860.5135428   15.49368339678
                      -353461.2679798     -120.0014842      -1.646180143556      -20.2719066      -955652.7798535      239.0194424

            X0014B        -204124.145        408248.29       -4.45691804403   4.751213267812      163876.00722624
                      -353553.3901916     -120.0000000      1.6461801435557      159.7280934      955891.79929593

 X0005C               -204064.8540004  408148.02078695      -3.654092926273  4.7512132094828      -163860.4719927  15.493687419803
                      353471.84079373      119.9985158      -3.036713988528     -140.2719090      -955652.7748955      239.0194428

            X0014C        -204124.145        408248.29      3.6540929262733  4.7512132094828       163875.9656801
                      353553.39019156      120.0000000      3.0367139885282       39.7280910      955891.79433838

 X0006A               112566.51546186  112566.51655745      -.8649172528113  2.0928846086591      -48695.32619268  32.610334353798
                      -15.70523157128       -0.0079939      1.9058027523728      114.4101416      -107257.9956332      111.6229619

            X0013A         112676.528       112676.528      .86491725281126  2.0928846086591      48727.936527036
                                  0.0              0.0      -1.905802752373      -65.5898584       107369.6185951

 X0006B               -56296.85885658  112566.51655755      2.0829322370019  2.0928846256944      -48695.32420922  32.610336408536
                      -97477.60939202     -120.0079939      -.2038611108728       -5.5898596      -107257.9975868      111.6229615

            X0013B         -56338.264       112676.528      -2.082932237002  2.0928846256944      48727.934545626
                      -97580.73565823     -120.0000000      .20386111087281      174.4101404      107369.62054829

 X0006C               -56269.65660565  112566.51655511      -1.218015040216  2.0928846186306      -48695.32246873  32.610337357881
                      97493.314616101      119.9920061      -1.701941652557     -125.5898605      -107257.9979376      111.6229631

            X0013C         -56338.264       112676.528      1.2180150402164  2.0928846186306      48727.932806087
                      97580.735658229      120.0000000      1.7019416525566       54.4101395      107369.62090072

 391A                 281531.15604102  281531.15665819      .92052137274E-3  .00177390767064      129.59185682443  .03398173335708
                      -18.64146233213       -0.0037938      -.0015163735774      -58.7399683        213.444623187        0.0912269

            E001A      281423.3526743  281423.35541338      -.9205213727E-3  .00177390767064      -129.5578750911
                      -39.26424082746       -0.0079939      .00151637357741      121.2600317      -213.3533962444

 391B                 -140781.7219951  281531.15665452       -.001773478694  .00177390763812      129.59185205684  .03398173540921
                       -243803.812356     -120.0037938      -.3900808426E-4     -178.7399689      213.44462072377        0.0912269

            E001B     -140745.6801575  281423.35541361      .00177347869397  .00177390763812      -129.5578703214
                      -243700.1405196     -120.0079939       .3900808426E-4        1.2600311      -213.3533937887

 391C                 -140749.4340485  281531.15665392      .85295732134E-3  .00177390763741       129.5918565797   .0339817374057
                      243822.45380998      119.9962062      .00155538166186       61.2600323      213.44461786004        0.0912269

            E001C     -140677.6725177  281423.35540751      -.8529573213E-3  .00177390763741      -129.5578748423
                      243739.40474167      119.9920061      -.0015553816619     -118.7399677      -213.3533909201

 E001A                 281423.3526743  281423.35541338      .92061927859E-3  .00177409687726      129.57165476568  .15737100512E-9
                      -39.26424082746       -0.0079939      -.0015165354839      -58.7399788      213.37617644999        0.0000000

            ST001A    281423.35267406  281423.35541313      -.9206192786E-3  .00177409687726      -129.5716547655
                      -39.26424076787       -0.0079939      .00151653548386      121.2600212      -213.3761764498

 ST001A               281423.35267406  281423.35541313      .28142335267406  .28142335541313      39599.552485994  39599.552485994
                      -39.26424076787       -0.0079939      -.3926424077E-4       -0.0079939       -.88817842E-15       -0.0000000

            TERRA                 0.0              0.0      -.2814233526741  .28142335541313                  0.0
                                  0.0              0.0      .39264240768E-4      179.9920061                  0.0

 9049A                112566.51546186  112566.51655745      .70127475261688  .70128447887795      39469.998638397  39469.998638397
                      -15.70523157128       -0.0079939      .00369346141815        0.3017616      -213.3868821096     -213.3868821

            TERRA                 0.0              0.0      -.7012747526169  .70128447887795                  0.0
                                  0.0              0.0      -.0036934614182     -179.6982384                  0.0

 ST001A               281423.35267406  281423.35541313      -.2805028259754  .28050671613849      -39469.99385772  -39469.99385772
                      -39.26424076787       -0.0079939      -.0014773011208     -179.6982478      213.38038240402      213.3803824

            TERRA                 0.0              0.0      .28050282597542  .28050671613849                  0.0
                                  0.0              0.0      .00147730112076        0.3017522                  0.0

 E001B                -140745.6801575  281423.35541361      -.0017734419089  .00177386747179      129.53645939693  .15734258341E-9
                      -243700.1405196     -120.0079939      -.3885361366E-4     -178.7449310      213.35978205825        0.0000000

            ST001B    -140745.6801573  281423.35541337      .00177344190888  .00177386747179      -129.5364593968
                      -243700.1405194     -120.0079939       .3885361366E-4        1.2550690      -213.3597820581

 ST001B               -140745.6801573  281423.35541337      -.1407456801573  .28142335541337       39599.55248606   39599.55248606
                      -243700.1405194     -120.0079939      -.2437001405194     -120.0079939      -.363797881E-11       -0.0000000

            TERRA                 0.0              0.0      .14074568015734  .28142335541337                  0.0
                                  0.0              0.0      .24370014051939       59.9920061                  0.0

 9049B                -56296.85885658  112566.51655755      -.3474390506744  .70128425786651      39469.986344836  39469.986344836
                      -97477.60939202     -120.0079939      -.6091680526733     -119.6982775      -213.3599060559     -213.3599061

            TERRA                 0.0              0.0      .34743905067444  .70128425786651                  0.0
                                  0.0              0.0      .60916805267334       60.3017225                  0.0

 ST001B               -140745.6801573  281423.35541337      .13897210359573  .28050662283212      -39469.98083123  -39469.98083123
                      -243700.1405194     -120.0079939      .24366107583046       60.3017246      213.36133553554      213.3613355

            TERRA                 0.0              0.0      -.1389721035957  .28050662283212                  0.0
                                  0.0              0.0      -.2436610758305     -119.6982754                  0.0

 E001C                -140677.6725177  281423.35540751      .85288775153E-3  .00177368261946      129.53614203783   .1573141617E-9
                      243739.40474167      119.9920061      .00155516318046       61.2586092      213.32954474112        0.0000000

            ST001C    -140677.6725176  281423.35540727      -.8528877515E-3  .00177368261946      -129.5361420377
                      243739.40474143      119.9920061      -.0015551631805     -118.7413908       -213.329544741

 ST001C               -140677.6725176  281423.35540727      -.1406776725176  .28142335540727      39599.552484344  39599.552484344
                      243739.40474143      119.9920061      .24373940474143      119.9920061                  0.0              0.0

            TERRA                 0.0              0.0      .14067767251764  .28142335540727                  0.0
                                  0.0              0.0      -.2437394047414      -60.0079939                  0.0

 9049C                -56269.65660565  112566.51655511      -.3538356423378  .70128433596512      39469.990697459  39469.990697459
                      97493.314616101      119.9920061      .60547506809235      120.3017339      -213.3677179959     -213.3677180

            TERRA                 0.0              0.0       .3538356423378  .70128433596512                  0.0
                                  0.0              0.0      -.6054750680923      -59.6982661                  0.0

 ST001C               -140677.6725176  281423.35540727      .14153069257736  .28050666632092      -39469.98691368  -39469.98691368
                      243739.40474143      119.9920061      -.2421839237213      -59.6982657      213.36802557228      213.3680256

            TERRA                 0.0              0.0      -.1415306925774  .28050666632092                  0.0
                                  0.0              0.0      .24218392372131      120.3017343                  0.0

 390A                 408148.02065286   408148.0207898      .02369517953857   .0978506770445      4836.0721970884   .8009760750092
                      -10.57282245371       -0.0014842      -.0949383666633      -75.9861450      19374.327956364        6.5315388

            E002A     408014.52942505   408014.5303195      -.0236951795386   .0978506770445      -4835.271221013
                      -27.01661135101       -0.0037938      .09493836666333      104.0138550      -19367.79641753

 390B                 -204083.1666556  408148.02078907      -.0940666309556  .09785068130243      4836.0722410778  .80097620492052
                      -353461.2679798     -120.0014842      .02694855788392      164.0138545      19374.328840942        6.5315393

            E002B     -204030.6617765  408014.53031419      .09406663095555  .09785068130243      -4835.271264873
                      -353337.4392879     -120.0037938      -.0269485578839      -15.9861455      -19367.79730163

 390C                 -204064.8540004  408148.02078695      .07037145143035  .09785067846196      4836.0714528189  .80097620107244
                      353471.84079373      119.9985158      .06798980878817       44.0138526      19374.328440141        6.5315390

            E002C     -203983.8676523  408014.53031331      -.0703714514303  .09785067846196      -4835.270476618
                      353364.45588715      119.9962062      -.0679898087882     -135.9861474      -19367.79690111

 E002A                408014.52942505   408014.5303195      .02369475495811   .0978504889332      4835.1846023282  .47873618314E-6
                      -27.01661135101       -0.0037938      -.0949382787496      -75.9863737      19367.778488233        0.0000005

            ST002A    408014.52941319  408014.53030764      -.0236947549581   .0978504889332      -4835.184601849
                      -27.01660422666       -0.0037938      .09493827874962      104.0136263      -19367.77848775

 ST002A               408014.52941319  408014.53030764      .40801452941319  .40801453030764      83237.928471081  83237.928471081
                      -27.01660422666       -0.0037938      -.2701660423E-4       -0.0037938                  0.0              0.0

            TERRA                 0.0              0.0      -.4080145294132  .40801453030764                  0.0
                                  0.0              0.0      .27016604227E-4      179.9962062                  0.0

 391A                 281531.15604102  281531.15665819      .55698323249817  .57371695343428       78402.78457602   78402.78457602
                      -18.64146233213       -0.0037938      .13755297660828       13.8722318      -19367.91575168   -19367.9157517

            TERRA                 0.0              0.0      -.5569832324982  .57371695343428                  0.0
                                  0.0              0.0      -.1375529766083     -166.1277682                  0.0

 ST002A               408014.52941319  408014.53030764      -.3843199014664   .3958661597321      -78402.76977462  -78402.76977462
                      -27.01660422666       -0.0037938      -.0949116945267     -166.1277995      19367.866698391    19367.8666984

            TERRA                 0.0              0.0      .38431990146637   .3958661597321                  0.0
                                  0.0              0.0      .09491169452667       13.8722005                  0.0

 E002B                -204030.6617765  408014.53031419      -.0940666359384  .09785084320844        4835.17098635  .47874073061E-6
                      -353337.4392879     -120.0037938      .02694912836887      164.0135342      19367.856380145        0.0000005

            ST002B    -204030.6617644  408014.53030233      .09406663593836  .09785084320844      -4835.170985871
                      -353337.4392812     -120.0037938      -.0269491283689      -15.9864658      -19367.85637967

 ST002B               -204030.6617644  408014.53030233      -.2040306617644  .40801453030233      83237.928468915  83237.928468915
                      -353337.4392812     -120.0037938      -.3533374392812     -120.0037938      .7275957614E-11        0.0000000

            TERRA                 0.0              0.0      .20403066176445  .40801453030233                  0.0
                                  0.0              0.0      .35333743928119       59.9962062                  0.0

 391B                 -140781.7219951  281531.15665452      -.1593673229218  .57371667545835      78402.752069776  78402.752069776
                       -243803.812356     -120.0037938       -.551137804985     -106.1277844      -19367.88417455   -19367.8841746

            TERRA                 0.0              0.0      .15936732292175  .57371667545835                  0.0
                                  0.0              0.0      .55113780498505       73.8722156                  0.0

 ST002B               -204030.6617644  408014.53030233      .10996389389038  .39586594439715      -78402.72414912  -78402.72414912
                      -353337.4392812     -120.0037938      .38028645515442       73.8722093      19367.868212298    19367.8682123

            TERRA                 0.0              0.0      -.1099638938904  .39586594439715                  0.0
                                  0.0              0.0      -.3802864551544     -106.1277907                  0.0

 E002C                -203983.8676523  408014.53031331       .0703711702954  .09785033387938      4835.2629410287  .47873527365E-6
                      353364.45588715      119.9962062      .06798960384913       44.0138807      19367.726327433        0.0000005

            ST002C    -203983.8676525  408014.53030145      -.0703711702954  .09785033387938       -4835.26294055
                      353364.45587331      119.9962062      -.0679896038491     -135.9861193      -19367.72632695

 ST002C               -203983.8676525  408014.53030145      -.2039838676525  .40801453030145      83237.928468556  83237.928468556
                      353364.45587331      119.9962062      .35336445587331      119.9962062      .7275957614E-11        0.0000000

            TERRA                 0.0              0.0       .2039838676525  .40801453030145                  0.0
                                  0.0              0.0      -.3533644558733      -60.0037938                  0.0

 391C                 -140749.4340485  281531.15665392      -.3976160287857  .57371684236832      78402.763899752  78402.763899752
                      243822.45380998      119.9962062      .41358494758606      133.8722480       -19367.9342545   -19367.9342545

            TERRA                 0.0              0.0      .39761602878571  .57371684236832                  0.0
                                  0.0              0.0      -.4135849475861      -46.1277520                  0.0

 ST002C               -203983.8676525  408014.53030145      .27435612678528  .39586627331287      -78402.78149467  -78402.78149467
                      353364.45587331      119.9962062       -.285374879837      -46.1277676      19367.915868481    19367.9158685

            TERRA                 0.0              0.0      -.2743561267853  .39586627331287                  0.0
                                  0.0              0.0      .28537487983704      133.8722324                  0.0

 390A                 408148.02065286   408148.0207898      .02850382076487  .06654875755367      5817.2069136978  2.7360736112823
                      -10.57282245371       -0.0014842      -.0601354249485      -64.6393366      12271.926649015        9.3717614

            E003A     407858.29318022  407858.29714993      -.0285038207649  .06654875755367      -5814.470840087
                      -56.90479284471       -0.0079940      .06013542494854      115.3606634      -12262.55488758

 390B                 -204083.1666556  408148.02078907      -.0663307166273  .06654875819246      5817.2068220795  2.7360738866819
                      -353461.2679798     -120.0014842      .00538268043498      175.3606627      12271.926836683        9.3717613

            E003B     -203978.4275723  407858.29715027      .06633071662732  .06654875819246      -5814.470748193
                      -353187.1906503     -120.0079940       -.005382680435       -4.6393373      -12262.55507534

 390C                 -204064.8540004  408148.02078695        .037826895976   .0665487573047      5817.2067062176  2.7360739344231
                      353471.84079373      119.9985158      .05475274458527       55.3606625      12271.926691032        9.3717614

            E003C     -203879.8656092  407858.29714143       -.037826895976   .0665487573047      -5814.470632283
                        353244.095416      119.9920060      -.0547527445853     -124.6393375      -12262.55492961

 E003A                407858.29318022  407858.29714993      .02850359074102  .06654830693131      5814.4239204341  .22143376555E-6
                      -56.90479284471       -0.0079940       -.060135035298      -64.6393719      12262.475433025        0.0000002

            ST003A    407858.29317136  407858.29714106       -.028503590741  .06654830693131      -5814.423920213
                      -56.90478968157       -0.0079940        .060135035298      115.3606281       -12262.4754328

 ST003A               407858.29317136  407858.29714106      .40785829317136  .40785829714106      83174.195273403  83174.195273403
                      -56.90478968157       -0.0079940      -.5690478968E-4       -0.0079940                  0.0              0.0

            TERRA                 0.0              0.0      -.4078582931714  .40785829714106                  0.0
                                  0.0              0.0      .56904789682E-4      179.9920060                  0.0

 9049A                112566.51546186  112566.51655745      1.3745014667511  1.3916316678534      77359.710950275  77359.710950275
                      -15.70523157128       -0.0079939      .21767961978912        8.9991857      -12262.51157528   -12262.5115753

            TERRA                 0.0              0.0      -1.374501466751  1.3916316678534                  0.0
                                  0.0              0.0      -.2176796197891     -171.0008143                  0.0

 ST003A               407858.29317136  407858.29714106      -.3793544769287  .38408231415521      -77359.72536136  -77359.72536136
                      -56.90478968157       -0.0079940      -.0600783228874     -171.0008138      12262.514658093    12262.5146581

            TERRA                 0.0              0.0      .37935447692871  .38408231415521                  0.0
                                  0.0              0.0      .06007832288742        8.9991862                  0.0

 E003B                -203978.4275723  407858.29715027      -.0663305399939  .06654856450312      5814.4912362506  .22143558454E-6
                      -353187.1906503     -120.0079940      .00538246240467      175.3608375      12262.501646274        0.0000002

            ST003B    -203978.4275651  407858.29714141      .06633053999394  .06654856450312      -5814.491236029
                      -353187.1906442     -120.0079940      -.0053824624047       -4.6391625      -12262.50164605

 ST003B               -203978.4275651  407858.29714141      -.2039784275651  .40785829714141      83174.195273544  83174.195273544
                      -353187.1906442     -120.0079940      -.3531871906442     -120.0079940      -.727595761E-11       -0.0000000

            TERRA                 0.0              0.0      .20397842756514  .40785829714141                  0.0
                                  0.0              0.0       .3531871906442       59.9920060                  0.0

 9049B                -56296.85885658  112566.51655755      -.4987345933914  1.3916313935547      77359.696070348  77359.696070348
                      -97477.60939202     -120.0079939      -1.299192726612     -111.0008161      -12262.50683634   -12262.5068363

            TERRA                 0.0              0.0      .49873459339142  1.3916313935547                  0.0
                                  0.0              0.0      1.2991927266121       68.9991839                  0.0

 ST003B               -203978.4275651  407858.29714141      .13764789700508  .38408227270097      -77359.71794381  -77359.71794381
                      -353187.1906442     -120.0079940      .35856972634792       68.9991818      12262.507455803    12262.5074558

            TERRA                 0.0              0.0      -.1376478970051  .38408227270097                  0.0
                                  0.0              0.0      -.3585697263479     -111.0008182                  0.0

 E003C                -203879.8656092  407858.29714143      .03782668500207  .06654851816571      5814.4665456257  .22143467504E-6
                        353244.095416      119.9920060       .0547525996808       55.3607411       12262.50289541        0.0000002

            ST003C    -203879.8656075  407858.29713257      -.0378266850021  .06654851816571      -5814.466545404
                      353244.09540674      119.9920060      -.0547525996808     -124.6392589      -12262.50289519

 ST003C               -203879.8656075  407858.29713257      -.2038798656075  .40785829713257      83174.195269938  83174.195269938
                      353244.09540674      119.9920060      .35324409540674      119.9920060      -.727595761E-11       -0.0000000

            TERRA                 0.0              0.0      .20387986560755  .40785829713257                  0.0
                                  0.0              0.0      -.3532440954067      -60.0079940                  0.0

 9049C                -56269.65660565  112566.51655511       -.875766813755  1.3916318739676      77359.723880518  77359.723880518
                      97493.314616101      119.9920061      1.0815136432648      128.9991788      -12262.50409146   -12262.5040915

            TERRA                 0.0              0.0      .87576681375504  1.3916318739676                  0.0
                                  0.0              0.0      -1.081513643265      -51.0008212                  0.0

 ST003C               -203879.8656075  407858.29713257      .24170657992363  .38408232606681      -77359.72857606  -77359.72857606
                      353244.09540674      119.9920060      -.2984914779663      -51.0008177      12262.509883105    12262.5098831

            TERRA                 0.0              0.0      -.2417065799236  .38408232606681                  0.0
                                  0.0              0.0      .29849147796631      128.9991823                  0.0

 XX0021               -56269.65660565  112566.51655511      .72759576142E-8  .16269535827E-7       -.914065043E-3  .1084202172E-18
                      97493.314616101      119.9920061      -.1455191523E-7      -63.4349488      -.5473702402E-4              0.0

            MEASUC    -56269.65660565  112566.51655511      -.7275957614E-8  .16269535827E-7      .91406504303E-3
                      97493.314616101      119.9920061      .14551915228E-7      116.5650512      .54737024021E-4

 XX0023               -56296.85885658  112566.51655755      .72759576142E-8  .16269535827E-7      -.9140497337E-3  .1084202172E-18
                      -97477.60939202     -120.0079939      .14551915228E-7       63.4349488      .54992081718E-4              0.0

            MEASUB    -56296.85885658  112566.51655755      -.7275957614E-8  .16269535827E-7      .91404973369E-3
                      -97477.60939202     -120.0079939      -.1455191523E-7     -116.5650512      -.5499208172E-4

 XX0025               112566.51546186  112566.51655745      -.1455191523E-7  .14551915337E-7      -.8190292092E-3  .1084202172E-18
                      -15.70523157128       -0.0079939      .1776356839E-11      179.9930059       .1429144942E-7              0.0

            MEASUA    112566.51546186  112566.51655745      .14551915228E-7  .14551915337E-7      .81902920923E-3
                      -15.70523157128       -0.0079939      -.177635684E-11       -0.0069941      -.1429144942E-7

 X0001A               407994.12452676  407994.12591874      -.7627883641E-4  .92342155553893      -.177635684E-14  -.177635684E-14
                       -33.7021775157       -0.0047329      -.9234215523884      -90.0047329      188375.28520331   188375.2852033

            TERRA                 0.0              0.0      .76278836409E-4  .92342155553893                  0.0
                                  0.0              0.0      .92342155238844       89.9952671                  0.0

 X0001B                -204026.249196  407994.12591265      -.7996683833484  .92342155552514      .1455191523E-10  .1455191523E-10
                      -353316.4253445     -120.0047329      .46177683558343      149.9952671      188375.28519769   188375.2851977

            TERRA                 0.0              0.0      .79966838334838  .92342155552514                  0.0
                                  0.0              0.0      -.4617768355834      -30.0047329                  0.0

 X0001C               -203967.8753349  407994.12591107      .79974466215113  .92342155552156                  0.0              0.0
                      353350.12750715      119.9952671      .46164471681439       29.9952671      188375.28519623   188375.2851962

            TERRA                 0.0              0.0      -.7997446621511  .92342155552156                  0.0
                                  0.0              0.0      -.4616447168144     -150.0047329                  0.0

 X0002A               408008.38088253  408008.38189786      -.6514790088E-4  .92345382139175                  0.0              0.0
                      -28.78421097503       -0.0040421      -.9234538190937      -90.0040421      188388.44971172   188388.4497117

            TERRA                 0.0              0.0      .65147900876E-4  .92345382139175                  0.0
                                  0.0              0.0      .92345381909372       89.9959579                  0.0

 X0002B               -204029.1182911  408008.38189231      -.7997018926026  .92345382137917                  0.0              0.0
                       -353331.230694     -120.0040421      .46178332926566      149.9959579      188388.44970659   188388.4497066

            TERRA                 0.0              0.0      .79970189260256  .92345382137917                  0.0
                                  0.0              0.0      -.4617833292657      -30.0040421                  0.0

 X0002C               -203979.2625953  408008.38189131      .79976704047459  .92345382137691                  0.0              0.0
                      353360.01489224      119.9959579      .46167048983679       29.9959579      188388.44970567   188388.4497057

            TERRA                 0.0              0.0      -.7997670404746  .92345382137691                  0.0
                                  0.0              0.0      -.4616704898368     -150.0040421                  0.0

 X0003A               281411.65712377  281411.65886903      -.5182566913E-3   4.653408756303                  0.0              0.0
                      -31.34121304661       -0.0063811      -4.653408727444      -90.0063811      654761.73875344   654761.7387534

            TERRA                 0.0              0.0      .51825669132E-3   4.653408756303                  0.0
                                  0.0              0.0      4.6534087274435       89.9936189                  0.0

 X0003B               -140732.9708407  281411.65886759      -4.029711043861  4.6534087562792      .5820766091E-10  .5820766091E-10
                      -243693.9733866     -120.0063811      2.3271531870513      149.9936189      654761.73874674   654761.7387467

            TERRA                 0.0              0.0      4.0297110438606  4.6534087562792                  0.0
                                  0.0              0.0      -2.327153187051      -30.0063811                  0.0

 X0003C               -140678.6862845  281411.65886397      4.0302293003182  4.6534087562193                  0.0              0.0
                      243725.31458555      119.9936189      2.3262555404158       29.9936189       654761.7387299   654761.7387299

            TERRA                 0.0              0.0      -4.030229300318  4.6534087562193                  0.0
                                  0.0              0.0      -2.326255540416     -150.0063811                  0.0

 X0004A               112563.50868259  112563.50953986      -.6753685371E-4  .54722370670185                  0.0              0.0
                      -13.89228058699       -0.0070713      -.5472237025342      -90.0070713      30798.710464886    30798.7104649

            TERRA                 0.0              0.0      .67536853714E-4  .54722370670185                  0.0
                                  0.0              0.0      .54722370253424       89.9929287                  0.0

 X0004B               -56293.78540574  112563.50953958      -.4738758595289  .54722370670048      .1818989404E-11  .1818989404E-11
                      -97475.91191961     -120.0070713       .2736703398813      149.9929287      30798.710464732    30798.7104647

            TERRA                 0.0              0.0      .47387585952892  .54722370670048                  0.0
                                  0.0              0.0      -.2736703398813      -30.0070713                  0.0

 X0004C               -56269.72327734   112563.5095377      .47394339635128  .54722370669135                  0.0              0.0
                      97489.804193749      119.9929287      .27355336265533       29.9929287      30798.710463704    30798.7104637

            TERRA                 0.0              0.0      -.4739433963513  .54722370669135                  0.0
                                  0.0              0.0      -.2735533626553     -150.0070713                  0.0

     Total network loss  P-loss  by summing injections =   6.378115878062E+05

Output for steady-state phasor switch currents.
      Node-K    Node-M            I-real            I-imag            I-magn          Degrees        Power            Reactive
      X0005A    390A          8.02825282E-01   -4.68289416E+00    4.75121312E+00     -80.2719    1.63860531E+05    9.55652746E+05
      X0005B    390B         -4.45691804E+00    1.64618014E+00    4.75121327E+00     159.7281    1.63860514E+05    9.55652780E+05
      X0005C    390C          3.65409293E+00    3.03671399E+00    4.75121321E+00      39.7281    1.63860472E+05    9.55652775E+05
      X0006A    9049A         8.64917253E-01   -1.90580275E+00    2.09288461E+00     -65.5899    4.86953262E+04    1.07257996E+05
      X0006B    9049B        -2.08293224E+00    2.03861111E-01    2.09288463E+00     174.4101    4.86953242E+04    1.07257998E+05
      X0006C    9049C         1.21801504E+00    1.70194165E+00    2.09288462E+00      54.4101    4.86953225E+04    1.07257998E+05
      XX0020    XX0021            Open              Open              Open             Open          Open              Open
      XX0022    XX0023            Open              Open              Open             Open          Open              Open
      XX0024    XX0025            Open              Open              Open             Open          Open              Open
      T_OPOA    X0007A        0.00000000E+00    0.00000000E+00    0.00000000E+00       0.0000    0.00000000E+00    0.00000000E+00
      T_OPOB    X0007B        0.00000000E+00    0.00000000E+00    0.00000000E+00       0.0000    0.00000000E+00    0.00000000E+00
      T_OPOC    X0007C        0.00000000E+00    0.00000000E+00    0.00000000E+00       0.0000    0.00000000E+00    0.00000000E+00
      X0015A                  0.00000000E+00    0.00000000E+00    0.00000000E+00       0.0000    0.00000000E+00    0.00000000E+00
      X0015B                  0.00000000E+00    0.00000000E+00    0.00000000E+00       0.0000    0.00000000E+00    0.00000000E+00
      X0015C                  0.00000000E+00    0.00000000E+00    0.00000000E+00       0.0000    0.00000000E+00    0.00000000E+00
      X0009A                  0.00000000E+00    0.00000000E+00    0.00000000E+00       0.0000    0.00000000E+00    0.00000000E+00
      X0009B                  0.00000000E+00    0.00000000E+00    0.00000000E+00       0.0000    0.00000000E+00    0.00000000E+00
      X0009C                  0.00000000E+00    0.00000000E+00    0.00000000E+00       0.0000    0.00000000E+00    0.00000000E+00
      X0008A                  0.00000000E+00    0.00000000E+00    0.00000000E+00       0.0000    0.00000000E+00    0.00000000E+00
      X0008B                  0.00000000E+00    0.00000000E+00    0.00000000E+00       0.0000    0.00000000E+00    0.00000000E+00
      X0008C                  0.00000000E+00    0.00000000E+00    0.00000000E+00       0.0000    0.00000000E+00    0.00000000E+00
      T_MANA    X0010A        0.00000000E+00    0.00000000E+00    0.00000000E+00       0.0000    0.00000000E+00    0.00000000E+00
      T_MANB    X0010B        0.00000000E+00    0.00000000E+00    0.00000000E+00       0.0000    0.00000000E+00    0.00000000E+00
      T_MANC    X0010C        0.00000000E+00    0.00000000E+00    0.00000000E+00       0.0000    0.00000000E+00    0.00000000E+00
      X0016A                  0.00000000E+00    0.00000000E+00    0.00000000E+00       0.0000    0.00000000E+00    0.00000000E+00
      X0016B                  0.00000000E+00    0.00000000E+00    0.00000000E+00       0.0000    0.00000000E+00    0.00000000E+00
      X0016C                  0.00000000E+00    0.00000000E+00    0.00000000E+00       0.0000    0.00000000E+00    0.00000000E+00
      X0012A                  0.00000000E+00    0.00000000E+00    0.00000000E+00       0.0000    0.00000000E+00    0.00000000E+00
      X0012B                  0.00000000E+00    0.00000000E+00    0.00000000E+00       0.0000    0.00000000E+00    0.00000000E+00
      X0012C                  0.00000000E+00    0.00000000E+00    0.00000000E+00       0.0000    0.00000000E+00    0.00000000E+00
      X0011A                  0.00000000E+00    0.00000000E+00    0.00000000E+00       0.0000    0.00000000E+00    0.00000000E+00
      X0011B                  0.00000000E+00    0.00000000E+00    0.00000000E+00       0.0000    0.00000000E+00    0.00000000E+00
      X0011C                  0.00000000E+00    0.00000000E+00    0.00000000E+00       0.0000    0.00000000E+00    0.00000000E+00
      9049A     MEASUA        4.95451047E-07   -2.56274291E-08    4.96113400E-07      -2.9610    2.78858002E-02    1.43850461E-03
      9049B     MEASUB        4.73645287E-07   -7.21746005E-07    8.63282777E-07     -56.7251    2.18446667E-02   -4.34009216E-02
      9049C     MEASUC       -1.53722567E-07    1.62383003E-07    2.23604265E-07     133.4306    1.22405866E-02   -2.92484339E-03

Solution at nodes with known voltage.   Nodes that are shorted together by switches are shown as a group of names, with the printed
result applying to the composite group.   The entry "MVA" is  SQRT( P**2 + Q**2 )  in units of power,  while  "P.F."  is the
associated power factor.
              Node                Source  node  voltage             Injected  source  current              Injected  source  power
              name         Rectangular            Polar          Rectangular            Polar            P  and  Q    MVA and P.F.

               X0011C
               TERRA
               X0011B
               X0011A
               X0012C
               X0012B
               X0012A
               X0016C
               X0016B
               X0016A
               X0008C
               X0008B
              X0015A              0.0              0.0      .68888766691E-6  .88069059276E-6                  0.0              0.0
                                  0.0              0.0      -.5486799637E-6      -38.5363517                  0.0              0.0

              X0014A        408248.29        408248.29       .8028252815966  4.7512131191039      163876.02419029  969837.31564987
                                  0.0              0.0      -4.682894155367      -80.2719053      955891.76558987        0.1689727

              X0014B      -204124.145        408248.29       -4.45691804403  4.7512132678127       163876.0072261  969837.34600492
                      -353553.3901916     -120.0000000      1.6461801435566      159.7280934      955891.79929608        0.1689727

              X0014C      -204124.145        408248.29      3.6540929262756  4.7512132094858      163875.96568022  969837.33409899
                      353553.39019156      120.0000000      3.0367139885302       39.7280910      955891.79433899        0.1689726

              X0013A       112676.528       112676.528      .86491725281149  2.0928846086592      48727.936527049  117909.48560418
                                  0.0              0.0      -1.905802752373      -65.5898584      107369.61859511        0.4132656

              X0013B       -56338.264       112676.528      -2.082932237002  2.0928846256943      48727.934545632  117909.48656391
                      -97580.73565823     -120.0000000      .20386111087265      174.4101404      107369.62054828        0.4132656

              X0013C       -56338.264       112676.528       1.218015040216  2.0928846186303      48727.932806097  117909.48616593
                      97580.735658229      120.0000000      1.7019416525566       54.4101395      107369.62090069        0.4132656

  ---- Initial flux of coil  "X0001A"  to  "      "  =  -8.93978024E-02
  ---- Initial flux of coil  "X0001B"  to  "      "  =  -9.37200926E+02
   Warning.  Preceding flux exceeds the 1st segment.  This means that the steady state solution is not really sinusoidal.
  ---- Initial flux of coil  "X0001C"  to  "      "  =  9.37290324E+02
   Warning.  Preceding flux exceeds the 1st segment.  This means that the steady state solution is not really sinusoidal.
  ---- Initial flux of coil  "X0002A"  to  "      "  =  -7.63524910E-02
  ---- Initial flux of coil  "X0002B"  to  "      "  =  -9.37240199E+02
   Warning.  Preceding flux exceeds the 1st segment.  This means that the steady state solution is not really sinusoidal.
  ---- Initial flux of coil  "X0002C"  to  "      "  =  9.37316551E+02
   Warning.  Preceding flux exceeds the 1st segment.  This means that the steady state solution is not really sinusoidal.
  ---- Initial flux of coil  "X0003A"  to  "      "  =  -8.31351496E-02
  ---- Initial flux of coil  "X0003B"  to  "      "  =  -6.46418341E+02
   Warning.  Preceding flux exceeds the 1st segment.  This means that the steady state solution is not really sinusoidal.
  ---- Initial flux of coil  "X0003C"  to  "      "  =  6.46501476E+02
   Warning.  Preceding flux exceeds the 1st segment.  This means that the steady state solution is not really sinusoidal.
  ---- Initial flux of coil  "X0004A"  to  "      "  =  -3.68504188E-02
  ---- Initial flux of coil  "X0004B"  to  "      "  =  -2.58562887E+02
   Warning.  Preceding flux exceeds the 1st segment.  This means that the steady state solution is not really sinusoidal.
  ---- Initial flux of coil  "X0004C"  to  "      "  =  2.58599737E+02
   Warning.  Preceding flux exceeds the 1st segment.  This means that the steady state solution is not really sinusoidal.

  +++  Node  "X0011B"  has no connected linear branches.  Add (to ground) the conductance  G = 1.00000000E-16  mhos.
  +++  Node  "X0011A"  has no connected linear branches.  Add (to ground) the conductance  G = 1.00000000E-16  mhos.
  +++  Node  "X0012C"  has no connected linear branches.  Add (to ground) the conductance  G = 1.00000000E-16  mhos.
  +++  Node  "X0012B"  has no connected linear branches.  Add (to ground) the conductance  G = 1.00000000E-16  mhos.
  +++  Node  "X0012A"  has no connected linear branches.  Add (to ground) the conductance  G = 1.00000000E-16  mhos.
  +++  Node  "X0016C"  has no connected linear branches.  Add (to ground) the conductance  G = 1.00000000E-16  mhos.
  +++  Node  "X0016B"  has no connected linear branches.  Add (to ground) the conductance  G = 1.00000000E-16  mhos.
  +++  Node  "X0016A"  has no connected linear branches.  Add (to ground) the conductance  G = 1.00000000E-16  mhos.
  +++  Node  "X0008C"  has no connected linear branches.  Add (to ground) the conductance  G = 1.00000000E-16  mhos.
  +++  Node  "X0008B"  has no connected linear branches.  Add (to ground) the conductance  G = 1.00000000E-16  mhos.
  +++  Node  "X0008A"  has no connected linear branches.  Add (to ground) the conductance  G = 1.00000000E-16  mhos.
  +++  Node  "X0009C"  has no connected linear branches.  Add (to ground) the conductance  G = 1.00000000E-16  mhos.
  +++  Node  "X0009B"  has no connected linear branches.  Add (to ground) the conductance  G = 1.00000000E-16  mhos.
  +++  Node  "X0009A"  has no connected linear branches.  Add (to ground) the conductance  G = 1.00000000E-16  mhos.
  +++  Node  "X0015C"  has no connected linear branches.  Add (to ground) the conductance  G = 1.00000000E-16  mhos.
  +++  Node  "X0015B"  has no connected linear branches.  Add (to ground) the conductance  G = 1.00000000E-16  mhos.
  +++  Node  "X0015A"  has no connected linear branches.  Add (to ground) the conductance  G = 1.00000000E-16  mhos.
  +++  Node  "X0011C"  has no connected linear branches.  Add (to ground) the conductance  G = 1.00000000E-16  mhos.
  +++  Node  "X0010C"  has no connected linear branches.  Add (to ground) the conductance  G = 1.00000000E-16  mhos.
  +++  Node  "X0010B"  has no connected linear branches.  Add (to ground) the conductance  G = 1.00000000E-16  mhos.
  +++  Node  "X0010A"  has no connected linear branches.  Add (to ground) the conductance  G = 1.00000000E-16  mhos.
  +++  Node  "X0007C"  has no connected linear branches.  Add (to ground) the conductance  G = 1.00000000E-16  mhos.
  +++  Node  "X0007B"  has no connected linear branches.  Add (to ground) the conductance  G = 1.00000000E-16  mhos.
  +++  Node  "X0007A"  has no connected linear branches.  Add (to ground) the conductance  G = 1.00000000E-16  mhos.

Card of names for time-step loop output.          |  9049A 9049B 9049C T_MANAT_MANBT_MANC1_2LTC1_2LTA1_2LTBT_OPOAT_OPOBT_OPOC
Output voltage differences for pairs of A6 names  |-5T_MANAT_MANCT_MANBT_MANAT_MANCT_MANB1_2LTC1_2LTB1_2LTA1_2LTC1_2LTB1_2LTA
Output voltage differences for pairs of A6 names  |-5T_OPOAT_OPOCT_OPOBT_OPOAT_OPOCT_OPOB
Blank card ending requests for output variables.  |BLANK OUTPUT

Column headings for the  42   EMTP output variables follow.  These are divided among the 5 possible classes as follows ....
  First  30     output variables are electric-network voltage differences (upper voltage minus lower voltage);
  Next   12     output variables are branch currents (flowing from the upper node to the lower node);
Branch power  consumption (power  flow, if a switch) is treated like a branch voltage for this grouping (9  variables);
Branch energy consumption (energy flow, if a switch) is treated like a branch current for this grouping (9  variables).
   Step      Time      XX0021     XX0023     XX0025     TERRA      TERRA      TERRA      TERRA      TERRA      TERRA      9049A
                       MEASUC     MEASUB     MEASUA     PRMANA     PRMANB     PRMANC     PROPOA     PROPOB     PROPOC

                       9049B      9049C      T_MANA     T_MANB     T_MANC     1_2LTC     1_2LTA     1_2LTB     T_OPOA     T_OPOB
 

                       T_OPOC     T_MANA     T_MANB     T_MANC     1_2LTC     1_2LTA     1_2LTB     T_OPOA     T_OPOB     T_OPOC
                                  T_MANC     T_MANA     T_MANB     1_2LTB     1_2LTC     1_2LTA     T_OPOC     T_OPOA     T_OPOB

                       XX0020     XX0022     XX0024     TERRA      TERRA      TERRA      TERRA      TERRA      TERRA      XX0021
                       XX0021     XX0023     XX0025     PRMANA     PRMANB     PRMANC     PROPOA     PROPOB     PROPOC     MEASUC

                       XX0023     XX0025
                       MEASUB     MEASUA
 ***      Phasor I(0) =  8.0282528E-01                     Switch  "X0005A"  to  "390A  "  closed in the steady-state.
 ***      Phasor I(0) = -4.4569180E+00                     Switch  "X0005B"  to  "390B  "  closed in the steady-state.
 ***      Phasor I(0) =  3.6540929E+00                     Switch  "X0005C"  to  "390C  "  closed in the steady-state.
 ***      Phasor I(0) =  8.6491725E-01                     Switch  "X0006A"  to  "9049A "  closed in the steady-state.
 ***      Phasor I(0) = -2.0829322E+00                     Switch  "X0006B"  to  "9049B "  closed in the steady-state.
 ***      Phasor I(0) =  1.2180150E+00                     Switch  "X0006C"  to  "9049C "  closed in the steady-state.
 ***      Phasor I(0) =  0.0000000E+00                     Switch  "T_OPOA"  to  "X0007A"  closed in the steady-state.
 ***      Phasor I(0) =  0.0000000E+00                     Switch  "T_OPOB"  to  "X0007B"  closed in the steady-state.
 ***      Phasor I(0) =  0.0000000E+00                     Switch  "T_OPOC"  to  "X0007C"  closed in the steady-state.
 ***      Phasor I(0) =  0.0000000E+00                     Switch  "X0015A"  to  "      "  closed in the steady-state.
 ***      Phasor I(0) =  0.0000000E+00                     Switch  "X0015B"  to  "      "  closed in the steady-state.
 ***      Phasor I(0) =  0.0000000E+00                     Switch  "X0015C"  to  "      "  closed in the steady-state.
 ***      Phasor I(0) =  0.0000000E+00                     Switch  "X0009A"  to  "      "  closed in the steady-state.
 ***      Phasor I(0) =  0.0000000E+00                     Switch  "X0009B"  to  "      "  closed in the steady-state.
 ***      Phasor I(0) =  0.0000000E+00                     Switch  "X0009C"  to  "      "  closed in the steady-state.
 ***      Phasor I(0) =  0.0000000E+00                     Switch  "X0008A"  to  "      "  closed in the steady-state.
 ***      Phasor I(0) =  0.0000000E+00                     Switch  "X0008B"  to  "      "  closed in the steady-state.
 ***      Phasor I(0) =  0.0000000E+00                     Switch  "X0008C"  to  "      "  closed in the steady-state.
 ***      Phasor I(0) =  0.0000000E+00                     Switch  "T_MANA"  to  "X0010A"  closed in the steady-state.
 ***      Phasor I(0) =  0.0000000E+00                     Switch  "T_MANB"  to  "X0010B"  closed in the steady-state.
 ***      Phasor I(0) =  0.0000000E+00                     Switch  "T_MANC"  to  "X0010C"  closed in the steady-state.
 ***      Phasor I(0) =  0.0000000E+00                     Switch  "X0016A"  to  "      "  closed in the steady-state.
 ***      Phasor I(0) =  0.0000000E+00                     Switch  "X0016B"  to  "      "  closed in the steady-state.
 ***      Phasor I(0) =  0.0000000E+00                     Switch  "X0016C"  to  "      "  closed in the steady-state.
 ***      Phasor I(0) =  0.0000000E+00                     Switch  "X0012A"  to  "      "  closed in the steady-state.
 ***      Phasor I(0) =  0.0000000E+00                     Switch  "X0012B"  to  "      "  closed in the steady-state.
 ***      Phasor I(0) =  0.0000000E+00                     Switch  "X0012C"  to  "      "  closed in the steady-state.
 ***      Phasor I(0) =  0.0000000E+00                     Switch  "X0011A"  to  "      "  closed in the steady-state.
 ***      Phasor I(0) =  0.0000000E+00                     Switch  "X0011B"  to  "      "  closed in the steady-state.
 ***      Phasor I(0) =  0.0000000E+00                     Switch  "X0011C"  to  "      "  closed in the steady-state.
 ***      Phasor I(0) =  4.9545105E-07                     Switch  "9049A "  to  "MEASUA"  closed in the steady-state.
 ***      Phasor I(0) =  4.7364529E-07                     Switch  "9049B "  to  "MEASUB"  closed in the steady-state.
 ***      Phasor I(0) = -1.5372257E-07                     Switch  "9049C "  to  "MEASUC"  closed in the steady-state.
      0       0.0   .5294E-19  .5294E-19 .21176E-18        0.0        0.0        0.0        0.0        0.0        0.0 112566.515
                   -56296.859 -56269.657        0.0        0.0        0.0        0.0        0.0        0.0        0.0        0.0
                          0.0        0.0        0.0        0.0        0.0        0.0        0.0        0.0        0.0        0.0
                          0.0        0.0        0.0        0.0        0.0        0.0        0.0        0.0        0.0        0.0
                          0.0        0.0
    500      .005         0.0        0.0        0.0        0.0        0.0        0.0        0.0        0.0        0.0  -34780.45
                   110078.858 -75281.267        0.0        0.0        0.0        0.0        0.0        0.0        0.0        0.0
                          0.0        0.0        0.0        0.0        0.0        0.0        0.0        0.0        0.0        0.0
                          0.0        0.0        0.0        0.0        0.0        0.0        0.0        0.0        0.0  .2647E-24
                    .2647E-24 .10588E-23
   1000       .01         0.0        0.0        0.0        0.0        0.0        0.0        0.0        0.0        0.0 -91114.547
                   -11785.329 102900.888        0.0        0.0        0.0        0.0        0.0        0.0        0.0        0.0
                          0.0        0.0        0.0        0.0        0.0        0.0        0.0        0.0        0.0        0.0
                          0.0        0.0        0.0        0.0        0.0        0.0        0.0        0.0        0.0  .2647E-24
                    .2647E-24 .10588E-23
   1500      .015         0.0        0.0        0.0        0.0        0.0        0.0        0.0        0.0        0.0 91092.1227
                   -102894.81 11803.8763        0.0        0.0        0.0        0.0        0.0        0.0        0.0        0.0
                          0.0        0.0        0.0        0.0        0.0        0.0        0.0        0.0        0.0        0.0
                          0.0        0.0        0.0        0.0        0.0        0.0        0.0        0.0        0.0  .2647E-24
                    .2647E-24 .10588E-23
   2000       .02         0.0        0.0        0.0        0.0        0.0        0.0        0.0        0.0        0.0 34817.0951
                   75332.3402 -110168.28        0.0        0.0        0.0        0.0        0.0        0.0        0.0        0.0
                          0.0        0.0        0.0        0.0        0.0        0.0        0.0        0.0        0.0        0.0
                          0.0        0.0        0.0        0.0        0.0        0.0        0.0        0.0        0.0  .2647E-24
                    .2647E-24 .10588E-23
   2500      .025         0.0        0.0        0.0        0.0        0.0        0.0        0.0        0.0        0.0 -112505.01
                   56315.0654 56283.9514        0.0        0.0        0.0        0.0        0.0        0.0        0.0        0.0
                          0.0        0.0        0.0        0.0        0.0        0.0        0.0        0.0        0.0        0.0
                          0.0        0.0        0.0        0.0        0.0        0.0        0.0        0.0        0.0  .2647E-24
                    .2647E-24 .10588E-23
 ***                                                             Close switch  "XX0024"  to  "XX0025"  after  2.67100000E-02  sec.
 ***                                                             Close switch  "XX0020"  to  "XX0021"  after  2.73600000E-02  sec.
 ***                                                             Close switch  "XX0022"  to  "XX0023"  after  2.78700000E-02  sec.
   3000       .03  .647466384 .031598809  25.814303 15.3650629 81.8975892 37.6893232 64.1661768 105.337821 189.313932 45672.6729
                   -105445.47 71532.1326 45672.9942 -105445.46 71532.1835 81991.7229  19330.374 -126186.13 93335.1854 -119587.14
                   136585.389 -25859.189 -151118.45  176977.64 208177.851 -62661.349  -145516.5 -43250.203 -212922.33 256172.528
                   25.4453607 5.62128182 160.668301 .065994044  .14156537 .342365981  1.2734985 125.163543  10185.273 .034666223
                   .019239439 .048826526
   3500      .035  .275940465 .216161507 1.84955092   58.74664 .070948119 113.805825 43.7972337 29.9060135 1518.78138 89306.5701
                   3103.54924 -124301.01 89306.6561 3103.57864 -124300.98 -142640.12 84184.6552 -29252.281 77110.8788 -63719.385
                   -154545.88 213607.638 -86203.078 -127404.56 -113387.84  226824.78 -113436.94  231656.76 -140830.26 -90826.496
                   16.6114559  14.702432 43.0064055 .399866978    .405723 .474862151 3.09085572 126.106315 10185.9968 .066260338
                   .037459416 .081641313
   4000       .04  1.13069879 .141473711 4.79838557 55.4412461 82.6498781 2.05143144 81.0921259  50.171653 14.7783339 -86757.716
                    105928.67 -16688.568 -86757.855 105928.646 -16688.635 -27786.337 -79276.656 105013.066 -104925.65 82531.8381
                   -44792.474  -70069.22 192686.501 -122617.28  -132799.4 -51490.319 184289.722 -60133.173 187457.485 -127324.31
                   -33.625865 -11.894272  -69.27038 .520476366 .701258412 .770269812 3.28430897 126.677972 10186.8156 .073138869
                   .052827548 .107555856
   4500      .045  .712098771 .003641233 7.39307032 9.47184485 36.7716823 103.627676 2.48722737  15.831915  446.00496 -35859.771
                   -70656.006 118612.374 -35859.943 -70656.002 118612.427 130390.987 -30898.609 -58206.508 -18375.961 -46361.666
                   140395.491 -154472.37 -34796.059  189268.43 188597.495  -161289.6 -27307.899 -158771.45 -27985.706 186757.157
                   26.6851789 1.90820161 -85.982965 .849930022 .829675331 1.01955485 3.85618651 126.833329 10187.3799 .086797337
                   .060140511 .114991359
   5000       .05  1.36084754 .047150779 1.00723284 89.2466793 24.8901419 21.3721968 93.3011105  9.3108594   8.243438 110074.848
                   -58130.746 -53866.343 110074.912  -58130.76 -53866.269 -43989.964 107449.064 -51719.746 112547.465 -35553.896
                    -33453.88 163941.181 -168205.67 4264.49087 7729.78159 151439.028 -159168.81 146001.346 -148101.36 2100.01549
                   36.8896671 -6.8666425 31.7369318 1.04919884 1.17979964 1.17431632 4.08978608  127.19234  10187.552 .091572643
                    .06337027 .126182062
   5500      .055   .90404988 .002815603 4.56843963  10.391079 86.6168552 43.7611627 16.8712131 77.0431995 64.5036574  -37559.88
                   108441.004 -77079.058 -37559.745 108441.001 -77079.118  -83192.02 -41810.833  106854.97 -47859.204  102272.64
                   -93580.311 39519.3733 146000.746 -185520.12 -190046.99 41381.1872 148665.804  45721.107 150131.844 -195852.95
                   -30.067422  -1.677976 67.5902332 1.24598073 1.33574402 1.52553221 4.28447321 127.358711 10187.9182 .096321577
                   .067580543 .130571171
   6000       .06  .365512219 .104737313 .505567028 58.6560693 1.13804348 77.3629356 64.9715222 3.56936771 59.3059728 -89237.742
                   -12430.038 102484.679 -89237.787 -12430.017 102484.641  96724.028 -89537.608 -16565.046 -93919.081 -22013.442
                   89730.7979 -191722.43 76807.7693 114914.658 113289.074 -186261.64 72972.5621 -183649.88 71905.6386  111744.24
                   -19.118374 10.2341249 -22.484818 1.57712299 1.58294525 1.65163963 4.62687442 127.611481 10188.0452 .100170108
                   .070650675  .13406325
   6500      .065  .809049755 .259441099 1.10435466  64.219046 78.9277882 1.19389659 76.2016963 76.8896176 2.79174767 93373.6953
                   -103515.92 12731.3286 93373.6288 -103515.95 12731.3855 15083.0489 97226.3085 -104925.57 101712.571 -102170.65
                    19468.406 80642.2433 -196889.58 116247.337 120008.621 82143.2596 -202151.88  82244.165 -203883.22 121639.058
                   28.4437999 -16.107175 -33.231832 1.69285052 1.87676929 1.94582916 4.74186815 127.910025 10188.3471 .102594156
                   .072719196 .138168086
   7000       .07  .007457712 .037227737 .604119628 8.74363735 42.1974517   89.44982 11.2375125 47.3670851 80.7364102 34453.8502
                   75689.4754 -110200.11 34453.8994 75689.4632 -110200.12 -107744.92 36334.6356 77986.0495 39059.5654 80191.9257
                   -104695.26 144654.014 41235.5638 -185889.58 -185730.97 144079.557 41651.4139 143754.828 41132.3603 -184887.19
                   -2.7308811 -6.1014537 24.5788451  2.0237641 2.00364677 2.19270581 5.07962006 128.040226 10188.5958 .104931163
                    .07662895 .139807891
   7500      .075  .535824165 .997733945 .012105756  95.471873 24.0795844 22.9172812 105.319628 23.9203453 20.9318714 -113849.22
                   57176.3366 55779.4489 -113849.21 57176.3998 55779.4027 55010.7951 -116552.88 58532.4554 -119576.81 56987.0315
                   53308.4851 -169628.62 171025.613 -1396.9972 -3521.6603 -171563.68 175085.336  -172885.3 176563.843 -3678.5464
                   -23.147876 31.5869268 3.47933267 2.22170077 2.35380413 2.34833924 5.27886668  128.39359 10188.7553  .10799452
                    .07785267 .142716611
   8000       .08  .446795641 .004781076 .705766978 8.69899152 89.3004077 42.0349862 7.17269228  93.595673 40.1963941 34365.8775
                   -110108.04 75543.5734 34365.8244 -110108.04 75543.6156 74731.4581  32413.068 -111476.75 31205.6629 -112724.99
                   73873.0211 -41177.791 -144473.86 185651.656 186208.208  -42318.39 -143889.82 -42667.358 -143930.65 186598.009
                    21.137541 -2.1865672 -26.566275 2.41998434 2.50940235  2.6987197   5.480742 128.551527 10189.1089 .109217653
                   .081163066 .145319284
   8500      .085  .085334132  1.1881215 .342135365 61.9665459 .962447906 77.9942814 65.4787063  1.0163278 75.9413407 91721.4225
                   11430.9822 -102901.99 91721.4595 11430.9132 -102901.97 -102668.38 92898.9001 10852.0311 94284.9462 11746.5198
                   -101538.66  194623.43 -80290.546 -114332.88 -113520.41  195567.28 -82046.869  195823.61 -82538.426 -113285.18
                   9.23764755 -34.469138 18.4969015 2.75038877 2.75618435 2.82527696 5.81443614 128.800353 10189.2376 .112498421
                    .08329236 .146799616
   9000       .09   .90593386  .22847367 .341459759 60.8536314 78.0578217 1.04378328 58.3496839  80.421751 .950691471 -90894.109
                   102943.848 -11904.065 -90894.072 102943.878 -11904.125  -11614.48  -89632.11 103937.079 -89004.418 104491.046
                   -11360.884 -78989.947 193837.951   -114848. -115551.56  -78017.63 193569.188 -77643.535 193495.464 -115851.93
                   -30.098735 15.1153455 18.4786298 2.86657604 3.05008939 3.11910916 5.93203211 129.097608 10189.5345 .114201046
                   .085069642 .150190497
   9500      .095  .071804332 .613674217 .869904143 8.96207587 41.8855989 89.5749445 9.43064674 42.6273232 88.7453125 -34881.559
                   -75409.309 110277.146 -34881.618  -75409.26 110277.163 110381.451 -35205.178 -75507.245 -35781.871 -76074.016
                   109765.289 -145158.78 -40527.642 185686.423 185888.696 -145586.63 -40302.067 -145547.16 -40292.145 185839.305
                   8.47374363 24.7724487 -29.494137  3.1971022 3.17644012 3.36613252 6.26649123 129.224856 10189.7841 .116353102
                   .088345976 .151583495
  10000       0.1  .713072984 .710363123 .001962053  93.480571 23.4669002 23.3687303 92.5596283  24.279736 23.8303954 112655.656
                   -56444.258 -56326.178 112655.653 -56444.311 -56326.124 -56708.425 112318.028 -57159.695 112099.355 -57413.536
                   -56879.784 168981.778 -169099.96 118.186423 451.270242 169026.453 -169477.72 168979.139 -169512.89  533.75191
                   26.7034264 -26.652638 -1.4007332 3.39501466   3.526984 3.52151608  6.4659422 129.579635  10189.941 .119352461
                   .089495753  .15419249
  10500      .105  .551126064 .052480453 .824907546 8.99696347 89.8163633 41.9289262 8.97411152  91.142787 42.0273747 -34949.503
                   110425.685 -75448.205 -34949.446 110425.671 -75448.252 -75681.701 -35128.716   110850.5 -34905.032 111238.075
                   -75536.776 40498.8064 145375.116 -185873.92  -186532.2 40552.9849 145979.216 40631.7435 146143.107 -186774.85
                   -23.476074 -7.2443394 28.7212038 3.59320774 3.68228832 3.87199678 6.66690925 129.736032 10190.2954  .12050927
                   .092505939 .156801728
  11000       .11  .163385803 .882289577  .27217848 61.3648366 1.01270779 78.2730314 61.4853735 .936073309 79.2903848 -91275.022
                   -11725.641 103085.717 -91275.055 -11725.581 103085.692 103603.748 -91314.956 -11339.709 -91364.655 -11273.201
                   103753.457 -194360.75 79549.4736 114811.273 114943.457  -194918.7 79975.2463 -195118.11 80091.4545 115026.658
                   -12.782246 29.7033597 -16.497833 3.92355475 3.92943736 3.99838582 7.00033981 129.986511 10190.4227 .123781612
                   .094624704 .158135021
  11500      .115  .925491246 .144560387 .304069629 61.5362365 78.3818915 1.02269943  62.175407 79.6894197 1.03593787 91402.4725
                   -103157.33 11783.2225 91402.4376 -103157.35 11783.2833 11956.3128 91826.5428 -103695.82 91875.9052  -104014.2
                    11859.303 79619.1543 -194559.79 114940.635 115652.137   79870.23 -195522.37 80016.6022 -195890.11 115873.506
                   30.4218876 -12.023327 -17.437592 4.03983715 4.22320699 4.29233469 7.11801969 130.282992 10190.7203 .125465005
                   .096312757 .161512733
  12000       .12  .034156059 .486562066 .770515073 8.97274782 41.8889164 89.7845962 9.11465698 41.8936733 90.9857625 34902.3246
                   75412.2901 -110406.13 34902.3801  75412.246 -110406.14 -111007.21 35103.2008  75387.169 35177.2979 75416.5278
                   -111142.21 145308.521  40509.866 -185818.39 -186394.38 146110.411 40283.9683 146319.509 40239.2298 -186558.74
                   -5.8443186 -22.058152 27.7581533 4.37030261 4.34972997 4.53925774 7.45217274 130.411169 10190.9693  .12759031
                   .099587889 .162836971
  12500      .125  .689262796  .68845484 .270057E-3 93.9062748 23.4957414 23.4354195 95.1425538 23.9708423  23.622524 -112911.87
                   56478.9333  56406.491 -112911.87 56478.9857 56406.4384 56511.8228 -113524.92 56836.9921 -113652.69  57047.151
                   56631.1605 -169318.31 169390.861 -72.547297 -325.16934 -170036.74 170361.909 -170283.85  170699.84 -415.99048
                   -26.253815  26.238423 -.51967058 4.56830762 4.70019934 4.69474862 7.65188861 130.765476 10191.1269   .1305933
                   .100730977 .165434548
  13000       .13  .487728846 .040063383 .806396353 8.91860295 89.7078765 42.0546068 8.88487572 90.1971328 42.8615148 34796.9706
                   -110358.97 75561.2001 34796.9138 -110358.96 75561.2443 76075.7824 34787.1596 -110593.07 34731.0562 -110659.49
                   76282.7025  -40764.33 -145155.87 185920.205 186668.857 -41288.623 -145380.23 -41551.646 -145390.55 186942.196
                   22.0845839 6.32956423 -28.397119 4.76643037 4.85554222 5.04518047 7.85249366 130.922181 10191.4809 .131728061
                   .103737781  .16802263
  13500      .135  .151469924 .899380766 .323074907 61.4718722 1.02117465 78.3051649 62.2384914 1.01176796  78.978527 91354.5876
                    11774.556 -103106.87 91354.6236  11774.496 -103106.85 -103424.37  91788.646 11725.6798 91922.5029 11720.1393
                   -103549.22 194461.473 -79580.128 -114881.35 -115150.05  195213.02 -80062.966 195471.722 -80202.364 -115269.36
                   12.3073118 -29.989678 17.9742846 5.09681923 5.10265982 5.17162462 8.18611417 131.172391 10191.6085 .135010955
                   .105865671 .169357728
  14000       .14  .890717232 .144482604   .3210077 61.4005352 78.3094477 1.03248766 61.8561722 79.1843504 1.09666208 -91301.636
                   103109.645 -11839.478 -91301.601 103109.669 -11839.538 -12137.953 -91558.189 103530.134 -91639.737 103684.059
                   -12201.936 -79462.063  194411.27 -114949.21 -115668.09 -79420.236 195088.324 -79437.801 195323.796 -115885.99
                   -29.844886 12.0200916 17.9166878 5.21304232 5.39642811 5.46555149 8.30350162 131.468941 10191.9061  .13668468
                   .107546976 .172733334
  14500      .145  .036928009  .49629681 .808737012 8.96784625 41.9685041 89.7671158 9.16986433 42.3387065 90.7177661 -34892.789
                   -75483.897  110395.38 -34892.846 -75483.852 110395.393 110855.988 -35212.191  -75727.72 -35283.671 -75816.041
                   110978.407 -145288.24 -40591.007 185879.245 186583.708 -146068.18 -40515.529 -146262.08  -40532.37 186794.448
                     6.076842   22.27772 -28.438302 5.54353088 5.52294724 5.71248774 8.63779917 131.597016 10192.1551 .138817614
                   .110825782 .174061565
  15000       .15  .677788336  .67556439 .365975E-5  93.848423 23.4832754 23.4236589  94.992759 23.8821697 23.5346317 112877.089
                   -56463.949 -56392.335 112877.089 -56464.001 -56392.283 -56466.806 113422.977 -56789.509 113563.185 -56941.539
                   -56525.709 169269.373 -169341.09 71.7176304 322.702788 169889.783 -170212.49 170088.893 -170504.72 415.830568
                   26.0343684 -25.991622 -.06049588 5.74150597 5.87341624 5.86797279 8.83736155 131.951345 10192.3127 .141817598
                    .11196265 .176658267
  15500      .155  .489041063 .040461257 .812541776 8.93107351 89.7978082 42.0401847 8.89163735 90.6361888 42.7421852  -34821.29
                   110414.276 -75548.243 -34821.233 110414.264 -75548.287 -75975.853 -34782.418 110823.024 -34744.269 110928.497
                    -76176.44 40727.0538 145235.497 -185962.55 -186798.88 41193.4346 145605.442 41432.1708 145672.767 -187104.94
                   -22.114273 -6.3609164 28.5051184 5.93964964 6.02876268 6.21840228 9.03809022 132.108031 10192.6667 .142955403
                   .114968435 .179247913
  16000       .16  .148774734 .888060334 .310058002 61.4757491 1.02027127 78.3136261 62.2592488 1.00994486 78.9875208 -91357.469
                   -11769.346 103112.444 -91357.504 -11769.287  103112.42 103442.907 -91789.791 -11706.228  -91937.83 -11709.575
                   103555.115 -194469.92 79588.2177 114881.707 115149.134  -195232.7 80083.5638 -195492.95  80228.255  115264.69
                   -12.197325 29.8003412 -17.608464 6.27002799 6.27588207 6.34484884 9.37165133 132.358249 10192.7944  .14623709
                   .117094091 .180580399
  16500      .165  .887811297 .145869772 .316651941 61.4146903 78.3554914  1.0316091 61.8600996 79.3950671 1.08735385 91312.1598
                   -103139.95 11834.4399 91312.1242 -103139.98 11834.4995 12088.6075  91550.666  -103651.9  91642.646 -103821.92
                   12150.0415 79477.6247  -194452.1 114974.477 115740.504 79462.0585 -195202.56 79492.6045 -195464.57 115971.965
                   29.7961625 -12.077656 -17.794717 6.38626632 6.56965127  6.6387721 9.48911887 132.654799 10193.0919 .147911336
                   .118774231 .183956959
  17000       .17  .037849728 .493465299 .800992276  8.9744375 41.9569604 89.7813528 9.19107333 42.2952924 90.7839159 34905.6096
                   75473.5151 -110404.13 34905.6662 75473.4706 -110404.15 -110888.84 35242.6378 75694.3435 35324.4516 75777.1607
                   -111018.86 145309.813 40567.8044 -185877.62 -186583.19 146131.479 40451.7057 146343.313 40452.7091 -186796.02
                   -6.1522133 -22.214079 28.3018069   6.716749 6.69617039 6.88571101 9.82338811  132.78287 10193.3409 .150043258
                   .122053732 .185283123
  17500      .175  .674913404 .678007487 .582809E-5 93.8449674 23.4917727 23.4243176 94.9544163 23.9265619 23.5487348 -112875.01
                   56474.1635 56393.1282 -112875.01 56474.2156 56393.0763 56486.2513 -113398.53 56838.0794 -113540.26 56994.4361
                   56542.6426 -169268.09 169349.227  -81.13932 -351.82811 -169884.78  170236.61 -170082.91 170534.699 -451.79351
                   -25.979096 26.0385769 -.07634191 6.91473132 7.04663843 7.04119454 10.0229841 133.137203 10193.4985 .153043505
                   .123190284 .187881377
  18000       .18  .491616166 .040584216  .81187389 8.92644473 89.7886988 42.0485834 8.87860355 90.5874099 42.7798157 34812.2652
                   -110408.68 75555.7885 34812.2082 -110408.66 75555.8328 76001.9667 34761.6926 -110801.41 34718.7951 -110898.64
                   76209.9659 -40743.625 -145220.87 185964.496 186803.376 -41240.274  -145563.1 -41491.171 -145617.44 187108.609
                    22.172419 6.37057421 -28.493401 7.11286958 7.20198394 7.39162418 10.2236929  133.29388 10193.8525 .154180481
                    .12619705 .190470029
  18500      .185     .148118 .888985366 .312579356 61.4666827 1.02010193 78.3099981 62.2193224 1.00783002 78.9924055 91350.7321
                   11768.3696 -103110.06 91350.7675 11768.3099 -103110.03 -103447.61 91761.9434 11692.9578 91908.3461 11697.3089
                   -103558.32 194460.799 -79582.458 -114878.34 -115140.57 195209.555 -80068.986 195466.663 -80211.037 -115255.63
                   12.1703739 -29.815858 17.6799139  7.4432504 7.44910349 7.51807049 10.5572627 133.544106 10193.9801 .157462754
                   .128322662 .191803997
  19000       .19  .890067618 .145132935 .317655674 61.4102817  78.352219 1.03218097 61.8545033 79.3789906 1.09079161 -91308.882
                     103137.8  -11837.72 -91308.847 103137.824 -11837.779 -12102.504 -91546.052 103643.467 -91638.501 103811.412
                   -12169.233 -79471.067  194446.67  -114975.6 -115745.97 -79443.548 195189.518 -79469.268 195449.913 -115980.65
                   -29.834001 12.0471132 17.8228975  7.5594854 7.74287179 7.81199279 10.6747191  133.84065 10194.2776 .159136569
                   .130003101 .195179878
  19500      .195  .037977581 .492887504 .801943038 8.97184352 41.9586651 89.7796796 9.17947236  42.295442 90.7784907 -34900.565
                   -75475.048 110403.105 -34900.621 -75475.004 110403.118   110889.3 -35222.666 -75692.576 -35302.151 -75777.295
                   111015.544 -145303.74 -40574.383 185878.122 186581.877 -146111.97  -40469.91  -146317.7 -40475.143 186792.839
                   6.16259532 22.2010699 -28.318599 7.88996939 7.86939226 8.05893205 11.0089908  133.96873 10194.5267  .16126899
                   .133282599 .196506851
  20000       0.2  .676126438 .677032737 .249711E-5 93.8459838  23.492602 23.4227896 94.9645111 23.9260359 23.5405039 112875.622
                    -56475.16 -56391.289 112875.622 -56475.212 -56391.237 -56478.503 113403.097 -56837.961 113546.298  -56993.81
                    -56532.76 169266.859 -169350.83 83.9754514  359.45843   169881.6 -170241.06 170079.059 -170540.11 461.049485
                   26.0024314 -26.019853 .049971104 8.08795032 8.21985959 8.21441471 11.2085833 134.323058 10194.6842  .16426899
                   .134419013 .199104455
  20500      .205  .491672655 .040348974 .811775298 8.92768281 89.7890185 42.0473185 8.88427034 90.5908881 42.7793842 -34814.679
                   110408.872 -75554.652 -34814.622  110408.86 -75554.696  -76002.14 -34771.386 110800.694 -34729.873 110900.772
                   -76209.582 40740.0741 145223.482 -185963.56 -186802.83 41230.7544  145572.08 41479.7085 145630.645 -187110.35
                   -22.173693 -6.3520842 28.4916707 8.28608973 8.37520616 8.56484489 11.4092936 134.479742 10195.0383 .165406221
                   .137425875 .201693411
  21000       .21  .148214093 .888331783 .312378399 61.4691501 1.01980898 78.3107654 62.2282305  1.0074336 78.9829747 -91352.566
                    -11766.68 103110.561 -91352.601  -11766.62 103110.537  103444.18 -91768.362 -11690.925 -91914.925 -11695.008
                   103552.135 -194463.14 79585.9809 114877.157 115135.105 -195212.54 80077.4368 -195467.06 80219.9171 115247.143
                   -12.174321 29.8048953  -17.67423 8.61647022 8.62232504 8.69129097  11.742863 134.729964 10195.1659 .168688407
                   .139551311 .203026953
  21500      .215  .890047803 .145510182 .317407554 61.4115462 78.3532512 1.03226605 61.8576302 79.3761769 1.09112069 91309.8224
                   -103138.48 11838.2074 91309.7868  -103138.5 11838.2671 12104.4629 91548.6714 -103642.99 91640.8168 -103809.57
                   12171.0686 79471.5197 -194448.29  114976.77 115747.454 79444.2085 -195191.66 79469.7483 -195450.39 115980.641
                    29.833669  -12.06276 -17.815935 8.73270569 8.91609387  8.9852134   11.86032  135.02651 10195.4634 .170362227
                   .141231884 .206402983
  22000       .22  .037969268 .492866275 .802275365 8.97224236 41.9571122 89.7789531 9.18200453 42.2937517 90.7776245 34901.3403
                   75473.6516 -110402.66  34901.397 75473.6072 -110402.67 -110887.66 35227.1626 75691.3576   35307.02 75775.7805
                   -111015.01 145304.068 40572.2102 -185876.28 -186579.02 146114.821  40464.195 146322.034 40468.7605 -186790.79
                   -6.1619208 -22.200592 28.3244658 9.06318948 9.04261379  9.2321527 12.1945913 135.154588 10195.7125 .172494692
                   .144511314  .20772977
  22500      .225  .675906106 .677293281 .335206E-5 93.8456723 23.4922835  23.422851 94.9641617 23.9244373 23.5394192 -112875.44
                   56474.7775 56391.3628 -112875.44 56474.8295 56391.3108 56478.1027 -113402.47 56836.9614 -113546.09 56991.9056
                   56531.4577 -169266.75 169350.265 -83.518687 -358.85876 -169880.58 170239.435 -170077.55 170537.995 -460.44791
                   -25.998194 26.0248589 -.05789697 9.26117069 9.39308123  9.3876354 12.3941839 135.508917   10195.87 .175494674
                   .145647828 .210327513
  23000       .23  .491701246 .040353763 .811927173 8.92758282 89.7892539 42.0478698 8.88307915  90.588614 42.7778369 34814.4844
                   -110409.02 75555.1473 34814.4274   -110409. 75555.1917 76001.3089 34769.4372 -110801.29 34727.5446 -110899.38
                   76208.2033 -40740.764 -145223.43 185964.196 186802.601 -41231.872 -145570.73 -41480.659 -145626.93 187107.584
                   22.1743376 6.35246117 -28.494336 9.45930974 9.54842768 9.73806553 12.5948938 135.665599 10196.2241 .176631925
                   .148654647  .21291641
  23500      .235  .148277827 .888625435 .312335174 61.4683355 1.01991407 78.3088727 62.2287609  1.0076536 78.9839129 91351.9603
                   11767.2859 -103109.31 91351.9956 11767.2263 -103109.29 -103443.71 91766.9001 11691.4845 91915.3169  11696.285
                   -103552.75 194461.286 -79584.769 -114876.52 -115135.19 195210.606 -80075.416 195468.067 -80219.032 -115249.03
                   12.1769383 -29.809821  17.673007 9.78969025 9.79554655 9.86451152 12.9284632 135.915822 10196.3517 .179914089
                   .150780126 .214250027
  24000       .24  .890041996 .145472028 .317508575 61.4110569 78.3522372 1.03217699 61.8576992  79.378734  1.0908226 -91309.459
                   103137.811 -11837.697 -91309.423 103137.836 -11837.756 -12102.944 -91548.267 103643.032 -91640.868 103811.244
                   -12169.406 -79471.667 194447.259 -114975.59 -115745.98 -79445.322 195191.299 -79471.462 195452.112 -115980.65
                   -29.833572 12.0611785 17.8187703 9.90592565 10.0893153 10.1584341   13.04592 136.212368 10196.6492 .181587959
                   .152460666 .217626041
  24500      .245  .037972871 .492854888 .802000191 8.97229749 41.9578272 89.7790732 9.18196411 42.2941928 90.7736448 -34901.448
                   -75474.295 110402.733 -34901.504  -75474.25 110402.745 110887.272 -35226.069 -75691.292 -35306.942 -75776.176
                   111012.581 -145304.25 -40572.746 185876.995 186578.564 -146113.34 -40465.223 -146319.52 -40469.233 186788.756
                   6.16221322 22.2003353 -28.319608 10.2364095 10.2158353 10.4053733 13.3801916 136.340445 10196.8983  .18372039
                   .155740099 .218952859
  25000       .25   .67611465 .677441489 .271974E-5 93.8456485 23.4924663 23.4226164 94.9636482 23.9254614 23.5397433 112875.421
                   -56474.997  -56391.08 112875.421 -56475.049 -56391.028 -56477.669 113402.799 -56837.303 113545.783 -56993.125
                   -56531.847 169266.449 -169350.47 84.0208436 359.633878 169880.468  -170240.1 170077.629 -170538.91 461.278545
                   26.0022047 -26.027706 .052151114 10.4343905 10.5663028  10.560856 13.5797842 136.694775 10197.0558 .186720358
                   .156876586 .221550573
  25500      .255  .491745588 .040362384 .811957693 8.92749667 89.7884853 42.0470485 8.88313389 90.5904781 42.7773608 -34814.316
                   110408.545  -75554.41 -34814.259 110408.532 -75554.454 -76000.899 -34769.831 110800.265 -34727.652 110900.522
                   -76207.779 40740.1945 145222.791 -185962.99 -186801.16 41231.0677 145570.097 41480.1276 145628.173  -187108.3
                   -22.175337 -6.3531397 28.4948713 10.6325298 10.7216492 10.9112862 13.7804943 136.851457 10197.4099 .187857639
                   .159883424  .22413948
  26000       .26  .148221619 .888521125  .31236525 61.4687281 1.01983396 78.3104339 62.2267923   1.007528 78.9816543 -91352.252
                   -11766.824 103110.343 -91352.287 -11766.764 103110.318 103443.472 -91767.549 -11691.385 -91913.863 -11695.556
                   103551.269 -194462.61 79585.5232 114877.082 115134.857 -195211.02 80076.1638 -195465.13  80218.307 115246.825
                    -12.17463 29.8080715 -17.673858 10.9629103 10.9687681 11.0377322 14.1140637 137.101679 10197.5375 .191139784
                   .162008884 .225473091
  26500      .265  .890144018 .145490555 .317492035 61.4115067  78.353171 1.03223538 61.8567907 79.3766905 1.09091189  91309.793
                   -103138.43 11838.0316 91309.7574 -103138.45 11838.0912 12103.6536 91548.2842 -103643.13 91640.1949 -103809.91
                   12169.9039 79471.6661 -194448.21 114976.541 115746.781 79444.6306 -195191.41  79470.291  -195450.1 115979.812
                   29.8352814 -12.061947 -17.818306 11.0791457 11.2625369 11.3316547 14.2315206 137.398225  10197.835 .192813639
                   .163689442 .228849097
  27000       .27  .037963508 .492900103 .802195947 8.97214751 41.9571637 89.7787278 9.18165046 42.2939335  90.776752 34901.1559
                   75473.6979 -110402.52 34901.2125 75473.6535 -110402.53 -110887.24 35226.6294 75691.4813 35306.3393 75775.9433
                   -111014.48 145303.745  40572.441 -185876.19 -186578.72  146113.87 40464.8519  146320.82 40469.6041 -186790.42
                   -6.1614534 -22.201354 28.3230639 11.4096296 11.3890568  11.578594 14.5657921 137.526303 10198.0841 .194946083
                   .166968876 .230175911
  27500      .275  .675957848 .677287419 .324588E-5 93.8458031 23.4923253 23.4229465 94.9641651 23.9248227 23.5400046 -112875.51
                   56474.8278 56391.4779 -112875.51 56474.8799 56391.4259 56478.5958 -113402.53 56837.2606 -113546.09 56992.3647
                   56532.1607 -169266.94 169350.394  -83.45399 -358.66474 -169881.13 170239.792 -170078.25 170538.456 -460.20401
                   -25.999189 26.0247463 -.05697262 11.6076108 11.7395243 11.7340767 14.7653847 137.880632 10198.2416 .197946076
                   .168105379 .232773635
  28000       .28  .491687086  .04035329 .811857176 8.92761074 89.7892096 42.0477954 8.88319451 90.5884225 42.7775739 34814.5388
                   -110408.99 75555.0805 34814.4818 -110408.98 75555.1249 76001.1272  34769.618 -110801.19 34727.7702 -110899.26
                    76207.969 -40740.643 -145223.46 185964.102 186802.317 -41231.509 -145570.81 -41480.199 -145627.03 187107.232
                   22.1740183 6.35242389 -28.493108 11.8057499 11.8948707 12.0845068 14.9660948 138.037315 10198.5957 .199083319
                   .171112205 .235362539
  28500      .285  .148289459 .888643289 .312334766 61.4684218 1.01990497 78.3089642 62.2288813 1.00759614 78.9844634 91352.0244
                   11767.2334 -103109.38 91352.0597 11767.1738 -103109.35 -103443.96  91766.998 11691.2511 91915.4059 11695.9515
                   -103553.11 194461.411 -79584.886 -114876.52 -115135.21 195210.958 -80075.747 195468.516 -80219.454 -115249.06
                    12.177416 -29.810121 17.6729954 12.1361304 12.1419896 12.2109528 15.2996641 138.287537 10198.7233  .20236548
                   .173237677 .236696146
  29000       .29   .89003603  .14547462 .317485302 61.4110432 78.3521597 1.03217292 61.8576867 79.3784186 1.09081024 -91309.448
                    103137.76 -11837.673 -91309.413 103137.785 -11837.733 -12102.891 -91548.262 103642.863 -91640.859 103811.038
                   -12169.337  -79471.68 194447.197 -114975.52 -115745.75 -79445.371 195191.125 -79471.522 195451.897 -115980.37
                   -29.833472  12.061286 17.8181172 12.2523658 12.4357584 12.5048753 15.4171211 138.584083 10199.0208 .204039351
                   .174918227 .240072163
  29500      .295  .037970349 .492870697 .802015894 8.97230873 41.9577978 89.7791063 9.18197058 42.2940059 90.7738805 -34901.469
                   -75474.268 110402.753 -34901.526 -75474.224 110402.765 110887.371 -35226.091 -75691.173 -35306.955 -75776.008
                   111012.725 -145304.29 -40572.698 185876.989 186578.544 -146113.46 -40465.082 -146319.68 -40469.053 186788.733
                   6.16200846 22.2006913 -28.319885 12.5828496 12.5622784 12.7518146 15.7513926 138.712161 10199.2698 .206171778
                   .178197653 .241398979
  % % % % % %   Final time step,  PLTFIL  dumps plot data to ".PL4" disk file.
  Done dumping plot points to C-like disk file.
  30000       0.3  .676117046 .677441798 .273964E-5 93.8456123 23.4924313 23.4226223 94.9635505 23.9253185 23.5397507 112875.399
                   -56474.955 -56391.088 112875.399 -56475.007 -56391.036 -56477.676 113402.755 -56837.164 113545.724 -56992.955
                   -56531.856 169266.435 -169350.41 83.9716105 359.488444 169880.431 -170239.92  170077.58 -170538.68 461.099481
                   26.0022508 -26.027712 .052341521 12.7808306 12.9127459 12.9072972 15.9509851  139.06649 10199.4274 .209171747
                   .179334148 .243996694

Extrema of output variables follow.   Order and column positioning are the same as for the preceding time-step loop output.
Variable maxima :  67.6796634 37.0864365 44.0802599 119.654704  547.47107 1380.44566 4129.59437 .2423736E7 .4142095E8 127455.132
                   123461.637 152851.953 127455.095 123461.668 152851.981 229324.599 154725.343 136543.199  170948.47 152630.474
                   211848.796 219918.321  209273.14  239141.79 248144.535 234930.222 224540.853 264600.009 235041.229 279313.429
                   150.550709 192.578391 171.528384 12.7808306 12.9127459 12.9072972 15.9509851  139.06649 10199.4274 .209171747
                   .179334148 .243996694
Times of maxima :      .02779     .02841     .03068     .03374       .031      .0281     .02758     .02872     .02822     .03374
                       .03886      .0281     .03374     .03886      .0281     .02797     .03256     .03894      .0327     .03731
                       .02822     .03506     .03971     .02855     .02847     .03493     .03963     .03483     .03949      .0283
                       .03189     .02841     .03003        0.3        0.3        0.3        0.3        0.3        0.3        0.3
                          0.3        0.3
Variable minima :         0.0        0.0        0.0        0.0        0.0        0.0        0.0        0.0        0.0 -117568.36
                   -141848.26 -127390.28 -117568.43 -141848.23 -127390.35   -154386. -170409.28 -150634.87 -176205.29 -191204.63
                   -172705.18 -207659.76 -216799.53 -212287.46 -221280.31 -234963.42 -260505.35 -237623.45   -261449. -239989.81
                   -260.15315 -154.92832 -209.95299        0.0        0.0        0.0        0.0        0.0        0.0        0.0
                          0.0        0.0
Times of minima :       .1E-4      .1E-4      .1E-4        0.0        0.0        0.0        0.0        0.0        0.0     .04115
                         .031     .03505     .04115       .031     .03505     .03513     .02743     .02895     .02758     .02872
                       .03483     .04326     .03102     .03755     .03717     .02796     .03111     .04346     .03124     .03732
                       .02779     .03413     .03068        0.0        0.0        0.0        0.0        0.0        0.0        0.0
                          0.0        0.0

Blank card terminating all plot cards.            |BLANK PLOT

Memory storage figures for the preceding, now-completed data case.  -------------------------------  Present   Program
A value of  "-9999"  indicates that no figure is available.         03-Sep-26  15.39.49              figure     limit  (name)
     Size List 1.   Number of electric network nodes.                                                  118      100K  (LBUS)
     Size List 2.   Number of electric network branches.                                               141      120K  (LBRNCH)
     Size List 3.   Number of data values in R, L, C tables.                                           130      500K  (LDATA)
     Size List 4.   Number of electric network sources.                                                  6     20000  (LEXCT)
     Size List 5.   Storage for [Y] & triangularized [Y].  No. times = 1351   Factors = 594           1011     2000K  (LYMAT)
     Size List 6.   Number of entries in switch table.                  No. flops = 36                  36      5000  (LSWTCH)
     Size List 7.   Number of distinct ALPHANUMERIC data names plus program SPY variables.             210      200K  (LSIZE7)
     Size List 8.   History points of distributed lines.                                               112     2000K  (LPAST)
     Size List 9.   Number of nonlinear elements.                                                       18     10000  (LNONL)
     Size List 10.  Points of nonlinear characteristics.                                                48     16000  (LCHAR)
     Size List 11.  Number of Type-59 S.M. outputs.                                                      0      3000  (LSMOUT)
     Size List 12.  Total number of EMTP output variables.                                              42     12000  (LSIZ12)
     Size List 13.  Working space for batch/SPY plotting.                                            -9999     1000K  (LSIZ13)
     Size List 14.  S.M./U.M. connections to TACS.                                                   -9999      2000  (LBSTAC)
     Size List 15.  Character storage in bytes for MODELS.                                            2544     2000K  (LCTACS)
     Size List 16.  Total number of Type-59 S.M. masses.                                                 0      3200  (LIMASS)
     Size List 17.  Number of Type-59 Synchronous machines.                                              0       360  (LSYN)
     Size List 18.  Branch and switch power/energy outputs.                                              9      1016  (MAXPE)
     Size List 19.  Total floating-point TACS table space.                                              23     2000K  (LTACST)
     Size List 20.  Non-copied recursive convolution data plus SEEK of MODELS.                           0     2000K  (LFSEM)
     Size List 21.  Total modal/phase [T] matrix storage.                                               36     12000  (LFD)
     Size List 22.  Total recursive convolution history.                                                 0     1000K  (LHIST)
     Size List 23.  Giant vectors for renumbering, phasors;  also extrema accumulation.                619     2000K  (LSIZ23)
     Size List 24.  Peak phases of compensation for data.                                                3        36  (LCOMP)
     Size List 25.  Total table space for all U.M usage.                                             -9999      240K  (LSPCUM)
     Size List 26.  Square of max number of coupled phases.                                              9     2000K  (LSIZ26)
     Size List 27.  Maximum number of MODELS top variables.                                             12      100K  (LSIZ27)
     Size List 28.  MODELS.  Total work space is divided into INTEGER and REAL.  1st, REAL:          15843     2000K  (LRTACS)
                             Second  and last,  statistics for INTEGER work space.                   21950         0  (LITACS)
     Size List 29.  RAM disk used by "TAPSAV" table saving (limit is "LABCOM" size LTLABL).          -9999  84700944  (LSIZ29)
     Size List 30.  ULM line or Noda line or User line circuits.                                           0        39  (LSIZ30)
Timing figures characterizing central processor (CP) solution speed.  ----------------------------   CP sec  Wait sec  Real sec
     Data input time (through blank card ending branches) ....                                       0.010     0.000     0.010
     Node renumbering and phasor solution  ....                                                      0.020     0.000     0.020
     After phasor solution, but before time-step loop  ....                                          0.010     0.000     0.010
     Integration of equations (time-step loop)  ....                                                 0.470     0.000     0.470
     Plotting or STATISTICS termination overlays ....                                                0.000     0.000     0.000
                                                                                                    ---------------------------
                                                                                          Totals      0.510     0.000     0.510

